t_us,m1_ax_g,m1_ay_g,m1_az_g,m1_gx_dps,m1_gy_dps,m1_gz_dps,m2_ax_g,m2_ay_g,m2_az_g,m2_gx_dps,m2_gy_dps,m2_gz_dps
369431069,-0.26147,-1.04285,0.09570,-14.0840,-2.1069,2.7176,0.62817,-0.80847,0.19104,-4.2748,2.8779,3.3130
369432068,-0.24902,-0.99915,0.12708,-13.0000,-2.7023,1.9160,0.62903,-0.80774,0.19250,-4.2748,2.7863,3.3130
369433068,-0.23462,-0.98242,0.14221,-11.3817,-3.3435,1.2977,0.63049,-0.80859,0.19397,-4.2824,2.7023,3.3053
369434067,-0.23328,-0.96216,0.12720,-9.8015,-4.0840,0.7252,0.63135,-0.80981,0.19336,-4.3130,2.6565,3.3053
369435067,-0.24292,-0.91626,0.09448,-8.8168,-4.7023,0.3893,0.63208,-0.81030,0.19189,-4.3511,2.6031,3.3282
369436067,-0.25293,-0.88135,0.06787,-8.7557,-5.2748,0.8397,0.63293,-0.81006,0.19153,-4.3511,2.5191,3.3664
369437067,-0.26929,-0.90088,0.05115,-9.7328,-5.8702,2.0840,0.63269,-0.81091,0.19153,-4.3664,2.4275,3.3969
369438067,-0.28027,-0.94922,0.04956,-11.4962,-5.9084,3.4275,0.63257,-0.81238,0.19092,-4.3817,2.3511,3.4275
369439067,-0.28821,-0.97925,0.04797,-13.6947,-5.4198,4.4122,0.63379,-0.81360,0.19031,-4.3893,2.3130,3.4733
369440067,-0.29919,-0.98145,0.03711,-16.1374,-4.5115,5.1374,0.63428,-0.81555,0.19067,-4.3893,2.2748,3.5038
369441067,-0.29871,-0.97107,0.03247,-18.3969,-3.3969,5.7710,0.63403,-0.81738,0.19055,-4.3817,2.2290,3.5649
369442067,-0.29077,-0.97449,0.03882,-20.1756,-2.5954,6.3511,0.63452,-0.81848,0.18909,-4.3511,2.1908,3.6336
369443067,-0.28064,-0.99866,0.06470,-21.6183,-2.1145,6.7252,0.63562,-0.81848,0.18787,-4.3206,2.1450,3.6794
369444068,-0.26318,-1.01733,0.10962,-22.7939,-1.7481,6.7099,0.63660,-0.81836,0.18787,-4.3130,2.0840,3.7176
369445068,-0.24890,-1.00305,0.15259,-23.6489,-1.6260,6.4275,0.63696,-0.81860,0.18823,-4.3435,2.0000,3.7634
369446067,-0.24182,-0.96936,0.18250,-24.4580,-1.6870,6.3130,0.63733,-0.81812,0.18787,-4.3511,1.9389,3.7863
369447067,-0.23633,-0.95215,0.20129,-25.3282,-1.9466,6.6336,0.63806,-0.81812,0.18811,-4.3206,1.8855,3.7939
369448067,-0.23645,-0.96228,0.20715,-26.3664,-2.5115,7.2748,0.63794,-0.81848,0.19043,-4.3053,1.8244,3.8092
369449067,-0.23938,-0.97876,0.20654,-27.6947,-3.3664,7.9618,0.63684,-0.81873,0.19312,-4.3130,1.7405,3.8168
369450067,-0.23743,-0.97791,0.21167,-29.0840,-4.3588,8.5038,0.63574,-0.81921,0.19470,-4.3588,1.6412,3.8321
369451067,-0.23657,-0.95166,0.22327,-30.1145,-5.4885,8.9084,0.63550,-0.81995,0.19592,-4.3969,1.5496,3.8321
369452067,-0.23987,-0.90564,0.22559,-30.5573,-6.6718,9.2137,0.63611,-0.82056,0.19666,-4.4275,1.4733,3.8168
369453067,-0.24353,-0.86792,0.18701,-29.7328,-8.0534,9.2901,0.63672,-0.82117,0.19702,-4.4580,1.3817,3.7710
369454067,-0.26208,-0.86426,0.11255,-27.2061,-9.5802,8.9008,0.63696,-0.82214,0.19690,-4.4809,1.2672,3.6947
369455068,-0.28760,-0.90063,0.05481,-24.0763,-10.5802,8.1679,0.63745,-0.82288,0.19678,-4.5115,1.1527,3.5954
369456067,-0.29993,-0.96472,0.02832,-21.9771,-10.6947,7.3664,0.63806,-0.82300,0.19714,-4.5725,1.0687,3.4809
369457067,-0.31262,-1.01550,0.00244,-20.9008,-10.2137,6.3817,0.63757,-0.82312,0.19714,-4.6489,0.9771,3.3893
369458067,-0.32947,-1.01428,-0.03259,-19.6260,-9.1603,5.0534,0.63696,-0.82239,0.19604,-4.7328,0.8931,3.2901
369459067,-0.34033,-0.96191,-0.07178,-18.0992,-7.7634,3.8168,0.63599,-0.82251,0.19543,-4.7786,0.7786,3.2137
369460064,-0.34851,-0.90247,-0.10999,-17.7710,-6.2595,3.4656,0.63525,-0.82336,0.19629,-4.7710,0.6641,3.1298
369461069,-0.35242,-0.88428,-0.12329,-19.3053,-4.6031,4.1985,0.63550,-0.82288,0.19678,-4.7634,0.5649,3.0153
369462068,-0.34412,-0.91724,-0.09827,-21.6031,-3.0000,5.3740,0.63489,-0.82166,0.19714,-4.7481,0.4504,2.8397
369463067,-0.33057,-0.96216,-0.05383,-23.5115,-1.8168,6.2366,0.63367,-0.82141,0.19800,-4.7176,0.3359,2.6641
369464067,-0.31506,-0.96667,-0.01001,-24.7863,-0.9847,6.5725,0.63330,-0.82141,0.19763,-4.6489,0.2519,2.4733
369465065,-0.29358,-0.92371,0.03381,-25.7328,-0.4733,6.7634,0.63281,-0.82092,0.19666,-4.5420,0.1832,2.2824
369466069,-0.27087,-0.86877,0.07861,-26.5649,-0.3893,7.2061,0.63257,-0.82080,0.19580,-4.4198,0.1298,2.0687
369467068,-0.25049,-0.84021,0.11877,-26.8702,-0.8397,7.8168,0.63281,-0.82056,0.19531,-4.3130,0.0916,1.8550
369468067,-0.23877,-0.84961,0.14746,-26.2061,-1.7939,8.2519,0.63318,-0.81982,0.19507,-4.2290,0.0763,1.6565
369469068,-0.23169,-0.90332,0.17383,-24.6031,-3.7252,8.1985,0.63391,-0.81934,0.19592,-4.1298,0.0687,1.4962
369470068,-0.23608,-0.91187,0.18201,-24.8244,-4.3588,8.1756,0.63501,-0.81885,0.19641,-3.9924,0.0534,1.3511
369471067,-0.23657,-0.91895,0.19836,-25.4504,-4.7252,8.4198,0.63586,-0.81812,0.19495,-3.8626,0.0229,1.2137
369472067,-0.23975,-0.93079,0.20728,-26.0916,-5.0763,8.7863,0.63574,-0.81763,0.19446,-3.7481,-0.0229,1.0763
369473068,-0.24573,-0.93311,0.19946,-26.6107,-5.3588,9.0382,0.63452,-0.81799,0.19482,-3.6336,-0.0611,0.9466
369474067,-0.25342,-0.91687,0.18018,-27.0458,-5.7634,9.2214,0.63269,-0.81775,0.19482,-3.5344,-0.0916,0.8397
369475067,-0.26428,-0.90381,0.15430,-27.2824,-6.4733,9.5191,0.63159,-0.81604,0.19519,-3.4504,-0.0916,0.7405
369476068,-0.26843,-0.91724,0.13037,-26.7252,-7.4122,9.7405,0.63184,-0.81458,0.19495,-3.3740,-0.0992,0.6718
369477068,-0.27698,-0.94336,0.10815,-25.1221,-8.6183,9.5038,0.63135,-0.81360,0.19360,-3.2748,-0.1145,0.6031
369478068,-0.28992,-0.95715,0.07727,-23.4427,-9.6336,8.8855,0.62976,-0.81274,0.19312,-3.1832,-0.1298,0.5496
369479067,-0.29944,-0.94995,0.03870,-22.5573,-10.0763,8.2443,0.62793,-0.81201,0.19214,-3.1221,-0.1679,0.4962
369480067,-0.31152,-0.93225,-0.00586,-21.8855,-10.0229,7.6794,0.62598,-0.81116,0.18994,-3.0763,-0.2214,0.4809
369481067,-0.32336,-0.92456,-0.04993,-20.4427,-9.5954,7.1069,0.62463,-0.81079,0.18823,-3.0305,-0.2443,0.4733
369482067,-0.33325,-0.94226,-0.08264,-18.3893,-8.9618,6.4962,0.62439,-0.81140,0.18713,-2.9771,-0.2366,0.4427
369483067,-0.34216,-0.97070,-0.10474,-16.7557,-8.0382,5.8550,0.62402,-0.81250,0.18689,-2.9466,-0.2443,0.4351
369484064,-0.34668,-0.97424,-0.11902,-15.9618,-6.7634,5.1221,0.62256,-0.81274,0.18799,-2.9160,-0.2824,0.4656
369485065,-0.34814,-0.94751,-0.12427,-15.0534,-5.5115,4.3053,0.62134,-0.81238,0.18921,-2.8779,-0.3282,0.5115
369486069,-0.34631,-0.92334,-0.11987,-12.9847,-4.6947,3.4733,0.62122,-0.81287,0.18848,-2.8702,-0.3817,0.5344
369487067,-0.34302,-0.92908,-0.11255,-10.1298,-4.4046,2.6565,0.62061,-0.81372,0.18689,-2.8855,-0.4504,0.5878
369488068,-0.34412,-0.95544,-0.11121,-7.6870,-4.3435,1.8931,0.61914,-0.81335,0.18591,-2.8855,-0.5115,0.6718
369489068,-0.34583,-0.97656,-0.11096,-6.2977,-4.1679,1.1603,0.61841,-0.81287,0.18542,-2.8855,-0.5802,0.7557
369490067,-0.34326,-0.97632,-0.09900,-5.5191,-3.7634,0.4351,0.61865,-0.81287,0.18506,-2.9084,-0.6107,0.8550
369491067,-0.33752,-0.95850,-0.08008,-4.7634,-3.2977,-0.1679,0.61877,-0.81226,0.18481,-2.9389,-0.6260,0.9389
369492068,-0.33191,-0.93884,-0.06128,-4.2595,-2.6794,-0.4198,0.61804,-0.81116,0.18530,-2.9618,-0.6641,1.0229
369493067,-0.32446,-0.93066,-0.04089,-4.5420,-1.8092,-0.2214,0.61719,-0.81030,0.18567,-2.9542,-0.6794,1.0687
369494067,-0.31152,-0.94067,-0.01550,-5.5878,-0.7786,0.3206,0.61670,-0.81042,0.18494,-2.9618,-0.7176,1.1374
369495067,-0.29907,-0.95789,0.01538,-6.8473,0.0153,0.8855,0.61584,-0.81030,0.18457,-3.0229,-0.7939,1.2214
369496068,-0.28381,-0.95618,0.05139,-7.7786,0.5344,1.1679,0.61487,-0.80969,0.18384,-3.0687,-0.8626,1.3206
369497067,-0.26501,-0.92578,0.09058,-8.2519,0.6336,1.2519,0.61487,-0.80933,0.18250,-3.0840,-0.9237,1.4275
369498068,-0.24976,-0.88708,0.12634,-8.3130,0.2214,1.3893,0.61487,-0.80872,0.18152,-3.0992,-0.9924,1.5420
369499067,-0.23865,-0.86658,0.15466,-7.8321,-0.6870,1.6031,0.61414,-0.80737,0.18018,-3.1069,-1.0382,1.6412
369500067,-0.23657,-0.87549,0.16492,-6.9084,-2.0229,1.7634,0.61426,-0.80591,0.17896,-3.1145,-1.0687,1.7481
369501065,-0.24146,-0.90271,0.16235,-6.1450,-3.3588,1.8015,0.61462,-0.80481,0.17798,-3.1298,-1.0916,1.8626
369502065,-0.25159,-0.92407,0.15283,-5.9542,-4.5038,1.7481,0.61511,-0.80432,0.17700,-3.1450,-1.1069,1.9542
369503069,-0.26392,-0.92236,0.12878,-6.1908,-5.3588,1.7328,0.61572,-0.80359,0.17639,-3.1603,-1.1069,2.0305
369504068,-0.27649,-0.90649,0.09570,-6.5954,-5.9847,1.9466,0.61511,-0.80188,0.17676,-3.1985,-1.1145,2.1221
369505067,-0.28955,-0.90149,0.06543,-7.0153,-6.3053,2.4198,0.61401,-0.80042,0.17761,-3.2519,-1.1450,2.2290
369506067,-0.29700,-0.91016,0.04370,-7.5725,-6.1298,2.9542,0.61389,-0.79956,0.17834,-3.3053,-1.1908,2.3435
369507067,-0.30273,-0.92029,0.02490,-8.3511,-5.6565,3.4122,0.61389,-0.79919,0.17908,-3.3435,-1.2290,2.4427
369508067,-0.30981,-0.92493,0.00610,-9.0992,-5.0687,3.7099,0.61353,-0.79871,0.18005,-3.3664,-1.2366,2.5191
369509067,-0.31104,-0.92468,-0.00098,-9.3206,-4.3435,3.7863,0.61389,-0.79822,0.18054,-3.3893,-1.2214,2.5725
369510067,-0.31030,-0.92273,-0.00317,-8.9160,-3.7710,3.6183,0.61389,-0.79797,0.17993,-3.4046,-1.2061,2.6183
369511067,-0.31189,-0.92090,-0.00232,-8.0687,-3.3740,3.2519,0.61304,-0.79761,0.18042,-3.4275,-1.2061,2.6870
369512067,-0.31152,-0.92566,0.00330,-7.0076,-3.1374,2.8092,0.61279,-0.79688,0.18262,-3.4580,-1.1985,2.7786
369513068,-0.31140,-0.93359,0.00330,-6.0382,-3.0000,2.3588,0.61292,-0.79639,0.18420,-3.4656,-1.1603,2.8473
369514067,-0.31519,-0.93384,-0.00183,-5.4046,-2.9084,1.9542,0.61304,-0.79578,0.18445,-3.4733,-1.1145,2.9084
369515065,-0.31641,-0.92493,-0.00049,-5.0687,-2.7023,1.6718,0.61316,-0.79468,0.18420,-3.4427,-1.0611,2.9466
369516069,-0.31250,-0.92200,0.01331,-5.1756,-2.4580,1.7023,0.61267,-0.79395,0.18396,-3.4046,-0.9924,2.9924
369517067,-0.30945,-0.93213,0.02954,-5.8015,-2.2519,2.0382,0.61243,-0.79333,0.18250,-3.2901,-0.8015,3.0840
369518068,-0.30420,-0.93762,0.04077,-6.5496,-1.9160,2.3664,0.61267,-0.79358,0.18225,-3.2443,-0.7099,3.1298
369519067,-0.29773,-0.92822,0.04907,-7.0382,-1.5344,2.5649,0.61316,-0.79346,0.18335,-3.2366,-0.6107,3.1908
369520067,-0.28992,-0.91797,0.06689,-7.2901,-1.1985,2.7557,0.61267,-0.79333,0.18445,-3.2214,-0.5191,3.2672
369521067,-0.27771,-0.92908,0.09253,-7.4809,-1.0076,3.0305,0.61182,-0.79358,0.18469,-3.1985,-0.4122,3.3359
369522067,-0.27075,-0.94836,0.11340,-7.5725,-1.0534,3.1221,0.61121,-0.79456,0.18530,-3.1679,-0.2977,3.3969
369523067,-0.26660,-0.94666,0.13171,-7.2901,-1.1221,2.7710,0.61072,-0.79504,0.18616,-3.1374,-0.1985,3.4122
369524067,-0.26025,-0.92737,0.14465,-6.6031,-1.4427,2.2443,0.61060,-0.79529,0.18616,-3.0992,-0.0763,3.4427
369525067,-0.25854,-0.91235,0.14929,-5.9924,-2.0305,1.9466,0.61133,-0.79529,0.18616,-3.0534,0.0229,3.4733
369526067,-0.26318,-0.91675,0.14893,-5.8244,-2.8092,1.9847,0.61279,-0.79456,0.18591,-3.0076,0.1145,3.5115
369527067,-0.26404,-0.93665,0.14600,-6.0153,-3.4580,2.1527,0.61304,-0.79443,0.18591,-2.9695,0.2214,3.5344
369528067,-0.26648,-0.95056,0.14526,-6.3359,-4.0305,2.2519,0.61230,-0.79468,0.18701,-2.9389,0.3282,3.5496
369529067,-0.27283,-0.94250,0.13269,-6.6183,-4.5267,2.2901,0.61169,-0.79443,0.18750,-2.9084,0.4122,3.5725
369530067,-0.27417,-0.92126,0.10938,-7.0000,-4.7939,2.4504,0.61157,-0.79419,0.18713,-2.8550,0.4580,3.6260
369531067,-0.28284,-0.90161,0.09106,-7.5725,-5.0229,2.8244,0.61194,-0.79468,0.18652,-2.8168,0.5267,3.6794
369532067,-0.28479,-0.89575,0.07788,-7.9618,-5.0153,3.2443,0.61230,-0.79529,0.18640,-2.7939,0.6489,3.7099
369533067,-0.28394,-0.90747,0.06799,-7.9008,-4.9924,3.5038,0.61182,-0.79590,0.18640,-2.7863,0.7786,3.7405
369534065,-0.29224,-0.92444,0.06372,-7.3817,-4.9313,3.4275,0.61108,-0.79651,0.18640,-2.7557,0.9084,3.7786
369535064,-0.29260,-0.93298,0.05713,-6.7405,-4.5954,3.0840,0.61121,-0.79675,0.18738,-2.7099,1.0153,3.8473
369536069,-0.29919,-0.92773,0.03613,-6.4198,-4.3511,2.7405,0.61072,-0.79663,0.18835,-2.6565,1.0763,3.9160
369537064,-0.30518,-0.91785,0.02563,-6.2672,-3.9237,2.5191,0.61060,-0.79700,0.18835,-2.6031,1.1145,3.9771
369538069,-0.30139,-0.91882,0.03564,-5.9008,-3.6031,2.4046,0.61084,-0.79749,0.18738,-2.5191,1.1450,4.0153
369539067,-0.30066,-0.93481,0.04419,-5.5191,-3.5115,2.3511,0.61133,-0.79663,0.18677,-2.4504,1.1756,4.0534
369540067,-0.30066,-0.94812,0.04749,-5.5191,-3.4351,2.3053,0.61255,-0.79602,0.18750,-2.3893,1.1985,4.1145
369541067,-0.29944,-0.94202,0.05066,-5.8321,-3.2519,2.2595,0.61230,-0.79626,0.18799,-2.3511,1.2137,4.2061
369542067,-0.29712,-0.92700,0.05371,-6.3511,-3.1450,2.3740,0.61206,-0.79590,0.18738,-2.3053,1.1908,4.2824
369543068,-0.29309,-0.92957,0.05994,-6.7939,-3.1908,2.7176,0.61279,-0.79565,0.18677,-2.2748,1.1527,4.3053
369544068,-0.28943,-0.95142,0.06921,-6.6794,-3.3893,2.9160,0.61316,-0.79578,0.18677,-2.2824,1.1298,4.3130
369545067,-0.28870,-0.96545,0.06702,-6.2824,-3.6336,2.7634,0.61316,-0.79492,0.18665,-2.3130,1.0916,4.3130
369546067,-0.28894,-0.95850,0.06213,-6.2290,-3.6641,2.4885,0.61304,-0.79346,0.18616,-2.3435,1.0305,4.2901
369547067,-0.28931,-0.94312,0.06384,-6.3435,-3.6107,2.2977,0.61279,-0.79297,0.18506,-2.3588,0.9542,4.2824
369548067,-0.28491,-0.93091,0.06372,-6.3053,-3.5802,2.1832,0.61218,-0.79285,0.18445,-2.3740,0.8931,4.3053
369549068,-0.28271,-0.91516,0.05908,-6.1527,-3.6489,2.0687,0.61169,-0.79260,0.18555,-2.3588,0.8244,4.3053
369550068,-0.28406,-0.89331,0.05078,-6.0153,-3.6870,1.9924,0.61218,-0.79297,0.18701,-2.3511,0.7786,4.3130
369551067,-0.28040,-0.87781,0.05249,-6.0382,-3.5267,2.1069,0.61279,-0.79321,0.18860,-2.3435,0.7405,4.3130
369552068,-0.27954,-0.88391,0.05823,-6.0992,-3.5344,2.4275,0.61206,-0.79370,0.18994,-2.3282,0.6870,4.3435
369553068,-0.28223,-0.90869,0.05603,-5.8779,-3.6412,2.7176,0.61133,-0.79419,0.19080,-2.3130,0.5802,4.3664
369554067,-0.28711,-0.92664,0.05298,-5.6031,-3.7176,2.8550,0.61169,-0.79456,0.19116,-2.3282,0.4656,4.3588
369555068,-0.28735,-0.92065,0.05334,-5.7328,-3.5878,2.9466,0.61145,-0.79504,0.19031,-2.3588,0.3511,4.3359
369556067,-0.28625,-0.89685,0.05371,-6.2672,-3.4504,3.1679,0.61060,-0.79578,0.18982,-2.3740,0.2443,4.2824
369557067,-0.28918,-0.86963,0.04944,-6.8015,-3.4809,3.5115,0.60986,-0.79663,0.18994,-2.3740,0.1374,4.2366
369558067,-0.28979,-0.86426,0.04749,-7.0153,-3.6260,3.9466,0.60938,-0.79675,0.18994,-2.4046,0.0382,4.1679
369559068,-0.29663,-0.90479,0.04297,-6.9542,-3.9695,4.4198,0.60864,-0.79614,0.19080,-2.4427,-0.0916,4.1145
369560067,-0.30481,-0.96643,0.03601,-6.8168,-4.1450,4.5802,0.60742,-0.79541,0.19214,-2.4885,-0.2290,4.0611
369561068,-0.31189,-0.99963,0.03333,-6.7176,-4.1145,4.2824,0.60535,-0.79541,0.19238,-2.5191,-0.3817,4.0076
369562067,-0.31726,-0.99805,0.03406,-6.6870,-3.8168,3.8321,0.60327,-0.79553,0.19202,-2.5725,-0.5191,3.9466
369563068,-0.31921,-0.98877,0.03723,-6.6336,-3.4351,3.5115,0.60291,-0.79565,0.19141,-2.6489,-0.6565,3.9008
369564068,-0.32068,-0.99365,0.03796,-6.2672,-3.1221,3.2595,0.60291,-0.79529,0.19067,-2.7023,-0.7786,3.8702
369565067,-0.31873,-1.01501,0.04285,-5.6641,-2.8550,2.9008,0.60315,-0.79468,0.19092,-2.7405,-0.9008,3.8397
369566067,-0.31567,-1.04248,0.05176,-5.4275,-2.6870,2.4427,0.60254,-0.79443,0.19141,-2.7786,-1.0305,3.8092
369567067,-0.31238,-1.05713,0.06104,-5.9466,-2.4580,1.9389,0.60132,-0.79468,0.19214,-2.8321,-1.1679,3.7786
369568067,-0.30701,-1.03931,0.07092,-6.8321,-2.2672,1.4427,0.60010,-0.79468,0.19214,-2.9008,-1.2824,3.7557
369569067,-0.29773,-0.99487,0.07788,-7.3969,-2.2748,1.0305,0.59937,-0.79419,0.19165,-2.9695,-1.3969,3.7252
369570067,-0.28870,-0.95605,0.08264,-7.2901,-2.5191,0.8015,0.60034,-0.79333,0.19092,-3.0611,-1.5344,3.7328
369571068,-0.28369,-0.94910,0.08740,-6.8626,-2.9313,0.8244,0.60156,-0.79248,0.19043,-3.1527,-1.6641,3.7328
369572068,-0.27979,-0.96277,0.09070,-6.6107,-3.3359,0.9313,0.60242,-0.79272,0.19092,-3.2290,-1.7710,3.7252
369573067,-0.28015,-0.96838,0.09009,-6.6107,-3.6336,0.9618,0.60266,-0.79407,0.19055,-3.2977,-1.8626,3.7023
369574067,-0.28284,-0.95801,0.08899,-6.4962,-3.8244,0.9008,0.60229,-0.79492,0.19043,-3.3664,-1.9695,3.6870
369575067,-0.28577,-0.94971,0.08130,-6.0916,-4.0992,0.9084,0.60168,-0.79541,0.19189,-3.4580,-2.0840,3.6794
369576067,-0.29187,-0.95825,0.06165,-5.7023,-4.3969,1.0229,0.60107,-0.79614,0.19214,-3.5191,-2.1908,3.6870
369577065,-0.29724,-0.98120,0.04834,-5.7710,-4.3969,1.1756,0.60107,-0.79639,0.19141,-3.5267,-2.2595,3.6947
369578065,-0.29858,-1.00488,0.05432,-6.5573,-4.0076,1.2519,0.60107,-0.79639,0.19055,-3.5191,-2.3130,3.6794
369579069,-0.29614,-1.01331,0.06860,-7.8397,-3.4122,1.2214,0.60071,-0.79675,0.18933,-3.5420,-2.3740,3.6947
369580068,-0.29663,-1.00525,0.07288,-8.8702,-3.0382,1.0916,0.60071,-0.79736,0.18884,-3.5344,-2.4198,3.7328
369581068,-0.29639,-0.99194,0.06543,-9.0534,-2.9618,0.8702,0.60071,-0.79773,0.18970,-3.5038,-2.4733,3.7786
369582068,-0.29199,-0.98462,0.05981,-8.4809,-3.0763,0.5344,0.60071,-0.79834,0.19067,-3.4656,-2.5191,3.8244
369583068,-0.28943,-0.98596,0.06030,-7.6794,-3.3664,0.1145,0.60095,-0.79871,0.19067,-3.4122,-2.5496,3.8855
369584067,-0.28455,-0.98157,0.07153,-7.1679,-3.5954,-0.3206,0.60205,-0.79883,0.18982,-3.3435,-2.5802,3.9237
369585067,-0.28015,-0.96240,0.08313,-6.9084,-3.7710,-0.7099,0.60388,-0.79919,0.18970,-3.2672,-2.5649,3.9466
369586067,-0.28210,-0.94910,0.08203,-6.5191,-3.8855,-0.8931,0.60461,-0.79932,0.19031,-3.1908,-2.5344,3.9847
369587067,-0.28870,-0.95581,0.07397,-5.9313,-4.0382,-0.9237,0.60364,-0.79895,0.19153,-3.1069,-2.5038,4.0458
369588067,-0.29285,-0.97229,0.06128,-5.5725,-4.1450,-0.8473,0.60278,-0.79846,0.19202,-2.9847,-2.4504,4.1221
369589067,-0.29553,-0.98535,0.04297,-6.1221,-4.1985,-0.6489,0.60266,-0.79871,0.19214,-2.8397,-2.4046,4.1832
369590067,-0.29810,-0.98010,0.03577,-7.4504,-4.0000,-0.4656,0.60254,-0.79883,0.19275,-2.6870,-2.3664,4.2519
369591065,-0.29199,-0.94275,0.04553,-8.7099,-3.5954,-0.4275,0.60266,-0.79822,0.19275,-2.5267,-2.3359,4.3206
369592069,-0.28821,-0.89502,0.05603,-9.4046,-3.3588,-0.3206,0.60315,-0.79749,0.19263,-2.3817,-2.2595,4.4046
369593068,-0.28345,-0.92053,0.06433,-9.0153,-3.4046,0.2595,0.60352,-0.79590,0.19238,-2.2443,-2.1679,4.4809
369594068,-0.28650,-0.95398,0.05652,-8.2977,-3.6260,0.1298,0.60449,-0.79480,0.19165,-2.0916,-2.0534,4.5573
369595067,-0.29114,-0.95544,0.05151,-7.6489,-3.7023,-0.2824,0.60608,-0.79492,0.19104,-1.9542,-1.9237,4.6336
369596067,-0.29016,-0.92676,0.05420,-7.1145,-3.7710,-0.6489,0.60767,-0.79492,0.19177,-1.8702,-1.7939,4.7176
369597067,-0.29163,-0.89600,0.05627,-6.6565,-3.9008,-0.7099,0.60889,-0.79443,0.19348,-1.7710,-1.6718,4.8015
369598067,-0.29724,-0.90479,0.05725,-6.2137,-4.0458,-0.3817,0.60889,-0.79419,0.19458,-1.6641,-1.5649,4.8779
369599067,-0.29993,-0.95667,0.05664,-6.0153,-3.9924,0.0000,0.60706,-0.79468,0.19458,-1.5725,-1.4656,4.9771
369600067,-0.30078,-0.99744,0.05457,-6.5344,-3.7405,0.0840,0.60486,-0.79602,0.19458,-1.4885,-1.3282,5.0687
369601067,-0.30212,-0.99548,0.04431,-7.6718,-3.4427,-0.0382,0.60376,-0.79773,0.19446,-1.3969,-1.1832,5.1679
369602065,-0.29810,-0.96899,0.04211,-8.7099,-3.1756,-0.1221,0.60376,-0.79895,0.19324,-1.3130,-1.0534,5.2672
369603065,-0.29041,-0.93665,0.05750,-9.1603,-3.1069,-0.1374,0.60437,-0.79968,0.19250,-1.2443,-0.9313,5.3435
369604064,-0.28149,-0.91870,0.07849,-9.0534,-3.1679,-0.0916,0.60486,-0.79956,0.19287,-1.1908,-0.7939,5.3740
369605069,-0.28015,-0.93018,0.08728,-8.6718,-3.3740,-0.0305,0.60498,-0.79858,0.19324,-1.1298,-0.6718,5.4122
369606068,-0.28125,-0.95178,0.08325,-8.2137,-3.4885,-0.1069,0.60400,-0.79797,0.19397,-1.0763,-0.5344,5.4733
369607068,-0.28613,-0.95569,0.07300,-7.8321,-3.6718,-0.3130,0.60254,-0.79846,0.19519,-1.0458,-0.3969,5.5344
369608067,-0.29297,-0.94653,0.06042,-7.4733,-3.9160,-0.5038,0.60205,-0.79993,0.19666,-1.0382,-0.2519,5.5649
369609065,-0.29187,-0.94092,0.06140,-6.9618,-4.0840,-0.6183,0.60266,-0.80127,0.19812,-1.0382,-0.1069,5.6031
369610064,-0.29871,-0.94080,0.06763,-6.5267,-4.3053,-0.6336,0.60474,-0.80188,0.19800,-1.0611,0.0000,5.6489
369611069,-0.30627,-0.95020,0.06689,-6.8244,-4.2519,-0.4504,0.60742,-0.80261,0.19666,-1.0916,0.0763,5.6565
369612068,-0.31104,-0.97351,0.05859,-7.9237,-3.9618,-0.1145,0.61011,-0.80334,0.19556,-1.1221,0.1603,5.6870
369613067,-0.31653,-0.99182,0.05066,-8.8397,-3.5725,-0.0382,0.61157,-0.80383,0.19507,-1.1756,0.2519,5.6794
369614067,-0.31091,-0.98804,0.05078,-8.8397,-3.1908,-0.3664,0.61023,-0.80420,0.19580,-1.2519,0.3282,5.6489
369615067,-0.30432,-0.97437,0.04895,-8.4046,-3.2214,-0.7252,0.60730,-0.80334,0.19788,-1.3740,0.4122,5.5344
369616068,-0.29565,-0.96252,0.05811,-8.3130,-3.1679,-0.9389,0.60730,-0.80273,0.19812,-1.4122,0.4504,5.4733
369617068,-0.28235,-0.94507,0.07947,-8.5038,-3.0076,-1.1145,0.60815,-0.80188,0.19678,-1.4962,0.4809,5.4275
369618067,-0.27673,-0.92297,0.08887,-8.4427,-2.9618,-1.2977,0.60950,-0.80139,0.19580,-1.6183,0.5038,5.4046
369619065,-0.27698,-0.90808,0.08496,-7.7176,-3.1832,-1.4962,0.61060,-0.80237,0.19434,-1.7710,0.5191,5.3740
369620069,-0.27783,-0.90942,0.07886,-6.6260,-3.4656,-1.6031,0.61108,-0.80322,0.19238,-1.8931,0.5420,5.3053
369621068,-0.28113,-0.92822,0.07336,-6.1069,-3.7481,-1.4809,0.61145,-0.80396,0.19202,-1.9771,0.5649,5.2214
369622068,-0.28479,-0.94690,0.07288,-6.5725,-3.8473,-1.2061,0.61230,-0.80444,0.19312,-2.0305,0.5878,5.1603
369623068,-0.28613,-0.94568,0.07751,-7.3969,-3.8550,-0.9618,0.61450,-0.80493,0.19385,-2.0611,0.5878,5.0763
369624067,-0.28894,-0.92847,0.07642,-7.9924,-3.9389,-0.7405,0.61572,-0.80505,0.19385,-2.0916,0.5649,4.9847
369625067,-0.29199,-0.91687,0.06812,-8.2977,-4.0458,-0.4275,0.61499,-0.80481,0.19397,-2.1069,0.5344,4.8931
369626067,-0.29785,-0.92871,0.05713,-8.4885,-4.1527,-0.0382,0.61462,-0.80518,0.19385,-2.0916,0.5191,4.7939
369627065,-0.30029,-0.96033,0.05554,-8.8626,-4.1527,0.2748,0.61475,-0.80579,0.19336,-2.0611,0.5115,4.7023
369628064,-0.29370,-0.98694,0.06799,-9.3053,-3.9542,0.1985,0.61548,-0.80664,0.19348,-2.0382,0.5038,4.6412
369629065,-0.29150,-0.97351,0.07068,-9.3359,-3.7939,-0.3817,0.61560,-0.80750,0.19299,-2.0382,0.4962,4.5649
369630068,-0.29016,-0.92444,0.06201,-8.7939,-3.6031,-1.0763,0.61499,-0.80798,0.19263,-2.0153,0.4275,4.4809
369631068,-0.28943,-0.89246,0.05823,-7.9237,-3.6107,-1.3817,0.61475,-0.80774,0.19312,-1.9847,0.3130,4.4198
369632068,-0.28943,-0.90833,0.05603,-7.1374,-3.6870,-1.2977,0.61560,-0.80786,0.19373,-1.9695,0.2214,4.3588
369633068,-0.28918,-0.94495,0.05774,-6.7634,-3.7176,-1.2290,0.61658,-0.80798,0.19507,-1.9466,0.1603,4.3206
369634067,-0.28943,-0.96082,0.07031,-6.8168,-3.5649,-1.3588,0.61768,-0.80737,0.19763,-1.9313,0.1145,4.2748
369635068,-0.28503,-0.94409,0.07825,-7.1145,-3.4046,-1.4885,0.61829,-0.80627,0.19995,-1.9313,0.0763,4.2061
369636068,-0.28748,-0.90979,0.06750,-7.5038,-3.4962,-1.3588,0.61816,-0.80652,0.20129,-1.8931,0.0534,4.1374
369637068,-0.29126,-0.89282,0.05579,-7.7405,-3.6565,-0.9160,0.61853,-0.80823,0.20276,-1.8092,0.0153,4.0992
369638068,-0.29248,-0.90967,0.05652,-7.9924,-3.8550,-0.3511,0.61902,-0.80945,0.20386,-1.7176,-0.0229,4.0611
369639068,-0.29456,-0.93799,0.06299,-8.5802,-3.9847,0.0458,0.61914,-0.81091,0.20422,-1.6718,-0.0763,4.0076
369640068,-0.29260,-0.95020,0.07141,-9.1527,-3.8550,0.1145,0.61890,-0.81262,0.20532,-1.6336,-0.1450,3.9695
369641068,-0.29236,-0.94360,0.07178,-9.1450,-3.8168,-0.0611,0.61877,-0.81299,0.20544,-1.5802,-0.2061,3.9389
369642067,-0.29541,-0.92957,0.06006,-8.6336,-3.8931,-0.3053,0.61938,-0.81287,0.20471,-1.5115,-0.2290,3.9160
369643067,-0.29492,-0.92017,0.05505,-8.1679,-3.8550,-0.4504,0.62012,-0.81311,0.20544,-1.4198,-0.2519,3.8855
369644065,-0.29395,-0.92261,0.06140,-8.1450,-3.7023,-0.4580,0.62061,-0.81335,0.20691,-1.2977,-0.2748,3.8779
369645064,-0.29211,-0.93274,0.06653,-8.2519,-3.5496,-0.4885,0.61975,-0.81348,0.20764,-1.1527,-0.3435,3.8779
369646068,-0.28955,-0.94556,0.06482,-7.7786,-3.5267,-0.7252,0.61902,-0.81335,0.20679,-1.0229,-0.4198,3.8779
369647068,-0.28992,-0.95215,0.06543,-6.8702,-3.6565,-1.0840,0.61963,-0.81213,0.20618,-0.9389,-0.5115,3.8626
369648068,-0.29041,-0.95154,0.06836,-6.6031,-3.7023,-1.2519,0.62012,-0.81079,0.20691,-0.8702,-0.6031,3.8397
369649067,-0.29175,-0.94971,0.06519,-7.2748,-3.6718,-1.1527,0.61951,-0.81055,0.20667,-0.8092,-0.6870,3.8168
369650067,-0.29370,-0.94263,0.06494,-8.0000,-3.6183,-1.0305,0.61865,-0.81128,0.20569,-0.7634,-0.7710,3.8168
369651065,-0.29236,-0.93188,0.06958,-8.0458,-3.7252,-1.0305,0.61951,-0.81299,0.20654,-0.7328,-0.8779,3.8092
369652069,-0.29236,-0.92480,0.06519,-7.7939,-3.9771,-1.0229,0.62085,-0.81433,0.20813,-0.7176,-1.0229,3.7710
369653068,-0.29626,-0.92664,0.05322,-7.9084,-4.2290,-0.8321,0.62122,-0.81433,0.20862,-0.7252,-1.1756,3.7328
369654067,-0.29651,-0.93213,0.05090,-8.3817,-4.2290,-0.5802,0.62158,-0.81360,0.20898,-0.7176,-1.2977,3.7023
369655067,-0.29187,-0.93176,0.05884,-8.7710,-4.1450,-0.4427,0.62170,-0.81250,0.20935,-0.7023,-1.3817,3.6794
369656067,-0.28955,-0.91968,0.05994,-8.7252,-4.1374,-0.4962,0.62073,-0.81128,0.20947,-0.7099,-1.4809,3.6412
369657067,-0.29272,-0.89990,0.05237,-8.1756,-4.1603,-0.6031,0.61926,-0.81116,0.21008,-0.7252,-1.6031,3.6031
369658065,-0.29651,-0.90039,0.04114,-7.4885,-4.1603,-0.5878,0.61768,-0.81201,0.20996,-0.7328,-1.7252,3.5573
369659069,-0.29810,-0.93115,0.03723,-7.0916,-4.0687,-0.5038,0.61658,-0.81238,0.20947,-0.7481,-1.8244,3.5267
369660068,-0.30090,-0.96436,0.04065,-7.0458,-3.9160,-0.6107,0.61572,-0.81201,0.20850,-0.7786,-1.9237,3.4962
369661067,-0.29968,-0.96814,0.04468,-7.1527,-3.6183,-0.9695,0.61536,-0.81116,0.20740,-0.8168,-2.0229,3.4351
369662067,-0.29846,-0.94507,0.04675,-7.2901,-3.4046,-1.2901,0.61597,-0.81116,0.20740,-0.8473,-2.1221,3.3511
369663065,-0.30005,-0.92371,0.04419,-7.4198,-3.3053,-1.3282,0.61597,-0.81152,0.20801,-0.8550,-2.1832,3.3053
369664064,-0.29651,-0.92017,0.04407,-7.7099,-3.2137,-1.0916,0.61621,-0.81067,0.20825,-0.8550,-2.2672,3.2901
369665069,-0.29431,-0.92969,0.04736,-8.2595,-3.2595,-0.7786,0.61719,-0.80945,0.20752,-0.8702,-2.3511,3.2366
369666067,-0.29175,-0.93115,0.05383,-8.7252,-3.2595,-0.6336,0.61755,-0.80920,0.20764,-0.8931,-2.4351,3.1756
369667067,-0.28650,-0.91516,0.06042,-8.7863,-3.3359,-0.6718,0.61707,-0.80994,0.20898,-0.8779,-2.5115,3.0916
369668067,-0.28369,-0.89587,0.06421,-8.5802,-3.5649,-0.6412,0.61646,-0.81030,0.20923,-0.8321,-2.5878,3.0305
369669067,-0.28113,-0.89368,0.06836,-8.3206,-3.7634,-0.4351,0.61536,-0.80957,0.20776,-0.8168,-2.6947,2.9924
369670067,-0.28162,-0.91211,0.06946,-8.0305,-3.9084,-0.2290,0.61487,-0.80835,0.20557,-0.8092,-2.8092,2.9389
369671067,-0.28345,-0.93347,0.06641,-7.6718,-3.8931,-0.2290,0.61548,-0.80774,0.20471,-0.8092,-2.9160,2.8702
369672067,-0.28650,-0.94080,0.06091,-7.2137,-3.8092,-0.4885,0.61670,-0.80750,0.20557,-0.7786,-3.0000,2.8092
369673068,-0.29102,-0.93542,0.05469,-6.8244,-3.7252,-0.7863,0.61707,-0.80750,0.20544,-0.7710,-3.0840,2.7863
369674067,-0.29468,-0.93262,0.04675,-6.9008,-3.7252,-0.7863,0.61597,-0.80786,0.20361,-0.7710,-3.1756,2.7710
369675067,-0.29700,-0.94189,0.04504,-7.5191,-3.6489,-0.5344,0.61487,-0.80847,0.20190,-0.7863,-3.2595,2.7328
369676064,-0.29382,-0.95789,0.05737,-8.0534,-3.4885,-0.3817,0.61414,-0.80908,0.20154,-0.8168,-3.3511,2.6489
369677063,-0.28857,-0.96863,0.07068,-8.1832,-3.4122,-0.4504,0.61328,-0.80920,0.20129,-0.8473,-3.4580,2.5802
369678066,-0.28601,-0.96143,0.07410,-8.3053,-3.3435,-0.6183,0.61182,-0.80933,0.20020,-0.8779,-3.5344,2.5267
369679069,-0.28210,-0.93713,0.06775,-8.5496,-3.2824,-0.7405,0.61084,-0.80994,0.19897,-0.9160,-3.6107,2.4885
369680068,-0.27917,-0.91211,0.05469,-8.5496,-3.4275,-0.7939,0.61047,-0.81018,0.19824,-0.9771,-3.7099,2.4198
369681068,-0.27673,-0.90088,0.04968,-7.9542,-3.7176,-0.8626,0.60962,-0.80994,0.19727,-1.0458,-3.8244,2.3282
369682068,-0.27502,-0.90576,0.05664,-7.0153,-4.1298,-0.9695,0.60913,-0.81030,0.19580,-1.0992,-3.9237,2.2443
369683067,-0.27856,-0.91431,0.06677,-6.5344,-4.3664,-1.0153,0.61035,-0.81104,0.19385,-1.1527,-4.0229,2.1985
369684067,-0.28381,-0.91626,0.07117,-6.7634,-4.2366,-0.9695,0.61279,-0.81152,0.19250,-1.1908,-4.1374,2.1603
369685068,-0.29016,-0.91211,0.06226,-7.1221,-3.9313,-0.8397,0.61450,-0.81189,0.19226,-1.2366,-4.2672,2.1069
369686068,-0.29724,-0.91089,0.04749,-7.2443,-3.6718,-0.6565,0.61475,-0.81177,0.19189,-1.2824,-4.3817,2.0534
369687067,-0.30042,-0.91235,0.03638,-7.3588,-3.4580,-0.4580,0.61462,-0.81201,0.19226,-1.3053,-4.4656,2.0000
369688068,-0.29932,-0.91223,0.03516,-7.7557,-3.2519,-0.2366,0.61536,-0.81274,0.19275,-1.2748,-4.5267,1.9771
369689068,-0.29834,-0.91040,0.04602,-8.3130,-3.1298,-0.0229,0.61670,-0.81299,0.19263,-1.2290,-4.5802,1.9160
369690067,-0.29285,-0.91077,0.06628,-8.5649,-3.0382,0.1145,0.61768,-0.81299,0.19287,-1.2137,-4.6260,1.8550
369691067,-0.28711,-0.92285,0.08130,-8.4275,-3.1450,0.2214,0.61841,-0.81360,0.19263,-1.1908,-4.6641,1.7786
369692067,-0.28491,-0.93762,0.08301,-8.2061,-3.2672,0.2290,0.61987,-0.81433,0.19312,-1.1527,-4.6870,1.7252
369693067,-0.28040,-0.93872,0.07642,-7.9695,-3.3282,0.0229,0.62097,-0.81396,0.19385,-1.1298,-4.7328,1.6489
369694067,-0.28064,-0.92310,0.06641,-7.6031,-3.5038,-0.3053,0.62158,-0.81348,0.19336,-1.1069,-4.7557,1.5496
369695067,-0.28235,-0.90796,0.06299,-7.1679,-3.7557,-0.5038,0.62280,-0.81311,0.19263,-1.0687,-4.7252,1.4580
369696068,-0.28076,-0.91003,0.06653,-6.9237,-4.0076,-0.4580,0.62549,-0.81213,0.19165,-1.0000,-4.6794,1.3969
369697067,-0.28174,-0.92334,0.06982,-7.0305,-4.1145,-0.2977,0.62769,-0.81128,0.19128,-0.9237,-4.6489,1.3511
369698067,-0.28479,-0.93396,0.06921,-7.2901,-4.0687,-0.1756,0.62891,-0.81079,0.19177,-0.8321,-4.6336,1.2748
369699065,-0.28809,-0.93188,0.06335,-7.3740,-3.9695,-0.1679,0.62939,-0.81042,0.19202,-0.7405,-4.6183,1.2137
369700065,-0.29407,-0.92004,0.05420,-7.3359,-3.9084,-0.1527,0.62976,-0.81165,0.19177,-0.6412,-4.5496,1.1603
369701065,-0.29932,-0.91748,0.04590,-7.4046,-3.8702,0.0153,0.63049,-0.81238,0.19092,-0.5649,-4.4351,1.1145
369702065,-0.29785,-0.93091,0.04321,-7.5420,-3.8321,0.2214,0.63110,-0.81165,0.19092,-0.5115,-4.3053,1.0687
369703068,-0.29810,-0.94409,0.04846,-7.6107,-3.8550,0.2901,0.63147,-0.81128,0.19043,-0.4656,-4.1908,1.0076
369704068,-0.29651,-0.95142,0.05957,-7.5496,-3.7863,0.2519,0.63147,-0.81030,0.18872,-0.4046,-4.0916,0.9389
369705067,-0.29114,-0.96106,0.07117,-7.4427,-3.6183,0.2137,0.63159,-0.80884,0.18787,-0.3511,-3.9924,0.8702
369706068,-0.28931,-0.96655,0.07263,-7.4656,-3.4809,0.0840,0.63123,-0.80750,0.18799,-0.2977,-3.9008,0.8397
369707067,-0.28870,-0.95129,0.06445,-7.7023,-3.3282,-0.1069,0.63074,-0.80615,0.18774,-0.2595,-3.8015,0.8321
369708067,-0.28906,-0.92773,0.05774,-8.0153,-3.2748,-0.1374,0.63110,-0.80518,0.18738,-0.2595,-3.6489,0.8397
369709068,-0.28723,-0.93274,0.06384,-8.1450,-3.2824,0.0992,0.63086,-0.80493,0.18713,-0.3053,-3.5038,0.8244
369710068,-0.28442,-0.97058,0.08276,-7.9008,-3.4809,0.2748,0.63013,-0.80518,0.18665,-0.3435,-3.3893,0.7939
369711068,-0.28174,-0.99976,0.09143,-7.4504,-3.7099,0.0687,0.63062,-0.80591,0.18665,-0.3511,-3.2824,0.7557
369712067,-0.28137,-0.98853,0.08752,-7.2290,-3.7939,-0.3664,0.63037,-0.80652,0.18652,-0.3817,-3.1832,0.7176
369713068,-0.28088,-0.95764,0.08301,-7.3206,-3.7939,-0.6107,0.62927,-0.80627,0.18604,-0.4198,-3.0687,0.6870
369714068,-0.27490,-0.93811,0.08179,-7.4275,-3.9084,-0.6183,0.62793,-0.80542,0.18579,-0.4656,-2.9389,0.6489
369715068,-0.27600,-0.93640,0.07654,-7.3282,-4.2901,-0.5878,0.62524,-0.80566,0.18640,-0.6107,-2.7328,0.5878
369716067,-0.28491,-0.94861,0.06555,-7.0840,-4.6794,-0.6260,0.62537,-0.80518,0.18591,-0.7099,-2.6489,0.5725
369717067,-0.29041,-0.96692,0.05750,-7.1145,-4.8244,-0.6565,0.62549,-0.80420,0.18494,-0.7863,-2.5649,0.5267
369718067,-0.29370,-0.97217,0.05371,-7.5573,-4.7252,-0.6870,0.62646,-0.80383,0.18481,-0.8397,-2.4885,0.4733
369719067,-0.29858,-0.95203,0.04614,-7.9542,-4.5954,-0.7023,0.62732,-0.80481,0.18640,-0.9008,-2.4046,0.4198
369720067,-0.30115,-0.93213,0.03540,-8.0076,-4.4504,-0.5878,0.62683,-0.80542,0.18762,-0.9542,-2.3053,0.3817
369721068,-0.30322,-0.95837,0.04065,-7.8092,-4.0382,-0.1679,0.62610,-0.80505,0.18774,-0.9924,-2.1985,0.3359
369722067,-0.29871,-0.97656,0.04382,-7.9389,-3.7176,-0.2214,0.62585,-0.80457,0.18811,-1.0153,-2.0916,0.2824
369723067,-0.29675,-0.97534,0.04431,-8.0840,-3.4656,-0.5038,0.62500,-0.80469,0.18835,-1.0458,-1.9924,0.2443
369724067,-0.29407,-0.96130,0.04028,-7.8931,-3.3130,-0.9008,0.62378,-0.80457,0.18860,-1.0611,-1.8931,0.2137
369725067,-0.28857,-0.94470,0.04260,-7.5038,-3.2977,-1.2366,0.62305,-0.80444,0.18896,-1.0687,-1.8244,0.1908
369726067,-0.28687,-0.93420,0.04993,-7.3511,-3.4656,-1.3740,0.62292,-0.80432,0.18896,-1.0229,-1.7710,0.1679
369727065,-0.28503,-0.93445,0.06067,-7.4427,-3.5496,-1.3511,0.62292,-0.80457,0.19043,-0.9771,-1.6947,0.1756
369728065,-0.28394,-0.94067,0.06909,-7.6336,-3.6641,-1.2901,0.62292,-0.80469,0.19165,-0.9237,-1.5954,0.1679
369729065,-0.28528,-0.93567,0.06909,-7.7863,-3.8092,-1.2443,0.62305,-0.80469,0.19202,-0.8626,-1.4809,0.1527
369730064,-0.28882,-0.91724,0.05774,-7.6947,-4.0229,-1.1679,0.62268,-0.80493,0.19263,-0.7863,-1.3893,0.1679
369731063,-0.29077,-0.90649,0.04797,-7.3817,-4.1679,-0.9618,0.62195,-0.80481,0.19226,-0.7252,-1.3053,0.1756
369732066,-0.28979,-0.91516,0.05273,-7.2443,-4.1908,-0.6336,0.62158,-0.80444,0.19226,-0.6718,-1.2061,0.1374
369733064,-0.28918,-0.93530,0.05786,-7.4656,-4.0916,-0.3206,0.62158,-0.80359,0.19324,-0.6260,-1.1145,0.1145
369734068,-0.29089,-0.94690,0.06030,-7.8473,-3.8550,-0.2061,0.62109,-0.80237,0.19458,-0.5878,-1.0534,0.1527
369735068,-0.29297,-0.94800,0.06213,-8.0229,-3.5573,-0.2824,0.62012,-0.80188,0.19592,-0.5573,-1.0229,0.2061
369736068,-0.29260,-0.94775,0.05969,-7.9847,-3.3588,-0.4275,0.62000,-0.80273,0.19714,-0.5191,-0.9924,0.2443
369737067,-0.29358,-0.94702,0.05371,-8.0534,-3.3435,-0.5496,0.62061,-0.80371,0.19824,-0.4885,-0.9160,0.2672
369738067,-0.29700,-0.94702,0.04980,-8.2061,-3.4580,-0.6260,0.62012,-0.80383,0.19922,-0.4504,-0.8015,0.2977
369739065,-0.29443,-0.95032,0.06140,-8.2519,-3.4427,-0.7252,0.61914,-0.80310,0.20020,-0.4046,-0.6794,0.3359
369740065,-0.28760,-0.95300,0.08386,-8.1908,-3.4962,-0.8397,0.61841,-0.80200,0.20117,-0.3588,-0.5649,0.3740
369741069,-0.28540,-0.95020,0.08936,-8.0687,-3.7405,-0.9160,0.61755,-0.80151,0.20239,-0.2977,-0.4962,0.4046
369742068,-0.28882,-0.94397,0.07617,-7.9695,-3.9618,-0.9084,0.61719,-0.80200,0.20337,-0.1908,-0.4198,0.4275
369743067,-0.29248,-0.93604,0.06702,-7.9084,-3.9695,-0.8550,0.61731,-0.80225,0.20410,-0.0763,-0.3053,0.4351
369744067,-0.29321,-0.92542,0.06226,-7.8168,-4.0153,-0.8397,0.61792,-0.80151,0.20496,0.0382,-0.1527,0.4504
369745067,-0.29614,-0.92310,0.05823,-7.6183,-4.1985,-0.7939,0.61865,-0.80066,0.20337,0.1298,0.0153,0.4962
369746068,-0.30005,-0.93909,0.05640,-7.4427,-4.4275,-0.6565,0.61865,-0.80066,0.20227,0.2137,0.1450,0.5420
369747067,-0.30017,-0.96130,0.05713,-7.5115,-4.3740,-0.5725,0.61829,-0.80054,0.20349,0.3053,0.2595,0.5802
369748067,-0.29907,-0.96826,0.06018,-7.8168,-4.0763,-0.7023,0.61694,-0.79980,0.20422,0.3969,0.3740,0.6183
369749067,-0.30054,-0.95654,0.05701,-8.0153,-3.7710,-0.9160,0.61560,-0.79907,0.20422,0.4885,0.4809,0.6641
369750067,-0.30066,-0.94116,0.04907,-8.0000,-3.5649,-1.0534,0.61414,-0.79883,0.20483,0.5496,0.6031,0.6794
369751067,-0.29858,-0.93408,0.04675,-7.9466,-3.4580,-1.0611,0.61279,-0.79883,0.20544,0.6107,0.7252,0.6794
369752067,-0.29578,-0.93884,0.05383,-7.9695,-3.4427,-1.0229,0.61255,-0.79761,0.20496,0.6794,0.8397,0.6870
369753067,-0.28906,-0.94592,0.06714,-8.0382,-3.4351,-1.0382,0.61243,-0.79663,0.20447,0.7252,0.9237,0.6947
369754065,-0.28296,-0.94458,0.07910,-8.0305,-3.5344,-1.1221,0.61169,-0.79639,0.20471,0.7557,0.9771,0.6794
369755065,-0.28149,-0.93640,0.08105,-7.8550,-3.7023,-1.2214,0.61108,-0.79663,0.20630,0.7786,1.0153,0.6870
369756065,-0.28394,-0.92188,0.07092,-7.6489,-3.8397,-1.2977,0.61121,-0.79663,0.20850,0.7710,1.0611,0.7176
369757065,-0.28711,-0.90771,0.06128,-7.5649,-3.8855,-1.2519,0.61133,-0.79651,0.21008,0.7481,1.1145,0.7481
369758069,-0.29077,-0.90808,0.05652,-7.5649,-4.0382,-1.0382,0.61060,-0.79651,0.21045,0.7176,1.1603,0.7710
369759067,-0.29407,-0.92346,0.05322,-7.5496,-4.2748,-0.8244,0.60974,-0.79639,0.20984,0.7099,1.1756,0.7481
369760067,-0.29517,-0.93665,0.05176,-7.5038,-4.3893,-0.7863,0.60889,-0.79590,0.20984,0.7405,1.1756,0.7099
369761067,-0.29626,-0.93372,0.04883,-7.4656,-4.3053,-0.8855,0.60718,-0.79565,0.20984,0.7634,1.1603,0.6947
369762067,-0.29712,-0.92297,0.04565,-7.5878,-4.1298,-0.9084,0.60535,-0.79541,0.20886,0.7405,1.1069,0.7023
369763065,-0.29675,-0.91882,0.04321,-7.9466,-3.9313,-0.7481,0.60425,-0.79504,0.20703,0.7405,1.0382,0.6794
369764065,-0.29541,-0.92542,0.04346,-8.3359,-3.7023,-0.5344,0.60388,-0.79431,0.20544,0.7710,0.9618,0.6412
369765069,-0.29431,-0.93665,0.04773,-8.4427,-3.5191,-0.4580,0.60327,-0.79297,0.20581,0.8244,0.8702,0.5802
369766067,-0.29053,-0.94128,0.05457,-8.2519,-3.4198,-0.5725,0.60266,-0.79272,0.20715,0.8550,0.7634,0.5191
369767068,-0.28870,-0.93152,0.05811,-8.0534,-3.4504,-0.7481,0.60193,-0.79346,0.20691,0.8855,0.6641,0.4809
369768067,-0.28882,-0.91943,0.05957,-8.0000,-3.4885,-0.7710,0.60083,-0.79431,0.20630,0.9160,0.5496,0.4122
369769067,-0.28540,-0.92529,0.06592,-7.9924,-3.5115,-0.6412,0.59998,-0.79504,0.20679,0.9618,0.4198,0.3359
369770067,-0.28125,-0.94055,0.08264,-7.8779,-3.4809,-0.6107,0.60022,-0.79590,0.20740,1.0611,0.2672,0.2519
369771068,-0.27966,-0.94556,0.09692,-7.6718,-3.4122,-0.7557,0.60095,-0.79614,0.20703,1.1603,0.1221,0.1908
369772068,-0.28015,-0.93726,0.09558,-7.7176,-3.4122,-0.8626,0.60095,-0.79541,0.20679,1.2290,0.0000,0.1145
369773067,-0.28113,-0.92554,0.08545,-7.9313,-3.5802,-0.7939,0.60059,-0.79468,0.20752,1.3206,-0.1221,0.0458
369774067,-0.28186,-0.92444,0.07788,-7.9313,-3.9160,-0.6412,0.60071,-0.79431,0.20764,1.4198,-0.2595,-0.0229
369775065,-0.28027,-0.94336,0.08289,-7.8168,-4.2901,-0.4580,0.60156,-0.79358,0.20728,1.5267,-0.4198,-0.0763
369776065,-0.28015,-0.97095,0.08936,-7.9389,-4.7099,-0.3359,0.60315,-0.79248,0.20679,1.6183,-0.5878,-0.1756
369777069,-0.28088,-0.97546,0.08923,-8.2977,-4.8779,-0.4275,0.60413,-0.79199,0.20593,1.6947,-0.7328,-0.2824
369778068,-0.28113,-0.95081,0.08179,-8.5954,-4.8321,-0.6183,0.60559,-0.79199,0.20581,1.7710,-0.8626,-0.3817
369779068,-0.28638,-0.92810,0.06592,-8.6260,-4.7557,-0.6718,0.60754,-0.79211,0.20654,1.8626,-0.9542,-0.4656
369780067,-0.29199,-0.93018,0.05078,-8.4198,-4.6870,-0.5878,0.60913,-0.79236,0.20764,1.9542,-1.0076,-0.5191
369781067,-0.29285,-0.94885,0.04688,-8.2061,-4.5496,-0.5267,0.61011,-0.79285,0.20837,2.0382,-1.0611,-0.5802
369782067,-0.29333,-0.96179,0.05127,-8.1221,-4.3893,-0.6412,0.61084,-0.79358,0.20801,2.1145,-1.1221,-0.6260
369783065,-0.29150,-0.95044,0.05688,-8.0305,-4.1221,-0.9924,0.61145,-0.79443,0.20691,2.1908,-1.2137,-0.6718
369784065,-0.28772,-0.92017,0.06079,-7.5878,-3.9237,-1.3435,0.61218,-0.79553,0.20593,2.2443,-1.2977,-0.7099
369785064,-0.28967,-0.90613,0.05688,-7.0305,-3.9847,-1.3817,0.61267,-0.79712,0.20605,2.2977,-1.3664,-0.7252
369786068,-0.28882,-0.92322,0.05713,-6.8626,-4.0076,-1.1832,0.61292,-0.79834,0.20703,2.3664,-1.4275,-0.7405
369787068,-0.28589,-0.94995,0.06348,-7.0916,-4.0534,-1.0076,0.61377,-0.79895,0.20728,2.4656,-1.4656,-0.7634
369788068,-0.28638,-0.96228,0.06836,-7.4504,-4.1221,-1.0076,0.61511,-0.79993,0.20667,2.5725,-1.4885,-0.7863
369789067,-0.28442,-0.94727,0.06995,-7.7481,-4.1832,-1.1603,0.61548,-0.80139,0.20593,2.6718,-1.4809,-0.7863
369790067,-0.28479,-0.91797,0.06323,-7.9084,-4.3053,-1.1603,0.61475,-0.80188,0.20544,2.7634,-1.4427,-0.7710
369791067,-0.28992,-0.90466,0.05725,-8.2061,-4.4427,-0.8092,0.61414,-0.80176,0.20520,2.8550,-1.4198,-0.7252
369792068,-0.28845,-0.91956,0.05884,-8.5878,-4.4046,-0.3588,0.61523,-0.80188,0.20496,2.9389,-1.4046,-0.6794
369793067,-0.28711,-0.94226,0.06201,-8.7099,-4.3282,-0.1832,0.61646,-0.80286,0.20605,3.0534,-1.3740,-0.6336
369794064,-0.29236,-0.94360,0.06677,-8.5649,-4.2061,-0.3969,0.61609,-0.80457,0.20752,3.1832,-1.3664,-0.6031
369795064,-0.29346,-0.92786,0.06177,-8.2672,-4.1527,-0.7252,0.61548,-0.80627,0.20691,3.2824,-1.3740,-0.5496
369796065,-0.29724,-0.91675,0.04480,-7.8626,-4.2366,-0.9008,0.61597,-0.80676,0.20312,3.3664,-1.4198,-0.4504
369797068,-0.29785,-0.91492,0.04517,-7.3817,-4.2366,-0.9924,0.61633,-0.80823,0.19836,3.4427,-1.4427,-0.3130
369798068,-0.28918,-0.92102,0.06384,-6.9695,-4.1145,-1.0534,0.61511,-0.80981,0.19604,3.5038,-1.3893,-0.2137
369799067,-0.28918,-0.93787,0.07300,-6.9466,-4.0992,-1.0534,0.61292,-0.80945,0.19617,3.5649,-1.3053,-0.1221
369800067,-0.29163,-0.94885,0.06970,-7.1603,-4.0153,-1.0840,0.61121,-0.80847,0.19751,3.6412,-1.2748,-0.0153
369801065,-0.28857,-0.93762,0.06042,-7.3664,-3.9008,-1.1603,0.61072,-0.80786,0.19934,3.7481,-1.2977,0.1069
369802065,-0.29077,-0.91589,0.05115,-7.7863,-3.9313,-1.0458,0.61084,-0.80798,0.19995,3.8855,-1.3435,0.2595
369803064,-0.29028,-0.90710,0.05371,-8.3817,-4.0153,-0.6718,0.61047,-0.80823,0.19849,4.0458,-1.3359,0.4122
369804069,-0.28687,-0.91980,0.06091,-8.7557,-4.2137,-0.2672,0.60974,-0.80811,0.19775,4.2366,-1.2977,0.5649
369805067,-0.28760,-0.93152,0.06799,-8.8244,-4.3511,-0.1221,0.60986,-0.80701,0.19788,4.4275,-1.2214,0.6870
369806067,-0.28784,-0.92651,0.06885,-8.7023,-4.3664,-0.2214,0.61035,-0.80530,0.19849,4.5878,-1.1298,0.8015
369807067,-0.28979,-0.91187,0.06091,-8.4198,-4.2748,-0.3893,0.60986,-0.80322,0.19922,4.7405,-1.0458,0.9008
369808064,-0.29419,-0.90710,0.05688,-8.0000,-4.1908,-0.4504,0.61060,-0.80139,0.19885,4.8855,-0.9695,1.0153
369809069,-0.29443,-0.92847,0.05798,-7.5420,-4.1603,-0.4122,0.61084,-0.80017,0.19873,5.0229,-0.8779,1.1374
369810068,-0.29358,-0.95898,0.05994,-7.2748,-4.1221,-0.5115,0.60913,-0.79895,0.20093,5.1450,-0.7786,1.2748
369811068,-0.29297,-0.96741,0.06616,-7.2519,-3.9924,-0.8168,0.60718,-0.79736,0.20276,5.2595,-0.6718,1.3740
369812067,-0.29089,-0.95227,0.07043,-7.3053,-3.9237,-1.0763,0.60571,-0.79602,0.20325,5.3588,-0.5649,1.4809
369813067,-0.29236,-0.93396,0.06372,-7.5038,-4.0763,-1.0458,0.60522,-0.79456,0.20398,5.4427,-0.4733,1.6031
369814067,-0.29358,-0.93103,0.05676,-7.8244,-4.2672,-0.7786,0.60547,-0.79236,0.20361,5.5420,-0.3817,1.6870
369815067,-0.29077,-0.94714,0.06238,-8.1374,-4.3740,-0.5115,0.60510,-0.78992,0.20337,5.6489,-0.2672,1.7557
369816067,-0.28528,-0.96069,0.07263,-8.3511,-4.4427,-0.5038,0.60461,-0.78674,0.20361,5.7710,-0.1527,1.8092
369817065,-0.28455,-0.95129,0.06885,-8.3359,-4.5802,-0.7405,0.60303,-0.78320,0.20471,5.9389,0.0840,1.9466
369818064,-0.28870,-0.93152,0.05652,-8.0840,-4.6336,-0.9542,0.60291,-0.78149,0.20569,5.9466,0.2290,2.0000
369819069,-0.28870,-0.91736,0.05188,-7.8015,-4.5649,-1.0382,0.60254,-0.77905,0.20691,5.9237,0.3740,2.0382
369820067,-0.28967,-0.91296,0.04932,-7.5573,-4.5573,-1.0382,0.60095,-0.77625,0.20764,5.8931,0.4885,2.0763
369821067,-0.29431,-0.91760,0.04199,-7.1908,-4.6412,-1.0840,0.59851,-0.77344,0.20776,5.8702,0.5802,2.0992
369822067,-0.29590,-0.93030,0.04260,-6.7557,-4.5878,-1.1450,0.59668,-0.77075,0.20837,5.8550,0.6565,2.1069
369823068,-0.29822,-0.94568,0.04236,-6.6870,-4.5038,-1.1145,0.59619,-0.76843,0.20972,5.8092,0.7176,2.1298
369824067,-0.30042,-0.94128,0.04028,-7.1756,-4.1603,-1.0687,0.59583,-0.76672,0.21057,5.7786,0.7481,2.1603
369825067,-0.30042,-0.92029,0.04626,-7.9008,-3.7939,-0.9084,0.59375,-0.76575,0.21008,5.7634,0.7710,2.2137
369826067,-0.29810,-0.91699,0.05713,-8.3588,-3.5649,-0.5496,0.59143,-0.76648,0.20850,5.7328,0.7786,2.2824
369827065,-0.29187,-0.93774,0.06396,-8.3740,-3.5725,-0.2672,0.59009,-0.76807,0.20728,5.6794,0.7557,2.3435
369828065,-0.29077,-0.95483,0.06079,-8.1374,-3.7252,-0.2977,0.58801,-0.76855,0.20630,5.6641,0.7252,2.3359
369829069,-0.29138,-0.95251,0.06628,-8.0992,-3.7786,-0.4962,0.58582,-0.76807,0.20593,5.6565,0.6718,2.3053
369830068,-0.28345,-0.94116,0.07996,-8.3435,-3.7939,-0.6183,0.58447,-0.76685,0.20691,5.6489,0.5954,2.2672
369831067,-0.27930,-0.93237,0.08655,-8.3282,-4.0305,-0.6870,0.58350,-0.76575,0.20764,5.6107,0.5115,2.2824
369832067,-0.28186,-0.93213,0.08801,-7.7405,-4.2748,-0.8321,0.58337,-0.76477,0.20801,5.5573,0.4046,2.3435
369833068,-0.27930,-0.93530,0.08435,-7.2214,-4.3893,-1.0229,0.58435,-0.76331,0.20776,5.4733,0.2901,2.3817
369834067,-0.28149,-0.93054,0.06641,-7.2901,-4.5344,-1.1221,0.58594,-0.76184,0.20776,5.3664,0.1985,2.3817
369835067,-0.28552,-0.91370,0.05054,-7.4656,-4.6107,-1.1756,0.58789,-0.76025,0.20813,5.2290,0.1221,2.3588
369836067,-0.28223,-0.89673,0.05493,-7.3053,-4.6718,-1.1298,0.58948,-0.75916,0.20874,5.0687,0.0534,2.3282
369837067,-0.28186,-0.89783,0.06445,-7.2061,-4.8168,-0.8779,0.59058,-0.75854,0.20886,4.9160,-0.0382,2.2977
369838065,-0.28711,-0.91064,0.07007,-7.4580,-4.8015,-0.5344,0.59143,-0.75806,0.20764,4.7710,-0.1450,2.2977
369839069,-0.28882,-0.92175,0.07239,-7.7939,-4.5496,-0.2901,0.59143,-0.75720,0.20642,4.5954,-0.2672,2.2901
369840068,-0.29102,-0.92725,0.06641,-7.8626,-4.3206,-0.1908,0.59058,-0.75635,0.20557,4.4275,-0.4046,2.2977
369841068,-0.29797,-0.92798,0.05298,-7.6565,-4.3435,-0.1679,0.58997,-0.75635,0.20544,4.2672,-0.5496,2.2901
369842067,-0.29749,-0.93225,0.04932,-7.4198,-4.3588,-0.1298,0.58936,-0.75696,0.20435,4.1069,-0.7099,2.2443
369843068,-0.29224,-0.94202,0.06116,-7.5878,-4.3969,-0.0382,0.58875,-0.75684,0.20227,3.9542,-0.8855,2.1908
369844067,-0.28918,-0.94995,0.07397,-8.0992,-4.3969,0.0000,0.58826,-0.75635,0.20093,3.8397,-1.0763,2.1298
369845067,-0.28870,-0.94482,0.07178,-8.3588,-4.4580,-0.1527,0.58826,-0.75732,0.20020,3.7252,-1.2595,2.0840
369846067,-0.29370,-0.93188,0.05872,-8.1450,-4.5649,-0.3740,0.58765,-0.75879,0.19922,3.5954,-1.4504,2.0763
369847067,-0.29773,-0.93005,0.05103,-7.8321,-4.6565,-0.4733,0.58655,-0.75879,0.19800,3.4656,-1.6260,2.0840
369848065,-0.29712,-0.94019,0.04907,-7.7023,-4.6183,-0.4885,0.58496,-0.75891,0.19714,3.3282,-1.8244,2.0687
369849064,-0.29858,-0.94543,0.04834,-7.5954,-4.5954,-0.6031,0.58215,-0.75989,0.19666,3.1908,-2.0458,2.0534
369850069,-0.29639,-0.91650,0.04590,-6.8855,-4.3130,-1.0382,0.57983,-0.76050,0.19678,3.1069,-2.2901,2.0458
369851068,-0.29785,-0.90625,0.03625,-6.6870,-4.1603,-0.9542,0.57837,-0.76086,0.19714,3.0687,-2.5496,2.0687
369852068,-0.29883,-0.91772,0.03003,-6.7252,-4.0534,-0.6412,0.57629,-0.76123,0.19629,3.0076,-2.8321,2.1221
369853068,-0.30066,-0.93945,0.02930,-6.9847,-3.9924,-0.3817,0.57422,-0.76257,0.19495,2.9618,-3.1374,2.1908
369854067,-0.30054,-0.94373,0.03479,-7.4885,-3.7939,-0.2901,0.57202,-0.76343,0.19446,2.8931,-3.4656,2.2443
369855067,-0.29761,-0.93250,0.04089,-8.0305,-3.5496,-0.2366,0.56995,-0.76343,0.19385,2.8092,-3.8244,2.2672
369856067,-0.29785,-0.92566,0.04578,-8.3435,-3.4198,-0.0992,0.56885,-0.76331,0.19202,2.7023,-4.2137,2.2901
369857067,-0.29736,-0.93225,0.04773,-8.3664,-3.3969,0.0458,0.56775,-0.76379,0.19006,2.5878,-4.6260,2.3053
369858067,-0.29382,-0.94373,0.05359,-8.2214,-3.3282,0.0458,0.56604,-0.76477,0.18909,2.4504,-5.0992,2.3435
369859067,-0.29126,-0.94946,0.06506,-8.0076,-3.3282,-0.1221,0.56348,-0.76514,0.18909,2.2977,-5.5954,2.4046
369860068,-0.29114,-0.94836,0.07043,-7.6947,-3.4275,-0.3740,0.56055,-0.76514,0.18835,2.1450,-6.1374,2.5038
369861067,-0.29150,-0.94495,0.07434,-7.2595,-3.5954,-0.6260,0.55872,-0.76550,0.18640,2.0000,-6.7252,2.6031
369862067,-0.28918,-0.94788,0.08374,-6.8550,-3.6870,-0.7939,0.55786,-0.76697,0.18335,1.8397,-7.3206,2.6794
369863067,-0.28906,-0.95557,0.08899,-6.7176,-3.7634,-0.8702,0.55786,-0.76904,0.18066,1.6870,-7.9084,2.7252
369864064,-0.29175,-0.95911,0.08167,-6.8779,-3.8168,-0.9008,0.55786,-0.77124,0.17822,1.5878,-8.5191,2.7481
369865065,-0.29468,-0.95288,0.06885,-7.1374,-3.9389,-0.8855,0.55762,-0.77295,0.17639,1.5191,-9.1298,2.7939
369866065,-0.29626,-0.94202,0.05823,-7.4351,-4.0992,-0.7863,0.55786,-0.77454,0.17688,1.4962,-9.7328,2.8550
369867069,-0.28955,-0.93213,0.05676,-7.8702,-4.1985,-0.6336,0.55823,-0.77625,0.17834,1.5802,-10.3053,2.9237
369868068,-0.28015,-0.91260,0.06116,-8.3893,-4.2290,-0.5420,0.55933,-0.77820,0.17920,1.7176,-10.8092,2.9618
369869067,-0.27759,-0.87146,0.05615,-8.7405,-4.2672,-0.5191,0.56116,-0.77954,0.17908,1.9008,-11.2824,3.0000
369870065,-0.27734,-0.82703,0.05200,-8.6947,-4.1145,-0.4275,0.56250,-0.78003,0.17761,2.1298,-11.6947,3.0534
369871065,-0.27661,-0.81616,0.06409,-8.1298,-3.8397,-0.1374,0.56384,-0.78076,0.17664,2.4122,-12.0763,3.1298
369872069,-0.27771,-0.84204,0.07739,-7.4351,-3.6107,0.2672,0.56604,-0.78174,0.17773,2.7023,-12.4504,3.1832
369873068,-0.27856,-0.87720,0.07507,-6.9466,-3.4885,0.5725,0.56775,-0.78271,0.17993,2.9924,-12.7634,3.1985
369874067,-0.27820,-0.89233,0.06946,-6.4809,-3.3740,0.5878,0.56958,-0.78357,0.18213,3.2824,-13.0229,3.2366
369875067,-0.27905,-0.87756,0.07642,-6.0916,-3.3282,0.5267,0.57166,-0.78381,0.18420,3.6107,-13.2443,3.2977
369876067,-0.27563,-0.86206,0.09167,-6.2137,-3.4046,0.8626,0.57288,-0.78467,0.18433,3.9466,-13.4275,3.3740
369877067,-0.27295,-0.88525,0.10632,-6.9466,-3.7176,1.6870,0.57312,-0.78650,0.18396,4.2824,-13.5954,3.4046
369878067,-0.27795,-0.94458,0.11218,-7.8168,-4.1145,2.4656,0.57349,-0.78906,0.18311,4.5954,-13.7023,3.4122
369879067,-0.28320,-0.99487,0.10583,-8.4656,-4.3740,2.6489,0.57483,-0.79248,0.18164,4.9084,-13.7481,3.3969
369880068,-0.28918,-1.01086,0.09790,-8.9389,-4.5496,2.3511,0.57666,-0.79614,0.18127,5.2290,-13.7710,3.3893
369881068,-0.29028,-1.00159,0.09607,-9.2137,-4.7023,1.9542,0.57764,-0.80078,0.18030,5.5878,-13.7939,3.3664
369882067,-0.28345,-0.97961,0.09839,-9.2672,-4.8092,1.5878,0.57825,-0.80640,0.17749,5.9924,-13.7481,3.3206
369883067,-0.28137,-0.95654,0.10913,-8.9542,-4.8244,1.1832,0.57959,-0.81226,0.17505,6.4275,-13.6412,3.2595
369884064,-0.27820,-0.95227,0.11902,-8.0000,-4.8779,0.7328,0.58203,-0.81860,0.17188,6.8931,-13.4504,3.1832
369885069,-0.27539,-0.97791,0.10718,-6.7099,-5.1603,0.3359,0.58569,-0.82458,0.16772,7.4122,-13.2061,3.0763
369886068,-0.28845,-1.01111,0.07715,-5.7557,-5.6260,-0.0611,0.58936,-0.83105,0.16418,8.0000,-12.9389,2.9618
369887068,-0.29797,-1.02087,0.05615,-5.4962,-5.7786,-0.5038,0.59265,-0.83875,0.16077,8.6412,-12.6336,2.8397
369888068,-0.29114,-0.99817,0.06665,-5.8702,-5.5649,-0.8702,0.59521,-0.84705,0.15625,9.3588,-12.3053,2.7023
369889068,-0.28076,-0.96484,0.11267,-6.4580,-5.1450,-0.9466,0.59802,-0.85547,0.15112,10.1298,-11.9618,2.5573
369890067,-0.27039,-0.95508,0.15198,-6.9771,-4.8626,-0.6336,0.60120,-0.86401,0.14612,10.9466,-11.6260,2.3969
369891067,-0.26892,-0.97778,0.13550,-7.7634,-5.0076,-0.1221,0.60376,-0.87378,0.14001,11.8244,-11.2595,2.2214
369892067,-0.27527,-0.99963,0.10657,-8.6718,-5.0916,0.1069,0.60657,-0.88501,0.13245,12.7939,-10.9008,2.0382
369893068,-0.27124,-0.99060,0.12048,-9.1221,-5.0763,-0.1069,0.60974,-0.89624,0.12451,13.8168,-10.5420,1.8550
369894067,-0.25793,-0.95813,0.15344,-9.3817,-5.4962,-0.3282,0.61328,-0.90649,0.11584,14.8855,-10.1908,1.6794
369895068,-0.24707,-0.92822,0.17957,-9.4656,-6.2672,-0.2901,0.61572,-0.91638,0.10632,15.9695,-9.8931,1.4885
369896068,-0.24219,-0.92688,0.18835,-8.7786,-7.0916,-0.1832,0.61719,-0.92578,0.09570,17.0763,-9.6336,1.2824
369897067,-0.24097,-0.95190,0.17395,-7.8015,-7.7863,-0.1832,0.62012,-0.93555,0.08386,18.2595,-9.4122,1.0916
369898067,-0.25000,-0.98083,0.14209,-7.4580,-8.4046,-0.2366,0.62366,-0.94629,0.07178,19.5191,-9.2214,0.9160
369899067,-0.26660,-0.99109,0.10364,-7.5954,-8.9924,-0.3664,0.62708,-0.95642,0.05908,20.7939,-9.0687,0.7099
369900067,-0.27759,-0.98035,0.07178,-7.8168,-9.5267,-0.5267,0.63025,-0.96558,0.04565,22.0611,-8.9847,0.5191
369901068,-0.29041,-0.96338,0.04480,-8.0153,-10.1069,-0.6412,0.63281,-0.97583,0.03149,23.3206,-8.9924,0.3435
369902068,-0.30457,-0.94910,0.02551,-8.0687,-10.3130,-0.7328,0.63342,-0.98779,0.01611,24.5496,-9.0763,0.1908
369903068,-0.31299,-0.94336,0.00916,-8.2137,-10.0763,-0.7405,0.63318,-1.00073,-0.00110,25.7557,-9.2214,0.0611
369904067,-0.32483,-0.95203,-0.01709,-8.7176,-9.4656,-0.6031,0.63440,-1.01404,-0.01953,26.9542,-9.4046,-0.0382
369905067,-0.33948,-0.96948,-0.05469,-9.1527,-8.6412,-0.5573,0.63525,-1.02881,-0.03931,28.1527,-9.6870,-0.0916
369906067,-0.34473,-0.96960,-0.07971,-9.0611,-7.5954,-0.8015,0.63611,-1.04407,-0.06165,29.3206,-10.0382,-0.1069
369907065,-0.34326,-0.94946,-0.08398,-8.5573,-6.6794,-1.1450,0.63745,-1.05969,-0.08435,30.4580,-10.4733,-0.0840
369908069,-0.33765,-0.93030,-0.07483,-7.9389,-5.8397,-1.3588,0.63867,-1.07654,-0.10669,31.5649,-10.9771,-0.0458
369909068,-0.32837,-0.91797,-0.05249,-7.4351,-5.0534,-1.4275,0.64001,-1.09326,-0.13000,32.6489,-11.5802,0.0076
369910067,-0.32214,-0.91980,-0.03625,-7.2290,-4.4656,-1.3435,0.64099,-1.10999,-0.15393,33.6794,-12.2366,0.0611
369911067,-0.32068,-0.93848,-0.03467,-7.3588,-4.0000,-1.2137,0.64233,-1.12622,-0.17810,34.6412,-12.9695,0.1527
369912065,-0.31860,-0.95496,-0.02649,-7.5496,-3.6107,-1.2443,0.64380,-1.14270,-0.20325,35.4885,-13.8168,0.2901
369913069,-0.31030,-0.95764,-0.00403,-7.5878,-3.3664,-1.4351,0.64478,-1.15967,-0.22925,36.1985,-14.7786,0.4885
369914067,-0.30164,-0.95227,0.01660,-7.6412,-3.3817,-1.5725,0.64575,-1.17615,-0.25464,36.7557,-15.8168,0.7252
369915068,-0.29517,-0.94360,0.03638,-7.7481,-3.4656,-1.6107,0.64758,-1.19275,-0.27991,37.1756,-16.9542,1.0076
369916068,-0.28284,-0.92163,0.07715,-7.7786,-3.1908,-1.7252,0.65027,-1.21021,-0.30640,37.4580,-18.1908,1.3206
369917067,-0.26282,-0.89160,0.13477,-7.7481,-2.7786,-1.7786,0.65320,-1.22754,-0.33337,37.5878,-19.5038,1.6718
369918067,-0.24976,-0.87903,0.17542,-7.3969,-2.8473,-1.6412,0.66064,-1.25830,-0.39001,37.4809,-22.3130,2.5496
369919065,-0.24097,-0.90515,0.19617,-6.5725,-3.4198,-1.3664,0.66394,-1.27246,-0.41736,37.2748,-23.8168,3.0076
369920069,-0.23779,-0.95654,0.19250,-5.9695,-4.6565,-1.1374,0.66858,-1.28430,-0.44495,36.9542,-25.3282,3.5038
369921068,-0.24133,-0.98669,0.18176,-6.3588,-6.0458,-1.0458,0.67505,-1.29236,-0.47290,36.4962,-26.8626,4.0534
369922067,-0.22424,-0.95959,0.22473,-7.1069,-6.8168,-1.2214,0.68237,-1.29663,-0.49780,35.8779,-28.3740,4.6031
369923067,-0.20178,-0.89551,0.29407,-7.3893,-7.6947,-1.2901,0.69006,-1.29785,-0.52209,35.1221,-29.8321,5.2137
369924067,-0.19897,-0.86951,0.30334,-7.5573,-9.1603,-0.7405,0.69775,-1.29614,-0.54614,34.1756,-31.2366,5.8397
369925067,-0.21472,-0.90735,0.25452,-7.9160,-10.7252,0.1069,0.70496,-1.29126,-0.56750,33.0000,-32.5649,6.4351
369926067,-0.23743,-0.96704,0.19946,-8.6260,-11.9160,0.6641,0.71228,-1.28223,-0.58740,31.6031,-33.7710,7.0153
369927068,-0.24548,-1.00012,0.17017,-9.7099,-12.6336,0.7481,0.72009,-1.26904,-0.60620,30.0076,-34.8550,7.5725
369928067,-0.25537,-0.98425,0.16406,-10.2672,-13.5038,0.4885,0.72742,-1.25305,-0.62341,28.2137,-35.8092,8.0840
369929067,-0.26904,-0.94067,0.15771,-9.6336,-14.3053,0.1679,0.73547,-1.23645,-0.63965,26.2366,-36.6031,8.5649
369930068,-0.27539,-0.91479,0.13953,-8.8397,-14.6412,0.1679,0.74414,-1.22119,-0.65405,23.9924,-37.2290,9.0916
369931067,-0.29089,-0.93469,0.10522,-8.7863,-14.4656,0.4885,0.75281,-1.20740,-0.66711,21.4504,-37.7023,9.7023
369932068,-0.30200,-0.97351,0.06567,-9.0382,-13.7863,0.5878,0.76123,-1.19360,-0.67993,18.6641,-38.0534,10.3359
369933068,-0.31030,-0.99182,0.03040,-9.2443,-13.2824,0.2977,0.76770,-1.18018,-0.69556,15.6641,-38.2214,10.9618
369934067,-0.25867,-1.01660,-0.07019,-9.4962,-12.7939,-0.1298,0.77197,-1.16614,-0.71436,12.4809,-38.1679,11.5725
369935067,0.06860,-0.86450,-0.01331,-9.4809,-9.0229,-2.8473,0.77307,-1.14954,-0.73230,9.1298,-37.9237,12.1908
369936067,0.80078,-0.31433,1.24170,-6.1069,6.7863,-9.2977,0.77136,-1.13110,-0.74939,5.6565,-37.5496,12.8626
369937067,1.72925,0.11987,1.99994,3.1756,20.9084,-13.5115,0.76880,-1.11279,-0.76855,2.1221,-37.0840,13.5649
369938065,1.99994,0.05981,1.99994,11.8931,9.6336,-13.4504,0.76550,-1.09595,-0.78735,-1.4809,-36.5191,14.2748
369939065,1.73547,0.17773,1.99994,21.1985,-29.3969,-16.1603,0.76111,-1.08032,-0.80273,-5.1603,-35.7863,14.9237
369940065,1.14258,1.52039,-0.21741,39.5038,-70.8779,-28.5725,0.75708,-1.06519,-0.81702,-8.7710,-34.8779,15.5573
369941065,1.99994,1.99994,-0.70947,54.0763,-87.4427,-42.8779,0.75293,-1.05029,-0.83069,-12.2366,-33.8015,16.2061
369942068,1.99994,1.99994,1.48157,70.3130,-105.7176,-42.1145,0.74817,-1.03613,-0.84338,-15.5496,-32.5649,16.8931
369943067,1.79102,1.99994,0.71899,147.1298,-184.8168,-11.7176,0.74207,-1.02258,-0.85461,-18.7328,-31.1374,17.5191
369944068,0.03650,1.99994,-2.00000,250.1298,-250.1374,16.1450,0.73486,-1.00793,-0.86548,-21.8092,-29.5420,17.9237
369945067,-1.58215,-1.28308,-2.00000,250.1298,-250.1374,17.7786,0.72754,-0.99194,-0.87781,-24.7634,-27.7634,18.3893
369946067,-2.00000,-1.26257,-2.00000,250.1298,-250.1374,18.3511,0.72070,-0.97656,-0.89001,-27.6107,-25.8244,18.9313
369947068,-2.00000,0.44617,-2.00000,250.1298,-200.9924,29.9542,0.71387,-0.96216,-0.90088,-30.3511,-23.7481,19.4809
369948068,-2.00000,1.46277,-2.00000,250.1298,-80.6107,45.6641,0.70703,-0.94775,-0.91064,-32.9389,-21.5573,20.0305
369949068,-2.00000,1.20459,-2.00000,250.1298,29.8931,58.8397,0.70105,-0.93433,-0.91992,-35.3359,-19.2290,20.5191
369950068,-2.00000,-0.70203,-2.00000,250.1298,96.8702,78.2137,0.69495,-0.92200,-0.92786,-37.5496,-16.7634,20.9542
369951068,-2.00000,-2.00000,-2.00000,184.3130,193.7786,100.5573,0.68750,-0.91016,-0.93359,-39.6183,-14.1679,21.3282
369952068,-2.00000,-2.00000,-2.00000,87.4656,250.1298,102.0916,0.67969,-0.89905,-0.93909,-41.5420,-11.4733,21.6489
369953068,-2.00000,-2.00000,-2.00000,48.4122,250.1298,77.4198,0.67273,-0.89014,-0.94470,-43.2824,-8.7099,21.8931
369954068,-0.92493,-2.00000,-0.41699,41.2290,250.1298,50.2901,0.66626,-0.88306,-0.95044,-44.8244,-5.8779,22.0534
369955068,-0.03027,-2.00000,1.05298,53.0305,250.1298,41.4275,0.66040,-0.87695,-0.95691,-46.1679,-2.9695,22.1450
369956068,0.87793,-2.00000,1.99994,78.9237,250.1298,38.8550,0.65491,-0.87170,-0.96277,-47.2901,-0.0229,22.2366
369957068,1.55347,-2.00000,1.99994,104.2824,250.1298,25.7405,0.64966,-0.86646,-0.96790,-48.2290,2.9313,22.2901
369958067,1.99994,-2.00000,1.99994,135.5344,215.8550,-3.2443,0.64465,-0.86145,-0.97217,-49.0382,5.8397,22.3130
369959067,1.99994,-1.73206,1.99994,189.7099,165.1679,-41.6336,0.63953,-0.85706,-0.97632,-49.7481,8.7252,22.2824
369960067,1.90186,-0.79993,1.99994,250.1298,94.1832,-67.4275,0.63342,-0.85437,-0.98022,-50.3282,11.5878,22.2061
369961065,0.92603,-1.88159,1.99994,250.1298,30.7634,-74.7939,0.62610,-0.85400,-0.98303,-50.7863,14.3435,22.0916
369962064,0.08447,-2.00000,1.99994,250.1298,-19.6336,-75.7786,0.61707,-0.85449,-0.98535,-51.1832,16.9466,21.9542
369963069,-0.27502,-2.00000,1.99994,250.1298,-40.6565,-83.5267,0.60791,-0.85547,-0.98706,-51.5573,19.4504,21.7634
369964068,-0.60327,-2.00000,1.99994,250.1298,-32.6565,-87.0305,0.60071,-0.85754,-0.98767,-51.9389,21.8168,21.5191
369965068,-0.61084,-1.83630,1.99994,143.7099,-23.7252,-61.8321,0.59448,-0.86108,-0.98901,-52.3435,23.9847,21.2748
369966068,-0.43091,-0.24927,1.62585,66.9542,-19.2595,-14.7252,0.58887,-0.86511,-0.99121,-52.8015,25.9695,20.9771
369967068,-0.79089,-1.20374,0.86902,36.4809,-19.2137,28.5649,0.58521,-0.87024,-0.99243,-53.3206,27.8092,20.6183
369968068,-0.53577,-2.00000,1.12524,0.7023,0.4504,56.0992,0.58386,-0.87732,-0.99365,-53.9160,29.5191,20.2061
369969068,-0.19128,-2.00000,1.39600,-74.2061,35.2061,63.2443,0.58374,-0.88501,-0.99597,-54.6183,31.0534,19.7557
369970067,-0.55908,-2.00000,0.18933,-133.6107,50.3130,54.6412,0.58496,-0.89355,-0.99915,-55.4427,32.4198,19.2748
369971067,-0.46301,-1.03394,-0.20020,-101.2290,59.7481,27.7557,0.58789,-0.90234,-1.00330,-56.4198,33.6565,18.7786
369972067,0.27039,-0.32385,0.73792,7.4580,49.2137,-12.3053,0.59167,-0.91125,-1.00854,-57.6031,34.7405,18.2519
369973068,0.43787,-0.50452,0.52368,90.7939,18.5878,-43.6489,0.59619,-0.92126,-1.01367,-58.9618,35.6641,17.6947
369974068,-0.23621,-1.07153,-0.39014,112.9695,-1.7405,-58.4809,0.60168,-0.93213,-1.01904,-60.5191,36.4504,17.1069
369975067,-0.47156,-1.08069,0.26282,121.2901,18.6183,-70.2137,0.60596,-0.94336,-1.02661,-62.2290,37.0840,16.4809
369976068,0.30554,0.23718,1.99994,131.4351,60.9542,-78.8626,0.60889,-0.95508,-1.03601,-64.0992,37.6031,15.8244
369977068,1.01392,1.99994,1.99994,123.7252,69.2672,-65.8702,0.61157,-0.96875,-1.04724,-66.1374,38.0229,15.1374
369978068,0.42432,1.69519,0.80640,36.7557,32.9237,26.1832,0.61499,-0.98438,-1.06067,-68.3130,38.3282,14.4122
369979067,0.81873,0.04626,0.95557,-31.8702,23.3817,71.9313,0.61780,-1.00122,-1.07532,-70.5954,38.5115,13.6641
369980068,0.94800,-0.97656,1.70435,-74.9008,-8.1603,92.8168,0.61890,-1.01868,-1.09094,-72.9618,38.5420,12.8626
369981068,0.71204,-0.53760,0.84229,-68.1603,-61.3740,87.0916,0.61865,-1.03711,-1.10620,-75.4046,38.4275,11.9847
369982067,0.19446,0.94775,-0.61584,-46.7863,-113.7405,78.0916,0.61755,-1.05627,-1.12231,-77.9237,38.1603,11.0840
369983068,-0.44482,1.89343,-1.56140,-31.6031,-142.5573,79.5344,0.61646,-1.07556,-1.14209,-80.5420,37.7481,10.1450
369984068,-0.80273,1.15833,-1.76001,-23.2748,-132.8931,86.3969,0.61499,-1.09363,-1.16455,-83.3206,37.1756,9.1985
369985068,-1.31519,-0.69690,-2.00000,-6.2290,-115.2290,85.2977,0.61255,-1.11133,-1.18713,-86.2672,36.4427,8.2595
369986068,-2.00000,-2.00000,-2.00000,31.0458,-87.8321,67.2901,0.60986,-1.12830,-1.20935,-89.3740,35.5802,7.3130
369987068,-2.00000,-2.00000,-2.00000,55.3817,-37.9237,48.3893,0.60791,-1.14343,-1.23193,-92.6870,34.5725,6.3740
369988068,-2.00000,-2.00000,-2.00000,34.0687,14.4809,43.4275,0.60559,-1.15857,-1.25452,-96.2443,33.4046,5.4198
369989068,-2.00000,-2.00000,-2.00000,5.1527,58.9084,43.8626,0.60266,-1.17322,-1.27844,-100.0763,32.0840,4.4656
369990068,-2.00000,-1.96265,-2.00000,6.6260,94.3969,40.9771,0.60059,-1.18677,-1.30444,-104.1527,30.6260,3.4809
369991068,-1.93372,-1.61157,-2.00000,12.6031,108.0458,38.2366,0.59973,-1.19995,-1.32971,-108.4351,29.0763,2.4733
369992068,-1.63245,-1.43774,-2.00000,1.6641,107.6641,36.6031,0.59863,-1.21326,-1.35400,-112.9008,27.4656,1.4427
369993068,-1.30823,-1.62695,-2.00000,-3.8779,117.9008,30.4122,0.59851,-1.22534,-1.37793,-117.5344,25.8015,0.4351
369994068,-0.51526,-1.87244,-0.44153,5.2290,131.3130,18.1985,0.60022,-1.23584,-1.40271,-122.2748,24.1145,-0.5573
369995068,-0.03918,-1.52515,-0.10840,10.7405,120.2977,6.8244,0.60266,-1.24585,-1.42834,-127.1069,22.4580,-1.5420
369996067,-0.49817,-0.59570,-1.44360,21.6947,91.1832,-1.7634,0.60706,-1.25488,-1.45276,-131.9924,20.8855,-2.4885
369997067,-0.94434,0.07568,-1.99988,53.7710,75.5573,-7.3817,0.61279,-1.26245,-1.47461,-136.9618,19.3664,-3.4427
369998067,-0.70569,-0.33948,-1.19067,81.9084,73.0687,-4.6031,0.61890,-1.27039,-1.49524,-142.0611,17.9084,-4.3893
369999067,-0.66541,-1.34277,-0.48413,78.9084,64.6489,6.0229,0.62439,-1.27893,-1.51721,-147.2519,16.5725,-5.3206
370000068,-0.95251,-1.82080,-0.50488,62.1298,58.8397,14.6412,0.63000,-1.28748,-1.53894,-152.4046,15.4275,-6.1908
370001067,-0.94312,-1.52258,-0.79102,48.3359,70.6260,17.5573,0.63672,-1.29578,-1.55872,-157.4198,14.5420,-7.0382
370002068,-0.99561,-1.05994,-0.89319,31.7634,88.2214,20.9084,0.64429,-1.30066,-1.57849,-162.2366,13.9313,-7.8702
370003067,-1.13306,-1.14404,-0.57629,15.2137,102.5649,28.4885,0.65271,-1.30481,-1.59692,-166.7634,13.6870,-8.5725
370004067,-1.01843,-2.00000,-0.13306,2.1221,110.6565,38.2366,0.66052,-1.31299,-1.60974,-171.0000,13.8168,-9.1603
370005068,-1.02551,-2.00000,-0.55017,-12.4656,103.0076,40.6183,0.66870,-1.31958,-1.62085,-175.0458,14.1603,-9.9084
370006067,-1.10547,-2.00000,-0.78491,-17.8321,100.5878,19.4733,0.67773,-1.32288,-1.63037,-178.8702,14.8550,-10.7786
370007068,-0.55884,-2.00000,0.42334,-9.1832,114.6412,-16.9924,0.68652,-1.32581,-1.63745,-182.4198,15.9695,-11.6107
370008067,-0.01196,-1.16711,1.33142,-20.1832,114.0229,-35.2748,0.69568,-1.32751,-1.64417,-185.6107,17.4962,-12.3893
370009067,-0.31299,0.40295,0.40173,-54.4580,84.9389,-21.7252,0.70386,-1.32935,-1.64746,-188.4275,19.4580,-13.0763
370010065,-0.80957,-0.14209,-0.66528,-62.3130,59.0916,-0.1069,0.71204,-1.33069,-1.64783,-190.8855,21.8855,-13.7252
370011069,-1.01648,-2.00000,-0.56458,-45.7099,48.2824,12.1298,0.72009,-1.33081,-1.64539,-192.9771,24.8168,-14.4275
370012067,-1.19031,-2.00000,-0.84924,-55.0076,39.9313,18.8550,0.72620,-1.33154,-1.63965,-194.6794,28.2061,-15.1603
370013068,-1.42651,-2.00000,-1.59167,-91.8168,44.9924,14.7786,0.73120,-1.33264,-1.63196,-195.9771,32.0229,-15.8626
370014067,-1.22241,-1.77380,-1.36011,-115.6718,71.1908,2.2595,0.73572,-1.33228,-1.62183,-196.9084,36.3053,-16.5573
370015068,-0.93237,1.46289,-1.31262,-128.1298,84.8855,5.4351,0.73926,-1.33264,-1.60876,-197.4809,41.0763,-17.2748
370016068,-1.21533,1.67847,-2.00000,-144.5878,75.2290,34.4427,0.74121,-1.33484,-1.59399,-197.6641,46.2748,-18.0000
370017068,-1.84204,-0.79028,-2.00000,-150.6260,64.9542,58.2595,0.74194,-1.33801,-1.57788,-197.4504,51.8931,-18.7405
370018067,-2.00000,-2.00000,-2.00000,-147.2519,76.9771,54.9313,0.74048,-1.34167,-1.55798,-196.8702,57.9313,-19.5038
370019067,-1.81323,-2.00000,-2.00000,-156.9542,105.0458,35.6718,0.73608,-1.34546,-1.53577,-195.9237,64.3893,-20.2748
370020068,-1.75916,-1.80493,-1.61426,-168.2595,133.1221,17.1069,0.72961,-1.34875,-1.51404,-194.5802,71.2824,-21.0076
370021067,-1.40771,0.28137,-0.80762,-150.7328,157.5573,9.8626,0.71338,-1.35840,-1.46240,-190.8092,85.9389,-22.3511
370022067,-1.04529,1.05762,-0.82629,-113.6718,157.2061,17.7252,0.70349,-1.36108,-1.43018,-188.4733,93.6641,-23.0763
370023067,-1.47888,-0.48706,-2.00000,-91.9924,136.1756,35.0076,0.69324,-1.36353,-1.39905,-185.9008,101.6565,-23.7481
370024068,-1.73950,-2.00000,-2.00000,-100.6183,119.9618,47.6565,0.68274,-1.36658,-1.36902,-183.0534,109.9237,-24.3511
370025067,-1.51184,-2.00000,-2.00000,-119.5267,120.1679,40.5420,0.67249,-1.36951,-1.33765,-179.9084,118.4351,-24.9237
370026068,-1.16077,-2.00000,-1.63867,-128.7099,121.5420,16.0305,0.66138,-1.37170,-1.30261,-176.5267,127.1450,-25.4580
370027068,-0.82959,-2.00000,-1.23438,-131.9160,113.1450,-4.5115,0.64905,-1.37231,-1.26526,-172.9924,136.0611,-25.9237
370028067,-1.16833,0.31384,-2.00000,-144.0229,93.1985,-3.0458,0.63672,-1.37219,-1.22644,-169.3206,145.1145,-26.3511
370029067,-1.85950,0.52905,-2.00000,-167.5649,92.5344,16.8244,0.62573,-1.37231,-1.18555,-165.5573,154.2748,-26.7557
370030068,-2.00000,-1.01050,-2.00000,-195.2824,122.6718,32.0382,0.61560,-1.37170,-1.14368,-161.7710,163.5496,-27.0992
370031068,-2.00000,-2.00000,-2.00000,-212.9466,162.5573,27.7939,0.60522,-1.36890,-1.10156,-158.0000,172.9237,-27.3282
370032067,-2.00000,-1.26599,-2.00000,-204.9389,202.6870,8.2901,0.59509,-1.36414,-1.05872,-154.2901,182.3740,-27.4122
370033068,-1.92212,0.47144,-2.00000,-166.1145,226.0687,-6.3893,0.58521,-1.35657,-1.01453,-150.7176,191.8855,-27.3359
370034068,-1.52234,1.52356,-2.00000,-119.9160,235.9847,-3.4809,0.57471,-1.33997,-0.96997,-147.3969,201.4046,-26.8321
370035068,-1.27759,1.32300,-1.79785,-104.0916,235.8092,15.2595,0.56250,-1.32312,-0.92456,-144.4275,210.8550,-25.2214
370036068,-1.00183,0.21643,-1.21777,-114.8855,233.5115,36.1221,0.55237,-1.32568,-0.87903,-141.6183,220.1985,-22.8855
370037067,-0.92175,-0.84143,-0.47583,-117.8168,221.9924,45.1985,0.54529,-1.33691,-0.83496,-138.7252,229.6412,-21.3511
370038067,-0.99841,-1.26404,-1.08057,-103.4122,192.9160,44.1145,0.53735,-1.34326,-0.79041,-135.7023,239.2977,-21.0916
370039067,-1.04004,-0.92432,-1.72046,-96.0305,166.6260,43.1756,0.52771,-1.34680,-0.74536,-132.6031,249.1145,-21.4962
370040067,-0.66199,-0.66370,-0.76770,-98.8092,160.0229,47.9084,0.51733,-1.34778,-0.70068,-129.4809,250.1298,-22.0458
370041068,-0.07642,-0.92590,0.08191,-104.2824,158.5649,51.5420,0.50598,-1.34692,-0.65576,-126.3893,250.1298,-22.5344
370042067,-0.62170,-1.10413,-1.37573,-108.8931,134.4504,49.9160,0.49414,-1.34460,-0.60925,-123.3588,250.1298,-23.0305
370043067,-1.73193,-1.13440,-2.00000,-105.5115,115.4580,43.2901,0.48242,-1.34119,-0.56018,-120.4275,250.1298,-23.6031
370044067,-2.00000,-1.43408,-2.00000,-90.9160,121.5954,34.8397,0.47046,-1.33533,-0.50781,-117.6336,250.1298,-24.3053
370045068,-2.00000,-2.00000,-2.00000,-83.4275,145.0534,26.5267,0.45703,-1.32751,-0.45300,-114.9542,250.1298,-25.0687
370046068,-2.00000,-1.70007,-2.00000,-70.3053,188.6489,11.0611,0.44128,-1.31824,-0.39734,-112.3969,250.1298,-25.8397
370047068,-2.00000,0.06287,-2.00000,-30.8168,218.3664,-7.5496,0.42273,-1.30786,-0.34167,-110.0229,250.1298,-26.6641
370048068,-2.00000,1.61243,-2.00000,19.4046,226.3053,-13.7710,0.40076,-1.29675,-0.28723,-107.8626,250.1298,-27.6183
370049068,-2.00000,1.37524,-2.00000,55.3969,243.3359,-6.3359,0.37610,-1.28503,-0.23218,-105.9466,250.1298,-28.7634
370050068,-2.00000,-0.34290,-2.00000,63.8321,250.1298,5.0916,0.34998,-1.27075,-0.18005,-104.3282,250.1298,-30.2366
370051067,-2.00000,-1.67688,-2.00000,38.0229,250.1298,11.8397,0.32166,-1.25464,-0.12854,-102.9313,250.1298,-31.8321
370052068,-2.00000,-1.51428,-2.00000,25.4656,250.1298,3.5725,0.29077,-1.23950,-0.07410,-101.6947,250.1298,-33.3740
370053068,-2.00000,-0.62134,-2.00000,57.4885,250.1298,-14.0153,0.25952,-1.22546,-0.01978,-100.6412,250.1298,-34.9618
370054068,-2.00000,-0.07617,-2.00000,84.5344,250.1298,-20.7099,0.22803,-1.21289,0.03394,-99.8168,250.1298,-36.7328
370055068,-2.00000,0.34229,-2.00000,65.5267,250.1298,-13.3359,0.19519,-1.20129,0.08777,-99.2061,250.1298,-38.7481
370056067,-2.00000,-0.04822,-2.00000,33.1985,250.1298,4.5878,0.16199,-1.19031,0.14099,-98.7863,250.1298,-40.9160
370057068,-1.79663,-2.00000,-1.19800,23.0687,250.1298,20.1145,0.12952,-1.18115,0.19348,-98.5191,250.1298,-43.2061
370058067,-1.16626,-2.00000,-0.06726,37.2901,250.1298,14.2977,0.09753,-1.17371,0.24634,-98.3893,250.1298,-45.6260
370059067,-0.93201,-2.00000,0.68774,54.3664,250.1298,-9.1221,0.06689,-1.16675,0.29858,-98.3817,250.1298,-48.1603
370060067,-1.06506,-1.78125,0.76123,52.0076,250.1298,-22.3206,0.03723,-1.15955,0.34973,-98.5191,250.1298,-50.8244
370061067,-0.90906,-0.29736,1.47864,28.1298,250.1298,-13.6718,0.00854,-1.15234,0.40063,-98.8092,250.1298,-53.5954
370062067,-0.29114,-0.06506,1.99994,4.4504,250.1298,2.9313,-0.01843,-1.14832,0.45276,-99.2519,250.1298,-56.4351
370063067,0.55945,-0.26416,1.99994,1.2137,250.1298,11.1756,-0.04199,-1.14722,0.50244,-99.9542,250.1298,-59.3206
370064067,0.52930,0.35986,1.97388,27.0840,250.1298,0.4351,-0.06860,-1.13879,0.55139,-100.9466,250.1298,-62.1298
370065067,0.65649,1.15356,1.95520,102.0611,250.1298,-22.8626,-0.09424,-1.13013,0.60083,-102.0076,250.1298,-64.8702
370066068,0.05957,1.51550,0.93579,188.9008,250.1298,-43.0229,-0.11255,-1.13013,0.64685,-103.0611,250.1298,-67.6183
370067068,-1.76733,1.19250,-1.86633,219.2824,208.6412,-39.3588,-0.12915,-1.12903,0.69214,-104.2443,250.1298,-70.3435
370068067,-2.00000,0.08118,-2.00000,219.6489,194.8855,-31.2595,-0.14355,-1.12598,0.73743,-105.6260,250.1298,-72.9618
370069067,-2.00000,-1.37695,-2.00000,250.1298,222.2824,-36.7710,-0.15662,-1.12280,0.78137,-107.1908,250.1298,-75.4733
370070067,-2.00000,-2.00000,-1.70642,250.1298,250.1298,-41.8473,-0.16858,-1.11621,0.82483,-108.9160,250.1298,-77.8397
370071067,-2.00000,-2.00000,-0.00146,250.1298,250.1298,-41.3053,-0.17969,-1.10974,0.86804,-110.8550,250.1298,-79.9160
370072067,-2.00000,-2.00000,-1.71265,204.6565,250.1298,-33.4427,-0.18921,-1.10889,0.91101,-112.9542,250.1298,-81.5344
370073068,-2.00000,-1.78333,-2.00000,129.3206,250.1298,-17.4198,-0.19702,-1.10962,0.95398,-115.0840,250.1298,-83.0687
370074068,-2.00000,-1.94678,-0.64990,53.7252,250.1298,3.3969,-0.20496,-1.10925,0.99719,-117.1832,250.1298,-84.7405
370075068,-2.00000,-2.00000,1.46570,-8.3206,250.1298,18.6107,-0.21350,-1.10620,1.04187,-119.2901,250.1298,-86.5038
370076067,-1.88684,-2.00000,1.85510,-33.6183,250.1298,9.4885,-0.22217,-1.09998,1.08545,-121.4580,250.1298,-88.1679
370077067,-0.99573,-2.00000,0.36963,-30.5344,250.1298,-15.2443,-0.23108,-1.09241,1.12830,-123.6641,250.1298,-89.6870
370078067,0.60278,-0.51013,1.48938,-17.4733,250.1298,-45.5573,-0.24121,-1.08386,1.17236,-125.9008,250.1298,-91.0076
370079068,0.99146,1.99994,1.99994,26.3740,250.1298,-75.5344,-0.25220,-1.07446,1.21753,-128.1756,250.1298,-92.2061
370080065,1.27612,1.99994,1.99994,117.4656,250.1298,-81.9924,-0.26318,-1.06311,1.26343,-130.4962,250.1298,-93.2977
370081069,0.54260,1.70093,1.99994,222.5420,250.1298,-79.8702,-0.27466,-1.05005,1.30884,-132.8702,250.1298,-94.1221
370082067,-0.40051,-0.10706,1.99994,250.1298,250.1298,-89.2977,-0.28723,-1.03699,1.35437,-135.2901,250.1298,-94.7786
370083065,0.25073,-1.80481,1.99994,250.1298,250.1298,-94.2977,-0.30029,-1.02368,1.39954,-137.7557,250.1298,-95.3206
370084069,-0.86951,-2.00000,1.39917,250.1298,250.1298,-89.0840,-0.31360,-1.00964,1.44177,-140.2290,250.1298,-95.6565
370085068,-2.00000,-2.00000,-2.00000,250.1298,250.1298,-93.9160,-0.32751,-0.99585,1.48230,-142.7023,250.1298,-95.8855
370086067,-2.00000,-1.18750,-2.00000,250.1298,250.1298,-104.0534,-0.34192,-0.98401,1.52209,-145.1756,250.1298,-96.0153
370087068,-2.00000,-0.40918,-0.50549,250.1298,250.1298,-86.7786,-0.35510,-0.97510,1.56018,-147.5802,250.1298,-95.9542
370088067,-2.00000,-2.00000,-0.91382,241.1985,250.1298,-45.4351,-0.36865,-0.96643,1.59753,-149.8397,250.1298,-95.8244
370089067,-2.00000,-2.00000,-1.85522,128.9313,250.1298,-26.8702,-0.38293,-0.95740,1.63416,-152.0076,250.1298,-95.5649
370090068,-2.00000,-2.00000,-1.86536,124.7634,250.1298,-49.7710,-0.39661,-0.94897,1.66968,-154.1069,250.1298,-95.1908
370091067,-2.00000,-2.00000,-2.00000,143.8702,250.1298,-76.5725,-0.40991,-0.94055,1.70349,-156.1145,250.1298,-94.7176
370092068,-2.00000,-2.00000,-2.00000,137.5191,250.1298,-96.5420,-0.42273,-0.93250,1.73450,-158.0076,250.1298,-94.1221
370093067,-2.00000,-2.00000,-2.00000,161.5725,250.1298,-138.5038,-0.43481,-0.92615,1.76270,-159.7405,250.1298,-93.3969
370094068,-2.00000,-2.00000,1.13330,196.1603,250.1298,-185.3740,-0.44592,-0.92139,1.78845,-161.2748,242.8168,-92.5344
370095068,-1.93115,-0.68909,1.99994,193.9237,250.1298,-206.7939,-0.45557,-0.91675,1.81250,-162.5954,231.0916,-91.5573
370096067,-2.00000,-0.72827,1.23267,213.9618,250.1298,-215.9771,-0.46387,-0.91272,1.83337,-163.7099,219.2214,-90.4809
370097067,-2.00000,-1.92432,1.99994,250.1298,250.1298,-230.6412,-0.47046,-0.91028,1.85132,-164.6107,207.2748,-89.3053
370098064,-0.56787,-2.00000,1.99994,250.1298,250.1298,-236.8550,-0.47522,-0.90845,1.86755,-165.2748,195.3206,-87.9771
370099068,-0.70605,-1.61035,1.99994,222.2901,250.1298,-232.4962,-0.47839,-0.90613,1.88159,-165.7023,183.4122,-86.4962
370100068,-0.59216,0.26709,1.99994,199.1145,250.1298,-230.4504,-0.47913,-0.90393,1.89368,-165.8473,171.5573,-84.8473
370101068,1.09045,1.62854,1.99994,196.5267,250.1298,-212.5573,-0.47754,-0.90271,1.90491,-165.6947,159.8092,-83.0992
370102068,1.99994,1.62659,1.99994,138.4351,250.1298,-168.9389,-0.47351,-0.90076,1.91577,-165.2595,148.2366,-81.2824
370103067,1.81689,0.53076,1.99994,82.9847,250.1298,-126.6947,-0.46826,-0.89807,1.92529,-164.5420,136.7863,-79.3511
370104067,1.29529,-1.28625,1.99994,100.8855,250.1298,-112.4275,-0.46179,-0.89526,1.93176,-163.5649,125.5038,-77.2901
370105065,1.78394,-2.00000,1.99994,91.5878,245.1832,-119.4351,-0.45325,-0.89136,1.93591,-162.3511,114.4580,-75.0916
370106065,0.83911,-0.45398,1.99994,23.6794,198.3359,-109.0992,-0.44141,-0.88623,1.93884,-160.9008,103.6641,-72.7710
370107069,-0.23169,0.89612,1.99994,9.1756,184.4275,-104.0458,-0.42725,-0.88049,1.93909,-159.2214,93.1450,-70.3511
370108068,-0.82007,0.51221,1.99994,51.9847,192.1374,-109.1756,-0.41223,-0.87439,1.93579,-157.3588,82.9313,-67.8473
370109067,-0.99438,-1.14758,1.99994,80.6947,207.6183,-115.8626,-0.39404,-0.86841,1.93140,-155.3053,73.0153,-65.2443
370110067,-1.28003,-1.89551,1.99994,62.2824,229.2137,-125.7023,-0.37402,-0.86292,1.92712,-153.0992,63.4504,-62.5496
370111064,-1.41248,-0.98096,1.99994,33.2977,250.1298,-137.6870,-0.35303,-0.85645,1.92236,-150.7710,54.2824,-59.7634
370112069,-0.97412,0.01648,1.99994,32.1221,250.1298,-143.3511,-0.32971,-0.84839,1.91663,-148.3206,45.5038,-56.8779
370113068,-0.37708,0.01746,1.99994,52.9237,250.1298,-139.7405,-0.30579,-0.84033,1.90979,-145.7939,37.0763,-53.9466
370114068,-0.12415,-0.61389,1.99994,54.6870,250.1298,-127.8855,-0.28125,-0.83313,1.90161,-143.1679,29.0153,-50.9771
370115068,0.06470,-1.13464,1.99994,26.9084,250.1298,-113.1145,-0.25659,-0.82568,1.89197,-140.4809,21.3893,-47.9542
370116068,0.47290,-1.00977,1.99994,-2.9237,250.1298,-104.1145,-0.23206,-0.81750,1.88013,-137.7939,14.1832,-44.8626
370117067,0.89722,-0.40955,1.99994,-22.9008,236.0611,-96.6260,-0.20752,-0.80908,1.86584,-135.0992,7.3511,-41.7557
370118067,1.14954,0.42139,1.99994,-42.9160,200.9924,-85.3511,-0.18335,-0.80090,1.85132,-132.3969,0.8779,-38.6183
370119067,1.33533,0.92090,1.99994,-60.6031,160.7710,-70.5573,-0.15918,-0.79297,1.83582,-129.7252,-5.2672,-35.4427
370120065,1.34082,0.63342,1.99994,-70.7405,123.5649,-57.9847,-0.13550,-0.78564,1.81885,-127.0840,-11.0611,-32.2443
370121069,1.20471,0.05591,1.99994,-71.9008,91.1832,-53.8779,-0.11267,-0.77930,1.80188,-124.4733,-16.4962,-29.0687
370122068,0.98694,-0.81665,1.99994,-57.5038,72.5344,-57.6641,-0.08972,-0.77307,1.78455,-121.9160,-21.5725,-25.9389
370123068,0.88635,-2.00000,1.99994,-37.6641,61.5420,-55.7176,-0.04456,-0.76025,1.74573,-116.9542,-30.8015,-19.8779
370124068,0.55957,-2.00000,1.99994,-62.3893,43.9924,-54.1832,-0.02258,-0.75415,1.72632,-114.5267,-34.9924,-16.9237
370125068,0.10107,-2.00000,1.99994,-129.6031,41.3130,-73.8702,-0.00146,-0.74866,1.70569,-112.0992,-38.8855,-14.0458
370126067,-0.04004,-2.00000,1.99994,-173.1832,63.2595,-106.9847,0.01831,-0.74280,1.68335,-109.7023,-42.5191,-11.2366
370127067,0.50745,1.21960,1.99994,-191.8626,74.6183,-110.7786,0.03784,-0.73718,1.66064,-107.3435,-45.9008,-8.5420
370128067,1.54614,1.22156,1.99994,-240.9771,39.3664,-73.2748,0.05603,-0.73352,1.63892,-104.9847,-49.0076,-5.9389
370129067,1.07727,-0.33228,1.99994,-250.1374,-36.2748,-40.3817,0.07324,-0.73145,1.61694,-102.5878,-51.8321,-3.4580
370130067,0.43701,-0.75745,1.99994,-250.1374,-71.5420,-38.9008,0.09106,-0.72949,1.59399,-100.1985,-54.4351,-1.1069
370131067,0.97742,-0.08447,1.99994,-250.1374,-67.9389,-48.6565,0.10864,-0.72754,1.57031,-97.7939,-56.8168,1.1145
370132067,0.70459,1.24365,1.99994,-250.1374,-88.5496,-51.8626,0.12500,-0.72546,1.54602,-95.3435,-58.9695,3.1908
370133067,-0.07178,1.99994,1.99994,-250.1374,-126.4275,-52.9389,0.14148,-0.72351,1.52173,-92.8550,-60.8626,5.1374
370134067,-0.26770,1.99994,1.98022,-166.7710,-155.0458,-50.7786,0.15845,-0.72229,1.49756,-90.3206,-62.4962,6.9160
370135065,-0.48914,0.97034,1.31775,-123.8931,-170.3664,-39.8321,0.17456,-0.72192,1.47314,-87.7328,-63.9237,8.5115
370136069,-0.98499,-0.55298,0.19043,-131.8626,-159.2443,-36.2137,0.19019,-0.72314,1.44885,-85.0992,-65.1374,9.9466
370137068,-1.26074,-0.50330,-0.73157,-122.2595,-135.7099,-46.8168,0.20642,-0.72559,1.42529,-82.3969,-66.1145,11.2443
370138068,-1.13904,0.55054,-1.20667,-99.4198,-120.8626,-56.1298,0.22314,-0.72949,1.40247,-79.5954,-66.8931,12.3969
370139067,-1.17725,1.27002,-1.77283,-104.7099,-115.0305,-51.4885,0.23828,-0.73376,1.38025,-76.7099,-67.4733,13.4046
370140067,-1.60120,0.91272,-2.00000,-140.5420,-103.8702,-35.0992,0.25293,-0.73755,1.35779,-73.7786,-67.8321,14.2519
370141067,-1.68091,-0.24622,-2.00000,-185.8321,-72.2748,-19.9008,0.26758,-0.74109,1.33374,-70.8015,-67.9542,14.9618
370142068,-1.41858,-1.06042,-2.00000,-218.7863,-38.6794,-17.1603,0.28174,-0.74500,1.31018,-67.7634,-67.8779,15.5115
370143068,-1.37793,-0.41443,-1.62610,-223.1221,-17.6183,-27.0000,0.29626,-0.74951,1.28809,-64.6870,-67.6412,15.9389
370144067,-1.18872,1.48706,-0.47913,-205.5191,8.2977,-36.1679,0.31152,-0.75330,1.26416,-61.5649,-67.2443,16.2977
370145067,-0.74207,1.99994,0.38940,-195.4733,26.2214,-26.8779,0.32739,-0.75818,1.23999,-58.3817,-66.6565,16.6565
370146067,-0.27161,1.99994,0.62634,-199.6870,27.4351,-2.3282,0.34192,-0.76306,1.21863,-55.1985,-65.8931,16.8702
370147065,0.37708,1.02881,1.98328,-182.5115,28.6489,13.5420,0.35437,-0.76599,1.19763,-52.1374,-65.0458,16.8855
370148069,0.51404,-0.35474,1.99994,-154.9313,12.3206,15.0153,0.36670,-0.76917,1.17578,-49.2061,-64.1527,16.8397
370149068,0.37415,-0.61353,1.99994,-168.3359,1.4733,15.4885,0.37830,-0.77234,1.15344,-46.3893,-63.1832,16.7939
370150067,1.13171,1.05920,1.99994,-213.1756,2.7252,21.4885,0.38904,-0.77563,1.13147,-43.6718,-62.0992,16.7328
370151068,1.79980,1.99994,1.99994,-250.1374,-29.1374,43.9771,0.39880,-0.77869,1.11072,-41.0382,-60.9313,16.5954
370152068,1.76001,1.99994,1.99994,-250.1374,-88.1985,79.4885,0.40735,-0.78235,1.08923,-38.5191,-59.7557,16.4122
370153068,1.81470,1.09204,1.99994,-250.1374,-142.8779,104.9237,0.41504,-0.78564,1.06641,-36.1527,-58.5573,16.2137
370154068,1.50256,-0.72009,1.99994,-250.1374,-197.0458,114.3740,0.42212,-0.78735,1.04272,-33.9313,-57.3282,16.0076
370155067,0.55554,-1.14600,1.99994,-250.1374,-243.3053,111.9389,0.42883,-0.78906,1.01929,-31.8550,-56.1069,15.7786
370156068,-0.06653,-0.60095,1.51868,-250.1374,-250.1374,100.1145,0.43433,-0.79102,0.99634,-29.9313,-54.8931,15.5725
370157068,-0.36621,-0.37610,1.28796,-218.3435,-250.1374,84.1374,0.43884,-0.79431,0.97424,-28.1832,-53.6794,15.4198
370158068,-0.78333,-0.57336,0.30505,-165.3435,-250.1374,67.7481,0.44275,-0.79736,0.95312,-26.5802,-52.5191,15.1985
370159068,-1.74426,-0.98828,-2.00000,-147.5267,-250.1374,56.1679,0.44568,-0.79980,0.93152,-25.1450,-51.4351,14.9542
370160068,-2.00000,-1.44006,-2.00000,-145.2290,-230.3511,42.8550,0.44727,-0.80286,0.90906,-23.8702,-50.4427,14.7328
370161068,-2.00000,-1.56177,-2.00000,-137.3053,-173.9313,23.8473,0.44849,-0.80591,0.88611,-22.7023,-49.5191,14.5573
370162068,-2.00000,-1.03406,-2.00000,-145.5573,-128.1298,9.2214,0.45007,-0.80994,0.86365,-21.6183,-48.6412,14.3588
370163068,-1.97925,-0.11267,-2.00000,-168.8092,-87.5496,6.2977,0.45117,-0.81384,0.84363,-20.6336,-47.8473,14.1832
370164068,-1.19873,0.98828,-0.96802,-186.2595,-44.8321,12.0458,0.45178,-0.81714,0.82422,-19.7176,-47.1298,14.0000
370165068,-0.88147,1.59070,-0.84717,-201.2748,-26.5878,29.4656,0.45264,-0.82092,0.80347,-18.8397,-46.4656,13.8397
370166067,-1.23682,0.90820,-1.62427,-202.0916,-31.4656,48.0687,0.45300,-0.82532,0.78345,-18.0153,-45.8626,13.6794
370167068,-0.96765,-0.33545,-1.32129,-171.7405,-37.7634,51.0305,0.45227,-0.82935,0.76428,-17.2366,-45.3511,13.5420
370168068,0.18762,-0.91187,0.23853,-142.8015,-48.2061,43.7710,0.45044,-0.83179,0.74475,-16.4885,-44.9313,13.4351
370169067,0.50403,-0.05139,0.99634,-140.1450,-86.3359,37.5267,0.44812,-0.83276,0.72559,-15.7710,-44.6183,13.3359
370170067,0.13403,1.39307,0.60950,-133.5649,-126.9008,35.9695,0.44629,-0.83374,0.70642,-15.1298,-44.3969,13.2595
370171068,0.52490,1.99994,1.43933,-94.8779,-136.0687,35.8397,0.44507,-0.83533,0.68823,-14.5649,-44.2443,13.2214
370172067,0.82019,1.76721,1.99994,-48.7863,-148.8779,35.9008,0.44360,-0.83704,0.67102,-14.0076,-44.1527,13.2061
370173067,0.19983,0.38354,0.85840,-37.1908,-173.6870,40.4275,0.44250,-0.83813,0.65417,-13.4885,-44.1221,13.1756
370174068,-0.48877,-0.67786,-0.57324,-49.4046,-172.7176,38.5420,0.44226,-0.83765,0.63806,-13.0153,-44.2061,13.1603
370175067,-0.82117,-0.50842,-1.31775,-49.5573,-168.3206,26.8397,0.44287,-0.83667,0.62085,-12.6107,-44.3511,13.1450
370176067,-1.31885,-0.02673,-2.00000,-41.3588,-181.7786,20.8855,0.44373,-0.83521,0.60413,-12.2214,-44.5420,13.1374
370177067,-2.00000,0.01111,-2.00000,-26.9847,-202.9313,22.4885,0.44434,-0.83276,0.59033,-11.8473,-44.7863,13.1298
370178068,-2.00000,-0.42749,-2.00000,-8.8702,-194.3893,26.1603,0.44458,-0.83020,0.57715,-11.5267,-45.0687,13.1374
370179067,-1.88232,-1.30884,-2.00000,-20.1756,-160.0076,36.4122,0.44604,-0.82727,0.56372,-11.2672,-45.3435,13.1756
370180068,-2.00000,-1.78271,-2.00000,-59.4580,-126.3740,44.2748,0.44836,-0.82434,0.55029,-11.0687,-45.6565,13.2061
370181068,-2.00000,-1.29932,-2.00000,-72.1756,-81.2519,38.0534,0.44958,-0.82275,0.53748,-10.9160,-46.0229,13.2366
370182068,-2.00000,-0.48657,-2.00000,-58.9237,-19.9389,26.6870,0.45178,-0.82227,0.52551,-10.8168,-46.4427,13.2595
370183068,-1.98108,-0.10498,-2.00000,-65.5496,37.6794,23.0534,0.45569,-0.82104,0.51355,-10.7481,-46.8550,13.2824
370184068,-1.48621,-0.18237,-2.00000,-82.7252,73.4351,20.7252,0.45984,-0.81787,0.50171,-10.7176,-47.2443,13.3130
370185067,-0.93225,-0.31714,-1.71289,-66.9542,80.9847,8.8015,0.46240,-0.81421,0.49048,-10.7328,-47.6412,13.3359
370186068,-0.36243,-0.22510,-1.12268,-20.4580,61.9924,-11.8931,0.46448,-0.81030,0.48010,-10.8092,-48.0305,13.3511
370187067,0.11682,0.02539,-0.21155,14.8550,30.8168,-26.0611,0.46777,-0.80664,0.46973,-10.9160,-48.3817,13.3664
370188067,0.50098,0.37231,0.45593,16.1221,0.4504,-24.3893,0.47217,-0.80457,0.45923,-11.0382,-48.7023,13.4122
370189067,0.59937,0.76184,0.56897,5.9924,-29.8702,-12.3130,0.47656,-0.80322,0.44800,-11.1832,-49.0153,13.4427
370190067,0.34094,0.74097,1.03833,13.9924,-52.4733,0.1221,0.48083,-0.80237,0.43762,-11.3740,-49.3130,13.4427
370191067,0.15369,0.42358,1.99994,35.0611,-55.9542,7.3588,0.48547,-0.80151,0.42822,-11.5878,-49.5725,13.4198
370192067,0.17188,0.28870,1.99994,36.7786,-52.7023,14.7786,0.48999,-0.80078,0.41846,-11.8092,-49.8015,13.4046
370193067,-0.27832,0.28735,0.32874,9.1527,-53.7328,25.6260,0.49487,-0.80054,0.40857,-12.0229,-49.9924,13.3969
370194068,-0.64343,0.35400,-0.56274,-2.9389,-48.2290,28.4046,0.49988,-0.80005,0.39954,-12.2290,-50.1603,13.3740
370195068,-0.34180,0.38220,0.23584,15.0000,-42.4351,21.4046,0.50513,-0.79822,0.39124,-12.4275,-50.2901,13.3206
370196068,-0.05530,0.02234,0.71802,26.1985,-50.9160,16.7939,0.51025,-0.79602,0.38269,-12.6336,-50.3969,13.2366
370197067,-0.34875,-0.36255,0.01953,16.4962,-71.6641,17.1679,0.51440,-0.79419,0.37488,-12.8168,-50.4504,13.1603
370198068,-0.67383,-0.50635,-0.52197,-0.0687,-77.9237,21.0992,0.51929,-0.79333,0.36707,-12.9695,-50.4656,13.1069
370199067,-0.48059,-0.63025,-0.26562,-17.7710,-67.9389,28.3282,0.52429,-0.79297,0.35828,-13.0840,-50.4504,13.0611
370200067,-0.55396,-0.65076,-0.49463,-32.9160,-66.8244,36.0611,0.52820,-0.79358,0.35046,-13.1832,-50.4122,12.9695
370201067,-0.92676,-0.48157,-1.41980,-34.5573,-68.1832,41.2443,0.53259,-0.79529,0.34265,-13.2366,-50.3130,12.8550
370202067,-0.90698,-0.07751,-1.66650,-33.5191,-55.6489,44.8626,0.53748,-0.79663,0.33264,-13.2672,-50.1832,12.7328
370203068,-0.85986,0.07471,-1.28320,-51.8244,-37.7481,53.6107,0.54236,-0.79700,0.32300,-13.2366,-50.0458,12.5802
370204067,-1.03735,-0.34229,-0.89709,-73.6260,-16.1756,60.9389,0.54700,-0.79663,0.31470,-13.1527,-49.8855,12.3893
370205068,-1.12378,-0.72131,-0.60559,-67.0763,2.6794,54.9313,0.55164,-0.79663,0.30664,-13.0229,-49.6565,12.2366
370206067,-1.08643,-0.74609,-0.52771,-41.4580,12.1298,40.7252,0.55664,-0.79749,0.30115,-12.8473,-49.3817,12.0687
370207068,-0.81006,-0.56177,-0.25537,-28.3588,22.9313,30.1221,0.56165,-0.79761,0.29626,-12.6565,-49.0763,11.8931
370208068,-0.40479,-0.26892,0.25598,-35.9313,30.5725,28.1603,0.56653,-0.79736,0.28979,-12.4427,-48.7557,11.6947
370209067,-0.04761,-0.01477,0.82947,-47.6031,29.8931,32.5038,0.57288,-0.79736,0.28345,-12.1985,-48.3893,11.4809
370210067,0.25305,0.05090,1.34436,-48.7328,15.8550,39.1069,0.57922,-0.79626,0.27820,-11.9008,-47.9771,11.2748
370211068,0.37671,-0.18823,1.49622,-44.3740,-8.0992,47.4351,0.58325,-0.79553,0.27258,-11.5496,-47.5496,11.0611
370212068,0.31836,-0.53015,1.34863,-50.7634,-29.2748,56.7939,0.58679,-0.79626,0.26697,-11.1450,-47.0687,10.8779
370213068,0.12781,-0.61108,1.00024,-68.7023,-44.3588,64.4656,0.59094,-0.79688,0.26196,-10.7176,-46.5267,10.6718
370214068,-0.13599,-0.34949,0.58008,-78.8473,-56.2290,67.4046,0.59460,-0.79724,0.25696,-10.2748,-45.9160,10.4656
370215067,-0.39917,-0.01428,0.25647,-69.9695,-64.1527,65.4351,0.59851,-0.79590,0.25183,-9.7863,-45.2595,10.2748
370216068,-0.73608,0.11401,-0.05481,-54.0153,-66.4580,61.5344,0.60242,-0.79858,0.24683,-9.1985,-44.5344,10.2290
370217067,-1.20691,-0.06067,-0.52307,-45.9313,-61.0305,60.0229,0.60510,-0.80212,0.24402,-8.5420,-43.7328,10.1069
370218067,-1.57654,-0.72437,-1.06567,-45.5115,-47.8626,62.1069,0.60718,-0.80127,0.24231,-7.9466,-42.9695,9.7786
370219067,-1.69263,-1.81262,-1.27637,-46.6718,-28.2137,63.7023,0.61011,-0.80127,0.23999,-7.3969,-42.2290,9.4427
370220067,-1.63220,-2.00000,-1.12219,-50.6870,-6.5573,61.2595,0.61365,-0.80139,0.23669,-6.8244,-41.4580,9.1450
370221068,-1.47021,-2.00000,-1.17419,-59.8931,11.8321,55.1145,0.61646,-0.80139,0.23340,-6.2290,-40.6031,8.9160
370222067,-1.40088,-1.70935,-1.44617,-73.4046,24.9466,51.2901,0.61926,-0.80151,0.23145,-5.6336,-39.7099,8.7023
370223068,-1.39526,-1.06274,-1.29248,-90.9542,34.7634,55.3435,0.62158,-0.80176,0.22900,-5.0229,-38.7786,8.5038
370224068,-1.09485,-1.19836,-0.42493,-109.8550,47.0763,62.8931,0.62341,-0.80127,0.22644,-4.3969,-37.7939,8.2977
370225067,-0.62134,-1.82629,0.30713,-123.0305,54.8550,64.8473,0.62463,-0.80029,0.22351,-3.7863,-36.7863,8.0916
370226068,-0.29114,-2.00000,0.63855,-123.5802,56.5954,55.5496,0.62695,-0.79651,0.21875,-2.6183,-34.6947,7.6641
370227067,0.00269,-1.81824,1.26807,-108.1756,59.7939,36.6031,0.62732,-0.79358,0.21533,-2.0382,-33.6565,7.4504
370228068,0.13904,-0.86182,1.56030,-86.2901,53.5954,19.3893,0.62683,-0.79065,0.21216,-1.5115,-32.6107,7.2214
370229067,0.09827,-0.12207,1.21582,-69.2901,39.4580,11.9084,0.62524,-0.78821,0.20813,-1.0534,-31.5573,6.9924
370230067,0.60815,0.05371,1.59241,-29.3740,13.0840,9.5802,0.62244,-0.78564,0.20325,-0.6641,-30.5191,6.7710
370231068,0.67236,-0.12561,1.54102,-24.6107,-4.9313,13.9924,0.62036,-0.78186,0.19873,-0.3435,-29.5191,6.5649
370232067,0.45813,-0.03625,1.10071,-31.3817,-20.7863,20.6031,0.61890,-0.77771,0.19543,-0.0763,-28.5802,6.3511
370233068,0.26294,0.33350,0.78064,-34.5115,-27.4504,27.6260,0.61755,-0.77393,0.19287,0.1145,-27.6947,6.1603
370234068,0.14526,0.60767,0.50928,-37.4351,-29.4198,37.0534,0.61658,-0.77075,0.18970,0.2672,-26.8321,5.9771
370235068,-0.10242,0.39380,0.14600,-46.5954,-29.3740,48.7252,0.61572,-0.76843,0.18518,0.3740,-26.0153,5.7939
370236068,-0.36707,-0.22351,0.03699,-52.6260,-22.6183,55.8244,0.61426,-0.76636,0.18091,0.3969,-25.2748,5.6107
370237068,-0.37573,-0.69641,0.27332,-47.2061,-8.4733,52.5344,0.61194,-0.76440,0.17688,0.3588,-24.6107,5.4504
370238067,-0.31775,-0.82031,0.15686,-36.2901,0.4962,43.2595,0.61035,-0.76257,0.17224,0.2901,-24.0000,5.3206
370239067,-0.33398,-0.77600,-0.17175,-22.5649,5.4504,33.4504,0.60828,-0.76086,0.16711,0.1985,-23.4504,5.2061
370240068,-0.12708,-0.73035,0.08533,-6.6031,11.4733,25.2748,0.60400,-0.75952,0.16284,0.0840,-22.9466,5.1069
370241067,0.21558,-0.86450,0.66199,1.3511,14.6107,22.0687,0.59973,-0.75928,0.15820,-0.0763,-22.5038,5.0229
370242067,0.30176,-1.11255,0.85730,-1.5420,9.4656,22.5191,0.59583,-0.76038,0.15161,-0.2595,-22.1298,4.9695
370243067,0.25195,-1.14624,0.75720,-1.9695,3.3206,21.4656,0.59180,-0.76160,0.14563,-0.4351,-21.8168,4.9237
370244068,0.28931,-0.96960,0.72009,1.3206,-1.2977,20.0382,0.58777,-0.76257,0.14001,-0.6031,-21.5725,4.8702
370245068,0.30359,-0.79639,0.77405,-2.7481,-6.3893,21.4962,0.58386,-0.76331,0.13428,-0.7786,-21.4351,4.8244
370246068,0.31421,-0.63989,1.14905,-9.9695,-7.7023,23.5344,0.58032,-0.76453,0.12866,-0.9618,-21.3817,4.8168
370247068,0.32959,-0.50549,1.40527,-9.1756,-11.6794,23.9466,0.57678,-0.76562,0.12244,-1.1527,-21.3664,4.8397
370248067,0.19763,-0.53113,0.94897,-3.1756,-22.7863,23.7252,0.57361,-0.76550,0.11682,-1.3053,-21.3664,4.8779
370249068,0.01831,-0.67175,0.34460,6.0458,-32.4885,21.9160,0.57031,-0.76514,0.11194,-1.4427,-21.3969,4.9389
370250067,0.04553,-0.71460,0.32764,16.1221,-33.7099,18.9313,0.56665,-0.76428,0.10632,-1.5725,-21.4580,5.0229
370251068,0.14563,-0.64856,0.58655,16.0458,-32.9389,19.6794,0.56323,-0.76343,0.10071,-1.6870,-21.5496,5.1298
370252067,0.05408,-0.67383,0.44348,7.3817,-35.8779,25.3740,0.56055,-0.76367,0.09607,-1.7863,-21.6947,5.2519
370253067,-0.10046,-0.88550,0.10803,5.2672,-36.3893,31.0076,0.55811,-0.76453,0.09082,-1.8779,-21.8702,5.3740
370254068,-0.13806,-1.13684,0.02673,8.1832,-31.0916,33.4504,0.55530,-0.76416,0.08508,-1.9466,-22.0763,5.4656
370255067,-0.14490,-1.27856,0.06323,2.7328,-22.8015,34.2366,0.55237,-0.76245,0.08008,-2.0229,-22.3282,5.5878
370256068,-0.22009,-1.27625,-0.03918,-6.6489,-17.0992,33.6489,0.55005,-0.76013,0.07605,-2.1069,-22.5725,5.7099
370257067,-0.29749,-1.22278,-0.10925,-5.4733,-14.1908,29.7328,0.54761,-0.75818,0.07129,-2.2214,-22.8244,5.8550
370258067,-0.34229,-1.37805,-0.05676,6.8473,-13.9466,22.8855,0.54626,-0.75598,0.06567,-2.3664,-23.0916,6.0229
370259067,-0.39795,-1.73914,-0.00989,19.7481,-13.5420,14.2977,0.54480,-0.75366,0.05981,-2.5573,-23.3740,6.2290
370260067,-0.35779,-1.88354,0.19141,27.5878,-8.6031,4.4198,0.54297,-0.75159,0.05505,-2.7710,-23.6641,6.4427
370261068,-0.19971,-1.56860,0.53894,29.8473,-1.6260,-4.0840,0.54211,-0.74939,0.05176,-3.0534,-23.9924,6.6641
370262067,-0.06433,-1.09802,0.74500,27.5573,2.0763,-7.0076,0.54077,-0.74707,0.04761,-3.3969,-24.3282,6.9160
370263068,0.02405,-0.81299,0.82263,25.9084,2.2901,-4.8015,0.53931,-0.74512,0.04297,-3.7863,-24.6489,7.1908
370264068,0.09961,-0.68982,0.89648,25.6718,-0.5573,-0.5878,0.53821,-0.74255,0.03845,-4.2366,-25.0000,7.4962
370265067,0.11792,-0.62317,0.90820,19.6641,-6.8626,4.9466,0.53687,-0.73889,0.03406,-4.7405,-25.3588,7.8015
370266067,0.12488,-0.54663,0.89148,10.3053,-14.7099,10.3053,0.53625,-0.73523,0.02881,-5.2977,-25.6947,8.1374
370267068,0.22461,-0.45593,1.05603,8.8397,-20.8855,13.0763,0.53564,-0.73254,0.02271,-5.9160,-26.0458,8.4504
370268067,0.23291,-0.50598,1.23840,15.9466,-29.5725,14.3588,0.53406,-0.73096,0.01733,-6.5802,-26.3969,8.7634
370269067,0.03796,-0.87500,0.93945,23.7557,-42.0840,16.3588,0.53198,-0.72925,0.01208,-7.2901,-26.7481,9.0916
370270067,-0.14099,-1.42944,0.32422,29.3588,-50.7786,16.8473,0.53040,-0.72827,0.00549,-8.0382,-27.1069,9.4275
370271067,-0.20154,-1.66565,0.09204,32.6489,-51.0153,12.6565,0.52966,-0.72778,-0.00073,-8.7939,-27.4580,9.7710
370272068,-0.16125,-1.45398,0.46082,31.8092,-44.5038,6.9924,0.52954,-0.72852,-0.00476,-9.5649,-27.8244,10.1756
370273067,-0.13977,-1.21313,0.70142,26.3359,-40.8473,5.2824,0.53015,-0.72986,-0.00586,-10.3511,-28.2214,10.5496
370274068,-0.23328,-1.21179,0.30823,19.1221,-42.1527,7.0382,0.53040,-0.73047,-0.00598,-11.1756,-28.6794,10.8168
370275068,-0.32629,-1.26050,-0.13098,13.6565,-41.3588,6.5878,0.52991,-0.73083,-0.00757,-12.0305,-29.1832,11.0992
370276068,-0.25745,-1.15747,-0.08264,10.3435,-35.9542,2.7557,0.53015,-0.73108,-0.01050,-12.8855,-29.6947,11.3969
370277067,-0.10730,-1.00488,0.17285,6.4504,-32.6870,-0.2748,0.52979,-0.73047,-0.01331,-13.7328,-30.2214,11.6947
370278067,-0.13855,-0.93103,0.07031,5.2672,-39.3817,-0.4046,0.52942,-0.72961,-0.01465,-14.5649,-30.7405,11.9542
370279067,-0.27661,-0.95398,-0.26770,12.1832,-48.3435,-0.2443,0.53027,-0.72937,-0.01562,-15.3969,-31.2366,12.1985
370280067,-0.31531,-0.98254,-0.39087,22.5267,-51.1450,-1.2443,0.53137,-0.72998,-0.01758,-16.2214,-31.6947,12.4427
370281067,-0.30457,-0.89294,-0.35510,25.0382,-48.4122,-1.2214,0.53259,-0.73169,-0.01978,-17.0382,-32.1298,12.7023
370282067,-0.28271,-0.62500,-0.35596,19.9008,-43.3969,1.2443,0.53540,-0.73340,-0.02197,-17.8550,-32.5725,12.9542
370283067,-0.27380,-0.32129,-0.44543,15.0916,-39.6641,5.7328,0.53894,-0.73450,-0.02405,-18.6794,-33.0229,13.1908
370284067,-0.27344,-0.29797,-0.60193,12.2824,-36.1832,11.4198,0.54150,-0.73621,-0.02441,-19.4580,-33.4733,13.3893
370285067,-0.35156,-0.55542,-0.61487,8.3206,-30.9618,15.9084,0.54407,-0.73853,-0.02380,-20.2061,-33.8931,13.5267
370286067,-0.51733,-0.88074,-0.40222,3.5954,-24.8702,17.8931,0.54700,-0.74121,-0.02307,-20.9466,-34.2595,13.6107
370287067,-0.51648,-1.32300,-0.27466,-0.3053,-20.2137,18.6565,0.54993,-0.74451,-0.02197,-21.6336,-34.6107,13.6718
370288067,-0.44250,-1.72900,-0.30127,-4.9618,-18.0305,17.5802,0.55310,-0.74866,-0.01990,-22.2214,-34.9389,13.6794
370289068,-0.40186,-1.68079,-0.21143,-12.3511,-14.1908,14.2290,0.55664,-0.75269,-0.01697,-22.7557,-35.2061,13.6336
370290067,-0.19165,-1.17542,0.19092,-21.4427,-6.6336,11.6412,0.56140,-0.75757,-0.01367,-23.2290,-35.3511,13.5496
370291067,0.19653,-0.63196,0.81226,-26.6870,-0.8626,12.3359,0.56738,-0.76355,-0.01086,-23.6260,-35.4122,13.3893
370292067,0.45569,-0.26550,1.45325,-27.4504,-1.6107,15.9008,0.57336,-0.76880,-0.00854,-23.9618,-35.4198,13.1832
370293067,0.38293,-0.32434,1.60645,-30.3740,-12.3053,23.6183,0.57959,-0.77356,-0.00476,-24.2290,-35.3359,12.9389
370294067,0.17554,-1.06995,0.94885,-40.8244,-29.6107,33.9084,0.58557,-0.77869,-0.00037,-24.3817,-35.1145,12.6489
370295067,0.07898,-1.80933,0.56714,-56.4962,-40.5115,39.1985,0.59131,-0.78369,0.00244,-24.4198,-34.7863,12.3282
370296067,0.10156,-1.55664,0.91333,-69.7328,-47.5115,37.0000,0.59778,-0.78784,0.00562,-24.3511,-34.3664,11.9618
370297067,0.16138,-0.62476,1.17334,-74.7023,-55.2137,34.7328,0.60400,-0.79248,0.00989,-24.1985,-33.8321,11.5725
370298067,0.18091,-0.09326,1.13440,-72.7710,-63.5573,38.7481,0.61072,-0.79968,0.01514,-23.9695,-33.1908,11.2290
370299067,0.15308,-0.23950,1.06689,-71.9847,-68.0229,47.0382,0.61865,-0.80835,0.02002,-23.6641,-32.4122,10.8702
370300067,0.12036,-0.71729,0.77271,-81.5344,-68.1527,55.1450,0.62646,-0.81567,0.02539,-23.2214,-31.4656,10.3130
370301067,-0.01489,-1.14893,0.19788,-96.8321,-67.6565,58.8015,0.63391,-0.82141,0.03198,-22.6641,-30.4046,9.6031
370302067,-0.12500,-1.27466,0.05908,-98.2137,-66.4351,55.6489,0.64014,-0.82739,0.03894,-21.9695,-29.2137,8.8397
370303067,-0.16602,-1.27869,-0.09399,-83.3893,-75.8626,51.1221,0.64551,-0.83435,0.04517,-21.1679,-27.9160,8.0916
370304067,-0.42578,-1.50427,-0.96240,-75.0000,-94.6870,50.8702,0.65088,-0.84167,0.05054,-20.2519,-26.4885,7.3282
370305067,-0.76868,-1.69202,-1.71533,-75.2443,-103.9542,48.9618,0.65674,-0.84851,0.05530,-19.2519,-24.9008,6.5344
370306067,-0.82178,-1.35168,-1.57202,-69.9389,-93.8244,39.9008,0.66211,-0.85486,0.05945,-18.1527,-23.1756,5.7023
370307067,-0.72070,-0.76477,-1.23462,-58.9237,-79.5496,29.4809,0.66760,-0.86096,0.06384,-16.9389,-21.3282,4.8397
370308067,-0.87048,-0.56628,-1.50806,-45.3588,-71.7863,22.8244,0.67322,-0.86682,0.06812,-15.6183,-19.3664,3.9771
370309067,-1.12146,-0.84827,-1.98718,-31.6412,-60.8855,18.3435,0.67725,-0.87292,0.07190,-14.2061,-17.3282,3.1145
370310067,-1.14099,-1.23291,-2.00000,-29.6183,-41.4504,14.2443,0.68115,-0.87866,0.07605,-12.7328,-15.2214,2.2824
370311068,-1.09302,-1.36304,-2.00000,-36.1756,-21.9160,9.1069,0.68481,-0.88367,0.07886,-11.2290,-13.0611,1.4427
370312068,-1.05078,-1.08215,-2.00000,-31.0763,-8.5191,1.8092,0.68677,-0.88855,0.08020,-9.6947,-10.8244,0.6183
370313068,-0.83972,-0.52026,-1.54919,-15.6794,-0.0763,-2.8626,0.68799,-0.89294,0.08179,-8.1298,-8.5191,-0.1756
370314067,-0.58655,-0.16199,-0.98108,-14.0000,3.5802,2.4046,0.68909,-0.89661,0.08313,-6.5267,-6.1603,-0.9160
370315067,-0.42627,-0.24500,-0.69543,-31.6947,7.0534,15.7252,0.68970,-0.90076,0.08411,-4.9160,-3.7786,-1.6489
370316068,-0.27393,-0.41565,-0.42151,-49.0000,10.4122,27.0916,0.68945,-0.90417,0.08521,-3.3435,-1.3893,-2.3740
370317068,-0.10425,-0.46082,-0.06079,-52.7252,8.8321,32.1374,0.68848,-0.90649,0.08643,-1.8244,0.9924,-3.0458
370318068,-0.03003,-0.53284,0.16174,-49.3740,0.0916,34.0229,0.68860,-0.90942,0.08752,-0.3511,3.2977,-3.6489
370319068,-0.05737,-0.63940,0.14563,-47.4580,-10.7252,35.0305,0.69019,-0.91296,0.08862,1.0992,5.5649,-4.1832
370320068,-0.09106,-0.69446,0.07678,-46.3588,-18.7481,34.5115,0.69104,-0.91638,0.08911,2.5267,7.8015,-4.7023
370321068,-0.14734,-0.73682,0.04468,-40.8550,-25.6718,31.5344,0.68982,-0.92004,0.08838,3.9084,9.9618,-5.1603
370322068,-0.19080,-0.77161,0.09009,-26.4504,-30.6260,25.4580,0.68811,-0.92371,0.08728,5.2443,12.0458,-5.5573
370323068,-0.21313,-0.79004,0.05835,-6.2366,-34.0840,17.9847,0.68677,-0.92676,0.08569,6.5115,14.0458,-5.8931
370324067,-0.33374,-0.86731,-0.19763,7.8015,-36.8702,13.0763,0.68518,-0.92932,0.08289,7.7176,15.9618,-6.2290
370325067,-0.48755,-0.98499,-0.49719,9.4046,-37.3511,12.3740,0.68298,-0.93201,0.07996,8.8702,17.7710,-6.5573
370326067,-0.53552,-1.06873,-0.69836,5.6718,-34.6412,13.7634,0.68079,-0.93445,0.07751,10.0000,19.4427,-6.8244
370327067,-0.64331,-1.10767,-0.92725,3.8473,-33.5191,14.6870,0.67847,-0.93640,0.07495,11.1069,20.9924,-7.0458
370328067,-0.79504,-1.15198,-1.16260,5.4275,-32.0687,14.7786,0.67432,-0.93970,0.06946,13.2061,23.7328,-7.3817
370329067,-0.82666,-1.16663,-1.20410,8.7023,-27.4580,14.1069,0.67224,-0.94031,0.06592,14.1679,24.9313,-7.5496
370330067,-0.81860,-1.12598,-1.19226,9.3893,-21.3588,13.4275,0.66943,-0.94055,0.06250,15.0687,26.0076,-7.6718
370331067,-0.84290,-1.15283,-1.20325,7.1069,-14.2901,12.9618,0.66675,-0.94055,0.05847,15.9084,26.9542,-7.7252
370332067,-0.83984,-1.26257,-1.14624,8.2061,-7.0840,10.7863,0.66394,-0.93982,0.05457,16.6870,27.7863,-7.7405
370333067,-0.74963,-1.31079,-0.99207,14.3435,0.0000,5.9695,0.66187,-0.93982,0.05078,17.4046,28.5115,-7.7252
370334068,-0.69006,-1.20618,-0.86414,19.4351,4.8473,0.8092,0.66016,-0.94092,0.04712,18.0687,29.1832,-7.7099
370335068,-0.65649,-1.06934,-0.81384,21.1374,8.9313,-2.1221,0.65820,-0.94080,0.04382,18.6947,29.7481,-7.7023
370336068,-0.57373,-1.01111,-0.66614,22.3969,12.8015,-2.9389,0.65625,-0.93994,0.04016,19.2672,30.1756,-7.6641
370337068,-0.49805,-1.03723,-0.44287,24.4122,14.3817,-2.6412,0.65442,-0.93958,0.03760,19.7863,30.5267,-7.6107
370338068,-0.45508,-1.11292,-0.29285,25.9847,13.7176,-2.0840,0.65186,-0.93713,0.03638,20.2519,30.8092,-7.5496
370339068,-0.43433,-1.14697,-0.23584,25.7634,12.0916,-1.6107,0.64880,-0.93396,0.03479,20.6336,31.0305,-7.4733
370340067,-0.40540,-1.07056,-0.16748,23.6336,10.6260,-1.2824,0.64526,-0.93176,0.03174,20.9389,31.1527,-7.3511
370341068,-0.38135,-0.90991,-0.06079,21.7328,8.5878,-1.0305,0.64148,-0.92847,0.02917,21.1756,31.1527,-7.2443
370342068,-0.37524,-0.79700,0.00269,22.3435,6.0229,-0.8702,0.63879,-0.92456,0.02844,21.3359,31.0611,-7.1298
370343067,-0.37610,-0.81067,0.00989,24.8702,4.1145,-1.0382,0.63660,-0.92151,0.02759,21.4198,30.9237,-6.9847
370344067,-0.40259,-0.92688,-0.02173,26.3664,3.2443,-1.2137,0.63330,-0.91772,0.02759,21.3893,30.7557,-6.8168
370345067,-0.42712,-1.07642,-0.06689,25.3359,3.8855,-1.2443,0.62976,-0.91394,0.02795,21.2748,30.5115,-6.6489
370346067,-0.40479,-1.16736,-0.10022,23.2519,5.2366,-1.4351,0.62769,-0.91064,0.02795,21.0840,30.1908,-6.4962
370347067,-0.37036,-1.11157,-0.09692,22.0229,6.0534,-2.0076,0.62585,-0.90784,0.02844,20.8168,29.8015,-6.3435
370348068,-0.36902,-0.94177,-0.11414,21.3664,4.8779,-1.6947,0.62280,-0.90601,0.02966,20.4427,29.3740,-6.1985
370349067,-0.37744,-0.84680,-0.18933,19.2672,2.7863,0.7939,0.62000,-0.90442,0.03064,19.9695,28.9084,-6.0687
370350067,-0.38452,-0.90942,-0.22949,16.0687,1.4046,3.8931,0.61731,-0.90198,0.03040,19.4351,28.3817,-5.9389
370351068,-0.42432,-1.00830,-0.22607,15.0840,1.0305,4.7023,0.61389,-0.90002,0.03088,18.8550,27.7939,-5.7939
370352067,-0.47791,-1.03870,-0.26135,18.5038,1.4809,2.4885,0.61047,-0.89880,0.03186,18.2443,27.1527,-5.6412
370353067,-0.51587,-1.03113,-0.33582,24.4046,2.5420,-0.9924,0.60681,-0.89783,0.03369,17.5954,26.4580,-5.4809
370354067,-0.53369,-1.04041,-0.34888,28.9237,4.6718,-3.8244,0.60388,-0.89709,0.03650,16.8779,25.7023,-5.3130
370355068,-0.51404,-1.06006,-0.28625,30.4427,7.7405,-5.5573,0.60181,-0.89600,0.03833,16.1298,24.9084,-5.1298
370356068,-0.48206,-1.05969,-0.23889,30.4198,10.2214,-6.6260,0.59949,-0.89453,0.03943,15.4122,24.0534,-4.9542
370357067,-0.44910,-0.94360,-0.19897,30.5725,12.0992,-6.4504,0.59717,-0.89355,0.04126,14.7252,23.1756,-4.8015
370358067,-0.42725,-0.90674,-0.18774,25.9237,12.1756,-3.4122,0.59497,-0.89282,0.04407,14.0229,22.2595,-4.6260
370359067,-0.42639,-0.92175,-0.19275,17.8779,11.7863,0.9466,0.59302,-0.89148,0.04797,13.2901,21.2977,-4.4427
370360067,-0.43250,-0.95044,-0.16687,12.1832,11.0611,4.2901,0.59241,-0.89075,0.05176,12.5496,20.2824,-4.2672
370361067,-0.41711,-0.97388,-0.12280,11.2137,9.8626,5.6718,0.59167,-0.89001,0.05408,11.8092,19.2061,-4.0840
370362067,-0.41394,-0.99817,-0.13098,12.0763,8.2443,5.8702,0.58936,-0.88867,0.05591,11.0763,18.1069,-3.9008
370363068,-0.44067,-1.00818,-0.19434,12.8702,7.2366,5.3740,0.58716,-0.88684,0.05884,10.3359,16.9847,-3.7252
370364067,-0.45532,-1.00232,-0.23462,14.7710,7.6031,4.0840,0.58582,-0.88538,0.06409,9.6031,15.7939,-3.5191
370365067,-0.45471,-1.01208,-0.24573,19.4962,8.3817,1.8244,0.58386,-0.88489,0.06909,8.8855,14.5649,-3.3206
370366067,-0.47717,-1.04565,-0.30334,26.5878,8.8397,-1.1298,0.58130,-0.88477,0.07239,8.1756,13.2977,-3.1221
370367067,-0.52637,-1.08264,-0.40564,31.6336,9.6183,-3.4962,0.57922,-0.88464,0.07520,7.4580,11.9924,-2.9237
370368067,-0.53882,-1.10889,-0.44226,30.7710,12.2443,-4.1832,0.57825,-0.88501,0.07910,6.7405,10.7252,-2.7557
370369067,-0.51697,-1.10303,-0.38464,26.4809,15.6641,-3.7710,0.57764,-0.88623,0.08179,6.0229,9.4733,-2.6031
370370064,-0.50952,-1.05737,-0.32654,23.9084,17.9847,-3.3893,0.57776,-0.88708,0.08423,5.3435,8.1908,-2.4504
370371069,-0.49438,-1.01245,-0.30457,24.1221,19.1145,-3.0305,0.57886,-0.88794,0.08838,4.6794,6.8779,-2.2824
370372068,-0.48022,-1.00879,-0.29468,23.8397,19.5573,-2.0000,0.57996,-0.88879,0.09216,4.0534,5.5649,-2.1145
370373068,-0.45740,-1.02673,-0.23645,20.9160,20.9084,-0.4733,0.57971,-0.88928,0.09509,3.4504,4.2977,-1.9313
370374068,-0.40735,-1.03723,-0.12036,17.6718,22.4962,0.6565,0.57947,-0.88940,0.09814,2.8931,3.0382,-1.7710
370375067,-0.36279,-1.06177,-0.01221,17.6489,22.7176,0.8550,0.58069,-0.88916,0.10266,2.4046,1.7786,-1.6031
370376067,-0.31921,-1.09143,0.08020,20.6260,21.9618,0.0992,0.58264,-0.88928,0.10779,1.9924,0.5649,-1.4351
370377067,-0.27295,-1.08350,0.16431,22.6489,21.0611,-0.8397,0.58447,-0.88977,0.11169,1.6336,-0.5878,-1.2824
370378067,-0.24023,-1.03857,0.21912,21.3282,20.0305,-1.0458,0.58594,-0.88953,0.11499,1.3053,-1.6870,-1.1527
370379068,-0.22021,-0.99756,0.25061,19.2061,18.1679,-0.6947,0.58740,-0.88916,0.11755,1.0076,-2.7405,-1.0458
370380068,-0.21301,-1.01025,0.26233,19.6107,14.7939,-0.4733,0.58777,-0.88904,0.11938,0.7710,-3.7405,-0.9466
370381067,-0.22412,-1.08447,0.24036,21.2366,10.6947,-0.4656,0.58789,-0.88916,0.12122,0.5802,-4.7023,-0.8550
370382067,-0.24597,-1.15906,0.20459,20.7328,7.4504,-0.4427,0.58826,-0.88879,0.12305,0.3969,-5.6336,-0.7405
370383067,-0.24939,-1.14966,0.21118,18.0840,6.0229,-0.4351,0.58887,-0.88818,0.12524,0.2595,-6.5267,-0.6565
370384067,-0.23010,-1.05042,0.25500,15.6336,5.3435,-0.2977,0.59058,-0.88770,0.12805,0.1603,-7.3588,-0.6031
370385067,-0.22449,-0.94360,0.25879,14.8321,4.1527,0.2824,0.59241,-0.88684,0.12952,0.1221,-8.1450,-0.5725
370386068,-0.23633,-0.91003,0.21545,15.1985,2.8168,1.4198,0.59387,-0.88574,0.13062,0.1145,-8.8779,-0.5420
370387067,-0.24243,-0.94482,0.18042,14.9466,1.8550,2.8168,0.59546,-0.88562,0.13208,0.1221,-9.5267,-0.5267
370388068,-0.24951,-0.98926,0.15845,13.2137,0.7252,4.0916,0.59668,-0.88586,0.13342,0.1527,-10.1603,-0.4962
370389068,-0.27100,-1.01965,0.11804,11.9008,-1.1374,4.8473,0.59656,-0.88562,0.13538,0.2366,-10.7863,-0.4656
370390068,-0.29272,-1.05432,0.07275,12.7405,-3.4962,5.0076,0.59717,-0.88538,0.13477,0.3359,-11.3817,-0.4809
370391068,-0.31152,-1.11621,0.03320,14.0382,-5.9618,5.1145,0.59827,-0.88525,0.13196,0.4656,-11.9084,-0.5344
370392068,-0.33728,-1.19177,-0.01367,13.0916,-7.8092,5.5954,0.59912,-0.88538,0.12976,0.6412,-12.3740,-0.5802
370393068,-0.35828,-1.24353,-0.06079,9.9924,-8.4809,6.1298,0.60071,-0.88562,0.12720,0.8473,-12.8092,-0.6260
370394068,-0.36780,-1.26099,-0.09302,7.0305,-8.3588,6.2748,0.60229,-0.88562,0.12488,1.0992,-13.2290,-0.6718
370395067,-0.38647,-1.26172,-0.12024,5.3511,-8.2595,6.0153,0.60364,-0.88562,0.12268,1.3588,-13.6412,-0.7023
370396068,-0.41663,-1.25854,-0.15845,4.1527,-8.1221,5.6336,0.60547,-0.88623,0.12036,1.5878,-14.0153,-0.7405
370397068,-0.43213,-1.24719,-0.19214,2.3130,-7.4504,5.3053,0.60742,-0.88745,0.11719,1.8244,-14.3511,-0.7710
370398068,-0.42969,-1.21875,-0.19739,0.4046,-6.4580,4.8168,0.60852,-0.88818,0.11243,2.1069,-14.6718,-0.8015
370399067,-0.42078,-1.18481,-0.18335,0.0305,-5.8473,4.0153,0.60986,-0.88770,0.10840,2.4198,-15.0153,-0.8473
370400067,-0.40637,-1.16968,-0.17786,1.4656,-6.0000,3.1298,0.61047,-0.88696,0.10510,2.6947,-15.3511,-0.8855
370401067,-0.39441,-1.17017,-0.16858,2.8550,-6.4198,2.4656,0.61060,-0.88623,0.10071,2.9771,-15.6260,-0.9237
370402067,-0.38599,-1.15662,-0.15198,2.5573,-6.5496,2.3130,0.61206,-0.88586,0.09631,3.2748,-15.8397,-0.9466
370403067,-0.38452,-1.11536,-0.15759,0.5573,-6.7634,2.7939,0.61316,-0.88501,0.09229,3.5573,-16.0763,-0.9618
370404067,-0.39563,-1.06995,-0.16919,-1.7099,-7.2672,3.7634,0.61304,-0.88318,0.08789,3.8244,-16.3206,-0.9160
370405068,-0.40039,-1.05286,-0.16528,-3.5191,-7.8779,5.0458,0.61377,-0.88123,0.08350,4.0611,-16.5725,-0.8626
370406067,-0.39954,-1.06616,-0.17236,-5.9466,-8.6565,6.6031,0.61597,-0.87976,0.07996,4.2977,-16.8244,-0.8092
370407067,-0.40613,-1.08948,-0.19141,-9.3130,-9.3206,8.1298,0.61755,-0.87878,0.07642,4.5420,-17.0611,-0.7405
370408067,-0.40698,-1.10754,-0.19214,-11.7252,-9.5878,9.0229,0.61792,-0.87744,0.07275,4.7786,-17.3130,-0.6489
370409067,-0.40710,-1.11926,-0.19617,-11.9618,-10.0382,9.0458,0.61804,-0.87622,0.06934,4.9924,-17.5725,-0.5573
370410067,-0.42261,-1.13501,-0.23572,-10.7023,-10.6183,8.4427,0.61853,-0.87561,0.06567,5.1679,-17.8397,-0.4809
370411065,-0.44885,-1.15747,-0.28223,-9.0840,-10.6489,7.4962,0.61914,-0.87329,0.06152,5.2977,-18.0763,-0.3893
370412065,-0.47314,-1.18091,-0.30139,-7.9847,-9.8779,6.4656,0.61902,-0.86963,0.05811,5.4046,-18.2977,-0.2901
370413069,-0.48328,-1.19849,-0.30347,-7.6870,-8.5878,5.5038,0.61865,-0.86658,0.05615,5.4962,-18.5496,-0.1832
370414067,-0.48511,-1.21399,-0.31152,-7.6870,-7.3130,4.7252,0.61816,-0.86475,0.05310,5.5725,-18.8244,-0.0840
370415067,-0.47827,-1.22693,-0.30054,-7.9618,-6.0229,4.1832,0.61768,-0.86365,0.04858,5.6260,-19.1298,0.0229
370416067,-0.45483,-1.22107,-0.23328,-9.2901,-4.4198,3.9313,0.61755,-0.86292,0.04407,5.6489,-19.4427,0.1298
370417065,-0.43042,-1.18628,-0.16785,-11.8321,-3.4275,4.0687,0.61743,-0.86218,0.04028,5.6412,-19.7252,0.2214
370418069,-0.40918,-1.12573,-0.13977,-14.1756,-3.2595,4.3740,0.61731,-0.86108,0.03821,5.6336,-20.0076,0.2824
370419068,-0.39832,-1.07446,-0.13782,-14.6794,-4.5191,4.6031,0.61682,-0.85986,0.03662,5.6107,-20.2901,0.3664
370420067,-0.39392,-1.07019,-0.14612,-13.6947,-6.6718,4.7634,0.61682,-0.85913,0.03418,5.5802,-20.5420,0.4427
370421067,-0.38538,-1.10303,-0.13538,-12.6031,-8.9466,4.8473,0.61804,-0.85852,0.03137,5.5496,-20.8168,0.5267
370422067,-0.39111,-1.13367,-0.12610,-11.7557,-11.0000,4.6641,0.61914,-0.85718,0.02881,5.5191,-21.0916,0.6107
370423067,-0.40503,-1.13818,-0.14612,-10.8855,-12.2748,4.2214,0.61963,-0.85583,0.02686,5.4733,-21.3511,0.6794
370424067,-0.42822,-1.11743,-0.21204,-10.0534,-12.9237,3.7481,0.61865,-0.85461,0.02600,5.4122,-21.5878,0.6870
370425067,-0.46509,-1.08984,-0.29858,-9.7481,-12.7176,3.5267,0.61841,-0.85376,0.02490,5.3588,-21.7634,0.6641
370426067,-0.49451,-1.08215,-0.36865,-10.7405,-11.6565,3.7939,0.61890,-0.85327,0.02380,5.3282,-21.9084,0.6565
370427067,-0.51367,-1.10681,-0.41235,-12.8168,-10.2137,4.3740,0.61938,-0.85181,0.02332,5.3206,-22.0534,0.6336
370428067,-0.52490,-1.15393,-0.42566,-14.4580,-8.6489,4.6260,0.62219,-0.84729,0.02332,5.3588,-22.3282,0.5496
370429067,-0.51599,-1.18689,-0.37476,-14.8702,-6.4885,4.0763,0.62231,-0.84631,0.02380,5.4275,-22.4504,0.5115
370430067,-0.48438,-1.17529,-0.27625,-14.7557,-4.0916,3.0382,0.62207,-0.84570,0.02502,5.5038,-22.4962,0.5038
370431067,-0.45337,-1.13513,-0.22522,-14.9084,-2.5649,2.3206,0.62158,-0.84448,0.02734,5.5649,-22.4580,0.4809
370432068,-0.44885,-1.19250,-0.17761,-14.5878,-2.1145,2.5115,0.62158,-0.84277,0.03088,5.6107,-22.3969,0.4427
370433067,-0.48218,-1.51501,-0.01099,-12.7176,-2.4885,3.1756,0.62158,-0.84119,0.03394,5.6565,-22.3206,0.4046
370434067,-0.48694,-1.93213,0.20667,-10.5115,-2.8015,1.6947,0.62073,-0.83911,0.03699,5.7481,-22.2137,0.3588
370435067,-0.43604,-1.96790,0.32324,-10.0153,-2.6794,-3.5802,0.61938,-0.83643,0.04016,5.8779,-22.1145,0.3359
370436067,-0.41382,-1.55872,0.31812,-10.9160,-4.0305,-9.6336,0.61816,-0.83423,0.04529,6.0076,-21.9847,0.3282
370437067,-0.35425,-1.21509,0.39722,-12.0305,-6.2672,-12.3817,0.61731,-0.83228,0.05334,6.1145,-21.8244,0.2977
370438068,-0.21973,-1.26099,0.61731,-12.9771,-10.2748,-12.3893,0.61536,-0.82959,0.06128,6.1985,-21.6107,0.2519
370439067,-0.17615,-1.49890,0.71252,-13.9695,-17.0840,-13.0611,0.61353,-0.82703,0.06848,6.2595,-21.3435,0.1985
370440067,-0.24097,-1.64465,0.58960,-16.0992,-23.9695,-15.3893,0.61304,-0.82471,0.07751,6.3282,-21.0687,0.1679
370441067,-0.28015,-1.58838,0.42163,-20.7786,-28.1832,-17.4580,0.61096,-0.82263,0.08728,6.3817,-20.7939,0.1374
370442067,-0.31226,-1.34387,0.32996,-27.6412,-30.8092,-17.2290,0.60828,-0.82056,0.09595,6.4122,-20.5115,0.1069
370443067,-0.34656,-1.01196,0.28308,-34.0458,-32.7557,-14.6718,0.60583,-0.81824,0.10645,6.3969,-20.2290,0.0458
370444067,-0.33240,-0.77759,0.21265,-37.5802,-34.0763,-10.5649,0.60266,-0.81653,0.11816,6.3206,-19.9084,0.0000
370445068,-0.37207,-0.74402,0.07141,-41.0763,-35.7252,-5.5115,0.59888,-0.81482,0.13025,6.1985,-19.5496,-0.0458
370446067,-0.41211,-0.86755,-0.05994,-47.7176,-35.1298,-0.4580,0.59546,-0.81287,0.14307,6.0229,-19.2061,-0.1221
370447067,-0.43774,-1.00476,-0.17651,-56.1221,-34.3435,2.9084,0.59265,-0.81104,0.15601,5.8092,-18.8855,-0.1985
370448067,-0.47961,-1.04578,-0.26294,-61.3817,-33.3359,3.5573,0.59058,-0.80933,0.17053,5.5420,-18.5573,-0.3053
370449067,-0.50073,-0.99170,-0.36121,-61.4580,-33.6565,2.1527,0.58875,-0.80823,0.18518,5.2061,-18.1985,-0.4504
370450067,-0.53577,-0.95557,-0.50806,-59.5496,-34.4046,0.8550,0.58667,-0.80701,0.19861,4.8397,-17.8092,-0.6489
370451067,-0.54211,-1.00854,-0.58411,-58.3664,-33.0458,-0.0611,0.58472,-0.80542,0.21375,4.4733,-17.3817,-0.8855
370452067,-0.54590,-1.06104,-0.58508,-58.0229,-29.6870,-1.2901,0.58289,-0.80432,0.23120,4.1145,-16.9237,-1.1603
370453067,-0.55823,-1.09875,-0.59106,-57.9008,-25.3359,-2.4427,0.58118,-0.80383,0.24988,3.7405,-16.4427,-1.4580
370454067,-0.58362,-1.11255,-0.63232,-57.2519,-21.0534,-3.4275,0.57971,-0.80286,0.26917,3.3588,-15.9237,-1.7863
370455067,-0.62048,-1.10767,-0.64880,-56.7863,-16.6947,-3.7863,0.57812,-0.80151,0.28845,2.9847,-15.3969,-2.1527
370456067,-0.62292,-1.10156,-0.61780,-58.1221,-12.2137,-3.3206,0.57581,-0.80017,0.30811,2.6183,-14.8397,-2.5496
370457067,-0.60059,-1.12964,-0.55408,-61.0687,-8.7328,-2.1679,0.57336,-0.79895,0.32861,2.2824,-14.2214,-3.0076
370458067,-0.56079,-1.21777,-0.46411,-62.8015,-6.5802,-1.5038,0.57043,-0.79834,0.35010,1.9618,-13.5496,-3.5115
370459067,-0.51025,-1.29309,-0.33362,-62.4427,-5.4809,-2.2061,0.56689,-0.79822,0.37317,1.6794,-12.8550,-4.0534
370460067,-0.47058,-1.30786,-0.24622,-62.2824,-5.7786,-3.8168,0.56311,-0.79797,0.39758,1.4275,-12.1374,-4.5878
370461067,-0.43445,-1.24316,-0.19946,-63.3206,-6.3969,-5.5267,0.55884,-0.79761,0.42273,1.2137,-11.3893,-5.1374
370462065,-0.40381,-1.14929,-0.15271,-63.7481,-8.0916,-6.9160,0.55432,-0.79712,0.44922,1.0534,-10.6260,-5.7023
370463065,-0.37622,-1.10815,-0.10681,-62.4275,-10.1985,-8.0153,0.54907,-0.79749,0.47583,0.9466,-9.8397,-6.2824
370464069,-0.36621,-1.14099,-0.10059,-60.1603,-12.5191,-8.9695,0.54260,-0.79834,0.50269,0.9008,-8.9847,-6.8397
370465068,-0.37756,-1.17725,-0.14905,-57.9160,-13.7710,-10.2214,0.53589,-0.79871,0.52991,0.8779,-8.0916,-7.3511
370466067,-0.38562,-1.12573,-0.17297,-56.2443,-13.1374,-11.7328,0.52917,-0.79846,0.55933,0.8702,-7.1908,-7.8702
370467067,-0.40479,-1.01477,-0.19507,-55.2595,-11.9237,-12.6870,0.52356,-0.79712,0.59180,0.9084,-6.3282,-8.4198
370468068,-0.41809,-0.93140,-0.21655,-53.8397,-10.4809,-12.8550,0.51843,-0.79517,0.62415,0.9771,-5.4885,-9.0153
370469068,-0.42017,-0.91345,-0.23474,-51.4885,-9.7939,-12.6794,0.51160,-0.79443,0.65759,1.0076,-4.6107,-9.6107
370470067,-0.42114,-0.93042,-0.24658,-49.8779,-9.5954,-12.5802,0.50378,-0.79321,0.69165,0.9618,-3.6870,-10.1908
370471067,-0.41187,-0.92896,-0.23438,-50.0000,-9.3664,-12.6565,0.49634,-0.79065,0.72656,0.8473,-2.7328,-10.7557
370472068,-0.40247,-0.90369,-0.20447,-50.8092,-9.1374,-12.7786,0.48840,-0.78748,0.76221,0.7405,-1.7557,-11.3130
370473067,-0.39246,-0.88464,-0.16687,-51.0992,-9.0534,-12.7481,0.47949,-0.78418,0.79785,0.6489,-0.8092,-11.8473
370474067,-0.37646,-0.90564,-0.13220,-50.8473,-9.0000,-12.4427,0.47107,-0.78113,0.83508,0.5420,0.0763,-12.3435
370475065,-0.36267,-0.95837,-0.09790,-50.6718,-8.7252,-12.0763,0.46399,-0.77795,0.87390,0.4198,0.9695,-12.8550
370476069,-0.33972,-0.99072,-0.04150,-50.8321,-7.9695,-12.0229,0.45728,-0.77478,0.91357,0.2977,1.9008,-13.3817
370477068,-0.30334,-0.97864,0.03552,-50.3130,-7.5191,-12.3588,0.45129,-0.77087,0.95459,0.2061,2.8473,-13.9008
370478068,-0.27954,-0.94690,0.08691,-48.1832,-8.4809,-12.9160,0.44653,-0.76648,0.99597,0.2061,3.7863,-14.3664
370479068,-0.27771,-0.94214,0.09607,-45.0229,-10.7099,-13.4809,0.44214,-0.76221,1.03796,0.2672,4.7176,-14.7863
370480068,-0.29041,-0.99487,0.08472,-41.9618,-13.4733,-14.1221,0.43774,-0.75806,1.08130,0.4122,5.6412,-15.1832
370481068,-0.30554,-1.09143,0.08899,-39.4962,-15.9160,-15.1298,0.43420,-0.75366,1.12585,0.6489,6.6107,-15.6260
370482068,-0.31519,-1.17163,0.10486,-37.5573,-17.8321,-16.8015,0.43225,-0.74854,1.17200,1.0153,7.6031,-16.0687
370483068,-0.33179,-1.17676,0.09692,-35.9389,-19.3664,-19.0076,0.43042,-0.74365,1.21912,1.5115,8.6260,-16.5573
370484068,-0.37427,-1.05713,0.01917,-34.4275,-20.7481,-22.0382,0.42871,-0.73938,1.26599,2.1603,9.6794,-17.0687
370485067,-0.38501,-1.02588,-0.00842,-34.9389,-20.8321,-22.2214,0.42810,-0.73499,1.31128,2.9618,10.7405,-17.5802
370486067,-0.39404,-1.01660,-0.03308,-35.5802,-20.7786,-22.1221,0.42712,-0.73145,1.35706,3.9542,11.8168,-18.0916
370487067,-0.39807,-1.00293,-0.05103,-35.6947,-20.6794,-22.1374,0.42480,-0.72864,1.40442,5.1374,12.9084,-18.5878
370488068,-0.44775,-1.02161,0.02454,-35.3511,-20.8626,-21.6183,0.42200,-0.72632,1.45288,6.5191,13.9847,-19.0305
370489068,-0.46155,-1.91541,0.33008,-33.6336,-21.4733,-16.0534,0.42004,-0.72485,1.50195,8.0916,15.0458,-19.3893
370490067,-0.24915,-2.00000,0.73743,-32.3817,-21.6489,-8.9313,0.41846,-0.72424,1.55200,9.8473,16.0916,-19.7176
370491068,-0.05054,-2.00000,0.76794,-46.9008,-21.1908,-16.1985,0.41650,-0.72351,1.60278,11.7710,17.1374,-20.0916
370492067,-0.39734,-2.00000,0.86816,-101.2672,-8.7939,-38.1069,0.41333,-0.72119,1.65332,13.8626,18.1679,-20.5115
370493068,-0.55554,-2.00000,0.70288,-187.7939,13.1527,-51.0992,0.40723,-0.71765,1.70398,16.0916,19.1221,-20.9084
370494068,0.40369,1.85950,-0.18945,-250.1374,23.7252,-42.4580,0.39832,-0.71313,1.75549,18.4427,19.9618,-21.2443
370495068,1.50061,1.99994,0.82214,-241.6260,19.7786,-30.7634,0.38940,-0.70825,1.80640,20.9084,20.6641,-21.5038
370496067,1.99994,1.99994,1.99994,-130.8015,-23.2519,-34.1985,0.38037,-0.70374,1.85669,23.4733,21.2290,-21.7023
370497067,1.69434,1.99994,0.19360,27.2824,-109.3893,-49.8702,0.37024,-0.69971,1.90625,26.1221,21.6107,-21.8702
370498067,-0.36523,1.21423,-2.00000,116.7176,-188.7481,-59.2443,0.35950,-0.69568,1.95398,28.8244,21.7939,-21.9847
370499067,-1.38147,-0.12744,-2.00000,130.7634,-200.3282,-63.4656,0.34692,-0.69055,1.99994,31.5573,21.7481,-22.0458
370500067,-1.98950,0.04517,-2.00000,151.4122,-173.3282,-74.8550,0.33313,-0.68506,1.99994,34.3359,21.4580,-22.0153
370501067,-2.00000,0.73291,-2.00000,225.4809,-146.6107,-89.6565,0.31897,-0.68091,1.99994,37.2061,20.9313,-21.8779
370502067,-2.00000,1.36523,-2.00000,250.1298,-97.4122,-98.6794,0.30493,-0.67688,1.99994,40.1679,20.1603,-21.5954
370503067,-2.00000,1.38672,-2.00000,250.1298,-41.5878,-87.2214,0.29126,-0.67200,1.99994,43.2443,19.1145,-21.1908
370504067,-2.00000,0.52698,-2.00000,250.1298,44.8779,-50.8244,0.27686,-0.66638,1.99994,46.4351,17.7939,-20.6718
370505067,-2.00000,-1.26721,-2.00000,121.6031,155.6947,-5.9695,0.26111,-0.66016,1.99994,49.7710,16.2519,-20.0611
370506068,-2.00000,-2.00000,-2.00000,48.9008,250.1298,15.6565,0.24597,-0.65393,1.99994,53.3053,14.4733,-19.3893
370507068,-2.00000,-2.00000,-2.00000,43.6641,250.1298,7.1527,0.23193,-0.64734,1.99994,57.0534,12.4504,-18.6641
370508068,-2.00000,-2.00000,-2.00000,17.9466,250.1298,-7.6107,0.21777,-0.63904,1.99994,61.0076,10.1756,-17.8550
370509068,-1.66516,-2.00000,-0.73950,-47.0076,250.1298,-9.1908,0.20349,-0.62939,1.99994,65.1221,7.6794,-16.9160
370510068,-0.31836,-2.00000,1.18225,-93.0458,250.1298,-7.5573,0.18958,-0.61938,1.99994,69.3969,4.9924,-15.8931
370511067,0.96082,-2.00000,1.99994,-68.5344,250.1298,-19.8168,0.17603,-0.60864,1.99994,73.8550,2.1450,-14.7786
370512067,1.39990,-2.00000,1.99994,26.0840,250.1298,-54.7557,0.16309,-0.59644,1.99994,78.5496,-0.8779,-13.6031
370513067,1.46350,-2.00000,1.99994,138.2672,243.6641,-104.9618,0.15063,-0.58203,1.99994,83.3130,-4.0992,-12.3511
370514067,1.81372,-2.00000,1.99994,226.2137,185.8855,-155.7710,0.13831,-0.56580,1.99994,88.1527,-7.5038,-11.0382
370515067,1.64124,-2.00000,1.99994,250.1298,132.0611,-194.2443,0.12598,-0.54883,1.99994,93.0840,-11.0382,-9.6641
370516065,1.02686,-2.00000,1.99994,250.1298,75.9771,-219.2061,0.11389,-0.53027,1.99994,98.0763,-14.7176,-8.2595
370517064,1.06506,-2.00000,1.99994,250.1298,29.1145,-231.4580,0.10303,-0.50940,1.99994,103.0687,-18.5725,-6.8244
370518069,0.04675,-2.00000,1.99994,250.1298,-13.7099,-231.6336,0.09229,-0.48657,1.99994,108.0000,-22.5496,-5.3206
370519068,-1.17651,-2.00000,1.67920,244.5191,-18.3664,-224.8321,0.08057,-0.46204,1.99994,112.8092,-26.6183,-3.7939
370520068,-0.42944,-2.00000,1.99994,174.6107,30.7405,-214.1221,0.06799,-0.43713,1.99994,117.4427,-30.8092,-2.2595
370521067,-0.46790,0.77820,1.99994,133.4046,40.3817,-188.5038,0.05603,-0.41309,1.99994,121.8626,-35.1756,-0.7023
370522067,-1.28442,1.39368,0.30237,92.0000,36.5802,-142.4427,0.04419,-0.38867,1.99994,126.0229,-39.6718,0.9008
370523068,-0.89124,0.22083,0.43274,40.3969,73.8855,-99.6107,0.03210,-0.36292,1.99994,129.9084,-44.2824,2.5115
370524068,-0.65442,-1.06006,0.68774,-13.7099,102.9008,-77.0153,0.02014,-0.33667,1.99994,133.5038,-48.9695,4.0992
370525068,-0.58643,-1.28870,0.61047,-31.9847,124.7481,-85.4656,0.00842,-0.31226,1.99994,136.8168,-53.7328,5.6947
370526068,0.00378,-0.05701,1.75122,19.5878,139.6412,-121.1450,-0.00269,-0.28943,1.99994,139.8321,-58.5954,7.3359
370527068,0.74536,1.46326,1.99994,95.2519,132.7863,-152.1221,-0.02283,-0.24353,1.99994,144.9466,-68.5496,10.6183
370528067,1.16931,1.99994,1.99994,126.0916,113.0687,-156.9313,-0.03186,-0.22107,1.99994,147.0916,-73.6031,12.3053
370529067,1.27222,1.54260,1.99994,126.2366,95.7328,-147.0229,-0.03967,-0.19971,1.99994,148.9542,-78.6794,13.9847
370530067,1.56274,0.24207,1.99994,133.2290,85.5420,-140.6031,-0.04724,-0.17969,1.99994,150.5496,-83.7710,15.6489
370531067,1.82703,-0.35449,1.99994,136.4198,63.1298,-136.3053,-0.05481,-0.16150,1.99994,151.9313,-88.8779,17.2901
370532068,1.56909,-0.12805,1.99994,117.3969,19.4733,-122.2977,-0.06201,-0.14490,1.99994,153.1221,-94.0000,18.9160
370533067,1.29382,0.21973,1.99994,84.2901,-20.6260,-97.6336,-0.06897,-0.12915,1.99994,154.1221,-99.1298,20.5115
370534068,1.28125,0.41296,1.99994,44.5878,-51.8702,-68.9237,-0.07568,-0.11536,1.99994,154.9542,-104.2366,22.1069
370535067,1.14758,0.32751,1.99994,9.9542,-85.5954,-44.0840,-0.08215,-0.10303,1.99994,155.6565,-109.2901,23.6947
370536068,0.83459,0.17712,1.99994,-4.8015,-111.9466,-32.5496,-0.08777,-0.09204,1.99994,156.2366,-114.2824,25.2672
370537067,0.64185,0.46606,1.99994,1.7252,-110.1450,-36.6107,-0.09167,-0.08289,1.99994,156.6794,-119.2137,26.7634
370538067,0.70764,0.38367,1.99994,17.1679,-91.4427,-41.0000,-0.09485,-0.07593,1.99994,157.0076,-124.0916,28.2366
370539068,-0.28723,-0.67810,1.99994,25.3664,-101.1069,-40.6641,-0.09839,-0.07092,1.99994,157.2977,-128.8931,29.7099
370540067,-1.61951,-1.52222,0.82080,49.0611,-103.0000,-55.6183,-0.10144,-0.06848,1.99994,157.5802,-133.6412,31.1450
370541067,-0.61646,-1.01843,1.99994,107.1527,-52.9618,-91.2748,-0.10376,-0.06836,1.99994,157.8550,-138.2901,32.5420
370542068,1.14673,0.27490,1.99994,138.9008,-24.0153,-112.4733,-0.10608,-0.06982,1.99994,158.1298,-142.7939,33.9237
370543067,1.51416,0.77625,1.99994,119.7786,-49.7176,-102.0916,-0.10815,-0.07312,1.99994,158.4122,-147.1679,35.3053
370544068,1.67151,0.12585,1.99994,117.9160,-81.0916,-84.3130,-0.10986,-0.07764,1.99994,158.7099,-151.4580,36.6870
370545068,1.99994,-1.73096,1.99994,145.3282,-116.4351,-71.7099,-0.11157,-0.08289,1.99994,159.0534,-155.6412,38.0916
370546068,1.65625,-2.00000,1.99994,136.2595,-158.3282,-63.6947,-0.11316,-0.08960,1.99994,159.4733,-159.7176,39.4733
370547068,0.59290,-2.00000,1.99994,75.6565,-172.2595,-66.0916,-0.11438,-0.09766,1.99994,159.9847,-163.6489,40.8321
370548064,0.70740,-2.00000,1.99994,0.6260,-173.5649,-66.1756,-0.11548,-0.10681,1.99994,160.5573,-167.4275,42.1908
370549069,1.06006,1.03967,1.99994,-28.9389,-188.6870,-67.7023,-0.11694,-0.11743,1.99994,161.1908,-171.0534,43.5573
370550068,1.31836,1.99994,1.99994,12.7939,-211.4885,-71.6947,-0.11768,-0.12878,1.99994,161.9084,-174.5649,44.9160
370551068,1.99994,1.86780,1.99994,57.2443,-231.6718,-63.9160,-0.11780,-0.14038,1.99994,162.6947,-177.9618,46.2595
370552068,1.93042,0.05969,1.99994,28.1603,-250.1374,-45.0992,-0.11841,-0.15222,1.99994,163.5420,-181.1985,47.5420
370553068,0.52808,-0.82434,1.99994,-21.5191,-250.1374,-35.5038,-0.11963,-0.16553,1.99994,164.4809,-184.2977,48.7863
370554068,-0.22107,-1.15234,1.99994,-13.8931,-250.1374,-37.1832,-0.12012,-0.17957,1.99994,165.4733,-187.2901,50.0076
370555068,-0.87891,-1.53882,1.99994,32.2290,-250.1374,-39.2901,-0.11926,-0.19287,1.99994,166.5038,-190.1450,51.1832
370556067,-1.02393,-1.36340,1.99994,49.7099,-250.1374,-32.9084,-0.11865,-0.20703,1.99994,167.5878,-192.8550,52.3588
370557067,-1.26318,-0.32544,1.93494,11.5344,-250.1374,-13.4733,-0.11890,-0.22302,1.99994,168.7786,-195.4198,53.5038
370558067,-1.87854,0.41956,0.78748,-44.6107,-250.1374,8.7710,-0.11829,-0.23926,1.99994,170.0840,-197.8015,54.6031
370559068,-1.26855,-0.12207,1.99994,-63.6183,-246.0840,12.2901,-0.11755,-0.25537,1.99994,171.4733,-200.0000,55.6183
370560068,-0.32800,-1.09668,1.99994,-50.1756,-192.2519,-3.1832,-0.11755,-0.27258,1.99994,172.9771,-202.0382,56.5496
370561068,-0.24683,-1.40161,1.99994,-47.9847,-195.0840,-20.1145,-0.11804,-0.29077,1.99994,174.6107,-203.9389,57.4275
370562067,-0.27197,-1.22729,1.72070,-67.8550,-209.0687,-31.0305,-0.11926,-0.30969,1.99994,176.3817,-205.7099,58.2977
370563067,-0.42358,-1.46680,0.85803,-82.5878,-238.3053,-34.5878,-0.12012,-0.32996,1.99994,178.2824,-207.3359,59.1756
370564067,-0.48975,-1.80139,1.69958,-58.5115,-250.1374,-46.0687,-0.12061,-0.35071,1.99994,180.3435,-208.8092,59.9924
370565068,0.12952,-1.39661,1.99994,-9.0992,-250.1374,-63.0458,-0.12146,-0.37097,1.99994,182.5802,-210.1374,60.7405
370566067,0.36584,-0.15527,1.99994,8.6947,-250.1374,-67.2290,-0.12219,-0.39160,1.99994,184.9771,-211.2901,61.4580
370567067,0.03699,1.27197,1.99994,-15.0840,-250.1374,-52.5573,-0.12256,-0.41357,1.99994,187.5115,-212.3359,62.2137
370568067,0.11670,1.47559,1.99994,-40.9542,-250.1374,-30.3359,-0.12292,-0.43677,1.99994,190.1679,-213.2824,62.9389
370569067,-0.21399,0.17297,0.83240,-43.1145,-250.1374,-15.7023,-0.12366,-0.46094,1.99994,192.9847,-214.1145,63.6489
370570067,-0.88330,-1.17529,-0.33496,-19.7710,-250.1374,-22.6641,-0.12488,-0.48462,1.99994,195.9466,-214.8321,64.3435
370571067,-1.11523,-1.25256,-0.98364,-0.6031,-250.1374,-42.0611,-0.12610,-0.50720,1.99994,199.0382,-215.4962,65.0382
370572068,-1.48157,-0.24316,-2.00000,-16.1756,-250.1374,-53.3435,-0.12634,-0.53088,1.99994,202.2672,-216.0840,65.7405
370573067,-1.50317,0.69800,-2.00000,-34.3359,-250.1374,-55.7023,-0.12646,-0.55518,1.99994,205.6336,-216.6260,66.4885
370574067,-0.77734,0.79309,-0.35181,-16.2443,-250.1374,-58.6336,-0.12866,-0.57935,1.99994,209.0687,-217.1450,67.3053
370575067,-0.48608,0.71069,-0.00195,-2.9924,-250.1374,-59.3664,-0.13245,-0.60400,1.99994,212.5344,-217.6794,68.1527
370576067,-0.95764,1.53003,-1.69092,-20.8702,-249.7023,-57.7634,-0.13684,-0.63062,1.99976,216.0000,-218.2214,69.0382
370577067,-1.24255,1.99994,-2.00000,-29.3206,-215.2748,-56.4580,-0.14038,-0.65747,1.96033,219.4275,-218.8244,70.0153
370578067,-0.50208,1.99994,0.07751,-25.2137,-165.4733,-43.4885,-0.14343,-0.68323,1.92078,222.8168,-219.5115,71.1069
370579067,0.50037,1.99994,1.99994,-27.3053,-150.3969,-19.6870,-0.14819,-0.70923,1.88025,226.1374,-220.2901,72.2748
370580065,0.49524,1.99994,1.72534,-17.9313,-174.1450,-2.9160,-0.15344,-0.73535,1.83667,229.3206,-221.1679,73.4962
370581069,0.23242,1.73682,0.83972,9.7863,-197.7710,2.1145,-0.15918,-0.76160,1.79126,232.3282,-222.1450,74.7863
370582068,0.51123,1.48413,1.01465,25.5038,-207.4962,5.9618,-0.16614,-0.78784,1.74524,235.1450,-223.2672,76.1679
370583068,0.48315,1.25000,1.55542,19.9008,-225.0000,14.6107,-0.17419,-0.81445,1.69885,237.7863,-224.5496,77.6641
370584068,0.37927,1.26245,1.74121,18.6947,-248.2977,22.9313,-0.18262,-0.84167,1.65125,240.2137,-225.9771,79.2290
370585068,0.85083,1.69849,1.99994,26.2137,-250.1374,27.9313,-0.19189,-0.86877,1.60132,242.4427,-227.5573,80.8397
370586068,1.32251,1.90430,1.99994,22.1603,-250.1374,34.1527,-0.20178,-0.89563,1.54932,244.4427,-229.3053,82.4809
370587067,1.34424,1.12329,1.99994,-5.5802,-250.1374,49.3435,-0.21106,-0.92236,1.49585,246.2214,-231.2290,84.1908
370588068,0.06030,0.22498,1.46838,-59.0153,-250.1374,68.7023,-0.22021,-0.94958,1.44177,247.7405,-233.3359,85.9847
370589068,-0.99744,0.01099,-0.71252,-95.7557,-250.1374,77.1985,-0.23022,-0.97607,1.38879,248.9771,-235.6031,87.8244
370590068,-0.53357,0.29321,1.03064,-69.5115,-250.1374,65.0153,-0.23999,-1.00085,1.33533,249.9237,-238.0229,89.6718
370591067,0.02283,0.72852,1.99994,-32.7557,-232.6870,54.4809,-0.24817,-1.02539,1.27966,250.1298,-240.5649,91.5191
370592067,0.64014,1.17908,1.99994,-42.6641,-226.5496,62.3969,-0.25586,-1.04993,1.22144,250.1298,-243.2214,93.3664
370593067,1.10400,1.99939,1.99994,-60.0687,-223.7099,74.2977,-0.26221,-1.07422,1.16296,250.1298,-245.9847,95.2366
370594068,1.03845,1.99994,1.99994,-39.5802,-233.9008,82.3511,-0.26575,-1.09814,1.10498,250.1298,-248.8626,97.0992
370595067,0.33752,1.44971,1.99994,-12.6183,-250.1374,87.6794,-0.26758,-1.12170,1.04602,249.6412,-250.1374,98.9389
370596067,-0.18652,0.26440,1.99994,7.2977,-250.1374,87.3893,-0.26807,-1.14502,0.98596,248.5573,-250.1374,100.7176
370597067,0.23999,0.08679,1.99994,29.8397,-250.1374,76.4427,-0.26697,-1.16980,0.92456,247.1221,-250.1374,102.4427
370598067,1.16284,1.11475,1.99994,35.4122,-250.1374,69.0076,-0.26611,-1.19507,0.86133,245.3359,-250.1374,104.1221
370599068,1.79517,1.89368,1.99994,22.4351,-250.1374,73.8779,-0.26550,-1.21997,0.79700,243.1985,-250.1374,105.7252
370600068,1.39465,1.76086,1.99994,30.6870,-250.1374,81.3893,-0.26294,-1.24573,0.73267,240.7557,-250.1374,107.2595
370601068,0.94482,0.59814,1.99994,56.8321,-250.1374,86.4198,-0.25806,-1.27246,0.66724,238.0229,-250.1374,108.6641
370602067,0.22534,-0.63989,1.99994,36.3664,-250.1374,95.4427,-0.25122,-1.29956,0.60046,235.0076,-250.1374,109.9542
370603068,-1.03210,-0.85071,1.43445,-14.4122,-250.1374,102.6794,-0.24353,-1.32617,0.53357,231.7023,-250.1374,111.1450
370604068,-0.76331,0.24194,1.99994,-10.7481,-250.1374,94.1832,-0.23425,-1.35266,0.46777,228.0992,-250.1374,112.2137
370605067,0.84717,1.60730,1.99994,28.2366,-250.1374,89.6412,-0.22327,-1.38000,0.40259,224.2214,-250.1374,113.1985
370606068,0.97314,1.97754,1.99994,12.0840,-250.1374,113.3588,-0.21069,-1.40759,0.33728,220.0611,-250.1374,114.0840
370607068,-0.22913,1.47485,1.99994,-42.0458,-250.1374,148.5573,-0.19751,-1.43445,0.27222,215.6260,-250.1374,114.8321
370608067,-0.50244,0.11084,0.15454,-50.2595,-250.1374,164.5954,-0.18347,-1.46033,0.20801,210.9618,-250.1374,115.4046
370609067,-0.65918,-1.88892,1.56653,-21.0611,-250.1374,158.9160,-0.16736,-1.48572,0.14368,206.1145,-250.1374,115.8168
370610067,-1.04871,-2.00000,1.99994,-4.0305,-250.1374,143.8397,-0.15002,-1.51233,0.07861,201.0763,-250.1374,116.0534
370611067,-2.00000,-2.00000,-1.39636,19.4275,-250.1374,103.3130,-0.13293,-1.54041,0.01501,195.8626,-250.1374,116.1298
370612068,-2.00000,-1.18091,-0.66174,54.5344,-250.1374,80.3588,-0.11658,-1.56860,-0.04810,190.5115,-250.1374,116.0382
370613067,-2.00000,-1.19421,-0.46960,74.2214,-250.1374,63.6870,-0.09937,-1.59705,-0.11060,185.0534,-250.1374,115.7939
370614068,-2.00000,-2.00000,-2.00000,70.7710,-250.1374,53.3664,-0.08093,-1.62634,-0.17212,179.5573,-250.1374,115.3969
370615068,-2.00000,-2.00000,-2.00000,64.9847,-250.1374,35.5344,-0.06189,-1.65637,-0.23303,174.1069,-250.1374,114.8473
370616068,-2.00000,-2.00000,-2.00000,65.3969,-250.1374,14.1450,-0.04224,-1.68713,-0.29297,168.7405,-250.1374,114.1298
370617068,-2.00000,-2.00000,-2.00000,72.6183,-250.1374,-4.5878,-0.02209,-1.71814,-0.35339,163.4962,-250.1374,113.2290
370618068,-2.00000,-1.83203,-2.00000,93.2672,-250.1374,-21.0000,-0.00281,-1.74915,-0.41357,158.3282,-250.1374,112.1603
370619067,-1.83667,-0.07043,-1.56677,121.0916,-249.0153,-27.5573,0.01709,-1.78101,-0.47119,153.2366,-250.1374,110.9084
370620067,-1.10559,0.81946,0.28247,128.9160,-237.0916,-17.0076,0.03918,-1.81323,-0.52734,148.3817,-250.1374,109.4962
370621067,-0.86499,0.19641,1.36096,104.1450,-237.5344,3.6641,0.06262,-1.84497,-0.58167,143.7863,-250.1374,107.9313
370622067,-0.36572,-0.88391,1.19299,83.1679,-241.1374,13.6107,0.08630,-1.87549,-0.63379,139.4504,-250.1374,106.2290
370623067,0.05139,-0.92529,1.30688,94.1450,-250.1374,2.3893,0.10962,-1.90625,-0.68433,135.3664,-250.1374,104.3511
370624068,0.07971,0.03796,1.65833,109.8931,-250.1374,-11.8779,0.13306,-1.93713,-0.73413,131.5496,-250.1374,102.3206
370625068,0.48853,0.98792,1.99994,92.5802,-250.1374,-11.1298,0.15674,-1.96680,-0.78210,128.0305,-250.1374,100.2214
370626067,0.87646,1.78687,1.99994,58.2061,-250.1374,1.0534,0.18103,-1.99487,-0.82886,124.8321,-250.1374,98.0382
370627068,1.06116,1.99994,1.99994,42.4962,-250.1374,14.4351,0.20532,-2.00000,-0.87598,121.8931,-250.1374,95.7481
370628067,0.18774,1.99994,1.67578,31.4885,-250.1374,33.0153,0.25171,-2.00000,-0.96545,116.8702,-250.1374,90.9313
370629068,-1.14929,1.99994,0.01233,3.2748,-250.1374,61.2595,0.27319,-2.00000,-1.00989,114.8015,-250.1374,88.4198
370630068,-0.60352,1.99994,1.14124,-22.3282,-250.1374,85.4809,0.29346,-2.00000,-1.05493,113.0076,-250.1374,85.8397
370631067,0.27234,1.99994,1.99994,-30.8168,-250.1374,102.9160,0.31213,-2.00000,-1.09888,111.4733,-250.1374,83.2366
370632068,-0.17932,1.99994,1.99994,-32.0916,-250.1374,127.1908,0.32886,-2.00000,-1.14099,110.1756,-250.1374,80.6336
370633067,-0.59937,1.99994,1.26318,-27.3053,-250.1374,155.8779,0.34399,-2.00000,-1.18225,109.1374,-250.1374,78.0305
370634068,-0.97742,1.99994,0.80005,-17.6107,-250.1374,177.8702,0.35767,-2.00000,-1.22510,108.3206,-250.1374,75.4198
370635068,-1.26855,0.73157,0.65771,-3.8550,-250.1374,181.3435,0.36987,-2.00000,-1.26733,107.7023,-250.1374,72.7939
370636068,-0.91931,0.16479,0.73279,31.0611,-250.1374,161.1145,0.38147,-2.00000,-1.30542,107.2824,-250.1374,70.1603
370637068,-1.01355,0.95142,0.45850,80.0458,-250.1374,134.0076,0.39136,-2.00000,-1.34106,107.0534,-250.1374,67.5420
370638068,-1.62610,1.97583,0.34387,106.8397,-250.1374,122.6947,0.40051,-2.00000,-1.37549,106.9389,-250.1374,64.9466
370639068,-1.72717,0.85266,0.78601,104.3282,-250.1374,135.4198,0.40820,-2.00000,-1.40833,106.9008,-250.1374,62.3664
370640068,-1.59973,-2.00000,0.99316,95.7099,-250.1374,148.3435,0.41321,-2.00000,-1.44031,106.9771,-250.1374,59.7939
370641068,-1.73950,-2.00000,0.49219,106.0305,-250.1374,136.6870,0.41736,-2.00000,-1.47119,107.1756,-250.1374,57.2290
370642068,-1.82080,-2.00000,-0.75488,109.3969,-250.1374,110.9008,0.42200,-2.00000,-1.50024,107.4504,-250.1374,54.6489
370643068,-2.00000,-2.00000,-1.08545,47.7328,-250.1374,110.4885,0.42651,-2.00000,-1.52710,107.7710,-250.1374,52.0611
370644068,-2.00000,-2.00000,-0.34937,-63.4809,-250.1374,137.2137,0.43005,-2.00000,-1.55322,108.1374,-250.1374,49.4733
370645068,-1.94910,-1.21680,0.33752,-119.9847,-250.1374,154.7405,0.43298,-2.00000,-1.57874,108.5496,-250.1374,46.9084
370646068,-1.95374,-0.77783,1.64587,-99.5344,-250.1374,154.2061,0.43604,-2.00000,-1.60229,109.0076,-250.1374,44.3511
370647067,-1.08435,-1.54907,1.99994,-86.4809,-250.1374,155.9847,0.43933,-2.00000,-1.62463,109.5115,-250.1374,41.7634
370648067,0.02673,-2.00000,1.99994,-141.8092,-250.1374,165.1756,0.44250,-2.00000,-1.64661,110.0382,-250.1374,39.1527
370649067,-0.30237,-1.55640,1.99994,-206.9160,-250.1374,171.6870,0.44507,-2.00000,-1.66833,110.5802,-244.2290,36.5496
370650068,-0.75256,-0.32336,1.84839,-189.7557,-250.1374,160.0763,0.44702,-2.00000,-1.68945,111.1527,-237.6947,33.9313
370651067,-0.25623,0.07361,1.99994,-111.4122,-250.1374,142.2672,0.44849,-2.00000,-1.70972,111.7252,-231.0382,31.2748
370652067,-0.41125,-0.37756,1.99994,-74.3206,-250.1374,141.8168,0.44922,-2.00000,-1.72961,112.3130,-224.2672,28.6031
370653067,-1.41357,-0.60254,1.99994,-87.4351,-250.1374,151.7634,0.44995,-2.00000,-1.74915,112.8855,-217.3740,25.9389
370654067,-1.55957,-0.75256,1.96948,-74.5954,-250.1374,151.2290,0.45081,-2.00000,-1.76794,113.4427,-210.3740,23.3206
370655068,-1.11035,-1.76538,1.99994,-21.3359,-250.1374,139.5344,0.45105,-2.00000,-1.78528,113.9847,-203.2977,20.7557
370656067,-1.32605,-2.00000,1.99994,10.6183,-250.1374,129.2824,0.44946,-2.00000,-1.80225,114.5191,-196.1374,18.2748
370657067,-1.83264,-2.00000,0.72583,-4.1756,-250.1374,117.8779,0.44653,-2.00000,-1.81909,115.0382,-188.9160,15.8473
370658068,-2.00000,-2.00000,-1.60010,-47.1908,-250.1374,106.6565,0.44336,-2.00000,-1.83716,115.5496,-181.6870,13.4733
370659068,-2.00000,-2.00000,-2.00000,-87.8931,-250.1374,107.7710,0.43958,-1.99609,-1.85620,116.1221,-174.4275,11.1679
370660068,-2.00000,-2.00000,-2.00000,-99.2672,-250.1374,110.6183,0.43555,-1.98267,-1.87476,116.7557,-167.1527,8.9389
370661068,-2.00000,-2.00000,-1.45105,-85.4962,-250.1374,102.0458,0.43213,-1.96936,-1.89380,117.4198,-159.9313,6.7939
370662068,-2.00000,-2.00000,-0.57141,-87.8015,-250.1374,92.8855,0.42993,-1.95532,-1.91174,118.0840,-152.7710,4.7405
370663068,-2.00000,-1.33289,-1.82739,-88.3893,-250.1374,89.3817,0.42847,-1.94104,-1.92761,118.7634,-145.6641,2.7786
370664068,-2.00000,-0.57593,-2.00000,-63.0916,-250.1374,85.4198,0.42566,-1.92664,-1.94104,119.4580,-138.5802,0.9160
370665068,-2.00000,-1.45374,-2.00000,-45.4809,-250.1374,91.8931,0.42224,-1.91089,-1.95142,120.1832,-131.5725,-0.8550
370666067,-2.00000,-2.00000,-2.00000,-41.3511,-250.1374,92.1985,0.41882,-1.89355,-1.95972,120.9008,-124.6947,-2.5496
370667068,-2.00000,-2.00000,-2.00000,-30.6947,-250.1374,72.1985,0.41602,-1.87512,-1.96667,121.5725,-117.9847,-4.1145
370668068,-2.00000,-2.00000,-2.00000,-6.1527,-250.1374,44.3053,0.41443,-1.85522,-1.97119,122.1756,-111.4046,-5.5649
370669068,-2.00000,-2.00000,-2.00000,23.8550,-250.1374,18.0382,0.41406,-1.83386,-1.97266,122.7252,-104.9237,-6.9084
370670068,-2.00000,-1.62744,-2.00000,35.4351,-250.1374,5.1145,0.41455,-1.81116,-1.97021,123.1985,-98.5573,-8.1450
370671068,-2.00000,-0.43372,-2.00000,6.9924,-250.1374,11.2672,0.41565,-1.78735,-1.96570,123.5725,-92.3206,-9.3053
370672068,-2.00000,-1.12561,-2.00000,-27.7328,-216.8550,25.2366,0.41650,-1.76343,-1.95959,123.7786,-86.2366,-10.3664
370673068,-1.66699,-2.00000,-2.00000,-28.1527,-195.5267,23.0534,0.41663,-1.73962,-1.94983,123.8397,-80.3206,-11.3740
370674067,-1.57898,-2.00000,-1.59607,3.4198,-200.2519,1.7710,0.41663,-1.71558,-1.93604,123.7939,-74.5649,-12.3359
370675068,-1.57129,-1.84937,-1.49133,36.6031,-212.3511,-19.6794,0.41528,-1.69287,-1.91931,123.6336,-68.9542,-13.2748
370676068,-1.46838,-0.45581,-1.23376,44.3435,-219.2901,-19.4351,0.41296,-1.67151,-1.89990,123.3817,-63.4427,-14.1450
370677068,-1.23633,-0.36609,-0.99414,37.2290,-226.1145,-3.4962,0.41040,-1.65271,-1.87878,123.0916,-58.0534,-15.0153
370678068,-1.28467,-0.96094,-1.02502,57.1679,-245.2901,4.2977,0.40698,-1.63696,-1.85706,122.8168,-52.8321,-15.9084
370679068,-1.55774,-1.67310,-1.35730,95.8321,-250.1374,-0.2519,0.40283,-1.62158,-1.83472,122.5344,-47.7710,-16.8092
370680068,-1.81592,-2.00000,-1.64148,103.0305,-250.1374,-4.3588,0.39807,-1.60669,-1.81250,122.2061,-42.8244,-17.7481
370681068,-2.00000,-2.00000,-2.00000,76.1832,-250.1374,0.3206,0.39258,-1.59302,-1.78967,121.8397,-38.0076,-18.7023
370682068,-2.00000,-2.00000,-2.00000,47.9389,-250.1374,10.6794,0.38660,-1.58069,-1.76636,121.4351,-33.3359,-19.7023
370683068,-2.00000,-2.00000,-2.00000,40.5038,-250.1374,8.0687,0.38013,-1.56982,-1.74341,120.9542,-28.8092,-20.6794
370684068,-2.00000,-2.00000,-2.00000,63.6336,-227.0992,-13.4885,0.37317,-1.56055,-1.71973,120.3511,-24.4122,-21.6718
370685068,-1.95654,-1.66235,-2.00000,87.4809,-186.2901,-30.9466,0.36548,-1.55261,-1.69543,119.6489,-20.1603,-22.6565
370686067,-2.00000,-2.00000,-2.00000,74.1908,-159.9542,-30.1374,0.35657,-1.54431,-1.67200,118.8473,-16.0611,-23.6107
370687068,-2.00000,-2.00000,-2.00000,64.9389,-141.5420,-33.7252,0.34790,-1.53503,-1.64880,117.9847,-12.0916,-24.5344
370688068,-2.00000,-2.00000,-2.00000,105.6794,-121.5802,-56.2595,0.33960,-1.52563,-1.62500,117.0687,-8.2290,-25.4351
370689068,-2.00000,-2.00000,-2.00000,157.8702,-111.2061,-79.7023,0.33118,-1.51721,-1.60242,116.0611,-4.5115,-26.2595
370690068,-2.00000,-2.00000,-2.00000,175.9847,-104.2901,-88.9313,0.32361,-1.50916,-1.57959,114.9466,-0.9389,-26.9847
370691068,-1.81750,-2.00000,-2.00000,169.6794,-107.0534,-84.8702,0.31604,-1.50085,-1.55469,113.7557,2.4885,-27.6260
370692068,-1.71606,-1.60217,-1.66443,154.1985,-111.1450,-72.8473,0.30933,-1.49194,-1.52856,112.5115,5.7557,-28.2061
370693068,-1.52014,-1.54602,-0.91162,127.0076,-104.0382,-55.5802,0.30347,-1.48279,-1.50232,111.1908,8.8779,-28.7252
370694068,-1.27686,-1.92969,-0.64868,91.0916,-95.4733,-37.3969,0.29797,-1.47339,-1.47705,109.7939,11.8855,-29.1679
370695067,-0.90417,-1.73730,-1.26550,54.9008,-94.1221,-23.1450,0.29285,-1.46313,-1.45178,108.3435,14.7634,-29.5496
370696067,-0.94861,-0.76746,-2.00000,28.1985,-118.9618,-13.8092,0.28760,-1.45227,-1.42505,106.8702,17.4809,-29.8397
370697068,-1.43677,-0.03809,-2.00000,38.3130,-149.8550,-14.0000,0.28284,-1.44177,-1.39661,105.3282,20.0229,-30.0687
370698068,-1.20947,-0.01184,-2.00000,101.9237,-148.8702,-32.3817,0.27905,-1.43152,-1.36621,103.6260,22.4046,-30.2595
370699068,-0.86499,-0.36279,-1.92749,156.6183,-143.0305,-49.7252,0.27612,-1.42126,-1.33386,101.9542,24.6107,-30.3817
370700067,-1.42810,-1.02002,-2.00000,156.1298,-148.3359,-50.5115,0.27344,-1.41064,-1.30017,100.3740,26.6412,-30.4504
370701067,-2.00000,-1.59851,-2.00000,161.9237,-127.8702,-57.1679,0.27026,-1.39905,-1.26575,98.7405,28.4809,-30.4962
370702068,-2.00000,-1.98267,-2.00000,215.0534,-80.4046,-78.2748,0.26611,-1.38623,-1.23035,96.9542,30.1756,-30.5115
370703067,-2.00000,-2.00000,-2.00000,250.1298,-44.3511,-92.2061,0.26160,-1.37305,-1.19458,95.1374,31.6870,-30.4885
370704068,-2.00000,-2.00000,-2.00000,238.6260,-24.0992,-91.5496,0.25830,-1.36023,-1.15796,93.2901,32.9695,-30.4427
370705068,-2.00000,-1.12756,-2.00000,204.3053,9.6794,-81.8702,0.25610,-1.34741,-1.11865,91.4198,34.0611,-30.3817
370706068,-1.39343,-0.51270,-2.00000,169.3664,51.6183,-63.6183,0.25452,-1.33496,-1.07751,89.4656,35.0000,-30.2977
370707068,-1.16882,-1.11047,-1.02722,127.2519,64.2748,-36.5725,0.25342,-1.32178,-1.03528,87.4122,35.7710,-30.1679
370708068,-1.28662,-2.00000,-0.82385,95.9695,61.0840,-15.8321,0.25391,-1.30884,-0.99158,85.2901,36.3893,-30.0458
370709068,-0.92688,-2.00000,-0.50281,79.7939,69.4046,-12.3511,0.25513,-1.29785,-0.94666,83.1374,36.8779,-29.9389
370710067,-0.60547,-1.91846,-0.03760,64.4809,64.1756,-16.1069,0.25549,-1.28845,-0.90234,80.9618,37.2214,-29.8168
370711067,-0.34766,-1.44263,0.28577,64.3511,44.1832,-19.9313,0.25500,-1.28113,-0.86072,78.7328,37.4122,-29.6794
370712067,-0.00171,-1.95093,1.07849,98.3435,10.8015,-26.6260,0.25403,-1.27490,-0.82117,76.4580,37.5038,-29.5267
370713067,0.01990,-2.00000,1.35718,143.9924,-34.1679,-38.8550,0.25391,-1.26892,-0.78357,74.1908,37.4580,-29.3435
370714068,-0.41113,-2.00000,1.09338,164.3359,-63.1374,-51.3817,0.25354,-1.26306,-0.74731,71.9389,37.2672,-29.1221
370715067,-0.63696,-2.00000,1.39258,158.2061,-57.1069,-60.7710,0.25317,-1.25745,-0.71277,69.7328,36.9695,-28.8931
370716068,-0.34509,-2.00000,1.65405,145.7405,-41.1145,-65.9924,0.25415,-1.25500,-0.68018,67.5802,36.5649,-28.6641
370717067,-0.31665,-2.00000,0.62817,132.3588,-44.8779,-66.9237,0.25598,-1.25537,-0.64868,65.4733,35.9924,-28.4351
370718067,-0.61780,-1.32520,-0.17908,126.9847,-50.2061,-67.8550,0.25732,-1.25684,-0.61975,63.4275,35.2977,-28.1908
370719068,-0.51086,-0.78772,-0.31189,128.1603,-51.4580,-65.5115,0.25818,-1.25879,-0.59485,61.5038,34.5496,-27.9008
370720067,-0.49634,-1.23389,-0.66638,115.2366,-59.2977,-55.2748,0.25977,-1.26172,-0.57288,59.7252,33.7481,-27.5344
370721067,-1.12317,-2.00000,-1.29553,98.6565,-85.0687,-46.3206,0.26123,-1.26575,-0.55188,58.0840,32.8550,-27.1374
370722067,-1.36560,-2.00000,-1.52954,103.7176,-95.6336,-48.0229,0.26221,-1.27063,-0.53223,56.5649,31.8702,-26.7252
370723067,-1.26111,-2.00000,-1.14941,115.6260,-90.2977,-54.6794,0.26367,-1.27637,-0.51404,55.1450,30.7939,-26.2595
370724067,-1.54968,-1.59790,-1.21704,112.4885,-81.9695,-56.0534,0.26562,-1.28210,-0.49731,53.8397,29.6107,-25.7710
370725068,-1.50146,-1.22559,-1.27490,103.5191,-59.3893,-48.5496,0.26794,-1.28784,-0.48132,52.6641,28.3053,-25.2519
370726067,-1.38074,-1.39661,-1.31335,94.5038,-41.6107,-37.5878,0.27051,-1.29370,-0.46765,51.5954,26.8931,-24.7099
370727068,-1.54590,-1.97119,-1.53772,78.0534,-26.0611,-29.6336,0.27222,-1.29919,-0.45557,50.6565,25.4275,-24.1145
370728067,-1.42444,-2.00000,-1.68518,61.2519,-7.1756,-28.7557,0.27783,-1.30762,-0.43433,49.0611,22.3206,-22.7710
370729067,-1.17273,-2.00000,-2.00000,48.5115,-3.4809,-33.5344,0.28271,-1.31116,-0.42627,48.3435,20.6183,-22.0382
370730067,-1.12292,-2.00000,-2.00000,34.6107,-12.1756,-39.8473,0.28723,-1.31482,-0.41919,47.6870,18.8550,-21.3053
370731067,-0.93030,-1.36035,-1.89062,25.3588,-12.2443,-43.5038,0.29089,-1.31836,-0.41309,47.0687,17.0229,-20.5802
370732067,-0.46741,-1.05432,-0.26453,21.8244,-2.9466,-41.7252,0.29480,-1.32117,-0.40771,46.5038,15.1374,-19.7939
370733065,-0.39746,-1.39429,0.36450,18.1985,-2.4046,-36.0687,0.29895,-1.32227,-0.40320,46.0000,13.2137,-18.9771
370734069,-0.71338,-1.81189,-0.47705,24.6260,-8.8321,-35.2824,0.30298,-1.32227,-0.40002,45.5496,11.2366,-18.1985
370735068,-0.73584,-1.74243,-1.28333,48.3817,-4.3664,-45.0687,0.30627,-1.32129,-0.39783,45.0687,9.2443,-17.4275
370736067,-0.66785,-1.17529,-1.58203,64.3817,0.2824,-54.5725,0.30859,-1.31946,-0.39563,44.5573,7.2214,-16.6565
370737068,-0.70654,-0.46545,-1.80725,55.9924,-0.8702,-54.4351,0.31189,-1.31653,-0.39331,44.0611,5.1756,-15.8779
370738068,-0.56299,0.18799,-1.33936,48.3893,-0.7405,-48.9084,0.31714,-1.31323,-0.39111,43.5573,3.1145,-15.1145
370739068,-0.64221,-0.31396,-0.57947,46.4962,-4.6641,-27.4198,0.32263,-1.30920,-0.38867,43.0687,1.0763,-14.3740
370740067,-0.97083,-1.19373,-0.84143,26.4122,5.2137,-15.5191,0.32800,-1.30481,-0.38623,42.5496,-0.8931,-13.6565
370741067,-1.01953,-1.43359,-0.54626,6.8397,26.5496,-8.7863,0.33215,-1.30078,-0.38550,41.9771,-2.7939,-12.9466
370742067,-0.68445,-1.10742,0.18640,-10.2977,45.7328,-2.5038,0.33472,-1.29602,-0.38489,41.3511,-4.6718,-12.2595
370743067,-0.43994,-1.17322,0.47900,-22.8855,46.0611,7.5115,0.33716,-1.29138,-0.38281,40.7099,-6.5038,-11.6031
370744067,-0.33716,-1.92566,0.52612,-19.8931,34.2061,13.1603,0.34045,-1.28699,-0.38074,40.0992,-8.2595,-10.9618
370745068,-0.14856,-2.00000,0.96045,-8.7557,20.1985,8.9008,0.34399,-1.28235,-0.37866,39.4962,-9.9084,-10.3664
370746068,-0.07275,-2.00000,1.42688,-9.1450,3.1450,-0.2214,0.34692,-1.27783,-0.37585,38.8626,-11.4351,-9.8015
370747067,-0.10583,-2.00000,1.72644,-16.2290,-12.3817,-8.1145,0.34985,-1.27319,-0.37415,38.2290,-12.8473,-9.2748
370748067,0.18213,-2.00000,1.99994,-13.9542,-21.0458,-17.8702,0.35352,-1.26794,-0.37244,37.6336,-14.1679,-8.7481
370749067,0.48877,-2.00000,1.99994,-5.5420,-32.5573,-33.0000,0.35754,-1.26233,-0.36829,37.0687,-15.3740,-8.2748
370750067,0.25647,-1.31702,1.56079,-7.0992,-52.5115,-46.1298,0.36145,-1.25696,-0.36450,36.4885,-16.4351,-7.8473
370751067,-0.10864,-0.22119,0.55945,-16.5954,-66.0763,-48.6947,0.36560,-1.25146,-0.36230,35.9008,-17.3511,-7.4733
370752067,-0.12500,-0.16162,0.73560,-22.7481,-72.2443,-41.2290,0.36938,-1.24634,-0.36035,35.3511,-18.1603,-7.1069
370753067,-0.13025,-0.83899,1.16479,-24.4275,-85.7481,-30.7786,0.37317,-1.24109,-0.35876,34.8550,-18.8473,-6.7557
370754067,-0.39673,-1.23657,0.79041,-22.8550,-102.2137,-24.7786,0.37695,-1.23572,-0.35693,34.3969,-19.4046,-6.4885
370755065,-0.81616,-0.84668,-0.05005,-17.1298,-110.3053,-22.5038,0.38049,-1.23047,-0.35376,33.9771,-19.8244,-6.2519
370756069,-1.00623,-0.12610,-0.37695,-15.4809,-101.7710,-16.2137,0.38354,-1.22571,-0.35034,33.6107,-20.1145,-6.0382
370757068,-0.69666,0.25171,0.10486,-21.7252,-83.0840,-3.1527,0.38647,-1.22058,-0.34778,33.2672,-20.2824,-5.8321
370758068,-0.33826,0.00146,0.64648,-29.3359,-70.1985,10.9237,0.38965,-1.21472,-0.34460,32.9160,-20.3664,-5.6412
370759068,-0.32751,-0.62610,0.51160,-32.1298,-68.9160,18.0840,0.39282,-1.20813,-0.34021,32.6107,-20.3817,-5.4580
370760068,-0.44055,-1.07385,0.03931,-30.6718,-70.1298,15.2290,0.39526,-1.20105,-0.33643,32.3206,-20.3130,-5.2748
370761067,-0.51501,-1.25916,-0.00220,-29.3359,-72.8015,8.8473,0.39685,-1.19287,-0.33289,31.9847,-20.1527,-5.0916
370762065,-0.46143,-1.53577,0.51270,-33.9771,-78.8168,6.2290,0.39746,-1.18372,-0.32935,31.6412,-19.9237,-4.9313
370763065,-0.25598,-1.98108,0.99890,-41.4275,-90.5573,6.8397,0.39685,-1.17419,-0.32678,31.3206,-19.6489,-4.7863
370764065,-0.34802,-2.00000,0.68005,-44.3053,-111.5573,6.0763,0.39563,-1.16394,-0.32483,31.0000,-19.3130,-4.6107
370765069,-0.64246,-2.00000,0.06323,-43.0611,-125.7786,2.2443,0.39490,-1.15247,-0.32153,30.6260,-18.9160,-4.4046
370766068,-0.69580,-1.92395,-0.04309,-47.4275,-126.1298,0.1069,0.39478,-1.13928,-0.31750,30.2061,-18.4885,-4.1908
370767067,-0.79004,-1.66492,-0.10254,-61.4809,-124.9389,4.6336,0.39380,-1.12585,-0.31421,29.7634,-18.0611,-4.0076
370768067,-1.09363,-1.75891,-0.71655,-74.0534,-128.5038,11.5496,0.39038,-1.11255,-0.31091,29.2977,-17.6489,-3.8397
370769067,-1.40503,-1.98206,-1.50891,-72.3740,-129.3130,11.6107,0.38721,-1.09851,-0.30786,28.7939,-17.2748,-3.6565
370770067,-1.65247,-1.95520,-1.92383,-63.5420,-121.1374,4.2214,0.38586,-1.08374,-0.30444,28.2290,-16.9008,-3.4656
370771067,-1.82104,-1.64209,-2.00000,-64.6718,-104.8702,-2.5496,0.38403,-1.06921,-0.30090,27.6107,-16.5267,-3.2977
370772067,-1.90271,-1.43298,-2.00000,-76.0382,-85.0916,-3.1832,0.38159,-1.05676,-0.29712,26.9618,-16.1603,-3.1527
370773068,-1.93457,-1.52954,-2.00000,-81.2901,-65.9389,-2.5802,0.37964,-1.04480,-0.29138,26.3130,-15.8092,-3.0000
370774068,-1.79480,-1.63025,-1.85474,-71.7176,-46.6489,-7.6412,0.37939,-1.03149,-0.28479,25.6489,-15.4580,-2.7939
370775068,-1.49780,-1.48596,-1.67993,-57.1832,-29.3740,-16.3206,0.37988,-1.01782,-0.27966,24.9389,-15.1069,-2.5954
370776067,-1.18774,-1.20496,-1.38489,-55.5038,-17.1374,-20.0840,0.37952,-1.00659,-0.27527,24.2061,-14.7405,-2.4198
370777067,-0.70203,-0.90149,-0.79675,-68.0840,-9.2366,-17.5802,0.37939,-0.99719,-0.27136,23.4809,-14.3817,-2.2366
370778067,-0.25818,-0.54736,-0.09338,-75.4504,-8.3588,-15.7481,0.37903,-0.98779,-0.26782,22.7252,-14.0382,-2.0534
370779067,-0.17163,-0.24707,0.11609,-64.7939,-18.5802,-18.0305,0.37842,-0.97852,-0.26282,21.9389,-13.6718,-1.8855
370780068,-0.22632,-0.09253,0.09253,-45.4809,-29.7405,-21.2443,0.37842,-0.96936,-0.25793,21.1527,-13.3053,-1.7405
370781068,-0.26392,-0.10193,0.36047,-34.4427,-37.2595,-20.5878,0.37903,-0.96106,-0.25415,20.3588,-12.9389,-1.5802
370782067,-0.17920,-0.21118,0.85266,-36.9008,-37.6718,-16.0763,0.38062,-0.95374,-0.24915,19.5725,-12.5573,-1.3817
370783067,-0.07385,-0.26648,1.26697,-40.8397,-37.6107,-12.0840,0.38232,-0.94653,-0.24329,18.7939,-12.1908,-1.1450
370784067,-0.13513,-0.23035,1.12488,-32.6489,-44.7557,-10.8092,0.38330,-0.93909,-0.23792,18.0153,-11.8397,-0.9160
370785065,-0.24890,-0.17578,0.77563,-21.8931,-54.3817,-8.6260,0.38367,-0.93262,-0.23328,17.2443,-11.5115,-0.6718
370786065,-0.32300,-0.24963,0.63989,-26.7557,-63.0916,-1.3740,0.38391,-0.92798,-0.22888,16.5038,-11.2061,-0.4427
370787064,-0.33899,-0.57568,0.73157,-45.9008,-68.2366,8.9695,0.38477,-0.92395,-0.22424,15.7863,-10.9389,-0.2214
370788064,-0.37061,-1.05054,0.71924,-60.7252,-75.7176,15.9924,0.38562,-0.91943,-0.21960,15.0763,-10.6718,0.0076
370789068,-0.45898,-1.29102,0.38281,-60.7863,-85.8855,14.8397,0.38623,-0.91528,-0.21460,14.3740,-10.4122,0.2595
370790068,-0.52539,-1.04675,-0.01978,-54.6107,-90.5954,8.2443,0.38660,-0.91040,-0.20947,13.6870,-10.1756,0.5420
370791068,-0.63208,-0.58057,-0.36511,-57.1145,-88.7786,4.2519,0.38696,-0.90491,-0.20532,13.0153,-9.9542,0.8168
370792068,-0.78247,-0.41650,-0.49829,-65.0687,-81.4656,5.3053,0.38660,-0.90063,-0.20239,12.3817,-9.7481,1.0916
370793068,-0.90149,-0.73218,-0.49731,-61.1985,-73.8244,5.3969,0.38562,-0.89636,-0.19934,11.7939,-9.5802,1.3664
370794068,-1.05103,-1.12842,-0.60522,-43.3740,-66.6947,-0.5115,0.38660,-0.89160,-0.19507,11.2290,-9.4733,1.6336
370795068,-1.18372,-1.16565,-0.77808,-28.0000,-55.4962,-9.1221,0.38904,-0.88696,-0.19043,10.6489,-9.4046,1.9084
370796068,-1.18030,-0.86841,-0.78113,-26.7405,-39.3282,-13.3435,0.39099,-0.88245,-0.18689,10.0229,-9.3435,2.2214
370797068,-1.04102,-0.58630,-0.51978,-34.6260,-25.5267,-10.3588,0.39270,-0.87695,-0.18481,9.3893,-9.3206,2.5496
370798068,-0.87830,-0.58630,-0.22412,-40.1756,-20.8550,-3.6489,0.39612,-0.87146,-0.18225,8.7557,-9.3206,2.8626
370799067,-0.76233,-0.88647,-0.05017,-41.9389,-23.3893,2.3282,0.39990,-0.86719,-0.17834,8.1298,-9.3206,3.1832
370800068,-0.66125,-1.20618,0.08081,-47.4580,-27.7481,5.7252,0.40332,-0.86401,-0.17419,7.5038,-9.3282,3.5115
370801067,-0.58325,-1.19641,0.24780,-58.5038,-32.4122,6.4885,0.40698,-0.86047,-0.16968,6.9008,-9.3435,3.8473
370802067,-0.55042,-0.91553,0.33276,-67.1450,-39.4351,5.8168,0.41113,-0.85730,-0.16418,6.3359,-9.3664,4.1450
370803068,-0.54626,-0.70349,0.30298,-66.6947,-47.3817,4.3511,0.41492,-0.85498,-0.15906,5.7557,-9.3664,4.4504
370804067,-0.57410,-0.76379,0.16187,-58.2672,-54.1908,1.8321,0.41882,-0.85266,-0.15308,5.1908,-9.3511,4.7405
370805068,-0.64160,-0.99976,-0.05005,-47.9618,-56.5115,-2.3664,0.42407,-0.85071,-0.14551,4.6947,-9.3282,5.0382
370806068,-0.69849,-1.11279,-0.17688,-39.8092,-52.8779,-8.2672,0.42993,-0.84888,-0.13916,4.2366,-9.2901,5.3053
370807067,-0.73511,-0.94336,-0.22998,-33.7023,-46.0458,-13.9695,0.43604,-0.84802,-0.13452,3.8092,-9.2137,5.5267
370808068,-0.78418,-0.67212,-0.31470,-28.6870,-39.3588,-16.3893,0.44226,-0.84790,-0.13025,3.4351,-9.1069,5.7328
370809067,-0.82336,-0.57288,-0.45813,-25.5420,-34.4275,-14.6489,0.44836,-0.84839,-0.12463,3.1221,-8.9618,5.9084
370810067,-0.83435,-0.54736,-0.62988,-25.9695,-31.0076,-11.7557,0.45496,-0.84961,-0.11719,2.8550,-8.7786,6.0458
370811067,-0.82520,-0.27002,-0.82556,-30.2824,-27.9618,-10.2595,0.46240,-0.85107,-0.11084,2.6565,-8.5878,6.1374
370812067,-0.81262,0.16943,-0.98962,-37.7710,-25.7786,-7.4122,0.46924,-0.85352,-0.10571,2.5115,-8.3588,6.2061
370813067,-0.77246,0.38086,-0.88062,-45.7405,-22.6336,-1.3206,0.47461,-0.85645,-0.10022,2.4046,-8.0840,6.2595
370814067,-0.72095,0.21375,-0.48828,-49.8702,-18.2519,5.7557,0.48035,-0.85938,-0.09595,2.3359,-7.7557,6.2672
370815067,-0.70959,-0.20642,-0.24390,-49.0000,-13.3435,10.9313,0.48682,-0.86353,-0.09021,2.3130,-7.3817,6.2137
370816067,-0.72351,-0.55713,-0.27539,-45.2061,-6.7481,12.3969,0.49231,-0.86707,-0.08459,2.3359,-6.9847,6.1450
370817068,-0.71777,-0.57104,-0.30493,-40.6565,1.3435,10.9237,0.49719,-0.86975,-0.08057,2.3817,-6.5573,6.0687
370818067,-0.59619,-0.37915,-0.08398,-36.8702,9.7557,10.1756,0.50317,-0.87292,-0.07544,2.4427,-6.0840,5.9618
370819067,-0.43604,-0.32849,0.26123,-35.6412,12.6565,12.3435,0.50952,-0.87561,-0.07056,2.5496,-5.5725,5.8092
370820067,-0.38062,-0.56067,0.40491,-35.9542,7.9695,15.2901,0.51575,-0.87805,-0.06750,2.6718,-5.0305,5.6336
370821068,-0.37488,-0.89136,0.47644,-34.6565,1.0305,15.2672,0.52136,-0.88086,-0.06482,2.8092,-4.4733,5.4656
370822068,-0.34180,-1.17798,0.72290,-32.6183,-4.5802,12.1985,0.52625,-0.88330,-0.06116,2.9542,-3.9008,5.2672
370823067,-0.30676,-1.38708,0.87598,-32.9618,-10.9160,8.0611,0.53052,-0.88611,-0.05640,3.1145,-3.3053,5.0687
370824068,-0.33228,-1.29517,0.70679,-33.5115,-18.1450,2.5420,0.53381,-0.88953,-0.05017,3.3053,-2.6794,4.8397
370825067,-0.41846,-0.83765,0.45679,-29.2824,-24.4122,-3.8702,0.53662,-0.89197,-0.04346,3.5267,-2.0305,4.5954
370826067,-0.49182,-0.48242,0.40405,-23.4962,-27.0000,-6.9847,0.53882,-0.89355,-0.03687,3.7557,-1.3817,4.3130
370827068,-0.51648,-0.63354,0.44971,-21.9084,-26.8702,-5.1374,0.54517,-0.89636,-0.02405,4.1832,-0.0916,3.7099
370828067,-0.60669,-0.94336,0.33374,-22.4504,-26.8702,-3.2214,0.54785,-0.89697,-0.01721,4.3893,0.5725,3.4198
370829067,-0.70117,-0.91138,0.11963,-21.8015,-24.5802,-4.0000,0.55042,-0.89746,-0.00952,4.6031,1.2137,3.1221
370830067,-0.68628,-0.56860,0.00952,-23.7481,-19.6947,-4.0229,0.55310,-0.89685,-0.00269,4.8244,1.8015,2.8168
370831067,-0.62244,-0.27148,0.07092,-31.1603,-14.7786,0.5115,0.55554,-0.89502,0.00488,4.9847,2.3588,2.5115
370832068,-0.53357,-0.25134,0.18420,-40.2214,-12.6107,8.1527,0.55786,-0.89307,0.01416,5.0916,2.9160,2.2061
370833067,-0.48535,-0.44788,0.20972,-46.9924,-14.2672,14.5420,0.55957,-0.89124,0.02295,5.1603,3.4351,1.8626
370834067,-0.49329,-0.71521,0.16077,-50.3969,-16.8626,16.9084,0.56006,-0.88879,0.03101,5.2214,3.9160,1.5191
370835067,-0.48706,-0.89648,0.19727,-50.1679,-17.5649,14.9924,0.56055,-0.88538,0.03857,5.2672,4.3817,1.2214
370836067,-0.46619,-0.89050,0.32324,-47.4275,-18.6641,10.7252,0.56189,-0.88196,0.04663,5.2366,4.8473,0.9008
370837067,-0.45679,-0.72742,0.33923,-42.2977,-21.8473,6.0153,0.56323,-0.87805,0.05469,5.1756,5.2824,0.5420
370838067,-0.49805,-0.55713,0.18030,-33.3817,-26.0000,1.5344,0.56433,-0.87390,0.06274,5.0916,5.6565,0.1603
370839067,-0.57166,-0.52698,0.00354,-22.9695,-28.2061,-2.2061,0.56628,-0.87012,0.07104,4.9924,5.9771,-0.1985
370840067,-0.59180,-0.61292,-0.02600,-17.3511,-26.9695,-4.3740,0.56848,-0.86719,0.07935,4.8550,6.2595,-0.5191
370841067,-0.59509,-0.63159,-0.03394,-18.7176,-24.8931,-4.8473,0.56995,-0.86475,0.08813,4.6794,6.5420,-0.8321
370842067,-0.62671,-0.48059,-0.11096,-22.5573,-22.4198,-4.1908,0.57043,-0.86292,0.09668,4.4809,6.8092,-1.1603
370843067,-0.65405,-0.31592,-0.17236,-24.1832,-20.1069,-2.2519,0.57153,-0.86206,0.10535,4.2672,7.0611,-1.5038
370844065,-0.65405,-0.29431,-0.18054,-24.1527,-18.6183,1.0000,0.57239,-0.86182,0.11426,4.0382,7.2977,-1.8168
370845069,-0.65161,-0.35400,-0.21838,-25.8931,-18.8397,4.7939,0.57288,-0.86133,0.12207,3.8015,7.5115,-2.1069
370846068,-0.66602,-0.39917,-0.28821,-29.0687,-19.2061,7.6183,0.57385,-0.85986,0.12988,3.5573,7.6947,-2.3664
370847067,-0.65747,-0.43237,-0.26819,-28.4275,-18.5115,8.0229,0.57458,-0.85742,0.13879,3.2977,7.8626,-2.6260
370848067,-0.63159,-0.48767,-0.19812,-21.4809,-18.1145,6.0305,0.57471,-0.85474,0.14844,3.0000,8.0000,-2.8702
370849068,-0.63379,-0.54944,-0.20300,-11.9084,-18.5649,2.7939,0.57483,-0.85217,0.15747,2.6870,8.1145,-3.0763
370850067,-0.65137,-0.53357,-0.26526,-4.0763,-17.4733,-1.1298,0.57544,-0.84912,0.16675,2.3664,8.2214,-3.2214
370851067,-0.63635,-0.38721,-0.29431,2.2672,-14.1145,-5.5878,0.57556,-0.84570,0.17749,2.0153,8.3282,-3.3282
370852067,-0.59033,-0.21594,-0.25769,10.3435,-10.5954,-9.7786,0.57495,-0.84143,0.18750,1.5725,8.3969,-3.4427
370853067,-0.56934,-0.20508,-0.22742,20.7939,-9.9847,-12.5420,0.57410,-0.83582,0.19666,1.0763,8.4275,-3.5573
370854067,-0.59497,-0.36230,-0.30554,28.6412,-11.5344,-13.5725,0.57300,-0.82959,0.20532,0.5191,8.4351,-3.6260
370855067,-0.62366,-0.50452,-0.41248,29.9924,-11.9008,-13.6489,0.57178,-0.82373,0.21362,-0.0763,8.4122,-3.6336
370856067,-0.63757,-0.50781,-0.42175,27.9237,-10.4198,-13.4962,0.56995,-0.81885,0.22180,-0.7328,8.3817,-3.6260
370857067,-0.64685,-0.41248,-0.37402,27.3282,-9.1603,-12.7786,0.56848,-0.81531,0.22986,-1.4046,8.3282,-3.6336
370858065,-0.66589,-0.32764,-0.37756,28.2290,-8.7634,-10.7481,0.56726,-0.81226,0.23816,-2.0763,8.1985,-3.6489
370859068,-0.70557,-0.34570,-0.44421,26.6412,-7.5420,-7.0534,0.56604,-0.80920,0.24609,-2.7634,7.9924,-3.6489
370860068,-0.73804,-0.44824,-0.47095,20.0000,-3.3130,-2.7634,0.56421,-0.80652,0.25452,-3.4580,7.7634,-3.6641
370861068,-0.72986,-0.51001,-0.41406,11.7786,2.8550,0.2290,0.56201,-0.80432,0.26306,-4.1221,7.4809,-3.6718
370862068,-0.67798,-0.48108,-0.37402,7.5878,7.8321,1.2214,0.55945,-0.80273,0.26953,-4.7863,7.1221,-3.6336
370863068,-0.64978,-0.40784,-0.30261,8.2595,10.7176,1.0153,0.55627,-0.80176,0.27551,-5.4504,6.7099,-3.6183
370864068,-0.63013,-0.40857,-0.16748,13.4504,12.1832,0.0076,0.55310,-0.80066,0.28040,-6.0840,6.2443,-3.5954
370865068,-0.57556,-0.69617,-0.20251,37.5802,8.5496,-7.5649,0.54993,-0.79993,0.28333,-6.6947,5.7481,-3.5878
370866068,-0.68213,-0.86694,-0.27112,44.7176,4.9237,-11.2519,0.54700,-0.80054,0.28662,-7.2824,5.1756,-3.5649
370867068,-0.63232,-1.02649,-0.26099,45.4504,5.9389,-13.9084,0.54492,-0.80164,0.29089,-7.7939,4.5344,-3.5649
370868068,-0.60522,-1.03027,-0.14563,46.6870,8.2824,-17.8550,0.54358,-0.80286,0.29395,-8.2290,3.8397,-3.5725
370869068,-0.64697,-0.82678,-0.05493,51.0305,11.0000,-22.1832,0.54211,-0.80396,0.29333,-8.6260,3.0763,-3.5802
370870067,-0.60962,-0.66125,-0.08228,51.1908,14.6794,-22.6107,0.53992,-0.80530,0.29199,-8.9847,2.2443,-3.5878
370871067,-0.65173,-0.70361,-0.28528,42.0076,17.1908,-18.4656,0.53772,-0.80750,0.29236,-9.3206,1.3817,-3.6183
370872067,-0.72888,-0.84094,-0.39380,29.8931,21.6947,-14.0992,0.53552,-0.81055,0.29248,-9.5954,0.5038,-3.6718
370873067,-0.62744,-0.87769,-0.23389,24.1832,27.0840,-13.0000,0.53357,-0.81433,0.29102,-9.8244,-0.4122,-3.7176
370874067,-0.51599,-0.70300,-0.02344,23.4733,28.3435,-13.7252,0.53296,-0.81836,0.28894,-9.9847,-1.3588,-3.7252
370875068,-0.48669,-0.43823,0.09094,21.8855,27.3969,-12.7252,0.53247,-0.82214,0.28601,-10.1069,-2.3511,-3.6947
370876068,-0.39355,-0.30566,0.20642,18.5191,28.1298,-9.3893,0.53101,-0.82544,0.28284,-10.2214,-3.3435,-3.6565
370877067,-0.32251,-0.36597,0.33081,15.8626,28.1221,-5.8321,0.52966,-0.82849,0.28174,-10.3435,-4.3206,-3.5725
370878068,-0.32776,-0.50427,0.32690,16.9389,26.4580,-4.4275,0.52893,-0.83179,0.28027,-10.4656,-5.3435,-3.4580
370879068,-0.35315,-0.63062,0.15637,21.3893,22.9542,-4.9847,0.52808,-0.83435,0.27649,-10.5954,-6.3817,-3.3359
370880067,-0.41138,-0.74609,-0.01465,23.0305,19.9160,-5.5191,0.52771,-0.83557,0.27234,-10.7481,-7.3969,-3.1985
370881067,-0.43286,-0.78003,0.05603,19.7099,20.7939,-5.7023,0.52844,-0.83655,0.26819,-10.9389,-8.4275,-3.0229
370882068,-0.41125,-0.68506,0.21790,14.9084,23.4656,-5.7939,0.52917,-0.83704,0.26453,-11.1679,-9.4809,-2.8168
370883068,-0.42517,-0.57324,0.20300,11.4351,25.2824,-5.2595,0.52930,-0.83582,0.26038,-11.4427,-10.5344,-2.5649
370884067,-0.44116,-0.53418,0.18481,9.5191,28.6260,-4.4427,0.52905,-0.83374,0.25610,-11.7786,-11.5573,-2.2672
370885067,-0.39807,-0.55872,0.29651,7.5038,33.1069,-3.3435,0.52844,-0.83240,0.25269,-12.1679,-12.5267,-1.9771
370886065,-0.34204,-0.57666,0.35168,2.6031,35.3969,-1.7099,0.52808,-0.83191,0.24927,-12.5954,-13.4656,-1.6565
370887069,-0.31409,-0.53809,0.30823,-1.3053,34.0305,-0.2901,0.52820,-0.83179,0.24512,-13.0611,-14.3817,-1.2901
370888068,-0.26868,-0.50232,0.35571,1.0916,30.5496,0.2443,0.52771,-0.83154,0.23962,-13.5420,-15.2672,-0.8931
370889067,-0.18616,-0.51343,0.51672,5.2061,26.3435,0.8779,0.52661,-0.83081,0.23291,-14.0382,-16.1221,-0.4656
370890068,-0.14783,-0.47742,0.56616,4.0840,21.6870,2.2901,0.52600,-0.83020,0.22656,-14.5496,-16.9618,0.0000
370891067,-0.18726,-0.36853,0.49695,0.2824,18.1450,4.3817,0.52600,-0.82996,0.22034,-15.0687,-17.7405,0.4580
370892068,-0.22278,-0.37683,0.48486,-1.2443,16.3740,7.0611,0.52576,-0.82959,0.21362,-15.5725,-18.4656,0.8931
370893068,-0.25098,-0.67419,0.41504,-1.2672,14.4504,10.0229,0.52454,-0.83008,0.20764,-16.0992,-19.1527,1.3359
370894068,-0.35449,-1.08618,0.16284,-2.4962,12.0763,11.3130,0.52222,-0.83118,0.20142,-16.6183,-19.7710,1.7939
370895067,-0.42603,-1.18579,0.00989,-4.5420,13.5573,8.8855,0.52014,-0.83167,0.19556,-17.0992,-20.3664,2.2519
370896067,-0.41455,-0.89453,0.01929,-7.6565,17.2061,5.2977,0.51868,-0.83142,0.19006,-17.5344,-20.9389,2.7023
370897067,-0.43005,-0.63684,0.03186,-11.9160,20.0305,4.8244,0.51843,-0.83142,0.18359,-17.9389,-21.5115,3.1450
370898067,-0.41016,-0.68555,0.09448,-13.4733,22.5420,6.3053,0.51758,-0.83167,0.17725,-18.3664,-22.0763,3.5725
370899068,-0.34973,-0.88904,0.17627,-12.3053,24.7481,6.7328,0.51550,-0.83301,0.17188,-18.7557,-22.5649,3.9542
370900067,-0.32178,-0.98206,0.14954,-13.5802,26.6794,5.4885,0.51343,-0.83411,0.16516,-19.0763,-22.9771,4.2748
370901068,-0.28674,-0.83057,0.10876,-16.5191,29.0611,3.6336,0.51257,-0.83484,0.15796,-19.3511,-23.3435,4.5649
370902067,-0.20532,-0.54407,0.21985,-16.6183,30.6794,2.6947,0.51379,-0.83679,0.15234,-19.5954,-23.6718,4.8473
370903067,-0.11328,-0.33020,0.39563,-14.9008,29.7863,4.0076,0.51489,-0.83923,0.14661,-19.7939,-23.9695,5.0916
370904067,-0.08557,-0.32263,0.45068,-14.4885,26.3969,7.3664,0.51575,-0.84167,0.14111,-19.9389,-24.2137,5.3053
370905068,-0.10327,-0.43445,0.42603,-14.9389,23.5496,10.5038,0.51782,-0.84387,0.13611,-20.0153,-24.4122,5.4885
370906068,-0.07556,-0.63684,0.52380,-15.4046,22.3053,13.1069,0.52063,-0.84558,0.13000,-20.0000,-24.5420,5.6641
370907068,-0.03125,-1.13806,0.73218,-16.0840,20.0458,16.3206,0.52344,-0.84766,0.12292,-19.9313,-24.5649,5.8015
370908067,0.01855,-1.62354,0.78088,-17.6260,16.5267,16.6794,0.52661,-0.84973,0.11560,-19.7939,-24.4885,5.9084
370909067,0.00171,-1.40356,0.52710,-23.1908,13.2595,12.7863,0.53015,-0.85168,0.10840,-19.6031,-24.3282,5.9618
370910067,-0.20325,-0.66931,0.24927,-37.9618,11.1527,11.9924,0.53357,-0.85376,0.10254,-19.3511,-24.0916,5.9847
370911067,-0.25293,-0.29773,0.31970,-57.2595,13.4809,18.6794,0.53650,-0.85657,0.09766,-19.0611,-23.7634,5.9542
370912067,-0.08862,-0.48694,0.64478,-66.7328,16.1679,25.7481,0.53906,-0.85950,0.09167,-18.7252,-23.3511,5.9084
370913067,-0.12903,-0.78406,0.77771,-63.2519,14.4733,27.4198,0.54138,-0.86169,0.08447,-18.3664,-22.8626,5.8702
370914067,-0.12683,-0.90503,0.71863,-59.9771,16.4427,26.5649,0.54297,-0.86365,0.07800,-17.9618,-22.3053,5.8244
370915065,-0.00647,-0.71619,0.63403,-65.7099,20.7176,27.3511,0.54443,-0.86548,0.07178,-17.5191,-21.6641,5.7328
370916065,-0.01416,-0.34229,0.53601,-71.9695,21.5496,30.3130,0.54517,-0.86743,0.06409,-17.0382,-20.9313,5.5954
370917069,0.04712,-0.16248,0.61853,-66.6565,18.5115,33.4275,0.54492,-0.87024,0.05701,-16.4809,-20.0992,5.4504
370918068,0.08997,-0.36963,0.67273,-53.7023,7.9389,36.0305,0.54346,-0.87427,0.04980,-15.8855,-19.2443,5.3053
370919067,0.00708,-0.68323,0.47498,-47.6947,-3.2748,37.7099,0.54065,-0.87817,0.04175,-15.2977,-18.3740,5.1679
370920067,-0.01929,-0.77795,0.27563,-53.0763,-8.3969,38.6641,0.53760,-0.88098,0.03369,-14.7328,-17.4885,5.0153
370921067,-0.05505,-0.78174,0.23218,-60.5115,-10.1832,39.6336,0.53430,-0.88403,0.02515,-14.1450,-16.5878,4.8550
370922067,-0.17761,-0.81177,0.26758,-59.6565,-10.6183,38.8092,0.53015,-0.88770,0.01587,-13.5420,-15.6641,4.7023
370923067,-0.29272,-0.85083,0.11072,-47.8473,-10.5038,34.6718,0.52515,-0.89258,0.00732,-12.9695,-14.7023,4.5649
370924067,-0.42261,-0.88245,-0.19019,-34.2901,-7.6489,28.7557,0.51953,-0.89819,-0.00171,-12.4580,-13.7099,4.4122
370925067,-0.48962,-0.90283,-0.24561,-30.3588,0.5191,24.5344,0.51331,-0.90295,-0.01208,-12.0076,-12.7328,4.2519
370926067,-0.40625,-0.96765,-0.03992,-31.9008,9.3893,22.3588,0.50732,-0.90710,-0.02246,-11.5725,-11.8092,4.1145
370927067,-0.35303,-1.12244,0.06213,-25.3588,11.9237,19.3740,0.50073,-0.91113,-0.03223,-11.1527,-10.9542,4.0153
370928067,-0.40796,-1.26306,-0.10486,-9.0534,7.9695,13.9160,0.48669,-0.92200,-0.05457,-10.4351,-9.3130,3.9313
370929067,-0.39685,-1.19727,-0.14819,3.6870,6.7176,8.6641,0.47998,-0.92883,-0.06555,-10.1450,-8.5267,3.9160
370930068,-0.30530,-0.97900,0.01978,1.0153,8.3282,8.3206,0.47327,-0.93604,-0.07751,-9.9008,-7.7786,3.8931
370931068,-0.27686,-0.80554,0.12402,-13.6107,9.7939,12.9160,0.46594,-0.94238,-0.09082,-9.6412,-7.0687,3.8855
370932067,-0.26575,-0.82983,0.14160,-23.0382,9.9389,17.6718,0.45850,-0.94873,-0.10364,-9.3817,-6.3740,3.9008
370933068,-0.25720,-0.98633,0.17041,-21.1374,9.3130,18.6336,0.45068,-0.95557,-0.11597,-9.1603,-5.6870,3.9618
370934068,-0.25012,-1.07239,0.21472,-20.1603,10.1298,17.5115,0.44324,-0.96252,-0.12903,-8.9618,-5.0229,4.0458
370935067,-0.25598,-0.98657,0.14136,-26.5267,11.1527,16.9237,0.43689,-0.96912,-0.14270,-8.7786,-4.4046,4.1527
370936067,-0.27673,-0.78564,0.07031,-30.0305,11.2748,16.2595,0.43115,-0.97583,-0.15649,-8.6336,-3.8244,4.2748
370937067,-0.24866,-0.63599,0.09216,-22.3740,9.5191,14.3206,0.42615,-0.98279,-0.16907,-8.5038,-3.2672,4.3893
370938067,-0.23376,-0.65381,0.10327,-9.6107,6.8626,12.1985,0.42175,-0.98987,-0.18225,-8.3740,-2.6947,4.5267
370939067,-0.25647,-0.78943,0.06519,-2.4198,6.0992,11.2748,0.41748,-0.99792,-0.19763,-8.2595,-2.1450,4.6947
370940067,-0.24341,-0.84290,0.10266,-3.0000,9.5191,11.1603,0.41357,-1.00574,-0.21326,-8.2061,-1.6718,4.9084
370941067,-0.22949,-0.79956,0.15247,-5.4885,12.8015,11.5725,0.40955,-1.01440,-0.22961,-8.1832,-1.2290,5.1374
370942067,-0.26270,-0.82568,0.13525,-5.1985,14.2137,12.2824,0.40417,-1.02466,-0.24731,-8.1679,-0.7481,5.3511
370943067,-0.28186,-0.95532,0.14111,-3.5191,14.8473,12.7481,0.39771,-1.03467,-0.26587,-8.1527,-0.2595,5.5496
370944067,-0.29004,-1.06873,0.13977,-4.9389,15.0534,12.7939,0.38977,-1.04456,-0.28601,-8.1298,0.2214,5.8168
370945068,-0.30603,-1.08728,0.14893,-9.5496,15.4504,12.3740,0.38086,-1.05615,-0.30750,-8.1298,0.6489,6.1298
370946068,-0.28699,-1.05066,0.22192,-11.1374,16.0076,10.8702,0.37170,-1.06921,-0.32996,-8.1450,1.0076,6.4427
370947068,-0.26526,-1.01282,0.32629,-7.1221,15.5802,8.4962,0.36255,-1.08276,-0.35303,-8.1374,1.3053,6.7634
370948068,-0.26050,-1.02026,0.37744,-3.0763,14.4885,6.8931,0.35327,-1.09766,-0.37781,-8.0992,1.5344,7.0840
370949067,-0.23230,-1.04810,0.40442,-3.3740,14.4504,6.6641,0.34253,-1.11438,-0.40405,-8.0458,1.6947,7.3893
370950067,-0.19360,-1.01685,0.43298,-5.9084,14.9313,6.8244,0.33105,-1.13171,-0.42920,-8.0000,1.8321,7.6870
370951067,-0.15479,-0.91272,0.45984,-6.9924,14.8931,6.6031,0.32007,-1.14844,-0.45312,-7.9618,1.9389,8.0000
370952067,-0.13843,-0.80444,0.47229,-5.4962,13.2290,6.3893,0.30981,-1.16357,-0.47644,-7.8931,1.9771,8.3435
370953068,-0.15076,-0.77039,0.45850,-3.8092,11.0992,6.7710,0.29956,-1.17590,-0.49951,-7.8473,1.9237,8.7481
370954067,-0.16846,-0.79761,0.45349,-4.2901,9.9008,7.4275,0.28845,-1.18591,-0.52295,-7.8321,1.7786,9.1756
370955067,-0.18884,-0.85376,0.43860,-5.0458,9.0687,7.4962,0.27734,-1.19458,-0.54736,-7.9084,1.5649,9.6260
370956067,-0.20703,-0.89673,0.40051,-2.9084,7.8550,6.2748,0.26672,-1.20264,-0.57263,-8.1298,1.2748,10.0992
370957067,-0.21448,-0.86938,0.35437,0.7405,6.3817,4.4809,0.25671,-1.20959,-0.59814,-8.5191,0.9084,10.6031
370958068,-0.22632,-0.78406,0.31409,1.8931,5.2672,3.8550,0.24707,-1.21484,-0.62354,-9.0840,0.4885,11.1603
370959068,-0.25806,-0.80664,0.35925,-0.2595,5.2061,5.8702,0.23743,-1.21899,-0.64929,-9.8168,0.0000,11.7481
370960068,-0.39783,-1.27942,0.75867,-2.7176,6.9542,10.5115,0.22815,-1.22302,-0.67493,-10.7176,-0.5802,12.3511
370961068,-0.51184,-2.00000,1.39722,-4.7863,11.4275,13.1603,0.21936,-1.22681,-0.70020,-11.7939,-1.2214,12.9847
370962068,-0.37341,-2.00000,1.68311,-8.9466,18.5115,8.9389,0.21130,-1.23145,-0.72681,-13.0153,-1.9618,13.6336
370963068,-0.45691,-1.98682,1.37744,-15.0534,16.8702,0.2672,0.20325,-1.23743,-0.75464,-14.3740,-2.7481,14.2824
370964068,-0.53650,-1.28455,1.21277,-17.7939,12.4580,-5.8397,0.19507,-1.24353,-0.78174,-15.8779,-3.5725,14.9313
370965068,-0.15002,-1.19373,1.69275,-20.3664,7.3206,-6.8779,0.18823,-1.25024,-0.80762,-17.5038,-4.4656,15.5878
370966068,0.09265,-1.42798,1.99994,-32.1221,-7.2366,-5.4733,0.18140,-1.25842,-0.83362,-19.2137,-5.4198,16.2824
370967068,0.20850,-1.39331,1.99994,-44.6489,-19.4962,-7.1985,0.17432,-1.26709,-0.86060,-20.9924,-6.4198,16.9771
370968068,0.31348,-0.99097,1.99994,-44.2672,-27.4885,-11.9771,0.16870,-1.27673,-0.88867,-22.8244,-7.4809,17.6489
370969068,0.15405,-0.45020,1.99994,-37.3664,-35.9771,-14.0840,0.16382,-1.28784,-0.91785,-24.6947,-8.6107,18.3130
370970067,0.06677,0.16321,1.99994,-35.3053,-41.0687,-10.2443,0.15942,-1.29956,-0.94714,-26.5954,-9.7710,18.9695
370971064,-0.03516,0.51062,1.70825,-39.7786,-51.9008,1.0000,0.15613,-1.31177,-0.97510,-28.5267,-10.9771,19.6260
370972064,-0.32190,0.19434,1.02844,-43.5344,-65.8550,14.7481,0.15259,-1.32471,-1.00195,-30.4733,-12.2672,20.2443
370973069,-0.31360,-0.51001,0.83167,-37.5191,-74.8244,21.7786,0.14844,-1.33765,-1.02917,-32.3893,-13.5954,20.8321
370974068,-0.18799,-0.92603,0.72900,-29.2443,-84.4885,21.4656,0.14465,-1.35156,-1.05798,-34.3130,-14.9618,21.3740
370975068,-0.29663,-0.67773,0.40112,-32.1985,-91.6489,19.6260,0.14209,-1.36682,-1.08826,-36.2290,-16.3664,21.8779
370976068,-0.49365,-0.10840,-0.08398,-44.1450,-91.8321,21.0382,0.14099,-1.38208,-1.11877,-38.1527,-17.7710,22.3282
370977068,-0.63123,-0.03333,-0.42786,-53.5954,-84.2061,26.4962,0.14062,-1.39722,-1.14905,-40.0992,-19.1832,22.7557
370978067,-0.68506,-0.62451,-0.53882,-55.2443,-73.6870,30.0000,0.14111,-1.41211,-1.18005,-42.0458,-20.5725,23.1527
370979067,-0.75085,-1.24414,-0.80054,-54.5649,-63.6260,27.1069,0.14331,-1.42773,-1.21130,-43.9695,-21.9618,23.5038
370980067,-0.73914,-1.27588,-1.32483,-56.7252,-51.9771,19.3282,0.14697,-1.44385,-1.24353,-45.8473,-23.3435,23.7939
370981067,-0.63245,-0.47327,-1.58008,-58.6412,-39.5573,10.5420,0.15063,-1.45898,-1.27747,-47.6870,-24.6641,24.0611
370982068,-0.57922,0.61902,-1.06018,-54.9084,-27.2061,7.0916,0.15430,-1.47302,-1.31018,-49.4962,-25.9237,24.2901
370983067,-0.60864,1.13342,-0.41089,-47.0305,-21.4351,13.2977,0.15808,-1.48682,-1.34094,-51.2824,-27.1145,24.4427
370984067,-0.71802,0.74951,-0.43127,-42.6794,-21.4656,26.4809,0.16248,-1.50037,-1.37195,-53.0611,-28.2595,24.5344
370985067,-0.84973,-0.12976,-0.70398,-41.9695,-18.9924,37.8702,0.16772,-1.51282,-1.40210,-54.8244,-29.3435,24.5649
370986067,-0.76343,-0.69678,-0.53271,-42.3206,-8.8168,41.7939,0.17297,-1.52502,-1.43066,-56.5878,-30.3511,24.5725
370987065,-0.41919,-0.50659,-0.06299,-47.5573,1.7634,42.3588,0.17761,-1.53674,-1.46008,-58.3206,-31.2519,24.5191
370988065,-0.28967,0.21497,0.20740,-57.1221,1.7328,46.0076,0.18054,-1.54749,-1.48938,-60.0229,-32.0382,24.4122
370989065,-0.44702,0.71423,0.81152,-63.7710,-0.6794,55.0153,0.18372,-1.55811,-1.51794,-61.6794,-32.6870,24.2672
370990068,-0.30518,0.03162,1.95215,-67.1832,1.1603,68.3969,0.18835,-1.56921,-1.54797,-63.3206,-33.2061,24.0687
370991067,0.04675,-1.70007,1.99994,-75.1069,-2.0076,78.1069,0.19275,-1.58057,-1.57861,-64.9924,-33.6412,23.8244
370992067,-0.33838,-2.00000,1.45642,-70.3206,-37.5420,52.8626,0.19629,-1.59265,-1.60815,-66.6260,-34.0000,23.5115
370993067,0.07983,-1.57812,1.13672,-58.2977,-53.2214,36.6794,0.20007,-1.60400,-1.63708,-68.2443,-34.2901,23.1603
370994068,0.20679,-0.92981,1.10620,-58.5420,-79.2748,34.0458,0.20337,-1.61511,-1.66565,-69.8931,-34.5267,22.7634
370995068,-0.05994,-1.11145,0.96570,-59.7099,-104.3206,38.0611,0.20654,-1.62646,-1.69324,-71.5725,-34.6794,22.3435
370996067,-0.11951,-1.65491,0.82312,-54.2443,-114.1756,37.5649,0.20996,-1.63708,-1.71948,-73.2824,-34.6870,21.8855
370997067,-0.47949,-1.74670,0.35034,-52.0916,-115.7634,31.1145,0.21399,-1.64758,-1.74573,-75.0153,-34.5649,21.3588
370998067,-0.94739,-1.17896,-0.47766,-57.4580,-104.5725,24.5649,0.21753,-1.65906,-1.77246,-76.7786,-34.3053,20.7634
370999067,-0.99817,-0.34656,-1.13086,-65.0458,-83.9008,23.7710,0.22070,-1.67102,-1.79858,-78.5878,-33.9542,20.1221
371000067,-1.15552,0.19971,-1.43250,-70.5496,-72.5649,29.5954,0.22461,-1.68408,-1.82434,-80.4046,-33.4656,19.4733
371001068,-1.41528,0.26392,-0.95300,-69.2901,-58.4122,36.7099,0.22876,-1.69763,-1.84924,-82.2366,-32.7710,18.7939
371002068,-1.35791,-0.56165,0.05713,-61.9008,-44.3282,46.1374,0.23267,-1.71021,-1.87366,-84.1298,-31.9160,18.0305
371003067,-1.34387,-2.00000,0.52856,-66.6565,-42.5649,58.2672,0.23584,-1.72253,-1.89758,-86.1450,-30.9084,17.2061
371004068,-1.22424,-2.00000,0.36157,-83.7328,-45.5649,61.1832,0.23901,-1.73376,-1.92175,-88.2061,-29.6870,16.3588
371005067,-1.02454,-2.00000,0.02124,-95.5420,-54.1603,51.1298,0.24231,-1.74487,-1.94714,-90.2366,-28.2290,15.4962
371006067,-0.69861,-1.69678,-0.27905,-101.3130,-68.1603,45.0000,0.24622,-1.75574,-1.97192,-92.2290,-26.5420,14.6336
371007068,-0.33301,-1.36816,-0.19421,-111.0840,-88.9771,48.2977,0.25037,-1.76550,-1.99634,-94.2519,-24.6489,13.7328
371008068,-0.48376,-1.77856,-0.27332,-124.0611,-117.9695,51.7863,0.25330,-1.77490,-2.00000,-96.3588,-22.5573,12.8168
371009068,-0.67212,-2.00000,-0.74756,-130.2137,-129.4275,45.3053,0.25513,-1.78357,-2.00000,-98.5420,-20.2443,11.9313
371010068,-1.02893,-1.75342,-1.05518,-127.8321,-123.4275,28.0382,0.25708,-1.79089,-2.00000,-100.7634,-17.7176,11.0916
371011068,-1.42847,-1.01978,-1.88770,-109.7634,-112.5725,9.4885,0.25830,-1.79688,-2.00000,-103.0382,-14.9618,10.2824
371012067,-1.61230,-0.41321,-2.00000,-71.8626,-100.3969,-4.1679,0.25818,-1.80103,-2.00000,-105.3817,-12.0153,9.4580
371013067,-1.85461,-0.17090,-2.00000,-40.1145,-91.9466,-8.1679,0.25793,-1.80444,-2.00000,-107.8092,-8.8702,8.6183
371014067,-1.89380,-0.43762,-2.00000,-36.4504,-67.4962,-4.2366,0.25854,-1.80811,-2.00000,-110.3206,-5.5191,7.7786
371015065,-1.91699,-0.60339,-2.00000,-42.6947,-28.8244,-2.0076,0.25903,-1.81226,-2.00000,-112.8931,-1.9389,6.9542
371016069,-1.68848,-0.34595,-1.06152,-39.6336,12.1069,-1.3740,0.25806,-1.81641,-2.00000,-115.4733,1.8626,6.1527
371017067,-1.33167,-0.77380,0.08972,-45.4885,33.0534,14.0992,0.25647,-1.82031,-2.00000,-118.0840,5.8702,5.3740
371018067,-1.60559,-1.97717,-1.20801,-79.9084,17.5802,37.8397,0.25488,-1.82397,-2.00000,-120.7481,10.0687,4.5573
371019067,-1.69824,-2.00000,-2.00000,-117.4046,7.3588,47.3435,0.25293,-1.82727,-2.00000,-123.4733,14.3969,3.7557
371020067,-1.07849,-1.63733,-2.00000,-139.9160,2.6260,46.6870,0.25073,-1.83093,-2.00000,-126.2977,18.8550,2.9618
371021067,-0.40112,-1.72156,-1.05762,-158.8015,-14.3740,49.4962,0.24780,-1.83398,-2.00000,-129.2366,23.4809,2.1985
371022067,-0.18396,-1.97656,0.22095,-178.1450,-39.0305,48.7557,0.24524,-1.83606,-2.00000,-132.3130,28.2824,1.5038
371023067,-0.41125,-1.44067,-0.06592,-178.9466,-58.7786,39.6794,0.24390,-1.84021,-2.00000,-135.4885,33.2519,0.9084
371024067,-0.79431,-0.61511,-0.84644,-162.7863,-53.1069,26.9847,0.24219,-1.84668,-2.00000,-138.7176,38.4351,0.3588
371025067,-0.99829,-0.38135,-0.92383,-142.0992,-29.9695,17.0382,0.23853,-1.85266,-2.00000,-142.0076,43.7557,-0.1832
371026068,-0.83691,-0.71680,-1.51367,-103.3969,-14.7252,5.7099,0.23364,-1.85840,-2.00000,-145.3893,49.1527,-0.6489
371027067,-1.25806,-0.78467,-2.00000,-47.3664,-26.1221,-10.0458,0.22949,-1.86499,-2.00000,-148.7939,54.6565,-1.0458
371028068,-1.78113,-0.43311,-2.00000,-14.5115,-26.4580,-22.3511,0.22180,-1.87842,-2.00000,-155.4580,66.1221,-1.5878
371029068,-1.26624,0.18555,-2.00000,-21.0992,3.8244,-23.5802,0.21753,-1.88391,-2.00000,-158.6947,72.1527,-1.7634
371030068,-0.85645,0.91028,-1.87732,-45.8779,23.9542,-12.3206,0.21350,-1.89014,-2.00000,-161.8397,78.2901,-1.8779
371031068,-0.97229,1.13220,-1.84644,-63.4656,27.9771,6.3359,0.20984,-1.89746,-2.00000,-164.8473,84.3740,-1.9313
371032068,-1.01575,0.68689,-2.00000,-72.9695,32.6260,25.4504,0.20605,-1.90442,-2.00000,-167.7099,90.4809,-1.9618
371033068,-1.01733,0.10132,-2.00000,-93.2595,42.5115,42.9847,0.20325,-1.90991,-2.00000,-170.3969,96.7176,-1.9771
371034068,-1.15601,0.14343,-2.00000,-130.7405,60.2290,57.5573,0.20068,-1.91443,-2.00000,-172.8626,103.0916,-1.9542
371035068,-1.33240,0.90027,-1.93481,-159.4580,75.0611,67.2824,0.19751,-1.91895,-2.00000,-175.1221,109.5267,-1.9237
371036068,-1.13208,1.66687,-1.10364,-149.5649,77.2748,72.6870,0.19446,-1.92310,-2.00000,-177.1450,116.0000,-1.8779
371037068,-0.94336,0.53015,-0.24084,-93.9618,60.8855,79.6336,0.19202,-1.92737,-2.00000,-178.8931,122.5878,-1.8397
371038068,-1.30383,-2.00000,-0.18665,-34.1832,33.0000,79.1679,0.19031,-1.93115,-2.00000,-180.3282,129.2748,-1.8092
371039068,-1.47180,-2.00000,-1.84705,-19.6947,12.6107,62.4656,0.18823,-1.93420,-2.00000,-181.4504,135.9924,-1.8321
371040068,-1.86023,-2.00000,-2.00000,-35.6260,-0.1832,37.7863,0.18481,-1.93652,-2.00000,-182.2595,142.7176,-1.9237
371041068,-2.00000,-2.00000,-2.00000,-30.3817,-2.7176,22.7328,0.18079,-1.93835,-2.00000,-182.7786,149.4885,-2.0534
371042067,-2.00000,-2.00000,-2.00000,-9.0458,21.0916,20.3435,0.17761,-1.94006,-2.00000,-183.0076,156.3206,-2.1985
371043068,-1.64636,-2.00000,-1.83606,2.2977,36.5878,8.7405,0.17371,-1.94336,-2.00000,-182.9237,163.1908,-2.3893
371044068,-2.00000,-2.00000,-2.00000,-6.6489,49.5267,-12.9313,0.16980,-1.94727,-2.00000,-182.5267,170.0687,-2.6794
371045068,-2.00000,-1.75586,-2.00000,-44.5115,96.9237,-24.3740,0.16602,-1.94653,-2.00000,-181.9389,177.0153,-3.0992
371046068,-2.00000,-1.62439,-2.00000,-87.1374,151.0153,-26.1832,0.16248,-1.94421,-2.00000,-181.2977,184.0458,-3.4962
371047068,-2.00000,-1.21973,-2.00000,-90.4046,166.3664,-32.5954,0.15979,-1.94360,-2.00000,-180.5649,191.1221,-3.8244
371048068,-2.00000,-0.32458,-2.00000,-57.0229,141.6794,-39.4198,0.15698,-1.94202,-2.00000,-179.7328,198.2214,-4.1221
371049067,-2.00000,0.73474,-2.00000,-34.8473,143.6260,-36.2672,0.15320,-1.94031,-2.00000,-178.8244,205.3282,-4.4504
371050068,-1.54871,1.49048,-1.27173,-34.8550,168.1145,-18.2519,0.14795,-1.93933,-2.00000,-177.8855,212.4351,-4.8244
371051067,-0.97449,1.50574,-0.02649,-34.0916,165.6565,7.3206,0.14124,-1.93787,-2.00000,-176.9466,219.5649,-5.2214
371052067,-1.40649,0.80420,-1.96399,-19.1756,136.7939,29.7634,0.13379,-1.93494,-2.00000,-176.0229,226.7176,-5.6412
371053067,-1.99573,0.02844,-2.00000,-1.3893,115.1069,40.4275,0.12598,-1.93152,-2.00000,-175.0992,233.8855,-6.0687
371054067,-2.00000,-0.44409,-2.00000,-3.1450,125.7557,45.1221,0.11804,-1.92786,-2.00000,-174.1832,241.0611,-6.5115
371055067,-2.00000,-1.20337,-2.00000,-31.9160,146.3435,50.2290,0.10986,-1.92310,-2.00000,-173.3435,248.2214,-7.0076
371056067,-2.00000,-1.76013,-2.00000,-50.4733,167.9695,45.1908,0.10168,-1.91724,-2.00000,-172.5954,250.1298,-7.5344
371057067,-2.00000,-0.88464,-2.00000,-33.7557,176.5267,25.4198,0.09375,-1.91101,-2.00000,-171.9313,250.1298,-8.0840
371058067,-1.77490,0.48413,-2.00000,-7.7939,188.2443,10.3969,0.08533,-1.90405,-2.00000,-171.3664,250.1298,-8.6336
371059067,-1.99023,0.27551,-2.00000,1.7939,192.1603,11.5420,0.07593,-1.89807,-2.00000,-170.9466,250.1298,-9.2137
371060068,-2.00000,-1.41248,-2.00000,13.3053,190.9847,13.1145,0.06482,-1.89343,-2.00000,-170.6641,250.1298,-9.8015
371061068,-2.00000,-2.00000,-2.00000,30.2977,195.0687,3.4198,0.05286,-1.88989,-2.00000,-170.5115,250.1298,-10.3817
371062068,-2.00000,-1.71155,-2.00000,40.7710,186.9924,-11.3664,0.03943,-1.88928,-2.00000,-170.5038,250.1298,-10.9771
371063067,-2.00000,-0.12134,-2.00000,52.4122,193.5496,-20.1908,0.02502,-1.89246,-2.00000,-170.6489,250.1298,-11.5954
371064068,-2.00000,0.90417,-2.00000,78.9618,233.2901,-21.2061,0.00940,-1.89868,-2.00000,-170.9466,250.1298,-12.2366
371065068,-2.00000,1.01746,-2.00000,89.1069,250.1298,-10.8244,-0.00818,-1.90649,-2.00000,-171.4046,250.1298,-12.8779
371066068,-2.00000,0.41345,-2.00000,58.0382,250.1298,7.4656,-0.02710,-1.91516,-1.97009,-171.9847,250.1298,-13.5115
371067068,-1.90894,-0.15112,-2.00000,17.9542,250.1298,18.2366,-0.04724,-1.92603,-1.91565,-172.6489,250.1298,-14.0840
371068067,-1.64746,-0.25098,-2.00000,9.1374,250.1298,14.7328,-0.06750,-1.93896,-1.86133,-173.3740,250.1298,-14.6031
371069067,-1.44873,-0.07153,-2.00000,25.8092,250.1298,6.1450,-0.08850,-1.95203,-1.80713,-174.1527,250.1298,-15.0840
371070067,-1.26855,0.48193,-1.34070,35.1221,250.1298,4.0305,-0.10999,-1.96411,-1.75366,-174.9924,250.1298,-15.5725
371071067,-0.98242,1.24780,-0.94006,20.6641,250.1298,16.4580,-0.13074,-1.97522,-1.70117,-175.9237,250.1298,-16.0687
371072067,-0.39844,1.68811,-0.33142,-5.4122,250.1298,40.6412,-0.15002,-1.98535,-1.64941,-176.9160,250.1298,-16.5420
371073067,-0.00098,1.83557,1.35608,0.4275,250.1298,57.7786,-0.16968,-1.99866,-1.59424,-177.9160,250.1298,-16.9466
371074068,0.19971,1.99902,0.67615,68.1527,217.0229,57.1298,-0.19055,-2.00000,-1.53589,-178.9924,250.1298,-17.5420
371075067,-1.06506,1.95520,-2.00000,155.5878,143.2748,49.8855,-0.21033,-2.00000,-1.47546,-180.1832,250.1298,-18.2366
371076067,-2.00000,1.09863,-2.00000,188.8244,94.0611,50.7557,-0.22900,-2.00000,-1.41284,-181.4656,250.1298,-18.8855
371077068,-2.00000,-0.38342,-2.00000,178.4427,132.3130,50.5954,-0.24670,-2.00000,-1.34912,-182.7634,250.1298,-19.4580
371078068,-2.00000,-1.47205,-2.00000,169.2748,211.2672,36.9847,-0.26306,-2.00000,-1.28406,-184.0458,250.1298,-20.0153
371079068,-2.00000,-1.34314,-2.00000,187.2901,250.1298,9.6870,-0.27930,-2.00000,-1.21924,-185.2977,250.1298,-20.5725
371080068,-2.00000,0.25610,-2.00000,215.8015,250.1298,-17.2824,-0.29663,-2.00000,-1.15320,-186.4962,250.1298,-21.1832
371081067,-2.00000,1.83655,-2.00000,199.3969,250.1298,-13.1756,-0.31421,-2.00000,-1.08337,-187.6489,250.1298,-21.8168
371082068,-2.00000,1.72375,-2.00000,105.2595,250.1298,30.9084,-0.33276,-2.00000,-1.00708,-188.8092,250.1298,-22.4427
371083068,-2.00000,0.18030,-2.00000,-3.3969,250.1298,83.6794,-0.35266,-2.00000,-0.92493,-190.0534,250.1298,-23.0458
371084068,-2.00000,-1.12476,-2.00000,-43.4656,250.1298,111.4122,-0.37378,-2.00000,-0.83826,-191.4351,250.1298,-23.6565
371085068,-1.61829,-0.44556,-1.34265,-26.3740,250.1298,117.3740,-0.39526,-2.00000,-0.74561,-193.0229,250.1298,-24.2824
371086068,-0.62683,1.86719,0.36768,-14.7023,250.1298,129.8397,-0.41675,-2.00000,-0.64685,-194.8855,250.1298,-24.9389
371087068,0.12549,1.99994,1.99994,1.4504,250.1298,155.4122,-0.43909,-1.99365,-0.54285,-197.0916,250.1298,-25.6260
371088067,0.60303,1.99994,1.99994,60.6794,250.1298,171.0687,-0.46204,-1.97559,-0.43396,-199.6947,250.1298,-26.3664
371089065,-0.68970,0.34973,0.62500,132.9924,250.1298,163.0305,-0.48511,-1.95630,-0.32068,-202.7252,250.1298,-27.1603
371090065,-2.00000,-1.48242,-2.00000,192.0229,221.2672,132.2290,-0.50842,-1.93494,-0.20459,-206.1985,250.1298,-28.0229
371091065,-2.00000,-2.00000,-2.00000,238.6870,223.8626,89.5496,-0.53113,-1.91248,-0.08240,-210.1069,250.1298,-28.9313
371092065,-2.00000,-2.00000,-2.00000,250.1298,250.1298,49.2748,-0.54907,-1.88708,0.05115,-214.5191,250.1298,-29.9542
371093069,-2.00000,-2.00000,-2.00000,250.1298,250.1298,15.7863,-0.56006,-1.85779,0.19727,-219.4733,250.1298,-31.0611
371094068,-2.00000,-2.00000,-1.44409,250.1298,250.1298,-3.7939,-0.56409,-1.82556,0.35632,-224.9695,250.1298,-32.2748
371095068,-2.00000,-2.00000,-2.00000,198.5344,250.1298,4.5802,-0.56274,-1.79175,0.52539,-230.9237,250.1298,-33.6107
371096068,-2.00000,-2.00000,-2.00000,79.6412,250.1298,35.0534,-0.55725,-1.75769,0.69922,-237.2901,250.1298,-35.1450
371097067,-2.00000,-2.00000,-2.00000,-7.6870,250.1298,65.7252,-0.54761,-1.72522,0.87390,-244.0305,250.1298,-36.8779
371098068,-2.00000,-2.00000,-2.00000,-62.0611,250.1298,92.4275,-0.53625,-1.69629,1.04431,-250.1374,250.1298,-38.8397
371099068,-2.00000,-0.88586,-1.34509,-104.5802,250.1298,114.0687,-0.52686,-1.67310,1.20349,-250.1374,250.1298,-41.0611
371100068,-0.97302,1.44519,1.99994,-108.6718,250.1298,124.1985,-0.51917,-1.65576,1.34827,-250.1374,250.1298,-43.5573
371101067,0.51013,1.99994,1.99994,-56.9847,250.1298,132.9924,-0.51270,-1.64343,1.47961,-250.1374,250.1298,-46.3130
371102067,-0.08948,1.99994,1.99994,30.4733,250.1298,132.8779,-0.50842,-1.63831,1.59473,-250.1374,250.1298,-49.2748
371103067,-1.55823,1.13501,-0.41345,138.7252,250.1298,109.3817,-0.50464,-1.64282,1.69080,-250.1374,250.1298,-52.4580
371104065,-2.00000,-0.56567,-1.81726,225.3435,250.1298,76.2748,-0.50134,-1.65649,1.77100,-250.1374,250.1298,-55.7634
371105064,-2.00000,-2.00000,-2.00000,250.1298,250.1298,50.9847,-0.49854,-1.67688,1.83984,-250.1374,250.1298,-59.0763
371106069,-2.00000,-2.00000,-2.00000,250.1298,250.1298,18.2214,-0.49500,-1.70154,1.90027,-250.1374,250.1298,-62.2366
371107067,-2.00000,-1.17566,-2.00000,250.1298,250.1298,-9.9847,-0.48962,-1.73145,1.95398,-250.1374,250.1298,-65.0763
371108067,-2.00000,-0.72253,-2.00000,250.1298,250.1298,-3.9771,-0.48157,-1.76843,1.99994,-250.1374,250.1298,-67.6489
371109068,-2.00000,-1.44495,-2.00000,250.1298,250.1298,31.8321,-0.46973,-1.80859,1.99994,-250.1374,250.1298,-70.1985
371110067,-2.00000,-2.00000,-2.00000,196.7099,250.1298,61.4809,-0.45496,-1.84778,1.99994,-250.1374,250.1298,-72.7710
371111067,-2.00000,-2.00000,-2.00000,131.2748,250.1298,73.5115,-0.43860,-1.88513,1.99994,-250.1374,250.1298,-75.1679
371112068,-2.00000,-2.00000,-2.00000,56.1832,250.1298,92.0916,-0.42090,-1.92004,1.99994,-250.1374,250.1298,-77.3206
371113067,-2.00000,-2.00000,-2.00000,-12.5115,250.1298,102.6412,-0.40173,-1.95007,1.99994,-250.1374,250.1298,-79.3206
371114067,-2.00000,-2.00000,-2.00000,3.2748,250.1298,71.9160,-0.38135,-1.97327,1.99994,-250.1374,250.1298,-81.2137
371115068,-2.00000,-2.00000,0.62524,35.4351,250.1298,37.3282,-0.36145,-1.98999,1.99994,-250.1374,250.1298,-82.9008
371116068,-2.00000,-1.02893,-0.38281,2.5267,250.1298,37.5649,-0.34204,-1.99939,1.99994,-250.1374,250.1298,-84.3282
371117068,-2.00000,-1.93030,-2.00000,-12.4504,250.1298,38.3511,-0.32349,-1.99988,1.99994,-250.1374,250.1298,-85.5115
371118068,-2.00000,-2.00000,-2.00000,38.7252,250.1298,17.9389,-0.30688,-1.99377,1.99994,-250.1374,250.1298,-86.4885
371119068,-2.00000,-2.00000,0.80469,73.9771,250.1298,-1.2595,-0.29224,-1.98267,1.99994,-250.1374,250.1298,-87.3053
371120068,-2.00000,-2.00000,1.99994,38.8015,250.1298,-2.2443,-0.27991,-1.96509,1.99994,-250.1374,250.1298,-87.9924
371121067,-1.56885,-1.08936,1.99994,-30.5344,250.1298,6.6641,-0.26953,-1.93970,1.99994,-250.1374,250.1298,-88.5649
371122067,-1.17175,1.27930,1.99994,-38.3817,250.1298,28.7328,-0.26221,-1.90784,1.99994,-250.1374,250.1298,-89.0229
371123068,-1.52380,-0.66248,1.99994,-59.4427,250.1298,72.8092,-0.25830,-1.87097,1.99994,-244.6718,250.1298,-89.3969
371124067,-2.00000,-2.00000,1.99994,-54.8397,250.1298,94.4504,-0.25598,-1.82898,1.99994,-238.0611,250.1298,-89.7023
371125068,-2.00000,-2.00000,1.99994,-20.3435,250.1298,64.4733,-0.25671,-1.78247,1.99994,-231.6260,250.1298,-89.8855
371126068,-2.00000,-2.00000,1.99994,3.3282,250.1298,6.2672,-0.26099,-1.73206,1.99994,-225.3969,250.1298,-89.9160
371127067,-2.00000,-2.00000,1.99994,-9.4656,250.1298,-31.6183,-0.27405,-1.62720,1.99994,-213.6718,250.1298,-89.6031
371128067,-2.00000,-1.49634,1.99994,-56.1908,250.1298,-22.9084,-0.28174,-1.57227,1.99994,-208.1298,250.1298,-89.5191
371129065,-2.00000,-1.17944,1.99994,-91.4656,250.1298,4.1908,-0.29102,-1.51587,1.99994,-202.8397,250.1298,-89.5115
371130069,-2.00000,-2.00000,0.97766,-92.2443,250.1298,16.9084,-0.30298,-1.45862,1.99994,-197.7939,250.1298,-89.5496
371131068,-2.00000,-2.00000,0.13367,-89.6336,250.1298,11.7176,-0.31653,-1.40076,1.99994,-192.9618,250.1298,-89.6412
371132068,-2.00000,-2.00000,1.02368,-131.8931,250.1298,3.3359,-0.33008,-1.34314,1.99994,-188.3588,250.1298,-89.7634
371133067,-2.00000,-2.00000,1.71240,-197.2061,250.1298,8.4809,-0.34412,-1.28589,1.99994,-184.0229,250.1298,-89.9389
371134068,-2.00000,-2.00000,0.60144,-216.0840,250.1298,21.6641,-0.35999,-1.22961,1.99994,-179.9542,250.1298,-90.0840
371135068,-2.00000,-2.00000,0.48242,-160.7176,250.1298,21.0229,-0.37646,-1.17566,1.99994,-176.0992,250.1298,-90.2061
371136067,-2.00000,-2.00000,1.99994,-93.7939,250.1298,9.1069,-0.39258,-1.12354,1.99994,-172.4656,250.1298,-90.3053
371137068,-2.00000,-2.00000,1.99994,-87.1374,250.1298,1.8168,-0.40857,-1.07263,1.99994,-169.0611,250.1298,-90.3817
371138068,-1.91125,-2.00000,1.99994,-113.1374,250.1298,-7.7863,-0.42322,-1.02319,1.99994,-165.8779,250.1298,-90.3969
371139067,-1.10974,-2.00000,1.99994,-98.3435,250.1298,-34.1603,-0.43713,-0.97595,1.99994,-162.9466,250.1298,-90.3588
371140065,-1.19275,-2.00000,1.99994,-42.5191,250.1298,-62.1679,-0.45068,-0.93005,1.99994,-160.2595,247.4351,-90.2672
371141065,-1.05261,-2.00000,1.99994,4.1069,250.1298,-76.4962,-0.46436,-0.88611,1.99994,-157.7939,241.0458,-90.1221
371142069,-0.37415,-2.00000,1.99994,11.5573,250.1298,-79.8321,-0.47791,-0.84436,1.99994,-155.5420,234.4122,-89.9160
371143068,-0.60876,-2.00000,1.99994,-7.8321,250.1298,-83.3817,-0.49036,-0.80432,1.99994,-153.4733,227.5267,-89.5878
371144068,-1.87476,-2.00000,1.99994,-15.5267,250.1298,-96.1985,-0.50195,-0.76611,1.99994,-151.6031,220.4046,-89.1221
371145068,-1.87170,-2.00000,1.99994,18.4504,250.1298,-119.6031,-0.51294,-0.72998,1.99994,-149.9313,213.0611,-88.5115
371146068,-1.21082,-2.00000,1.99994,42.8244,250.1298,-139.3740,-0.52258,-0.69617,1.99994,-148.4427,205.5038,-87.7557
371147067,-0.74561,-2.00000,1.99994,-20.8168,250.1298,-124.7252,-0.53088,-0.66467,1.99994,-147.1145,197.7634,-86.8397
371148068,-0.13623,-1.88916,1.99994,-129.5420,250.1298,-88.8473,-0.53931,-0.63562,1.99994,-145.9160,189.8473,-85.7481
371149067,-0.65234,-0.96899,1.99994,-148.1221,250.1298,-75.0229,-0.54749,-0.60803,1.99994,-144.8244,181.7786,-84.4962
371150065,-1.08289,-1.97131,1.99994,-80.9389,250.1298,-74.2824,-0.55359,-0.58020,1.99994,-143.8321,173.5954,-83.0992
371151069,-0.37280,-2.00000,1.99994,-57.0534,250.1298,-68.1298,-0.55811,-0.55237,1.99994,-142.9237,165.3435,-81.5344
371152068,-0.07349,-2.00000,1.99994,-102.0458,250.1298,-67.4504,-0.56165,-0.52588,1.99994,-142.0992,157.0611,-79.7939
371153068,0.15894,-2.00000,1.99994,-134.7557,250.1298,-77.5115,-0.56311,-0.50098,1.99994,-141.3435,148.8092,-77.8779
371154068,0.95068,-1.94202,1.99994,-117.7786,250.1298,-85.1450,-0.56311,-0.47742,1.99994,-140.6412,140.6260,-75.8015
371155067,0.70056,-2.00000,1.99994,-71.1374,250.1298,-89.9160,-0.56250,-0.45569,1.99994,-139.9847,132.5420,-73.6107
371156067,-0.59924,-2.00000,1.99994,-24.4275,204.6031,-100.8092,-0.56091,-0.43542,1.99994,-139.3664,124.6412,-71.2672
371157068,-0.99646,-2.00000,1.99994,-14.4580,208.6870,-117.1221,-0.55884,-0.41626,1.99994,-138.7710,116.9008,-68.7786
371158067,-0.78333,-2.00000,1.99994,-41.5573,237.7405,-136.5115,-0.55603,-0.39893,1.99994,-138.2137,109.2137,-66.1450
371159067,-0.80847,-2.00000,1.99994,-49.0763,250.1298,-158.1069,-0.55164,-0.38403,1.99994,-137.6870,101.6870,-63.4122
371160067,-0.72314,-2.00000,1.99994,-4.2519,250.1298,-177.3359,-0.54663,-0.37134,1.99994,-137.1603,94.3817,-60.6336
371161067,-0.69629,-2.00000,1.99994,30.7481,249.9389,-182.5420,-0.54089,-0.36072,1.99994,-136.6107,87.3206,-57.8244
371162067,-0.97375,-2.00000,1.99994,-13.4885,250.1298,-167.2519,-0.53442,-0.35242,1.99994,-136.0000,80.4733,-54.9389
371163067,-1.32556,-2.00000,1.99994,-85.9618,250.1298,-153.6718,-0.52698,-0.34656,1.99994,-135.3282,73.8550,-51.9542
371164064,-1.35254,-2.00000,1.99994,-99.3359,250.1298,-154.2672,-0.51648,-0.34375,1.99994,-134.5725,67.5038,-48.9237
371165069,-0.78137,-2.00000,1.99994,-72.5191,250.1298,-154.8168,-0.50305,-0.34448,1.99994,-133.6870,61.3893,-45.8321
371166068,-0.33215,-2.00000,1.99994,-66.4198,248.6031,-152.5496,-0.48779,-0.34900,1.99994,-132.6412,55.4809,-42.6336
371167067,-0.16174,-1.66016,1.99994,-96.5725,231.9313,-145.0840,-0.47131,-0.35657,1.99994,-131.4122,49.7939,-39.3511
371168067,0.12000,-1.93774,1.99994,-139.1145,227.5344,-132.5802,-0.45142,-0.36584,1.99994,-129.9924,44.3893,-36.0076
371169067,0.14038,-2.00000,1.99994,-143.0458,207.7481,-134.5115,-0.42761,-0.37695,1.99994,-128.3664,39.2443,-32.6031
371170067,-0.31201,-2.00000,1.99994,-86.5649,164.4427,-164.7634,-0.40332,-0.39026,1.99994,-126.5191,34.3664,-29.0992
371171067,-0.94592,-2.00000,1.99994,-23.8092,129.4580,-208.0000,-0.37878,-0.40515,1.99994,-124.3740,29.7634,-25.4885
371172067,-1.22107,-2.00000,1.99994,-8.0534,120.9618,-234.5573,-0.35242,-0.42114,1.99994,-121.9389,25.4656,-21.8244
371173067,-0.84851,-1.92761,1.99994,-34.2901,134.8626,-235.7481,-0.32434,-0.43542,1.99994,-119.2443,21.4427,-18.0916
371174067,-0.59351,-1.94531,1.99994,-65.4885,145.8397,-230.3359,-0.29688,-0.45117,1.99994,-116.2595,17.7023,-14.1908
371175065,-0.60181,-1.10779,1.99994,-66.5725,153.2901,-233.2366,-0.27039,-0.46643,1.99994,-113.0458,14.1832,-10.3130
371176069,-0.52258,-0.38977,1.99994,-46.1527,166.1221,-233.1908,-0.24475,-0.47583,1.99994,-109.7634,10.8015,-6.5878
371177068,-0.72888,-0.26331,1.99994,-57.4122,168.3664,-217.6336,-0.21912,-0.48462,1.99994,-106.4275,7.5115,-2.8550
371178068,-0.75293,0.07336,1.99994,-97.4809,170.8321,-194.0763,-0.19373,-0.49426,1.99994,-102.9847,4.3664,0.9466
371179067,-0.47485,0.50647,1.99994,-123.2977,165.4122,-175.6183,-0.16919,-0.50134,1.99994,-99.4504,1.3893,4.6947
371180068,-0.20703,0.55432,1.99994,-126.4427,148.7405,-166.7023,-0.14551,-0.50537,1.99994,-95.8244,-1.4122,8.3282
371181067,0.62976,0.25037,1.99994,-115.7786,150.0305,-168.2977,-0.12244,-0.50647,1.99994,-92.1374,-4.0687,11.8168
371182067,1.70105,0.04211,1.99994,-120.4656,154.3664,-170.1298,-0.09961,-0.50452,1.99994,-88.4427,-6.6260,15.1450
371183067,1.76953,0.50256,1.99994,-185.0763,128.9618,-155.3206,-0.07922,-0.50146,1.99994,-84.8015,-9.1527,18.2977
371184067,1.30322,1.46509,1.99994,-248.4427,96.1298,-138.1603,-0.06165,-0.49707,1.99994,-81.2595,-11.6641,21.2366
371185064,1.38733,1.89417,1.99994,-227.5344,73.1985,-135.8626,-0.04492,-0.49011,1.99994,-77.8168,-14.1298,23.9237
371186069,1.78516,1.16772,1.99994,-182.0992,32.1145,-132.0382,-0.02734,-0.48181,1.99994,-74.4962,-16.5649,26.3206
371187068,1.73914,0.57458,1.99994,-194.0534,-27.9008,-115.9847,-0.00867,-0.47302,1.99994,-71.3130,-18.9542,28.4122
371188068,1.40747,1.27478,1.99994,-230.2748,-64.4962,-99.3282,0.00977,-0.46362,1.99994,-68.2672,-21.3588,30.1756
371189068,1.22400,1.99994,1.99994,-242.6412,-73.1450,-86.0305,0.02832,-0.45422,1.99994,-65.3206,-23.7405,31.6412
371190068,0.87317,1.99994,1.99994,-229.0458,-82.8473,-73.3435,0.04749,-0.44556,1.99994,-62.4885,-26.0611,32.8092
371191067,0.25549,1.99994,1.99994,-193.1985,-101.8168,-65.1603,0.06689,-0.43823,1.99994,-59.8015,-28.3130,33.7252
371192065,-0.41797,1.24670,1.48828,-159.8321,-116.8550,-64.1298,0.08606,-0.43311,1.99994,-57.2519,-30.5115,34.3588
371193069,-0.80383,0.99146,0.72400,-160.4122,-108.7786,-67.6489,0.10535,-0.43079,1.99994,-54.8397,-32.6794,34.7405
371194068,-0.58826,1.99994,1.17236,-171.4351,-71.8168,-79.9466,0.12549,-0.43176,1.99994,-52.5420,-34.7863,34.9313
371195068,-0.21399,1.99994,1.84680,-155.6870,-44.3511,-90.5115,0.14563,-0.43457,1.99994,-50.3053,-36.8321,34.9618
371196067,-0.28503,1.99994,1.47046,-134.3664,-46.0534,-77.2061,0.16565,-0.43750,1.99994,-48.1145,-38.7939,34.8550
371197065,-0.53625,1.99994,0.61353,-144.8779,-50.6947,-45.3130,0.18579,-0.44153,1.99976,-45.9771,-40.6947,34.5802
371198069,-0.23047,0.87537,0.62781,-177.1069,-34.3206,-20.5267,0.20496,-0.44739,1.95435,-43.9084,-42.5267,34.2061
371199067,0.51404,0.86511,1.33093,-198.0840,-14.8855,-13.1985,0.22302,-0.45435,1.91028,-41.8779,-44.2901,33.7252
371200067,0.50488,1.99994,1.83398,-200.9542,-20.6412,-11.2977,0.24097,-0.46130,1.86621,-39.8626,-45.9618,33.1832
371201067,0.03369,1.99994,1.99994,-195.6947,-37.2366,4.8626,0.25891,-0.46765,1.82251,-37.9008,-47.4962,32.5725
371202067,0.39673,1.99994,1.99994,-187.3206,-44.0382,39.9771,0.27637,-0.47461,1.77881,-36.0382,-48.9237,31.9237
371203067,0.53467,1.99994,1.99994,-185.3130,-55.0382,72.6412,0.29395,-0.48230,1.73328,-34.2595,-50.2595,31.2519
371204067,0.07117,-0.40759,1.99994,-173.9084,-68.4580,73.2519,0.31189,-0.48950,1.68762,-32.5573,-51.5267,30.5573
371205067,0.42322,-0.73303,1.99994,-125.6031,-65.6641,39.1450,0.32996,-0.49524,1.64380,-30.9084,-52.7252,29.8702
371206068,0.93921,0.86890,1.99994,-69.6412,-73.5191,4.0076,0.34814,-0.50037,1.60083,-29.3206,-53.8321,29.2214
371207067,0.70215,1.99994,1.99994,-60.7939,-101.6260,-0.6031,0.36548,-0.50598,1.55750,-27.8168,-54.8473,28.6183
371208065,0.23303,1.87939,1.99994,-81.0305,-130.8855,19.2519,0.38306,-0.51123,1.51404,-26.3740,-55.7863,28.0153
371209069,-0.20679,0.06006,1.30566,-82.4656,-153.9084,32.4504,0.40100,-0.51587,1.47095,-24.9924,-56.6183,27.4275
371210068,-0.48535,-1.41565,1.21594,-72.9237,-160.4122,26.5802,0.41858,-0.52087,1.42932,-23.6565,-57.3664,26.8473
371211068,-0.82495,-1.17004,0.84399,-80.5191,-159.5878,15.2061,0.43555,-0.52600,1.38916,-22.4046,-58.0382,26.2977
371212068,-1.30371,0.37329,-0.42810,-104.4733,-152.5954,15.0153,0.45215,-0.53064,1.34875,-21.2214,-58.6412,25.7710
371213068,-1.37549,1.37708,-1.18018,-128.5649,-129.7405,29.3435,0.46887,-0.53552,1.30811,-20.0916,-59.1679,25.2748
371214068,-1.34790,0.75562,-1.13379,-133.8397,-107.3130,45.2214,0.48523,-0.53918,1.26758,-18.9771,-59.6031,24.7863
371215067,-1.66138,-0.59851,-1.10266,-114.8397,-87.8321,44.5344,0.49988,-0.54443,1.22839,-17.8397,-59.9160,24.3969
371216068,-1.93970,-1.07947,-1.24988,-92.2443,-61.9160,27.3130,0.51343,-0.55017,1.19275,-16.6794,-60.1603,24.0458
371217068,-1.97156,-0.46411,-1.27600,-85.7328,-32.7634,10.5649,0.52600,-0.55225,1.15820,-15.5649,-60.3588,23.5954
371218068,-1.87439,-0.21118,-0.74963,-87.6718,-8.0611,7.3511,0.53894,-0.55493,1.12073,-14.4885,-60.5496,23.1603
371219068,-1.38989,-1.08862,0.13232,-81.5344,9.6489,9.6489,0.55286,-0.55908,1.08301,-13.4122,-60.6794,22.7863
371220068,-0.72961,-1.60315,0.96643,-66.6107,17.7481,1.3511,0.56580,-0.56262,1.04822,-12.2748,-60.7405,22.4580
371221067,-0.45337,-0.65234,1.49951,-53.5115,16.1756,-14.6641,0.57739,-0.56653,1.01648,-11.0763,-60.7023,22.1527
371222067,-0.21948,0.47510,1.70703,-51.0611,11.0534,-21.0076,0.58801,-0.57202,0.98499,-9.8397,-60.5496,21.8855
371223067,-0.01868,0.20178,1.64478,-59.2977,-6.4504,-13.0687,0.59875,-0.57776,0.95239,-8.5496,-60.3206,21.6031
371224067,-0.09326,-1.07397,1.44543,-59.1985,-35.9313,-9.2672,0.60925,-0.58167,0.92114,-7.2519,-60.0229,21.3130
371225068,-0.11719,-1.81555,1.42175,-37.2366,-60.3130,-24.5573,0.62732,-0.58960,0.86462,-4.6031,-59.1679,20.7939
371226068,-0.02087,-1.44678,1.60291,-11.5496,-71.9847,-49.4122,0.63562,-0.59448,0.83777,-3.2519,-58.6565,20.5954
371227067,0.04956,-0.46594,1.99994,3.2901,-66.3588,-67.7405,0.64282,-0.59900,0.81042,-1.9160,-58.0916,20.3893
371228068,-0.13062,0.30615,1.99994,15.0840,-57.9695,-73.3206,0.64941,-0.60291,0.78394,-0.5954,-57.4198,20.1756
371229068,-0.57495,0.34607,1.99994,25.6336,-57.8702,-70.4504,0.65601,-0.60632,0.75928,0.7023,-56.6794,19.9160
371230067,-0.76514,-0.20398,1.21606,33.3588,-52.2901,-68.8779,0.66223,-0.61047,0.73499,1.9542,-55.8779,19.6260
371231067,-0.62231,-0.68225,1.00623,39.9618,-43.4504,-73.4427,0.66626,-0.61511,0.71118,3.1527,-55.0229,19.3053
371232067,-0.27637,-0.52173,1.55811,34.3893,-41.0229,-77.6565,0.66858,-0.61926,0.68860,4.2977,-54.0840,18.9695
371233068,0.03113,0.15503,1.68958,12.6794,-55.8702,-73.7634,0.67139,-0.62415,0.66650,5.3664,-53.0458,18.5725
371234067,-0.11572,0.77246,1.36548,-4.7099,-80.6107,-64.2748,0.67480,-0.63025,0.64587,6.3511,-51.9466,18.1298
371235068,-0.29028,0.79724,1.98315,-6.4580,-88.5725,-56.0076,0.67712,-0.63635,0.62634,7.2519,-50.7863,17.6183
371236067,-0.16174,0.26868,1.99994,-11.9618,-83.8473,-49.4885,0.67883,-0.64209,0.60754,8.0916,-49.5420,17.0534
371237067,-0.09778,-0.33179,1.99994,-31.5496,-83.3435,-43.6947,0.68054,-0.64795,0.58984,8.8397,-48.2290,16.4733
371238067,-0.22827,-0.36572,1.84985,-39.6870,-84.9160,-46.4427,0.68225,-0.65344,0.57361,9.5267,-46.8779,15.8168
371239067,-0.10571,0.19641,1.73584,-24.5191,-84.1679,-57.1145,0.68433,-0.65918,0.55786,10.1679,-45.4580,15.0840
371240067,0.30212,0.58362,1.99994,-11.0382,-87.5573,-62.8473,0.68555,-0.66492,0.54211,10.7710,-43.9542,14.3053
371241065,0.36450,0.72656,1.99994,-9.4275,-105.7786,-61.7252,0.68689,-0.67078,0.52588,11.2977,-42.3969,13.5038
371242065,0.10339,1.16321,1.46472,-7.8855,-127.8321,-60.0763,0.68872,-0.67651,0.50977,11.7405,-40.7710,12.6947
371243064,-0.07605,1.66125,0.84888,-7.0305,-144.2977,-54.9695,0.68958,-0.68140,0.49536,12.1221,-39.1069,11.8779
371244069,-0.22900,1.58386,0.43201,-13.5725,-153.0382,-43.3664,0.68945,-0.68567,0.48181,12.4504,-37.4275,11.0534
371245068,-0.40527,0.46948,-0.11084,-32.1221,-151.8931,-19.3282,0.68896,-0.69031,0.46790,12.6947,-35.7023,10.2824
371246068,-0.64050,0.40320,-1.20935,-43.8779,-150.5267,-13.6794,0.68884,-0.69531,0.45459,12.8931,-33.9008,9.5038
371247068,-0.86914,0.93518,-2.00000,-49.5038,-138.6565,-14.8702,0.68799,-0.69910,0.44275,13.0534,-32.0840,8.6947
371248068,-0.78271,1.83875,-2.00000,-49.0305,-118.2214,-17.2977,0.68665,-0.70178,0.43140,13.1221,-30.2672,7.8550
371249068,-0.69995,1.99994,-2.00000,-51.8779,-106.3435,-12.1450,0.68457,-0.70459,0.41968,13.1069,-28.4580,6.9695
371250067,-0.91394,1.99994,-2.00000,-53.8855,-101.3664,-2.7557,0.68225,-0.70667,0.40747,13.0611,-26.6260,6.0458
371251068,-0.92053,1.68445,-2.00000,-38.1985,-86.2443,-1.4580,0.68018,-0.70789,0.39514,12.9695,-24.7786,5.1298
371252068,-0.62732,1.46643,-2.00000,-9.1221,-63.1679,-10.9847,0.67810,-0.70764,0.38354,12.8168,-22.9542,4.2672
371253068,-0.50281,1.99994,-1.65894,10.5115,-40.5725,-20.4733,0.67590,-0.70691,0.37292,12.5649,-21.1679,3.4733
371254067,-0.35815,1.99994,-1.10828,20.7557,-23.0458,-20.7252,0.67322,-0.70728,0.36194,12.1985,-19.4351,2.7328
371255067,-0.22229,1.99994,-1.30774,36.3588,-18.8779,-13.2824,0.67004,-0.70850,0.35022,11.7405,-17.7481,2.0305
371256067,-0.21252,1.99994,-1.60376,62.4427,-24.0000,-8.3588,0.66675,-0.71143,0.33875,11.2137,-16.1069,1.3435
371257065,-0.01562,1.76160,-1.16565,90.4733,-28.3053,-12.2137,0.66418,-0.71545,0.32751,10.6489,-14.5115,0.6336
371258065,0.16919,1.77441,-0.45435,100.7328,-34.1069,-15.5267,0.66199,-0.71924,0.31604,10.0305,-12.9695,-0.1221
371259065,-0.00134,1.99994,-0.35193,88.2290,-45.3664,-9.3511,0.65942,-0.72253,0.30444,9.3588,-11.4962,-0.9008
371260069,-0.16589,1.99994,-0.27600,75.8779,-49.6565,3.4962,0.65686,-0.72559,0.29370,8.6870,-10.1221,-1.6718
371261068,0.02759,1.89148,0.61462,78.5420,-41.7634,15.8015,0.65381,-0.72852,0.28442,8.0153,-8.8473,-2.4122
371262068,0.20752,1.30212,1.10815,75.8015,-38.2061,27.5878,0.65100,-0.73120,0.27539,7.3435,-7.6489,-3.1527
371263068,-0.05627,0.85437,0.26172,54.6489,-46.7023,40.6565,0.64941,-0.73438,0.26599,6.6718,-6.4962,-3.8473
371264068,-0.29456,0.63965,-0.38794,42.9618,-52.7786,47.9466,0.64807,-0.73779,0.25769,6.0229,-5.4122,-4.5267
371265068,-0.20801,0.61035,-0.14062,53.3282,-60.4046,46.8321,0.64685,-0.74109,0.25098,5.4046,-4.3817,-5.1679
371266068,-0.32312,0.44226,-0.40967,63.5191,-83.0458,45.5649,0.64624,-0.74438,0.24414,4.8473,-3.3893,-5.7634
371267067,-0.73560,0.15381,-1.24915,71.9618,-105.9237,42.3282,0.64526,-0.74780,0.23596,4.3588,-2.4809,-6.2977
371268067,-1.05591,-0.05579,-1.76135,91.8321,-113.8626,33.3435,0.64355,-0.75098,0.22815,3.9237,-1.6412,-6.7405
371269067,-1.23743,-0.22351,-2.00000,108.6947,-108.0840,22.8855,0.64111,-0.75391,0.22266,3.5115,-0.8473,-7.1374
371270067,-1.56189,-0.22644,-2.00000,110.9313,-91.4046,14.9847,0.63855,-0.75549,0.21814,3.1527,-0.1145,-7.4809
371271068,-1.93372,-0.05872,-2.00000,112.2443,-64.7634,9.6183,0.63513,-0.75598,0.21387,2.8779,0.5496,-7.7557
371272068,-2.00000,0.02319,-2.00000,116.9313,-31.9389,7.6412,0.63098,-0.75671,0.20984,2.6641,1.1679,-7.9771
371273068,-2.00000,-0.21094,-2.00000,118.5954,-2.9618,8.3588,0.62695,-0.75818,0.20557,2.4656,1.7481,-8.1832
371274068,-2.00000,-0.54236,-2.00000,122.6641,23.5649,7.3893,0.62244,-0.75952,0.20178,2.3130,2.2443,-8.3817
371275068,-2.00000,-0.58569,-2.00000,128.7252,50.6947,3.7405,0.61743,-0.76025,0.19897,2.2443,2.6565,-8.5420
371276067,-1.91028,-0.29858,-2.00000,124.6641,72.6260,1.9771,0.61255,-0.76001,0.19690,2.2443,2.9924,-8.6565
371277068,-1.63953,-0.04639,-2.00000,113.6565,89.4122,4.2443,0.60779,-0.75916,0.19568,2.2595,3.2672,-8.7252
371278068,-1.24023,-0.07373,-1.46985,109.5267,103.3969,6.5649,0.60315,-0.75757,0.19434,2.2748,3.5038,-8.7481
371279068,-0.84534,-0.35474,-0.79883,108.9237,109.3511,7.5649,0.59949,-0.75488,0.19299,2.3053,3.6947,-8.7939
371280068,-0.66907,-0.75769,-0.63452,105.3435,105.9313,6.7099,0.59619,-0.75220,0.19153,2.3511,3.8244,-8.8702
371281067,-0.51196,-0.82153,-0.29565,106.2443,102.8931,0.5420,0.59253,-0.75049,0.18945,2.4351,3.8702,-8.9084
371282067,-0.25610,-0.39441,0.29138,114.2901,98.2214,-8.2977,0.58777,-0.75037,0.18616,2.5344,3.8244,-8.9008
371283067,-0.16699,0.07483,0.48511,122.3740,85.1527,-13.2061,0.58313,-0.75146,0.18347,2.6565,3.7405,-8.8626
371284067,-0.24524,0.24036,0.35315,133.6565,69.0076,-14.9695,0.57837,-0.75232,0.18176,2.7786,3.6031,-8.8321
371285067,-0.25098,0.09668,0.33398,150.3359,59.4198,-17.5191,0.57312,-0.75293,0.17859,2.9008,3.4046,-8.7786
371286067,-0.26611,-0.16052,0.41797,160.0916,55.9924,-20.6336,0.56885,-0.75378,0.17542,3.0458,3.1450,-8.6794
371287068,-0.32092,-0.23181,0.43677,158.3969,56.9924,-23.2366,0.56494,-0.75476,0.17334,3.2595,2.8626,-8.5878
371288068,-0.37720,0.04553,0.33423,154.9160,59.6641,-24.7939,0.56091,-0.75537,0.17029,3.5038,2.5496,-8.5115
371289067,-0.54724,0.38416,-0.44470,151.3817,55.2595,-22.1603,0.55811,-0.75549,0.16638,3.7863,2.2061,-8.4122
371290067,-0.81213,0.25452,-1.79736,144.0382,45.9924,-14.4885,0.55615,-0.75476,0.16357,4.0687,1.8473,-8.2901
371291067,-1.06653,-0.38037,-2.00000,136.6641,44.0992,-7.8168,0.55396,-0.75354,0.16040,4.3740,1.4427,-8.1069
371292068,-1.10522,-0.67920,-1.93457,119.3282,60.2748,-4.3359,0.55188,-0.75281,0.15564,4.6947,1.0076,-7.8855
371293068,-1.36243,0.34985,-1.55237,68.9771,82.4046,4.3435,0.55115,-0.75232,0.15125,5.0458,0.5496,-7.6870
371294068,-1.80615,1.71582,-2.00000,10.5802,104.6565,25.9389,0.55139,-0.75110,0.14758,5.3969,0.0763,-7.4809
371295068,-1.80249,1.74646,-2.00000,-1.7786,137.5878,47.9466,0.55176,-0.74988,0.14221,5.7557,-0.3893,-7.2672
371296068,-1.25769,0.57642,-1.24622,18.0153,173.7481,61.3893,0.55151,-0.74890,0.13611,6.0992,-0.8702,-7.0153
371297068,-0.63269,-0.46106,0.14966,20.5878,203.2443,69.0000,0.55017,-0.74915,0.13220,6.4122,-1.4122,-6.7634
371298067,-0.70154,-0.45947,-0.00208,12.7710,209.7252,69.5344,0.54858,-0.74988,0.13000,6.7099,-1.9771,-6.5267
371299068,-0.77246,0.31812,-0.35645,31.3893,213.6489,59.5038,0.54797,-0.74951,0.12708,7.0382,-2.5191,-6.2595
371300068,-0.06714,0.95679,1.32898,71.0153,218.5954,48.1756,0.54932,-0.74866,0.12378,7.3740,-3.0382,-5.9924
371301067,0.92468,-0.02856,1.99994,94.2061,201.6565,50.3130,0.55115,-0.74805,0.12097,7.6870,-3.5649,-5.7328
371302067,1.26855,-1.95203,1.99994,90.7786,166.3435,52.4504,0.55225,-0.74731,0.11707,8.0000,-4.0382,-5.4733
371303068,1.12073,-2.00000,1.99994,94.3969,131.6947,37.6031,0.55347,-0.74731,0.11316,8.3435,-4.4656,-5.2137
371304067,1.11365,-2.00000,1.99994,115.8397,106.9466,10.4275,0.55542,-0.74768,0.11011,8.6870,-4.9008,-4.9313
371305067,1.09009,-0.71082,1.99994,126.7176,83.3588,-9.1908,0.55762,-0.74829,0.10767,9.0229,-5.3130,-4.6183
371306068,1.07935,0.71851,1.99994,114.5725,60.2824,-8.4962,0.55908,-0.75000,0.10583,9.3664,-5.6947,-4.3130
371307067,0.80396,0.86633,1.99994,99.6718,34.8397,7.9008,0.56116,-0.75232,0.10413,9.7405,-6.0458,-4.0153
371308067,0.60669,-0.49634,1.99994,92.9847,12.4885,24.3740,0.56372,-0.75452,0.10181,10.1298,-6.3817,-3.7481
371309067,0.59766,-1.73889,1.99994,86.9160,1.9847,29.6260,0.56567,-0.75684,0.09961,10.5115,-6.6718,-3.4427
371310067,0.16589,-1.33533,1.28198,69.1756,-5.5573,30.3893,0.56812,-0.76062,0.09839,10.9237,-6.8855,-3.1221
371311067,-0.23401,0.22510,0.34106,41.9313,-2.0000,38.5725,0.57031,-0.76587,0.09717,11.3969,-7.0458,-2.7863
371312067,-0.26794,1.31616,0.31458,25.8626,10.2443,56.8015,0.57153,-0.77185,0.09656,11.9084,-7.1908,-2.4122
371313068,-0.26343,0.96155,0.31653,25.8931,14.7863,78.3053,0.57263,-0.77771,0.09546,12.4427,-7.3130,-2.0076
371314068,-0.26086,-0.16943,0.15222,18.3282,23.9847,93.0534,0.57446,-0.78308,0.09290,13.0000,-7.4122,-1.6031
371315067,-0.23401,-1.00037,-0.17847,-6.7939,38.5038,97.1985,0.57703,-0.78894,0.08948,13.6031,-7.4580,-1.1908
371316067,-0.17236,-1.16284,-0.29395,-30.8931,58.0458,93.3435,0.57983,-0.79492,0.08569,14.2214,-7.4962,-0.7863
371317067,0.05701,-1.01270,0.36499,-33.0611,72.2137,85.6489,0.58350,-0.80237,0.08130,14.8626,-7.5038,-0.3588
371318067,0.28137,-1.07117,0.91260,-18.9160,69.3359,79.1145,0.58704,-0.81018,0.07739,15.5420,-7.4580,0.1527
371319067,0.38635,-1.39172,0.85974,-6.7710,57.5954,75.0153,0.58984,-0.81689,0.07471,16.1908,-7.3435,0.6947
371320067,0.39722,-1.55981,0.79749,-1.5496,49.3359,70.2290,0.59229,-0.82275,0.07263,16.7863,-7.1756,1.2672
371321068,0.51929,-1.58142,1.36914,1.1298,50.3206,64.8626,0.59509,-0.82800,0.07190,17.3664,-7.0000,1.8244
371322068,0.77588,-1.54456,1.99994,6.3435,49.5496,60.3206,0.60010,-0.83594,0.06995,18.4504,-6.6870,3.0000
371323067,0.78333,-1.40088,1.99994,16.5725,38.3893,57.4504,0.60120,-0.83887,0.06738,18.9084,-6.4809,3.6183
371324067,0.73743,-1.46057,1.99994,26.8855,29.1145,56.9542,0.60217,-0.84143,0.06348,19.3053,-6.2443,4.2519
371325067,0.90857,-1.66199,1.99994,26.4504,25.5954,57.1985,0.60327,-0.84277,0.05872,19.6412,-6.0153,4.8855
371326067,0.99133,-1.62744,1.99994,18.1603,12.6565,56.6794,0.60352,-0.84375,0.05481,19.9084,-5.7786,5.5191
371327067,0.83984,-1.41431,1.99994,18.3817,-11.4504,54.5267,0.60352,-0.84473,0.05151,20.1145,-5.5420,6.1145
371328067,0.68689,-1.35059,1.99994,29.3588,-37.8550,51.6031,0.60413,-0.84473,0.04749,20.2748,-5.3282,6.7023
371329067,0.64539,-1.51538,1.99994,35.7710,-59.7176,50.1450,0.60498,-0.84485,0.04224,20.3664,-5.1221,7.2519
371330067,0.49243,-1.60071,1.89685,30.6870,-76.3969,50.2290,0.60449,-0.84607,0.03711,20.3740,-4.9924,7.7786
371331067,0.27893,-1.47290,1.55981,24.1908,-85.2901,50.3130,0.60352,-0.84766,0.03259,20.3130,-4.9160,8.2748
371332067,0.19470,-1.29468,1.34668,25.5344,-84.6260,49.8092,0.60266,-0.84937,0.02734,20.2061,-4.8702,8.7176
371333068,0.03516,-1.23682,0.90137,30.5344,-80.9084,49.5420,0.60132,-0.85168,0.02246,20.0076,-4.8702,9.1069
371334067,-0.20215,-1.34229,0.23621,33.5649,-73.5420,49.1603,0.59985,-0.85461,0.01709,19.7863,-4.9237,9.4351
371335067,-0.30896,-1.51160,-0.07251,35.7405,-61.5344,47.3282,0.59851,-0.85742,0.01025,19.5267,-5.0000,9.6489
371336067,-0.29260,-1.69958,0.09106,39.3740,-49.2137,43.2137,0.59705,-0.86072,0.00342,19.2137,-5.0534,9.7939
371337068,-0.01086,-1.58728,0.68921,45.0153,-34.5496,34.8702,0.59619,-0.86572,-0.00269,18.8473,-5.1221,9.9160
371338067,0.71252,-0.89636,1.55750,51.7099,-19.4733,25.5344,0.59558,-0.87048,-0.00903,18.4656,-5.2061,9.9237
371339067,0.95801,-0.01379,1.82422,53.8244,-25.5267,23.6870,0.59473,-0.87476,-0.01538,18.0611,-5.3130,9.8397
371340068,0.50085,-0.04138,1.01233,50.1069,-52.2519,34.8855,0.59485,-0.87915,-0.02222,17.6412,-5.4504,9.6794
371341068,0.39246,-1.21619,0.47583,49.8397,-73.6947,48.0687,0.59595,-0.88403,-0.02979,17.2290,-5.6107,9.4504
371342068,0.46973,-2.00000,0.90649,54.1908,-90.2290,50.3969,0.59692,-0.88940,-0.03687,16.8092,-5.7634,9.1374
371343068,0.49170,-1.78125,1.24121,50.2901,-102.9924,48.2443,0.59802,-0.89502,-0.04297,16.3664,-5.9084,8.7481
371344068,0.51245,-1.02600,0.98828,34.9771,-112.3282,52.8168,0.59937,-0.90027,-0.04883,15.8550,-6.0382,8.3130
371345067,0.21777,-0.74951,0.26147,24.7634,-123.3130,63.6412,0.60059,-0.90491,-0.05481,15.3206,-6.1527,7.8321
371346068,-0.12415,-1.26086,-0.24341,27.1298,-123.4122,71.0916,0.60144,-0.90955,-0.06067,14.7634,-6.2595,7.3588
371347067,-0.27881,-2.00000,-0.29248,31.2443,-113.2061,70.8779,0.60193,-0.91431,-0.06519,14.1985,-6.3435,6.8550
371348067,-0.55591,-2.00000,-0.96509,27.8779,-109.4962,64.7099,0.60229,-0.91797,-0.06946,13.6183,-6.3969,6.2977
371349067,-0.93921,-2.00000,-2.00000,23.0916,-106.2366,52.6870,0.60303,-0.92102,-0.07361,13.0229,-6.4198,5.6947
371350068,-1.18115,-2.00000,-2.00000,24.2519,-96.4656,37.8244,0.60352,-0.92493,-0.07666,12.3969,-6.4275,5.0611
371351068,-1.16309,-2.00000,-2.00000,23.7786,-79.6947,28.9084,0.60352,-0.92932,-0.07971,11.7634,-6.4275,4.4122
371352068,-0.99231,-2.00000,-1.79272,16.7557,-60.8702,27.1221,0.60413,-0.93335,-0.08325,11.1069,-6.4122,3.7557
371353068,-0.98828,-2.00000,-1.70081,9.5267,-45.6947,25.7023,0.60474,-0.93762,-0.08606,10.4656,-6.3588,3.0534
371354067,-0.94128,-2.00000,-1.64038,2.0992,-27.0305,24.3206,0.60388,-0.94141,-0.08838,9.8244,-6.2901,2.3282
371355068,-0.78052,-2.00000,-1.47034,-11.9618,-8.8702,25.5954,0.60376,-0.94531,-0.09070,9.1985,-6.1985,1.6031
371356068,-0.70081,-2.00000,-1.36768,-25.2214,1.4198,26.4351,0.60474,-0.94983,-0.09351,8.6107,-6.0534,0.8931
371357068,-0.55933,-2.00000,-1.14771,-24.8626,2.9466,23.2290,0.60437,-0.95422,-0.09668,8.0534,-5.8855,0.1908
371358068,-0.36829,-1.93787,-0.76318,-16.0305,-3.9771,18.3511,0.60278,-0.95801,-0.09937,7.5038,-5.7405,-0.4962
371359067,-0.20105,-1.74121,-0.40332,-12.0534,-12.1374,16.2290,0.60156,-0.96130,-0.10242,6.9695,-5.5954,-1.1450
371360067,-0.00854,-1.80566,-0.07764,-13.1985,-16.2672,16.2901,0.60095,-0.96436,-0.10474,6.4656,-5.4198,-1.7786
371361067,0.05261,-1.94531,0.29260,-11.6412,-19.9008,14.8397,0.59998,-0.96753,-0.10510,6.0000,-5.2214,-2.3969
371362067,-0.07617,-1.91736,0.46497,-7.4504,-24.9389,10.3893,0.59790,-0.97107,-0.10364,5.5878,-5.0229,-3.0076
371363067,-0.14490,-1.59851,0.13245,-5.2824,-29.0076,4.9084,0.59570,-0.97485,-0.10339,5.1908,-4.8244,-3.5649
371364068,-0.22852,-1.05554,-0.36218,-4.8550,-34.0382,0.4427,0.59448,-0.97876,-0.10486,4.7786,-4.6107,-4.0687
371365068,-0.28284,-0.67578,-0.40320,-2.6107,-38.2595,-1.0840,0.59363,-0.98413,-0.10669,4.4122,-4.3817,-4.5344
371366067,-0.15527,-0.71802,-0.12195,0.1069,-42.5267,-0.0763,0.59253,-0.99084,-0.10938,4.0840,-4.1908,-4.9695
371367068,-0.14526,-0.84692,-0.20959,2.5573,-49.5038,-0.0229,0.59106,-0.99780,-0.11145,3.8168,-4.0229,-5.4046
371368067,-0.37378,-0.64880,-0.49426,10.3359,-51.6794,-4.1832,0.58984,-1.00415,-0.11157,3.5954,-3.8321,-5.8168
371369067,-0.49646,-0.26001,-0.60071,26.1527,-47.8092,-9.3969,0.58899,-1.00964,-0.11169,3.4122,-3.6489,-6.1985
371370067,-0.59436,-0.25000,-0.95935,42.0000,-45.3817,-4.9008,0.58838,-1.01379,-0.11157,3.2595,-3.4962,-6.5496
371371067,-0.56384,-0.37476,-1.12646,39.7023,-42.3511,-0.9847,0.58801,-1.01697,-0.11145,3.1298,-3.3588,-6.8855
371372067,-0.44617,-0.40210,-1.07410,39.3817,-38.2901,0.6260,0.58752,-1.01917,-0.11182,3.0000,-3.2214,-7.1908
371373067,-0.35742,-0.29614,-0.95789,39.9618,-34.4504,1.1832,0.58618,-1.02075,-0.11133,2.8702,-3.0916,-7.4580
371374067,-0.37756,-0.06213,-0.85840,37.9237,-31.4275,3.6412,0.58362,-1.02136,-0.11035,2.7328,-2.9771,-7.6947
371375067,-0.51025,-0.06836,-0.89673,33.7176,-29.3511,9.4656,0.58142,-1.02136,-0.10913,2.5496,-2.8855,-7.9237
371376067,-0.45508,-0.47473,-0.78687,32.2672,-22.2901,13.9924,0.58008,-1.02136,-0.10791,2.3130,-2.8321,-8.1527
371377067,-0.34473,-0.81311,-0.51404,37.6412,-17.0687,12.2595,0.57898,-1.02100,-0.10669,2.0382,-2.8397,-8.3282
371378067,-0.27563,-0.70642,-0.46387,46.0000,-16.0458,6.4809,0.57825,-1.01978,-0.10498,1.7252,-2.8931,-8.4504
371379067,-0.17395,-0.35242,-0.51562,51.3893,-17.3817,2.6565,0.57678,-1.01831,-0.10352,1.3511,-3.0153,-8.5191
371380067,-0.17639,-0.14209,-0.47473,54.5420,-21.3130,3.1450,0.57422,-1.01782,-0.10107,0.9313,-3.1908,-8.5496
371381067,-0.17493,-0.24060,-0.29773,59.0382,-24.7252,6.2672,0.57104,-1.01758,-0.09851,0.4656,-3.4122,-8.5344
371382067,-0.20227,-0.62012,-0.26477,61.7710,-30.6031,10.4962,0.56750,-1.01709,-0.09656,-0.0076,-3.6794,-8.4962
371383067,-0.29541,-1.03857,-0.38708,58.3053,-33.8397,14.1985,0.56372,-1.01648,-0.09521,-0.5038,-4.0458,-8.4504
371384067,-0.32190,-1.06946,-0.43738,49.7710,-31.4885,15.8321,0.55933,-1.01477,-0.09387,-1.0229,-4.5038,-8.4122
371385067,-0.32922,-0.65967,-0.50244,39.0763,-27.6489,17.2824,0.55408,-1.01270,-0.09070,-1.5649,-5.0458,-8.3359
371386064,-0.34082,-0.22205,-0.57617,29.9389,-25.2901,20.8550,0.54895,-1.01074,-0.08826,-2.1450,-5.6412,-8.2595
371387069,-0.35437,-0.10364,-0.58826,26.4198,-25.1679,25.8473,0.54456,-1.00818,-0.08740,-2.7557,-6.2901,-8.1908
371388068,-0.37524,-0.35828,-0.60266,26.7328,-25.9160,30.1221,0.54041,-1.00598,-0.08691,-3.3664,-7.0153,-8.0916
371389068,-0.39734,-0.76514,-0.61121,26.9618,-25.0763,31.7176,0.53687,-1.00488,-0.08606,-3.9924,-7.8244,-7.9847
371390067,-0.41541,-1.00928,-0.54700,29.3206,-22.5496,29.9542,0.53357,-1.00439,-0.08386,-4.6489,-8.7176,-7.8473
371391067,-0.42395,-0.95190,-0.48022,35.4504,-19.8092,26.8702,0.53052,-1.00403,-0.08142,-5.2901,-9.6489,-7.7252
371392068,-0.44116,-0.78418,-0.50708,40.1527,-18.2137,26.2824,0.52930,-1.00415,-0.08032,-5.9084,-10.6412,-7.6107
371393067,-0.46057,-0.74072,-0.55261,40.3664,-16.7252,28.9618,0.52893,-1.00464,-0.07959,-6.4962,-11.7023,-7.5420
371394067,-0.46179,-0.82153,-0.47827,37.1145,-14.5420,32.8321,0.52869,-1.00635,-0.07861,-7.0229,-12.8092,-7.4733
371395067,-0.45081,-0.96057,-0.37952,30.6870,-13.4504,36.3893,0.52905,-1.00928,-0.07837,-7.4885,-13.9389,-7.4046
371396067,-0.45605,-1.10840,-0.37061,23.3206,-14.0305,38.7405,0.53052,-1.01196,-0.07861,-7.9237,-15.0534,-7.3282
371397067,-0.47449,-1.16833,-0.38892,19.3282,-15.0382,38.9389,0.53296,-1.01379,-0.07922,-8.3282,-16.1450,-7.2901
371398068,-0.46582,-1.10486,-0.34534,17.8779,-15.1298,37.9084,0.53625,-1.01660,-0.07959,-8.6794,-17.2366,-7.2672
371399067,-0.46130,-1.06323,-0.28430,15.8931,-15.0763,37.9008,0.53906,-1.02051,-0.07959,-8.9466,-18.2977,-7.2977
371400068,-0.47510,-1.12952,-0.25867,15.5267,-14.7863,38.4198,0.54236,-1.02319,-0.08032,-9.1221,-19.2672,-7.3664
371401067,-0.46204,-1.22437,-0.21606,18.9771,-13.5420,37.9695,0.54700,-1.02563,-0.08240,-9.2290,-20.1221,-7.4046
371402068,-0.44067,-1.29297,-0.17871,23.0000,-12.4809,37.1145,0.55225,-1.02820,-0.08386,-9.2672,-20.9160,-7.4656
371403068,-0.42065,-1.30884,-0.16650,24.5344,-11.7328,36.8550,0.55835,-1.03027,-0.08386,-9.2061,-21.6107,-7.5344
371404068,-0.38367,-1.25793,-0.15649,24.0153,-11.5344,37.3282,0.56458,-1.03198,-0.08398,-9.0534,-22.2214,-7.6107
371405068,-0.37903,-1.21606,-0.17468,22.3588,-12.9847,38.4580,0.57117,-1.03308,-0.08411,-8.8397,-22.7481,-7.6794
371406067,-0.43335,-1.27954,-0.24268,20.4962,-15.5420,39.5649,0.57837,-1.03406,-0.08447,-8.5420,-23.1298,-7.7557
371407068,-0.50537,-1.41345,-0.30420,19.3664,-17.0763,39.4351,0.58484,-1.03455,-0.08447,-8.1832,-23.3588,-7.8550
371408068,-0.56543,-1.51990,-0.32520,17.8931,-16.8931,37.9466,0.59094,-1.03479,-0.08435,-7.7481,-23.4504,-7.9542
371409068,-0.59314,-1.55042,-0.32043,15.3969,-15.0687,35.8626,0.59717,-1.03479,-0.08423,-7.2443,-23.4046,-8.0611
371410067,-0.58423,-1.48975,-0.29297,14.1221,-12.3588,33.6107,0.60254,-1.03442,-0.08337,-6.6565,-23.2443,-8.1832
371411067,-0.55847,-1.36658,-0.25098,15.2214,-9.7786,31.7939,0.60767,-1.03394,-0.08167,-6.0229,-23.0076,-8.3282
371412067,-0.52759,-1.25513,-0.20190,16.3969,-7.7634,31.4504,0.61194,-1.03418,-0.08020,-5.3359,-22.6641,-8.4962
371413067,-0.50476,-1.22314,-0.18408,15.8397,-6.6641,32.9466,0.61475,-1.03503,-0.08020,-4.6183,-22.2137,-8.7099
371414068,-0.51379,-1.26794,-0.19958,14.2672,-6.5725,35.2748,0.61792,-1.03503,-0.08228,-3.8550,-21.6489,-8.9084
371415067,-0.53711,-1.35474,-0.19446,13.0229,-6.9771,37.0992,0.62134,-1.03516,-0.08484,-3.0611,-20.9618,-9.1145
371416068,-0.54651,-1.44507,-0.14990,12.6336,-7.5649,37.7786,0.62427,-1.03613,-0.08752,-2.2290,-20.1908,-9.3206
371417068,-0.55566,-1.47681,-0.07373,12.1679,-7.9160,37.3511,0.62646,-1.03552,-0.08936,-1.3740,-19.3664,-9.5496
371418067,-0.55603,-1.45898,0.01184,10.7634,-7.7634,36.5344,0.62830,-1.03333,-0.09082,-0.4809,-18.4962,-9.8015
371419067,-0.54773,-1.46106,0.07410,9.1450,-7.5267,35.7328,0.62842,-1.03064,-0.09656,1.3053,-16.6107,-10.3511
371420068,-0.54700,-1.51257,0.12585,8.8550,-7.6107,34.6031,0.62793,-1.02820,-0.09912,2.1603,-15.6031,-10.6412
371421067,-0.53845,-1.58984,0.17017,9.8321,-8.0534,32.9466,0.62695,-1.02490,-0.10120,3.0076,-14.5802,-10.9160
371422067,-0.52856,-1.65454,0.15662,10.4122,-9.5725,31.2901,0.62512,-1.02283,-0.10303,3.8550,-13.5115,-11.1832
371423068,-0.54138,-1.63501,0.08752,10.0000,-12.2595,29.7634,0.62256,-1.02112,-0.10571,4.6870,-12.4122,-11.4809
371424067,-0.55151,-1.50256,0.05127,9.8092,-14.9924,28.5267,0.62024,-1.01819,-0.10840,5.4656,-11.3282,-11.7481
371425067,-0.56958,-1.36389,0.04175,9.8931,-18.2672,28.4580,0.61877,-1.01440,-0.10986,6.1985,-10.2824,-12.0076
371426067,-0.61414,-1.33997,0.00781,9.6260,-21.4122,29.7710,0.61804,-1.01050,-0.11157,6.9084,-9.2290,-12.2519
371427067,-0.66870,-1.43115,-0.08569,9.3053,-23.6641,31.2290,0.61707,-1.00562,-0.11377,7.5649,-8.1985,-12.4885
371428068,-0.75256,-1.53796,-0.24866,9.1374,-24.5649,31.5420,0.61401,-0.99915,-0.11609,8.1374,-7.1985,-12.7481
371429068,-0.84326,-1.59277,-0.39832,9.2290,-23.3893,30.5344,0.60938,-0.99243,-0.11841,8.6260,-6.2137,-12.9771
371430068,-0.88916,-1.59143,-0.45398,9.9160,-20.0153,28.7786,0.60474,-0.98633,-0.12024,9.0534,-5.2443,-13.1756
371431067,-0.90283,-1.55347,-0.43994,10.3740,-15.9389,27.1756,0.59985,-0.98083,-0.12146,9.4198,-4.3664,-13.3359
371432067,-0.90381,-1.52869,-0.41907,9.6031,-11.9008,26.3359,0.59509,-0.97485,-0.12268,9.6641,-3.5573,-13.4962
371433068,-0.88025,-1.57751,-0.37646,8.3053,-7.9924,26.1527,0.59033,-0.96777,-0.12280,9.7939,-2.8473,-13.6412
371434067,-0.83533,-1.66406,-0.29736,7.2672,-5.0611,25.7405,0.58545,-0.96118,-0.12256,9.8015,-2.2061,-13.7634
371435067,-0.78406,-1.69116,-0.23254,6.3740,-3.9695,24.7710,0.58057,-0.95532,-0.12268,9.7023,-1.6260,-13.8550
371436067,-0.76404,-1.64307,-0.23047,5.6412,-5.2595,23.7176,0.57532,-0.94995,-0.12207,9.5496,-1.1069,-13.9313
371437067,-0.77051,-1.58264,-0.21582,5.6031,-7.5802,22.9771,0.56995,-0.94470,-0.11987,9.3435,-0.6489,-13.9618
371438067,-0.75500,-1.57971,-0.12854,6.1908,-9.5649,22.5573,0.56543,-0.93872,-0.11707,9.0534,-0.2443,-13.9924
371439067,-0.74426,-1.65588,-0.05884,6.6870,-11.4733,22.2519,0.56165,-0.93323,-0.11450,8.6641,0.1374,-14.0458
371440067,-0.76782,-1.75879,-0.07703,6.8321,-13.0305,21.4885,0.55688,-0.92749,-0.11072,8.1832,0.4809,-14.1221
371441067,-0.78772,-1.79956,-0.15002,7.0305,-13.4962,19.8397,0.55127,-0.92163,-0.10632,7.6794,0.7481,-14.2061
371442067,-0.79712,-1.74048,-0.23291,6.8473,-13.4275,17.8931,0.54651,-0.91663,-0.10144,7.1450,0.9542,-14.2977
371443067,-0.81299,-1.62854,-0.30066,5.7099,-13.6183,16.6412,0.54175,-0.91125,-0.09485,6.5191,1.0840,-14.3893
371444068,-0.82446,-1.55518,-0.34509,4.1374,-14.0992,16.4427,0.53613,-0.90564,-0.08728,5.8550,1.1679,-14.4656
371445068,-0.82910,-1.58875,-0.39148,2.6489,-14.5496,16.8092,0.53088,-0.90002,-0.07935,5.1450,1.2214,-14.5725
371446067,-0.83472,-1.69141,-0.45154,1.2290,-14.2748,16.7405,0.52588,-0.89429,-0.07104,4.4122,1.2061,-14.6947
371447067,-0.85767,-1.75391,-0.53003,0.2824,-13.2672,15.6260,0.52039,-0.88855,-0.06213,3.6489,1.1603,-14.8473
371448067,-0.88977,-1.74170,-0.61829,-0.1450,-11.6565,13.9771,0.51465,-0.88330,-0.05310,2.8702,1.0611,-15.0000
371449067,-0.90173,-1.69458,-0.66541,-0.3282,-9.3053,12.4351,0.51025,-0.87866,-0.04309,2.1527,0.9466,-15.1298
371450068,-0.90295,-1.64087,-0.66138,-0.3435,-6.6107,11.1221,0.50696,-0.87439,-0.03284,1.4656,0.8473,-15.2595
371451067,-0.88965,-1.59851,-0.63623,-0.5954,-3.4809,10.0305,0.50342,-0.86951,-0.02173,0.7863,0.7481,-15.4046
371452067,-0.85022,-1.58667,-0.59827,-1.6107,-0.1603,9.2366,0.49939,-0.86389,-0.00781,0.1450,0.6260,-15.5725
371453068,-0.80957,-1.58765,-0.56384,-3.1069,2.7099,8.4733,0.49573,-0.85803,0.00745,-0.4580,0.5038,-15.7481
371454068,-0.77527,-1.57312,-0.53809,-4.5573,4.9237,7.6107,0.49170,-0.85242,0.02368,-1.0229,0.3817,-15.9237
371455067,-0.74719,-1.55505,-0.50781,-5.6947,6.0382,6.8244,0.48743,-0.84729,0.04126,-1.5649,0.2672,-16.0763
371456067,-0.72119,-1.52686,-0.45374,-6.2901,6.3664,5.9847,0.48376,-0.84216,0.05981,-2.0687,0.1679,-16.2443
371457067,-0.69739,-1.45459,-0.38330,-6.4351,6.2137,5.0458,0.47888,-0.83618,0.07947,-2.5649,0.0916,-16.4046
371458067,-0.67676,-1.37610,-0.32361,-6.6260,5.8779,4.5038,0.47290,-0.83020,0.10107,-3.0916,0.0229,-16.5344
371459067,-0.63782,-1.34961,-0.25256,-6.7939,6.1679,4.4198,0.46692,-0.82495,0.12390,-3.6336,-0.0458,-16.6260
371460067,-0.60266,-1.35022,-0.18567,-6.7481,6.6031,4.3511,0.46057,-0.81995,0.14746,-4.1985,-0.1145,-16.7099
371461068,-0.59082,-1.33459,-0.17432,-7.0534,6.8397,4.2290,0.45422,-0.81531,0.17285,-4.8015,-0.1450,-16.7863
371462068,-0.57825,-1.30994,-0.18359,-7.9008,7.1603,4.3282,0.44873,-0.81030,0.20068,-5.4427,-0.1527,-16.8168
371463068,-0.56421,-1.29382,-0.16699,-8.8473,7.1298,4.7252,0.44409,-0.80579,0.22937,-6.0916,-0.1450,-16.7939
371464068,-0.53967,-1.29382,-0.11328,-9.8702,6.8244,5.3053,0.43970,-0.80237,0.25830,-6.7252,-0.1221,-16.7328
371465067,-0.51086,-1.31409,-0.05811,-11.1374,5.9237,5.9160,0.43604,-0.79907,0.28870,-7.3359,-0.1145,-16.6489
371466068,-0.50195,-1.33667,-0.03955,-12.2443,4.6641,6.2366,0.43311,-0.79639,0.32043,-7.9389,-0.1221,-16.5191
371467067,-0.50745,-1.35071,-0.04456,-12.8321,3.4427,6.1527,0.42957,-0.79529,0.35510,-8.5267,-0.1221,-16.3588
371468068,-0.52209,-1.37732,-0.07031,-13.0687,2.1832,5.8702,0.42529,-0.79492,0.39111,-9.0916,-0.0916,-16.1603
371469068,-0.54675,-1.41577,-0.11853,-13.1298,0.9847,5.3435,0.42004,-0.79468,0.42822,-9.5802,-0.0153,-15.9084
371470067,-0.57983,-1.43628,-0.17126,-13.0000,0.1298,4.4198,0.41455,-0.79456,0.46704,-9.9695,0.1145,-15.6260
371471068,-0.60364,-1.44849,-0.21753,-12.9618,-0.1527,3.4427,0.41052,-0.79443,0.50598,-10.2824,0.2672,-15.3359
371472068,-0.61389,-1.46118,-0.25867,-13.5267,0.3206,2.6107,0.40710,-0.79407,0.54517,-10.4885,0.4580,-15.0534
371473067,-0.62585,-1.43811,-0.29102,-14.6107,1.4885,1.7557,0.40308,-0.79407,0.58411,-10.5649,0.7099,-14.7481
371474067,-0.63403,-1.38416,-0.31958,-15.9618,3.2977,1.0382,0.39929,-0.79395,0.62378,-10.5191,1.0305,-14.4198
371475068,-0.63428,-1.34985,-0.33716,-17.5038,5.4046,0.7328,0.39636,-0.79346,0.66443,-10.3588,1.4122,-14.0840
371476067,-0.62793,-1.34802,-0.32629,-18.7481,7.6565,0.5115,0.39294,-0.79260,0.70374,-10.0763,1.8397,-13.7634
371477067,-0.60413,-1.35144,-0.28699,-19.2824,9.9618,-0.0458,0.38904,-0.79150,0.74243,-9.6794,2.3435,-13.4504
371478067,-0.57654,-1.33350,-0.23425,-19.4656,11.9160,-0.9084,0.38684,-0.78894,0.78333,-9.1679,2.9466,-13.1679
371479067,-0.55310,-1.29370,-0.17236,-19.2901,13.4427,-1.8244,0.38452,-0.78552,0.82654,-8.5344,3.6412,-12.9313
371480067,-0.52100,-1.25867,-0.11426,-18.5649,14.2595,-2.5115,0.38147,-0.78198,0.87048,-7.7405,4.4504,-12.7099
371481067,-0.49658,-1.25488,-0.07617,-17.8168,13.8550,-2.8015,0.37781,-0.77869,0.91492,-6.7863,5.3588,-12.5115
371482067,-0.48438,-1.27759,-0.04529,-17.3206,12.7557,-2.9618,0.37378,-0.77527,0.95898,-5.7099,6.3359,-12.3359
371483067,-0.46631,-1.29297,-0.01270,-17.0687,11.5725,-3.2748,0.37073,-0.77014,1.00342,-4.4962,7.4046,-12.2061
371484067,-0.45911,-1.28284,-0.00745,-17.4733,9.9847,-3.6031,0.36926,-0.76379,1.04944,-3.1298,8.5802,-12.1450
371485067,-0.47168,-1.26562,-0.03223,-18.1374,8.4580,-3.8550,0.36829,-0.75684,1.09790,-1.6107,9.8473,-12.1374
371486067,-0.47815,-1.26038,-0.03809,-18.2901,7.8855,-4.2672,0.36682,-0.74792,1.14893,0.0534,11.2214,-12.1679
371487067,-0.47778,-1.25745,-0.01172,-18.2137,8.1603,-4.9618,0.36523,-0.73706,1.20117,1.8244,12.6870,-12.2672
371488067,-0.47827,-1.24731,0.01282,-18.1756,9.0382,-5.8626,0.36401,-0.72510,1.25256,3.6947,14.2443,-12.4656
371489067,-0.47253,-1.22693,0.01624,-17.4962,10.0840,-6.9542,0.36243,-0.71191,1.30334,5.6718,15.8931,-12.7634
371490067,-0.46289,-1.20178,0.01453,-15.9389,10.8779,-8.1069,0.36011,-0.69727,1.35376,7.7252,17.6107,-13.1298
371491067,-0.45044,-1.18933,0.01001,-14.1374,11.0992,-9.0611,0.35767,-0.68140,1.40564,9.8550,19.3740,-13.5878
371492067,-0.45325,-1.18677,0.01941,-12.7328,10.5038,-9.6489,0.35413,-0.66455,1.46143,12.0305,21.2061,-14.1450
371493067,-0.55322,-1.19458,0.00781,-12.0229,8.6489,-9.5344,0.34875,-0.64795,1.51868,14.2137,23.1145,-14.8092
371494068,-0.48535,-1.26111,-0.45483,-12.1832,4.3206,-8.0534,0.34192,-0.63147,1.57593,16.4046,25.0611,-15.6336
371495067,0.28943,-1.53784,0.24634,-10.4275,6.0763,-0.6412,0.33398,-0.61597,1.63489,18.6489,27.0305,-16.5649
371496067,0.13904,-2.00000,0.46021,-11.5344,-6.8855,12.0763,0.32446,-0.60083,1.69629,20.9313,29.0000,-17.5191
371497067,-0.19080,-2.00000,-1.45959,-18.0382,-31.2595,19.2901,0.31311,-0.58557,1.75781,23.2443,30.9542,-18.4962
371498068,-1.01611,-2.00000,-2.00000,-9.9389,-53.5573,6.1298,0.30115,-0.57153,1.81750,25.5420,32.8855,-19.5725
371499067,-1.75818,-2.00000,-2.00000,8.4275,-53.3817,-14.4962,0.28833,-0.55945,1.87622,27.8168,34.7405,-20.7405
371500068,-1.76294,-2.00000,-2.00000,-1.0229,-42.4885,-20.7786,0.27393,-0.54797,1.93481,30.0916,36.4656,-21.9466
371501067,-2.00000,-2.00000,-2.00000,-28.1145,-38.9084,-19.3206,0.25830,-0.53650,1.99219,32.3740,38.0153,-23.1298
371502068,-2.00000,-2.00000,-2.00000,-26.1679,-16.7176,-27.3206,0.24219,-0.52600,1.99994,34.6718,39.4351,-24.2901
371503067,-2.00000,-2.00000,-2.00000,-5.6183,51.1145,-48.7939,0.22522,-0.51721,1.99994,36.9695,40.7176,-25.4046
371504068,-1.84680,-2.00000,-2.00000,-5.0534,115.2977,-74.6870,0.20764,-0.50879,1.99994,39.2595,41.8244,-26.4962
371505068,-2.00000,-2.00000,-2.00000,-1.0000,146.8397,-98.8702,0.18970,-0.49988,1.99994,41.5573,42.7252,-27.5649
371506068,-2.00000,-2.00000,-2.00000,30.0076,183.6641,-118.0229,0.17188,-0.49133,1.99994,43.8931,43.4046,-28.5496
371507068,-1.55481,-2.00000,-2.00000,55.0687,218.0916,-126.8397,0.15393,-0.48291,1.99994,46.2290,43.8321,-29.3664
371508068,-0.75085,-2.00000,-1.11755,56.4122,222.5267,-131.8168,0.13501,-0.47388,1.99994,48.5420,43.9618,-29.9847
371509068,-0.34631,-2.00000,-0.27759,59.2214,208.7863,-142.8015,0.11548,-0.46606,1.99994,50.8092,43.7939,-30.3740
371510068,0.29553,-2.00000,0.50317,72.1450,188.9237,-151.7023,0.09668,-0.45935,1.99994,53.0687,43.2977,-30.6183
371511068,0.63489,-1.09338,1.90637,69.4504,168.9924,-144.0534,0.07922,-0.45178,1.99994,55.3435,42.4504,-30.7863
371512068,0.72852,-1.48193,1.99994,47.8855,151.3893,-120.6718,0.06116,-0.44385,1.99994,57.6260,41.2519,-30.8168
371513068,0.42883,-2.00000,1.99994,24.7939,119.3664,-96.1832,0.04211,-0.43518,1.99994,59.8473,39.6947,-30.7023
371514068,-0.36084,-2.00000,0.08167,19.0153,82.4580,-91.4733,0.02332,-0.42664,1.99994,62.0611,37.7634,-30.3969
371515068,-0.83813,-2.00000,-0.38855,34.6107,72.4733,-112.1756,0.00500,-0.41907,1.99994,64.2824,35.4504,-29.8931
371516067,-0.69409,-2.00000,0.74670,44.2901,83.7252,-130.2824,-0.01294,-0.41113,1.99994,66.5191,32.7634,-29.1756
371517068,-0.31348,-2.00000,1.50671,28.8626,94.5878,-133.8092,-0.05042,-0.39319,1.99994,71.0534,26.3282,-27.1298
371518067,-0.42200,-2.00000,1.45386,21.3130,97.5725,-140.4122,-0.06897,-0.38464,1.99994,73.3893,22.5420,-25.8855
371519067,-0.78284,-2.00000,0.85229,47.3359,102.9160,-159.1527,-0.08777,-0.37646,1.99994,75.8168,18.3664,-24.5191
371520068,-0.84399,-2.00000,0.27600,73.1145,120.4122,-181.0534,-0.10681,-0.36804,1.99994,78.3359,13.8397,-22.9542
371521067,-0.57422,-2.00000,0.41113,70.5649,143.2366,-195.9542,-0.12610,-0.35950,1.99994,80.9160,8.9618,-21.2290
371522068,-0.08655,-2.00000,1.27942,64.3511,154.6565,-203.1603,-0.14600,-0.35071,1.99994,83.4656,3.7786,-19.3740
371523068,0.27783,-1.79175,1.99994,71.4962,143.4427,-205.0534,-0.16711,-0.34131,1.99994,86.1069,-1.7023,-17.4046
371524068,0.39856,-1.30261,1.96289,80.6031,119.9389,-203.1603,-0.18762,-0.33142,1.99994,88.9618,-7.4885,-15.3130
371525068,0.40015,-0.98450,1.99994,86.3282,104.0229,-200.0000,-0.20752,-0.32153,1.99994,92.0916,-13.5649,-13.1221
371526067,0.52490,-0.54443,1.99994,82.9237,96.1145,-193.1832,-0.22681,-0.31177,1.99994,95.3740,-19.8855,-10.8473
371527067,0.56848,-0.82361,1.99994,61.6718,82.1679,-174.4198,-0.24585,-0.30103,1.99994,98.7252,-26.4427,-8.5191
371528067,-0.27661,-2.00000,1.99994,40.7328,42.1756,-153.4351,-0.26428,-0.28894,1.99994,102.1450,-33.2443,-6.1527
371529067,-0.93335,-2.00000,0.38599,51.5344,21.0458,-154.2443,-0.28223,-0.27649,1.99994,105.6565,-40.3053,-3.7252
371530067,-0.60229,-2.00000,0.82959,74.0611,30.5267,-170.8321,-0.29993,-0.26343,1.99994,109.2443,-47.5725,-1.2519
371531067,-0.53516,-2.00000,1.61951,58.6183,34.4351,-174.3588,-0.31677,-0.24854,1.99994,112.8931,-54.9771,1.2137
371532068,-0.65149,-2.00000,1.58716,21.4962,39.5573,-167.5191,-0.33337,-0.23206,1.99994,116.5802,-62.5649,3.6489
371533068,-1.23132,-2.00000,0.75195,21.7786,36.7252,-173.5420,-0.34973,-0.21509,1.99994,120.2672,-70.3588,6.0992
371534067,-1.92700,-2.00000,-0.47607,50.9924,39.9695,-191.4580,-0.36584,-0.19788,1.99994,123.9008,-78.3359,8.5878
371535068,-1.72839,-2.00000,0.28821,56.6489,76.9924,-214.9924,-0.38098,-0.18005,1.99994,127.4885,-86.4427,11.0840
371536068,-1.38379,-2.00000,1.99994,23.3206,120.2977,-238.9924,-0.39502,-0.16296,1.99994,131.0229,-94.6794,13.5802
371537067,-0.89124,-2.00000,1.99994,-8.3206,146.7634,-250.1374,-0.40845,-0.14722,1.99994,134.4427,-103.0153,16.0763
371538067,-0.27258,-0.85559,1.99994,-0.6870,155.6641,-250.1374,-0.42139,-0.13245,1.99994,137.7405,-111.4656,18.5878
371539067,0.27173,-0.35144,1.99994,34.4427,150.4198,-250.1374,-0.43323,-0.11926,1.99994,140.9160,-120.0000,21.0992
371540067,0.95068,-1.16797,1.99994,43.1679,135.5954,-250.1374,-0.44458,-0.10632,1.99994,143.9695,-128.5802,23.6183
371541068,1.19458,-1.61267,1.99994,7.5344,103.5496,-249.2901,-0.45544,-0.09265,1.99994,146.8702,-137.1756,26.1298
371542067,0.98975,-0.84607,1.99994,-20.1069,60.4504,-244.1374,-0.46423,-0.08154,1.99994,149.5954,-145.8015,28.7405
371543067,1.29028,0.58887,1.99994,-1.6947,21.0840,-243.8244,-0.47144,-0.07434,1.99994,152.1908,-154.4504,31.4198
371544068,1.66663,1.63525,1.99994,25.0382,-28.3130,-233.9924,-0.47827,-0.06848,1.99994,154.6718,-163.0916,34.0916
371545067,1.41980,1.75525,1.99994,18.5038,-80.0763,-210.5649,-0.48596,-0.06396,1.99994,156.9847,-171.6870,36.7405
371546068,1.12500,1.14197,1.99994,-7.1756,-112.2824,-185.8015,-0.49219,-0.06262,1.99994,159.1298,-180.1908,39.4198
371547068,0.92407,0.47742,1.99994,-19.1145,-129.9924,-174.1756,-0.49585,-0.06311,1.99994,161.1756,-188.5725,42.1679
371548068,0.59619,0.15063,1.99994,-5.5191,-132.4885,-179.1603,-0.49731,-0.06396,1.99994,163.1756,-196.8550,44.9237
371549068,0.11536,0.18713,1.99994,17.0916,-124.2137,-190.1450,-0.49646,-0.06628,1.99994,165.1069,-204.9924,47.7023
371550067,-0.47400,0.41138,1.99994,11.1603,-125.4580,-188.3130,-0.49414,-0.07153,1.99994,166.9466,-212.9389,50.4733
371551067,-1.17664,0.32080,0.71765,-27.7481,-123.5420,-172.2901,-0.49011,-0.07922,1.99994,168.7405,-220.6336,53.2214
371552067,-1.19910,-0.24304,1.05994,-41.5802,-95.0611,-166.2519,-0.48389,-0.08899,1.99994,170.5802,-228.0382,55.9695
371553067,-0.05054,-0.58569,1.99994,-12.1832,-50.7634,-178.8397,-0.47681,-0.10059,1.99994,172.4656,-235.1527,58.6718
371554068,1.10181,-0.05664,1.99994,-0.4656,-38.2443,-188.1527,-0.46887,-0.11401,1.99994,174.3969,-241.9389,61.3282
371555067,1.39673,1.52319,1.99994,-24.9847,-51.9008,-184.0305,-0.46021,-0.12952,1.99994,176.4122,-248.3817,63.9160
371556065,1.65247,1.99994,1.99994,-46.2824,-51.4580,-169.3359,-0.45081,-0.14771,1.99994,178.5344,-250.1374,66.4198
371557069,1.44958,1.85083,1.99994,-77.6489,-81.4198,-139.9466,-0.44019,-0.16833,1.99994,180.7634,-250.1374,68.8397
371558068,0.59497,-0.34485,1.99994,-131.5267,-140.2748,-107.6565,-0.42957,-0.18982,1.99994,183.0992,-250.1374,71.2061
371559067,0.83398,-1.45459,1.99994,-137.1832,-168.1832,-109.0534,-0.41895,-0.21289,1.99994,185.5344,-250.1374,73.5115
371560068,1.99994,0.10645,1.99994,-99.4198,-182.6641,-130.1221,-0.40796,-0.23718,1.99994,188.0458,-250.1374,75.7481
371561067,1.99994,1.99994,1.99994,-109.7939,-211.3664,-126.7252,-0.39673,-0.26196,1.99994,190.6412,-250.1374,77.8550
371562068,1.99994,1.99994,1.99994,-154.1374,-250.1374,-95.3664,-0.38696,-0.28857,1.99994,193.3435,-250.1374,79.8702
371563067,1.60107,1.99994,1.99994,-158.3435,-250.1374,-59.4122,-0.37939,-0.31580,1.99994,196.1298,-250.1374,81.7939
371564067,1.17590,0.52429,1.99994,-129.8397,-250.1374,-43.4275,-0.37280,-0.34265,1.99994,198.9389,-250.1374,83.6412
371565067,0.56702,-2.00000,1.99994,-98.9160,-250.1374,-58.8702,-0.36707,-0.37036,1.99994,201.7481,-250.1374,85.4122
371566067,-0.54626,-2.00000,1.99994,-72.7710,-250.1374,-93.7634,-0.36340,-0.39856,1.99994,204.5496,-250.1374,87.0916
371567067,-0.96545,0.72607,1.32678,-61.7099,-250.1374,-120.6489,-0.36108,-0.42615,1.99994,207.3435,-250.1374,88.6412
371568067,-0.58862,1.99994,0.73657,-59.5344,-250.1374,-120.9008,-0.36011,-0.45422,1.99994,210.1527,-250.1374,90.0687
371569067,-1.17834,1.99994,1.23743,-56.0076,-250.1374,-107.1221,-0.36108,-0.48291,1.99994,212.9542,-250.1374,91.3893
371570067,-2.00000,1.99994,0.94934,-65.3817,-250.1374,-94.9695,-0.36340,-0.51123,1.99994,215.7176,-250.1374,92.5802
371571067,-1.77759,0.80835,-0.66504,-114.4198,-250.1374,-80.5802,-0.36646,-0.53979,1.99994,218.4122,-250.1374,93.6718
371572067,-1.76648,0.45459,-0.59119,-181.8397,-244.5725,-69.3588,-0.37012,-0.56836,1.99994,221.0305,-250.1374,94.6718
371573067,-1.52966,1.99994,0.96521,-205.7939,-197.6947,-71.2061,-0.37427,-0.59705,1.99994,223.5878,-250.1374,95.5802
371574067,0.43701,1.99994,1.99994,-195.8550,-152.5191,-63.7023,-0.37939,-0.62610,1.99994,226.0763,-250.1374,96.3969
371575064,1.96375,1.99994,1.99994,-206.2595,-168.1908,-23.4885,-0.38562,-0.65527,1.99994,228.5344,-250.1374,97.1298
371576068,1.83704,1.99994,1.99994,-244.9618,-243.3740,34.4275,-0.39258,-0.68335,1.99994,230.9695,-250.1374,97.7863
371577068,1.99994,1.99994,1.99994,-250.1374,-250.1374,80.0000,-0.40002,-0.71179,1.99994,233.3511,-250.1374,98.3740
371578068,1.99994,1.99994,1.99994,-250.1374,-250.1374,86.8321,-0.40881,-0.74109,1.99994,235.6870,-250.1374,98.8931
371579067,1.99994,1.99994,1.99994,-200.3740,-250.1374,67.4962,-0.41736,-0.77087,1.99994,237.9847,-250.1374,99.3740
371580067,1.50256,1.99994,1.99994,-154.2443,-250.1374,56.6794,-0.42615,-0.80103,1.99994,240.2901,-250.1374,99.8626
371581067,0.36646,1.99994,1.99994,-123.2824,-250.1374,51.2443,-0.43567,-0.83167,1.99994,242.6107,-250.1374,100.3435
371582067,0.25281,1.99994,1.99994,-81.0458,-250.1374,32.5420,-0.44495,-0.86218,1.99994,244.9313,-250.1374,100.7939
371583067,0.71021,1.99994,1.99994,-51.7252,-250.1374,15.2672,-0.45410,-0.89246,1.99994,247.2137,-250.1374,101.2290
371584067,0.15662,1.99994,1.99994,-51.7710,-250.1374,8.3359,-0.46265,-0.92346,1.99994,249.4656,-250.1374,101.7023
371585067,-0.96350,1.97388,0.68665,-29.3206,-250.1374,2.2824,-0.47083,-0.95544,1.99994,250.1298,-250.1374,102.2061
371586067,-1.54333,1.51111,0.03796,3.7481,-250.1374,5.9008,-0.47827,-0.98840,1.99994,250.1298,-250.1374,102.7557
371587067,-1.58984,0.49048,0.20142,-11.9695,-250.1374,26.3206,-0.48486,-1.02185,1.99994,250.1298,-250.1374,103.3435
371588068,-1.78406,-0.31543,-0.98950,-62.3893,-250.1374,50.9008,-0.49182,-1.05554,1.99994,250.1298,-250.1374,104.0076
371589068,-1.85229,0.05188,-2.00000,-85.2748,-250.1374,61.5649,-0.49915,-1.09058,1.99994,250.1298,-250.1374,104.7634
371590067,-1.49805,1.99994,-0.61316,-73.6870,-250.1374,52.6565,-0.50684,-1.12561,1.99994,250.1298,-250.1374,105.5725
371591067,-1.47290,1.99994,1.09778,-88.5954,-250.1374,57.4733,-0.51550,-1.16077,1.99994,250.1298,-250.1374,106.4885
371592067,-1.49170,1.99994,0.83594,-146.3359,-250.1374,96.6336,-0.52454,-1.19714,1.99994,250.1298,-250.1374,107.4580
371593068,-0.93591,1.99994,0.95508,-177.6260,-250.1374,128.0000,-0.53296,-1.23560,1.99994,250.1298,-250.1374,108.5191
371594068,-0.51477,-0.26941,1.99994,-144.5725,-250.1374,116.1527,-0.54163,-1.27515,1.94788,250.1298,-250.1374,109.7023
371595067,-0.09021,-0.98169,1.99994,-91.6947,-250.1374,82.2519,-0.55078,-1.31482,1.88892,250.1298,-250.1374,111.0076
371596068,0.65417,0.07458,1.99994,-66.4580,-250.1374,58.7557,-0.56055,-1.35510,1.82788,250.1298,-250.1374,112.4122
371597067,0.61829,1.99994,1.99994,-62.5649,-250.1374,61.0000,-0.57031,-1.39575,1.76514,250.1298,-250.1374,113.9084
371598065,0.51831,1.99994,1.99994,-60.3817,-250.1374,85.6336,-0.58008,-1.43665,1.70129,250.1298,-250.1374,115.4656
371599065,1.12061,1.99994,1.99994,-66.4656,-250.1374,120.2977,-0.58984,-1.47693,1.63599,250.1298,-250.1374,117.1145
371600065,0.74451,0.03320,1.99994,-78.9389,-250.1374,141.5496,-0.59998,-1.51624,1.56946,250.1298,-250.1374,118.8397
371601069,-0.05029,-0.63965,1.99994,-63.3435,-250.1374,132.9389,-0.60974,-1.55518,1.50232,250.1298,-250.1374,120.6336
371602068,0.07349,0.18994,1.99994,-11.6489,-250.1374,105.2290,-0.61816,-1.59277,1.43481,250.1298,-250.1374,122.4733
371603068,-0.64587,0.99377,1.56519,31.2901,-250.1374,84.3664,-0.62585,-1.62708,1.36658,250.1298,-250.1374,124.3359
371604068,-2.00000,0.80750,0.37036,43.7634,-250.1374,71.7405,-0.63257,-1.65796,1.29773,250.1298,-250.1374,126.1908
371605068,-2.00000,-0.53650,-1.30823,60.2977,-250.1374,54.4275,-0.63843,-1.68640,1.22852,250.1298,-250.1374,128.0153
371606068,-2.00000,-2.00000,-2.00000,92.2214,-250.1374,22.7939,-0.64319,-1.71362,1.15735,250.1298,-250.1374,129.7481
371607068,-2.00000,-2.00000,-0.90039,116.2748,-250.1374,-17.7710,-0.64661,-1.74072,1.08386,250.1298,-250.1374,131.3664
371608064,-1.79480,-0.20288,1.28687,109.8473,-250.1374,-38.8931,-0.64929,-1.76782,1.00940,250.1298,-250.1374,132.8702
371609069,-0.30725,1.58057,1.99994,73.1908,-250.1374,-21.6107,-0.65125,-1.79468,0.93359,250.1298,-250.1374,134.2672
371610068,-0.28455,1.99994,1.99994,24.6260,-250.1374,22.3282,-0.65161,-1.82092,0.85400,250.1298,-250.1374,135.5420
371611068,-0.38904,1.80908,1.70276,-14.2519,-250.1374,72.9771,-0.65027,-1.84705,0.77246,250.1298,-250.1374,136.6641
371612067,-0.23401,0.30835,1.99994,-47.5573,-250.1374,113.5573,-0.64856,-1.87378,0.69067,250.1298,-250.1374,137.6336
371613067,-0.37305,-1.04712,1.99994,-76.7252,-250.1374,133.4122,-0.64661,-1.90186,0.60779,250.1298,-250.1374,138.4580
371614068,-0.04517,-1.03711,1.99994,-83.1374,-250.1374,129.3359,-0.63672,-1.95935,0.43665,250.1298,-250.1374,139.4580
371615067,-0.02710,0.10828,1.99994,-41.6641,-250.1374,108.2748,-0.62830,-1.98779,0.34839,250.1298,-250.1374,139.6489
371616067,-0.45984,0.63025,1.99994,49.6183,-250.1374,73.4580,-0.61865,-2.00000,0.25928,250.1298,-250.1374,139.6565
371617067,-1.28821,-0.18567,1.66858,148.7710,-250.1374,32.0305,-0.60925,-2.00000,0.17004,250.1298,-250.1374,139.4809
371618068,-2.00000,-1.87598,-0.08496,200.5496,-250.1374,-3.4885,-0.59998,-2.00000,0.08008,249.2443,-250.1374,139.0992
371619068,-2.00000,-2.00000,-0.81567,209.2366,-250.1374,-36.6260,-0.58997,-2.00000,-0.01123,245.2595,-250.1374,138.5038
371620068,-2.00000,-2.00000,-0.95679,210.3282,-250.1374,-68.4580,-0.57922,-2.00000,-0.10156,241.2595,-250.1374,137.7099
371621068,-2.00000,-2.00000,-2.00000,223.2901,-250.1374,-89.0763,-0.56714,-2.00000,-0.18921,237.2061,-250.1374,136.7099
371622068,-2.00000,-1.25745,-2.00000,231.0916,-250.1374,-90.5878,-0.55286,-2.00000,-0.27563,233.0992,-250.1374,135.4809
371623067,-0.60181,-0.82434,0.07959,117.5115,-250.1374,-31.2824,-0.53723,-2.00000,-0.36218,228.9313,-250.1374,134.0611
371624067,0.16272,-1.38843,1.99994,9.0916,-244.9466,6.6336,-0.52185,-2.00000,-0.44739,224.6794,-250.1374,132.4656
371625067,-1.73657,-1.01831,1.99994,-109.9618,-250.1374,36.9847,-0.50684,-2.00000,-0.53186,220.3435,-250.1374,130.7252
371626067,-0.51843,0.28894,1.99994,-187.4580,-217.8702,50.3893,-0.49170,-2.00000,-0.61548,215.8931,-250.1374,128.7786
371627067,1.99994,1.99994,1.99994,-165.4809,-142.2672,22.1298,-0.47607,-2.00000,-0.69690,211.2901,-250.1374,126.6336
371628068,1.99994,1.99994,1.99994,-101.0458,-199.1450,-9.9313,-0.45911,-2.00000,-0.77637,206.5496,-250.1374,124.2977
371629068,1.99994,1.99994,1.99994,-58.9542,-250.1374,16.3740,-0.44141,-2.00000,-0.85437,201.6641,-250.1374,121.7786
371630068,1.99994,1.99994,1.99994,-19.9618,-250.1374,62.9466,-0.42249,-2.00000,-0.92944,196.6412,-250.1374,119.0611
371631068,1.03687,1.35864,1.99994,42.4122,-250.1374,83.1679,-0.40271,-2.00000,-1.00146,191.4962,-250.1374,116.1756
371632067,1.14844,0.19287,1.99994,95.1908,-250.1374,86.5725,-0.38428,-2.00000,-1.07471,186.2748,-250.1374,113.1221
371633067,0.55103,0.61084,1.99994,128.9008,-250.1374,98.0458,-0.36694,-2.00000,-1.14941,180.9695,-250.1374,109.8931
371634067,-1.82764,1.83960,1.99994,165.4656,-250.1374,120.0992,-0.35022,-2.00000,-1.22302,175.6031,-250.1374,106.4885
371635067,-2.00000,1.99994,0.48914,194.7023,-250.1374,151.0534,-0.33313,-2.00000,-1.29456,170.2366,-250.1374,102.9008
371636067,-2.00000,1.99994,-0.25354,191.3664,-250.1374,181.4809,-0.31555,-2.00000,-1.36560,164.9389,-250.1374,99.1603
371637067,-2.00000,-0.46545,-1.90808,153.2824,-250.1374,198.7557,-0.29785,-2.00000,-1.43494,159.7023,-250.1374,95.3053
371638068,-2.00000,-2.00000,-2.00000,88.8931,-250.1374,190.5802,-0.28040,-2.00000,-1.50061,154.5115,-250.1374,91.3359
371639068,-2.00000,-2.00000,-2.00000,10.6870,-250.1374,159.5038,-0.26306,-2.00000,-1.56384,149.4351,-250.1374,87.2366
371640067,-2.00000,-0.25574,-2.00000,-51.3282,-250.1374,134.3511,-0.24646,-2.00000,-1.62854,144.5573,-250.1374,83.0382
371641067,-2.00000,1.52258,-2.00000,-86.5802,-250.1374,138.6565,-0.23083,-2.00000,-1.69617,139.9847,-250.1374,78.7634
371642068,-2.00000,0.85217,-0.13977,-103.7863,-250.1374,163.8550,-0.21606,-2.00000,-1.76562,135.8321,-250.1374,74.3817
371643068,-2.00000,-0.52881,-0.18457,-111.4504,-250.1374,190.4809,-0.20239,-2.00000,-1.83618,132.1069,-250.1374,69.9466
371644068,-2.00000,-0.62048,-0.23804,-129.9771,-250.1374,208.7405,-0.19006,-2.00000,-1.90710,128.8092,-250.1374,65.4427
371645068,-1.87146,-0.02087,1.29736,-144.1069,-250.1374,222.7786,-0.17712,-2.00000,-1.97778,125.9466,-250.1374,60.9008
371646067,-1.10632,0.41272,1.99994,-108.8931,-250.1374,221.0763,-0.16406,-2.00000,-2.00000,123.5649,-250.1374,56.3206
371647067,-0.60840,0.18994,1.99994,-17.5878,-250.1374,207.8015,-0.15222,-2.00000,-2.00000,121.7176,-250.1374,51.7481
371648067,-0.99756,-1.05212,1.99994,64.6565,-250.1374,191.7099,-0.14124,-2.00000,-2.00000,120.4275,-250.1374,47.1832
371649067,-1.63733,-2.00000,1.99994,91.2214,-250.1374,177.5344,-0.12964,-2.00000,-2.00000,119.6565,-250.1374,42.6489
371650067,-1.86914,-2.00000,1.99994,86.5573,-250.1374,150.3817,-0.11597,-2.00000,-2.00000,119.3435,-250.1374,38.1603
371651068,-2.00000,-2.00000,1.79321,80.4122,-250.1374,107.1985,-0.10205,-2.00000,-2.00000,119.4427,-250.1374,33.7252
371652068,-2.00000,-2.00000,-1.28198,87.2061,-250.1374,57.5573,-0.08826,-2.00000,-2.00000,119.9084,-250.1374,29.3817
371653067,-2.00000,-2.00000,-0.39429,80.7634,-250.1374,27.7328,-0.07373,-2.00000,-2.00000,120.7023,-250.1374,25.1603
371654067,-2.00000,-2.00000,1.71741,-0.5191,-250.1374,41.3206,-0.05872,-2.00000,-2.00000,121.7710,-250.1374,21.0382
371655068,-2.00000,-2.00000,0.84900,-133.4122,-250.1374,79.9313,-0.04272,-2.00000,-2.00000,123.0534,-250.1374,17.0382
371656068,-2.00000,-0.81287,-1.44153,-194.8779,-250.1374,96.4046,-0.02576,-2.00000,-2.00000,124.5038,-250.1374,13.1756
371657068,-2.00000,1.08374,-0.02026,-169.0992,-250.1374,100.8168,-0.00793,-2.00000,-2.00000,126.0458,-250.1374,9.4656
371658068,-1.70667,1.99792,1.99994,-150.1756,-250.1374,125.1374,0.01111,-2.00000,-2.00000,127.6336,-250.1374,5.8931
371659068,-1.96802,1.44666,0.43262,-156.5878,-250.1374,161.0840,0.03076,-2.00000,-2.00000,129.2595,-250.1374,2.4656
371660068,-2.00000,-0.00293,-2.00000,-96.1450,-250.1374,164.4122,0.05066,-2.00000,-2.00000,130.8626,-250.1374,-0.7405
371661067,-2.00000,-0.82690,-1.63513,41.9084,-250.1374,126.5191,0.06995,-2.00000,-2.00000,132.3511,-250.1374,-3.7252
371662068,-2.00000,-1.80298,0.00781,111.9237,-250.1374,105.1832,0.08655,-2.00000,-2.00000,133.6947,-250.1374,-6.4351
371663068,-2.00000,-2.00000,-0.69202,74.9237,-250.1374,106.3282,0.10010,-2.00000,-2.00000,134.9389,-247.0534,-8.9313
371664067,-2.00000,-2.00000,-2.00000,39.8473,-250.1374,90.0076,0.11072,-2.00000,-2.00000,136.1450,-234.8168,-11.2595
371665068,-2.00000,-2.00000,-2.00000,21.5496,-250.1374,64.1221,0.11621,-2.00000,-2.00000,137.3740,-222.5573,-13.3893
371666068,-2.00000,-2.00000,-1.78833,-48.4275,-250.1374,66.7557,0.11719,-2.00000,-2.00000,138.6565,-210.2366,-15.2901
371667068,-2.00000,-2.00000,-1.30188,-151.3664,-250.1374,90.2214,0.11475,-2.00000,-2.00000,139.9771,-197.8855,-16.9924
371668064,-2.00000,-2.00000,-1.29333,-223.1298,-250.1374,110.8779,0.10840,-2.00000,-2.00000,141.2977,-185.5267,-18.5191
371669069,-1.89148,-2.00000,-1.59863,-250.1374,-250.1374,124.5344,0.09839,-2.00000,-2.00000,142.6412,-173.1985,-19.9008
371670068,-2.00000,-2.00000,-2.00000,-250.1374,-250.1374,135.9466,0.08643,-2.00000,-2.00000,144.0076,-160.9008,-21.1832
371671068,-1.47205,-2.00000,-2.00000,-242.7557,-250.1374,131.3130,0.07422,-1.99243,-2.00000,145.4351,-148.5878,-22.3664
371672067,-0.97156,-1.96069,-0.71375,-197.4122,-250.1374,108.4275,0.06067,-1.97949,-2.00000,146.9389,-136.3053,-23.4656
371673067,-1.00488,-0.11926,0.93542,-140.6412,-250.1374,91.0458,0.04578,-1.96643,-2.00000,148.4962,-124.1298,-24.4733
371674067,-0.91870,-0.02051,1.81287,-96.4427,-250.1374,82.4656,0.03101,-1.95264,-2.00000,150.0763,-112.0382,-25.4046
371675067,-1.43433,-1.03223,1.13916,-52.2290,-250.1374,66.5344,0.01648,-1.93848,-2.00000,151.6641,-100.0534,-26.2748
371676068,-2.00000,-1.74548,-0.65564,3.5496,-250.1374,36.4885,0.00293,-1.92444,-2.00000,153.2595,-88.1985,-27.0840
371677068,-2.00000,-2.00000,-2.00000,30.8779,-250.1374,12.9542,-0.00830,-1.91077,-2.00000,154.7939,-76.5038,-27.8473
371678068,-2.00000,-2.00000,-2.00000,17.6870,-250.1374,6.4122,-0.01819,-1.89807,-2.00000,156.2672,-65.0229,-28.5573
371679064,-2.00000,-2.00000,-2.00000,9.1221,-250.1374,5.7252,-0.02856,-1.88550,-2.00000,157.7023,-53.8015,-29.2443
371680065,-2.00000,-2.00000,-2.00000,10.9389,-250.1374,9.1985,-0.03967,-1.87280,-2.00000,159.0611,-42.8626,-29.9084
371681065,-2.00000,-2.00000,-2.00000,-23.4275,-250.1374,15.2290,-0.05127,-1.86108,-2.00000,160.2901,-32.2748,-30.5573
371682065,-2.00000,-2.00000,-2.00000,-63.0229,-250.1374,12.9008,-0.06396,-1.85095,-2.00000,161.4351,-22.0382,-31.1908
371683065,-2.00000,-0.80200,-2.00000,-52.6641,-250.1374,1.9160,-0.07678,-1.84094,-2.00000,162.5267,-12.1679,-31.8168
371684068,-2.00000,0.33252,-2.00000,-19.4122,-250.1374,0.7557,-0.08899,-1.83118,-2.00000,163.5420,-2.7481,-32.4504
371685064,-2.00000,-1.42664,-2.00000,1.0000,-224.9008,2.9847,-0.10083,-1.82288,-2.00000,164.5191,6.2061,-33.0458
371686069,-2.00000,-2.00000,-2.00000,40.9618,-201.3282,-23.2977,-0.11267,-1.81543,-2.00000,165.4580,14.7023,-33.6336
371687068,-2.00000,-2.00000,-2.00000,115.3359,-183.2214,-80.6718,-0.12476,-1.80896,-2.00000,166.3817,22.7405,-34.2214
371688068,-2.00000,-2.00000,-2.00000,178.2977,-174.3740,-135.2824,-0.13672,-1.80273,-2.00000,167.3206,30.2901,-34.8321
371689067,-2.00000,-2.00000,-2.00000,205.4275,-163.4580,-161.3206,-0.14844,-1.79700,-2.00000,168.2443,37.3282,-35.4046
371690067,-2.00000,-1.28967,-2.00000,208.9618,-158.0763,-157.7710,-0.15955,-1.79175,-2.00000,169.1145,43.8168,-35.9542
371691068,-2.00000,-1.01404,-1.93018,184.4733,-143.5115,-133.6031,-0.16956,-1.78552,-2.00000,169.9084,49.7786,-36.4351
371692068,-1.79602,-0.98340,-1.83716,123.4733,-131.1985,-99.6947,-0.17981,-1.77734,-2.00000,170.5649,55.1603,-36.8779
371693068,-2.00000,-0.68542,-2.00000,61.9084,-148.5954,-63.5954,-0.18970,-1.76782,-2.00000,171.0305,59.9618,-37.2977
371694067,-2.00000,-0.36951,-2.00000,42.3664,-164.5420,-39.1527,-0.19849,-1.75757,-1.99561,171.2901,64.1527,-37.7176
371695068,-1.67944,0.10132,-2.00000,64.7252,-171.0992,-34.6183,-0.20752,-1.74573,-1.95752,171.2519,67.6489,-38.0992
371696068,-1.59473,0.72009,-2.00000,88.2748,-187.7252,-35.7557,-0.21570,-1.73279,-1.91870,170.8626,70.5038,-38.4275
371697067,-2.00000,1.04919,-2.00000,107.3511,-197.3359,-35.8550,-0.22266,-1.71936,-1.87830,170.0763,72.7481,-38.7328
371698068,-2.00000,0.67102,-2.00000,157.9924,-183.8779,-51.4275,-0.22913,-1.70508,-1.83728,168.8092,74.3282,-38.9542
371699068,-2.00000,-0.35974,-2.00000,243.6336,-149.5191,-86.1756,-0.23584,-1.68970,-1.79736,166.9924,75.2443,-39.1069
371700068,-2.00000,-1.49341,-2.00000,250.1298,-108.4351,-122.6870,-0.24243,-1.67371,-1.75903,164.6412,75.5115,-39.2061
371701068,-2.00000,-2.00000,-2.00000,250.1298,-54.9313,-146.7634,-0.24792,-1.65820,-1.72168,161.7557,75.1527,-39.2519
371702067,-2.00000,-2.00000,-2.00000,250.1298,8.4580,-152.2443,-0.25354,-1.64270,-1.68640,158.3282,74.2061,-39.1908
371703068,-2.00000,-2.00000,-2.00000,250.1298,61.0000,-141.0992,-0.25818,-1.62744,-1.65356,154.3893,72.7099,-39.0305
371704068,-2.00000,-1.89917,-2.00000,249.4733,93.8626,-116.7557,-0.26160,-1.61279,-1.62146,149.9618,70.6718,-38.7786
371705067,-1.53882,-1.59155,-1.31738,187.3817,97.7023,-84.1450,-0.26416,-1.59937,-1.59045,145.0534,68.1679,-38.4809
371706067,-1.04382,-0.66223,-1.50366,112.4809,74.2595,-47.9618,-0.26453,-1.58752,-1.56067,139.7176,65.1985,-38.1069
371707067,-0.82617,0.35486,-1.81714,54.6565,35.7863,-15.6336,-0.26221,-1.57703,-1.53101,134.0229,61.8168,-37.5954
371708068,-0.33142,0.38745,-1.46228,67.3282,-11.4504,-4.1221,-0.25818,-1.56738,-1.50293,128.0687,58.0611,-36.9847
371709067,0.26953,0.03784,-0.53809,154.8397,-59.0153,-25.4427,-0.25244,-1.55847,-1.47632,121.8626,53.9924,-36.2977
371710067,-0.32141,-0.10522,-0.53503,238.6336,-117.1374,-54.4122,-0.24500,-1.54993,-1.45020,115.4504,49.6794,-35.5267
371711067,-1.43787,-0.57092,-2.00000,250.1298,-144.6031,-73.9847,-0.23657,-1.54187,-1.42627,108.9847,45.1756,-34.6336
371712067,-2.00000,-1.14954,-2.00000,250.1298,-121.4809,-96.9313,-0.22742,-1.53503,-1.40466,102.5725,40.5725,-33.6641
371713068,-2.00000,-1.32739,-2.00000,250.1298,-82.9008,-129.4427,-0.20642,-1.52368,-1.36145,89.8931,31.2061,-31.4580
371714068,-2.00000,-1.12781,-2.00000,250.1298,-29.4427,-159.4580,-0.19360,-1.51880,-1.33752,83.7023,26.5267,-30.2366
371715068,-2.00000,-1.30481,-2.00000,250.1298,22.4580,-166.0992,-0.17957,-1.51514,-1.31189,77.7099,21.9466,-28.9771
371716068,-2.00000,-1.51208,-2.00000,250.1298,65.1374,-150.1221,-0.16602,-1.51257,-1.28613,71.9618,17.5191,-27.6565
371717067,-2.00000,-1.12158,-2.00000,250.1298,108.4275,-123.0611,-0.15198,-1.51062,-1.25952,66.5038,13.2824,-26.2824
371718068,-2.00000,-0.87183,-2.00000,250.1298,150.7481,-93.7634,-0.13684,-1.50781,-1.23132,61.3130,9.2595,-24.9084
371719067,-2.00000,-1.23694,-2.00000,250.1298,177.4427,-66.6260,-0.12012,-1.50525,-1.20166,56.4275,5.5038,-23.5267
371720067,-2.00000,-2.00000,-1.89392,208.6260,180.0992,-47.6718,-0.10229,-1.50354,-1.16931,51.8702,2.0611,-22.1679
371721068,-2.00000,-2.00000,0.20105,157.1832,209.2366,-46.4427,-0.08496,-1.50220,-1.13684,47.6412,-1.0229,-20.8092
371722068,0.31677,-1.17053,1.99994,72.3359,250.1298,-51.7481,-0.06812,-1.50122,-1.10583,43.7328,-3.7557,-19.4580
371723068,1.99994,0.35461,1.99994,-32.9466,250.1298,-36.7939,-0.05066,-1.49976,-1.07434,40.1221,-6.1374,-18.1221
371724067,1.99994,1.92603,1.99994,-106.6641,248.9084,-4.9924,-0.03345,-1.49719,-1.04224,36.7939,-8.1756,-16.8244
371725067,1.99994,1.91846,1.13416,-48.9924,57.7710,17.8092,-0.01648,-1.49426,-1.00989,33.7405,-9.7939,-15.5802
371726065,1.99994,-0.28076,1.99994,82.9924,-118.9389,31.7023,-0.00037,-1.49133,-0.97815,30.9237,-11.0229,-14.3969
371727069,1.99994,-2.00000,1.99994,84.8931,-250.1374,79.3511,0.01428,-1.48767,-0.94751,28.3435,-11.8473,-13.3053
371728068,1.29382,-2.00000,0.31409,-63.8702,-250.1374,138.3130,0.02930,-1.48206,-0.91772,25.9924,-12.2824,-12.2824
371729067,-2.00000,-1.51135,-2.00000,-173.4962,-250.1374,168.4351,0.04614,-1.47681,-0.88855,23.8626,-12.3511,-11.2672
371730068,-2.00000,1.99994,-2.00000,-159.6870,-250.1374,192.2901,0.06201,-1.47095,-0.86047,21.9160,-12.0763,-10.3282
371731068,-2.00000,1.99994,-2.00000,-155.7481,-250.1374,228.6031,0.07739,-1.46509,-0.83350,20.1374,-11.4809,-9.4885
371732067,-2.00000,1.13611,-2.00000,-195.5496,-250.1374,250.1298,0.09192,-1.45923,-0.80493,18.5496,-10.5725,-8.7863
371733068,-2.00000,-2.00000,-2.00000,-143.1374,-250.1374,232.0076,0.10547,-1.45007,-0.77649,17.0992,-9.4427,-8.2214
371734068,-2.00000,-2.00000,-2.00000,-28.5496,-144.2824,137.5573,0.12012,-1.43994,-0.75122,15.7863,-8.0611,-7.7252
371735067,-2.00000,-2.00000,-2.00000,-7.6107,91.0153,56.3664,0.13501,-1.43127,-0.72766,14.6870,-6.4427,-7.2901
371736068,-2.00000,-2.00000,-2.00000,-31.9924,250.1298,-21.5725,0.14929,-1.42383,-0.70520,13.8015,-4.5878,-6.9237
371737068,-2.00000,-2.00000,-2.00000,21.6031,250.1298,-98.2061,0.16284,-1.41760,-0.68311,13.1069,-2.5038,-6.6489
371738068,-2.00000,-1.94226,-2.00000,119.0382,250.1298,-134.9237,0.17627,-1.41174,-0.66138,12.5878,-0.1985,-6.4733
371739068,-1.12671,-1.96155,-0.43237,143.7405,250.1298,-128.1298,0.18848,-1.40503,-0.63965,12.2748,2.2824,-6.3664
371740067,0.04614,-2.00000,1.12085,69.5420,250.1298,-89.7023,0.19910,-1.39783,-0.61841,12.1679,4.8855,-6.3130
371741067,1.23340,-2.00000,1.99994,-43.4885,250.1298,-36.7939,0.20898,-1.38953,-0.59851,12.2443,7.5954,-6.3206
371742067,1.99994,-0.30945,1.99994,-129.2672,250.1298,18.9466,0.21948,-1.38074,-0.57910,12.4962,10.4122,-6.3893
371743064,1.99994,0.67334,1.99994,-185.6565,222.0458,81.9618,0.23083,-1.37341,-0.55872,12.8931,13.2901,-6.5038
371744069,1.99994,0.74316,1.99994,-228.8168,100.1145,141.1450,0.24023,-1.36646,-0.53699,13.4275,16.1908,-6.6565
371745068,1.99994,0.37451,1.99994,-222.4351,12.4504,171.4351,0.24805,-1.35876,-0.51575,14.1145,19.1145,-6.8550
371746067,1.99994,-0.34241,1.99994,-159.1221,-55.1756,155.0076,0.25488,-1.35132,-0.49512,14.9466,22.0000,-7.0992
371747067,1.25256,-1.57568,1.99994,-72.1145,-138.6183,108.4885,0.25989,-1.34399,-0.47339,15.8779,24.8015,-7.3511
371748067,0.11023,-2.00000,1.99994,31.2901,-208.8092,43.5267,0.26355,-1.33667,-0.45203,16.8931,27.4962,-7.6260
371749068,-0.74695,-2.00000,1.75281,133.6260,-236.6870,-20.7328,0.26550,-1.32935,-0.43311,17.9847,30.0992,-7.9389
371750067,-1.25085,-2.00000,0.11279,179.4427,-231.3969,-62.1756,0.26599,-1.32141,-0.41541,19.1298,32.5725,-8.2595
371751068,-1.35596,-2.00000,-0.20581,147.7710,-186.6641,-74.0763,0.26550,-1.31335,-0.39795,20.3053,34.8931,-8.5573
371752067,-1.44397,-2.00000,-2.00000,-31.7786,-117.2595,-10.0305,0.26404,-1.30566,-0.38086,21.4656,37.0000,-8.8168
371753067,-2.00000,-1.49377,-2.00000,-102.7252,-101.1832,34.9695,0.26147,-1.29785,-0.36523,22.5954,38.8473,-9.0763
371754068,-2.00000,-1.57507,-2.00000,-153.2214,-63.4733,80.0687,0.25745,-1.28918,-0.35107,23.6870,40.4427,-9.3435
371755067,-2.00000,-1.78540,-2.00000,-229.3817,-21.8473,126.7252,0.25208,-1.28003,-0.33728,24.7710,41.7557,-9.6031
371756068,-2.00000,-1.78149,-2.00000,-250.1374,5.1298,163.7176,0.24561,-1.27112,-0.32458,25.8092,42.8244,-9.8473
371757068,-1.77722,-1.71765,-2.00000,-242.8779,23.8473,150.0076,0.23853,-1.26245,-0.31384,26.7863,43.6107,-10.0611
371758068,-1.59753,-1.56970,-2.00000,-128.9237,31.3053,93.7023,0.23120,-1.25342,-0.30273,27.6870,44.1145,-10.2443
371759068,-1.60437,-1.58508,-2.00000,-48.7328,24.6031,35.2061,0.22412,-1.24475,-0.29041,28.4733,44.3435,-10.3817
371760068,-1.60449,-1.39221,-2.00000,-10.5420,42.2137,-11.4198,0.21692,-1.23499,-0.27820,29.1603,44.2748,-10.4580
371761068,-1.13806,-1.10950,-1.80164,33.1603,80.7328,-48.5420,0.20874,-1.22412,-0.26697,29.7405,43.9389,-10.4504
371762068,-0.13293,-1.08264,-0.11780,80.8931,106.7328,-69.6260,0.20117,-1.21362,-0.25659,30.2214,43.3206,-10.3664
371763068,-0.05273,-1.01208,-0.13904,101.1603,98.0840,-72.6870,0.19385,-1.20349,-0.24744,30.5802,42.4351,-10.2366
371764067,-0.54443,-0.60266,-0.94897,78.7939,88.0840,-56.0763,0.18616,-1.19360,-0.23975,30.8168,41.3282,-10.0382
371765068,-0.23474,-0.37634,-0.27124,19.5878,108.6183,-20.7099,0.17871,-1.18408,-0.23279,30.9389,39.9771,-9.7557
371766067,0.11499,-0.74390,0.63452,-42.9237,112.9237,19.5496,0.17261,-1.17468,-0.22534,30.9466,38.4198,-9.4122
371767068,-0.04187,-1.18152,0.52722,-64.0916,91.1450,42.7939,0.16821,-1.16455,-0.21716,30.8550,36.6489,-9.0229
371768068,-0.13135,-1.24976,0.41980,-36.9237,62.8931,42.1908,0.16528,-1.15393,-0.20947,30.6412,34.6947,-8.5954
371769068,-0.20386,-1.23645,0.23486,-3.7939,34.6718,28.4885,0.16309,-1.14392,-0.20227,30.2977,32.5878,-8.0916
371770067,-0.37146,-1.55554,0.31738,11.0992,21.1832,11.8092,0.16150,-1.13440,-0.19397,29.8244,30.3282,-7.5038
371771067,-0.50879,-1.87244,0.78394,33.1985,24.4122,-12.6412,0.16089,-1.12585,-0.18567,29.2061,27.9237,-6.8702
371772067,-0.78516,-1.34131,0.33826,73.5802,26.6641,-44.8550,0.16052,-1.11792,-0.17859,28.4656,25.4122,-6.1832
371773067,-1.24634,-0.11401,-0.75720,106.6947,34.2290,-70.0840,0.16113,-1.10938,-0.17139,27.6489,22.7939,-5.4580
371774068,-1.18152,0.83948,-0.50806,122.7863,67.4962,-79.7328,0.16370,-1.10071,-0.16418,26.7786,20.0916,-4.6870
371775067,-0.35596,0.81970,0.94019,120.3282,110.0687,-71.1985,0.16663,-1.09229,-0.15759,25.8168,17.3435,-3.9008
371776067,0.10657,0.19922,1.82935,93.4733,126.1374,-49.0763,0.16846,-1.08398,-0.15137,24.7405,14.5725,-3.0611
371777067,0.02905,-0.16809,1.39966,66.5573,113.5496,-27.4733,0.17102,-1.07678,-0.14575,23.5878,11.7710,-2.2137
371778067,0.20569,-0.17236,1.16858,65.1985,104.1756,-15.9695,0.17480,-1.07117,-0.14026,22.4198,8.9389,-1.3435
371779067,0.66089,-0.30713,1.70435,72.9771,88.2214,-8.5038,0.17847,-1.06555,-0.13538,21.2443,6.1069,-0.4504
371780067,0.78821,-0.89148,1.94592,65.7252,51.4427,2.5496,0.18286,-1.05994,-0.13232,20.0382,3.2290,0.4733
371781067,0.31152,-1.68250,1.77930,44.2214,5.1756,14.1603,0.18774,-1.05493,-0.13013,18.7939,0.3282,1.3969
371782068,-0.11707,-1.76685,1.77905,23.2672,-19.6489,15.3664,0.19275,-1.05042,-0.12769,17.5267,-2.5267,2.2977
371783067,0.14856,-0.74475,1.99994,16.9924,-9.4046,5.7405,0.19812,-1.04565,-0.12610,16.2595,-5.3359,3.1985
371784067,0.09973,0.55847,1.99994,19.5649,1.1450,-0.0153,0.20398,-1.04089,-0.12585,14.9771,-8.0916,4.1069
371785067,-0.36304,0.82947,1.99994,5.3740,1.2977,12.6336,0.21082,-1.03528,-0.12585,13.6718,-10.8626,5.0382
371786068,-0.13782,0.03723,1.63660,-26.8244,15.2290,32.6260,0.21790,-1.02820,-0.12634,12.3435,-13.6107,5.9618
371787068,-0.07812,-0.72742,1.43127,-48.4275,20.3435,41.8702,0.22534,-1.02124,-0.12732,11.0000,-16.3053,6.8702
371788068,-0.23206,-0.95605,1.00195,-36.4275,14.1450,34.6947,0.23376,-1.01355,-0.12769,9.6489,-18.9084,7.7481
371789068,-0.02856,-0.68469,0.92261,-4.3740,1.6641,22.5725,0.24255,-1.00391,-0.12744,8.2748,-21.4351,8.6412
371790067,-0.20837,-0.59595,0.76758,11.4504,-30.1756,23.1069,0.25232,-0.99329,-0.12683,6.8702,-23.8550,9.5267
371791068,-0.49780,-0.93555,0.36865,3.9847,-53.5573,32.1298,0.26245,-0.98291,-0.12524,5.4275,-26.1908,10.3969
371792067,-0.45959,-1.31299,0.75549,-0.9695,-49.1374,33.9847,0.27307,-0.97266,-0.12354,3.9618,-28.4198,11.2290
371793067,-0.53333,-1.54517,1.39038,12.4962,-39.1603,25.9389,0.28418,-0.96216,-0.12280,2.4733,-30.5191,12.0153
371794068,-0.49622,-1.47424,1.63831,25.8321,-24.0229,16.4733,0.29492,-0.95081,-0.12195,0.9847,-32.4733,12.8092
371795067,-0.54065,-1.14026,1.31152,15.5267,-12.1221,14.4809,0.30554,-0.93872,-0.12061,-0.4885,-34.2748,13.5725
371796067,-0.80652,-1.00366,0.67041,-8.7328,0.4809,18.4885,0.31665,-0.92676,-0.12048,-1.9618,-35.9542,14.3053
371797068,-0.64417,-1.32556,0.86072,-17.4198,18.3130,18.2672,0.32837,-0.91492,-0.11951,-3.4275,-37.5115,15.0000
371798068,-0.31616,-1.75659,1.37793,-4.0458,16.3435,10.8092,0.34045,-0.90381,-0.11536,-4.8626,-38.9084,15.6641
371799068,-0.26624,-1.78772,1.36426,12.2977,-6.7099,1.6336,0.35168,-0.89404,-0.11023,-6.2366,-40.1298,16.2824
371800068,-0.23120,-1.37036,1.14392,13.6260,-29.3206,-2.4275,0.36243,-0.88379,-0.10547,-7.5802,-41.2137,16.8626
371801068,-0.06787,-0.95642,1.58826,1.0076,-38.1298,1.0611,0.37317,-0.87354,-0.09973,-8.9160,-42.1527,17.3969
371802067,0.10229,-0.87354,1.99994,-11.1985,-38.4656,8.2977,0.38306,-0.86511,-0.09338,-10.1985,-42.9237,17.9084
371803068,0.42053,-0.97522,1.99994,-14.1679,-38.2901,13.7099,0.39404,-0.85876,-0.08716,-11.4122,-43.5267,18.3969
371804067,0.49597,-0.87122,1.99994,-15.2443,-44.4046,16.1756,0.40662,-0.85388,-0.08044,-12.5191,-43.9313,18.8168
371805065,0.20190,-0.65002,1.99994,-21.3282,-53.3511,18.2214,0.41931,-0.84985,-0.07312,-13.5267,-44.1908,19.2061
371806069,0.36707,-0.75806,1.99994,-25.1069,-51.7710,19.4962,0.43225,-0.84729,-0.06458,-14.4122,-44.2901,19.5573
371807068,0.70825,-1.23376,1.99994,-23.5725,-63.2137,19.5267,0.44495,-0.84656,-0.05627,-15.1756,-44.2672,19.8550
371808068,0.54285,-1.61316,1.99994,-20.1298,-95.0763,16.4885,0.45764,-0.84692,-0.04761,-15.8168,-44.0687,20.0916
371809067,0.19324,-1.47498,1.99994,-13.3740,-121.6870,9.6031,0.47119,-0.84753,-0.03906,-16.2748,-43.6718,20.3053
371810067,-0.00134,-1.04309,1.93286,-8.7939,-134.9237,5.4733,0.48572,-0.84888,-0.03210,-16.5344,-43.0840,20.4656
371811067,-0.09619,-0.73315,1.83618,-18.6870,-138.7786,10.2672,0.51392,-0.85669,-0.01990,-16.6183,-41.4198,20.6794
371812067,-0.28821,-0.60413,1.39050,-38.7176,-142.6794,21.1221,0.52771,-0.86230,-0.01331,-16.3740,-40.3435,20.7252
371813067,-0.48181,-0.51660,0.57581,-54.5191,-141.9618,30.6031,0.54102,-0.86755,-0.00647,-15.9237,-39.0763,20.7481
371814067,-0.57715,-0.12744,0.35522,-65.4809,-128.9618,35.0305,0.55396,-0.87207,0.00073,-15.3130,-37.6183,20.7405
371815067,-0.55383,0.26050,0.89111,-77.0229,-108.0382,41.1221,0.56653,-0.87659,0.00757,-14.5344,-36.0076,20.7176
371816067,-0.38525,-0.21069,1.22473,-88.0992,-92.3893,53.4885,0.57739,-0.88123,0.01465,-13.6107,-34.2443,20.6641
371817065,-0.35754,-1.35852,1.09021,-91.0840,-88.8168,62.8168,0.58789,-0.88464,0.02185,-12.5573,-32.3359,20.5649
371818069,-0.30554,-2.00000,0.98364,-80.1832,-87.5420,58.0229,0.59875,-0.88660,0.02869,-11.3817,-30.2901,20.3969
371819068,0.02405,-1.96851,1.37842,-68.7710,-80.5954,45.6412,0.60889,-0.88843,0.03357,-10.0916,-28.1298,20.1908
371820067,0.27917,-1.27698,1.77734,-73.0305,-85.0076,40.3511,0.61731,-0.89062,0.03699,-8.7405,-25.8931,19.9771
371821068,0.29248,-0.75244,1.75098,-83.0229,-101.8550,44.0229,0.62415,-0.89380,0.04211,-7.3282,-23.5725,19.7710
371822067,0.17004,-0.83142,1.56079,-86.2519,-124.9771,51.1145,0.63049,-0.89673,0.04907,-5.8626,-21.1832,19.4962
371823067,0.06738,-1.52502,1.27869,-91.1450,-144.3130,57.1069,0.63611,-0.89893,0.05542,-4.3664,-18.7252,19.1679
371824067,-0.12866,-2.00000,1.22717,-103.3740,-152.7634,57.1527,0.64099,-0.90027,0.06226,-2.8397,-16.2137,18.8244
371825068,-0.36572,-1.92371,0.96741,-105.1069,-157.2595,48.5420,0.64587,-0.90137,0.06689,-1.3206,-13.6031,18.4580
371826067,-0.47461,-1.07568,0.54211,-85.2824,-156.4733,34.4275,0.64978,-0.90320,0.06885,0.1985,-10.9847,18.0687
371827067,-0.66467,-0.59753,0.20129,-65.2137,-155.0916,27.2443,0.65247,-0.90527,0.07251,1.7023,-8.3740,17.6489
371828067,-0.68420,-0.93127,-0.06702,-60.9924,-145.7863,27.1221,0.65515,-0.90796,0.07751,3.2137,-5.7557,17.1908
371829067,-0.65698,-1.36633,0.12598,-55.9847,-130.3893,22.2977,0.65698,-0.91077,0.08191,4.7405,-3.1298,16.6947
371830068,-0.77869,-1.54077,0.02405,-37.6260,-123.7405,11.0916,0.65833,-0.91223,0.08459,6.2366,-0.5496,16.1679
371831068,-0.70422,-1.39966,-0.09009,-18.4885,-115.8092,0.5115,0.65894,-0.91235,0.08582,7.6794,1.9847,15.6260
371832068,-0.67053,-0.99072,-0.08228,-15.5802,-115.3435,-0.6870,0.65869,-0.91321,0.08728,9.0687,4.4504,15.1069
371833067,-0.62964,-0.72583,-0.22485,-35.4656,-113.9313,10.0076,0.65808,-0.91492,0.08813,10.3588,6.8321,14.5649
371834067,-0.45142,-0.73010,-0.15100,-65.9771,-113.1374,25.1679,0.65674,-0.91687,0.08826,11.5802,9.1069,13.9771
371835067,-0.40466,-0.52893,-0.16345,-84.1832,-118.1450,33.5649,0.65466,-0.91968,0.08887,12.7405,11.2977,13.3588
371836065,-0.40515,0.01587,-0.09216,-88.5267,-120.7328,36.8473,0.65198,-0.92224,0.09045,13.8092,13.3817,12.7252
371837065,-0.44861,0.22388,-0.12659,-94.8473,-124.7328,44.0687,0.64893,-0.92468,0.09375,14.7710,15.3282,12.0992
371838069,-0.57068,-0.31470,-0.33716,-103.3969,-126.5344,53.7557,0.64563,-0.92773,0.09692,15.6183,17.1221,11.4351
371839068,-0.76050,-0.96240,-0.54565,-97.4656,-124.9771,54.5649,0.64209,-0.93079,0.09851,16.3588,18.8015,10.7557
371840068,-0.88074,-1.01428,-0.68359,-73.0000,-118.5802,43.3130,0.63831,-0.93408,0.10034,17.0076,20.3511,10.0687
371841068,-0.76514,-0.76550,-0.63757,-45.7099,-105.9008,30.2901,0.63513,-0.93750,0.10242,17.5496,21.7710,9.4046
371842068,-0.67273,-0.64050,-0.55603,-35.0763,-93.5267,24.9771,0.63257,-0.94043,0.10413,17.9618,23.0687,8.7710
371843068,-0.60950,-0.64758,-0.54663,-43.5115,-83.5191,27.2977,0.62964,-0.94287,0.10767,18.2443,24.2290,8.1603
371844067,-0.51355,-0.74817,-0.57690,-55.9313,-76.7786,31.0382,0.62695,-0.94507,0.11316,18.3969,25.2137,7.5420
371845067,-0.52515,-0.91406,-0.61060,-62.5573,-76.1756,32.5420,0.62463,-0.94751,0.11792,18.4122,26.0382,6.9542
371846067,-0.49280,-1.03894,-0.44116,-65.4046,-77.1832,32.6718,0.62146,-0.94971,0.12061,18.3588,26.7176,6.4122
371847068,-0.49060,-0.94226,-0.22583,-69.1527,-81.8244,32.9008,0.61829,-0.95203,0.12195,18.2519,27.2519,5.9084
371848068,-0.63220,-0.37500,-0.44861,-72.8855,-88.9771,31.5725,0.61646,-0.95508,0.12512,18.0687,27.6565,5.4198
371849068,-0.69226,0.45898,-0.60559,-65.0076,-89.9695,28.1679,0.61450,-0.95813,0.12988,17.8015,27.9542,4.9313
371850067,-0.55310,0.72034,-0.56165,-30.8550,-91.1221,21.9313,0.61157,-0.96021,0.13354,17.4580,28.1221,4.4351
371851068,-0.57947,0.27026,-0.81421,19.5802,-99.1756,12.0534,0.60852,-0.96057,0.13635,17.0534,28.1145,3.9313
371852068,-0.88281,-0.18066,-1.43921,53.2443,-108.1450,2.5573,0.60657,-0.95911,0.13879,16.5649,27.9924,3.4427
371853067,-1.07605,-0.31445,-2.00000,62.2748,-105.2748,-2.7481,0.60522,-0.95605,0.14197,16.0153,27.7405,2.9618
371854067,-1.30310,-0.51685,-2.00000,65.4504,-96.9160,-4.2519,0.60339,-0.95264,0.14539,15.3511,27.3435,2.4809
371855068,-1.45752,-0.94421,-2.00000,75.9389,-88.2366,-4.5573,0.60193,-0.94958,0.14868,14.5878,26.8321,1.9771
371856067,-1.46191,-1.20544,-2.00000,85.3893,-77.3664,-4.5344,0.60059,-0.94690,0.15259,13.7634,26.2214,1.4733
371857067,-1.55530,-1.24963,-2.00000,70.7176,-64.5573,0.4656,0.59912,-0.94409,0.15747,12.8931,25.4962,1.0153
371858068,-1.55237,-1.27051,-2.00000,28.7939,-40.9008,10.7786,0.59717,-0.94006,0.16284,11.9466,24.6489,0.5954
371859067,-1.52002,-1.29199,-2.00000,-7.0916,-19.8168,18.4198,0.59497,-0.93530,0.16687,10.9618,23.6947,0.1832
371860067,-1.45483,-1.29590,-2.00000,-13.6565,-8.7863,17.2519,0.59290,-0.92993,0.17004,9.9466,22.6412,-0.2519
371861068,-1.34863,-1.08911,-2.00000,-7.7939,-8.3053,10.8244,0.59143,-0.92383,0.17444,8.9237,21.5115,-0.6794
371862067,-1.36670,-0.67810,-2.00000,-6.6107,-12.0382,5.9542,0.58984,-0.91870,0.17920,7.8779,20.2748,-1.0840
371863067,-1.33044,-0.52686,-2.00000,-5.4122,-6.0000,4.5267,0.58801,-0.91431,0.18311,6.8168,18.9466,-1.5038
371864067,-1.03271,-0.75598,-1.38281,2.4275,5.0763,3.8626,0.58679,-0.90918,0.18665,5.7481,17.5420,-1.9389
371865067,-0.95337,-0.83325,-1.07666,18.5725,8.7557,-0.3511,0.58630,-0.90344,0.19080,4.6870,16.1069,-2.3740
371866067,-1.20935,-0.50720,-1.72144,47.6489,6.9542,-9.5038,0.58594,-0.89758,0.19592,3.6641,14.6718,-2.7939
371867067,-1.26416,-0.22314,-1.97913,76.6412,16.7405,-17.6183,0.58521,-0.89197,0.20264,2.6794,13.1985,-3.2137
371868067,-1.24316,-0.56946,-1.55701,75.0611,24.2824,-13.3435,0.58435,-0.88660,0.21045,1.7328,11.6565,-3.6412
371869067,-1.17065,-1.34619,-1.46545,48.3817,25.3893,-3.2214,0.58374,-0.88135,0.21802,0.8550,10.1145,-4.0687
371870067,-1.11597,-1.74194,-1.24463,36.2519,26.3664,-4.0534,0.58337,-0.87476,0.22595,0.0229,8.6031,-4.4809
371871067,-1.13611,-1.61279,-0.93457,48.8473,25.5267,-15.2748,0.58313,-0.86755,0.23462,-0.7481,7.0916,-4.8855
371872067,-0.99536,-1.30334,-0.62378,54.2366,31.8473,-22.6947,0.58264,-0.86157,0.24292,-1.4427,5.5878,-5.2595
371873067,-1.05896,-1.15637,-0.78345,39.5649,31.0153,-19.5725,0.58142,-0.85608,0.25024,-2.0840,4.1069,-5.6183
371874067,-1.14612,-1.20813,-1.09448,28.6336,33.9847,-16.4733,0.58057,-0.85059,0.25806,-2.6794,2.6794,-5.9695
371875068,-0.94336,-1.34998,-0.68921,38.9084,40.8931,-21.6260,0.58020,-0.84448,0.26514,-3.1908,1.2672,-6.3130
371876067,-0.82129,-1.42297,-0.33191,56.0840,40.9313,-31.1756,0.57898,-0.83789,0.27148,-3.6336,-0.1298,-6.5954
371877067,-0.82739,-1.18652,-0.27588,62.7405,39.8168,-37.5267,0.57727,-0.83093,0.27795,-4.0229,-1.4962,-6.8931
371878068,-0.86865,-0.84888,-0.36572,59.3664,39.1985,-38.1527,0.57544,-0.82385,0.28357,-4.3740,-2.8244,-7.1450
371879068,-0.86926,-0.81970,-0.29370,55.8092,42.4351,-35.3588,0.57300,-0.81750,0.28833,-4.6565,-4.1145,-7.3130
371880068,-0.92603,-2.00000,-0.24097,57.7634,43.7786,-29.7786,0.57031,-0.81128,0.29321,-4.8855,-5.3588,-7.4427
371881068,-1.04272,-2.00000,-0.68921,44.4733,43.3511,-30.4122,0.56787,-0.80396,0.29797,-5.0916,-6.5420,-7.5267
371882068,-1.01135,-2.00000,-0.80298,19.3969,51.4656,-35.6336,0.56506,-0.79651,0.30212,-5.2977,-7.6870,-7.5802
371883068,-0.80310,-0.78784,-0.22961,-2.1679,64.5725,-39.4427,0.56140,-0.78955,0.30530,-5.4885,-8.8092,-7.5802
371884068,-0.60620,-0.10059,0.33130,-13.1374,67.2901,-34.0153,0.55786,-0.78064,0.30896,-5.6794,-9.9313,-7.5267
371885068,-0.54260,-0.58972,0.33972,-15.9084,60.5725,-25.5191,0.55542,-0.77148,0.31409,-5.8626,-11.0382,-7.4427
371886067,-0.61682,-1.25378,0.04590,-12.3664,55.4351,-25.3740,0.55334,-0.76477,0.31860,-6.0687,-12.1145,-7.3359
371887067,-0.67554,-1.34460,-0.08301,-8.0763,60.2519,-33.4656,0.55054,-0.75745,0.32288,-6.3053,-13.1450,-7.1374
371888067,-0.57800,-0.95190,0.17639,-4.6870,69.1908,-41.3435,0.54736,-0.74866,0.32751,-6.5496,-14.1527,-6.8702
371889067,-0.51514,-0.65393,0.49280,4.0153,70.1985,-42.1145,0.54443,-0.73926,0.33167,-6.7786,-15.1527,-6.5878
371890067,-0.57520,-1.06677,0.50391,16.4198,62.4580,-35.8931,0.54187,-0.73083,0.33484,-7.0153,-16.1374,-6.3053
371891067,-0.64307,-1.88586,0.21509,17.8779,56.0840,-30.2519,0.53870,-0.72375,0.33655,-7.2443,-17.0687,-6.0305
371892067,-0.64185,-1.94836,0.03601,3.1221,58.4962,-31.5954,0.53613,-0.71631,0.33728,-7.4351,-17.9618,-5.7176
371893067,-0.44275,-0.91809,0.42786,-18.4809,67.9542,-35.3740,0.53491,-0.71008,0.33740,-7.6107,-18.8168,-5.3817
371894067,-0.19922,-0.01855,0.99146,-38.3664,69.5878,-30.6336,0.53369,-0.70459,0.33716,-7.7939,-19.6336,-5.0000
371895067,-0.32532,-0.14551,0.87915,-52.9160,57.0916,-19.2519,0.53210,-0.69922,0.33606,-7.9313,-20.3893,-4.6107
371896067,-0.46851,-0.79712,0.56470,-55.5649,50.8168,-14.2061,0.53015,-0.69421,0.33276,-8.0000,-21.0916,-4.2137
371897068,-0.29968,-1.14709,0.96313,-47.8092,58.8244,-21.0076,0.52771,-0.68970,0.32910,-8.0000,-21.7710,-3.7939
371898068,-0.18567,-0.96326,1.32922,-36.0916,61.4885,-32.0153,0.52576,-0.68640,0.32690,-7.9542,-22.4122,-3.3359
371899067,-0.08191,-0.39014,1.12476,-13.4962,57.6718,-43.1832,0.52441,-0.68518,0.32520,-7.8855,-23.0076,-2.8855
371900067,-0.05859,0.23132,1.07117,19.1221,49.5420,-50.9466,0.52283,-0.68372,0.32324,-7.7481,-23.5344,-2.4122
371901067,-0.04614,0.40051,1.15393,38.3282,41.6412,-51.1069,0.52161,-0.68152,0.32007,-7.5344,-23.9847,-1.9313
371902068,0.14783,0.12964,1.27661,36.8473,40.6412,-45.6489,0.52100,-0.67993,0.31604,-7.2824,-24.3435,-1.4427
371903068,0.20911,-0.22766,1.34387,33.4656,35.9924,-41.2366,0.52112,-0.67908,0.31299,-6.9924,-24.6412,-0.9160
371904068,0.37219,-0.45007,1.32825,35.3282,32.2443,-39.2977,0.52124,-0.67834,0.30945,-6.6641,-24.8626,-0.3664
371905068,0.29736,-0.19910,1.10986,27.7023,24.1985,-37.0916,0.52161,-0.67773,0.30493,-6.2977,-25.0305,0.1756
371906068,-0.14551,0.45581,0.60596,8.2824,17.8626,-30.5573,0.52258,-0.67822,0.30164,-5.9466,-25.1832,0.7176
371907068,-0.08557,0.47876,0.69238,-10.8779,23.5191,-16.6718,0.52368,-0.67896,0.29907,-5.6260,-25.2748,1.2672
371908067,-0.01489,-0.48975,0.86011,-25.8321,17.4351,-1.0458,0.52478,-0.68030,0.29541,-5.3435,-25.2672,1.8321
371909068,-0.17297,-1.30420,0.46350,-35.1908,9.0992,4.3588,0.52527,-0.68225,0.29114,-5.0382,-25.2137,2.3969
371910067,-0.22644,-0.87354,0.15149,-35.6336,11.4122,-2.3435,0.52783,-0.68616,0.28101,-4.4504,-25.0153,3.5954
371911068,-0.27222,0.17175,0.19910,-34.6183,19.5420,-6.6260,0.52954,-0.68970,0.27576,-4.2061,-24.8702,4.1603
371912068,-0.09326,0.63745,0.81873,-39.0534,34.7710,-0.1374,0.53186,-0.69360,0.27039,-3.9847,-24.6718,4.6870
371913068,0.04224,0.28308,1.27747,-43.7557,40.9008,12.3664,0.53406,-0.69714,0.26465,-3.7863,-24.4122,5.2290
371914068,-0.05542,-0.55737,1.04297,-44.3893,41.0076,20.4122,0.53528,-0.70032,0.25867,-3.6183,-24.1221,5.7634
371915068,-0.00842,-1.17932,0.84351,-43.9847,45.8550,18.8092,0.53674,-0.70410,0.25305,-3.4809,-23.8321,6.2519
371916067,0.13245,-1.08704,0.91711,-45.6260,46.7786,12.4962,0.53845,-0.70764,0.24719,-3.3588,-23.5496,6.6947
371917067,0.21948,-0.48950,1.03833,-49.6565,36.5344,9.8550,0.54004,-0.71155,0.24084,-3.2443,-23.2595,7.1221
371918067,0.27393,-0.07275,1.14758,-53.5344,18.8931,13.3740,0.54285,-0.71594,0.23523,-3.1603,-22.9389,7.5267
371919068,0.22717,-0.18567,1.34094,-52.5038,2.1832,18.4351,0.54541,-0.72070,0.22961,-3.1069,-22.6107,7.9466
371920068,0.23254,-0.55090,1.62280,-48.1450,-3.5649,20.5038,0.54675,-0.72632,0.22351,-3.0687,-22.2672,8.3511
371921067,0.19324,-0.82520,1.58337,-50.3053,-4.6336,21.5802,0.54944,-0.73206,0.21631,-3.0382,-21.9084,8.7176
371922068,-0.03760,-0.88257,1.06909,-57.1374,-5.3282,23.2137,0.55261,-0.73743,0.20923,-3.0229,-21.5649,9.0458
371923068,-0.12000,-0.74463,0.72620,-55.8397,-1.4122,23.0763,0.55432,-0.74243,0.20349,-3.0458,-21.2214,9.3206
371924067,-0.06860,-0.55603,0.70569,-47.4122,0.9847,21.6565,0.55554,-0.74683,0.19727,-3.0840,-20.8855,9.5725
371925067,-0.09265,-0.47546,0.66687,-42.6641,-1.6641,22.0840,0.55688,-0.75183,0.19128,-3.1221,-20.5649,9.7786
371926067,-0.10010,-0.53699,0.66125,-42.0382,-5.0305,23.9008,0.55798,-0.75793,0.18604,-3.1527,-20.2290,9.9618
371927068,-0.06433,-0.72729,0.76062,-42.5267,-6.7099,25.1298,0.55835,-0.76392,0.18127,-3.2061,-19.8779,10.1298
371928067,-0.03516,-0.96191,0.82751,-44.5191,-6.4656,24.5725,0.55920,-0.76965,0.17639,-3.2672,-19.5573,10.2824
371929067,-0.04797,-1.05847,0.72876,-44.9313,-7.0382,21.9313,0.56042,-0.77588,0.17139,-3.3435,-19.2672,10.3969
371930067,-0.07373,-0.96326,0.57056,-43.2901,-8.5191,19.1679,0.56152,-0.78284,0.16602,-3.4198,-18.9771,10.4809
371931067,-0.07300,-0.82617,0.49695,-44.3740,-10.5038,18.6794,0.56262,-0.78992,0.16003,-3.4885,-18.6794,10.5420
371932067,-0.08838,-0.80066,0.46887,-46.2977,-12.8168,19.7786,0.56335,-0.79700,0.15381,-3.5878,-18.3588,10.5802
371933068,-0.11597,-0.85510,0.48767,-43.1832,-14.6489,19.8244,0.56360,-0.80408,0.14795,-3.7023,-18.0229,10.5878
371934067,-0.12671,-0.87964,0.53308,-37.3893,-16.2137,18.6794,0.56384,-0.81104,0.14233,-3.8397,-17.6718,10.5573
371935065,-0.15503,-0.85535,0.49011,-35.1298,-16.9542,18.0076,0.56458,-0.81848,0.13635,-3.9847,-17.3053,10.5267
371936065,-0.20105,-0.77673,0.34656,-36.7557,-15.7557,17.9313,0.56592,-0.82605,0.13013,-4.1374,-16.9466,10.4809
371937068,-0.20874,-0.64026,0.26257,-38.2748,-13.1145,17.6336,0.56738,-0.83337,0.12402,-4.2901,-16.5802,10.4122
371938067,-0.18835,-0.56824,0.27441,-37.6412,-12.0687,17.7863,0.56775,-0.84045,0.11792,-4.4580,-16.2061,10.3053
371939067,-0.17981,-0.68408,0.27136,-36.7939,-13.0840,19.0687,0.56726,-0.84705,0.11206,-4.6183,-15.8168,10.1832
371940067,-0.16833,-0.89099,0.27356,-37.9084,-13.4046,20.3130,0.56653,-0.85364,0.10486,-4.7634,-15.4198,10.0458
371941067,-0.14673,-0.99915,0.32336,-39.9237,-12.6183,20.2672,0.56641,-0.86035,0.09741,-4.9160,-15.0382,9.9008
371942067,-0.10669,-0.91016,0.41919,-40.0687,-11.5038,19.0229,0.56580,-0.86694,0.09070,-5.0763,-14.6565,9.7634
371943067,-0.07166,-0.70166,0.46826,-37.8092,-11.9389,18.1450,0.56445,-0.87402,0.08435,-5.2443,-14.2672,9.6260
371944065,-0.09277,-0.57227,0.38306,-35.0840,-13.9237,18.6565,0.56311,-0.88184,0.07861,-5.4275,-13.8702,9.4656
371945068,-0.13269,-0.61340,0.26941,-32.5496,-15.8092,19.5420,0.56165,-0.88977,0.07263,-5.5954,-13.4580,9.2824
371946067,-0.15393,-0.74158,0.23450,-29.1603,-17.0916,19.1069,0.55945,-0.89795,0.06677,-5.7252,-13.0534,9.1069
371947068,-0.17358,-0.83777,0.24048,-25.0840,-18.0305,17.2061,0.55615,-0.90613,0.06165,-5.8244,-12.6718,8.9466
371948067,-0.20837,-0.88916,0.21753,-21.7099,-18.3893,15.1908,0.55298,-0.91455,0.05627,-5.8779,-12.2977,8.7939
371949067,-0.24292,-0.96106,0.16907,-19.8397,-17.5573,14.2901,0.54968,-0.92371,0.05029,-5.9008,-11.9160,8.6260
371950067,-0.24402,-1.05078,0.14001,-20.3740,-14.9237,14.4351,0.54663,-0.93201,0.04407,-5.9084,-11.5344,8.4656
371951068,-0.23853,-1.09729,0.13110,-23.4733,-11.6947,15.0534,0.54346,-0.93933,0.03809,-5.8931,-11.1756,8.2901
371952067,-0.23987,-1.09241,0.12231,-26.9542,-8.5802,15.5725,0.53882,-0.94604,0.03357,-5.8626,-10.8168,8.1221
371953067,-0.21899,-1.05139,0.15344,-28.9008,-5.8931,15.5191,0.53394,-0.95227,0.02930,-5.8168,-10.4504,7.9695
371954067,-0.19995,-0.99048,0.20935,-29.4046,-4.8092,14.9771,0.52954,-0.95886,0.02515,-5.7634,-10.0992,7.8321
371955067,-0.19312,-0.96118,0.24927,-28.4122,-5.0000,13.9924,0.52551,-0.96558,0.02039,-5.7176,-9.7863,7.7252
371956067,-0.17822,-0.99231,0.27563,-25.1145,-5.8244,12.0229,0.52100,-0.97192,0.01416,-5.6641,-9.4733,7.5878
371957067,-0.16309,-1.02539,0.30981,-19.6412,-6.7099,8.6641,0.51575,-0.97717,0.00806,-5.5878,-9.1374,7.4351
371958068,-0.16345,-1.00574,0.33655,-13.5725,-7.4809,4.7786,0.51123,-0.98145,0.00183,-5.5267,-8.8015,7.2824
371959067,-0.16992,-0.97791,0.33362,-8.9695,-7.5725,1.9160,0.50684,-0.98621,-0.00549,-5.4809,-8.4962,7.1603
371960067,-0.17139,-0.99805,0.34058,-6.9160,-6.6107,0.7710,0.50134,-0.99084,-0.01343,-5.4580,-8.2443,7.0305
371961068,-0.16931,-1.03955,0.37341,-7.1298,-4.9389,0.8092,0.49487,-0.99536,-0.02124,-5.4427,-8.0076,6.9160
371962068,-0.15503,-1.03296,0.40649,-9.4733,-2.9084,1.4656,0.48755,-1.00000,-0.02954,-5.4885,-7.7786,6.7557
371963067,-0.13501,-0.95593,0.42517,-13.9084,-1.1679,2.7863,0.48059,-1.00464,-0.03821,-5.6107,-7.5573,6.5954
371964067,-0.11572,-0.84778,0.45581,-19.1145,-0.0153,4.6718,0.47400,-1.00916,-0.04810,-5.7557,-7.3511,6.4656
371965067,-0.08472,-0.76538,0.51733,-23.0687,0.2672,6.5878,0.46704,-1.01416,-0.05920,-5.8931,-7.1756,6.2977
371966067,-0.05994,-0.75061,0.57922,-24.5649,-0.8702,7.8931,0.46008,-1.02039,-0.07104,-6.0534,-7.0382,6.0992
371967067,-0.04956,-0.80530,0.62402,-23.1450,-2.7939,8.0305,0.45325,-1.02612,-0.08325,-6.2137,-6.9160,5.9008
371968068,-0.03650,-0.89819,0.66284,-19.5191,-4.7023,6.9618,0.44617,-1.03149,-0.09583,-6.3740,-6.7939,5.7252
371969068,-0.03027,-0.97852,0.68542,-15.3130,-6.4962,5.1145,0.43909,-1.03674,-0.10889,-6.5496,-6.6718,5.5267
371970068,-0.03687,-1.00452,0.68970,-11.8626,-7.8626,3.1450,0.43164,-1.04126,-0.12280,-6.7557,-6.5725,5.3053
371971068,-0.04285,-0.98486,0.69128,-9.9313,-8.5878,1.8092,0.42285,-1.04578,-0.13831,-7.0000,-6.4733,5.0382
371972067,-0.04578,-0.95288,0.68921,-10.1832,-8.9084,1.5496,0.41272,-1.05090,-0.15405,-7.2901,-6.3664,4.7710
371973067,-0.05920,-0.93945,0.65283,-12.4733,-9.4427,2.2595,0.40173,-1.05688,-0.16882,-7.6336,-6.2901,4.5267
371974067,-0.07495,-0.94788,0.59753,-15.5344,-10.0534,3.2214,0.39075,-1.06311,-0.18347,-8.0076,-6.2366,4.3130
371975067,-0.08032,-0.95581,0.58643,-18.0305,-10.5267,3.7405,0.37952,-1.07019,-0.19897,-8.4504,-6.2290,4.0916
371976067,-0.08777,-0.95789,0.59119,-19.5191,-11.4275,3.8015,0.36792,-1.07898,-0.21509,-8.9542,-6.2824,3.8550
371977068,-0.09741,-0.96069,0.57800,-20.0153,-12.5038,3.5573,0.35657,-1.08777,-0.23206,-9.5191,-6.3664,3.6336
371978068,-0.10913,-0.95862,0.55847,-19.1298,-13.6870,2.9160,0.34497,-1.09656,-0.24951,-10.1298,-6.4809,3.4198
371979068,-0.11475,-0.95166,0.53992,-17.0763,-14.4427,2.0229,0.33264,-1.10583,-0.26660,-10.7786,-6.6031,3.2366
371980068,-0.11145,-0.94873,0.52014,-15.0534,-14.8092,1.3053,0.32007,-1.11450,-0.28369,-11.4809,-6.7328,3.0458
371981068,-0.11768,-0.93518,0.49072,-13.9466,-15.0458,0.9160,0.30811,-1.12341,-0.30127,-12.2595,-6.8931,2.8779
371982068,-0.12769,-0.90015,0.45972,-14.0305,-14.9313,0.9771,0.29700,-1.13379,-0.31934,-13.0763,-7.0687,2.7405
371983068,-0.13599,-0.87622,0.43701,-15.5420,-14.5420,1.7023,0.28662,-1.14441,-0.33777,-13.9237,-7.2672,2.6718
371984068,-0.14575,-0.89893,0.42834,-17.9618,-14.0229,2.8855,0.27661,-1.15479,-0.35718,-14.8244,-7.4580,2.6565
371985068,-0.15552,-0.94836,0.42297,-19.9771,-13.5496,3.7405,0.26648,-1.16626,-0.37671,-15.7863,-7.6565,2.6718
371986067,-0.16614,-0.98157,0.41504,-20.7023,-13.3130,3.7252,0.25671,-1.17810,-0.39661,-16.7710,-7.8702,2.7252
371987067,-0.17261,-0.99780,0.41589,-20.0076,-13.2901,2.9618,0.24756,-1.19031,-0.41919,-17.7328,-8.0763,2.8244
371988067,-0.17017,-1.01697,0.43677,-18.1221,-13.3664,1.7252,0.23926,-1.20374,-0.44336,-18.6794,-8.2519,2.9542
371989067,-0.16235,-1.03381,0.46533,-15.3969,-13.7176,0.1527,0.23108,-1.21887,-0.46838,-19.6107,-8.4275,3.1374
371990067,-0.16406,-1.04370,0.47559,-12.2901,-14.4504,-1.5954,0.22241,-1.23596,-0.49426,-20.4962,-8.6107,3.3664
371991065,-0.13489,-1.06250,0.42834,-9.4427,-15.0840,-3.2901,0.21399,-1.25378,-0.51904,-21.2901,-8.8015,3.6107
371992065,-0.00696,-1.05005,0.42688,-7.5954,-14.2290,-5.1756,0.20630,-1.27075,-0.54395,-22.0076,-9.0000,3.8702
371993068,-0.02332,-0.82593,0.94653,-7.0763,-10.3130,-7.8931,0.19775,-1.28772,-0.57056,-22.6565,-9.1756,4.1679
371994068,-0.07471,-0.50623,1.67163,-8.7328,-3.0153,-8.6183,0.18909,-1.30542,-0.59790,-23.2443,-9.3282,4.5115
371995067,0.02380,-0.50146,1.81018,-14.2595,2.3130,-4.3282,0.18140,-1.32227,-0.62573,-23.7634,-9.4427,4.8626
371996067,-0.10156,-0.89526,1.79541,-17.7405,0.7252,0.5878,0.17432,-1.33887,-0.65576,-24.2290,-9.5344,5.2214
371997067,0.10657,-1.27673,1.99994,-12.5649,4.9237,-1.2366,0.16760,-1.35522,-0.68713,-24.6641,-9.5954,5.5725
371998067,0.77942,-1.09314,1.99994,-12.1374,10.0229,-6.0840,0.16052,-1.37048,-0.71765,-25.0763,-9.6336,5.9313
371999065,0.90906,-0.39954,1.99994,-24.4198,-7.7710,-5.3053,0.15295,-1.38574,-0.74719,-25.4656,-9.6565,6.2748
372000065,0.78625,0.14575,1.99994,-32.7786,-31.9618,0.9466,0.14648,-1.39954,-0.77576,-25.8092,-9.6031,6.5878
372001065,0.92334,-0.03931,1.99994,-31.4275,-54.0305,9.7176,0.14136,-1.41248,-0.80542,-26.1221,-9.4275,6.8626
372002065,0.85474,-0.66980,1.99994,-33.3130,-78.3740,16.5115,0.13574,-1.42432,-0.83728,-26.4275,-9.1527,7.0763
372003069,0.54565,-0.90784,1.99994,-39.7939,-96.6565,18.1145,0.13025,-1.43384,-0.86914,-26.7710,-8.8321,7.2748
372004068,0.28992,-0.44287,1.99994,-42.7557,-104.7863,16.4656,0.12549,-1.44238,-0.90063,-27.1679,-8.4351,7.4427
372005067,0.04175,0.06030,1.63403,-43.0076,-105.8015,18.6718,0.12048,-1.45142,-0.93201,-27.5954,-7.9160,7.5649
372006067,-0.29272,-0.20691,1.28101,-43.8092,-102.6794,25.7710,0.11487,-1.46021,-0.96277,-28.0611,-7.2748,7.6565
372007067,-0.56250,-1.10388,0.91077,-41.7710,-94.9084,30.4962,0.10852,-1.46802,-0.99231,-28.5725,-6.4809,7.7405
372008068,-0.74524,-1.91577,0.65735,-37.9160,-85.2137,27.6641,0.10242,-1.47534,-1.02185,-29.1221,-5.5267,7.8015
372009068,-0.85278,-2.00000,0.37354,-40.0076,-76.3893,20.4046,0.09106,-1.49170,-1.08215,-30.3740,-3.3206,7.8473
372010067,-0.74060,-1.97974,0.22290,-49.6489,-66.4122,13.7481,0.08557,-1.49951,-1.11401,-31.0763,-2.0840,7.8779
372011068,-0.65234,-1.36523,0.18140,-60.9466,-63.0534,10.4351,0.07935,-1.50769,-1.14575,-31.8244,-0.7634,7.8702
372012068,-0.41626,-1.14404,0.62134,-84.2137,-61.8931,19.0458,0.07312,-1.51660,-1.17493,-32.5954,0.6947,7.8168
372013067,-0.13818,-1.83118,1.69946,-93.7252,-53.5038,22.7023,0.06848,-1.52686,-1.20300,-33.3740,2.2977,7.7328
372014067,-0.03967,-1.89355,1.99097,-104.3206,-49.9237,19.5802,0.06433,-1.53845,-1.23108,-34.1374,4.0458,7.6031
372015067,-0.28491,-0.92383,0.83948,-112.8015,-58.9847,13.6641,0.06116,-1.55054,-1.25891,-34.8931,5.9237,7.4656
372016067,-0.45532,0.13867,-0.01733,-104.0687,-68.9618,9.8779,0.05798,-1.56250,-1.28650,-35.6718,7.9237,7.2672
372017067,-0.23352,0.33472,0.47803,-86.6336,-76.1450,11.2977,0.05554,-1.57422,-1.31238,-36.4504,10.0382,7.0305
372018067,0.07458,-0.21008,1.08105,-82.9695,-86.5954,17.3893,0.05383,-1.58557,-1.33813,-37.1985,12.2977,6.7710
372019068,-0.05676,-0.55591,0.82886,-87.2214,-101.2061,20.6947,0.05066,-1.59753,-1.36426,-37.9084,14.6947,6.4733
372020067,-0.34924,-0.22144,0.21106,-85.0763,-105.4046,19.2519,0.04736,-1.61060,-1.38940,-38.5725,17.2214,6.1603
372021067,-0.35779,0.35168,-0.05103,-84.7023,-95.4275,20.8931,0.04443,-1.62488,-1.41492,-39.1908,19.8321,5.8244
372022067,-0.47131,0.63391,-0.07239,-91.8550,-86.0076,29.0611,0.04163,-1.64038,-1.44250,-39.7634,22.5573,5.4809
372023067,-0.41956,0.46509,0.03174,-90.6641,-75.8702,36.5954,0.03894,-1.65491,-1.47119,-40.2366,25.4122,5.0992
372024067,-0.25708,0.22083,0.18225,-74.7481,-71.3893,36.1756,0.03613,-1.66882,-1.49866,-40.6107,28.3740,4.6718
372025067,-0.58350,-0.02368,0.03235,-58.5954,-77.1679,32.2977,0.03320,-1.68250,-1.52515,-40.9008,31.4046,4.1985
372026068,-0.96204,-0.57568,0.06042,-48.3206,-78.0229,29.2672,0.02905,-1.69556,-1.55078,-41.1221,34.4885,3.6718
372027068,-0.88306,-1.36792,0.42834,-37.1527,-76.0611,25.4809,0.02441,-1.70789,-1.57483,-41.2901,37.6489,3.1298
372028068,-0.54163,-2.00000,0.93567,-15.4885,-76.5649,15.7939,0.02026,-1.71936,-1.59839,-41.4046,40.9084,2.5420
372029068,-0.45288,-2.00000,1.21277,18.7557,-87.4198,-1.7023,0.01587,-1.73047,-1.62219,-41.4962,44.1985,1.9237
372030067,-0.61768,-2.00000,0.82446,41.7863,-101.7252,-17.9695,0.01111,-1.74121,-1.64636,-41.5496,47.5191,1.2672
372031068,-0.53174,-1.62842,0.25049,28.0611,-108.6489,-24.7863,0.00623,-1.75061,-1.67004,-41.6031,50.9237,0.6183
372032068,-0.31250,-0.68530,-0.10376,-1.8397,-113.5420,-25.1374,0.00110,-1.75818,-1.69409,-41.6794,54.3664,-0.0687
372033067,-0.54822,-0.14343,-0.55322,-12.3817,-128.8092,-22.8321,-0.00391,-1.76453,-1.71765,-41.8015,57.8168,-0.7634
372034067,-1.00659,-0.67151,-1.32837,-1.5344,-150.0458,-19.1221,-0.00879,-1.76965,-1.73901,-41.9771,61.2672,-1.5038
372035065,-1.17993,-1.61963,-1.51270,9.6870,-151.7939,-18.9389,-0.01392,-1.77466,-1.75977,-42.2366,64.7023,-2.2672
372036069,-1.41138,-1.62622,-1.55725,2.3817,-139.3511,-21.2672,-0.01965,-1.77917,-1.78162,-42.6489,68.1450,-3.0229
372037068,-1.65771,-0.51648,-2.00000,-20.5573,-114.6107,-19.7252,-0.02612,-1.78247,-1.80542,-43.2137,71.5954,-3.7328
372038067,-1.80835,0.66345,-2.00000,-27.7557,-87.0840,-14.4809,-0.03333,-1.78516,-1.83057,-43.9313,75.0382,-4.4580
372039068,-2.00000,0.92395,-2.00000,-8.2519,-66.5115,-7.0840,-0.04150,-1.78845,-1.85559,-44.8092,78.3969,-5.2290
372040068,-2.00000,0.29456,-2.00000,4.9466,-44.2290,2.5115,-0.05029,-1.79138,-1.88062,-45.8550,81.5954,-6.0000
372041068,-1.96301,-0.62903,-2.00000,-8.0458,-19.4427,12.6183,-0.05933,-1.79272,-1.90686,-47.0229,84.7863,-6.7863
372042067,-1.87012,-1.55005,-1.94409,-18.1298,0.5038,15.3740,-0.06885,-1.79370,-1.93359,-48.3664,87.8244,-7.5725
372043068,-1.51538,-1.80237,-1.81458,0.5115,10.9237,3.5038,-0.07910,-1.79492,-1.96106,-49.9160,90.6870,-8.3740
372044068,-1.48254,-1.34473,-2.00000,23.9542,3.1603,-10.7939,-0.09070,-1.79626,-1.98779,-51.6183,93.5573,-9.1221
372045068,-1.61841,-1.15820,-2.00000,22.6183,-4.4275,-14.5878,-0.10315,-1.79834,-2.00000,-53.4427,96.4046,-9.8626
372046068,-1.43628,-1.53113,-1.65234,5.4351,4.0611,-13.6412,-0.11560,-1.79944,-2.00000,-55.3893,99.1679,-10.6107
372047068,-1.24341,-2.00000,-0.38477,10.2137,6.8397,-21.2901,-0.12805,-1.79968,-2.00000,-57.4351,101.7786,-11.3740
372048068,-1.23401,-2.00000,-0.06946,60.2595,-3.1069,-42.8244,-0.14124,-1.80139,-2.00000,-59.5954,104.2977,-12.1374
372049067,-1.55469,-2.00000,-0.88672,117.8015,-23.6794,-65.7634,-0.15356,-1.80432,-2.00000,-61.8321,106.7252,-12.9237
372050068,-1.84460,-2.00000,-2.00000,122.7863,-33.9466,-78.6565,-0.16492,-1.80835,-2.00000,-64.1298,109.0687,-13.6947
372051068,-2.00000,-2.00000,-2.00000,87.7023,-31.9618,-84.3740,-0.17749,-1.81311,-2.00000,-66.5038,111.2901,-14.4351
372052068,-2.00000,-1.23877,-2.00000,76.2214,-26.4046,-91.9466,-0.19067,-1.81726,-2.00000,-68.9389,113.3817,-15.1908
372053068,-1.92236,-0.57104,-2.00000,103.7481,-11.2061,-100.3359,-0.20386,-1.82153,-2.00000,-71.4733,115.3664,-15.9542
372054068,-1.64417,-0.59375,-1.62256,123.5802,-0.1908,-101.9237,-0.21716,-1.82617,-2.00000,-74.0916,117.2901,-16.7252
372055068,-1.81152,-0.67468,-2.00000,100.7176,16.7328,-93.5420,-0.23071,-1.82996,-2.00000,-76.7710,119.1374,-17.4885
372056067,-1.86084,-0.43457,-2.00000,58.4656,54.4580,-82.9466,-0.24414,-1.83398,-2.00000,-79.5267,120.8779,-18.2290
372057068,-1.54858,-0.03613,-2.00000,42.6870,87.3664,-78.0153,-0.25769,-1.83875,-2.00000,-82.3817,122.5038,-18.9389
372058068,-1.25000,0.17065,-2.00000,61.2595,95.4504,-78.2214,-0.26990,-1.84290,-2.00000,-85.3435,124.0382,-19.6412
372059068,-1.42749,0.32812,-2.00000,84.2595,79.5420,-77.6031,-0.28040,-1.84680,-2.00000,-88.4580,125.4962,-20.3588
372060068,-1.42261,0.76978,-1.72717,86.4656,71.6718,-72.4427,-0.28931,-1.85071,-2.00000,-91.7481,126.9160,-21.0840
372061067,-0.95752,1.00415,-0.16296,68.7939,79.9542,-57.8473,-0.29700,-1.85437,-2.00000,-95.2214,128.3282,-21.7557
372062068,-0.71484,0.10291,0.99084,55.0458,75.4427,-37.6031,-0.30396,-1.85938,-2.00000,-98.8473,129.7252,-22.3511
372063067,-0.71863,-1.32520,0.49561,61.5115,56.8779,-27.4122,-0.31055,-1.86670,-2.00000,-102.6260,131.1679,-22.9084
372064068,-0.97449,-1.80334,-1.05627,73.5038,34.1374,-30.9847,-0.31738,-1.87488,-2.00000,-106.5344,132.6870,-23.4351
372065068,-1.57483,-1.38586,-2.00000,68.2901,18.9313,-35.4351,-0.32483,-1.88330,-2.00000,-110.5344,134.2748,-23.9237
372066068,-2.00000,-1.59717,-2.00000,50.2748,16.3740,-30.7176,-0.33325,-1.89209,-2.00000,-114.5802,135.9389,-24.3817
372067068,-2.00000,-2.00000,-2.00000,49.0534,12.3053,-30.8550,-0.34253,-1.90125,-2.00000,-118.6412,137.6183,-24.8626
372068067,-2.00000,-2.00000,-1.22595,81.8168,16.4656,-50.0534,-0.35034,-1.91064,-2.00000,-122.6794,139.3053,-25.3359
372069067,-2.00000,-2.00000,-0.79773,112.8550,30.9237,-77.1756,-0.35608,-1.92065,-2.00000,-126.6870,141.0076,-25.7786
372070068,-2.00000,-2.00000,-2.00000,92.9847,39.4809,-92.6947,-0.36072,-1.93115,-2.00000,-130.6794,142.7863,-26.2290
372071067,-2.00000,-2.00000,-2.00000,56.1985,38.4580,-99.5573,-0.36609,-1.94189,-2.00000,-134.6565,144.6260,-26.6718
372072068,-2.00000,-1.81909,-2.00000,67.2748,44.4962,-112.2748,-0.37158,-1.95276,-2.00000,-138.6412,146.5267,-27.0992
372073068,-2.00000,-1.63574,-2.00000,99.6565,64.4962,-124.3817,-0.37488,-1.96423,-2.00000,-142.6412,148.5038,-27.5344
372074068,-2.00000,-1.67322,-2.00000,95.8321,86.4351,-124.6870,-0.37671,-1.97559,-2.00000,-146.6565,150.5649,-28.0000
372075068,-2.00000,-1.10986,-2.00000,66.7252,116.0229,-117.4580,-0.37695,-1.98706,-2.00000,-150.6718,152.7252,-28.4351
372076068,-2.00000,-0.06421,-2.00000,47.9847,161.2901,-108.8550,-0.37634,-2.00000,-2.00000,-154.6794,155.0916,-28.7176
372077068,-1.94470,0.71863,-1.89624,41.7405,202.6412,-98.0687,-0.37573,-2.00000,-2.00000,-158.7023,157.6107,-29.0229
372078068,-1.77246,0.54333,-2.00000,38.4351,214.5496,-83.6107,-0.37439,-2.00000,-2.00000,-162.8015,160.2290,-29.4885
372079068,-1.92480,-0.24927,-2.00000,37.8092,195.5496,-72.1679,-0.37207,-2.00000,-2.00000,-166.9924,163.0305,-29.9847
372080067,-1.64014,-0.53552,-2.00000,39.7023,166.8550,-69.7786,-0.36975,-2.00000,-2.00000,-171.2290,166.0840,-30.3893
372081067,-1.58374,-0.18494,-1.99097,39.3893,135.0458,-68.2672,-0.36755,-2.00000,-2.00000,-175.4733,169.3817,-30.6489
372082068,-1.84290,-0.81445,-0.50781,39.3359,104.9847,-55.9008,-0.36316,-2.00000,-2.00000,-179.6260,173.0153,-30.6718
372083068,-1.45642,-2.00000,-0.34741,48.8168,90.5267,-49.0305,-0.36035,-2.00000,-2.00000,-183.6947,176.9695,-30.8473
372084067,-1.84119,-2.00000,-1.93079,62.7557,74.7710,-59.2061,-0.35852,-2.00000,-2.00000,-187.9237,180.8779,-31.2214
372085067,-2.00000,-1.02625,-2.00000,58.1450,75.1145,-70.5878,-0.35486,-2.00000,-2.00000,-192.2519,184.8550,-31.5725
372086067,-2.00000,-0.66663,-2.00000,33.4046,119.4351,-73.0534,-0.35156,-2.00000,-2.00000,-196.5191,189.0992,-31.8015
372087067,-2.00000,-1.21887,-2.00000,12.9237,161.9695,-75.0000,-0.34668,-2.00000,-2.00000,-200.6183,193.6565,-31.9771
372088068,-2.00000,-1.43677,-2.00000,21.7939,183.2977,-87.6870,-0.33984,-2.00000,-2.00000,-204.5267,198.4962,-32.1908
372089068,-2.00000,-0.95508,-2.00000,45.8702,189.9466,-101.7557,-0.33154,-2.00000,-2.00000,-208.2672,203.6412,-32.4656
372090068,-2.00000,-1.75891,-2.00000,48.3359,194.1221,-94.0458,-0.32227,-2.00000,-2.00000,-211.8244,209.0916,-32.8244
372091068,-2.00000,-2.00000,-2.00000,23.0458,206.7939,-75.9618,-0.31104,-2.00000,-2.00000,-215.1985,214.8092,-33.3282
372092068,-2.00000,-2.00000,-2.00000,7.5954,207.2061,-76.5573,-0.29797,-2.00000,-2.00000,-218.3740,220.8015,-34.0840
372093068,-2.00000,-1.02258,-2.00000,14.5191,204.3969,-89.6489,-0.28723,-2.00000,-2.00000,-221.3282,227.1069,-35.0534
372094068,-2.00000,1.46606,-2.00000,14.9237,180.5038,-82.7252,-0.27856,-2.00000,-2.00000,-223.9695,233.7710,-35.9542
372095068,-2.00000,1.05151,-2.00000,-4.5954,168.8473,-53.0458,-0.26758,-2.00000,-2.00000,-226.1679,240.8244,-36.4351
372096068,-2.00000,-1.25598,-2.00000,-38.1603,192.6870,-28.6947,-0.25366,-2.00000,-2.00000,-227.8702,248.2595,-36.5115
372097068,-2.00000,-2.00000,-2.00000,-65.7786,214.2672,-31.0000,-0.23877,-2.00000,-2.00000,-229.0992,250.1298,-36.4275
372098068,-2.00000,-1.62366,-2.00000,-64.5267,237.0916,-58.7176,-0.22339,-2.00000,-2.00000,-229.8855,250.1298,-36.4275
372099068,-2.00000,0.48535,-2.00000,-38.6870,250.1298,-83.4351,-0.20776,-2.00000,-2.00000,-230.2214,250.1298,-36.5878
372100068,-2.00000,1.47876,-2.00000,-20.2595,250.1298,-82.2824,-0.19360,-2.00000,-2.00000,-230.1145,250.1298,-36.9160
372101068,-2.00000,0.56396,-2.00000,-18.0000,250.1298,-62.9313,-0.18127,-2.00000,-2.00000,-229.5496,250.1298,-37.4046
372102067,-2.00000,-1.24683,-2.00000,-21.1985,250.1298,-46.2137,-0.17212,-2.00000,-1.96814,-228.5573,250.1298,-38.0763
372103067,-2.00000,-1.67566,-2.00000,-20.7099,250.1298,-46.1527,-0.16785,-2.00000,-1.90796,-227.1603,250.1298,-38.8626
372104067,-1.51807,-0.36951,0.19580,-9.1603,250.1298,-50.8779,-0.16870,-2.00000,-1.84900,-225.3893,250.1298,-39.6947
372105065,-0.71716,1.27466,0.62927,-16.7786,250.1298,-37.6031,-0.17285,-2.00000,-1.79028,-223.2443,250.1298,-40.5267
372106069,-2.00000,1.99994,-2.00000,-56.5573,219.8321,-2.7481,-0.18018,-2.00000,-1.73035,-220.7481,250.1298,-41.3282
372107068,-2.00000,1.11572,-2.00000,-69.5725,191.9160,22.3435,-0.20679,-2.00000,-1.61084,-215.0687,250.1298,-42.9084
372108068,-2.00000,-1.00952,-2.00000,-42.5496,212.2061,19.4885,-0.22437,-2.00000,-1.54834,-212.1145,250.1298,-43.8779
372109068,-2.00000,-2.00000,-2.00000,-32.1450,235.7405,-2.3740,-0.24451,-2.00000,-1.48450,-209.1603,250.1298,-44.9160
372110068,-2.00000,-1.56750,-2.00000,-36.6489,250.1298,-34.8626,-0.26758,-2.00000,-1.42102,-206.2137,250.1298,-46.0458
372111067,-2.00000,1.05688,-2.00000,-29.0916,250.1298,-55.3359,-0.29321,-2.00000,-1.35767,-203.2748,250.1298,-47.2290
372112067,-2.00000,1.99994,-2.00000,-29.3664,250.1298,-48.0076,-0.32104,-2.00000,-1.29285,-200.3511,250.1298,-48.4733
372113067,-2.00000,1.89136,-1.73535,-41.3053,250.1298,-24.5802,-0.34985,-2.00000,-1.22534,-197.4580,250.1298,-49.7863
372114067,-1.92395,0.00317,-1.47351,-45.2672,250.1298,-4.8015,-0.37866,-2.00000,-1.15466,-194.5878,250.1298,-51.1527
372115068,-1.84253,-0.67542,-2.00000,-53.5038,250.1298,6.2061,-0.40845,-2.00000,-1.08008,-191.7863,250.1298,-52.5878
372116067,-1.98145,1.18323,-2.00000,-76.3435,250.1298,15.0916,-0.43933,-2.00000,-1.00122,-189.1069,250.1298,-54.0916
372117067,-1.46472,1.99994,-2.00000,-90.3969,250.1298,31.6183,-0.46973,-2.00000,-0.91663,-186.6183,250.1298,-55.6260
372118067,0.06531,1.99994,1.99994,-75.0534,250.1298,65.0305,-0.49915,-2.00000,-0.82617,-184.4275,250.1298,-57.1527
372119065,0.03235,1.99994,1.62012,-45.5115,250.1298,106.8397,-0.52771,-2.00000,-0.73047,-182.6107,250.1298,-58.7176
372120069,-2.00000,1.37878,-2.00000,2.1832,181.1527,123.6794,-0.55530,-2.00000,-0.62891,-181.2366,250.1298,-60.3740
372121064,-2.00000,-0.12903,-2.00000,59.5802,158.2366,104.6260,-0.57996,-2.00000,-0.52393,-180.4046,250.1298,-62.0992
372122069,-2.00000,-0.18762,-2.00000,72.6336,180.4580,82.5496,-0.60254,-2.00000,-0.41382,-180.1069,250.1298,-63.8015
372123068,-2.00000,0.86438,-2.00000,39.1221,250.1298,69.5649,-0.62512,-2.00000,-0.29578,-180.4351,250.1298,-65.6489
372124068,-2.00000,1.99994,-2.00000,67.2061,250.1298,53.2748,-0.64722,-2.00000,-0.17603,-181.5573,250.1298,-67.6718
372125068,-2.00000,1.99994,-2.00000,167.0687,250.1298,51.2366,-0.66687,-2.00000,-0.05664,-183.5191,250.1298,-69.6641
372126068,-2.00000,0.30847,-2.00000,220.4427,250.1298,64.2824,-0.68408,-1.97961,0.06421,-186.2519,250.1298,-71.5878
372127068,-2.00000,-1.86841,-2.00000,196.8855,250.1298,69.9389,-0.69934,-1.94348,0.18542,-189.6947,250.1298,-73.4733
372128068,-2.00000,-2.00000,-2.00000,154.6336,250.1298,65.1832,-0.71252,-1.91235,0.30518,-193.8244,250.1298,-75.3969
372129068,-2.00000,-2.00000,-2.00000,101.9466,250.1298,63.8779,-0.72351,-1.88562,0.42053,-198.5802,250.1298,-77.3206
372130067,-2.00000,-0.59436,-1.54053,78.0305,250.1298,52.7099,-0.73083,-1.86133,0.53162,-203.8397,250.1298,-79.2366
372131067,-2.00000,1.68530,0.52954,116.8855,250.1298,43.3053,-0.73645,-1.84094,0.63831,-209.4809,250.1298,-81.1221
372132067,-2.00000,1.99994,-0.30151,137.7099,250.1298,59.3206,-0.74219,-1.82581,0.73926,-215.4122,250.1298,-82.9313
372133065,-2.00000,0.78320,-0.01306,83.5954,250.1298,86.0534,-0.74768,-1.81592,0.83362,-221.4962,250.1298,-84.6412
372134069,-2.00000,-1.14868,1.99994,33.4427,250.1298,95.5878,-0.75208,-1.80981,0.92212,-227.6107,250.1298,-86.2366
372135068,-1.58362,-1.50891,1.99994,28.9237,250.1298,86.8702,-0.75525,-1.80615,1.00549,-233.6489,250.1298,-87.7023
372136068,-1.55603,0.60046,1.18811,33.2824,250.1298,79.7863,-0.75867,-1.80469,1.08350,-239.5573,250.1298,-89.0000
372137068,-1.52161,1.99994,1.99994,55.9466,250.1298,86.3588,-0.76123,-1.80432,1.15710,-245.2824,250.1298,-90.1374
372138067,0.25134,1.99994,1.99994,99.0076,250.1298,117.7634,-0.76160,-1.80505,1.22791,-250.1374,250.1298,-91.0763
372139067,1.15674,1.99994,1.99994,122.0382,250.1298,161.3359,-0.76001,-1.80701,1.29651,-250.1374,250.1298,-91.8473
372140064,-1.57971,0.28186,1.22449,136.2214,250.1298,181.4504,-0.75525,-1.80957,1.36438,-250.1374,250.1298,-92.3817
372141069,-2.00000,-0.98950,0.34436,191.4122,250.1298,161.7176,-0.74817,-1.81177,1.43298,-250.1374,250.1298,-92.6794
372142068,-2.00000,-1.87268,1.70557,230.1450,250.1298,139.9084,-0.73975,-1.81201,1.49915,-250.1374,250.1298,-92.7557
372143068,-2.00000,-2.00000,-1.01587,175.6107,250.1298,132.5496,-0.72986,-1.81067,1.56494,-250.1374,250.1298,-92.6794
372144068,-2.00000,-2.00000,0.87854,213.9771,250.1298,99.5267,-0.72058,-1.80249,1.63098,-250.1374,250.1298,-92.5267
372145068,-2.00000,-2.00000,-0.54834,194.5115,250.1298,84.4198,-0.71008,-1.79553,1.69519,-250.1374,250.1298,-91.9160
372146067,-2.00000,-2.00000,-2.00000,91.3130,250.1298,93.5496,-0.69641,-1.79248,1.75879,-250.1374,250.1298,-91.0229
372147068,-2.00000,-2.00000,-1.15259,9.5267,250.1298,104.9771,-0.68152,-1.78357,1.82324,-250.1374,250.1298,-90.1069
372148067,-2.00000,-2.00000,1.99994,-45.2748,250.1298,121.4962,-0.66516,-1.77014,1.88867,-250.1374,250.1298,-89.1603
372149065,-2.00000,-2.00000,1.99994,-110.6412,250.1298,129.2443,-0.64819,-1.75293,1.95605,-250.1374,250.1298,-88.0916
372150069,-2.00000,-2.00000,1.09277,-138.0229,250.1298,110.9542,-0.63074,-1.73340,1.99994,-250.1374,250.1298,-86.9084
372151067,-2.00000,-2.00000,1.99994,-109.1985,250.1298,79.6870,-0.61218,-1.71094,1.99994,-250.1374,250.1298,-85.6260
372152067,-1.42639,0.13257,1.99994,-120.0840,250.1298,79.2366,-0.59265,-1.68652,1.99994,-250.1374,250.1298,-84.2824
372153067,-0.53003,-0.48242,1.99994,-142.5573,250.1298,103.5725,-0.57288,-1.65991,1.99994,-250.1374,250.1298,-82.9695
372154067,-1.07849,-2.00000,1.99994,-56.2595,250.1298,92.6641,-0.55237,-1.63062,1.99994,-250.1374,250.1298,-81.6947
372155067,-1.00500,-2.00000,1.99994,89.6641,250.1298,41.4656,-0.53101,-1.59839,1.99994,-250.1374,250.1298,-80.4504
372156065,-0.40002,-2.00000,1.99994,138.1374,250.1298,-1.5191,-0.50989,-1.56299,1.99994,-250.1374,250.1298,-79.2137
372157069,-1.05249,-2.00000,1.99994,101.8550,250.1298,-14.2443,-0.48889,-1.52527,1.99994,-250.1374,250.1298,-78.0076
372158067,-2.00000,-2.00000,1.99994,78.5038,250.1298,-7.6107,-0.46814,-1.48657,1.99994,-250.1374,250.1298,-76.8015
372159067,-2.00000,-2.00000,1.99994,59.0687,250.1298,7.1756,-0.44849,-1.44531,1.99994,-250.1374,250.1298,-75.5344
372160067,-1.69580,-2.00000,1.99994,-8.6107,250.1298,20.4962,-0.42993,-1.39978,1.99994,-250.1374,250.1298,-73.8168
372161067,-2.00000,-2.00000,1.99994,-97.6031,250.1298,42.9237,-0.41113,-1.35913,1.99994,-250.1374,250.1298,-71.5191
372162067,-2.00000,-2.00000,0.85059,-180.2901,250.1298,74.2061,-0.39160,-1.32800,1.99994,-250.1374,250.1298,-69.3969
372163067,-2.00000,-2.00000,1.19434,-227.4580,250.1298,88.5420,-0.37329,-1.29956,1.99994,-250.1374,250.1298,-68.1298
372164068,-1.51575,-2.00000,1.99994,-244.5420,250.1298,74.4885,-0.35596,-1.27075,1.99994,-250.1374,250.1298,-67.6336
372165067,-1.86609,-1.57190,1.99994,-250.1374,250.1298,71.7252,-0.33997,-1.24060,1.99994,-250.1374,250.1298,-67.4733
372166067,-2.00000,-1.79749,0.12402,-250.1374,250.1298,76.1450,-0.32568,-1.21008,1.99994,-250.1374,248.4580,-67.3435
372167068,-2.00000,-2.00000,0.29858,-221.7176,250.1298,58.6489,-0.31213,-1.17847,1.99994,-250.1374,243.3130,-67.1756
372168067,-2.00000,-2.00000,1.99994,-128.6031,250.1298,27.8855,-0.29956,-1.14709,1.99994,-250.1374,238.2443,-66.9771
372169067,-2.00000,-2.00000,1.99994,-90.9924,250.1298,2.2290,-0.28760,-1.11755,1.99994,-250.1374,233.3053,-66.7405
372170067,-2.00000,-2.00000,-0.74902,-86.9466,250.1298,-20.7634,-0.27698,-1.08899,1.99994,-250.1374,228.5038,-66.4656
372171068,-2.00000,-2.00000,-0.88647,-62.3435,250.1298,-45.8550,-0.26782,-1.06165,1.99994,-250.1374,223.7786,-66.1679
372172068,-2.00000,0.19348,1.99994,-64.0840,250.1298,-44.7557,-0.25842,-1.03503,1.99994,-250.1374,219.1679,-65.8855
372173067,-1.49023,-0.56396,1.99994,-129.5496,250.1298,-4.6565,-0.24988,-1.00903,1.99994,-250.1374,214.6718,-65.5802
372174067,-1.86292,-2.00000,1.99994,-184.9542,250.1298,27.5878,-0.24243,-0.98315,1.99994,-250.1374,210.2672,-65.2061
372175067,-1.91528,-2.00000,1.99994,-181.0687,250.1298,25.5878,-0.23572,-0.95740,1.99994,-246.5725,205.9771,-64.7786
372176068,-1.00000,-2.00000,1.99994,-170.6794,250.1298,6.8626,-0.22937,-0.93396,1.99994,-241.8779,201.8092,-64.2595
372177067,-0.91504,-2.00000,1.99994,-189.0382,250.1298,-5.2290,-0.22253,-0.91260,1.99994,-237.1374,197.7557,-63.6870
372178067,-1.23315,-1.80115,1.99994,-187.8321,250.1298,-10.5191,-0.21606,-0.89050,1.99994,-232.3664,193.8550,-63.0992
372179065,-0.50940,-0.65271,1.99994,-146.9313,250.1298,-20.5038,-0.20923,-0.86792,1.99994,-227.5649,190.0916,-62.4198
372180065,0.42969,-0.97742,1.99994,-115.7634,250.1298,-22.5420,-0.20203,-0.84705,1.99994,-222.7786,186.4809,-61.5420
372181069,0.20984,-2.00000,1.99994,-117.5115,250.1298,-11.8550,-0.19556,-0.82642,1.99994,-218.0076,183.0153,-60.5573
372182068,-0.28882,-2.00000,1.99994,-119.7252,250.1298,-13.9542,-0.18994,-0.80457,1.99994,-213.2672,179.6794,-59.5115
372183067,0.51819,-2.00000,1.99994,-94.2977,250.1298,-39.0687,-0.18469,-0.78271,1.99994,-208.5573,176.4275,-58.4198
372184068,1.13354,-2.00000,1.99994,-89.7634,250.1298,-51.6107,-0.17920,-0.76135,1.99994,-203.9466,173.2595,-57.2595
372185067,0.58923,-1.82654,1.99994,-140.0458,250.1298,-27.3435,-0.17334,-0.74072,1.99994,-199.4122,170.1985,-56.1221
372186065,-0.53748,-2.00000,1.99994,-189.8168,250.1298,3.0840,-0.16785,-0.72107,1.99994,-194.9389,167.2366,-55.0153
372187069,-1.63647,-2.00000,1.99994,-192.1145,223.7405,13.0305,-0.16248,-0.70276,1.99994,-190.4885,164.3588,-53.8855
372188068,-1.48584,-2.00000,1.99994,-183.5878,242.9084,3.5954,-0.15710,-0.68604,1.99994,-186.0534,161.5954,-52.7328
372189068,-0.80664,-2.00000,1.99994,-201.8244,250.1298,-16.1527,-0.15259,-0.66968,1.99994,-181.6336,158.9160,-51.6336
372190068,-0.95264,-2.00000,1.99994,-222.4809,250.1298,-35.0000,-0.14844,-0.65417,1.99994,-177.1679,156.3282,-50.5725
372191067,-1.08484,-0.21313,1.99994,-211.0076,250.1298,-46.1374,-0.14478,-0.63916,1.99994,-172.6260,153.8244,-49.5115
372192067,-0.60925,0.15344,1.99994,-172.5038,250.1298,-48.6183,-0.14124,-0.62415,1.99994,-167.9847,151.3664,-48.5038
372193067,-0.58887,-2.00000,1.97363,-132.7023,250.1298,-49.3817,-0.13745,-0.60999,1.99994,-163.3053,148.9160,-47.5573
372194067,-0.97522,-2.00000,1.94336,-104.5878,250.1298,-61.2290,-0.13367,-0.59583,1.99994,-158.6107,146.5191,-46.6870
372195067,-1.28381,-2.00000,1.59106,-97.2290,250.1298,-79.9084,-0.12939,-0.58020,1.99994,-153.8626,144.2214,-45.8702
372196067,-1.55981,-2.00000,1.59790,-108.2824,250.1298,-91.0916,-0.12549,-0.56665,1.99994,-148.9847,142.0382,-45.0458
372197068,-0.99512,-0.19495,1.99994,-120.9084,250.1298,-84.6565,-0.12109,-0.55542,1.99994,-144.0611,139.8092,-44.3206
372198067,-0.15234,0.52075,1.99994,-138.3130,250.1298,-57.3969,-0.11511,-0.54236,1.99994,-139.1145,137.5496,-43.7557
372199067,-0.08130,-0.82385,1.99994,-170.6031,250.1298,-23.7405,-0.10938,-0.52832,1.99994,-134.1221,135.3511,-43.2901
372200064,-0.18823,-2.00000,1.99994,-187.1298,250.1298,-12.2137,-0.10352,-0.51416,1.99994,-129.0916,133.2290,-42.8855
372201069,-0.34033,-2.00000,1.99994,-174.2290,250.1298,-25.2290,-0.09705,-0.50024,1.99994,-124.0229,131.1832,-42.5115
372202068,-0.34851,-2.00000,1.99994,-148.1145,250.1298,-48.6336,-0.09070,-0.48633,1.99994,-118.9466,129.2290,-42.1679
372203068,-0.23279,-2.00000,1.99994,-115.4351,250.1298,-75.0916,-0.08435,-0.47253,1.99994,-113.9160,127.2824,-41.8779
372204067,-0.11572,-2.00000,1.99994,-81.3130,237.8321,-95.2214,-0.07727,-0.45776,1.99994,-108.9466,125.2977,-41.6183
372205067,0.39941,-1.50415,1.99994,-61.0229,220.8015,-105.9542,-0.07043,-0.44092,1.99994,-104.0382,123.3206,-41.4198
372206068,0.79065,-1.31738,1.99994,-56.0687,212.5496,-105.2595,-0.05688,-0.40723,1.99994,-94.4580,119.3817,-40.9924
372207067,0.75598,-2.00000,1.99994,-59.7023,191.4351,-96.7252,-0.05042,-0.39026,1.99994,-89.8473,117.3969,-40.6870
372208067,0.42346,-2.00000,1.99994,-64.4122,165.1527,-96.4580,-0.04517,-0.37341,1.99994,-85.3740,115.3435,-40.3053
372209067,-0.02173,-2.00000,1.99994,-60.4198,137.9618,-103.1603,-0.03992,-0.35706,1.99994,-81.0229,113.1985,-39.8779
372210067,-0.53760,-2.00000,1.99994,-59.4733,110.6260,-104.8702,-0.03540,-0.34216,1.99994,-76.8168,110.9924,-39.4122
372211067,-0.93384,-2.00000,1.90503,-69.2061,92.1679,-106.4427,-0.03174,-0.32825,1.99994,-72.7786,108.6870,-38.9008
372212068,-0.95374,-2.00000,1.99994,-67.0916,95.9618,-118.1527,-0.02832,-0.31384,1.99994,-68.9389,106.4351,-38.2901
372213068,-0.89001,-0.84375,1.99994,-53.7176,111.9695,-130.5115,-0.02502,-0.29883,1.99994,-65.3130,104.1679,-37.5954
372214068,-0.72144,-0.10962,1.99994,-51.1145,142.9542,-134.5802,-0.02222,-0.28394,1.99994,-61.9466,101.7176,-36.8092
372215067,-0.57312,-0.09583,1.99994,-55.4656,180.0763,-133.6718,-0.01978,-0.26843,1.99994,-58.8550,98.9466,-35.9618
372216065,-0.58154,-0.44958,1.99994,-57.6336,205.3969,-131.3511,-0.01794,-0.25159,1.99994,-56.0763,95.9008,-35.0992
372217068,-0.60059,-0.65735,1.99994,-64.4198,214.2824,-128.4580,-0.01685,-0.23535,1.99994,-53.6641,92.6718,-34.2290
372218067,-0.49512,-0.51709,1.99994,-69.8397,206.1145,-126.0534,-0.01575,-0.21985,1.99994,-51.6260,89.2519,-33.3206
372219065,-0.21130,-0.21313,1.99994,-65.2977,192.1145,-121.5649,-0.01416,-0.20508,1.99994,-49.9847,85.5725,-32.3359
372220065,0.32349,-0.30811,1.99994,-63.9924,171.4046,-108.3511,-0.01318,-0.19312,1.99994,-48.7481,81.5954,-31.2519
372221069,0.73901,-1.09778,1.99994,-83.9084,142.4275,-87.1450,-0.01184,-0.18604,1.99994,-47.9237,77.3053,-30.0763
372222067,0.56189,-1.72644,1.99994,-109.9313,113.6031,-73.6260,-0.00928,-0.18555,1.99994,-47.5038,72.6489,-28.8626
372223068,0.16052,-1.51819,1.99994,-113.1756,95.1756,-77.3282,-0.00562,-0.18945,1.99994,-47.4427,67.6641,-27.7099
372224067,-0.07288,-1.21704,1.99994,-99.2366,84.5802,-88.6412,-0.00012,-0.19092,1.99994,-47.6565,62.3893,-26.6031
372225067,-0.21008,-1.24463,1.99994,-87.9542,73.7481,-100.2672,0.00525,-0.18604,1.99994,-48.0229,56.8626,-25.2901
372226065,-0.10095,-0.94714,1.99994,-74.0229,74.6565,-116.5802,0.01062,-0.18250,1.99994,-48.4275,51.1145,-23.4962
372227069,0.30249,-0.46729,1.99994,-39.0687,76.4733,-138.0305,0.01880,-0.18604,1.99994,-48.8244,45.1450,-21.1374
372228068,0.29675,-0.39136,1.99994,19.2672,55.5115,-162.7405,0.02979,-0.19299,1.99994,-49.2290,38.9771,-18.4198
372229067,-0.13989,-0.88696,1.99994,86.9389,24.1527,-186.2519,0.04236,-0.20190,1.99994,-49.7405,32.6412,-15.4504
372230067,-0.28967,-1.66406,1.99994,123.0076,-1.9771,-200.0229,0.05554,-0.21265,1.99994,-50.3435,26.1603,-12.2901
372231067,-0.36487,-2.00000,1.99994,110.7863,-19.9008,-202.7328,0.06848,-0.22131,1.99994,-51.0534,19.4580,-8.9313
372232067,-0.87891,-1.57422,1.47827,94.9008,-37.0687,-205.2748,0.08057,-0.23010,1.99994,-51.8779,12.5344,-5.3740
372233067,-1.30237,-0.72803,0.70972,104.1221,-42.7405,-208.1450,0.09229,-0.23975,1.99994,-52.8168,5.4504,-1.6947
372234067,-1.25769,-0.09399,1.12585,89.5344,-21.8626,-199.0305,0.10413,-0.24695,1.99994,-53.8626,-1.7481,2.0763
372235068,-1.13855,0.08887,1.49231,16.3282,13.6260,-172.5420,0.11658,-0.25366,1.99994,-55.0153,-9.0840,5.9237
372236068,-1.29053,-0.20789,0.91577,-63.8931,53.0305,-145.6489,0.12866,-0.26050,1.99994,-56.3053,-16.5878,9.7939
372237067,-1.28210,-0.58508,0.39783,-87.0840,88.6183,-140.2366,0.13843,-0.26501,1.99994,-57.7710,-24.2977,13.6260
372238067,-0.75537,-0.54480,0.85071,-71.2443,114.6947,-151.4504,0.14612,-0.26733,1.99994,-59.3740,-32.1603,17.4198
372239067,-0.22168,-0.02539,1.99994,-72.5878,122.4198,-158.8397,0.15369,-0.26990,1.99994,-61.1145,-40.1679,21.1603
372240064,0.45166,0.92065,1.99994,-94.7099,125.9313,-159.8092,0.16223,-0.27393,1.95789,-62.9695,-48.2748,24.7710
372241068,1.32715,1.99994,1.99994,-104.3588,122.6794,-161.2595,0.17017,-0.27649,1.91162,-64.9084,-56.4198,28.1221
372242067,1.77380,1.99994,1.99994,-82.0000,89.3740,-161.0534,0.17749,-0.27588,1.86621,-66.9237,-64.5878,31.1756
372243065,1.82507,1.99994,1.99994,-41.8244,38.8168,-152.9847,0.18481,-0.27405,1.82141,-69.0229,-72.7634,33.9466
372244069,1.95142,1.99994,1.99994,-17.9237,-2.4733,-138.4351,0.19238,-0.27356,1.77588,-71.1985,-80.9237,36.4504
372245067,1.99994,1.99994,1.99994,-15.3206,-27.7634,-127.1298,0.20068,-0.27576,1.72998,-73.4122,-89.0153,38.6870
372246064,1.99994,1.99994,1.99994,-2.0382,-42.2748,-122.3893,0.21033,-0.28003,1.68420,-75.5954,-96.9695,40.6260
372247069,1.83240,1.99994,1.99994,21.1679,-76.9618,-105.6489,0.22168,-0.28589,1.63879,-77.7023,-104.7176,42.2595
372248068,1.09863,1.99994,1.99994,28.8473,-113.3282,-78.3511,0.23486,-0.29480,1.59448,-79.6565,-112.2748,43.6183
372249068,0.85388,1.27722,1.99994,10.2977,-116.0382,-60.8168,0.24927,-0.30603,1.55115,-81.4580,-119.5802,44.7099
372250068,0.47949,1.64819,1.99994,-47.7023,-99.9237,-48.0382,0.26501,-0.31897,1.50806,-83.0687,-126.5420,45.5420
372251067,0.41797,1.99994,1.99994,-115.0534,-86.7557,-26.1756,0.28284,-0.33447,1.46545,-84.4504,-133.0916,46.1298
372252067,0.64294,1.99994,1.99994,-133.5115,-87.8321,-0.0687,0.30273,-0.35254,1.42444,-85.5649,-139.1908,46.4580
372253067,0.70581,1.99994,1.99994,-116.5344,-103.3206,27.2977,0.32471,-0.37280,1.38525,-86.3893,-144.8015,46.5725
372254065,0.49524,1.99994,1.78430,-134.2290,-117.2748,56.2672,0.34998,-0.39417,1.34680,-86.9542,-149.8626,46.4962
372255069,0.05054,0.66016,0.95923,-190.8244,-115.7099,79.6794,0.37732,-0.41724,1.30896,-87.2748,-154.3206,46.2595
372256068,-0.05945,0.04944,0.77124,-216.2366,-100.9084,79.1221,0.40552,-0.44116,1.27295,-87.3359,-158.1527,45.9160
372257068,-0.04919,0.81189,1.35803,-174.5954,-99.1679,56.4580,0.43469,-0.46509,1.23755,-87.1221,-161.3511,45.4733
372258067,-0.28589,1.61462,1.00171,-106.9847,-118.1069,33.7252,0.46423,-0.48853,1.20166,-86.6183,-163.9084,44.9237
372259067,-0.60767,1.23401,-0.30896,-60.4122,-134.0840,22.6641,0.49390,-0.51172,1.16626,-85.8473,-165.7863,44.2595
372260068,-0.89221,-0.01587,-0.96887,-34.2137,-131.4427,13.1832,0.52319,-0.53552,1.13281,-84.8168,-166.9618,43.5191
372261067,-1.00964,-0.99353,-0.96082,-17.9695,-115.3511,-3.1679,0.55078,-0.55957,1.09998,-83.5038,-167.4504,42.7328
372262067,-1.05493,-0.99023,-1.10767,-14.3130,-100.0916,-20.0611,0.57776,-0.58374,1.06604,-81.9389,-167.2748,41.9008
372263067,-1.27246,-0.13318,-1.57153,-13.1603,-88.6489,-30.4580,0.60413,-0.60864,1.03271,-80.1069,-166.4427,41.0000
372264064,-1.37781,0.80835,-1.78870,-15.7328,-69.5115,-28.5725,0.62854,-0.63342,0.99963,-77.9618,-164.9618,40.0382
372265069,-0.95959,0.90613,-1.23486,-40.4580,-42.1985,-10.3588,0.65137,-0.65662,0.96655,-75.4656,-162.8550,39.0382
372266068,-0.79382,0.24304,-0.26306,-72.7328,-22.3664,11.0458,0.67273,-0.67896,0.93359,-72.6412,-160.1603,37.9924
372267068,-1.15210,-0.14929,-0.35291,-86.5878,-17.6336,18.2366,0.69299,-0.70105,0.90039,-69.5115,-156.9008,36.9313
372268068,-0.86145,0.05603,-0.64404,-85.2824,-2.5420,13.1756,0.71130,-0.72180,0.86816,-66.0916,-153.1298,35.8473
372269067,-0.35498,0.81934,0.47888,-88.0840,11.9160,5.4580,0.72571,-0.74036,0.83667,-62.4198,-148.8931,34.7328
372270067,0.19409,1.90710,1.99994,-116.4885,24.0992,9.4733,0.73767,-0.75549,0.80432,-58.5115,-144.2290,33.5802
372271067,1.53467,1.99994,1.99994,-154.1145,38.8397,24.7557,0.74890,-0.76807,0.77197,-54.4351,-139.1832,32.3817
372272067,1.92603,1.99994,1.99994,-150.0763,25.8473,36.6870,0.75781,-0.77966,0.73987,-50.2443,-133.7939,31.1603
372273067,1.99994,-0.23303,1.99994,-102.4504,-11.8550,47.2901,0.76379,-0.78943,0.70776,-45.9466,-128.1069,29.9771
372274065,1.99994,-0.83228,1.99994,-169.7634,-56.3740,67.4046,0.76794,-0.79724,0.67664,-41.5496,-122.1832,28.7710
372275065,1.43384,0.43091,1.99994,-246.0763,-104.2214,82.9771,0.77014,-0.80334,0.64636,-37.1374,-116.0687,27.5115
372276069,1.99994,1.99994,1.99994,-250.1374,-119.0992,92.5649,0.77063,-0.80762,0.61682,-32.7786,-109.8397,26.2061
372277068,1.99994,1.99994,1.99994,-250.1374,-184.0992,111.5038,0.76929,-0.81006,0.58911,-28.5038,-103.5573,24.8550
372278067,1.56873,1.99994,1.99994,-250.1374,-250.1374,135.1069,0.76611,-0.81079,0.56201,-24.3206,-97.2214,23.4885
372279068,0.40759,1.76770,1.99994,-250.1374,-250.1374,152.8550,0.76135,-0.81018,0.53516,-20.2595,-90.9084,22.0687
372280068,0.35950,0.40259,1.88635,-250.1374,-250.1374,166.5115,0.75488,-0.80798,0.50989,-16.3588,-84.6489,20.6260
372281068,-0.45300,-0.12805,1.06677,-250.1374,-250.1374,160.5344,0.74634,-0.80457,0.48450,-12.6336,-78.4580,19.1374
372282067,-1.07361,0.83423,0.48328,-240.4656,-250.1374,132.0458,0.73730,-0.80054,0.45801,-9.1221,-72.3664,17.6031
372283068,-1.15222,1.99994,-1.10559,-158.1069,-250.1374,110.4656,0.72839,-0.79724,0.43213,-5.8015,-66.4122,16.0382
372284067,-1.78259,1.99994,-2.00000,-136.8626,-250.1374,112.8397,0.71924,-0.79407,0.40747,-2.6947,-60.6412,14.4427
372285068,-2.00000,1.61230,-2.00000,-158.0687,-250.1374,122.8397,0.70850,-0.79004,0.38428,0.1603,-55.0840,12.8168
372286067,-2.00000,0.95276,-2.00000,-163.2519,-237.8168,122.8855,0.69678,-0.78613,0.36206,2.7557,-49.7634,11.1527
372287068,-2.00000,0.65320,-2.00000,-147.2519,-201.3740,115.3206,0.68555,-0.78271,0.34082,5.1756,-44.6718,9.5344
372288068,-2.00000,0.52612,-2.00000,-129.9008,-142.8473,110.8855,0.67419,-0.78015,0.32068,7.4046,-39.8626,7.8855
372289068,-2.00000,0.62573,-2.00000,-141.9237,-97.3969,121.0687,0.66272,-0.77832,0.30090,9.3893,-35.3511,6.2290
372290068,-2.00000,0.48792,-2.00000,-191.1527,-44.4427,146.0229,0.65088,-0.77722,0.28076,11.1298,-31.1069,4.5954
372291068,-2.00000,-0.27051,-2.00000,-225.5267,12.0534,164.8015,0.63879,-0.77649,0.26160,12.6870,-27.1145,2.9924
372292068,-1.92590,-1.40930,-1.79480,-214.5954,42.3740,167.5954,0.62744,-0.77612,0.24524,14.0763,-23.4122,1.4427
372293067,-0.97778,-1.86450,-0.76416,-192.9542,56.5954,155.2672,0.61646,-0.77661,0.22937,15.3053,-20.0534,-0.0076
372294067,-0.21619,-0.98950,0.17627,-195.5496,46.8244,141.5725,0.60571,-0.77698,0.21289,16.3588,-17.0229,-1.4046
372295067,-0.11829,-0.31885,0.87292,-192.7481,8.7863,135.0305,0.59509,-0.77698,0.19702,17.2061,-14.2824,-2.7328
372296067,0.45190,-0.49146,1.82764,-140.5802,-32.9389,118.0458,0.58533,-0.77710,0.18164,17.8702,-11.8092,-3.9466
372297067,0.95642,-1.20447,1.99994,-69.6641,-82.2366,92.0992,0.57678,-0.77795,0.16736,18.3969,-9.6336,-5.0611
372298067,0.25720,-2.00000,1.41248,-40.4885,-139.5725,70.8550,0.56775,-0.78040,0.15417,18.8015,-7.7405,-6.0687
372299067,-0.50635,-2.00000,-0.17578,-45.2748,-161.9313,51.3969,0.55798,-0.78235,0.14099,19.0763,-6.1069,-6.9542
372300067,-0.53723,-2.00000,-0.64844,-37.1145,-144.7786,23.5344,0.54785,-0.78333,0.12903,19.2519,-4.7634,-7.6947
372301068,-0.79688,-1.33252,-0.50818,8.0305,-132.4351,-9.9084,0.53796,-0.78442,0.11804,19.3130,-3.6794,-8.3053
372302067,-1.10620,-0.14697,-1.05933,70.2137,-127.2443,-35.0992,0.52905,-0.78662,0.10632,19.2595,-2.8244,-8.7939
372303067,-1.25781,0.07898,-2.00000,102.8855,-116.7176,-41.3511,0.52124,-0.78955,0.09448,19.1069,-2.1908,-9.1679
372304067,-1.70642,-0.50378,-2.00000,84.6489,-97.3511,-31.3969,0.51416,-0.79224,0.08337,18.8855,-1.7634,-9.4046
372305068,-1.71204,-1.18042,-2.00000,55.9084,-62.6031,-24.6260,0.50793,-0.79480,0.07251,18.6107,-1.5115,-9.5191
372306067,-1.29065,-1.16370,-2.00000,51.7710,-29.9542,-31.1221,0.50024,-0.79871,0.05139,17.8779,-1.5344,-9.3817
372307068,-1.18555,-0.31970,-2.00000,65.3740,-19.9695,-40.8473,0.49829,-0.80127,0.03955,17.4046,-1.8168,-9.1450
372308068,-0.91541,0.82471,-1.62549,72.1908,-10.8779,-41.0992,0.49512,-0.80591,0.02905,16.8855,-2.2443,-8.7939
372309068,-0.41382,1.30273,-1.16260,50.8244,-0.6947,-26.1450,0.49280,-0.81042,0.01843,16.2748,-2.7939,-8.4122
372310068,-0.26697,1.08179,-1.26367,15.7863,-2.4427,-8.6031,0.49292,-0.81396,0.00842,15.6794,-3.4198,-7.9771
372311068,-0.32104,0.87207,-1.20642,17.4580,-7.4122,-8.0382,0.49414,-0.81873,-0.00024,15.1374,-4.1374,-7.4809
372312067,-0.42468,0.62854,-1.23706,54.2519,-20.7786,-18.1832,0.49634,-0.82336,-0.00977,14.6107,-4.9313,-6.9084
372313065,-0.67188,0.38147,-1.79968,74.3130,-35.3282,-23.2290,0.49854,-0.82703,-0.01831,14.0382,-5.8092,-6.2748
372314069,-0.78552,0.55615,-1.72009,70.5496,-28.9160,-21.6489,0.50122,-0.83020,-0.02576,13.4122,-6.7328,-5.6183
372315068,-0.54944,0.93530,-0.87939,80.6183,-8.0840,-20.3053,0.50537,-0.83362,-0.03235,12.7710,-7.6412,-4.9771
372316067,-0.43420,0.90845,-0.83667,117.7710,-1.1908,-21.7557,0.50989,-0.83679,-0.03894,12.1221,-8.5802,-4.3740
372317068,-0.91699,0.40295,-1.97900,161.1527,-9.0916,-25.1908,0.51526,-0.83875,-0.04688,11.4656,-9.5344,-3.7786
372318067,-1.26831,-0.16541,-2.00000,176.9771,-4.3435,-26.7863,0.52124,-0.83997,-0.05542,10.7863,-10.4656,-3.1908
372319067,-1.24683,-0.49658,-2.00000,157.9695,11.7023,-25.1679,0.52686,-0.84119,-0.06213,10.0916,-11.3664,-2.6641
372320068,-1.43909,-0.62561,-2.00000,136.4427,16.6870,-26.2824,0.53223,-0.84253,-0.06738,9.4046,-12.2061,-2.1756
372321067,-1.52454,-0.82349,-2.00000,153.5725,22.5420,-37.0763,0.53687,-0.84253,-0.07178,8.7252,-12.9847,-1.7176
372322068,-1.45837,-1.18884,-2.00000,192.5191,29.2366,-52.9466,0.54211,-0.84167,-0.07568,8.0305,-13.7481,-1.3435
372323068,-1.33118,-1.54517,-2.00000,196.4962,51.2672,-63.1374,0.54773,-0.84082,-0.07861,7.3282,-14.4427,-1.0229
372324068,-1.29614,-1.48413,-2.00000,155.9237,88.4504,-64.9847,0.55212,-0.84045,-0.07947,6.6183,-15.0458,-0.7710
372325067,-1.36804,-0.89331,-2.00000,124.5573,122.8779,-67.1069,0.55591,-0.83972,-0.07922,5.8855,-15.5344,-0.5878
372326067,-0.80505,-0.33984,-1.23621,135.3511,154.6565,-74.7557,0.56079,-0.83716,-0.07874,5.1527,-15.9237,-0.4504
372327067,-0.15576,-0.08728,-0.19727,159.8931,159.5115,-81.3130,0.56641,-0.83533,-0.07849,4.4733,-16.2214,-0.3588
372328068,0.03821,-0.08630,-0.16467,167.1069,141.0840,-79.7786,0.57141,-0.83606,-0.07739,3.8397,-16.4351,-0.3435
372329068,0.32715,-0.17505,-0.07251,162.7939,125.3969,-75.2824,0.57617,-0.83691,-0.07593,3.2290,-16.5420,-0.4275
372330067,0.37231,-0.12109,0.42212,161.3817,104.9313,-73.0763,0.58057,-0.83813,-0.07397,2.6107,-16.5038,-0.6031
372331068,0.27856,0.01965,0.90576,172.3664,84.6031,-75.2748,0.58398,-0.84009,-0.07056,2.0687,-16.3359,-0.8550
372332067,0.58679,0.31714,1.47119,190.4198,79.0458,-80.9237,0.58679,-0.84216,-0.06604,1.6107,-16.0916,-1.1374
372333067,0.58557,0.76416,1.52979,190.2137,72.6107,-80.9695,0.58899,-0.84558,-0.06030,1.1985,-15.7252,-1.4504
372334067,0.09167,1.20032,1.21326,169.6794,70.8015,-74.3282,0.58984,-0.84961,-0.05530,0.8168,-15.2366,-1.8092
372335068,0.14734,1.28442,1.58179,157.9313,84.5344,-67.6947,0.59070,-0.85364,-0.05127,0.5038,-14.6336,-2.2595
372336068,0.68115,0.87744,1.99994,160.1527,91.4122,-62.2901,0.59192,-0.85876,-0.04578,0.2443,-13.9313,-2.7939
372337068,0.66284,0.60229,1.84204,154.6565,76.7328,-54.8626,0.59302,-0.86426,-0.03931,0.0687,-13.1450,-3.3588
372338068,0.41455,0.84619,1.21802,132.9160,59.7099,-41.9084,0.59497,-0.87012,-0.03320,-0.0229,-12.2824,-3.9618
372339068,0.37671,1.36841,1.32349,104.1298,51.3893,-22.6794,0.59644,-0.87659,-0.02820,0.0000,-11.3206,-4.5878
372340068,0.51050,1.77527,1.93042,85.9160,43.8702,-2.0000,0.59705,-0.88306,-0.02466,0.1145,-10.2672,-5.2061
372341068,0.99561,1.79553,1.99994,88.5038,38.2595,15.6107,0.59790,-0.89185,-0.01904,0.3282,-9.0992,-5.7939
372342068,0.91284,1.50281,1.99994,92.9847,18.7099,32.5496,0.59851,-0.89966,-0.01025,0.6565,-7.8702,-6.5267
372343068,0.59351,0.97937,1.96643,83.3588,5.5115,47.4504,0.59912,-0.90564,-0.00122,1.0840,-6.6260,-7.3588
372344067,0.60901,0.57251,1.71863,72.2137,8.3053,53.1527,0.60010,-0.91394,0.00745,1.6031,-5.3282,-8.2137
372345068,0.44250,0.44458,1.47815,79.7099,1.4656,48.8092,0.60059,-0.92224,0.01343,2.2290,-3.9389,-9.0992
372346068,0.62622,0.50806,1.46814,103.8779,-2.5191,38.2290,0.60034,-0.92993,0.01819,2.9695,-2.4351,-10.0076
372347067,0.69678,0.62134,1.66980,115.4504,-11.9389,33.4504,0.60059,-0.93665,0.02344,3.7939,-0.8626,-10.9695
372348068,0.41943,0.35022,1.51526,97.8855,-18.1756,41.0916,0.60144,-0.94250,0.02844,4.6870,0.7634,-11.9847
372349067,0.54602,-0.26611,1.65002,67.8626,-8.4885,53.7023,0.60254,-0.94836,0.03320,5.6489,2.4351,-13.0458
372350067,0.73340,-0.77551,1.70984,43.5954,-5.9160,64.5267,0.60315,-0.95337,0.03723,6.6870,4.1069,-14.1450
372351067,0.57812,-0.44458,1.64722,25.2061,-12.4733,71.5267,0.60327,-0.95630,0.04150,7.7939,5.7786,-15.2824
372352067,0.48413,0.70935,1.49292,4.0992,-21.9695,81.7405,0.60437,-0.95691,0.04565,8.9237,7.4809,-16.4122
372353068,0.62048,1.61609,1.31201,-25.6260,-30.4809,102.5954,0.60498,-0.95715,0.04944,10.0763,9.2137,-17.5038
372354067,0.65759,1.39539,1.45569,-50.0153,-46.4351,128.1985,0.60425,-0.95679,0.05408,11.2748,10.9695,-18.5038
372355067,0.52710,-0.01575,1.40979,-52.2748,-69.8931,145.2061,0.60364,-0.95532,0.05872,12.5496,12.7481,-19.4122
372356068,0.34338,-1.54773,0.91504,-38.7176,-89.5267,144.0916,0.60400,-0.95422,0.06335,13.8855,14.5496,-20.2595
372357068,0.05054,-1.78247,0.20386,-25.6183,-99.3969,128.1679,0.60498,-0.95325,0.06750,15.2672,16.3435,-21.0992
372358067,-0.39807,-0.64819,-0.06628,-15.8702,-95.1450,111.4962,0.60632,-0.95178,0.06970,16.6565,18.1374,-21.8931
372359067,-0.62634,0.20007,-0.17639,-11.1527,-87.6870,109.8244,0.60657,-0.94934,0.07129,18.0916,19.9389,-22.5496
372360068,-0.58582,-0.57593,-0.68066,-12.6183,-85.1145,121.9084,0.60547,-0.94690,0.07300,19.5496,21.6947,-22.9771
372361068,-0.81812,-2.00000,-1.57678,-15.1985,-89.5878,129.1603,0.60388,-0.94531,0.07422,21.0229,23.3435,-23.1527
372362067,-1.06348,-2.00000,-2.00000,-21.8931,-82.4122,124.0840,0.60254,-0.94312,0.07471,22.4427,24.8702,-23.0382
372363067,-1.19556,-2.00000,-2.00000,-38.7176,-69.4427,116.3435,0.60071,-0.94019,0.07458,23.8092,26.2519,-22.6641
372364067,-1.33044,-1.72266,-2.00000,-49.0534,-62.0992,114.3969,0.59839,-0.93884,0.07300,25.1527,27.4656,-22.0687
372365067,-1.42004,-1.54492,-2.00000,-36.4427,-56.4122,114.7710,0.59570,-0.93872,0.07056,26.4504,28.5115,-21.2519
372366068,-1.58423,-2.00000,-2.00000,-20.8015,-52.2901,116.2443,0.59277,-0.93896,0.06775,27.6489,29.3969,-20.1908
372367067,-1.59753,-2.00000,-2.00000,-19.6794,-38.1221,112.3588,0.58960,-0.93933,0.06299,28.7557,30.1145,-18.9389
372368067,-1.66492,-2.00000,-2.00000,-12.9618,-19.7023,90.7710,0.58508,-0.93884,0.05627,29.8015,30.6412,-17.5267
372369067,-1.75854,-2.00000,-2.00000,28.1985,-0.3969,52.6718,0.57971,-0.93896,0.04883,30.7634,30.9389,-15.9542
372370067,-1.55603,-1.83203,-2.00000,85.1145,16.3053,21.3206,0.57239,-0.94031,0.04114,31.6336,31.0534,-14.3435
372371067,-1.33191,-2.00000,-2.00000,107.5573,26.6183,14.7939,0.56445,-0.94165,0.03162,32.4046,31.0076,-12.7634
372372067,-1.45166,-2.00000,-2.00000,90.7099,36.9160,18.5191,0.55762,-0.94116,0.02124,33.0382,30.7786,-11.2137
372373068,-1.52039,-2.00000,-2.00000,76.5954,58.7786,8.9695,0.55042,-0.93933,0.01074,33.4885,30.3435,-9.7023
372374068,-1.22156,-2.00000,-1.69019,81.4046,87.0229,-11.1298,0.54236,-0.93567,0.00012,33.7176,29.6794,-8.2748
372375067,-0.91150,-2.00000,-0.81995,82.5802,101.7786,-21.6260,0.53430,-0.92993,-0.01074,33.6870,28.8244,-6.9542
372376067,-0.64722,-1.84229,-0.62476,64.9618,102.5115,-13.6031,0.52722,-0.92285,-0.02112,33.4198,27.7786,-5.7634
372377067,-0.43176,-1.64587,-0.60364,39.9160,95.8550,2.8702,0.51990,-0.91406,-0.03125,32.9160,26.5496,-4.6870
372378067,-0.25476,-2.00000,-0.17017,29.8015,86.4351,11.8321,0.51147,-0.90356,-0.04065,32.1527,25.1450,-3.6641
372379067,-0.03027,-2.00000,0.51721,40.6107,77.2824,6.7634,0.50281,-0.89343,-0.04810,31.1679,23.5802,-2.7176
372380068,0.19751,-2.00000,0.76318,54.2443,66.0458,-5.1985,0.49512,-0.88513,-0.05322,29.9542,21.8550,-1.8473
372381068,0.36377,-1.09912,0.69910,60.2901,57.0687,-15.7557,0.48828,-0.87756,-0.05664,28.5420,19.9695,-1.0916
372382067,0.40503,0.16125,0.65466,76.8779,49.2137,-20.9084,0.48193,-0.87012,-0.06030,27.0000,18.0000,-0.4733
372383067,0.29553,-0.15662,0.56995,114.3130,38.5649,-21.1145,0.47583,-0.86365,-0.06274,25.3664,15.9847,0.0382
372384067,0.20691,-1.96387,0.55090,149.3282,29.3740,-22.4122,0.47070,-0.85791,-0.06335,23.6489,13.9542,0.4427
372385067,0.09375,-2.00000,0.31348,159.5496,24.7557,-30.9160,0.46619,-0.85291,-0.06433,21.8626,11.8931,0.7557
372386068,-0.19006,-2.00000,-0.26001,150.6870,27.7863,-45.0076,0.46179,-0.84875,-0.06592,20.0611,9.8168,1.0076
372387068,-0.29675,-1.94312,-0.55664,144.3282,38.1756,-56.5649,0.45776,-0.84485,-0.06653,18.2443,7.7481,1.2061
372388068,-0.30823,-1.05054,-0.32471,149.9542,41.4504,-58.9084,0.45398,-0.84167,-0.06677,16.4122,5.7176,1.3511
372389068,-0.37549,-1.10107,-0.16687,152.5344,37.2901,-51.4504,0.45068,-0.84045,-0.06714,14.5725,3.7405,1.4885
372390068,-0.35522,-1.91687,-0.10742,134.5115,40.6260,-39.9237,0.44849,-0.84155,-0.06702,12.7328,1.8244,1.6489
372391068,-0.33752,-2.00000,0.06787,105.8015,53.1603,-33.7481,0.44849,-0.84412,-0.06750,10.8550,-0.0611,1.8321
372392068,-0.21643,-2.00000,0.42859,91.7939,70.1221,-38.7099,0.44922,-0.84705,-0.06909,8.9924,-1.9542,2.0305
372393068,0.03760,-2.00000,0.90771,93.6107,80.2137,-49.0992,0.45081,-0.85083,-0.07043,7.1756,-3.8321,2.2748
372394068,0.37488,-0.89441,1.15283,90.5115,80.3511,-52.5954,0.45312,-0.85681,-0.07178,5.4046,-5.6641,2.5496
372395068,0.71631,0.30713,1.28369,77.0534,74.8550,-44.6260,0.45471,-0.86475,-0.07312,3.7176,-7.4733,2.8626
372396068,0.76489,0.30554,1.32849,71.6641,57.5725,-30.1221,0.45605,-0.87439,-0.07385,2.1374,-9.2672,3.2061
372397068,0.72864,-1.03174,1.32971,80.4809,32.6031,-18.2595,0.45728,-0.88477,-0.07446,0.6412,-11.0153,3.6031
372398067,0.80017,-2.00000,1.68762,92.9389,12.8244,-18.9389,0.45911,-0.89502,-0.07422,-0.7710,-12.7176,4.0382
372399068,0.82996,-1.65454,1.95447,99.6794,2.2137,-29.4275,0.46191,-0.90527,-0.07312,-2.0916,-14.3511,4.4885
372400067,0.71997,-0.33508,1.91479,97.1527,0.1908,-32.8321,0.46521,-0.91504,-0.07263,-3.2595,-15.9008,4.9771
372401067,0.52637,0.03699,1.90588,87.8397,-3.9237,-21.1527,0.46899,-0.92456,-0.07288,-4.3053,-17.3969,5.4809
372402067,0.38306,-2.00000,1.81567,95.4275,-17.2443,-6.9389,0.47302,-0.93274,-0.07312,-5.2672,-18.8397,6.0000
372403067,0.28540,-2.00000,1.50391,89.5878,-19.1527,-14.4504,0.47644,-0.93945,-0.07288,-6.1679,-20.1908,6.5649
372404068,0.38208,-2.00000,1.78076,66.9542,-15.2061,-21.0229,0.47925,-0.94556,-0.07190,-7.0153,-21.4656,7.1527
372405067,0.34473,-2.00000,1.83679,50.4733,-24.1145,-23.3588,0.48352,-0.95422,-0.06934,-8.4580,-23.7786,8.4122
372406068,0.21399,-1.40320,1.42126,49.7099,-40.0153,-21.9771,0.48560,-0.95679,-0.06763,-9.0992,-24.8473,9.0840
372407068,0.07092,-1.37500,0.93066,51.3588,-58.1374,-16.6794,0.48730,-0.95911,-0.06641,-9.7481,-25.8550,9.7786
372408068,0.03357,-1.78088,0.79016,38.3130,-64.3053,-9.8092,0.48828,-0.96191,-0.06592,-10.3817,-26.8092,10.4733
372409068,0.03516,-1.87622,1.00806,12.0840,-63.8702,-4.7557,0.48840,-0.96436,-0.06567,-10.9924,-27.7252,11.1221
372410068,-0.06396,-1.51160,0.93750,-5.8473,-63.9389,-3.0229,0.48779,-0.96594,-0.06494,-11.5725,-28.6107,11.7176
372411067,-0.16064,-1.16638,0.63428,0.1298,-65.8855,-4.1069,0.48633,-0.96753,-0.06445,-12.1221,-29.4580,12.2519
372412068,-0.23560,-1.22534,0.41174,14.3893,-66.7939,-4.2672,0.48376,-0.96887,-0.06421,-12.6260,-30.2672,12.7023
372413068,-0.31152,-1.71545,0.28564,14.5496,-66.4733,-1.3664,0.48120,-0.96899,-0.06445,-13.1069,-31.0229,13.0687
372414068,-0.43481,-1.98901,0.01587,5.1450,-64.5802,-2.5344,0.47998,-0.96814,-0.06433,-13.5725,-31.7481,13.3588
372415068,-0.51599,-1.61267,-0.28577,1.8092,-62.6031,-9.7328,0.47949,-0.96790,-0.06384,-14.0076,-32.4733,13.6107
372416068,-0.52539,-1.06531,-0.47278,5.8702,-64.6870,-15.6794,0.47888,-0.96851,-0.06348,-14.4427,-33.2061,13.8168
372417068,-0.51831,-0.90161,-0.43152,3.2366,-68.3817,-14.2977,0.47729,-0.96936,-0.06311,-14.8702,-33.9008,13.9695
372418067,-0.48267,-1.00635,-0.42102,-13.9237,-70.4580,-7.5878,0.47620,-0.97095,-0.06421,-15.2443,-34.5878,14.0229
372419067,-0.47815,-0.92346,-0.50403,-35.1679,-68.4504,-1.4885,0.47595,-0.97327,-0.06738,-15.5496,-35.2290,14.0153
372420067,-0.56873,-0.68298,-0.54480,-42.9847,-64.9466,0.9771,0.47620,-0.97644,-0.06958,-15.8015,-35.8244,13.9695
372421067,-0.67212,-0.56250,-0.58093,-36.5420,-60.6031,1.6412,0.47632,-0.98047,-0.06970,-16.0305,-36.3893,13.8550
372422067,-0.71484,-0.57849,-0.66052,-28.9313,-55.2061,2.8702,0.47668,-0.98462,-0.06970,-16.2061,-36.9542,13.6565
372423067,-0.75159,-0.55493,-0.89050,-27.3206,-50.4275,4.0687,0.47815,-0.98914,-0.07080,-16.2824,-37.4962,13.3435
372424067,-0.70874,-0.43628,-1.03040,-26.1145,-44.3817,4.0000,0.48120,-0.99487,-0.07275,-16.2977,-37.9695,12.9618
372425068,-0.59998,-0.32886,-0.92212,-18.9466,-41.6260,2.8931,0.48535,-1.00098,-0.07629,-16.2977,-38.3588,12.5267
372426067,-0.54785,-0.38501,-0.72119,-10.7710,-42.9008,3.5954,0.48950,-1.00598,-0.07983,-16.2672,-38.6565,12.0229
372427067,-0.58276,-0.63879,-0.60364,-13.2214,-44.7557,8.4809,0.49402,-1.01062,-0.08264,-16.1527,-38.8626,11.4504
372428067,-0.65161,-0.89783,-0.58093,-27.7405,-43.0076,15.7634,0.49963,-1.01599,-0.08594,-15.9237,-39.0000,10.8626
372429067,-0.63623,-0.98865,-0.48914,-43.6565,-36.3435,21.4122,0.50562,-1.02197,-0.09070,-15.5954,-39.0763,10.2366
372430068,-0.58008,-0.88538,-0.34180,-51.7405,-30.6107,24.0611,0.51123,-1.02820,-0.09631,-15.1985,-39.0382,9.5649
372431067,-0.53479,-0.75208,-0.31506,-52.1145,-29.9237,25.4656,0.51624,-1.03455,-0.10156,-14.7481,-38.9160,8.8626
372432067,-0.47424,-0.78125,-0.40479,-50.0229,-32.2366,26.7557,0.52185,-1.04077,-0.10669,-14.2519,-38.6794,8.1527
372433068,-0.47632,-0.94666,-0.43738,-47.2290,-36.3206,26.1908,0.52820,-1.04700,-0.11157,-13.6947,-38.3435,7.4656
372434067,-0.48547,-1.06018,-0.36487,-38.8092,-40.6489,21.3893,0.53284,-1.05322,-0.11682,-13.0687,-37.8702,6.8092
372435067,-0.46057,-1.02197,-0.28271,-21.9924,-44.6489,12.9924,0.53601,-1.05896,-0.12268,-12.3588,-37.3282,6.1527
372436067,-0.52185,-0.86865,-0.35229,-4.6794,-48.7710,5.1069,0.53857,-1.06470,-0.12952,-11.5802,-36.7405,5.4885
372437067,-0.61414,-0.75037,-0.46045,1.3817,-48.0382,2.7863,0.54211,-1.07056,-0.13684,-10.7557,-36.0840,4.8550
372438067,-0.63965,-0.80310,-0.49438,-6.2443,-42.2214,6.6107,0.54639,-1.07581,-0.14307,-9.8931,-35.3206,4.2366
372439067,-0.66052,-0.91223,-0.48621,-16.7099,-34.9389,11.4733,0.55005,-1.08105,-0.15002,-8.9924,-34.4656,3.6489
372440065,-0.69617,-0.90210,-0.45410,-19.6183,-29.7405,13.5802,0.55225,-1.08655,-0.15796,-8.0763,-33.5725,3.1069
372441069,-0.67590,-0.79004,-0.44995,-17.7405,-27.6565,14.6489,0.55347,-1.09143,-0.16528,-7.1374,-32.6336,2.6260
372442068,-0.65784,-0.66748,-0.45398,-20.5725,-28.5344,17.5267,0.55408,-1.09644,-0.17334,-6.1908,-31.6260,2.2061
372443068,-0.63391,-0.60339,-0.44153,-25.8473,-30.4656,20.9924,0.55396,-1.10095,-0.18115,-5.2519,-30.5649,1.8550
372444068,-0.56506,-0.61292,-0.36096,-23.1679,-32.8550,21.1985,0.55359,-1.10388,-0.18909,-4.3130,-29.4885,1.5573
372445068,-0.55847,-0.72278,-0.30225,-12.7557,-37.2977,18.7481,0.55261,-1.10596,-0.19836,-3.3969,-28.3969,1.2443
372446068,-0.59631,-0.93506,-0.33911,-4.9313,-40.1832,16.8015,0.55005,-1.10742,-0.20605,-2.5267,-27.2748,0.9618
372447068,-0.63660,-1.11560,-0.39319,-4.6565,-38.9466,16.2824,0.54675,-1.10754,-0.21191,-1.6718,-26.1374,0.7328
372448068,-0.65918,-1.13403,-0.40015,-8.2519,-34.1527,16.0840,0.54419,-1.10571,-0.21838,-0.7939,-24.9618,0.5420
372449067,-0.64526,-0.93152,-0.32214,-9.7405,-28.4046,15.4122,0.54187,-1.10229,-0.22583,0.0458,-23.7634,0.3588
372450067,-0.66736,-0.65039,-0.31226,-8.8931,-25.6412,15.9160,0.53979,-1.09900,-0.23340,0.8092,-22.5649,0.2061
372451068,-0.71704,-0.56689,-0.38196,-10.5802,-23.9160,19.3359,0.53784,-1.09473,-0.24194,1.4962,-21.3893,0.0458
372452068,-0.75415,-0.79688,-0.38330,-16.2137,-22.2595,24.3130,0.53491,-1.08972,-0.24927,2.1450,-20.2137,-0.1374
372453068,-0.75757,-1.17542,-0.31213,-20.4962,-20.9924,27.0229,0.53210,-1.08459,-0.25464,2.7328,-19.0305,-0.3359
372454067,-0.73535,-1.40125,-0.20398,-19.5954,-20.8779,25.5267,0.52869,-1.07910,-0.25928,3.2366,-17.8855,-0.5038
372455067,-0.71973,-1.36743,-0.12109,-15.5649,-22.0534,22.0534,0.52454,-1.07397,-0.26404,3.6870,-16.7863,-0.6565
372456068,-0.69153,-1.21802,-0.04675,-13.8397,-22.7634,20.4198,0.52124,-1.06848,-0.26868,4.0916,-15.7099,-0.8168
372457067,-0.64941,-1.12671,0.04028,-17.0992,-22.8779,22.0382,0.51904,-1.06238,-0.27295,4.4580,-14.6260,-1.0153
372458068,-0.61877,-1.12903,0.10474,-21.7786,-23.1069,24.6641,0.51697,-1.05640,-0.27808,4.7481,-13.5802,-1.1908
372459068,-0.62256,-1.18909,0.10498,-23.3282,-23.9160,25.9160,0.51343,-1.04956,-0.28186,4.9695,-12.5649,-1.3588
372460067,-0.65002,-1.25293,0.05664,-22.1908,-24.9084,25.4351,0.50952,-1.04187,-0.28381,5.1527,-11.5496,-1.5802
372461068,-0.68372,-1.26355,0.02124,-20.6641,-25.7863,23.9847,0.50720,-1.03516,-0.28577,5.2901,-10.5573,-1.8473
372462068,-0.70789,-1.26221,-0.03320,-17.8092,-27.2366,22.0916,0.50549,-1.02820,-0.28870,5.3893,-9.6107,-2.1450
372463068,-0.72583,-1.30908,-0.09424,-11.9771,-29.4504,19.5038,0.50305,-1.02039,-0.29126,5.4656,-8.6794,-2.4733
372464067,-0.73535,-1.41467,-0.11353,-5.2290,-31.5496,16.5878,0.49963,-1.01306,-0.29236,5.5420,-7.8015,-2.8092
372465067,-0.71399,-1.50366,-0.10291,-1.5038,-32.0076,13.9847,0.49634,-1.00623,-0.29382,5.5649,-6.9542,-3.1527
372466067,-0.70679,-1.47876,-0.13184,-2.2443,-31.5954,12.3130,0.49426,-1.00024,-0.29541,5.5267,-6.1450,-3.5420
372467067,-0.72290,-1.35449,-0.21472,-5.0382,-30.5115,11.8473,0.49207,-0.99500,-0.29517,5.4733,-5.3588,-3.9695
372468067,-0.73486,-1.21802,-0.27393,-8.0992,-29.0916,12.8168,0.48877,-0.98999,-0.29419,5.4427,-4.5954,-4.4275
372469067,-0.73596,-1.16455,-0.29260,-12.5878,-27.5802,15.4046,0.48535,-0.98438,-0.29224,5.3817,-3.8779,-4.8855
372470067,-0.72241,-1.19177,-0.28613,-19.2137,-25.7405,18.6870,0.48181,-0.97778,-0.28955,5.2443,-3.1908,-5.3511
372471067,-0.72559,-1.22961,-0.28333,-25.1908,-24.4275,21.1450,0.47839,-0.97119,-0.28796,5.0229,-2.5267,-5.8244
372472067,-0.74451,-1.24194,-0.28748,-26.9313,-24.0305,21.8626,0.47522,-0.96509,-0.28662,4.7863,-1.9008,-6.2824
372473067,-0.75317,-1.24280,-0.29150,-24.3893,-24.6412,21.2443,0.47205,-0.95911,-0.28589,4.5344,-1.3282,-6.7634
372474067,-0.76465,-1.24988,-0.31226,-20.6260,-25.9924,20.2595,0.46863,-0.95312,-0.28491,4.2519,-0.7939,-7.1985
372475068,-0.76660,-1.24390,-0.30969,-18.0534,-26.5267,19.4198,0.46558,-0.94714,-0.28125,3.9084,-0.2901,-7.6107
372476067,-0.74475,-1.24658,-0.26367,-16.2366,-26.2519,18.8321,0.46399,-0.94153,-0.27747,3.5191,0.1908,-8.0000
372477067,-0.71313,-1.27417,-0.24915,-13.1221,-25.9237,17.7634,0.46313,-0.93689,-0.27515,3.1145,0.6336,-8.3740
372478067,-0.73682,-1.32043,-0.29700,-9.4122,-26.0611,16.4046,0.46204,-0.93225,-0.27222,2.6870,1.0305,-8.7099
372479065,-0.79285,-1.40063,-0.35632,-9.5954,-25.5420,15.9847,0.46045,-0.92786,-0.26819,2.2519,1.4122,-9.0076
372480065,-0.78992,-1.47778,-0.34717,-14.3053,-23.1679,16.3130,0.45837,-0.92456,-0.26343,1.8015,1.7710,-9.2672
372481065,-0.79431,-1.48230,-0.32019,-18.0992,-21.4962,15.7710,0.45532,-0.92102,-0.25781,1.3359,2.0916,-9.5038
372482065,-0.79541,-1.39429,-0.30273,-16.2977,-20.3359,13.5191,0.45349,-0.91626,-0.25110,0.8855,2.4122,-9.7176
372483065,-0.75720,-1.28027,-0.28735,-11.1756,-20.2748,11.0382,0.45337,-0.91052,-0.24292,0.4962,2.7710,-9.8931
372484069,-0.71851,-1.20801,-0.31287,-8.3664,-20.8015,10.0000,0.45264,-0.90442,-0.23352,0.1145,3.1298,-10.0305
372485068,-0.68823,-1.20154,-0.33240,-9.5649,-21.2443,10.6489,0.45215,-0.89844,-0.22388,-0.2748,3.4733,-10.1298
372486068,-0.68701,-1.28577,-0.36389,-11.5420,-22.8550,11.9618,0.45154,-0.89282,-0.21448,-0.6794,3.8092,-10.1908
372487068,-0.68054,-1.38623,-0.38611,-11.9160,-24.4427,12.4885,0.45105,-0.88696,-0.20361,-1.0916,4.1679,-10.2443
372488067,-0.68030,-1.35486,-0.38696,-12.0916,-25.5191,12.0840,0.45105,-0.88098,-0.19141,-1.4733,4.5267,-10.2748
372489067,-0.71216,-1.17712,-0.41553,-14.7557,-25.2901,12.2595,0.44983,-0.87610,-0.17798,-1.8015,4.8931,-10.2748
372490068,-0.73975,-1.00024,-0.46204,-18.7176,-23.5649,13.7710,0.44751,-0.87134,-0.16333,-2.1221,5.2824,-10.2824
372491068,-0.76721,-0.96619,-0.49268,-19.1603,-21.6107,15.2137,0.44482,-0.86597,-0.14844,-2.4656,5.7023,-10.2748
372492068,-0.80005,-1.10815,-0.50854,-14.7405,-19.9542,15.1527,0.44299,-0.86060,-0.13293,-2.8244,6.1221,-10.2519
372493067,-0.83130,-1.34180,-0.55798,-10.4351,-18.4733,13.8092,0.44141,-0.85522,-0.11658,-3.2137,6.5649,-10.2137
372494068,-0.84802,-1.49402,-0.60681,-9.5344,-16.3206,11.6870,0.43994,-0.85083,-0.09937,-3.6260,7.0382,-10.1450
372495068,-0.82751,-1.45959,-0.57971,-10.0382,-13.6565,9.2672,0.43921,-0.84705,-0.08191,-4.0229,7.5344,-10.1374
372496068,-0.77893,-1.30396,-0.48743,-10.3511,-11.5344,7.7252,0.43872,-0.84253,-0.06311,-4.3969,8.0458,-10.1527
372497068,-0.72986,-1.18115,-0.40051,-11.7252,-10.3282,8.3130,0.43860,-0.83838,-0.04333,-4.7939,8.5878,-10.1679
372498067,-0.69434,-1.18347,-0.33105,-15.5191,-9.2672,10.9008,0.43738,-0.83496,-0.02332,-5.1985,9.1756,-10.1756
372499067,-0.66797,-1.28528,-0.25818,-21.0534,-8.1832,13.9160,0.43616,-0.83191,-0.00269,-5.5878,9.7939,-10.2137
372500067,-0.64648,-1.39783,-0.22705,-25.2672,-8.0382,15.4275,0.43628,-0.82947,0.01807,-5.9542,10.4656,-10.2519
372501067,-0.64490,-1.42810,-0.25537,-25.2901,-9.6489,14.5191,0.43616,-0.82629,0.04077,-6.3206,11.2061,-10.2977
372502067,-0.66394,-1.37219,-0.30261,-22.0076,-12.8779,12.1527,0.43604,-0.82117,0.06555,-6.6947,12.0229,-10.3893
372503067,-0.67139,-1.32300,-0.34302,-18.3359,-16.2443,9.8550,0.43506,-0.81140,0.11658,-7.3893,13.7557,-10.6336
372504067,-0.68884,-1.33105,-0.39856,-14.9771,-19.1756,7.7176,0.43518,-0.80896,0.14136,-7.7176,14.6565,-10.7634
372505067,-0.73120,-1.35522,-0.47595,-10.8397,-20.6489,5.0153,0.43616,-0.80762,0.16699,-8.0229,15.5878,-10.9160
372506067,-0.76526,-1.35791,-0.55823,-7.1756,-19.7939,2.2366,0.43677,-0.80750,0.19446,-8.2672,16.5573,-11.0763
372507067,-0.80566,-1.33691,-0.65662,-7.3664,-17.0763,0.8473,0.43640,-0.80811,0.22290,-8.3969,17.6031,-11.2443
372508067,-0.84192,-1.28442,-0.72742,-11.8931,-12.2901,1.2595,0.43542,-0.80872,0.25134,-8.3969,18.7405,-11.4580
372509068,-0.84790,-1.21008,-0.73279,-17.7710,-6.5267,2.8015,0.43542,-0.80920,0.27905,-8.2824,19.9389,-11.7405
372510067,-0.83630,-1.16492,-0.69250,-22.2214,-1.3664,4.7405,0.43481,-0.80945,0.30701,-8.0916,21.1756,-12.0763
372511067,-0.81531,-1.18286,-0.63892,-24.3588,2.5038,6.4351,0.43286,-0.80908,0.33643,-7.8244,22.4504,-12.4351
372512068,-0.78760,-1.24268,-0.60718,-24.8550,4.8168,7.3435,0.43079,-0.80737,0.36731,-7.4733,23.7863,-12.8397
372513068,-0.74817,-1.27625,-0.54565,-24.3206,6.2748,6.9389,0.42883,-0.80457,0.40088,-7.0687,25.1679,-13.2824
372514067,-0.68848,-1.24146,-0.42908,-22.3817,6.8855,5.2977,0.42725,-0.80237,0.43689,-6.6107,26.6183,-13.7710
372515067,-0.62671,-1.18359,-0.32983,-19.8321,6.2137,3.5038,0.42542,-0.80017,0.47302,-6.1145,28.1374,-14.2977
372516068,-0.58972,-1.16760,-0.26611,-18.1679,4.8244,2.3435,0.42358,-0.79736,0.50879,-5.5191,29.6947,-14.8626
372517068,-0.57959,-1.19519,-0.23779,-17.5191,3.4351,1.5420,0.42151,-0.79358,0.54651,-4.8244,31.2672,-15.4427
372518068,-0.58789,-1.21851,-0.25745,-17.8244,2.4885,0.7786,0.41956,-0.78918,0.58594,-4.0382,32.8779,-16.0611
372519068,-0.60815,-1.20679,-0.29541,-18.9695,1.9542,0.1450,0.41675,-0.78467,0.62622,-3.2214,34.5115,-16.7328
372520068,-0.62866,-1.17896,-0.31665,-20.1221,1.9237,-0.1298,0.41321,-0.77917,0.66748,-2.3817,36.1450,-17.4275
372521067,-0.64844,-1.16101,-0.33167,-21.1221,2.1985,0.0305,0.41003,-0.77332,0.71008,-1.4809,37.8015,-18.1221
372522067,-0.66650,-1.13892,-0.34875,-22.0305,3.0534,0.2443,0.40710,-0.76831,0.75293,-0.4885,39.4275,-18.7863
372523068,-0.67493,-1.09045,-0.33997,-22.0076,4.7710,0.0992,0.40356,-0.76343,0.79541,0.6031,41.0534,-19.4427
372524068,-0.67834,-1.03406,-0.32520,-21.0763,6.6947,-0.1450,0.39856,-0.75781,0.83899,1.8244,42.6794,-20.0992
372525067,-0.68030,-1.01648,-0.36926,-20.4962,7.7863,0.0992,0.39319,-0.75134,0.88354,3.1603,44.3053,-20.7481
372526067,-0.68420,-1.04895,-0.43604,-20.7176,8.4351,0.6718,0.38806,-0.74402,0.92798,4.5878,45.8931,-21.3511
372527068,-0.62036,-1.09363,-0.32068,-22.4733,11.1069,0.9847,0.38232,-0.73730,0.97302,6.1145,47.4122,-21.9389
372528068,-0.58386,-1.09778,-0.25708,-24.8092,12.3053,1.3664,0.37659,-0.73059,1.02014,7.7634,48.8779,-22.4427
372529067,-0.56506,-1.09485,-0.22705,-26.6107,13.3893,1.5954,0.37024,-0.72229,1.06921,9.4885,50.3359,-22.8779
372530068,-0.54688,-1.08301,-0.19580,-26.8015,14.6565,1.3282,0.36304,-0.71313,1.11853,11.2443,51.7634,-23.2290
372531067,-0.53809,-1.08594,-0.17749,-26.1069,15.1374,0.7405,0.35632,-0.70398,1.16882,13.0382,53.1069,-23.5115
372532067,-0.53967,-1.10583,-0.16113,-24.7023,14.7710,-0.1145,0.34924,-0.69531,1.22168,14.9237,54.3740,-23.7710
372533068,-0.53467,-1.13367,-0.12500,-22.1985,13.6336,-1.2977,0.34033,-0.68616,1.27539,16.9008,55.5878,-24.0305
372534067,-0.52332,-1.15088,-0.08789,-19.8244,12.2977,-2.6031,0.33044,-0.67615,1.32922,18.9237,56.6947,-24.2748
372535067,-0.54089,-1.14001,-0.05298,-18.7481,11.1145,-3.5954,0.32019,-0.66589,1.38318,21.0229,57.7481,-24.4885
372536067,-0.78308,-1.03516,0.03296,-18.8244,9.8168,-4.0840,0.30884,-0.65527,1.43823,23.1832,58.7481,-24.7099
372537067,-1.08447,-0.66699,-0.14429,-19.7634,7.7176,-3.5802,0.29663,-0.64453,1.49524,25.3511,59.6336,-24.9160
372538067,-0.79346,-0.26257,-0.75647,-9.2595,4.2977,-2.3282,0.28455,-0.63281,1.55151,27.5496,60.3511,-25.1221
372539067,-0.54163,-0.63599,-1.61877,37.8168,-16.7099,-4.7710,0.27246,-0.62036,1.60535,29.7710,60.9618,-25.2977
372540065,-1.27332,-2.00000,-2.00000,108.4962,-61.7405,-12.3740,0.25928,-0.60754,1.65881,32.0687,61.5115,-25.4198
372541069,-2.00000,-2.00000,-2.00000,142.7252,-89.2977,-21.3740,0.24634,-0.59375,1.71350,34.4122,61.9084,-25.4733
372542064,-2.00000,-2.00000,-2.00000,129.7939,-89.9618,-36.8092,0.23389,-0.57910,1.76782,36.7405,62.1221,-25.4198
372543069,-2.00000,-2.00000,-2.00000,116.6794,-69.5649,-65.0763,0.21985,-0.56409,1.82056,38.9924,62.1374,-25.3817
372544068,-2.00000,-2.00000,-2.00000,132.3817,-24.8626,-95.8244,0.20483,-0.54883,1.87305,41.1908,61.9466,-25.3740
372545068,-2.00000,-2.00000,-2.00000,166.5954,40.7481,-116.6870,0.19067,-0.53259,1.92651,43.3511,61.5649,-25.3511
372546068,-2.00000,-2.00000,-2.00000,196.8321,111.4427,-128.1145,0.17651,-0.51599,1.98096,45.4809,60.9771,-25.2290
372547068,-2.00000,-2.00000,-2.00000,191.4656,178.5802,-135.6641,0.16321,-0.50000,1.99994,47.5649,60.1985,-25.0458
372548068,-2.00000,-2.00000,-2.00000,153.6565,237.6947,-147.1527,0.15051,-0.48401,1.99994,49.6183,59.2443,-24.8550
372549068,-2.00000,-2.00000,-2.00000,145.8092,250.1298,-175.9847,0.13770,-0.46790,1.99994,51.6489,58.0916,-24.6565
372550067,-2.00000,-2.00000,-2.00000,185.8397,250.1298,-210.1679,0.12524,-0.45032,1.99994,53.6565,56.7252,-24.4198
372551067,-1.89441,-2.00000,-2.00000,221.0534,250.1298,-226.4122,0.11365,-0.43054,1.99994,55.6031,55.1908,-24.2061
372552068,-0.76074,-1.66528,-0.75488,216.9466,250.1298,-221.1603,0.10229,-0.40955,1.99994,57.5267,53.4885,-24.0229
372553067,-0.28027,-1.45020,-0.12158,187.9237,250.1298,-206.6183,0.09119,-0.38708,1.99994,59.4427,51.5878,-23.7863
372554067,0.26819,-0.67310,1.53394,164.3053,250.1298,-199.2290,0.08069,-0.36279,1.99994,61.2748,49.4809,-23.4580
372555067,1.48413,0.60681,1.99994,159.7634,250.1298,-198.0611,0.07031,-0.33789,1.99994,63.0076,47.1679,-23.0229
372556067,1.88831,1.34082,1.99994,146.4809,250.1298,-182.2290,0.06055,-0.31323,1.99994,64.6794,44.6718,-22.5191
372557067,0.78113,0.59912,1.99994,118.9466,229.9237,-150.0458,0.05139,-0.28784,1.99994,66.3206,41.9924,-21.9313
372558067,-0.04736,-1.35083,1.47058,123.1450,177.8550,-131.0076,0.04297,-0.26184,1.99994,67.9008,39.1298,-21.2672
372559067,-0.10144,-2.00000,1.65808,145.7557,143.7405,-133.2748,0.03442,-0.23535,1.99994,69.4046,36.0916,-20.5191
372560068,0.43945,-2.00000,1.99994,150.0000,125.4275,-143.7252,0.02490,-0.20837,1.99994,70.8015,32.8931,-19.7176
372561068,0.82227,-1.54968,1.99994,145.0458,113.3893,-149.0763,0.01538,-0.18213,1.99994,72.0611,29.5038,-18.8244
372562067,0.57947,-0.87390,1.99994,143.3206,92.6183,-139.6031,0.00610,-0.15686,1.99994,73.1985,25.9237,-17.8321
372563067,0.13330,-1.43640,1.99994,136.9542,82.2824,-129.7405,-0.00342,-0.13281,1.99994,74.2519,22.1527,-16.7481
372564067,-0.48877,-2.00000,1.24951,131.7099,88.1679,-134.1374,-0.01428,-0.10962,1.99994,75.2290,18.2137,-15.5496
372565068,-0.32788,-2.00000,0.72815,129.0458,111.5496,-150.2290,-0.02490,-0.08691,1.99994,76.1298,14.1374,-14.2977
372566067,0.18750,-2.00000,1.71912,118.9618,131.3893,-171.4351,-0.03491,-0.06604,1.99994,76.9618,9.9084,-13.0305
372567068,-0.10632,-2.00000,1.49390,109.0763,111.0076,-186.9466,-0.04468,-0.04590,1.99994,77.7634,5.5420,-11.7023
372568068,-0.43933,-1.33960,0.11304,118.4046,90.5649,-197.3969,-0.05432,-0.02747,1.99994,78.5420,1.0611,-10.2443
372569068,-0.32812,-0.78992,0.17651,136.9847,85.5496,-204.5115,-0.06458,-0.01416,1.99994,79.2977,-3.5649,-8.6336
372570067,0.03003,-0.68054,1.72559,127.1374,102.5725,-199.3206,-0.07422,-0.00500,1.99994,80.0076,-8.3740,-6.9771
372571068,0.07983,-0.76672,1.99994,77.7252,115.8779,-177.0153,-0.08350,0.00269,1.99994,80.7405,-13.3282,-5.3511
372572068,-0.56726,-0.83508,1.35962,34.4809,104.8855,-150.6489,-0.09253,0.01062,1.99994,81.5267,-18.3740,-3.7481
372573068,-0.86157,-0.66748,0.70154,37.9771,113.8550,-139.0916,-0.10156,0.01672,1.99994,82.4046,-23.5038,-2.1298
372574068,-0.14429,-0.08008,1.99994,51.4885,139.4198,-134.5115,-0.11023,0.01953,1.99994,83.4046,-28.6947,-0.4809
372575068,0.68213,0.40955,1.99994,15.4427,153.7023,-116.2137,-0.11755,0.02002,1.99994,84.5802,-33.9695,1.2137
372576068,0.85461,0.48694,1.99994,-43.8168,143.1756,-92.4046,-0.12439,0.01758,1.99994,85.9542,-39.2824,2.9695
372577067,1.07507,0.41614,1.99994,-51.2519,129.1603,-88.1603,-0.13159,0.01306,1.99994,87.4275,-44.6260,4.7939
372578068,1.59363,-0.03967,1.99994,-3.5725,104.7634,-101.9160,-0.13684,0.00708,1.99994,88.9924,-49.9847,6.6565
372579067,1.61951,-1.09375,1.99994,36.0229,58.4580,-117.0763,-0.13989,-0.00061,1.99994,90.7939,-55.3511,8.5878
372580067,1.31653,-1.76294,1.99994,46.0076,15.3893,-130.4733,-0.14246,-0.00842,1.99994,92.9466,-60.6718,10.5344
372581064,1.28870,-1.16101,1.99994,53.8931,-11.5038,-143.6412,-0.14478,-0.01672,1.99994,95.3511,-65.9160,12.4809
372582069,1.38721,-0.07397,1.99994,68.0763,-32.0611,-149.9389,-0.14551,-0.02600,1.99994,97.9618,-71.0992,14.4427
372583067,1.16101,0.34216,1.99994,77.6336,-57.4656,-144.3893,-0.14404,-0.03662,1.99994,100.7634,-76.2137,16.4580
372584068,0.54529,-0.39844,1.99994,75.4809,-76.1450,-126.8397,-0.14111,-0.04858,1.99994,103.7786,-81.2595,18.5420
372585068,-0.30884,-2.00000,1.99994,48.0458,-86.4962,-102.2519,-0.13904,-0.05994,1.99994,107.0229,-86.2137,20.6183
372586067,-1.19104,-2.00000,1.13501,-9.2366,-80.7481,-84.3053,-0.13721,-0.07141,1.99994,110.4809,-91.0992,22.6718
372587067,-1.62012,-2.00000,1.21948,-66.7481,-48.7710,-86.1374,-0.13403,-0.08435,1.99994,114.1145,-95.8702,24.7405
372588067,-0.90588,-1.57812,1.99994,-97.8855,-2.0916,-97.5267,-0.13110,-0.09802,1.99994,117.9160,-100.4962,26.8702
372589067,-0.14868,0.58032,1.99994,-120.7939,21.3511,-96.3969,-0.12878,-0.11108,1.99994,121.9160,-104.9924,29.0153
372590068,0.17920,0.97302,1.99994,-144.0840,21.8092,-80.9237,-0.12573,-0.12463,1.99994,126.1298,-109.3435,31.1679
372591068,0.97644,-0.02002,1.99994,-146.4962,35.6260,-73.5954,-0.12207,-0.13855,1.99994,130.4962,-113.6107,33.2977
372592067,0.83875,-1.42041,1.99994,-146.0611,22.8702,-75.6260,-0.11951,-0.15222,1.99994,134.9695,-117.7786,35.4427
372593067,0.03162,-2.00000,1.99994,-162.2824,-9.2366,-76.3359,-0.11816,-0.16638,1.99994,139.5496,-121.8397,37.5496
372594067,0.32837,-2.00000,1.99994,-174.8015,-17.5038,-79.8397,-0.11804,-0.18079,1.99994,144.2290,-125.8244,39.5649
372595068,1.24744,-2.00000,1.99994,-164.6870,-26.8473,-89.0534,-0.11816,-0.19495,1.99994,148.9695,-129.7557,41.5344
372596067,1.98181,0.25000,1.99994,-147.1450,-42.9542,-96.5038,-0.11841,-0.20947,1.99994,153.7481,-133.6183,43.4656
372597068,1.99994,1.93884,1.99994,-143.0076,-67.8244,-87.5649,-0.11987,-0.22498,1.99994,158.5573,-137.4198,45.3817
372598067,1.99994,1.88000,1.99994,-160.2366,-122.2519,-63.5878,-0.12219,-0.24060,1.99994,163.3435,-141.1756,47.2748
372599067,1.64050,0.57825,1.99994,-182.4046,-191.7863,-43.8855,-0.12573,-0.25757,1.99994,168.0458,-144.9389,49.1374
372600068,0.87463,-1.18494,1.99994,-177.3740,-244.2366,-46.6718,-0.12952,-0.27612,1.99994,172.6794,-148.7481,50.9313
372601068,0.62622,-2.00000,1.99994,-145.5954,-250.1374,-69.2290,-0.13818,-0.31482,1.99994,181.8397,-156.5115,54.4427
372602068,0.46729,-1.25964,1.99994,-120.5115,-250.1374,-96.8092,-0.14307,-0.33472,1.99994,186.3359,-160.4580,56.0992
372603068,0.27612,1.81702,1.99994,-119.2519,-250.1374,-109.7176,-0.14783,-0.35522,1.99994,190.7634,-164.4351,57.7023
372604068,-0.01074,1.99994,1.99994,-121.1527,-250.1374,-93.6031,-0.15369,-0.37659,1.99994,195.1527,-168.4885,59.2824
372605067,-0.87512,1.99994,1.51221,-111.0076,-250.1374,-66.7099,-0.16064,-0.39734,1.99994,199.4580,-172.5954,60.8473
372606067,-1.27393,-0.13037,1.48022,-81.9237,-231.5344,-59.6031,-0.16858,-0.41602,1.99994,203.6565,-176.7786,62.3740
372607067,-0.58801,-2.00000,1.99994,-66.2519,-184.7557,-72.3969,-0.17639,-0.43433,1.99994,207.7557,-181.0534,63.8931
372608067,-0.23364,-1.36841,1.99994,-104.2672,-165.4733,-82.9313,-0.18347,-0.45386,1.99994,211.7634,-185.4275,65.4198
372609065,-0.25793,1.55200,1.99994,-152.6107,-168.6183,-82.5267,-0.19116,-0.47290,1.99994,215.6870,-189.9008,66.9542
372610069,-0.08557,1.99994,1.99994,-147.5038,-180.1756,-69.0382,-0.19958,-0.49060,1.99994,219.4962,-194.4733,68.4733
372611068,0.27283,1.99994,1.99994,-117.9771,-209.9542,-43.0458,-0.20911,-0.50696,1.99994,223.1298,-199.1679,70.0153
372612067,0.46851,-0.70691,1.99994,-122.8244,-237.9084,-22.2290,-0.21936,-0.52319,1.99994,226.5954,-203.9542,71.5802
372613067,0.13293,-2.00000,1.99994,-151.2824,-250.1374,-22.5954,-0.23083,-0.54016,1.99994,229.8779,-208.8015,73.1756
372614067,0.06372,-0.73291,1.99994,-163.1374,-250.1374,-42.1527,-0.24316,-0.55713,1.99994,232.9695,-213.7328,74.7939
372615067,0.34961,1.79114,1.99994,-148.7634,-250.1374,-58.9542,-0.25525,-0.57373,1.99994,235.8321,-218.8092,76.4962
372616068,0.10486,1.99994,1.82007,-114.3130,-250.1374,-57.9466,-0.26758,-0.59070,1.99994,238.4046,-224.0534,78.2824
372617067,-0.33691,1.58655,1.17493,-74.8092,-250.1374,-51.6183,-0.28027,-0.60852,1.99994,240.6718,-229.4046,80.1221
372618067,-0.54614,-0.42175,0.47485,-49.9084,-250.1374,-54.0992,-0.29224,-0.62720,1.99994,242.6718,-234.8473,82.0458
372619068,-1.01294,-1.50366,-1.13354,-38.8168,-250.1374,-72.1832,-0.30408,-0.64746,1.99994,244.3817,-240.3893,84.0229
372620067,-1.47681,-0.33276,-2.00000,-24.4351,-250.1374,-100.3511,-0.31616,-0.66968,1.99994,245.7786,-246.0611,86.0763
372621068,-1.39563,1.99994,-1.51086,-12.0687,-250.1374,-117.6489,-0.32739,-0.69385,1.99994,246.9008,-250.1374,88.1908
372622067,-1.05847,1.99994,-0.80188,-19.4504,-227.9008,-106.8168,-0.33826,-0.72034,1.99994,247.7099,-250.1374,90.3893
372623067,-0.68909,1.99994,-1.28137,-38.0076,-204.6718,-76.8779,-0.34900,-0.74854,1.99994,248.1756,-250.1374,92.6183
372624067,-0.47180,1.99994,-0.26074,-37.8321,-166.4351,-58.7710,-0.36011,-0.77783,1.99994,248.3206,-250.1374,94.8702
372625067,-0.11548,1.99994,1.91235,-19.1145,-128.0000,-59.2137,-0.37036,-0.80835,1.99994,248.2061,-250.1374,97.1832
372626065,0.97729,1.99994,1.99994,-16.3359,-99.0763,-55.2519,-0.37805,-0.84009,1.99994,247.8397,-250.1374,99.5267
372627069,1.99994,1.99994,1.99994,-16.3282,-90.3511,-44.7023,-0.38538,-0.87268,1.99994,247.2672,-250.1374,101.8626
372628067,1.99994,1.99994,1.99994,8.0382,-115.9771,-32.5420,-0.39185,-0.90576,1.99994,246.4656,-250.1374,104.1679
372629067,1.99994,1.99994,1.99994,17.6336,-169.2977,-5.6947,-0.39685,-0.93860,1.99994,245.4198,-250.1374,106.4580
372630065,1.99994,1.55664,1.99994,-18.0611,-222.3206,22.9618,-0.40125,-0.97119,1.99994,244.1603,-250.1374,108.6870
372631069,1.99994,1.78003,1.99994,-45.1756,-247.3588,24.2672,-0.40515,-1.00427,1.95178,242.7481,-250.1374,110.8473
372632068,1.99994,1.99994,1.99994,-40.2214,-237.9389,20.0916,-0.40784,-1.03796,1.88806,241.2061,-250.1374,112.8931
372633067,1.99994,1.99994,1.99994,-54.7634,-250.1374,36.8092,-0.40955,-1.07227,1.82153,239.4962,-250.1374,114.8397
372634065,1.99994,1.99994,1.99994,-75.7863,-250.1374,64.4733,-0.41113,-1.10608,1.75232,237.6260,-250.1374,116.6718
372635069,1.99994,1.99994,1.99994,-75.5496,-250.1374,100.3206,-0.41162,-1.13818,1.68213,235.6183,-250.1374,118.4198
372636068,1.83716,1.99994,1.99994,-86.7099,-250.1374,142.2977,-0.41028,-1.17017,1.61182,233.5038,-250.1374,120.0458
372637068,-0.59741,-0.54163,1.99994,-79.3206,-250.1374,144.6107,-0.40710,-1.20215,1.54114,231.3130,-250.1374,121.5344
372638068,0.18994,-0.85999,1.99994,-13.7939,-250.1374,115.1756,-0.40222,-1.23450,1.46899,229.0534,-250.1374,122.9084
372639068,1.99994,1.78809,1.99994,26.5573,-250.1374,93.3511,-0.39636,-1.26721,1.39636,226.7176,-250.1374,124.1450
372640067,1.76184,1.99994,1.99994,-1.5954,-250.1374,109.8626,-0.38977,-1.30029,1.32385,224.3359,-250.1374,125.2366
372641067,0.50171,1.99994,1.99994,-28.6260,-250.1374,148.6107,-0.38147,-1.33337,1.25012,221.9008,-250.1374,126.2061
372642067,-0.27344,1.99994,0.92737,-15.0305,-250.1374,180.9924,-0.37341,-1.36609,1.17542,219.4351,-250.1374,127.0687
372643067,-0.61804,-1.06702,0.81262,4.0840,-250.1374,183.6336,-0.36609,-1.39856,1.10132,216.9466,-250.1374,127.7634
372644068,-0.65417,-2.00000,1.15466,-4.3511,-250.1374,160.1298,-0.35681,-1.43030,1.02979,214.4275,-250.1374,128.2901
372645067,-1.02832,-1.91284,0.52039,-29.7099,-250.1374,127.8931,-0.34656,-1.46167,0.95984,211.8550,-250.1374,128.6718
372646068,-1.52380,1.99994,0.02954,-42.7252,-250.1374,114.6565,-0.33667,-1.49329,0.88928,209.2137,-250.1374,128.9237
372647068,-1.27234,1.99994,0.95215,-25.1221,-250.1374,132.0382,-0.32617,-1.52429,0.81836,206.5344,-250.1374,129.0687
372648068,-1.16980,1.44727,1.96729,15.7176,-250.1374,155.8092,-0.31482,-1.55408,0.74951,203.8321,-250.1374,129.0916
372649067,-1.84399,-2.00000,0.69324,67.3206,-250.1374,152.7099,-0.30273,-1.58398,0.68201,201.0611,-250.1374,128.9847
372650068,-2.00000,-2.00000,-1.53210,96.1985,-250.1374,123.7405,-0.29041,-1.61548,0.61536,198.2290,-250.1374,128.7099
372651068,-2.00000,-2.00000,-2.00000,98.6718,-250.1374,85.6183,-0.27783,-1.64758,0.55054,195.3817,-250.1374,128.2672
372652068,-2.00000,-2.00000,-2.00000,109.7710,-250.1374,51.5115,-0.26428,-1.67932,0.48682,192.5115,-250.1374,127.6489
372653068,-2.00000,-2.00000,-2.00000,143.3664,-250.1374,25.7176,-0.25073,-1.71130,0.42273,189.6336,-250.1374,126.9008
372654064,-2.00000,-1.42188,-2.00000,168.4733,-250.1374,12.5954,-0.23792,-1.74414,0.35828,186.7939,-250.1374,126.0076
372655065,-1.58093,-0.62695,-0.79895,85.6489,-250.1374,13.6107,-0.22559,-1.77856,0.29370,184.0076,-250.1374,124.9695
372656069,-2.00000,-0.57104,-0.98608,27.5725,-250.1374,16.7176,-0.21326,-1.81396,0.22913,181.3359,-250.1374,123.7481
372657064,-1.60278,-0.48291,0.15137,15.5344,-235.1756,15.5267,-0.20044,-1.85034,0.16577,178.7863,-250.1374,122.3740
372658069,-0.59375,-0.08740,1.99994,31.0153,-192.8626,13.2672,-0.18713,-1.88867,0.10278,176.4122,-250.1374,120.8550
372659068,-0.30188,0.87402,1.99994,35.8168,-191.4275,15.3511,-0.17371,-1.92883,0.03931,174.2366,-250.1374,119.1908
372660067,1.03394,1.63196,1.99994,41.3130,-184.2672,21.6260,-0.16113,-1.96924,-0.02441,172.3053,-250.1374,117.3664
372661067,1.99994,1.80371,1.99994,60.7710,-195.1069,28.9542,-0.14929,-2.00000,-0.08740,170.6489,-250.1374,115.3740
372662067,1.99994,1.39246,1.99994,61.5954,-250.1374,45.9542,-0.13745,-2.00000,-0.15002,169.2977,-250.1374,113.2443
372663067,0.87830,1.01160,1.99994,20.4122,-250.1374,71.9466,-0.12463,-2.00000,-0.21362,168.2519,-250.1374,110.9695
372664067,0.78894,0.94055,1.99994,-15.2214,-250.1374,96.5420,-0.11084,-2.00000,-0.27991,167.5115,-250.1374,108.5496
372665068,1.99994,1.32507,1.99994,-23.6260,-250.1374,114.6565,-0.09741,-2.00000,-0.34656,167.0687,-250.1374,105.9924
372666067,1.99994,1.99994,1.99994,-54.0229,-250.1374,135.2672,-0.08508,-2.00000,-0.41113,166.9160,-250.1374,103.3359
372667067,1.99994,1.99994,1.99994,-105.6947,-250.1374,161.2824,-0.07336,-2.00000,-0.47620,167.0153,-250.1374,100.5725
372668068,1.99994,1.99994,1.99994,-127.2748,-250.1374,181.2977,-0.06262,-2.00000,-0.54102,167.3664,-250.1374,97.7176
372669068,0.59570,1.99994,1.99994,-123.6183,-250.1374,196.9695,-0.05273,-2.00000,-0.60510,167.9084,-250.1374,94.7252
372670067,-0.47534,1.42517,1.00537,-87.3893,-250.1374,194.6107,-0.04333,-2.00000,-0.67017,168.5878,-250.1374,91.6260
372671068,-0.27295,-0.34521,1.83386,-13.3359,-250.1374,163.9466,-0.03381,-2.00000,-0.73645,169.3511,-250.1374,88.4046
372672067,-0.73254,0.56274,1.99994,20.7557,-250.1374,135.9618,-0.02441,-2.00000,-0.80396,170.1756,-250.1374,85.1145
372673067,-0.72742,1.99994,1.99994,-21.2061,-250.1374,142.6107,-0.01562,-2.00000,-0.87170,171.0000,-250.1374,81.7557
372674067,-0.49353,1.99994,1.99994,-52.0916,-250.1374,173.8779,-0.00867,-2.00000,-0.93896,171.7786,-250.1374,78.2977
372675067,-1.90393,1.99994,1.99994,-25.1145,-250.1374,204.4885,-0.00415,-2.00000,-1.00757,172.4885,-250.1374,74.7481
372676067,-2.00000,1.41577,-0.03076,-6.1985,-250.1374,226.1832,-0.00122,-2.00000,-1.07825,173.1298,-250.1374,71.1298
372677067,-2.00000,-0.04004,-1.14551,-38.1679,-250.1374,243.2137,0.00073,-2.00000,-1.14954,173.6718,-250.1374,67.4885
372678067,-2.00000,-0.29785,-1.63135,-99.9466,-250.1374,250.1298,0.00208,-2.00000,-1.21960,174.0534,-250.1374,63.8244
372679068,-2.00000,-0.87061,-1.04297,-133.1756,-250.1374,250.1298,0.00415,-2.00000,-1.28589,174.2901,-250.1374,60.1450
372680067,-2.00000,-2.00000,1.87000,-88.3740,-250.1374,250.1298,0.00684,-2.00000,-1.34839,174.3511,-250.1374,56.4504
372681068,-2.00000,-2.00000,1.99994,-39.5267,-250.1374,250.1298,0.00781,-2.00000,-1.40759,174.1908,-250.1374,52.7481
372682068,-2.00000,-2.00000,-0.36267,-66.5802,-250.1374,227.5954,0.00671,-2.00000,-1.46521,173.8168,-250.1374,49.0611
372683068,-2.00000,-2.00000,-1.85583,-111.9924,-250.1374,176.5954,0.00317,-2.00000,-1.52490,173.2443,-250.1374,45.3588
372684068,-2.00000,0.07361,-1.08301,-123.0229,-250.1374,144.5878,-0.00378,-2.00000,-1.58643,172.4580,-250.1374,41.6412
372685068,-1.98096,-0.87451,0.45715,-117.6031,-250.1374,133.4962,-0.01270,-2.00000,-1.64661,171.4733,-250.1374,37.9313
372686068,-2.00000,-1.83826,-0.41101,-106.4427,-250.1374,112.3435,-0.02161,-2.00000,-1.70410,170.2977,-250.1374,34.2443
372687068,-2.00000,-1.87878,-2.00000,-62.3511,-250.1374,80.0305,-0.02991,-2.00000,-1.75989,168.9389,-250.1374,30.5878
372688068,-2.00000,-1.78857,-1.19019,-2.3588,-250.1374,52.5115,-0.03796,-2.00000,-1.81494,167.4122,-250.1374,27.0229
372689067,-2.00000,-1.42822,-1.14343,24.3359,-250.1374,51.0611,-0.04578,-2.00000,-1.86951,165.7710,-250.1374,23.4962
372690068,-2.00000,-0.95605,-2.00000,26.5802,-250.1374,68.7405,-0.05225,-2.00000,-1.92334,164.0305,-250.1374,20.0153
372691068,-2.00000,-0.51294,-2.00000,54.4962,-250.1374,82.2366,-0.05896,-2.00000,-1.97607,162.2290,-250.1374,16.6031
372692068,-2.00000,-1.57361,-2.00000,77.0076,-250.1374,95.0763,-0.06531,-2.00000,-2.00000,160.3893,-250.1374,13.2443
372693068,-2.00000,-2.00000,-2.00000,71.2901,-250.1374,99.9847,-0.07080,-2.00000,-2.00000,158.5115,-250.1374,9.9618
372694068,-2.00000,-2.00000,-2.00000,55.6183,-250.1374,85.3588,-0.07654,-2.00000,-2.00000,156.5954,-250.1374,6.7863
372695068,-2.00000,-2.00000,-2.00000,29.1145,-250.1374,71.6412,-0.08154,-2.00000,-2.00000,154.6336,-250.1374,3.7023
372696068,-2.00000,-2.00000,-2.00000,-13.0076,-250.1374,63.8702,-0.08667,-2.00000,-2.00000,152.6794,-250.1374,0.6870
372697068,-2.00000,-2.00000,-2.00000,-31.2443,-250.1374,53.2137,-0.09094,-2.00000,-2.00000,150.7176,-250.1374,-2.2214
372698068,-2.00000,-2.00000,-2.00000,-25.8397,-250.1374,38.0916,-0.09473,-2.00000,-2.00000,148.7481,-250.1374,-5.0076
372699068,-2.00000,-2.00000,-0.25854,-32.1450,-250.1374,16.1450,-0.09827,-2.00000,-2.00000,146.7557,-250.1374,-7.7176
372700068,-1.99939,-1.75867,0.68591,-42.5420,-242.8626,-4.8931,-0.10034,-2.00000,-2.00000,144.7099,-250.1374,-10.3206
372701068,-1.93066,-0.47083,0.34460,-13.9542,-249.3435,-9.6565,-0.10144,-2.00000,-2.00000,140.4656,-249.2824,-15.0840
372702068,-0.89709,-1.49292,1.12952,51.6336,-250.1374,-4.5802,-0.10059,-2.00000,-2.00000,138.2824,-242.4427,-17.2290
372703068,-0.11536,-2.00000,1.99994,107.4885,-250.1374,-3.2061,-0.10168,-2.00000,-2.00000,136.0840,-235.5649,-19.2443
372704068,-0.49829,-2.00000,1.02966,121.8168,-250.1374,-8.3130,-0.10498,-2.00000,-2.00000,133.9084,-228.5649,-21.1756
372705068,-1.38635,-1.26562,-0.33411,111.3130,-250.1374,-16.8168,-0.10950,-2.00000,-2.00000,131.7481,-221.4504,-22.9695
372706068,-1.78064,0.27063,-0.03955,104.3893,-250.1374,-14.3511,-0.11450,-2.00000,-2.00000,129.6107,-214.2595,-24.6260
372707068,-1.58228,-0.33655,1.98572,99.4122,-250.1374,-1.3817,-0.11877,-2.00000,-2.00000,127.5191,-206.9847,-26.1527
372708067,-1.34705,-1.67383,1.99994,75.6336,-250.1374,10.1679,-0.12134,-2.00000,-2.00000,125.4962,-199.6489,-27.5725
372709067,-2.00000,-1.91602,0.01135,29.6718,-250.1374,14.6183,-0.12329,-2.00000,-2.00000,123.5267,-192.2519,-28.8397
372710068,-2.00000,-1.13000,-1.76050,-5.1527,-250.1374,14.2290,-0.12598,-2.00000,-2.00000,121.6107,-184.8092,-29.9466
372711068,-2.00000,-0.43799,-1.11731,-11.1145,-250.1374,15.0000,-0.12915,-2.00000,-2.00000,119.7939,-177.3206,-30.9160
372712068,-2.00000,-0.75403,-1.75854,-18.1145,-250.1374,34.6489,-0.13232,-2.00000,-2.00000,118.1145,-169.8015,-31.7786
372713068,-2.00000,-1.84021,-2.00000,-21.2824,-250.1374,55.0763,-0.13562,-2.00000,-2.00000,116.5573,-162.2901,-32.5267
372714067,-2.00000,-2.00000,-2.00000,18.1221,-250.1374,54.1756,-0.14062,-2.00000,-2.00000,115.0840,-154.7786,-33.1298
372715068,-1.87183,-2.00000,-0.01172,60.2519,-250.1374,45.9237,-0.14661,-2.00000,-2.00000,113.6870,-147.2901,-33.6336
372716067,-2.00000,-2.00000,-1.72632,74.8244,-250.1374,37.7939,-0.15332,-2.00000,-2.00000,112.3206,-139.8321,-34.0611
372717068,-2.00000,-2.00000,-2.00000,93.1298,-250.1374,24.0534,-0.16077,-2.00000,-2.00000,110.9542,-132.4275,-34.3893
372718068,-2.00000,-2.00000,-2.00000,109.8168,-250.1374,13.9008,-0.16663,-2.00000,-2.00000,109.5725,-125.0992,-34.5573
372719068,-2.00000,-2.00000,-2.00000,94.7634,-250.1374,3.0763,-0.17261,-2.00000,-2.00000,108.1908,-117.8092,-34.6031
372720068,-2.00000,-2.00000,-2.00000,89.6870,-250.1374,-23.9695,-0.17920,-1.97937,-2.00000,106.7786,-110.6718,-34.5573
372721067,-2.00000,-2.00000,-2.00000,119.5267,-250.1374,-59.4733,-0.18445,-1.95667,-2.00000,105.3359,-103.7023,-34.4351
372722068,-2.00000,-2.00000,-2.00000,128.3053,-250.1374,-77.0534,-0.18872,-1.93469,-2.00000,103.8931,-96.8626,-34.2137
372723067,-2.00000,-2.00000,-2.00000,79.5344,-250.1374,-61.0153,-0.19238,-1.91296,-2.00000,102.3206,-90.1145,-33.8855
372724068,-2.00000,-2.00000,-2.00000,25.7023,-235.5496,-42.8397,-0.19580,-1.89099,-2.00000,100.5725,-83.4733,-33.4809
372725068,-2.00000,-2.00000,-2.00000,13.8168,-174.6412,-54.0534,-0.19922,-1.86926,-2.00000,98.8626,-76.9847,-33.0305
372726068,-2.00000,-0.34277,-2.00000,9.1450,-131.2595,-64.0305,-0.20251,-1.84802,-2.00000,97.2519,-70.6641,-32.5344
372727068,-1.94519,1.54993,-2.00000,-26.0229,-126.8244,-37.3817,-0.20605,-1.82727,-2.00000,95.5344,-64.4962,-31.9847
372728068,-1.90784,0.73499,-1.98730,-53.5878,-120.6718,0.6947,-0.20947,-1.80786,-2.00000,93.7176,-58.4733,-31.3664
372729068,-1.73511,-1.00537,-1.11743,-44.6870,-116.5725,17.5191,-0.21179,-1.78906,-2.00000,91.8779,-52.6031,-30.6870
372730067,-1.78564,-2.00000,-1.61755,-19.1145,-126.8321,10.7557,-0.21460,-1.77063,-2.00000,90.0153,-46.9160,-29.9924
372731067,-2.00000,-2.00000,-2.00000,23.0534,-161.1756,-10.6489,-0.21838,-1.75256,-2.00000,88.1450,-41.4198,-29.2672
372732068,-2.00000,-2.00000,-2.00000,82.8626,-184.6336,-30.2290,-0.22229,-1.73608,-2.00000,86.2901,-36.1069,-28.5267
372733068,-2.00000,-2.00000,-2.00000,109.1908,-192.3206,-31.8779,-0.22815,-1.72180,-2.00000,84.4656,-30.9466,-27.8092
372734068,-2.00000,-2.00000,-1.10864,82.0458,-195.5267,-19.1908,-0.23547,-1.70825,-2.00000,82.7176,-25.9237,-27.0992
372735067,-2.00000,-2.00000,-0.95459,53.1908,-186.4962,-14.1221,-0.24133,-1.69556,-2.00000,81.0840,-21.0763,-26.3817
372736068,-2.00000,-2.00000,-1.85999,57.6641,-168.4809,-26.7557,-0.24622,-1.68335,-2.00000,79.5420,-16.4198,-25.6336
372737067,-2.00000,-2.00000,-2.00000,65.0076,-162.4580,-40.4351,-0.25085,-1.67139,-2.00000,78.1145,-11.9618,-24.8779
372738068,-2.00000,-2.00000,-2.00000,50.3435,-175.1603,-41.5038,-0.25452,-1.66077,-2.00000,76.7863,-7.7023,-24.1298
372739068,-2.00000,-2.00000,-2.00000,37.5573,-164.6336,-42.0382,-0.25757,-1.65076,-1.99988,75.5420,-3.6031,-23.3664
372740068,-2.00000,-2.00000,-2.00000,44.9160,-125.1908,-52.5725,-0.26111,-1.64026,-1.96326,74.3664,0.2901,-22.5878
372741068,-2.00000,-2.00000,-2.00000,56.3817,-100.5267,-71.8244,-0.26282,-1.62891,-1.92578,73.2748,3.9389,-21.7863
372742068,-2.00000,-2.00000,-2.00000,75.0687,-81.0153,-96.4809,-0.26318,-1.61694,-1.88721,72.2595,7.3893,-20.9389
372743068,-2.00000,-2.00000,-2.00000,107.5038,-33.7786,-116.5649,-0.26306,-1.60486,-1.84717,71.3282,10.6412,-20.0611
372744068,-2.00000,-1.38184,-2.00000,123.0458,22.0992,-116.9847,-0.26160,-1.59180,-1.80640,70.4656,13.6794,-19.1679
372745068,-2.00000,-1.50378,-2.00000,106.3511,39.7557,-101.7939,-0.26025,-1.57764,-1.76550,69.6336,16.4809,-18.2443
372746068,-2.00000,-1.68628,-2.00000,94.5267,25.9466,-86.9389,-0.25830,-1.56360,-1.72583,68.7939,19.0534,-17.3130
372747068,-1.54761,-1.99683,-1.70764,99.9237,6.2214,-77.5344,-0.25378,-1.55005,-1.68652,67.9389,21.4198,-16.4046
372748068,-1.00476,-2.00000,-0.37195,89.8779,-19.4504,-68.1069,-0.24780,-1.53687,-1.64612,67.0840,23.6183,-15.5573
372749068,-0.96863,-2.00000,-0.15564,55.4122,-52.4198,-56.8931,-0.24121,-1.52393,-1.60535,66.2137,25.6336,-14.7405
372750068,-1.03613,-1.26550,-1.46521,22.2366,-85.6947,-49.9389,-0.23389,-1.51160,-1.56396,65.3435,27.4580,-13.9466
372751068,-1.34338,0.16382,-2.00000,8.4351,-116.7252,-45.7710,-0.22559,-1.49988,-1.52234,64.4504,29.0992,-13.1985
372752068,-1.93054,0.38306,-2.00000,30.7863,-133.0382,-47.6565,-0.21655,-1.48950,-1.48120,63.5649,30.5878,-12.5191
372753068,-2.00000,-0.79663,-2.00000,85.9847,-118.0153,-60.3511,-0.20618,-1.47974,-1.43921,62.6947,31.9466,-11.9084
372754068,-2.00000,-2.00000,-2.00000,121.7405,-94.7634,-73.3664,-0.19421,-1.46973,-1.39465,61.8626,33.1756,-11.3740
372755068,-2.00000,-2.00000,-2.00000,121.1145,-70.0458,-83.4351,-0.18140,-1.46021,-1.34851,61.0687,34.3130,-10.8855
372756068,-2.00000,-1.18591,-2.00000,128.5191,-27.0229,-97.8397,-0.16846,-1.44946,-1.30212,60.2824,35.3969,-10.4351
372757068,-2.00000,0.09363,-2.00000,161.6260,12.6260,-106.6947,-0.15466,-1.43848,-1.25439,59.4962,36.4427,-10.0458
372758068,-2.00000,0.05212,-2.00000,193.9466,52.8626,-104.7099,-0.14050,-1.42932,-1.20776,58.7405,37.4122,-9.7557
372759068,-2.00000,-0.92712,-2.00000,204.1527,94.9389,-98.9924,-0.12671,-1.42163,-1.16235,58.0382,38.3359,-9.5420
372760068,-2.00000,-1.29382,-2.00000,171.0840,121.3893,-91.8779,-0.11340,-1.41516,-1.11816,57.4046,39.2137,-9.3893
372761068,-2.00000,-0.45496,-2.00000,115.5115,142.5878,-83.6412,-0.10120,-1.40894,-1.07605,56.8092,40.0763,-9.3053
372762067,-2.00000,0.86743,-2.00000,93.0840,191.1221,-83.6489,-0.08887,-1.40393,-1.03430,56.2443,40.9466,-9.2901
372763067,-1.70801,1.38892,0.54260,102.6412,231.2748,-83.4427,-0.07605,-1.40088,-0.99231,55.7176,41.7710,-9.4046
372764068,0.45898,0.77698,1.99994,86.6870,246.3893,-70.8397,-0.06360,-1.39905,-0.95203,55.2061,42.5038,-9.6718
372765068,1.39172,0.38647,1.99994,22.2061,216.6794,-51.2443,-0.05200,-1.39807,-0.91406,54.7023,43.1679,-10.0458
372766067,1.27002,0.58777,1.90979,-46.5496,135.7099,-23.5115,-0.04175,-1.39868,-0.87805,54.2214,43.7863,-10.5191
372767067,1.40662,0.93054,1.17676,-55.2061,56.0458,-0.8321,-0.03271,-1.40076,-0.84680,53.7863,44.3511,-11.0382
372768067,1.10889,0.97205,1.99994,-9.4733,-38.5115,17.0611,-0.02405,-1.40417,-0.81934,53.4351,44.8397,-11.6183
372769067,1.18152,0.70471,1.99994,4.2290,-115.3588,49.1221,-0.01660,-1.40881,-0.79333,53.1679,45.2672,-12.2595
372770067,0.93713,1.10278,1.99994,-58.4504,-182.1603,94.3206,-0.01001,-1.41418,-0.77002,52.9695,45.6336,-12.9542
372771067,-0.70923,1.74744,-1.44861,-134.9542,-250.1374,136.4122,-0.00354,-1.41943,-0.74915,52.8473,45.9237,-13.6565
372772067,-2.00000,1.83582,-2.00000,-136.2443,-250.1374,147.5725,0.00195,-1.42456,-0.73010,52.8168,46.1069,-14.3511
372773067,-2.00000,1.65076,-2.00000,-44.2977,-228.9847,117.9084,0.00696,-1.42981,-0.71350,52.8702,46.1908,-15.0840
372774068,-2.00000,0.99878,-2.00000,50.3511,-197.6870,80.6870,0.01074,-1.43469,-0.69836,52.9771,46.1298,-15.8092
372775068,-2.00000,-0.03210,-2.00000,68.7023,-143.3817,59.8550,0.01282,-1.43799,-0.68616,53.1450,45.9466,-16.4580
372776068,-2.00000,-0.48376,-2.00000,55.1298,-31.0000,39.2519,0.01465,-1.43970,-0.67664,53.3435,45.6794,-17.0305
372777068,-2.00000,-0.09851,-2.00000,78.6718,118.9466,5.9542,0.01721,-1.44043,-0.66833,53.5725,45.3206,-17.5267
372778067,-2.00000,0.62488,-2.00000,136.8550,245.0458,-27.8931,0.02014,-1.44006,-0.66089,53.7939,44.8626,-17.9389
372779068,-2.00000,0.93921,-2.00000,189.7634,250.1298,-42.5420,0.02258,-1.43701,-0.65356,53.9466,44.2672,-18.2366
372780068,-2.00000,-0.56750,-2.00000,202.8779,250.1298,-23.6031,0.02393,-1.43140,-0.64551,54.0458,43.5267,-18.4122
372781068,-1.88110,-2.00000,-1.54102,158.3053,250.1298,12.8168,0.02478,-1.42346,-0.63794,54.0763,42.6031,-18.4427
372782068,0.24329,-2.00000,1.99994,34.4809,250.1298,57.1985,0.02612,-1.41284,-0.63110,53.9618,41.5420,-18.3206
372783068,1.57764,-2.00000,1.99994,-19.8015,250.1298,77.7252,0.02783,-1.40051,-0.62366,53.6794,40.3588,-18.0763
372784068,1.99994,-0.49402,1.99994,-81.6641,210.2977,104.8550,0.03101,-1.38696,-0.61523,53.2366,39.0382,-17.7328
372785067,1.99658,0.04749,1.99994,-124.5038,127.0763,129.4962,0.03455,-1.37207,-0.60486,52.6336,37.5954,-17.2366
372786067,1.39514,-1.27637,1.99994,-105.7176,66.4122,128.2061,0.03699,-1.35657,-0.59399,51.8244,36.0534,-16.6031
372787067,1.36597,-2.00000,1.99994,-33.8931,19.2901,89.5038,0.03955,-1.34119,-0.58435,50.7710,34.4046,-15.9008
372788067,0.34326,-2.00000,1.99994,45.9542,-39.2061,34.5802,0.04272,-1.32605,-0.57507,49.4809,32.6489,-15.0992
372789067,-1.09973,-2.00000,1.99994,106.5496,-82.8626,-15.4656,0.04688,-1.31091,-0.56494,47.9924,30.8168,-14.1756
372790067,-1.49194,-2.00000,1.33020,149.0458,-76.0153,-54.1832,0.05078,-1.29675,-0.55457,46.3282,28.9008,-13.1679
372791067,-1.08618,-2.00000,1.19067,189.9466,-53.4198,-83.0534,0.05481,-1.28308,-0.54492,44.4962,26.9466,-12.1603
372792068,-1.01611,-1.47839,0.72351,223.2977,-42.8015,-94.5878,0.06018,-1.27039,-0.53613,42.5115,24.9618,-11.1450
372793067,-1.42700,-1.17957,-0.04297,213.6565,-33.4733,-77.2901,0.06580,-1.25928,-0.52686,40.4122,22.9313,-10.0687
372794067,-1.95642,-2.00000,-1.76355,144.8168,-21.9160,-42.2366,0.07178,-1.24878,-0.51648,38.2366,20.8779,-8.9542
372795067,-2.00000,-2.00000,-2.00000,59.1908,2.4580,-10.7176,0.07812,-1.23926,-0.50623,36.0076,18.8092,-7.8397
372796068,-2.00000,-1.97827,-2.00000,10.0840,31.6947,8.3664,0.08374,-1.23022,-0.49744,33.7176,16.7405,-6.7634
372797068,-2.00000,-1.77563,-2.00000,-17.8092,53.9847,18.2519,0.08948,-1.22168,-0.49023,31.4046,14.6794,-5.7023
372798068,-2.00000,-1.92432,-1.67700,-51.2290,66.3588,27.6794,0.09631,-1.21350,-0.48352,29.1145,12.6565,-4.6947
372799068,-2.00000,-1.93335,-1.46472,-64.7176,79.2977,24.7328,0.10278,-1.20618,-0.47681,26.8550,10.6870,-3.7405
372800068,-1.87305,-1.51758,-0.86084,-46.4046,107.1756,4.6947,0.11707,-1.19336,-0.45850,22.3740,6.8168,-1.9466
372801068,-1.31274,-1.16187,0.46802,-19.4122,143.4122,-19.9008,0.12573,-1.18713,-0.44946,20.2290,4.9542,-1.1069
372802068,-0.63611,-1.02588,1.99994,12.4733,173.1145,-39.1985,0.13293,-1.18152,-0.43982,18.1679,3.1374,-0.3588
372803068,0.15161,-1.05139,1.99994,31.4733,192.8244,-46.8626,0.14014,-1.17578,-0.42859,16.1679,1.3969,0.3130
372804068,1.07275,-1.08765,1.99994,21.1145,198.7023,-41.0992,0.14795,-1.16858,-0.41711,14.2443,-0.2672,0.9237
372805068,1.48328,-1.04456,1.99994,1.4275,171.2214,-29.6336,0.15576,-1.16028,-0.40686,12.3817,-1.8397,1.4962
372806067,1.57849,-0.97131,1.99994,-1.6794,118.3130,-19.3664,0.16492,-1.15186,-0.39673,10.5725,-3.3130,2.0076
372807068,1.99994,-0.63562,1.99994,4.2824,56.9389,-12.5954,0.17432,-1.14294,-0.38550,8.8550,-4.6718,2.4427
372808068,1.99994,-0.24194,1.99994,1.0687,-20.1908,-2.6183,0.18347,-1.13403,-0.37305,7.2366,-5.9008,2.8015
372809068,1.62976,-0.26624,1.99994,-8.0611,-93.3817,7.7252,0.19434,-1.12512,-0.36047,5.7176,-6.9924,3.1145
372810068,1.10107,-0.49683,1.99994,-4.4580,-139.0000,7.9237,0.20544,-1.11646,-0.34778,4.2748,-7.9695,3.3817
372811067,0.76538,-0.75488,1.99994,16.2672,-162.3053,-2.0382,0.21533,-1.10828,-0.33533,2.8931,-8.8244,3.5954
372812067,0.09448,-0.69495,1.99994,41.1069,-171.0763,-17.5649,0.22498,-1.09924,-0.32422,1.6107,-9.5725,3.7710
372813067,-0.39600,-0.13025,1.78113,60.8321,-155.9847,-32.0840,0.23547,-1.08960,-0.31335,0.4427,-10.1908,3.9008
372814067,-0.50671,0.39954,0.97083,66.5573,-127.4427,-35.3511,0.24585,-1.08057,-0.30212,-0.6107,-10.6870,4.0153
372815068,-0.72107,0.33911,0.25073,57.5038,-107.0000,-25.7252,0.25391,-1.07190,-0.29089,-1.5496,-11.0611,4.1145
372816067,-0.77075,-0.24438,-0.19800,43.4351,-87.7023,-11.7939,0.26135,-1.06250,-0.28015,-2.3817,-11.3206,4.2214
372817067,-0.61365,-0.73706,-0.33862,21.1603,-71.6031,3.2748,0.27002,-1.05286,-0.26880,-3.1221,-11.5038,4.3130
372818067,-0.62231,-0.73523,-0.62732,-16.5496,-66.1756,21.2672,0.27783,-1.04358,-0.25696,-3.7710,-11.6183,4.3740
372819068,-0.63977,-0.43384,-0.62939,-52.2061,-62.4122,39.1374,0.28491,-1.03552,-0.24695,-4.3511,-11.6794,4.4275
372820067,-0.54456,-0.41333,-0.18018,-68.4733,-59.3664,53.3740,0.29199,-1.02783,-0.23853,-4.8397,-11.6794,4.4733
372821067,-0.54468,-0.93018,0.16943,-72.4656,-60.6947,62.2901,0.29858,-1.02026,-0.22949,-5.2519,-11.6489,4.5115
372822067,-0.68884,-1.71313,0.13220,-72.7023,-60.0305,62.8244,0.30432,-1.01282,-0.21912,-5.5802,-11.5954,4.5649
372823068,-0.77942,-2.00000,0.11108,-67.7328,-50.4885,52.7939,0.30933,-1.00537,-0.20984,-5.8397,-11.5038,4.6718
372824068,-0.69910,-2.00000,0.53113,-57.8168,-34.3664,34.5115,0.31433,-0.99768,-0.20312,-6.0534,-11.4351,4.8168
372825068,-0.52429,-1.75378,0.98303,-46.2824,-21.8015,16.7481,0.31946,-0.98987,-0.19592,-6.2443,-11.3817,4.9695
372826068,-0.42065,-1.21460,1.00610,-37.4122,-19.2977,5.7328,0.32422,-0.98303,-0.18823,-6.4122,-11.3588,5.1450
372827067,-0.32959,-0.85681,0.94958,-35.1679,-21.4656,2.4122,0.32922,-0.97766,-0.18188,-6.5725,-11.3588,5.3893
372828067,-0.14612,-0.70862,1.14343,-41.6794,-24.7557,5.1527,0.33411,-0.97290,-0.17590,-6.7405,-11.3969,5.6794
372829067,0.04016,-0.61951,1.37012,-53.7176,-32.2672,11.3740,0.33813,-0.96753,-0.17029,-6.9313,-11.4885,5.9771
372830067,0.13770,-0.50793,1.52661,-61.5115,-45.0076,18.8550,0.34180,-0.96179,-0.16492,-7.1374,-11.6260,6.2824
372831067,0.12683,-0.51721,1.61560,-63.8931,-60.8321,27.9237,0.34546,-0.95654,-0.16052,-7.3588,-11.7786,6.6031
372832067,0.09705,-0.78674,1.69775,-66.9542,-72.9084,37.8092,0.35046,-0.95190,-0.15771,-7.5954,-11.9389,6.9542
372833067,-0.03003,-1.19983,1.70728,-67.0000,-81.5191,43.7328,0.35693,-0.94861,-0.15479,-7.8550,-12.1221,7.3130
372834068,-0.20850,-1.51660,1.47974,-56.7099,-87.5649,41.5573,0.36414,-0.94580,-0.15100,-8.0916,-12.3435,7.6870
372835068,-0.28223,-1.45923,1.29761,-40.8855,-89.6718,32.0611,0.37097,-0.94153,-0.14697,-8.3053,-12.5802,8.0611
372836067,-0.36035,-0.99976,1.07227,-31.0153,-91.0305,21.4351,0.37854,-0.93726,-0.14331,-8.5267,-12.8244,8.4504
372837068,-0.43542,-0.65344,0.65149,-33.1069,-90.0840,16.5038,0.38745,-0.93359,-0.14038,-8.7099,-13.0305,8.8397
372838068,-0.42969,-0.91528,0.46912,-42.4046,-87.0840,17.5191,0.39600,-0.93005,-0.13818,-8.8473,-13.1832,9.2748
372839068,-0.42822,-1.57312,0.73499,-51.9542,-83.1145,18.8397,0.40405,-0.92725,-0.13477,-8.9389,-13.2901,9.6947
372840068,-0.47705,-2.00000,0.89282,-63.7863,-79.8550,19.1145,0.41211,-0.92505,-0.13037,-9.0305,-13.3740,10.0992
372841067,-0.60583,-1.91077,0.59851,-82.0763,-77.7023,21.1374,0.42065,-0.92346,-0.12769,-9.1069,-13.4275,10.4962
372842067,-0.67310,-1.47961,0.38965,-99.2290,-74.7557,26.4275,0.42847,-0.92200,-0.12598,-9.1221,-13.4275,10.8779
372843067,-0.52209,-0.99951,0.60046,-107.6260,-72.0000,32.6565,0.43579,-0.92114,-0.12317,-9.1145,-13.3664,11.2519
372844067,-0.35022,-0.64282,0.73303,-110.5649,-76.2901,38.9008,0.44409,-0.92114,-0.11865,-9.0916,-13.2214,11.6031
372845067,-0.30945,-0.53931,0.53613,-110.1985,-85.0840,42.9695,0.45337,-0.92102,-0.11340,-9.0458,-13.0153,11.9313
372846067,-0.27295,-0.51123,0.67273,-104.2824,-88.3817,41.6565,0.46204,-0.92114,-0.10876,-9.0153,-12.7786,12.2214
372847067,-0.18237,-0.48206,1.09070,-96.6794,-88.0840,37.6794,0.47021,-0.92200,-0.10449,-8.9695,-12.4733,12.4580
372848067,-0.26147,-0.67627,1.00024,-93.1756,-91.5038,35.9695,0.47778,-0.92358,-0.09985,-8.8931,-12.1145,12.6412
372849068,-0.50366,-1.04053,0.51416,-89.8473,-94.7786,34.1527,0.48474,-0.92578,-0.09399,-8.8092,-11.6718,12.7863
372850067,-0.57019,-1.17346,0.34644,-83.2443,-91.2061,29.6489,0.49255,-0.92786,-0.08752,-8.7481,-11.1603,12.8931
372851067,-0.48120,-0.99084,0.42212,-85.0687,-86.8702,28.1450,0.50000,-0.93030,-0.08179,-8.7176,-10.5954,12.9389
372852067,-0.40063,-0.69604,0.37183,-99.5802,-86.3435,33.1603,0.50623,-0.93347,-0.07581,-8.6947,-9.9618,12.9084
372853068,-0.37122,-0.45715,0.41577,-109.3130,-88.8397,40.4275,0.51196,-0.93701,-0.06970,-8.6641,-9.2977,12.8244
372854068,-0.37952,-0.49475,0.40894,-102.2824,-96.8244,45.1603,0.51819,-0.94019,-0.06335,-8.6183,-8.6107,12.7252
372855068,-0.37036,-0.81372,0.25012,-89.6412,-104.4885,45.9313,0.52466,-0.94238,-0.05518,-8.5496,-7.8855,12.5573
372856068,-0.45178,-1.13879,0.09631,-84.3969,-110.4198,44.0840,0.53027,-0.94373,-0.04675,-8.5038,-7.1298,12.3130
372857068,-0.55200,-1.26550,-0.05322,-82.0763,-112.4580,39.2137,0.53540,-0.94482,-0.03992,-8.4809,-6.3206,12.0153
372858068,-0.58093,-1.25122,-0.16663,-72.2672,-110.4122,30.1679,0.54041,-0.94714,-0.03418,-8.4580,-5.4580,11.6870
372859068,-0.70764,-1.22974,-0.49866,-52.6565,-109.6870,18.3282,0.54578,-0.95117,-0.02930,-8.4046,-4.5649,11.3282
372860068,-0.86707,-1.12939,-0.68884,-32.1069,-103.0611,6.5191,0.55176,-0.95642,-0.02380,-8.2977,-3.6336,10.9313
372861067,-0.88977,-1.03772,-0.46106,-23.6794,-89.7176,0.2214,0.55786,-0.96191,-0.01855,-8.1298,-2.6947,10.4733
372862068,-0.87109,-1.15649,-0.33801,-33.6031,-76.7710,2.1985,0.56360,-0.96704,-0.01355,-7.8779,-1.6870,9.9695
372863068,-0.87207,-1.22583,-0.41089,-49.6641,-66.9084,6.7634,0.56836,-0.97144,-0.00659,-7.5573,-0.6260,9.4656
372864068,-0.86816,-0.89490,-0.44287,-56.4656,-61.2366,8.6031,0.57288,-0.97546,0.00171,-7.1908,0.4656,8.9466
372865068,-0.78760,-0.47473,-0.36145,-60.5038,-59.4962,12.9313,0.57800,-0.97815,0.00989,-6.7481,1.5954,8.4046
372866067,-0.59485,-0.41724,-0.18799,-71.5115,-61.2977,22.8473,0.58228,-0.97986,0.01843,-6.2290,2.7710,7.8092
372867067,-0.48462,-0.60388,-0.02808,-79.9084,-67.5344,31.4046,0.58594,-0.98145,0.02698,-5.6794,3.9618,7.2290
372868067,-0.43945,-0.78101,0.00732,-74.4351,-74.8092,32.2672,0.58948,-0.98242,0.03564,-5.1069,5.1527,6.6718
372869067,-0.38782,-0.87170,0.03357,-61.0153,-79.9389,27.1298,0.59241,-0.98303,0.04541,-4.5191,6.3282,6.1145
372870068,-0.44153,-0.93408,0.00427,-50.9313,-83.1756,21.6489,0.59509,-0.98303,0.05493,-3.9466,7.4809,5.5420
372871068,-0.50635,-0.93665,-0.10925,-46.9847,-81.5725,17.5191,0.59790,-0.98291,0.06262,-3.3817,8.5878,4.9695
372872068,-0.53394,-0.86731,-0.15576,-42.8626,-77.6870,13.5344,0.60022,-0.98267,0.06970,-2.8473,9.6565,4.4122
372873068,-0.56299,-0.88562,-0.17883,-31.3130,-74.2290,8.3969,0.60083,-0.98169,0.07654,-2.3282,10.7252,3.8855
372874068,-0.59851,-0.98145,-0.30090,-16.7939,-72.3053,3.0076,0.60022,-0.97998,0.08398,-1.8244,11.7176,3.3969
372875068,-0.73254,-1.00586,-0.80688,-11.8473,-75.9618,0.6641,0.59900,-0.97815,0.09241,-1.3359,12.6183,2.9008
372876068,-0.96985,-0.95593,-1.56396,-18.7634,-82.9084,2.7863,0.59851,-0.97571,0.10120,-0.8779,13.4427,2.3969
372877068,-1.08789,-1.00879,-1.84875,-26.2137,-85.1603,6.1298,0.59827,-0.97217,0.11011,-0.4580,14.1756,1.9008
372878067,-1.01794,-1.18481,-1.50391,-26.2824,-81.5649,7.2748,0.59741,-0.96729,0.11816,-0.1145,14.8092,1.4275
372879067,-1.07629,-1.28198,-1.49854,-24.5191,-79.3740,6.8321,0.59619,-0.96094,0.12634,0.1374,15.3435,0.9313
372880068,-1.34229,-1.10413,-2.00000,-24.0000,-74.9466,4.9313,0.59351,-0.95398,0.13513,0.3206,15.7863,0.4351
372881068,-1.49658,-0.75623,-2.00000,-17.7405,-56.3664,0.2595,0.59082,-0.94666,0.14270,0.4733,16.1221,-0.0458
372882068,-1.42725,-0.64221,-2.00000,-7.9160,-31.0763,-4.2290,0.58765,-0.93872,0.14990,0.6031,16.3817,-0.5115
372883067,-1.34253,-0.89343,-2.00000,-4.5038,-11.6947,-5.9389,0.58423,-0.92981,0.15820,0.6412,16.5420,-1.0000
372884068,-1.42126,-1.20764,-2.00000,-0.5725,-0.8473,-9.3282,0.58167,-0.92041,0.16650,0.6031,16.5878,-1.4962
372885067,-1.43689,-1.30798,-2.00000,12.9313,11.1069,-18.0992,0.57947,-0.91064,0.17468,0.4733,16.5420,-1.9466
372886067,-1.16040,-1.19727,-1.72961,24.4504,26.0000,-27.1756,0.57727,-0.90076,0.18274,0.2824,16.4351,-2.3893
372887067,-0.91187,-0.96497,-1.10400,22.8855,34.2748,-30.2214,0.57434,-0.89075,0.19067,0.0458,16.2595,-2.8244
372888067,-0.80823,-0.72559,-0.83826,15.7863,36.2443,-27.7634,0.57080,-0.88135,0.19873,-0.2443,15.9847,-3.2519
372889067,-0.65515,-0.65930,-0.66492,11.4046,36.7939,-23.4351,0.56824,-0.87256,0.20667,-0.6031,15.6260,-3.6718
372890067,-0.52490,-0.87012,-0.42651,8.7939,36.1679,-19.7557,0.56677,-0.86267,0.21313,-1.0000,15.1908,-4.0916
372891067,-0.48059,-1.08838,-0.17090,6.3817,34.2824,-18.6260,0.56555,-0.85242,0.21948,-1.4198,14.6947,-4.4809
372892067,-0.44690,-0.87952,0.05347,4.1221,30.9389,-19.7557,0.56396,-0.84448,0.22656,-1.8626,14.1679,-4.8397
372893068,-0.44495,-0.32166,0.12366,4.3664,24.6031,-20.5954,0.56238,-0.83777,0.23376,-2.3435,13.5954,-5.1298
372894067,-0.50000,-0.03723,0.14172,15.0992,17.6947,-20.6641,0.56128,-0.83069,0.24109,-2.8168,13.0076,-5.3893
372895068,-0.52917,-0.37598,0.22327,38.2443,11.5344,-22.4809,0.56104,-0.82300,0.24744,-3.2977,12.4046,-5.6412
372896067,-0.58533,-0.94678,0.13257,57.4275,5.1985,-26.3664,0.56140,-0.81531,0.25305,-3.8168,11.8092,-5.8626
372897067,-0.74377,-1.24023,-0.40637,60.3817,-0.5954,-30.5115,0.56116,-0.80774,0.25806,-4.3206,11.2061,-6.0687
372898067,-0.95325,-1.24438,-1.02539,59.1679,-1.7405,-35.3359,0.56018,-0.79468,0.26648,-5.2137,9.9924,-6.3282
372899068,-1.15430,-1.26782,-1.05322,68.8626,2.1908,-41.8397,0.56018,-0.78906,0.26953,-5.6260,9.4198,-6.4198
372900067,-1.21045,-1.41321,-0.69397,84.3588,8.1527,-48.7481,0.55969,-0.78369,0.27258,-5.9771,8.8550,-6.5115
372901067,-1.20422,-1.57104,-0.48901,89.5878,16.3664,-53.1908,0.55908,-0.77795,0.27527,-6.2366,8.3206,-6.5420
372902068,-1.24731,-1.66882,-0.49963,79.7634,29.0687,-55.3359,0.55847,-0.77197,0.27856,-6.4198,7.8015,-6.5420
372903068,-1.06116,-1.62317,-0.38879,66.1832,47.2519,-58.3359,0.55811,-0.76599,0.28223,-6.5878,7.3206,-6.5115
372904068,-0.75708,-1.35559,-0.10535,63.8473,58.8168,-64.6260,0.55713,-0.75940,0.28455,-6.7405,6.8702,-6.4656
372905067,-0.65540,-0.92029,-0.14136,73.4580,53.7863,-72.0076,0.55505,-0.75293,0.28528,-6.8550,6.4275,-6.3893
372906067,-0.52942,-0.55652,-0.30322,81.8397,43.3664,-75.5649,0.55261,-0.74768,0.28516,-6.9160,6.0153,-6.2672
372907068,-0.42273,-0.38123,-0.19556,80.8397,31.3359,-73.6641,0.54956,-0.74341,0.28467,-6.9618,5.6260,-6.1374
372908067,-0.35461,-0.39392,0.28796,70.2290,15.5802,-62.4809,0.54663,-0.73877,0.28479,-7.0076,5.2290,-6.0000
372909068,-0.48547,-0.37341,0.05725,63.5954,9.6412,-54.9237,0.54419,-0.73352,0.28516,-7.0611,4.8244,-5.8397
372910067,-0.67139,-0.32605,-0.34912,48.7939,11.6489,-44.5954,0.54138,-0.72839,0.28552,-7.1298,4.4198,-5.6412
372911067,-0.68567,-0.31262,-0.52380,26.1908,22.2977,-32.6107,0.53796,-0.72363,0.28577,-7.2290,4.0000,-5.4504
372912067,-0.65015,-0.32947,-0.52356,6.7939,32.9466,-22.9389,0.53455,-0.71899,0.28540,-7.3359,3.5802,-5.2748
372913067,-0.68921,-0.37939,-0.48315,-0.1756,39.2824,-18.1298,0.53064,-0.71423,0.28406,-7.4962,3.1679,-5.0992
372914067,-0.72339,-0.72583,-0.40430,0.3282,42.6870,-15.4580,0.52698,-0.70935,0.28223,-7.6947,2.7481,-4.8855
372915068,-0.65454,-1.36670,-0.21912,-2.9771,47.9084,-14.3969,0.52368,-0.70520,0.28015,-7.8931,2.3511,-4.6641
372916068,-0.55188,-1.61462,-0.06506,-11.1069,53.3893,-18.1832,0.52014,-0.70129,0.27808,-8.0992,1.9160,-4.4198
372917067,-0.42114,-1.14966,-0.00549,-14.8779,57.3130,-26.0000,0.51624,-0.69788,0.27625,-8.3511,1.4351,-4.1832
372918067,-0.26147,-0.66553,0.19836,-9.7176,57.4580,-31.1908,0.51318,-0.69568,0.27344,-8.6336,0.9618,-3.9618
372919068,-0.21106,-0.75781,0.43518,-4.9466,52.5191,-30.6565,0.51086,-0.69482,0.26965,-8.9237,0.4733,-3.7252
372920068,-0.22095,-0.99536,0.37244,-8.6412,47.1069,-28.4733,0.50867,-0.69507,0.26624,-9.1908,-0.0382,-3.4809
372921068,-0.28735,-0.87549,0.09229,-16.3817,43.6260,-27.7786,0.50720,-0.69543,0.26318,-9.4504,-0.5573,-3.2443
372922068,-0.42236,-0.61401,-0.04578,-19.4504,41.6107,-27.3435,0.50671,-0.69568,0.26099,-9.7023,-1.0458,-3.0305
372923067,-0.37817,-0.45654,0.21655,-16.3817,44.2061,-26.3969,0.50671,-0.69714,0.25928,-9.9542,-1.4809,-2.8092
372924067,-0.24451,-0.28064,0.68420,-12.6947,48.8702,-24.8931,0.50696,-0.70020,0.25854,-10.1832,-1.8931,-2.5954
372925068,-0.26123,-0.07983,0.73914,-14.0382,50.6565,-21.4351,0.50769,-0.70349,0.25891,-10.3664,-2.2901,-2.3588
372926067,-0.26416,-0.08069,0.54675,-19.0000,54.1374,-16.2519,0.50818,-0.70630,0.25867,-10.5420,-2.6412,-2.1221
372927068,-0.15552,-0.32373,0.64734,-17.6641,56.4046,-13.1450,0.50940,-0.70923,0.25769,-10.7099,-2.9389,-1.9008
372928067,-0.00146,-0.61499,1.00793,-10.1679,53.7710,-13.5649,0.51196,-0.71301,0.25562,-10.8473,-3.1679,-1.6718
372929067,0.13892,-0.78540,1.21484,-6.5573,45.2366,-14.5802,0.51392,-0.71765,0.25317,-10.9618,-3.3588,-1.4504
372930067,0.09741,-0.73425,0.99097,-8.3206,31.2061,-14.7405,0.51538,-0.72278,0.25317,-11.0382,-3.5191,-1.2290
372931067,0.01367,-0.63672,0.81067,-8.8321,20.2290,-14.1527,0.51697,-0.72791,0.25452,-11.0916,-3.6412,-0.9924
372932068,0.03857,-0.71033,0.95288,-7.7328,13.0153,-13.3817,0.51782,-0.73340,0.25586,-11.1603,-3.7328,-0.7557
372933067,0.00732,-0.99084,1.05884,-9.5420,7.4809,-12.0076,0.51843,-0.73840,0.25708,-11.2290,-3.8092,-0.5344
372934067,-0.12195,-1.29138,0.84460,-13.6412,4.1679,-11.7863,0.51965,-0.74219,0.25659,-11.3130,-3.8779,-0.2901
372935067,-0.23792,-1.25513,0.48804,-16.3435,5.4809,-14.9389,0.52161,-0.74622,0.25537,-11.3817,-3.9160,-0.0611
372936067,-0.30261,-0.86279,0.19116,-16.9771,8.5573,-19.3588,0.52258,-0.75085,0.25537,-11.4122,-3.9084,0.1450
372937067,-0.32263,-0.46289,0.07214,-16.3817,11.7557,-21.1069,0.52356,-0.75452,0.25574,-11.4351,-3.8702,0.3359
372938068,-0.26929,-0.40076,0.11877,-16.1145,13.1069,-18.8931,0.52454,-0.75830,0.25500,-11.4351,-3.8168,0.5115
372939067,-0.20947,-0.57666,0.05090,-18.3969,12.4962,-15.4046,0.52429,-0.76282,0.25439,-11.4427,-3.7481,0.6870
372940068,-0.22986,-0.59741,-0.13708,-23.0687,12.6107,-13.4046,0.52380,-0.76782,0.25439,-11.4733,-3.6794,0.8244
372941068,-0.27954,-0.31787,-0.22644,-27.9313,15.1374,-12.0458,0.52319,-0.77405,0.25427,-11.4809,-3.6031,0.9618
372942067,-0.25476,-0.01379,-0.11609,-33.0916,19.1450,-7.7023,0.52173,-0.78040,0.25464,-11.4504,-3.5115,1.0916
372943067,-0.23596,0.02209,-0.05713,-39.1069,20.1298,0.1756,0.51953,-0.78613,0.25525,-11.4046,-3.3969,1.2366
372944067,-0.23706,-0.09241,-0.16797,-43.5344,20.5267,7.2519,0.51782,-0.79163,0.25598,-11.3130,-3.2977,1.3817
372945067,-0.21570,-0.21667,-0.30225,-44.0763,22.3282,11.2214,0.51587,-0.79675,0.25708,-11.1679,-3.1679,1.5038
372946068,-0.33130,-0.54810,-0.35620,-42.4580,23.3435,14.0763,0.51416,-0.80139,0.25854,-10.9695,-3.0229,1.5878
372947067,-0.46838,-1.02295,-0.34290,-41.4809,25.2137,15.0916,0.51221,-0.80603,0.26086,-10.7710,-2.8931,1.6641
372948068,-0.39783,-1.10034,-0.25781,-42.0229,31.8931,11.9695,0.50903,-0.81128,0.26221,-10.5420,-2.7634,1.7481
372949067,-0.42688,-0.63257,-0.18201,-43.5496,38.0153,7.4275,0.50525,-0.81653,0.26294,-10.2824,-2.6336,1.8168
372950067,-0.50610,-0.25220,-0.17407,-44.8015,43.2748,6.8931,0.50134,-0.82092,0.26489,-9.9695,-2.5038,1.8855
372951067,-0.33716,-0.40344,0.00977,-42.4885,49.4122,9.3130,0.49731,-0.82483,0.26660,-9.6260,-2.3664,1.9237
372952067,-0.26306,-0.76343,0.17847,-35.2061,49.2901,9.2595,0.49353,-0.82800,0.26746,-9.2672,-2.2443,1.9771
372953067,-0.28064,-1.01880,0.16931,-28.6031,48.6565,6.1756,0.49011,-0.83179,0.26904,-8.8626,-2.1450,2.0305
372954068,-0.22144,-1.10852,0.14026,-27.1450,48.9924,2.9084,0.48645,-0.83569,0.27087,-8.4351,-2.0305,2.0534
372955067,-0.26501,-0.99951,0.11255,-25.9542,46.6794,0.3282,0.48328,-0.83875,0.27246,-8.0076,-1.9313,2.0305
372956068,-0.27209,-0.81982,0.27405,-20.2595,46.1221,-1.8626,0.47949,-0.84131,0.27429,-7.5649,-1.8626,2.0153
372957067,-0.19177,-0.78125,0.54004,-14.1527,46.5725,-2.6260,0.47534,-0.84363,0.27686,-7.1069,-1.7634,2.0076
372958068,-0.23938,-0.86682,0.58118,-14.4198,46.1527,-1.6107,0.47229,-0.84473,0.27844,-6.6183,-1.6565,2.0000
372959067,-0.24622,-0.87622,0.58521,-20.1069,49.9160,-0.4275,0.46985,-0.84460,0.27954,-6.0916,-1.5802,1.9771
372960067,-0.14734,-0.78247,0.75110,-26.7405,53.9160,0.6718,0.46692,-0.84412,0.28149,-5.5496,-1.5649,1.9160
372961067,-0.08423,-0.71204,0.88086,-32.2443,54.1374,2.3969,0.46313,-0.84351,0.28210,-5.0076,-1.5725,1.8168
372962067,0.00146,-0.69177,0.98828,-34.2977,52.6641,3.7634,0.46057,-0.84192,0.28125,-4.4656,-1.5878,1.7328
372963067,0.07043,-0.71252,1.13501,-32.3511,48.2824,4.1908,0.45862,-0.83911,0.28125,-3.9695,-1.6031,1.6718
372964067,0.13977,-0.78088,1.27734,-29.7710,43.4504,4.0611,0.45618,-0.83630,0.28076,-3.5191,-1.6260,1.6412
372965067,0.17725,-0.81006,1.31885,-27.3893,37.8779,3.1069,0.45349,-0.83276,0.27917,-3.1069,-1.6718,1.6260
372966068,0.12451,-0.79370,1.22998,-21.7786,31.2214,1.2061,0.45081,-0.82922,0.27917,-2.7252,-1.7481,1.6260
372967068,0.10303,-0.78552,1.18811,-14.0076,25.7328,-1.0229,0.44836,-0.82654,0.28003,-2.3740,-1.8397,1.6412
372968067,0.07703,-0.76746,1.13159,-10.8244,20.4733,-2.0763,0.44592,-0.82385,0.27979,-2.0916,-1.9542,1.6641
372969067,-0.00195,-0.73535,0.99426,-14.7710,17.1603,-1.2061,0.44336,-0.82166,0.27869,-1.8702,-2.0916,1.7405
372970067,-0.04260,-0.72388,0.92249,-21.0687,16.8550,0.5496,0.44006,-0.81934,0.27759,-1.7099,-2.2443,1.8702
372971067,-0.03784,-0.74158,0.91455,-25.4427,17.5954,1.9924,0.43652,-0.81677,0.27527,-1.5725,-2.4504,2.0076
372972067,-0.05542,-0.76978,0.86462,-28.5038,18.1221,3.2290,0.43408,-0.81494,0.27246,-1.5191,-2.6870,2.1756
372973067,-0.08447,-0.79834,0.78662,-31.5191,18.9008,4.3282,0.43176,-0.81348,0.26965,-1.5267,-2.9389,2.3511
372974068,-0.06848,-0.78955,0.77625,-33.6565,20.2901,4.7176,0.42847,-0.81226,0.26709,-1.5496,-3.2214,2.5878
372975067,-0.03845,-0.71594,0.79468,-33.4580,20.1145,4.3053,0.42529,-0.81238,0.26465,-1.5802,-3.5725,2.8550
372976068,-0.03076,-0.62720,0.77539,-30.2977,17.7557,3.5725,0.42151,-0.81372,0.26172,-1.6336,-3.9771,3.1221
372977068,-0.03406,-0.61658,0.76538,-25.8550,14.8702,3.2137,0.41650,-0.81653,0.25806,-1.7252,-4.4427,3.4122
372978068,-0.03516,-0.67334,0.80640,-23.7786,13.0763,3.3817,0.41235,-0.81982,0.25317,-1.8244,-4.9389,3.7557
372979068,-0.01868,-0.69397,0.85986,-25.4885,12.7023,3.8931,0.40930,-0.82324,0.24890,-1.9084,-5.4275,4.1298
372980068,-0.02136,-0.65723,0.85193,-28.3817,12.3740,4.5802,0.40625,-0.82703,0.24512,-2.0000,-5.9389,4.5191
372981067,-0.04285,-0.61658,0.80786,-29.6031,11.7863,5.1908,0.40271,-0.83044,0.24194,-2.0763,-6.4885,4.8855
372982067,-0.03381,-0.62537,0.78210,-29.8550,10.8473,6.0305,0.39966,-0.83447,0.23840,-2.1603,-7.0763,5.2443
372983067,-0.02332,-0.68066,0.76355,-31.3206,9.0305,7.2366,0.39722,-0.83911,0.23376,-2.2290,-7.6412,5.6412
372984067,-0.03040,-0.73376,0.75464,-33.1908,6.8321,8.0763,0.39429,-0.84436,0.22913,-2.2595,-8.1908,6.0382
372985068,-0.03027,-0.76697,0.76782,-32.5344,4.8626,7.8550,0.39124,-0.85010,0.22412,-2.2748,-8.7710,6.4198
372986068,-0.04187,-0.77185,0.77417,-29.3893,2.9847,6.8168,0.38831,-0.85559,0.21777,-2.2824,-9.3893,6.7863
372987068,-0.06982,-0.73901,0.73767,-26.7939,1.6947,5.9695,0.38562,-0.86169,0.21021,-2.2824,-10.0000,7.1527
372988068,-0.09546,-0.69788,0.66736,-26.4504,1.3359,6.0076,0.38293,-0.86841,0.20215,-2.2901,-10.5802,7.5115
372989068,-0.12341,-0.69202,0.58691,-27.2061,1.1145,6.6412,0.38123,-0.87524,0.19336,-2.3130,-11.1374,7.8550
372990068,-0.14465,-0.72607,0.53247,-27.2290,0.7863,7.0076,0.37988,-0.88257,0.18359,-2.3435,-11.6947,8.1603
372991068,-0.16479,-0.77380,0.49915,-26.4733,0.0153,6.8473,0.37817,-0.89038,0.17261,-2.3511,-12.2519,8.4427
372992068,-0.19177,-0.79797,0.46460,-26.5802,-0.6870,6.4275,0.37659,-0.89807,0.16125,-2.3740,-12.7634,8.7099
372993067,-0.20679,-0.77832,0.44312,-27.7786,-0.5191,6.0534,0.37585,-0.90686,0.15088,-2.4198,-13.2290,8.9389
372994068,-0.21265,-0.75537,0.42834,-28.0229,0.0382,5.7176,0.37610,-0.91711,0.14160,-2.4656,-13.6641,9.1450
372995068,-0.21399,-0.78149,0.41357,-26.0687,0.4580,5.2672,0.37708,-0.92664,0.13220,-2.5038,-14.1145,9.3206
372996068,-0.21033,-0.84180,0.40259,-23.3206,0.9008,4.5496,0.37720,-0.93616,0.11914,-2.5573,-14.5725,9.5267
372997068,-0.20544,-0.85901,0.40845,-21.8092,1.7863,3.5802,0.37415,-0.95911,0.08923,-2.7176,-15.3588,9.9160
372998067,-0.18982,-0.79858,0.44312,-21.7176,2.9771,2.7634,0.37195,-0.97058,0.07227,-2.8168,-15.7634,10.0840
372999067,-0.16882,-0.72461,0.47656,-21.5115,3.3893,2.4198,0.36865,-0.98145,0.05347,-2.9618,-16.1908,10.2519
373000067,-0.15894,-0.69629,0.51624,-20.1603,2.8931,2.2366,0.36499,-0.99170,0.03430,-3.1832,-16.6031,10.4122
373001067,-0.14343,-0.71960,0.60278,-18.4351,2.4580,1.8931,0.36096,-1.00220,0.01489,-3.5038,-17.0382,10.5725
373002068,-0.11548,-0.77466,0.69568,-17.8779,2.0992,1.4885,0.35608,-1.01392,-0.00537,-3.8931,-17.5191,10.7481
373003067,-0.10547,-0.80786,0.73071,-18.3588,0.9466,0.8779,0.35059,-1.02783,-0.02478,-4.3053,-18.0229,10.9237
373004067,-0.10303,-0.77466,0.70483,-17.8626,-1.2061,-0.1756,0.34448,-1.04358,-0.04382,-4.7252,-18.5420,11.1374
373005067,-0.10205,-0.68909,0.65820,-16.1145,-4.4427,-1.0916,0.33813,-1.05945,-0.06348,-5.1298,-19.0687,11.3282
373006067,-0.10681,-0.62036,0.62573,-15.0611,-8.2214,-0.8779,0.33191,-1.07520,-0.08459,-5.5267,-19.6183,11.4733
373007067,-0.10217,-0.61206,0.63062,-15.5649,-11.3817,0.5954,0.32581,-1.09045,-0.10742,-5.9695,-20.2061,11.5878
373008067,-0.10962,-0.63354,0.62439,-16.8015,-13.9237,2.4656,0.31934,-1.10547,-0.13086,-6.4504,-20.8244,11.6870
373009067,-0.13611,-0.63354,0.55286,-17.8473,-15.2672,3.9237,0.31299,-1.12048,-0.15466,-7.0000,-21.4885,11.7863
373010067,-0.17859,-0.61084,0.44629,-18.0916,-15.3282,4.9008,0.30786,-1.13525,-0.17871,-7.5954,-22.1527,11.9313
373011067,-0.21606,-0.61926,0.35620,-17.6870,-14.3893,5.6794,0.30261,-1.15027,-0.20166,-8.2061,-22.8092,12.0763
373012067,-0.22253,-0.67041,0.31104,-17.0992,-12.9618,6.0458,0.29761,-1.16553,-0.22522,-8.8397,-23.4809,12.1985
373013067,-0.22778,-0.72144,0.28601,-16.0534,-11.9389,5.5344,0.29358,-1.18127,-0.25085,-9.5115,-24.1221,12.2977
373014067,-0.21570,-0.74915,0.31421,-14.1756,-10.3511,4.2290,0.28931,-1.19739,-0.27649,-10.1908,-24.7710,12.3511
373015068,-0.18115,-0.76965,0.39856,-12.7710,-8.7405,3.1298,0.28503,-1.21399,-0.30212,-10.8931,-25.4122,12.4122
373016067,-0.15393,-0.80347,0.46155,-13.4046,-7.6489,3.0611,0.28113,-1.23120,-0.32898,-11.6107,-26.0076,12.4733
373017067,-0.12769,-0.82361,0.50281,-15.5878,-6.7863,3.7252,0.27710,-1.24792,-0.35681,-12.3511,-26.5267,12.5496
373018067,-0.10889,-0.80872,0.54089,-18.0916,-6.7099,4.7405,0.27271,-1.26465,-0.38489,-13.0916,-26.9618,12.6260
373019067,-0.08789,-0.77661,0.59070,-20.4580,-7.4427,5.9924,0.26904,-1.28149,-0.41321,-13.8550,-27.2977,12.6870
373020067,-0.06689,-0.74060,0.65796,-22.2901,-9.3053,7.3206,0.26672,-1.29761,-0.44165,-14.6183,-27.5573,12.7023
373021067,-0.05945,-0.71399,0.71423,-23.1832,-12.0916,8.4656,0.26477,-1.31311,-0.47083,-15.3664,-27.7405,12.7328
373022067,-0.06482,-0.70874,0.73462,-23.2443,-15.2595,9.2061,0.26343,-1.32861,-0.49963,-16.1145,-27.8931,12.7328
373023067,-0.08777,-0.73743,0.70837,-22.5573,-18.5878,9.5267,0.26257,-1.34399,-0.52710,-16.8626,-27.9542,12.6794
373024067,-0.10657,-0.78601,0.66968,-21.1221,-21.1985,9.3359,0.26086,-1.35901,-0.55481,-17.6183,-27.8626,12.5725
373025067,-0.12268,-0.82019,0.61694,-19.8092,-23.3053,8.8779,0.25757,-1.37317,-0.58350,-18.3664,-27.6489,12.4580
373026067,-0.15552,-0.83020,0.51587,-19.5878,-24.9771,8.6412,0.25452,-1.38721,-0.61182,-19.1145,-27.3282,12.3282
373027067,-0.18823,-0.82288,0.41846,-20.2824,-25.5573,8.8855,0.25122,-1.40125,-0.63928,-19.8931,-26.9008,12.1756
373028068,-0.21924,-0.81812,0.35217,-21.7863,-25.0611,9.6336,0.24670,-1.41492,-0.66809,-20.6641,-26.3893,11.9924
373029067,-0.07642,-0.75635,0.31763,-24.3588,-22.7099,9.9237,0.24158,-1.42822,-0.69800,-21.4198,-25.7939,11.7786
373030067,0.35730,-0.44568,1.18616,-26.8168,-10.6870,8.2977,0.23584,-1.44080,-0.72839,-22.1756,-25.1069,11.5344
373031065,0.72583,-0.06091,1.99994,-28.2519,2.0763,7.7863,0.23010,-1.45337,-0.75793,-22.9389,-24.3359,11.2443
373032068,0.72681,-0.09424,1.99994,-34.3664,-5.7176,12.5878,0.22375,-1.46582,-0.78638,-23.7023,-23.4580,10.9084
373033068,0.43567,-0.28149,1.10522,-49.8702,-19.8244,18.9313,0.21716,-1.47717,-0.81580,-24.4656,-22.5115,10.5344
373034067,1.05579,0.76733,1.99994,-113.4580,-7.6947,36.4656,0.21033,-1.48779,-0.84680,-25.2366,-21.5420,10.1221
373035067,1.65320,1.27063,1.99994,-139.8015,-17.7863,54.6947,0.20312,-1.49878,-0.87830,-26.0229,-20.4962,9.6794
373036068,1.15186,1.57886,1.99994,-131.8321,-57.1069,69.9847,0.19592,-1.50989,-0.91016,-26.7863,-19.3511,9.1908
373037068,1.07275,1.54932,1.99994,-115.2595,-84.5420,86.7481,0.19006,-1.52136,-0.94165,-27.4504,-18.0992,8.7710
373038067,1.15100,1.04480,1.99994,-135.8550,-106.6031,110.0458,0.18567,-1.53296,-0.97290,-28.0382,-16.7634,8.3359
373039067,0.47266,0.55273,1.92444,-168.3740,-132.8321,128.6183,0.17920,-1.54492,-1.00269,-28.5954,-15.3664,7.8473
373040067,0.18750,0.45422,1.79529,-155.3817,-144.4198,128.8015,0.17114,-1.55725,-1.03210,-29.1221,-13.9313,7.3130
373041068,0.03076,0.26465,1.87170,-102.7557,-162.7786,119.0611,0.16431,-1.56946,-1.06238,-29.5802,-12.4504,6.7786
373042067,-0.66284,-1.05005,1.05432,-62.5115,-180.7634,113.0305,0.15869,-1.58203,-1.09314,-29.9695,-10.8626,6.1985
373043068,-1.26599,-2.00000,0.33948,-52.5954,-170.2137,107.3664,0.15393,-1.59448,-1.12610,-30.2672,-9.1527,5.5802
373044068,-1.31885,-2.00000,0.35461,-59.0153,-136.0076,91.9313,0.14966,-1.60669,-1.15857,-30.4427,-7.3359,4.8855
373045068,-1.30188,-2.00000,0.34619,-69.3817,-106.8015,66.3817,0.14612,-1.61951,-1.18994,-30.4885,-5.4198,4.1527
373046068,-1.61145,-2.00000,-0.19641,-76.7557,-94.0076,40.6183,0.14209,-1.63367,-1.22229,-30.3817,-3.3664,3.3969
373047067,-1.40149,-2.00000,-0.41809,-77.8092,-80.9008,24.2137,0.13831,-1.64819,-1.25525,-30.0992,-1.2061,2.6107
373048068,-0.95300,-2.00000,0.04480,-88.4656,-77.1298,20.9542,0.13464,-1.66162,-1.28772,-29.6870,1.0534,1.7634
373049068,-0.82666,-2.00000,0.17407,-110.1985,-91.1603,24.4885,0.13049,-1.67383,-1.32117,-29.1679,3.4351,0.8855
373050067,-0.53955,-1.79968,0.43823,-115.8321,-98.6336,21.7099,0.12720,-1.68567,-1.35498,-28.5191,5.9466,0.0305
373051067,-0.44946,-1.18616,0.75903,-101.8244,-108.2901,15.4962,0.12488,-1.69763,-1.38831,-27.7405,8.6031,-0.8321
373052067,-0.58350,-0.51001,0.35718,-84.9008,-118.4275,12.2824,0.12170,-1.70850,-1.42273,-26.8168,11.3817,-1.6947
373053067,-0.70056,0.23193,-0.15247,-63.8321,-121.8779,10.6947,0.11572,-1.71826,-1.45679,-25.8092,14.2901,-2.5802
373054068,-0.85278,0.62488,-0.65369,-34.6336,-123.7099,10.5496,0.10876,-1.72717,-1.48999,-24.7405,17.3282,-3.4962
373055067,-0.89050,0.33459,-0.80090,-10.7176,-116.6718,11.1069,0.10303,-1.73413,-1.52332,-23.6183,20.4580,-4.4046
373056068,-1.14111,-0.29077,-0.64905,-0.1756,-108.5344,11.2443,0.09851,-1.73804,-1.55566,-22.4656,23.6870,-5.2901
373057067,-1.51221,-0.78992,-0.72449,-0.3282,-97.7405,11.4122,0.09412,-1.74011,-1.58569,-21.3359,27.0382,-6.1679
373058067,-1.40137,-1.16223,-0.68860,-12.8702,-77.8244,14.9466,0.08911,-1.74036,-1.61462,-20.2519,30.5115,-7.0534
373059067,-1.11414,-1.59143,-0.26282,-37.1374,-59.9542,21.5573,0.08313,-1.73853,-1.64221,-19.2366,34.0687,-7.9389
373060068,-0.86475,-1.83630,0.06311,-61.4427,-50.1756,26.9542,0.07593,-1.73523,-1.66809,-18.3282,37.7252,-8.8397
373061067,-0.78308,-1.71960,-0.65857,-78.0840,-59.2672,29.7023,0.06824,-1.72974,-1.69446,-17.5496,41.5038,-9.7405
373062067,-1.04871,-1.63367,-1.94507,-85.2748,-83.1527,31.0992,0.05994,-1.72302,-1.72205,-16.9313,45.3435,-10.6336
373063067,-1.00110,-1.65601,-1.71338,-72.9542,-91.3130,23.7176,0.05066,-1.71497,-1.74817,-16.4733,49.1832,-11.4885
373064067,-0.75854,-1.43372,-0.69861,-47.8473,-95.4962,9.5954,0.04053,-1.70496,-1.77344,-16.2137,53.0611,-12.3511
373065065,-0.93115,-1.26318,-0.89575,-25.3893,-104.4275,-2.6718,0.02942,-1.69348,-1.79919,-16.1756,56.9847,-13.2366
373066068,-1.28467,-1.26611,-1.41846,2.3359,-99.8473,-17.6336,0.01709,-1.68188,-1.82434,-16.3664,60.9008,-14.1527
373067068,-1.39160,-1.09705,-1.64331,37.0000,-78.3969,-36.6794,0.00513,-1.67102,-1.84827,-16.8015,64.7863,-15.0305
373068067,-1.35925,-0.83289,-2.00000,54.0611,-51.0076,-49.0687,-0.00623,-1.66101,-1.87305,-17.4733,68.5954,-15.8779
373069067,-1.62231,-0.69910,-2.00000,50.2061,-33.6489,-51.5420,-0.01843,-1.65149,-1.89746,-18.3588,72.3893,-16.7328
373070067,-1.66724,-0.71924,-2.00000,46.9847,-14.3130,-50.2290,-0.03125,-1.64160,-1.92139,-19.4656,76.1298,-17.5725
373071067,-1.26392,-0.55383,-2.00000,42.2748,5.6260,-46.2672,-0.04370,-1.63196,-1.94543,-20.8015,79.8244,-18.4198
373072068,-1.04370,-0.22156,-1.50488,17.8931,15.3740,-33.7863,-0.05615,-1.62329,-1.96741,-22.3206,83.5344,-19.2443
373073068,-0.87659,-0.01575,-1.05176,-14.9771,23.9466,-14.8168,-0.06897,-1.61572,-1.98840,-24.0305,87.0687,-20.0534
373074067,-0.51746,0.24158,-0.54187,-35.4198,31.1450,1.7634,-0.08118,-1.61011,-2.00000,-25.9313,90.5038,-20.8244
373075067,-0.22900,0.40247,-0.24170,-44.0458,29.9466,14.0458,-0.09290,-1.60596,-2.00000,-27.9618,93.8855,-21.5573
373076067,-0.14270,0.12878,-0.25024,-44.5191,22.8244,21.0611,-0.10535,-1.60266,-2.00000,-30.1145,97.2061,-22.2519
373077067,-0.07568,-0.34692,-0.15393,-32.0458,15.2366,19.1679,-0.11926,-1.60059,-2.00000,-32.3893,100.4885,-22.9695
373078067,-0.04150,-0.57178,0.03577,-10.9618,5.1298,9.6947,-0.13269,-1.59937,-2.00000,-34.7786,103.7023,-23.6794
373079067,-0.18445,-0.59473,0.02698,7.2824,-5.0840,-0.4733,-0.14453,-1.59924,-2.00000,-37.2824,106.8321,-24.3282
373080068,-0.33643,-0.62244,-0.04309,21.7252,-8.3130,-8.3206,-0.15503,-1.60107,-2.00000,-39.8702,109.9160,-24.9084
373081068,-0.36938,-0.56824,0.04993,33.8473,-3.2137,-13.5115,-0.16504,-1.60339,-2.00000,-42.5038,112.8855,-25.4275
373082068,-0.37695,-0.50012,0.06641,36.6031,2.3206,-13.5191,-0.17542,-1.60510,-2.00000,-45.1908,115.7710,-25.9237
373083068,-0.42554,-0.49426,-0.06348,26.1374,8.0000,-8.0534,-0.18445,-1.60730,-2.00000,-47.9466,118.5802,-26.4198
373084068,-0.42346,-0.54614,-0.08875,7.5649,15.1221,0.9160,-0.19116,-1.60999,-2.00000,-50.7710,121.3511,-26.8931
373085068,-0.34363,-0.64319,-0.01782,-10.9542,18.8779,10.2748,-0.19727,-1.61255,-2.00000,-53.6336,124.0992,-27.3206
373086067,-0.27698,-0.75488,0.02979,-21.0611,15.0153,16.6565,-0.20410,-1.61499,-2.00000,-56.5496,126.8168,-27.7023
373087067,-0.24707,-0.80652,-0.01550,-18.6870,5.1221,18.0153,-0.21045,-1.61755,-2.00000,-59.5573,129.5038,-28.0382
373088067,-0.24475,-0.71436,-0.02246,-11.4885,-4.6870,16.2519,-0.21619,-1.62036,-2.00000,-62.6718,132.1603,-28.3664
373089068,-0.26624,-0.62573,0.00244,-7.6412,-11.2519,15.0000,-0.22278,-1.62390,-2.00000,-65.9237,134.7634,-28.6870
373090068,-0.32349,-0.61279,0.00293,-4.2824,-12.3206,13.9313,-0.23047,-1.62842,-2.00000,-69.2748,137.3206,-28.9542
373091068,-0.38623,-0.59058,0.00537,3.5191,-7.9695,11.5878,-0.23669,-1.63342,-2.00000,-72.7252,139.8626,-29.1908
373092068,-0.43396,-0.62634,-0.00793,10.8321,0.2137,10.1069,-0.24097,-1.63892,-2.00000,-76.2901,142.4046,-29.3588
373093068,-0.47583,-0.80432,-0.03894,10.3740,10.6565,11.6794,-0.24524,-1.64441,-2.00000,-79.9695,144.9618,-29.5038
373094068,-0.46692,-1.00696,-0.06543,4.1298,20.3893,14.7405,-0.25012,-1.65015,-2.00000,-83.7099,147.5573,-29.6107
373095068,-0.44739,-1.09192,-0.00891,-0.5802,25.0611,16.9847,-0.25769,-1.66223,-2.00000,-91.2443,152.7863,-29.7786
373096068,-0.79480,-1.46301,0.31494,-2.2977,21.4198,21.2595,-0.26086,-1.66907,-2.00000,-95.0458,155.4275,-29.8321
373097068,-1.68994,-2.00000,0.83130,-7.3740,11.0687,29.6107,-0.26331,-1.67603,-2.00000,-98.9084,158.1145,-29.8779
373098067,-1.78845,-2.00000,1.51416,-4.7634,10.7557,32.5115,-0.26440,-1.68286,-2.00000,-102.8244,160.8550,-29.9389
373099067,-1.12292,-2.00000,1.99994,45.2748,9.8092,10.6260,-0.26562,-1.68958,-2.00000,-106.7099,163.6412,-30.0305
373100068,-1.50854,-2.00000,1.99994,134.1756,-36.8702,-32.2214,-0.26794,-1.69690,-2.00000,-110.5420,166.4656,-30.1145
373101067,-2.00000,-2.00000,-1.54089,171.6031,-104.3969,-65.1527,-0.26965,-1.70483,-2.00000,-114.3282,169.3282,-30.2290
373102067,-2.00000,-2.00000,-2.00000,145.5496,-155.6870,-88.5725,-0.26990,-1.71179,-2.00000,-118.0916,172.2519,-30.3511
373103068,-2.00000,-2.00000,-2.00000,148.7328,-173.2901,-122.2672,-0.26953,-1.71863,-2.00000,-121.8015,175.2214,-30.4809
373104067,-2.00000,-2.00000,-2.00000,201.0305,-153.0992,-157.1145,-0.27026,-1.72351,-2.00000,-125.4122,178.2214,-30.6336
373105068,-2.00000,-2.00000,-2.00000,236.2290,-121.8015,-187.8244,-0.26794,-1.72961,-2.00000,-128.8626,181.3130,-30.7405
373106068,-2.00000,-2.00000,-2.00000,238.8855,-86.9237,-227.3130,-0.26477,-1.74158,-2.00000,-131.9771,184.7252,-30.8473
373107068,-2.00000,-2.00000,-2.00000,215.5420,-16.1527,-250.1374,-0.26208,-1.75195,-2.00000,-135.0153,188.0687,-31.2366
373108067,-2.00000,-2.00000,-2.00000,160.6260,55.4885,-250.1374,-0.25806,-1.75854,-2.00000,-138.1069,191.2137,-31.7557
373109068,-2.00000,-2.00000,-2.00000,126.4656,110.0534,-234.9771,-0.25403,-1.76611,-2.00000,-141.0992,194.3817,-32.2672
373110068,-2.00000,-2.00000,-2.00000,142.2748,157.6412,-237.2290,-0.24829,-1.77478,-2.00000,-143.9008,197.6718,-32.8092
373111068,-2.00000,-2.00000,-2.00000,154.5038,196.2443,-249.1221,-0.24219,-1.78320,-2.00000,-146.4733,201.0916,-33.4198
373112068,-2.00000,-1.34045,-2.00000,114.0992,227.2137,-247.5573,-0.23694,-1.79114,-2.00000,-148.8397,204.6031,-34.1069
373113068,-2.00000,0.61633,-2.00000,60.7023,250.1298,-227.9847,-0.23254,-1.79932,-2.00000,-151.0153,208.1985,-34.8550
373114068,-2.00000,1.50635,-0.35718,68.6489,250.1298,-206.8168,-0.22913,-1.80737,-1.97046,-153.0611,211.9008,-35.6565
373115068,-1.58130,0.75671,-0.90210,127.0992,250.1298,-195.5954,-0.22632,-1.81506,-1.93433,-154.9924,215.6565,-36.4656
373116068,-2.00000,-1.04639,-2.00000,159.9313,229.7557,-191.9466,-0.22412,-1.82190,-1.89673,-156.7786,219.4427,-37.3053
373117068,-2.00000,-1.75671,-2.00000,164.7099,169.3435,-207.6336,-0.22253,-1.82947,-1.85815,-158.4733,223.2824,-38.1832
373118068,-2.00000,-0.72803,-2.00000,164.7786,169.8550,-231.3969,-0.22192,-1.83752,-1.81970,-160.0534,227.1832,-39.0840
373119068,-1.89331,0.19543,-0.10352,146.4427,177.7939,-238.2137,-0.22339,-1.84448,-1.78015,-161.5420,231.0992,-39.9466
373120068,-2.00000,0.68396,0.19275,142.5344,159.7328,-236.4122,-0.22705,-1.85059,-1.73975,-162.9695,234.9695,-40.7557
373121068,-2.00000,0.93689,-1.19104,176.4962,160.5496,-236.5344,-0.23083,-1.85571,-1.69922,-164.3588,238.7557,-41.5573
373122068,-2.00000,0.60950,-1.55896,179.2672,212.5573,-226.2366,-0.23462,-1.86023,-1.65869,-165.7023,242.4656,-42.3511
373123068,-2.00000,0.05225,-1.58301,111.9847,250.1298,-199.7786,-0.23889,-1.86475,-1.61829,-166.9847,246.0916,-43.0992
373124068,-2.00000,-0.41418,-2.00000,43.4580,250.1298,-172.4275,-0.24316,-1.86804,-1.57812,-168.2519,249.6031,-43.7786
373125068,-2.00000,-0.33728,-2.00000,24.0382,250.1298,-157.1221,-0.24792,-1.86951,-1.53943,-169.5344,250.1298,-44.4580
373126068,-2.00000,0.23474,-2.00000,46.8397,250.1298,-153.8092,-0.25146,-1.86890,-1.50220,-170.8473,250.1298,-45.0916
373127068,-0.99634,0.55054,0.38733,48.5115,250.1298,-141.5725,-0.25391,-1.86902,-1.46252,-172.2137,250.1298,-45.6336
373128067,-0.52930,0.88159,0.82227,-10.2595,241.0611,-114.4733,-0.25659,-1.86902,-1.42078,-173.7099,250.1298,-46.1603
373129068,-0.96814,1.99994,-0.72839,-67.2901,220.6260,-97.2977,-0.25891,-1.86804,-1.37830,-175.3359,250.1298,-46.7023
373130067,-1.00366,1.99994,-0.88904,-67.4122,231.0076,-92.4962,-0.25940,-1.86792,-1.33533,-177.0382,250.1298,-47.1756
373131067,-0.21899,1.99994,0.60425,-46.7099,250.1298,-82.1374,-0.25891,-1.86853,-1.29285,-178.7786,250.1298,-47.6260
373132065,-0.08936,1.99994,0.66870,-52.4427,248.7099,-68.9924,-0.25842,-1.87012,-1.24939,-180.5649,250.1298,-48.0916
373133064,-0.74133,1.99994,-0.55200,-56.4962,236.1450,-61.5420,-0.25635,-1.87354,-1.20337,-182.3511,250.1298,-48.5344
373134069,-0.79053,1.99994,-0.82971,-21.3817,226.7252,-64.7176,-0.25244,-1.87793,-1.15527,-184.0687,250.1298,-49.0458
373135068,-0.21765,1.99994,0.44409,23.3664,228.0992,-64.8321,-0.24768,-1.88513,-1.10571,-185.7252,250.1298,-49.6718
373136068,0.24036,1.99994,1.35693,42.8931,219.2595,-48.5420,-0.24146,-1.89941,-1.05493,-187.4046,250.1298,-50.5802
373137067,0.12378,1.99994,0.75952,38.4962,194.7939,-20.6870,-0.23645,-1.90295,-1.00684,-189.1298,250.1298,-51.9313
373138067,-0.30640,1.99994,0.52954,9.9008,180.6183,13.5802,-0.23474,-1.88782,-0.95740,-190.7557,250.1298,-53.3740
373139068,-0.58838,1.61560,0.67090,-47.3206,176.4122,50.1374,-0.23254,-1.87012,-0.90601,-192.2214,250.1298,-54.3359
373140067,-0.24988,0.82874,0.98071,-97.8702,183.7176,76.0534,-0.22852,-1.85791,-0.85217,-193.4809,250.1298,-54.6489
373141068,-0.06421,0.66443,1.04443,-102.3359,170.2290,83.1069,-0.22278,-1.84998,-0.79517,-194.5878,250.1298,-54.6412
373142068,-0.90173,0.67090,-1.41699,-69.7328,90.0992,83.0076,-0.21582,-1.84412,-0.73730,-195.5954,250.1298,-54.6031
373143068,-2.00000,0.30139,-2.00000,-21.5267,3.9618,73.6947,-0.20752,-1.83813,-0.67920,-196.5420,250.1298,-54.6183
373144068,-2.00000,-0.34973,-2.00000,11.8092,-30.1832,58.7863,-0.19934,-1.83044,-0.62329,-197.3817,250.1298,-54.6336
373145068,-2.00000,-1.25757,-2.00000,-5.0382,-18.7481,53.7176,-0.19275,-1.82324,-0.56677,-198.0916,250.1298,-54.6336
373146067,-2.00000,-1.79639,-2.00000,-35.8397,46.4504,47.5802,-0.18701,-1.81738,-0.51050,-198.6947,250.1298,-54.5802
373147067,-2.00000,-1.33276,-2.00000,14.0305,157.9847,13.1450,-0.18237,-1.81360,-0.45520,-199.2366,250.1298,-54.5115
373148068,-2.00000,0.12878,-2.00000,125.7634,250.1298,-31.9542,-0.17810,-1.81006,-0.39868,-199.7328,250.1298,-54.4962
373149068,-2.00000,1.06348,-2.00000,154.6336,250.1298,-36.3282,-0.17297,-1.80664,-0.34277,-200.1985,250.1298,-54.5496
373150068,-2.00000,0.15100,-2.00000,79.8473,250.1298,-2.5191,-0.16736,-1.80408,-0.28723,-200.6260,250.1298,-54.6336
373151068,-2.00000,-1.78638,-2.00000,28.0458,250.1298,17.0840,-0.16187,-1.80127,-0.23364,-201.0000,250.1298,-54.7557
373152067,-2.00000,-2.00000,-2.00000,33.5573,250.1298,9.1756,-0.15588,-1.79834,-0.18213,-201.3130,250.1298,-54.8779
373153068,-2.00000,-2.00000,-1.45349,51.9313,250.1298,-15.3206,-0.15027,-1.79553,-0.13013,-201.5802,250.1298,-55.0305
373154068,-2.00000,0.33423,0.32532,59.6260,250.1298,-26.8092,-0.14526,-1.79346,-0.07837,-201.7939,250.1298,-55.2214
373155067,-2.00000,1.99994,-0.00635,20.9847,250.1298,1.8397,-0.13940,-1.79187,-0.02783,-201.9847,250.1298,-55.4351
373156067,-2.00000,1.99994,0.89612,-58.1756,250.1298,57.0687,-0.13306,-1.79053,0.02295,-202.1221,250.1298,-55.7023
373157067,-0.76953,0.80139,1.99994,-96.1069,250.1298,91.4885,-0.12708,-1.78979,0.07312,-202.2214,250.1298,-55.9924
373158064,-0.12500,-1.68262,1.99994,-72.7099,250.1298,89.2824,-0.12097,-1.78967,0.12048,-202.2901,250.1298,-56.2977
373159069,-0.32031,-1.55603,1.99994,-30.0458,250.1298,60.2366,-0.11536,-1.78943,0.16699,-202.3282,250.1298,-56.6489
373160068,0.01562,1.99994,1.99994,24.7481,250.1298,35.2519,-0.11023,-1.78882,0.21472,-202.3282,250.1298,-57.0534
373161067,-0.04346,1.99994,1.99994,65.5725,250.1298,47.9389,-0.10474,-1.78809,0.26172,-202.3282,250.1298,-57.5038
373162065,-0.76514,0.88904,1.99994,119.3817,250.1298,53.0687,-0.09875,-1.78784,0.30701,-202.3053,250.1298,-57.9542
373163069,-1.56470,-0.56689,0.36194,145.8168,235.9237,52.7176,-0.09167,-1.78882,0.35327,-202.2519,250.1298,-58.3969
373164068,-2.00000,-0.37109,-2.00000,139.2443,231.0382,48.9237,-0.08398,-1.79053,0.39929,-202.1832,250.1298,-58.8702
373165068,-2.00000,0.53198,-2.00000,116.0840,247.5344,52.2977,-0.07703,-1.79163,0.44421,-202.1069,250.1298,-59.3511
373166067,-2.00000,1.07788,-2.00000,107.0763,250.1298,61.4733,-0.07104,-1.79224,0.49084,-202.0305,250.1298,-59.8168
373167068,-2.00000,0.50818,-0.71948,97.0000,250.1298,84.5420,-0.06494,-1.79272,0.53796,-201.9542,250.1298,-60.2901
373168067,-2.00000,-1.77979,-0.17224,31.5344,250.1298,128.9924,-0.06018,-1.79224,0.58423,-201.8779,250.1298,-60.7863
373169067,-2.00000,-2.00000,-2.00000,-41.5954,250.1298,155.2977,-0.05676,-1.79077,0.63025,-201.8321,250.1298,-61.2977
373170067,-2.00000,-2.00000,-2.00000,-44.3053,250.1298,140.2137,-0.05408,-1.78967,0.67761,-201.7939,250.1298,-61.8092
373171068,-2.00000,-2.00000,-0.06958,-44.3969,250.1298,129.3282,-0.05286,-1.78870,0.72693,-201.7557,250.1298,-62.3588
373172068,-2.00000,-1.58606,1.91174,-118.4656,250.1298,150.7176,-0.05249,-1.78650,0.77722,-201.7481,250.1298,-62.9237
373173068,-1.78003,-1.69360,1.40479,-189.6565,250.1298,178.3664,-0.05200,-1.78259,0.82837,-201.8092,250.1298,-63.4809
373174067,-1.44995,-1.89209,1.99994,-169.9924,250.1298,179.7786,-0.05176,-1.77710,0.88220,-201.9771,250.1298,-64.0458
373175068,-0.44312,-2.00000,1.99994,-105.0840,250.1298,159.9084,-0.05237,-1.77173,0.93750,-202.2290,250.1298,-64.6489
373176068,0.28589,-2.00000,1.99994,-58.2748,250.1298,140.6565,-0.05383,-1.76685,0.99243,-202.5649,250.1298,-65.2748
373177068,-0.84399,-2.00000,1.99994,-22.8015,250.1298,131.4504,-0.05554,-1.76160,1.04773,-202.9695,250.1298,-65.9008
373178067,-2.00000,-2.00000,0.77783,12.5420,250.1298,124.8168,-0.05713,-1.75586,1.10315,-203.4504,250.1298,-66.5267
373179067,-2.00000,-2.00000,1.37439,39.5496,250.1298,109.5038,-0.05835,-1.74841,1.15869,-203.9924,250.1298,-67.1756
373180068,-2.00000,-2.00000,1.39075,59.6794,250.1298,80.1069,-0.05945,-1.73914,1.21497,-204.5878,250.1298,-67.8473
373181068,-2.00000,-2.00000,0.13623,95.0611,250.1298,43.1298,-0.06104,-1.72815,1.26990,-205.2595,250.1298,-68.5344
373182068,-2.00000,-1.02124,0.13672,114.0534,250.1298,27.6718,-0.06335,-1.71692,1.32397,-205.9847,250.1298,-69.2061
373183067,-2.00000,-0.36230,0.07153,71.9771,250.1298,49.2901,-0.06519,-1.70520,1.37756,-206.7481,250.1298,-69.8397
373184067,-2.00000,-1.26282,-2.00000,0.1145,250.1298,88.9389,-0.06689,-1.69202,1.42957,-207.5191,250.1298,-70.4351
373185067,-2.00000,-2.00000,-2.00000,-29.7786,250.1298,115.6107,-0.06934,-1.67749,1.48022,-208.3130,250.1298,-71.0000
373186068,-2.00000,-2.00000,-2.00000,-20.3130,250.1298,116.5573,-0.07104,-1.66174,1.53064,-209.1756,250.1298,-71.5649
373187067,-2.00000,-2.00000,-1.19092,-44.5496,250.1298,114.3664,-0.07178,-1.64368,1.58032,-210.0611,250.1298,-72.1069
373188068,-2.00000,-2.00000,0.54236,-116.1527,250.1298,126.7176,-0.07190,-1.62317,1.62585,-210.9160,250.1298,-72.5725
373189068,-2.00000,-1.01880,-0.36096,-154.0076,250.1298,142.0992,-0.07153,-1.60071,1.66968,-211.7405,250.1298,-73.0229
373190068,-2.00000,-1.32019,-0.83325,-129.2824,250.1298,146.9618,-0.07141,-1.57629,1.71533,-212.5267,250.1298,-73.4427
373191068,-2.00000,-2.00000,0.92749,-94.4733,250.1298,136.0000,-0.07178,-1.54944,1.75989,-213.2977,250.1298,-73.8321
373192068,-1.91113,-2.00000,1.99994,-77.5954,250.1298,106.1221,-0.07166,-1.51904,1.80273,-214.0611,250.1298,-74.1450
373193067,-1.23352,-2.00000,1.99994,-63.7710,250.1298,71.4656,-0.07092,-1.48523,1.84546,-214.8015,250.1298,-74.3817
373194067,-1.32800,-2.00000,1.99994,-16.4580,250.1298,39.8397,-0.06970,-1.44873,1.88843,-215.5496,250.1298,-74.5573
373195065,-1.07605,-2.00000,1.99994,55.6794,250.1298,9.4427,-0.07043,-1.37024,1.97644,-217.2061,250.1298,-74.6870
373196069,0.10889,-2.00000,1.99994,85.4122,250.1298,0.6107,-0.07068,-1.32996,1.99994,-218.0992,250.1298,-74.6412
373197068,1.02185,-1.81165,1.99994,44.0382,250.1298,18.7405,-0.07104,-1.28894,1.99994,-219.0763,245.6336,-74.5267
373198068,0.43042,-1.94189,1.99994,-4.9389,250.1298,46.1679,-0.07202,-1.24695,1.99994,-220.1450,238.7176,-74.2977
373199068,-0.74438,-2.00000,1.99994,-4.0382,250.1298,62.2137,-0.07300,-1.20435,1.99994,-221.3206,231.7176,-73.9389
373200068,-1.60620,-2.00000,1.99994,27.5420,250.1298,60.0992,-0.07385,-1.16223,1.99994,-222.5802,224.6870,-73.4580
373201068,-1.77832,-2.00000,1.34058,32.6412,250.1298,54.5496,-0.07483,-1.12122,1.99994,-223.9160,217.6031,-72.9313
373202068,-1.52832,-2.00000,1.78174,-6.2366,250.1298,61.1221,-0.07593,-1.08167,1.99994,-225.3740,210.4580,-72.3053
373203068,-2.00000,-2.00000,1.05408,-45.9618,250.1298,70.7710,-0.07703,-1.04346,1.99994,-226.9160,203.2977,-71.5496
373204068,-2.00000,-2.00000,-1.54321,-49.1069,250.1298,63.8931,-0.07751,-1.00720,1.99994,-228.4656,196.1756,-70.6794
373205067,-2.00000,-2.00000,-0.93408,-39.9847,250.1298,44.4809,-0.07739,-0.97485,1.99994,-230.0153,189.1145,-69.7099
373206067,-2.00000,-2.00000,1.12561,-65.5191,250.1298,39.6794,-0.07715,-0.94592,1.99994,-231.5649,182.1221,-68.6260
373207068,-2.00000,-2.00000,1.58398,-123.1069,250.1298,51.2748,-0.07642,-0.91931,1.99994,-233.0611,175.2061,-67.4122
373208068,-1.61658,-2.00000,1.73572,-160.2214,250.1298,55.8092,-0.07471,-0.89648,1.99994,-234.4122,168.3740,-66.0763
373209068,-1.44543,-2.00000,1.99994,-135.3969,250.1298,43.8168,-0.07336,-0.87744,1.99994,-235.6031,161.6412,-64.5725
373210067,-0.90466,-2.00000,1.99994,-100.3435,250.1298,35.2595,-0.07104,-0.86084,1.99994,-236.5954,155.0687,-62.9008
373211067,-0.44849,-2.00000,1.99994,-92.1603,250.1298,36.5420,-0.06702,-0.84692,1.99994,-237.3969,148.6489,-60.9389
373212068,-0.57959,-2.00000,1.99994,-62.9847,250.1298,25.9847,-0.06189,-0.83655,1.99994,-237.9237,142.3511,-58.6947
373213067,-1.16736,-2.00000,1.99994,-12.2901,250.1298,-1.6641,-0.05652,-0.83069,1.99994,-238.0763,136.2748,-56.4427
373214067,-0.88293,-2.00000,1.99994,2.2595,250.1298,-39.0382,-0.05054,-0.82703,1.99994,-237.8015,130.5420,-54.4962
373215067,-0.01733,-2.00000,1.99994,3.5191,250.1298,-81.5649,-0.04260,-0.82324,1.99994,-237.0840,125.2214,-52.8550
373216067,0.10315,-1.51575,1.99994,10.7710,250.1298,-100.0687,-0.03479,-0.81860,1.99994,-235.9466,120.2672,-51.3740
373217065,-0.13452,-1.57019,1.99994,-30.1756,250.1298,-73.9924,-0.02795,-0.81299,1.99994,-234.4656,115.7405,-49.9618
373218069,-0.38733,-2.00000,1.99994,-101.6641,250.1298,-39.5954,-0.02002,-0.80579,1.99994,-232.6718,111.5038,-48.4885
373219068,-0.90308,-2.00000,1.99994,-123.3817,250.1298,-31.4809,-0.01147,-0.79834,1.99994,-230.5420,107.5725,-46.9160
373220067,-1.22180,-2.00000,1.99994,-121.5954,250.1298,-33.8779,-0.00171,-0.79187,1.99994,-228.0382,104.1221,-45.2519
373221067,-0.77136,-2.00000,1.99994,-152.6107,250.1298,-25.9695,0.00854,-0.78418,1.99994,-225.2901,100.9695,-43.6565
373222067,-0.20703,-1.06628,1.99994,-193.0534,250.1298,-7.7863,0.01843,-0.77258,1.99994,-222.3817,97.9542,-42.1908
373223064,0.17114,0.48657,1.99994,-212.5496,250.1298,18.4733,0.02832,-0.75867,1.99994,-219.3130,95.1756,-40.8397
373224068,0.53723,-0.28772,1.99994,-211.7710,250.1298,38.6107,0.03809,-0.74390,1.99994,-216.0229,92.7405,-39.5496
373225068,0.44031,-2.00000,1.99994,-172.3817,250.1298,31.7557,0.04895,-0.72778,1.99994,-212.5267,90.6794,-38.2977
373226068,0.29871,-2.00000,1.99994,-110.4580,250.1298,-1.3740,0.06055,-0.71313,1.99994,-208.8321,89.0153,-37.0611
373227068,0.25085,-2.00000,1.99994,-85.9313,250.1298,-36.0305,0.07178,-0.70068,1.99994,-204.9847,87.6336,-35.9389
373228067,0.00769,-2.00000,1.99994,-93.5954,250.1298,-57.6794,0.08240,-0.68738,1.99994,-201.0382,86.4122,-35.0229
373229068,0.12646,-2.00000,1.99994,-86.3359,250.1298,-65.6947,0.09302,-0.67273,1.99994,-197.0153,85.4122,-34.2214
373230068,0.43396,-2.00000,1.99994,-82.9695,233.9771,-65.9542,0.10388,-0.65808,1.99994,-192.8931,84.6794,-33.4809
373231068,0.67102,-2.00000,1.99994,-123.8702,227.9008,-67.3435,0.11475,-0.64551,1.99994,-188.6107,84.1908,-32.7786
373232068,0.82483,-2.00000,1.99994,-197.7863,232.3664,-64.7710,0.12561,-0.63330,1.99994,-184.2137,83.9008,-32.2061
373233067,0.22388,-1.72363,1.99994,-250.1374,219.4580,-51.1985,0.13538,-0.62122,1.99994,-179.7176,83.7176,-31.7023
373234067,-0.37708,-1.04285,1.99994,-250.1374,194.1221,-32.5420,0.14355,-0.60901,1.99994,-175.1221,83.6565,-31.2901
373235067,-0.51941,-1.92981,1.99994,-250.1374,162.9618,-22.3664,0.15051,-0.59607,1.99994,-170.4656,83.7099,-30.9237
373236067,-0.79517,-2.00000,1.99994,-234.2977,134.1679,-23.0000,0.15698,-0.58350,1.99994,-165.7634,83.8015,-30.5954
373237067,-0.98730,-2.00000,1.88940,-234.1603,137.0916,-35.8015,0.16492,-0.57080,1.99994,-161.0534,83.9160,-30.3053
373238067,-0.97644,-1.80774,1.99994,-232.8931,172.5725,-54.5954,0.17371,-0.55872,1.99994,-156.3435,84.0305,-30.0153
373239067,-0.76562,-0.09717,1.99994,-201.6947,208.5802,-68.4962,0.18054,-0.54724,1.99994,-151.6336,84.1298,-29.7405
373240067,-0.60938,0.43042,1.99994,-164.3282,233.1450,-71.1145,0.18555,-0.53491,1.99994,-146.9847,84.1756,-29.4809
373241065,-0.74512,-0.75244,1.99994,-148.8550,246.3053,-65.8473,0.19006,-0.52185,1.99994,-142.4580,84.1603,-29.2443
373242069,-0.55542,-2.00000,1.99994,-147.6489,250.1298,-66.6107,0.19470,-0.50854,1.99994,-138.0763,84.0458,-29.0153
373243068,0.24976,-2.00000,1.99994,-156.6031,250.1298,-77.6565,0.19897,-0.49597,1.99994,-133.8321,83.8092,-28.8015
373244068,0.89465,-1.76807,1.99994,-175.5878,250.1298,-87.9008,0.20276,-0.48376,1.99994,-129.7634,83.4351,-28.6183
373245067,1.06982,-0.22742,1.99994,-182.7405,210.1985,-88.3969,0.20593,-0.47131,1.99994,-125.8855,82.9542,-28.4809
373246067,1.15808,-0.00598,1.99994,-186.0076,165.3359,-73.7634,0.20874,-0.45813,1.99994,-122.1756,82.3435,-28.3588
373247067,1.06299,-1.17676,1.99994,-212.8779,126.4046,-50.0840,0.21118,-0.44531,1.99994,-118.6412,81.6031,-28.2595
373248067,0.61243,-2.00000,1.99994,-238.0153,94.5115,-38.6031,0.21301,-0.43250,1.99994,-115.2672,80.7328,-28.1832
373249067,0.03723,-1.86816,1.99994,-221.4885,79.3893,-50.0916,0.21521,-0.42029,1.99994,-112.0458,79.7176,-28.1450
373250067,0.00671,-0.28674,1.99994,-185.2214,83.9542,-69.0687,0.21790,-0.41064,1.99994,-108.9695,78.5573,-28.1450
373251068,0.23901,1.43640,1.99994,-173.0992,92.3130,-70.9313,0.22119,-0.40320,1.99994,-106.0229,77.2748,-28.1832
373252067,-0.09619,1.92468,1.99994,-183.5191,90.6031,-53.8779,0.22522,-0.39661,1.99994,-103.1298,75.8550,-28.2214
373253068,-0.42163,0.98926,1.31104,-176.8168,90.3969,-41.6565,0.23047,-0.39111,1.99994,-100.2519,74.3359,-28.1679
373254068,-0.40820,-0.29712,0.69067,-136.4351,91.6947,-50.5420,0.23767,-0.38892,1.99994,-97.3969,72.7176,-28.0000
373255068,-0.67773,-0.59717,0.50354,-98.1069,85.0076,-69.8779,0.24670,-0.39136,1.99994,-94.5191,71.0153,-27.7252
373256068,-0.92432,0.26562,-0.03223,-105.6031,80.5496,-75.7634,0.25696,-0.39648,1.99994,-91.6107,69.1985,-27.3893
373257068,-0.98889,1.05469,-0.50073,-136.1527,83.2214,-63.4198,0.26733,-0.40186,1.99994,-88.7099,67.2748,-26.9542
373258067,-1.06763,0.77905,-0.36438,-137.1298,88.7023,-50.1908,0.27820,-0.40942,1.99994,-85.7786,65.2443,-26.2595
373259067,-0.75110,-0.16736,0.52148,-109.8931,107.2443,-48.0916,0.29053,-0.42297,1.99994,-82.7710,63.1450,-25.2748
373260067,-0.44470,-0.68652,1.48462,-99.8855,134.3817,-50.9466,0.30347,-0.43604,1.99994,-79.7557,60.9313,-24.2137
373261067,-0.53271,-0.50476,1.50183,-120.0382,161.9237,-49.2290,0.31665,-0.44580,1.99994,-76.7634,58.5878,-23.0000
373262067,-0.65283,-0.16833,1.08545,-140.6718,186.3359,-44.4122,0.32983,-0.45679,1.99994,-73.7634,56.1450,-21.4580
373263067,-0.52478,-0.20654,0.91565,-126.5954,190.9695,-46.3740,0.34265,-0.46765,1.99994,-70.7099,53.6641,-19.6489
373264067,-0.11365,-0.40417,1.42358,-87.1756,177.7863,-58.8168,0.35596,-0.47742,1.99994,-67.6183,51.1450,-17.6412
373265067,0.31567,-0.29529,1.99994,-63.4046,155.8931,-70.7405,0.36792,-0.48584,1.99994,-64.5496,48.5420,-15.5038
373266067,0.54883,0.16675,1.99994,-75.4504,127.0992,-71.7023,0.37817,-0.49170,1.98804,-61.5344,45.8321,-13.2443
373267067,0.60120,0.75049,1.99994,-94.9695,100.6489,-65.0687,0.38635,-0.49329,1.96094,-58.6107,43.0153,-10.8931
373268067,0.33093,0.98328,1.78223,-83.4351,72.1985,-60.9847,0.39099,-0.49146,1.93201,-55.8931,40.0687,-8.4809
373269067,-0.07837,0.54114,1.33838,-46.3664,53.3359,-62.5344,0.39246,-0.48840,1.90137,-53.3969,36.9771,-6.0382
373270068,-0.47485,-0.15112,1.07300,-30.7557,50.6031,-63.2214,0.39136,-0.48413,1.87000,-51.1527,33.6794,-3.6031
373271067,-0.52991,-0.35071,0.88562,-50.5191,67.4580,-59.8321,0.38818,-0.47778,1.83789,-49.1603,30.2061,-1.2977
373272067,-0.26562,0.15503,1.25085,-64.6183,98.0611,-60.2366,0.38354,-0.46826,1.80481,-47.4504,26.5649,0.7481
373273067,-0.30603,0.74243,1.33728,-46.7557,113.7176,-66.0000,0.37769,-0.45642,1.77258,-46.0000,22.7634,2.5420
373274067,-0.45154,0.83008,0.67078,-11.8702,116.1756,-72.6641,0.37183,-0.44409,1.74097,-44.8321,18.8626,4.1298
373275067,-0.56335,0.60522,0.13171,10.8473,110.9847,-75.5038,0.36633,-0.43323,1.70996,-43.9466,14.8855,5.5344
373276067,-0.52563,0.32898,0.02661,4.9466,107.2824,-72.3588,0.36060,-0.42358,1.68127,-43.3435,10.8321,6.7328
373277068,-0.47412,0.17444,0.36475,-16.3282,104.0382,-66.5420,0.35571,-0.41504,1.65381,-42.9847,6.7405,7.7099
373278068,-0.55408,0.14453,0.45557,-18.0611,93.7252,-64.9466,0.35376,-0.40881,1.62646,-42.8397,2.6412,8.4656
373279068,-0.49292,0.25793,0.86633,-0.9389,92.0153,-66.8397,0.35376,-0.40540,1.59985,-42.8702,-1.4427,9.0382
373280067,-0.41357,0.51782,1.88318,-1.0305,102.9847,-62.9389,0.35413,-0.40442,1.57446,-43.0611,-5.4962,9.4275
373281067,-0.31653,0.51172,1.99994,-30.8779,120.0382,-47.9695,0.35535,-0.40564,1.54968,-43.4122,-9.4962,9.6870
373282067,-0.23328,0.06458,1.84973,-55.4885,137.0305,-34.3664,0.35815,-0.40979,1.52515,-43.8779,-13.3893,9.8626
373283067,-0.28833,-0.38428,1.57983,-40.9695,137.8473,-36.2443,0.36194,-0.41748,1.50024,-44.4656,-17.1450,9.9542
373284067,-0.46790,-0.21118,1.21399,-7.2443,124.3282,-50.2977,0.36633,-0.42773,1.47571,-45.1298,-20.7634,9.9542
373285068,-0.69690,0.66101,1.94250,0.3130,108.2214,-55.2519,0.37097,-0.44128,1.45239,-45.7786,-24.2290,9.9084
373286067,-0.16333,-0.43469,1.99994,-4.2977,116.1374,-44.3588,0.37634,-0.45825,1.43091,-46.4122,-27.5267,9.8321
373287067,0.28503,-1.68787,1.99994,0.1374,118.1298,-43.4198,0.38318,-0.47412,1.40796,-47.0611,-30.7176,9.7252
373288067,0.46204,-1.42212,1.99994,10.0763,119.9618,-56.9542,0.39160,-0.49170,1.38379,-47.6412,-33.6870,9.7634
373289067,0.77563,0.26453,1.99994,11.0076,128.3130,-69.3664,0.40002,-0.51270,1.36340,-48.0992,-36.3664,9.8321
373290068,1.44397,1.71094,1.99994,-3.9008,134.8855,-65.6031,0.40833,-0.52966,1.34314,-48.5115,-38.8626,9.8473
373291068,1.88391,1.41040,1.99994,-15.6718,107.7252,-49.4122,0.41760,-0.54834,1.32104,-48.8626,-41.1603,9.9771
373292067,1.44031,-0.17700,1.99994,-4.2672,44.8855,-41.5267,0.42773,-0.57031,1.30103,-49.0534,-43.1450,10.2366
373293068,1.19983,-1.20239,1.99994,31.1985,-3.4122,-57.0763,0.43762,-0.59009,1.28259,-49.0840,-44.8244,10.5267
373294068,1.57263,-0.53943,1.99994,48.9084,-24.2672,-76.8855,0.44604,-0.60803,1.26575,-49.0000,-46.2290,10.8473
373295068,1.55798,1.15955,1.99994,9.6260,-40.1832,-70.2977,0.46240,-0.64136,1.23022,-48.5115,-48.4351,11.5802
373296067,1.28625,1.99994,1.99994,-41.2977,-59.7252,-41.9695,0.47168,-0.65735,1.21179,-48.1450,-49.1832,11.9847
373297067,0.95459,1.99768,1.99994,-38.7405,-80.5191,-16.2901,0.48120,-0.67358,1.19348,-47.6947,-49.7099,12.3740
373298067,0.47485,0.40234,1.99994,-9.5954,-102.4580,-3.0992,0.49182,-0.68945,1.17542,-47.1298,-50.0534,12.7557
373299067,0.02368,-0.77100,1.93982,-15.1756,-112.1832,1.8779,0.50208,-0.70410,1.15710,-46.4427,-50.1908,13.0611
373300067,-0.45117,-0.47827,0.85632,-56.7023,-111.0687,5.1450,0.51221,-0.71777,1.13831,-45.6336,-50.1450,13.2901
373301067,-0.61877,0.68896,0.59351,-86.8473,-101.2672,7.2595,0.52344,-0.73035,1.11951,-44.7252,-49.9008,13.4885
373302067,-0.45349,1.31116,0.86267,-78.7863,-95.4885,8.4580,0.53491,-0.74255,1.10205,-43.6947,-49.4275,13.6107
373303067,-0.59180,0.46033,0.47192,-49.8550,-97.8473,8.4809,0.54626,-0.75464,1.08459,-42.5496,-48.7481,13.6183
373304067,-0.97571,-0.77661,-0.09424,-37.7023,-87.7634,3.5802,0.55737,-0.76526,1.06714,-41.2824,-47.9084,13.4733
373305067,-0.95422,-1.16980,-0.00305,-58.4656,-52.5878,-3.3053,0.56714,-0.77478,1.05115,-39.8702,-46.9313,13.2137
373306065,-0.68494,-0.71423,0.23462,-89.8168,-16.8931,-7.8779,0.57617,-0.78296,1.03430,-38.3206,-45.8168,12.8244
373307069,-0.62781,0.07471,0.29480,-97.8321,-1.5420,-10.5115,0.58521,-0.79089,1.01562,-36.6641,-44.5420,12.3130
373308068,-0.32715,0.43140,0.73706,-78.0763,1.3511,-10.6565,0.59375,-0.79871,0.99719,-34.9008,-43.0992,11.6565
373309068,0.29712,0.27722,1.70764,-70.0916,0.0153,-4.5420,0.60132,-0.80554,0.97913,-33.0611,-41.5420,10.8626
373310068,0.71558,-0.00305,1.99994,-101.8931,-6.8168,10.1450,0.60803,-0.81189,0.96008,-31.1679,-39.8931,9.9618
373311068,0.84045,-0.07837,1.99994,-138.1832,-20.1832,22.8321,0.61389,-0.81775,0.94067,-29.2137,-38.1527,8.9313
373312067,0.82385,0.07837,1.99994,-138.0840,-43.6565,23.7405,0.61951,-0.82385,0.92151,-27.1832,-36.3282,7.8244
373313067,0.81641,0.18823,1.99994,-111.4885,-74.0611,16.9542,0.62476,-0.83069,0.90332,-25.0992,-34.4046,6.6641
373314067,0.77100,0.25635,1.99994,-94.9389,-101.6336,11.5802,0.62866,-0.83813,0.88562,-22.9618,-32.4656,5.4504
373315067,0.53784,0.34119,1.99994,-105.8550,-123.2824,12.9847,0.63135,-0.84521,0.86621,-20.8015,-30.5267,4.1679
373316067,0.29688,0.45496,1.66187,-119.3664,-136.5802,15.0611,0.63293,-0.85144,0.84558,-18.6107,-28.5954,2.8397
373317067,0.05273,0.49231,1.00537,-103.6489,-145.6183,10.1145,0.63379,-0.85767,0.82568,-16.4198,-26.6565,1.4809
373318067,-0.30127,0.34375,0.40149,-74.3359,-150.7405,2.3206,0.63391,-0.86389,0.80627,-14.2214,-24.7557,0.1221
373319068,-0.49890,0.17529,-0.01855,-69.0840,-142.1298,1.7099,0.63232,-0.86902,0.78662,-12.0382,-22.9237,-1.2290
373320068,-0.73022,0.10168,-0.63525,-92.1603,-129.1527,10.5573,0.62976,-0.87219,0.76746,-9.8702,-21.1450,-2.5649
373321067,-1.08118,0.17212,-1.60156,-114.0534,-117.1603,19.9389,0.62585,-0.87390,0.74756,-7.7176,-19.4427,-3.8626
373322068,-1.19836,0.48962,-2.00000,-112.3206,-103.2901,21.5725,0.62109,-0.87451,0.72705,-5.5954,-17.8168,-5.1145
373323068,-1.13770,0.99219,-2.00000,-97.5038,-89.9771,19.1985,0.61621,-0.87500,0.70728,-3.5344,-16.2824,-6.3282
373324068,-0.99207,1.50269,-2.00000,-94.8855,-75.9008,21.5496,0.60986,-0.87463,0.68677,-1.5344,-14.8702,-7.4733
373325068,-0.92285,1.71497,-1.92212,-100.5573,-64.2595,28.6260,0.60254,-0.87292,0.66541,0.3893,-13.6107,-8.5496
373326068,-0.99426,1.32642,-1.98242,-86.4275,-54.7557,30.4198,0.59534,-0.86987,0.64417,2.2290,-12.5115,-9.5344
373327068,-0.92883,0.60425,-1.76404,-51.1221,-40.3130,21.7710,0.58801,-0.86536,0.62244,3.9695,-11.5344,-10.4046
373328067,-0.74548,0.24597,-1.35901,-23.0687,-23.8397,9.2595,0.58093,-0.85913,0.60181,5.6489,-10.6489,-11.2061
373329067,-0.60828,0.46265,-1.17822,-16.0992,-8.3282,2.1756,0.57397,-0.85229,0.58179,7.2214,-9.9313,-11.9313
373330067,-0.52417,0.81543,-1.06885,-15.2519,2.6565,2.0076,0.56665,-0.84583,0.56067,8.6794,-9.3893,-12.5802
373331067,-0.39185,0.78381,-0.78308,-3.4504,6.2595,4.5954,0.55920,-0.83765,0.53894,10.0611,-8.9847,-13.1069
373332068,-0.19385,0.29053,-0.39050,11.9924,4.2977,7.4733,0.55286,-0.82825,0.51721,11.3130,-8.6794,-13.5115
373333067,-0.13074,-0.16138,-0.20068,10.0153,-1.8931,11.3435,0.54688,-0.81921,0.49561,12.4427,-8.4885,-13.8168
373334067,-0.11267,-0.16321,-0.15186,-9.1527,-5.2977,15.5038,0.53992,-0.80994,0.47327,13.4962,-8.4504,-14.0534
373335067,-0.03943,0.16687,-0.01770,-22.5954,-7.2214,17.2443,0.53333,-0.80090,0.45142,14.4427,-8.5420,-14.2290
373336067,-0.06055,0.39844,0.17505,-17.5115,-12.5878,15.8931,0.52893,-0.79199,0.43213,15.2672,-8.7252,-14.3282
373337068,-0.16980,0.39062,0.37500,-0.4656,-17.8015,11.5954,0.52612,-0.78296,0.41516,15.9618,-8.9924,-14.3740
373338067,-0.25415,0.30200,0.31628,19.3359,-20.3740,4.9084,0.52307,-0.77380,0.39856,16.5573,-9.3588,-14.3282
373339067,-0.27454,0.25208,-0.03162,40.3130,-20.8244,-3.6718,0.52002,-0.76416,0.38123,17.0458,-9.7786,-14.2061
373340068,-0.28992,0.31848,-0.17407,65.1221,-20.7176,-13.3130,0.51868,-0.75562,0.36365,17.4427,-10.2748,-14.0153
373341067,-0.24023,0.38562,0.00024,89.5191,-20.3053,-20.7939,0.51697,-0.74805,0.34595,17.7176,-10.8397,-13.7786
373342067,-0.20081,0.31714,0.03479,102.8168,-21.0153,-22.4351,0.51416,-0.73999,0.32874,17.8855,-11.4504,-13.5267
373343068,-0.42859,0.05420,-0.38489,103.3893,-25.7557,-18.4885,0.51221,-0.73157,0.31152,18.0000,-12.0458,-13.2595
373344068,-0.70239,-0.44556,-0.68933,100.9084,-25.1069,-13.2977,0.51001,-0.72363,0.29529,18.0153,-12.6412,-12.9618
373345068,-0.78442,-1.05469,-0.51990,96.9084,-18.6412,-9.4733,0.50757,-0.71606,0.28040,17.9466,-13.2519,-12.6489
373346067,-0.80566,-1.49744,-0.45605,83.7786,-12.0763,-7.0382,0.50513,-0.70886,0.26636,17.8168,-13.8779,-12.3206
373347068,-0.80383,-1.59314,-0.54004,65.2977,-3.3511,-7.0153,0.50244,-0.70264,0.25256,17.6107,-14.5191,-12.0076
373348067,-0.74084,-1.41443,-0.39429,52.7099,6.2672,-10.4962,0.49976,-0.69751,0.23889,17.3435,-15.1832,-11.7176
373349067,-0.60681,-1.14453,-0.07434,47.2366,14.6718,-16.3130,0.49744,-0.69202,0.22583,17.0229,-15.8244,-11.4198
373350065,-0.61133,-0.76758,-0.09155,45.7634,16.0000,-23.4885,0.49512,-0.68579,0.21265,16.6336,-16.4427,-11.1450
373351069,-0.80823,-0.44116,-0.44751,49.5191,12.1832,-29.4580,0.49255,-0.67981,0.19849,16.1908,-17.0763,-10.8473
373352068,-0.87720,-0.65735,-0.34680,58.3740,11.9160,-31.8092,0.48999,-0.67419,0.18567,15.7099,-17.7023,-10.5573
373353067,-0.70325,-1.33484,0.07617,65.7863,14.6107,-32.8473,0.48779,-0.66882,0.17529,15.1985,-18.2824,-10.2748
373354067,-0.50232,-1.74854,0.14819,67.6947,19.0916,-35.5878,0.48657,-0.66455,0.16589,14.6718,-18.8626,-10.0229
373355067,-0.62415,-1.41211,-0.21912,66.5115,20.8550,-39.6794,0.48621,-0.66016,0.15601,14.0992,-19.4122,-9.7939
373356067,-0.76733,-0.74097,-0.38306,64.0763,27.6718,-40.8321,0.48535,-0.65637,0.14685,13.4885,-19.9237,-9.5725
373357067,-0.57874,-0.27722,0.09302,60.5802,39.5191,-38.6947,0.48511,-0.65393,0.13867,12.8473,-20.4046,-9.3588
373358067,-0.36096,-0.07507,0.53979,59.0458,43.7405,-36.2443,0.48425,-0.65149,0.13062,12.2061,-20.8550,-9.1298
373359068,-0.22729,-0.28381,0.70776,60.6641,41.9389,-35.2824,0.48230,-0.65015,0.12329,11.5420,-21.2824,-8.9237
373360067,-0.22278,-0.85486,0.72217,64.1756,34.8168,-38.0305,0.48022,-0.64978,0.11755,10.8626,-21.6641,-8.6870
373361068,-0.19946,-1.19177,0.83130,68.8473,30.5573,-47.5725,0.47778,-0.64941,0.11243,10.1679,-22.0000,-8.4427
373362067,0.22119,-0.83435,1.41968,79.2519,35.0611,-62.5267,0.47607,-0.64941,0.10730,9.4580,-22.2824,-8.2061
373363067,0.54382,-0.01733,1.99994,93.1756,33.3969,-74.3130,0.47400,-0.65015,0.10364,8.7481,-22.5115,-7.9847
373364067,0.40735,0.62524,1.85242,104.0229,19.9084,-76.3206,0.47144,-0.65210,0.10046,8.0458,-22.6718,-7.7557
373365068,0.39734,0.73145,1.53076,110.4733,11.7023,-71.3588,0.46960,-0.65393,0.09741,7.4122,-22.8092,-7.5115
373366068,0.51013,0.37415,1.69568,112.2748,6.3435,-63.8931,0.46802,-0.65662,0.09534,6.8092,-22.9008,-7.2748
373367068,0.48181,-0.02063,1.89209,105.7405,-1.4427,-56.9924,0.46619,-0.66138,0.09387,6.2214,-22.9237,-7.0153
373368068,0.42358,0.10242,1.76685,95.9160,-10.4275,-52.1756,0.46484,-0.66736,0.09277,5.6565,-22.8931,-6.7405
373369068,0.33459,0.66211,1.49634,90.3511,-20.6641,-47.0763,0.46301,-0.67334,0.09155,5.1069,-22.8397,-6.4656
373370068,0.39209,1.01221,1.50110,85.6794,-26.2672,-38.3511,0.46106,-0.67896,0.09058,4.6260,-22.7634,-6.2290
373371068,0.53809,0.80188,1.66638,75.8397,-29.6870,-27.1298,0.45984,-0.68542,0.08960,4.2290,-22.6794,-6.0076
373372067,0.45789,0.24951,1.42151,66.0840,-37.4504,-18.7405,0.45837,-0.69360,0.08777,3.9084,-22.5802,-5.7786
373373067,0.36340,-0.13123,0.94861,58.5954,-42.1832,-16.4427,0.45654,-0.70142,0.08496,3.6565,-22.4809,-5.5267
373374067,0.39978,-0.04797,0.79749,50.5725,-41.3969,-17.8931,0.45459,-0.70911,0.08215,3.4733,-22.3817,-5.2977
373375067,0.33301,0.42517,1.01843,47.5878,-37.9618,-20.4427,0.45300,-0.71851,0.07983,3.3817,-22.2443,-5.1069
373376068,0.35120,0.90186,1.35266,51.2672,-32.5038,-19.6947,0.45203,-0.72913,0.07568,3.3817,-22.0763,-4.9084
373377067,0.54980,1.01013,1.59534,51.2061,-28.4427,-12.3588,0.45117,-0.74023,0.07043,3.4504,-21.8931,-4.7099
373378067,0.54004,0.78564,1.49133,43.4504,-30.5191,-1.2443,0.44995,-0.75061,0.06665,3.5802,-21.7099,-4.5191
373379067,0.46326,0.44177,1.14160,35.3817,-32.7405,7.8321,0.44910,-0.75977,0.06201,3.7634,-21.5267,-4.3359
373380068,0.50574,0.27087,0.97815,35.0229,-38.0840,11.7405,0.44861,-0.76746,0.05737,3.9924,-21.3206,-4.1374
373381067,0.51575,0.42688,1.03381,42.2443,-51.6260,12.5954,0.44775,-0.77405,0.05432,4.2748,-21.0840,-3.9542
373382067,0.52271,0.75183,1.15576,47.7099,-67.5115,15.5115,0.44788,-0.78015,0.05042,4.5954,-20.7939,-3.7939
373383067,0.42834,0.76025,1.05884,45.1298,-82.9695,23.5802,0.44861,-0.78540,0.04565,4.9618,-20.4885,-3.6718
373384068,0.21338,0.11133,0.79712,40.9084,-92.2672,32.0763,0.44934,-0.78979,0.04163,5.3588,-20.1985,-3.5496
373385068,0.23901,-0.74548,0.67041,38.7634,-88.9695,34.5496,0.44983,-0.79407,0.03809,5.7863,-19.8931,-3.4580
373386067,0.35303,-1.02539,0.50964,25.8550,-79.9618,33.8779,0.44983,-0.79822,0.03467,6.2214,-19.5878,-3.3969
373387068,0.12585,-0.53748,0.11108,-3.0229,-71.5191,36.4504,0.45007,-0.80090,0.03149,6.6031,-19.2748,-3.3511
373388067,-0.09412,0.05615,-0.21191,-26.2824,-61.2443,43.1603,0.45093,-0.80310,0.02795,6.9313,-18.9008,-3.2977
373389067,-0.10132,0.10364,-0.09448,-30.5191,-54.2061,51.7176,0.45264,-0.80505,0.02478,7.2214,-18.4885,-3.2443
373390067,-0.07605,-0.27039,0.15662,-31.3511,-54.1069,60.2137,0.45410,-0.80627,0.02258,7.4733,-18.0992,-3.2061
373391067,0.16614,-0.48853,0.27734,-43.4962,-50.5802,66.8626,0.45459,-0.80847,0.01941,7.6947,-17.7252,-3.1603
373392067,0.36267,-0.20581,0.40503,-58.8397,-47.3053,71.0687,0.45557,-0.81201,0.01392,7.8550,-17.2901,-3.1221
373393067,0.34021,0.29541,0.63171,-61.5420,-48.4275,73.5420,0.45715,-0.81567,0.00720,8.0000,-16.7863,-3.0840
373394068,0.29688,0.29700,0.86719,-49.3053,-53.8321,77.1221,0.46069,-0.82410,-0.00488,8.2748,-15.6947,-2.9847
373395068,0.02026,-0.56201,0.81982,-36.5191,-65.7176,82.4122,0.46240,-0.82886,-0.01074,8.4427,-15.0992,-2.8779
373396068,-0.07080,-1.58411,0.86572,-33.6489,-67.2748,82.8244,0.46399,-0.83398,-0.01672,8.6336,-14.4275,-2.7328
373397067,0.23340,-1.80322,1.36414,-39.3130,-58.2977,76.7099,0.46606,-0.83936,-0.02380,8.8244,-13.7023,-2.5649
373398067,0.26160,-1.28943,1.52869,-47.3130,-60.9466,71.9695,0.46777,-0.84436,-0.03015,9.0382,-12.9466,-2.4122
373399067,0.09509,-0.94067,1.14185,-51.7099,-72.2290,74.0763,0.46973,-0.84900,-0.03625,9.2901,-12.1603,-2.2366
373400068,-0.12427,-1.34631,0.62598,-54.2061,-89.2137,81.0992,0.47266,-0.85425,-0.04199,9.5802,-11.3359,-2.0229
373401068,-0.36084,-2.00000,0.28455,-62.6641,-104.0229,86.3282,0.47595,-0.85962,-0.04712,9.9542,-10.4580,-1.7481
373402068,-0.27271,-2.00000,0.44238,-75.3359,-107.8015,84.1985,0.47815,-0.86438,-0.05237,10.4046,-9.5267,-1.4275
373403067,-0.28906,-2.00000,0.22681,-78.5802,-117.8550,76.0305,0.47925,-0.86975,-0.05688,10.9160,-8.5420,-1.0916
373404068,-0.44531,-1.48218,-0.85132,-57.9847,-133.0916,63.5344,0.48120,-0.87585,-0.06116,11.4580,-7.5344,-0.7481
373405068,-0.58911,-1.01672,-1.70874,-20.2748,-141.9160,49.3969,0.48279,-0.88171,-0.06506,12.0382,-6.5496,-0.3817
373406068,-0.90869,-1.25183,-2.00000,0.9008,-143.8321,41.7863,0.48340,-0.88708,-0.06787,12.6412,-5.5496,-0.0076
373407067,-1.21729,-1.90601,-2.00000,-4.3053,-131.8015,38.2901,0.48291,-0.89172,-0.07166,13.2366,-4.5420,0.3893
373408068,-1.49084,-2.00000,-2.00000,-3.7481,-108.2137,26.7176,0.48132,-0.89551,-0.07666,13.8473,-3.5420,0.7863
373409068,-1.51575,-1.52747,-2.00000,24.0076,-75.6641,5.6336,0.48035,-0.89832,-0.08191,14.4580,-2.5573,1.1374
373410068,-1.24146,-0.60083,-2.00000,50.5954,-40.3282,-9.4580,0.47961,-0.90137,-0.08704,15.0916,-1.6107,1.4733
373411067,-0.89124,-0.11914,-2.00000,43.6870,-12.1985,-5.4427,0.47852,-0.90369,-0.09082,15.7099,-0.6794,1.8168
373412067,-0.17822,-0.19812,-1.16064,-6.1374,26.6183,21.8702,0.47705,-0.90515,-0.09290,16.2824,0.2214,2.1832
373413068,0.01770,-0.12207,-0.90625,-5.1832,18.0611,26.9924,0.47559,-0.90698,-0.09570,16.7863,1.0534,2.5649
373414068,0.07532,0.06714,-0.67358,3.7252,-2.7405,30.8626,0.47424,-0.90808,-0.10010,17.2366,1.8092,2.9008
373415068,0.36853,0.12427,0.05042,5.1145,-22.5191,40.0458,0.47229,-0.90747,-0.10461,17.6031,2.4504,3.1603
373416067,0.63733,-0.23047,0.65820,-7.4275,-42.4275,55.2977,0.46948,-0.90588,-0.10913,17.8626,3.0076,3.4198
373417068,0.37878,-0.83386,0.40161,-15.2519,-65.5573,65.6947,0.46655,-0.90430,-0.11389,18.0229,3.5115,3.6565
373418067,-0.08154,-1.24609,0.01501,5.9389,-77.7710,61.1374,0.46362,-0.90344,-0.11865,18.0916,3.9389,3.8473
373419068,-0.34253,-1.57703,-0.03723,38.6107,-76.9542,49.5573,0.46045,-0.90247,-0.12244,18.0611,4.2748,4.0229
373420068,-0.53381,-2.00000,-0.22400,45.1221,-70.2443,42.7481,0.45813,-0.90051,-0.12585,17.9389,4.4885,4.2137
373421068,-0.75110,-2.00000,-0.73767,29.1603,-62.1069,39.3435,0.45679,-0.89929,-0.12927,17.7328,4.5954,4.4198
373422068,-0.85449,-2.00000,-1.31592,22.3130,-54.8168,30.5802,0.45471,-0.89832,-0.13086,17.4351,4.6183,4.5802
373423068,-0.84021,-2.00000,-1.55029,29.6260,-50.1221,15.3664,0.45166,-0.89722,-0.13232,17.0229,4.5802,4.7023
373424068,-0.80896,-1.63770,-1.45728,38.3588,-47.5496,2.5344,0.44910,-0.89612,-0.13379,16.5038,4.4504,4.7710
373425068,-0.83923,-1.20081,-1.57788,45.6412,-51.2290,-0.4046,0.44714,-0.89465,-0.13391,15.9008,4.2290,4.8397
373426068,-0.93408,-1.61255,-1.87024,52.4962,-56.0153,3.2137,0.44556,-0.89319,-0.13330,15.2290,3.9008,4.9084
373427068,-0.89819,-2.00000,-1.83313,53.4198,-53.0229,4.9008,0.44421,-0.89221,-0.13379,14.4580,3.4962,4.9695
373428068,-0.82056,-2.00000,-1.78137,51.7023,-44.7405,0.2519,0.44324,-0.89221,-0.13562,13.5802,3.0229,5.0000
373429067,-0.97461,-1.79285,-2.00000,55.0458,-36.6794,-7.7634,0.44336,-0.89209,-0.13611,12.6718,2.4962,5.0153
373430067,-1.13757,-1.13660,-2.00000,65.5573,-27.5420,-13.3511,0.44385,-0.89233,-0.13428,11.7176,1.9160,5.0000
373431068,-1.09766,-0.95435,-2.00000,74.7252,-16.3588,-13.4733,0.44507,-0.89355,-0.13184,10.7481,1.2595,4.9618
373432067,-1.01367,-1.26038,-1.86597,70.4198,-3.7176,-9.6031,0.44653,-0.89551,-0.12927,9.7710,0.5878,4.9313
373433067,-0.98145,-1.74866,-1.66711,51.1603,11.3282,-5.2214,0.44812,-0.89819,-0.12695,8.7939,-0.0611,4.9008
373434067,-0.83875,-1.93982,-1.35168,33.9924,26.4733,-4.5191,0.44983,-0.90088,-0.12427,7.8321,-0.7099,4.8397
373435067,-0.59473,-1.61023,-0.85608,25.5878,36.1603,-5.3206,0.45166,-0.90332,-0.12048,6.9084,-1.3893,4.7939
373436067,-0.41174,-1.22656,-0.44165,14.3435,35.9160,-0.3130,0.45361,-0.90698,-0.11646,6.0076,-2.0763,4.7786
373437067,-0.21094,-1.22949,-0.18811,-0.9389,30.1221,9.1756,0.45630,-0.91199,-0.11279,5.1298,-2.7481,4.7328
373438067,0.09900,-1.11035,0.02698,-7.3740,21.7786,12.5038,0.45874,-0.91711,-0.10828,4.2901,-3.3969,4.6947
373439067,0.41968,-0.35034,0.06140,-1.2977,8.7099,8.3969,0.46021,-0.92102,-0.10217,3.5191,-3.9924,4.6336
373440068,0.50171,0.51294,0.09253,12.8397,-7.3206,4.7023,0.46130,-0.92480,-0.09668,2.8092,-4.5802,4.5496
373441068,0.25195,0.72534,0.03552,39.8168,-25.3664,2.9084,0.46191,-0.92822,-0.09180,2.1374,-5.1221,4.4580
373442068,-0.07373,0.06458,-0.33081,77.9389,-37.6107,-0.1527,0.46179,-0.93103,-0.08643,1.4733,-5.6107,4.3740
373443068,-0.39685,-1.11816,-0.61230,105.1221,-39.0992,-3.1603,0.46143,-0.93481,-0.08057,0.8321,-6.0534,4.2595
373444068,-0.63208,-1.85632,-0.61096,107.1527,-28.0229,-7.0382,0.46155,-0.93872,-0.07361,0.2214,-6.4656,4.0992
373445068,-0.50366,-1.58276,-0.44824,97.2672,-3.7710,-11.7863,0.46155,-0.94202,-0.06641,-0.3588,-6.8626,3.9618
373446068,-0.51086,-0.86328,-0.67078,92.1069,8.2443,-12.4275,0.46167,-0.94519,-0.06042,-0.8779,-7.2443,3.7786
373447068,-0.77905,-0.62659,-1.33948,89.7786,4.1221,-5.2443,0.46204,-0.94849,-0.05566,-1.3282,-7.5954,3.5573
373448068,-0.69971,-1.13647,-1.38623,77.7634,5.6641,5.9542,0.46240,-0.95349,-0.05212,-1.7405,-7.9313,3.3130
373449068,-0.61719,-1.89331,-0.73376,49.1985,9.7328,16.2748,0.46326,-0.95886,-0.04846,-2.1145,-8.2214,3.0763
373450068,-0.60510,-2.00000,-0.24866,16.6870,13.8092,22.0534,0.46338,-0.96375,-0.04407,-2.4198,-8.4733,2.8550
373451068,-0.47156,-2.00000,-0.06567,4.7634,18.9084,17.4122,0.46362,-0.96814,-0.04138,-2.6260,-8.6641,2.6336
373452068,-0.58936,-1.97510,-0.12720,15.6336,17.4656,7.4656,0.46521,-0.97388,-0.04150,-2.7557,-8.8397,2.3588
373453068,-0.65356,-1.59045,-0.03394,27.1069,21.8931,1.8015,0.46741,-0.98022,-0.04102,-2.8473,-9.0000,2.0305
373454068,-0.49097,-1.80798,0.29932,26.2366,29.6412,1.9237,0.47021,-0.98621,-0.03894,-2.8702,-9.1374,1.7099
373455068,-0.42578,-2.00000,0.43774,25.2290,30.8702,-0.4122,0.47302,-0.99268,-0.03735,-2.8244,-9.2443,1.3817
373456068,-0.36267,-2.00000,0.57898,35.6718,28.1908,-8.9466,0.47607,-0.99963,-0.03625,-2.6794,-9.3206,1.0382
373457067,-0.33691,-1.99976,0.70007,45.2595,21.1069,-16.4885,0.47974,-1.00684,-0.03540,-2.4733,-9.3817,0.6947
373458068,-0.36377,-1.93262,0.75269,37.1679,14.5878,-17.9924,0.48303,-1.01306,-0.03650,-2.2290,-9.4351,0.3740
373459068,-0.22668,-1.55127,0.91577,15.3893,10.8855,-14.9924,0.48523,-1.01880,-0.03845,-1.9389,-9.4733,0.0458
373460068,-0.07788,-1.02454,1.08740,-6.4885,3.3969,-9.1908,0.48779,-1.02515,-0.03967,-1.6031,-9.5038,-0.2443
373461067,0.01147,-0.78772,1.18237,-19.5954,-5.9924,-2.5496,0.49072,-1.03113,-0.04102,-1.2595,-9.5191,-0.5038
373462067,0.09363,-0.87244,1.14941,-23.0992,-15.3740,2.0382,0.49438,-1.03577,-0.04456,-0.8931,-9.5267,-0.7557
373463067,0.03796,-0.88245,0.92859,-22.4504,-25.9771,3.1832,0.49927,-1.03918,-0.04932,-0.5115,-9.5344,-1.0000
373464068,-0.10474,-0.60498,0.68225,-21.0763,-35.0382,2.2214,0.50330,-1.04272,-0.05371,-0.1221,-9.5344,-1.2214
373465068,-0.19678,-0.27539,0.56836,-13.3817,-40.1603,0.5344,0.50708,-1.04492,-0.05908,0.2290,-9.5191,-1.4122
373466067,-0.23877,-0.16663,0.55396,3.3282,-42.3740,-1.5649,0.51025,-1.04578,-0.06592,0.5725,-9.5038,-1.5802
373467067,-0.30884,-0.29187,0.46045,19.6412,-44.3359,-2.7863,0.51233,-1.04565,-0.07190,0.8397,-9.5038,-1.7328
373468067,-0.39966,-0.50232,0.16870,25.3740,-44.8702,-1.7481,0.51453,-1.04492,-0.07703,1.0305,-9.5344,-1.8855
373469067,-0.47156,-0.66479,-0.12195,20.1527,-41.7786,0.9695,0.51660,-1.04492,-0.08252,1.1832,-9.6183,-2.0076
373470065,-0.52246,-0.70740,-0.19177,10.6947,-37.5115,3.7710,0.51819,-1.04468,-0.08826,1.2901,-9.7176,-2.1069
373471069,-0.49731,-0.64648,-0.12280,2.3740,-35.6031,6.7863,0.51917,-1.04395,-0.09326,1.3206,-9.8244,-2.1832
373472068,-0.48145,-0.55310,-0.15173,-5.4275,-38.8321,11.0534,0.52002,-1.04346,-0.09888,1.2748,-9.9313,-2.2519
373473068,-0.53516,-0.52246,-0.22217,-13.8092,-42.2290,16.1145,0.52087,-1.04224,-0.10608,1.2214,-10.0305,-2.3359
373474068,-0.55078,-0.63062,-0.19458,-18.7328,-42.4122,19.7863,0.52246,-1.03979,-0.11426,1.1221,-10.1298,-2.4198
373475067,-0.56506,-0.79553,-0.17700,-16.0458,-42.4504,20.3588,0.52490,-1.03699,-0.12244,1.0229,-10.2061,-2.4733
373476067,-0.62634,-0.86011,-0.23621,-6.1221,-43.0305,17.7710,0.52771,-1.03650,-0.12927,0.9618,-10.2061,-2.5038
373477067,-0.68018,-0.83203,-0.33997,6.1679,-42.1298,14.2595,0.52991,-1.03723,-0.13464,0.8550,-10.1679,-2.6107
373478067,-0.71448,-0.86670,-0.42505,14.4275,-39.7481,12.5725,0.53210,-1.03662,-0.13916,0.6870,-10.1374,-2.8015
373479068,-0.73022,-0.97546,-0.43701,16.8473,-36.8473,12.7557,0.53577,-1.03552,-0.14319,0.5038,-10.1069,-3.0229
373480068,-0.73938,-1.05884,-0.41772,16.1221,-34.9389,13.4580,0.53967,-1.03467,-0.14917,0.3664,-10.0000,-3.2748
373481068,-0.76758,-1.10754,-0.44495,13.2137,-33.9771,14.3588,0.54260,-1.03503,-0.15723,0.2748,-9.7939,-3.5344
373482068,-0.78784,-1.18311,-0.44250,7.7328,-31.8855,15.6031,0.54529,-1.03503,-0.16479,0.2443,-9.5038,-3.8321
373483067,-0.79089,-1.28381,-0.37964,1.4351,-29.3282,16.6641,0.54871,-1.03430,-0.17114,0.2824,-9.1221,-4.1908
373484067,-0.77588,-1.36536,-0.28821,-3.0992,-27.0840,16.8015,0.55261,-1.03430,-0.17737,0.3969,-8.6489,-4.5573
373485067,-0.76111,-1.42700,-0.20654,-4.2977,-25.7328,15.5038,0.55725,-1.03601,-0.18372,0.5954,-8.0763,-4.9313
373486067,-0.75317,-1.45752,-0.14771,-1.9771,-24.6412,12.7252,0.56287,-1.03809,-0.18884,0.8473,-7.4046,-5.3359
373487065,-0.69971,-1.39709,-0.04297,2.8168,-23.3435,9.0611,0.56775,-1.04028,-0.19299,1.1603,-6.6260,-5.7863
373488068,-0.62781,-1.22815,0.06348,8.1221,-23.5802,5.8550,0.57178,-1.04163,-0.19666,1.5344,-5.7557,-6.2595
373489067,-0.59619,-1.05347,0.07446,12.0611,-25.6107,4.5191,0.57593,-1.04199,-0.20020,2.0000,-4.7481,-6.6870
373490067,-0.58972,-0.98340,0.03992,13.6718,-28.0916,5.3130,0.57959,-1.04272,-0.20251,2.5649,-3.6031,-7.1298
373491068,-0.58496,-1.03418,0.03992,12.5573,-30.2595,7.5191,0.58264,-1.04272,-0.20410,3.1603,-2.4580,-7.6336
373492067,-0.59863,-1.12964,0.03015,8.6565,-32.4580,10.1145,0.58459,-1.04126,-0.20605,3.7786,-1.3206,-8.1450
373493067,-0.62671,-1.18994,-0.02063,3.7557,-34.2290,12.2519,0.58276,-1.03467,-0.20959,4.9542,1.0534,-9.2366
373494067,-0.64722,-1.21704,-0.07825,0.2290,-35.4656,13.5954,0.58105,-1.03113,-0.21130,5.5344,2.2595,-9.7939
373495068,-0.66663,-1.22498,-0.12854,-1.6718,-36.4198,14.2137,0.57922,-1.02734,-0.21289,6.1069,3.4656,-10.3435
373496067,-0.69751,-1.19751,-0.19592,-2.6260,-37.4198,14.2748,0.57739,-1.02368,-0.21472,6.6641,4.6718,-10.9084
373497068,-0.73792,-1.16492,-0.27551,-2.3435,-37.8779,14.0076,0.57483,-1.01978,-0.21655,7.1679,5.8550,-11.4580
373498067,-0.77759,-1.19312,-0.33386,-0.7481,-37.6031,13.6336,0.57288,-1.01428,-0.21851,7.6260,6.9618,-11.9847
373499067,-0.81006,-1.28052,-0.37524,1.4504,-36.7786,13.0534,0.57166,-1.00781,-0.21936,8.0458,8.0000,-12.4885
373500067,-0.82324,-1.35461,-0.41919,3.1908,-35.2214,12.1221,0.56982,-1.00183,-0.21936,8.4198,9.0153,-12.9542
373501068,-0.82849,-1.35352,-0.48010,3.1374,-33.1985,11.1603,0.56799,-0.99683,-0.21912,8.7557,10.0000,-13.3969
373502068,-0.84448,-1.30396,-0.53979,1.2290,-31.2290,10.8168,0.56616,-0.99194,-0.21875,9.0611,10.9160,-13.8397
373503068,-0.85913,-1.27100,-0.56787,-0.7328,-29.6336,10.9466,0.56335,-0.98645,-0.21753,9.3130,11.7405,-14.2290
373504068,-0.87036,-1.26807,-0.56946,-1.6489,-28.5573,10.9084,0.55945,-0.98108,-0.21521,9.5191,12.4885,-14.5954
373505068,-0.88440,-1.29126,-0.56689,-1.9389,-27.6489,10.5267,0.55505,-0.97607,-0.21411,9.6718,13.1756,-14.9542
373506068,-0.88831,-1.33447,-0.55225,-2.0076,-26.2290,9.8702,0.55115,-0.97119,-0.21387,9.8015,13.7634,-15.2824
373507067,-0.87048,-1.36829,-0.52502,-2.0687,-24.3969,9.0611,0.54749,-0.96631,-0.21216,9.9008,14.2824,-15.5802
373508067,-0.83740,-1.34790,-0.50305,-2.3588,-22.4351,8.2443,0.54309,-0.96118,-0.20850,9.9313,14.7710,-15.8473
373509067,-0.80554,-1.26697,-0.50012,-2.9160,-20.8550,7.7328,0.53870,-0.95618,-0.20312,9.9389,15.2137,-16.0916
373510067,-0.78247,-1.14905,-0.50793,-3.7634,-19.8244,7.7481,0.53552,-0.95203,-0.19751,9.9160,15.5420,-16.3053
373511065,-0.76892,-1.02759,-0.50745,-4.7328,-19.4427,8.3664,0.53247,-0.94849,-0.19214,9.8626,15.8015,-16.4656
373512069,-0.76367,-0.96094,-0.49512,-5.4427,-19.5878,9.4962,0.52966,-0.94470,-0.18738,9.7710,16.0153,-16.5649
373513067,-0.76050,-0.97961,-0.46033,-5.8702,-19.6260,10.7634,0.52600,-0.94104,-0.18347,9.6412,16.2214,-16.6260
373514067,-0.76367,-1.07141,-0.43958,-6.2977,-19.4656,11.7710,0.52136,-0.93799,-0.17883,9.4580,16.3893,-16.6718
373515067,-0.76782,-1.17700,-0.44263,-6.4580,-18.5954,12.0382,0.51782,-0.93518,-0.17358,9.1908,16.4733,-16.6565
373516067,-0.75610,-1.20129,-0.42859,-5.9618,-16.8702,11.3206,0.51538,-0.93262,-0.16675,8.8550,16.4580,-16.5649
373517067,-0.75366,-1.11572,-0.42175,-5.4198,-15.4046,10.5191,0.51196,-0.92969,-0.15771,8.4885,16.3969,-16.4427
373518068,-0.77161,-1.04370,-0.43005,-5.6565,-14.6718,11.0458,0.50793,-0.92639,-0.14893,8.1221,16.3282,-16.3053
373519068,-0.77466,-1.10950,-0.38464,-6.2137,-14.1221,12.6794,0.50500,-0.92407,-0.14050,7.7099,16.2214,-16.1221
373520067,-0.76758,-1.24756,-0.30237,-6.9389,-13.8015,13.9160,0.50220,-0.92175,-0.13098,7.2595,16.0763,-15.9084
373521067,-0.76514,-1.32104,-0.27795,-8.7328,-13.5191,14.1221,0.49988,-0.91907,-0.12134,6.8168,15.9389,-15.6260
373522067,-0.75012,-1.29688,-0.28809,-11.0458,-12.8092,13.6641,0.49756,-0.91699,-0.11218,6.3740,15.8015,-15.3206
373523067,-0.72986,-1.24841,-0.26758,-12.1221,-12.1908,13.1221,0.49329,-0.91504,-0.10278,5.9389,15.6412,-15.0076
373524067,-0.72351,-1.25317,-0.24487,-12.0076,-12.2672,12.7710,0.48865,-0.91296,-0.09448,5.5115,15.4656,-14.7023
373525067,-0.72888,-1.31616,-0.25500,-11.8092,-12.7710,12.3435,0.48486,-0.91028,-0.08594,5.0763,15.2748,-14.3969
373526067,-0.73218,-1.37122,-0.25122,-11.5191,-12.8397,11.3282,0.48157,-0.90747,-0.07568,4.6260,15.0611,-14.0687
373527065,-0.71387,-1.36218,-0.20508,-11.0305,-12.3969,9.9160,0.47839,-0.90588,-0.06543,4.1603,14.8321,-13.7710
373528069,-0.68347,-1.30981,-0.18213,-11.0840,-12.4198,9.0458,0.47522,-0.90479,-0.05566,3.7252,14.5954,-13.4962
373529068,-0.66821,-1.24805,-0.21289,-11.9847,-12.9466,9.0763,0.47156,-0.90283,-0.04663,3.3282,14.3588,-13.2366
373530068,-0.65857,-1.17859,-0.25073,-13.4198,-13.1832,9.6107,0.46765,-0.90112,-0.03760,3.0153,14.1145,-12.9618
373531068,-0.65454,-1.12878,-0.27966,-15.2901,-13.2519,10.4809,0.46460,-0.89941,-0.02832,2.7786,13.8550,-12.7252
373532067,-0.67944,-1.13794,-0.32043,-16.7405,-13.7634,11.4198,0.46216,-0.89734,-0.01917,2.5954,13.5954,-12.5115
373533067,-0.71411,-1.19641,-0.35388,-16.4962,-14.1069,11.7405,0.45923,-0.89575,-0.01086,2.4427,13.3359,-12.3053
373534067,-0.73547,-1.25854,-0.37195,-15.3817,-13.8931,11.2901,0.45508,-0.89380,-0.00305,2.2977,13.0687,-12.0992
373535067,-0.74780,-1.27808,-0.39697,-15.1221,-12.8931,10.3893,0.45020,-0.89087,0.00403,2.1679,12.7939,-11.9008
373536067,-0.75024,-1.23450,-0.42627,-15.3282,-11.2290,9.3664,0.44580,-0.88708,0.01025,2.0611,12.4962,-11.7023
373537067,-0.74585,-1.16956,-0.44690,-14.9847,-9.4733,8.6031,0.44165,-0.88318,0.01746,1.9542,12.1679,-11.5191
373538067,-0.74500,-1.15393,-0.46082,-14.6336,-8.0076,8.4809,0.43823,-0.87878,0.02539,1.8092,11.8550,-11.3588
373539067,-0.74255,-1.24353,-0.42114,-16.0687,-4.5267,8.7481,0.43506,-0.87317,0.03284,1.6565,11.5344,-11.2061
373540068,-0.72302,-1.27856,-0.36304,-17.1527,-2.7786,8.4809,0.43066,-0.86707,0.04041,1.4656,11.1832,-11.0305
373541068,-0.68396,-1.30457,-0.30640,-17.7252,-1.3511,7.9695,0.42542,-0.86060,0.04822,1.2290,10.7710,-10.8397
373542067,-0.64233,-1.30322,-0.25464,-17.3740,-0.4656,6.9695,0.42053,-0.85352,0.05762,0.9084,10.3359,-10.6641
373543068,-0.60815,-1.25488,-0.21704,-16.4427,-0.0611,5.5725,0.41638,-0.84583,0.06946,0.4885,9.8779,-10.4885
373544068,-0.60083,-1.19250,-0.22241,-15.3664,-0.8397,4.3359,0.41260,-0.83765,0.08057,0.0153,9.4198,-10.2824
373545067,-0.62158,-1.16736,-0.25476,-14.1374,-2.3969,3.5725,0.40894,-0.82935,0.09021,-0.5115,8.9695,-10.0382
373546067,-0.62903,-1.20093,-0.25415,-13.0153,-3.7939,3.2214,0.40515,-0.82239,0.10095,-1.1221,8.5038,-9.8015
373547067,-0.62146,-1.25793,-0.22388,-12.7252,-4.7099,2.9695,0.40051,-0.81702,0.11328,-1.8092,8.0153,-9.5573
373548067,-0.61975,-1.27039,-0.21460,-13.5649,-5.0534,2.7023,0.39563,-0.81323,0.12598,-2.5420,7.4885,-9.2977
373549068,-0.61633,-1.20752,-0.24768,-14.9618,-4.5802,2.4885,0.39209,-0.81128,0.13794,-3.2748,6.9389,-9.0458
373550067,-0.61633,-1.11865,-0.29028,-16.1069,-3.5191,2.5802,0.39014,-0.81030,0.15015,-3.9771,6.3664,-8.7863
373551067,-0.63538,-1.08630,-0.32666,-16.5344,-2.5344,3.0611,0.38831,-0.81030,0.16309,-4.6412,5.8244,-8.5038
373552067,-0.65356,-1.14380,-0.35498,-16.2061,-1.6565,3.5115,0.38623,-0.81079,0.17639,-5.2443,5.2977,-8.2214
373553067,-0.65918,-1.25073,-0.35095,-15.0992,-0.8321,3.2519,0.38489,-0.81091,0.18970,-5.7863,4.7710,-7.9237
373554067,-0.65491,-1.33411,-0.31860,-13.3435,0.0611,1.9160,0.38354,-0.81140,0.20349,-6.2901,4.2443,-7.6412
373555068,-0.63782,-1.34973,-0.29712,-11.7405,1.0687,0.0153,0.38208,-0.81250,0.21753,-6.7405,3.7252,-7.3588
373556068,-0.61926,-1.29834,-0.28748,-11.0687,2.0534,-1.6641,0.38159,-0.81482,0.23120,-7.1069,3.2290,-7.0611
373557067,-0.60596,-1.22388,-0.28931,-11.0687,2.6489,-2.7252,0.38147,-0.81787,0.24414,-7.3664,2.7328,-6.7328
373558067,-0.60608,-1.18604,-0.31592,-11.2824,2.5267,-3.1985,0.38159,-0.82141,0.25684,-7.5344,2.2443,-6.4046
373559065,-0.61267,-1.21777,-0.33167,-11.5649,2.1527,-3.3588,0.38318,-0.82581,0.26978,-7.5954,1.7557,-6.0992
373560069,-0.60925,-1.29370,-0.29895,-12.1985,2.0458,-3.5649,0.38574,-0.83057,0.28430,-7.5420,1.2977,-5.8015
373561068,-0.60413,-1.32751,-0.27014,-13.5038,2.0382,-4.0916,0.38733,-0.83496,0.30005,-7.3588,0.8855,-5.5267
373562067,-0.61377,-1.27502,-0.29370,-14.8855,2.1756,-4.8168,0.38879,-0.83850,0.31531,-7.0305,0.5115,-5.2519
373563067,-0.62769,-1.19348,-0.32397,-15.1908,2.8015,-5.2977,0.39111,-0.83923,0.33057,-6.6183,0.1527,-4.9924
373564068,-0.62561,-1.14343,-0.32703,-14.7939,3.7863,-5.3130,0.39368,-0.83789,0.34583,-6.1145,-0.1679,-4.7786
373565067,-0.62866,-1.12537,-0.33960,-14.8473,4.4656,-5.0153,0.39612,-0.83569,0.36169,-5.5267,-0.4122,-4.5954
373566067,-0.64331,-1.12781,-0.36926,-15.0916,5.0840,-4.8473,0.39807,-0.83203,0.37903,-4.8779,-0.6031,-4.4427
373567067,-0.63892,-1.14404,-0.36072,-14.8550,6.0458,-5.0611,0.39929,-0.82629,0.39697,-4.2137,-0.7634,-4.2977
373568067,-0.61682,-1.15881,-0.31665,-14.7252,7.0534,-5.4885,0.40149,-0.81885,0.41553,-3.5649,-0.8931,-4.1908
373569067,-0.60620,-1.15576,-0.29053,-15.5878,7.8473,-5.8244,0.40405,-0.81042,0.43445,-2.9313,-1.0076,-4.1145
373570068,-0.60718,-1.14001,-0.28125,-17.0840,8.7863,-6.0076,0.40625,-0.80078,0.45300,-2.3282,-1.1069,-4.0458
373571068,-0.59961,-1.12012,-0.25708,-18.0763,10.0153,-6.2901,0.40808,-0.79102,0.47229,-1.7328,-1.1908,-4.0153
373572068,-0.58459,-1.10547,-0.23120,-17.9542,10.8702,-6.6947,0.40967,-0.78259,0.49219,-1.1832,-1.2366,-4.0534
373573068,-0.58008,-1.10571,-0.21802,-17.2214,10.8626,-6.9924,0.41223,-0.77454,0.51270,-0.7176,-1.2672,-4.1374
373574068,-0.57251,-1.11975,-0.19214,-17.0382,10.6412,-6.9847,0.41443,-0.76660,0.53320,-0.3282,-1.2748,-4.2061
373575067,-0.54968,-1.12866,-0.15808,-18.0611,10.3740,-6.7405,0.41626,-0.76001,0.55420,0.0229,-1.2595,-4.2824
373576067,-0.53821,-1.09985,-0.13501,-19.4656,9.8702,-6.5573,0.41870,-0.75476,0.57556,0.3511,-1.2519,-4.3817
373577064,-0.53418,-1.04236,-0.13281,-19.8550,9.1756,-6.5954,0.42163,-0.75012,0.59607,0.6565,-1.2366,-4.5038
373578064,-0.53235,-0.99426,-0.14905,-19.4046,8.4504,-6.6336,0.42456,-0.74609,0.61804,0.8855,-1.2061,-4.6641
373579064,-0.54504,-0.99036,-0.17932,-19.2748,7.6794,-6.4046,0.42725,-0.74231,0.64185,1.0763,-1.1527,-4.8244
373580069,-0.55640,-1.02075,-0.20435,-19.5725,7.4809,-6.2824,0.42944,-0.73926,0.66638,1.2366,-1.1069,-4.9618
373581067,-0.57043,-1.04797,-0.22046,-19.8015,7.5115,-6.5267,0.43115,-0.73743,0.69104,1.3969,-1.0382,-5.0992
373582067,-0.58936,-1.05835,-0.24329,-19.7252,7.6794,-7.0076,0.43359,-0.73621,0.71497,1.5649,-0.9847,-5.2366
373583067,-0.59839,-1.03430,-0.23401,-19.3206,8.5954,-7.5878,0.43665,-0.73523,0.74060,1.7481,-0.9466,-5.3740
373584067,-0.61902,-1.01855,-0.21582,-18.9924,9.4962,-7.6031,0.44031,-0.73499,0.76880,1.9313,-0.8931,-5.5267
373585068,-0.65747,-1.24011,-0.21240,-19.4580,10.0229,-5.7939,0.44434,-0.73523,0.79810,2.1679,-0.8244,-5.6718
373586068,-0.78076,-1.76758,-0.10693,-21.3435,9.7557,-3.2519,0.44861,-0.73389,0.82776,2.4656,-0.7176,-5.8244
373587068,-1.18140,-2.00000,0.19409,-24.1756,7.6947,1.1756,0.45398,-0.73157,0.85889,2.8244,-0.5496,-5.9618
373588067,-1.76074,-2.00000,-0.40271,-29.3817,-1.0534,10.9466,0.45959,-0.72876,0.89111,3.1985,-0.3435,-6.1069
373589067,-2.00000,-2.00000,-2.00000,-40.9771,-21.3130,10.8702,0.46533,-0.72375,0.92493,3.6031,-0.0840,-6.2901
373590068,-2.00000,-2.00000,-2.00000,-67.0840,-20.4504,-15.2977,0.47192,-0.71667,0.96069,4.0534,0.2214,-6.4962
373591068,-2.00000,-2.00000,-2.00000,-141.4198,51.7405,-42.0534,0.47852,-0.70947,0.99780,4.5267,0.5802,-6.7099
373592067,-1.78442,-2.00000,0.74817,-250.1374,141.7328,-43.4351,0.48511,-0.70300,1.03625,5.0153,0.9695,-6.9466
373593067,-0.15698,1.76562,1.99994,-250.1374,200.1069,-35.4275,0.49182,-0.69543,1.07581,5.5344,1.4046,-7.1985
373594068,1.26831,1.99994,1.99994,-250.1374,231.0611,-53.2748,0.50330,-0.67810,1.16052,6.7176,2.4504,-7.7023
373595068,1.91528,1.99994,1.99994,-99.3130,192.8168,-88.3969,0.50806,-0.66992,1.20691,7.3740,3.0534,-7.9466
373596067,1.30078,1.62024,1.52954,57.5954,116.6183,-111.8244,0.51196,-0.66150,1.25391,8.0916,3.6947,-8.2214
373597068,1.66443,-0.60120,0.50366,56.8244,31.4504,-113.2748,0.51550,-0.65234,1.30054,8.8473,4.3588,-8.4733
373598068,1.37537,-0.60718,0.28125,44.7099,-66.9542,-122.5573,0.51758,-0.64246,1.34790,9.6870,5.0534,-8.7481
373599068,0.18176,0.81335,0.20349,154.8168,-146.4580,-154.1908,0.51831,-0.63257,1.39746,10.5878,5.7939,-9.0076
373600068,0.14136,1.99994,-0.00513,250.1298,-190.3893,-176.5954,0.51733,-0.62354,1.44739,11.5191,6.5496,-9.2672
373601067,-0.38489,1.99994,-1.20557,250.1298,-232.9084,-167.3130,0.51465,-0.61450,1.49719,12.4809,7.2748,-9.5725
373602067,-1.56006,1.85706,-2.00000,250.1298,-220.6183,-118.2214,0.51001,-0.60510,1.55066,13.4962,7.9847,-9.8779
373603068,-2.00000,0.40881,-2.00000,182.3206,-132.0000,-44.2443,0.50342,-0.59790,1.60547,14.5649,8.6641,-10.1832
373604068,-2.00000,-1.41028,-2.00000,-3.7710,-12.1527,10.3282,0.49646,-0.58923,1.65747,15.6718,9.2595,-10.5573
373605067,-2.00000,-2.00000,-2.00000,-51.2519,105.1145,17.8931,0.48938,-0.58093,1.70874,16.8855,9.7939,-10.8397
373606068,-2.00000,-1.81555,-2.00000,-42.2214,175.4885,10.9160,0.48071,-0.57507,1.76160,18.2214,10.2672,-11.0763
373607068,-2.00000,-1.96399,-2.00000,-99.5496,212.9084,33.2595,0.47144,-0.56824,1.81555,19.6412,10.6412,-11.3664
373608068,-2.00000,-2.00000,-2.00000,-205.3893,250.1298,62.8550,0.46228,-0.55981,1.87061,21.1756,10.9618,-11.6794
373609068,-0.56860,-2.00000,-0.41809,-250.1374,250.1298,60.0611,0.45312,-0.55054,1.92456,22.7710,11.1603,-11.9924
373610068,0.64514,-1.90442,1.61951,-202.4122,250.1298,20.1679,0.44397,-0.54175,1.97717,24.4046,11.2214,-12.3053
373611068,1.56812,-0.34619,1.99994,-78.0763,250.1298,-31.2290,0.43469,-0.53320,1.99994,26.0763,11.0916,-12.5954
373612068,1.99994,0.47791,1.99994,36.3969,218.4198,-68.0916,0.42639,-0.52600,1.99994,27.7557,10.8092,-12.9008
373613067,1.99994,0.16248,1.99994,100.5496,146.0534,-84.1221,0.41870,-0.52051,1.99994,29.4809,10.3817,-13.2137
373614067,1.99994,-1.29944,1.99994,141.5954,74.3053,-94.6031,0.41199,-0.51453,1.99994,31.2824,9.7939,-13.5267
373615065,1.30688,-2.00000,1.99994,188.9389,14.2290,-116.1679,0.40576,-0.50854,1.99994,33.1756,9.0229,-13.7939
373616069,0.85632,-2.00000,1.99994,219.1450,-27.7481,-135.9389,0.39819,-0.50391,1.99994,35.1908,8.0763,-14.0153
373617068,0.12842,-2.00000,1.99994,201.4885,-63.8397,-145.0076,0.38989,-0.50037,1.99994,37.3359,6.9542,-14.1756
373618068,-0.60791,-1.74316,1.14441,163.4504,-77.4275,-139.9084,0.38318,-0.49756,1.99994,39.6260,5.6412,-14.2824
373619068,-0.67883,-0.56128,1.31116,108.4427,-61.2137,-113.5573,0.37683,-0.49634,1.99994,42.0534,4.1298,-14.2977
373620067,-0.82410,-0.76367,1.13208,22.9237,-50.7634,-68.2824,0.36951,-0.49670,1.99994,44.6183,2.4351,-14.2519
373621067,-0.98206,-1.59192,0.26501,-53.6870,-31.9389,-32.4580,0.36096,-0.49756,1.99994,47.3359,0.5573,-14.1145
373622068,-0.93860,-1.78027,-0.02661,-70.1298,-1.4504,-25.4962,0.35144,-0.49890,1.99994,50.1832,-1.5802,-13.8702
373623067,-0.93372,-1.31177,-0.58801,-58.9466,16.9771,-31.9313,0.34143,-0.50183,1.99994,53.1527,-3.9695,-13.5725
373624067,-0.93274,-0.88660,-1.42188,-63.6183,25.2748,-33.6565,0.33167,-0.50562,1.99994,56.2672,-6.5725,-13.2137
373625067,-0.99426,-0.94910,-1.84387,-60.5496,24.9771,-36.4122,0.32117,-0.51038,1.99994,59.5573,-9.3740,-12.7328
373626067,-0.92371,-1.32422,-1.52966,-26.6718,26.0611,-51.5420,0.30933,-0.51611,1.99994,63.0382,-12.3817,-12.1527
373627067,-0.62756,-1.54089,-0.69299,17.0840,34.0305,-76.3817,0.29761,-0.52173,1.99994,66.6947,-15.5954,-11.4962
373628067,-0.72363,-1.14673,-0.54041,53.5420,34.5496,-101.8015,0.28650,-0.52710,1.99994,70.4962,-19.0229,-10.7786
373629067,-0.79724,-0.21765,-1.02710,79.1450,43.0916,-118.7099,0.27576,-0.53235,1.99994,74.4198,-22.6489,-10.0000
373630068,-0.59412,0.50464,-0.30029,82.3588,69.6107,-120.4656,0.26562,-0.53674,1.99994,78.3664,-26.4198,-9.1450
373631067,-0.57629,0.31702,0.66028,57.4656,88.8244,-105.4275,0.25598,-0.54016,1.99994,82.3206,-30.3206,-8.2137
373632068,-0.45349,-0.84546,0.18567,31.1756,93.1756,-84.2443,0.24634,-0.54211,1.99994,86.4046,-34.3206,-7.1985
373633067,-0.46008,-1.93640,-0.19629,30.3053,92.4733,-76.8779,0.23730,-0.54248,1.99994,90.6718,-38.3969,-6.1603
373634068,-0.45508,-2.00000,0.26672,44.6718,89.2519,-83.5420,0.22876,-0.54175,1.99994,95.0458,-42.5802,-5.1221
373635068,0.11499,-1.44250,1.59167,39.3588,96.1985,-87.7634,0.21948,-0.54016,1.99994,99.4809,-46.8397,-4.0916
373636068,0.69360,-0.47107,1.99994,17.0000,95.5649,-83.1069,0.21045,-0.53882,1.99994,103.9008,-51.1069,-3.0992
373637067,0.71826,-0.06445,1.99994,3.5725,76.8550,-73.5725,0.20227,-0.53711,1.99994,108.3130,-55.3588,-2.1756
373638067,0.70117,-1.00574,1.99994,6.4504,53.4198,-64.6947,0.19360,-0.53430,1.99994,112.7328,-59.5802,-1.3282
373639067,0.32080,-2.00000,1.28125,13.3359,27.5420,-66.3664,0.18518,-0.53101,1.99994,117.1832,-63.7634,-0.5267
373640068,-0.59741,-2.00000,0.92981,9.6718,16.7710,-77.1221,0.17725,-0.52722,1.99994,121.6183,-67.9466,0.2290
373641068,-0.67664,-2.00000,1.71021,-10.1069,32.7786,-86.3664,0.16882,-0.52332,1.99994,126.0076,-72.1145,0.9618
373642068,-0.10449,-2.00000,1.99994,-34.3817,54.9084,-90.0687,0.16052,-0.51868,1.99994,130.3817,-76.2824,1.6947
373643068,0.04028,-1.45959,1.99994,-42.9008,60.9924,-90.4809,0.15210,-0.51416,1.99994,134.7176,-80.4198,2.4427
373644068,0.30212,-1.01086,1.99994,-36.3282,72.0840,-89.2366,0.14331,-0.51038,1.99994,138.9542,-84.4885,3.1832
373645068,0.89355,-1.19141,1.99994,-35.2824,82.8168,-86.3053,0.13562,-0.50745,1.99994,143.1374,-88.5191,3.9466
373646067,0.81787,-1.54407,1.99994,-46.2595,64.2672,-83.9771,0.12976,-0.50525,1.99994,147.2595,-92.4962,4.7405
373647067,0.45483,-1.73389,1.99994,-45.1527,28.5038,-88.6183,0.12476,-0.50354,1.99994,151.2901,-96.4122,5.5649
373648067,0.28979,-1.49426,1.99994,-15.7786,-9.2595,-104.3359,0.11890,-0.50195,1.99994,155.2366,-100.3206,6.4198
373649065,0.27405,-0.85022,1.99994,17.8855,-37.3511,-120.2214,0.11182,-0.50012,1.99994,159.1221,-104.2214,7.3206
373650065,0.47900,-0.11707,1.99994,25.5344,-47.8092,-124.0687,0.10339,-0.49841,1.99994,162.9389,-108.1145,8.2748
373651069,0.60413,0.42322,1.99994,11.7710,-43.8244,-115.9160,0.09448,-0.49731,1.99994,166.6565,-111.9618,9.2748
373652068,1.00366,0.38892,1.99994,1.0534,-18.2824,-104.3740,0.08569,-0.49683,1.99994,170.2290,-115.7710,10.3664
373653068,0.79663,-0.07263,1.99994,-1.9466,-15.5649,-92.9237,0.07690,-0.49597,1.99994,173.6947,-119.5725,11.5191
373654068,-0.54736,-1.03320,1.50659,-2.9084,-46.6031,-81.5649,0.06726,-0.49512,1.99994,177.0534,-123.4046,12.7252
373655067,-0.70398,-2.00000,1.10840,10.5420,-44.2214,-83.6183,0.05627,-0.49426,1.99994,180.2901,-127.2290,14.0000
373656067,0.51538,-2.00000,1.99994,16.7328,-28.7099,-94.5802,0.04456,-0.49304,1.99994,183.3969,-131.0763,15.3588
373657068,1.37842,-1.02930,1.99994,-4.5649,-39.4351,-99.6489,0.03186,-0.49182,1.99994,186.3740,-134.9618,16.7863
373658067,1.73804,0.29199,1.99994,-9.6947,-61.5954,-102.2214,0.01831,-0.49072,1.99994,189.2214,-138.9008,18.2443
373659067,1.74854,0.34583,1.99994,26.0534,-88.0000,-103.3817,0.00354,-0.49084,1.99994,191.9618,-142.9237,19.7557
373660067,1.14258,-1.75122,1.99994,50.3817,-118.1069,-97.4275,-0.01306,-0.49304,1.99994,194.5573,-147.0458,21.2977
373661067,0.16577,-2.00000,1.99994,32.7023,-141.2977,-96.8855,-0.02942,-0.49573,1.99994,197.0382,-151.2672,22.9084
373662068,-0.14966,-2.00000,1.99994,10.0840,-141.3969,-116.8244,-0.04614,-0.49805,1.99994,199.4122,-155.5725,24.5420
373663068,0.41455,-1.99707,1.99994,20.6031,-124.7634,-149.6641,-0.06384,-0.50012,1.99994,201.6565,-159.9618,26.2061
373664068,1.49829,1.99994,1.99994,31.5802,-153.7863,-140.5649,-0.08179,-0.50195,1.99994,203.7939,-164.4122,27.8779
373665068,1.04053,1.05713,1.99994,6.8397,-190.7328,-107.3206,-0.09949,-0.50366,1.99994,205.8473,-168.9389,29.5954
373666068,0.41589,-0.88477,1.99994,-10.4962,-222.9924,-89.4656,-0.11804,-0.50586,1.99994,207.7939,-173.5191,31.3282
373667067,0.18726,-2.00000,1.99994,-17.2366,-243.8550,-90.4733,-0.13684,-0.50928,1.99994,209.6107,-178.1450,33.0840
373668067,-0.39880,-2.00000,1.83179,-17.2595,-250.1374,-102.8626,-0.15442,-0.51318,1.99994,211.3435,-182.7939,34.8779
373669067,-0.51221,-0.35596,1.47571,-15.6336,-250.1374,-110.5267,-0.17151,-0.51624,1.99994,213.0076,-187.4885,36.6870
373670067,-0.36353,1.48486,1.34521,-18.0076,-250.1374,-103.1298,-0.18896,-0.51892,1.99994,214.5878,-192.1985,38.5191
373671068,-0.40881,1.64026,1.33960,-19.4580,-250.1374,-87.2366,-0.20581,-0.52271,1.99994,216.0534,-196.9084,40.3435
373672067,0.02466,0.43408,1.99994,-14.2595,-211.3206,-80.3969,-0.22156,-0.52734,1.99994,217.3893,-201.6031,42.1527
373673067,-0.20544,-0.59827,1.66174,-17.0382,-184.2366,-83.7863,-0.23706,-0.53174,1.99994,218.6412,-206.2748,43.9847
373674065,-1.36060,-0.76221,-1.33240,-24.6718,-182.9389,-94.2366,-0.25146,-0.53589,1.99994,219.8168,-210.9313,45.8397
373675069,-1.39038,-0.08228,-1.16418,-6.8931,-152.8168,-113.9389,-0.26428,-0.54089,1.99994,220.8855,-215.5725,47.6794
373676068,0.00439,0.68359,1.99994,19.0229,-116.6183,-128.1985,-0.27710,-0.54736,1.99994,221.8092,-220.1985,49.5573
373677067,1.23718,0.91028,1.99994,8.5038,-117.7557,-121.6870,-0.29053,-0.55579,1.99994,222.6183,-224.8092,51.4809
373678068,1.94690,1.00195,1.99994,-15.5573,-136.0687,-107.9542,-0.30420,-0.56641,1.99994,223.3053,-229.4427,53.4580
373679068,1.99994,1.36804,1.99994,-19.3282,-140.8550,-99.5725,-0.31641,-0.57874,1.99994,223.8931,-234.0916,55.4885
373680067,1.99994,1.72717,1.99994,-35.5038,-162.0992,-85.3053,-0.32751,-0.59290,1.99994,224.3893,-238.7786,57.5344
373681065,1.94214,1.52124,1.99994,-72.4580,-211.2901,-63.9847,-0.33813,-0.60974,1.99994,224.7786,-243.5115,59.5878
373682069,1.77869,1.47974,1.99994,-69.7863,-246.7252,-57.8550,-0.34851,-0.63025,1.99994,225.0992,-248.3053,61.6718
373683067,1.99994,1.99994,1.99994,-35.8168,-250.1374,-61.5496,-0.35876,-0.65344,1.99994,225.3893,-250.1374,63.8244
373684067,1.99994,1.99994,1.99994,-35.5649,-250.1374,-51.6794,-0.36707,-0.67883,1.99994,225.6718,-250.1374,66.0076
373685067,1.99994,1.99994,1.99994,-55.3130,-250.1374,-27.3206,-0.37366,-0.70605,1.99994,225.9313,-250.1374,68.1985
373686067,1.62964,1.99994,1.99994,-37.7328,-250.1374,-7.8931,-0.37988,-0.73376,1.99994,226.2443,-250.1374,70.3817
373687067,0.99487,1.99994,1.99994,1.5191,-250.1374,0.5802,-0.38562,-0.76245,1.99994,226.6107,-250.1374,72.5878
373688068,-0.12256,0.33057,1.91577,21.9160,-250.1374,0.1298,-0.39209,-0.79248,1.99994,227.0076,-250.1374,74.8244
373689067,-1.02466,-0.11023,0.64868,29.7786,-250.1374,-5.2824,-0.39929,-0.82166,1.99994,227.4046,-250.1374,77.0611
373690068,-1.00110,0.89062,-0.15845,34.3359,-250.1374,-8.9389,-0.40576,-0.84998,1.93835,227.7557,-250.1374,79.3206
373691067,-0.71655,1.85815,-0.98132,21.5038,-250.1374,-1.8473,-0.41162,-0.87915,1.87378,228.0382,-250.1374,81.5649
373692067,-0.71497,1.92810,-1.32251,3.7328,-250.1374,7.4427,-0.41626,-0.90857,1.80688,228.2519,-250.1374,83.7710
373693067,-1.23596,1.99994,-1.43958,-0.7405,-250.1374,7.4198,-0.42041,-0.93811,1.73840,228.3969,-250.1374,85.9313
373694067,-1.65222,1.84998,-2.00000,-14.7939,-250.1374,12.2366,-0.42371,-0.96802,1.66809,228.4504,-250.1374,88.0763
373695067,-1.67078,0.70325,-1.73450,-48.9847,-250.1374,26.6947,-0.42676,-1.02661,1.52100,228.1908,-250.1374,92.2824
373696067,-1.14490,-0.29614,1.33289,-63.7328,-212.9618,30.2443,-0.42688,-1.05688,1.44690,227.9313,-250.1374,94.2977
373697068,0.63501,-0.20874,1.99994,-45.8473,-158.0000,21.1527,-0.42578,-1.08569,1.37183,227.5496,-250.1374,96.2443
373698068,1.95361,1.12354,1.99994,-27.9771,-145.2290,14.6489,-0.42346,-1.11328,1.29578,226.9924,-250.1374,98.0763
373699067,1.80566,1.99994,1.99994,-20.5725,-199.8626,24.1832,-0.41895,-1.14307,1.21777,226.2672,-250.1374,99.8168
373700065,1.59692,1.99994,1.99994,-19.1374,-250.1374,46.0382,-0.41235,-1.17419,1.13733,225.4275,-250.1374,101.4733
373701069,1.57092,1.53076,1.99994,-18.9924,-250.1374,66.5115,-0.40369,-1.20459,1.05640,224.4733,-250.1374,102.9847
373702068,1.39417,-0.54419,1.99994,-12.2290,-250.1374,72.7786,-0.39429,-1.23389,0.97559,223.3511,-250.1374,104.4122
373703067,1.17615,-1.29749,1.99994,6.1374,-250.1374,60.3969,-0.38477,-1.26282,0.89343,222.0611,-250.1374,105.7099
373704068,0.67505,0.26746,1.99994,18.2214,-250.1374,42.7634,-0.37524,-1.29236,0.80859,220.6336,-250.1374,106.8702
373705067,0.34924,1.99994,1.99994,24.1832,-250.1374,36.5344,-0.36584,-1.32190,0.72083,219.0763,-250.1374,107.8550
373706067,-0.11926,1.99994,1.99994,40.4427,-250.1374,41.1908,-0.35718,-1.35083,0.63159,217.4122,-250.1374,108.6870
373707067,-1.38672,0.90234,0.71912,59.0076,-250.1374,48.5038,-0.34839,-1.37830,0.54272,215.6489,-250.1374,109.3435
373708068,-1.92090,-1.35620,-1.93225,82.5649,-250.1374,39.1069,-0.33813,-1.40503,0.45398,213.7481,-250.1374,109.8092
373709068,-1.89575,-1.93042,-0.42053,98.9847,-250.1374,11.7405,-0.32739,-1.43140,0.36475,211.7328,-250.1374,110.0840
373710067,-1.21643,-0.63416,1.70068,65.5878,-250.1374,0.8015,-0.31775,-1.45874,0.27332,209.6336,-250.1374,110.1527
373711068,0.36182,1.18506,1.99994,15.2672,-250.1374,12.5573,-0.30872,-1.48804,0.17944,207.4580,-250.1374,109.9924
373712068,0.36157,1.99994,1.99994,13.7557,-250.1374,30.1908,-0.29980,-1.51807,0.08386,205.2061,-250.1374,109.6183
373713068,0.13708,1.99994,1.99994,17.3282,-250.1374,62.0076,-0.29175,-1.54785,-0.01245,202.8779,-250.1374,109.0458
373714067,1.26746,1.43689,1.99994,-59.4351,-250.1374,114.3740,-0.28491,-1.57642,-0.10803,200.4427,-250.1374,108.2595
373715067,1.25708,-0.15588,1.99994,-160.7328,-250.1374,154.2901,-0.27869,-1.60339,-0.20361,197.8931,-250.1374,107.3435
373716067,1.33997,0.06860,1.99994,-173.9771,-250.1374,150.9237,-0.27271,-1.62952,-0.29834,195.2672,-250.1374,106.3053
373717067,1.99994,1.94214,1.99994,-126.4046,-250.1374,131.0611,-0.26611,-1.65588,-0.39233,192.5496,-250.1374,105.0916
373718068,1.99994,1.99994,1.99994,-99.3130,-250.1374,133.6870,-0.25916,-1.68127,-0.48499,189.7634,-250.1374,103.7252
373719067,1.12231,1.99994,1.99994,-85.3435,-250.1374,151.2901,-0.25220,-1.70508,-0.57410,186.9389,-250.1374,102.1908
373720067,0.61438,1.99994,1.99994,-50.4275,-250.1374,162.5038,-0.24463,-1.72705,-0.66125,184.0305,-250.1374,100.5267
373721067,0.17163,-0.19519,1.99994,4.0687,-250.1374,154.1374,-0.23596,-1.74756,-0.74622,181.0153,-250.1374,98.7099
373722067,-1.24487,-1.84045,1.99994,63.2061,-250.1374,132.7176,-0.22693,-1.76794,-0.82861,177.9084,-250.1374,96.7176
373723067,-1.88342,-2.00000,1.99994,103.9084,-250.1374,119.3435,-0.21753,-1.78723,-0.90881,174.7023,-250.1374,94.5420
373724067,-2.00000,-2.00000,0.17932,96.1145,-250.1374,120.7481,-0.20630,-1.80481,-0.98560,171.3893,-250.1374,92.2290
373725067,-2.00000,-2.00000,-2.00000,67.1221,-250.1374,115.0000,-0.19397,-1.82007,-1.05847,167.9924,-250.1374,89.7557
373726068,-2.00000,-1.52234,-2.00000,62.0076,-250.1374,91.6718,-0.18091,-1.83252,-1.12720,164.5191,-250.1374,87.1145
373727068,-2.00000,-1.09485,-2.00000,62.2443,-250.1374,77.3511,-0.16699,-1.84436,-1.19348,160.9847,-250.1374,84.2443
373728068,-2.00000,-2.00000,-2.00000,30.4962,-250.1374,79.7176,-0.15308,-1.85657,-1.25879,157.3817,-250.1374,81.1527
373729068,-2.00000,-2.00000,-2.00000,-6.2977,-250.1374,67.9542,-0.14075,-1.86865,-1.32532,153.7328,-250.1374,77.8473
373730068,-2.00000,-2.00000,-2.00000,-31.1527,-250.1374,42.1145,-0.12964,-1.88196,-1.39331,150.0916,-250.1374,74.3588
373731068,-1.96362,-1.18933,0.14563,-66.0687,-250.1374,32.8015,-0.11938,-1.89624,-1.46265,146.5038,-250.1374,70.7023
373732068,-1.90051,0.37170,1.08203,-87.3359,-250.1374,42.6336,-0.10986,-1.91125,-1.53442,143.0305,-250.1374,66.8931
373733068,-1.59900,0.79236,1.99994,-69.1679,-250.1374,63.4427,-0.10156,-1.92664,-1.60730,139.7252,-250.1374,62.9389
373734068,-0.56213,0.09644,1.99994,-64.2519,-248.9847,90.6336,-0.09436,-1.94275,-1.68091,136.6260,-250.1374,58.8702
373735067,0.60400,-1.02124,1.99994,-98.7176,-250.1374,114.4275,-0.08740,-1.95874,-1.75269,133.7710,-250.1374,54.6947
373736067,1.49817,-1.25305,1.99994,-115.9084,-250.1374,119.2748,-0.08044,-1.97485,-1.82068,131.2214,-250.1374,50.3969
373737067,0.62280,-0.62170,1.99994,-90.6641,-250.1374,114.1756,-0.07397,-1.99060,-1.88586,129.0611,-250.1374,46.0153
373738067,-0.50000,-1.02795,1.99994,-55.7557,-250.1374,111.2366,-0.06750,-2.00000,-1.94897,127.3435,-250.1374,41.5802
373739068,-0.31348,-1.95032,1.99994,-50.8550,-250.1374,106.2901,-0.06055,-2.00000,-2.00000,126.0458,-250.1374,37.1069
373740068,0.17139,-2.00000,1.99994,-71.5954,-250.1374,98.5420,-0.05359,-2.00000,-2.00000,125.1298,-250.1374,32.6107
373741068,-1.07166,-1.58667,1.99994,-95.1985,-250.1374,86.4656,-0.04578,-2.00000,-2.00000,124.5725,-250.1374,28.1603
373742067,-2.00000,-1.12976,1.45715,-76.5725,-250.1374,72.0458,-0.03662,-2.00000,-2.00000,124.4046,-250.1374,23.7939
373743068,-2.00000,-1.14563,-0.32727,-9.7023,-250.1374,45.3282,-0.02698,-2.00000,-2.00000,124.5954,-250.1374,19.5115
373744068,-2.00000,-1.37170,0.19824,30.6641,-250.1374,30.7099,-0.01855,-2.00000,-2.00000,125.0763,-250.1374,15.3817
373745067,-2.00000,-2.00000,-1.92639,7.3130,-250.1374,36.1145,-0.01086,-2.00000,-2.00000,125.8015,-250.1374,11.4275
373746067,-2.00000,-2.00000,-2.00000,8.4809,-250.1374,27.7252,-0.00342,-2.00000,-2.00000,126.7252,-250.1374,7.6794
373747068,-2.00000,-2.00000,-2.00000,84.8321,-250.1374,-2.9160,0.00549,-2.00000,-2.00000,127.7557,-250.1374,4.2061
373748068,-2.00000,-1.98218,-2.00000,129.7023,-250.1374,-21.5267,0.01721,-2.00000,-2.00000,128.8092,-244.9542,1.0382
373749068,-2.00000,-1.59583,-2.00000,81.4733,-250.1374,-12.4656,0.03076,-2.00000,-2.00000,129.8473,-234.9466,-1.8550
373750068,-2.00000,-1.68213,-2.00000,25.9618,-250.1374,1.2824,0.04602,-2.00000,-2.00000,130.8473,-224.9084,-4.4122
373751068,-2.00000,-1.60168,-2.00000,15.3130,-250.1374,0.7176,0.06287,-2.00000,-2.00000,131.7710,-214.8779,-6.6412
373752068,-2.00000,-1.49646,-2.00000,23.0840,-250.1374,-5.8244,0.07996,-2.00000,-2.00000,132.5649,-204.8244,-8.5573
373753068,-2.00000,-1.51160,-2.00000,33.3740,-250.1374,-15.4580,0.09570,-2.00000,-2.00000,133.1985,-194.7710,-10.1603
373754068,-2.00000,-2.00000,-2.00000,36.1832,-250.1374,-18.1298,0.10974,-2.00000,-2.00000,133.6947,-184.7176,-11.4580
373755067,-2.00000,-2.00000,-2.00000,16.6031,-250.1374,-13.0305,0.12280,-2.00000,-2.00000,134.0305,-174.6718,-12.4275
373756068,-2.00000,-2.00000,-2.00000,-1.5954,-250.1374,-25.6870,0.13513,-2.00000,-2.00000,134.1832,-164.6718,-13.1069
373757068,-2.00000,-2.00000,-2.00000,19.1374,-250.1374,-59.7023,0.14636,-2.00000,-2.00000,134.2061,-154.7405,-13.5344
373758068,-2.00000,0.63489,-1.80859,44.1908,-250.1374,-82.8931,0.15625,-1.99768,-2.00000,134.1145,-144.8931,-13.7405
373759068,-1.16638,1.83142,0.34631,9.1374,-250.1374,-61.6947,0.16406,-1.99524,-2.00000,133.8931,-135.1679,-13.7252
373760068,-1.16370,0.52344,0.08240,-56.8473,-250.1374,-21.7099,0.16931,-1.99182,-2.00000,133.5802,-125.5802,-13.5344
373761068,-1.75500,-0.94006,-0.87109,-65.5115,-250.1374,-10.8473,0.17249,-1.98743,-2.00000,133.1832,-116.1679,-13.1527
373762068,-1.49353,-1.42419,-1.70532,-29.9160,-250.1374,-25.6947,0.17334,-1.98352,-2.00000,132.6565,-106.9466,-12.5878
373763067,-1.37842,-0.65576,-2.00000,-21.9084,-250.1374,-35.6489,0.17090,-1.97925,-2.00000,131.9924,-97.9695,-11.8855
373764067,-2.00000,1.17603,-2.00000,-41.5115,-250.1374,-28.2901,0.16553,-1.97461,-2.00000,131.2061,-89.2748,-11.0611
373765067,-1.87512,1.99994,-1.52515,-50.0687,-250.1374,-7.9847,0.15759,-1.96899,-2.00000,130.3359,-80.8550,-10.1527
373766067,-1.12280,1.82788,0.77393,-46.4046,-250.1374,14.7710,0.14722,-1.96313,-2.00000,129.3588,-72.7557,-9.1985
373767068,-1.36780,0.57031,0.46484,-29.6718,-250.1374,25.5038,0.13428,-1.95691,-2.00000,128.2748,-65.0000,-8.2290
373768067,-1.78735,0.17078,-1.76489,3.1756,-250.1374,17.7634,0.11890,-1.94958,-2.00000,127.1450,-57.5496,-7.2595
373769067,-2.00000,0.94922,-2.00000,22.5878,-250.1374,9.9008,0.10291,-1.94189,-2.00000,125.9847,-50.4198,-6.3130
373770067,-2.00000,1.28125,-2.00000,13.0000,-250.1374,17.5496,0.08594,-1.93457,-2.00000,124.8244,-43.6336,-5.3588
373771068,-2.00000,0.17529,-2.00000,12.1908,-250.1374,29.2061,0.06873,-1.92932,-2.00000,123.6336,-37.2137,-4.4656
373772068,-2.00000,-2.00000,-2.00000,41.9389,-250.1374,28.6794,0.05273,-1.92468,-2.00000,122.4427,-31.1603,-3.6794
373773068,-2.00000,-2.00000,-2.00000,79.6794,-250.1374,9.9313,0.03723,-1.91833,-2.00000,121.3206,-25.4580,-2.9924
373774067,-2.00000,-2.00000,-2.00000,92.2443,-250.1374,-14.4275,0.02307,-1.91052,-2.00000,120.2519,-20.1145,-2.4046
373775068,-2.00000,-1.25769,-2.00000,88.0229,-224.8473,-30.4733,0.01099,-1.89978,-2.00000,119.2061,-15.0992,-1.8702
373776068,-2.00000,-0.25256,-2.00000,96.4656,-174.2672,-35.3435,0.00037,-1.88623,-2.00000,118.1756,-10.3969,-1.4504
373777068,-2.00000,-1.06458,-2.00000,108.8626,-148.9924,-30.5573,-0.00879,-1.87085,-2.00000,117.1374,-6.0000,-1.2061
373778068,-2.00000,-2.00000,-2.00000,112.2901,-158.0382,-28.1374,-0.01709,-1.85278,-2.00000,116.0229,-1.9389,-1.0992
373779068,-2.00000,-2.00000,-2.00000,124.9771,-151.5496,-44.0611,-0.02368,-1.83167,-2.00000,114.7939,1.7939,-1.1069
373780068,-2.00000,-2.00000,-2.00000,141.6718,-132.4504,-68.3359,-0.02783,-1.80908,-2.00000,113.4580,5.2366,-1.2443
373781068,-2.00000,-0.11292,-2.00000,143.8015,-131.2061,-76.1450,-0.03064,-1.78589,-2.00000,112.0000,8.4122,-1.4885
373782068,-2.00000,0.92212,-2.00000,147.7939,-129.8397,-67.2824,-0.03210,-1.76233,-2.00000,110.4504,11.3817,-1.8397
373783068,-2.00000,0.39954,-2.00000,174.0076,-109.1756,-58.6947,-0.03162,-1.73792,-2.00000,108.8244,14.1603,-2.3053
373784068,-2.00000,-0.50452,-2.00000,197.0611,-81.9389,-58.2901,-0.02954,-1.71387,-2.00000,107.0229,16.7557,-2.8855
373785068,-2.00000,-0.66980,-2.00000,197.2901,-55.7252,-60.4580,-0.02649,-1.69080,-2.00000,105.0916,19.2214,-3.5420
373786068,-2.00000,-0.46973,-2.00000,193.7099,-22.2519,-58.7557,-0.02295,-1.66797,-2.00000,103.0992,21.5573,-4.2595
373787067,-2.00000,-0.61292,-2.00000,197.1069,12.3282,-51.6489,-0.01941,-1.64478,-2.00000,100.9695,23.6947,-5.0229
373788067,-2.00000,-1.09961,-2.00000,199.1985,25.2061,-43.6947,-0.01465,-1.62244,-1.99036,98.5802,25.6565,-5.8168
373789068,-2.00000,-1.43665,-2.00000,199.4351,28.1527,-40.2366,-0.01013,-1.60229,-1.96191,95.9771,27.4962,-6.6260
373790068,-1.64392,-1.86670,-1.33179,175.3053,28.9389,-30.7710,-0.00671,-1.58386,-1.93323,93.2672,29.2595,-7.4580
373791068,-1.31531,-1.98376,-0.59460,153.3817,25.3893,-26.4427,-0.00293,-1.56677,-1.90588,90.4656,30.9237,-8.2901
373792067,-1.22852,-1.49231,-0.71997,143.3511,18.1450,-29.2672,0.00012,-1.55225,-1.87915,87.5878,32.4656,-9.1069
373793068,-1.22485,-0.62598,-1.58557,143.0000,6.1985,-33.6260,0.00256,-1.53967,-1.85144,84.6260,33.8931,-9.9160
373794067,-1.25159,-0.13416,-2.00000,153.5115,-5.3053,-37.3740,0.00623,-1.51819,-1.79639,78.5573,36.5115,-11.4351
373795067,-1.37048,-0.13660,-1.65698,185.6489,-12.9084,-44.5038,0.00745,-1.51001,-1.76782,75.5267,37.7099,-12.1145
373796067,-1.39795,-0.65649,-0.93835,220.0992,-11.7939,-49.5878,0.00842,-1.50305,-1.73889,72.5725,38.8244,-12.7328
373797067,-1.47876,-1.49719,-0.78784,230.6641,-6.0153,-48.0763,0.01001,-1.49634,-1.71094,69.6718,39.8397,-13.2901
373798067,-1.75085,-1.79346,-1.12219,227.7863,6.5420,-47.2519,0.01294,-1.49170,-1.68115,66.8092,40.8015,-13.7557
373799067,-1.76648,-1.09229,-1.48596,228.7099,26.4198,-48.6794,0.01611,-1.48865,-1.64844,64.0382,41.7557,-14.1527
373800067,-1.61108,-0.23718,-2.00000,224.3740,32.1221,-41.1221,0.01978,-1.48694,-1.61487,61.3893,42.6794,-14.4809
373801068,-1.67004,-0.31409,-2.00000,202.4504,19.5725,-20.4656,0.02441,-1.48547,-1.58081,58.8550,43.5420,-14.7863
373802068,-1.46130,-1.05835,-2.00000,174.0458,15.4046,-0.4809,0.02930,-1.48364,-1.54517,56.4427,44.3511,-15.0458
373803068,-1.06213,-1.65259,-1.12769,141.9389,19.7786,11.5038,0.03455,-1.48291,-1.50769,54.1756,45.1679,-15.2366
373804067,-1.10950,-2.00000,-0.71741,107.6107,21.3740,19.7481,0.04065,-1.48315,-1.46936,52.0534,46.0000,-15.3359
373805067,-1.41699,-2.00000,-1.05164,91.3893,25.6260,20.2290,0.04822,-1.48364,-1.43079,50.1145,46.9008,-15.3893
373806067,-1.50000,-1.82031,-1.46436,98.2595,34.8397,13.9771,0.05591,-1.48315,-1.39160,48.3511,47.8855,-15.3893
373807068,-1.49182,-1.46973,-1.62756,108.3893,41.6107,8.9618,0.06409,-1.48267,-1.35120,46.7863,48.9542,-15.3664
373808067,-1.40063,-1.71741,-1.43677,122.0916,43.9847,3.4580,0.07288,-1.48279,-1.30920,45.4122,50.1069,-15.3130
373809068,-1.13257,-2.00000,-0.93689,148.4046,43.1527,-8.6412,0.08044,-1.48218,-1.26697,44.2748,51.3511,-15.2366
373810067,-1.00330,-1.80823,-0.52869,167.7328,36.9008,-20.3435,0.08765,-1.48059,-1.22437,43.3359,52.6718,-15.1527
373811067,-1.05896,-1.58716,-0.41772,161.6947,32.9313,-21.3359,0.09534,-1.47693,-1.17981,42.5038,54.0382,-15.0687
373812068,-1.13281,-2.00000,-0.03870,142.1908,38.6183,-13.0992,0.10278,-1.47119,-1.13428,41.7863,55.4809,-15.0229
373813067,-1.05286,-2.00000,0.45605,126.2443,44.2061,-4.1069,0.11133,-1.46436,-1.08862,41.1832,57.0382,-14.9847
373814067,-0.88721,-2.00000,0.25671,109.8779,41.0534,-2.3740,0.11975,-1.45691,-1.04333,40.6794,58.7252,-14.9771
373815067,-0.84155,-2.00000,-0.48242,86.8168,32.7099,-6.9847,0.12744,-1.44861,-0.99841,40.2672,60.5725,-14.9924
373816067,-0.76831,-1.30603,-0.59521,64.6794,28.9237,-10.2061,0.13538,-1.43982,-0.95410,39.9466,62.5267,-15.0763
373817067,-0.52075,-0.28357,0.11060,49.7634,23.7786,-4.9313,0.14258,-1.43115,-0.91089,39.6718,64.5649,-15.1985
373818067,-0.53394,-0.39075,0.32019,42.8931,3.0000,4.7252,0.14868,-1.42297,-0.86792,39.4580,66.7099,-15.3511
373819067,-0.94666,-0.76636,-0.33105,50.4962,-20.2595,6.8397,0.15417,-1.41467,-0.82544,39.3359,68.9389,-15.5802
373820068,-1.15991,-0.92310,-0.71460,68.2137,-21.8473,1.0992,0.16016,-1.40637,-0.78503,39.3053,71.2366,-15.8855
373821067,-1.07434,-1.08777,-0.49475,74.8702,-8.0000,-1.3740,0.16589,-1.39868,-0.74585,39.3664,73.5420,-16.2672
373822067,-1.02393,-1.11890,-0.46875,68.4885,4.8168,2.2901,0.17017,-1.39075,-0.70691,39.4809,75.8550,-16.7099
373823068,-1.07495,-0.76953,-0.76318,67.3817,13.2443,6.9618,0.17334,-1.38293,-0.66980,39.6183,78.1450,-17.1603
373824068,-1.10510,-0.56653,-0.83252,71.3664,21.5954,12.7023,0.17737,-1.37585,-0.63464,39.8168,80.3664,-17.6641
373825068,-0.95032,-0.93066,-0.39734,63.6260,33.2977,21.2977,0.18127,-1.37000,-0.60205,40.0840,82.4885,-18.2519
373826068,-0.72351,-1.39648,0.10474,42.8168,39.6718,29.6260,0.18433,-1.36523,-0.57263,40.4046,84.6565,-18.8702
373827068,-0.63257,-1.50964,-0.08521,21.8550,30.4656,34.1756,0.18726,-1.36060,-0.54480,40.7557,86.7405,-19.4656
373828067,-0.62598,-1.26709,-0.66309,11.2824,13.1756,33.1603,0.18982,-1.35632,-0.51758,41.1985,88.4656,-20.0229
373829067,-0.57935,-0.79041,-0.62939,14.4351,1.2595,27.4885,0.19177,-1.35266,-0.49219,41.7176,89.7939,-20.6031
373830067,-0.45801,-0.38550,-0.16492,20.1221,-5.4275,24.6641,0.19250,-1.34985,-0.46863,42.2366,90.9618,-21.1832
373831067,-0.49670,-0.54126,-0.12744,16.0076,-12.7328,30.5954,0.19250,-1.34778,-0.44727,42.7405,92.0305,-21.7252
373832068,-0.88367,-1.23376,-0.62378,17.8779,-20.0000,35.9618,0.19421,-1.34607,-0.42773,43.2595,92.8931,-22.2061
373833067,-1.11609,-1.72339,-0.94824,42.3740,-12.8244,28.6794,0.19751,-1.34485,-0.40796,43.8397,93.5191,-22.6107
373834067,-1.05408,-1.58691,-0.80481,67.0000,3.9771,16.8244,0.20068,-1.34363,-0.38855,44.4122,93.9084,-22.9313
373835067,-1.11011,-1.04626,-0.84802,63.3282,14.2748,14.5802,0.20398,-1.34216,-0.36951,44.9237,94.0916,-23.1450
373836067,-1.07788,-0.49133,-1.15112,45.6718,23.0153,21.0458,0.20752,-1.34009,-0.35181,45.3893,94.1603,-23.2748
373837068,-1.00024,-0.18201,-1.76880,38.6107,21.9924,27.6641,0.21057,-1.33716,-0.33557,45.8168,94.1298,-23.2901
373838067,-1.11963,-0.24121,-2.00000,45.6107,17.6565,29.8168,0.21277,-1.33337,-0.31970,46.1832,93.9008,-23.1832
373839067,-1.05920,-0.63855,-1.73840,62.6336,18.6183,27.1603,0.21509,-1.32874,-0.30432,46.4962,93.2443,-22.9389
373840068,-0.88745,-0.96863,-1.20483,75.2977,22.9313,23.5878,0.21741,-1.32373,-0.28979,46.6947,92.2214,-22.5573
373841068,-1.21313,-1.12256,-1.30579,68.5573,23.2519,25.9084,0.21985,-1.31812,-0.27441,46.7710,90.9389,-22.0534
373842068,-1.54663,-1.43787,-1.75293,59.9008,31.5954,29.5954,0.22241,-1.31201,-0.25818,46.7557,89.4504,-21.4198
373843068,-1.40881,-1.90662,-1.40918,72.0000,53.6794,25.4885,0.22498,-1.30493,-0.24243,46.6641,87.7252,-20.7176
373844067,-1.31738,-2.00000,-0.81567,90.6336,68.0840,15.0534,0.22717,-1.29700,-0.22742,46.4198,85.7863,-19.9160
373845068,-1.12573,-1.51233,-0.56262,92.9313,82.3511,7.0916,0.22888,-1.28809,-0.21252,46.0153,83.6107,-19.0000
373846067,-0.90576,-1.05334,-0.57263,79.1527,89.5191,9.2061,0.22986,-1.27856,-0.19788,45.4504,81.2443,-17.9771
373847067,-0.90186,-1.29663,-0.46912,61.9466,90.1985,17.9924,0.23047,-1.26965,-0.18201,44.7405,78.7176,-16.8702
373848068,-0.84253,-2.00000,0.14062,52.6794,89.0916,23.4275,0.23206,-1.26086,-0.16614,43.9313,76.0382,-15.7023
373849068,-0.70239,-2.00000,0.26782,48.0229,79.6260,22.3053,0.23364,-1.25098,-0.15198,42.9771,73.1603,-14.5038
373850068,-0.47058,-2.00000,0.32629,39.0382,74.5191,17.3282,0.23438,-1.24036,-0.13770,41.8473,70.1221,-13.3053
373851068,-0.35461,-0.97302,0.73328,39.8626,66.1298,12.9389,0.23511,-1.22998,-0.12341,40.5725,66.9389,-12.0992
373852068,-0.15247,-0.33386,0.60010,68.0916,52.1603,7.0534,0.23511,-1.21912,-0.10974,39.1908,63.6336,-10.8702
373853068,-0.34595,-0.43054,0.04736,113.3206,29.5573,-1.2214,0.23450,-1.20813,-0.09595,37.6870,60.2137,-9.6336
373854068,-1.11365,-1.16626,-1.11255,140.2901,0.3969,-7.3053,0.23462,-1.19836,-0.08203,36.0687,56.7099,-8.4427
373855068,-1.17920,-2.00000,-1.64880,143.9008,7.0076,-13.8779,0.23584,-1.18958,-0.06946,34.3511,53.1221,-7.2595
373856067,-1.24097,-2.00000,-1.25000,145.3969,21.6260,-27.0840,0.23682,-1.18188,-0.05811,32.5725,49.4656,-6.0916
373857068,-1.49866,-2.00000,-1.43933,159.6107,35.7405,-43.2672,0.23779,-1.17505,-0.04736,30.7863,45.7634,-5.0076
373858068,-1.31763,-1.14197,-1.70068,169.5496,59.1985,-51.6260,0.23975,-1.16858,-0.03711,28.9924,42.0382,-3.9771
373859068,-1.47168,-0.28772,-1.97241,151.9008,78.0611,-43.6565,0.24255,-1.16235,-0.02759,27.2137,38.3206,-3.0000
373860068,-1.39185,-0.22180,-1.73828,110.6107,111.8626,-23.8015,0.24561,-1.15747,-0.01868,25.4885,34.6031,-2.0840
373861067,-0.84521,-0.58093,-0.89563,74.4809,142.0076,-6.5191,0.24829,-1.15381,-0.01050,23.8168,30.8931,-1.2443
373862067,-0.68567,-0.69299,-0.57568,63.8168,142.5191,0.8397,0.25146,-1.14978,-0.00269,22.1832,27.2214,-0.4733
373863067,-0.62805,-0.51953,-0.38025,74.9466,132.5344,1.5802,0.25500,-1.14526,0.00378,20.6183,23.6107,0.2214
373864067,-0.40417,-0.65735,0.17078,83.5878,122.0687,5.3130,0.25903,-1.14136,0.00989,19.1756,20.0611,0.8473
373865067,-0.27112,-1.20984,0.64905,81.5725,108.8779,11.1756,0.26416,-1.13782,0.01648,17.8931,16.6031,1.4198
373866068,-0.18823,-1.39600,1.22559,86.9008,101.5878,9.0458,0.26929,-1.13428,0.02368,16.6870,13.2214,1.9542
373867068,-0.10071,-1.18103,1.93591,106.4885,97.3282,0.4656,0.27368,-1.13110,0.03015,15.5344,9.9160,2.4580
373868068,-0.01672,-1.21765,1.99994,118.5878,96.3435,-4.7863,0.27856,-1.12817,0.03455,14.4656,6.7099,2.9389
373869067,0.16455,-1.55737,1.99994,109.0687,100.3511,-4.3282,0.28455,-1.12488,0.03870,13.5115,3.6107,3.4046
373870067,0.35156,-1.52466,1.99994,92.2290,100.3053,-4.9771,0.29114,-1.12146,0.04150,12.6718,0.6412,3.8168
373871067,0.53223,-0.85913,1.99994,81.1145,91.8931,-7.7863,0.29700,-1.11755,0.04333,11.8626,-2.2061,4.1679
373872067,0.74365,-0.22339,1.99994,75.9771,72.0611,-6.7328,0.30225,-1.11267,0.04578,11.0763,-4.9618,4.4962
373873067,0.60742,-0.33069,1.99994,75.5573,39.8855,2.0916,0.30798,-1.10693,0.04871,10.3130,-7.6260,4.8550
373874067,0.21960,-1.13379,1.99994,77.3893,8.2748,13.0534,0.31555,-1.10083,0.05249,9.5573,-10.1679,5.2137
373875067,0.15173,-1.67212,1.99994,77.0992,-6.4427,17.1374,0.32471,-1.09363,0.05542,8.8092,-12.5725,5.5802
373876065,0.25061,-1.38306,1.99994,77.4733,-4.4733,15.3893,0.33374,-1.08691,0.05737,8.0840,-14.8550,5.9542
373877068,0.20398,-0.84937,1.99994,80.9771,-2.1527,15.5038,0.34155,-1.08093,0.06067,7.3969,-17.0229,6.3511
373878067,0.11194,-0.71289,1.99994,82.3817,-3.0992,20.5038,0.34888,-1.07458,0.06360,6.7328,-19.0840,6.7405
373879068,-0.11731,-1.06445,1.71082,78.1908,-10.4122,26.3053,0.35620,-1.06812,0.06580,6.0534,-21.0305,7.1298
373880068,-0.29663,-1.67749,1.24084,70.4733,-13.7557,27.5344,0.36340,-1.06189,0.06860,5.3969,-22.8321,7.5496
373881067,-0.31067,-2.00000,1.45508,55.6031,-13.9084,25.7328,0.37085,-1.05688,0.07080,4.7481,-24.5038,7.9771
373882068,-0.41724,-2.00000,1.64978,32.7786,-19.4122,24.9695,0.37781,-1.05286,0.07202,4.1298,-26.0687,8.3740
373883068,-0.32983,-2.00000,1.82373,11.1527,-20.1908,24.7099,0.38440,-1.04858,0.07385,3.5191,-27.5267,8.7405
373884067,-0.02686,-1.94739,1.99994,-7.7099,-11.7023,25.4275,0.39062,-1.04346,0.07495,2.9695,-28.9160,9.0840
373885067,0.42712,-1.36914,1.99994,-30.4580,5.1374,32.7710,0.39575,-1.03821,0.07410,2.4962,-30.2137,9.3817
373886067,0.98218,-1.37744,1.99994,-56.6641,12.5420,46.5115,0.40002,-1.03394,0.07239,2.0763,-31.4198,9.6565
373887067,0.82922,-1.72620,1.99994,-76.3664,-11.5267,59.0916,0.40454,-1.03003,0.07092,1.7252,-32.4962,9.9160
373888067,0.53760,-2.00000,1.99994,-71.9313,-45.4733,59.9084,0.41003,-1.02686,0.07031,1.4504,-33.4733,10.1603
373889067,1.06067,-2.00000,1.99994,-54.9389,-68.5496,49.1908,0.41516,-1.02466,0.07043,1.2672,-34.3740,10.3740
373890067,1.41418,-1.79956,1.99994,-56.3969,-106.0534,42.1603,0.41956,-1.02234,0.06934,1.1450,-35.1832,10.5573
373891067,1.10852,-1.12915,1.99994,-67.9389,-149.4046,45.3588,0.42334,-1.01978,0.06812,1.0992,-35.9160,10.7099
373892067,0.94983,-1.38989,1.99994,-67.6718,-174.9084,53.7328,0.42749,-1.01721,0.06799,1.1450,-36.5496,10.8321
373893065,0.59998,-2.00000,1.99994,-72.3740,-198.7557,61.7176,0.43616,-1.01111,0.06750,1.4504,-37.4733,11.0153
373894065,-0.23291,-2.00000,1.99994,-96.3969,-215.4046,63.7634,0.43921,-1.00891,0.06677,1.7405,-37.8244,11.0534
373895069,-0.58533,-2.00000,1.40588,-119.4733,-212.5420,58.9924,0.44299,-1.00610,0.06714,2.1145,-38.1069,11.0687
373896068,-0.41431,-0.93823,1.42102,-135.4504,-206.3817,58.6870,0.44641,-1.00134,0.06848,2.4962,-38.2977,11.0611
373897067,-0.27490,-0.63184,1.27234,-148.1832,-210.0840,68.1450,0.44934,-0.99634,0.06848,2.8931,-38.3511,11.0382
373898068,-0.57727,-1.29199,0.35168,-151.4427,-220.2290,77.0687,0.45264,-0.99121,0.06714,3.3511,-38.3130,11.0229
373899068,-1.05029,-2.00000,-0.59912,-146.1985,-221.8550,76.5878,0.45581,-0.98584,0.06689,3.8550,-38.1908,11.0229
373900068,-1.16931,-2.00000,-1.00037,-144.2672,-205.2061,68.0534,0.45801,-0.98157,0.06665,4.3511,-37.9924,11.0305
373901067,-1.35571,-1.63867,-1.07910,-149.8092,-186.2290,60.7405,0.46008,-0.97742,0.06604,4.8397,-37.7481,11.0229
373902067,-1.41382,-1.03748,-1.05945,-150.1603,-168.1374,58.0305,0.46362,-0.97266,0.06531,5.3588,-37.4504,10.9924
373903067,-0.98975,-0.68896,-0.59900,-140.6336,-147.9008,57.8779,0.46887,-0.96765,0.06445,5.9084,-37.0687,10.9389
373904068,-0.74854,-0.79834,-0.49561,-137.5267,-140.6412,61.5115,0.47473,-0.96265,0.06335,6.4580,-36.6107,10.8931
373905068,-0.85974,-1.14771,-0.91956,-142.6031,-139.3740,64.6870,0.47864,-0.95813,0.06274,6.9771,-36.0840,10.8702
373906068,-0.97729,-1.35266,-1.23279,-141.1527,-140.1603,62.3817,0.48145,-0.95422,0.06250,7.4733,-35.4962,10.8702
373907067,-0.96851,-1.51990,-1.28784,-138.3969,-144.4275,59.9084,0.48462,-0.95105,0.06177,7.9771,-34.8550,10.8626
373908067,-1.10461,-1.69653,-1.29236,-147.2672,-156.4122,61.5344,0.48755,-0.94922,0.06030,8.4656,-34.1450,10.8473
373909067,-1.22595,-1.86572,-1.43323,-156.1374,-162.0992,62.9160,0.49048,-0.94788,0.05750,8.9466,-33.4122,10.8321
373910068,-1.03442,-1.82666,-0.99377,-153.3053,-151.0458,58.3969,0.49341,-0.94604,0.05432,9.4122,-32.6412,10.8092
373911068,-0.72156,-1.39392,-0.29883,-142.1145,-136.9847,50.2137,0.49597,-0.94446,0.05176,9.8550,-31.8321,10.7710
373912067,-0.55811,-0.88086,-0.07703,-129.4198,-124.2137,43.5649,0.49744,-0.94275,0.04968,10.2824,-30.9847,10.7252
373913067,-0.77783,-0.81213,-0.32141,-122.9237,-117.2137,42.8626,0.49878,-0.94067,0.04736,10.6870,-30.1069,10.6718
373914067,-0.89673,-1.44397,-0.74878,-123.0916,-113.4504,44.9313,0.49902,-0.93884,0.04480,11.0458,-29.2214,10.6260
373915067,-0.91028,-2.00000,-1.08582,-116.0305,-115.8855,39.8702,0.49939,-0.93726,0.04346,11.3740,-28.3511,10.5496
373916067,-1.13672,-1.55322,-1.02661,-85.5573,-131.3435,14.3053,0.50134,-0.93616,0.04138,11.6794,-27.4809,10.5115
373917068,-0.69055,-0.76514,-0.19592,-82.0153,-130.2137,12.6489,0.50305,-0.93494,0.03857,11.9618,-26.5878,10.4656
373918067,-0.80334,-0.61206,-0.37073,-90.1679,-137.0611,21.8244,0.50488,-0.93372,0.03528,12.2443,-25.6641,10.3893
373919067,-0.87634,-1.13513,-0.62878,-98.9771,-131.6870,31.1527,0.50635,-0.93311,0.03162,12.5038,-24.7252,10.2748
373920067,-0.87622,-1.74011,-0.82129,-103.5344,-122.6641,33.3511,0.50696,-0.93311,0.02881,12.7481,-23.8092,10.1832
373921067,-1.20325,-1.93628,-1.69543,-110.4122,-119.7023,30.4198,0.50684,-0.93323,0.02612,12.9466,-22.9313,10.1069
373922067,-1.49316,-1.62915,-2.00000,-111.1908,-117.1374,24.3664,0.50610,-0.93201,0.02332,13.1069,-22.0763,9.9924
373923067,-1.55200,-1.32166,-2.00000,-95.8015,-112.8855,17.8397,0.50623,-0.92920,0.02087,13.2672,-21.2061,9.8855
373924067,-1.38525,-1.31384,-1.75854,-79.0458,-102.9695,12.6489,0.50623,-0.92603,0.01880,13.4198,-20.3588,9.7786
373925067,-1.14026,-1.34583,-0.77087,-72.0687,-84.6947,8.1679,0.50488,-0.92261,0.01624,13.5496,-19.5725,9.6412
373926067,-1.13086,-1.39600,-0.71545,-65.6260,-71.7176,3.8092,0.50391,-0.91870,0.01306,13.6183,-18.8092,9.4885
373927068,-1.24194,-1.56335,-1.36646,-56.3588,-60.0840,-0.7481,0.50439,-0.91394,0.01147,13.6031,-18.0611,9.3359
373928067,-1.24841,-1.79614,-1.71289,-47.6260,-52.9237,-6.4733,0.50537,-0.90894,0.01038,13.5420,-17.3282,9.1985
373929068,-1.17407,-1.91125,-1.65112,-42.2824,-51.7176,-13.0611,0.50659,-0.90491,0.00916,13.4504,-16.6107,9.0763
373930067,-0.97375,-1.83362,-1.23511,-42.0992,-54.2748,-18.7328,0.50793,-0.90063,0.00818,13.2977,-15.9389,8.9160
373931067,-0.88318,-1.63489,-0.94739,-42.8855,-63.3359,-22.5802,0.50879,-0.89526,0.00769,13.0534,-15.2901,8.7328
373932065,-0.94482,-1.47412,-0.90515,-40.8473,-68.6947,-24.8473,0.51038,-0.89075,0.00659,12.7634,-14.6641,8.5344
373933068,-0.99500,-1.13965,-0.84998,-41.7863,-63.1985,-27.3130,0.51257,-0.88660,0.00513,12.4275,-14.0611,8.3588
373934068,-0.97888,-0.69141,-0.63025,-47.8550,-47.5267,-27.4275,0.51453,-0.88306,0.00464,12.0305,-13.4733,8.1756
373935068,-0.90491,-0.66296,-0.49585,-49.6947,-34.5038,-23.9237,0.51624,-0.88049,0.00427,11.5802,-12.8779,7.9924
373936068,-0.84961,-0.93481,-0.56543,-40.0000,-29.1069,-22.8931,0.51794,-0.87854,0.00427,11.1374,-12.2748,7.7786
373937068,-0.82849,-1.03186,-0.75940,-24.8015,-29.5038,-27.1145,0.52039,-0.87781,0.00476,10.7099,-11.6794,7.5344
373938067,-0.76746,-0.85913,-0.82117,-16.8244,-29.4504,-32.0229,0.52356,-0.87769,0.00513,10.3053,-11.0840,7.2901
373939067,-0.58301,-0.62073,-0.50354,-16.8931,-29.0229,-33.8931,0.52759,-0.87744,0.00623,9.9008,-10.4733,7.0458
373940067,-0.48157,-0.47961,-0.28333,-16.7099,-34.0000,-33.1450,0.53113,-0.87781,0.00757,9.4885,-9.8244,6.7939
373941067,-0.54980,-0.55505,-0.40588,-13.4122,-41.2061,-31.5802,0.53296,-0.87842,0.00757,9.0687,-9.1832,6.5267
373942067,-0.65320,-0.79858,-0.58765,-12.6794,-43.3817,-30.3053,0.53516,-0.87903,0.00720,8.6565,-8.5344,6.2519
373943067,-0.71350,-1.03760,-0.59839,-20.3282,-36.7710,-28.5649,0.53809,-0.87891,0.00806,8.2901,-7.8702,5.9466
373944067,-0.73438,-0.98413,-0.55835,-32.7481,-27.0000,-27.4885,0.54138,-0.87805,0.00964,7.9389,-7.2137,5.6260
373945067,-0.76099,-0.51770,-0.56958,-37.9084,-18.3282,-28.4885,0.54517,-0.87695,0.01050,7.5725,-6.5878,5.3130
373946067,-0.81445,-0.00549,-0.61401,-30.9237,-12.0763,-29.8779,0.54785,-0.87549,0.01294,7.1679,-5.9618,5.0076
373947067,-0.81738,0.11438,-0.56812,-19.5802,-6.5267,-29.0000,0.54968,-0.87463,0.01587,6.7710,-5.2901,4.6947
373948067,-0.73401,-0.30310,-0.43652,-10.7405,-3.3969,-26.3588,0.55139,-0.87390,0.01831,6.3969,-4.6107,4.4122
373949067,-0.66077,-0.84277,-0.33545,-3.5115,-3.0382,-26.7405,0.55310,-0.87146,0.02209,6.0763,-3.9389,4.1527
373950067,-0.58118,-1.00647,-0.17676,3.5191,-2.5954,-31.7099,0.55640,-0.86658,0.02649,5.8015,-3.2519,3.8702
373951067,-0.50085,-0.86450,-0.02148,8.7710,-2.3893,-36.5420,0.56091,-0.86096,0.03174,5.5420,-2.5191,3.5802
373952068,-0.49304,-0.72058,-0.01477,8.9542,-3.5878,-37.3130,0.56506,-0.85522,0.03772,5.3130,-1.7405,3.2443
373953067,-0.51746,-0.70520,-0.12683,3.3130,-5.0153,-34.7023,0.56787,-0.84875,0.04321,5.1221,-0.9618,2.8855
373954067,-0.55176,-0.82385,-0.20544,-5.0687,-4.3817,-31.7405,0.57007,-0.84119,0.04907,4.9466,-0.1679,2.5191
373955067,-0.59900,-0.96497,-0.21716,-13.1908,-1.5420,-30.9771,0.57251,-0.83301,0.05518,4.7939,0.6489,2.1450
373956068,-0.58777,-0.93018,-0.18323,-19.0992,3.2595,-32.5267,0.57507,-0.82520,0.06262,4.6565,1.5267,1.7786
373957067,-0.55200,-0.71887,-0.16577,-22.2137,6.7481,-33.8931,0.57690,-0.81763,0.07043,4.5802,2.4504,1.4046
373958068,-0.53015,-0.49719,-0.20178,-24.0534,8.9771,-33.5573,0.57922,-0.81042,0.07642,4.5573,3.3969,1.0534
373959068,-0.48145,-0.32568,-0.20190,-24.5802,12.0611,-32.3053,0.58240,-0.80322,0.08228,4.5496,4.3664,0.7023
373960067,-0.45312,-0.22449,-0.14636,-22.2443,14.5267,-30.9008,0.58459,-0.79553,0.08875,4.5878,5.3893,0.3359
373961068,-0.43335,-0.23010,-0.04932,-19.0992,16.0229,-28.9008,0.58606,-0.78784,0.09521,4.7099,6.4275,-0.0534
373962068,-0.38989,-0.34766,0.01978,-19.5496,17.0458,-25.6183,0.58704,-0.78003,0.10229,4.8702,7.4427,-0.4198
373963068,-0.38660,-0.48193,-0.01440,-23.8626,17.6412,-22.1298,0.58777,-0.77271,0.11121,5.0763,8.4504,-0.7481
373964067,-0.39966,-0.49670,-0.06555,-28.8473,18.7405,-19.8015,0.58813,-0.76660,0.12122,5.2901,9.4885,-1.0458
373965067,-0.39978,-0.42273,-0.04785,-32.9313,19.6107,-17.9237,0.58789,-0.76135,0.13098,5.5344,10.5573,-1.3359
373966067,-0.41711,-0.41125,-0.00696,-36.7557,19.7634,-15.3588,0.58691,-0.75635,0.14075,5.7939,11.6336,-1.6031
373967067,-0.43518,-0.55066,0.02600,-41.1069,20.7939,-12.5191,0.58533,-0.75159,0.15039,6.0916,12.6718,-1.8473
373968067,-0.44836,-0.73438,0.03540,-44.5344,22.8473,-11.4198,0.58362,-0.74695,0.15918,6.4198,13.6489,-2.0916
373969067,-0.43445,-0.76147,0.05298,-44.7252,25.9389,-13.1221,0.58240,-0.74268,0.16895,6.7557,14.6107,-2.3206
373970067,-0.37964,-0.62708,0.12952,-41.9389,28.8321,-15.7634,0.58105,-0.73877,0.17920,7.0916,15.5954,-2.5420
373971067,-0.32568,-0.51062,0.20850,-38.7328,29.8779,-16.9160,0.57947,-0.73450,0.18921,7.3740,16.5573,-2.7252
373972067,-0.29028,-0.52344,0.24292,-36.2824,29.1298,-16.4733,0.57739,-0.72974,0.19885,7.6031,17.4733,-2.9160
373973065,-0.28857,-0.61938,0.24377,-34.1145,26.9771,-15.9237,0.57483,-0.72522,0.20837,7.7863,18.3282,-3.0611
373974065,-0.31250,-0.70154,0.22986,-32.6260,24.5878,-16.0992,0.57251,-0.72266,0.21936,7.9389,19.1450,-3.1603
373975069,-0.33240,-0.71411,0.20679,-32.8931,23.0763,-16.6260,0.57056,-0.72107,0.23120,8.0611,19.9084,-3.2290
373976068,-0.36707,-0.63452,0.16504,-34.5267,22.1908,-16.9084,0.56885,-0.71912,0.24170,8.1374,20.5954,-3.2519
373977068,-0.39661,-0.51318,0.12659,-36.3740,22.4427,-16.4962,0.56702,-0.71729,0.25134,8.1221,21.1908,-3.2519
373978068,-0.39929,-0.44666,0.10730,-37.9924,23.7710,-15.2672,0.56506,-0.71643,0.26086,8.0992,21.6947,-3.2290
373979068,-0.40405,-0.47388,0.10022,-39.4427,25.6870,-13.6718,0.56213,-0.71680,0.26953,8.1069,22.1298,-3.1908
373980068,-0.39478,-0.53894,0.12244,-40.1527,28.0382,-12.5802,0.55920,-0.71753,0.27795,8.1145,22.4962,-3.1450
373981067,-0.36743,-0.55554,0.16016,-39.8550,29.8244,-12.2824,0.55688,-0.71814,0.28601,8.1145,22.7939,-3.0763
373982068,-0.34351,-0.51050,0.17505,-38.7252,30.2595,-12.2824,0.55444,-0.71899,0.29333,8.0992,23.0076,-2.9466
373983067,-0.31189,-0.45312,0.19214,-36.5649,29.8397,-12.1679,0.55164,-0.72009,0.29944,8.0916,23.1450,-2.8015
373984067,-0.28198,-0.44739,0.21716,-33.8244,28.3893,-11.7481,0.54932,-0.72144,0.30530,8.0992,23.2214,-2.6794
373985068,-0.28516,-0.50110,0.22107,-31.6489,26.4275,-11.3282,0.54822,-0.72363,0.31030,8.1298,23.2366,-2.5802
373986068,-0.30969,-0.55078,0.19800,-30.1679,25.0687,-11.5573,0.54712,-0.72644,0.31470,8.1985,23.1679,-2.4733
373987068,-0.32104,-0.55151,0.20642,-28.8015,25.5573,-12.5038,0.54492,-0.72998,0.31982,8.2977,23.0458,-2.3664
373988067,-0.33118,-0.51794,0.26685,-27.4046,27.1298,-13.5115,0.54150,-0.73364,0.32495,8.4122,22.8702,-2.2290
373989067,-0.35608,-0.48584,0.27979,-26.4733,28.6870,-13.9084,0.53894,-0.73706,0.32898,8.5420,22.6336,-2.0458
373990067,-0.36414,-0.47925,0.25671,-26.3588,30.6489,-13.6107,0.53772,-0.74121,0.33215,8.7023,22.3511,-1.8550
373991068,-0.33887,-0.48840,0.29443,-26.8092,32.7405,-13.0000,0.53625,-0.74658,0.33496,8.8779,22.0076,-1.6718
373992068,-0.27832,-0.48206,0.40088,-27.7252,34.3969,-12.1832,0.53223,-0.75732,0.34265,9.2748,21.3130,-1.3435
373993068,-0.21790,-0.44080,0.47729,-29.1832,34.1221,-10.8473,0.52942,-0.76245,0.34412,9.5267,20.9389,-1.1679
373994068,-0.19238,-0.39099,0.49915,-30.5496,31.9313,-8.8779,0.52625,-0.76709,0.34436,9.7786,20.5420,-1.0076
373995068,-0.15906,-0.38489,0.56348,-31.4046,29.7176,-6.6489,0.52332,-0.77148,0.34558,10.0305,20.1069,-0.8321
373996067,-0.12891,-0.40735,0.63928,-32.3053,27.2366,-4.6489,0.52100,-0.77466,0.34705,10.2595,19.6336,-0.6412
373997068,-0.14111,-0.42456,0.62097,-32.9542,24.2672,-3.2595,0.51794,-0.77661,0.34607,10.4656,19.1221,-0.4427
373998067,-0.17749,-0.43372,0.52197,-31.8321,21.2672,-2.7939,0.51489,-0.77856,0.34534,10.6489,18.6107,-0.2366
373999067,-0.21631,-0.45239,0.42383,-29.1069,18.9771,-3.1298,0.51294,-0.78064,0.34656,10.7557,18.0992,-0.0076
374000067,-0.24878,-0.49939,0.35229,-26.3511,17.5420,-3.7634,0.51099,-0.78320,0.34705,10.7863,17.5420,0.2366
374001067,-0.27856,-0.55725,0.29712,-24.3282,16.9542,-4.5267,0.50806,-0.78577,0.34656,10.7405,16.9618,0.4580
374002067,-0.29614,-0.59009,0.25610,-22.8397,17.2137,-5.3664,0.50549,-0.78674,0.34619,10.6107,16.3359,0.6641
374003067,-0.30139,-0.57507,0.22278,-22.4046,18.4351,-5.9847,0.50464,-0.78711,0.34497,10.3969,15.6412,0.9008
374004067,-0.30493,-0.53174,0.18799,-23.5191,20.3206,-5.8855,0.50427,-0.78784,0.34216,10.0916,14.8931,1.1527
374005067,-0.30615,-0.48291,0.16638,-25.3817,22.4504,-5.0916,0.50281,-0.78931,0.33997,9.7405,14.1221,1.3893
374006067,-0.30981,-0.44153,0.15955,-26.6947,24.0000,-3.9695,0.50049,-0.79175,0.33899,9.3359,13.3206,1.5954
374007067,-0.31238,-0.43115,0.14648,-26.8092,24.8168,-2.8855,0.49878,-0.79407,0.33704,8.8702,12.4427,1.8321
374008067,-0.31738,-0.45032,0.13928,-25.4122,25.0992,-2.2443,0.49731,-0.79663,0.33386,8.3511,11.5496,2.0916
374009068,-0.32690,-0.47498,0.13562,-22.6412,24.9542,-2.2519,0.49524,-0.80042,0.33032,7.8015,10.6336,2.3130
374010068,-0.32715,-0.48596,0.13538,-19.5038,24.8092,-2.6718,0.49304,-0.80432,0.32629,7.2443,9.6718,2.5191
374011068,-0.32935,-0.49426,0.14050,-16.9313,24.7939,-3.0229,0.49084,-0.80823,0.32129,6.6947,8.6565,2.7176
374012067,-0.33276,-0.51404,0.14697,-14.9847,25.3893,-3.2748,0.48914,-0.81262,0.31567,6.1756,7.5954,2.9237
374013067,-0.32910,-0.53625,0.15466,-13.5649,26.6183,-3.5496,0.48718,-0.81775,0.31018,5.7099,6.5191,3.1374
374014065,-0.33301,-0.55334,0.16016,-12.8855,28.0000,-3.6870,0.48560,-0.82385,0.30408,5.2824,5.4046,3.3588
374015069,-0.32812,-0.57739,0.19897,-12.9542,29.9924,-3.5649,0.48413,-0.83020,0.29736,4.8855,4.2824,3.5496
374016068,-0.31311,-0.63684,0.26709,-13.2748,31.9008,-3.1985,0.48230,-0.83618,0.29004,4.5344,3.1450,3.7481
374017067,-0.30444,-0.72766,0.31921,-13.0534,33.1069,-3.0305,0.48083,-0.84082,0.28320,4.1908,2.0153,3.9313
374018067,-0.29321,-0.79529,0.35681,-11.6336,33.6565,-3.6336,0.47949,-0.84460,0.27710,3.8397,0.8779,4.1145
374019067,-0.28369,-0.80054,0.38562,-9.4275,33.5344,-4.9466,0.47754,-0.84766,0.27051,3.4809,-0.2672,4.2977
374020067,-0.27234,-0.77100,0.41333,-7.3969,32.9313,-6.2443,0.47595,-0.85046,0.26392,3.1450,-1.4427,4.4962
374021067,-0.25403,-0.76111,0.45605,-5.8473,31.9389,-7.0534,0.47498,-0.85376,0.25781,2.8168,-2.6183,4.7099
374022067,-0.23694,-0.78406,0.50195,-4.5802,30.6412,-7.6031,0.47510,-0.85657,0.25159,2.4962,-3.7557,4.9008
374023067,-0.22534,-0.81091,0.52942,-3.8092,29.5267,-8.2443,0.47510,-0.85889,0.24585,2.1603,-4.8626,5.1069
374024067,-0.22083,-0.81274,0.54102,-3.7023,28.8855,-8.9618,0.47388,-0.86084,0.24060,1.7786,-5.9618,5.3206
374025067,-0.20789,-0.79651,0.55945,-3.8015,28.7557,-9.5038,0.47229,-0.86377,0.23450,1.3740,-7.0382,5.5649
374026068,-0.19556,-0.79187,0.57361,-3.6260,28.2901,-9.7405,0.46960,-0.86804,0.22705,0.9695,-8.1145,5.8168
374027067,-0.20337,-0.81653,0.54382,-2.9008,27.0992,-9.9160,0.46667,-0.87219,0.21716,0.5802,-9.1756,6.0611
374028068,-0.21204,-0.85010,0.50000,-1.4962,25.9618,-10.4656,0.46423,-0.87622,0.20569,0.1679,-10.2366,6.2824
374029067,-0.21350,-0.84729,0.48914,0.1450,25.0458,-11.4733,0.46204,-0.88037,0.19495,-0.2443,-11.2672,6.5191
374030068,-0.21313,-0.79260,0.48511,1.2901,24.1679,-12.4427,0.45972,-0.88501,0.18445,-0.6260,-12.2595,6.7557
374031067,-0.21667,-0.72729,0.43933,2.0458,23.0305,-12.8244,0.45667,-0.89026,0.17456,-0.9771,-13.2214,7.0000
374032067,-0.22290,-0.70703,0.36438,3.0611,21.8626,-12.7023,0.45325,-0.89624,0.16516,-1.3359,-14.1908,7.2443
374033067,-0.21631,-0.73950,0.31567,4.0153,21.3206,-12.4733,0.44971,-0.90356,0.15479,-1.6794,-15.1603,7.4885
374034067,-0.21777,-0.78271,0.29553,3.8321,21.2824,-12.3359,0.44580,-0.91064,0.14380,-2.0000,-16.1221,7.7786
374035067,-0.24158,-0.80444,0.27917,2.5802,21.8779,-12.2595,0.44238,-0.91846,0.13245,-2.3053,-17.0840,8.0687
374036067,-0.25696,-0.80359,0.28674,1.5038,23.5802,-12.3511,0.43970,-0.92725,0.12085,-2.6107,-18.0382,8.3664
374037068,-0.25415,-0.78577,0.33350,1.4580,26.0153,-12.7099,0.43665,-0.93640,0.10974,-2.9160,-19.0076,8.6489
374038068,-0.24023,-0.75647,0.39136,2.1374,28.5420,-13.2214,0.43237,-0.94556,0.09888,-3.2290,-19.9618,8.9389
374039068,-0.21533,-0.72852,0.44348,2.9237,30.6947,-13.6260,0.42822,-0.95447,0.08777,-3.5573,-20.8855,9.2366
374040067,-0.18018,-0.70374,0.51074,3.6947,32.0534,-13.9084,0.42358,-0.96338,0.07556,-3.9237,-21.7710,9.5344
374041067,-0.12952,-0.68445,0.61218,4.3969,32.4351,-13.9542,0.41809,-0.97229,0.06311,-4.2901,-22.6718,9.8397
374042068,-0.07898,-0.69409,0.71301,4.5802,31.2519,-13.4733,0.41370,-0.98157,0.05017,-4.6489,-23.5878,10.1756
374043067,-0.02161,-0.80054,0.81873,4.1832,25.2443,-11.8550,0.41028,-0.99097,0.03662,-5.0000,-24.4809,10.5115
374044067,-0.01294,-0.80786,0.83752,4.1221,21.5267,-11.6260,0.40747,-1.00049,0.02368,-5.3588,-25.3435,10.8168
374045068,-0.02637,-0.77222,0.81738,3.7634,17.8321,-11.5344,0.40479,-1.01013,0.01025,-5.7405,-26.1527,11.1145
374046068,-0.04126,-0.73523,0.80505,3.3969,15.0382,-11.4275,0.40259,-1.01880,-0.00391,-6.1069,-26.9237,11.4046
374047068,-0.04700,-0.71570,0.83923,3.4351,13.5496,-11.4733,0.40063,-1.02600,-0.01721,-6.4504,-27.6794,11.6947
374048068,-0.06152,-0.71436,0.84448,3.5573,12.7023,-11.6183,0.39771,-1.03345,-0.02991,-6.7863,-28.4198,11.9847
374049067,-0.08594,-0.72217,0.80249,3.5267,12.6107,-11.8015,0.39465,-1.04102,-0.04382,-7.1221,-29.1145,12.2748
374050068,-0.09534,-0.71362,0.78503,3.7557,13.1374,-12.0382,0.39246,-1.04846,-0.05823,-7.4351,-29.7634,12.5573
374051068,-0.08972,-0.68237,0.79480,3.6260,13.3740,-11.7786,0.39087,-1.05640,-0.07251,-7.6947,-30.3511,12.8550
374052068,-0.08252,-0.66333,0.79980,2.3511,12.6412,-10.5115,0.38940,-1.06519,-0.08716,-7.9618,-30.9008,13.1145
374053068,-0.06543,-0.67468,0.82385,0.8397,11.2672,-8.6412,0.38745,-1.07422,-0.10205,-8.2214,-31.3740,13.3282
374054067,-0.04236,-0.69897,0.86499,-0.4504,9.2290,-6.6947,0.38452,-1.08423,-0.11755,-8.4580,-31.7863,13.5267
374055067,-0.03833,-0.72449,0.86060,-2.3511,6.3282,-4.8015,0.38147,-1.09399,-0.13391,-8.6870,-32.1679,13.7252
374056067,-0.05420,-0.75500,0.81567,-4.3740,3.2290,-3.2443,0.37915,-1.10266,-0.15088,-8.8931,-32.5420,13.9313
374057067,-0.07520,-0.78894,0.77002,-5.4427,0.2977,-2.4122,0.37720,-1.11230,-0.16870,-9.0687,-32.8931,14.1221
374058067,-0.09839,-0.81177,0.71509,-5.7863,-2.3206,-2.4122,0.37549,-1.12329,-0.18689,-9.2443,-33.1832,14.2901
374059067,-0.13354,-0.81360,0.63049,-5.5496,-4.5115,-3.1298,0.37390,-1.13550,-0.20630,-9.4122,-33.4198,14.4351
374060067,-0.16638,-0.79700,0.58362,-4.1985,-5.2290,-4.4275,0.37134,-1.14795,-0.22754,-9.5344,-33.6031,14.5802
374061064,-0.17078,-0.78430,0.61584,-2.3130,-4.3893,-5.7328,0.36755,-1.15979,-0.24866,-9.6412,-33.7328,14.7176
374062068,-0.16882,-0.79517,0.63293,-1.6031,-3.1069,-6.3893,0.36353,-1.17188,-0.26953,-9.7557,-33.8702,14.8626
374063068,-0.18054,-0.81152,0.59790,-2.2290,-1.7863,-6.4122,0.35938,-1.18518,-0.29138,-9.8779,-34.0076,15.0153
374064068,-0.18201,-0.79504,0.56555,-2.9695,-0.6260,-6.2748,0.35498,-1.19897,-0.31372,-9.9771,-34.1069,15.1603
374065068,-0.16443,-0.74939,0.57507,-3.7023,-0.1756,-5.8092,0.35022,-1.21118,-0.33667,-10.0840,-34.1527,15.2977
374066068,-0.15295,-0.71484,0.59949,-5.0992,-1.2824,-4.5573,0.34534,-1.22180,-0.36047,-10.2137,-34.1985,15.4275
374067067,-0.13611,-0.71545,0.64185,-7.0382,-2.8779,-2.7634,0.34106,-1.23364,-0.38354,-10.3817,-34.2748,15.5802
374068065,-0.10901,-0.73657,0.72717,-9.1756,-4.2519,-1.1374,0.33667,-1.24670,-0.40564,-10.5954,-34.3435,15.7481
374069069,-0.08276,-0.73840,0.82068,-11.2443,-5.1221,-0.1221,0.33118,-1.25940,-0.42859,-10.8550,-34.3817,15.9160
374070068,-0.06006,-0.69458,0.85681,-12.6107,-6.1679,0.3053,0.32593,-1.27026,-0.45227,-11.1679,-34.3817,16.0687
374071068,-0.05847,-0.62256,0.82153,-12.8015,-8.1450,0.4580,0.32202,-1.27930,-0.47498,-11.5344,-34.3435,16.2214
374072068,-0.07214,-0.57874,0.75269,-11.8550,-11.2672,0.7023,0.31848,-1.28796,-0.49817,-11.9389,-34.2443,16.3588
374073067,-0.08618,-0.60254,0.68933,-10.1221,-14.9466,1.0382,0.31372,-1.29785,-0.52197,-12.3740,-34.1374,16.4962
374074067,-0.10632,-0.66431,0.65649,-7.9924,-18.5420,1.1603,0.30859,-1.30688,-0.54553,-12.8550,-34.0611,16.6489
374075067,-0.13721,-0.71179,0.63110,-6.0534,-21.3053,1.0611,0.30420,-1.31384,-0.56909,-13.4046,-33.9618,16.7786
374076067,-0.17468,-0.73792,0.58008,-5.0840,-22.6031,1.2519,0.29956,-1.31995,-0.59387,-14.0076,-33.8321,16.8855
374077067,-0.22485,-0.75439,0.50171,-5.3130,-22.2824,1.8473,0.29456,-1.32617,-0.61914,-14.6412,-33.6947,16.9695
374078067,-0.27002,-0.78308,0.38562,-6.0840,-20.6870,2.5802,0.28979,-1.33337,-0.64355,-15.3282,-33.5344,17.0458
374079067,-0.12061,-0.80334,0.40869,-6.5954,-16.7557,2.2290,0.28564,-1.34131,-0.66882,-16.0916,-33.3511,17.0916
374080067,0.35291,-0.36292,1.39441,-6.5649,-2.8321,-2.0000,0.28271,-1.34949,-0.69434,-16.9008,-33.1679,17.1069
374081065,0.68530,0.54211,1.99994,-5.9237,7.6107,-5.3206,0.27942,-1.35791,-0.71985,-17.7557,-32.9466,17.0992
374082065,0.45337,0.93066,1.99994,-9.2672,-5.4809,0.8397,0.27478,-1.36743,-0.74561,-18.6489,-32.7099,17.0916
374083069,0.16418,0.45740,1.33630,-7.2443,-19.3130,8.5878,0.27039,-1.37708,-0.77100,-19.5573,-32.4504,17.0534
374084068,0.44446,0.09583,1.99994,-1.3511,-17.7634,9.0687,0.26660,-1.38660,-0.79700,-20.4733,-32.1985,16.9847
374085067,1.02795,0.48157,1.99994,-27.6870,-11.0305,16.5496,0.26282,-1.39673,-0.82397,-21.4580,-31.9237,16.8855
374086067,1.42090,1.24121,1.99994,-77.5420,-20.2824,37.1832,0.26001,-1.40686,-0.85205,-22.4733,-31.6336,16.7863
374087067,1.25330,1.92053,1.99994,-84.9313,-48.5344,55.8244,0.25671,-1.41626,-0.88098,-23.5115,-31.3588,16.6718
374088067,1.01709,1.92981,1.99994,-53.4733,-82.8092,71.2137,0.25232,-1.42456,-0.91052,-24.5802,-31.0687,16.5038
374089065,1.07117,1.10107,1.99994,-49.0763,-111.9008,91.7176,0.24744,-1.43286,-0.94116,-25.6947,-30.7557,16.3359
374090064,0.59290,0.19165,1.99994,-84.7252,-141.5344,112.5878,0.24292,-1.44299,-0.97290,-26.8550,-30.4427,16.1298
374091069,0.15527,0.05298,1.52832,-107.7481,-156.2824,120.4351,0.23621,-1.46606,-1.03284,-29.3664,-29.7634,15.6641
374092068,0.13110,0.70288,1.45508,-92.1298,-162.1679,114.3130,0.23364,-1.47705,-1.06042,-30.7328,-29.3893,15.4427
374093068,-0.19580,0.92139,1.17151,-62.1603,-170.6031,108.3817,0.23047,-1.48816,-1.08752,-32.1221,-28.9618,15.1908
374094068,-0.54150,0.03503,1.09314,-49.2519,-158.3130,109.2366,0.22681,-1.49976,-1.11487,-33.5344,-28.4504,14.8931
374095068,-0.67407,-1.42163,1.00781,-58.7252,-135.3664,112.4122,0.22278,-1.51135,-1.14209,-34.9924,-27.8626,14.5649
374096067,-1.00269,-2.00000,-0.04834,-73.3435,-121.4275,108.8397,0.21887,-1.52344,-1.16870,-36.4962,-27.1756,14.2290
374097068,-1.23315,-2.00000,-0.64868,-67.3588,-107.1298,91.1679,0.21509,-1.53564,-1.19531,-38.0305,-26.4046,13.8779
374098068,-0.87732,-2.00000,-0.02490,-48.4198,-93.5115,71.0000,0.21118,-1.54822,-1.22217,-39.5802,-25.5649,13.4809
374099068,-0.55908,-1.54871,0.48047,-57.9389,-96.3206,67.9924,0.20715,-1.56201,-1.25012,-41.1679,-24.6565,13.0611
374100068,-0.64697,-1.01428,0.21252,-97.2214,-112.2672,81.1527,0.20300,-1.57654,-1.28003,-42.8168,-23.6260,12.5954
374101068,-0.84937,-0.98828,0.42200,-118.2137,-121.9160,93.3817,0.19836,-1.59180,-1.30994,-44.4885,-22.4885,12.1298
374102068,-0.90125,-1.60254,1.28162,-106.1679,-124.4427,95.1603,0.19385,-1.60620,-1.33813,-46.1450,-21.2366,11.6489
374103068,-0.62695,-2.00000,1.69153,-87.9695,-122.3588,87.5038,0.19092,-1.61938,-1.36487,-47.7634,-19.8779,11.1450
374104068,-0.78052,-2.00000,1.43665,-70.4122,-129.2061,72.9847,0.18823,-1.63269,-1.39087,-49.3435,-18.3817,10.6183
374105068,-1.05933,-1.78796,0.82886,-51.0687,-136.7634,54.9847,0.18640,-1.64600,-1.41687,-50.8550,-16.7328,10.0687
374106068,-0.53320,-0.96472,0.75745,-37.5649,-130.6794,38.8244,0.18530,-1.65796,-1.44299,-52.3588,-14.9542,9.5038
374107068,-0.48901,-0.63257,0.32532,-24.4427,-149.8702,29.3511,0.18420,-1.66797,-1.47083,-53.8702,-13.0687,8.9084
374108068,-0.70630,-1.29639,-0.73401,0.9313,-173.0076,22.6260,0.18347,-1.67651,-1.49963,-55.3588,-11.0611,8.3130
374109067,-0.80566,-2.00000,-1.03528,16.6031,-187.1221,15.9008,0.18298,-1.68396,-1.52832,-56.8244,-8.9160,7.7252
374110068,-1.34998,-2.00000,-1.49487,-1.2061,-197.3206,15.1145,0.18140,-1.69092,-1.55530,-58.2519,-6.6412,7.1603
374111068,-1.48547,-1.44397,-1.89819,-37.3588,-177.3359,20.0992,0.18091,-1.69641,-1.57971,-59.6412,-4.2214,6.5420
374112068,-1.56458,-0.04114,-2.00000,-68.0687,-155.1679,31.6260,0.18140,-1.70081,-1.60364,-61.0000,-1.6565,5.8702
374113067,-1.89380,0.61450,-2.00000,-83.9847,-145.9847,50.9618,0.18152,-1.70508,-1.62854,-62.3588,1.0458,5.1527
374114067,-2.00000,0.16321,-2.00000,-86.5496,-128.4504,67.2290,0.18164,-1.70874,-1.65247,-63.7176,3.8702,4.4427
374115068,-2.00000,-0.81750,-2.00000,-81.9313,-104.9008,71.8015,0.18225,-1.71252,-1.67407,-65.0611,6.8168,3.7557
374116068,-2.00000,-1.34546,-2.00000,-68.5420,-74.6336,59.5954,0.18213,-1.71582,-1.69482,-66.3893,9.9160,3.0763
374117067,-1.99365,-0.74927,-2.00000,-41.1603,-50.6718,36.1374,0.18079,-1.71777,-1.71411,-67.7023,13.1450,2.3893
374118067,-2.00000,0.14966,-2.00000,-12.3740,-31.3588,18.2519,0.17932,-1.72107,-1.73071,-68.9924,16.4656,1.6794
374119067,-1.78357,0.23779,-2.00000,1.9389,-0.0382,14.3664,0.17834,-1.72009,-1.74939,-70.3130,19.8397,0.8855
374120067,-1.70227,-0.65906,-2.00000,1.7099,26.1145,18.8779,0.17798,-1.71887,-1.76978,-71.5954,23.3206,0.1756
374121068,-1.40222,-2.00000,-0.88232,4.8244,54.5802,21.7481,0.17676,-1.72034,-1.78796,-72.8397,26.9466,-0.5267
374122067,-0.87708,-2.00000,0.44678,15.9542,70.9695,19.3282,0.17456,-1.71899,-1.80579,-74.0840,30.6718,-1.3053
374123068,-0.80542,-2.00000,0.34814,12.1450,53.9847,14.3893,0.17444,-1.71936,-1.82202,-75.2901,34.4809,-1.9695
374124068,-0.74512,-2.00000,-0.22607,-12.4351,31.2061,9.6183,0.17529,-1.72083,-1.83655,-76.4504,38.3817,-2.6107
374125067,-0.65442,-1.44897,-0.35364,-36.2672,-3.5191,8.5802,0.17542,-1.72156,-1.85059,-77.5878,42.3664,-3.2672
374126067,-0.66577,-0.86938,0.09009,-43.6718,-40.7023,13.9389,0.17651,-1.72314,-1.86340,-78.6794,46.4351,-3.9389
374127067,-0.81726,-2.00000,1.23267,-30.4885,-71.2901,17.0992,0.17822,-1.72510,-1.87439,-79.7099,50.6183,-4.6031
374128068,-1.39197,-2.00000,1.44128,-2.3435,-95.8015,6.5802,0.18018,-1.72705,-1.88440,-80.6718,54.8855,-5.2748
374129067,-1.83228,-2.00000,0.79077,22.0687,-89.3588,-17.7786,0.18250,-1.72974,-1.89404,-81.5496,59.2443,-5.9847
374130068,-2.00000,-2.00000,0.50354,28.8092,-59.8931,-45.4198,0.18433,-1.73364,-1.90344,-82.3282,63.6489,-6.7023
374131068,-1.96045,-2.00000,-0.23743,21.3359,-34.7939,-60.1298,0.18518,-1.73840,-1.91125,-83.0305,68.1069,-7.4504
374132068,-1.80884,-1.64136,-2.00000,20.1450,-40.2824,-60.1832,0.18567,-1.74390,-1.91736,-83.6412,72.6489,-8.1756
374133068,-2.00000,-1.93628,-2.00000,36.6718,-69.8931,-60.3817,0.18591,-1.74988,-1.92249,-84.1603,77.4122,-8.9237
374134068,-2.00000,-2.00000,-2.00000,61.2290,-65.1069,-68.3740,0.18665,-1.75586,-1.92712,-84.5649,82.2519,-9.7023
374135068,-1.69312,-2.00000,-1.64856,44.2443,-35.1298,-72.7176,0.18677,-1.76282,-1.93152,-84.8550,86.9924,-10.5573
374136067,-1.78748,-1.78528,-1.27856,-20.4580,-23.1069,-61.4656,0.18567,-1.77039,-1.93469,-85.0763,91.7786,-11.4427
374137067,-2.00000,-0.37024,-2.00000,-61.7634,-2.8321,-48.1374,0.18445,-1.77734,-1.93713,-85.2061,96.6489,-12.3511
374138068,-1.73425,0.23767,-2.00000,-51.7786,35.0916,-39.6260,0.18213,-1.78442,-1.93848,-85.2672,101.5954,-13.3053
374139068,-1.84253,-0.44348,-2.00000,-41.1985,46.9084,-29.9924,0.17993,-1.79077,-1.93848,-85.3206,106.6260,-14.2977
374140068,-2.00000,-1.04822,-2.00000,-44.2901,42.0763,-27.9389,0.17883,-1.79663,-1.93774,-85.3740,111.7099,-15.2748
374141068,-2.00000,-1.09497,-2.00000,-12.7863,52.5267,-42.3740,0.17761,-1.80188,-1.93567,-85.4046,116.8092,-16.2595
374142068,-1.74683,-1.27209,-1.02576,58.1298,63.4122,-67.2519,0.17578,-1.80579,-1.93298,-85.4351,121.8855,-17.3206
374143068,-1.51904,-1.84705,-0.36560,97.4809,43.5496,-80.5344,0.17273,-1.80945,-1.92810,-85.4809,126.9924,-18.4122
374144068,-1.92847,-2.00000,-2.00000,84.3588,17.8092,-81.1908,0.16785,-1.81213,-1.92090,-85.5802,132.0534,-19.5725
374145068,-2.00000,-1.80481,-2.00000,71.4656,16.5115,-85.4351,0.16211,-1.81348,-1.91370,-85.7710,137.0305,-20.7634
374146067,-2.00000,-1.77295,-2.00000,67.2901,36.0992,-90.5344,0.15625,-1.81506,-1.90662,-86.0458,141.9313,-21.9847
374147068,-1.99463,-2.00000,-2.00000,48.5267,52.8321,-90.9847,0.15125,-1.81567,-1.89880,-86.3817,146.7634,-23.2443
374148067,-2.00000,-1.76465,-2.00000,27.9389,60.0763,-91.4733,0.14685,-1.81628,-1.89185,-86.7786,151.5496,-24.5420
374149068,-2.00000,-0.75562,-2.00000,2.9847,84.0076,-88.5649,0.14221,-1.81714,-1.88586,-87.2137,156.2519,-25.8626
374150067,-1.94421,-0.01526,-2.00000,-38.2443,126.1908,-75.0229,0.13623,-1.81799,-1.87891,-87.6947,160.8550,-27.2061
374151068,-1.79114,-0.00085,-2.00000,-60.8779,153.3969,-62.4809,0.12866,-1.81763,-1.87231,-88.2672,165.3511,-28.5954
374152067,-1.91150,-0.36145,-2.00000,-40.7176,161.2672,-61.0534,0.12146,-1.81714,-1.86902,-88.9008,169.7481,-29.9160
374153067,-1.37805,-0.53931,-2.00000,-9.8015,167.4962,-67.0534,0.11475,-1.82031,-1.86230,-89.5344,174.0840,-31.2290
374154067,-0.88123,-0.21106,-1.71936,-2.4656,166.7405,-70.0611,0.10632,-1.82275,-1.85156,-90.2595,178.2061,-32.7634
374155067,-0.66125,0.61060,-0.69385,-12.9542,167.7176,-67.2519,0.09729,-1.82178,-1.84387,-91.1450,182.0000,-34.4504
374156067,-0.52637,1.90845,0.26489,-18.7634,164.2443,-60.5573,0.08777,-1.82202,-1.83594,-92.1374,185.5954,-36.0763
374157068,-0.69165,1.99994,-0.15234,-14.6718,139.9008,-45.8168,0.07751,-1.82434,-1.82751,-93.2061,189.0534,-37.6641
374158067,-0.89795,1.99994,-0.58862,-3.9542,120.2977,-27.8855,0.06738,-1.82727,-1.82080,-94.3511,192.3588,-39.2366
374159067,-0.60742,1.18152,-0.23059,34.3893,106.2595,-23.3435,0.05774,-1.82983,-1.81445,-95.5573,195.4885,-40.8092
374160067,-0.92078,0.08936,-1.57922,91.4962,67.3740,-35.6794,0.04895,-1.83215,-1.80798,-96.7863,198.4656,-42.3893
374161068,-2.00000,-0.10950,-2.00000,111.3206,10.2061,-43.3359,0.03992,-1.83411,-1.80127,-98.0992,201.3206,-43.9618
374162068,-2.00000,0.41931,-2.00000,112.1374,-8.9313,-47.3588,0.03052,-1.83496,-1.79456,-99.5038,204.0534,-45.5344
374163068,-2.00000,0.55859,-2.00000,132.7023,17.1985,-52.7405,0.02148,-1.83508,-1.78894,-101.0229,206.6336,-47.0840
374164067,-2.00000,-0.35889,-2.00000,151.6641,76.1908,-53.0611,0.01306,-1.83459,-1.78320,-102.6641,209.0534,-48.5878
374165068,-2.00000,-1.17676,-2.00000,146.0382,137.6336,-49.8855,0.00513,-1.83350,-1.77673,-104.4580,211.3435,-49.9924
374166068,-2.00000,-1.34802,-2.00000,124.6718,195.8092,-44.3740,-0.00171,-1.83191,-1.76917,-106.3893,213.4962,-51.3664
374167067,-2.00000,-1.00110,-2.00000,81.0153,250.1298,-33.4580,-0.00854,-1.82910,-1.76123,-108.4351,215.5191,-52.7099
374168067,-2.00000,-0.76929,-2.00000,32.3282,250.1298,-18.6107,-0.01562,-1.82532,-1.75269,-110.5878,217.4198,-53.9542
374169067,-2.00000,-1.15479,-2.00000,7.6565,250.1298,-8.9008,-0.02246,-1.82129,-1.74292,-112.8473,219.2061,-55.1374
374170067,-2.00000,-1.39380,-2.00000,-4.9618,250.1298,-6.6947,-0.02869,-1.81787,-1.73279,-115.2290,220.9084,-56.2977
374171068,-1.49304,-0.78540,-1.93835,-24.8931,250.1298,-6.8473,-0.03430,-1.81506,-1.72217,-117.7405,222.5649,-57.3817
374172067,-0.06030,0.89392,1.99994,-33.8015,250.1298,-1.6183,-0.03992,-1.81299,-1.70972,-120.3435,224.2061,-58.3511
374173067,0.38440,0.98840,1.99994,12.9389,250.1298,-3.1450,-0.04602,-1.81091,-1.69519,-123.0153,225.8321,-59.2519
374174065,0.03723,0.45996,1.64050,87.0916,221.4198,-12.9237,-0.05139,-1.80798,-1.67944,-125.7405,227.3893,-60.0687
374175069,-0.35010,-0.53223,0.20093,129.5496,186.4962,-20.9313,-0.05579,-1.80420,-1.66248,-128.4885,228.8779,-60.8397
374176068,-0.76099,-1.55835,-1.19031,127.3740,163.0000,-24.4733,-0.06006,-1.80103,-1.64343,-131.2748,230.3435,-61.5420
374177068,-1.74353,-1.87891,-2.00000,131.0840,142.5115,-38.2824,-0.06421,-1.79895,-1.62268,-134.1069,231.8244,-62.1908
374178067,-2.00000,-1.01648,-1.73718,171.1679,153.7939,-62.8168,-0.06775,-1.79724,-1.60071,-136.9695,233.3359,-62.7481
374179067,-1.66040,0.19849,-0.38989,194.7786,173.0840,-72.5649,-0.07190,-1.79529,-1.57776,-139.8015,234.8473,-63.2519
374180067,-1.87976,0.33679,-1.29663,146.0840,187.4427,-49.2672,-0.07654,-1.79480,-1.55518,-142.6031,236.3969,-63.7099
374181068,-2.00000,-0.56018,-2.00000,49.4275,222.2137,-10.6794,-0.08069,-1.79578,-1.53113,-145.3740,237.9771,-64.1374
374182068,-2.00000,-1.40295,-2.00000,-28.6489,250.1298,20.2901,-0.08411,-1.79626,-1.50476,-148.1221,239.5573,-64.5573
374183067,-1.92725,-1.96802,-2.00000,-65.0000,250.1298,37.9695,-0.08630,-1.79675,-1.47742,-150.7939,241.1450,-64.9542
374184067,-2.00000,-1.71997,-2.00000,-74.9695,250.1298,46.3588,-0.08716,-1.79810,-1.44958,-153.3588,242.7939,-65.3511
374185068,-2.00000,-0.99451,-2.00000,-53.9924,250.1298,47.1603,-0.08752,-1.80151,-1.42212,-155.8321,244.5420,-65.7176
374186067,-0.98071,-0.39758,-0.45642,-8.9542,250.1298,39.1374,-0.08850,-1.80688,-1.39404,-158.1603,246.3817,-66.0687
374187067,-1.05774,-0.02490,-0.73059,22.9313,244.7481,29.3359,-0.09058,-1.81140,-1.36548,-160.3282,248.2672,-66.3740
374188067,-2.00000,-0.66248,-2.00000,44.0458,203.0458,20.0305,-0.09314,-1.81787,-1.33423,-162.2824,250.1298,-66.6412
374189067,-2.00000,-2.00000,-2.00000,86.7939,210.8626,1.9389,-0.09851,-1.82959,-1.26428,-165.7786,250.1298,-67.4885
374190068,-2.00000,-2.00000,-2.00000,115.5115,219.7405,-24.9466,-0.10193,-1.83179,-1.22791,-167.4427,250.1298,-67.9924
374191068,-2.00000,-2.00000,-1.76318,124.0534,250.1298,-69.1756,-0.10596,-1.83398,-1.19031,-168.9695,250.1298,-68.4427
374192068,-1.95508,-2.00000,-0.09558,135.4885,250.1298,-112.0534,-0.11023,-1.83398,-1.15210,-170.3282,250.1298,-68.8473
374193068,-2.00000,0.15662,-1.63025,130.8321,250.1298,-116.1985,-0.11572,-1.83301,-1.11304,-171.5725,250.1298,-69.2366
374194068,-2.00000,0.37341,-2.00000,106.5802,250.1298,-88.2366,-0.12195,-1.83228,-1.07178,-172.7252,250.1298,-69.7023
374195068,-2.00000,-1.54553,-2.00000,97.2366,250.1298,-65.9618,-0.12878,-1.83069,-1.02917,-173.8168,250.1298,-70.2214
374196068,-2.00000,-2.00000,-2.00000,78.4962,250.1298,-60.7252,-0.13525,-1.82874,-0.98608,-174.8397,250.1298,-70.7252
374197068,-2.00000,-1.90137,-1.49585,28.8015,250.1298,-63.9542,-0.14062,-1.82629,-0.94324,-175.8092,250.1298,-71.1985
374198068,-2.00000,1.20837,-0.75598,-1.9008,250.1298,-64.9008,-0.14673,-1.82324,-0.90076,-176.7252,250.1298,-71.6641
374199067,-2.00000,1.99994,-0.88831,6.8168,250.1298,-46.8473,-0.15344,-1.81958,-0.85742,-177.6260,250.1298,-72.1298
374200067,-2.00000,1.99994,-1.24927,18.4656,250.1298,-12.5115,-0.15942,-1.81604,-0.81189,-178.4962,250.1298,-72.5878
374201067,-1.95325,0.69043,-0.91821,18.4809,250.1298,12.2366,-0.16589,-1.81299,-0.76477,-179.3206,250.1298,-73.0305
374202067,-2.00000,-1.42981,-0.55298,23.3588,250.1298,11.1679,-0.17285,-1.81042,-0.71777,-180.1145,250.1298,-73.4656
374203067,-1.54150,-0.91626,-0.67041,30.1450,250.1298,-6.2137,-0.17798,-1.80798,-0.66992,-180.8397,250.1298,-73.9008
374204067,-1.33264,0.94995,-0.11499,29.1603,250.1298,-8.8092,-0.18103,-1.80481,-0.62097,-181.5038,250.1298,-74.3130
374205067,-0.99500,0.93396,1.55530,25.0305,250.1298,17.8397,-0.18335,-1.80115,-0.57166,-182.0992,250.1298,-74.7405
374206067,0.19788,-0.70605,1.99994,6.1908,250.1298,51.5496,-0.18579,-1.79736,-0.52234,-182.6260,250.1298,-75.1679
374207067,0.44373,-1.29639,1.99994,-23.9084,250.1298,66.1908,-0.18823,-1.79260,-0.47290,-183.0840,250.1298,-75.5954
374208067,-0.54211,-0.44409,0.71375,-30.5344,250.1298,61.7557,-0.18970,-1.78748,-0.42090,-183.4580,250.1298,-75.9771
374209067,-1.46655,0.19861,-0.18359,-7.7099,250.1298,52.1756,-0.19006,-1.78333,-0.36633,-183.7328,250.1298,-76.3206
374210067,-1.79688,-0.80811,-0.73340,1.6336,250.1298,55.2824,-0.19006,-1.77869,-0.31201,-183.9389,250.1298,-76.6412
374211067,-2.00000,-2.00000,-1.27148,3.9847,250.1298,52.6489,-0.18970,-1.77380,-0.25818,-184.1374,250.1298,-76.9313
374212067,-2.00000,-2.00000,-1.04053,42.3435,250.1298,22.1679,-0.18896,-1.76917,-0.20398,-184.3588,250.1298,-77.1908
374213068,-2.00000,-1.85132,-0.50366,84.9847,250.1298,-11.0229,-0.18811,-1.76538,-0.15015,-184.5954,250.1298,-77.4580
374214068,-2.00000,-0.86865,-0.76489,80.0153,250.1298,-17.6718,-0.18713,-1.76343,-0.09631,-184.8702,250.1298,-77.7328
374215068,-2.00000,-0.33679,-1.50342,53.2901,250.1298,-5.6031,-0.18616,-1.76233,-0.04199,-185.1145,250.1298,-78.0153
374216068,-2.00000,-0.68713,-0.93506,30.2519,250.1298,14.0305,-0.18506,-1.76074,0.01160,-185.3435,250.1298,-78.3359
374217068,-1.69446,-1.54114,-0.47681,-8.0000,250.1298,36.5420,-0.18323,-1.75867,0.06396,-185.5649,250.1298,-78.7023
374218068,-1.52075,-1.44739,-0.29944,-53.9542,250.1298,53.7176,-0.18164,-1.75830,0.11389,-185.8168,250.1298,-79.1221
374219068,-1.11902,-0.28296,1.15503,-74.2214,250.1298,64.4122,-0.18018,-1.75842,0.16223,-186.0763,250.1298,-79.5725
374220067,-0.09741,1.09521,1.99994,-84.8015,250.1298,78.7252,-0.17847,-1.75659,0.21033,-186.3893,250.1298,-80.0611
374221067,-0.72729,1.07288,1.18127,-96.3282,250.1298,104.8321,-0.17749,-1.75256,0.25830,-186.7023,250.1298,-80.5878
374222067,-2.00000,-0.94873,-2.00000,-47.4809,244.0305,110.5420,-0.17773,-1.74622,0.30652,-187.0611,250.1298,-81.1221
374223067,-2.00000,-2.00000,-2.00000,43.7252,201.7481,84.6565,-0.17810,-1.73804,0.35608,-187.5649,250.1298,-81.6183
374224068,-2.00000,-2.00000,-2.00000,83.0458,205.3588,48.6947,-0.17834,-1.72803,0.40613,-188.2137,250.1298,-82.0687
374225067,-2.00000,-2.00000,-1.29150,88.0305,250.1298,9.1298,-0.17944,-1.71582,0.45654,-188.9847,250.1298,-82.5191
374226067,-2.00000,-0.69006,-1.10229,109.7252,250.1298,-17.6412,-0.18176,-1.70068,0.50806,-189.9389,250.1298,-82.9237
374227067,-2.00000,0.13049,-2.00000,120.7634,250.1298,-15.2977,-0.18567,-1.68225,0.56042,-191.1069,250.1298,-83.2901
374228068,-2.00000,-0.83606,-2.00000,111.9466,250.1298,-4.1221,-0.19067,-1.66162,0.61243,-192.4962,250.1298,-83.6107
374229068,-2.00000,-2.00000,-2.00000,104.6565,250.1298,-2.1985,-0.19604,-1.64087,0.66382,-194.0840,250.1298,-83.9160
374230068,-2.00000,-2.00000,-2.00000,79.3282,250.1298,-3.4351,-0.20251,-1.62036,0.71680,-195.8550,250.1298,-84.1908
374231068,-2.00000,-2.00000,-2.00000,32.5115,250.1298,-0.9237,-0.20996,-1.59888,0.77136,-197.7710,250.1298,-84.4351
374232068,-2.00000,-1.64429,-0.83411,1.9618,250.1298,8.2519,-0.21826,-1.57690,0.82520,-199.7481,250.1298,-84.6870
374233068,-2.00000,-0.09326,-1.22815,-0.9313,250.1298,22.0687,-0.22742,-1.55493,0.88037,-201.7863,250.1298,-84.9924
374234068,-2.00000,0.78748,-0.23560,-1.0916,250.1298,36.1221,-0.23694,-1.53271,0.93787,-203.8779,250.1298,-85.3511
374235067,-2.00000,-0.09399,1.99994,-7.8244,250.1298,51.2901,-0.24646,-1.50977,0.99536,-206.0153,250.1298,-85.7405
374236067,-1.44714,-2.00000,1.99994,-14.6489,250.1298,63.5725,-0.25610,-1.48633,1.05261,-208.2290,250.1298,-86.1679
374237067,-1.06006,-2.00000,1.99994,-2.9237,250.1298,55.1985,-0.26599,-1.46411,1.11243,-210.5267,250.1298,-86.5954
374238067,-0.77185,-2.00000,1.99994,36.1832,250.1298,22.6412,-0.27454,-1.44263,1.17432,-212.8626,250.1298,-87.0458
374239065,0.48230,-1.27295,1.99994,63.1069,250.1298,-0.9160,-0.28137,-1.42151,1.23645,-215.1756,250.1298,-87.5115
374240069,1.23987,0.57019,1.99994,48.6794,250.1298,7.9313,-0.28674,-1.40186,1.29810,-217.4275,250.1298,-87.9847
374241068,-0.72327,0.41541,1.99994,46.6870,250.1298,30.1756,-0.29102,-1.38489,1.35986,-219.5725,250.1298,-88.4504
374242067,-2.00000,-2.00000,0.47998,102.9160,250.1298,33.6565,-0.29456,-1.36951,1.42224,-221.6336,250.1298,-88.9084
374243068,-1.36792,-2.00000,1.99994,145.5954,250.1298,18.7405,-0.29663,-1.35449,1.48376,-223.6107,250.1298,-89.3664
374244067,-1.26038,-2.00000,1.99994,107.7252,250.1298,0.6107,-0.29749,-1.34070,1.54260,-225.4580,250.1298,-89.7863
374245067,-2.00000,-2.00000,0.04041,64.5573,250.1298,-23.1145,-0.29749,-1.32837,1.59875,-227.1450,250.1298,-90.1374
374246068,-2.00000,-1.06458,-2.00000,91.8550,250.1298,-47.4733,-0.29614,-1.31775,1.65332,-228.6107,250.1298,-90.4351
374247067,-2.00000,0.42651,-2.00000,126.2214,250.1298,-49.9084,-0.29321,-1.30835,1.70776,-229.8168,250.1298,-90.6718
374248067,-2.00000,-0.61926,-0.99976,97.4656,250.1298,-30.2443,-0.28931,-1.29871,1.76257,-230.7252,250.1298,-90.8244
374249068,-2.00000,-2.00000,-2.00000,40.6794,250.1298,-7.0382,-0.28430,-1.28882,1.81714,-231.3130,250.1298,-90.9084
374250068,-2.00000,-2.00000,-2.00000,7.1756,250.1298,1.1679,-0.27795,-1.27930,1.87122,-231.6031,250.1298,-90.8931
374251068,-2.00000,-2.00000,-2.00000,-4.0000,250.1298,-6.5725,-0.27112,-1.26782,1.92444,-231.5649,250.1298,-90.8092
374252068,-2.00000,-2.00000,-1.37292,-14.0153,250.1298,-6.1679,-0.26404,-1.25366,1.97815,-231.2061,250.1298,-90.6641
374253068,-2.00000,-1.60291,0.21643,-44.4275,250.1298,17.4351,-0.25623,-1.23657,1.99994,-230.5954,250.1298,-90.4656
374254067,-2.00000,-2.00000,1.60156,-88.7405,250.1298,49.4962,-0.24731,-1.21631,1.99994,-229.7634,250.1298,-90.1985
374255067,-2.00000,-2.00000,1.99994,-116.3053,250.1298,65.2290,-0.23999,-1.19385,1.99994,-228.6870,250.1298,-89.8931
374256068,-1.41272,-2.00000,1.99994,-107.5649,250.1298,55.2061,-0.23425,-1.16907,1.99994,-227.3893,250.1298,-89.5725
374257068,-0.55908,-2.00000,1.99994,-99.1527,250.1298,36.8702,-0.22949,-1.14233,1.99994,-225.9237,250.0763,-89.2214
374258068,-0.32471,-2.00000,1.99994,-84.1756,250.1298,23.1221,-0.22522,-1.11365,1.99994,-224.3435,246.6870,-88.8244
374259068,-0.14331,-2.00000,1.99994,-31.4656,250.1298,-2.7405,-0.21973,-1.08472,1.99994,-222.6641,243.3206,-88.3893
374260067,-0.05444,-2.00000,1.99994,16.4275,250.1298,-34.7863,-0.21448,-1.05554,1.99994,-220.8702,240.0076,-87.9695
374261067,0.18384,-2.00000,1.99994,25.9160,250.1298,-69.7710,-0.21069,-1.02600,1.99994,-218.9695,236.7176,-87.5038
374262067,0.05725,-2.00000,1.99994,30.4046,250.1298,-99.5573,-0.20752,-0.99719,1.99994,-216.9618,233.4351,-87.0000
374263067,-0.06641,-0.79578,1.99994,30.2672,250.1298,-95.6107,-0.20483,-0.96765,1.99994,-214.8855,230.1527,-86.3969
374264067,-0.34644,-1.57898,1.99994,9.3511,250.1298,-66.8473,-0.20398,-0.93713,1.99994,-212.7786,226.8473,-85.5420
374265065,-1.07971,-2.00000,1.99994,6.8244,250.1298,-49.9542,-0.20459,-0.90845,1.99994,-210.6641,223.4198,-84.1756
374266069,-1.78210,-2.00000,1.99994,17.9389,250.1298,-53.9084,-0.20435,-0.88708,1.99994,-208.4580,219.8550,-82.4504
374267068,-2.00000,-2.00000,1.12634,-12.2595,250.1298,-65.3893,-0.20129,-0.87341,1.99994,-205.9924,216.3282,-81.0382
374268068,-2.00000,-2.00000,0.60278,-62.1603,250.1298,-79.8626,-0.19678,-0.86206,1.99994,-203.2214,213.0000,-80.2977
374269068,-1.81152,-0.04529,1.99994,-83.7481,250.1298,-83.7252,-0.19312,-0.85022,1.99994,-200.1756,209.8473,-80.0229
374270068,-0.97107,0.92590,1.99994,-103.8015,250.1298,-57.5954,-0.19092,-0.83728,1.99994,-196.9008,206.7328,-79.8779
374271067,0.06506,-1.10901,1.99994,-135.2595,250.1298,-27.2214,-0.18933,-0.82397,1.99994,-193.4504,203.5725,-79.7023
374272065,-0.13049,-2.00000,1.99994,-132.7939,250.1298,-25.3969,-0.18848,-0.81018,1.99994,-189.8779,200.3740,-79.3969
374273069,-0.11743,-2.00000,1.99994,-111.5344,250.1298,-35.0687,-0.18799,-0.79504,1.99994,-186.2137,197.1527,-79.0076
374274068,0.42529,-2.00000,1.99994,-122.5802,250.1298,-39.3435,-0.18787,-0.77881,1.99994,-182.4198,193.8779,-78.5191
374275067,0.41113,-2.00000,1.99994,-132.2214,250.1298,-45.6107,-0.18713,-0.76257,1.99994,-178.5115,190.5649,-77.9237
374276067,0.64050,-2.00000,1.99994,-106.1679,250.1298,-51.5267,-0.18555,-0.74670,1.99994,-174.5420,187.2137,-77.2366
374277065,0.83264,-2.00000,1.99994,-90.0534,242.3740,-43.4427,-0.18433,-0.72925,1.99994,-170.5420,183.7710,-76.4809
374278069,-0.13037,-2.00000,1.99994,-103.6870,191.6412,-35.1832,-0.18347,-0.70898,1.99994,-166.5420,180.2748,-75.6718
374279068,-1.10046,-2.00000,1.99994,-108.0382,176.8092,-50.9771,-0.18311,-0.68640,1.99994,-162.5725,176.7634,-74.7863
374280068,-1.39575,-2.00000,1.53064,-102.6107,198.6412,-86.6412,-0.18335,-0.66565,1.99994,-158.6870,173.2366,-73.7557
374281068,-1.53113,-2.00000,1.64465,-110.9389,221.9084,-116.8168,-0.18408,-0.64648,1.99994,-154.9084,169.5496,-72.6794
374282067,-1.51794,-1.54590,1.65894,-120.5496,238.5038,-125.4046,-0.18445,-0.62598,1.99994,-151.2214,165.7176,-71.6489
374283067,-1.73181,-1.46313,1.10925,-113.9771,241.1527,-118.8855,-0.18591,-0.60413,1.99994,-147.6107,161.7786,-70.6183
374284067,-2.00000,-2.00000,0.08496,-107.8321,247.3969,-111.5191,-0.18872,-0.58203,1.99994,-144.0763,157.7405,-69.5878
374285068,-2.00000,-2.00000,-0.44629,-112.7634,250.1298,-113.0305,-0.19153,-0.55969,1.99994,-140.6565,153.5725,-68.5573
374286068,-2.00000,-2.00000,-0.11914,-113.2290,250.1298,-127.3206,-0.19385,-0.53735,1.99994,-137.3588,149.2748,-67.4809
374287067,-2.00000,-1.49182,0.87976,-114.0153,250.1298,-137.4885,-0.19641,-0.51624,1.99994,-134.1679,144.8244,-66.3359
374288067,-1.61328,0.15491,1.43872,-124.7099,250.1298,-125.4427,-0.20300,-0.47754,1.99994,-128.1298,135.5267,-64.0153
374289067,-1.17896,0.20898,1.99994,-123.9084,250.1298,-107.7023,-0.20422,-0.45898,1.99994,-125.2519,130.6336,-62.8397
374290067,-0.17175,-0.71472,1.99994,-105.4809,250.1298,-103.3130,-0.20435,-0.44165,1.99994,-122.4809,125.6107,-61.6641
374291067,0.36035,-1.87427,1.99994,-102.5496,250.1298,-106.6031,-0.20471,-0.42505,1.99994,-119.8321,120.4885,-60.4580
374292067,0.06677,-2.00000,1.99994,-109.1679,250.1298,-115.7405,-0.20459,-0.40906,1.99994,-117.2748,115.1527,-59.2214
374293067,0.24390,-2.00000,1.99994,-88.9389,250.1298,-135.0840,-0.20349,-0.39355,1.99994,-114.7939,109.7405,-57.9389
374294067,0.83704,-2.00000,1.99994,-57.3359,250.1298,-156.3969,-0.20142,-0.37878,1.99994,-112.3817,104.2901,-56.6412
374295064,1.18030,-1.33618,1.99994,-43.6183,250.1298,-168.1298,-0.19885,-0.36584,1.99994,-110.0229,98.7634,-55.2901
374296069,1.52197,-0.59070,1.99994,-40.9924,207.0076,-168.4504,-0.19543,-0.35474,1.99994,-107.7252,93.1527,-53.9008
374297068,1.51855,-0.24268,1.99994,-42.3053,159.7634,-159.7481,-0.19141,-0.34424,1.99994,-105.4656,87.4580,-52.4809
374298068,0.67688,-0.49695,1.99994,-45.1908,111.9847,-148.1908,-0.18628,-0.33508,1.99994,-103.2137,81.7328,-50.9924
374299068,-0.61023,-1.82312,1.99994,-36.4427,92.5725,-146.1298,-0.17896,-0.32764,1.99994,-100.9771,76.0229,-49.4046
374300067,-0.51428,-1.02368,1.99994,-41.6107,110.5267,-155.2061,-0.17041,-0.32178,1.99994,-98.7557,70.2977,-47.7099
374301065,-0.58118,0.42224,1.99994,-49.9847,125.7023,-159.2061,-0.16113,-0.31873,1.99994,-96.4962,64.5496,-45.8931
374302069,-0.77710,1.28296,1.38733,-46.9160,135.4504,-156.4885,-0.15076,-0.31897,1.99994,-94.2137,58.7786,-43.9313
374303064,-0.74207,1.09119,0.70325,-32.3893,145.2748,-151.1832,-0.13916,-0.31970,1.99994,-91.8931,52.9847,-41.8397
374304068,-0.76453,0.12805,0.74194,-22.5725,150.1756,-145.3740,-0.12671,-0.32043,1.99994,-89.5344,47.1908,-39.6260
374305068,-1.02856,-0.97961,1.04431,-29.8702,149.7634,-138.7939,-0.11328,-0.32202,1.99994,-87.1450,41.3969,-37.2748
374306068,-1.00549,-1.50183,1.11536,-43.3130,152.8473,-135.0763,-0.09973,-0.32300,1.99994,-84.7634,35.6412,-34.7405
374307067,-0.84302,-0.88000,1.14258,-46.8779,157.6565,-136.7634,-0.08557,-0.32397,1.99994,-82.3817,29.8931,-32.0687
374308067,-0.71326,0.32336,1.75818,-45.1756,165.1221,-136.1756,-0.07019,-0.32349,1.99994,-80.0611,24.1756,-29.2672
374309067,-0.11255,0.72595,1.99994,-55.3511,182.0458,-124.4427,-0.05481,-0.32129,1.99994,-77.8626,18.4580,-26.3817
374310067,0.23303,0.01257,1.99994,-78.6031,188.1985,-108.5954,-0.04004,-0.31787,1.99994,-75.8168,12.7328,-23.4504
374311067,-0.11340,-0.94226,1.99994,-87.6565,179.3130,-105.4809,-0.02576,-0.31213,1.99994,-73.9160,7.0153,-20.4656
374312067,-0.22461,-1.70874,1.99994,-66.0611,172.9618,-119.4504,-0.01233,-0.30432,1.99994,-72.1374,1.3359,-17.4656
374313067,0.00220,-2.00000,1.99994,-41.6107,164.9313,-138.3435,0.00037,-0.29553,1.99994,-70.4962,-4.2901,-14.4351
374314068,0.48022,-2.00000,1.99994,-46.4046,155.9542,-150.8397,0.01111,-0.28516,1.99994,-69.0076,-9.8626,-11.4504
374315067,0.75378,-1.22827,1.99994,-78.6412,140.8397,-153.4656,0.01990,-0.27307,1.99994,-67.7405,-15.4122,-8.5878
374316068,0.82214,0.29419,1.99994,-106.6260,117.1221,-145.6412,0.02734,-0.25867,1.99994,-66.7023,-20.9466,-5.9008
374317067,1.05823,0.82043,1.99994,-110.7710,91.9542,-132.0763,0.03333,-0.24255,1.99994,-65.8626,-26.4580,-3.4046
374318067,0.95520,0.24377,1.99994,-109.7328,52.4275,-114.9313,0.03796,-0.22620,1.99994,-65.2061,-31.9466,-1.1069
374319067,0.67725,-0.44531,1.99994,-123.3435,16.6794,-100.6641,0.04199,-0.21216,1.99994,-64.7557,-37.3817,1.0305
374320068,0.29761,-0.32861,1.99994,-146.4427,-9.7710,-92.7176,0.04663,-0.20081,1.99994,-64.5267,-42.7863,3.0076
374321068,-0.14624,0.24927,1.99994,-157.0992,-26.9160,-90.4122,0.05249,-0.19202,1.99994,-64.4885,-48.1450,4.8168
374322067,-0.39893,0.81274,1.99994,-139.2061,-28.0916,-95.0992,0.05920,-0.18774,1.99994,-64.5649,-53.4351,6.4275
374323067,-0.62878,0.88904,1.99994,-105.5038,-23.7099,-102.0382,0.06653,-0.18738,1.99994,-64.6565,-58.6107,7.8397
374324067,-0.80554,0.43799,1.76184,-88.0534,-9.3664,-105.9847,0.07446,-0.18970,1.99994,-64.7405,-63.6794,9.0840
374325068,-0.83337,0.02380,1.05066,-92.6641,14.8931,-108.9924,0.08350,-0.19580,1.99994,-64.8015,-68.6489,10.1527
374326067,-0.74561,0.04932,1.21375,-94.8397,46.1450,-116.4351,0.09399,-0.20483,1.99994,-64.8244,-73.4962,11.0763
374327068,-0.20654,0.64136,1.99994,-83.4809,83.3588,-126.2672,0.10547,-0.21619,1.99994,-64.7863,-78.1679,11.8855
374328068,0.82458,1.24658,1.99994,-79.4122,102.1374,-124.7634,0.11768,-0.22961,1.99994,-64.6412,-82.6183,12.6260
374329068,1.00024,1.30347,1.99994,-98.0382,78.4427,-107.8092,0.13159,-0.24426,1.99994,-64.3664,-86.8702,13.3206
374330068,0.49817,0.79419,1.99994,-115.4198,38.2519,-90.1756,0.14795,-0.26050,1.99994,-63.9237,-90.9389,13.9847
374331068,0.96753,0.31665,1.99994,-120.6489,17.9313,-82.7023,0.16455,-0.27747,1.97900,-63.3359,-94.7557,14.6107
374332067,1.76306,0.36060,1.99994,-135.2137,-12.2595,-75.7023,0.18079,-0.29456,1.93872,-62.5649,-98.2977,15.2061
374333067,1.42261,1.01135,1.99994,-148.9160,-67.8092,-67.9389,0.19824,-0.31165,1.89856,-61.6031,-101.5573,15.7634
374334067,0.74646,1.73474,1.99994,-134.6031,-113.3664,-63.0534,0.21655,-0.32886,1.85718,-60.4733,-104.5344,16.3282
374335067,0.57703,1.60815,1.99994,-113.1145,-135.5115,-55.3893,0.23511,-0.34399,1.81616,-59.1985,-107.1985,16.9237
374336064,0.13818,0.68384,1.99994,-116.4427,-148.5496,-44.2824,0.25281,-0.35681,1.77612,-57.7939,-109.5344,17.5191
374337069,-0.52075,-0.21997,1.53149,-126.6260,-151.1069,-39.7710,0.27014,-0.36877,1.73608,-56.2443,-111.5725,18.0916
374338067,-0.75574,-0.16638,0.51208,-119.7405,-138.7099,-47.9466,0.28772,-0.38000,1.69580,-54.5878,-113.2824,18.6260
374339068,-0.71301,0.65002,0.27283,-103.3664,-117.8626,-59.4122,0.30383,-0.39038,1.65552,-52.8244,-114.6641,19.1374
374340068,-1.00159,1.17993,0.31909,-100.2977,-97.4656,-60.7405,0.31787,-0.40002,1.61609,-50.9771,-115.7328,19.6489
374341067,-1.27478,0.80310,0.07190,-112.9466,-75.7939,-51.6565,0.33057,-0.40942,1.57935,-49.0458,-116.4733,20.1450
374342067,-1.13257,0.01331,-0.29553,-124.2672,-55.3282,-46.0611,0.34229,-0.41858,1.54358,-47.0687,-116.9313,20.6183
374343068,-0.93359,0.01868,-0.13403,-127.7863,-36.9924,-51.5038,0.35291,-0.42749,1.50769,-44.9924,-117.1221,21.0382
374344068,-0.89417,1.28516,0.87036,-140.3740,-17.1908,-56.6260,0.36218,-0.43579,1.47217,-42.8321,-116.9771,21.4046
374345067,-0.71973,1.99994,1.99994,-178.0840,5.4198,-41.8244,0.37146,-0.44348,1.43640,-40.5954,-116.5115,21.7176
374346067,-0.09485,1.99994,1.99994,-221.6870,27.9389,-5.8015,0.37939,-0.45093,1.40027,-38.2366,-115.7863,21.9924
374347067,0.35925,1.55249,1.99994,-234.5649,31.5191,26.6870,0.38538,-0.45874,1.36450,-35.7786,-114.8168,22.1908
374348068,0.87793,0.34509,1.99994,-219.5573,22.0458,41.9847,0.39001,-0.46667,1.32849,-33.2824,-113.5878,22.3053
374349067,1.68103,0.15479,1.99994,-216.0382,10.6031,46.3817,0.39404,-0.47363,1.29150,-30.7176,-112.1145,22.3206
374350068,1.88611,1.17761,1.99994,-235.8855,-29.4809,52.0763,0.39758,-0.48010,1.25464,-28.0534,-110.4351,22.2595
374351067,1.95520,1.99994,1.99994,-250.1374,-91.3740,65.2443,0.40125,-0.48682,1.21826,-25.2977,-108.5573,22.1069
374352067,1.99994,1.62488,1.99994,-247.0534,-167.8473,76.6336,0.40491,-0.49231,1.18250,-22.4809,-106.4962,21.8626
374353067,1.39331,0.13831,1.99994,-214.5038,-250.1374,73.9313,0.40808,-0.49670,1.14734,-19.6260,-104.2595,21.5344
374354067,0.64160,-1.11902,1.99994,-185.5496,-250.1374,58.2672,0.41138,-0.50220,1.11267,-16.7176,-101.9008,21.1298
374355067,0.04651,-0.96753,1.99994,-186.0382,-250.1374,40.3740,0.41504,-0.50732,1.07898,-13.7634,-99.4275,20.6565
374356068,-0.77954,0.17749,0.79480,-201.5649,-250.1374,30.5191,0.41772,-0.51086,1.04614,-10.8092,-96.8321,20.1298
374357067,-1.39197,0.90845,-0.23633,-191.8702,-250.1374,25.4427,0.42017,-0.51453,1.01294,-7.9084,-94.1298,19.5496
374358067,-1.63208,0.64282,-0.62073,-152.2137,-220.9008,19.1832,0.42346,-0.51819,0.97937,-5.0916,-91.3588,18.8931
374359068,-1.90051,-0.46472,-2.00000,-120.2977,-192.5344,15.0382,0.42566,-0.52112,0.94678,-2.3588,-88.5878,18.1832
374360068,-2.00000,-1.44910,-2.00000,-120.1069,-169.3053,11.0534,0.42737,-0.52271,0.91650,0.2748,-85.8168,17.4351
374361067,-2.00000,-1.35913,-2.00000,-126.9542,-121.1908,-1.0534,0.42981,-0.52246,0.88745,2.7786,-83.0382,16.6718
374362067,-1.43518,-0.50146,-1.11304,-125.5267,-75.1069,-13.7786,0.43237,-0.52209,0.85803,5.1145,-80.2672,15.9389
374363067,-1.21765,0.13940,-0.49719,-136.4504,-70.4275,-12.9542,0.43408,-0.52234,0.82898,7.3130,-77.5038,15.2214
374364067,-1.36877,0.25220,-1.39551,-159.9313,-73.7023,-2.2901,0.43408,-0.52307,0.80017,9.3435,-74.7939,14.4962
374365067,-1.20581,0.37671,-0.30505,-194.5954,-52.0382,9.4656,0.43323,-0.52515,0.77124,11.1908,-72.2214,13.7939
374366067,0.07556,0.11707,1.99994,-242.2366,-12.6489,24.4885,0.43311,-0.52795,0.74316,12.8626,-69.7557,13.1374
374367067,1.11438,0.01416,1.99994,-250.1374,6.7634,29.1450,0.43323,-0.52954,0.71655,14.3588,-67.3969,12.5038
374368067,0.82239,0.72253,1.99994,-250.1374,-24.1985,24.7405,0.43250,-0.53003,0.69043,15.6489,-65.1679,11.9160
374369068,1.13831,1.49182,1.99994,-233.0382,-54.1756,21.3206,0.43127,-0.53113,0.66467,16.7863,-63.0840,11.3817
374370067,1.32935,1.74768,1.99994,-213.4580,-96.8550,26.8168,0.43018,-0.53381,0.63916,17.7634,-61.1679,10.9160
374371067,0.92065,1.35693,1.99994,-195.1985,-151.8092,30.7328,0.42969,-0.53784,0.61279,18.5802,-59.4046,10.5038
374372067,0.86609,1.51599,1.99994,-138.5649,-187.5115,16.7786,0.42859,-0.54150,0.58728,19.2366,-57.7710,10.1450
374373067,0.83838,1.99994,1.99994,-75.9313,-227.2901,3.3206,0.42664,-0.54517,0.56360,19.7634,-56.2824,9.8473
374374067,0.52747,1.88696,1.99994,-57.5038,-250.1374,6.3740,0.42407,-0.55042,0.54053,20.1603,-54.9389,9.6260
374375067,-0.12708,1.28784,0.90662,-55.2290,-250.1374,11.1832,0.42175,-0.55688,0.51770,20.4809,-53.7405,9.4580
374376068,-0.64050,0.53650,-0.30054,-29.3359,-250.1374,4.9618,0.42041,-0.56409,0.49536,20.6870,-52.7328,9.3435
374377067,-0.89270,-0.01672,-1.10303,-4.7481,-232.1832,-5.2595,0.42017,-0.57202,0.47290,20.7710,-51.9008,9.2672
374378067,-1.66724,-0.30957,-2.00000,-11.8092,-233.6565,-7.4809,0.42029,-0.57983,0.44971,20.7557,-51.2214,9.2366
374379068,-2.00000,-0.47803,-2.00000,-32.0687,-217.9008,-6.3740,0.41907,-0.58765,0.42761,20.6565,-50.6870,9.2748
374380067,-2.00000,-0.68774,-2.00000,-34.7634,-165.9618,-10.2672,0.41699,-0.59595,0.40649,20.5115,-50.2901,9.3817
374381068,-1.72327,-0.83875,-2.00000,-38.0076,-114.5420,-14.9466,0.41638,-0.60376,0.38379,20.3359,-50.0153,9.5038
374382067,-1.32996,-0.50842,-1.06384,-57.4809,-78.3893,-14.2443,0.41760,-0.61169,0.36072,20.1298,-49.8626,9.6412
374383064,-1.20886,0.50403,-1.61682,-72.6260,-49.3893,-13.1832,0.42004,-0.62000,0.33887,19.8931,-49.8321,9.8244
374384069,-1.11121,1.28052,-1.84668,-59.9084,-23.5344,-13.7634,0.42224,-0.62805,0.31848,19.6336,-49.9313,10.0382
374385068,-0.46643,0.92419,-1.28113,-16.6947,-11.1756,-21.4351,0.42395,-0.63647,0.29883,19.3359,-50.1450,10.2748
374386068,0.02698,0.24292,-0.66931,32.4656,-30.6107,-37.1221,0.42590,-0.64526,0.27893,19.0305,-50.4427,10.5038
374387068,0.08191,-0.08740,-0.39343,63.5954,-69.9542,-53.9389,0.42847,-0.65430,0.25891,18.7252,-50.8244,10.7099
374388068,0.24011,-0.00598,-0.11707,79.2061,-95.8931,-68.9084,0.43506,-0.67346,0.21863,18.1298,-51.7634,11.1679
374389068,0.12244,0.14600,-0.15808,93.9542,-114.2672,-80.1221,0.43933,-0.68140,0.19812,17.8168,-52.2824,11.3969
374390067,-0.26855,0.28625,-0.60254,116.5496,-123.8168,-88.9466,0.44470,-0.68921,0.17859,17.4885,-52.8550,11.6107
374391068,-0.44409,0.67993,-0.52112,130.6183,-111.7023,-92.4046,0.45020,-0.69678,0.15918,17.1450,-53.4656,11.8473
374392068,-0.66187,1.09680,-0.73950,110.0458,-93.0916,-81.7710,0.45471,-0.70288,0.13928,16.7939,-54.0687,12.0687
374393068,-0.90344,1.18677,-1.37048,64.7786,-67.0000,-60.4427,0.45850,-0.70752,0.12012,16.4351,-54.6489,12.2519
374394068,-0.69568,1.09021,-1.24597,40.3130,-37.5267,-45.2824,0.46191,-0.71143,0.10217,16.0153,-55.2672,12.4198
374395067,-0.38159,1.25793,-0.70264,45.1145,-23.5649,-41.1298,0.46619,-0.71570,0.08545,15.5344,-55.8931,12.5725
374396067,-0.38525,1.59900,-0.95752,48.9847,-32.0382,-37.3817,0.47095,-0.72009,0.06897,15.0153,-56.4656,12.7176
374397067,-0.44971,1.69763,-1.60498,45.7710,-44.9008,-31.4275,0.47437,-0.72351,0.05139,14.4580,-57.0229,12.8321
374398068,-0.29968,1.49231,-1.19006,53.5038,-48.9618,-29.2137,0.47693,-0.72681,0.03430,13.8626,-57.5725,12.9237
374399067,-0.14612,1.15808,-0.28540,74.8931,-53.0840,-32.5649,0.48010,-0.72974,0.01953,13.2290,-58.1527,13.0000
374400067,-0.19897,0.84375,-0.17468,96.5954,-56.9542,-37.8015,0.48413,-0.73169,0.00464,12.4962,-58.6947,13.0916
374401068,-0.40454,0.61951,-0.61450,111.0076,-50.7786,-41.5802,0.48877,-0.73462,-0.01184,11.6947,-59.2061,13.1679
374402067,-0.60913,0.56873,-0.60229,113.0763,-29.8244,-42.3282,0.49341,-0.73901,-0.02832,10.8473,-59.6870,13.2061
374403067,-0.49890,0.45032,-0.12207,102.3588,0.4275,-38.9389,0.49780,-0.74365,-0.04382,9.9313,-60.1298,13.2290
374404067,-0.42090,0.27820,-0.02795,88.2137,17.6870,-34.5496,0.50122,-0.74890,-0.05774,8.9618,-60.5573,13.2595
374405067,-0.44495,0.48511,0.12610,82.5649,26.6794,-34.2519,0.50330,-0.75488,-0.07251,7.9771,-60.9695,13.2672
374406067,-0.10913,1.04443,0.89197,80.2137,33.3206,-34.9389,0.50476,-0.76123,-0.08740,7.0000,-61.3282,13.2443
374407068,0.39050,1.40564,1.60901,64.9389,29.5496,-27.4809,0.50696,-0.76770,-0.10156,6.0153,-61.6412,13.2290
374408067,0.71130,1.38501,1.99994,48.0916,12.8855,-16.4504,0.50903,-0.77356,-0.11609,5.0458,-61.9237,13.2137
374409068,0.79578,1.20251,1.99994,51.8168,-13.1069,-10.1603,0.51086,-0.77893,-0.13086,4.0992,-62.1679,13.2137
374410067,0.81677,0.78760,1.99994,68.8244,-41.0153,-7.5038,0.51306,-0.78394,-0.14551,3.1985,-62.3740,13.1985
374411067,0.65100,0.46277,1.99994,80.6260,-64.9160,-6.7252,0.51514,-0.78784,-0.15955,2.3130,-62.5115,13.1908
374412067,0.38220,0.57776,1.81653,85.2672,-76.8321,-6.4809,0.51636,-0.79150,-0.17236,1.4275,-62.5725,13.1374
374413068,0.21545,0.93250,1.54541,86.3664,-80.8779,-4.0687,0.51770,-0.79529,-0.18506,0.5573,-62.5802,13.0840
374414068,0.00684,1.05481,0.97937,88.6031,-85.6260,0.3130,0.51965,-0.79858,-0.19629,-0.2824,-62.5878,13.0382
374415068,-0.16858,0.63611,0.48511,94.4580,-84.5802,3.6260,0.52148,-0.80164,-0.20679,-1.0840,-62.5344,13.0229
374416067,-0.26257,-0.00647,0.21912,92.3511,-77.6947,5.1145,0.52319,-0.80408,-0.21729,-1.8626,-62.4122,13.0076
374417067,-0.42126,-0.41943,-0.34705,67.1679,-71.4962,8.5802,0.52417,-0.80640,-0.22681,-2.6031,-62.2290,12.9771
374418068,-0.68164,-0.43286,-0.92383,28.6260,-63.3817,14.3511,0.52478,-0.80933,-0.23633,-3.3282,-61.9847,12.9313
374419067,-0.64893,-0.15869,-0.85730,4.9084,-50.2519,17.8473,0.52576,-0.81250,-0.24500,-4.0229,-61.6870,12.8397
374420068,-0.31567,0.18164,-0.18420,1.9695,-35.7252,18.6870,0.52649,-0.81702,-0.25244,-4.6870,-61.3359,12.7634
374421067,-0.17542,0.53601,0.14893,-1.6260,-30.4962,22.7557,0.52686,-0.82178,-0.25806,-5.3130,-60.9313,12.7099
374422067,-0.10901,1.06030,-0.00928,-16.3969,-25.7099,31.2061,0.52820,-0.82605,-0.26367,-5.8931,-60.4580,12.6870
374423065,0.02185,1.54736,0.07361,-28.8015,-18.0076,40.5191,0.53125,-0.83130,-0.26929,-6.4198,-59.9160,12.6565
374424069,0.02771,1.08154,0.23218,2.2519,-27.4580,46.5725,0.53516,-0.83728,-0.27380,-6.8855,-59.2824,12.5878
374425068,0.02185,0.89062,0.34961,35.0916,-38.8626,40.3130,0.53882,-0.84412,-0.27869,-7.2824,-58.5420,12.4962
374426068,-0.15613,1.03638,0.14099,56.4885,-50.9237,35.1527,0.54309,-0.85156,-0.28271,-7.6031,-57.7176,12.4122
374427067,-0.15186,0.99988,-0.20447,66.6489,-53.9924,34.5725,0.54846,-0.85876,-0.28601,-7.8244,-56.7939,12.2901
374428067,-0.11853,0.66418,0.23035,75.6947,-49.9466,34.7481,0.55359,-0.86646,-0.28979,-7.9466,-55.7557,12.1603
374429067,0.01746,0.31165,0.93811,78.8779,-44.0840,34.6870,0.55847,-0.87549,-0.29346,-7.9618,-54.6336,12.0229
374430067,0.34326,0.11353,0.96802,67.9237,-37.3893,36.4122,0.56384,-0.88611,-0.29626,-7.8626,-53.4198,11.8626
374431068,0.07776,0.13062,0.15942,51.4885,-44.9160,39.6794,0.56934,-0.89734,-0.29919,-7.6489,-52.1145,11.6489
374432068,0.03979,0.27502,-0.07068,36.3359,-41.6031,44.3511,0.57446,-0.90833,-0.30200,-7.3130,-50.6947,11.3740
374433068,0.40881,0.42090,0.83655,13.6031,-36.5878,54.4427,0.58032,-0.91882,-0.30432,-6.8473,-49.1527,11.0687
374434067,0.21790,0.33752,1.03564,-5.7710,-49.1145,66.5878,0.58667,-0.92920,-0.30750,-6.2519,-47.5038,10.7099
374435067,0.13489,0.28284,1.05310,-0.1450,-50.7099,69.9237,0.59155,-0.93933,-0.31165,-5.5573,-45.7710,10.2977
374436067,0.36572,0.58276,1.40417,15.2824,-49.3664,69.3817,0.59595,-0.94873,-0.31494,-4.7557,-43.9695,9.8168
374437068,0.22205,0.90491,1.20679,8.3969,-56.3282,76.8397,0.60144,-0.95886,-0.31775,-3.8244,-42.0611,9.2672
374438068,0.11548,0.89844,0.82581,-11.8931,-60.2672,89.4962,0.60669,-0.96899,-0.32092,-2.8092,-40.0382,8.6565
374439068,0.31946,0.71960,1.02002,-18.2519,-63.0382,97.2901,0.61121,-0.97839,-0.32458,-1.6947,-37.9237,7.9924
374440068,0.41211,0.57959,1.32349,-13.4504,-74.6794,100.6412,0.61487,-0.98779,-0.32886,-0.4962,-35.7023,7.2824
374441068,0.30688,0.49109,1.12524,-14.3206,-87.3588,104.2519,0.61804,-0.99683,-0.33362,0.7939,-33.3969,6.5115
374442068,-0.05286,0.60022,0.86279,-23.0687,-94.3282,109.6412,0.62024,-1.00439,-0.33740,2.1832,-31.0153,5.6870
374443067,0.02759,0.78894,0.90417,-33.1145,-87.7023,116.4962,0.62231,-1.01001,-0.34009,3.6260,-28.5649,4.8015
374444065,0.36060,0.89453,1.27002,-40.9466,-79.0992,124.1527,0.62500,-1.01428,-0.34424,5.0916,-26.0305,3.8931
374445069,0.04614,0.69055,0.93921,-39.2443,-90.5496,132.4046,0.62671,-1.01770,-0.34912,6.5878,-23.4198,2.9313
374446068,-0.31042,-0.05518,0.33386,-26.9847,-100.1985,138.3130,0.62842,-1.02014,-0.35449,8.0763,-20.7634,1.9237
374447067,-0.39587,-1.18616,0.06616,-19.9466,-107.6641,141.6641,0.62964,-1.02039,-0.36072,9.5420,-18.0305,0.8931
374448067,-0.45532,-1.73535,-0.16882,-32.9618,-110.9160,140.7481,0.63025,-1.02026,-0.36536,10.9542,-15.2595,-0.1145
374449067,-0.52026,-1.01038,-0.00110,-53.1985,-107.4580,137.3435,0.62976,-1.02002,-0.36719,12.3130,-12.4809,-1.0916
374450067,-0.60913,-0.03088,0.06885,-62.7099,-106.9084,137.5038,0.62927,-1.01929,-0.36914,13.6031,-9.6947,-2.0458
374451067,-0.58350,-0.06750,-0.13257,-68.4885,-107.8855,146.4885,0.62903,-1.01880,-0.37183,14.8321,-6.8931,-2.9542
374452067,-0.64563,-0.82654,-0.60352,-83.1908,-111.6183,157.0076,0.62671,-1.01831,-0.37512,15.9695,-4.0916,-3.8550
374453067,-0.78796,-1.37427,-1.17578,-101.5649,-109.7786,160.8855,0.62317,-1.01746,-0.37915,17.0153,-1.2977,-4.7252
374454067,-0.86865,-1.59290,-1.74500,-104.7252,-109.9847,155.8397,0.62000,-1.01611,-0.38269,17.9313,1.4427,-5.5954
374455067,-1.01562,-1.43420,-2.00000,-74.1985,-118.6947,139.6031,0.61694,-1.01453,-0.38562,18.7023,4.0763,-6.4122
374456067,-1.27832,-0.84875,-2.00000,-25.5267,-126.6718,119.3359,0.61487,-1.01355,-0.38818,19.3206,6.6031,-7.1908
374457068,-1.48865,-0.47412,-2.00000,-3.5038,-125.2977,111.1298,0.61279,-1.01245,-0.39087,19.7786,9.0458,-7.9160
374458067,-1.47327,-0.87866,-2.00000,-7.0611,-107.0076,112.6870,0.60889,-1.00989,-0.39355,20.0992,11.4122,-8.5725
374459067,-1.51392,-1.67249,-2.00000,7.1298,-86.9008,106.0458,0.60449,-1.00757,-0.39587,20.2672,13.6641,-9.1069
374460067,-1.69141,-2.00000,-2.00000,47.0305,-71.4885,86.9542,0.60034,-1.00671,-0.39685,20.2748,15.7634,-9.5573
374461068,-1.84973,-2.00000,-2.00000,72.6183,-58.5725,70.8931,0.59583,-1.00671,-0.39673,20.1908,17.7481,-9.9389
374462068,-1.95630,-2.00000,-2.00000,57.3740,-40.0458,68.6412,0.59106,-1.00818,-0.39612,20.0382,19.6336,-10.2443
374463068,-1.85352,-1.75757,-2.00000,20.7786,-15.3740,73.8092,0.58643,-1.00989,-0.39490,19.8168,21.3817,-10.4885
374464067,-1.40356,-1.21069,-2.00000,4.2443,6.0229,75.3969,0.58289,-1.01221,-0.39319,19.5496,22.9618,-10.6718
374465068,-1.05029,-0.87415,-2.00000,21.2137,12.5496,72.3893,0.58057,-1.01562,-0.39258,19.2519,24.3969,-10.7786
374466068,-1.08936,-1.04736,-2.00000,49.1603,9.2366,68.6718,0.57825,-1.01990,-0.39111,18.9313,25.7405,-10.7939
374467067,-1.03479,-1.55688,-2.00000,60.6870,16.5725,66.7710,0.57629,-1.02441,-0.38770,18.5954,26.9847,-10.7557
374468068,-0.79639,-2.00000,-2.00000,56.1756,28.3511,64.1832,0.57361,-1.02844,-0.38330,18.2595,28.0840,-10.6947
374469068,-0.71375,-2.00000,-2.00000,60.7176,31.3130,55.2214,0.56995,-1.03162,-0.37744,17.9237,29.0687,-10.5725
374470068,-0.70471,-1.78235,-2.00000,92.5038,27.8015,39.0229,0.56604,-1.03345,-0.37109,17.6107,29.9618,-10.3664
374471067,-0.69995,-1.52441,-1.86340,130.2748,24.5191,23.9924,0.56262,-1.03491,-0.36365,17.3130,30.7328,-10.0763
374472068,-0.67322,-1.55249,-1.58594,138.3588,28.3969,19.9466,0.55957,-1.03625,-0.35425,17.0000,31.4046,-9.7252
374473067,-0.60974,-1.81482,-1.34741,114.2519,39.7481,25.3817,0.55603,-1.03809,-0.34521,16.6718,31.9847,-9.3282
374474067,-0.55408,-2.00000,-1.03760,87.0229,54.6870,30.2061,0.55200,-1.03906,-0.33801,16.3359,32.4656,-8.9160
374475067,-0.42017,-1.96350,-0.59290,77.6489,66.9695,29.0916,0.54761,-1.03857,-0.33154,15.9771,32.8550,-8.4656
374476067,-0.32898,-1.55310,-0.35181,76.8779,72.2595,26.5267,0.54309,-1.03723,-0.32520,15.5878,33.1450,-7.9466
374477065,-0.15625,-0.70630,-0.76184,66.5725,69.4275,28.3359,0.53809,-1.03540,-0.31763,15.1450,33.3130,-7.3359
374478065,0.10205,0.28967,-1.03174,61.9542,60.8550,32.9084,0.53259,-1.03308,-0.30933,14.6336,33.3893,-6.6947
374479065,0.16785,0.58838,-0.82031,102.3282,39.2519,30.1374,0.52515,-1.03076,-0.30139,14.0382,33.3740,-6.0229
374480064,-0.11377,-0.24756,-0.93103,175.7405,7.0611,20.1527,0.51746,-1.02844,-0.29419,13.3435,33.2366,-5.3435
374481065,-0.55835,-1.92188,-1.64856,215.1450,-19.5954,16.3359,0.51135,-1.02588,-0.28589,12.5496,32.9695,-4.6336
374482065,-1.20898,-2.00000,-2.00000,209.2290,-25.7863,14.7863,0.50537,-1.02295,-0.27625,11.6641,32.5725,-3.8702
374483065,-1.80164,-2.00000,-2.00000,197.9084,-4.5573,5.6565,0.49890,-1.02026,-0.26660,10.7023,32.0534,-3.0840
374484069,-1.81152,-2.00000,-2.00000,207.1603,33.8321,-11.0153,0.49304,-1.01782,-0.25818,9.6947,31.4198,-2.3053
374485068,-1.78796,-2.00000,-2.00000,218.9008,65.8244,-25.2061,0.48840,-1.01501,-0.25110,8.6412,30.6718,-1.5802
374486067,-1.72253,-2.00000,-2.00000,198.5496,98.1756,-24.3893,0.48450,-1.01221,-0.24353,7.5573,29.7863,-0.8779
374487068,-1.54102,-2.00000,-2.00000,139.7252,136.1450,-12.6947,0.48120,-1.01074,-0.23401,6.4122,28.7557,-0.2061
374488068,-1.28760,-2.00000,-1.55591,88.2595,168.5649,-6.2977,0.47839,-1.01001,-0.22449,5.2290,27.6336,0.4656
374489068,-0.81262,-2.00000,-0.40247,77.3740,188.9771,-14.0229,0.47583,-1.01001,-0.20569,2.7786,25.1450,1.6107
374490068,-0.25281,-2.00000,0.34521,84.8473,182.3053,-26.2061,0.47668,-1.01135,-0.19666,1.5267,23.7939,2.0916
374491067,0.28638,-1.15125,0.33801,82.5802,157.9008,-29.2443,0.47815,-1.01331,-0.18872,0.2977,22.3893,2.5420
374492068,0.47241,0.08826,0.65710,75.9542,129.5802,-19.2366,0.48010,-1.01562,-0.18152,-0.9466,20.9160,2.9695
374493067,0.55090,-0.16333,1.27722,79.7786,101.3053,-2.6870,0.48242,-1.01831,-0.17432,-2.1756,19.4198,3.3740
374494068,0.68750,-1.24182,1.98816,97.9466,81.1221,5.9771,0.48523,-1.02087,-0.16809,-3.3817,17.9084,3.7176
374495067,0.35095,-1.84680,1.98914,119.5802,62.2672,3.9771,0.48865,-1.02368,-0.16321,-4.5496,16.3588,3.9924
374496067,-0.08337,-1.82654,1.03125,126.8550,55.6947,0.4656,0.49207,-1.02783,-0.15881,-5.6336,14.8244,4.2290
374497068,-0.19946,-1.73157,0.50598,118.6870,66.1069,0.9313,0.49622,-1.03271,-0.15344,-6.6336,13.3130,4.4046
374498068,-0.30347,-1.88770,0.66223,105.4656,73.9542,3.2824,0.50146,-1.03662,-0.14746,-7.5649,11.8397,4.5038
374499068,-0.14734,-2.00000,1.16870,93.3817,80.7863,4.0000,0.50684,-1.04053,-0.14294,-8.4046,10.3817,4.4885
374500068,0.09680,-2.00000,1.52014,81.7328,80.0992,2.4733,0.51221,-1.04504,-0.13892,-9.1374,8.9924,4.4046
374501068,0.09338,-2.00000,1.28577,70.6107,71.1145,-1.1908,0.51758,-1.04907,-0.13586,-9.7863,7.6870,4.2824
374502067,0.25720,-2.00000,1.36621,62.0840,65.7557,-7.1985,0.52295,-1.05212,-0.13428,-10.3511,6.4504,4.1221
374503068,0.56140,-2.00000,1.62292,56.6260,53.9237,-13.3435,0.52734,-1.05518,-0.13196,-10.8397,5.2443,3.8931
374504067,0.68359,-1.51343,1.37927,52.2977,33.5878,-15.8855,0.53101,-1.05811,-0.12866,-11.2595,4.1069,3.5725
374505067,0.52319,-0.84937,1.03833,55.9237,9.9618,-13.3130,0.53394,-1.06030,-0.12500,-11.6260,3.0916,3.1908
374506067,0.27332,-1.08972,0.89209,69.9313,-9.3359,-8.1756,0.53613,-1.06104,-0.12134,-11.9847,2.1450,2.7710
374507067,0.06934,-1.87720,0.73938,75.9771,-18.1832,-3.3130,0.53809,-1.06165,-0.11804,-12.3130,1.2595,2.3511
374508067,-0.25854,-2.00000,0.17920,67.3588,-19.9695,-1.9466,0.53931,-1.06238,-0.11621,-12.5802,0.4580,1.8779
374509068,-0.57544,-1.54431,-0.44006,58.8779,-12.6183,-3.0076,0.53955,-1.06201,-0.11560,-12.8168,-0.2519,1.3282
374510067,-0.63489,-1.02295,-0.52466,52.5038,0.4427,1.2137,0.54004,-1.06128,-0.11401,-13.0458,-0.8855,0.7252
374511068,-0.62781,-1.13013,-0.52014,38.6107,6.6565,12.2443,0.54077,-1.06165,-0.11292,-13.2901,-1.4504,0.0687
374512068,-0.76501,-1.56506,-0.90771,18.7328,6.6947,23.6260,0.54175,-1.06274,-0.11304,-13.5420,-1.9618,-0.6412
374513067,-0.82922,-1.99622,-1.23486,0.5573,8.9542,29.8702,0.54321,-1.06238,-0.11353,-13.8015,-2.3817,-1.3588
374514067,-0.66479,-2.00000,-1.10120,-13.2443,13.0840,31.3206,0.54480,-1.06177,-0.11450,-14.0458,-2.7176,-2.0687
374515067,-0.40894,-2.00000,-0.81299,-20.8702,14.7252,29.6489,0.54651,-1.06287,-0.11560,-14.2519,-2.9924,-2.8168
374516067,-0.35693,-2.00000,-0.67419,-22.0229,13.3511,24.0992,0.54749,-1.06494,-0.11658,-14.4198,-3.2519,-3.5802
374517067,-0.52881,-2.00000,-0.64648,-18.6794,14.6870,17.3664,0.54846,-1.06775,-0.11902,-14.5649,-3.4198,-4.3206
374518068,-0.57825,-1.85376,-0.60645,-13.5573,23.5802,13.0534,0.55054,-1.07178,-0.12158,-14.6870,-3.4885,-5.0534
374519068,-0.58997,-2.00000,-0.52466,-7.6412,33.0153,9.3359,0.55371,-1.07617,-0.12354,-14.7252,-3.4580,-5.7939
374520068,-0.63452,-2.00000,-0.50818,-0.8626,39.7634,3.0611,0.55737,-1.08020,-0.12646,-14.6641,-3.3359,-6.5496
374521067,-0.52942,-2.00000,-0.41077,2.7939,47.8397,-3.7786,0.56140,-1.08386,-0.12976,-14.5191,-3.1221,-7.2672
374522067,-0.45752,-1.72314,-0.15503,-2.8931,52.0153,-5.7405,0.56580,-1.08789,-0.13220,-14.3053,-2.8244,-7.9466
374523068,-0.40515,-1.44067,0.17505,-15.8321,53.0534,-0.9542,0.57056,-1.09180,-0.13452,-13.9924,-2.4809,-8.5954
374524067,-0.26599,-1.38232,0.49927,-30.4580,49.8779,8.7328,0.57495,-1.09473,-0.13831,-13.5725,-2.0687,-9.1985
374525067,-0.15845,-1.55286,0.75244,-46.5649,42.0534,20.1450,0.57837,-1.09802,-0.14368,-13.0687,-1.5496,-9.7557
374526067,0.00146,-1.83447,1.08582,-62.5725,35.8244,29.8626,0.58081,-1.10120,-0.14807,-12.4885,-0.9313,-10.2748
374527067,0.11414,-2.00000,1.32129,-74.6489,27.6947,35.4046,0.58301,-1.10278,-0.15100,-11.8397,-0.2519,-10.7405
374528067,0.11938,-1.99438,1.37109,-80.0076,16.3359,36.6183,0.58508,-1.10315,-0.15222,-11.1374,0.4809,-11.1450
374529067,0.20532,-2.00000,1.54895,-75.9237,7.3435,34.2443,0.58716,-1.10266,-0.15234,-10.4198,1.2672,-11.4962
374530067,0.24805,-2.00000,1.76538,-65.8015,-1.2290,29.1374,0.58801,-1.10193,-0.15247,-9.7252,2.0840,-11.8397
374531068,0.10681,-2.00000,1.60510,-57.5496,-11.5878,20.6565,0.58777,-1.09973,-0.15344,-9.0534,2.8397,-12.1374
374532068,-0.05420,-2.00000,1.19104,-51.2977,-19.5115,9.0992,0.58728,-1.09424,-0.15576,-8.4351,3.5573,-12.3969
374533068,-0.14551,-1.92603,0.87341,-45.5344,-26.2748,-0.1145,0.58508,-1.08704,-0.15808,-7.9084,4.2672,-12.6183
374534068,-0.19080,-1.88867,0.81042,-45.0534,-32.4733,-1.6336,0.58130,-1.08032,-0.15991,-7.4733,4.9771,-12.7786
374535068,-0.22095,-2.00000,0.81885,-51.2977,-39.3130,1.8779,0.57715,-1.07361,-0.16138,-7.1374,5.6565,-12.9237
374536068,-0.31873,-2.00000,0.63794,-60.6412,-45.3511,4.8779,0.57239,-1.06592,-0.16260,-6.8931,6.2748,-13.1069
374537068,-0.44958,-2.00000,0.43762,-71.5573,-46.6641,6.6718,0.56738,-1.05701,-0.16296,-6.7710,6.8321,-13.3053
374538068,-0.52283,-1.79443,0.30750,-83.7863,-43.7099,10.0305,0.56201,-1.04749,-0.16260,-6.7481,7.3282,-13.4580
374539067,-0.60010,-1.46667,0.11865,-93.5802,-42.9618,16.0305,0.55627,-1.03882,-0.16174,-6.8702,7.7328,-13.5954
374540067,-0.70239,-1.41614,-0.08801,-94.9084,-45.6489,20.6947,0.55042,-1.03125,-0.16077,-7.1374,8.0611,-13.7099
374541068,-0.72131,-1.61755,-0.20825,-84.3664,-48.9924,19.5954,0.54382,-1.02478,-0.15991,-7.4733,8.3282,-13.8550
374542068,-0.75842,-2.00000,-0.43127,-66.8702,-54.3511,13.7176,0.53723,-1.01941,-0.15906,-7.8550,8.5344,-14.0382
374543068,-0.85950,-2.00000,-0.68530,-53.8550,-57.8321,5.8168,0.53186,-1.01404,-0.15784,-8.2901,8.6641,-14.2290
374544068,-0.97607,-2.00000,-0.85034,-51.3206,-57.7863,-4.3053,0.52771,-1.00891,-0.15662,-8.7786,8.7405,-14.4046
374545068,-1.06799,-2.00000,-1.04211,-55.4198,-52.5649,-14.8321,0.52319,-1.00488,-0.15552,-9.2595,8.7634,-14.6031
374546068,-1.12671,-2.00000,-1.20947,-56.7328,-45.5038,-20.9466,0.51880,-1.00208,-0.15259,-9.7099,8.7634,-14.8473
374547068,-1.20667,-2.00000,-1.35034,-54.9084,-41.0076,-20.7328,0.51526,-0.99988,-0.14795,-10.1756,8.7557,-15.1069
374548067,-1.15649,-2.00000,-1.36096,-58.1908,-34.8626,-18.3588,0.51306,-0.99756,-0.14270,-10.6183,8.7328,-15.3664
374549068,-0.91931,-2.00000,-0.95410,-69.3282,-21.0153,-20.7176,0.51099,-0.99487,-0.13647,-10.9847,8.7023,-15.6412
374550067,-0.65479,-2.00000,-0.48499,-79.9924,-6.7634,-28.4580,0.50818,-0.99304,-0.12927,-11.2901,8.6794,-15.9389
374551068,-0.91956,-0.38745,-1.94324,-53.1069,-26.6107,-42.9389,0.50562,-0.99231,-0.12244,-11.5267,8.7023,-16.2443
374552067,-1.06665,-0.34119,-2.00000,-19.8550,-43.1985,-44.7252,0.50403,-0.99194,-0.11462,-11.6947,8.7710,-16.5649
374553067,-1.00793,-1.07825,-1.88647,-12.5115,-50.8092,-40.7099,0.50256,-0.99146,-0.10400,-11.8015,8.8855,-16.8931
374554067,-1.07373,-1.61841,-1.79370,-28.6031,-52.0534,-36.7099,0.50183,-0.99036,-0.09387,-11.8702,9.0458,-17.1985
374555067,-1.31897,-1.33459,-1.95764,-30.5420,-45.7252,-39.9542,0.50134,-0.98962,-0.08362,-11.8855,9.2595,-17.4733
374556067,-1.40796,-0.68677,-1.95972,-11.7939,-30.4046,-44.3893,0.50122,-0.98962,-0.07166,-11.8168,9.5191,-17.7099
374557067,-1.48267,-0.49646,-2.00000,-4.4275,-14.8397,-39.1069,0.50159,-0.98962,-0.05908,-11.6565,9.8244,-17.9389
374558067,-1.72168,-0.95935,-2.00000,-21.5191,1.3130,-25.8779,0.50000,-0.98767,-0.04675,-11.4351,10.2137,-18.1450
374559067,-1.76599,-1.59766,-2.00000,-42.0763,23.4122,-16.7710,0.49707,-0.98352,-0.03503,-11.1908,10.6412,-18.3511
374560067,-1.51904,-1.96997,-2.00000,-48.3511,43.0229,-18.1069,0.49512,-0.97815,-0.02344,-10.9466,11.0840,-18.5344
374561068,-1.33789,-2.00000,-1.53662,-43.4962,52.7481,-25.3435,0.49292,-0.97253,-0.01221,-10.7099,11.5191,-18.6870
374562068,-1.19739,-1.88733,-0.89417,-37.3435,58.9313,-31.5573,0.48987,-0.96704,-0.00049,-10.5344,11.9771,-18.7786
374563068,-0.94226,-1.74170,-0.29639,-38.8550,64.0229,-32.6718,0.48621,-0.96130,0.01172,-10.3740,12.4733,-18.8321
374564068,-0.72021,-1.73450,-0.00818,-48.7634,64.2824,-30.3282,0.48279,-0.95569,0.02380,-10.2137,12.9771,-18.8779
374565067,-0.62561,-1.72534,0.07898,-49.9466,57.9771,-31.6412,0.48010,-0.94934,0.03662,-10.0534,13.4656,-18.8931
374566067,-0.53210,-1.62622,0.13940,-30.0611,44.5649,-39.3282,0.47717,-0.94214,0.04980,-9.8855,14.0229,-18.8550
374567067,-0.41431,-1.58691,0.17126,-9.0534,26.7405,-46.5038,0.47449,-0.93396,0.06348,-9.7023,14.6336,-18.7710
374568067,-0.42957,-1.55115,0.16431,-9.9008,9.6947,-47.7405,0.47253,-0.92554,0.08008,-9.4962,15.2901,-18.6641
374569068,-0.54626,-1.34692,0.07898,-24.0916,0.1221,-45.4733,0.46973,-0.91663,0.09741,-9.3282,15.9695,-18.5649
374570067,-0.66113,-1.01062,-0.01440,-30.5573,-1.5191,-44.5802,0.46692,-0.90649,0.11438,-9.2672,16.6641,-18.4809
374571068,-0.84851,-0.81799,-0.12683,-23.1221,-1.2137,-44.5802,0.46472,-0.89612,0.13184,-9.3282,17.3435,-18.3817
374572067,-1.04529,-1.14355,-0.54822,-14.7328,-0.3511,-40.6412,0.46167,-0.88513,0.15088,-9.4809,18.0382,-18.2748
374573067,-1.14355,-1.74915,-1.27026,-21.4046,4.9847,-33.7786,0.45850,-0.87415,0.17175,-9.6794,18.7634,-18.1603
374574067,-1.27356,-1.82190,-1.68494,-35.5267,14.0534,-31.8015,0.45532,-0.86401,0.19287,-9.9160,19.5191,-18.0687
374575067,-1.23608,-1.27417,-1.62158,-33.3664,24.4962,-36.7328,0.45203,-0.85413,0.21606,-10.2214,20.2672,-17.9847
374576067,-1.19983,-0.86816,-1.68054,-16.5573,24.3817,-40.2824,0.44861,-0.84351,0.24158,-10.6183,21.0153,-17.8855
374577067,-1.42773,-1.19128,-2.00000,-9.2901,16.0305,-36.5802,0.44543,-0.83337,0.26685,-11.0687,21.7634,-17.7481
374578067,-1.53467,-1.96277,-2.00000,-15.0153,20.6641,-33.3435,0.44263,-0.82446,0.29199,-11.5573,22.4885,-17.6031
374579068,-1.41968,-2.00000,-1.78076,-22.1298,39.9313,-39.1756,0.44031,-0.81714,0.31787,-12.0763,23.1908,-17.4962
374580067,-1.19678,-2.00000,-1.11914,-22.1374,63.0840,-52.5191,0.43860,-0.81152,0.34338,-12.6412,23.8779,-17.3893
374581068,-1.19397,-1.17505,-1.16455,-13.9771,75.7099,-63.5802,0.43628,-0.80774,0.36865,-13.1985,24.5649,-17.2977
374582068,-1.28345,-0.63257,-1.47290,-4.3893,83.3817,-65.0916,0.43359,-0.80603,0.39368,-13.6718,25.2443,-17.2137
374583068,-1.06775,-0.88196,-1.07739,-5.8168,95.3206,-58.8931,0.43164,-0.80566,0.41736,-14.0229,25.9542,-17.1756
374584067,-0.85767,-1.53870,-0.51367,-16.4427,99.2977,-52.1298,0.43018,-0.80615,0.44141,-14.2443,26.6947,-17.1603
374585067,-0.75146,-1.81836,-0.41174,-19.8015,91.8092,-51.3664,0.42847,-0.80737,0.46643,-14.3359,27.4198,-17.1832
374586067,-0.59290,-1.33447,-0.19470,-8.0382,80.0382,-55.8321,0.42700,-0.80884,0.49060,-14.2214,28.1298,-17.2519
374587065,-0.46411,-0.64160,0.17957,5.0916,67.1908,-56.6412,0.42615,-0.81018,0.51477,-13.9008,28.8321,-17.3511
374588069,-0.45276,-0.52747,0.25244,2.6947,56.5115,-48.0687,0.42688,-0.81079,0.53992,-13.4198,29.4885,-17.4504
374589068,-0.57019,-1.09583,0.04590,-10.3664,47.9237,-37.0916,0.42822,-0.81067,0.56555,-12.7634,30.1221,-17.5573
374590068,-0.73914,-1.73230,-0.14197,-13.2443,44.2672,-36.7252,0.42883,-0.80652,0.61670,-11.0916,31.3893,-17.7710
374591067,-0.90369,-1.84033,-0.44153,-4.2214,44.8397,-48.3664,0.42969,-0.80334,0.64294,-10.0916,31.9771,-17.8702
374592067,-1.03540,-1.37598,-0.88440,3.0992,49.7176,-62.1374,0.43018,-0.79980,0.66980,-8.9847,32.5344,-17.9542
374593067,-1.04944,-0.68542,-0.94055,3.4122,60.7863,-69.8015,0.42969,-0.79456,0.69519,-7.7710,33.0534,-18.0382
374594067,-0.86804,-0.25647,-0.51917,-0.8626,75.6183,-68.8779,0.42969,-0.78784,0.72021,-6.5038,33.5344,-18.0992
374595067,-0.79822,-0.34888,-0.17993,-7.6183,86.8779,-62.6565,0.42908,-0.78113,0.74573,-5.1908,33.9771,-18.1603
374596067,-0.92615,-0.76123,-0.18848,-9.3359,97.0000,-57.7634,0.42737,-0.77417,0.77063,-3.8473,34.3359,-18.1908
374597065,-0.85291,-0.78308,0.02197,-7.1756,111.5344,-57.4122,0.42627,-0.76636,0.79492,-2.4809,34.6031,-18.1985
374598068,-0.56311,-0.00098,0.80774,-12.6870,125.5344,-54.8092,0.42517,-0.75745,0.81860,-1.0763,34.7863,-18.2137
374599068,-0.40771,0.93347,1.13489,-27.0229,122.7939,-42.9924,0.42383,-0.74707,0.84290,0.3206,34.8779,-18.2366
374600068,-0.33142,0.91504,0.45068,-35.5573,102.3282,-22.6641,0.42249,-0.73572,0.86975,1.7176,34.9008,-18.2519
374601068,-0.38855,-0.36072,0.33008,-19.7405,76.1756,-7.7557,0.42090,-0.72449,0.89587,3.0763,34.8855,-18.2290
374602068,-0.48877,-2.00000,0.38501,18.5878,46.0534,-10.0840,0.41821,-0.71423,0.92432,4.4198,34.8779,-18.2290
374603067,-0.66772,-2.00000,-0.01001,51.4580,30.0763,-27.7252,0.41467,-0.70251,0.95581,5.6412,34.7405,-18.2672
374604067,-1.39197,-2.00000,-0.97083,54.5649,17.2137,-44.7023,0.41187,-0.68909,0.98450,6.7481,34.4351,-18.2366
374605067,-1.62207,-2.00000,-1.82092,41.1985,31.3359,-53.4809,0.40881,-0.67664,1.01196,7.7710,33.9924,-18.1603
374606067,-1.48657,-1.97925,-1.38892,37.0000,59.7786,-62.6107,0.40515,-0.66394,1.04004,8.7023,33.4962,-18.1374
374607067,-1.53992,-2.00000,-1.18127,46.2061,82.2137,-75.8855,0.40125,-0.65088,1.06873,9.5420,32.9695,-18.1298
374608067,-1.29272,-2.00000,-1.01379,54.6947,113.5573,-90.6718,0.39697,-0.63733,1.09790,10.2672,32.3664,-18.1527
374609068,-1.32019,-1.98047,-1.06567,45.7786,133.5954,-100.0076,0.39307,-0.62463,1.12708,10.9008,31.6489,-18.1298
374610068,-1.27881,-1.39294,-1.31555,25.1527,153.5420,-100.0534,0.38965,-0.61279,1.15527,11.4504,30.8626,-18.0840
374611067,-0.92383,-0.76794,-0.61731,19.2290,171.9160,-98.5115,0.38635,-0.60120,1.18372,11.9618,30.0382,-18.0611
374612067,-0.69885,-0.20691,0.12976,33.9389,169.3893,-97.2672,0.38354,-0.59033,1.21326,12.4351,29.1603,-18.0687
374613067,-0.37634,0.45691,0.41064,46.4809,156.5573,-92.0534,0.38098,-0.57910,1.24341,12.9160,28.2366,-18.0687
374614067,-0.05310,1.14758,0.87708,42.9313,142.9695,-78.0382,0.37854,-0.56860,1.27356,13.4275,27.2977,-18.0229
374615067,0.20251,1.11218,1.99994,31.3130,139.1756,-57.2290,0.37659,-0.55945,1.30371,13.9924,26.3588,-17.9695
374616067,0.48792,0.12878,1.99994,33.1832,133.3740,-40.1679,0.37476,-0.55017,1.33569,14.6031,25.3893,-17.9160
374617067,0.55713,-0.86084,1.99994,63.2061,108.9466,-40.7023,0.37219,-0.54041,1.36914,15.2443,24.3817,-17.9084
374618067,0.06982,-1.01343,1.72217,104.2519,78.3282,-55.3282,0.36938,-0.53040,1.40173,15.8855,23.3130,-17.8931
374619068,-0.16541,-1.03931,1.17761,110.0687,62.3206,-63.8626,0.36719,-0.51941,1.43213,16.5573,22.2214,-17.8702
374620067,0.34375,-1.50244,1.68396,83.0916,62.7557,-64.7481,0.36536,-0.50684,1.46082,17.3206,21.1450,-17.8244
374621068,0.39270,-1.84839,1.99994,72.0153,48.9542,-73.1603,0.36267,-0.49390,1.49109,18.1832,20.0687,-17.7252
374622067,0.19702,-1.90076,1.94580,93.3588,30.2290,-89.3282,0.35889,-0.48145,1.52332,19.1221,18.9924,-17.6031
374623067,0.12146,-1.90039,1.58765,100.1374,24.2366,-97.6870,0.35437,-0.46753,1.55640,20.1145,17.9313,-17.5038
374624067,-0.27405,-1.75366,0.91125,64.9542,25.7863,-91.7405,0.34900,-0.45178,1.58936,21.1603,16.8702,-17.4580
374625067,-0.33484,-1.05164,0.58069,29.2137,45.9389,-84.1527,0.34338,-0.43494,1.62317,22.2366,15.8015,-17.4122
374626067,-0.08435,0.10181,1.05432,29.3511,60.6107,-81.1527,0.33789,-0.41748,1.65747,23.2977,14.7099,-17.3282
374627068,-0.14819,0.69885,1.08044,42.9389,53.6718,-72.8550,0.33203,-0.39880,1.69189,24.3435,13.5802,-17.2290
374628068,-0.28296,0.27478,0.61987,40.8397,45.5038,-56.9160,0.32410,-0.37952,1.72876,25.3588,12.3969,-17.1069
374629068,-0.35681,-0.39832,0.50024,26.5344,44.2290,-44.3206,0.31470,-0.36121,1.76758,26.3588,11.1908,-16.9542
374630068,-0.19885,-0.53137,1.03857,16.1832,48.5573,-42.2977,0.30615,-0.34436,1.80579,27.3282,9.9466,-16.7863
374631068,0.15234,0.03174,1.63501,16.7863,47.4198,-46.5038,0.29846,-0.32898,1.84399,28.2595,8.6565,-16.6183
374632068,-0.04199,0.79297,1.55273,22.6183,31.1908,-46.4046,0.28894,-0.31201,1.88245,29.1145,7.2748,-16.4580
374633068,-0.33435,0.81299,0.80432,19.8779,16.5878,-36.1908,0.27783,-0.29541,1.92102,29.9084,5.8244,-16.2214
374634068,-0.22229,-0.17310,0.44287,0.9084,16.4504,-20.3740,0.26721,-0.28027,1.95959,30.6565,4.3435,-15.9160
374635067,-0.24146,-1.33350,0.99780,-15.2290,20.5038,-12.7252,0.25574,-0.26343,1.99878,31.3893,2.8550,-15.5878
374636067,-0.04199,-1.76660,1.66675,-3.1527,29.5496,-21.2290,0.24365,-0.24841,1.99994,32.0840,1.2748,-15.1985
374637068,0.10107,-1.34546,1.78455,27.0153,32.3053,-37.5954,0.23145,-0.23645,1.99994,32.7023,-0.4504,-14.7099
374638068,-0.26892,-0.84851,1.32629,45.7481,24.7405,-45.9847,0.21838,-0.22522,1.99994,33.2748,-2.2901,-14.1450
374639068,-0.14783,-1.15454,1.09338,49.2061,28.2061,-45.2901,0.20532,-0.21594,1.99994,33.8168,-4.2290,-13.4962
374640068,-0.09009,-1.93103,0.94690,53.8015,20.6489,-48.6947,0.19348,-0.20923,1.99994,34.3588,-6.2901,-12.7328
374641068,-0.50171,-2.00000,0.52136,77.1450,5.5802,-65.4046,0.18213,-0.20349,1.99994,34.9084,-8.4504,-11.8855
374642067,-0.62964,-2.00000,0.71704,107.7176,2.3740,-88.5573,0.16968,-0.19873,1.99994,35.4427,-10.6794,-10.9618
374643067,-0.56079,-2.00000,1.48193,107.4885,11.6107,-101.7557,0.15686,-0.19531,1.99994,36.0153,-13.0076,-9.9008
374644068,-0.37622,-1.32251,1.99994,67.8321,32.4504,-100.4198,0.14478,-0.19177,1.99994,36.6336,-15.4504,-8.6412
374645067,-0.25183,-0.37549,1.99994,20.9695,47.9542,-88.1450,0.13293,-0.18713,1.99994,37.2824,-18.0382,-7.0611
374646068,-0.08826,-0.30029,1.85925,-5.4046,53.4580,-69.4427,0.12268,-0.18347,1.99994,37.9466,-20.7863,-5.1756
374647067,-0.12122,-1.24146,1.45911,-19.5420,42.4122,-50.2443,0.11377,-0.18347,1.99994,38.6718,-23.6870,-3.1832
374648067,-0.36926,-2.00000,1.18237,-37.6947,26.0687,-37.4351,0.10535,-0.18738,1.99994,39.5344,-26.6031,-1.4198
374649068,-0.15881,-2.00000,1.99994,-57.4351,26.8473,-37.5496,0.09766,-0.19202,1.99994,40.6260,-29.4504,0.0229
374650067,0.35010,-0.58789,1.99994,-71.2290,32.9847,-40.7557,0.09094,-0.19482,1.99994,41.9389,-32.2214,1.2214
374651067,0.61243,0.57080,1.99994,-74.3588,26.3511,-36.6718,0.08374,-0.19385,1.99994,43.4275,-34.9542,2.3893
374652067,0.73975,0.50598,1.99994,-60.5267,13.1298,-30.6107,0.07556,-0.19348,1.99994,45.0687,-37.7023,3.6870
374653068,0.86108,-0.48401,1.99994,-39.0534,0.0992,-31.4885,0.06848,-0.19421,1.99994,46.7634,-40.5725,4.9618
374654068,0.71887,-1.53601,1.99994,-28.4275,-17.7252,-39.9618,0.06226,-0.19202,1.99994,48.5191,-43.5344,6.1603
374655068,0.43811,-1.98413,1.99994,-27.1145,-39.3588,-53.4962,0.05591,-0.18958,1.99994,50.3588,-46.5115,7.3435
374656068,0.14380,-1.48425,1.99994,-17.5954,-60.3893,-68.9771,0.04919,-0.18811,1.99994,52.2824,-49.5191,8.6107
374657067,0.01416,-0.36023,1.99994,2.0992,-76.4580,-79.9389,0.04370,-0.18738,1.99994,54.2672,-52.5725,9.9008
374658067,0.09021,0.48267,1.99994,14.6336,-83.7099,-79.5878,0.03882,-0.18774,1.99994,56.3359,-55.6947,11.2214
374659067,-0.08362,0.51013,1.89111,8.3969,-85.7786,-68.5725,0.03271,-0.18799,1.99994,58.4656,-58.8931,12.5725
374660067,-0.25378,0.07227,1.19861,-8.9160,-78.9008,-56.3893,0.02637,-0.18909,1.99994,60.6336,-62.1527,13.9847
374661067,-0.17468,-0.18213,0.67273,-20.7557,-67.6031,-51.4046,0.02124,-0.19275,1.99994,62.8244,-65.4656,15.4504
374662067,-0.35950,-0.15076,0.35217,-17.1145,-65.7481,-53.1679,0.01709,-0.19714,1.99994,65.0687,-68.8397,16.9160
374663067,-0.74634,-0.21790,0.06067,-1.6107,-70.1298,-55.4580,0.01440,-0.20203,1.99994,67.3664,-72.2443,18.3588
374664067,-1.01282,-0.80835,-0.68848,9.1145,-79.2824,-52.6641,0.01392,-0.20850,1.99994,69.6870,-75.6870,19.7939
374665067,-1.21582,-1.39880,-1.36279,7.8092,-79.0611,-52.5725,0.01514,-0.21643,1.99994,72.0687,-79.2061,21.2290
374666067,-1.08032,-1.23962,-0.77759,4.3664,-53.9160,-61.2290,0.01746,-0.22534,1.99994,74.5267,-82.7328,22.6641
374667067,-0.69299,-0.47925,0.58411,-2.9466,-17.5725,-70.5267,0.01929,-0.23425,1.99994,77.0534,-86.2519,24.0840
374668067,-0.30139,0.38013,1.66956,-22.3893,16.3435,-70.4504,0.02112,-0.24475,1.99994,79.6947,-89.7481,25.4809
374669067,-0.00244,0.95056,1.99994,-43.8092,37.3511,-60.8244,0.02429,-0.25671,1.99994,82.3740,-93.2290,26.8779
374670067,-0.20874,0.31824,1.75659,-55.6718,39.1832,-43.7099,0.02844,-0.26953,1.99994,85.0687,-96.6565,28.2443
374671068,-0.52686,-1.76367,1.27808,-62.3817,29.1221,-29.5420,0.03381,-0.28308,1.99994,87.8855,-100.0076,29.5954
374672067,-0.33899,-2.00000,1.95776,-67.5954,23.8473,-33.5344,0.04016,-0.29736,1.99994,90.9618,-103.2748,30.9237
374673068,0.41296,-1.90601,1.99994,-67.0534,26.7786,-53.0992,0.04639,-0.31201,1.99994,94.1908,-106.4962,32.2748
374674067,1.44373,1.09119,1.99994,-74.2748,29.2061,-63.1756,0.05151,-0.32617,1.99994,97.4733,-109.7176,33.6260
374675068,1.99994,1.99994,1.99994,-95.7557,11.6565,-44.3282,0.05615,-0.34033,1.99994,100.8397,-112.8931,34.9084
374676067,1.99994,1.99994,1.99994,-106.9160,-34.1832,-13.2672,0.06067,-0.35535,1.99994,104.2672,-115.9924,36.1069
374677067,1.92834,0.15161,1.99994,-93.2595,-86.6794,2.1756,0.06445,-0.37048,1.99994,107.7786,-119.0382,37.2290
374678067,0.63440,-1.75952,1.99994,-63.1985,-194.4351,-21.7405,0.06836,-0.38599,1.99994,111.3664,-122.0305,38.3206
374679067,0.15625,-0.42993,1.99994,-57.1756,-218.7023,-35.5878,0.07227,-0.40137,1.99994,115.0229,-124.9847,39.3817
374680067,0.25964,1.39832,1.99994,-40.9466,-220.5573,-40.2214,0.07544,-0.41675,1.99994,118.7710,-127.9160,40.3740
374681067,-0.05823,1.99994,1.99994,-17.9084,-218.0305,-34.6489,0.07690,-0.43323,1.99994,122.5649,-130.8092,41.3130
374682067,-0.89697,1.30420,1.59900,-4.8397,-198.3511,-27.5878,0.07776,-0.45032,1.99994,126.3969,-133.6718,42.2214
374683067,-0.99377,-0.11121,0.42700,-8.4427,-156.0305,-24.9847,0.07825,-0.46570,1.99994,130.2290,-136.5420,43.0687
374684068,-0.66797,-1.02734,-0.29187,-19.5420,-110.5267,-30.3282,0.07642,-0.47900,1.99994,134.0840,-139.3969,43.8702
374685068,-1.08069,-0.60278,-0.11890,-22.0763,-91.6412,-43.8168,0.07446,-0.49292,1.99994,137.9771,-142.2672,44.6107
374686068,-0.69641,0.42261,0.62024,-13.3206,-74.2214,-53.5954,0.07251,-0.50732,1.99994,141.8779,-145.1450,45.3511
374687067,0.66125,1.15503,1.99994,-18.3130,-55.4733,-48.0840,0.06909,-0.52124,1.99994,145.8015,-148.0382,46.0840
374688067,1.19336,1.57544,1.99994,-48.5344,-63.3282,-27.5115,0.06445,-0.53503,1.99994,149.7405,-150.9618,46.7634
374689065,1.12854,1.58350,1.99994,-81.7710,-80.7405,-2.5802,0.05835,-0.54846,1.99994,153.6565,-153.9008,47.3893
374690065,1.07727,1.06409,1.99994,-104.3359,-110.9237,20.1908,0.05078,-0.56189,1.99994,157.5649,-156.8473,47.9542
374691069,0.97925,0.46985,1.99994,-110.4427,-137.8168,32.7252,0.04236,-0.57532,1.99994,161.4427,-159.8473,48.5038
374692068,1.03406,0.54199,1.99994,-101.5115,-157.0153,33.2519,0.02112,-0.60181,1.99994,169.0076,-165.8626,49.4962
374693068,1.66003,0.87781,1.99994,-108.9160,-167.4656,38.9466,0.01013,-0.61304,1.99994,172.7099,-168.9084,49.9771
374694068,1.99994,1.35120,1.99994,-125.3969,-181.8092,46.7481,-0.00195,-0.62341,1.99994,176.3282,-172.0153,50.4733
374695067,1.57324,1.92151,1.99994,-100.4427,-221.6794,45.4046,-0.01501,-0.63501,1.99994,179.8626,-175.1603,50.9771
374696068,0.87878,1.38953,1.99994,-46.0076,-250.1374,38.8244,-0.02869,-0.64709,1.99994,183.3206,-178.3130,51.5038
374697067,0.68518,-0.09290,1.99994,-12.4580,-250.1374,30.4656,-0.04211,-0.65857,1.99994,186.7176,-181.4885,52.0687
374698067,0.36047,-1.32910,1.99994,-11.7786,-250.1374,20.6412,-0.05493,-0.67078,1.99994,190.0153,-184.7252,52.6718
374699068,-0.00916,-1.20447,1.99994,-17.1832,-250.1374,6.5649,-0.06799,-0.68384,1.99994,193.1756,-188.0000,53.2977
374700067,-0.43274,0.04919,1.18750,-10.1145,-250.1374,-6.1985,-0.08093,-0.69702,1.99994,196.1985,-191.3588,53.9466
374701068,-0.90100,0.94800,-0.03650,9.6565,-250.1374,-10.4198,-0.09314,-0.71045,1.99994,199.1298,-194.7710,54.6412
374702067,-1.11377,0.97009,-0.17920,20.1069,-250.1374,-6.1069,-0.10571,-0.72375,1.99994,201.9466,-198.2137,55.4046
374703067,-0.80774,0.21851,-0.30469,5.0992,-250.1374,3.7099,-0.11902,-0.73816,1.99994,204.6412,-201.7023,56.2519
374704067,-0.49988,-0.85828,-0.55286,-14.4885,-220.6947,7.8168,-0.13159,-0.75403,1.99994,207.1832,-205.2443,57.2137
374705067,-1.10303,-1.12061,-1.10681,-8.4351,-205.9618,-4.7481,-0.14099,-0.77063,1.99994,209.5725,-208.8321,58.2748
374706067,-1.72363,-0.34192,-2.00000,10.2443,-205.7863,-22.6794,-0.14954,-0.78748,1.99994,211.8015,-212.4962,59.3893
374707067,-1.23706,0.40540,-1.97583,5.8473,-182.0992,-27.2595,-0.15918,-0.80469,1.99994,213.8626,-216.2137,60.5573
374708068,-0.40503,0.86316,1.43542,-32.6412,-146.7405,-16.3969,-0.17004,-0.82251,1.99994,215.7328,-219.9542,61.7863
374709068,1.32861,1.42041,1.99994,-70.0611,-111.5954,-1.7252,-0.18140,-0.84155,1.99994,217.3588,-223.7481,63.0763
374710067,1.99994,1.99994,1.99994,-79.6870,-93.3282,5.7481,-0.19165,-0.86255,1.99994,218.7634,-227.6718,64.4580
374711065,1.99994,1.99994,1.99994,-65.0763,-131.9924,15.0076,-0.20142,-0.88513,1.99994,219.9771,-231.7405,65.8702
374712069,1.29883,1.99994,1.99994,-50.9847,-177.0076,39.0000,-0.21045,-0.90857,1.99994,220.9847,-235.9160,67.3282
374713067,1.25391,1.99866,1.99994,-63.1145,-207.5115,73.0000,-0.21863,-0.93347,1.99994,221.8015,-240.1985,68.8473
374714068,1.65051,-0.86658,1.99994,-73.8168,-238.9924,88.1985,-0.22766,-0.96021,1.99994,222.4580,-244.6260,70.4351
374715067,1.99994,-1.38818,1.99994,-47.9542,-250.1374,71.1908,-0.23730,-0.98840,1.99994,222.9313,-249.2137,72.0534
374716065,1.99994,1.06873,1.99994,-9.0687,-250.1374,45.0458,-0.24768,-1.01721,1.99994,223.1985,-250.1374,73.6794
374717069,1.99994,1.99994,1.99994,8.8321,-250.1374,43.6412,-0.25977,-1.04529,1.99994,223.2824,-250.1374,75.2977
374718067,1.32959,1.99994,1.99994,12.2366,-250.1374,68.9313,-0.27112,-1.07202,1.94885,223.2214,-250.1374,76.9084
374719068,0.56067,1.05200,1.99994,19.6947,-250.1374,91.3206,-0.27954,-1.09814,1.89294,223.0229,-250.1374,78.5115
374720068,0.31616,-2.00000,1.99994,28.2977,-250.1374,85.6107,-0.28650,-1.12354,1.83679,222.6870,-250.1374,80.0840
374721068,-0.29492,-2.00000,1.99994,34.6183,-250.1374,56.3206,-0.29382,-1.14771,1.77942,222.1603,-250.1374,81.6489
374722068,-1.03149,-0.38367,0.23853,50.3817,-250.1374,23.5496,-0.29968,-1.17139,1.72046,221.4351,-250.1374,83.1603
374723068,-1.06116,1.99994,-0.01355,71.5420,-250.1374,11.8168,-0.30469,-1.19421,1.66052,220.5115,-250.1374,84.5954
374724068,-0.65979,1.99994,1.34912,79.5802,-250.1374,28.3282,-0.31018,-1.21680,1.59937,219.3282,-250.1374,85.9542
374725067,-0.87305,1.71619,0.36707,72.4427,-250.1374,56.7328,-0.31421,-1.23840,1.53613,217.8855,-250.1374,87.2290
374726068,-2.00000,-1.20520,-2.00000,75.3588,-250.1374,64.9084,-0.31616,-1.25854,1.47070,216.1908,-250.1374,88.4046
374727068,-2.00000,-2.00000,-2.00000,103.0305,-250.1374,40.4809,-0.31750,-1.27808,1.40479,214.1985,-250.1374,89.4962
374728067,-1.28638,-2.00000,1.27649,99.5573,-214.3359,17.3130,-0.31860,-1.29724,1.33984,211.8931,-250.1374,90.5191
374729068,0.71936,-0.58191,1.99994,29.4351,-155.0458,22.5191,-0.31970,-1.31665,1.27515,209.2824,-250.1374,91.3969
374730067,1.11414,1.99994,1.99994,-33.7176,-175.1679,46.7252,-0.31958,-1.33679,1.20959,206.3817,-250.1374,92.1603
374731067,1.09839,1.99994,1.99994,-28.4504,-227.0076,78.5420,-0.31799,-1.35803,1.14343,203.1908,-250.1374,92.8168
374732067,1.67529,0.43799,1.99994,-14.5496,-250.1374,112.6565,-0.31482,-1.38037,1.07690,199.7557,-250.1374,93.3282
374733067,1.50659,-2.00000,1.99994,-56.4504,-250.1374,132.2519,-0.31104,-1.40308,1.00989,196.1069,-250.1374,93.6565
374734068,0.68323,-2.00000,1.99994,-108.5573,-250.1374,126.9924,-0.30750,-1.42651,0.94128,192.2519,-250.1374,93.8321
374735067,0.28467,-1.34216,1.99994,-95.9008,-250.1374,99.2824,-0.30383,-1.45032,0.87158,188.1756,-250.1374,93.8473
374736067,0.40491,0.91235,1.99994,-5.9389,-250.1374,64.3359,-0.29932,-1.47412,0.80127,183.9618,-250.1374,93.7481
374737067,-0.25977,1.33093,1.99994,96.1374,-250.1374,39.9466,-0.29407,-1.49878,0.73010,179.6718,-250.1374,93.4962
374738067,-1.61462,-0.22034,0.22461,142.7176,-250.1374,29.2672,-0.28931,-1.52319,0.65991,175.3588,-250.1374,93.0534
374739067,-2.00000,-2.00000,-0.82837,144.5420,-250.1374,11.9160,-0.28479,-1.54651,0.59058,170.9924,-250.1374,92.4351
374740067,-2.00000,-2.00000,-1.13623,148.0763,-250.1374,-18.0840,-0.27856,-1.57019,0.52087,166.5878,-250.1374,91.6641
374741068,-2.00000,-2.00000,-2.00000,179.3817,-250.1374,-50.8168,-0.27063,-1.59338,0.45105,162.1756,-250.1374,90.7252
374742068,-2.00000,-1.65625,-2.00000,223.0000,-250.1374,-72.0076,-0.26294,-1.61584,0.38086,157.7786,-250.1374,89.6260
374743067,-2.00000,-0.69519,-2.00000,223.0534,-250.1374,-64.5191,-0.25537,-1.63977,0.30920,153.4198,-250.1374,88.3359
374744068,-2.00000,-0.13110,-2.00000,140.1298,-250.1374,-29.2595,-0.24707,-1.66443,0.23877,149.1756,-250.1374,86.8550
374745068,-1.80334,-0.14465,-0.58496,43.8779,-250.1374,8.9618,-0.23840,-1.68750,0.16919,145.0458,-250.1374,85.2443
374746068,-1.46387,-0.48730,-1.31055,9.4809,-250.1374,26.7252,-0.22900,-1.70776,0.10046,141.0840,-250.1374,83.5267
374747068,-1.30713,-0.47644,-1.68481,10.3588,-235.1756,28.7481,-0.21899,-1.72693,0.03394,137.2824,-250.1374,81.7023
374748068,-0.87830,-0.06628,-0.79272,2.2672,-227.8702,26.9313,-0.20923,-1.74585,-0.03162,133.6718,-250.1374,79.7481
374749068,-0.58838,-0.03479,-0.55566,-18.5649,-235.8779,28.9618,-0.19958,-1.76270,-0.09546,130.2519,-250.1374,77.7099
374750068,-0.11267,-0.17883,1.46594,-18.1374,-246.0687,21.9160,-0.18945,-1.77844,-0.15686,127.0840,-250.1374,75.5725
374751068,1.31702,0.77344,1.99994,25.9695,-236.9847,-2.3740,-0.17749,-1.79382,-0.21692,124.2061,-250.1374,73.3206
374752067,1.99994,1.40955,1.99994,68.7481,-248.0458,-12.0305,-0.16565,-1.80933,-0.27698,121.6412,-250.1374,70.9771
374753067,1.21765,0.89563,1.99994,42.1603,-250.1374,7.7405,-0.15540,-1.82581,-0.33704,119.3588,-250.1374,68.5649
374754067,-0.37793,0.66565,1.36670,-2.9237,-250.1374,25.6489,-0.14514,-1.84180,-0.39600,117.3740,-250.1374,66.1221
374755067,0.77588,1.51538,1.99994,-25.7634,-250.1374,34.2977,-0.13428,-1.85632,-0.45471,115.7023,-250.1374,63.6412
374756067,1.99994,1.99994,1.99994,-58.0076,-250.1374,58.5420,-0.12451,-1.87085,-0.51501,114.3435,-250.1374,61.0992
374757067,1.33289,1.99994,1.99994,-84.4427,-250.1374,87.9008,-0.11670,-1.88599,-0.57715,113.2901,-250.1374,58.5191
374758067,0.45435,1.99994,1.99994,-51.9771,-250.1374,106.7405,-0.10986,-1.90161,-0.64075,112.4733,-250.1374,55.9542
374759067,0.95569,1.99994,1.99994,-6.1145,-250.1374,123.4198,-0.10242,-1.91687,-0.70471,111.8550,-250.1374,53.3817
374760067,-0.23315,1.09155,0.85632,-6.9084,-250.1374,136.8931,-0.09509,-1.93164,-0.76941,111.4122,-250.1374,50.8168
374761067,-2.00000,0.14551,-0.72607,-31.5878,-250.1374,137.2748,-0.08923,-1.94653,-0.83594,111.1145,-250.1374,48.2748
374762068,-1.96558,-0.40002,1.67102,-52.5115,-250.1374,139.2214,-0.08545,-1.96252,-0.90540,110.9771,-250.1374,45.7557
374763068,-0.68420,-1.34839,1.99994,-88.3359,-250.1374,152.8244,-0.08337,-1.97900,-0.97644,110.9618,-250.1374,43.2824
374764068,-0.49365,-1.88782,1.99994,-109.3511,-250.1374,162.8092,-0.08276,-1.99463,-1.04761,110.9847,-250.1374,40.8321
374765068,-1.99451,-0.88928,1.71765,-94.2901,-250.1374,158.5191,-0.08264,-2.00000,-1.11780,111.0153,-250.1374,38.4427
374766067,-2.00000,-0.49670,-0.62061,-88.5802,-250.1374,167.6031,-0.08215,-2.00000,-1.18628,111.0687,-250.1374,36.1603
374767068,-1.70874,-2.00000,0.20947,-134.0076,-250.1374,186.3359,-0.08142,-2.00000,-1.25439,111.1527,-250.1374,33.9695
374768068,-1.06738,-2.00000,1.99994,-183.7328,-250.1374,192.5191,-0.08105,-2.00000,-1.32141,111.2519,-250.1374,31.8015
374769068,-0.60339,-2.00000,1.99994,-187.9466,-250.1374,170.8397,-0.08167,-2.00000,-1.38770,111.2901,-250.1374,29.6565
374770068,-1.31763,-2.00000,1.99994,-144.7405,-250.1374,139.4580,-0.08447,-2.00000,-1.45374,111.2595,-250.1374,27.5573
374771068,-1.93945,-2.00000,0.89111,-64.2519,-250.1374,106.8702,-0.08838,-2.00000,-1.51892,111.1374,-250.1374,25.5191
374772067,-1.70166,-2.00000,1.91248,19.1374,-250.1374,68.6107,-0.09192,-2.00000,-1.58374,110.9084,-250.1374,23.5191
374773067,-2.00000,-2.00000,1.25232,35.3206,-250.1374,42.1298,-0.09534,-2.00000,-1.64893,110.5725,-250.1374,21.4962
374774068,-2.00000,-2.00000,-2.00000,-7.8473,-250.1374,30.4275,-0.10010,-2.00000,-1.71411,110.1298,-250.1374,19.4656
374775068,-2.00000,-2.00000,-2.00000,-16.1069,-250.1374,12.6947,-0.10510,-2.00000,-1.77698,109.6107,-250.1374,17.4122
374776067,-2.00000,-1.82288,-1.05420,-2.7557,-250.1374,2.1756,-0.10913,-2.00000,-1.83691,109.0229,-250.1374,15.3359
374777068,-2.00000,-1.61377,0.14392,-63.7863,-250.1374,24.5267,-0.11450,-2.00000,-1.89478,108.3740,-250.1374,13.2366
374778067,-2.00000,-1.11230,-1.54041,-163.9084,-250.1374,61.4809,-0.12061,-2.00000,-1.95227,107.6565,-250.1374,11.1221
374779068,-2.00000,0.06067,-2.00000,-205.5420,-250.1374,87.8168,-0.12634,-2.00000,-2.00000,106.8855,-250.1374,8.9542
374780068,-2.00000,0.71326,-2.00000,-214.4427,-250.1374,113.2595,-0.13220,-2.00000,-2.00000,106.0916,-250.1374,6.7481
374781067,-2.00000,-0.13416,-2.00000,-222.5267,-250.1374,140.1832,-0.13879,-2.00000,-2.00000,105.2672,-250.1374,4.5191
374782068,-2.00000,-1.41589,-2.00000,-172.8015,-250.1374,135.3359,-0.14612,-2.00000,-2.00000,104.4198,-250.1374,2.2366
374783068,-2.00000,-2.00000,-2.00000,-90.2672,-250.1374,107.5573,-0.15332,-1.99365,-2.00000,103.5573,-250.1374,-0.1145
374784068,-1.18933,-2.00000,0.10974,-68.8015,-250.1374,89.6260,-0.15967,-1.98340,-2.00000,102.6412,-250.1374,-2.5115
374785068,-1.86499,-2.00000,-0.26746,-83.1908,-250.1374,69.5267,-0.16663,-1.97375,-2.00000,101.7939,-250.1374,-4.8855
374786067,-2.00000,-2.00000,-2.00000,-52.8168,-250.1374,32.6641,-0.17493,-1.96301,-2.00000,100.9084,-250.1374,-7.2443
374787067,-2.00000,-1.79785,-2.00000,-3.2977,-250.1374,-1.5267,-0.18298,-1.95142,-2.00000,99.8702,-250.1374,-9.5725
374788068,-2.00000,-2.00000,-2.00000,-2.6260,-250.1374,-10.4580,-0.19092,-1.94031,-2.00000,98.7557,-250.1374,-11.9008
374789068,-2.00000,-2.00000,-2.00000,-44.8168,-250.1374,-5.3053,-0.19971,-1.92957,-2.00000,97.6794,-250.1374,-14.2214
374790068,-2.00000,-2.00000,-1.63550,-72.9084,-250.1374,-9.4046,-0.20813,-1.91858,-2.00000,96.7252,-250.1374,-16.5191
374791067,-2.00000,-1.16272,-1.24011,-78.8397,-250.1374,-15.6641,-0.21533,-1.90698,-2.00000,95.9313,-244.0305,-18.7252
374792068,-1.99683,0.48010,-1.28979,-94.4733,-250.1374,4.8244,-0.23267,-1.88013,-2.00000,94.3817,-229.7405,-22.8702
374793068,-1.32837,0.29199,-0.74280,-116.9389,-250.1374,42.3969,-0.24207,-1.86658,-2.00000,93.4275,-222.4962,-24.7481
374794068,-1.45984,-0.73535,-0.81250,-115.1756,-250.1374,68.4656,-0.25037,-1.85291,-2.00000,92.4656,-215.2290,-26.4962
374795068,-1.52539,-1.51147,-0.96509,-77.9084,-250.1374,66.6336,-0.25696,-1.83899,-2.00000,91.4962,-207.9542,-28.0458
374796067,-1.64636,-1.50952,-0.86536,-28.9847,-250.1374,49.5496,-0.26257,-1.82397,-2.00000,90.5191,-200.6565,-29.4046
374797068,-2.00000,-1.39709,-1.70154,9.8855,-250.1374,31.9160,-0.26636,-1.80798,-2.00000,89.4580,-193.3282,-30.5496
374798068,-2.00000,-1.71313,-2.00000,31.3664,-250.1374,17.4809,-0.26843,-1.79138,-2.00000,88.3206,-185.9847,-31.5267
374799067,-2.00000,-2.00000,-2.00000,42.2214,-250.1374,4.2519,-0.26929,-1.77429,-2.00000,87.1069,-178.6489,-32.2748
374800067,-2.00000,-2.00000,-2.00000,45.3435,-250.1374,-10.6412,-0.26782,-1.75586,-2.00000,85.7863,-171.3282,-32.7328
374801068,-2.00000,-2.00000,-2.00000,36.2595,-250.1374,-26.2519,-0.26440,-1.73547,-2.00000,84.3740,-164.0000,-32.9389
374802068,-2.00000,-2.00000,-2.00000,12.7557,-250.1374,-35.6107,-0.25806,-1.71338,-2.00000,82.8855,-156.6641,-32.9084
374803068,-2.00000,-2.00000,-2.00000,-19.1145,-250.1374,-32.5649,-0.24939,-1.69043,-2.00000,81.2595,-149.3435,-32.6565
374804067,-2.00000,-1.78406,-2.00000,-50.9313,-223.2901,-17.2901,-0.24109,-1.66711,-2.00000,79.4733,-142.0763,-32.1450
374805067,-2.00000,-1.25146,-2.00000,-42.2519,-176.7252,5.4275,-0.23315,-1.64343,-2.00000,77.5496,-134.8855,-31.3893
374806067,-2.00000,-1.68811,-2.00000,-13.4656,-164.0153,1.3588,-0.22473,-1.62036,-2.00000,75.5191,-127.7328,-30.4122
374807068,-2.00000,-2.00000,-2.00000,11.0534,-170.5038,-10.9771,-0.21643,-1.59814,-2.00000,73.3969,-120.6031,-29.2214
374808068,-1.90845,-2.00000,-2.00000,42.8092,-190.3664,-30.9542,-0.21008,-1.57898,-2.00000,71.1908,-113.5420,-27.8092
374809067,-1.47241,-2.00000,-2.00000,81.5267,-209.1221,-51.8702,-0.20508,-1.56274,-2.00000,68.9237,-106.5267,-26.2595
374810067,-1.55688,-2.00000,-2.00000,104.3130,-227.5725,-64.5878,-0.20068,-1.55005,-2.00000,66.6183,-99.5954,-24.5725
374811068,-2.00000,-2.00000,-2.00000,91.5725,-250.1374,-78.6260,-0.19849,-1.54163,-2.00000,64.3511,-92.7786,-22.8015
374812068,-2.00000,-2.00000,-2.00000,39.4580,-215.8397,-95.9542,-0.19958,-1.53564,-2.00000,62.1832,-86.1450,-20.9771
374813068,-1.69690,-1.17944,-2.00000,-52.3435,-127.8397,-91.0840,-0.20361,-1.53137,-2.00000,60.1832,-79.7176,-19.1374
374814067,-1.40088,0.19983,-0.30420,-163.5954,-72.0229,-46.4351,-0.20972,-1.52881,-2.00000,58.3588,-73.4733,-17.2443
374815067,-1.36633,-0.30237,-0.24097,-237.3588,-40.3511,1.9237,-0.21704,-1.52612,-2.00000,56.6870,-67.3893,-15.3511
374816067,-1.99927,-0.62952,-1.73169,-238.2595,-39.9618,25.9313,-0.22498,-1.52124,-2.00000,55.1298,-61.5344,-13.5649
374817068,-1.92566,-1.11414,-0.99597,-205.6489,-21.1832,38.4275,-0.23181,-1.51404,-2.00000,53.6870,-55.9618,-11.8244
374818067,-0.02368,-1.88647,1.99994,-189.5267,12.9008,41.3206,-0.23755,-1.50659,-2.00000,52.3053,-50.6260,-10.1069
374819067,0.98352,-1.64685,1.99994,-165.7176,-23.1756,30.4198,-0.24304,-1.49927,-2.00000,50.9313,-45.5802,-8.4122
374820067,-0.02185,-1.08069,1.22400,-102.0076,-123.9008,14.3359,-0.24634,-1.49194,-2.00000,49.5573,-40.8550,-6.8397
374821067,-0.18384,-1.63904,1.35596,-5.8321,-187.1069,-7.6031,-0.24744,-1.48572,-2.00000,48.1756,-36.4046,-5.3511
374822067,0.05017,-2.00000,1.99994,52.6489,-228.6260,-27.3206,-0.24866,-1.47998,-2.00000,46.8092,-32.1908,-3.9542
374823067,-0.30652,-2.00000,1.99994,57.0611,-250.1374,-43.6031,-0.24854,-1.47424,-2.00000,45.5038,-28.2443,-2.6489
374824067,-1.22498,-2.00000,1.25940,50.9466,-250.1374,-66.2290,-0.24695,-1.46753,-1.96265,44.2672,-24.5802,-1.4733
374825068,-1.78516,-2.00000,0.18530,46.6870,-250.1374,-81.4809,-0.24390,-1.45752,-1.91553,43.0687,-21.1679,-0.4198
374826068,-1.56262,-2.00000,-0.80176,9.7939,-248.1908,-77.2901,-0.23950,-1.44556,-1.86780,41.8626,-18.0229,0.5267
374827068,-2.00000,-2.00000,-2.00000,-55.2672,-250.1374,-57.1298,-0.23401,-1.43359,-1.81958,40.5649,-15.1603,1.3435
374828067,-2.00000,-2.00000,-2.00000,-104.4198,-250.1374,-39.4580,-0.22668,-1.42212,-1.77026,39.2061,-12.6183,2.0076
374829068,-2.00000,-2.00000,-2.00000,-107.8931,-213.5878,-41.1145,-0.21765,-1.41113,-1.72119,37.7939,-10.4046,2.5344
374830068,-2.00000,-1.71448,-2.00000,-98.4046,-207.4427,-46.9618,-0.20691,-1.40271,-1.67224,36.3588,-8.4656,2.9847
374831068,-2.00000,-0.21729,-2.00000,-110.8168,-202.3206,-36.1908,-0.19373,-1.39600,-1.62329,34.8779,-6.7939,3.2366
374832067,-2.00000,0.11816,-2.00000,-105.5420,-135.1985,-30.4885,-0.17896,-1.39038,-1.57593,33.3282,-5.4580,3.2519
374833068,-2.00000,0.02136,-2.00000,-76.2672,-52.7328,-35.0000,-0.16345,-1.38745,-1.53113,31.7176,-4.4275,3.1221
374834068,-1.87097,-0.10889,-2.00000,-66.4198,-10.5954,-36.9313,-0.14905,-1.38562,-1.48926,30.0687,-3.6794,2.8855
374835068,-2.00000,0.52478,-2.00000,-53.0229,7.1374,-49.4122,-0.13489,-1.38599,-1.44958,28.4122,-3.1298,2.5802
374836067,-2.00000,1.99994,-2.00000,-8.5267,36.1298,-73.5038,-0.12073,-1.38770,-1.41272,26.7863,-2.7634,2.1374
374837067,-1.84949,1.99994,-2.00000,13.1832,35.7863,-76.5420,-0.10803,-1.39001,-1.37964,25.1527,-2.6183,1.5802
374838067,-1.94739,1.99994,-2.00000,-11.5344,22.8779,-54.5573,-0.09619,-1.39331,-1.34814,23.5649,-2.7099,0.9466
374839068,-1.24109,1.99994,-2.00000,-29.5802,40.5573,-24.5496,-0.08411,-1.39673,-1.31946,22.0458,-3.0305,0.2824
374840067,-0.18250,1.06677,-0.98816,-32.4427,59.8321,0.7939,-0.07227,-1.40125,-1.29333,20.5878,-3.5115,-0.4580
374841067,-0.55054,1.10864,-1.89905,-34.9466,61.2519,15.4580,-0.06116,-1.40588,-1.26831,19.1527,-4.1985,-1.2977
374842067,-1.26636,1.99994,-2.00000,-27.7405,86.5038,26.0687,-0.04968,-1.41187,-1.24536,17.7557,-5.0916,-2.1450
374843067,-0.56555,1.99994,-1.68665,-14.8473,148.2595,46.0458,-0.03796,-1.41968,-1.22534,16.4351,-6.1374,-2.9160
374844067,0.75281,1.99994,0.80103,-7.4580,183.5344,65.8855,-0.02722,-1.42749,-1.20923,15.2061,-7.2824,-3.6107
374845067,0.63538,1.46777,0.67603,11.8626,152.4656,66.8321,-0.01770,-1.43494,-1.19556,14.0687,-8.5496,-4.2672
374846067,0.02979,1.23206,-0.95605,68.3359,91.0687,47.7786,-0.00879,-1.44165,-1.18274,13.0153,-9.9618,-4.8702
374847067,0.38110,1.16431,-0.83215,126.6412,52.7252,23.4504,-0.00073,-1.44629,-1.17078,12.0229,-11.5115,-5.3435
374848067,0.62048,0.94873,0.70032,135.5267,24.9695,15.7939,0.00793,-1.45129,-1.15955,11.0687,-13.1298,-5.6794
374849067,0.03076,0.98633,0.88367,115.8244,-8.0611,20.8321,0.01660,-1.45715,-1.14722,10.1985,-14.7634,-5.9008
374850067,-0.35132,1.57520,0.25012,116.4046,-18.8092,27.7481,0.02441,-1.46057,-1.13477,9.3511,-16.4809,-6.0305
374851067,-0.44885,1.90051,0.24121,126.3282,-4.3817,40.4962,0.03345,-1.46130,-1.12366,8.4885,-18.2748,-6.0687
374852067,-1.09106,0.93848,0.49915,109.6107,18.0229,69.9237,0.04321,-1.46069,-1.11230,7.5954,-20.1069,-5.9924
374853067,-1.58130,-1.94092,0.36194,70.3893,50.2748,108.9084,0.05237,-1.46045,-1.10034,6.6947,-21.9389,-5.8244
374854067,-1.54456,-2.00000,0.49182,37.3588,86.1679,127.9008,0.06140,-1.46021,-1.08801,5.8015,-23.7252,-5.5496
374855067,-1.46570,-2.00000,0.85291,23.7939,97.6947,120.7252,0.07056,-1.45752,-1.07666,4.9160,-25.4962,-5.1908
374856068,-1.25549,-2.00000,0.95959,22.3206,87.9160,108.2901,0.07996,-1.45349,-1.06555,4.0458,-27.2290,-4.7557
374857068,-0.87219,-2.00000,0.98853,15.0000,61.4427,105.2214,0.08960,-1.44885,-1.05334,3.1756,-28.8931,-4.2519
374858068,-0.43787,-2.00000,1.34119,-3.9695,31.1908,98.9160,0.09924,-1.44263,-1.04114,2.3206,-30.4733,-3.7176
374859068,-0.10352,-2.00000,1.99994,-23.6718,15.9389,76.4275,0.10986,-1.43481,-1.02771,1.5038,-31.9389,-3.1450
374860067,-0.06702,-2.00000,1.99994,-45.1527,8.4351,51.3664,0.12036,-1.42554,-1.01196,0.7328,-33.2672,-2.5802
374861068,-0.34998,-2.00000,1.99994,-69.7863,0.7557,37.6870,0.12903,-1.41467,-0.99634,0.0076,-34.4351,-2.0458
374862068,-0.66492,-2.00000,1.99994,-74.3206,-3.8855,23.7405,0.13660,-1.40186,-0.98193,-0.6794,-35.4351,-1.5496
374863068,-0.75977,-2.00000,1.99994,-54.0305,-5.5725,2.0763,0.14429,-1.38696,-0.96765,-1.2901,-36.2977,-1.1145
374864068,-0.87292,-2.00000,1.99994,-32.6794,-10.6031,-15.4504,0.15271,-1.37085,-0.95312,-1.7939,-37.0305,-0.7557
374865068,-0.91492,-1.56982,1.85632,-9.7710,-20.5649,-22.6107,0.16064,-1.35400,-0.93896,-2.1985,-37.5954,-0.4504
374866067,-0.69287,-1.23279,1.99994,21.7099,-30.6947,-20.0611,0.16797,-1.33594,-0.92517,-2.4733,-38.0076,-0.2290
374867067,-0.39526,-1.54797,1.99994,36.2137,-46.8473,-9.7023,0.17590,-1.31592,-0.91101,-2.6336,-38.2519,-0.1069
374868067,-0.35657,-1.90564,1.99994,23.0458,-63.2366,0.8397,0.18408,-1.29663,-0.89636,-2.6412,-38.2977,-0.0840
374869067,-0.55042,-1.94397,1.99994,10.0000,-72.7557,4.0153,0.19165,-1.28040,-0.88269,-2.4809,-38.1527,-0.1985
374870067,-0.43213,-1.63916,1.99994,15.1145,-75.2290,1.0229,0.19873,-1.26587,-0.87134,-2.2137,-37.7939,-0.3969
374871068,-0.15869,-1.56421,1.99994,13.7939,-87.0229,3.2061,0.20544,-1.25146,-0.86011,-1.8092,-37.2290,-0.6565
374872067,-0.25635,-2.00000,1.99994,-9.8015,-109.7939,11.8931,0.21143,-1.23816,-0.84644,-1.2443,-36.4504,-0.9313
374873067,-0.35803,-2.00000,1.72021,-30.9847,-122.4198,14.3817,0.21863,-1.22693,-0.83252,-0.4962,-35.4733,-1.2519
374874068,-0.31006,-2.00000,1.45544,-37.3359,-130.9466,2.1985,0.22729,-1.21716,-0.82031,0.4427,-34.2901,-1.6336
374875068,-0.66956,-2.00000,0.78931,-56.9695,-141.4885,-15.5344,0.23572,-1.20911,-0.80896,1.5802,-32.9313,-2.0763
374876068,-1.07214,-2.00000,0.52087,-92.2061,-139.9084,-26.7099,0.24377,-1.20239,-0.79712,2.9084,-31.4122,-2.5115
374877067,-0.70837,-1.02039,1.22180,-115.4962,-119.8015,-25.1527,0.25159,-1.19739,-0.78381,4.3893,-29.7099,-2.9160
374878068,-0.29492,-0.57800,1.99994,-123.9542,-107.6794,-12.0153,0.25916,-1.19312,-0.76978,6.0000,-27.8168,-3.2824
374879068,-0.40405,-0.97070,1.82031,-129.5267,-118.9695,3.0305,0.26782,-1.18835,-0.75562,7.6794,-25.7786,-3.5725
374880068,-0.35913,-1.07764,1.16199,-134.7176,-122.1221,11.5954,0.27661,-1.18457,-0.74097,9.4351,-23.6412,-3.7786
374881068,-0.18774,-0.78674,1.28674,-146.8397,-120.0000,17.1756,0.28296,-1.18140,-0.72632,11.2748,-21.4733,-3.9237
374882068,-0.15308,-0.40149,1.50891,-158.9695,-129.2519,22.1145,0.28784,-1.17688,-0.71094,13.0992,-19.2519,-4.0076
374883067,-0.19763,-0.14417,1.38696,-149.1679,-155.9847,24.6489,0.29163,-1.17090,-0.69324,14.8321,-16.9847,-3.9771
374884067,-0.36755,-0.10291,0.97107,-120.9313,-192.3969,24.0153,0.29480,-1.16394,-0.67383,16.4427,-14.6947,-3.8397
374885067,-0.68958,-0.38623,0.49646,-110.4046,-222.1298,26.4809,0.29712,-1.15662,-0.65503,17.9313,-12.4198,-3.5802
374886067,-0.80750,-1.04504,0.15137,-121.6794,-229.4656,31.2748,0.29834,-1.14929,-0.63611,19.2672,-10.2748,-3.2137
374887068,-0.76990,-1.41284,0.21069,-126.7863,-224.1756,29.3893,0.29797,-1.14111,-0.61694,20.3969,-8.2824,-2.7710
374888068,-0.93481,-1.28076,-0.02905,-121.6107,-224.2824,24.7863,0.29602,-1.13208,-0.59912,21.3282,-6.4275,-2.2366
374889068,-1.29858,-1.20190,-1.37048,-121.8092,-230.2214,25.3053,0.29480,-1.12341,-0.58191,22.0763,-4.7481,-1.6107
374890067,-1.93713,-1.25293,-2.00000,-129.2672,-233.8015,27.8168,0.29431,-1.11475,-0.56543,22.6489,-3.2901,-0.9389
374891068,-2.00000,-1.36462,-2.00000,-125.2366,-228.3435,25.2901,0.29248,-1.09753,-0.53406,23.1985,-0.9771,0.5344
374892068,-2.00000,-1.44763,-2.00000,-100.6183,-222.4580,14.9695,0.29175,-1.09045,-0.51868,23.2443,-0.1603,1.3206
374893067,-2.00000,-1.57300,-2.00000,-66.0687,-217.5878,1.0840,0.29138,-1.08337,-0.50378,23.1527,0.3817,2.0840
374894068,-2.00000,-1.83228,-2.00000,-39.0916,-195.3817,-12.2901,0.29150,-1.07690,-0.48926,22.9466,0.6870,2.8321
374895067,-2.00000,-2.00000,-2.00000,-29.0153,-155.2366,-23.6031,0.29333,-1.07104,-0.47498,22.6336,0.7786,3.5954
374896067,-2.00000,-1.83899,-2.00000,-28.3282,-116.5267,-35.3664,0.29663,-1.06567,-0.46167,22.1985,0.6718,4.3282
374897067,-2.00000,-1.19666,-2.00000,-19.5038,-82.2290,-48.3130,0.29968,-1.06201,-0.44836,21.6412,0.3740,5.0305
374898067,-2.00000,-0.81897,-2.00000,-5.0305,-51.5878,-56.8015,0.30310,-1.05957,-0.43481,21.0534,-0.1221,5.6870
374899068,-2.00000,-0.88879,-2.00000,-6.1450,-29.2519,-57.0534,0.30896,-1.05762,-0.42249,20.4351,-0.7786,6.3359
374900068,-2.00000,-0.79907,-2.00000,-24.3206,-19.1069,-52.2901,0.31689,-1.05603,-0.41003,19.7710,-1.5496,6.9313
374901068,-1.68237,-0.16663,-2.00000,-35.3053,-15.7176,-47.9618,0.32471,-1.05566,-0.39661,19.0458,-2.4656,7.4580
374902067,-1.14087,0.53894,-1.99524,-24.2977,-14.1374,-44.7634,0.33313,-1.05725,-0.38293,18.2824,-3.5115,7.9618
374903067,-0.69800,0.76062,-1.43896,-0.8702,-20.3435,-40.7786,0.34277,-1.06104,-0.36987,17.4809,-4.6489,8.4198
374904067,-0.62598,0.56555,-1.61682,17.4809,-34.2214,-35.3053,0.35315,-1.06653,-0.35913,16.6336,-5.8702,8.8397
374905067,-0.71265,0.25610,-1.89478,27.8397,-45.9847,-31.5725,0.36292,-1.07190,-0.34839,15.7634,-7.1679,9.2443
374906067,-0.80530,0.05762,-1.74512,41.4198,-52.1450,-34.3282,0.37268,-1.07800,-0.33691,14.8702,-8.4885,9.6565
374907068,-0.94946,0.04260,-1.53406,66.5191,-55.9008,-43.4809,0.38403,-1.08582,-0.32825,13.9389,-9.8702,10.0229
374908067,-1.21130,0.10205,-1.61340,96.5649,-59.0611,-53.1069,0.39478,-1.09509,-0.32031,12.9695,-11.2901,10.3511
374909068,-1.49658,-0.04907,-1.92529,113.3282,-57.3053,-56.0840,0.40491,-1.10645,-0.31116,11.9313,-12.6947,10.6489
374910067,-1.60278,-0.43726,-2.00000,105.5573,-41.8321,-51.6031,0.41638,-1.11841,-0.30408,10.8473,-14.0840,10.9618
374911067,-1.60632,-0.76880,-1.89160,82.8168,-18.9237,-44.4809,0.42725,-1.12939,-0.29895,9.7481,-15.4656,11.2519
374912067,-1.53589,-0.95239,-1.76855,63.5038,1.4504,-38.3893,0.43738,-1.14014,-0.29395,8.6489,-16.8473,11.5115
374913067,-1.34985,-0.81433,-1.66504,52.2290,14.3664,-34.3206,0.44849,-1.15161,-0.28979,7.5649,-18.2290,11.7557
374914067,-1.14819,-0.14722,-1.56494,40.2519,18.5954,-29.4885,0.45886,-1.16333,-0.28784,6.4809,-19.5954,11.9313
374915067,-0.88440,0.49133,-1.28540,23.9084,20.1679,-19.4580,0.46790,-1.17542,-0.28687,5.4198,-20.9008,12.0687
374916067,-0.59192,0.49146,-0.70703,16.5725,17.3435,-8.9389,0.47620,-1.18713,-0.28674,4.4427,-22.1145,12.1527
374917067,-0.36511,0.14478,-0.27258,38.3282,5.8702,-9.1756,0.48340,-1.19751,-0.28735,3.5878,-23.2595,12.2061
374918067,-0.34131,0.09509,-0.23987,82.6031,-8.4885,-21.6947,0.49023,-1.20642,-0.28870,2.8168,-24.3664,12.2061
374919067,-0.53650,0.44360,-0.43982,113.1450,-17.8092,-33.3817,0.49707,-1.21472,-0.29028,2.1527,-25.4351,12.1374
374920067,-0.61499,0.73071,-0.52783,116.3359,-15.1756,-35.1298,0.50330,-1.22229,-0.29114,1.6183,-26.4198,11.9466
374921067,-0.64319,0.63733,-0.38611,119.0153,-9.5725,-32.6260,0.50964,-1.22852,-0.29187,1.2137,-27.3130,11.6183
374922067,-0.82971,0.10120,-0.39575,139.1374,-11.2672,-32.6260,0.51721,-1.23291,-0.29260,0.9237,-28.1603,11.1756
374923067,-1.01172,-0.73682,-0.56262,158.1221,-12.9695,-32.8473,0.52478,-1.23596,-0.29370,0.7634,-28.9084,10.6412
374924065,-1.15161,-1.45251,-0.74182,149.7863,-8.8855,-27.8397,0.53223,-1.23828,-0.29565,0.7023,-29.5496,10.0229
374925065,-1.20630,-1.64832,-0.73083,111.8244,2.7099,-16.9847,0.53931,-1.23987,-0.29858,0.7328,-30.0687,9.3206
374926069,-1.04932,-1.48743,-0.45129,67.1679,14.4580,-3.4427,0.54578,-1.23950,-0.30078,0.8626,-30.4809,8.5573
374927067,-0.77637,-1.17493,-0.20996,36.0763,18.8855,6.7481,0.55249,-1.23755,-0.30273,1.0916,-30.7328,7.7176
374928067,-0.61829,-0.61804,-0.03992,17.2137,17.0382,12.1679,0.55933,-1.23560,-0.30542,1.3969,-30.8092,6.8015
374929068,-0.54663,-0.20667,-0.04382,-1.6718,12.8855,18.0687,0.56653,-1.23328,-0.30786,1.7557,-30.7328,5.8168
374930068,-0.45044,-0.20190,0.30981,-20.6718,14.1374,23.3740,0.57385,-1.23059,-0.30884,2.1908,-30.5038,4.8168
374931068,-0.12256,-0.23413,1.87842,-14.3664,20.7328,18.9618,0.58044,-1.22717,-0.30957,2.6870,-30.1450,3.8168
374932068,-0.08350,-0.38757,1.98840,4.4122,17.1145,16.5344,0.58752,-1.22314,-0.31116,3.2214,-29.6336,2.7863
374933068,-0.06628,-0.70862,1.82764,16.9084,11.8244,17.4427,0.59497,-1.21851,-0.31140,3.7710,-28.9771,1.7023
374934068,0.06250,-0.84229,1.89563,19.2137,5.3359,21.0534,0.60193,-1.21350,-0.31030,4.3130,-28.1908,0.5878
374935068,0.03296,-0.77161,1.78491,9.8855,-14.0000,28.6565,0.60754,-1.20740,-0.30945,4.8702,-27.2824,-0.5038
374936068,-0.00049,-0.78076,1.65503,-4.7939,-37.6870,38.3664,0.61145,-1.19971,-0.30847,5.4733,-26.1985,-1.5573
374937068,-0.01758,-0.93176,1.73657,-17.6565,-63.0305,47.3511,0.61450,-1.19153,-0.30652,6.1221,-24.9771,-2.5725
374938067,-0.18030,-1.20947,1.42639,-35.8321,-88.6870,55.7023,0.61768,-1.18286,-0.30408,6.7557,-23.6565,-3.6183
374939067,-0.32446,-1.50256,0.78918,-60.4885,-104.1756,61.0763,0.62000,-1.17334,-0.30176,7.3359,-22.2366,-4.6565
374940067,-0.43152,-1.50122,0.41687,-75.4504,-106.2824,58.2901,0.62097,-1.16284,-0.29810,7.8626,-20.7023,-5.6641
374941068,-0.61121,-1.10596,0.49194,-72.8855,-97.1603,48.3130,0.62195,-1.15186,-0.29150,8.4046,-19.0992,-6.6031
374942067,-0.83765,-0.76465,0.24951,-63.2290,-86.5649,39.3511,0.62195,-1.14087,-0.28430,8.9389,-17.4427,-7.4656
374943068,-1.02808,-0.91516,-0.30090,-52.9389,-74.5573,34.9008,0.61975,-1.12927,-0.27820,9.4809,-15.7786,-8.2824
374944067,-1.03979,-1.32458,-0.28552,-37.8855,-58.7481,29.9160,0.61584,-1.11743,-0.27209,9.9695,-14.0992,-9.0534
374945067,-0.84265,-1.55017,0.05286,-27.5954,-45.6336,25.4580,0.61182,-1.10535,-0.26587,10.4046,-12.3893,-9.8092
374946067,-0.57886,-1.48804,0.11047,-32.5191,-41.0534,26.7557,0.60815,-1.09351,-0.25818,10.8550,-10.6870,-10.5267
374947067,-0.59338,-1.05981,-0.02100,-44.2672,-48.4809,32.8550,0.60364,-1.08179,-0.24902,11.3282,-8.9924,-11.2214
374948067,-0.63379,-0.62598,0.01550,-57.2901,-57.6489,43.2595,0.59790,-1.06946,-0.24084,11.7939,-7.2977,-11.8702
374949067,-0.48376,-0.70911,0.17932,-79.8626,-66.1679,58.0840,0.59119,-1.05701,-0.23352,12.2519,-5.6412,-12.4809
374950067,-0.59753,-1.20129,0.03699,-109.2977,-79.9389,72.1221,0.58374,-1.04382,-0.22461,12.7252,-4.0458,-13.0687
374951067,-0.72693,-1.61377,-0.26929,-129.1603,-88.1832,77.0840,0.57544,-1.02991,-0.21460,13.1985,-2.4885,-13.6412
374952068,-0.72510,-1.58569,-0.33850,-135.0382,-89.2595,72.0611,0.56750,-1.01538,-0.20508,13.6641,-0.9847,-14.1908
374953068,-0.89429,-1.34924,-0.53967,-133.1450,-91.0153,63.9847,0.55908,-1.00110,-0.19592,14.1374,0.4809,-14.7405
374954068,-1.05200,-1.10571,-0.96619,-124.6412,-87.1679,56.1527,0.55029,-0.98718,-0.18628,14.6183,1.9008,-15.2824
374955068,-1.20154,-0.90039,-1.47009,-110.4351,-81.3435,49.7481,0.54150,-0.97290,-0.17651,15.0916,3.2443,-15.7710
374956068,-1.44604,-1.05054,-1.55115,-93.5573,-71.9847,45.7328,0.53235,-0.95850,-0.16760,15.5573,4.5038,-16.1908
374957067,-1.29443,-1.73938,-0.48157,-69.9618,-47.4580,40.8626,0.52295,-0.94409,-0.15918,15.9924,5.7099,-16.5573
374958067,-0.88159,-2.00000,0.37268,-39.6718,-29.8168,31.4809,0.51367,-0.93042,-0.15039,16.3969,6.8321,-16.8702
374959067,-0.99500,-2.00000,-0.22424,-19.9313,-33.5802,22.0916,0.50464,-0.91711,-0.14148,16.8015,7.8550,-17.1221
374960067,-1.06689,-2.00000,-0.84436,-16.3969,-39.2443,15.0611,0.49548,-0.90479,-0.13184,17.1908,8.7939,-17.3282
374961067,-0.71875,-2.00000,-0.43420,-17.4122,-43.2443,5.7863,0.48657,-0.89294,-0.12097,17.5573,9.6565,-17.5344
374962068,-0.59790,-2.00000,-0.07019,-17.5344,-60.2519,-5.9466,0.47827,-0.88049,-0.11011,17.8931,10.4504,-17.7328
374963068,-0.69861,-2.00000,-0.24878,-12.6718,-83.9084,-19.1527,0.47058,-0.86841,-0.09985,18.1832,11.1527,-17.8702
374964068,-0.81738,-2.00000,-0.31116,-4.8550,-98.7023,-30.6794,0.46350,-0.85547,-0.09082,18.4580,11.7557,-17.9237
374965068,-0.95081,-2.00000,-0.57104,-10.2977,-101.5725,-36.3282,0.45605,-0.84229,-0.08191,18.7023,12.2748,-17.9237
374966067,-1.10364,-2.00000,-1.08777,-28.2595,-88.8397,-39.0687,0.44897,-0.83020,-0.07324,18.8855,12.7328,-17.8855
374967067,-1.37354,-1.79492,-1.52502,-34.9466,-72.9847,-42.2443,0.44202,-0.81934,-0.06506,19.0000,13.1145,-17.8397
374968067,-1.61914,-0.98743,-1.92993,-29.0382,-58.2290,-42.3588,0.43567,-0.80945,-0.05627,19.0382,13.4046,-17.7328
374969067,-1.66565,-0.56946,-2.00000,-30.7557,-45.9847,-33.3969,0.42908,-0.79980,-0.04858,19.0229,13.5725,-17.5725
374970068,-1.65820,-0.85828,-2.00000,-33.0840,-34.1069,-22.1298,0.42151,-0.78979,-0.04211,18.9771,13.6641,-17.3511
374971067,-1.38550,-1.38672,-2.00000,-10.4504,-24.1069,-23.1756,0.41541,-0.78040,-0.03430,18.9084,13.6718,-17.0992
374972067,-1.17993,-1.59875,-2.00000,23.6641,-24.3893,-34.6260,0.41113,-0.77258,-0.02722,18.8244,13.6412,-16.8244
374973067,-1.41455,-1.71704,-2.00000,33.6183,-32.7634,-42.2595,0.40698,-0.76416,-0.02234,18.7252,13.5878,-16.5267
374974068,-1.65125,-1.89893,-2.00000,24.6489,-30.1756,-47.0534,0.40234,-0.75488,-0.01636,18.6183,13.5115,-16.1985
374975068,-1.75891,-2.00000,-2.00000,23.1221,-16.4580,-56.9389,0.39832,-0.74646,-0.00928,18.4885,13.3817,-15.8779
374976068,-1.71558,-2.00000,-2.00000,36.7023,0.3740,-71.2290,0.39600,-0.73865,-0.00378,18.3435,13.1985,-15.5496
374977064,-1.68677,-2.00000,-2.00000,50.4198,19.5267,-85.4198,0.39392,-0.73083,0.00061,18.1985,12.9771,-15.2137
374978064,-1.65173,-2.00000,-2.00000,46.4656,45.5267,-94.1679,0.39160,-0.72388,0.00464,18.0763,12.7405,-14.8855
374979068,-1.39966,-1.27368,-2.00000,23.6183,83.2137,-95.7252,0.39001,-0.71802,0.00916,18.0000,12.4809,-14.5267
374980068,-1.16541,-0.52527,-1.68555,4.7252,110.9542,-91.1756,0.38867,-0.71338,0.01208,17.9389,12.1985,-14.2061
374981068,-0.88232,-0.32129,-1.08936,6.5725,123.6794,-84.1756,0.38708,-0.71069,0.01331,17.9084,11.8931,-13.8702
374982068,-0.59424,-0.51953,-0.45056,16.8702,120.3740,-76.8473,0.38599,-0.70886,0.01514,17.9389,11.5802,-13.5344
374983067,-0.38037,-0.67310,-0.10217,16.0076,106.3359,-69.5038,0.38440,-0.70728,0.01648,18.0382,11.2519,-13.1908
374984067,-0.08215,-0.43750,0.53455,10.5573,95.6183,-64.7328,0.38098,-0.70581,0.01685,18.1756,10.9160,-12.8321
374985067,0.16772,0.01807,1.00110,24.7481,74.2824,-64.9847,0.37732,-0.70471,0.01709,18.3282,10.5725,-12.4275
374986067,0.32214,0.13501,0.91467,64.2519,47.4046,-70.6641,0.37537,-0.70361,0.01770,18.4962,10.1985,-12.0076
374987068,0.06543,-0.28796,0.60913,95.9771,19.9924,-76.3053,0.37378,-0.70325,0.01807,18.6718,9.8015,-11.5878
374988068,-0.33728,-1.02869,-0.01318,94.0153,6.0153,-78.3053,0.37146,-0.70422,0.01855,18.8626,9.3893,-11.1374
374989068,-0.43127,-1.50098,-0.21667,79.9847,16.3664,-84.6794,0.36951,-0.70593,0.01880,19.0611,8.9618,-10.6718
374990067,-0.60107,-1.41479,-0.21118,87.1374,27.2137,-98.9924,0.36633,-0.71045,0.02075,19.4046,8.0763,-9.6412
374991068,-0.69678,-1.09167,-0.34973,111.2366,37.0305,-113.3130,0.36401,-0.71240,0.02148,19.5191,7.5954,-9.0229
374992067,-0.67908,-0.84375,-0.58826,121.0534,47.3282,-117.1832,0.36169,-0.71521,0.02197,19.5878,7.0916,-8.3664
374993067,-0.83533,-0.79468,-1.03625,100.7634,58.2137,-108.4122,0.36084,-0.71899,0.02258,19.6336,6.5802,-7.6718
374994067,-0.79871,-0.76697,-1.04102,73.1069,74.5191,-96.7786,0.36084,-0.72327,0.02209,19.6336,6.0382,-6.9618
374995067,-0.50720,-0.51245,-0.54199,65.7481,84.8397,-91.4580,0.36096,-0.72729,0.02063,19.5802,5.4885,-6.2443
374996068,-0.34326,-0.15820,-0.26038,71.0458,80.3359,-88.0611,0.36121,-0.73071,0.01953,19.4504,4.9008,-5.5191
374997067,-0.28845,-0.00879,-0.32056,64.8550,71.2443,-79.2214,0.36194,-0.73352,0.01794,19.2061,4.2748,-4.7710
374998067,-0.22888,-0.14893,-0.36401,44.9084,66.8321,-67.1069,0.36169,-0.73535,0.01489,18.8321,3.6412,-3.9771
374999067,-0.37524,-0.32104,-0.40796,29.8779,64.7099,-59.9771,0.36182,-0.73633,0.01172,18.3130,3.0153,-3.1374
375000067,-0.71155,-0.23389,-0.61902,32.2214,63.8779,-61.4580,0.36340,-0.73718,0.00977,17.6412,2.3435,-2.2824
375001068,-0.76184,-0.07703,-0.79956,42.4962,72.7557,-65.5115,0.36389,-0.73962,0.00818,16.8015,1.6107,-1.4427
375002067,-0.70435,-0.04065,-0.17004,40.2443,92.4504,-65.1679,0.36414,-0.74231,0.00610,15.7863,0.8015,-0.5802
375003067,-0.41125,-0.06482,1.29187,22.2595,123.8931,-60.1527,0.36560,-0.74451,0.00330,14.6183,-0.0611,0.2748
375004067,0.38940,-0.02344,1.99994,6.7710,155.7863,-54.6794,0.36804,-0.74683,-0.00061,13.3206,-0.9466,1.1298
375005067,0.64001,0.18030,1.99994,4.7252,154.3206,-50.6947,0.37024,-0.74878,-0.00525,11.8779,-1.8473,1.9008
375006067,0.54944,0.33276,1.69263,17.4962,134.1374,-49.3282,0.37329,-0.75073,-0.00916,10.3130,-2.7939,2.5954
375007067,0.91980,0.31946,1.99994,31.4885,115.3588,-48.4198,0.37805,-0.75305,-0.01160,8.6565,-3.7481,3.2061
375008067,1.23108,0.06396,1.99994,28.8473,82.7176,-42.3588,0.38367,-0.75476,-0.01331,6.9160,-4.7099,3.7481
375009067,1.25073,-0.15723,1.99994,22.8397,46.8931,-37.2672,0.38892,-0.75574,-0.01440,5.1527,-5.6870,4.2137
375010065,1.20959,-0.05725,1.99994,34.0229,19.3053,-38.8550,0.39478,-0.75745,-0.01550,3.3664,-6.6870,4.6031
375011069,1.06860,0.06445,1.99994,44.0229,-0.9771,-39.2443,0.40247,-0.75977,-0.01624,1.5649,-7.6718,4.9008
375012067,0.70300,0.10413,1.99994,31.2748,-12.1145,-33.4046,0.41150,-0.76208,-0.01538,-0.2672,-8.6183,5.0458
375013067,0.28320,0.05823,1.84937,11.8015,-17.2901,-25.4275,0.42017,-0.76477,-0.01355,-2.1221,-9.4962,5.0840
375014067,0.05530,-0.03235,1.09558,2.8244,-17.4427,-20.6641,0.42822,-0.76892,-0.01257,-3.9466,-10.2977,5.0229
375015067,-0.02747,0.05225,1.19360,-6.3359,-13.1985,-17.4504,0.43762,-0.77380,-0.01208,-5.7176,-11.0382,4.8931
375016067,0.06409,0.34192,1.69434,-25.1221,-2.1221,-10.9542,0.44800,-0.77905,-0.01111,-7.4046,-11.7023,4.6870
375017068,0.21106,0.70300,1.82068,-48.2977,8.5344,1.1908,0.45654,-0.78552,-0.00903,-9.0000,-12.2901,4.3893
375018067,0.13110,0.87195,1.45605,-65.1527,11.0153,15.9618,0.46472,-0.79309,-0.00684,-10.4656,-12.7786,3.9924
375019067,0.21240,0.72754,1.37036,-65.2748,14.9084,25.9008,0.47363,-0.80103,-0.00464,-11.8321,-13.1756,3.4656
375020068,0.52515,0.52356,1.78174,-55.9237,17.6260,29.5725,0.48193,-0.80481,-0.00220,-13.1374,-13.5267,2.7863
375021068,0.71912,0.47888,1.99622,-51.2137,10.0000,30.8473,0.49060,-0.81189,-0.00085,-14.2977,-13.7176,2.1908
375022067,0.72925,0.63818,1.99994,-45.2595,-3.2137,29.6412,0.49841,-0.82214,-0.00049,-15.2366,-13.7099,1.5725
375023067,0.58594,0.67944,1.93384,-28.5267,-20.3969,26.4733,0.50415,-0.82935,0.00171,-16.0000,-13.5496,0.8779
375024068,0.50342,0.40942,1.84546,-18.3893,-29.4427,24.8702,0.51062,-0.83826,0.00500,-16.6336,-13.3053,0.1450
375025067,0.35083,0.14343,1.99994,-36.6336,-28.5573,29.8015,0.51794,-0.84778,0.00867,-17.1298,-12.9389,-0.6260
375026067,0.21558,0.23560,1.93420,-69.9466,-24.7557,39.6489,0.52563,-0.85657,0.01245,-17.4733,-12.4427,-1.3817
375027067,0.32922,0.68311,1.78101,-87.9008,-17.4046,49.1221,0.53394,-0.86633,0.01697,-17.6260,-11.8092,-2.1450
375028067,0.22632,1.00977,1.54163,-92.1069,-21.9237,61.0000,0.54297,-0.87476,0.02039,-17.6489,-11.0611,-2.9695
375029067,0.14514,0.86133,1.27515,-103.5038,-27.1756,79.3664,0.55188,-0.88367,0.02173,-17.5115,-10.1679,-3.7405
375030068,0.32141,0.38745,1.34534,-128.0916,-29.6947,99.8168,0.56128,-0.89575,0.02393,-17.1374,-9.0916,-4.4427
375031067,0.25708,-0.05774,1.19836,-148.7786,-39.4962,113.4122,0.57153,-0.90796,0.02673,-16.5344,-7.8626,-5.1145
375032067,0.11218,-0.21228,1.03101,-144.1908,-49.6794,113.2061,0.58057,-0.91943,0.03125,-15.7557,-6.5115,-5.8015
375033068,0.07605,-0.21094,0.96924,-113.5420,-59.1908,102.7405,0.58850,-0.92896,0.03564,-14.8244,-5.0763,-6.4809
375034067,-0.12708,-0.48132,0.65747,-87.1756,-68.4656,93.1527,0.59705,-0.93835,0.03735,-13.7481,-3.5191,-7.1450
375035067,-0.43140,-1.19482,0.22681,-80.2519,-68.6718,87.4275,0.60620,-0.94739,0.03809,-12.5344,-1.8397,-7.7634
375036067,-0.70996,-2.00000,-0.12585,-73.2595,-60.3359,77.7557,0.61475,-0.95435,0.03943,-11.1679,-0.0763,-8.3664
375037068,-0.98779,-2.00000,-0.34448,-56.6947,-46.3053,59.3817,0.62207,-0.95935,0.04260,-9.6947,1.7786,-8.9542
375038067,-1.03601,-2.00000,-0.25439,-50.6794,-25.2748,38.5878,0.62964,-0.96326,0.04761,-8.1756,3.7099,-9.5115
375039067,-0.91125,-1.50208,0.11011,-67.3359,-1.5954,27.8473,0.63806,-0.96704,0.05310,-6.6183,5.6870,-10.0687
375040067,-0.78015,-0.57959,0.42834,-98.1756,14.8168,33.9924,0.64587,-0.96985,0.05737,-5.0305,7.6947,-10.6031
375041068,-0.41602,-0.47681,0.82751,-121.5344,23.6336,46.5496,0.65198,-0.97156,0.06055,-3.4504,9.7328,-11.0992
375042068,-0.02075,-0.73926,1.33423,-124.1069,20.2901,53.1985,0.65625,-0.97388,0.06409,-1.8473,11.8015,-11.5267
375043067,0.11938,-0.84229,1.48206,-117.5038,5.6031,53.8550,0.66003,-0.97693,0.06775,-0.2214,13.8473,-11.9160
375044068,0.26477,-0.55505,1.58984,-117.6412,-7.9313,53.6031,0.66333,-0.98022,0.07202,1.4046,15.8473,-12.2748
375045068,0.38599,-0.06738,1.76123,-117.0534,-23.7710,55.2366,0.66638,-0.98303,0.07605,3.0382,17.8397,-12.6183
375046067,0.32410,0.21704,1.70447,-103.6565,-43.3511,57.0229,0.66992,-0.98511,0.07959,4.6336,19.8397,-12.9160
375047068,0.20386,0.12939,1.49402,-82.8168,-60.3359,56.6870,0.67322,-0.98596,0.08398,6.1756,21.8397,-13.1527
375048067,-0.01855,-0.22534,1.09363,-68.8550,-70.8168,55.5115,0.67480,-0.98682,0.08887,7.7023,23.8015,-13.3511
375049067,-0.39539,-0.84448,0.52722,-70.3511,-74.8321,57.2977,0.67529,-0.98804,0.09290,9.2366,25.6947,-13.5267
375050067,-0.67981,-1.87817,0.15686,-83.0763,-70.2748,61.4198,0.67615,-0.98816,0.09570,10.7099,27.5496,-13.6794
375051068,-0.66724,-2.00000,0.14819,-95.5649,-57.2061,58.9389,0.67651,-0.98669,0.09802,12.0992,29.3740,-13.8168
375052068,-0.60046,-2.00000,0.02698,-104.7099,-43.5038,46.5038,0.67578,-0.98535,0.09961,13.4122,31.1679,-13.9084
375053068,-0.69470,-0.84937,-0.31433,-115.4809,-33.0305,37.1374,0.67480,-0.98389,0.10095,14.6870,32.8931,-13.9389
375054067,-0.77393,-0.24854,-0.53333,-126.5344,-27.7710,40.1832,0.67371,-0.98108,0.10291,15.9084,34.5496,-13.9389
375055067,-0.79529,-1.03296,-0.63953,-125.9771,-29.6565,46.1069,0.67236,-0.97803,0.10461,17.0305,36.1679,-13.9008
375056067,-0.90295,-2.00000,-1.16943,-98.0153,-42.3435,37.0687,0.67078,-0.97522,0.10645,18.0305,37.7252,-13.8473
375057065,-1.01868,-2.00000,-1.61426,-44.3664,-50.3206,8.6183,0.66846,-0.97314,0.10815,18.9695,39.2290,-13.7634
375058069,-0.86890,-1.62207,-1.35046,7.7099,-45.3435,-23.6718,0.66504,-0.97107,0.10901,19.8702,40.6870,-13.6565
375059068,-1.24805,-0.12659,-1.76453,33.2519,-31.7023,-40.8855,0.66101,-0.96838,0.10913,20.7252,42.0687,-13.5420
375060067,-1.49219,-0.81458,-2.00000,44.3359,-16.5573,-42.0229,0.65662,-0.96521,0.10925,21.5344,43.3893,-13.4198
375061068,-1.37439,-1.52722,-2.00000,67.6641,8.4580,-54.1145,0.65210,-0.96143,0.11133,22.2824,44.6489,-13.2901
375062068,-1.35059,-1.40271,-2.00000,73.3588,29.4809,-66.3511,0.64722,-0.95886,0.11389,22.9924,45.8702,-13.1527
375063068,-1.45728,-0.56140,-2.00000,49.8931,46.4656,-66.2290,0.64160,-0.95703,0.11462,23.6870,47.0382,-13.0153
375064067,-1.37305,0.21326,-2.00000,21.1069,62.4809,-54.1298,0.63599,-0.95508,0.11548,24.3740,48.1221,-12.9008
375065068,-0.94910,0.41052,-1.40381,8.8244,80.1298,-40.3053,0.62988,-0.95227,0.11731,25.0458,49.1069,-12.8092
375066067,-0.49500,0.08057,-0.43225,9.9084,91.1908,-30.6260,0.62317,-0.94849,0.11963,25.6870,50.0153,-12.7405
375067068,-0.37854,-0.15967,-0.22205,11.7939,93.9542,-26.5496,0.61719,-0.94397,0.12109,26.2519,50.8321,-12.7023
375068067,-0.29626,0.30408,-0.15845,13.0840,97.4809,-27.1221,0.61133,-0.93872,0.12158,26.7557,51.5496,-12.7099
375069067,0.20813,1.01782,1.07092,20.5115,111.1069,-28.1450,0.60474,-0.93347,0.12170,27.1908,52.1450,-12.7557
375070067,0.83618,1.07227,1.99994,37.4275,116.4122,-26.5344,0.59766,-0.92822,0.12231,27.5267,52.6107,-12.7939
375071067,1.02747,0.43762,1.99994,57.1527,96.4351,-23.9466,0.59033,-0.92261,0.12268,27.7786,52.9466,-12.8397
375072065,0.81360,-0.14624,1.99994,77.4198,67.9084,-26.7023,0.58264,-0.91663,0.12317,27.9389,53.1756,-12.9160
375073069,0.68506,-0.25562,1.94873,90.3588,44.8779,-32.3435,0.57434,-0.91052,0.12476,27.9924,53.3206,-13.0534
375074068,0.87939,-0.23718,1.99994,81.0611,29.8855,-29.6031,0.56604,-0.90503,0.12537,27.9313,53.3435,-13.2672
375075067,0.84253,-0.34595,1.99994,61.2137,5.3588,-19.0763,0.55859,-0.89978,0.12402,27.7863,53.2366,-13.5191
375076067,0.56641,-0.52234,1.99994,52.7557,-19.8931,-8.8931,0.55127,-0.89514,0.12170,27.5573,53.0153,-13.8168
375077065,0.51050,-0.59778,1.98877,44.5878,-30.7481,-0.3130,0.54333,-0.89050,0.12024,27.2519,52.7023,-14.1450
375078065,0.33130,-0.42419,1.52539,19.1298,-31.3740,10.0763,0.53577,-0.88586,0.11987,26.8550,52.2595,-14.5191
375079065,-0.01917,-0.26074,0.86963,-5.7023,-25.5038,20.4809,0.52844,-0.88306,0.11877,26.3893,51.7405,-14.9008
375080069,-0.14856,-0.41321,0.59058,-4.3130,-19.0382,24.8092,0.52148,-0.88184,0.11658,25.8931,51.1603,-15.2901
375081068,-0.20264,-0.86902,0.47766,14.8092,-19.5344,22.0840,0.51501,-0.87988,0.11401,25.3435,50.5344,-15.7176
375082068,-0.37561,-1.28088,0.02893,28.0382,-21.4656,15.5802,0.50671,-0.87500,0.11084,24.7023,49.8321,-16.1756
375083068,-0.48206,-1.29553,-0.47302,28.5725,-17.6870,8.7557,0.49341,-0.86511,0.10596,23.9084,49.0153,-16.6107
375084068,-0.42297,-1.05847,-0.44934,25.1985,-10.5954,4.5725,0.46509,-0.83850,0.09631,22.8626,48.0611,-17.0000
375085067,-0.32471,-0.97620,-0.07129,22.7405,-6.4504,4.8015,0.39648,-0.76099,0.09338,21.1298,46.8550,-17.2977
375086068,-0.34814,-1.13037,0.01941,17.0458,-6.6107,8.9847,0.31311,-0.66370,0.10303,17.4504,44.6565,-17.1756
375087067,-0.40015,-1.29089,-0.12793,4.4046,-2.5038,14.4809,0.25867,-0.60193,0.11047,11.3435,41.0687,-16.6260
375088068,-0.42505,-1.25964,-0.06689,-12.9847,5.5802,19.8779,0.22791,-0.56567,0.12146,3.7405,36.6718,-15.7328
375089068,-0.38025,-1.12415,0.12268,-23.2443,11.1985,23.6336,0.21057,-0.55042,0.14795,-12.4122,27.2901,-13.2443
375090068,-0.29102,-1.06311,0.14417,-14.7405,10.9008,21.7863,0.21997,-0.55847,0.16040,-20.1908,22.6641,-11.7557
375091067,-0.34375,-1.20703,0.02869,6.2672,4.3893,14.8550,0.23718,-0.57532,0.17090,-27.5344,18.2061,-10.1450
375092067,-0.37097,-1.44092,0.03003,23.6870,-1.6336,5.7863,0.26074,-0.59875,0.17725,-34.2443,13.9542,-8.4962
375093067,-0.30750,-1.47400,0.13562,31.5115,-4.0076,-3.6260,0.28784,-0.62402,0.18213,-40.2061,9.9924,-6.8244
375094067,-0.35742,-1.28564,0.08081,37.2443,-5.6031,-12.8321,0.31665,-0.65308,0.18066,-45.3282,6.4275,-5.1298
375095067,-0.40857,-1.05872,0.01025,48.3206,-4.4275,-20.6336,0.34668,-0.68237,0.17834,-49.6031,3.2901,-3.4962
375096067,-0.34998,-0.98059,0.09961,57.8702,-0.2137,-23.7481,0.37695,-0.71289,0.17346,-53.0534,0.5267,-1.9389
375097068,-0.33643,-0.99060,0.12061,51.5344,5.4962,-20.2595,0.40723,-0.74231,0.16455,-55.6718,-1.8397,-0.4427
375098068,-0.36584,-0.99573,0.05188,30.8473,13.1145,-12.0916,0.43713,-0.76819,0.15454,-57.5115,-3.8244,0.9924
375099067,-0.39844,-0.96753,0.07556,13.9695,18.8473,-4.6412,0.46655,-0.79382,0.14087,-58.5802,-5.4656,2.3282
375100068,-0.46631,-0.79663,-0.17798,9.9466,15.5725,-0.6641,0.49536,-0.81714,0.12708,-58.9466,-6.8168,3.5725
375101068,-0.62683,-0.61230,-1.32764,16.2061,-1.6794,1.6565,0.52344,-0.83911,0.11414,-58.7176,-7.8702,4.6794
375102068,-0.95886,-0.70520,-2.00000,35.0840,-22.0458,0.5191,0.55005,-0.86023,0.10120,-57.9389,-8.6107,5.6641
375103068,-1.00830,-1.27893,-1.90076,63.9618,-19.5725,-6.9542,0.57275,-0.87891,0.08960,-56.6794,-9.0611,6.5802
375104068,-0.80908,-1.94958,-1.00635,76.3053,-5.3435,-15.1985,0.59143,-0.89697,0.07837,-55.0000,-9.2443,7.3893
375105068,-1.07922,-2.00000,-1.59790,64.1145,7.3969,-21.8092,0.60791,-0.91248,0.06897,-53.0305,-9.2061,8.0840
375106068,-1.58240,-1.38159,-2.00000,62.0611,32.2443,-33.0840,0.62170,-0.92566,0.06201,-50.8626,-8.9313,8.6641
375107067,-1.54456,-0.87219,-2.00000,76.1679,72.6947,-43.5802,0.63293,-0.93848,0.05383,-48.5725,-8.4198,9.1527
375108067,-1.11292,-1.03809,-1.77588,74.9313,106.2595,-44.0000,0.64185,-0.94946,0.04480,-46.1985,-7.7405,9.5038
375109067,-1.01843,-1.25317,-1.54285,58.4733,119.0687,-40.3435,0.64880,-0.95813,0.03625,-43.7481,-6.9160,9.7634
375110067,-0.81421,-1.12170,-1.24988,54.5573,128.0305,-41.0534,0.65430,-0.96448,0.02942,-41.2672,-5.9771,9.8702
375111067,-0.29688,-0.76660,-0.40112,62.0076,133.6336,-43.9542,0.65833,-0.96814,0.02393,-38.8092,-4.9466,9.8626
375112067,-0.09619,-0.47632,0.10840,61.4504,124.5344,-40.8931,0.66028,-0.96912,0.01929,-36.4122,-3.8473,9.7786
375113067,0.08813,-0.18982,-0.07007,56.3664,110.1985,-33.9542,0.65869,-0.96570,0.01575,-34.1145,-2.6641,9.5725
375114068,0.37805,0.04553,-0.22559,58.4427,94.3359,-26.5267,0.65479,-0.95874,0.01294,-31.9160,-1.4122,9.2595
375115067,0.12024,-0.53845,-0.39209,63.4122,74.6641,-18.2137,0.65051,-0.95081,0.01123,-29.8244,-0.1221,8.8244
375116067,-0.54626,-1.54187,-0.82471,43.9313,69.2519,-8.0611,0.64526,-0.94202,0.01013,-27.8473,1.1603,8.2366
375117067,-0.93298,-1.97681,-0.08118,-23.0534,98.3664,10.9695,0.63867,-0.93127,0.01038,-26.0153,2.4580,7.5267
375118067,-0.16150,-1.52258,1.96692,-101.2519,156.8931,31.0382,0.63171,-0.91919,0.01208,-24.3435,3.7634,6.7634
375119067,0.51367,-0.43054,1.99994,-130.1221,203.9924,40.5649,0.62512,-0.90698,0.01489,-22.8244,5.0916,5.9313
375120065,0.23840,0.32556,1.99994,-126.2595,201.6947,51.1832,0.61853,-0.89514,0.02014,-21.4809,6.4351,5.0305
375121069,0.78650,0.18335,1.99994,-124.4122,204.1450,67.2595,0.61047,-0.88269,0.02722,-20.2901,7.7939,4.0687
375122068,1.60400,-0.61450,1.99994,-139.5496,189.2137,81.9084,0.60229,-0.86926,0.03540,-19.1985,9.1069,3.0840
375123068,1.92859,-1.69592,1.99994,-151.3817,138.0153,87.6336,0.59521,-0.85425,0.04346,-18.2366,10.3664,2.0611
375124068,1.99994,-2.00000,1.99994,-126.9847,70.9389,73.0229,0.58911,-0.83984,0.05139,-17.4046,11.6107,1.0000
375125068,1.99994,-2.00000,1.99994,-64.2595,-3.1374,45.0458,0.58264,-0.82800,0.06140,-16.6718,12.8397,-0.0458
375126067,1.99994,-1.30664,1.99994,-18.1679,-55.8473,20.8092,0.57629,-0.81812,0.07202,-15.9924,14.0611,-1.0916
375127067,1.81592,-0.05884,1.99994,-11.8397,-89.8397,12.5496,0.57080,-0.80847,0.08032,-15.3664,15.2443,-2.0992
375128067,1.29163,0.15332,1.99994,-11.1985,-105.6031,14.6794,0.56519,-0.79919,0.08740,-14.7710,16.4122,-3.0763
375129067,0.52100,-0.76917,1.99994,11.3893,-122.0916,13.6183,0.55884,-0.79163,0.09314,-14.2290,17.5725,-3.9924
375130067,-0.18518,-1.83325,0.75891,44.8855,-136.4809,2.6947,0.55286,-0.78687,0.09827,-13.7710,18.6565,-4.8473
375131067,-0.59814,-2.00000,0.12561,56.4809,-131.1145,-9.0076,0.54663,-0.78430,0.10388,-13.4122,19.6870,-5.6260
375132067,-0.77478,-1.54761,-0.02991,29.3740,-114.9389,-8.0382,0.53906,-0.78333,0.10950,-13.1527,20.6718,-6.2824
375133067,-0.91003,-0.60352,-0.41016,-10.5191,-102.0534,4.9924,0.53174,-0.78369,0.11536,-12.9695,21.5954,-6.8168
375134067,-1.16052,-0.06506,-1.03442,-23.7252,-98.9313,21.0000,0.52734,-0.78491,0.12048,-12.8244,22.4427,-7.2519
375135065,-1.27026,-0.31982,-1.42639,-15.8397,-93.2214,32.5802,0.52454,-0.78662,0.12317,-12.7176,23.1603,-7.5878
375136065,-1.18677,-0.93811,-1.48755,-20.7099,-79.0534,40.4809,0.52222,-0.78894,0.12500,-12.6412,23.7710,-7.8015
375137065,-1.06848,-1.41602,-1.69873,-44.2137,-62.8168,45.2901,0.52148,-0.79175,0.12805,-12.5725,24.3130,-7.8931
375138065,-1.09314,-1.26050,-1.69653,-58.5878,-49.8550,41.1908,0.52100,-0.79504,0.13074,-12.5038,24.7939,-7.8168
375139069,-1.06860,-0.89368,-1.43860,-44.2824,-40.5649,29.2977,0.52014,-0.79797,0.13232,-12.4885,25.1756,-7.5878
375140067,-0.87390,-0.94238,-1.16504,-17.3664,-28.9924,15.9313,0.51904,-0.80042,0.13428,-12.5420,25.4580,-7.2214
375141067,-0.83350,-1.26868,-1.04907,-3.6947,-19.0611,6.4198,0.51758,-0.80347,0.13550,-12.6565,25.6412,-6.7252
375142067,-0.94910,-1.41602,-1.04639,-6.9389,-8.4504,0.9924,0.51538,-0.80701,0.13708,-12.7863,25.7176,-6.1145
375143067,-0.76111,-1.12927,-0.65601,-15.1832,8.6336,-2.6260,0.51318,-0.81042,0.13965,-12.9618,25.7252,-5.4122
375144067,-0.42920,-0.59998,0.00134,-21.6641,19.7023,-1.7481,0.51062,-0.81274,0.14087,-13.1908,25.6718,-4.6565
375145068,-0.27966,-0.17932,0.46509,-27.1985,17.6260,6.3740,0.50806,-0.81494,0.14062,-13.4809,25.5344,-3.8550
375146068,-0.15100,-0.12488,0.77063,-35.3740,7.3130,20.7176,0.50647,-0.81702,0.14050,-13.8779,25.2977,-3.0000
375147068,-0.12952,-0.56238,0.90344,-48.2672,-10.9542,37.5115,0.50513,-0.81812,0.13916,-14.3435,24.9847,-2.0992
375148068,-0.18835,-1.34534,0.58679,-54.2901,-33.3969,47.8626,0.50415,-0.81885,0.13684,-14.8397,24.6412,-1.1908
375149067,-0.29114,-1.69812,-0.18713,-35.7252,-59.6031,40.3969,0.50476,-0.81909,0.13550,-15.3893,24.2519,-0.3053
375150068,-0.61023,-1.41895,-0.95813,1.1069,-84.1756,21.1908,0.50745,-0.81824,0.13367,-16.0534,23.7710,0.5725
375151067,-0.94031,-1.35950,-1.36267,21.8779,-94.4351,6.9771,0.51099,-0.81726,0.13171,-16.8168,23.2366,1.4427
375152067,-1.17493,-1.70300,-1.68481,13.4656,-86.2672,0.3359,0.51453,-0.81653,0.13025,-17.6641,22.7023,2.2519
375153067,-1.50098,-1.87146,-2.00000,4.7557,-63.7863,-9.5496,0.51843,-0.81677,0.13013,-18.5802,22.1374,2.9924
375154068,-1.69934,-1.55713,-2.00000,19.3969,-29.4656,-26.3206,0.52197,-0.81714,0.13074,-19.5878,21.5420,3.6794
375155068,-1.57922,-1.08813,-2.00000,34.7252,9.1679,-37.9237,0.52502,-0.81726,0.13171,-20.7099,20.9237,4.2748
375156068,-1.47375,-0.82629,-2.00000,24.1374,39.5038,-33.8702,0.52808,-0.81824,0.13293,-21.9313,20.3053,4.7863
375157068,-1.37390,-0.72107,-2.00000,2.5496,66.1450,-21.0382,0.53125,-0.81995,0.13245,-23.2214,19.6947,5.2214
375158068,-0.97485,-0.67004,-1.43579,-2.6107,87.6031,-11.8931,0.53430,-0.82214,0.13074,-24.6031,19.0992,5.5649
375159067,-0.45984,-0.63147,-0.33789,8.2366,93.7863,-8.9847,0.53748,-0.82471,0.12805,-26.0305,18.5344,5.7786
375160067,-0.26685,-0.55420,0.04968,18.6641,79.7176,-7.0076,0.54114,-0.82825,0.12439,-27.4962,18.0229,5.8931
375161068,-0.36865,-0.47339,-0.27234,19.8779,55.4427,-2.9466,0.54492,-0.83362,0.12109,-28.9771,17.5649,5.8855
375162068,-0.29724,-0.50195,-0.21887,16.2290,40.7176,0.1374,0.54968,-0.83936,0.11890,-30.4351,17.1069,5.7786
375163067,-0.09314,-0.61938,0.52405,17.7634,33.9542,-1.3664,0.55530,-0.84448,0.11621,-31.8397,16.6489,5.5649
375164068,0.01514,-0.75208,1.16467,25.3969,30.1832,-5.9618,0.55920,-0.84961,0.11206,-33.1679,16.2214,5.2519
375165068,-0.03955,-0.88745,1.15015,29.3893,29.5954,-9.3435,0.56262,-0.85535,0.10718,-34.4427,15.8015,4.8168
375166067,-0.33801,-0.96497,0.48767,23.5267,32.5038,-9.6794,0.56677,-0.86230,0.10193,-35.6565,15.3435,4.2672
375167067,-0.43652,-0.71643,-0.15283,15.0458,43.6183,-10.1908,0.57019,-0.87048,0.09570,-36.7786,14.8855,3.6107
375168067,-0.26526,0.01294,-0.25708,13.0305,52.0382,-11.5496,0.57251,-0.87854,0.08972,-37.7863,14.4580,2.8931
375169067,-0.13208,0.61060,-0.07446,16.7481,47.5496,-7.4656,0.57458,-0.88623,0.08508,-38.7023,14.0611,2.1221
375170067,-0.07361,0.57507,0.05872,22.0840,33.5038,3.2061,0.57727,-0.89478,0.08154,-39.5191,13.6794,1.2595
375171067,-0.14026,0.11169,0.03528,25.4427,20.2290,15.2290,0.57959,-0.90503,0.07812,-40.1908,13.3130,0.2977
375172068,-0.28174,-0.38306,-0.16077,27.7939,15.1450,23.2748,0.58069,-0.91638,0.07532,-40.7099,12.9618,-0.7710
375173068,-0.46960,-0.57471,-0.22388,30.6183,20.0305,25.8473,0.58093,-0.92786,0.07361,-41.0458,12.6260,-1.9237
375174067,-0.46362,-0.60645,-0.00635,33.9695,32.7710,26.6260,0.58057,-0.94006,0.07043,-41.1450,12.3206,-3.1603
375175068,-0.43115,-0.72729,0.25623,33.5802,46.5725,28.1374,0.58044,-0.95386,0.06616,-40.9924,12.0611,-4.4504
375176067,-0.57898,-1.03345,0.17395,26.9924,54.9771,29.5115,0.58154,-0.96741,0.06189,-40.6183,11.8473,-5.8168
375177067,-0.51978,-1.34045,0.07312,19.6641,64.7328,26.5344,0.58179,-0.97949,0.05725,-40.0382,11.6718,-7.2519
375178067,-0.36487,-1.43091,0.40662,14.4046,68.5038,20.9771,0.58069,-0.99084,0.05151,-39.2748,11.5420,-8.7557
375179068,-0.18896,-1.46399,0.87073,6.6183,62.7939,18.0458,0.57837,-1.00171,0.04492,-38.3511,11.4504,-10.2901
375180068,0.05554,-1.46497,1.33594,-4.5267,53.0992,18.8244,0.57520,-1.01086,0.03967,-37.3053,11.3969,-11.8015
375181067,0.06384,-1.36621,1.23108,-13.2137,34.8931,21.6489,0.57239,-1.01831,0.03479,-36.1756,11.3664,-13.3130
375182068,-0.07336,-1.33679,0.70593,-15.4198,16.1450,25.4885,0.56970,-1.02515,0.02917,-34.9924,11.3664,-14.8626
375183067,-0.09802,-1.66821,0.77405,-15.8473,6.4504,30.1756,0.56677,-1.03223,0.02393,-33.7710,11.4046,-16.4580
375184068,-0.05432,-2.00000,1.37756,-23.3664,6.8092,34.3664,0.56445,-1.03784,0.01843,-32.5344,11.4580,-18.0992
375185067,-0.10205,-2.00000,1.46033,-36.4580,9.9389,35.7099,0.56152,-1.03894,0.01392,-31.2748,11.5191,-19.8015
375186068,-0.37341,-1.53845,0.68921,-38.1298,10.3435,31.9542,0.55725,-1.03564,0.00964,-29.9466,11.6336,-21.3817
375187068,-0.63684,-1.12720,0.17761,-25.2824,13.7863,26.0382,0.55347,-1.03076,0.00378,-28.5191,11.8168,-22.7481
375188068,-0.47314,-1.49182,0.51208,-38.8550,22.5802,25.8702,0.54736,-1.02039,-0.00647,-25.4809,12.3206,-24.8397
375189068,-0.54700,-1.53381,0.32947,-61.2901,19.6565,27.6260,0.54504,-1.01489,-0.01062,-23.9008,12.5725,-25.7176
375190068,-0.44055,-1.31775,0.42969,-68.2061,18.4733,26.0763,0.54333,-1.00574,-0.01184,-22.3435,12.8092,-26.5420
375191068,-0.20386,-0.97681,0.83887,-66.8168,15.7023,25.5115,0.54236,-0.99377,-0.01001,-20.9313,13.0229,-27.2977
375192068,-0.14343,-0.67932,1.03809,-70.2519,8.3282,30.3053,0.54211,-0.98291,-0.00647,-19.8015,13.1527,-27.9847
375193068,-0.23621,-0.82361,0.99597,-71.0153,-0.6260,38.4809,0.54211,-0.97449,-0.00232,-18.8702,13.2137,-28.6183
375194068,-0.38635,-1.97302,0.85095,-58.8931,-10.2519,44.3435,0.54199,-0.96753,0.00159,-17.9618,13.2672,-29.1527
375195067,-0.59717,-2.00000,0.53723,-41.8702,-18.6489,38.3817,0.54248,-0.96155,0.00354,-16.9542,13.3664,-29.5878
375196067,-0.72510,-2.00000,0.10950,-26.3435,-19.5344,16.5802,0.54443,-0.95508,0.00598,-15.8244,13.4885,-29.8855
375197068,-0.81445,-2.00000,0.00586,-13.3664,-12.8855,-7.6947,0.54675,-0.94995,0.00879,-14.5954,13.6183,-30.0687
375198068,-0.84314,-1.50745,0.21521,-8.6947,-6.6489,-17.4656,0.54895,-0.94727,0.00964,-13.2748,13.7405,-30.1985
375199068,-0.89575,-2.00000,0.43298,-13.8473,-4.5954,-16.8855,0.55176,-0.94238,0.01025,-11.8397,13.8702,-30.3282
375200068,-1.24109,-2.00000,0.32434,-20.9389,-6.9771,-15.2824,0.55518,-0.93628,0.01160,-10.2748,14.0000,-30.3893
375201068,-1.42603,-2.00000,0.04956,-32.5496,-1.4427,-19.8397,0.55823,-0.93054,0.01501,-8.6031,14.0992,-30.3817
375202067,-1.13623,-2.00000,0.20679,-53.9084,14.3664,-35.2672,0.55981,-0.92505,0.02063,-6.8244,14.1527,-30.3130
375203068,-0.90955,-2.00000,0.25171,-77.5725,19.6260,-50.9237,0.55798,-0.91675,0.02759,-4.9542,14.1450,-30.1679
375204068,-0.84521,-0.27405,-0.06641,-93.8092,10.2748,-48.8244,0.55237,-0.90503,0.03186,-3.0687,13.9771,-29.8321
375205068,-0.65564,0.04224,-0.03662,-102.9008,-4.8473,-30.5191,0.54724,-0.90100,0.03040,-1.1832,13.6718,-29.2290
375206068,-0.51001,-1.12378,0.24634,-97.9008,-19.8092,-19.7023,0.54382,-0.90247,0.02942,0.7405,13.4275,-28.7252
375207067,-0.52478,-1.69873,0.33630,-71.3588,-27.3511,-30.7786,0.54187,-0.90076,0.03235,2.6641,13.2366,-28.4809
375208068,-0.63721,-1.28931,0.19507,-39.5649,-27.9313,-50.6794,0.54333,-0.89844,0.03894,4.5725,12.9847,-28.3588
375209067,-0.68896,-0.54724,-0.00745,-22.6565,-21.4046,-62.3969,0.54797,-0.89624,0.04797,6.4809,12.6336,-28.1908
375210067,-0.68066,0.12573,-0.29541,-11.2137,-13.5573,-64.6031,0.55383,-0.89343,0.05786,8.3664,12.2137,-27.9618
375211067,-0.77173,0.21814,-0.80884,7.9237,-11.1985,-63.3664,0.56140,-0.89001,0.06775,10.2214,11.7786,-27.7176
375212067,-0.76794,-0.37659,-0.95349,24.4656,-5.4046,-62.8931,0.57092,-0.88647,0.07776,12.0382,11.3588,-27.4885
375213067,-0.71643,-0.90515,-0.51904,24.5115,2.6412,-62.1832,0.58118,-0.88342,0.08838,13.7481,10.9237,-27.2595
375214067,-0.80811,-1.10767,-0.18103,4.6489,7.0229,-54.7481,0.59119,-0.87976,0.09839,15.3511,10.4580,-26.9771
375215068,-0.81299,-1.46008,-0.08228,-26.3588,9.8626,-40.6183,0.60095,-0.87500,0.10803,16.8702,9.9695,-26.6183
375216067,-0.66699,-1.69446,-0.02625,-44.7481,9.9008,-32.3588,0.61011,-0.86877,0.11804,18.3053,9.4580,-26.1908
375217067,-0.52649,-1.35852,0.03821,-42.4427,7.2366,-34.1145,0.61780,-0.86194,0.12805,19.6412,8.9924,-25.7710
375218067,-0.43628,-0.86755,0.07483,-39.4427,2.0687,-37.0153,0.62378,-0.85461,0.13831,20.8321,8.5878,-25.3588
375219067,-0.38354,-0.65466,0.06018,-43.8702,-3.6107,-38.0992,0.62891,-0.84790,0.14880,21.8702,8.1985,-24.9389
375220067,-0.36829,-0.64282,0.05969,-36.9924,-8.7176,-42.9771,0.63391,-0.84192,0.15796,22.7557,7.8168,-24.4733
375221067,-0.34570,-0.77942,0.13550,-11.1298,-13.2519,-53.8397,0.63831,-0.83582,0.16711,23.5573,7.4580,-23.9771
375222067,-0.28931,-1.09058,0.17529,18.2366,-15.9924,-66.7099,0.64160,-0.83032,0.17615,24.2443,7.1069,-23.4656
375223067,-0.31873,-1.12122,-0.03943,37.3511,-15.6336,-77.7023,0.64478,-0.82568,0.18408,24.7939,6.7863,-22.9542
375224067,-0.39282,-0.49817,-0.37012,43.2824,-10.4809,-82.8321,0.64783,-0.82214,0.19287,25.2595,6.4427,-22.4427
375225067,-0.38489,0.21582,-0.51904,36.3511,-2.4504,-77.3740,0.65027,-0.81897,0.20227,25.6641,6.0687,-21.8779
375226065,-0.31677,0.31836,-0.40784,22.4504,4.5191,-63.0153,0.65198,-0.81616,0.21155,25.9847,5.6718,-21.2977
375227068,-0.18298,0.01807,-0.10828,10.4198,9.8473,-48.5420,0.65283,-0.81433,0.21948,26.1985,5.2595,-20.6870
375228068,-0.08142,-0.08801,0.12561,-2.3282,11.4962,-37.6336,0.65332,-0.81177,0.22559,26.2901,4.8397,-20.0687
375229068,-0.04480,0.15002,0.06030,-20.2901,9.1679,-28.2672,0.65295,-0.80994,0.23145,26.2595,4.4122,-19.4122
375230067,0.02637,0.61633,0.00098,-31.7939,5.7634,-21.4733,0.65210,-0.80908,0.23730,26.1374,3.9542,-18.7634
375231067,0.09375,0.97864,0.16797,-26.9542,-0.6336,-17.6336,0.65100,-0.80640,0.24207,25.9389,3.4733,-18.1374
375232067,0.17908,0.86084,0.35522,-14.2595,-9.0763,-14.8244,0.64893,-0.80359,0.24561,25.6260,2.9771,-17.5191
375233067,0.25269,0.40393,0.44080,-3.6641,-14.7786,-13.3664,0.64563,-0.80090,0.24878,25.1908,2.4809,-16.9160
375234067,0.25244,0.09375,0.36743,4.4733,-15.8168,-14.1679,0.64136,-0.79749,0.25269,24.5954,1.9695,-16.2901
375235068,0.23608,0.04919,0.25696,9.6947,-12.6260,-14.2672,0.63708,-0.79419,0.25415,23.8550,1.4351,-15.6641
375236067,0.12476,-0.14294,0.22644,12.2443,-11.3435,-10.0076,0.63318,-0.79016,0.25330,22.9542,0.8931,-15.0305
375237067,0.02429,-0.53540,0.23584,13.3206,-11.2290,-3.9466,0.62964,-0.78528,0.25281,21.9237,0.3817,-14.4122
375238067,0.08679,-0.58801,0.33008,9.5267,-8.6260,0.0000,0.62561,-0.78040,0.25281,20.7939,-0.1221,-13.8092
375239068,0.01807,-0.18469,0.28442,-0.9389,-10.1450,3.5878,0.62036,-0.77563,0.25183,19.5725,-0.6260,-13.2443
375240067,-0.10999,0.07629,0.10718,-9.7328,-13.7023,9.0305,0.61438,-0.77112,0.25049,18.2214,-1.1298,-12.7176
375241067,-0.12720,-0.25012,0.11914,-8.3588,-18.7710,13.6260,0.60779,-0.76782,0.24915,16.8168,-1.6031,-12.2290
375242064,-0.21082,-0.92419,0.18579,0.4885,-26.5649,13.1985,0.60120,-0.76587,0.24756,15.3588,-2.0305,-11.7405
375243069,-0.23706,-1.35681,0.23767,9.0382,-29.0458,6.8321,0.59570,-0.76404,0.24670,13.8702,-2.3969,-11.2366
375244068,-0.25183,-1.25012,0.23926,13.0763,-27.9313,-0.8397,0.59094,-0.76270,0.24585,12.3359,-2.7099,-10.7710
375245067,-0.34180,-0.92761,0.08057,14.2672,-26.2824,-4.0840,0.58606,-0.76123,0.24414,10.7863,-2.9618,-10.3664
375246067,-0.37378,-0.78149,-0.06519,15.9542,-23.4122,-2.7405,0.58154,-0.76013,0.24109,9.2748,-3.2137,-10.0382
375247068,-0.39404,-0.84607,-0.12451,16.8931,-20.8321,0.6031,0.57690,-0.75964,0.23755,7.8168,-3.4656,-9.7634
375248067,-0.38269,-0.96814,-0.04614,11.6565,-15.4351,4.6718,0.57227,-0.76172,0.23596,6.3817,-3.6947,-9.5038
375249067,-0.34021,-1.01660,0.15063,-0.8092,-9.4809,9.4198,0.56885,-0.76270,0.23474,4.9695,-3.8626,-9.3053
375250067,-0.33948,-1.03796,0.23657,-12.9542,-7.2748,14.2214,0.56665,-0.76172,0.23108,3.6718,-3.9313,-9.1069
375251067,-0.34766,-1.14282,0.24988,-16.5496,-8.1145,17.0305,0.56299,-0.76282,0.22961,2.4656,-3.8779,-8.8931
375252065,-0.32422,-1.36353,0.32715,-12.5115,-10.9313,16.6031,0.55847,-0.76404,0.22705,1.3588,-3.7786,-8.6794
375253069,-0.26111,-1.56580,0.48535,-6.7710,-14.1221,13.0153,0.55505,-0.76453,0.22070,0.2672,-3.6489,-8.4198
375254068,-0.23645,-1.53674,0.53235,-0.6336,-19.5573,6.8244,0.54956,-0.75940,0.21484,-0.8702,-3.4351,-8.1374
375255068,-0.25037,-1.32043,0.41089,7.5878,-25.5649,-0.0687,0.53735,-0.73853,0.20203,-2.1450,-3.1527,-7.7099
375256067,-0.27808,-1.18225,0.31580,15.1145,-30.5573,-4.6412,0.51636,-0.71021,0.18396,-3.9313,-2.8702,-6.6718
375257067,-0.33447,-1.24011,0.23950,16.6870,-33.7634,-5.9389,0.49219,-0.69409,0.17212,-6.1527,-2.8092,-5.2901
375258067,-0.38135,-1.32129,0.14355,12.0382,-33.4580,-5.7557,0.46899,-0.67883,0.15942,-8.4198,-3.2214,-4.6031
375259067,-0.45117,-1.26428,-0.00159,6.1298,-31.4122,-5.4427,0.44983,-0.65869,0.14343,-10.9389,-4.0916,-4.5954
375260067,-0.51965,-1.11682,-0.15637,2.3817,-27.7099,-4.7786,0.43774,-0.64954,0.13452,-13.8855,-5.2290,-4.7863
375261067,-0.54236,-1.00964,-0.22803,-0.7634,-22.7405,-2.6870,0.43225,-0.65173,0.13074,-17.0611,-6.4885,-5.0534
375262065,-0.53809,-1.03271,-0.22571,-5.9008,-17.8015,0.9313,0.43298,-0.65979,0.13464,-20.2061,-7.7481,-5.3740
375263065,-0.48169,-1.11279,-0.13940,-11.2061,-12.8779,3.8321,0.44080,-0.67358,0.14404,-23.1527,-8.9466,-5.6794
375264069,-0.38464,-1.12170,0.01770,-12.7863,-9.0687,4.1527,0.45557,-0.69299,0.15247,-25.8779,-9.9847,-5.9160
375265067,-0.28809,-1.04639,0.17114,-10.6336,-7.9008,2.6870,0.47351,-0.71472,0.16382,-28.3435,-10.8397,-6.0916
375266067,-0.21472,-0.95752,0.27637,-8.8855,-9.3435,1.6107,0.49109,-0.73767,0.17566,-30.4656,-11.4885,-6.2519
375267067,-0.18250,-0.91174,0.31519,-10.4885,-12.5115,1.9542,0.50769,-0.75854,0.18506,-32.2214,-11.8779,-6.4275
375268067,-0.18286,-0.90344,0.32605,-13.9160,-15.8550,2.8779,0.52344,-0.77515,0.19202,-33.6489,-12.0076,-6.6260
375269067,-0.20947,-0.91882,0.30469,-16.1069,-19.4656,3.4275,0.53821,-0.78772,0.19702,-34.7328,-11.9542,-6.8321
375270067,-0.26880,-0.95276,0.21069,-16.6260,-23.1450,3.6336,0.55176,-0.79504,0.19873,-35.4809,-11.7252,-7.0916
375271067,-0.34216,-0.98572,0.10962,-17.3435,-25.5878,4.1756,0.56299,-0.79712,0.19336,-35.8855,-11.3435,-7.3969
375272068,-0.37708,-1.01208,0.08569,-19.9542,-25.4198,5.4427,0.57166,-0.79639,0.18298,-36.0382,-10.8550,-7.7176
375273067,-0.36743,-1.02673,0.13269,-24.0687,-23.1374,7.1374,0.57764,-0.79370,0.17114,-35.9695,-10.3282,-8.0305
375274067,-0.35449,-1.00476,0.16895,-27.0076,-20.4962,8.3817,0.58044,-0.78906,0.15686,-35.6870,-9.7481,-8.3282
375275067,-0.33875,-0.95959,0.17151,-27.1298,-18.0840,8.8168,0.58081,-0.78430,0.14075,-35.2290,-9.1145,-8.6718
375276067,-0.30896,-0.93713,0.17627,-26.4962,-16.1679,8.9847,0.58020,-0.77893,0.12622,-34.5954,-8.3969,-9.0382
375277067,-0.27710,-0.95142,0.21082,-27.0305,-15.2824,9.0840,0.57959,-0.77234,0.11401,-33.8321,-7.6718,-9.4046
375278067,-0.24304,-0.97876,0.27466,-26.4504,-15.9924,8.1985,0.57825,-0.76465,0.10278,-33.0076,-6.9466,-9.7405
375279067,-0.21265,-0.98669,0.34045,-22.2977,-18.6107,5.7252,0.57715,-0.75549,0.09216,-32.1527,-6.2137,-10.0458
375280067,-0.21533,-0.97144,0.36060,-16.8092,-22.8015,2.7023,0.57788,-0.74622,0.08167,-31.2977,-5.4504,-10.2977
375281067,-0.24683,-0.95068,0.30774,-13.6565,-27.0687,0.5878,0.57959,-0.73889,0.07117,-30.4733,-4.6489,-10.5420
375282068,-0.28906,-0.92859,0.21094,-13.0687,-30.2824,-0.3893,0.58228,-0.73303,0.06335,-29.6641,-3.8092,-10.7634
375283068,-0.33728,-0.90662,0.11694,-12.6947,-32.2748,-0.7023,0.58691,-0.72876,0.05835,-28.8473,-2.9084,-10.9695
375284068,-0.37793,-0.90686,0.03784,-12.0153,-32.9313,-0.3359,0.59302,-0.72534,0.05566,-28.0153,-1.9695,-11.1069
375285067,-0.41663,-0.93237,-0.05347,-13.3893,-32.2366,1.1221,0.60022,-0.72266,0.05432,-27.2137,-0.9924,-11.2214
375286067,-0.44263,-0.94043,-0.12903,-18.1603,-29.4198,3.4656,0.60754,-0.72229,0.05249,-26.4198,0.0229,-11.3359
375287064,-0.43640,-0.91394,-0.14319,-24.2214,-25.0458,5.9771,0.62378,-0.72803,0.05212,-24.6183,2.1145,-11.4427
375288069,-0.41785,-0.88708,-0.10291,-28.4351,-20.7481,7.9084,0.63074,-0.73560,0.05469,-23.4809,3.2137,-11.4198
375289068,-0.40955,-0.93579,-0.05774,-29.5725,-17.7252,9.0611,0.63647,-0.74084,0.05908,-22.0916,4.3359,-11.3588
375290068,-0.41199,-1.13550,0.00781,-28.6183,-15.8397,9.2824,0.64111,-0.74072,0.06274,-20.5649,5.4198,-11.2519
375291067,-0.37012,-1.40430,0.25085,-26.9542,-12.6947,7.4122,0.64453,-0.73743,0.06702,-19.1221,6.4351,-11.1603
375292068,-0.26257,-1.49744,0.63037,-25.2061,-8.8092,2.7405,0.64636,-0.73218,0.07336,-17.9160,7.3817,-11.0840
375293068,-0.15808,-1.30151,0.91333,-23.6107,-7.2443,-2.8931,0.64685,-0.72546,0.07849,-17.0229,8.2595,-11.0305
375294067,-0.07214,-1.04956,1.05908,-21.3588,-9.7786,-6.5573,0.64685,-0.71680,0.08252,-16.4427,9.0992,-10.9847
375295067,-0.01282,-1.03870,1.09497,-18.8550,-18.0153,-7.3740,0.64624,-0.70764,0.08618,-16.1756,9.8855,-10.9618
375296067,0.02209,-1.23877,1.07825,-18.4733,-30.0534,-6.8931,0.64502,-0.69885,0.09045,-16.2366,10.6183,-10.9542
375297067,0.03625,-1.33521,1.00391,-20.7099,-43.3817,-7.2290,0.64368,-0.68823,0.09558,-16.6718,11.2595,-10.9237
375298067,-0.05127,-1.16125,0.67834,-23.6870,-58.1069,-7.7939,0.64270,-0.67737,0.10034,-17.4733,11.8092,-10.9237
375299067,-0.25171,-0.90039,0.23828,-25.4046,-70.6183,-6.8321,0.64160,-0.66748,0.10400,-18.6718,12.2977,-10.9313
375300067,-0.39587,-0.79236,0.05505,-25.0763,-74.4122,-4.3969,0.63940,-0.65869,0.10693,-20.2519,12.6947,-10.9847
375301067,-0.48315,-0.86328,-0.11218,-26.2901,-71.4351,-1.2748,0.63599,-0.65137,0.11060,-22.1603,13.0000,-11.0687
375302068,-0.72449,-0.96936,-0.64758,-31.2137,-65.8015,1.1832,0.63171,-0.64514,0.11414,-24.3588,13.2137,-11.1985
375303068,-0.95312,-1.05627,-1.11646,-32.3206,-53.5191,0.5573,0.62720,-0.64038,0.11755,-26.8015,13.3435,-11.3969
375304068,-1.00513,-1.13892,-1.22522,-27.3969,-37.8626,-3.0305,0.62158,-0.63831,0.12170,-29.4656,13.3969,-11.7023
375305067,-0.99951,-1.16064,-1.30823,-25.1298,-24.4809,-6.9160,0.61572,-0.63818,0.12549,-32.3511,13.3969,-12.1374
375306067,-0.98120,-1.04114,-1.45068,-27.4504,-13.8015,-10.0611,0.61023,-0.63928,0.12939,-35.4122,13.3435,-12.6718
375307067,-0.92419,-0.87683,-1.36292,-29.4275,-4.1221,-12.0458,0.60486,-0.64221,0.13379,-38.6183,13.2366,-13.3130
375308067,-0.74280,-0.84363,-0.95959,-30.7481,5.7252,-12.5420,0.60022,-0.64746,0.13672,-41.8550,13.0763,-14.0382
375309067,-0.57373,-0.89941,-0.60022,-32.6870,12.3969,-12.1603,0.59509,-0.65466,0.13806,-45.0534,12.8779,-14.8779
375310067,-0.53503,-0.90112,-0.47424,-32.3588,15.5496,-12.3664,0.58887,-0.66479,0.13879,-48.1985,12.6489,-15.8092
375311067,-0.45386,-0.75952,-0.35645,-27.8092,18.6718,-14.1145,0.58301,-0.67773,0.14014,-51.2214,12.4275,-16.8168
375312067,-0.34998,-0.61743,-0.17529,-21.9466,20.0000,-15.4885,0.57727,-0.69238,0.14258,-54.0687,12.2214,-17.8473
375313067,-0.30627,-0.69006,0.06433,-9.0000,14.7634,-16.9924,0.57056,-0.70801,0.14380,-56.7023,11.9924,-18.9008
375314067,-0.32471,-0.75562,0.07227,-2.6794,10.7405,-18.6336,0.56250,-0.72400,0.14319,-59.1069,11.7328,-19.9466
375315067,-0.36060,-0.79358,0.05640,-0.3511,8.8931,-19.9389,0.55457,-0.74109,0.14429,-61.2366,11.4504,-20.9771
375316067,-0.35974,-0.77991,0.09521,-2.1450,9.3282,-20.0687,0.54736,-0.75867,0.14709,-63.0916,11.1298,-22.0076
375317068,-0.30664,-0.71143,0.21692,-6.3053,11.5878,-18.9847,0.53918,-0.77576,0.14941,-64.6718,10.8321,-23.0076
375318068,-0.27368,-0.61877,0.26819,-11.8321,12.4809,-16.5954,0.53174,-0.79346,0.15027,-66.0000,10.6107,-23.9542
375319067,-0.28625,-0.59290,0.17908,-17.3511,12.2824,-13.3130,0.52686,-0.81055,0.14868,-67.0458,10.4580,-24.8702
375320068,-0.26489,-0.64075,0.17053,-19.8855,12.9389,-10.9542,0.52332,-0.82654,0.14502,-67.7939,10.3282,-25.7786
375321067,-0.23474,-0.69043,0.26758,-18.7634,11.9771,-10.3969,0.51965,-0.84290,0.14160,-68.2366,10.2061,-26.6260
375322067,-0.22168,-0.73389,0.33850,-14.6794,9.2290,-11.1069,0.51562,-0.85962,0.13892,-68.4046,10.1374,-27.4351
375323067,-0.24316,-0.81750,0.29663,-7.8092,5.1985,-12.7023,0.51245,-0.87561,0.13513,-68.3282,10.1450,-28.1756
375324067,-0.32581,-0.95959,0.13794,-0.6107,0.8015,-14.7252,0.50977,-0.89038,0.12891,-68.0611,10.1832,-28.8779
375325067,-0.40259,-1.07581,-0.03284,3.3511,-1.4275,-16.9542,0.50659,-0.90491,0.12170,-67.6031,10.2748,-29.5115
375326065,-0.45789,-1.07361,-0.14160,3.1832,-0.9084,-19.0076,0.50317,-0.91956,0.11548,-66.9389,10.3969,-30.1374
375327069,-0.52246,-1.01025,-0.19788,-0.7939,1.4198,-19.6565,0.49963,-0.93347,0.10974,-66.0840,10.5573,-30.7405
375328067,-0.54822,-1.00256,-0.20581,-7.0916,5.9237,-18.5115,0.49561,-0.94629,0.10376,-65.0305,10.7328,-31.2977
375329067,-0.55188,-1.03870,-0.21704,-13.8702,11.0840,-16.7557,0.49121,-0.95801,0.09766,-63.8092,10.9313,-31.7710
375330067,-0.56079,-1.06140,-0.24829,-20.5420,16.8397,-15.2137,0.48706,-0.96899,0.09143,-62.4504,11.1527,-32.2366
375331067,-0.50977,-1.04700,-0.17883,-25.3588,22.8168,-14.5649,0.48438,-0.97937,0.08508,-60.9160,11.3893,-32.7023
375332067,-0.37915,-0.96252,0.09863,-25.9389,28.7099,-15.3206,0.48352,-0.98804,0.07837,-59.2061,11.6641,-33.1527
375333067,-0.19775,-0.80750,0.48816,-22.4427,32.1527,-17.0305,0.48401,-0.99463,0.07117,-57.3664,11.9466,-33.5725
375334067,-0.01428,-0.61853,0.96350,-16.5191,33.1832,-19.0153,0.48535,-1.00024,0.06409,-55.4351,12.2061,-33.9313
375335067,0.22437,-0.52185,1.53601,-7.9618,33.0687,-20.9618,0.48669,-1.00500,0.05823,-53.3817,12.4275,-34.2595
375336067,0.38159,-0.57495,1.76819,-0.2366,25.2366,-21.8702,0.48804,-1.00842,0.05237,-51.2214,12.6260,-34.5344
375337068,0.36304,-0.76379,1.53821,3.7252,9.4046,-21.4427,0.48975,-1.01013,0.04797,-48.9847,12.8015,-34.7328
375338067,0.33105,-0.94629,1.37964,7.8092,-7.5573,-22.2137,0.49109,-1.00989,0.04456,-46.7176,12.9618,-34.8626
375339067,0.29614,-0.97888,1.46448,10.7939,-23.7939,-23.6641,0.49268,-1.00830,0.04065,-44.5038,13.0840,-34.9237
375340067,0.25586,-0.88733,1.50940,8.2901,-37.7481,-23.2519,0.49414,-1.00623,0.03809,-42.3969,13.1069,-34.8931
375341068,0.13794,-0.74731,1.45923,3.5267,-47.6565,-20.6870,0.49451,-1.00342,0.03552,-40.4046,13.0611,-34.7481
375342067,-0.02380,-0.73840,1.23376,-0.1298,-52.6260,-16.8702,0.49524,-0.99976,0.03186,-38.5038,12.9466,-34.5420
375343067,-0.13123,-0.87256,0.86755,-4.1985,-51.6031,-13.6183,0.49744,-0.99658,0.02795,-36.7328,12.8015,-34.2748
375344065,-0.29065,-1.03418,0.47559,-7.3893,-49.4198,-12.5038,0.50073,-0.99255,0.02356,-35.0763,12.5878,-33.9084
375345069,-0.36133,-1.10693,0.26721,-6.8244,-44.9084,-14.0611,0.50562,-0.98682,0.01929,-33.5267,12.2901,-33.4275
375346067,-0.33691,-1.05200,0.21411,-5.8702,-42.6565,-16.0076,0.51270,-0.98096,0.01599,-32.1145,11.9771,-32.8779
375347067,-0.36926,-1.00134,0.05957,-7.4504,-42.9237,-16.4427,0.51978,-0.97559,0.01404,-30.8397,11.6260,-32.2901
375348067,-0.36707,-0.97083,-0.00574,-8.9924,-41.4656,-16.3130,0.52539,-0.96997,0.01184,-29.6718,11.1832,-31.6336
375349065,-0.35461,-0.94958,0.01331,-11.4351,-40.2595,-15.4351,0.53015,-0.96460,0.00818,-28.6031,10.6565,-30.8931
375350069,-0.34814,-0.98914,0.02197,-17.7481,-38.0153,-13.1221,0.53516,-0.96033,0.00464,-27.6489,10.0763,-30.0687
375351068,-0.37512,-1.02112,-0.01697,-25.7557,-35.8244,-10.5802,0.54114,-0.95740,0.00171,-26.8473,9.4122,-29.1679
375352067,-0.40332,-0.96741,-0.05420,-31.3740,-32.6336,-9.1450,0.54614,-0.95435,-0.00159,-26.1603,8.7023,-28.1985
375353067,-0.38953,-0.86353,-0.03394,-34.4351,-29.4809,-8.4733,0.54968,-0.95093,-0.00562,-25.5496,7.9618,-27.2137
375354067,-0.41162,-0.81519,-0.03613,-36.4427,-28.1985,-7.5267,0.55298,-0.94849,-0.00842,-24.9924,7.1679,-26.2137
375355067,-0.39612,-0.82532,0.03406,-36.8168,-26.1298,-7.0076,0.55640,-0.94666,-0.00952,-24.4656,6.3435,-25.2137
375356067,-0.32812,-0.84143,0.18774,-36.2061,-23.8855,-7.2443,0.56018,-0.94421,-0.01196,-23.9466,5.4962,-24.1603
375357068,-0.27246,-0.82776,0.30359,-36.4580,-22.7176,-7.5802,0.56555,-0.94092,-0.01477,-23.4351,4.6565,-23.0840
375358068,-0.20276,-0.73328,0.39551,-37.0916,-21.9618,-7.4885,0.56982,-0.93835,-0.01733,-22.9084,3.8397,-22.0229
375359068,-0.13257,-0.62415,0.47424,-38.2061,-22.6412,-6.1832,0.57336,-0.93701,-0.02197,-22.3435,2.9771,-20.9618
375360067,-0.08533,-0.58105,0.52820,-40.8550,-25.0992,-3.5420,0.57800,-0.93628,-0.02710,-21.7328,2.0763,-19.9160
375361067,-0.06348,-0.56177,0.57031,-42.3435,-29.0992,-1.1679,0.58289,-0.93604,-0.03174,-21.0916,1.1603,-18.8931
375362067,-0.06189,-0.52795,0.58093,-39.1069,-34.1908,-0.5420,0.58728,-0.93665,-0.03552,-20.3969,0.2672,-17.9008
375363065,-0.07996,-0.55078,0.56128,-32.3664,-39.9237,-1.1221,0.59082,-0.93774,-0.03784,-19.6183,-0.5878,-16.9084
375364069,-0.12695,-0.66492,0.51868,-25.3740,-45.4046,-2.2595,0.59399,-0.93848,-0.04004,-18.7557,-1.4351,-15.9313
375365067,-0.16443,-0.77478,0.45837,-20.1756,-48.7023,-4.0534,0.59595,-0.93909,-0.04211,-17.8702,-2.2901,-14.9847
375366065,-0.21643,-0.80286,0.34692,-16.8092,-50.6260,-6.2901,0.59753,-0.93970,-0.04309,-16.9695,-3.1832,-14.0840
375367069,-0.28845,-0.77051,0.19287,-12.8626,-51.3359,-8.6260,0.59912,-0.93933,-0.04321,-16.0458,-4.0611,-13.2137
375368067,-0.33008,-0.72949,0.05273,-8.5191,-50.6565,-10.0534,0.60046,-0.93896,-0.04309,-15.0840,-4.9313,-12.3893
375369067,-0.37158,-0.73145,-0.07788,-8.7099,-49.3969,-9.0305,0.60193,-0.93921,-0.04431,-14.0687,-5.8015,-11.5802
375370068,-0.41064,-0.78088,-0.16296,-14.7939,-46.6412,-5.9160,0.60388,-0.93896,-0.04541,-13.0305,-6.6718,-10.8092
375371068,-0.40686,-0.80078,-0.14880,-22.1756,-42.0611,-2.7328,0.60522,-0.93860,-0.04443,-12.0000,-7.5725,-10.0763
375372067,-0.38428,-0.75232,-0.09851,-27.0458,-37.9466,-0.3817,0.60681,-0.93787,-0.04382,-10.9542,-8.5115,-9.4046
375373067,-0.37451,-0.69995,-0.09631,-28.5725,-35.6489,1.3282,0.60828,-0.93616,-0.04565,-9.8702,-9.4809,-8.7405
375374067,-0.36963,-0.69495,-0.13708,-26.6718,-34.8550,2.0763,0.60852,-0.93469,-0.04761,-8.7863,-10.4351,-8.0916
375375067,-0.35413,-0.71301,-0.15442,-22.4046,-34.7481,1.4122,0.60742,-0.93286,-0.04700,-7.7328,-11.3893,-7.4809
375376067,-0.33289,-0.75916,-0.11890,-17.4198,-35.2061,-0.1603,0.60571,-0.93018,-0.04443,-6.7099,-12.3817,-6.9237
375377065,-0.32275,-0.84094,-0.08313,-12.6336,-36.0229,-2.0534,0.60522,-0.92761,-0.04114,-5.7176,-13.3893,-6.4351
375378068,-0.32007,-0.88782,-0.06604,-8.8244,-35.8321,-4.0458,0.60535,-0.92529,-0.03662,-4.7939,-14.4046,-5.9771
375379068,-0.32141,-0.86011,-0.04297,-7.2290,-34.0076,-5.4656,0.60522,-0.92200,-0.03174,-3.9466,-15.4275,-5.5496
375380068,-0.31030,-0.80835,0.02673,-8.2137,-30.4733,-5.4656,0.60510,-0.91760,-0.02759,-3.1679,-16.4809,-5.1450
375381067,-0.28223,-0.78369,0.10413,-11.0687,-26.9771,-3.8855,0.60510,-0.91382,-0.02576,-2.4351,-17.5420,-4.7786
375382067,-0.27588,-0.79688,0.09949,-14.6641,-25.3511,-1.4580,0.60425,-0.91040,-0.02563,-1.7634,-18.6107,-4.4656
375383067,-0.28381,-0.83557,0.06714,-17.1298,-25.2443,0.5344,0.60364,-0.90552,-0.02429,-1.1527,-19.6947,-4.1985
375384067,-0.26819,-0.86792,0.10913,-16.9847,-26.1450,1.3053,0.60376,-0.90002,-0.02197,-0.6107,-20.7557,-3.9618
375385067,-0.23621,-0.87427,0.19690,-15.1450,-28.3282,1.1908,0.60376,-0.89575,-0.01880,-0.1298,-21.7863,-3.7786
375386067,-0.21362,-0.86133,0.25232,-13.1679,-31.4427,0.8702,0.60193,-0.88904,-0.01196,0.6565,-23.8168,-3.4580
375387067,-0.20898,-0.85645,0.26270,-11.1603,-34.2672,0.5649,0.59888,-0.88574,-0.00916,0.9695,-24.8321,-3.3282
375388067,-0.21240,-0.88269,0.23767,-9.4656,-35.8702,0.3282,0.59619,-0.88318,-0.00684,1.2290,-25.8168,-3.2061
375389067,-0.22412,-0.92139,0.18176,-9.1603,-36.3664,0.1908,0.59570,-0.88110,-0.00488,1.4427,-26.7557,-3.0992
375390068,-0.24963,-0.92883,0.11438,-9.8550,-36.1374,0.0840,0.59644,-0.87976,-0.00281,1.6489,-27.6260,-2.9695
375391067,-0.26965,-0.90759,0.06262,-10.6031,-35.2290,0.0916,0.59607,-0.87842,-0.00012,1.8244,-28.4733,-2.9008
375392068,-0.28674,-0.90637,0.04016,-11.4885,-34.0000,0.4733,0.59570,-0.87671,0.00232,1.9313,-29.3130,-2.9160
375393067,-0.31262,-0.93591,0.04150,-12.1527,-32.7099,0.9466,0.59656,-0.87463,0.00342,1.9618,-30.1145,-3.0000
375394067,-0.32153,-0.95764,0.05396,-12.0840,-31.2748,0.9771,0.59900,-0.87195,0.00305,1.9313,-30.9008,-3.1298
375395067,-0.31360,-0.95398,0.06763,-11.5115,-30.1985,0.6183,0.60168,-0.86975,0.00269,1.8473,-31.6641,-3.2595
375396067,-0.30261,-0.94226,0.07727,-10.2824,-29.8702,0.0840,0.60364,-0.86792,0.00403,1.7252,-32.4046,-3.3893
375397067,-0.28076,-0.93079,0.08777,-8.5420,-30.2748,-0.4275,0.60522,-0.86584,0.00476,1.5344,-33.1145,-3.5344
375398067,-0.25854,-0.92102,0.09595,-7.8626,-31.4198,-0.4580,0.60669,-0.86340,0.00464,1.2672,-33.8168,-3.7099
375399065,-0.24365,-0.92761,0.11511,-9.2672,-32.3435,0.2366,0.60828,-0.86096,0.00391,0.9313,-34.4885,-3.9389
375400064,-0.23254,-0.94055,0.15845,-11.6641,-32.4046,1.1908,0.60999,-0.85852,0.00281,0.5038,-35.0916,-4.1985
375401065,-0.22778,-0.93872,0.19434,-13.6031,-31.9313,1.9466,0.61267,-0.85596,0.00354,-0.0153,-35.6794,-4.4733
375402065,-0.23572,-0.92896,0.18750,-14.7405,-31.5344,2.5496,0.61523,-0.85413,0.00488,-0.6412,-36.2672,-4.8015
375403069,-0.25098,-0.92761,0.15454,-15.1527,-31.2672,3.0000,0.61731,-0.85266,0.00562,-1.3893,-36.8092,-5.1679
375404068,-0.25122,-0.93933,0.15527,-14.8321,-30.9389,3.1374,0.61975,-0.85107,0.00403,-2.2443,-37.2977,-5.5420
375405068,-0.23120,-0.96533,0.21558,-13.7710,-30.9237,2.8397,0.62268,-0.84937,0.00098,-3.2214,-37.7481,-5.9160
375406068,-0.20471,-0.99792,0.31067,-12.2443,-31.4885,2.2137,0.62500,-0.84741,-0.00098,-4.2901,-38.1679,-6.2748
375407068,-0.17358,-1.00610,0.41040,-11.1374,-32.1603,1.4885,0.62732,-0.84607,-0.00330,-5.4275,-38.5573,-6.6947
375408068,-0.14087,-0.97595,0.49475,-11.5038,-32.7557,1.1069,0.63074,-0.84521,-0.00671,-6.6107,-38.9084,-7.1069
375409067,-0.11328,-0.93787,0.54907,-13.0840,-33.8244,1.3893,0.63403,-0.84473,-0.01062,-7.8321,-39.1985,-7.5115
375410067,-0.09106,-0.92358,0.58630,-14.5191,-35.9618,2.1298,0.63660,-0.84412,-0.01428,-9.0763,-39.4198,-7.9160
375411068,-0.08228,-0.93896,0.60522,-15.4427,-39.4809,3.0076,0.63794,-0.84387,-0.01782,-10.3588,-39.6260,-8.3206
375412067,-0.08984,-0.97668,0.58289,-16.5573,-43.9618,3.9237,0.63953,-0.84448,-0.02112,-11.6947,-39.8473,-8.7481
375413065,-0.10986,-1.01038,0.54187,-17.7939,-48.5344,4.6260,0.64209,-0.84583,-0.02344,-13.0687,-40.0153,-9.2137
375414069,-0.13477,-0.99817,0.51245,-18.3130,-52.4275,4.7710,0.64490,-0.84753,-0.02649,-14.4656,-40.1221,-9.7252
375415068,-0.15833,-0.95532,0.47253,-18.3588,-55.3588,4.8092,0.64648,-0.84863,-0.03076,-15.8779,-40.2137,-10.2214
375416067,-0.19397,-0.93323,0.39099,-18.8015,-57.4122,5.1985,0.64661,-0.84961,-0.03577,-17.2977,-40.2672,-10.7099
375417067,-0.23584,-0.93506,0.30420,-19.5115,-58.1069,5.6260,0.64795,-0.85168,-0.04041,-18.7023,-40.2672,-11.2061
375418067,-0.25647,-0.94849,0.25110,-20.3053,-57.5573,5.8397,0.64966,-0.85376,-0.04468,-20.0687,-40.2061,-11.7405
375419067,-0.26208,-0.97217,0.21594,-21.4809,-56.7176,5.9695,0.65063,-0.85498,-0.04883,-21.3817,-40.0916,-12.2748
375420067,-0.27954,-0.98462,0.17371,-22.8321,-56.1527,5.9618,0.65100,-0.85669,-0.05261,-22.6183,-39.9466,-12.8015
375421067,-0.30273,-0.95776,0.12439,-23.7023,-55.6641,5.6870,0.65125,-0.85901,-0.05676,-23.8168,-39.7939,-13.2901
375422065,-0.32056,-0.91772,0.09033,-24.1374,-55.3282,5.5420,0.65100,-0.86157,-0.06189,-24.9313,-39.6412,-13.7786
375423068,-0.33899,-0.91040,0.06653,-24.4275,-55.2977,5.7405,0.64990,-0.86511,-0.06689,-25.9542,-39.4351,-14.2595
375424068,-0.35474,-0.93298,0.03491,-24.6641,-55.2443,6.0611,0.64941,-0.86975,-0.07190,-26.8855,-39.1679,-14.7328
375425068,-0.37219,-0.96179,-0.00330,-25.0000,-55.1069,6.3359,0.64893,-0.87402,-0.07654,-27.7023,-38.9008,-15.2137
375426067,-0.39551,-1.00000,-0.03406,-25.6260,-54.5725,6.6336,0.64758,-0.87830,-0.07935,-28.3969,-38.6412,-15.6794
375427067,-0.41101,-1.04504,-0.04663,-27.0611,-53.2901,7.0153,0.64551,-0.88379,-0.08093,-28.9771,-38.3664,-16.1298
375428065,-0.40991,-1.05151,-0.03247,-29.7099,-51.2595,7.3435,0.64319,-0.89014,-0.08362,-29.4504,-38.0534,-16.5344
375429069,-0.39880,-1.00830,-0.00842,-32.8550,-49.0000,7.5496,0.64075,-0.89722,-0.08630,-29.8244,-37.7405,-16.9313
375430068,-0.38708,-0.95850,0.00439,-35.0840,-47.1069,7.6183,0.63831,-0.90417,-0.09021,-30.1221,-37.4198,-17.3359
