t_us,m1_ax_g,m1_ay_g,m1_az_g,m1_gx_dps,m1_gy_dps,m1_gz_dps,m2_ax_g,m2_ay_g,m2_az_g,m2_gx_dps,m2_gy_dps,m2_gz_dps
680038069,-0.33252,-0.92773,-0.05273,-7.6260,-3.3588,-1.0687,0.60400,-0.84338,0.06763,-25.4504,-12.1908,7.1145
680039068,-0.33203,-0.92664,-0.04834,-8.2672,-3.1069,-0.5573,0.60425,-0.84473,0.06641,-24.6870,-11.6947,7.1145
680040067,-0.33032,-0.93811,-0.04321,-8.5496,-2.8626,-0.1985,0.60400,-0.84692,0.06543,-23.9084,-11.1603,7.1374
680041067,-0.32361,-0.94934,-0.02808,-8.3359,-2.6031,-0.1527,0.60498,-0.85010,0.06604,-23.1374,-10.6031,7.1985
680042065,-0.32031,-0.95483,-0.00891,-8.1832,-2.3817,-0.2443,0.60645,-0.85303,0.06628,-22.3664,-10.0534,7.3130
680043064,-0.31396,-0.95813,0.01416,-8.3969,-2.0611,-0.3435,0.60803,-0.85596,0.06592,-21.5802,-9.4809,7.4427
680044069,-0.30530,-0.96204,0.03735,-8.5496,-1.8855,-0.4962,0.60901,-0.85876,0.06555,-20.8015,-8.8626,7.5725
680045067,-0.30164,-0.96191,0.05115,-8.2748,-2.0534,-0.8244,0.60986,-0.86145,0.06494,-20.0000,-8.2137,7.7252
680046067,-0.30066,-0.95972,0.05664,-7.7176,-2.5115,-1.2290,0.61035,-0.86328,0.06409,-19.1832,-7.5725,7.9466
680047067,-0.29968,-0.96179,0.05444,-7.2061,-3.2061,-1.5420,0.60962,-0.86487,0.06311,-18.3664,-6.9160,8.1985
680048068,-0.30054,-0.96240,0.05127,-6.9771,-4.0992,-1.7023,0.60901,-0.86707,0.06152,-17.5344,-6.2672,8.4885
680049068,-0.30225,-0.96704,0.04553,-6.9771,-4.9389,-1.6947,0.60791,-0.87000,0.05908,-16.6870,-5.6336,8.7710
680050068,-0.30701,-0.96265,0.03564,-7.2366,-5.4275,-1.6565,0.60706,-0.87317,0.05579,-15.8244,-4.9389,9.0534
680051068,-0.31323,-0.93774,0.02319,-7.8779,-5.4885,-1.4962,0.60645,-0.87671,0.05298,-14.9084,-4.2061,9.3359
680052068,-0.31458,-0.91626,0.01172,-8.6794,-5.2061,-1.0763,0.60608,-0.87976,0.05176,-13.9847,-3.4885,9.6183
680053067,-0.31946,-0.91785,0.00098,-9.2137,-4.9466,-0.5954,0.60657,-0.88257,0.05029,-13.0534,-2.7939,9.9084
680054068,-0.32458,-0.93604,-0.01514,-9.1908,-4.7023,-0.3817,0.60669,-0.88501,0.04871,-12.0992,-2.0992,10.1603
680055068,-0.32690,-0.94519,-0.03406,-8.7252,-4.5725,-0.5649,0.60669,-0.88574,0.04688,-11.1145,-1.3740,10.3740
680056068,-0.33020,-0.93042,-0.03821,-8.2366,-4.4427,-1.0153,0.60730,-0.88647,0.04578,-10.1221,-0.6489,10.5496
680057067,-0.32739,-0.89148,-0.02600,-7.9847,-4.1679,-1.4504,0.60718,-0.88770,0.04614,-9.1374,0.0611,10.7176
680058064,-0.32178,-0.86743,-0.01367,-7.8702,-3.8244,-1.4427,0.60742,-0.88904,0.04688,-8.1145,0.7557,10.8931
680059069,-0.31970,-0.89014,-0.00122,-7.5496,-3.4733,-1.1756,0.60889,-0.89001,0.04773,-7.0916,1.4351,11.0382
680060068,-0.31812,-0.92944,0.00574,-6.9695,-3.1527,-1.0916,0.60938,-0.89014,0.04858,-6.0840,2.1450,11.1450
680061068,-0.31958,-0.94312,-0.00623,-6.8168,-3.1221,-1.1756,0.61047,-0.88953,0.04932,-5.1069,2.8779,11.2214
680062067,-0.32068,-0.92493,-0.01318,-7.4198,-3.3053,-1.0992,0.61230,-0.88892,0.04932,-4.1679,3.6260,11.2519
680063068,-0.31433,-0.91113,0.00305,-8.1679,-3.6107,-0.7634,0.61401,-0.88794,0.04834,-3.2519,4.3435,11.2595
680064067,-0.30884,-0.91687,0.02307,-8.3206,-3.9084,-0.4656,0.61584,-0.88684,0.04895,-2.3359,5.0153,11.2214
680065067,-0.31030,-0.93506,0.02771,-8.1298,-4.1298,-0.2977,0.61755,-0.88550,0.05066,-1.4427,5.6870,11.1679
680066067,-0.31470,-0.95251,0.01587,-8.1832,-4.1450,-0.2901,0.61926,-0.88342,0.05261,-0.5878,6.3740,11.1145
680067067,-0.31738,-0.95386,-0.00562,-8.4427,-4.2214,-0.4046,0.62097,-0.87878,0.05408,0.8931,7.6336,10.8321
680068067,-0.31848,-0.93909,-0.01953,-8.3511,-4.4351,-0.7023,0.61975,-0.87561,0.05322,1.5344,8.1603,10.5954
680069067,-0.32117,-0.92700,-0.01782,-7.8779,-4.7863,-0.9389,0.61792,-0.87378,0.05115,2.0840,8.6183,10.3511
680070067,-0.32422,-0.93811,-0.01379,-7.5878,-4.9313,-0.9695,0.61584,-0.87195,0.04883,2.5344,9.0229,10.1145
680071067,-0.32434,-0.95276,-0.00854,-7.5878,-4.5573,-1.0000,0.61426,-0.86902,0.04810,2.8931,9.3664,9.8626
680072065,-0.32361,-0.95398,-0.01123,-7.5267,-3.8931,-1.1450,0.61255,-0.86646,0.04785,3.1679,9.6336,9.5725
680073069,-0.32361,-0.93884,-0.02234,-7.3282,-3.3588,-1.3511,0.61047,-0.86438,0.04773,3.3664,9.8321,9.2901
680074068,-0.32056,-0.92468,-0.02563,-7.2443,-3.1069,-1.3588,0.60815,-0.86243,0.04834,3.4962,9.9771,9.0000
680075067,-0.31299,-0.92700,-0.01257,-7.5038,-3.0763,-1.1679,0.60535,-0.86133,0.04846,3.5649,10.0687,8.6641
680076068,-0.30725,-0.92944,0.00513,-7.9084,-3.2290,-1.0000,0.60315,-0.86072,0.04785,3.6183,10.1069,8.3053
680077068,-0.30933,-0.92725,0.01062,-7.9237,-3.5115,-0.9466,0.60156,-0.85925,0.04858,3.6183,10.0992,7.9542
680078068,-0.31274,-0.93542,0.01001,-7.6794,-3.7405,-0.8550,0.59961,-0.85815,0.04968,3.5802,10.0382,7.6183
680079067,-0.30969,-0.95312,0.01428,-7.7176,-3.8168,-0.7405,0.59717,-0.85742,0.04968,3.5344,9.9618,7.2901
680080067,-0.30957,-0.94836,0.01428,-8.0534,-4.0382,-0.7634,0.59497,-0.85791,0.05017,3.4885,9.8702,6.9771
680081067,-0.31042,-0.92969,0.01050,-8.3053,-4.2672,-0.7557,0.59277,-0.85779,0.05151,3.3740,9.6718,6.6183
680082068,-0.30713,-0.92908,0.01282,-8.3740,-4.5115,-0.6183,0.59045,-0.85706,0.05249,3.1985,9.4122,6.2595
680083068,-0.30896,-0.93872,0.00781,-8.1832,-4.7863,-0.6107,0.58875,-0.85681,0.05200,3.0153,9.1374,5.9237
680084067,-0.31580,-0.93323,-0.01123,-7.9008,-4.9695,-0.8397,0.58765,-0.85559,0.05212,2.8168,8.8397,5.5878
680085067,-0.32117,-0.91687,-0.02588,-7.7328,-5.0000,-1.0305,0.58667,-0.85498,0.05322,2.5878,8.5496,5.2672
680086067,-0.32751,-0.91370,-0.03125,-7.6565,-5.0611,-1.0153,0.58557,-0.85461,0.05371,2.3359,8.2366,4.9847
680087067,-0.33240,-0.92908,-0.03650,-7.3740,-4.9313,-0.9618,0.58435,-0.85364,0.05396,2.0840,7.8855,4.7481
680088067,-0.33472,-0.95251,-0.03845,-6.9924,-4.6336,-1.0076,0.58374,-0.85327,0.05469,1.8244,7.5267,4.4962
680089068,-0.33667,-0.96069,-0.03638,-6.9008,-4.1527,-1.1603,0.58484,-0.85376,0.05664,1.5267,7.1603,4.2366
680090068,-0.33484,-0.94287,-0.04016,-7.3130,-3.5954,-1.2290,0.58594,-0.85413,0.05957,1.1832,6.8015,4.0153
680091067,-0.32849,-0.91479,-0.03943,-7.8550,-3.0382,-1.1069,0.58594,-0.85376,0.06152,0.7863,6.4198,3.8702
680092067,-0.32239,-0.90430,-0.02039,-8.1756,-2.6641,-0.8168,0.58582,-0.85291,0.06226,0.3359,6.0305,3.7481
680093068,-0.31396,-0.91101,0.01050,-8.2290,-2.3664,-0.6031,0.58630,-0.85132,0.06287,-0.1603,5.6336,3.6336
680094067,-0.29871,-0.92102,0.04834,-8.0687,-1.9618,-0.5725,0.58740,-0.84851,0.06323,-0.7252,5.2519,3.5420
680095067,-0.28955,-0.93481,0.07507,-8.0305,-1.9008,-0.5496,0.58826,-0.84509,0.06238,-1.3740,4.8473,3.4733
680096067,-0.28833,-0.94885,0.07495,-8.2137,-2.3740,-0.4656,0.58911,-0.84106,0.06042,-2.1221,4.3969,3.4275
680097067,-0.28625,-0.95410,0.05298,-8.0992,-3.4198,-0.5267,0.58936,-0.83594,0.05872,-2.9695,3.9084,3.3817
680098067,-0.28882,-0.94470,0.03833,-7.5649,-4.8092,-0.7786,0.58923,-0.82971,0.05774,-3.9160,3.4046,3.3511
680099067,-0.29504,-0.93567,0.03638,-7.2214,-6.1756,-0.9084,0.58972,-0.82251,0.05688,-5.0229,2.8855,3.3053
680100067,-0.29871,-0.93628,0.03088,-7.3969,-6.9389,-0.8092,0.58997,-0.81506,0.05627,-6.2595,2.3282,3.2519
680101067,-0.31152,-0.94104,0.01208,-8.0687,-7.0992,-0.5573,0.58972,-0.80872,0.05518,-7.6336,1.7099,3.1908
680102067,-0.32654,-0.94128,-0.01831,-8.8779,-6.5954,-0.3817,0.58875,-0.80383,0.05225,-9.1374,1.0229,3.1298
680103067,-0.33630,-0.93323,-0.04456,-9.2824,-5.8321,-0.3817,0.58691,-0.79980,0.04932,-10.7481,0.3206,3.0611
680104067,-0.34363,-0.93042,-0.06030,-8.8931,-5.1985,-0.5496,0.58472,-0.79614,0.04590,-12.4580,-0.3588,2.9695
680105067,-0.34448,-0.93823,-0.06348,-7.9771,-4.7176,-0.8779,0.58264,-0.79285,0.04236,-14.2748,-1.0763,2.8321
680106067,-0.34448,-0.94360,-0.06787,-7.1679,-4.4122,-1.2824,0.58020,-0.79016,0.04041,-16.1985,-1.8168,2.6718
680107065,-0.34119,-0.92859,-0.06982,-6.7405,-4.0153,-1.6794,0.57886,-0.78857,0.03882,-18.1679,-2.5954,2.5038
680108069,-0.33398,-0.90039,-0.05713,-6.6107,-3.5496,-1.8397,0.57727,-0.78882,0.03723,-20.1298,-3.4046,2.3664
680109068,-0.32507,-0.89099,-0.03674,-6.6107,-3.0382,-1.6107,0.57471,-0.79016,0.03528,-22.0840,-4.1985,2.2366
680110067,-0.31689,-0.91541,-0.01782,-6.9389,-2.6031,-1.0458,0.57288,-0.79138,0.03357,-24.0305,-4.9618,2.0992
680111067,-0.31165,-0.94739,-0.00220,-7.7557,-2.2824,-0.4885,0.57239,-0.79236,0.03247,-25.9389,-5.7176,1.9695
680112067,-0.30640,-0.94836,0.00720,-8.6641,-2.1450,-0.2824,0.57397,-0.79504,0.03210,-27.7786,-6.4504,1.8550
680113068,-0.30139,-0.92627,0.00952,-9.0687,-2.4580,-0.2748,0.57751,-0.80005,0.03247,-29.5191,-7.1603,1.7634
680114067,-0.29944,-0.91467,0.01599,-8.8015,-3.2137,-0.3130,0.58008,-0.80664,0.03235,-31.1374,-7.8015,1.7023
680115067,-0.30261,-0.92749,0.02185,-8.2366,-4.2595,-0.3435,0.58301,-0.81348,0.03149,-32.6183,-8.3588,1.6565
680116067,-0.30786,-0.95215,0.02185,-7.8168,-5.0916,-0.4580,0.58643,-0.81909,0.03052,-33.9389,-8.8473,1.6107
680117067,-0.31335,-0.96826,0.01880,-7.5115,-5.4885,-0.7481,0.58875,-0.82434,0.02917,-35.1221,-9.2824,1.5725
680118067,-0.32153,-0.96680,0.00146,-7.1374,-5.5420,-1.1374,0.59167,-0.82971,0.02747,-36.1679,-9.6641,1.5496
680119067,-0.32947,-0.95435,-0.02686,-6.9237,-5.2901,-1.3588,0.59534,-0.83484,0.02563,-37.0916,-9.9771,1.5649
680120067,-0.33826,-0.94690,-0.04968,-7.1145,-4.9313,-1.3130,0.59863,-0.83984,0.02429,-37.8626,-10.2214,1.6183
680121067,-0.34473,-0.95288,-0.05676,-7.5802,-4.4351,-1.1069,0.60144,-0.84399,0.02380,-38.5038,-10.3664,1.7023
680122066,-0.34326,-0.96631,-0.04993,-8.0458,-3.8779,-0.9389,0.60364,-0.84705,0.02417,-39.0305,-10.4427,1.8244
680123065,-0.33899,-0.96924,-0.03748,-8.3511,-3.3511,-0.9313,0.60522,-0.84961,0.02393,-39.4733,-10.4656,1.9771
680124068,-0.33167,-0.95618,-0.02734,-8.4809,-2.8473,-1.0458,0.60718,-0.85205,0.02368,-39.8473,-10.4427,2.1756
680125068,-0.32312,-0.93188,-0.02673,-8.4504,-2.5573,-1.1832,0.60962,-0.85315,0.02393,-40.1756,-10.3359,2.3893
680126067,-0.31885,-0.90649,-0.03101,-8.2977,-2.7557,-1.2290,0.61060,-0.85107,0.02429,-40.4809,-10.1908,2.6183
680127067,-0.31616,-0.90234,-0.02673,-8.0687,-3.1679,-1.1450,0.61060,-0.84680,0.02527,-40.8397,-10.0687,2.8779
680128064,-0.31470,-0.92566,-0.01587,-7.9160,-3.6031,-0.9389,0.60986,-0.84058,0.02661,-41.2977,-9.9542,3.1679
680129069,-0.31482,-0.94958,-0.00964,-7.9924,-3.7481,-0.7786,0.60901,-0.83264,0.02808,-41.8931,-9.8550,3.4809
680130067,-0.31982,-0.94678,-0.01392,-8.2824,-3.6794,-0.7099,0.60742,-0.82336,0.02795,-42.6794,-9.7863,3.7786
680131067,-0.32483,-0.92639,-0.02417,-8.6489,-3.4427,-0.5802,0.60352,-0.81274,0.02698,-43.7710,-9.8321,4.0687
680132067,-0.32031,-0.91968,-0.02405,-8.9389,-3.1221,-0.3206,0.59753,-0.80115,0.02722,-45.1298,-9.9924,4.4046
680133065,-0.32007,-0.92847,-0.01868,-9.0458,-3.0382,-0.1374,0.59143,-0.78870,0.02747,-46.7786,-10.2214,4.7481
680134065,-0.32458,-0.93811,-0.01892,-8.9695,-3.0687,-0.1832,0.58569,-0.77490,0.02698,-48.7252,-10.5344,5.0763
680135069,-0.32471,-0.95105,-0.02039,-8.6641,-3.1374,-0.4198,0.58008,-0.76038,0.02722,-51.0076,-10.9847,5.3893
680136067,-0.32642,-0.96094,-0.01611,-8.1298,-3.2824,-0.8473,0.57373,-0.74585,0.02820,-53.6336,-11.5725,5.6870
680137067,-0.32227,-0.95703,-0.01074,-7.4885,-3.3359,-1.3588,0.56567,-0.73120,0.02808,-56.6107,-12.2824,5.9847
680138067,-0.31641,-0.94067,-0.00928,-7.0840,-3.3435,-1.7252,0.55676,-0.71716,0.02588,-59.9313,-13.1145,6.2672
680139067,-0.31750,-0.93005,-0.01794,-7.0840,-3.3817,-1.7481,0.54785,-0.70386,0.02429,-63.5725,-14.1221,6.5191
680140068,-0.31885,-0.92944,-0.02856,-7.3740,-3.2595,-1.5878,0.53882,-0.69092,0.02356,-67.5267,-15.3206,6.7481
680141068,-0.31812,-0.92834,-0.02820,-7.7634,-3.0611,-1.3511,0.52893,-0.67810,0.02332,-71.7557,-16.7023,6.9542
680142067,-0.31543,-0.92053,-0.02271,-8.2443,-2.7786,-1.1069,0.51941,-0.66528,0.02332,-76.2443,-18.2214,7.1679
680143067,-0.31641,-0.91272,-0.01978,-8.7634,-2.5267,-0.7557,0.50879,-0.65271,0.02417,-80.9847,-19.8626,7.3511
680144064,-0.31665,-0.91846,-0.01685,-9.0000,-2.2748,-0.4046,0.49634,-0.64001,0.02563,-86.0305,-21.6870,7.5267
680145068,-0.31543,-0.93347,-0.01965,-9.1069,-2.2137,-0.1298,0.48315,-0.62659,0.02747,-91.3893,-23.6794,7.7023
680146068,-0.31567,-0.93774,-0.02930,-9.1374,-2.3130,-0.1298,0.46838,-0.61230,0.03076,-97.0763,-25.8626,7.9084
680147067,-0.31116,-0.94128,-0.02197,-8.9695,-2.4275,-0.2214,0.45422,-0.59546,0.03540,-103.1603,-28.2366,8.1145
680148067,-0.30872,-0.93848,-0.00903,-9.0153,-2.4504,-0.3282,0.44067,-0.57568,0.04041,-109.7023,-30.8397,8.3359
680149067,-0.30615,-0.92944,-0.00391,-9.3206,-2.2214,-0.3206,0.42651,-0.55383,0.04663,-116.7405,-33.6794,8.5725
680150067,-0.30920,-0.92761,-0.00220,-9.4809,-1.9466,-0.2290,0.41113,-0.52905,0.05566,-124.2977,-36.7939,8.7939
680151067,-0.31226,-0.93945,0.00208,-9.3740,-1.7710,-0.1527,0.39551,-0.50024,0.06580,-132.4809,-40.2290,9.0076
680152068,-0.31213,-0.95776,0.00525,-9.1985,-1.7863,-0.1832,0.38037,-0.46863,0.07458,-141.3740,-44.0229,9.2290
680153067,-0.31750,-0.96960,0.00244,-8.9008,-2.1221,-0.4046,0.36426,-0.43433,0.08276,-151.0916,-48.2137,9.5191
680154068,-0.31750,-0.96960,-0.00208,-8.3588,-2.4504,-0.7863,0.34680,-0.39648,0.09082,-161.7710,-52.8321,9.8626
680155067,-0.31750,-0.95264,-0.00171,-7.7328,-2.8550,-1.2137,0.32886,-0.35669,0.09729,-173.4198,-57.9160,10.2977
680156068,-0.31909,-0.93604,-0.00012,-7.3282,-3.0687,-1.4198,0.31116,-0.31604,0.10095,-186.0229,-63.5115,11.0534
680157067,-0.31433,-0.93640,-0.00403,-7.2748,-2.9847,-1.3969,0.29199,-0.27478,0.10205,-199.6260,-69.6565,11.6794
680158067,-0.32275,-0.94617,-0.03564,-7.6107,-3.0992,-1.2443,0.27100,-0.23413,0.10242,-214.2672,-76.3511,12.0687
680159067,-0.34082,-0.95776,-0.07996,-8.3435,-3.2672,-1.0382,0.25024,-0.19275,0.10315,-229.9313,-83.6183,12.4351
680160065,-0.34692,-0.96411,-0.09363,-9.5115,-3.0229,-0.7863,0.22937,-0.15125,0.10388,-246.5954,-91.5038,12.9237
680161065,-0.34924,-0.94519,-0.08398,-11.0153,-2.3740,-0.4885,0.20776,-0.11145,0.10388,-250.1374,-100.0916,13.5344
680162065,-0.34949,-0.89575,-0.07312,-12.3435,-1.0992,-0.0611,0.18579,-0.07263,0.10266,-250.1374,-109.3282,14.2137
680163065,-0.34546,-0.86072,-0.06519,-12.9237,0.4504,0.5878,0.16394,-0.03455,0.09973,-250.1374,-119.1832,14.9237
680164065,-0.34009,-0.87231,-0.05249,-12.7863,1.9313,1.2137,0.14282,0.00183,0.09521,-250.1374,-129.6565,15.6870
680165069,-0.32727,-0.91052,-0.02600,-12.4962,3.1145,1.5878,0.09949,0.06787,0.07654,-250.1374,-152.5802,17.3817
680166068,-0.31287,-0.92993,0.00183,-12.5038,3.5344,1.6031,0.07849,0.09900,0.05981,-250.1374,-165.0000,18.2519
680167067,-0.29919,-0.91931,0.02832,-12.6489,3.2061,1.4580,0.05774,0.12842,0.04004,-250.1374,-178.0305,19.1450
680168068,-0.28625,-0.91113,0.04932,-12.4504,2.1908,1.3817,0.03699,0.15564,0.01807,-250.1374,-191.6794,20.0382
680169068,-0.25208,-0.88147,0.04065,-11.8168,0.9466,1.3435,0.01587,0.18274,-0.00854,-250.1374,-205.9237,20.9084
680170068,-0.36389,-0.52356,-0.09229,-11.6565,-1.4351,2.0229,-0.00488,0.20764,-0.04041,-250.1374,-220.7557,21.7557
680171068,-0.91016,-0.66638,-0.91724,-12.6183,-12.0458,12.4275,-0.02393,0.22852,-0.07703,-250.1374,-236.1603,22.5267
680172068,-1.67468,-2.00000,-2.00000,-19.8321,-23.6489,35.6107,-0.04150,0.24500,-0.11902,-250.1374,-250.1374,23.2519
680173068,-2.00000,-2.00000,-1.90503,-62.5573,-7.5191,49.7405,-0.05884,0.25537,-0.16467,-250.1374,-250.1374,23.9237
680174068,-2.00000,-2.00000,1.31177,-164.7557,71.2748,53.1985,-0.07581,0.26025,-0.21350,-250.1374,-250.1374,24.5344
680175068,0.01270,-2.00000,1.99994,-250.1374,179.3740,51.0611,-0.09167,0.26050,-0.26599,-250.1374,-250.1374,25.0076
680176068,0.23413,1.99994,-0.70374,-250.1374,192.4046,71.8092,-0.10535,0.25537,-0.32349,-250.1374,-250.1374,25.3817
680177068,-0.89954,1.99994,-2.00000,-250.1374,140.4733,128.0992,-0.11743,0.24451,-0.38501,-250.1374,-250.1374,25.6336
680178067,-0.39429,1.99994,-2.00000,-250.1374,105.6412,208.8779,-0.12866,0.22803,-0.44800,-250.1374,-250.1374,25.7405
680179067,-0.75354,-1.62207,-2.00000,-250.1374,36.9847,250.1298,-0.13708,0.20618,-0.51392,-250.1374,-250.1374,25.6794
680180067,-2.00000,-2.00000,-2.00000,-250.1374,-20.4809,250.1298,-0.14172,0.17798,-0.58215,-250.1374,-250.1374,25.4351
680181068,-2.00000,-2.00000,-2.00000,-250.1374,53.8015,250.1298,-0.14294,0.14441,-0.65417,-250.1374,-250.1374,24.9313
680182068,-2.00000,1.27551,-1.34839,-250.1374,241.0000,250.1298,-0.14124,0.10779,-0.72986,-250.1374,-250.1374,24.2290
680183068,-2.00000,1.99994,-0.42639,-250.1374,250.1298,250.1298,-0.13672,0.06567,-0.80408,-250.1374,-250.1374,23.4351
680184067,-2.00000,-1.20093,-2.00000,-250.1374,250.1298,250.1298,-0.12866,0.01782,-0.87927,-250.1374,-250.1374,22.5191
680185067,-2.00000,-2.00000,-2.00000,-250.1374,250.1298,250.1298,-0.11646,-0.03418,-0.95728,-250.1374,-250.1374,21.5191
680186068,0.05798,-2.00000,-0.24634,-250.1374,250.1298,250.1298,-0.10022,-0.08972,-1.03491,-250.1374,-250.1374,20.3511
680187067,0.02893,-2.00000,-0.66418,-250.1374,250.1298,250.1298,-0.07935,-0.14746,-1.11145,-250.1374,-250.1374,18.9695
680188068,-0.53809,-2.00000,-1.16919,-250.1374,250.1298,250.1298,-0.05493,-0.20740,-1.18811,-250.1374,-250.1374,17.3130
680189068,1.01831,-2.00000,1.28259,-250.1374,208.6107,236.0916,-0.02832,-0.26917,-1.26501,-250.1374,-250.1374,15.3969
680190068,1.67212,-2.00000,1.99994,-250.1374,124.3740,174.9618,0.00012,-0.33215,-1.33948,-250.1374,-250.1374,13.3053
680191068,0.81567,-2.00000,0.73401,-250.1374,44.3969,114.8168,0.03149,-0.39526,-1.41199,-250.1374,-250.1374,11.0305
680192067,-0.47607,-2.00000,-2.00000,-234.0229,-20.8092,72.0153,0.06494,-0.45679,-1.48291,-250.1374,-250.1374,8.8321
680193068,-2.00000,-2.00000,-2.00000,-250.1374,-54.0458,76.5649,0.09985,-0.51721,-1.55090,-250.1374,-250.1374,6.9924
680194068,-2.00000,-2.00000,-2.00000,-250.1374,30.9618,136.4885,0.13745,-0.57935,-1.61743,-250.1374,-250.1374,5.5649
680195068,-2.00000,-2.00000,-1.40234,-250.1374,243.3435,221.8702,0.17712,-0.64526,-1.68237,-250.1374,-250.1374,4.4122
680196068,-1.62634,-2.00000,1.99994,-250.1374,250.1298,250.1298,0.21924,-0.71313,-1.74670,-250.1374,-250.1374,3.2519
680197068,-1.96985,1.55273,1.85339,-250.1374,250.1298,250.1298,0.26331,-0.78149,-1.80713,-250.1374,-250.1374,1.9618
680198068,-2.00000,1.99994,-1.69543,-250.1374,250.1298,250.1298,0.30933,-0.85059,-1.86108,-250.1374,-250.1374,0.5267
680199068,-0.48120,1.45044,-0.67224,-250.1374,250.1298,250.1298,0.35718,-0.92090,-1.91016,-250.1374,-250.1374,-0.9924
680200068,1.48401,-2.00000,1.99976,-250.1374,250.1298,250.1298,0.40674,-0.99170,-1.95435,-250.1374,-250.1374,-2.4656
680201067,1.99994,-1.91699,1.99994,-250.1374,250.1298,250.1298,0.45850,-1.06323,-1.99365,-250.1374,-250.1374,-3.7634
680202067,1.99994,-1.54761,1.99994,-250.1374,250.1298,250.1298,0.51111,-1.13599,-2.00000,-250.1374,-250.1374,-4.9542
680203068,0.78625,-2.00000,0.01440,-250.1374,171.0840,250.1298,0.56323,-1.20813,-2.00000,-250.1374,-250.1374,-6.0840
680204067,-0.16321,-2.00000,1.99994,-250.1374,124.6565,250.1298,0.61499,-1.28015,-2.00000,-250.1374,-250.1374,-7.0458
680205067,1.18103,-2.00000,1.99994,-250.1374,176.6794,250.1298,0.66394,-1.35229,-2.00000,-250.1374,-250.1374,-7.7023
680206068,1.11365,-2.00000,1.99994,-250.1374,241.1298,250.1298,0.70935,-1.41980,-2.00000,-250.1374,-250.1374,-8.1145
680207068,-0.51514,-2.00000,1.13879,-250.1374,250.1298,250.1298,0.75134,-1.48669,-2.00000,-250.1374,-250.1374,-8.1603
680208067,0.12451,-2.00000,-0.15955,-250.1374,250.1298,250.1298,0.79114,-1.54883,-2.00000,-250.1374,-250.1374,-8.0763
680209068,1.11841,-1.55469,0.73779,-250.1374,250.1298,250.1298,0.82886,-1.60339,-2.00000,-250.1374,-250.1374,-7.8473
680210068,1.26184,-1.66455,0.48035,-250.1374,214.9084,250.1298,0.86401,-1.65344,-2.00000,-250.1374,-250.1374,-7.4885
680211067,1.50098,-1.81128,0.40332,-250.1374,107.8702,250.1298,0.89600,-1.69238,-2.00000,-250.1374,-250.1374,-6.9771
680212068,1.50842,-1.22571,1.90613,-250.1374,-8.6947,250.1298,0.92322,-1.72119,-2.00000,-250.1374,-250.1374,-6.1908
680213068,1.08472,-1.23596,1.48669,-250.1374,-111.0382,238.7634,0.94604,-1.74255,-2.00000,-250.1374,-250.1374,-5.0458
680214067,-1.15442,-1.32581,-1.92480,-250.1374,-201.5191,189.8321,0.96582,-1.75916,-2.00000,-250.1374,-250.1374,-3.5802
680215068,-2.00000,-2.00000,-2.00000,-250.1374,-231.7710,173.1832,0.98279,-1.76794,-2.00000,-250.1374,-250.1374,-2.0916
680216068,-2.00000,-2.00000,-2.00000,-250.1374,-121.7023,189.9160,0.99585,-1.76904,-2.00000,-250.1374,-250.1374,-0.4580
680217067,-2.00000,-2.00000,-2.00000,-250.1374,104.8626,250.1298,1.00500,-1.76416,-2.00000,-250.1374,-250.1374,1.3511
680218068,-2.00000,-2.00000,-2.00000,-250.1374,250.1298,250.1298,1.01160,-1.75134,-2.00000,-250.1374,-250.1374,3.4122
680219068,-2.00000,-1.28552,-2.00000,-250.1374,250.1298,250.1298,1.01685,-1.73267,-1.98840,-250.1374,-250.1374,5.7557
680220067,-2.00000,0.69116,-2.00000,-250.1374,250.1298,250.1298,1.02014,-1.70984,-1.95923,-250.1374,-250.1374,8.2672
680221067,-0.45251,0.96448,-1.62195,-250.1374,250.1298,250.1298,1.02209,-1.68176,-1.92883,-250.1374,-250.1374,10.7939
680222068,-0.25562,-0.74512,-1.45105,-250.1374,250.1298,250.1298,1.02307,-1.64868,-1.89709,-250.1374,-250.1374,13.3817
680223068,0.21985,-2.00000,-0.12744,-250.1374,250.1298,250.1298,1.02271,-1.61194,-1.86475,-250.1374,-250.1374,16.0611
680224067,1.99994,-2.00000,1.99994,-250.1374,250.1298,250.1298,1.02063,-1.57043,-1.83289,-250.1374,-250.1374,18.7939
680225067,1.99994,-2.00000,1.99994,-250.1374,250.1298,250.1298,1.01672,-1.52429,-1.80212,-250.1374,-250.1374,21.5344
680226067,1.99994,1.36182,1.99994,-250.1374,136.2748,157.5954,1.01050,-1.47705,-1.77441,-250.1374,-250.1374,24.2901
680227067,1.92810,1.50610,0.42944,-250.1374,22.7939,83.1908,1.00183,-1.42896,-1.75049,-250.1374,-250.1374,27.0076
680228068,-0.13086,-1.69006,-2.00000,-250.1374,-79.8626,57.0611,0.99121,-1.37915,-1.72876,-250.1374,-250.1374,29.6183
680229068,-2.00000,-2.00000,-2.00000,-250.1374,-114.9618,67.4885,0.97949,-1.32874,-1.70801,-250.1374,-250.1374,32.1069
680230064,-2.00000,-2.00000,-2.00000,-250.1374,-9.0229,96.9618,0.96655,-1.27820,-1.68750,-250.1374,-250.1374,34.4504
680231069,-2.00000,-0.54077,-2.00000,-250.1374,171.7328,115.3053,0.95129,-1.22681,-1.66638,-250.1374,-250.1374,36.6718
680232064,-2.00000,1.99994,-2.00000,-250.1374,250.1298,142.9847,0.93445,-1.17432,-1.64514,-250.1374,-250.1374,38.7481
680233065,-2.00000,1.99994,-2.00000,-250.1374,250.1298,212.9160,0.91748,-1.12183,-1.62390,-250.1374,-250.1374,40.6870
680234065,-2.00000,1.99994,-2.00000,-250.1374,250.1298,250.1298,0.90002,-1.06958,-1.60205,-250.1374,-250.1374,42.4733
680235069,-2.00000,-1.73193,-2.00000,-250.1374,250.1298,250.1298,0.88293,-1.01843,-1.57922,-250.1374,-250.1374,44.1145
680236068,-2.00000,-2.00000,-2.00000,-250.1374,250.1298,250.1298,0.86646,-0.96838,-1.55457,-250.1374,-250.1374,45.6412
680237068,-0.83972,-1.06946,-2.00000,-250.1374,250.1298,250.1298,0.84998,-0.92053,-1.52844,-250.1374,-250.1374,47.0000
680238068,-0.28528,1.99994,-0.26013,-250.1374,250.1298,250.1298,0.83411,-0.87634,-1.50195,-250.1374,-250.1374,48.2061
680239068,0.88965,1.99994,1.99994,-250.1374,250.1298,250.1298,0.81787,-0.83472,-1.47559,-250.1374,-250.1374,49.2672
680240068,1.99866,1.47351,1.99994,-250.1374,250.1298,250.1298,0.80090,-0.79675,-1.44934,-250.1374,-250.1374,50.2214
680241068,0.61572,-0.06909,1.99994,-250.1374,250.1298,250.1298,0.78381,-0.76416,-1.42224,-250.1374,-248.5649,51.0916
680242068,-0.41980,-1.00525,-0.41174,-250.1374,219.9924,217.2901,0.76599,-0.73621,-1.39380,-250.1374,-231.1603,51.9008
680243068,-0.28613,-0.55652,-0.66284,-250.1374,246.1908,193.4351,0.74683,-0.71313,-1.36584,-250.1374,-213.9313,52.7176
680244068,-0.59570,1.38708,-1.56018,-250.1374,249.2137,195.4580,0.72778,-0.69397,-1.33972,-250.1374,-196.8779,53.5725
680245068,-0.81714,1.99994,-2.00000,-250.1374,246.0000,191.4656,0.70923,-0.67749,-1.31567,-250.1374,-180.0382,54.4733
680246068,-0.82605,1.99994,-1.75391,-250.1374,236.3206,172.8931,0.69104,-0.66479,-1.29248,-250.1374,-163.4275,55.4504
680247068,-1.57812,1.27502,-2.00000,-250.1374,212.3740,162.4275,0.67297,-0.65613,-1.26892,-250.1374,-147.0763,56.5496
680248068,-2.00000,-0.37854,-2.00000,-250.1374,188.1221,160.1603,0.65479,-0.65149,-1.24658,-250.1374,-131.0458,57.7863
680249068,-2.00000,-0.40649,-2.00000,-250.1374,201.7863,155.1298,0.63684,-0.65076,-1.22546,-250.1374,-115.3435,59.1374
680250068,-2.00000,0.25513,-2.00000,-250.1374,250.1298,155.8321,0.61829,-0.65259,-1.20386,-250.1374,-99.9847,60.5649
680251068,-2.00000,1.75183,-2.00000,-250.1374,250.1298,174.8855,0.59863,-0.65649,-1.18237,-250.1374,-84.9618,62.1374
680252068,-2.00000,1.99994,-2.00000,-250.1374,250.1298,208.8168,0.57898,-0.66150,-1.16248,-250.1374,-70.3435,63.8244
680253068,-2.00000,1.99994,-2.00000,-250.1374,250.1298,242.3359,0.56018,-0.66797,-1.14478,-250.1374,-56.1298,65.5954
680254067,-2.00000,1.99994,-2.00000,-250.1374,250.1298,250.1298,0.54175,-0.67432,-1.12756,-240.5344,-42.2595,67.3969
680255067,-2.00000,1.99994,-2.00000,-250.1374,250.1298,250.1298,0.52271,-0.67871,-1.10876,-221.1374,-28.7634,69.2366
680256068,-1.41113,1.99994,-2.00000,-250.1374,250.1298,250.1298,0.50476,-0.68103,-1.09082,-201.7786,-15.7634,71.1374
680257068,-2.00000,1.95679,-2.00000,-250.1374,250.1298,250.1298,0.48730,-0.68127,-1.07361,-182.5573,-3.2824,73.0458
680258068,-1.63806,1.59595,-2.00000,-250.1374,250.1298,250.1298,0.46973,-0.67944,-1.05554,-163.5420,8.7176,74.9466
680259067,-0.09290,1.99994,-0.40100,-250.1374,250.1298,250.1298,0.45300,-0.67578,-1.03699,-144.8015,20.2137,76.8550
680260067,0.33484,1.99994,-0.04163,-250.1374,250.1298,250.1298,0.43604,-0.66943,-1.01868,-126.4504,31.1679,78.8015
680261067,0.00427,1.99994,-0.88098,-250.1374,250.1298,250.1298,0.41833,-0.65930,-1.00098,-108.5725,41.5573,80.7405
680262065,-0.20544,1.99994,-0.92529,-250.1374,250.1298,250.1298,0.39978,-0.64526,-0.98169,-91.3053,51.3130,82.6718
680263065,0.09375,0.62244,0.20386,-250.1374,250.1298,250.1298,0.37964,-0.62830,-0.96143,-74.7710,60.3893,84.5573
680264065,-0.05652,0.50562,1.22986,-250.1374,250.1298,250.1298,0.35925,-0.60876,-0.94226,-59.0611,68.7023,86.4046
680265069,-0.67676,1.56812,0.37891,-250.1374,250.1298,250.1298,0.31958,-0.56091,-0.90112,-30.3206,83.2290,89.9084
680266068,-1.45239,1.99994,-0.68396,-250.1374,250.1298,250.1298,0.29895,-0.53271,-0.88062,-17.4809,89.3435,91.5115
680267068,-2.00000,1.99994,-1.71399,-250.1374,250.1298,250.1298,0.27905,-0.50256,-0.86230,-5.7328,94.7099,93.0153
680268068,-2.00000,1.99994,-2.00000,-250.1374,250.1298,250.1298,0.25867,-0.47107,-0.84521,4.9160,99.3130,94.4046
680269068,-2.00000,1.99994,-2.00000,-236.2595,250.1298,250.1298,0.23706,-0.43872,-0.82922,14.4427,103.1298,95.6489
680270068,-1.49353,1.57678,1.03113,-10.8473,250.1298,250.1298,0.21619,-0.40564,-0.81458,22.7939,106.1679,96.7252
680271067,-1.87390,0.58777,0.56689,-43.7710,250.1298,250.1298,0.19604,-0.37146,-0.80127,30.0000,108.4275,97.5878
680272067,-2.00000,-0.93835,0.40515,-63.9237,250.1298,250.1298,0.17651,-0.33752,-0.78943,36.1374,109.9237,98.2290
680273067,-1.98792,-2.00000,1.99994,-32.3817,250.1298,250.1298,0.15747,-0.30469,-0.77844,41.2061,110.6412,98.6336
680274065,-1.55640,-2.00000,1.99994,-31.1985,250.1298,250.1298,0.13757,-0.27197,-0.76782,45.2214,110.6107,98.8168
680275068,-1.75793,-2.00000,1.99994,-72.0458,250.1298,250.1298,0.11780,-0.24084,-0.75818,48.2214,109.8397,98.7481
680276068,-1.47534,-2.00000,1.99994,-99.5038,250.1298,250.1298,0.09949,-0.21338,-0.74939,50.2443,108.3664,98.4275
680277068,-0.42993,-2.00000,1.99994,-117.4809,250.1298,250.1298,0.08264,-0.18896,-0.74182,51.3893,106.2672,97.8702
680278067,0.10095,-2.00000,1.99994,-143.8702,250.1298,250.1298,0.06738,-0.16687,-0.73511,51.7023,103.5038,97.0229
680279067,-0.06482,-2.00000,1.99994,-142.2443,250.1298,250.1298,0.05383,-0.14771,-0.72778,51.2672,100.0916,95.9313
680280065,0.38477,-2.00000,1.99994,-100.4962,250.1298,250.1298,0.04260,-0.13147,-0.71973,50.1298,96.0305,94.5954
680281069,0.88770,-2.00000,1.99994,-55.7863,250.1298,250.1298,0.03296,-0.11780,-0.71252,48.3435,91.4275,92.9771
680282068,1.19238,1.15967,1.99994,17.6794,220.0534,212.3359,0.02576,-0.10657,-0.70728,46.0153,86.3740,91.0840
680283068,1.99994,1.99994,1.99994,152.7634,175.2366,189.2443,0.02124,-0.09705,-0.70227,43.2137,80.9008,88.9542
680284067,1.70862,1.16736,1.99994,250.1298,116.1374,189.2748,0.01843,-0.09009,-0.69641,39.9618,75.0534,86.6107
680285067,0.10742,-2.00000,1.99994,250.1298,43.4656,206.6565,0.01794,-0.08545,-0.69177,36.3588,68.8931,84.0687
680286067,-0.95959,-2.00000,1.99994,247.6489,23.2519,210.3969,0.01953,-0.08179,-0.68835,32.5267,62.4275,81.2901
680287067,-1.75208,-2.00000,1.99994,250.1298,39.3740,198.3588,0.02222,-0.07922,-0.68652,28.4733,55.7099,78.2672
680288067,-2.00000,-2.00000,1.99994,250.1298,62.4656,203.9847,0.02649,-0.07825,-0.68591,24.2443,48.8473,75.0229
680289067,-1.84290,-2.00000,1.99994,250.1298,75.6947,229.2901,0.03247,-0.07837,-0.68506,19.9160,41.9008,71.5573
680290068,-2.00000,-2.00000,0.62561,240.1298,55.1603,250.1298,0.03992,-0.07947,-0.68567,15.5496,34.9237,67.9008
680291068,-2.00000,-2.00000,-0.32715,138.0687,73.9771,250.1298,0.04834,-0.08081,-0.68787,11.2214,27.9695,64.0611
680292068,-2.00000,-2.00000,1.23120,26.8397,141.6565,250.1298,0.05737,-0.08203,-0.68958,6.9542,21.0458,60.0611
680293067,-1.84277,-2.00000,1.99994,-13.3817,176.6870,250.1298,0.06812,-0.08374,-0.68994,2.7634,14.1985,55.8931
680294067,-0.83545,-2.00000,1.99994,19.0916,182.3053,242.2443,0.08044,-0.08655,-0.69092,-1.3130,7.4885,51.5649
680295068,0.18640,-2.00000,1.99994,56.7557,157.8015,210.3206,0.09314,-0.09021,-0.69348,-5.2290,1.0229,47.1069
680296068,0.12158,-1.26660,1.99994,83.7786,97.7405,189.3588,0.10596,-0.09412,-0.69641,-8.9618,-5.1527,42.5954
680297068,0.41284,-1.50977,1.99994,162.2519,49.1450,157.3282,0.11938,-0.09790,-0.69946,-12.4962,-11.0687,38.0305
680298068,0.89233,-1.82458,1.99994,250.1298,4.6183,107.3740,0.13367,-0.10156,-0.70374,-15.8092,-16.6947,33.3893
680299067,0.30310,-2.00000,1.99994,250.1298,-52.9466,67.4122,0.14783,-0.10425,-0.70923,-18.8473,-21.9847,28.7099
680300067,-0.39392,-2.00000,1.99994,250.1298,-75.1145,54.0763,0.15918,-0.10559,-0.71558,-21.6183,-26.8931,24.0305
680301067,-0.57556,-2.00000,1.99994,250.1298,-55.4351,54.8550,0.16907,-0.10669,-0.72119,-24.0611,-31.3588,19.3740
680302067,-0.61389,-2.00000,1.99994,250.1298,-34.7481,62.9618,0.17908,-0.10693,-0.72424,-26.1985,-35.4275,14.7252
680303067,-0.50061,-2.00000,1.99994,250.1298,-26.4809,79.3435,0.18628,-0.10620,-0.72815,-28.0763,-39.0992,10.1450
680304067,-0.19800,-1.80359,1.99994,250.1298,-24.4809,105.2519,0.19141,-0.10522,-0.73328,-29.7328,-42.3359,5.6565
680305068,-0.05688,-2.00000,1.99994,239.9160,-31.5344,151.3282,0.19641,-0.10486,-0.73816,-31.1145,-45.1374,1.2748
680306067,-0.19495,-2.00000,1.99994,113.3588,-47.0687,202.3435,0.20032,-0.10522,-0.74353,-32.2290,-47.5267,-2.9695
680307067,-0.11633,-2.00000,1.99994,31.9466,-63.7176,215.9466,0.20288,-0.10571,-0.74878,-33.0916,-49.5573,-7.0305
680308067,0.30579,-2.00000,1.99994,20.9160,-84.8321,191.6260,0.20435,-0.10547,-0.75391,-33.7252,-51.2290,-10.8702
680309067,0.55066,-2.00000,1.99994,42.4656,-119.5725,159.4962,0.20532,-0.10425,-0.75940,-34.1756,-52.5496,-14.4656
680310068,0.48132,-2.00000,1.99994,81.0153,-159.0687,126.2061,0.20508,-0.10376,-0.76575,-34.4504,-53.5344,-17.7786
680311068,0.14062,-2.00000,1.99994,140.7405,-195.5649,88.6870,0.20374,-0.10449,-0.77368,-34.5420,-54.2366,-20.8321
680312067,-0.29163,-2.00000,1.99994,210.8626,-221.1069,46.8397,0.20239,-0.10583,-0.78259,-34.4351,-54.6947,-23.5878
680313067,-0.76636,-2.00000,1.99994,250.1298,-230.2214,1.3588,0.20007,-0.10730,-0.79028,-34.1069,-54.9389,-26.0611
680314068,-1.25061,-2.00000,1.16992,250.1298,-225.2290,-42.5649,0.19629,-0.10840,-0.79700,-33.5115,-54.9389,-28.2137
680315068,-1.50854,-2.00000,0.36987,250.1298,-214.0153,-77.7481,0.19128,-0.10938,-0.80505,-32.6947,-54.7099,-30.0382
680316068,-1.50354,-2.00000,0.20166,250.1298,-201.7023,-93.1374,0.18518,-0.11108,-0.81323,-31.6641,-54.2824,-31.5115
680317067,-1.28345,-1.73889,0.46790,250.1298,-185.8397,-83.3969,0.17871,-0.11218,-0.82166,-30.4427,-53.6565,-32.6794
680318067,-1.09033,-1.94226,0.70166,250.1298,-172.4962,-62.1298,0.17236,-0.11255,-0.83081,-29.0153,-52.8626,-33.5420
680319067,-0.86584,-2.00000,0.66406,218.4885,-164.1374,-46.1298,0.16663,-0.11243,-0.83960,-27.3969,-51.9160,-34.1221
680320068,-0.46204,-2.00000,0.82776,184.8702,-154.5496,-37.6794,0.16162,-0.11255,-0.84766,-25.5878,-50.8397,-34.4351
680321068,-0.10803,-1.64209,1.17395,138.0076,-156.4885,-30.0916,0.15613,-0.11304,-0.85571,-23.5802,-49.6031,-34.4198
680322068,0.24060,-0.29932,1.35864,109.2137,-169.3511,-23.5878,0.15039,-0.11279,-0.86255,-21.3664,-48.2137,-34.0992
680323067,0.57690,0.00586,1.99994,121.5344,-186.9695,-20.2748,0.14600,-0.11243,-0.86841,-18.9771,-46.6870,-33.5038
680324067,0.59253,-1.45251,1.99994,137.3206,-204.8855,-16.3282,0.14246,-0.11304,-0.87341,-16.4275,-45.0611,-32.6794
680325067,0.01917,-2.00000,1.99994,132.3969,-220.9008,-10.1908,0.13892,-0.11401,-0.87817,-13.7176,-43.3130,-31.6336
680326067,-0.99072,-2.00000,1.99994,108.1527,-234.4351,-20.3511,0.13513,-0.11426,-0.88293,-10.8168,-41.4427,-30.3664
680327068,-1.44836,-2.00000,0.50964,72.6794,-236.1069,-59.5649,0.13098,-0.11487,-0.88708,-7.7710,-39.4733,-28.8626
680328068,-1.14062,-2.00000,0.60376,40.9924,-228.6947,-103.8550,0.12720,-0.11584,-0.89148,-4.6336,-37.4198,-27.2061
680329068,-0.84119,-2.00000,1.92969,29.1908,-234.8702,-133.2214,0.12390,-0.11646,-0.89636,-1.4580,-35.2672,-25.4198
680330068,-0.50244,-1.73145,1.99994,35.2977,-250.1374,-148.5802,0.12134,-0.11609,-0.90149,1.7405,-33.0458,-23.4962
680331068,-0.66528,-2.00000,1.52161,33.8931,-250.1374,-156.9618,0.11902,-0.11487,-0.90588,4.9847,-30.7863,-21.4504
680332068,-1.40320,-2.00000,0.59875,16.8168,-250.1374,-169.4198,0.11743,-0.11328,-0.90979,8.2290,-28.4885,-19.3206
680333067,-1.37000,-2.00000,0.88965,-5.0687,-250.1374,-195.3435,0.11731,-0.11133,-0.91357,11.4580,-26.1374,-17.1298
680334068,-0.63464,-2.00000,1.54504,-3.0840,-250.1374,-228.0992,0.11865,-0.10901,-0.91797,14.6260,-23.7328,-14.9008
680335068,-0.50366,-2.00000,1.22705,44.3969,-250.1374,-250.1374,0.12000,-0.10620,-0.92407,17.7176,-21.3282,-12.6718
680336068,-1.06213,-1.05835,-0.29077,104.3969,-250.1374,-250.1374,0.12000,-0.10364,-0.92981,20.7557,-18.9771,-10.4656
680337067,-1.54297,-1.39795,-1.27344,110.2519,-250.1374,-250.1374,0.11963,-0.10120,-0.93445,23.7023,-16.6412,-8.2977
680338068,-1.86987,-2.00000,-1.25989,58.2824,-250.1374,-250.1374,0.11938,-0.09888,-0.93933,26.5649,-14.3053,-6.1603
680339068,-2.00000,-1.43250,-1.40637,-2.9924,-250.1374,-250.1374,0.11914,-0.09705,-0.94373,29.3435,-12.0076,-4.0916
680340068,-2.00000,0.37732,-2.00000,-48.7557,-250.1374,-250.1374,0.11816,-0.09558,-0.94922,32.0229,-9.7863,-2.1069
680341068,-2.00000,1.99994,-2.00000,-84.2977,-250.1374,-250.1374,0.11646,-0.09448,-0.95605,34.5802,-7.6336,-0.1985
680342068,-1.62646,1.99994,-2.00000,-118.9618,-250.1374,-231.7252,0.11475,-0.09412,-0.96313,37.0153,-5.5191,1.6107
680343068,-1.38721,1.40625,-2.00000,-152.3817,-250.1374,-209.7786,0.11267,-0.09436,-0.97144,39.3511,-3.4580,3.3053
680344068,-1.47705,1.02417,-2.00000,-158.6870,-250.1374,-209.1756,0.11047,-0.09521,-0.97937,41.5878,-1.4504,4.8550
680345068,-1.08569,1.99994,-2.00000,-116.0382,-236.8550,-232.7252,0.10901,-0.09595,-0.98645,43.7405,0.4809,6.2748
680346068,-0.47083,1.99994,-2.00000,-56.1145,-222.8702,-250.1374,0.10791,-0.09631,-0.99341,45.7939,2.2901,7.5496
680347068,-0.28101,1.99994,-2.00000,-13.1450,-239.2290,-250.1374,0.10669,-0.09644,-1.00000,47.7481,4.0000,8.7099
680348068,-0.08594,1.99994,-2.00000,33.0992,-250.1374,-250.1374,0.10559,-0.09741,-1.00659,49.5725,5.6107,9.7405
680349067,0.25745,1.99994,-2.00000,92.2672,-250.1374,-250.1374,0.10400,-0.09937,-1.01355,51.2672,7.1145,10.6718
680350068,0.42554,1.99994,-2.00000,123.7176,-250.1374,-250.1374,0.10242,-0.10107,-1.02087,52.8473,8.5191,11.5115
680351067,0.35254,1.99994,-2.00000,102.2824,-250.1374,-250.1374,0.10120,-0.10315,-1.02905,54.3130,9.8397,12.2595
680352067,0.12170,1.99994,-2.00000,55.2290,-250.1374,-211.4962,0.10059,-0.10522,-1.03674,55.6260,11.0687,12.9008
680353068,0.09534,1.99994,-2.00000,14.7176,-231.4656,-167.9847,0.10034,-0.10754,-1.04321,56.7786,12.1985,13.4504
680354068,0.30896,1.99994,-2.00000,-17.3969,-207.2443,-129.5878,0.10046,-0.11084,-1.04993,57.8321,13.2214,13.9542
680355067,0.32605,1.99994,-2.00000,-45.0229,-192.4122,-99.2290,0.10083,-0.11536,-1.05737,58.8092,14.1756,14.3969
680356068,0.51245,1.99994,-2.00000,-54.3969,-183.7939,-78.9084,0.10168,-0.12097,-1.06677,59.6794,15.0382,14.7863
680357067,1.01099,1.99994,-2.00000,-48.4427,-184.4885,-67.7557,0.10217,-0.12769,-1.07556,60.4122,15.8015,15.1069
680358068,1.43628,1.99994,-2.00000,-41.5344,-197.4733,-60.5420,0.10217,-0.13403,-1.08362,61.0153,16.4962,15.3893
680359068,1.71228,1.99994,-2.00000,-22.8855,-210.8092,-54.8168,0.10168,-0.13904,-1.09424,61.4885,17.1145,15.6260
680360067,1.80310,1.99994,-2.00000,28.9466,-223.5725,-51.9237,0.10095,-0.14417,-1.10596,61.8244,17.6260,15.8321
680361067,1.81641,1.99994,-2.00000,112.6718,-229.5344,-55.8473,0.09900,-0.15015,-1.11646,62.0153,18.0076,16.0305
680362068,1.59839,1.99994,-1.82764,194.4122,-231.0916,-63.6183,0.09253,-0.16284,-1.14075,61.8626,18.3588,16.3588
680363067,1.04456,1.99994,-2.00000,231.4046,-234.0458,-57.1450,0.08972,-0.16956,-1.15430,61.5038,18.3206,16.4580
680364068,0.55835,1.99994,-2.00000,232.4809,-226.4504,-42.1145,0.08667,-0.17578,-1.16870,61.0000,18.1374,16.5191
680365067,0.42920,1.99994,-2.00000,234.5344,-208.1908,-30.4962,0.08301,-0.18127,-1.18250,60.3664,17.8244,16.5573
680366067,-0.02356,1.77246,-2.00000,220.2061,-202.5267,-16.8168,0.07996,-0.18591,-1.19397,59.5878,17.4198,16.5802
680367067,-0.65869,1.99994,-2.00000,176.4580,-204.0000,5.9084,0.07715,-0.18896,-1.20532,58.6489,16.8931,16.5878
680368067,-0.75671,1.99994,-2.00000,120.1298,-183.2137,34.0076,0.07410,-0.19128,-1.21631,57.5115,16.2366,16.5649
680369068,-0.50745,1.99994,-2.00000,59.6336,-152.1450,69.9618,0.07129,-0.19299,-1.22632,56.2061,15.4809,16.4962
680370068,-0.54333,1.99994,-2.00000,-9.4198,-135.1908,107.7481,0.06946,-0.19250,-1.23572,54.6794,14.6412,16.3893
680371068,-0.75281,1.15588,-2.00000,-55.9008,-117.9008,126.5802,0.06909,-0.18958,-1.24512,52.9237,13.6947,16.2366
680372067,-0.48975,0.83899,-2.00000,-56.9389,-84.6565,119.2290,0.06946,-0.18481,-1.25305,50.9008,12.6336,16.0382
680373068,0.06348,1.19336,-2.00000,-21.2977,-60.8015,95.2366,0.07080,-0.17859,-1.25867,48.6183,11.5115,15.8397
680374067,0.40149,1.99158,-2.00000,38.5954,-63.8092,66.2824,0.07251,-0.17224,-1.26379,46.0840,10.3664,15.6031
680375068,0.45044,1.99994,-2.00000,122.1985,-90.8397,38.1298,0.07605,-0.16650,-1.26880,43.3206,9.1908,15.2977
680376068,0.35669,1.79163,-2.00000,207.7252,-125.7786,13.4580,0.08215,-0.16150,-1.27234,40.3359,7.9771,14.9695
680377068,-0.10278,0.37366,-2.00000,244.7252,-151.1145,0.1069,0.08875,-0.15759,-1.27625,37.1374,6.7634,14.6489
680378068,-0.58667,-0.47546,-2.00000,226.7786,-156.7863,0.0534,0.09460,-0.15491,-1.28015,33.7481,5.5573,14.2977
680379068,-0.55542,0.07068,-2.00000,202.8931,-139.4809,3.1374,0.09937,-0.15308,-1.28210,30.2137,4.3359,13.9237
680380068,-0.24695,1.19165,-2.00000,189.2977,-118.9008,12.7176,0.10388,-0.15283,-1.28333,26.6183,3.1298,13.5267
680381068,-0.30713,1.51965,-2.00000,152.3435,-111.7863,39.7176,0.10913,-0.15442,-1.28516,23.0153,1.9847,13.1069
680382067,-0.72168,0.93823,-2.00000,87.2672,-105.5954,77.0229,0.11450,-0.15698,-1.28809,19.4580,0.9160,12.6565
680383067,-0.94043,0.30725,-2.00000,23.3206,-84.3206,104.0534,0.12085,-0.16101,-1.29163,15.9618,-0.0687,12.1374
680384068,-0.81555,0.23059,-2.00000,-16.0382,-63.4580,112.6565,0.12756,-0.16797,-1.29407,12.5496,-0.9542,11.6031
680385068,-0.65698,0.58569,-2.00000,-15.9771,-63.5344,105.7328,0.13477,-0.17786,-1.29553,9.2748,-1.7481,11.0763
680386067,-0.60156,0.84766,-2.00000,19.0916,-81.7939,92.6412,0.14258,-0.18945,-1.29846,6.1908,-2.4046,10.5802
680387068,-0.60571,0.62915,-2.00000,56.7557,-101.6107,83.1374,0.15063,-0.20276,-1.30151,3.3588,-2.8855,10.0840
680388068,-0.78735,0.02173,-2.00000,70.8779,-106.6641,79.8397,0.15869,-0.21692,-1.30347,0.8321,-3.2519,9.5954
680389068,-1.00659,-0.66406,-2.00000,72.0687,-90.4351,76.7328,0.16663,-0.23206,-1.30457,-1.3588,-3.4962,9.1145
680390068,-1.10608,-0.90417,-2.00000,81.6336,-63.9160,67.1908,0.17505,-0.24829,-1.30542,-3.1832,-3.6031,8.6489
680391068,-1.15833,-0.51147,-2.00000,92.0763,-41.2824,57.0229,0.18347,-0.26453,-1.30701,-4.6336,-3.5420,8.1756
680392067,-1.19299,-0.16467,-2.00000,79.1298,-21.8092,59.3740,0.19165,-0.28101,-1.30859,-5.6947,-3.2901,7.7252
680393067,-1.18127,-0.51868,-2.00000,42.5267,-6.5038,74.2366,0.20056,-0.29675,-1.30908,-6.3664,-2.8473,7.2748
680394068,-1.08582,-1.40247,-2.00000,6.3664,1.5344,88.0076,0.20923,-0.30981,-1.30835,-6.6260,-2.2443,6.8397
680395067,-0.98462,-2.00000,-2.00000,-10.0534,-0.5573,89.5496,0.21716,-0.32104,-1.30835,-6.5038,-1.5038,6.3817
680396067,-0.90564,-2.00000,-2.00000,-8.8015,-7.2061,79.4427,0.22522,-0.33142,-1.30835,-6.0153,-0.6260,5.9313
680397067,-0.74243,-1.50256,-2.00000,-7.2748,-9.1298,68.5649,0.23291,-0.34216,-1.30774,-5.1908,0.3817,5.5038
680398067,-0.50525,-0.96130,-1.54504,-24.3817,-8.9771,66.0458,0.23926,-0.35229,-1.30652,-4.0305,1.5344,5.0840
680399068,-0.45715,-1.29053,-1.37744,-26.8702,-7.7099,64.0153,0.24426,-0.36047,-1.30444,-2.5649,2.8092,4.6794
680400068,-0.47510,-1.57507,-1.47644,-24.5496,-7.2214,56.8092,0.24878,-0.36584,-1.30164,-0.8321,4.2061,4.3130
680401067,-0.58191,-1.57556,-1.82495,-23.5344,-10.7023,47.9466,0.25269,-0.37012,-1.29858,1.1069,5.7176,3.9618
680402067,-0.70569,-1.45007,-2.00000,-28.2519,-17.4198,42.3588,0.25598,-0.37305,-1.29553,3.2443,7.3130,3.6031
680403067,-0.87158,-1.38745,-2.00000,-37.6260,-24.5115,39.6794,0.25854,-0.37439,-1.29102,5.5496,9.0000,3.2595
680404067,-1.13684,-1.49792,-2.00000,-44.3664,-29.9924,36.8626,0.26086,-0.37451,-1.28528,7.9466,10.7634,2.9542
680405068,-1.64819,-1.85889,-2.00000,-49.6107,-34.2595,33.9771,0.26257,-0.37390,-1.27942,10.4275,12.6031,2.6870
680406068,-2.00000,-2.00000,-2.00000,-63.1679,-26.9542,32.5649,0.26331,-0.37354,-1.27283,12.9924,14.4809,2.4580
680407068,-1.92419,-2.00000,-2.00000,-87.5344,4.3588,34.0000,0.26331,-0.37244,-1.26636,15.6107,16.3893,2.2824
680408068,-1.69434,-2.00000,-2.00000,-112.7023,42.6870,37.6489,0.26306,-0.36975,-1.26013,18.2443,18.3206,2.1679
680409068,-1.53137,-1.69629,-2.00000,-122.7863,77.7786,37.9313,0.26257,-0.36548,-1.25256,20.8702,20.3053,2.0992
680410068,-1.28857,-1.20276,-2.00000,-121.4198,106.9084,33.2519,0.26001,-0.36011,-1.24463,23.4885,22.3130,2.0763
680411067,-1.11414,-0.72644,-2.00000,-127.5649,120.4962,29.2824,0.25586,-0.35352,-1.23792,26.0534,24.2901,2.0992
680412067,-0.82251,-0.58154,-1.96924,-139.1756,123.8168,25.0000,0.25195,-0.34558,-1.23206,28.5573,26.2214,2.1756
680413067,-0.33740,-0.76160,-1.09192,-136.4656,115.2672,14.5802,0.24731,-0.33789,-1.22595,30.9542,28.0840,2.2672
680414067,0.04358,-0.85596,-0.42651,-115.5115,90.4809,-1.3817,0.24219,-0.33167,-1.21924,33.2061,29.8855,2.3969
680415068,0.20007,-0.47009,-0.29126,-94.0763,61.1908,-15.4580,0.23779,-0.32642,-1.21265,35.2901,31.5954,2.6031
680416067,0.27930,0.09460,-0.40662,-86.0534,42.7328,-19.5649,0.23242,-0.32129,-1.20630,37.2214,33.2137,2.8473
680417067,0.33435,0.24036,-0.33691,-87.7557,35.6489,-12.9924,0.22668,-0.31555,-1.19971,39.0076,34.7176,3.1069
680418068,0.28662,-0.07471,-0.27515,-89.1679,30.5725,-2.6412,0.22180,-0.30933,-1.19141,40.6183,36.1298,3.4046
680419067,0.12598,-0.43054,-0.56567,-89.6565,26.6489,5.6107,0.21716,-0.30322,-1.18176,42.0305,37.4656,3.7405
680420068,-0.05334,-0.42590,-0.98254,-94.2672,27.8244,10.2824,0.21265,-0.29785,-1.17346,43.2443,38.6870,4.1069
680421067,-0.10107,-0.06714,-1.08398,-102.8321,34.0305,13.1450,0.20898,-0.29248,-1.16602,44.2672,39.7634,4.4962
680422068,-0.06555,0.29333,-0.98315,-110.7710,36.0534,16.1069,0.20435,-0.28735,-1.15869,45.1069,40.7023,4.8397
680423068,-0.15808,0.38879,-1.11523,-113.3588,27.8626,18.1756,0.19922,-0.28210,-1.15198,45.7786,41.5038,5.1832
680424067,-0.45630,0.26526,-1.51062,-106.0000,15.6031,15.2901,0.19519,-0.27612,-1.14551,46.2901,42.1603,5.5649
680425067,-0.72229,0.04993,-2.00000,-88.6718,5.9847,6.5649,0.19177,-0.27075,-1.13855,46.6565,42.6947,5.9695
680426068,-0.64941,0.04211,-2.00000,-65.8015,5.1069,-6.4580,0.18726,-0.26636,-1.13147,46.9313,43.0840,6.3282
680427067,-0.40161,0.53674,-1.98682,-34.0534,11.5954,-21.7939,0.18286,-0.26160,-1.12476,47.1603,43.3511,6.6260
680428067,-0.25122,1.14185,-1.75134,4.6412,17.5038,-34.3664,0.18018,-0.25586,-1.11829,47.3359,43.5115,6.9160
680429068,-0.24744,1.25671,-1.78088,40.6489,25.7786,-40.9771,0.17883,-0.24976,-1.11182,47.4351,43.5725,7.1832
680430067,-0.43970,0.79688,-1.86255,68.3969,29.2214,-44.8321,0.17834,-0.24414,-1.10376,47.4809,43.5649,7.4198
680431067,-0.71826,0.44360,-2.00000,75.3893,26.5115,-46.2366,0.17761,-0.23999,-1.09448,47.4656,43.4733,7.6412
680432068,-0.93005,0.74731,-2.00000,56.1069,18.2519,-40.0687,0.17651,-0.23694,-1.08447,47.4046,43.2824,7.8473
680433067,-1.02954,1.31897,-2.00000,40.6947,13.5038,-30.3511,0.17627,-0.23438,-1.07397,47.3282,43.0153,7.9847
680434068,-0.84387,1.31958,-2.00000,52.0992,24.1298,-21.3282,0.17676,-0.23242,-1.06396,47.2061,42.7023,8.0763
680435068,-0.70972,0.66992,-1.85217,56.7328,36.2595,-7.2214,0.17834,-0.23181,-1.05518,47.0534,42.3664,8.1298
680436067,-0.99756,0.14124,-2.00000,24.9847,50.4351,13.6107,0.18018,-0.23096,-1.04663,46.8473,41.9618,8.1756
680437068,-1.24951,0.09692,-2.00000,-23.5573,80.8092,33.4580,0.18188,-0.23047,-1.03821,46.6107,41.5115,8.1832
680438068,-1.04419,0.44458,-2.00000,-54.1298,117.7328,44.4351,0.18433,-0.23071,-1.03125,46.3740,41.0229,8.1221
680439068,-0.63757,0.94885,-1.21545,-51.6947,136.2366,45.4427,0.18726,-0.23083,-1.02551,46.1756,40.5191,8.0153
680440068,-0.50635,1.28296,-0.96130,-30.1145,125.3206,42.5649,0.19031,-0.23169,-1.02002,45.9847,39.9542,7.8931
680441068,-0.44495,1.13281,-0.88086,-10.1298,101.8015,40.2824,0.19287,-0.23181,-1.01440,45.7939,39.3588,7.7328
680442067,-0.10718,0.45618,-0.51147,-1.3893,82.7176,38.3130,0.19556,-0.23169,-1.00854,45.6107,38.7481,7.5344
680443067,0.18286,-0.28638,0.04810,1.4427,71.2977,34.7252,0.19836,-0.23242,-1.00415,45.4580,38.1221,7.2977
680444068,0.11597,-0.45850,0.33459,14.0382,61.8092,26.3053,0.20142,-0.23389,-1.00024,45.3511,37.4809,7.0153
680445068,0.01392,-0.14014,-0.00183,37.6794,57.6336,17.4198,0.20520,-0.23560,-0.99609,45.3053,36.8244,6.7023
680446067,-0.00781,0.10779,-0.35132,49.0687,60.9542,17.0229,0.20825,-0.23730,-0.99231,45.3359,36.1832,6.3130
680447067,-0.14661,0.04614,-0.37195,38.3053,63.0840,26.5115,0.20984,-0.23889,-0.98914,45.4351,35.5496,5.8626
680448067,-0.23779,-0.22021,-0.24573,24.5878,64.2214,36.9466,0.21106,-0.24133,-0.98682,45.5725,34.9160,5.3817
680449067,-0.25256,-0.38477,-0.19397,21.8702,61.3740,41.1374,0.21350,-0.24475,-0.98584,45.7405,34.2748,4.8855
680450067,-0.35596,-0.25867,-0.28369,24.8397,54.5344,40.1374,0.21582,-0.24841,-0.98462,45.9618,33.6260,4.3740
680451067,-0.47424,-0.06396,-0.34924,23.1603,48.0916,40.0763,0.21729,-0.25232,-0.98291,46.2595,32.9924,3.8397
680452067,-0.45520,-0.15430,-0.38525,13.4962,42.0992,43.6183,0.21826,-0.25598,-0.98083,46.6336,32.3282,3.2672
680453068,-0.39136,-0.37866,-0.34351,5.6183,35.3435,45.3588,0.21985,-0.25964,-0.97754,47.0305,31.6489,2.6489
680454068,-0.42834,-0.45142,-0.39539,8.7939,28.2672,41.5573,0.22168,-0.26318,-0.97571,47.4580,30.9847,1.9847
680455068,-0.48706,-0.27356,-0.69568,16.6260,24.6489,35.4427,0.22266,-0.26697,-0.97534,47.9084,30.3740,1.2977
680456068,-0.53467,0.06409,-1.02405,17.1756,24.3740,33.7405,0.22375,-0.27209,-0.97461,48.4198,29.8015,0.5954
680457068,-0.63220,0.16504,-1.18518,10.0534,25.9389,39.2519,0.22571,-0.27795,-0.97412,49.0000,29.2519,-0.1221
680458068,-0.72595,-0.13354,-1.16406,4.0992,30.9084,47.3053,0.22839,-0.28394,-0.97473,49.6336,28.7099,-0.8244
680459068,-0.82227,-0.57593,-1.18188,4.6107,38.2672,52.1450,0.23145,-0.29016,-0.97546,50.3053,28.1756,-1.5267
680460068,-0.93152,-0.78857,-1.27783,10.8168,46.9771,51.6870,0.23486,-0.30286,-0.97925,51.8473,27.1756,-2.9924
680461068,-0.92810,-0.65356,-1.24146,18.8855,55.5954,48.6260,0.23621,-0.30981,-0.98242,52.7176,26.7481,-3.7252
680462068,-0.80823,-0.47302,-1.06909,24.3588,60.3435,46.6641,0.23889,-0.31726,-0.98523,53.6260,26.3130,-4.4351
680463068,-0.69250,-0.52441,-0.91162,28.1298,58.4580,44.7405,0.24243,-0.32703,-0.98767,54.6336,25.8550,-5.1527
680464067,-0.61523,-0.67615,-0.78870,35.6489,51.1756,38.9160,0.24597,-0.33813,-0.99133,55.8244,25.4427,-5.8550
680465067,-0.54053,-0.66272,-0.62720,46.2443,42.7710,29.5038,0.24902,-0.34827,-0.99585,57.2672,25.1374,-6.5802
680466067,-0.50317,-0.53235,-0.49890,51.5878,35.8015,22.0153,0.25305,-0.35779,-1.00000,58.9237,24.9084,-7.2901
680467068,-0.53320,-0.48376,-0.47498,48.5267,31.4809,19.9160,0.25854,-0.36646,-1.00452,60.7786,24.7786,-7.9542
680468068,-0.57544,-0.57715,-0.51465,41.5878,30.5115,22.1679,0.26404,-0.37415,-1.01025,62.8092,24.7557,-8.5802
680469068,-0.60571,-0.68994,-0.58704,33.1145,32.5038,26.3740,0.26831,-0.38208,-1.01538,65.0076,24.8473,-9.1908
680470068,-0.62805,-0.66602,-0.67004,22.8855,36.4580,31.4733,0.27234,-0.38953,-1.01892,67.3664,25.0382,-9.8015
680471068,-0.61768,-0.50122,-0.71118,13.4962,40.3817,37.2290,0.27832,-0.39697,-1.02271,69.9008,25.3435,-10.3969
680472068,-0.56921,-0.31543,-0.63745,7.2137,42.3893,43.3282,0.28577,-0.40540,-1.02686,72.6183,25.8244,-10.9924
680473068,-0.49561,-0.32483,-0.46362,2.9466,42.2977,49.2595,0.29236,-0.41345,-1.02930,75.4962,26.4962,-11.6107
680474068,-0.42029,-0.62085,-0.31128,1.1756,40.5802,52.5878,0.29773,-0.42102,-1.03162,78.5344,27.2977,-12.2290
680475068,-0.38721,-0.99500,-0.25122,4.7863,36.8397,50.0611,0.30334,-0.42859,-1.03357,81.6107,28.2519,-12.8321
680476068,-0.38843,-1.18433,-0.26904,13.3053,31.1756,41.4885,0.30908,-0.43604,-1.03357,84.7405,29.3130,-13.3969
680477068,-0.40076,-1.12988,-0.34534,21.8626,24.2290,30.5573,0.31421,-0.44348,-1.03369,88.0534,30.5115,-13.9237
680478068,-0.45422,-0.96948,-0.49500,26.9542,16.1527,21.4809,0.32031,-0.45129,-1.03442,91.6031,31.8626,-14.4275
680479068,-0.52966,-0.84241,-0.62573,29.6336,9.5954,15.6336,0.32629,-0.45972,-1.03503,95.2901,33.3282,-14.9237
680480068,-0.59021,-0.78088,-0.63733,31.1221,6.6565,12.4885,0.33154,-0.46753,-1.03430,99.1221,34.9237,-15.4122
680481068,-0.64429,-0.72119,-0.64380,30.1908,7.6412,11.6412,0.33691,-0.47461,-1.03320,103.1298,36.6641,-15.8931
680482068,-0.68323,-0.60693,-0.74353,25.5649,12.5267,13.2824,0.34314,-0.48352,-1.03418,107.3282,38.5344,-16.3206
680483068,-0.69055,-0.48376,-0.88354,18.0611,18.8626,17.2366,0.35107,-0.49487,-1.03699,111.7557,40.5496,-16.7252
680484068,-0.66077,-0.41663,-0.96545,10.0076,23.5496,22.1985,0.35986,-0.50891,-1.04053,116.5038,42.7099,-17.1069
680485068,-0.60059,-0.43091,-0.99292,4.7176,24.5267,26.1145,0.36890,-0.52454,-1.04565,121.6336,45.0229,-17.4885
680486068,-0.54797,-0.48718,-0.98352,4.5954,21.9542,27.2519,0.37842,-0.54150,-1.05176,127.2443,47.4885,-17.7863
680487068,-0.50476,-0.50891,-0.90039,7.8168,17.5115,25.9237,0.38855,-0.56091,-1.05847,133.4656,50.1832,-18.0382
680488068,-0.46802,-0.45642,-0.78577,9.8015,13.1450,24.1298,0.39832,-0.58215,-1.06677,140.3282,53.1221,-18.2214
680489068,-0.48303,-0.37085,-0.73303,9.5344,10.2672,23.1374,0.40833,-0.60547,-1.07556,147.8702,56.2672,-18.3588
680490068,-0.53723,-0.36328,-0.75842,11.1908,9.9466,21.9924,0.41821,-0.63013,-1.08386,156.1221,59.5954,-18.4351
680491068,-0.59717,-0.46765,-0.81970,17.5038,11.3969,19.3130,0.42786,-0.65515,-1.09216,165.0992,63.1527,-18.4275
680492068,-0.66858,-0.63599,-0.93054,25.1145,13.0076,15.5954,0.43750,-0.68066,-1.10059,174.8092,66.9771,-18.3130
680493068,-0.72131,-0.84082,-1.02454,29.0382,15.1527,12.3588,0.44800,-0.70618,-1.11121,185.2977,71.0534,-18.0763
680494068,-0.72339,-1.03003,-0.98450,28.3893,18.0763,9.9160,0.46045,-0.73169,-1.12341,196.5878,75.4733,-17.6794
680495068,-0.68311,-1.09863,-0.85022,25.4275,21.0229,7.8473,0.47266,-0.75696,-1.13452,208.6489,80.2290,-17.1221
680496068,-0.61169,-0.97131,-0.73840,21.0153,23.4809,6.5649,0.48413,-0.78198,-1.14429,221.4885,85.1145,-16.4351
680497068,-0.52893,-0.72339,-0.66003,14.4046,24.8244,7.4046,0.49597,-0.80701,-1.15466,235.1069,90.1374,-15.5954
680498068,-0.44116,-0.53101,-0.54089,6.2137,24.2595,10.6641,0.50659,-0.83118,-1.16736,249.4885,95.4351,-14.6031
680499068,-0.34106,-0.54626,-0.32947,-0.2672,21.5496,14.7939,0.51672,-0.85400,-1.18103,250.1298,101.0305,-13.4656
680500068,-0.26831,-0.75513,-0.09106,-1.3588,16.5267,16.8321,0.52637,-0.87671,-1.19434,250.1298,106.9389,-12.1527
680501067,-0.23242,-0.92615,0.05688,4.7481,10.4198,14.1069,0.53406,-0.90051,-1.20654,250.1298,113.1145,-10.6489
680502067,-0.20618,-0.87500,0.07971,17.3817,3.8168,6.7863,0.54028,-0.92480,-1.21790,250.1298,119.5344,-8.9771
680503068,-0.19507,-0.65295,0.03259,34.0153,-3.7252,-2.6336,0.54541,-0.94922,-1.23071,250.1298,126.1908,-7.1298
680504068,-0.20801,-0.46924,0.00037,51.0000,-12.0687,-11.3053,0.54895,-0.97473,-1.24463,250.1298,133.0763,-5.0458
680505068,-0.23755,-0.46521,-0.03564,65.7634,-20.0916,-18.1985,0.55176,-1.00073,-1.25928,250.1298,140.1985,-2.7252
680506068,-0.27539,-0.59607,-0.12183,76.7710,-26.2214,-23.5954,0.55420,-1.02588,-1.27502,250.1298,147.5420,-0.1832
680507067,-0.33008,-0.73621,-0.23853,81.6641,-30.1145,-26.9924,0.55615,-1.05029,-1.29016,250.1298,155.0534,2.5649
680508068,-0.36670,-0.76648,-0.33887,79.5191,-31.3740,-27.7557,0.55688,-1.07385,-1.30383,250.1298,162.7252,5.5344
680509068,-0.30396,-0.60120,-0.40808,71.7710,-30.5802,-25.6336,0.55591,-1.09521,-1.31799,250.1298,170.5954,8.7099
680510068,-0.10864,-0.62866,-0.27124,63.0153,-28.8168,-17.9695,0.55432,-1.11316,-1.33093,250.1298,178.6489,12.1221
680511067,0.16907,-1.87659,0.86426,63.3359,-23.4809,-1.9313,0.55139,-1.12683,-1.34192,250.1298,186.8015,15.7481
680512067,0.24451,-2.00000,1.99994,97.7557,-1.9771,-9.9237,0.54700,-1.13733,-1.35303,250.1298,195.0229,19.5649
680513067,1.60803,0.49780,1.99994,227.5878,40.3969,-60.8397,0.54211,-1.14514,-1.36328,250.1298,203.2977,23.5725
680514067,1.99994,1.99994,1.99994,250.1298,73.8244,-126.7176,0.53589,-1.14893,-1.37292,250.1298,211.6183,27.6870
680515068,1.99994,1.99994,1.99994,250.1298,-12.6412,-160.3282,0.52808,-1.15015,-1.38306,250.1298,219.9542,31.8931
680516067,1.99994,0.87720,1.99994,250.1298,-207.1756,-186.2366,0.52063,-1.15088,-1.39417,250.1298,228.2977,36.1527
680517067,1.99994,-2.00000,1.99994,250.1298,-250.1374,-222.5420,0.51379,-1.15088,-1.40540,250.1298,236.6489,40.4351
680518067,1.99994,-2.00000,1.99994,250.1298,-250.1374,-247.3435,0.50708,-1.14941,-1.41650,250.1298,244.9618,44.7328
680519068,-1.04187,-2.00000,-0.84961,250.1298,-250.1374,-247.8168,0.50171,-1.14807,-1.42700,250.1298,250.1298,49.0534
680520068,-2.00000,-2.00000,-2.00000,250.1298,-250.1374,-237.8168,0.49756,-1.14771,-1.43750,250.1298,250.1298,53.3588
680521068,-2.00000,-2.00000,-2.00000,250.1298,-250.1374,-198.1374,0.49487,-1.14722,-1.44983,250.1298,250.1298,57.6260
680522068,-2.00000,-2.00000,-2.00000,250.1298,-250.1374,-110.5115,0.49304,-1.14636,-1.46423,250.1298,250.1298,61.8168
680523068,-2.00000,-2.00000,-2.00000,167.0000,-250.1374,-6.7099,0.49194,-1.14624,-1.47913,250.1298,250.1298,65.8779
680524067,-2.00000,-1.88782,-2.00000,30.4046,-250.1374,50.9084,0.49231,-1.14734,-1.49219,250.1298,250.1298,69.7939
680525068,-2.00000,-2.00000,-2.00000,11.9847,-65.9160,52.8550,0.49390,-1.14783,-1.50452,250.1298,250.1298,73.5573
680526067,-2.00000,-2.00000,-2.00000,10.9389,101.6107,38.4046,0.49524,-1.14746,-1.51794,250.1298,250.1298,77.1603
680527068,-2.00000,-1.56836,-1.45520,187.8473,233.5344,-82.5191,0.49597,-1.14600,-1.53040,250.1298,250.1298,80.5573
680528067,0.87256,1.64124,1.99994,250.1298,239.0534,-177.5420,0.49841,-1.14331,-1.54175,250.1298,250.1298,83.7176
680529067,1.99994,1.99994,1.99994,250.1298,190.6336,-250.1374,0.50317,-1.14099,-1.55298,250.1298,250.1298,86.6260
680530065,1.99994,1.99994,1.99994,250.1298,109.5802,-250.1374,0.51013,-1.13989,-1.56226,250.1298,250.1298,89.2824
680531068,1.99994,1.52979,1.99994,250.1298,-50.8397,-250.1374,0.52026,-1.13928,-1.57031,250.1298,250.1298,91.6794
680532068,1.99994,-2.00000,1.99994,250.1298,-250.1374,-250.1374,0.53149,-1.13757,-1.57825,250.1298,250.1298,93.7863
680533067,1.99994,-2.00000,1.99994,250.1298,-250.1374,-250.1374,0.54211,-1.13538,-1.58484,250.1298,250.1298,95.5802
680534067,1.99994,-1.49414,1.99994,250.1298,-250.1374,-250.1374,0.55432,-1.13416,-1.58972,250.1298,250.1298,97.1145
680535067,1.99994,1.99994,1.99994,250.1298,-250.1374,-250.1374,0.56787,-1.13464,-1.59497,250.1298,250.1298,98.3588
680536065,1.95374,1.99994,1.99994,250.1298,-250.1374,-191.6489,0.58081,-1.13586,-1.60034,250.1298,250.1298,99.2977
680537069,-0.44910,1.99994,1.99994,250.1298,-250.1374,-98.6794,0.59314,-1.13684,-1.60388,250.1298,250.1298,99.9618
680538067,-1.63281,-0.53540,0.96960,250.1298,-250.1374,-34.9389,0.60596,-1.13721,-1.60681,250.1298,250.1298,100.3206
680539068,-2.00000,-2.00000,0.50073,250.1298,-250.1374,-0.1985,0.61865,-1.13684,-1.61011,250.1298,250.1298,100.3969
680540067,-2.00000,-2.00000,-2.00000,250.1298,-250.1374,-5.6947,0.62915,-1.13599,-1.61328,250.1298,250.1298,100.2214
680541068,-2.00000,0.13770,-2.00000,250.1298,-250.1374,-53.2137,0.63953,-1.13452,-1.61707,250.1298,250.1298,99.7786
680542068,-2.00000,1.99994,-2.00000,250.1298,-250.1374,-108.8779,0.65137,-1.13245,-1.62085,250.1298,250.1298,99.0611
680543067,-2.00000,0.93359,-2.00000,250.1298,-250.1374,-130.0916,0.66309,-1.12964,-1.62463,250.1298,250.1298,98.0840
680544068,-2.00000,-2.00000,-2.00000,250.1298,-250.1374,-148.1450,0.67493,-1.12610,-1.62842,250.1298,250.1298,96.8473
680545068,-2.00000,-2.00000,-2.00000,250.1298,-250.1374,-178.5954,0.68616,-1.12366,-1.63257,250.1298,250.1298,95.3511
680546068,-2.00000,-2.00000,-2.00000,250.1298,-145.1527,-226.6489,0.69690,-1.12231,-1.63770,250.1298,250.1298,93.6183
680547068,-2.00000,-1.50635,-2.00000,250.1298,174.1450,-250.1374,0.70667,-1.12036,-1.64343,250.1298,250.1298,91.6870
680548068,-1.55017,1.99994,1.62927,250.1298,250.1298,-250.1374,0.71484,-1.11658,-1.64954,250.1298,250.1298,89.5115
680549067,1.99994,1.99994,1.99994,250.1298,250.1298,-250.1374,0.72192,-1.11011,-1.65320,250.1298,250.1298,87.0840
680550064,1.99994,1.99994,1.99994,250.1298,250.1298,-220.8092,0.72778,-1.10132,-1.65491,250.1298,250.1298,84.4351
680551068,1.99994,-1.25806,1.99994,250.1298,237.4809,-199.8550,0.73242,-1.09082,-1.65588,250.1298,250.1298,81.5573
680552068,1.99994,-2.00000,1.99994,250.1298,-164.2290,-242.2595,0.73584,-1.07739,-1.65540,250.1298,250.1298,78.4351
680553067,1.99994,-2.00000,1.99994,250.1298,-250.1374,-250.1374,0.73865,-1.06274,-1.65454,250.1298,250.1298,75.0763
680554068,1.99994,-1.82300,1.99994,250.1298,-250.1374,-250.1374,0.74072,-1.04761,-1.65356,250.1298,250.1298,71.4733
680555067,1.99994,1.99994,1.99994,250.1298,-250.1374,-250.1374,0.74084,-1.03125,-1.65125,250.1298,250.1298,67.6107
680556065,1.99994,1.99994,1.99994,250.1298,-250.1374,-240.9237,0.73889,-1.01331,-1.64636,250.1298,250.1298,63.4733
680557069,1.99994,1.99994,1.99994,250.1298,-250.1374,-157.9160,0.73438,-0.99377,-1.63855,250.1298,250.1298,59.0916
680558068,-0.89624,-1.61804,1.66235,250.1298,-250.1374,-138.8626,0.71887,-0.95056,-1.61975,250.1298,250.1298,49.7099
680559068,-2.00000,-2.00000,-0.75867,250.1298,-250.1374,-159.2595,0.71033,-0.93372,-1.60779,250.1298,250.1298,44.6183
680560068,-2.00000,-2.00000,-2.00000,250.1298,-250.1374,-168.9695,0.69995,-0.91589,-1.59314,250.1298,250.1298,39.1832
680561064,-2.00000,-2.00000,-2.00000,250.1298,-250.1374,-169.7099,0.68811,-0.88806,-1.58606,250.1298,250.1298,33.5344
680562065,-2.00000,-1.23938,-2.00000,250.1298,-250.1374,-174.4504,0.67566,-0.86267,-1.57922,250.1298,250.1298,28.0611
680563069,-2.00000,-2.00000,-2.00000,250.1298,-250.1374,-202.7405,0.66174,-0.84229,-1.56628,250.1298,250.1298,22.5573
680564064,-2.00000,-2.00000,-1.58215,250.1298,-250.1374,-246.4275,0.64941,-0.82263,-1.55359,250.1298,250.1298,16.8702
680565065,-2.00000,-2.00000,-2.00000,250.1298,-250.1374,-250.1374,0.63745,-0.80444,-1.53857,250.1298,250.1298,11.0000
680566069,-2.00000,-2.00000,-2.00000,250.1298,-250.1374,-250.1374,0.62427,-0.78418,-1.52136,250.1298,250.1298,4.9695
680567064,-2.00000,-2.00000,-2.00000,250.1298,-63.0534,-250.1374,0.61133,-0.76514,-1.50281,250.1298,250.1298,-1.0916
680568065,0.44482,1.99994,0.55396,250.1298,205.1069,-250.1374,0.59790,-0.74670,-1.48633,250.1298,250.1298,-7.0458
680569069,1.99994,1.99994,1.99994,250.1298,250.1298,-250.1374,0.58264,-0.72778,-1.46814,250.1298,250.1298,-12.8473
680570067,1.99994,1.16589,1.99994,250.1298,146.9847,-250.1374,0.56689,-0.71143,-1.44836,250.1298,250.1298,-18.5573
680571067,1.99994,-2.00000,1.99994,250.1298,-94.7328,-250.1374,0.54858,-0.69531,-1.42908,250.1298,250.1298,-24.1908
680572067,1.99994,-2.00000,1.99994,250.1298,-250.1374,-250.1374,0.52673,-0.67749,-1.40820,250.1298,250.1298,-29.6947
680573067,1.99994,-2.00000,1.99994,250.1298,-250.1374,-250.1374,0.50330,-0.65942,-1.38831,250.1298,250.1298,-35.0153
680574067,1.13916,-0.00818,1.99994,250.1298,-250.1374,-250.1374,0.47791,-0.64099,-1.36682,250.1298,250.1298,-40.1145
680575067,0.05103,0.06921,1.99994,250.1298,-250.1374,-250.1374,0.45178,-0.62280,-1.34155,250.1298,250.1298,-44.9008
680576068,-0.20703,-1.16748,1.99994,250.1298,-250.1374,-250.1374,0.42664,-0.60632,-1.31873,250.1298,250.1298,-49.3282
680577067,-1.78699,-1.64746,-1.82214,250.1298,-250.1374,-250.1374,0.40100,-0.58936,-1.29468,250.1298,250.1298,-53.4427
680578068,-2.00000,-0.94739,-2.00000,250.1298,-250.1374,-199.8015,0.37280,-0.57092,-1.26514,250.1298,250.1298,-57.2519
680579067,-2.00000,0.25317,-2.00000,250.1298,-250.1374,-112.8855,0.34399,-0.55286,-1.23279,250.1298,250.1298,-60.7710
680580068,-2.00000,-0.39319,-2.00000,250.1298,-250.1374,-62.0382,0.31494,-0.53540,-1.19885,250.1298,250.1298,-63.9618
680581068,-2.00000,-0.85999,-2.00000,250.1298,-250.1374,-48.9847,0.28479,-0.51843,-1.16357,250.1298,250.1298,-66.7557
680582068,-2.00000,1.07104,-2.00000,250.1298,-203.7023,-90.1450,0.25439,-0.50317,-1.12732,250.1298,250.1298,-69.1145
680583068,0.36731,1.99994,0.38330,250.1298,-80.3664,-183.9084,0.22266,-0.49072,-1.08972,250.1298,250.1298,-71.0992
680584067,1.99994,1.99994,1.99994,250.1298,-64.6412,-250.1374,0.19031,-0.48120,-1.05273,250.1298,250.1298,-72.6870
680585065,1.99994,1.35681,1.99994,250.1298,-233.8092,-250.1374,0.15967,-0.47290,-1.01624,250.1298,250.1298,-73.8626
680586069,1.99994,-2.00000,1.99994,250.1298,-250.1374,-250.1374,0.13110,-0.46460,-0.98096,250.1298,250.1298,-74.6412
680587068,1.99994,-2.00000,1.99994,250.1298,-250.1374,-250.1374,0.10327,-0.45862,-0.94495,250.1298,250.1298,-75.0382
680588068,-1.10706,-2.00000,-0.51465,250.1298,-250.1374,-250.1374,0.07495,-0.45483,-0.90710,250.1298,250.1298,-75.1069
680589068,-2.00000,-2.00000,-2.00000,250.1298,-250.1374,-250.1374,0.04712,-0.45276,-0.87036,250.1298,250.1298,-74.8397
680590067,-2.00000,-2.00000,-2.00000,250.1298,-250.1374,-250.1374,0.02136,-0.45105,-0.83472,250.1298,250.1298,-74.2824
680591068,-2.00000,0.20422,-2.00000,250.1298,-250.1374,-250.1374,-0.00281,-0.44751,-0.80029,250.1298,250.1298,-73.4580
680592068,-2.00000,1.99994,-2.00000,250.1298,-250.1374,-250.1374,-0.02600,-0.44226,-0.76672,250.1298,250.1298,-72.3817
680593068,-2.00000,0.87439,-2.00000,250.1298,-250.1374,-242.4580,-0.04810,-0.43530,-0.73340,250.1298,250.1298,-71.0763
680594067,-2.00000,-2.00000,-2.00000,250.1298,-250.1374,-129.9237,-0.06946,-0.42712,-0.69824,250.1298,250.1298,-69.6107
680595068,-2.00000,-2.00000,-2.00000,250.1298,-117.1374,-85.3969,-0.08972,-0.41675,-0.66138,250.1298,250.1298,-68.0153
680596068,-0.91504,1.58032,-1.95972,250.1298,144.3817,-136.3511,-0.10876,-0.40491,-0.62549,250.1298,250.1298,-66.3435
680597068,1.99994,1.99994,1.47607,250.1298,246.9160,-213.6641,-0.12756,-0.39209,-0.59009,250.1298,250.1298,-64.6031
680598068,1.99994,1.99994,1.99994,250.1298,84.1298,-250.1374,-0.14612,-0.37903,-0.55286,250.1298,250.1298,-62.8473
680599065,1.99994,1.22192,1.99994,250.1298,-250.1374,-250.1374,-0.16370,-0.36658,-0.51331,250.1298,250.1298,-61.1527
680600065,1.99994,-2.00000,1.99994,250.1298,-250.1374,-250.1374,-0.18018,-0.35571,-0.47473,250.1298,250.1298,-59.4656
680601068,1.25488,-2.00000,1.99994,250.1298,-250.1374,-250.1374,-0.19568,-0.34753,-0.43518,250.1298,250.1298,-57.8473
680602068,-2.00000,-2.00000,-1.11096,250.1298,-250.1374,-250.1374,-0.21143,-0.34229,-0.39258,250.1298,250.1298,-56.3435
680603068,-2.00000,-2.00000,-2.00000,250.1298,-250.1374,-250.1374,-0.22717,-0.34106,-0.35010,250.1298,250.1298,-54.9542
680604068,-2.00000,-1.96533,-2.00000,250.1298,-250.1374,-250.1374,-0.24048,-0.34509,-0.30908,250.1298,250.1298,-53.6565
680605068,-2.00000,0.55396,-2.00000,250.1298,-250.1374,-250.1374,-0.25171,-0.35278,-0.27100,250.1298,250.1298,-52.4656
680606068,-2.00000,-0.26050,-2.00000,250.1298,-250.1374,-250.1374,-0.26196,-0.36230,-0.23376,250.1298,250.1298,-51.4122
680607068,-2.00000,-1.21338,-2.00000,250.1298,-250.1374,-250.1374,-0.27124,-0.37341,-0.19739,250.1298,250.1298,-50.4962
680608067,-2.00000,-0.16724,-2.00000,250.1298,-250.1374,-250.1374,-0.28003,-0.38586,-0.16382,250.1298,250.1298,-49.6870
680609068,-2.00000,1.99994,-2.00000,250.1298,-10.9237,-214.7481,-0.28796,-0.39783,-0.13147,250.1298,250.1298,-49.0153
680610068,-0.84607,1.99994,0.75500,250.1298,218.5267,-250.1374,-0.29431,-0.40759,-0.10095,250.1298,250.1298,-48.5267
680611068,1.99994,1.99994,1.99994,250.1298,250.1298,-250.1374,-0.29846,-0.41479,-0.07361,250.1298,250.1298,-48.2595
680612065,1.99994,1.99994,1.99994,250.1298,128.7481,-250.1374,-0.29858,-0.41919,-0.04675,250.1298,250.1298,-48.2519
680613064,1.99994,0.73938,1.99994,250.1298,-190.5878,-250.1374,-0.29541,-0.41931,-0.01709,250.1298,250.1298,-48.5267
680614063,1.99994,-2.00000,1.99994,250.1298,-250.1374,-250.1374,-0.29004,-0.41443,0.01257,250.1298,250.1298,-49.1145
680615066,1.99994,-2.00000,1.99994,250.1298,-250.1374,-250.1374,-0.28210,-0.40442,0.04077,250.1298,250.1298,-49.9847
680616064,1.99994,-2.00000,1.99994,250.1298,-250.1374,-250.1374,-0.27136,-0.38818,0.06946,250.1298,250.1298,-51.1908
680617069,-0.24390,-2.00000,0.02490,250.1298,-250.1374,-250.1374,-0.25952,-0.36694,0.09851,250.1298,250.1298,-52.8244
680618068,-2.00000,-2.00000,-2.00000,250.1298,-250.1374,-250.1374,-0.24646,-0.34314,0.12561,250.1298,250.1298,-54.8855
680619068,-2.00000,-2.00000,-2.00000,250.1298,-250.1374,-250.1374,-0.23120,-0.31677,0.14929,250.1298,250.1298,-57.3435
680620068,-2.00000,-2.00000,-2.00000,250.1298,-250.1374,-250.1374,-0.21545,-0.28711,0.17017,250.1298,250.1298,-60.2214
680621068,-2.00000,-2.00000,-2.00000,250.1298,-250.1374,-250.1374,-0.19958,-0.25403,0.18945,250.1298,250.1298,-63.5573
680622068,-2.00000,-2.00000,-2.00000,250.1298,-250.1374,-250.1374,-0.18359,-0.21777,0.20544,250.1298,250.1298,-67.3053
680623068,-2.00000,-1.54150,-2.00000,250.1298,-250.1374,-250.1374,-0.16772,-0.17932,0.21838,250.1298,250.1298,-71.4504
680624068,-2.00000,-1.93738,-2.00000,250.1298,-250.1374,-233.9008,-0.15173,-0.14014,0.23059,250.1298,250.1298,-75.9771
680625067,-2.00000,-1.37244,-2.00000,234.4198,-59.8473,-191.7099,-0.13623,-0.09778,0.23938,250.1298,250.1298,-80.7939
680626068,-2.00000,-0.08118,-2.00000,250.1298,152.2443,-236.9008,-0.12195,-0.05530,0.24268,250.1298,250.1298,-85.7710
680627068,-0.59900,1.22070,1.54309,250.1298,132.7786,-250.1374,-0.10950,-0.00928,0.24329,250.1298,247.1756,-91.1069
680628068,0.31555,1.99994,1.99994,250.1298,10.0305,-250.1374,-0.09802,0.04102,0.24377,250.1298,237.5954,-96.6870
680629067,1.00354,1.99994,1.99994,250.1298,-131.9008,-250.1374,-0.08740,0.08972,0.24390,250.1298,228.0305,-102.3740
680630067,1.57336,1.99994,1.99994,250.1298,-220.6565,-250.1374,-0.07776,0.14172,0.24219,250.1298,218.5267,-108.1221
680631065,1.99994,1.99994,1.99994,250.1298,-175.4885,-250.1374,-0.06909,0.19678,0.24072,250.1298,209.0611,-113.8702
680632068,1.99994,1.99994,1.99994,250.1298,-137.0458,-250.1374,-0.06213,0.25122,0.24146,250.1298,199.6641,-119.5649
680633064,1.99994,1.99994,1.99994,250.1298,-250.1374,-250.1374,-0.05676,0.30652,0.24463,250.1298,190.3359,-125.1908
680634068,1.99994,-1.83643,1.99994,250.1298,-250.1374,-250.1374,-0.05249,0.36304,0.24951,250.1298,181.1374,-130.6870
680635068,1.99994,-2.00000,1.99994,250.1298,-250.1374,-250.1374,-0.04810,0.41687,0.25696,250.1298,172.1221,-135.9389
680636068,1.99994,-2.00000,1.99994,250.1298,-250.1374,-250.1374,-0.04260,0.46838,0.26758,250.1298,163.3282,-140.9084
680637067,0.77649,-2.00000,1.99994,250.1298,-250.1374,-250.1374,-0.03699,0.51831,0.28003,250.1298,154.8015,-145.5649
680638067,1.99994,-1.66284,1.99994,250.1298,-250.1374,-238.1832,-0.03259,0.56580,0.29431,250.1298,146.5496,-149.8397
680639067,1.99994,1.99994,1.99994,250.1298,-250.1374,-153.0763,-0.03040,0.61096,0.31030,250.1298,138.6260,-153.6641
680640067,-0.19983,1.55957,1.99994,250.1298,-250.1374,-26.4962,-0.02832,0.65369,0.32800,250.1298,131.0611,-156.9924
680641065,-2.00000,-2.00000,1.99994,250.1298,-250.1374,-10.8702,-0.02576,0.69287,0.34570,250.1298,123.8321,-159.8397
680642065,-2.00000,-2.00000,1.99994,250.1298,-250.1374,-101.5115,-0.02429,0.72864,0.36316,250.1298,116.9847,-162.2214
680643069,-2.00000,-2.00000,-0.41125,250.1298,-250.1374,-192.3511,-0.02307,0.76013,0.38013,250.1298,110.6107,-164.0916
680644068,-2.00000,-2.00000,-2.00000,250.1298,-250.1374,-250.1374,-0.02112,0.78674,0.39636,250.1298,104.6107,-165.4046
680645068,-2.00000,-2.00000,-2.00000,250.1298,-250.1374,-250.1374,-0.02002,0.81104,0.41284,250.1298,99.0611,-166.2824
680646068,-2.00000,-2.00000,-2.00000,250.1298,-250.1374,-250.1374,-0.01880,0.83228,0.42981,250.1298,94.0076,-166.7176
680647067,-2.00000,-2.00000,-2.00000,250.1298,-250.1374,-250.1374,-0.01453,0.84399,0.44507,250.1298,89.4351,-166.6794
680648067,-2.00000,-2.00000,-2.00000,250.1298,-250.1374,-250.1374,-0.00964,0.85242,0.45923,250.1298,85.4122,-166.3588
680649067,-2.00000,-2.00000,-2.00000,250.1298,-250.1374,-250.1374,-0.00586,0.86218,0.47302,250.1298,81.9389,-165.6565
680650068,-2.00000,-1.44922,-2.00000,250.1298,-170.7328,-250.1374,-0.00098,0.86804,0.48596,250.1298,78.9313,-164.4504
680651068,-2.00000,-0.43921,-2.00000,250.1298,-35.6260,-250.1374,0.00391,0.87061,0.49841,250.1298,76.3893,-162.7328
680652068,-2.00000,-0.22827,-2.00000,250.1298,17.9771,-250.1374,0.00964,0.87085,0.51062,250.1298,74.3053,-160.5420
680653068,-1.08716,0.23157,-1.27539,250.1298,32.8092,-243.7405,0.01575,0.86890,0.52258,250.1298,72.6183,-157.9237
680654067,0.71814,1.83069,0.71106,250.1298,-5.3511,-204.6565,0.02124,0.86548,0.53418,250.1298,71.3435,-154.9160
680655068,1.26648,1.99994,1.99994,250.1298,-82.2366,-170.5038,0.02539,0.86121,0.54419,250.1298,70.4733,-151.5344
680656067,1.99878,1.99994,1.99994,250.1298,-134.9160,-143.1145,0.02942,0.85632,0.55310,250.1298,69.9618,-147.7863
680657068,1.99994,1.99994,1.99994,250.1298,-160.6794,-112.4504,0.03613,0.84375,0.57520,250.1298,69.7328,-139.2290
680658068,1.99994,-2.00000,1.99994,250.1298,-220.4962,-102.6260,0.03625,0.83997,0.58691,250.1298,69.8550,-134.5344
680659068,1.99994,-2.00000,1.99994,250.1298,-250.1374,-147.0153,0.03687,0.83447,0.59656,247.2137,70.1374,-129.5038
680660068,1.28687,-2.00000,1.99994,250.1298,-250.1374,-172.4885,0.03882,0.82312,0.60925,232.1069,70.7023,-124.1298
680661068,0.36890,-2.00000,1.99994,250.1298,-250.1374,-170.5649,0.04102,0.80884,0.62695,217.8168,71.4809,-118.5802
680662067,0.25122,-2.00000,1.99994,250.1298,-250.1374,-183.5420,0.04321,0.79297,0.64526,204.2214,72.3511,-112.8397
680663067,0.34863,-2.00000,1.99994,228.3130,-250.1374,-211.7252,0.04358,0.77808,0.66187,191.2595,73.2366,-106.9389
680664068,-0.00977,-2.00000,1.99994,193.4885,-250.1374,-235.3740,0.04065,0.76526,0.67761,178.9618,74.1221,-100.9695
680665068,-1.02283,-1.45349,1.75232,160.7252,-250.1374,-237.5038,0.03540,0.75354,0.69360,167.2748,75.0153,-95.0000
680666068,-1.30151,-0.34839,1.06958,109.8244,-250.1374,-212.0687,0.02917,0.74280,0.70898,156.1603,75.9160,-89.0534
680667067,-0.93982,-1.21155,1.38159,71.2214,-250.1374,-184.5191,0.02271,0.73254,0.72485,145.5878,76.8168,-83.1145
680668067,-0.77783,-2.00000,1.00220,100.7099,-250.1374,-193.1145,0.01746,0.72278,0.74146,135.6183,77.6641,-77.1985
680669068,-1.00659,-2.00000,-1.39099,180.2519,-250.1374,-235.7099,0.01282,0.71301,0.75818,126.2672,78.3969,-71.3588
680670067,-1.75073,-1.19275,-2.00000,250.1298,-250.1374,-250.1374,0.00793,0.70349,0.77551,117.3969,79.0229,-65.6641
680671068,-2.00000,-0.05347,-2.00000,250.1298,-250.1374,-250.1374,0.00452,0.69421,0.79407,108.9237,79.5649,-60.1145
680672068,-1.35852,1.29492,-1.77820,250.1298,-250.1374,-250.1374,0.00085,0.68518,0.81335,100.8473,80.0000,-54.7557
680673068,-1.02722,1.99994,-1.45764,250.1298,-250.1374,-250.1374,-0.00269,0.67566,0.83252,93.1832,80.2901,-49.5802
680674068,-2.00000,1.99994,-2.00000,234.1756,-250.1374,-250.1374,-0.00476,0.66492,0.85242,85.8931,80.4733,-44.5802
680675068,-2.00000,1.99994,-2.00000,166.6031,-221.3130,-243.9389,-0.00574,0.65320,0.87244,78.9924,80.5191,-39.7863
680676067,-0.75415,1.99994,-1.09375,71.3588,-129.7328,-185.2672,-0.00525,0.64124,0.89197,72.4504,80.3969,-35.2061
680677067,-0.20020,1.32581,-0.83093,-48.5496,-86.9237,-119.2214,-0.00403,0.62915,0.91113,66.2748,80.1450,-30.8168
680678067,-0.73828,0.43005,-1.96191,-90.1603,-63.7405,-84.6336,-0.00256,0.61536,0.92969,60.4504,79.7557,-26.6107
680679068,-0.33679,0.47241,-2.00000,-48.3435,-58.1832,-83.9008,-0.00049,0.59973,0.94666,54.9313,79.2290,-22.6718
680680067,-0.32947,0.90283,-2.00000,-36.5649,-101.9542,-79.8779,0.00244,0.58435,0.96228,49.7786,78.5573,-18.9542
680681068,-1.28271,1.26538,-2.00000,-59.1298,-157.9771,-74.3282,0.00574,0.56934,0.97864,45.0076,77.7710,-15.4504
680682068,-1.20520,1.99994,-2.00000,-11.1450,-146.5038,-96.3206,0.00928,0.55396,0.99707,40.5573,76.8626,-12.1832
680683067,-0.62732,1.99994,-1.34924,72.1298,-107.1832,-121.5038,0.01282,0.53870,1.01367,36.4427,75.8473,-9.1527
680684067,-0.84949,1.99994,-2.00000,107.6336,-90.9466,-128.4351,0.01624,0.52295,1.02734,32.6718,74.7099,-6.3282
680685067,-1.74976,1.99994,-2.00000,93.6565,-49.5344,-122.1832,0.01965,0.50635,1.03979,29.2290,73.4809,-3.6641
680686067,-1.85315,1.99994,-2.00000,52.2443,34.0229,-99.8550,0.02234,0.48962,1.05127,26.1298,72.1298,-1.1756
680687067,-1.13135,1.89429,-2.00000,3.8244,120.0229,-77.3130,0.02393,0.47327,1.06335,23.3130,70.6565,1.1069
680688068,-1.06897,1.99994,-2.00000,-15.0229,164.1756,-70.5954,0.02417,0.45667,1.07605,20.7481,69.0992,3.2061
680689068,-1.06128,1.99994,-1.90784,11.6718,167.4809,-68.1221,0.02380,0.43982,1.08826,18.4580,67.4198,5.1679
680690068,0.02759,1.99994,-1.30957,21.2672,158.3435,-53.6489,0.02332,0.42407,1.09937,16.4275,65.6412,6.9618
680691068,1.07825,1.99994,-0.32642,-35.1298,132.4809,-21.6260,0.02246,0.40869,1.10986,14.6260,63.7328,8.5878
680692067,1.16321,1.99994,0.23975,-88.3817,82.6641,17.1298,0.02051,0.39404,1.12134,13.0382,61.6870,10.0687
680693068,1.23254,1.99994,0.59424,-58.6107,46.5649,45.0534,0.01794,0.38110,1.13452,11.6107,59.5191,11.4504
680694067,1.07861,1.99994,1.00354,5.1679,21.8168,64.2443,0.01514,0.36877,1.14795,10.3359,57.2443,12.6947
680695068,0.23853,1.99994,0.31104,28.4809,3.9695,89.1908,0.01074,0.35632,1.16003,9.1756,54.8321,13.8168
680696067,-0.45984,1.99994,-0.70300,23.4504,24.0916,111.7328,0.00488,0.34448,1.17102,8.0840,52.2824,14.8321
680697067,-0.67505,1.99994,-0.98254,22.0687,69.3740,118.7099,-0.00024,0.33374,1.18164,7.0305,49.5802,15.7634
680698067,-0.63757,1.99994,-1.35803,32.6031,107.5725,119.1756,-0.00500,0.32349,1.19202,6.0382,46.7634,16.6031
680699067,-0.93042,1.99994,-2.00000,56.7786,114.5420,121.4427,-0.01001,0.31238,1.20044,5.0992,43.8321,17.3206
680700068,-1.70776,1.32642,-2.00000,68.6412,101.3511,124.9924,-0.01440,0.30127,1.20642,4.2290,40.8015,17.9237
680701068,-1.76855,0.12976,-2.00000,52.5267,114.5191,127.4046,-0.01868,0.29102,1.21167,3.4046,37.6641,18.4427
680702067,-1.24683,-0.32227,-1.36365,11.3435,146.9618,131.9008,-0.02283,0.28162,1.21692,2.6641,34.3893,18.8931
680703067,-1.13220,0.15356,-1.29053,-36.0153,166.9924,143.2137,-0.02539,0.27234,1.22144,2.0382,31.0229,19.2443
680704067,-1.10925,0.94348,-1.55103,-58.2901,182.9389,152.1527,-0.02600,0.26331,1.22461,1.5496,27.6260,19.5038
680705067,-0.66211,0.78821,-1.08435,-59.1221,207.9084,161.8550,-0.02600,0.25415,1.22668,1.1756,24.2061,19.6718
680706067,-0.24585,-0.65771,-0.45850,-69.4046,225.4885,175.4504,-0.02551,0.24512,1.22791,0.9160,20.7328,19.7176
680707068,-0.21509,-1.77319,-0.36389,-80.9771,226.6489,178.9542,-0.02393,0.23755,1.22815,0.7863,17.2519,19.6718
680708067,-0.14539,-1.87073,-0.25928,-63.3206,221.1908,165.2824,-0.02173,0.23059,1.22717,0.7863,13.7939,19.5725
680709068,-0.17517,-1.15967,-0.06226,-26.7557,208.5496,142.9618,-0.01917,0.22412,1.22473,0.9542,10.4046,19.4122
680710067,-0.36597,-0.13855,-0.11804,1.2061,201.8244,124.2901,-0.01453,0.21936,1.22083,1.3053,7.0611,19.1374
680711068,-0.50049,0.45471,0.22803,16.5267,206.3969,113.4504,-0.00842,0.21594,1.21594,1.7863,3.7634,18.7863
680712067,-0.40234,0.80493,1.37463,18.9847,218.3130,107.5649,-0.00305,0.21277,1.21082,2.3664,0.5344,18.3664
680713067,0.12915,1.03772,1.99994,5.7023,235.8168,107.9924,0.00330,0.21033,1.20618,2.9924,-2.6107,17.9237
680714067,0.22266,0.91370,1.31738,-20.7252,237.0687,117.5115,0.01050,0.20874,1.20178,3.6412,-5.6794,17.4351
680715067,0.05652,0.38562,0.69067,-21.9008,223.1985,122.3206,0.01819,0.20764,1.19507,4.2901,-8.6718,16.9237
680716068,0.51074,-0.13062,1.54797,6.0382,205.2519,115.5496,0.02515,0.20752,1.18787,4.9389,-11.5878,16.3969
680717067,0.82727,-0.36792,1.99994,8.4733,178.2901,116.8015,0.03052,0.20813,1.18298,5.5573,-14.3740,15.8321
680718068,0.55103,-0.07471,1.99994,-21.5038,151.1298,127.3664,0.03564,0.20837,1.17822,6.0687,-17.0076,15.2519
680719067,0.51526,0.72339,1.99994,-36.1374,148.2290,134.0916,0.04004,0.20898,1.17188,6.5267,-19.5038,14.6794
680720068,0.67700,0.88647,1.99994,-33.4504,154.3435,141.4962,0.04370,0.20837,1.16553,6.9466,-21.8931,14.1374
680721068,0.30225,0.10815,1.98694,-36.1908,148.9008,149.0153,0.04736,0.20740,1.15869,7.3206,-24.1832,13.6107
680722068,-0.05835,-0.95667,1.08887,-32.3740,149.0000,145.5191,0.05090,0.20715,1.14966,7.6260,-26.3817,13.1069
680723067,-0.06262,-1.44019,1.00000,-22.0458,155.0611,130.3588,0.05481,0.20630,1.13916,7.8779,-28.4427,12.6183
680724067,0.04822,-0.96399,1.30688,-25.4580,159.7176,115.5496,0.05981,0.20447,1.12744,8.0687,-30.3282,12.1527
680725067,0.22388,-0.59375,1.65613,-37.6260,164.3130,111.1069,0.06445,0.20374,1.11609,8.2290,-32.0611,11.7176
680726067,0.33020,-1.28113,1.99994,-38.9084,168.3206,111.6870,0.06897,0.20410,1.10474,8.3206,-33.7023,11.3053
680727067,0.61914,-2.00000,1.99994,-42.9924,172.6183,111.4580,0.07483,0.20459,1.09253,8.3282,-35.2366,10.9160
680728067,0.61499,-2.00000,1.77588,-77.9008,167.2748,108.9924,0.08057,0.20605,1.08069,8.2443,-36.6260,10.5496
680729068,0.16418,-2.00000,0.79663,-111.9695,149.6565,97.8244,0.08484,0.20764,1.06934,8.0534,-37.8931,10.2214
680730068,0.55750,-0.93665,1.36670,-109.6718,146.2977,77.7863,0.08850,0.20813,1.05798,7.7557,-39.0534,9.9084
680731068,1.17676,0.49316,1.99994,-110.4809,144.2977,73.5420,0.09204,0.20862,1.04614,7.3359,-40.0916,9.5878
680732068,0.98218,0.50610,1.99994,-137.1374,125.5649,88.8931,0.09485,0.20898,1.03418,6.7863,-41.0076,9.2595
680733067,0.73413,-0.14429,1.99994,-145.6107,126.3282,94.2977,0.09790,0.20837,1.02307,6.1145,-41.8321,8.9695
680734068,0.84436,-0.53186,1.99994,-124.8321,137.1450,81.6641,0.10046,0.20691,1.01233,5.4046,-42.5344,8.6718
680735068,0.94958,-0.42969,1.99994,-98.1069,132.2061,61.7557,0.10327,0.20410,1.00122,4.6260,-43.1069,8.3817
680736068,0.82837,0.01550,1.99994,-66.5420,109.0763,41.8855,0.10767,0.20020,0.98950,3.7786,-43.5725,8.1221
680737068,0.71643,0.32117,1.99994,-30.0916,76.3359,25.2061,0.11377,0.19666,0.97705,2.8244,-43.9389,7.9008
680738067,0.80298,0.34229,1.99994,-7.3130,52.9008,14.6107,0.12073,0.19385,0.96460,1.7176,-44.1908,7.7023
680739067,0.92578,0.07544,1.99994,-9.7557,45.7405,11.9466,0.12744,0.19177,0.95337,0.4656,-44.3282,7.5115
680740068,1.01013,-0.16504,1.99994,-33.8931,49.3435,17.8702,0.13428,0.18982,0.94214,-0.9160,-44.3511,7.3588
680741068,0.69482,-0.20630,1.30469,-73.4504,41.2366,32.2137,0.14209,0.18909,0.93042,-2.4198,-44.2672,7.2061
680742067,0.21619,-0.50500,-0.04456,-105.6947,29.8855,45.9084,0.15051,0.19080,0.91956,-4.0840,-44.0458,7.0305
680743067,0.16174,-1.11438,0.22852,-126.3130,31.7176,53.1374,0.15869,0.19409,0.90967,-5.9542,-43.6718,6.8244
680744068,0.21069,-1.49963,0.96545,-151.6718,39.4962,59.1679,0.16687,0.19958,0.90125,-8.0305,-43.1756,6.5954
680745068,0.06433,-1.30811,1.17395,-170.4580,48.5954,59.6260,0.17444,0.20715,0.89343,-10.3359,-42.5954,6.3435
680746068,0.13660,-0.63904,1.75232,-163.2290,70.6947,48.2061,0.18188,0.21606,0.88550,-12.8855,-41.9237,6.0916
680747068,0.78113,-0.08838,1.99994,-144.6412,96.1069,32.9771,0.18884,0.22681,0.87915,-15.7099,-41.1756,5.8015
680748068,1.02271,-0.17041,1.60950,-140.0916,90.5573,23.4656,0.19507,0.23828,0.87354,-18.8015,-40.3359,5.4656
680749068,0.66833,-0.95520,0.47278,-122.4198,53.0229,7.5496,0.20129,0.25012,0.86572,-22.1985,-39.4046,5.0687
680750068,0.77197,-1.62134,0.48621,-73.7786,11.5802,-26.4351,0.20752,0.26135,0.85718,-25.8855,-38.4122,4.6260
680751068,0.94690,-1.25781,0.98901,-40.5191,-18.4962,-57.0000,0.21350,0.27100,0.85034,-29.8092,-37.3740,4.1450
680752067,0.56653,-0.05042,0.40259,-48.2443,-37.0916,-66.9618,0.21838,0.27954,0.84424,-33.9389,-36.2901,3.6260
680753067,0.08936,1.16919,-0.12988,-62.8473,-33.6718,-61.5573,0.22156,0.28772,0.83691,-38.2595,-35.1756,3.0840
680754067,0.14734,1.58337,0.53491,-64.5420,-7.4656,-49.4046,0.22241,0.29492,0.82947,-42.7405,-34.0534,2.5038
680755067,0.35132,1.36890,0.69763,-72.4809,23.7939,-34.3206,0.22156,0.29993,0.82312,-47.3435,-32.9313,1.8931
680756068,-0.05176,1.16943,-0.12329,-87.9466,47.0611,-20.9695,0.22058,0.30200,0.81165,-56.6031,-30.6718,0.6031
680757068,-0.21899,1.39368,-0.59644,-74.8931,64.5649,-23.0840,0.21912,0.29968,0.80688,-61.1908,-29.4885,-0.0382
680758067,0.39417,1.92456,-0.08826,-43.9008,73.1603,-33.7176,0.21680,0.29614,0.80322,-65.7023,-28.3282,-0.6336
680759067,0.63318,1.95911,0.55103,-32.5725,58.7786,-35.8779,0.21399,0.29077,0.80017,-70.1298,-27.1832,-1.1374
680760067,0.45508,1.21838,1.04089,-31.8779,41.4198,-35.1374,0.21155,0.28394,0.79761,-74.4351,-26.0382,-1.5802
680761068,0.74304,0.44641,1.70935,-29.4580,44.5725,-38.9237,0.20984,0.27637,0.79675,-78.5649,-24.9313,-1.9542
680762068,0.91223,0.81494,1.49841,-51.4885,45.1985,-37.9618,0.20776,0.26733,0.79797,-82.4962,-23.8321,-2.2672
680763067,0.82141,1.99994,0.44751,-89.1145,42.4351,-27.3130,0.20410,0.25757,0.80005,-86.2290,-22.7176,-2.5191
680764067,1.17664,1.99994,0.67004,-104.3130,47.6870,-10.2977,0.19946,0.24768,0.80225,-89.7557,-21.6107,-2.7023
680765068,1.65515,1.99994,1.60437,-100.1679,45.8321,13.5802,0.19495,0.23694,0.80420,-93.0153,-20.5115,-2.7863
680766067,1.13452,0.74194,1.01501,-100.2901,26.2061,35.9542,0.19092,0.22522,0.80640,-95.9924,-19.4198,-2.7863
680767068,-0.06042,-0.90259,-0.92322,-107.4962,8.4885,43.6794,0.18811,0.21240,0.80994,-98.7176,-18.3511,-2.7099
680768067,-0.55310,-1.24634,-1.66589,-111.8168,22.8092,31.6336,0.18481,0.19897,0.81458,-101.1985,-17.3435,-2.5649
680769068,-0.60925,0.10120,-0.81091,-127.9313,53.9924,15.4504,0.17981,0.18555,0.81946,-103.4122,-16.3359,-2.3664
680770067,-0.55811,1.99994,-0.61011,-149.7023,86.2672,8.9466,0.17371,0.17151,0.82422,-105.3511,-15.3282,-2.0840
680771068,-0.32153,1.99994,-1.67358,-143.7939,106.4504,10.2366,0.16724,0.15808,0.82947,-107.0382,-14.3359,-1.7176
680772067,-0.24048,1.99994,-2.00000,-117.7099,120.8702,17.6031,0.15955,0.14624,0.83447,-108.4885,-13.4046,-1.2748
680773067,-0.16284,1.99994,-1.38928,-103.0076,141.6031,29.9466,0.15149,0.13489,0.84009,-109.6947,-12.5038,-0.7863
680774067,0.17053,1.99994,0.64709,-94.7786,176.3206,35.1832,0.14441,0.12268,0.84692,-110.6260,-11.6794,-0.2519
680775067,0.71521,1.99994,1.99994,-81.5115,221.9695,33.1679,0.13879,0.11096,0.85327,-111.3053,-10.9618,0.3359
680776067,1.49414,1.99994,1.99994,-79.0229,250.1298,41.3435,0.13318,0.09937,0.85901,-111.7328,-10.2977,0.9924
680777065,1.98059,1.99994,1.99994,-80.0687,242.1908,62.8855,0.12744,0.08862,0.86499,-111.9084,-9.6718,1.7023
680778069,1.99994,1.99994,1.99994,-49.4580,190.6489,76.3359,0.12231,0.07935,0.87085,-111.8550,-9.0840,2.4580
680779068,1.99994,0.48743,1.99994,-4.3435,115.3817,75.6031,0.11804,0.07117,0.87720,-111.5954,-8.5344,3.2443
680780067,1.66711,-1.02930,1.78870,4.2214,25.2443,72.0916,0.11401,0.06421,0.88391,-111.1145,-8.0382,4.0305
680781067,0.46057,-1.03784,0.28162,-23.8244,-42.4656,70.8931,0.11011,0.05774,0.89026,-110.4351,-7.6031,4.8321
680782067,0.12866,-0.10962,0.90869,-64.6031,-28.7252,76.1832,0.10742,0.05176,0.89697,-109.5802,-7.2061,5.6412
680783068,0.59412,0.75464,1.99994,-112.9924,21.3817,93.7557,0.10522,0.04602,0.90417,-108.5573,-6.8397,6.4351
680784067,0.16992,0.74866,1.19922,-155.7710,45.5802,117.4733,0.10303,0.04089,0.91040,-107.3969,-6.5038,7.2137
680785067,-0.81372,-0.07153,-1.10559,-154.4427,69.5191,123.3740,0.10144,0.03650,0.91553,-106.0992,-6.1832,7.9847
680786067,-0.60864,-0.82581,-1.14270,-120.4885,126.1908,105.5878,0.09985,0.03223,0.92090,-104.6565,-5.9084,8.7328
680787067,0.74231,-0.05823,1.28906,-103.2595,185.3740,68.3969,0.09766,0.02856,0.92712,-103.1221,-5.6870,9.4580
680788068,0.94617,0.94421,1.11047,-51.6870,159.2748,46.2824,0.09570,0.02515,0.93372,-101.5344,-5.5344,10.1450
680789068,1.03674,1.23071,0.89148,31.5649,107.8397,22.0916,0.09570,0.02161,0.93884,-99.9237,-5.4275,10.8244
680790068,0.85474,0.76208,0.56165,76.0916,53.6183,10.0763,0.09497,0.01770,0.94238,-98.2519,-5.3511,11.4962
680791068,0.75220,0.20483,0.48572,60.8168,29.8550,15.9008,0.09363,0.01367,0.94592,-96.5038,-5.3053,12.1603
680792067,0.63452,0.31750,0.60608,25.4885,31.5420,30.6489,0.09277,0.01038,0.95081,-94.7023,-5.3282,12.8321
680793068,-0.08093,0.55029,0.13916,-0.7328,31.4351,51.0153,0.09192,0.00684,0.95532,-92.8931,-5.4046,13.4504
680794068,-0.71704,0.04871,-0.57910,-25.6565,44.2595,73.8015,0.09131,0.00281,0.95874,-91.0840,-5.5573,14.0000
680795068,-0.81726,-0.31726,-0.79639,-67.9389,90.1221,94.9847,0.09070,-0.00061,0.96265,-89.2672,-5.7405,14.4962
680796067,-1.15857,-0.13342,-1.42371,-141.0382,130.4504,123.9313,0.09021,-0.00439,0.96631,-87.4504,-5.9542,14.9542
680797067,-1.23364,0.34436,-2.00000,-195.8550,165.6260,146.0611,0.08948,-0.00891,0.96960,-85.6336,-6.2672,15.3435
680798068,-0.64917,1.28711,-1.19324,-184.9160,200.5573,144.9618,0.08923,-0.01453,0.97363,-83.8168,-6.6641,15.6489
680799067,-0.23083,1.82373,0.08411,-144.6870,211.7557,142.2443,0.08899,-0.01978,0.97827,-82.0000,-7.1145,15.9008
680800067,-0.02844,1.32129,0.51770,-112.7481,210.7023,144.9313,0.08899,-0.02502,0.98193,-80.1832,-7.6031,16.0916
680801067,0.07593,0.44958,0.64331,-91.7405,203.7939,144.0534,0.08948,-0.03076,0.98474,-78.3359,-8.1069,16.2061
680802068,0.27148,-0.07849,1.08777,-81.5115,191.9542,140.6641,0.09106,-0.03638,0.98792,-76.4427,-8.6183,16.2290
680803068,0.62500,0.09229,1.61682,-71.9084,177.0763,133.6412,0.09290,-0.04224,0.99084,-74.4580,-9.1374,16.1679
680804067,0.70374,0.48547,1.44666,-50.4122,156.1985,125.5420,0.09460,-0.04761,0.99219,-72.3893,-9.6489,16.0305
680805068,0.42529,0.26868,1.43372,-14.9160,133.8702,121.8397,0.09668,-0.05310,0.99304,-70.2748,-10.1985,15.8015
680806067,0.32239,-0.97546,1.99994,24.4962,122.2672,119.0840,0.09924,-0.05872,0.99365,-68.1069,-10.7634,15.4504
680807068,0.32092,-2.00000,1.99994,43.4885,130.1679,113.6260,0.10315,-0.06409,0.99475,-65.8702,-11.3053,15.0229
680808068,0.01501,-2.00000,1.99994,16.0687,139.4275,112.1603,0.10815,-0.06909,0.99585,-63.5496,-11.7710,14.4962
680809067,0.02576,-2.00000,1.99994,-22.7176,148.0687,104.7099,0.11292,-0.07422,0.99622,-61.1450,-12.1679,13.8855
680810068,0.30127,-2.00000,1.99994,-39.4122,144.6489,90.6336,0.11755,-0.07898,0.99792,-58.6794,-12.5420,13.1985
680811068,0.57812,-2.00000,1.99994,-41.1603,124.5649,83.3664,0.12231,-0.08252,1.00037,-56.1145,-12.8779,12.4656
680812068,0.74976,-2.00000,1.99994,-39.8244,91.3740,82.4046,0.12805,-0.08508,1.00195,-53.4733,-13.1450,11.6870
680813067,0.52466,-2.00000,1.99994,-51.1679,50.7481,86.5267,0.13501,-0.08752,1.00232,-50.7863,-13.3588,10.8397
680814068,0.39978,-2.00000,1.99994,-81.0305,25.7099,91.2748,0.14258,-0.09070,1.00195,-48.0611,-13.4733,9.9695
680815068,0.50500,-2.00000,1.99994,-99.3282,18.2214,85.8321,0.14954,-0.09277,1.00183,-45.2977,-13.4809,9.0687
680816068,0.35217,-2.00000,1.82104,-72.9466,14.8397,66.2824,0.15540,-0.09338,1.00220,-42.5115,-13.4046,8.1374
680817068,-0.07556,-1.99597,0.84485,-18.2977,8.9695,40.5954,0.16174,-0.09326,1.00354,-39.7023,-13.2672,7.1832
680818067,-0.44434,-1.78516,-0.06909,17.0076,5.2824,21.5573,0.16858,-0.09253,1.00488,-36.9008,-13.0534,6.2214
680819068,-0.70569,-1.92847,-0.54211,14.1450,17.7557,13.2824,0.17468,-0.09180,1.00562,-34.1221,-12.7481,5.2595
680820068,-0.81311,-1.98096,-0.47632,4.3893,42.9008,6.3130,0.18018,-0.09033,1.00684,-31.3969,-12.3740,4.3053
680821068,-0.63928,-1.70667,0.02075,17.2290,70.0763,-4.6794,0.18420,-0.08765,1.00769,-28.7481,-11.9389,3.3588
680822067,-0.38879,-1.48376,0.55029,30.3359,88.4351,-7.6794,0.18726,-0.08423,1.00854,-26.1832,-11.4656,2.4504
680823067,-0.22876,-1.50220,0.90723,6.9008,103.1527,5.6336,0.18958,-0.07971,1.01013,-23.7023,-10.9466,1.6107
680824067,0.08972,-1.56213,1.58142,-39.3740,122.8626,25.3969,0.19092,-0.07336,1.01233,-21.3511,-10.3817,0.8015
680825068,0.66260,-1.46655,1.99994,-68.4122,135.2519,36.4275,0.19226,-0.06580,1.01367,-19.1450,-9.7939,0.0229
680826068,1.14893,-1.12488,1.99994,-67.8855,121.9771,35.5267,0.19336,-0.05798,1.01404,-17.1069,-9.2214,-0.7405
680827068,1.38208,-0.98596,1.99994,-48.7023,84.7099,27.1985,0.19385,-0.04919,1.01562,-15.2901,-8.6565,-1.4427
680828067,1.54541,-1.41052,1.99994,-24.9618,42.7634,13.7710,0.19324,-0.03955,1.01758,-13.6489,-8.0992,-2.0840
680829067,1.66223,-1.99927,1.99994,-14.8015,6.1679,-0.4275,0.19153,-0.02954,1.01904,-12.2137,-7.5802,-2.6565
680830067,1.48267,-2.00000,1.99994,-24.9847,-26.6718,-10.0076,0.18958,-0.01953,1.02136,-11.0458,-7.0916,-3.1756
680831067,0.84863,-1.45337,1.99994,-34.2061,-55.5496,-17.6641,0.18677,-0.00916,1.02429,-10.1527,-6.6260,-3.6489
680832067,0.36145,-0.70715,1.66541,-21.0458,-67.6641,-26.0382,0.18323,0.00134,1.02686,-9.4962,-6.2061,-4.0840
680833067,0.40967,-0.45703,1.98010,-6.8321,-60.1374,-26.3893,0.17932,0.01123,1.02869,-9.0763,-5.8626,-4.4504
680834067,0.33679,-0.73755,1.99994,-25.9847,-53.9771,-10.4733,0.17566,0.02051,1.02942,-8.9084,-5.6031,-4.7405
680835067,0.20190,-1.09851,1.99994,-65.4427,-36.8244,10.2366,0.17261,0.02966,1.03088,-9.0076,-5.4198,-4.9847
680836065,0.55872,-1.28210,1.99994,-90.1603,-3.0992,21.7786,0.16907,0.03979,1.03357,-9.3588,-5.2748,-5.1985
680837065,0.74329,-1.37341,1.99994,-87.0763,7.6260,19.4275,0.16614,0.05017,1.03564,-9.9389,-5.1908,-5.3893
680838069,0.60620,-1.37732,1.70715,-52.1069,-16.0382,-0.1221,0.16284,0.05920,1.03687,-10.7099,-5.2137,-5.5115
680839068,0.81628,-1.35010,1.85901,-11.6260,-56.2672,-27.4580,0.15918,0.06641,1.03760,-11.6183,-5.3282,-5.5573
680840067,0.87012,-1.27783,1.96631,-5.5191,-105.8473,-45.6794,0.15625,0.07202,1.03784,-12.6718,-5.5115,-5.5344
680841067,0.40161,-1.03857,1.23083,-11.2672,-143.9924,-59.4580,0.15454,0.07666,1.03772,-13.8397,-5.7405,-5.5115
680842067,0.10278,-0.64343,0.75732,13.1069,-150.2824,-78.3206,0.15405,0.08105,1.03784,-15.1069,-6.0153,-5.4809
680843068,0.14990,-0.21509,0.85413,43.4504,-135.6794,-91.4504,0.15222,0.08594,1.03894,-16.4656,-6.3359,-5.3817
680844068,-0.20422,0.17371,0.27649,33.9618,-119.2137,-85.8626,0.14929,0.09021,1.04028,-17.8702,-6.7481,-5.2061
680845067,-0.75586,0.40320,-0.88147,3.3206,-92.1450,-69.2061,0.14734,0.09290,1.04126,-19.3206,-7.2137,-4.9924
680846068,-0.77246,0.58337,-1.06067,-4.6718,-53.5725,-58.3817,0.14551,0.09521,1.04138,-20.8321,-7.7099,-4.7634
680847067,-0.47888,0.77905,-0.58423,5.0076,-26.9771,-53.2977,0.14380,0.09778,1.04028,-22.3588,-8.2519,-4.5038
680848067,-0.26233,0.77063,-0.48267,6.6718,-13.9771,-46.9160,0.14246,0.10059,1.03906,-23.9008,-8.8473,-4.1985
680849067,-0.22168,0.62781,-0.58398,-1.0840,-13.5191,-39.2061,0.14124,0.10364,1.03882,-25.5038,-9.4656,-3.8092
680850067,-0.08386,0.41797,-0.39502,-4.0534,-20.2672,-35.2595,0.14038,0.10706,1.03931,-27.1450,-10.0992,-3.3511
680851067,0.21619,0.26782,0.50891,-0.0992,-25.1145,-37.1908,0.14026,0.11121,1.03894,-28.8092,-10.7481,-2.8168
680852067,0.45056,0.37476,1.44019,4.9618,-26.5649,-41.2901,0.14014,0.11658,1.03845,-30.5038,-11.4122,-2.2366
680853067,0.56604,0.68286,1.55798,4.9466,-24.5725,-42.0229,0.13867,0.12329,1.03809,-32.2366,-12.0687,-1.6107
680854068,0.48511,0.90869,1.14673,-1.8779,-24.2443,-38.2519,0.13647,0.13110,1.03809,-34.0687,-12.7557,-0.9389
680855067,0.38586,0.79187,0.84363,-4.9542,-27.7176,-35.7710,0.13367,0.15076,1.03796,-38.1603,-14.2366,0.5496
680856067,0.38745,0.42224,0.73596,2.9695,-35.2595,-37.8397,0.13379,0.16199,1.03760,-40.4046,-15.0153,1.4046
680857068,0.28284,0.19495,0.51758,16.5115,-48.5954,-42.8855,0.13342,0.17468,1.03687,-42.8473,-15.8168,2.2748
680858067,0.10645,0.38599,0.36414,27.7176,-59.3130,-46.8244,0.13391,0.18958,1.03491,-45.5267,-16.6412,3.1450
680859068,0.11499,0.63245,0.53833,31.1603,-56.9847,-43.8702,0.13477,0.20642,1.03406,-48.4504,-17.4809,4.0992
680860068,0.15918,0.60974,0.70715,25.2443,-45.8702,-33.9924,0.13489,0.22412,1.03406,-51.6336,-18.3206,5.1298
680861068,0.06873,0.38123,0.61462,18.5573,-32.6031,-23.3588,0.13477,0.24255,1.03369,-55.1603,-19.1679,6.2214
680862067,0.01965,0.09607,0.42285,18.7023,-20.4198,-17.4351,0.13428,0.26245,1.03271,-59.0687,-20.0534,7.3511
680863067,0.04663,0.00098,0.26501,17.6260,-13.1145,-16.0916,0.13440,0.28320,1.03076,-63.4046,-20.9771,8.5267
680864068,0.08459,0.16113,0.25232,8.0076,-11.4122,-16.0687,0.13562,0.30505,1.02832,-68.2061,-21.9542,9.7557
680865067,0.15076,0.38623,0.48315,-0.7023,-14.7176,-16.8855,0.13745,0.32776,1.02466,-73.4885,-23.0153,11.0534
680866067,0.25244,0.49438,0.79565,0.7252,-20.9771,-19.5954,0.13855,0.35083,1.02051,-79.2977,-24.1527,12.4427
680867067,0.28308,0.48340,0.93750,7.0229,-26.3817,-23.0534,0.13794,0.37451,1.01562,-85.6336,-25.3588,13.8931
680868068,0.22241,0.35645,0.87671,12.0076,-27.5115,-25.1985,0.13660,0.39783,1.01013,-92.5191,-26.5878,15.4046
680869067,0.19629,0.21570,0.77063,15.9389,-24.7328,-25.9847,0.13660,0.42114,1.00476,-99.9847,-27.9084,16.9847
680870068,0.19507,0.23450,0.68677,18.9771,-22.3664,-25.0382,0.13745,0.44568,1.00061,-108.0763,-29.3435,18.6641
680871067,0.16138,0.39856,0.58240,20.7405,-21.8015,-21.8015,0.13757,0.47266,0.99719,-116.8244,-30.8626,20.3969
680872068,0.15967,0.57214,0.52551,20.5878,-20.6794,-16.1679,0.13660,0.50049,0.99341,-126.2061,-32.4580,22.1985
680873067,0.19763,0.63379,0.58533,16.1145,-18.7863,-8.0382,0.13525,0.52795,0.98975,-136.2366,-34.1221,24.0458
680874067,0.21094,0.59521,0.71594,8.0840,-16.4885,0.8397,0.13403,0.55591,0.98621,-146.9237,-35.8626,25.9695
680875068,0.20422,0.47388,0.82251,1.2672,-13.3664,7.6412,0.13196,0.58289,0.98218,-158.2977,-37.7176,28.0153
680876068,0.19116,0.30444,0.87231,-0.4580,-9.3817,10.0611,0.12866,0.60754,0.97888,-170.3359,-39.6794,30.1374
680877067,0.16675,0.19922,0.88867,3.2061,-6.5420,7.9618,0.12439,0.63196,0.97729,-183.1069,-41.7252,32.2901
680878067,0.15771,0.15845,0.87891,9.7557,-6.6947,3.7786,0.11926,0.65686,0.97693,-196.5954,-43.8779,34.4809
680879068,0.17188,0.12292,0.86621,16.1450,-9.8168,-0.4122,0.11328,0.68152,0.97717,-210.7405,-46.1527,36.7786
680880067,0.18542,0.09119,0.86438,21.0229,-14.6870,-3.7863,0.10657,0.70618,0.97693,-225.5496,-48.5496,39.1603
680881068,0.24036,-0.04468,0.84790,24.6641,-19.3359,-4.8855,0.09888,0.73047,0.97693,-241.0534,-51.0534,41.6412
680882068,0.23523,-0.71313,0.51392,24.8321,-24.5420,-0.7557,0.08923,0.75537,0.97705,-250.1374,-53.6794,44.1985
680883067,-0.31824,-2.00000,-0.32080,14.1832,-35.3053,7.3740,0.07861,0.78247,0.97791,-250.1374,-56.4733,46.8168
680884068,-1.10425,-2.00000,-1.33606,-15.6641,-37.3893,12.0458,0.06873,0.80835,0.97937,-250.1374,-59.4504,49.5267
680885068,-1.33496,-1.76917,-1.71924,-74.8168,-9.5878,14.9466,0.05994,0.83203,0.98132,-250.1374,-62.5802,52.3664
680886067,-1.06360,0.78357,-1.21143,-161.6412,33.6183,40.8626,0.05212,0.85559,0.98254,-250.1374,-65.8626,55.3206
680887068,-0.75659,1.99097,-1.10034,-228.2519,63.6031,80.3053,0.04443,0.87964,0.98242,-250.1374,-69.3511,58.3740
680888068,-0.92615,1.34375,-1.33533,-230.3588,82.7176,107.4809,0.03577,0.90527,0.98193,-250.1374,-73.0763,61.5496
680889068,-1.21631,-0.60864,-1.10950,-195.6107,100.8855,117.5573,0.02625,0.93054,0.98108,-250.1374,-76.9847,64.8626
680890068,-1.09229,-1.50586,-0.30676,-159.3817,132.9313,103.3511,0.01526,0.95398,0.97949,-250.1374,-81.1069,68.3130
680891068,-0.65503,0.00378,1.01331,-133.1527,172.1450,75.4580,0.00293,0.97632,0.97705,-250.1374,-85.5115,71.8855
680892068,0.30859,1.99994,1.99994,-115.6412,199.1145,60.6107,-0.01025,0.99829,0.97375,-250.1374,-90.2214,75.6260
680893067,1.11548,1.99994,1.99994,-85.6489,188.9466,61.1450,-0.02502,1.01953,0.96948,-250.1374,-95.2137,79.4962
680894067,1.18420,0.91870,1.99994,-31.0153,138.4504,60.6183,-0.04175,1.03931,0.96411,-250.1374,-100.5344,83.4885
680895067,1.24805,-2.00000,1.99994,37.8626,82.6489,43.9618,-0.05994,1.05762,0.95691,-250.1374,-106.2443,87.5725
680896068,1.01575,-2.00000,1.99994,70.7710,22.7863,22.8397,-0.07983,1.07483,0.94849,-250.1374,-112.3206,91.8092
680897068,-0.43628,-2.00000,0.29114,15.6565,-34.9084,15.1069,-0.10083,1.09033,0.93738,-250.1374,-118.7634,96.1603
680898068,-1.40405,-2.00000,-1.09888,-96.5038,-33.1069,14.0992,-0.12292,1.10474,0.92371,-250.1374,-125.6565,100.6260
680899067,-0.60840,-0.82019,-0.14001,-203.8092,40.1145,29.8168,-0.14734,1.11963,0.90955,-250.1374,-133.0076,105.1908
680900067,-0.41479,1.99994,0.37964,-250.1374,78.5802,80.0000,-0.17419,1.13440,0.89355,-250.1374,-140.8702,109.8473
680901068,-1.32373,1.98535,-1.74939,-250.1374,68.6412,143.4275,-0.20471,1.15100,0.87671,-250.1374,-149.2901,114.5954
680902068,-1.81958,-0.57788,-2.00000,-250.1374,107.0382,176.1985,-0.24109,1.17700,0.85254,-250.1374,-158.4427,119.3130
680903068,-1.57446,-2.00000,-2.00000,-250.1374,165.5802,178.4656,-0.27783,1.20312,0.81519,-250.1374,-168.3359,123.9924
680904067,-2.00000,-1.98840,-2.00000,-250.1374,191.9771,158.8931,-0.31311,1.22522,0.78015,-250.1374,-178.5573,128.5649
680905068,-2.00000,0.19629,-2.00000,-250.1374,227.9847,140.5420,-0.34827,1.25146,0.75220,-250.1374,-189.2290,133.0611
680906068,-1.31238,1.99994,-2.00000,-250.1374,250.1298,152.5725,-0.38306,1.28455,0.72034,-250.1374,-200.6565,137.5191
680907068,-1.41003,1.99994,-1.80542,-250.1374,250.1298,192.6718,-0.41992,1.32532,0.67749,-250.1374,-212.9008,141.9160
680908068,-2.00000,1.99994,-2.00000,-250.1374,250.1298,211.4809,-0.45605,1.36487,0.62573,-250.1374,-225.9008,146.1527
680909068,-2.00000,1.99994,-2.00000,-250.1374,250.1298,194.9542,-0.48987,1.39429,0.56982,-250.1374,-239.6031,150.2443
680910068,-0.95520,1.99994,1.27905,-250.1374,250.1298,199.1985,-0.52454,1.41345,0.50525,-250.1374,-250.1374,154.2519
680911068,0.23889,1.99994,1.99994,-250.1374,250.1298,244.8702,-0.56201,1.42310,0.43262,-250.1374,-250.1374,158.1985
680912068,1.04187,1.99994,1.99994,-250.1374,250.1298,250.1298,-0.60095,1.42310,0.35559,-250.1374,-250.1374,162.0992
680913067,1.47546,-0.30383,1.99994,-250.1374,250.1298,250.1298,-0.64014,1.41370,0.27490,-250.1374,-250.1374,165.9313
680914065,1.99994,-2.00000,1.99994,-250.1374,250.1298,250.1298,-0.68066,1.39709,0.19165,-250.1374,-250.1374,169.7557
680915069,1.99994,-2.00000,1.99994,-250.1374,250.1298,250.1298,-0.72351,1.37378,0.10425,-250.1374,-250.1374,173.7023
680916067,1.99994,-2.00000,1.99994,-203.2137,196.9084,233.0076,-0.76819,1.34167,0.01440,-250.1374,-250.1374,177.8168
680917067,1.83081,-2.00000,1.99994,-240.7481,-18.2366,213.8321,-0.81348,1.30066,-0.07812,-250.1374,-250.1374,182.0305
680918067,-1.14270,-2.00000,-0.19263,-250.1374,-150.0992,216.2595,-0.85828,1.25073,-0.17590,-250.1374,-250.1374,186.2977
680919068,-2.00000,-2.00000,-1.16223,-250.1374,-139.5115,250.1298,-0.90198,1.18994,-0.27625,-250.1374,-250.1374,190.6718
680920068,-2.00000,-0.64954,0.82898,-250.1374,168.3053,250.1298,-0.94409,1.12292,-0.37793,-250.1374,-250.1374,195.0458
680921068,-2.00000,-1.05066,-1.54077,-250.1374,250.1298,250.1298,-0.98486,1.05591,-0.48413,-250.1374,-250.1374,199.3359
680922067,-2.00000,0.55872,-2.00000,-250.1374,250.1298,250.1298,-1.02478,0.98901,-0.59827,-250.1374,-250.1374,203.5420
680923068,-2.00000,1.99994,-2.00000,-250.1374,250.1298,250.1298,-1.06274,0.92029,-0.71753,-250.1374,-250.1374,207.6794
680924068,-2.00000,1.99994,-2.00000,-250.1374,250.1298,250.1298,-1.09766,0.84973,-0.83740,-250.1374,-250.1374,211.4962
680925068,-2.00000,-1.31189,-2.00000,-250.1374,250.1298,250.1298,-1.13000,0.78296,-0.96033,-250.1374,-250.1374,214.8626
680926068,-2.00000,-2.00000,-2.00000,-250.1374,250.1298,250.1298,-1.15845,0.72131,-1.08862,-250.1374,-250.1374,217.6947
680927068,-2.00000,-2.00000,-1.47681,-250.1374,250.1298,250.1298,-1.18250,0.66296,-1.22314,-250.1374,-250.1374,220.0076
680928067,-2.00000,-2.00000,-0.40015,-250.1374,250.1298,250.1298,-1.20190,0.60559,-1.36377,-250.1374,-250.1374,221.8779
680929068,-2.00000,1.29321,1.99994,-250.1374,250.1298,250.1298,-1.21448,0.54773,-1.51160,-250.1374,-250.1374,223.2901
680930068,-1.21423,1.99994,1.99994,-250.1374,250.1298,250.1298,-1.21851,0.48718,-1.66479,-250.1374,-250.1374,224.2061
680931068,1.12512,1.99994,1.99994,-250.1374,250.1298,250.1298,-1.21277,0.42236,-1.82104,-250.1374,-250.1374,224.5802
680932068,0.43042,0.43591,1.99994,-250.1374,250.1298,250.1298,-1.19812,0.35022,-1.98279,-250.1374,-250.1374,224.3282
680933067,1.87341,-2.00000,1.99994,-250.1374,250.1298,250.1298,-1.17627,0.27148,-2.00000,-250.1374,-250.1374,223.4198
680934067,1.99994,-2.00000,1.99994,-250.1374,250.1298,250.1298,-1.14709,0.18665,-2.00000,-250.1374,-250.1374,222.0153
680935068,1.99994,-2.00000,1.99994,-250.1374,250.1298,250.1298,-1.11035,0.09338,-2.00000,-250.1374,-250.1374,220.1985
680936068,1.99994,-2.00000,1.99994,-250.1374,85.0534,250.1298,-1.06506,-0.00574,-2.00000,-250.1374,-250.1374,217.9389
680937067,1.59082,-2.00000,1.99994,-250.1374,-139.3511,250.1298,-1.01013,-0.10889,-2.00000,-250.1374,-250.1374,215.2748
680938068,0.15503,-1.56738,1.08093,-250.1374,-250.1374,250.1298,-0.94531,-0.21606,-2.00000,-250.1374,-250.1374,212.2061
680939068,-2.00000,-2.00000,-1.98755,-250.1374,-250.1374,250.1298,-0.87183,-0.32092,-2.00000,-250.1374,-250.1374,208.6565
680940068,-2.00000,-2.00000,-2.00000,-250.1374,-250.1374,250.1298,-0.79175,-0.42188,-2.00000,-250.1374,-250.1374,204.7481
680941068,-2.00000,-2.00000,-2.00000,-250.1374,8.4962,250.1298,-0.70605,-0.52856,-2.00000,-250.1374,-250.1374,200.6641
680942064,-2.00000,-2.00000,-2.00000,-250.1374,250.1298,250.1298,-0.61548,-0.63318,-2.00000,-250.1374,-250.1374,196.1908
680943069,-2.00000,1.46094,-2.00000,-250.1374,250.1298,250.1298,-0.52136,-0.73035,-2.00000,-250.1374,-250.1374,191.3435
680944068,-2.00000,1.09351,-2.00000,-250.1374,250.1298,250.1298,-0.42395,-0.83032,-2.00000,-250.1374,-250.1374,186.2977
680945068,-2.00000,-1.41370,-2.00000,-250.1374,250.1298,250.1298,-0.32520,-0.93188,-2.00000,-250.1374,-250.1374,181.0916
680946067,-2.00000,-2.00000,0.88843,-250.1374,250.1298,250.1298,-0.22424,-1.03223,-2.00000,-250.1374,-250.1374,175.7176
680947068,-2.00000,-0.95422,1.99994,-250.1374,250.1298,250.1298,-0.11938,-1.13440,-2.00000,-250.1374,-250.1374,170.3435
680948067,-0.64294,-1.19226,1.99994,-250.1374,250.1298,250.1298,-0.01416,-1.23938,-2.00000,-250.1374,-250.1374,165.0992
680949067,1.99994,-2.00000,1.99994,-250.1374,250.1298,250.1298,0.09033,-1.34534,-2.00000,-250.1374,-250.1374,160.1679
680950067,1.99994,-2.00000,1.99994,-250.1374,250.1298,250.1298,0.19202,-1.45203,-2.00000,-250.1374,-250.1374,155.5954
680951067,1.99994,-2.00000,1.99994,-250.1374,250.1298,250.1298,0.29004,-1.56128,-2.00000,-250.1374,-250.1374,151.3359
680952068,1.99994,-2.00000,1.99994,-250.1374,250.1298,250.1298,0.38232,-1.67004,-2.00000,-250.1374,-250.1374,147.3282
680953067,1.19910,-2.00000,1.99994,-250.1374,61.2519,205.6412,0.46643,-1.77209,-2.00000,-250.1374,-250.1374,143.6336
680954067,-2.00000,-2.00000,1.99994,-250.1374,-39.0534,195.9008,0.60608,-1.95312,-2.00000,-250.1374,-250.1374,137.3969
680955067,-2.00000,-2.00000,1.99994,-250.1374,101.1450,216.5420,0.66113,-2.00000,-2.00000,-250.1374,-250.1374,134.8015
680956068,-1.02539,-2.00000,1.99994,-250.1374,250.1298,250.1298,0.70569,-2.00000,-2.00000,-250.1374,-250.1374,132.4580
680957068,-2.00000,-0.54236,1.99994,-250.1374,250.1298,250.1298,0.74097,-2.00000,-2.00000,-250.1374,-250.1374,130.4580
680958068,-2.00000,-1.25146,-2.00000,-250.1374,250.1298,250.1298,0.76904,-2.00000,-2.00000,-250.1374,-250.1374,128.5878
680959068,-2.00000,-2.00000,-1.75732,-250.1374,250.1298,250.1298,0.78992,-2.00000,-2.00000,-250.1374,-250.1374,126.6489
680960068,-2.00000,-2.00000,1.99994,-250.1374,250.1298,250.1298,0.80371,-2.00000,-2.00000,-250.1374,-250.1374,124.5573
680961068,-2.00000,-1.08557,1.99994,-250.1374,250.1298,250.1298,0.81274,-2.00000,-2.00000,-250.1374,-250.1374,122.3588
680962064,0.98450,1.99994,1.99994,-250.1374,250.1298,250.1298,0.81860,-2.00000,-2.00000,-250.1374,-250.1374,120.0687
680963065,1.99994,1.99994,1.99994,-250.1374,250.1298,250.1298,0.82141,-2.00000,-2.00000,-250.1374,-250.1374,117.6489
680964065,1.99994,1.99994,1.99994,-250.1374,250.1298,250.1298,0.82104,-2.00000,-2.00000,-250.1374,-250.1374,115.0076
680965069,1.99994,-1.50110,1.99994,-250.1374,250.1298,250.1298,0.81799,-2.00000,-2.00000,-250.1374,-250.1374,112.0305
680966064,1.99994,-2.00000,1.99994,-250.1374,250.1298,250.1298,0.81543,-2.00000,-2.00000,-250.1374,-250.1374,108.6260
680967065,1.99994,-1.28809,1.99994,-250.1374,250.1298,250.1298,0.81506,-2.00000,-2.00000,-250.1374,-250.1374,104.8015
680968069,1.99994,0.59888,1.99994,-250.1374,210.5420,250.1298,0.81628,-2.00000,-2.00000,-250.1374,-250.1374,100.6183
680969068,1.45447,-1.32166,1.99994,-250.1374,113.0153,250.1298,0.82068,-2.00000,-2.00000,-250.1374,-250.1374,96.0382
680970068,-0.04602,-2.00000,1.38025,-250.1374,-4.1298,250.1298,0.82947,-2.00000,-2.00000,-250.1374,-250.1374,91.0305
680971068,-2.00000,-2.00000,-2.00000,-250.1374,-79.9313,250.1298,0.84229,-2.00000,-2.00000,-250.1374,-250.1374,85.6260
680972068,-2.00000,-2.00000,-2.00000,-250.1374,-53.2366,250.1298,0.85950,-2.00000,-2.00000,-250.1374,-250.1374,79.8473
680973068,-2.00000,-2.00000,-2.00000,-250.1374,49.0229,245.2214,0.88293,-2.00000,-2.00000,-250.1374,-250.1374,73.7405
680974067,-2.00000,-2.00000,-2.00000,-250.1374,199.0992,250.1298,0.91321,-2.00000,-2.00000,-250.1374,-250.1374,67.3053
680975067,-2.00000,-2.00000,-2.00000,-250.1374,250.1298,250.1298,0.94812,-2.00000,-2.00000,-250.1374,-250.1374,60.5802
680976068,-2.00000,-2.00000,-2.00000,-250.1374,250.1298,250.1298,0.98816,-2.00000,-2.00000,-250.1374,-250.1374,53.5725
680977067,-2.00000,-0.76697,-2.00000,-250.1374,250.1298,250.1298,1.03284,-2.00000,-2.00000,-250.1374,-250.1374,46.3206
680978067,-2.00000,1.99994,-2.00000,-250.1374,250.1298,250.1298,1.08093,-2.00000,-2.00000,-250.1374,-250.1374,38.8626
680979067,-2.00000,1.99994,-2.00000,-250.1374,250.1298,250.1298,1.13184,-2.00000,-2.00000,-250.1374,-250.1374,31.2366
680980067,-2.00000,1.99994,-2.00000,-250.1374,250.1298,250.1298,1.18201,-2.00000,-2.00000,-250.1374,-250.1374,23.4809
680981067,-2.00000,0.15649,-2.00000,-250.1374,250.1298,250.1298,1.22925,-2.00000,-2.00000,-250.1374,-250.1374,15.6794
680982068,-2.00000,-2.00000,1.04102,-250.1374,250.1298,250.1298,1.27356,-2.00000,-1.97961,-250.1374,-250.1374,7.8779
680983068,-0.01013,-2.00000,1.99994,-250.1374,250.1298,250.1298,1.31470,-2.00000,-1.92102,-250.1374,-250.1374,0.1069
680984068,1.99994,-2.00000,1.99994,-250.1374,250.1298,250.1298,1.35059,-2.00000,-1.86292,-250.1374,-250.1374,-7.4809
680985068,1.99994,0.91028,1.99994,-250.1374,250.1298,250.1298,1.37976,-2.00000,-1.80591,-250.1374,-250.1374,-14.7557
680986068,1.99994,1.99994,1.99994,-250.1374,250.1298,250.1298,1.40149,-2.00000,-1.74878,-250.1374,-250.1374,-21.4046
680987068,1.99994,1.38196,1.99994,-250.1374,250.1298,250.1298,1.41418,-2.00000,-1.69287,-250.1374,-250.1374,-27.2672
680988068,1.99994,-0.03003,1.99994,-250.1374,250.1298,250.1298,1.41821,-2.00000,-1.63940,-250.1374,-250.1374,-32.7405
680989067,1.99994,0.56909,1.99994,-250.1374,250.1298,250.1298,1.41418,-2.00000,-1.58691,-250.1374,-250.1374,-38.4351
680990068,1.99994,1.99994,1.99994,-250.1374,250.1298,250.1298,1.40112,-2.00000,-1.53406,-250.1374,-237.3206,-44.2672
680991068,1.99994,1.99994,1.99994,-250.1374,250.1298,250.1298,1.37939,-2.00000,-1.48279,-250.1374,-211.4275,-50.0305
680992067,1.99994,1.99994,1.99994,-250.1374,250.1298,250.1298,1.35022,-2.00000,-1.43640,-250.1374,-185.4733,-55.6870
680993068,0.80261,1.99994,1.99994,-250.1374,250.1298,250.1298,1.31409,-2.00000,-1.39368,-250.1374,-159.4580,-60.9542
680994068,-0.97754,1.99994,0.95398,-250.1374,250.1298,250.1298,1.27100,-2.00000,-1.35315,-250.1374,-133.4580,-65.3282
680995067,-2.00000,1.99994,-1.71265,-250.1374,250.1298,250.1298,1.22168,-1.97351,-1.31677,-250.1374,-107.6412,-68.5954
680996067,-2.00000,0.65723,-2.00000,-250.1374,250.1298,250.1298,1.16638,-1.88281,-1.28491,-250.1374,-82.0687,-70.8244
680997067,-2.00000,0.44543,-2.00000,-250.1374,250.1298,250.1298,1.10620,-1.78979,-1.25623,-250.1374,-56.7405,-72.0229
680998067,-2.00000,1.49121,-2.00000,-250.1374,250.1298,250.1298,1.04102,-1.69604,-1.23193,-222.0763,-31.7939,-72.2443
680999067,-2.00000,1.99994,-1.38770,-250.1374,250.1298,250.1298,0.97131,-1.59998,-1.21252,-166.8626,-7.3359,-71.5649
681000067,-2.00000,1.99994,0.98132,-250.1374,250.1298,250.1298,0.89917,-1.49878,-1.19739,-113.7099,16.5267,-70.1374
681001067,-1.87280,1.99994,1.99994,-250.1374,250.1298,250.1298,0.82288,-1.39148,-1.18555,-62.9008,39.5802,-67.9618
681002067,-0.90833,0.19629,1.99994,-250.1374,250.1298,250.1298,0.74353,-1.27649,-1.17700,-14.7634,61.7023,-65.0687
681003067,1.08215,-1.27576,1.99994,-250.1374,250.1298,250.1298,0.66321,-1.15283,-1.17163,30.4809,82.8855,-61.4427
681004067,1.99994,-0.76318,1.99994,-250.1374,250.1298,250.1298,0.58264,-1.02283,-1.16699,72.5725,103.0382,-57.0534
681005064,1.99994,-2.00000,1.99994,-250.1374,250.1298,250.1298,0.50281,-0.89026,-1.16150,111.2366,121.9618,-51.8168
681006065,1.99994,-2.00000,1.99994,-250.1374,250.1298,250.1298,0.42310,-0.76099,-1.15576,146.2443,139.4885,-45.8168
681007069,1.99994,-2.00000,1.99994,-250.1374,250.1298,203.0076,0.34412,-0.65112,-1.15027,177.3664,155.5496,-39.5191
681008068,1.99994,-2.00000,1.99994,-250.1374,250.1298,109.3206,0.26282,-0.52271,-1.14856,204.0916,170.0992,-34.7634
681009067,1.99994,1.91699,1.99994,-250.1374,212.0305,85.3588,0.17896,-0.35144,-1.14746,226.2366,183.1832,-31.5267
681010067,1.99994,1.99994,1.99994,-250.1374,95.0534,133.4275,0.10120,-0.19226,-1.14258,244.2901,194.7328,-26.9160
681011067,1.25769,-0.23804,1.99994,-250.1374,5.1527,189.7939,0.03088,-0.06946,-1.13220,250.1298,204.6412,-20.2519
681012068,1.09424,-2.00000,1.99994,-250.1374,-38.3130,226.0992,-0.03418,0.02734,-1.11609,250.1298,212.8779,-12.5344
681013068,1.11731,-2.00000,1.99994,-250.1374,-48.4275,222.4122,-0.09692,0.11707,-1.09790,250.1298,219.5267,-4.6489
681014068,1.29846,1.32312,1.99994,-250.1374,1.9389,171.8550,-0.15625,0.20215,-1.07422,250.1298,224.6565,3.4580
681015068,1.99994,1.99994,1.99994,-96.2977,66.0229,152.3969,-0.20996,0.27185,-1.04492,250.1298,228.2672,12.0687
681016067,1.63367,1.99994,1.78809,-15.4122,41.5573,183.1221,-0.25879,0.33240,-1.01294,250.1298,230.4046,21.2519
681017068,1.22095,1.57190,1.99994,68.7328,-47.6489,171.7176,-0.30054,0.37378,-0.97693,250.1298,231.1756,31.1679
681018067,0.61768,-2.00000,1.99994,197.0687,-219.6260,109.5725,-0.33643,0.38977,-0.93933,250.1298,230.6794,41.5344
681019068,-2.00000,-2.00000,-0.53284,250.1298,-250.1374,34.3511,-0.36768,0.39612,-0.89978,245.9466,228.9160,51.8855
681020068,-2.00000,-2.00000,-2.00000,250.1298,-250.1374,-37.1985,-0.39282,0.39453,-0.85913,232.0840,225.9084,62.1756
681021067,-2.00000,-2.00000,-2.00000,250.1298,-250.1374,-29.2137,-0.41284,0.38196,-0.81982,216.3664,221.7405,72.4351
681022068,-2.00000,-2.00000,-2.00000,250.1298,-250.1374,67.5191,-0.42920,0.36255,-0.77954,199.0840,216.5038,82.5573
681023067,-2.00000,-2.00000,-2.00000,106.6870,-250.1374,153.0611,-0.44128,0.33716,-0.74194,180.4733,210.2366,92.4351
681024068,-2.00000,-0.89160,-2.00000,75.3893,-29.3511,167.1145,-0.44861,0.30554,-0.70886,160.8473,202.9313,102.0534
681025068,-2.00000,1.99994,-1.85779,158.2214,167.7023,187.0229,-0.45093,0.26843,-0.67700,140.4046,194.6412,111.2977
681026068,-2.00000,1.99994,-1.89575,250.1298,250.1298,247.4885,-0.45007,0.22595,-0.65015,119.4122,185.4656,119.9542
681027068,-0.60889,-1.70435,-0.07056,250.1298,250.1298,238.9542,-0.44702,0.17993,-0.63025,98.1527,175.4427,127.9008
681028067,1.48352,-2.00000,1.99994,250.1298,250.1298,160.5267,-0.44019,0.13293,-0.61560,76.8244,164.6031,135.0153
681029067,1.99994,-2.00000,1.99994,250.1298,135.5344,63.9389,-0.43079,0.08643,-0.60742,55.6336,153.0076,141.2137
681030067,1.01953,-2.00000,1.99994,250.1298,-219.2366,-25.6947,-0.42004,0.04199,-0.60413,34.8321,140.7786,146.4275
681031068,-1.29700,-0.96509,0.76404,250.1298,-250.1374,-60.1908,-0.40723,-0.00024,-0.60547,14.6107,127.8855,150.5267
681032068,-0.68567,-2.00000,1.56616,250.1298,-250.1374,-46.8626,-0.39087,-0.03967,-0.61389,-4.9084,114.2977,153.4351
681033068,-0.49609,-2.00000,0.89136,250.1298,-250.1374,-49.2672,-0.36926,-0.07666,-0.62793,-23.5878,100.1221,155.0763
681034068,-2.00000,-2.00000,-0.80127,250.1298,-250.1374,-26.0000,-0.34314,-0.11206,-0.64600,-41.2519,85.5420,155.4427
681035068,-2.00000,-2.00000,-1.29504,250.1298,-250.1374,62.5725,-0.31250,-0.14636,-0.66711,-57.7481,70.6718,154.4580
681036067,-2.00000,-2.00000,-0.78821,250.1298,-65.3893,161.0153,-0.27747,-0.17957,-0.69043,-72.9618,55.6183,152.1069
681037068,-2.00000,-2.00000,-0.87244,178.7710,40.3664,233.6260,-0.23926,-0.21057,-0.71460,-86.8092,40.5038,148.3588
681038068,-2.00000,-2.00000,-0.72095,138.8015,78.2595,250.1298,-0.19763,-0.23950,-0.73938,-99.2748,25.4046,143.2214
681039068,-2.00000,-2.00000,0.52319,143.2061,116.9847,250.1298,-0.15283,-0.26587,-0.76501,-110.3588,10.4275,136.7328
681040067,-0.33240,-2.00000,1.59033,137.0153,107.1908,250.1298,-0.10547,-0.28979,-0.78992,-120.0687,-4.2824,128.9237
681041068,0.61206,-2.00000,1.99994,187.8702,19.2977,198.5573,-0.05688,-0.31323,-0.81348,-128.4122,-18.6183,119.8626
681042068,1.52002,-2.00000,1.99994,250.1298,-113.2748,93.1679,-0.00806,-0.33667,-0.83606,-135.4427,-32.4809,109.6718
681043068,1.99994,-2.00000,1.99994,250.1298,-242.6947,-10.5115,0.04138,-0.35913,-0.85706,-141.2290,-45.7786,98.4580
681044068,1.24451,-2.00000,1.99994,250.1298,-250.1374,-82.3969,0.09106,-0.37976,-0.87573,-145.8855,-58.4275,86.3664
681045067,-0.18848,-2.00000,1.99994,250.1298,-250.1374,-138.4427,0.13916,-0.39819,-0.89221,-149.5191,-70.3282,73.5649
681046067,-1.16504,-2.00000,1.35620,250.1298,-250.1374,-175.3969,0.18555,-0.41577,-0.90601,-152.2595,-81.4580,60.2137
681047068,-2.00000,-2.00000,-1.13098,250.1298,-250.1374,-155.3511,0.22937,-0.43298,-0.91895,-154.1985,-91.7176,46.5115
681048068,-2.00000,0.07458,-2.00000,250.1298,-250.1374,-72.0382,0.26953,-0.44958,-0.93079,-155.3817,-101.0534,32.6260
681049068,-2.00000,1.99994,-2.00000,167.6412,-250.1374,41.2290,0.30554,-0.46460,-0.94031,-155.8931,-109.4351,18.7710
681050068,-2.00000,1.61353,-2.00000,14.8168,-105.1069,148.4122,0.33704,-0.47803,-0.94775,-155.8473,-116.8168,5.1527
681051068,-2.00000,-1.44446,-1.17712,-85.2824,15.8015,246.6947,0.36292,-0.48938,-0.95349,-155.3511,-123.1908,-8.1450
681052067,-2.00000,-2.00000,-1.82520,-174.0687,72.8168,250.1298,0.38281,-0.49890,-0.95825,-154.4580,-128.5649,-20.9771
681053067,-2.00000,0.28125,-2.00000,-227.6870,173.3893,250.1298,0.39661,-0.50537,-0.96301,-153.2366,-132.9160,-33.2137
681054068,0.77917,1.99994,1.99994,-212.0153,250.1298,250.1298,0.40784,-0.51331,-0.97156,-149.9771,-138.7710,-55.4198
681055067,1.99994,1.99994,1.99994,-94.8702,250.1298,250.1298,0.40552,-0.51648,-0.97583,-147.9771,-140.3282,-65.2901
681056068,1.99994,0.36243,1.99994,125.1679,250.1298,250.1298,0.39917,-0.51904,-0.98010,-145.7023,-141.0458,-74.2290
681057068,1.99994,-1.50916,1.99994,250.1298,121.3282,144.5725,0.39050,-0.52258,-0.98401,-143.0992,-140.9313,-82.1145
681058068,1.99994,-2.00000,1.99994,250.1298,-77.9618,37.9771,0.37903,-0.52649,-0.98779,-140.1908,-140.0382,-88.9618
681059067,1.99994,-2.00000,1.99994,250.1298,-171.5420,-25.2748,0.36499,-0.53162,-0.99170,-136.9084,-138.3969,-94.7634
681060067,1.99994,-2.00000,1.99994,250.1298,-233.6641,-47.7557,0.34827,-0.53906,-0.99561,-133.1985,-136.0687,-99.5191
681061065,1.99994,-2.00000,1.99994,250.1298,-250.1374,-48.7176,0.32959,-0.54688,-0.99866,-129.0687,-133.0611,-103.2290
681062069,0.32336,-2.00000,0.68311,231.0305,-250.1374,-34.2061,0.30981,-0.55444,-1.00000,-124.4885,-129.4656,-105.8473
681063068,-1.47693,-2.00000,-1.24951,41.4351,-250.1374,-6.6183,0.29016,-0.56238,-0.99902,-119.4351,-125.3664,-107.4351
681064067,-0.60510,-0.34229,1.30115,-88.8168,-250.1374,53.1603,0.27136,-0.57056,-0.99768,-113.8931,-120.7634,-108.0153
681065067,1.01184,-0.25671,1.99994,-218.5802,-234.5496,168.9924,0.25293,-0.57764,-0.99670,-107.8931,-115.6947,-107.7099
681066067,-0.94507,-2.00000,1.99994,-250.1374,-250.1374,250.1298,0.23499,-0.58167,-0.99548,-101.4504,-110.1985,-106.6412
681067068,-2.00000,-2.00000,1.99994,-250.1374,-250.1374,249.6031,0.21777,-0.58289,-0.99426,-94.5954,-104.2901,-104.8702
681068068,-1.74280,-2.00000,1.99994,-250.1374,-222.3435,128.8015,0.20117,-0.57983,-0.99329,-87.4046,-98.0687,-102.4580
681069068,-1.77124,-2.00000,0.96069,-250.1374,-221.1603,5.0076,0.18457,-0.56995,-0.99280,-79.9695,-91.6336,-99.4504
681070067,-2.00000,-2.00000,-1.83398,-250.1374,-250.1374,-98.3282,0.16821,-0.55371,-0.99316,-72.3359,-85.0382,-95.9695
681071067,-1.84644,-2.00000,-1.07874,-23.7328,-250.1374,-213.9924,0.15259,-0.53259,-0.99402,-64.5649,-78.3359,-92.0763
681072068,-0.92383,-2.00000,0.06323,189.7863,-250.1374,-250.1374,0.13770,-0.50684,-0.99561,-56.7863,-71.6031,-87.9008
681073068,-2.00000,-2.00000,-2.00000,206.3588,-250.1374,-250.1374,0.12280,-0.47559,-0.99731,-49.1298,-64.9313,-83.5573
681074068,-2.00000,-2.00000,-2.00000,101.4122,-250.1374,-250.1374,0.10681,-0.43921,-1.00000,-41.6336,-58.3817,-79.1069
681075064,-2.00000,-2.00000,-2.00000,22.4046,-250.1374,-250.1374,0.08948,-0.39929,-1.00488,-34.3969,-52.0153,-74.5802
681076065,-2.00000,-1.84351,-2.00000,-44.0458,-250.1374,-250.1374,0.07263,-0.35620,-1.00952,-27.4809,-45.8855,-70.0000
681077069,-2.00000,-0.83984,-2.00000,-124.4046,-250.1374,-250.1374,0.05701,-0.31079,-1.01550,-20.9389,-40.0382,-65.3435
681078064,-2.00000,-0.44409,-2.00000,-167.4122,-250.1374,-250.1374,0.04260,-0.26306,-1.02405,-14.8321,-34.5420,-60.6107
681079065,-2.00000,-0.24915,-2.00000,-191.7176,-250.1374,-250.1374,0.02893,-0.21753,-1.02832,-9.1221,-29.3511,-55.7710
681080065,-2.00000,0.01184,-2.00000,-250.1374,-177.1527,-250.1374,0.01672,-0.17554,-1.02832,-3.9389,-24.5725,-50.9466
681081069,-2.00000,1.99994,-2.00000,-250.1374,-127.0534,-250.1374,0.00598,-0.13440,-1.02905,0.5115,-20.2748,-46.3588
681082068,-2.00000,1.99994,-2.00000,-250.1374,-116.5267,-250.1374,-0.00305,-0.09668,-1.03015,4.3511,-16.3969,-41.9542
681083068,-1.54956,1.99994,-2.00000,-163.6107,-123.8550,-250.1374,-0.00928,-0.06311,-1.03149,7.6947,-12.8702,-37.6260
681084068,-0.41809,1.99994,-2.00000,-100.3435,-149.1527,-250.1374,-0.01392,-0.03369,-1.03198,10.5420,-9.7023,-33.3206
681085068,-0.37085,1.99994,-2.00000,-87.4504,-177.3893,-250.1374,-0.01746,-0.01050,-1.03101,12.9160,-6.9618,-29.0534
681086068,-0.24902,1.99994,-2.00000,-49.0611,-190.9313,-250.1374,-0.01929,0.00562,-1.03027,14.8626,-4.5954,-24.8092
681087067,-0.22949,1.99994,-2.00000,-0.5344,-198.9237,-250.1374,-0.01917,0.01477,-1.02820,16.3969,-2.5420,-20.6260
681088067,-0.60486,1.99994,-2.00000,-4.7176,-207.6412,-250.1374,-0.01880,0.01709,-1.02344,17.5420,-0.7786,-16.5038
681089067,-0.53564,1.99994,-2.00000,-41.6412,-199.2901,-250.1374,-0.01709,0.01404,-1.01624,18.3511,0.7328,-12.4504
681090065,-0.21008,1.99994,-2.00000,-61.9771,-179.2977,-250.1374,-0.01270,0.00696,-1.00671,18.9237,2.0382,-8.4733
681091069,-0.26721,1.99994,-2.00000,-83.5573,-182.3740,-250.1374,-0.00647,-0.00305,-0.99670,19.2901,3.1756,-4.6183
681092068,-0.47229,1.99994,-2.00000,-123.6718,-194.6107,-219.1985,0.00061,-0.01636,-0.98682,19.5038,4.1756,-0.9084
681093068,-0.75659,1.99994,-2.00000,-132.1145,-198.5344,-203.6031,0.00781,-0.03247,-0.97754,19.6260,5.0305,2.6794
681094067,-0.93481,1.99994,-2.00000,-70.6107,-189.6412,-201.4504,0.01501,-0.04968,-0.97034,19.7023,5.7710,6.0840
681095067,-0.53015,1.99994,-2.00000,17.5038,-175.0305,-200.3969,0.02295,-0.06787,-0.96301,19.8092,6.4656,9.2977
681096067,-0.27087,1.99994,-2.00000,79.2443,-163.6260,-199.6870,0.03088,-0.08630,-0.95483,19.9542,7.1450,12.2595
681097067,-0.92700,1.99994,-2.00000,130.5802,-151.2824,-200.1985,0.03809,-0.10315,-0.94910,20.1756,7.7710,14.9237
681098067,-1.70288,1.99994,-2.00000,190.6870,-106.5267,-209.8550,0.04407,-0.11841,-0.94556,20.4733,8.2977,17.2977
681099067,-1.67566,1.99994,-2.00000,217.1985,-29.3893,-209.6260,0.05005,-0.13232,-0.94226,20.8397,8.7710,19.3740
681100068,-1.50366,1.99994,-2.00000,203.3053,41.8626,-171.2061,0.05579,-0.14539,-0.93884,21.2595,9.1679,21.1221
681101068,-1.26709,1.99994,-2.00000,212.7481,87.5878,-123.2443,0.06116,-0.15771,-0.93567,21.7176,9.4656,22.5191
681102068,-0.26624,1.99994,-2.00000,235.9695,133.7786,-85.5802,0.06580,-0.16882,-0.93445,22.1985,9.6336,23.5649
681103068,0.35852,1.99994,-2.00000,201.9008,160.4733,-34.8779,0.07056,-0.17725,-0.93457,22.6718,9.6947,24.2595
681104068,0.11438,1.99994,-2.00000,117.8702,166.0687,30.7557,0.07520,-0.18286,-0.93518,23.0992,9.6031,24.6107
681105068,0.62781,1.99994,-2.00000,38.9771,202.7863,82.7557,0.07935,-0.18774,-0.93640,23.4198,9.3435,24.6107
681106067,1.99994,1.99994,-1.40405,-3.1679,234.8702,112.4656,0.08362,-0.19165,-0.93713,23.6031,8.8855,24.3130
681107067,1.99994,1.99994,-0.41919,10.2214,201.7252,120.2366,0.08789,-0.19434,-0.93713,23.6412,8.2290,23.7710
681108067,1.88147,1.99994,-0.91443,70.6107,132.2290,104.6870,0.09192,-0.19604,-0.93860,23.5267,7.4122,22.9618
681109067,1.88684,1.80090,-0.83508,118.1221,71.3511,81.1832,0.09460,-0.19666,-0.94165,23.2366,6.4275,21.9237
681110067,1.60828,0.63000,-0.68323,117.4504,23.8321,60.9618,0.09644,-0.19714,-0.94446,22.7557,5.2824,20.6870
681111067,0.74890,0.34497,-1.21301,114.1221,1.8168,38.8626,0.09753,-0.19824,-0.94714,22.0840,3.9542,19.2214
681112067,0.37903,0.62585,-1.48901,147.2977,16.4275,13.4504,0.09802,-0.19873,-0.94983,21.1985,2.4351,17.5649
681113068,0.25208,1.18848,-1.62354,179.8321,32.2824,0.2672,0.09680,-0.19922,-0.95251,20.1374,0.7328,15.7557
681114068,-0.31897,1.68945,-2.00000,157.4351,38.9542,15.7481,0.09363,-0.19971,-0.95593,18.9008,-1.1069,13.8321
681115068,-0.87463,1.48779,-2.00000,89.1679,63.2519,56.0229,0.08984,-0.19995,-0.96057,17.4962,-3.0687,11.8015
681116068,-1.03760,0.67798,-2.00000,19.3282,99.4427,98.6718,0.08472,-0.20007,-0.96643,15.9237,-5.1679,9.7023
681117067,-1.01270,0.19080,-2.00000,-28.2290,123.3206,128.5115,0.07666,-0.19983,-0.97302,14.2137,-7.3969,7.5420
681118068,-0.82971,0.77759,-2.00000,-55.4809,132.8092,143.7176,0.06775,-0.20007,-0.97949,12.3893,-9.7176,5.3053
681119068,-0.43811,1.99994,-2.00000,-70.3740,137.5649,150.2519,0.05884,-0.20044,-0.98523,10.4656,-12.1221,3.0305
681120068,0.02917,1.99994,-2.00000,-76.7634,137.1374,156.2214,0.04968,-0.20068,-0.99146,8.4809,-14.6031,0.7557
681121068,0.26880,1.99994,-1.32251,-70.9924,128.4504,160.9084,0.04126,-0.20154,-0.99780,6.4427,-17.1145,-1.4962
681122067,0.19312,1.82764,-0.78308,-47.0458,115.0000,158.0382,0.03308,-0.20203,-1.00378,4.3359,-19.6412,-3.6947
681123067,-0.11926,0.72351,-1.01306,-7.5420,107.8550,142.1298,0.02563,-0.20117,-1.01013,2.2061,-22.1679,-5.8244
681124067,-0.31555,0.55713,-1.30664,33.5115,116.4733,119.3817,0.01868,-0.20007,-1.01685,0.0458,-24.6641,-7.8855
681125068,-0.03467,1.41345,-0.99731,53.1374,138.1679,107.0076,0.01257,-0.19983,-1.02258,-2.1603,-27.1221,-9.8397
681126068,0.32617,1.99994,-0.43872,42.4733,152.4427,118.3969,0.00818,-0.19995,-1.02783,-4.3511,-29.4962,-11.6641
681127067,0.27808,1.99994,-0.43884,21.0840,143.4733,146.1069,0.00452,-0.20068,-1.03516,-6.4962,-31.7557,-13.3664
681128068,0.13440,1.26282,-0.48718,14.2977,129.4504,168.9771,0.00195,-0.20251,-1.04443,-8.6260,-33.8931,-14.9160
681129067,0.17725,0.23108,-0.04480,13.5420,119.2748,180.2748,0.00049,-0.20398,-1.05249,-10.7481,-35.9160,-16.2595
681130068,0.13940,-0.10620,0.19714,-9.3817,105.7405,189.5344,-0.00037,-0.20544,-1.06006,-12.8779,-37.8092,-17.3893
681131068,0.05298,0.22412,0.08643,-48.8855,91.6794,200.8855,0.00012,-0.20801,-1.06763,-15.0305,-39.5420,-18.3053
681132068,0.00195,0.65967,-0.07849,-70.6336,75.6107,209.0458,0.00269,-0.21021,-1.07568,-17.1756,-41.1298,-19.0229
681133067,-0.16687,0.59668,-0.16309,-54.8321,59.0763,208.3282,0.00623,-0.21191,-1.08423,-19.3053,-42.5878,-19.5573
681134068,-0.39001,-0.53088,-0.20007,-17.9618,49.8473,201.5344,0.00903,-0.21448,-1.09229,-21.4122,-43.9237,-19.9237
681135068,-0.88501,-2.00000,0.16858,8.6947,54.0153,194.1298,0.01221,-0.21729,-1.09949,-23.4962,-45.0916,-20.0992
681136068,-1.54138,-2.00000,0.54114,11.6489,69.6336,183.1832,0.01587,-0.22058,-1.10718,-25.5344,-46.0840,-20.0840
681137067,-1.51355,-2.00000,0.06531,-7.5725,98.0916,165.0076,0.01941,-0.22461,-1.11572,-27.4962,-46.9008,-19.9160
681138067,-1.15320,-2.00000,-0.97388,-38.9313,117.7786,147.2214,0.02344,-0.22864,-1.12378,-29.3435,-47.5344,-19.6107
681139067,-1.76196,-2.00000,-1.94128,-62.0763,97.0153,134.2901,0.02783,-0.23303,-1.13159,-31.0992,-47.9771,-19.1756
681140068,-2.00000,-2.00000,-1.94324,-61.0992,69.5496,123.3206,0.03259,-0.23865,-1.13965,-32.7176,-48.2443,-18.6641
681141067,-1.64197,-2.00000,-0.61414,-54.1603,65.8321,117.1832,0.03674,-0.24536,-1.14734,-34.1527,-48.3435,-18.0763
681142068,-1.30371,-2.00000,0.62305,-70.0611,55.8092,119.9237,0.03979,-0.25232,-1.15588,-35.3664,-48.2443,-17.4351
681143068,-1.72571,-2.00000,0.34814,-91.2748,47.6183,117.6641,0.04358,-0.26062,-1.16626,-36.3511,-47.9466,-16.7634
681144068,-1.55029,-2.00000,-0.04309,-83.8397,73.1298,92.8321,0.04785,-0.27075,-1.17627,-37.1069,-47.4733,-16.0687
681145068,-1.29980,-2.00000,0.29419,-55.9695,95.6641,58.9924,0.05188,-0.28162,-1.18604,-37.5725,-46.8244,-15.3740
681146068,-1.38086,-2.00000,0.31995,-30.5954,99.8550,34.5344,0.05505,-0.29248,-1.19556,-37.7634,-45.9924,-14.6641
681147068,-1.22278,-1.28235,-0.01160,-15.7099,96.4504,24.6489,0.05786,-0.30383,-1.20398,-37.6870,-44.9771,-13.9389
681148067,-1.28369,-2.00000,-0.09460,-7.8702,73.6183,25.8015,0.06128,-0.31604,-1.21228,-37.3130,-43.7863,-13.2214
681149068,-1.71375,-2.00000,0.56262,-11.3664,53.6336,28.9389,0.06433,-0.32861,-1.21973,-36.6565,-42.4427,-12.5191
681150068,-1.88501,-2.00000,0.93823,-53.7481,54.5954,26.9542,0.06824,-0.34094,-1.22571,-35.7634,-40.9695,-11.8244
681151068,-1.82922,-2.00000,0.28467,-131.4351,66.4046,25.4885,0.07227,-0.35291,-1.23145,-34.6031,-39.3359,-11.1679
681152068,-1.88281,-2.00000,-0.00696,-196.4656,77.6489,30.0076,0.07568,-0.36426,-1.23621,-33.1832,-37.5649,-10.5191
681153068,-1.66968,-2.00000,0.74805,-235.0229,86.6565,40.2290,0.07922,-0.37427,-1.23901,-31.5802,-35.6718,-9.8702
681154068,-0.97437,-2.00000,1.56409,-250.1374,93.2137,51.6718,0.08252,-0.38354,-1.24121,-29.8397,-33.6412,-9.2443
681155068,-0.92542,-2.00000,1.41406,-250.1374,81.2061,52.4962,0.08691,-0.39929,-1.24219,-26.0916,-29.2214,-8.0534
681156068,-1.11902,-2.00000,0.98328,-250.1374,65.3130,34.4885,0.08948,-0.40527,-1.24365,-24.0534,-26.8931,-7.5267
681157068,-0.54370,-2.00000,1.50964,-236.1145,55.0687,1.9008,0.09265,-0.40942,-1.24536,-21.9542,-24.5267,-7.0687
681158067,-0.33032,-2.00000,1.99994,-191.0458,29.2366,-32.5725,0.09509,-0.41199,-1.24585,-19.8321,-22.1145,-6.6565
681159067,-0.66785,-1.19446,1.36731,-129.3893,-0.7252,-60.5725,0.09753,-0.41418,-1.24585,-17.6947,-19.6489,-6.2901
681160067,-0.77942,-0.62634,0.46155,-74.0153,-17.2824,-78.0305,0.09924,-0.41553,-1.24500,-15.5725,-17.1145,-6.0076
681161067,-0.99512,-0.58325,-0.15173,-46.7939,-28.8244,-82.5496,0.09961,-0.41565,-1.24365,-13.4885,-14.5420,-5.7786
681162068,-1.35095,-0.72717,-0.29187,-48.7405,-26.2519,-78.1450,0.09924,-0.41455,-1.24207,-11.4275,-11.9542,-5.5725
681163068,-1.28638,-0.78540,0.02380,-75.6107,-4.4122,-66.2366,0.09875,-0.41321,-1.23987,-9.3817,-9.3893,-5.4275
681164067,-1.17676,-0.77393,-0.32532,-128.1527,10.0153,-43.9389,0.09827,-0.41125,-1.23743,-7.3588,-6.8702,-5.3435
681165068,-1.53076,-0.58179,-1.33093,-197.1069,11.4122,-13.0534,0.09802,-0.40906,-1.23499,-5.3588,-4.4198,-5.3053
681166068,-1.71277,-0.44153,-1.80981,-250.1374,18.6947,15.4122,0.09851,-0.40698,-1.23132,-3.4198,-2.0305,-5.3282
681167068,-1.41028,-0.60571,-1.40295,-250.1374,36.3588,30.2443,0.09961,-0.40479,-1.22729,-1.5344,0.3511,-5.3817
681168067,-1.20374,-0.70398,-0.81812,-250.1374,46.3359,29.9695,0.10010,-0.40186,-1.22363,0.2977,2.6947,-5.4733
681169067,-1.13855,-0.24487,-0.64038,-250.1374,48.2672,22.9924,0.10010,-0.39868,-1.21875,2.1069,4.9771,-5.5878
681170068,-0.86865,0.35364,-0.55750,-250.1374,56.9389,16.2443,0.10059,-0.39502,-1.21350,3.9008,7.1603,-5.7557
681171068,-0.58350,0.55481,-0.24084,-250.1374,67.8015,9.4580,0.10071,-0.39099,-1.20752,5.6031,9.2366,-5.9695
681172068,-0.31238,0.33826,0.18042,-221.0916,73.6641,-1.1527,0.10034,-0.38684,-1.20117,7.2061,11.2290,-6.2137
681173067,-0.20190,0.08618,0.08606,-171.7634,63.5420,-16.3817,0.09937,-0.38196,-1.19495,8.7481,13.1450,-6.4885
681174068,-0.46533,0.14709,-0.63110,-130.5496,43.0305,-29.9466,0.09802,-0.37805,-1.18713,10.2519,14.9771,-6.7939
681175068,-0.65735,0.42810,-1.04028,-113.0305,33.9618,-35.9313,0.09717,-0.37476,-1.17822,11.7328,16.7023,-7.1221
681176067,-0.68689,0.73059,-0.81458,-115.1221,36.3511,-32.7863,0.09558,-0.37073,-1.16956,13.1603,18.3282,-7.4427
681177068,-0.70959,0.77820,-0.58472,-125.8931,37.8321,-22.6412,0.09253,-0.36621,-1.16272,14.5420,19.9008,-7.7710
681178068,-0.72095,0.70032,-0.51196,-134.9618,39.7786,-12.0000,0.08850,-0.36243,-1.15759,15.8702,21.3817,-8.1069
681179067,-0.69702,0.75757,-0.43665,-140.4504,47.2290,-3.2443,0.08447,-0.35950,-1.15271,17.1374,22.7023,-8.4275
681180067,-0.50781,0.97217,-0.26978,-149.3740,60.6107,5.6794,0.07959,-0.35693,-1.14734,18.3511,23.8702,-8.7252
681181068,-0.18860,1.32703,0.12976,-157.7634,71.7786,14.1908,0.07458,-0.35413,-1.14111,19.5267,24.8931,-8.9771
681182068,0.03894,1.56592,0.45740,-151.5038,69.1374,19.7481,0.07019,-0.35083,-1.13501,20.6412,25.7939,-9.1908
681183068,0.12207,1.51111,0.49756,-129.0382,56.1374,20.4962,0.06567,-0.34705,-1.13013,21.6947,26.5725,-9.3969
681184068,0.12793,1.21216,0.32971,-103.9618,40.0840,17.9237,0.06116,-0.34326,-1.12671,22.6336,27.2061,-9.5878
681185068,0.06848,0.88721,0.11499,-86.7786,25.5954,15.2366,0.05640,-0.33899,-1.12366,23.4580,27.6947,-9.7405
681186067,0.00354,0.99646,0.01099,-71.1756,10.8855,18.4809,0.04980,-0.33313,-1.11975,24.1527,28.0611,-9.8244
681187067,-0.25867,1.01208,-0.60583,-65.4504,2.2137,26.9237,0.04321,-0.32642,-1.11450,24.6947,28.2977,-9.8702
681188068,-0.59961,0.60107,-1.27747,-58.0229,-3.3817,36.4046,0.03906,-0.31921,-1.10901,25.0534,28.3893,-9.8855
681189068,-0.71228,0.30762,-1.15430,-45.1221,3.6794,39.3359,0.03394,-0.31006,-1.10400,25.2061,28.3206,-9.8626
681190067,-0.66370,0.54919,-0.73218,-24.1145,16.7176,34.6489,0.02783,-0.29919,-1.09741,25.1145,28.0840,-9.8473
681191068,-0.70435,1.01599,-0.74109,6.3206,27.3740,25.7710,0.02429,-0.28809,-1.08911,24.7710,27.7634,-9.8092
681192068,-0.75867,1.24670,-0.92188,47.6183,33.6031,13.0382,0.02161,-0.27686,-1.08105,24.1985,27.3206,-9.7481
681193068,-0.76965,1.10754,-0.87769,86.7634,31.4046,0.2901,0.01794,-0.26562,-1.07483,23.3817,26.7252,-9.6718
681194068,-0.63342,0.64026,-0.57971,112.6260,26.1985,-9.0687,0.01416,-0.25500,-1.07031,22.2977,26.0229,-9.5725
681195067,-0.54382,0.00745,-0.35693,129.2061,19.1985,-15.5649,0.01050,-0.24463,-1.06458,21.0076,25.2290,-9.4580
681196068,-0.69177,-0.72473,-0.67847,135.7557,11.5344,-15.6794,0.00732,-0.23560,-1.05786,19.5344,24.2824,-9.3206
681197067,-0.90283,-1.34167,-1.21936,118.3359,11.6947,-4.4351,0.00537,-0.22754,-1.05225,17.8931,23.2214,-9.1527
681198068,-1.14539,-1.37610,-1.42200,75.3893,20.9847,15.2519,0.00342,-0.22046,-1.04797,16.1374,22.0687,-8.9466
681199068,-1.18359,-0.96204,-1.02039,31.9695,44.3282,36.3817,0.00085,-0.21448,-1.04419,14.3359,20.8702,-8.7023
681200067,-1.05688,-0.54187,-0.19421,2.8168,70.4198,55.5038,-0.00073,-0.20996,-1.04126,12.4733,19.6260,-8.4198
681201068,-1.09070,-0.62744,0.05505,-20.4656,79.4122,75.6718,-0.00171,-0.20667,-1.03931,10.5878,18.2977,-8.1298
681202067,-1.08887,-1.44983,-0.03625,-37.0305,84.1069,88.8168,-0.00183,-0.20544,-1.03687,8.7328,16.9313,-7.8702
681203067,-0.88379,-2.00000,0.31201,-33.1679,85.5725,81.8015,-0.00073,-0.20642,-1.03491,6.9618,15.5344,-7.6183
681204067,-0.53186,-1.97095,0.76367,0.4504,74.4885,53.9542,0.00134,-0.20862,-1.03357,5.3130,14.1679,-7.3588
681205068,-0.29224,-1.21497,1.04395,62.8473,46.1527,16.0076,0.00500,-0.21179,-1.03174,3.8168,12.8397,-7.0916
681206067,-0.35352,-0.77478,1.01782,134.9618,8.3969,-19.1908,0.00928,-0.21521,-1.02966,2.5267,11.5420,-6.8092
681207068,-0.52441,-1.11658,0.85864,185.7176,-18.9847,-42.5878,0.01343,-0.21887,-1.02734,1.4275,10.2824,-6.5191
681208068,-0.75293,-1.80200,0.59839,200.6870,-29.2290,-53.2901,0.01831,-0.22327,-1.02527,0.5344,9.1069,-6.2519
681209067,-0.88794,-2.00000,0.36304,198.0458,-20.0840,-57.6947,0.02295,-0.22913,-1.02307,-0.1756,8.0534,-6.0000
681210067,-0.95239,-2.00000,0.31543,189.7710,-5.1985,-57.3817,0.02698,-0.23657,-1.01929,-0.6718,7.0992,-5.7710
681211068,-1.07080,-2.00000,0.00195,161.5115,5.0763,-47.2366,0.03125,-0.24390,-1.01514,-0.9389,6.2214,-5.5573
681212067,-1.15808,-2.00000,-0.37219,106.7939,17.1298,-26.1527,0.03638,-0.25037,-1.01318,-0.9847,5.4198,-5.3893
681213067,-1.17676,-1.54346,-0.33838,50.4046,29.9466,-2.7557,0.04138,-0.25732,-1.01270,-0.8015,4.7176,-5.2290
681214068,-0.95239,-1.11987,0.22632,21.0076,40.8015,12.2519,0.04517,-0.26392,-1.01245,-0.4122,4.1298,-5.0916
681215068,-0.67444,-0.96313,0.91394,14.1298,38.4733,17.1527,0.04919,-0.27051,-1.01184,0.2214,3.6565,-4.9618
681216068,-0.48499,-1.21082,1.18201,12.6794,24.2214,17.7557,0.05396,-0.27783,-1.01172,1.1145,3.2977,-4.8550
681217067,-0.29663,-1.87268,1.25452,13.6336,7.1603,12.6947,0.05933,-0.28455,-1.01135,2.2519,3.0534,-4.8015
681218067,-0.18359,-2.00000,1.25659,22.5725,-13.5573,-1.9237,0.06506,-0.29004,-1.00952,3.6336,2.9313,-4.8244
681219067,0.00867,-2.00000,1.02234,47.3053,-32.8550,-24.5802,0.07031,-0.29529,-1.00818,5.2595,2.9466,-4.8550
681220067,0.12561,-1.41553,0.63660,81.2214,-47.0305,-47.5267,0.07629,-0.30042,-1.00818,7.1221,3.0992,-4.9008
681221067,-0.13367,-0.91089,0.19617,100.1145,-58.0916,-59.4504,0.08228,-0.30554,-1.00830,9.1756,3.3740,-4.9847
681222068,-0.65796,-0.69312,-0.19958,93.9847,-60.8626,-59.9313,0.08594,-0.30969,-1.00964,11.3740,3.7481,-5.1145
681223067,-1.15308,-0.61597,-0.54565,74.1603,-52.4809,-53.6412,0.08838,-0.31250,-1.01160,13.6794,4.2137,-5.2901
681224068,-1.27917,-1.11963,-1.10388,48.7710,-39.9618,-41.3588,0.08997,-0.31458,-1.01392,16.0763,4.7863,-5.4809
681225067,-1.06897,-2.00000,-1.23206,17.0382,-24.1679,-26.5038,0.08997,-0.31641,-1.01770,18.5649,5.4122,-5.7023
681226068,-0.77344,-2.00000,-0.49170,-12.5115,-6.3893,-19.7786,0.08936,-0.31726,-1.02185,21.0840,6.0611,-5.9237
681227067,-0.41931,-1.32812,0.09570,-22.6641,9.1908,-25.1832,0.08813,-0.31738,-1.02588,23.5267,6.7328,-6.1221
681228068,-0.10266,0.10767,-0.09460,-12.9771,13.1450,-32.5573,0.08569,-0.31714,-1.02966,25.8550,7.3817,-6.2977
681229067,0.08765,0.49109,-0.55652,-4.8168,-1.3969,-35.0458,0.08276,-0.31506,-1.03357,28.0534,7.9924,-6.4885
681230067,-0.01123,0.33313,-0.53247,-12.2214,-26.9389,-36.1069,0.07959,-0.31128,-1.03699,30.0687,8.5649,-6.6565
681231067,-0.25720,0.41296,-0.34070,-22.3435,-52.4046,-40.8321,0.07544,-0.30640,-1.04150,31.8397,9.0687,-6.8092
681232067,-0.13379,0.52698,-0.12085,-6.4656,-59.4885,-51.5878,0.07068,-0.30005,-1.04736,33.3130,9.5344,-6.9466
681233068,-0.08435,0.54395,0.18176,28.6794,-62.6412,-62.4580,0.06555,-0.29236,-1.05261,34.4580,9.9313,-7.0840
681234067,-0.38647,0.65552,-0.18945,49.8168,-69.9924,-62.6107,0.06067,-0.28430,-1.05750,35.2519,10.2519,-7.1985
681235068,-0.52991,0.67566,-0.72253,42.4580,-57.4427,-51.0763,0.05579,-0.27686,-1.06189,35.6565,10.5038,-7.2748
681236068,-0.53870,0.37036,-0.95825,23.9084,-34.7023,-37.6412,0.05066,-0.26892,-1.06531,35.6794,10.6794,-7.3588
681237068,-0.41382,-0.12646,-0.91943,21.7481,-15.8855,-32.8321,0.04614,-0.26013,-1.06873,35.3206,10.7481,-7.4427
681238068,-0.34155,-0.05322,-0.83130,29.7786,-12.8855,-36.1832,0.04187,-0.25208,-1.07227,34.5496,10.7557,-7.5038
681239067,-0.45544,0.50452,-1.33472,14.7405,-29.0458,-32.4198,0.03784,-0.24500,-1.07434,33.3893,10.7176,-7.5496
681240068,-0.39099,0.75183,-1.43030,-18.5038,-42.3206,-20.2595,0.03455,-0.23901,-1.07446,31.8855,10.5802,-7.5802
681241067,-0.11987,0.50293,-0.42883,-30.3893,-48.5573,-13.0840,0.03210,-0.23462,-1.07422,30.1069,10.3664,-7.6107
681242067,-0.00867,0.11975,0.36133,-19.2137,-57.5573,-14.5115,0.03052,-0.23083,-1.07483,28.0534,10.1221,-7.6641
681243068,-0.11108,0.08032,-0.00464,-9.3282,-66.0534,-18.5115,0.02893,-0.22876,-1.07507,25.7481,9.8473,-7.7328
681244067,-0.22351,0.32947,-0.78479,-5.0763,-64.6565,-23.1221,0.02881,-0.22913,-1.07483,23.3206,9.5344,-7.7786
681245067,-0.24353,0.49585,-0.87610,0.1221,-54.7939,-27.2748,0.03149,-0.23242,-1.07471,20.8321,9.1985,-7.8168
681246067,-0.20520,0.31702,-0.66931,9.4504,-51.0840,-30.9924,0.03455,-0.23999,-1.07446,18.3359,8.8855,-7.8397
681247067,-0.40039,0.00623,-1.09436,27.8015,-62.4809,-37.4885,0.03796,-0.25122,-1.07361,15.9313,8.6183,-7.8779
681248067,-0.71362,-0.08191,-1.74304,50.6412,-75.5038,-46.3893,0.04333,-0.26648,-1.07288,13.7405,8.4275,-7.9084
681249068,-0.79871,0.11731,-1.81445,54.7634,-74.9618,-49.5267,0.04944,-0.28564,-1.07324,11.8397,8.3435,-7.9542
681250067,-0.74011,0.41174,-1.58411,30.3893,-65.5725,-41.0916,0.05615,-0.30835,-1.07544,10.3359,8.3511,-8.0458
681251068,-0.71924,0.59802,-1.46033,3.4122,-57.0382,-27.0763,0.06323,-0.33435,-1.07947,9.3435,8.4656,-8.1985
681252068,-0.63123,0.60022,-1.34082,-1.0076,-50.0916,-17.4427,0.07007,-0.36316,-1.08350,8.9466,8.7099,-8.3969
681253068,-0.53357,0.43042,-1.28967,3.5878,-42.6794,-12.5496,0.07751,-0.39380,-1.08728,9.2061,9.0611,-8.6183
681254068,-0.54431,0.21240,-1.35657,-2.0305,-36.3435,-8.5496,0.09265,-0.45813,-1.09827,12.0000,10.2901,-9.1298
681255068,-0.48315,0.16638,-1.26208,-6.1298,-33.1450,-8.8855,0.10071,-0.49048,-1.10608,14.5725,11.2061,-9.4504
681256067,-0.36511,0.26282,-1.02966,4.2977,-38.9466,-15.1756,0.11060,-0.52100,-1.11365,17.9084,12.2977,-9.8092
681257068,-0.43909,0.30566,-1.12512,22.1374,-52.8397,-24.1221,0.12170,-0.54980,-1.11914,21.9924,13.5649,-10.2290
681258067,-0.65393,0.27930,-1.46252,38.3817,-62.2290,-32.6031,0.13379,-0.57617,-1.12378,26.8092,15.0382,-10.6870
681259068,-0.75952,0.25378,-1.53918,47.0076,-59.6336,-37.5802,0.14563,-0.59973,-1.12854,32.3053,16.7481,-11.1908
681260067,-0.72144,0.28455,-1.30615,41.6183,-49.7939,-35.7634,0.15698,-0.62109,-1.13379,38.4122,18.6489,-11.7328
681261068,-0.70691,0.32495,-1.19202,26.5878,-40.0076,-27.7557,0.16858,-0.63940,-1.13818,45.0840,20.7252,-12.2748
681262067,-0.73804,0.26636,-1.35718,12.6336,-31.8397,-17.0916,0.18030,-0.65503,-1.14197,52.2443,22.9695,-12.8626
681263068,-0.67651,0.11218,-1.42346,0.9618,-24.3359,-6.3740,0.19177,-0.66870,-1.14539,59.8397,25.4046,-13.4885
681264068,-0.55566,-0.07361,-1.28369,-11.7405,-21.4733,3.0153,0.20300,-0.68152,-1.14734,67.7786,28.0229,-14.1603
681265068,-0.47229,-0.21753,-1.11768,-20.7481,-24.0076,8.1756,0.21411,-0.69263,-1.14941,76.1985,30.8321,-14.8321
681266067,-0.41125,-0.26709,-0.93591,-19.6870,-29.2748,6.7099,0.22522,-0.70239,-1.15247,85.0763,33.7939,-15.5038
681267068,-0.39124,-0.26379,-0.81482,-11.1756,-35.7023,0.2595,0.23584,-0.71179,-1.15674,94.3206,36.9008,-16.1756
681268067,-0.43347,-0.27954,-0.84143,-2.9924,-40.3664,-7.3053,0.24561,-0.72156,-1.16223,103.9084,40.1679,-16.8550
681269067,-0.50415,-0.31543,-0.93604,2.3740,-41.4427,-14.1374,0.25403,-0.73181,-1.16846,113.8550,43.6336,-17.5191
681270068,-0.57214,-0.33142,-1.01172,7.0382,-39.7328,-20.1832,0.26038,-0.74231,-1.17712,124.1679,47.2366,-18.1756
681271068,-0.62476,-0.28564,-1.14673,8.9618,-37.8244,-23.9924,0.26636,-0.75464,-1.18750,134.8702,50.9618,-18.8092
681272068,-0.69421,-0.14978,-1.42188,3.5878,-37.3740,-23.1756,0.27271,-0.76868,-1.19800,145.9771,54.7939,-19.4122
681273068,-0.75488,-0.01160,-1.65466,-8.0992,-36.2977,-17.8015,0.27734,-0.78418,-1.20764,157.5267,58.7481,-19.9466
681274068,-0.72217,0.00903,-1.60413,-20.2824,-32.2824,-10.8015,0.28052,-0.80286,-1.21814,169.5496,62.8550,-20.3969
681275067,-0.63123,-0.04797,-1.37488,-27.9771,-27.0687,-5.0840,0.28369,-0.82397,-1.23047,182.0687,67.1298,-20.7939
681276067,-0.56287,-0.08301,-1.22583,-29.8015,-22.3206,-1.5725,0.28760,-0.84558,-1.24316,195.1145,71.5802,-21.0992
681277067,-0.54712,-0.36316,-1.14575,-27.1756,-18.1069,1.6336,0.29272,-0.86670,-1.25635,208.7405,76.1603,-21.2977
681278067,-0.40686,-1.29785,-0.97693,-19.2748,-14.5954,3.5038,0.29810,-0.88794,-1.26855,222.9466,80.7786,-21.4046
681279067,-0.13354,-1.65063,-0.39697,5.9542,-9.4275,-10.5344,0.30408,-0.91064,-1.27991,237.7099,85.6641,-21.4198
681280067,0.35120,-0.41028,0.52063,77.2748,-8.4885,-48.2137,0.31006,-0.93396,-1.29065,250.1298,90.8397,-21.2977
681281067,0.95581,1.26257,1.66577,190.5802,-12.1832,-97.1145,0.31592,-0.95605,-1.30042,250.1298,96.2595,-21.0458
681282068,1.25366,1.62024,1.99994,250.1298,-33.7405,-132.0229,0.32349,-0.97693,-1.31128,250.1298,101.8626,-20.6489
681283067,1.17029,0.19666,1.94336,250.1298,-79.7099,-146.1527,0.33313,-0.99658,-1.32361,250.1298,107.6641,-20.1069
681284067,0.84863,-1.51099,1.14319,250.1298,-127.3969,-159.3817,0.34338,-1.01526,-1.33691,250.1298,113.7023,-19.4122
681285067,0.37415,-2.00000,-0.34888,250.1298,-172.5115,-173.3435,0.35413,-1.03333,-1.35071,250.1298,120.0000,-18.6031
681286067,-0.41687,-0.91492,-2.00000,250.1298,-212.0229,-173.3588,0.36633,-1.05005,-1.36389,250.1298,126.5344,-17.7176
681287068,-1.03235,0.75854,-2.00000,244.4733,-225.3282,-158.6260,0.37988,-1.06506,-1.37817,250.1298,133.2748,-16.7023
681288068,-1.25061,1.33521,-2.00000,237.1603,-206.0382,-126.3893,0.39380,-1.07971,-1.39429,250.1298,140.2443,-15.6183
681289068,-1.70520,0.75195,-2.00000,154.1298,-177.8779,-64.5420,0.40649,-1.09509,-1.41040,250.1298,147.4733,-14.4885
681290067,-2.00000,-0.11975,-2.00000,10.0611,-134.0076,9.1298,0.41711,-1.11023,-1.42639,250.1298,154.9771,-13.2977
681291068,-2.00000,-0.28833,-2.00000,-80.6565,-46.1374,50.9466,0.42700,-1.12537,-1.44470,250.1298,162.7481,-12.0534
681292067,-1.16589,1.19836,-1.10620,-71.7023,63.2366,48.5496,0.43738,-1.13867,-1.46472,250.1298,170.7405,-10.8092
681293068,0.67834,1.99994,1.78516,24.0076,124.0992,23.8550,0.44763,-1.15137,-1.48450,250.1298,179.0076,-9.5420
681294068,1.06519,1.99994,1.99994,193.6947,95.9389,-17.8550,0.45703,-1.16455,-1.50244,250.1298,187.5267,-8.2595
681295068,1.53198,1.99994,1.99994,250.1298,20.4122,-80.3435,0.46570,-1.17664,-1.51831,250.1298,196.2901,-6.9466
681296067,1.99994,-0.69812,1.99994,250.1298,-97.7176,-143.6565,0.47266,-1.18701,-1.53394,250.1298,205.3053,-5.6107
681297068,1.87500,-1.73999,1.99994,250.1298,-228.5725,-198.1756,0.47742,-1.19629,-1.54919,250.1298,214.5802,-4.2672
681298068,1.07776,-1.44824,0.27954,250.1298,-250.1374,-239.5191,0.48108,-1.20496,-1.56299,250.1298,224.1069,-2.9466
681299068,0.27356,-0.39587,-0.61731,250.1298,-250.1374,-250.1374,0.48401,-1.21167,-1.57520,250.1298,233.8244,-1.6641
681300067,-0.04480,-0.52295,0.01660,250.1298,-250.1374,-229.6641,0.48486,-1.21558,-1.58569,250.1298,243.6718,-0.4046
681301067,-0.73596,-1.04724,0.21655,250.1298,-250.1374,-180.4504,0.48340,-1.21729,-1.59460,250.1298,250.1298,0.8168
681302067,-1.46643,0.27344,-0.38745,250.1298,-250.1374,-126.9160,0.48071,-1.21655,-1.60132,250.1298,250.1298,2.0000
681303068,-1.45557,1.99994,-0.78723,250.1298,-213.3282,-84.9771,0.47827,-1.21228,-1.60547,250.1298,250.1298,3.1450
681304067,-1.36511,1.99994,-0.66895,250.1298,-128.2214,-70.1374,0.47620,-1.20520,-1.60693,250.1298,250.1298,4.2595
681305067,-0.31750,1.99994,0.66821,250.1298,-60.2290,-65.1985,0.47449,-1.19702,-1.60669,250.1298,250.1298,5.3282
681306067,0.88721,1.22205,1.85388,250.1298,-71.2366,-77.9160,0.47302,-1.18835,-1.60608,250.1298,250.1298,6.3282
681307067,0.44556,-0.05066,-0.41626,250.1298,-202.1069,-114.8855,0.47156,-1.17944,-1.60437,250.1298,250.1298,7.2595
681308067,-0.96606,-1.41760,-2.00000,250.1298,-250.1374,-159.9389,0.47009,-1.17017,-1.60083,250.1298,250.1298,8.1145
681309068,-1.44287,-1.52930,-2.00000,250.1298,-250.1374,-196.1985,0.46875,-1.16125,-1.59534,250.1298,250.1298,8.9237
681310068,-1.08032,-1.05530,-2.00000,250.1298,-250.1374,-212.0229,0.46680,-1.15320,-1.58899,250.1298,250.1298,9.6412
681311068,-1.33301,-0.83386,-2.00000,250.1298,-250.1374,-190.5802,0.46570,-1.14648,-1.58154,250.1298,250.1298,10.3130
681312068,-2.00000,-0.88892,-2.00000,250.1298,-250.1374,-137.0458,0.46582,-1.14148,-1.57312,250.1298,250.1298,10.9618
681313068,-2.00000,-0.64160,-2.00000,250.1298,-202.7328,-79.1603,0.46631,-1.13708,-1.56421,250.1298,250.1298,11.6031
681314068,-2.00000,1.69971,-2.00000,250.1298,-39.3435,-45.8321,0.46814,-1.13416,-1.55457,250.1298,250.1298,12.2061
681315068,1.99994,1.99994,1.99994,250.1298,219.0687,-62.0840,0.47034,-1.13379,-1.54565,250.1298,250.1298,12.7710
681316067,1.99994,0.90601,1.99994,250.1298,177.2290,-105.5267,0.47253,-1.13550,-1.53674,250.1298,250.1298,13.3053
681317067,1.99994,-2.00000,1.99994,250.1298,-5.1603,-163.4656,0.47424,-1.13879,-1.52917,250.1298,250.1298,13.8092
681318067,1.99994,-2.00000,1.99994,250.1298,-250.1374,-233.0076,0.47546,-1.14331,-1.52307,250.1298,250.1298,14.2824
681319067,1.99994,-2.00000,1.99994,250.1298,-250.1374,-250.1374,0.47827,-1.15002,-1.51794,250.1298,250.1298,14.7328
681320067,0.71533,-1.30249,0.82593,250.1298,-250.1374,-250.1374,0.48193,-1.15771,-1.51404,250.1298,250.1298,15.1756
681321068,-0.14148,-1.15344,0.32703,250.1298,-250.1374,-250.1374,0.48511,-1.16504,-1.51062,250.1298,250.1298,15.6183
681322067,-1.29602,-1.58325,-0.68799,250.1298,-250.1374,-250.1374,0.48816,-1.17236,-1.50854,250.1298,250.1298,16.0763
681323068,-2.00000,-1.95020,-2.00000,250.1298,-250.1374,-208.0305,0.49023,-1.17810,-1.50757,250.1298,250.1298,16.5191
681324068,-2.00000,-2.00000,-2.00000,250.1298,-250.1374,-84.8015,0.49231,-1.18225,-1.50696,250.1298,250.1298,16.9313
681325068,-2.00000,-2.00000,-2.00000,250.1298,-250.1374,-13.8702,0.49365,-1.18616,-1.50732,250.1298,250.1298,17.2977
681326067,-2.00000,-1.72815,-2.00000,250.1298,-78.9237,20.9008,0.49475,-1.18848,-1.50891,250.1298,250.1298,17.5725
681327067,-2.00000,-0.08704,-2.00000,244.0611,-6.1527,43.2519,0.49548,-1.18872,-1.51257,250.1298,250.1298,17.7634
681328068,-2.00000,1.99994,-2.00000,250.1298,71.8321,36.6718,0.49500,-1.18738,-1.51782,250.1298,250.1298,17.8550
681329068,-1.64514,1.99994,-2.00000,250.1298,171.7405,-7.7405,0.49426,-1.18506,-1.52319,250.1298,250.1298,17.8779
681330067,1.99994,1.99994,1.99994,250.1298,196.9008,-90.4962,0.49390,-1.18066,-1.52820,250.1298,250.1298,17.8092
681331067,1.99994,0.80408,1.99994,250.1298,104.2672,-199.8168,0.49353,-1.17371,-1.53406,250.1298,250.1298,17.5954
681332065,1.99994,-1.78113,1.99994,250.1298,-90.6870,-250.1374,0.49194,-1.16406,-1.54089,250.1298,250.1298,17.1679
681333069,1.99994,0.07324,1.99994,250.1298,-250.1374,-250.1374,0.48950,-1.15210,-1.54810,250.1298,250.1298,16.5496
681334067,1.99994,1.99994,1.99994,250.1298,-250.1374,-250.1374,0.48718,-1.13721,-1.55591,250.1298,250.1298,15.7023
681335067,1.99994,1.99994,1.99994,250.1298,-250.1374,-250.1374,0.48389,-1.11938,-1.56360,250.1298,250.1298,14.5878
681336065,1.99994,1.99994,1.99994,250.1298,-250.1374,-250.1374,0.47913,-1.10071,-1.57019,250.1298,250.1298,13.1679
681337065,0.25330,-2.00000,1.99994,250.1298,-250.1374,-250.1374,0.47339,-1.07971,-1.57581,250.1298,250.1298,11.4198
681338068,-2.00000,-2.00000,-0.76306,250.1298,-250.1374,-250.1374,0.46753,-1.05579,-1.58179,250.1298,250.1298,9.3282
681339064,-2.00000,-2.00000,-2.00000,250.1298,-250.1374,-250.1374,0.46277,-1.03088,-1.58777,250.1298,250.1298,6.8702
681340069,-2.00000,-2.00000,-2.00000,250.1298,-250.1374,-250.1374,0.45752,-1.00500,-1.59351,250.1298,250.1298,4.0458
681341064,-2.00000,-2.00000,-2.00000,250.1298,-250.1374,-219.3588,0.45251,-0.97876,-1.59949,250.1298,250.1298,0.8702
681342069,-2.00000,-1.42493,-2.00000,250.1298,-250.1374,-170.0916,0.44910,-0.95361,-1.60510,250.1298,250.1298,-2.6489
681343067,-2.00000,-1.42310,-2.00000,250.1298,-250.1374,-129.2672,0.44641,-0.93030,-1.60950,250.1298,250.1298,-6.5344
681344068,-2.00000,-2.00000,-2.00000,250.1298,-250.1374,-103.2977,0.44397,-0.90796,-1.61414,250.1298,250.1298,-10.7023
681345067,-2.00000,-2.00000,-2.00000,250.1298,-38.6565,-109.9542,0.44226,-0.88611,-1.61926,250.1298,250.1298,-15.1679
681346067,-2.00000,-2.00000,-2.00000,250.1298,202.8397,-155.9466,0.44324,-0.86682,-1.62415,250.1298,250.1298,-19.9084
681347068,-2.00000,-2.00000,-2.00000,250.1298,250.1298,-236.9695,0.44800,-0.85193,-1.62915,250.1298,250.1298,-24.9771
681348068,-1.02197,-2.00000,-0.50745,250.1298,250.1298,-250.1374,0.45239,-0.83362,-1.63086,250.1298,250.1298,-30.4275
681349067,0.23743,-2.00000,0.56946,250.1298,250.1298,-250.1374,0.45532,-0.80969,-1.63184,250.1298,250.1298,-36.0229
681350067,0.92236,-2.00000,1.99994,250.1298,195.4885,-250.1374,0.45654,-0.78662,-1.63660,250.1298,250.1298,-41.5191
681351067,1.99994,-0.93848,1.99994,250.1298,137.5267,-250.1374,0.45532,-0.76562,-1.64246,250.1298,250.1298,-46.9313
681352067,1.99994,0.36877,1.99994,250.1298,103.1603,-250.1374,0.45105,-0.74561,-1.64832,250.1298,250.1298,-52.3282
681353065,1.99994,1.99994,1.99994,250.1298,57.7710,-250.1374,0.44263,-0.73035,-1.65601,250.1298,250.1298,-57.5725
681354069,1.99994,1.99994,1.99994,250.1298,14.2977,-250.1374,0.43140,-0.72046,-1.66565,250.1298,250.1298,-62.6870
681355068,1.99994,1.99994,1.99994,250.1298,-61.4580,-250.1374,0.41858,-0.71387,-1.67419,250.1298,250.1298,-67.6489
681356067,1.99994,1.99994,1.99994,250.1298,-198.1374,-250.1374,0.38269,-0.70374,-1.68213,250.1298,250.1298,-77.1145
681357065,1.99994,1.99994,1.99994,250.1298,-250.1374,-250.1374,0.35803,-0.69727,-1.68274,250.1298,250.1298,-81.3969
681358065,1.99994,-0.28552,1.99994,250.1298,-250.1374,-247.8550,0.32837,-0.68884,-1.68140,250.1298,250.1298,-85.3282
681359069,1.99994,-0.61096,1.99994,250.1298,-250.1374,-250.1374,0.29456,-0.67883,-1.67883,250.1298,250.1298,-88.9389
681360067,0.45557,1.97961,1.99994,250.1298,-250.1374,-250.1374,0.25391,-0.66577,-1.67175,250.1298,250.1298,-92.1603
681361067,0.27466,1.99994,1.99994,250.1298,-250.1374,-250.1374,0.20862,-0.65442,-1.66150,250.1298,250.1298,-94.6870
681362067,1.99994,1.99994,1.99994,250.1298,-250.1374,-250.1374,0.16223,-0.64929,-1.65173,250.1298,250.1298,-96.6794
681363064,0.49988,-0.29993,1.99994,250.1298,-250.1374,-250.1374,0.11621,-0.64624,-1.64124,250.1298,250.1298,-98.4504
681364069,-2.00000,-2.00000,-1.21265,250.1298,-250.1374,-250.1374,0.07288,-0.64417,-1.62695,250.1298,250.1298,-99.9695
681365064,-2.00000,-2.00000,-2.00000,250.1298,-250.1374,-250.1374,0.03198,-0.64258,-1.60767,250.1298,250.1298,-101.1145
681366069,-2.00000,-2.00000,-2.00000,250.1298,-250.1374,-250.1374,-0.00635,-0.64160,-1.58716,250.1298,250.1298,-102.0534
681367064,-2.00000,-2.00000,-2.00000,250.1298,-250.1374,-250.1374,-0.04138,-0.63989,-1.56470,250.1298,250.1298,-102.7405
681368064,-2.00000,-2.00000,-2.00000,250.1298,-250.1374,-250.1374,-0.07471,-0.63550,-1.53760,250.1298,250.1298,-103.1450
681369065,-2.00000,-2.00000,-2.00000,250.1298,-250.1374,-250.1374,-0.10620,-0.62866,-1.50842,250.1298,250.1298,-103.3511
681370065,-2.00000,0.40674,-2.00000,250.1298,-250.1374,-250.1374,-0.13428,-0.62183,-1.47998,250.1298,250.1298,-103.3359
681371069,-2.00000,1.67114,-2.00000,250.1298,-143.9771,-250.1374,-0.16150,-0.61572,-1.44836,250.1298,250.1298,-103.0458
681372067,-2.00000,-0.77527,-2.00000,250.1298,99.5802,-242.1374,-0.18970,-0.60693,-1.41602,250.1298,250.1298,-102.5725
681373068,-1.22070,0.02368,-0.36169,250.1298,250.1298,-250.1374,-0.21753,-0.59253,-1.39038,250.1298,250.1298,-102.0458
681374067,1.93433,1.99994,1.99994,250.1298,250.1298,-250.1374,-0.24402,-0.57776,-1.36719,250.1298,250.1298,-101.4275
681375065,1.99994,1.99994,1.99994,250.1298,250.1298,-250.1374,-0.26868,-0.56677,-1.33948,250.1298,250.1298,-100.7786
681376069,1.99994,1.99994,1.99994,250.1298,-24.8550,-250.1374,-0.28906,-0.55847,-1.31189,250.1298,250.1298,-100.1221
681377068,1.99994,1.99994,1.99994,250.1298,-250.1374,-250.1374,-0.30518,-0.55225,-1.28711,250.1298,250.1298,-99.3359
681378068,1.99994,-1.50867,1.99994,250.1298,-250.1374,-250.1374,-0.31909,-0.54663,-1.26294,250.1298,250.1298,-98.6641
681379067,1.99994,-2.00000,1.99994,250.1298,-250.1374,-250.1374,-0.33081,-0.54163,-1.24109,250.1298,250.1298,-98.1450
681380068,1.99994,-2.00000,1.99994,250.1298,-250.1374,-250.1374,-0.34070,-0.53625,-1.21973,250.1298,250.1298,-97.7252
681381067,1.99994,1.80322,1.99994,250.1298,-250.1374,-250.1374,-0.34998,-0.53052,-1.19629,250.1298,250.1298,-97.4733
681382067,1.78650,1.99994,1.99994,250.1298,-250.1374,-250.1374,-0.35852,-0.52368,-1.17236,250.1298,250.1298,-97.3511
681383064,-1.10425,1.99994,1.99994,250.1298,-250.1374,-250.1374,-0.36682,-0.51575,-1.15015,250.1298,250.1298,-97.3740
681384069,-2.00000,-2.00000,-0.06421,250.1298,-250.1374,-250.1374,-0.37549,-0.50671,-1.12756,250.1298,250.1298,-97.6641
681385064,-2.00000,-2.00000,-2.00000,250.1298,-250.1374,-250.1374,-0.38281,-0.49536,-1.10352,250.1298,250.1298,-98.1908
681386069,-2.00000,-2.00000,-2.00000,250.1298,-250.1374,-250.1374,-0.38745,-0.48254,-1.07825,250.1298,250.1298,-98.9389
681387064,-2.00000,-2.00000,-2.00000,250.1298,-250.1374,-250.1374,-0.39038,-0.46826,-1.05078,250.1298,250.1298,-99.8779
681388069,-2.00000,-1.03235,-2.00000,250.1298,-250.1374,-250.1374,-0.39355,-0.45142,-1.02173,250.1298,250.1298,-100.9847
681389068,-2.00000,1.99994,-2.00000,250.1298,-250.1374,-250.1374,-0.39685,-0.43066,-0.99072,250.1298,250.1298,-102.3130
681390068,-2.00000,1.99994,-2.00000,250.1298,-250.1374,-250.1374,-0.39929,-0.40601,-0.95801,250.1298,250.1298,-103.9160
681391068,-2.00000,0.49158,-2.00000,250.1298,-250.1374,-250.1374,-0.39966,-0.37793,-0.92395,250.1298,250.1298,-105.7786
681392068,-2.00000,-0.17676,-2.00000,250.1298,-146.3588,-250.1374,-0.39746,-0.34534,-0.88770,250.1298,250.1298,-107.8779
681393068,-2.00000,1.99994,-2.00000,250.1298,78.0840,-250.1374,-0.39392,-0.30652,-0.84900,250.1298,250.1298,-110.2519
681394068,-0.49109,1.99994,-1.96521,250.1298,210.0916,-250.1374,-0.38989,-0.26208,-0.80737,250.1298,250.1298,-112.8931
681395068,1.99994,1.99994,1.99994,250.1298,250.1298,-250.1374,-0.38501,-0.21106,-0.76196,250.1298,250.1298,-115.7557
681396068,1.99994,1.99994,1.99994,250.1298,220.5725,-250.1374,-0.37952,-0.15210,-0.71362,250.1298,250.1298,-118.8244
681397065,1.99994,-0.01855,1.99994,250.1298,40.8702,-250.1374,-0.37244,-0.08569,-0.66272,250.1298,250.1298,-122.0992
681398069,1.99994,-2.00000,1.99994,250.1298,-250.1374,-250.1374,-0.36426,-0.01257,-0.60779,250.1298,250.1298,-125.5191
681399068,1.99994,-2.00000,1.99994,250.1298,-250.1374,-250.1374,-0.35730,0.06543,-0.54956,250.1298,250.1298,-129.0763
681400068,0.58826,-2.00000,1.99994,250.1298,-250.1374,-250.1374,-0.35059,0.14734,-0.48999,250.1298,250.1298,-132.7481
681401068,1.56750,-1.36328,1.99994,250.1298,-250.1374,-250.1374,-0.34375,0.23364,-0.42908,250.1298,250.1298,-136.4809
681402068,1.99994,1.46460,1.99994,250.1298,-250.1374,-250.1374,-0.33972,0.32178,-0.36719,250.1298,250.1298,-140.2290
681403067,1.99994,1.07532,1.99994,250.1298,-250.1374,-250.1374,-0.33899,0.40869,-0.30688,250.1298,250.1298,-143.9008
681404067,-1.12463,-2.00000,1.99994,250.1298,-250.1374,-250.1374,-0.34314,0.49170,-0.24951,250.1298,250.1298,-147.4504
681405067,-1.74341,-2.00000,1.99994,250.1298,-250.1374,-250.1374,-0.35278,0.57239,-0.19666,250.1298,250.1298,-150.8626
681406068,-2.00000,-2.00000,1.02783,250.1298,-250.1374,-250.1374,-0.36597,0.65320,-0.14441,250.1298,250.1298,-154.0687
681407068,-2.00000,-2.00000,-1.98828,250.1298,-250.1374,-250.1374,-0.38147,0.73181,-0.09131,250.1298,250.1298,-156.9084
681408068,-2.00000,-2.00000,-2.00000,250.1298,-250.1374,-250.1374,-0.39880,0.80725,-0.03894,250.1298,250.1298,-159.3817
681409064,-2.00000,-2.00000,-2.00000,250.1298,-250.1374,-250.1374,-0.41675,0.88086,0.01270,250.1298,250.1298,-161.4962
681410068,-2.00000,-2.00000,-2.00000,250.1298,-250.1374,-250.1374,-0.43616,0.95593,0.06372,250.1298,250.1298,-163.2824
681411068,-2.00000,-2.00000,-2.00000,250.1298,-250.1374,-250.1374,-0.45630,1.03271,0.11487,250.1298,250.1298,-164.6718
681412068,-2.00000,0.22290,-2.00000,250.1298,-250.1374,-250.1374,-0.47412,1.10986,0.16504,250.1298,250.1298,-165.6489
681413067,-2.00000,1.99994,-2.00000,250.1298,-250.1374,-250.1374,-0.48938,1.18884,0.21423,250.1298,250.1298,-166.2595
681414068,-2.00000,1.99994,-2.00000,250.1298,-207.0153,-250.1374,-0.50146,1.26721,0.26270,250.1298,250.1298,-166.4122
681415067,-2.00000,1.99994,0.35767,250.1298,-35.8168,-250.1374,-0.50977,1.34473,0.30908,250.1298,250.1298,-166.0992
681416067,0.74731,1.99994,1.99994,250.1298,32.8168,-250.1374,-0.51624,1.42346,0.35339,250.1298,245.0687,-165.3664
681417067,1.15234,1.99994,1.99994,250.1298,-71.9847,-250.1374,-0.52014,1.50061,0.39526,250.1298,228.2519,-164.2366
681418065,1.99994,0.28931,1.99994,250.1298,-250.1374,-250.1374,-0.51892,1.57593,0.43237,250.1298,211.4656,-162.6641
681419069,1.99994,-0.85352,1.99994,250.1298,-250.1374,-250.1374,-0.50549,1.64539,0.45923,250.1298,194.8931,-160.5573
681420068,1.90088,0.58813,1.99994,250.1298,-250.1374,-250.1374,-0.47974,1.69653,0.49341,250.1298,179.1069,-157.8092
681421068,1.76636,1.08948,1.99994,250.1298,-250.1374,-250.1374,-0.45508,1.74329,0.54956,250.1298,163.9542,-154.7557
681422068,1.99994,0.10876,1.99994,250.1298,-250.1374,-250.1374,-0.43298,1.79651,0.59729,250.1298,148.6031,-151.3359
681423068,1.78076,-0.40430,1.99994,250.1298,-250.1374,-250.1374,-0.41199,1.85144,0.61938,250.1298,133.1221,-147.5878
681424067,-0.45374,-0.75562,1.99994,250.1298,-250.1374,-227.7023,-0.39673,1.90979,0.63477,250.1298,118.2901,-143.4962
681425067,-1.92688,0.41455,0.40259,250.1298,-250.1374,-183.7557,-0.38464,1.96558,0.65393,250.1298,104.2519,-139.0076
681426067,-1.92468,1.99994,-0.19983,250.1298,-250.1374,-194.6641,-0.37463,1.99994,0.66980,250.1298,90.7557,-134.1985
681427068,-1.70056,1.99994,-0.11609,250.1298,-250.1374,-212.4733,-0.36768,1.99994,0.67822,250.1298,77.6947,-129.1756
681428067,-2.00000,1.97192,1.76160,250.1298,-250.1374,-249.4504,-0.36353,1.99994,0.68103,250.1298,65.1450,-123.9237
681429067,-0.96082,-0.77930,1.99994,250.1298,-250.1374,-250.1374,-0.36206,1.99994,0.68445,250.1298,53.1832,-118.4885
681430067,0.39246,-2.00000,1.99994,250.1298,-250.1374,-250.1374,-0.36365,1.99994,0.69067,250.1298,41.7252,-112.8855
681431067,0.12671,-2.00000,1.99994,250.1298,-250.1374,-250.1374,-0.37024,1.99994,0.69446,250.1298,30.6718,-107.0611
681432067,0.17737,-1.84216,1.44373,250.1298,-250.1374,-250.1374,-0.38281,1.99994,0.69482,250.1298,20.0687,-101.0305
681433067,0.42200,-2.00000,0.77209,250.1298,-250.1374,-250.1374,-0.39832,1.99994,0.69360,235.8244,9.9389,-94.8015
681434068,-0.84497,-2.00000,-0.24585,250.1298,-250.1374,-250.1374,-0.41479,1.99994,0.69263,188.8473,0.2595,-88.3511
681435068,-2.00000,-2.00000,-1.41846,250.1298,-250.1374,-250.1374,-0.43140,1.99994,0.69312,142.2061,-8.9847,-81.7176
681436068,-2.00000,-2.00000,-2.00000,250.1298,-250.1374,-250.1374,-0.44702,1.99994,0.69543,95.9771,-17.8397,-74.9160
681437068,-2.00000,-2.00000,-2.00000,250.1298,-250.1374,-250.1374,-0.45984,1.99994,0.69812,50.3053,-26.3053,-67.9237
681438068,-2.00000,-2.00000,-2.00000,250.1298,-250.1374,-244.5115,-0.46912,1.99994,0.70044,5.3969,-34.3664,-60.6870
681439067,-2.00000,0.45667,-2.00000,20.8092,-250.1374,-124.5038,-0.47412,1.99994,0.70190,-38.5115,-41.9924,-53.2366
681440068,-2.00000,1.99994,-2.00000,-127.0153,-250.1374,-33.8626,-0.47424,1.99994,0.70410,-81.2672,-49.1145,-45.6260
681441068,-2.00000,1.99994,-2.00000,-173.7252,-181.9084,22.5725,-0.47046,1.99994,0.70886,-122.7099,-55.7557,-37.8855
681442068,-1.62341,1.99994,-2.00000,-186.0458,-130.0382,83.2748,-0.46326,1.99994,0.71423,-162.6489,-61.9160,-29.9924
681443067,-0.78931,1.99994,-2.00000,-91.0382,-112.6412,99.8931,-0.45288,1.99994,0.71851,-200.8244,-67.5496,-21.9313
681444067,0.12903,1.99994,0.62634,120.3130,-168.2977,43.4962,-0.43933,1.94373,0.72168,-237.0382,-72.6260,-13.6947
681445067,0.29089,1.99994,1.76013,250.1298,-226.9542,-32.3053,-0.42200,1.84814,0.72473,-250.1374,-77.1603,-5.3435
681446065,-0.74109,1.38843,-1.61560,250.1298,-250.1374,-219.0763,-0.40063,1.74377,0.72986,-250.1374,-81.1221,3.0611
681447065,0.29565,1.34619,-1.84912,250.1298,-212.3817,-250.1374,-0.37720,1.63293,0.73682,-250.1374,-84.4962,11.4733
681448068,0.44202,0.41882,-0.95081,250.1298,-188.5649,-242.2214,-0.35193,1.51660,0.74316,-250.1374,-87.2977,19.8168
681449068,-0.57275,-1.91504,-2.00000,250.1298,-211.1221,-191.1527,-0.32434,1.39587,0.75061,-250.1374,-89.5038,28.0305
681450068,-1.38684,-2.00000,-2.00000,250.1298,-215.0534,-114.8092,-0.29578,1.27295,0.76172,-250.1374,-91.1298,36.0534
681451068,-2.00000,-2.00000,-2.00000,250.1298,-207.1832,-27.4504,-0.26636,1.14929,0.77490,-250.1374,-92.1603,43.8168
681452068,-2.00000,-1.88525,-2.00000,-61.9160,-176.2366,80.3359,-0.23645,1.02637,0.79028,-250.1374,-92.6260,51.2366
681453068,-2.00000,1.32690,-2.00000,-250.1374,-89.2672,198.2137,-0.20618,0.90588,0.80750,-250.1374,-92.5191,58.3053
681454064,-2.00000,1.99994,-2.00000,-250.1374,7.5649,250.1298,-0.17603,0.78723,0.82617,-250.1374,-91.8626,64.9084
681455069,-2.00000,1.99994,-2.00000,-250.1374,109.4656,250.1298,-0.11902,0.55566,0.87292,-250.1374,-88.9924,76.5038
681456064,-2.00000,1.81238,-2.00000,-250.1374,207.5649,250.1298,-0.09009,0.44421,0.89807,-250.1374,-86.7634,81.4427
681457064,-2.00000,0.39148,-2.00000,-250.1374,250.1298,250.1298,-0.06213,0.33655,0.92456,-250.1374,-84.0153,85.7557
681458068,-2.00000,-0.20007,-2.00000,-250.1374,250.1298,250.1298,-0.03516,0.23413,0.95190,-250.1374,-80.8168,89.3664
681459068,-2.00000,0.38745,-2.00000,-225.6031,250.1298,250.1298,-0.00977,0.13635,0.97864,-250.1374,-77.2137,92.2595
681460067,-2.00000,1.99994,-2.00000,-81.1069,250.1298,211.7634,0.01379,0.04333,1.00464,-250.1374,-73.2290,94.4351
681461067,-2.00000,1.99994,-2.00000,87.6107,250.1298,147.6107,0.03809,-0.04614,1.02808,-250.1374,-68.9160,95.9389
681462068,-2.00000,1.99994,-2.00000,130.4122,250.1298,158.9313,0.06421,-0.13354,1.04858,-250.1374,-64.3053,96.7328
681463067,-2.00000,1.99994,-2.00000,-0.8473,250.1298,247.1221,0.08972,-0.21802,1.06763,-250.1374,-59.4504,96.8550
681464067,-2.00000,1.76697,-2.00000,-173.0840,250.1298,250.1298,0.11450,-0.29834,1.08606,-250.1374,-54.4122,96.3359
681465067,-2.00000,-2.00000,0.66003,-232.2977,250.1298,250.1298,0.13928,-0.37415,1.10474,-250.1374,-49.2061,95.1985
681466068,-1.53235,-2.00000,1.99994,-222.1603,250.1298,250.1298,0.16223,-0.44421,1.12268,-250.1374,-43.8779,93.4580
681467067,-0.29321,-2.00000,1.99994,-248.2824,250.1298,250.1298,0.18225,-0.50879,1.13855,-250.1374,-38.4656,91.1908
681468067,1.99994,-2.00000,1.99994,-250.1374,250.1298,250.1298,0.20044,-0.56714,1.15161,-250.1374,-33.0000,88.4351
681469067,1.99994,-1.69385,1.99994,-250.1374,250.1298,250.1298,0.21667,-0.61768,1.16321,-250.1374,-27.5267,85.1679
681470065,1.99994,-2.00000,1.99994,-250.1374,250.1298,250.1298,0.23010,-0.66406,1.17444,-250.1374,-22.0992,81.4046
681471069,1.05957,-2.00000,1.99994,-250.1374,250.1298,250.1298,0.23840,-0.69739,1.18616,-249.5191,-16.8168,77.0763
681472068,0.33337,-2.00000,1.99994,-250.1374,180.7786,250.1298,0.24268,-0.71997,1.19446,-224.6412,-11.8015,72.6336
681473068,0.33948,-1.95923,1.99994,-250.1374,168.5420,250.1298,0.24719,-0.74219,1.19812,-199.4656,-7.0458,68.1985
681474068,-1.77344,1.74329,0.36304,-250.1374,153.5115,250.1298,0.25012,-0.75781,1.20203,-174.1145,-2.5649,63.6412
681475068,-2.00000,1.99994,-2.00000,-250.1374,185.9084,250.1298,0.25073,-0.76550,1.20618,-148.8168,1.5802,58.8931
681476068,-2.00000,0.52979,-0.66248,-250.1374,250.1298,250.1298,0.24829,-0.76624,1.20923,-123.8168,5.3740,53.9924
681477068,-2.00000,-1.30908,0.25366,-250.1374,250.1298,250.1298,0.24390,-0.76086,1.21106,-99.2748,8.8015,49.0000
681478068,-2.00000,-2.00000,-1.24512,-250.1374,250.1298,250.1298,0.23779,-0.74902,1.21155,-75.3359,11.7710,44.0000
681479067,-2.00000,-2.00000,-1.76147,-250.1374,250.1298,250.1298,0.22876,-0.72998,1.21118,-52.1603,14.2824,39.0153
681480067,-2.00000,-2.00000,0.44800,-250.1374,250.1298,250.1298,0.21729,-0.70532,1.21265,-29.8779,16.3588,34.0153
681481067,-1.06079,-2.00000,1.99994,-182.0534,250.1298,250.1298,0.20435,-0.67456,1.21521,-8.6183,17.9847,29.0229
681482068,-0.29346,-2.00000,1.99994,-153.7634,250.1298,250.1298,0.19116,-0.63989,1.21509,11.5649,19.1603,24.0458
681483068,0.60925,-2.00000,1.99994,-187.9618,250.1298,250.1298,0.17847,-0.60388,1.21350,30.5802,19.9618,19.1450
681484067,1.99994,-2.00000,1.99994,-250.1374,250.1298,250.1298,0.16467,-0.56592,1.21057,48.4351,20.4275,14.2977
681485068,1.99994,-2.00000,1.99994,-250.1374,250.1298,250.1298,0.15051,-0.52637,1.20593,65.1527,20.5496,9.5725
681486068,1.99994,-2.00000,1.99994,-250.1374,250.1298,250.1298,0.13721,-0.48584,1.20020,80.7481,20.3435,4.9924
681487068,1.27930,-2.00000,1.99994,-250.1374,250.1298,250.1298,0.12451,-0.44592,1.19348,95.2443,19.8397,0.5573
681488068,1.30139,-2.00000,1.99994,-250.1374,250.1298,250.1298,0.11292,-0.40686,1.18579,108.7099,19.1221,-3.7099
681489068,0.71826,-2.00000,1.99994,-250.1374,250.1298,250.1298,0.10266,-0.36780,1.17664,121.1679,18.2061,-7.7786
681490068,-0.09644,-2.00000,1.99994,-250.1374,250.1298,250.1298,0.09351,-0.32935,1.16699,132.6718,17.1069,-11.6336
681491068,0.58679,-2.00000,1.99994,-250.1374,250.1298,231.7176,0.08472,-0.29211,1.15674,143.2443,15.8473,-15.2672
681492067,1.99994,-2.00000,1.99994,-139.0916,250.1298,185.7023,0.07605,-0.25452,1.14441,152.9084,14.5191,-18.6718
681493067,1.99994,-2.00000,1.99994,-48.7176,241.9313,162.7786,0.06787,-0.21582,1.13135,161.7099,13.1603,-21.8321
681494067,0.34082,-2.00000,1.99994,-50.3282,168.5115,142.1221,0.06042,-0.17810,1.11829,169.6870,11.7710,-24.7252
681495067,0.66797,-2.00000,1.99994,-78.3359,122.0611,104.5038,0.05322,-0.14124,1.10461,176.8702,10.3130,-27.3817
681496068,1.74048,-2.00000,1.99994,-114.1527,93.9389,63.8473,0.04639,-0.10364,1.09033,183.2748,8.8015,-29.7863
681497068,1.46643,-2.00000,1.99994,-171.9237,39.9237,38.3359,0.03943,-0.06689,1.07507,188.9084,7.3130,-31.9389
681498067,0.97009,-2.00000,1.99994,-219.0153,-20.7023,24.5649,0.03271,-0.03113,1.05859,193.7481,5.8397,-33.8321
681499068,0.45190,-2.00000,1.99994,-250.1374,-49.6336,20.5878,0.02759,0.00476,1.04187,197.8321,4.3511,-35.4733
681500067,-0.59570,-2.00000,1.34814,-250.1374,-41.5191,30.9542,0.02380,0.04138,1.02454,201.2061,2.8779,-36.8702
681501068,-1.51831,-2.00000,-0.10132,-250.1374,5.8779,34.6183,0.01978,0.07983,1.00598,203.8473,1.4351,-38.0153
681502068,-1.65820,-2.00000,1.23413,-250.1374,83.5649,5.2824,0.01550,0.11804,0.98718,205.7481,0.0076,-38.8931
681503068,-0.92456,-2.00000,1.99994,-250.1374,159.2672,-42.8244,0.01025,0.15564,0.96765,206.8931,-1.4351,-39.5344
681504067,0.61902,0.61060,1.99994,-211.7252,225.3893,-76.0992,0.00476,0.19373,0.94727,207.2748,-2.8855,-39.9771
681505067,1.84106,1.95752,1.99994,-117.5954,250.1298,-98.1985,-0.00073,0.23169,0.92834,206.8855,-4.3435,-40.1832
681506067,1.99994,0.56616,1.99994,0.8397,228.3130,-124.8015,-0.00598,0.26917,0.91040,205.7405,-5.8168,-40.1679
681507067,1.99994,-2.00000,1.99994,73.8702,123.0382,-148.4962,-0.01062,0.30542,0.89294,203.8321,-7.2901,-39.9389
681508067,1.99994,-2.00000,1.99994,61.7405,-30.2137,-167.6031,-0.01562,0.34045,0.87659,201.1679,-8.7252,-39.5344
681509067,1.99994,-2.00000,1.99994,33.1603,-172.3206,-193.5267,-0.01965,0.37488,0.86084,197.7634,-10.1145,-38.9695
681510067,1.99994,-2.00000,1.99994,24.8168,-249.3969,-221.9008,-0.02283,0.40833,0.84656,193.6412,-11.4427,-38.2366
681511067,1.99994,-2.00000,1.99994,-30.8321,-250.1374,-234.8473,-0.02515,0.43994,0.83276,188.8321,-12.7099,-37.3588
681512068,1.23376,-2.00000,1.99994,-157.2443,-250.1374,-233.5344,-0.02527,0.46912,0.81995,183.3511,-13.9237,-36.3511
681513068,-0.75281,-2.00000,0.22888,-250.1374,-250.1374,-238.3817,-0.02405,0.49719,0.80859,177.2290,-15.0992,-35.2443
681514068,-1.27979,1.04529,-0.99377,-250.1374,-250.1374,-250.1374,-0.02295,0.52405,0.79749,170.5038,-16.1756,-33.9847
681515067,-0.36084,1.99994,-0.70898,-250.1374,-250.1374,-250.1374,-0.02136,0.54944,0.78723,163.2061,-17.1450,-32.6183
681516067,-0.51074,1.99994,-0.09167,-250.1374,-217.0076,-250.1374,-0.01831,0.57324,0.77905,155.3435,-18.0076,-31.1527
681517067,-1.11145,1.99994,-0.57776,-250.1374,-174.5649,-250.1374,-0.01440,0.59485,0.77124,146.9542,-18.7786,-29.6336
681518067,-0.11340,1.99994,-0.06104,-185.7099,-107.7099,-250.1374,-0.01123,0.61328,0.76245,138.0687,-19.4198,-28.0382
681519067,0.95532,1.99994,1.02002,-31.6336,-81.1985,-250.1374,-0.00854,0.62878,0.75476,128.6565,-19.9466,-26.4046
681520067,1.15869,1.99994,1.15015,119.8626,-114.4198,-250.1374,-0.00684,0.64270,0.74817,118.9008,-20.3740,-24.7328
681521068,1.79333,1.99994,0.95215,204.9924,-155.3740,-250.1374,-0.00537,0.65503,0.74268,108.8779,-20.7023,-23.0076
681522067,1.99994,1.99994,0.89771,210.1221,-202.9084,-250.1374,-0.00293,0.66541,0.73877,98.5496,-20.9237,-21.2290
681523065,1.54346,1.99994,0.38135,175.2366,-250.1374,-250.1374,0.00037,0.67273,0.73523,87.9389,-21.0229,-19.4427
681524065,1.59875,1.99994,0.82373,125.3282,-250.1374,-250.1374,0.00488,0.67700,0.73206,77.0611,-20.9847,-17.6565
681525069,1.72095,1.99994,1.57373,38.1527,-250.1374,-250.1374,0.00952,0.67969,0.72949,65.9695,-20.8702,-15.8473
681526064,0.98242,1.99994,-0.22839,-75.8550,-250.1374,-250.1374,0.01306,0.68164,0.72729,54.7252,-20.7405,-14.0534
681527065,0.16479,1.99994,-2.00000,-154.5496,-250.1374,-219.3588,0.01611,0.68188,0.72522,43.3740,-20.5878,-12.2672
681528065,0.02344,1.99994,-1.84143,-187.3664,-250.1374,-194.8397,0.01929,0.68042,0.72302,31.9771,-20.3588,-10.4427
681529069,0.21875,1.99994,-1.49304,-207.7099,-248.9771,-175.5420,0.02246,0.67676,0.72278,20.6031,-20.0763,-8.6489
681530068,0.38733,1.99994,-1.36072,-204.4656,-201.7023,-164.4885,0.02563,0.67065,0.72461,9.2901,-19.7557,-6.9084
681531068,0.87915,1.99994,-1.75903,-151.0000,-168.9008,-165.4198,0.02881,0.66296,0.72595,-1.9237,-19.3664,-5.2443
681532068,1.25134,1.99994,-2.00000,-57.2824,-176.8092,-170.9389,0.03271,0.65356,0.72717,-12.9771,-18.9542,-3.6260
681533068,0.60803,1.99994,-2.00000,44.9618,-221.5649,-179.8397,0.03674,0.64246,0.73035,-23.8092,-18.5344,-2.0687
681534068,-0.37671,1.99994,-2.00000,117.1298,-250.1374,-189.6183,0.04089,0.62939,0.73584,-34.3435,-18.0840,-0.5573
681535067,-0.77405,1.99994,-2.00000,118.9237,-231.4580,-196.9008,0.04578,0.61414,0.74097,-44.5115,-17.6260,0.8779
681536067,-0.50940,1.99994,-2.00000,59.1069,-162.7023,-190.8931,0.05017,0.59668,0.74512,-54.2672,-17.1374,2.2672
681537067,-0.42554,1.99994,-2.00000,-0.1527,-100.5344,-160.8855,0.05457,0.57837,0.74878,-63.5649,-16.6260,3.5802
681538067,-0.89258,1.99994,-2.00000,-24.3664,-70.7710,-117.5115,0.05884,0.55920,0.75244,-72.3969,-16.0992,4.8397
681539067,-1.13660,1.99994,-2.00000,-44.8702,-39.3511,-83.1221,0.06238,0.53857,0.75732,-80.7328,-15.5954,6.0763
681540067,-1.07507,1.99994,-2.00000,-93.7634,17.9466,-65.2137,0.06458,0.51807,0.76392,-88.5420,-15.1450,7.3053
681541068,-0.70898,1.99994,-2.00000,-141.7634,82.0916,-52.8244,0.06543,0.49744,0.77148,-95.8473,-14.7099,8.5038
681542067,0.21509,1.99994,-2.00000,-150.2977,125.0000,-37.4504,0.06470,0.47620,0.77759,-102.6718,-14.3282,9.6718
681543068,1.27283,1.99994,-0.22449,-114.3588,124.7634,-17.5115,0.06250,0.45447,0.78296,-109.0458,-14.0076,10.8244
681544068,1.85120,1.99994,0.60767,-50.3435,83.6565,2.3511,0.05945,0.43335,0.78955,-114.9313,-13.7405,11.9237
681545067,1.90173,1.99994,0.12451,-1.1603,31.9389,19.9847,0.05615,0.41272,0.79651,-120.3511,-13.5344,13.0076
681546067,1.44067,1.99994,-0.88501,-11.3588,-3.4656,38.9771,0.05261,0.39087,0.80322,-125.2901,-13.3893,14.0534
681547067,0.65674,1.85583,-1.54968,-65.7023,-18.3969,50.8779,0.04797,0.36963,0.81018,-129.7557,-13.3359,15.0382
681548067,0.57153,1.99994,-1.64270,-91.5344,-5.3206,46.7634,0.04333,0.35059,0.81848,-133.7557,-13.3817,15.9542
681549067,0.73694,1.99994,-1.20288,-69.4656,14.9084,40.6489,0.03723,0.33289,0.82812,-137.3359,-13.5038,16.7939
681550068,0.03186,1.99994,-1.96118,-51.2824,2.4885,56.2366,0.02917,0.31592,0.83716,-140.5115,-13.6565,17.5267
681551067,-0.92664,1.99994,-2.00000,-60.5420,3.1450,79.7176,0.02185,0.29980,0.84644,-143.2824,-13.8397,18.1985
681552067,-1.24219,1.99994,-2.00000,-76.2519,50.7405,85.5191,0.01636,0.28467,0.85742,-145.6718,-14.0916,18.7939
681553068,-0.94592,1.99994,-2.00000,-75.5649,116.1527,75.9160,0.00439,0.25610,0.88025,-149.3969,-14.7405,19.7557
681554068,-0.53320,1.99994,-1.13855,-41.8626,166.5038,63.6260,-0.00146,0.24182,0.89197,-150.7634,-15.1298,20.1221
681555067,0.05103,1.99994,-0.54163,19.9389,188.9389,57.5191,-0.00720,0.22766,0.90405,-151.8092,-15.5267,20.4351
681556067,0.76147,1.99994,0.04150,66.6947,180.1374,65.8473,-0.01221,0.21375,0.91626,-152.5344,-15.9466,20.6718
681557067,1.23816,1.99994,0.50330,70.0458,152.0229,84.1298,-0.01587,0.19922,0.92676,-152.9466,-16.3893,20.8244
681558067,1.19055,1.68628,0.76379,49.5649,119.7634,101.5954,-0.01880,0.18469,0.93652,-153.0458,-16.8626,20.9389
681559067,0.98584,0.40930,0.38489,28.1832,83.8779,110.2519,-0.02136,0.16980,0.94727,-152.8168,-17.3740,21.0229
681560068,0.54370,-0.10913,-0.12476,-10.7939,56.6565,117.7634,-0.02319,0.15527,0.95776,-152.3053,-17.9008,21.0229
681561068,-0.33679,0.18738,-0.94763,-90.9313,33.6031,137.8168,-0.02405,0.14172,0.96606,-151.5496,-18.4198,20.9389
681562067,-1.01086,0.98755,-2.00000,-158.7863,41.0153,154.3130,-0.02380,0.12878,0.97229,-150.5496,-18.9771,20.8244
681563068,-1.27759,1.99994,-2.00000,-160.4275,82.4198,152.7405,-0.02283,0.11609,0.97900,-149.2443,-19.5725,20.7099
681564067,-1.28101,1.99994,-2.00000,-126.8550,112.5420,152.8244,-0.02100,0.10400,0.98694,-147.6870,-20.2290,20.5725
681565067,-1.39014,1.99994,-2.00000,-108.2672,140.7634,164.7099,-0.01819,0.09229,0.99414,-145.8626,-20.9008,20.3893
681566067,-1.38757,1.17603,-1.61841,-97.3893,189.8092,171.6947,-0.01501,0.08044,0.99927,-143.7710,-21.5725,20.1908
681567068,-0.73901,0.36682,-0.20813,-59.8397,250.1298,162.7863,-0.01086,0.07007,1.00403,-141.4427,-22.2672,19.9771
681568068,-0.01648,0.39148,0.91833,-1.3282,250.1298,142.6489,-0.00635,0.06189,1.00842,-138.9008,-23.0076,19.7328
681569068,0.52637,0.90417,1.10632,49.9160,250.1298,124.1298,-0.00281,0.05493,1.01355,-136.1527,-23.7557,19.4198
681570068,0.99451,0.93884,1.11206,75.4275,236.0305,115.5115,-0.00061,0.04810,1.01855,-133.1985,-24.5191,19.0458
681571068,1.20361,0.13049,1.33044,80.3206,182.8702,111.0076,0.00073,0.04175,1.02222,-130.0305,-25.2672,18.6489
681572067,1.33899,-0.89502,1.88916,75.5344,139.4351,100.8321,0.00232,0.03711,1.02563,-126.6947,-25.9847,18.2214
681573068,1.22449,-1.26758,1.99994,60.5802,107.7176,90.1450,0.00476,0.03381,1.02795,-123.2290,-26.6794,17.7863
681574068,0.74939,-0.83130,1.99994,21.1374,88.2214,91.7252,0.00757,0.03137,1.02954,-119.6565,-27.3588,17.3130
681575067,0.40747,-0.03174,1.97363,-37.0687,94.1145,107.3435,0.00940,0.02942,1.03113,-115.9695,-28.0153,16.7634
681576068,0.16846,0.38367,1.02283,-83.6031,109.3893,130.9237,0.00916,0.02795,1.03210,-112.2214,-28.6565,16.1832
681577068,-0.37317,-0.00830,0.02454,-91.7939,111.2137,150.7557,0.00793,0.02747,1.03333,-108.4351,-29.2901,15.5802
681578068,-0.36328,-0.01648,-0.07092,-80.2290,131.3893,164.5496,0.00732,0.02856,1.03369,-104.6641,-29.9084,14.9313
681579068,-0.37817,1.31726,0.37195,-100.9008,148.1298,177.2595,0.00696,0.03125,1.03394,-100.9313,-30.5115,14.2137
681580067,-0.28052,1.92615,0.52173,-98.5496,163.0076,190.2672,0.00720,0.03467,1.03564,-97.2595,-31.1374,13.4656
681581067,-0.00928,1.03687,0.98193,-68.3435,172.3817,193.9542,0.00720,0.03894,1.03662,-93.6870,-31.7710,12.7405
681582067,-0.23694,-0.41113,0.99438,-45.5725,161.4275,188.2748,0.00586,0.04395,1.03479,-90.2214,-32.3893,12.0076
681583067,-0.49292,-1.19153,0.49988,-41.8244,158.3053,173.9237,0.00427,0.04907,1.03235,-86.8931,-33.0000,11.2672
681584067,-0.46033,-0.77051,1.01208,-36.7252,163.8473,151.4427,0.00439,0.05457,1.03149,-83.7023,-33.6107,10.5344
681585067,-0.13708,-0.08533,1.99994,-7.3969,172.2443,129.3282,0.00549,0.06030,1.03125,-80.7176,-34.2061,9.7939
681586067,0.31848,-1.01611,1.99994,29.7099,176.5725,123.6870,0.00769,0.06531,1.02954,-77.9008,-34.7557,9.0534
681587067,0.20569,-2.00000,1.99994,35.3053,167.9237,130.5038,0.01099,0.06982,1.02637,-75.2137,-35.3130,8.3359
681588067,0.08521,-2.00000,1.99994,21.0611,160.5725,129.8015,0.01416,0.07483,1.02356,-72.6870,-35.8779,7.6565
681589068,0.52490,-2.00000,1.99994,10.1985,156.0687,115.5420,0.01807,0.07971,1.02124,-70.3664,-36.4198,7.0305
681590067,0.97217,-2.00000,1.99994,-3.0687,132.4580,102.8931,0.02136,0.08386,1.01807,-68.2595,-36.9313,6.4351
681591068,1.36279,-2.00000,1.99994,-22.4733,93.6183,104.7939,0.02454,0.08655,1.01477,-66.2977,-37.3893,5.8779
681592067,1.52136,-2.00000,1.99994,-46.5802,52.9084,113.7939,0.02832,0.08826,1.01245,-64.4809,-37.7786,5.3588
681593068,1.21899,-2.00000,1.99994,-79.8397,11.6489,119.5038,0.03210,0.09070,1.00952,-62.8168,-38.1145,4.8702
681594068,0.76782,-2.00000,1.99994,-103.4733,-21.1374,113.6031,0.03540,0.09338,1.00610,-61.3053,-38.4275,4.4122
681595067,0.32654,-2.00000,1.99994,-89.9389,-46.6107,94.6260,0.03882,0.09521,1.00269,-59.9542,-38.7099,4.0153
681596068,-0.00989,-2.00000,1.99994,-52.3893,-68.9542,70.5802,0.04285,0.09595,0.99841,-58.7710,-38.9313,3.6489
681597068,-0.36951,-2.00000,1.99994,-22.3435,-81.8015,50.4809,0.04602,0.09631,0.99426,-57.7481,-39.0916,3.3053
681598067,-1.05371,-2.00000,0.82935,-3.5344,-80.2214,35.7634,0.04834,0.09680,0.99097,-56.8473,-39.2061,2.9771
681599068,-1.39807,-2.00000,0.15234,16.2901,-56.2748,23.4733,0.05176,0.09729,0.98743,-56.0992,-39.2824,2.6641
681600068,-1.14673,-2.00000,0.44653,30.1374,-20.0076,16.3130,0.05554,0.09766,0.98376,-55.4733,-39.3282,2.3588
681601068,-1.11194,-2.00000,0.44604,26.4885,1.7405,16.6641,0.05908,0.09851,0.97925,-54.9084,-39.3359,2.0763
681602067,-1.10242,-2.00000,0.23206,12.9084,19.9008,18.3359,0.06116,0.09851,0.97400,-54.4504,-39.2824,1.8015
681603068,-0.59497,-2.00000,0.78455,-8.2443,42.9695,20.1985,0.06238,0.09827,0.96924,-54.1221,-39.1603,1.5573
681604068,-0.09216,-2.00000,1.42639,-41.4962,49.9389,24.6183,0.06372,0.09717,0.96570,-53.8779,-38.9466,1.3359
681605067,0.13391,-2.00000,1.75586,-67.2290,39.2137,25.3817,0.06592,0.09583,0.96204,-53.6718,-38.6718,1.1221
681606068,0.35632,-2.00000,1.99994,-62.1832,21.3817,14.0916,0.06799,0.09668,0.95776,-53.5420,-38.3664,0.9313
681607068,0.52637,-2.00000,1.99994,-38.9618,-3.3893,-6.4504,0.06970,0.09863,0.95361,-53.4962,-38.0000,0.7863
681608068,0.45020,-2.00000,1.99994,-19.9924,-31.5115,-27.6870,0.07153,0.10120,0.94934,-53.5802,-37.5878,0.6947
681609068,0.23669,-1.63574,1.98743,-3.5573,-54.0992,-44.7939,0.07288,0.10535,0.94348,-53.8015,-37.1145,0.6183
681610067,0.11365,-1.54883,1.99994,17.0687,-65.0305,-55.2519,0.07361,0.11096,0.93665,-54.1756,-36.6260,0.5802
681611068,0.04077,-2.00000,1.99994,28.6718,-63.0229,-55.9695,0.07300,0.11841,0.93225,-54.7481,-36.1145,0.5420
681612067,-0.09912,-2.00000,1.99994,9.3740,-51.3588,-51.6718,0.07178,0.12769,0.93042,-55.6031,-35.5649,0.5496
681613067,-0.36670,-2.00000,0.91052,-43.8015,-38.7939,-45.3053,0.07141,0.13928,0.92761,-56.8015,-35.0153,0.5878
681614068,-0.50195,-0.52454,-0.37146,-94.8702,-30.9542,-33.6412,0.07068,0.15222,0.92432,-58.3817,-34.4809,0.7176
681615068,-0.21741,0.73975,0.28369,-116.8626,-26.4580,-16.6718,0.06982,0.16687,0.92395,-60.3893,-33.9618,0.9160
681616068,0.10596,-0.09778,1.62891,-135.1221,-31.9237,6.9542,0.06982,0.18469,0.92493,-62.8931,-33.4580,1.1603
681617068,0.03723,-1.46106,1.88342,-160.3130,-41.7557,23.8244,0.06958,0.20593,0.92529,-65.9618,-33.0076,1.4733
681618068,-0.13599,-1.52136,1.73450,-161.0458,-34.5038,15.7252,0.06824,0.22961,0.92603,-69.6412,-32.6641,1.8321
681619067,0.08618,-0.60254,1.92041,-128.2595,-19.1298,-9.8244,0.06787,0.25439,0.92749,-73.9618,-32.4351,2.2290
681620067,0.36194,0.12769,1.98584,-77.9618,-19.4733,-35.0611,0.06860,0.28101,0.92920,-78.9695,-32.3130,2.6870
681621067,0.19580,0.07190,1.52454,-17.4122,-43.2061,-56.7863,0.06885,0.30847,0.93103,-84.6870,-32.2977,3.1985
681622067,-0.06653,-0.65344,0.95178,35.4962,-69.8168,-77.1374,0.06860,0.33533,0.93237,-91.1145,-32.3969,3.7557
681623067,-0.05542,-1.40210,0.79004,55.3435,-78.5878,-91.4962,0.06860,0.36206,0.93408,-98.2137,-32.5878,4.3893
681624068,-0.17773,-1.84265,0.65869,42.8473,-75.4733,-94.6718,0.06836,0.38733,0.93579,-105.9695,-32.9160,5.0687
681625068,-0.57581,-2.00000,0.40186,11.8244,-69.7328,-85.3511,0.06775,0.41089,0.93713,-114.3664,-33.4122,5.7634
681626068,-0.73914,-1.79529,0.19556,-38.3206,-56.8626,-68.8168,0.06714,0.43335,0.93896,-123.3435,-34.0611,6.4580
681627068,-0.69666,-0.32825,-0.02124,-104.8931,-33.8550,-46.0153,0.06628,0.45422,0.94141,-132.8779,-34.8321,7.1679
681628068,-0.80310,0.99634,-0.38928,-167.5420,-13.4504,-15.0763,0.06470,0.47424,0.94531,-142.9313,-35.7176,7.9237
681629067,-0.77271,1.09216,-0.34680,-202.0229,4.4427,12.1374,0.06226,0.49292,0.95007,-153.4656,-36.7023,8.7252
681630068,-0.54199,0.42712,0.14417,-207.2214,14.3817,25.4351,0.05981,0.50964,0.95544,-164.4504,-37.8321,9.5496
681631068,-0.40942,-0.00098,0.23071,-196.9618,14.0458,25.3969,0.05627,0.52502,0.96045,-175.8244,-39.1145,10.3664
681632068,-0.32336,0.22046,0.25793,-173.2443,14.0229,14.2672,0.05103,0.53809,0.96509,-187.5115,-40.5344,11.1908
681633068,-0.16138,0.75903,0.65491,-126.3435,12.2137,-4.8473,0.04395,0.54810,0.96997,-199.4351,-42.0687,12.0534
681634067,0.16309,1.00598,0.88953,-55.0611,10.9237,-26.8168,0.03613,0.55518,0.97473,-211.5802,-43.7252,13.0000
681635067,0.04773,0.57605,0.26318,-1.1145,0.1221,-40.1985,0.02771,0.55969,0.97998,-223.9160,-45.5344,13.9618
681636068,-0.69629,-0.66736,-1.00098,-4.5649,-11.0763,-38.1298,0.01770,0.56238,0.98560,-236.3969,-47.4962,14.9313
681637068,-1.03003,-1.74634,-1.59680,-48.5038,4.8702,-32.5038,0.00769,0.56335,0.98962,-249.0000,-49.6183,15.9466
681638068,-0.79358,-1.05164,-1.01233,-100.2672,40.8321,-28.9466,-0.00232,0.56348,0.99207,-250.1374,-51.9160,17.0382
681639068,-0.74585,0.76306,-0.69873,-148.4122,63.8473,-13.7252,-0.01294,0.56372,0.99414,-250.1374,-54.3817,18.2137
681640067,-1.04309,1.79810,-1.66431,-191.2595,68.8168,18.3511,-0.02344,0.56409,0.99646,-250.1374,-56.9924,19.4504
681641067,-1.26978,1.57275,-2.00000,-223.6718,85.2061,54.9466,-0.03284,0.56641,0.99963,-250.1374,-59.7634,20.7710
681642068,-1.12476,0.76782,-1.72742,-250.1374,113.5878,87.6947,-0.04114,0.57117,1.00293,-250.1374,-62.7023,22.1756
681643068,-0.82410,-0.00061,-0.56348,-250.1374,152.9618,110.3969,-0.04968,0.57617,1.00745,-250.1374,-65.8626,23.6947
681644068,-0.52209,-0.02722,0.91187,-250.1374,184.5191,106.2290,-0.05920,0.58057,1.01428,-250.1374,-69.1756,25.2977
681645068,0.10071,1.03320,1.99994,-170.8092,210.1450,77.1221,-0.06921,0.58667,1.02185,-250.1374,-72.6183,27.0229
681646068,1.09558,1.84033,1.99994,-104.3969,221.2443,57.4885,-0.07935,0.59460,1.02795,-250.1374,-76.2061,28.8702
681647067,1.37817,0.73914,1.94409,-107.8244,186.4046,66.0534,-0.08887,0.60266,1.03430,-250.1374,-79.9771,30.8550
681648067,0.44617,-2.00000,0.39587,-120.2977,119.1145,69.2214,-0.09741,0.60925,1.04163,-250.1374,-83.9695,32.9389
681649068,-0.13477,-2.00000,-0.15381,-91.2443,64.3206,33.4733,-0.10547,0.61377,1.04773,-250.1374,-88.1450,35.1450
681650068,-0.04736,-2.00000,0.09521,-95.2443,54.6947,-6.6870,-0.11230,0.61694,1.05200,-250.1374,-92.4962,37.4962
681651067,-0.44458,-0.41138,-0.47937,-186.0229,57.5115,4.1985,-0.11804,0.61841,1.05505,-250.1374,-97.0382,40.0000
681652068,-1.19824,1.99994,-2.00000,-250.1374,64.0305,57.4809,-0.13000,0.61536,1.05615,-250.1374,-106.7176,45.3969
681653067,-1.50427,1.55298,-2.00000,-250.1374,104.4733,112.7023,-0.13647,0.61060,1.05322,-250.1374,-111.8855,48.2748
681654068,-1.45813,-0.27209,0.28345,-250.1374,157.8779,139.0305,-0.14368,0.60339,1.04871,-250.1374,-117.2672,51.2443
681655068,-1.11340,-1.10352,1.47107,-250.1374,234.8244,138.6870,-0.15112,0.59387,1.04236,-250.1374,-122.8626,54.3511
681656068,-0.49084,0.12585,1.52502,-250.1374,250.1298,130.2748,-0.15869,0.58325,1.03345,-250.1374,-128.6718,57.5496
681657068,0.28650,1.99994,1.77917,-250.1374,250.1298,131.7328,-0.16614,0.57190,1.02344,-250.1374,-134.6718,60.8168
681658067,1.18152,1.99994,1.99994,-230.1298,250.1298,124.3206,-0.17419,0.55957,1.01257,-250.1374,-140.8550,64.1374
681659067,1.78369,-0.19861,1.99994,-128.8321,247.7786,92.7023,-0.18298,0.54712,1.00061,-250.1374,-147.2214,67.5420
681660067,1.91467,-2.00000,1.99994,-33.6718,136.8168,49.2901,-0.19080,0.53540,0.98804,-250.1374,-153.7786,70.9695
681661068,0.95093,-2.00000,1.44812,-5.5420,31.9466,18.4046,-0.19678,0.52490,0.97424,-250.1374,-160.5038,74.3588
681662068,-0.59473,-2.00000,-0.96619,-81.2443,-15.8779,5.6336,-0.20251,0.51709,0.95813,-250.1374,-167.3740,77.7405
681663068,-1.06201,-2.00000,-1.07312,-236.0000,37.5496,13.5496,-0.20801,0.51160,0.94153,-250.1374,-174.3817,81.0840
681664067,-0.73926,-0.40747,0.11475,-250.1374,135.0382,60.3969,-0.21289,0.50891,0.92517,-250.1374,-181.5115,84.3893
681665068,-0.95764,1.95630,-1.20032,-250.1374,168.0840,133.1832,-0.21655,0.50940,0.90845,-250.1374,-188.7405,87.6336
681666068,-2.00000,1.38000,-2.00000,-250.1374,181.5420,185.9542,-0.21863,0.51172,0.89185,-250.1374,-196.0992,90.8092
681667068,-2.00000,-0.48157,-2.00000,-250.1374,236.2672,206.8015,-0.21997,0.51685,0.87292,-250.1374,-203.6183,93.9084
681668068,-1.82996,-1.74561,-2.00000,-250.1374,250.1298,209.6870,-0.22119,0.52466,0.85266,-250.1374,-211.2443,96.9237
681669068,-2.00000,-0.43713,-2.00000,-250.1374,250.1298,205.1374,-0.22229,0.53455,0.83179,-250.1374,-218.9313,99.8550
681670067,-1.61169,1.82104,-2.00000,-250.1374,250.1298,221.5267,-0.22327,0.54590,0.80969,-250.1374,-226.6870,102.7099
681671067,-0.03625,1.99994,-1.26733,-250.1374,250.1298,240.5878,-0.22400,0.55762,0.78577,-250.1374,-234.4809,105.5115
681672067,-0.57800,1.99994,-1.59326,-250.1374,250.1298,237.6107,-0.22485,0.57007,0.75928,-250.1374,-242.3282,108.2214
681673067,-1.57458,1.99994,-2.00000,-250.1374,250.1298,219.0229,-0.22607,0.58289,0.73120,-250.1374,-250.1374,110.8626
681674067,-0.99829,1.99994,0.71631,-250.1374,250.1298,212.3969,-0.22742,0.59485,0.70056,-250.1374,-250.1374,113.4198
681675067,1.20654,1.99994,1.99994,-250.1374,250.1298,239.2672,-0.22961,0.60620,0.66626,-250.1374,-250.1374,115.9313
681676068,1.99994,1.99994,1.99994,-250.1374,250.1298,250.1298,-0.23242,0.61646,0.62891,-250.1374,-250.1374,118.3740
681677067,1.93152,1.99994,1.99994,-250.1374,250.1298,250.1298,-0.23730,0.62463,0.58911,-250.1374,-250.1374,120.7863
681678068,1.99994,0.74878,1.99994,-250.1374,250.1298,250.1298,-0.24524,0.62927,0.54614,-250.1374,-250.1374,123.2137
681679068,1.99994,-2.00000,1.99994,-250.1374,250.1298,250.1298,-0.25562,0.63000,0.50110,-250.1374,-250.1374,125.6031
681680068,1.99994,-2.00000,1.99994,-250.1374,250.1298,250.1298,-0.26831,0.62683,0.45447,-250.1374,-250.1374,127.9160
681681067,1.99994,-2.00000,1.99994,-250.1374,146.0458,250.1298,-0.28357,0.61926,0.40527,-250.1374,-250.1374,130.1908
681682068,1.99994,-2.00000,1.99994,-250.1374,11.9695,250.1298,-0.30261,0.60828,0.35400,-250.1374,-250.1374,132.5038
681683068,0.91809,-2.00000,1.99994,-250.1374,-87.7710,250.1298,-0.32397,0.59583,0.30115,-250.1374,-250.1374,134.8244
681684068,-0.69141,-2.00000,0.78381,-250.1374,-123.4122,242.8321,-0.35010,0.58203,0.24927,-250.1374,-250.1374,137.1298
681685068,-1.90259,-2.00000,-1.18359,-250.1374,-26.7023,250.1298,-0.38281,0.57593,0.18701,-250.1374,-250.1374,139.2977
681686068,-2.00000,-0.05371,-2.00000,-250.1374,102.2061,250.1298,-0.41602,0.56580,0.11658,-250.1374,-250.1374,141.5420
681687068,-2.00000,1.99994,-2.00000,-250.1374,231.0840,250.1298,-0.44885,0.54724,0.05212,-250.1374,-250.1374,143.8321
681688068,-2.00000,1.82690,-2.00000,-250.1374,250.1298,250.1298,-0.48047,0.52954,-0.01196,-250.1374,-250.1374,146.0763
681689067,-2.00000,-1.18311,-2.00000,-250.1374,250.1298,250.1298,-0.50842,0.50891,-0.08008,-250.1374,-250.1374,148.2061
681690068,-2.00000,-2.00000,-2.00000,-250.1374,250.1298,250.1298,-0.53723,0.49109,-0.15369,-250.1374,-250.1374,150.2748
681691067,-2.00000,-2.00000,-2.00000,-250.1374,250.1298,250.1298,-0.56665,0.47461,-0.23010,-250.1374,-250.1374,152.2595
681692068,-2.00000,-2.00000,-1.33032,-250.1374,250.1298,250.1298,-0.59473,0.45789,-0.31238,-250.1374,-250.1374,154.1374
681693068,-2.00000,0.58252,0.60034,-250.1374,250.1298,250.1298,-0.62256,0.44336,-0.40112,-250.1374,-250.1374,155.9160
681694068,-2.00000,1.99994,1.99994,-250.1374,250.1298,250.1298,-0.65039,0.42847,-0.49475,-250.1374,-250.1374,157.5878
681695067,-1.60242,1.99060,1.99994,-250.1374,250.1298,250.1298,-0.67810,0.41162,-0.59631,-250.1374,-250.1374,159.1603
681696067,1.99994,0.49194,1.99994,-250.1374,250.1298,250.1298,-0.70276,0.39246,-0.70435,-250.1374,-250.1374,160.5267
681697067,1.99994,0.26379,1.99994,-250.1374,250.1298,250.1298,-0.72217,0.36951,-0.81921,-250.1374,-250.1374,161.6412
681698067,1.99994,-0.82153,1.99994,-250.1374,250.1298,250.1298,-0.73669,0.34375,-0.94043,-250.1374,-250.1374,162.4656
681699067,1.99994,-2.00000,1.99994,-250.1374,250.1298,250.1298,-0.74609,0.31653,-1.06396,-250.1374,-250.1374,163.0000
681700067,1.99994,-2.00000,1.99994,-250.1374,250.1298,250.1298,-0.75024,0.28711,-1.19299,-250.1374,-250.1374,163.2061
681701067,1.99994,-2.00000,1.99994,-250.1374,86.3282,250.1298,-0.74829,0.25464,-1.32739,-250.1374,-250.1374,163.0534
681702067,1.73254,-2.00000,1.99994,-250.1374,-145.0382,246.0916,-0.74023,0.21985,-1.46423,-250.1374,-250.1374,162.4885
681703067,-0.85486,-2.00000,0.58105,-250.1374,-250.1374,250.1298,-0.72754,0.18213,-1.60449,-250.1374,-250.1374,161.5267
681704068,-2.00000,-2.00000,-2.00000,-250.1374,-250.1374,250.1298,-0.70984,0.13867,-1.74756,-250.1374,-250.1374,160.1832
681705064,-2.00000,-2.00000,-2.00000,-250.1374,-204.7252,250.1298,-0.68579,0.08752,-1.89233,-250.1374,-250.1374,158.4656
681706065,-2.00000,-1.47314,-2.00000,-250.1374,-31.3893,250.1298,-0.65515,0.02832,-2.00000,-250.1374,-250.1374,156.3893
681707065,-2.00000,-0.83289,-2.00000,-250.1374,182.4427,250.1298,-0.61792,-0.03894,-2.00000,-250.1374,-250.1374,153.9924
681708069,-2.00000,-0.18335,-2.00000,-250.1374,250.1298,250.1298,-0.57410,-0.11304,-2.00000,-250.1374,-250.1374,151.2748
681709068,-2.00000,0.57861,-2.00000,-250.1374,250.1298,250.1298,-0.52161,-0.19397,-2.00000,-250.1374,-250.1374,148.2672
681710067,-2.00000,0.86621,-2.00000,-250.1374,250.1298,250.1298,-0.46045,-0.28271,-2.00000,-250.1374,-250.1374,144.9924
681711067,-2.00000,1.18457,-0.94666,-250.1374,250.1298,250.1298,-0.39294,-0.37817,-2.00000,-250.1374,-250.1374,141.4351
681712067,1.99994,-1.78784,1.99994,-250.1374,250.1298,250.1298,-0.31995,-0.48096,-2.00000,-250.1374,-250.1374,137.6565
681713068,1.99994,-2.00000,1.99994,-250.1374,250.1298,250.1298,-0.24329,-0.58997,-2.00000,-250.1374,-250.1374,133.6947
681714068,1.99994,-2.00000,1.99994,-250.1374,250.1298,250.1298,-0.16406,-0.70166,-2.00000,-250.1374,-250.1374,129.5649
681715068,1.99994,-2.00000,1.84937,-250.1374,207.5878,177.6947,-0.08167,-0.81653,-2.00000,-250.1374,-250.1374,125.3130
681716068,1.39868,-2.00000,0.27002,-250.1374,84.1221,122.0687,0.00403,-0.93530,-2.00000,-250.1374,-250.1374,120.9466
681717068,-1.14966,-2.00000,1.99994,-250.1374,33.2519,184.4504,0.09155,-1.05566,-2.00000,-250.1374,-250.1374,116.5038
681718068,-2.00000,-2.00000,1.99994,-250.1374,56.2977,250.1298,0.17798,-1.17517,-2.00000,-250.1374,-250.1374,112.0534
681719067,-2.00000,-2.00000,1.05188,-250.1374,250.1298,250.1298,0.26208,-1.29346,-2.00000,-250.1374,-250.1374,107.6260
681720068,-2.00000,-2.00000,1.50513,-250.1374,250.1298,250.1298,0.34412,-1.41199,-2.00000,-250.1374,-250.1374,103.2061
681721068,-2.00000,0.37390,-1.27917,-250.1374,250.1298,250.1298,0.42432,-1.53015,-2.00000,-250.1374,-250.1374,98.7557
681722067,-2.00000,-0.78674,-2.00000,-250.1374,250.1298,250.1298,0.50110,-1.64624,-2.00000,-250.1374,-250.1374,94.2595
681723068,-2.00000,-2.00000,-2.00000,-250.1374,250.1298,250.1298,0.57324,-1.75879,-2.00000,-250.1374,-250.1374,89.7405
681724068,-2.00000,-2.00000,1.18433,-250.1374,250.1298,250.1298,0.64014,-1.86768,-2.00000,-250.1374,-250.1374,85.2672
681725068,-2.00000,-2.00000,1.99994,-250.1374,250.1298,250.1298,0.70081,-1.97119,-2.00000,-250.1374,-250.1374,80.8855
681726068,-2.00000,-2.00000,1.99994,-250.1374,250.1298,250.1298,0.75500,-2.00000,-2.00000,-250.1374,-250.1374,76.5954
681727068,1.99994,1.10010,1.99994,-250.1374,250.1298,250.1298,0.80164,-2.00000,-2.00000,-250.1374,-250.1374,72.3359
681728068,1.99994,1.99994,1.99994,-250.1374,250.1298,250.1298,0.83948,-2.00000,-2.00000,-250.1374,-250.1374,68.1374
681729064,1.99994,1.99994,1.99994,-250.1374,250.1298,250.1298,0.86743,-2.00000,-2.00000,-250.1374,-250.1374,64.0153
681730068,1.99994,1.99994,1.99994,-250.1374,250.1298,250.1298,0.88733,-2.00000,-2.00000,-250.1374,-250.1374,59.9084
681731064,1.99994,-2.00000,1.99994,-250.1374,250.1298,250.1298,0.90259,-2.00000,-2.00000,-250.1374,-250.1374,55.7328
681732064,1.72913,-2.00000,1.99994,-250.1374,250.1298,250.1298,0.90771,-2.00000,-2.00000,-250.1374,-250.1374,51.4656
681733065,-0.63330,-2.00000,1.99994,-250.1374,250.1298,250.1298,0.90564,-2.00000,-2.00000,-250.1374,-250.1374,47.1832
681734065,-0.51855,-2.00000,1.99994,-250.1374,250.1298,250.1298,0.90356,-2.00000,-2.00000,-250.1374,-250.1374,42.9466
681735069,1.31177,-2.00000,1.99994,-250.1374,250.1298,218.4275,0.90027,-2.00000,-2.00000,-250.1374,-250.1374,38.9008
681736068,1.67590,0.72729,1.99994,-250.1374,250.1298,202.2824,0.89319,-2.00000,-2.00000,-250.1374,-250.1374,34.4733
681737064,-0.20642,1.99994,1.99994,-250.1374,236.3282,203.4351,0.88135,-2.00000,-2.00000,-250.1374,-250.1374,29.5649
681738064,-1.61194,1.06812,-0.12952,-250.1374,250.1298,182.5344,0.86755,-2.00000,-2.00000,-250.1374,-250.1374,24.4351
681739065,-2.00000,-2.00000,-2.00000,-250.1374,250.1298,136.7023,0.85327,-2.00000,-2.00000,-250.1374,-250.1374,19.1832
681740065,-2.00000,-2.00000,-2.00000,-250.1374,209.3893,85.1603,0.83838,-2.00000,-2.00000,-250.1374,-250.1374,13.6718
681741065,-2.00000,-2.00000,-2.00000,-250.1374,159.3130,50.7405,0.82349,-2.00000,-2.00000,-250.1374,-250.1374,7.9084
681742064,-2.00000,-1.44373,-2.00000,-250.1374,250.1298,60.5115,0.80994,-2.00000,-2.00000,-250.1374,-250.1374,1.9466
681743069,-2.00000,1.99994,-1.56738,-250.1374,250.1298,112.0534,0.79871,-2.00000,-2.00000,-250.1374,-250.1374,-4.1832
681744068,-2.00000,1.99994,0.41797,-250.1374,250.1298,194.7252,0.79077,-2.00000,-1.98230,-250.1374,-250.1374,-10.4656
681745068,-2.00000,0.28186,0.43420,-250.1374,250.1298,250.1298,0.78687,-2.00000,-1.91736,-250.1374,-250.1374,-16.9160
681746067,-2.00000,-2.00000,1.29749,-250.1374,250.1298,250.1298,0.78772,-2.00000,-1.85339,-250.1374,-250.1374,-23.5038
681747068,-2.00000,-1.28967,1.99994,-250.1374,250.1298,250.1298,0.79333,-2.00000,-1.78772,-250.1374,-250.1374,-30.1603
681748068,-2.00000,1.99994,1.99994,-250.1374,250.1298,250.1298,0.80286,-2.00000,-1.71948,-250.1374,-250.1374,-36.8473
681749068,0.71497,1.99994,1.99994,-250.1374,250.1298,250.1298,0.81567,-2.00000,-1.65137,-250.1374,-250.1374,-43.5344
681750068,1.99994,1.99994,1.99994,-250.1374,250.1298,250.1298,0.83179,-2.00000,-1.58569,-250.1374,-250.1374,-50.1527
681751068,1.99994,-1.59192,1.99994,-250.1374,250.1298,250.1298,0.86768,-1.98669,-1.46301,-250.1374,-250.1374,-63.0382
681752068,1.99994,-2.00000,1.99994,-250.1374,250.1298,250.1298,0.88647,-1.95020,-1.40588,-250.1374,-250.1374,-69.1985
681753067,1.99994,-2.00000,1.99994,-250.1374,250.1298,185.6260,0.90674,-1.91858,-1.35132,-250.1374,-250.1374,-75.0763
681754067,1.99994,-2.00000,1.99994,-250.1374,250.1298,142.3359,0.92542,-1.89392,-1.29871,-250.1374,-250.1374,-80.7252
681755067,1.99994,1.99994,1.99994,-250.1374,250.1298,136.7023,0.94202,-1.87219,-1.24878,-250.1374,-250.1374,-86.1756
681756068,0.87610,1.99994,1.99994,-250.1374,250.1298,155.9542,0.95569,-1.85059,-1.20154,-250.1374,-250.1374,-91.3359
681757067,-2.00000,-0.17334,1.99994,-250.1374,250.1298,178.8779,0.96521,-1.82983,-1.15759,-250.1374,-250.1374,-96.2061
681758068,-2.00000,-2.00000,-0.80188,-250.1374,250.1298,214.3664,0.97192,-1.80872,-1.11658,-250.1374,-250.1374,-100.7481
681759068,-2.00000,-2.00000,-2.00000,-250.1374,250.1298,250.1298,0.97546,-1.78601,-1.07739,-250.1374,-250.1374,-104.9313
681760068,-2.00000,-0.76038,-2.00000,-250.1374,250.1298,250.1298,0.97339,-1.76196,-1.03870,-250.1374,-250.1374,-108.6870
681761068,-2.00000,1.99994,0.09912,-250.1374,250.1298,250.1298,0.96777,-1.73572,-1.00208,-250.1374,-250.1374,-112.0458
681762067,-2.00000,1.99994,1.99994,-250.1374,250.1298,250.1298,0.95959,-1.70618,-0.96863,-250.1374,-249.8092,-115.0153
681763067,-1.44604,1.99994,1.99994,-250.1374,250.1298,250.1298,0.94702,-1.67297,-0.93652,-250.1374,-237.7786,-117.5420
681764067,0.75867,-0.63708,1.99994,-250.1374,250.1298,250.1298,0.92932,-1.63623,-0.90503,-250.1374,-225.6870,-119.6031
681765068,1.99994,-0.65051,1.99994,-250.1374,250.1298,250.1298,0.90637,-1.59473,-0.87476,-250.1374,-213.5725,-121.1985
681766068,1.99994,1.99994,1.99994,-250.1374,250.1298,250.1298,0.87927,-1.54932,-0.84814,-250.1374,-201.4885,-122.2595
681767068,1.99994,1.99994,1.99994,-250.1374,250.1298,250.1298,0.84778,-1.50049,-0.82751,-250.1374,-189.4656,-122.7481
681768068,1.99994,1.99994,1.99994,-250.1374,250.1298,249.7634,0.81140,-1.44641,-0.81226,-250.1374,-177.5115,-122.6412
681769068,1.99994,1.27075,1.99994,-250.1374,250.1298,224.6565,0.77063,-1.38818,-0.80054,-250.1374,-165.7023,-121.8550
681770068,1.99994,-0.24438,1.99994,-250.1374,246.0229,185.6870,0.72534,-1.32812,-0.79260,-250.1374,-154.0534,-120.3511
681771067,1.99994,-2.00000,1.99994,-250.1374,161.2748,179.6489,0.67712,-1.26624,-0.78931,-250.1374,-142.5878,-118.1527
681772067,1.79919,-2.00000,1.99994,-250.1374,120.1679,215.9466,0.62866,-1.20142,-0.78857,-250.1374,-131.3740,-115.2290
681773068,-0.66357,-2.00000,1.99994,-250.1374,80.9695,223.8626,0.58020,-1.13367,-0.79016,-250.1374,-120.4198,-111.6031
681774067,-1.93018,-2.00000,1.99994,-250.1374,90.0840,201.9847,0.53186,-1.06384,-0.79431,-250.1374,-109.7557,-107.2443
681775068,-1.69714,0.81128,1.44861,-250.1374,147.9084,217.6260,0.48462,-0.99268,-0.80054,-228.3969,-99.4046,-102.1603
681776067,-2.00000,1.99994,-0.51526,-250.1374,187.4809,250.1298,0.43799,-0.92053,-0.80774,-192.9084,-89.3817,-96.3893
681777068,-2.00000,1.99994,-2.00000,-250.1374,229.8931,250.1298,0.39282,-0.84766,-0.81677,-159.2595,-79.6794,-89.9389
681778067,-2.00000,-0.02368,-1.24390,-250.1374,250.1298,250.1298,0.35083,-0.77563,-0.82764,-127.4885,-70.3130,-82.7634
681779067,-2.00000,-2.00000,1.99994,-250.1374,250.1298,250.1298,0.31274,-0.70776,-0.83936,-97.6183,-61.2901,-74.8244
681780067,-1.23499,-1.14795,1.99994,-250.1374,250.1298,212.9924,0.27771,-0.64709,-0.85046,-69.6489,-52.5420,-66.1374
681781067,-0.50610,1.99994,1.99994,-250.1374,250.1298,128.1145,0.24365,-0.59180,-0.85950,-43.6412,-44.0611,-56.9160
681782067,0.11646,1.99994,1.99994,-250.1374,250.1298,80.9084,0.21191,-0.53870,-0.86865,-19.6870,-35.8779,-47.3435
681783067,1.01929,1.99994,1.99994,-250.1374,250.1298,52.9695,0.18237,-0.48682,-0.88000,2.1450,-27.9771,-37.5191
681784067,1.86755,-0.16833,1.99994,-162.3206,188.0687,16.4809,0.15466,-0.43677,-0.89380,21.7557,-20.4046,-27.4351
681785067,1.18652,-1.93982,1.99994,-50.9542,75.9924,-29.3588,0.12817,-0.39001,-0.90894,39.1298,-13.2137,-17.1679
681786067,0.40161,-1.69849,1.99994,12.6870,-13.4122,-48.0382,0.10193,-0.34753,-0.92322,54.3969,-6.4427,-6.8321
681787067,0.45715,-1.85938,1.99994,-47.6947,-49.1679,-9.2901,0.07593,-0.30945,-0.93530,67.5802,-0.1069,3.4809
681788067,-0.17712,-2.00000,1.99994,-228.2824,-82.2672,78.1145,0.05164,-0.27539,-0.94531,78.6641,5.7863,13.6870
681789067,-1.27344,-2.00000,0.64185,-250.1374,-104.9771,164.9160,0.02844,-0.24475,-0.95447,87.6641,11.2366,23.6947
681790068,-1.37646,-1.60278,0.00720,-250.1374,-70.9924,207.0458,0.00732,-0.21692,-0.96301,94.6336,16.2214,33.4122
681791068,-1.08911,-0.85425,0.98938,-250.1374,-19.1221,219.3206,-0.01123,-0.19177,-0.97009,99.6641,20.7328,42.7863
681792067,-1.01428,0.31958,1.99994,-250.1374,21.6031,223.9771,-0.02722,-0.16882,-0.97522,102.8931,24.7252,51.7099
681793068,0.20679,1.99994,1.99994,-250.1374,82.1756,213.2366,-0.03931,-0.14917,-0.97839,104.4351,28.2519,60.1603
681794067,1.99994,1.99994,1.99994,-250.1374,132.9924,164.9466,-0.04834,-0.13269,-0.97986,104.4046,31.3740,68.0458
681795067,1.99994,1.99994,1.99994,-28.1069,87.6641,87.8397,-0.05493,-0.11841,-0.97937,102.9389,34.1450,75.2901
681796067,1.99994,1.94189,1.99994,148.5496,-53.2061,9.6489,-0.05835,-0.10742,-0.97827,100.2214,36.5191,81.8397
681797067,1.99994,0.98218,1.99994,250.1298,-231.1832,-73.8168,-0.05896,-0.09961,-0.97815,96.3817,38.4656,87.6794
681798065,1.99994,1.12720,1.99994,250.1298,-250.1374,-140.4885,-0.05701,-0.09558,-0.97913,91.5191,40.0229,92.7939
681799065,0.34619,0.60559,0.95911,250.1298,-250.1374,-155.3206,-0.05359,-0.09448,-0.97986,85.7786,41.2443,97.1603
681800065,-0.71545,0.08765,-1.14526,250.1298,-250.1374,-121.2595,-0.04810,-0.09485,-0.98193,79.3511,42.1069,100.7710
681801069,-1.89319,0.83411,-2.00000,250.1298,-250.1374,-49.1603,-0.03955,-0.09741,-0.98633,72.3588,42.6107,103.6183
681802068,-2.00000,1.12170,-2.00000,214.0840,-250.1374,61.6412,-0.02844,-0.10291,-0.99072,64.8702,42.7786,105.7328
681803068,-2.00000,-0.90198,-2.00000,45.9924,-250.1374,173.5725,-0.01562,-0.11047,-0.99329,57.0000,42.6260,107.0840
681804068,-2.00000,-2.00000,-2.00000,-132.7328,-231.9542,241.4198,-0.00159,-0.11804,-0.99512,48.8473,42.2061,107.6641
681805068,-2.00000,-1.10632,-2.00000,-247.8473,-138.9313,250.1298,0.01318,-0.12451,-0.99854,40.5038,41.4885,107.4504
681806068,-2.00000,1.99994,-2.00000,-249.0229,10.0076,250.1298,0.02856,-0.13220,-1.00171,32.0611,40.4656,106.5420
681807068,-0.84753,1.99994,-1.37683,-149.1450,127.8702,249.5725,0.04517,-0.14148,-1.00391,23.6183,39.1374,104.9618
681808068,1.20459,1.99994,1.99994,44.0534,147.7481,180.3511,0.06299,-0.15149,-1.00610,15.2443,37.6031,102.7252
681809068,1.99994,1.99994,1.99994,250.1298,64.4275,92.9695,0.08105,-0.16174,-1.00720,7.0076,35.8779,99.8550
681810067,1.99994,1.62305,1.99994,250.1298,-132.6412,10.4580,0.09863,-0.17224,-1.00854,-1.0611,33.9389,96.3511
681811067,1.99994,0.50452,1.99994,250.1298,-250.1374,-43.6031,0.11523,-0.18359,-1.01111,-8.9237,31.7863,92.2595
681812067,1.05713,0.22937,1.37744,250.1298,-250.1374,-76.7710,0.13074,-0.19580,-1.01489,-16.5115,29.4733,87.6260
681813067,0.71387,1.02905,-0.12207,250.1298,-250.1374,-91.0763,0.14526,-0.20923,-1.01978,-23.7786,27.0305,82.5267
681814067,0.86560,1.99994,-0.41516,250.1298,-250.1374,-39.7252,0.15771,-0.22339,-1.02368,-30.6794,24.4962,76.9924
681815067,-0.93848,1.99994,-2.00000,250.1298,-250.1374,65.8092,0.16809,-0.23755,-1.02661,-37.2061,21.9160,71.0916
681816068,-2.00000,1.99994,-2.00000,250.1298,-250.1374,178.2519,0.17725,-0.25183,-1.02966,-43.3282,19.2519,64.8550
681817068,-2.00000,0.25903,-2.00000,238.4504,-250.1374,250.1298,0.18530,-0.26672,-1.03284,-49.0076,16.4962,58.3664
681818068,-2.00000,-0.89807,-2.00000,52.5802,-235.4809,250.1298,0.19238,-0.28284,-1.03528,-54.1908,13.7023,51.6336
681819068,-2.00000,0.07214,-2.00000,-46.9008,-129.2519,250.1298,0.19885,-0.29907,-1.03760,-58.8702,10.9313,44.7176
681820068,-2.00000,1.18958,-2.00000,-39.3740,-9.5344,250.1298,0.20422,-0.31519,-1.04028,-63.0687,8.2290,37.6947
681821068,-0.55725,1.99994,-2.00000,17.2901,42.1298,250.1298,0.20850,-0.33179,-1.04187,-66.7863,5.5954,30.6489
681822068,0.27234,1.99994,-0.97839,118.7328,1.7863,250.1298,0.21155,-0.34705,-1.04175,-70.0076,3.0687,23.6260
681823067,0.28516,0.53931,1.03357,250.1298,-86.7023,244.9847,0.21338,-0.36084,-1.04114,-72.7634,0.6718,16.6718
681824068,1.60986,0.24548,1.99994,250.1298,-135.1603,181.5573,0.21484,-0.37378,-1.04126,-75.1145,-1.5649,9.8473
681825067,1.72314,-0.41748,1.78357,250.1298,-183.3588,141.5649,0.21521,-0.38464,-1.04065,-77.0382,-3.6336,3.2214
681826067,0.50195,-1.25928,-0.70825,250.1298,-227.6260,111.0611,0.21387,-0.39246,-1.03870,-78.5878,-5.5649,-3.1145
681827067,0.07275,-2.00000,-0.32263,250.1298,-209.7786,96.2366,0.21118,-0.39673,-1.03650,-79.8168,-7.3053,-9.1527
681828067,-0.32507,-2.00000,0.00964,250.1298,-199.9771,116.4275,0.20776,-0.39795,-1.03320,-80.8015,-8.8473,-14.8779
681829068,-1.69617,-2.00000,-2.00000,250.1298,-211.9160,157.1832,0.20312,-0.39771,-1.02881,-81.5725,-10.1832,-20.2443
681830068,-2.00000,-2.00000,-2.00000,231.0229,-177.6107,170.1527,0.19751,-0.39575,-1.02405,-82.1603,-11.2901,-25.2290
681831067,-1.52441,-2.00000,-0.70801,204.2366,-83.9389,165.3817,0.19128,-0.39087,-1.01892,-82.6183,-12.1985,-29.7786
681832067,-0.50562,0.09045,1.04639,144.2290,-36.1221,190.8015,0.18530,-0.38342,-1.01343,-83.0000,-12.9466,-33.8779
681833067,-0.84192,-0.40137,-0.20935,36.3435,-58.9924,241.8015,0.17993,-0.37427,-1.00684,-83.3359,-13.5267,-37.4962
681834067,-0.46924,-2.00000,-0.08545,-2.5191,-48.0382,250.1298,0.17334,-0.36377,-0.99963,-83.6718,-13.8931,-40.6870
681835067,0.64905,-2.00000,1.99994,34.2214,-37.8473,219.2519,0.16443,-0.35303,-0.99377,-83.9771,-14.0916,-43.4885
681836067,0.72339,-2.00000,1.99994,70.2977,-90.5725,164.0229,0.15430,-0.34180,-0.98962,-84.2595,-14.1908,-45.8855
681837067,-0.29700,-2.00000,-0.08032,100.6183,-173.8015,102.2443,0.14441,-0.33020,-0.98572,-84.5115,-14.2443,-47.8244
681838068,-0.91675,-2.00000,-1.64392,148.7863,-225.2748,45.3740,0.13367,-0.31897,-0.98145,-84.7481,-14.1985,-49.3053
681839068,-0.38745,-2.00000,-0.33630,188.9695,-226.4046,12.5573,0.12231,-0.30774,-0.97729,-84.8931,-14.0534,-50.3664
681840068,-0.09705,-2.00000,0.66785,171.7557,-223.8779,7.1145,0.11145,-0.29675,-0.97400,-84.9237,-13.8244,-51.0611
681841068,-1.78210,-2.00000,-1.92639,118.8168,-237.2748,-22.3893,0.10034,-0.28723,-0.97021,-84.8473,-13.5496,-51.4275
681842068,-2.00000,-2.00000,-2.00000,98.0458,-193.8244,-51.7176,0.08960,-0.27893,-0.96729,-84.6565,-13.2443,-51.4427
681843068,-2.00000,-2.00000,-2.00000,29.8015,-159.9160,-48.2061,0.07910,-0.27136,-0.96667,-84.3130,-12.9466,-51.1221
681844068,-2.00000,-2.00000,-2.00000,-11.1756,-171.4580,-45.1145,0.06860,-0.26367,-0.96558,-83.7863,-12.6489,-50.5191
681845067,-2.00000,-2.00000,-2.00000,13.2595,-195.4122,-85.4504,0.05896,-0.25635,-0.96411,-83.1069,-12.3588,-49.6870
681846068,-2.00000,-2.00000,-2.00000,28.3511,-195.8397,-142.3359,0.05017,-0.25012,-0.96277,-82.2748,-12.0611,-48.6107
681847068,-2.00000,-2.00000,-2.00000,-2.9008,-185.2214,-171.2214,0.04285,-0.24500,-0.96069,-81.2672,-11.7710,-47.3206
681848068,-2.00000,-1.25122,-2.00000,-32.0611,-147.1908,-173.6107,0.03076,-0.23645,-0.95740,-78.6947,-11.2824,-44.1908
681849067,-1.11816,-2.00000,-2.00000,-48.0840,-105.4351,-172.6412,0.02576,-0.23303,-0.95825,-77.1298,-11.0763,-42.3969
681850068,-1.69434,-2.00000,-2.00000,-73.5802,-118.9771,-178.4351,0.02161,-0.23047,-0.96057,-75.3893,-10.9160,-40.4885
681851068,-2.00000,-2.00000,-2.00000,-88.6870,-109.1374,-201.3740,0.01807,-0.22876,-0.96204,-73.5115,-10.8015,-38.4809
681852068,-2.00000,-0.78125,-2.00000,-84.9695,-47.4122,-235.9313,0.01550,-0.22766,-0.96362,-71.4885,-10.7405,-36.4122
681853068,-1.48779,1.33521,-2.00000,-81.2366,-22.2214,-250.1374,0.01245,-0.22607,-0.96558,-69.3130,-10.6641,-34.3130
681854068,-1.23083,1.99994,-2.00000,-66.2824,-55.2214,-250.1374,0.01001,-0.22327,-0.96619,-67.0076,-10.5954,-32.1908
681855068,-0.74402,1.99994,-2.00000,-30.9542,-92.1756,-249.2901,0.00964,-0.21948,-0.96570,-64.6107,-10.5573,-30.0534
681856068,-0.03406,1.99994,-2.00000,1.3206,-107.8855,-246.4122,0.00952,-0.21460,-0.96460,-62.1374,-10.5267,-27.9237
681857067,0.27234,1.99994,-2.00000,11.2595,-107.3206,-237.3282,0.00964,-0.20850,-0.96326,-59.6183,-10.5038,-25.8321
681858067,0.30347,1.99994,-2.00000,7.7557,-99.2366,-220.1298,0.01123,-0.20215,-0.96191,-57.0763,-10.5038,-23.7786
681859067,0.14282,1.99994,-2.00000,-3.7939,-104.9466,-194.4962,0.01367,-0.19592,-0.95984,-54.5267,-10.5038,-21.7786
681860067,-0.42078,1.99994,-2.00000,-33.0305,-121.5344,-163.7939,0.01794,-0.19043,-0.95728,-52.0000,-10.4427,-19.8092
681861068,-0.93311,1.99994,-2.00000,-68.2366,-115.7099,-142.5496,0.02283,-0.18542,-0.95471,-49.5038,-10.3282,-17.8931
681862067,-0.92810,1.99994,-2.00000,-89.0305,-80.3130,-137.6412,0.02856,-0.18079,-0.95068,-47.0229,-10.1756,-16.0229
681863067,-0.46887,1.99994,-2.00000,-103.3282,-43.9237,-136.1832,0.03540,-0.17761,-0.94641,-44.5496,-9.9924,-14.2061
681864067,-0.29102,1.99994,-2.00000,-121.7099,-27.1221,-130.4885,0.04248,-0.17566,-0.94275,-42.0687,-9.7863,-12.4733
681865067,-0.52014,1.99994,-2.00000,-130.6107,-15.0000,-126.3740,0.05103,-0.17554,-0.93982,-39.5725,-9.5038,-10.8015
681866067,-0.40649,1.99994,-2.00000,-125.0763,7.8550,-127.3740,0.05908,-0.17786,-0.93726,-37.0305,-9.1298,-9.1985
681867067,0.05334,1.99994,-2.00000,-113.0534,23.7481,-129.0305,0.06689,-0.18176,-0.93420,-34.4122,-8.6947,-7.6489
681868067,0.38525,1.99994,-2.00000,-89.0229,16.7405,-126.9542,0.07581,-0.18738,-0.93164,-31.7099,-8.2137,-6.1527
681869067,0.66919,1.99994,-2.00000,-49.9466,0.0916,-120.7099,0.08350,-0.19458,-0.93066,-28.9389,-7.6870,-4.6641
681870067,1.02283,1.99994,-2.00000,-18.5420,-12.6489,-110.4962,0.09009,-0.20239,-0.93066,-26.0916,-7.1145,-3.2137
681871067,1.10876,1.99994,-2.00000,-18.7786,-21.3740,-95.7481,0.09668,-0.21106,-0.93152,-23.1145,-6.4885,-1.8473
681872067,1.08240,1.99994,-2.00000,-37.0534,-18.6336,-82.1756,0.10315,-0.22009,-0.93445,-20.0458,-5.7710,-0.5725
681873068,1.23425,1.99994,-2.00000,-52.8168,-2.1069,-72.0153,0.10913,-0.22900,-0.93762,-16.8702,-5.0076,0.6183
681874067,1.11499,1.99994,-2.00000,-72.7481,5.5725,-53.9847,0.11511,-0.23877,-0.94019,-13.5878,-4.2137,1.7252
681875068,0.62427,1.99994,-2.00000,-97.3893,-0.6260,-27.4962,0.12024,-0.24841,-0.94263,-10.2443,-3.4046,2.7786
681876067,0.22839,1.99994,-2.00000,-106.4962,-2.3130,-9.8855,0.12280,-0.25623,-0.94519,-6.8092,-2.5878,3.7786
681877067,0.10461,1.99994,-2.00000,-102.4198,2.1221,-7.5191,0.12390,-0.26221,-0.94751,-3.3206,-1.7634,4.7328
681878068,0.28711,1.99994,-2.00000,-103.7481,12.2366,-8.9008,0.12549,-0.26672,-0.94958,0.1756,-0.9466,5.5954
681879067,0.60608,1.99994,-2.00000,-109.0229,22.1832,-3.8397,0.12708,-0.27051,-0.95312,3.6336,-0.1527,6.3664
681880068,0.71423,1.99994,-2.00000,-102.1908,20.2824,10.0382,0.12720,-0.27429,-0.95764,7.0458,0.5878,7.0763
681881067,0.67737,1.99994,-2.00000,-77.1832,10.9924,25.4962,0.12671,-0.27734,-0.96179,10.3817,1.2748,7.6947
681882068,0.50574,1.99994,-2.00000,-54.4733,1.0687,36.7481,0.12537,-0.27881,-0.96521,13.5954,1.9084,8.2366
681883068,0.22571,1.99994,-2.00000,-58.6565,-7.8015,49.2137,0.12280,-0.27881,-0.96936,16.6336,2.4733,8.7099
681884068,0.10876,1.99994,-2.00000,-75.4427,-4.3130,62.3435,0.11926,-0.27856,-0.97400,19.4580,2.9542,9.1374
681885068,0.04175,1.99994,-2.00000,-74.6565,8.7176,70.5420,0.11609,-0.27783,-0.97815,22.0534,3.3206,9.5267
681886067,-0.25989,1.99994,-2.00000,-56.6565,17.6107,75.5954,0.11328,-0.27551,-0.98364,24.3664,3.5420,9.8473
681887068,-0.76782,1.13879,-2.00000,-40.2595,26.6107,78.4122,0.10876,-0.27112,-0.99072,26.3435,3.6183,10.1069
681888068,-1.21777,0.02563,-2.00000,-34.3206,45.2748,75.1298,0.10339,-0.26575,-0.99817,27.9542,3.5649,10.2824
681889067,-1.31506,-0.63611,-2.00000,-32.1069,73.6031,64.0687,0.09778,-0.26074,-1.00574,29.1985,3.3817,10.4351
681890067,-1.17920,-0.46558,-2.00000,-23.4504,96.7405,47.6794,0.09180,-0.25525,-1.01245,30.0305,3.0687,10.5420
681891068,-1.06360,0.40491,-2.00000,-10.7634,103.8779,33.4962,0.08630,-0.24927,-1.01758,30.4275,2.6794,10.6107
681892068,-0.68799,1.29883,-2.00000,-5.1374,106.2443,29.1679,0.08179,-0.24255,-1.02136,30.3588,2.2214,10.6412
681893068,0.19568,1.73584,-1.58447,-10.0687,114.5420,34.7405,0.07837,-0.23486,-1.02515,29.8092,1.6641,10.6336
681894068,0.91370,1.99994,-0.53784,-21.8931,118.9924,45.3435,0.07581,-0.22656,-1.02905,28.8015,1.0458,10.5878
681895068,0.99365,1.99994,-0.51477,-30.5191,106.3817,59.1832,0.07300,-0.21814,-1.03247,27.3969,0.3588,10.4962
681896067,1.07349,1.99994,-0.59973,-17.6183,88.8015,68.5038,0.07056,-0.21008,-1.03650,25.6183,-0.4046,10.3359
681897067,1.24365,1.99994,-0.03284,9.2061,69.1145,73.0687,0.06860,-0.20251,-1.04053,23.4885,-1.2061,10.1069
681898067,1.07544,1.99994,0.18347,27.7863,42.1985,81.5802,0.06604,-0.19617,-1.04297,21.0305,-2.0076,9.8092
681899067,0.64429,1.99994,-0.27112,49.0458,18.0076,91.0076,0.06360,-0.19202,-1.04529,18.3130,-2.8015,9.4351
681900068,0.04492,1.28833,-0.98254,80.7328,-2.6107,95.5344,0.06165,-0.19043,-1.04810,15.3664,-3.5954,9.0153
681901067,-0.63391,0.21387,-2.00000,95.5115,-15.2443,98.1221,0.06006,-0.19080,-1.05200,12.2519,-4.3817,8.5267
681902068,-1.23389,-0.01135,-2.00000,80.2061,-13.5802,102.2519,0.05908,-0.19177,-1.05701,9.0000,-5.1374,7.9771
681903068,-1.69165,0.53259,-2.00000,64.2443,3.6641,105.0687,0.05908,-0.19373,-1.06140,5.6718,-5.8550,7.3664
681904068,-1.78284,0.73376,-2.00000,62.4504,30.2443,109.9160,0.05969,-0.19836,-1.06689,2.3053,-6.4809,6.7176
681905067,-1.74158,0.19128,-2.00000,44.6565,52.4504,122.5725,0.06018,-0.20520,-1.07336,-1.0229,-7.0763,6.0382
681906067,-1.59729,-0.52478,-2.00000,5.4122,81.0611,137.6260,0.06006,-0.21265,-1.07971,-4.2901,-7.6336,5.3130
681907068,-1.06738,-0.82214,-1.49524,-20.3511,128.6641,140.8550,0.06018,-0.22046,-1.08545,-7.4198,-8.0992,4.5420
681908068,-0.50989,-0.70337,-0.55640,-13.0916,166.3206,131.7786,0.06104,-0.22839,-1.09021,-10.3817,-8.4809,3.7328
681909068,-0.28088,-0.55652,-0.45557,24.2672,165.3206,115.5038,0.06177,-0.23706,-1.09485,-13.1679,-8.7939,2.9008
681910067,-0.24695,-0.40576,-0.33594,82.9542,132.9160,92.5191,0.06250,-0.24609,-1.10010,-15.7710,-9.0382,2.0534
681911068,0.04993,-0.72266,0.29089,135.1450,92.1374,71.2824,0.06348,-0.25513,-1.10620,-18.1603,-9.2137,1.2061
681912068,0.33606,-1.58325,0.84680,150.3130,57.4580,60.8321,0.06580,-0.26379,-1.11218,-20.3511,-9.3282,0.3435
681913067,0.19373,-2.00000,0.54797,136.1374,27.7557,59.0916,0.06958,-0.27173,-1.11682,-22.3435,-9.3664,-0.4885
681914067,-0.29358,-1.79443,-0.32178,121.3282,4.0840,58.9466,0.07349,-0.27808,-1.12073,-24.1374,-9.3053,-1.3206
681915068,-0.74109,-0.82605,-0.69641,111.2519,-2.4656,62.5649,0.07703,-0.28247,-1.12402,-25.6870,-9.1374,-2.1450
681916068,-0.72278,-0.59265,-0.48059,86.6641,12.1069,77.0305,0.08118,-0.28711,-1.12793,-27.0153,-8.8855,-2.9618
681917068,-0.78235,-1.06616,-0.35754,38.5038,28.3588,100.6794,0.08606,-0.29175,-1.13184,-28.1527,-8.5573,-3.6947
681918068,-1.35864,-1.28345,-1.11243,-12.4275,36.5496,119.3664,0.09106,-0.29517,-1.13354,-29.1145,-8.1374,-4.3664
681919068,-1.88684,-0.75745,-2.00000,-40.7939,50.7710,122.4809,0.09619,-0.29944,-1.13464,-29.8550,-7.6336,-5.0382
681920067,-1.88391,-0.06201,-2.00000,-36.1069,68.4733,114.2672,0.10120,-0.30530,-1.13562,-30.3817,-7.0458,-5.6947
681921067,-1.63672,-0.16895,-1.71912,-5.1985,74.6412,105.2366,0.10547,-0.31079,-1.13599,-30.6565,-6.3969,-6.3359
681922067,-1.62134,-1.13281,-1.17700,30.1832,68.6336,98.1450,0.10938,-0.31567,-1.13525,-30.7023,-5.6489,-6.9160
681923067,-1.67505,-2.00000,-1.09216,57.7710,67.6718,88.0229,0.11304,-0.32068,-1.13342,-30.5344,-4.7786,-7.4580
681924068,-1.62292,-2.00000,-0.96863,77.9924,85.7634,72.6183,0.11560,-0.32581,-1.13269,-30.1374,-3.8015,-7.9313
681925068,-1.59912,-2.00000,-1.00781,81.7405,108.5725,62.5725,0.11780,-0.33081,-1.13269,-29.4809,-2.7481,-8.3511
681926068,-1.86609,-2.00000,-1.87012,60.5420,112.9542,65.3130,0.11975,-0.33691,-1.13135,-28.5802,-1.6260,-8.7405
681927068,-2.00000,-2.00000,-2.00000,26.3130,101.0763,72.2824,0.12207,-0.34399,-1.12939,-27.4351,-0.4046,-9.0840
681928068,-2.00000,-2.00000,-2.00000,-13.1908,103.8168,76.1298,0.12451,-0.35083,-1.12720,-26.0458,0.9313,-9.3817
681929064,-2.00000,-2.00000,-1.54822,-63.9237,131.4580,76.8321,0.12695,-0.35730,-1.12463,-24.4198,2.3588,-9.6336
681930069,-2.00000,-2.00000,-0.38147,-114.1450,163.2443,73.5725,0.12988,-0.36401,-1.12207,-22.5267,3.8702,-9.8626
681931067,-2.00000,-2.00000,-0.18494,-135.4198,188.5344,64.3435,0.13245,-0.37061,-1.11914,-20.3588,5.4580,-10.0382
681932068,-1.76868,-2.00000,-0.04419,-127.1603,209.9008,51.2519,0.13489,-0.37659,-1.11694,-17.9237,7.0992,-10.1679
681933068,-1.27747,-2.00000,0.66882,-114.5420,225.3740,36.6183,0.13696,-0.38196,-1.11621,-15.2672,8.7939,-10.2443
681934068,-0.71460,-2.00000,1.57910,-102.5191,226.7939,16.6718,0.13818,-0.38721,-1.11584,-12.3588,10.5191,-10.2901
681935068,-0.31348,-2.00000,1.99994,-75.7405,202.1298,-9.7176,0.13916,-0.39172,-1.11426,-9.2290,12.2901,-10.3282
681936068,-0.16138,-1.61975,1.99994,-31.9924,154.2061,-35.4427,0.13977,-0.39551,-1.11182,-5.9389,14.0916,-10.3282
681937068,-0.13354,-1.30750,1.97827,8.8244,103.9237,-52.4504,0.13965,-0.39893,-1.10889,-2.4962,15.9084,-10.2519
681938067,-0.10571,-1.37891,1.97803,26.3664,69.4351,-56.3359,0.13831,-0.40149,-1.10559,1.0916,17.7176,-10.1221
681939067,-0.27820,-1.73767,1.67590,15.2366,48.1908,-47.3817,0.13660,-0.40295,-1.10229,4.8244,19.4962,-9.9466
681940067,-0.97302,-2.00000,0.42688,-25.3740,29.6794,-28.6107,0.13477,-0.40405,-1.09863,8.6489,21.2290,-9.7252
681941067,-1.66711,-2.00000,-0.77734,-85.3435,31.3664,-9.6565,0.13232,-0.40442,-1.09460,12.5038,22.8855,-9.4733
681942068,-1.83337,-2.00000,-0.91748,-142.0305,60.9847,2.3206,0.12915,-0.40344,-1.09021,16.3588,24.4580,-9.1908
681943068,-1.91809,-1.50342,-0.98950,-181.0229,90.7023,12.4733,0.12549,-0.40149,-1.08582,20.1908,25.9618,-8.8626
681944068,-2.00000,-1.00842,-1.67224,-195.2137,106.4580,20.6260,0.12122,-0.39844,-1.08228,23.9924,27.3588,-8.4962
681945067,-2.00000,-1.30383,-2.00000,-186.8626,113.7557,19.3359,0.11658,-0.39404,-1.07910,27.7557,28.6260,-8.0916
681946067,-2.00000,-1.70703,-2.00000,-170.2214,125.0534,5.7023,0.10974,-0.38464,-1.07117,35.0153,30.8702,-7.1908
681947068,-2.00000,-1.55017,-1.49060,-151.9466,148.2214,-19.2901,0.10693,-0.37976,-1.06787,38.5115,31.8855,-6.7328
681948068,-1.70349,-0.69666,-0.40686,-121.9084,170.0687,-49.4656,0.10413,-0.37476,-1.06519,41.8779,32.7710,-6.2672
681949067,-1.22546,0.27588,0.06348,-72.2595,179.7939,-75.8855,0.10254,-0.36987,-1.06165,45.0916,33.5344,-5.7786
681950067,-1.00317,0.78467,0.07715,-19.9771,175.9771,-92.8092,0.10156,-0.36401,-1.05737,48.1069,34.2137,-5.2977
681951067,-0.92432,0.39490,0.07629,13.6947,166.9160,-99.1756,0.09900,-0.35718,-1.05371,50.9542,34.7863,-4.8321
681952067,-0.69128,-0.39380,0.53235,24.2824,163.3282,-99.5496,0.09607,-0.35083,-1.05005,53.6870,35.2901,-4.3359
681953068,-0.37573,-0.53467,1.53174,16.7099,162.0916,-96.0687,0.09460,-0.34607,-1.04651,56.2824,35.7481,-3.8168
681954068,0.03516,0.07642,1.99994,-0.8779,161.2366,-86.9924,0.09363,-0.34192,-1.04382,58.7252,36.1145,-3.2901
681955067,0.32739,0.74902,1.99994,-30.1985,156.6565,-67.5496,0.09314,-0.33704,-1.04138,61.0382,36.4198,-2.7939
681956067,0.44653,0.75928,1.99994,-66.5802,144.1298,-40.2901,0.09277,-0.33240,-1.03760,63.2519,36.6870,-2.3053
681957067,0.56030,0.26770,1.99994,-98.9695,125.5115,-17.1298,0.09180,-0.32874,-1.03381,65.3588,36.9237,-1.8626
681958067,0.65369,-0.08728,1.99994,-124.8092,97.3817,-3.1908,0.09082,-0.32520,-1.02942,67.3511,37.1374,-1.4656
681959067,0.75903,0.22864,1.99994,-134.8244,62.0076,-0.8626,0.09094,-0.32214,-1.02563,69.2672,37.2901,-1.0458
681960067,0.99939,0.92627,1.99994,-114.6336,30.8931,-7.9160,0.09192,-0.32007,-1.02332,71.1145,37.3969,-0.5954
681961067,1.24158,1.03003,1.99994,-77.4351,6.4885,-16.2977,0.09338,-0.31824,-1.02100,72.8702,37.4198,-0.1374
681962067,1.04041,0.46997,1.99994,-54.1832,-16.7939,-20.0992,0.09521,-0.31689,-1.01819,74.5420,37.3817,0.2901
681963067,0.47034,-0.09985,1.65857,-45.0992,-33.7710,-24.1374,0.09607,-0.31628,-1.01453,76.1374,37.3588,0.6870
681964067,0.11816,-0.26636,0.62793,-23.6794,-35.6183,-36.9924,0.09583,-0.31665,-1.01086,77.6718,37.2977,1.0763
681965068,0.01880,-0.09460,0.38989,9.6107,-30.0305,-54.1145,0.09619,-0.31799,-1.00830,79.1374,37.1908,1.4733
681966068,-0.25623,0.13379,-0.08093,29.8244,-33.2137,-61.6260,0.09790,-0.31995,-1.00696,80.5649,37.0458,1.8244
681967067,-0.86511,0.15088,-1.20422,31.2672,-46.6031,-57.1374,0.10022,-0.32385,-1.00549,81.9695,36.9313,2.1298
681968068,-1.01941,-0.58167,-1.74182,28.7634,-46.3588,-49.1145,0.10266,-0.32971,-1.00293,83.4046,36.7939,2.3511
681969067,-0.51282,-1.43994,-1.00940,12.3893,-22.7252,-43.6947,0.10571,-0.33679,-1.00012,84.8702,36.6718,2.5573
681970067,-0.37170,-1.16223,-0.70215,-26.0305,-9.1756,-36.7634,0.11096,-0.34509,-0.99780,86.4885,36.5649,2.7481
681971067,-0.49658,0.99072,-1.70569,-39.5649,6.5191,-33.1450,0.11731,-0.35461,-0.99683,88.2290,36.5115,2.9160
681972067,-0.32764,1.06982,-0.90735,-29.6107,9.5802,-31.9084,0.12329,-0.36548,-0.99780,90.0916,36.5115,3.0229
681973067,-0.48438,0.73022,-0.73279,-38.4122,1.0840,-26.6489,0.13074,-0.37805,-0.99927,92.0763,36.6183,3.0305
681974068,-0.47888,0.54358,-0.89404,-35.5191,-3.6107,-29.0458,0.13928,-0.39185,-1.00085,94.1985,36.8168,2.9847
681975068,-0.39771,0.68652,-0.62439,-7.4351,-6.4351,-41.0687,0.14758,-0.40649,-1.00256,96.6260,37.1145,2.8702
681976068,-0.36389,0.91125,-0.34912,23.6641,-7.0458,-51.4122,0.15601,-0.42249,-1.00378,99.4046,37.5496,2.7176
681977068,-0.23499,0.81567,-0.52100,35.6412,-3.1756,-49.9389,0.16577,-0.43884,-1.00525,102.5802,38.1679,2.4733
681978068,-0.09546,0.35266,-0.69116,31.3053,1.6412,-40.6565,0.17737,-0.45520,-1.00781,106.1832,38.9542,2.1450
681979068,-0.11780,-0.09583,-0.63086,19.4122,3.9542,-30.9313,0.18945,-0.47266,-1.01050,110.2290,39.9389,1.7328
681980068,-0.12012,-0.13733,-0.61523,3.1908,7.0382,-22.8550,0.20117,-0.49121,-1.01379,114.7786,41.1603,1.2366
681981068,-0.10303,0.29358,-0.65820,-13.4580,5.9160,-14.5038,0.21326,-0.51050,-1.01868,119.9160,42.5954,0.6947
681982068,-0.15637,0.75867,-0.54785,-25.9542,-1.4275,-4.3740,0.22571,-0.52881,-1.02478,125.6412,44.2595,0.0916
681983067,-0.10950,0.77112,-0.20776,-34.2519,-9.3053,6.0305,0.23755,-0.54736,-1.03040,131.9618,46.1603,-0.6031
681984067,-0.09399,0.38721,0.02734,-38.9924,-17.8397,12.5115,0.24829,-0.56738,-1.03650,138.8931,48.2977,-1.3893
681985067,-0.15808,-0.02612,-0.05103,-32.7786,-24.4046,9.7863,0.25891,-0.58777,-1.04297,146.3969,50.6336,-2.2290
681986067,-0.16309,-0.10205,-0.22937,-12.3664,-28.2214,-2.3206,0.26855,-0.60779,-1.04919,154.4275,53.1985,-3.1145
681987067,-0.18372,0.17517,-0.42810,13.2824,-32.7099,-16.6794,0.27783,-0.62646,-1.05579,162.9389,56.0229,-3.9847
681988067,-0.24500,0.45654,-0.61584,33.8779,-35.1221,-26.6565,0.28650,-0.64417,-1.06250,171.9389,59.0763,-4.8321
681989068,-0.32446,0.46472,-0.68652,48.0229,-34.8702,-30.7863,0.29431,-0.66199,-1.06946,181.3893,62.3435,-5.6641
681990068,-0.42651,0.13672,-0.76953,54.6107,-34.7328,-29.4656,0.30200,-0.68042,-1.07678,191.2672,65.8015,-6.4656
681991068,-0.53760,-0.17627,-1.04602,45.5649,-33.3893,-22.9618,0.30945,-0.69861,-1.08423,201.5802,69.4198,-7.2214
681992068,-0.64819,-0.09814,-1.36499,20.7710,-30.6565,-11.7710,0.31628,-0.71582,-1.09143,212.3053,73.2061,-7.9084
681993068,-0.61975,0.17664,-1.26392,1.9847,-24.7176,-0.1374,0.32239,-0.73218,-1.09949,223.3817,77.2519,-8.5496
681994068,-0.44080,0.21338,-0.68713,1.6183,-18.4427,8.2443,0.32727,-0.74756,-1.10876,234.7405,81.5878,-9.1221
681995068,-0.35059,-0.07910,-0.33459,5.9389,-18.8015,14.4351,0.33032,-0.76233,-1.11829,246.3435,85.9389,-9.6183
681996068,-0.36914,-0.40039,-0.42554,7.9618,-21.9237,15.9847,0.33167,-0.77710,-1.12610,250.1298,90.2824,-10.0000
681997068,-0.36084,-0.50220,-0.46289,16.5573,-23.9389,8.6870,0.33093,-0.79126,-1.13281,250.1298,94.7405,-10.2519
681998068,-0.28613,-0.44910,-0.34595,34.4809,-29.0000,-5.1298,0.32788,-0.80310,-1.14026,250.1298,99.3511,-10.3588
681999068,-0.29675,-0.34680,-0.42407,56.4275,-40.9313,-19.9542,0.32471,-0.81299,-1.14819,250.1298,104.0763,-10.3588
682000067,-0.54944,-0.30908,-0.62878,75.9084,-55.8550,-30.7328,0.32227,-0.82178,-1.15503,250.1298,108.8779,-10.2748
682001067,-0.53967,-1.19556,-0.24146,84.6183,-59.4656,-29.5573,0.32056,-0.83044,-1.16089,250.1298,113.7176,-10.0763
682002067,0.17944,-1.99182,1.65918,87.7099,-39.1069,-28.6489,0.31860,-0.83838,-1.16541,250.1298,118.6031,-9.7557
682003067,1.28186,-0.95288,1.99994,148.4962,-15.1985,-52.5802,0.31482,-0.84436,-1.16846,250.1298,123.5191,-9.3511
682004068,1.99994,1.69763,1.99994,250.1298,-10.4656,-107.4580,0.31116,-0.84985,-1.17126,250.1298,128.4656,-8.8779
682005068,1.99994,1.99994,1.99994,250.1298,-38.6107,-157.9618,0.30896,-0.85608,-1.17517,250.1298,133.4046,-8.3206
682006068,1.99994,1.99994,1.99994,250.1298,-135.0763,-171.1069,0.30737,-0.86255,-1.18152,250.1298,138.3664,-7.7176
682007067,1.88977,0.76514,1.99994,250.1298,-250.1374,-175.2748,0.30603,-0.86963,-1.18872,250.1298,143.3588,-7.0992
682008067,1.99994,-2.00000,1.96118,250.1298,-250.1374,-192.8321,0.30591,-0.87683,-1.19507,250.1298,148.3588,-6.4656
682009067,-0.31702,-2.00000,-1.39929,250.1298,-250.1374,-202.7328,0.30762,-0.88489,-1.20105,250.1298,153.3893,-5.8092
682010067,-2.00000,0.62073,-2.00000,250.1298,-250.1374,-206.7710,0.31006,-0.89392,-1.20740,250.1298,158.4733,-5.1450
682011068,-2.00000,1.99994,-2.00000,250.1298,-250.1374,-184.6718,0.31250,-0.90430,-1.21558,250.1298,163.5802,-4.4885
682012068,-2.00000,1.99994,-2.00000,250.1298,-250.1374,-98.2595,0.31567,-0.91589,-1.22583,250.1298,168.7099,-3.8244
682013068,-2.00000,-0.01221,-2.00000,250.1298,-250.1374,32.4885,0.32043,-0.92834,-1.23779,250.1298,173.8626,-3.1450
682014067,-2.00000,-2.00000,-2.00000,99.6260,-200.0992,114.2061,0.32654,-0.94153,-1.24951,250.1298,179.0458,-2.4885
682015068,-2.00000,-2.00000,-2.00000,76.1069,87.5802,119.0992,0.33313,-0.95679,-1.26062,250.1298,184.2672,-1.8244
682016068,-2.00000,-2.00000,-1.07190,110.8244,250.1298,92.7863,0.33923,-0.97339,-1.27161,250.1298,189.5573,-1.0992
682017067,-1.57886,-0.28955,-1.02100,206.1374,250.1298,48.3053,0.34521,-0.98950,-1.28174,250.1298,194.8626,-0.3588
682018068,0.48230,1.99994,1.17078,250.1298,250.1298,-36.7939,0.35156,-1.00537,-1.29163,250.1298,200.1603,0.3588
682019067,1.99994,1.96057,1.99994,250.1298,206.7939,-132.6336,0.35767,-1.02051,-1.30029,250.1298,205.5115,1.0534
682020065,1.99994,-1.42920,1.99994,250.1298,-33.8626,-201.6489,0.36340,-1.03430,-1.30798,250.1298,210.8855,1.7481
682021069,1.99994,-2.00000,1.99994,250.1298,-250.1374,-250.1374,0.36902,-1.04761,-1.31519,250.1298,216.2748,2.4046
682022068,1.99994,-2.00000,1.99994,250.1298,-250.1374,-250.1374,0.37451,-1.06067,-1.32202,250.1298,221.6870,3.0611
682023068,1.99994,-2.00000,1.99994,250.1298,-250.1374,-250.1374,0.37976,-1.07251,-1.32983,250.1298,227.0992,3.7405
682024067,1.99994,-2.00000,1.99994,250.1298,-250.1374,-250.1374,0.38501,-1.08411,-1.33667,250.1298,232.4962,4.4427
682025067,1.14575,1.54700,1.99994,250.1298,-250.1374,-250.1374,0.39001,-1.09534,-1.34241,250.1298,237.8244,5.1298
682026068,-1.50964,1.99994,-0.31970,250.1298,-250.1374,-249.0229,0.39502,-1.10498,-1.34753,250.1298,243.1221,5.7939
682027067,-2.00000,0.18787,-1.33228,250.1298,-250.1374,-155.8168,0.40002,-1.11475,-1.35278,250.1298,248.4275,6.4275
682028068,-2.00000,-2.00000,-0.24414,250.1298,-250.1374,-100.8092,0.40430,-1.12451,-1.35876,250.1298,250.1298,7.0229
682029068,-2.00000,-2.00000,-2.00000,250.1298,-250.1374,-88.3130,0.40857,-1.13281,-1.36328,250.1298,250.1298,7.5954
682030068,-2.00000,-1.18579,-2.00000,250.1298,-250.1374,-93.2901,0.41492,-1.14038,-1.36609,250.1298,250.1298,8.1145
682031068,-2.00000,0.84998,-2.00000,250.1298,-250.1374,-105.5954,0.42346,-1.14722,-1.36914,250.1298,250.1298,8.5649
682032068,-2.00000,0.70276,-2.00000,250.1298,-250.1374,-77.9924,0.43335,-1.15417,-1.37292,250.1298,250.1298,8.9618
682033068,-2.00000,-2.00000,-2.00000,250.1298,-250.1374,-26.8244,0.44312,-1.16199,-1.37732,250.1298,250.1298,9.3206
682034068,-2.00000,-2.00000,-2.00000,250.1298,-179.1298,-29.5344,0.45129,-1.17078,-1.38269,250.1298,250.1298,9.6336
682035067,-2.00000,-2.00000,-1.59692,250.1298,-46.1679,-71.3206,0.46021,-1.18030,-1.38989,250.1298,250.1298,9.8626
682036067,-0.34094,-1.71057,1.99994,250.1298,63.6794,-121.3511,0.47046,-1.19104,-1.39929,250.1298,250.1298,10.0458
682037068,1.15234,-0.29102,1.99994,250.1298,88.4275,-210.0763,0.48059,-1.20398,-1.40955,250.1298,250.1298,10.1679
682038068,1.99994,0.98865,1.99994,250.1298,63.6794,-250.1374,0.49023,-1.21936,-1.42126,250.1298,250.1298,10.2137
682039068,1.99994,-0.38989,1.99994,250.1298,-36.1221,-250.1374,0.49976,-1.23730,-1.43506,250.1298,250.1298,10.1679
682040067,1.99994,-2.00000,1.99994,250.1298,-224.3435,-250.1374,0.50891,-1.25757,-1.45068,250.1298,250.1298,10.0840
682041067,1.99994,-2.00000,1.99994,250.1298,-250.1374,-250.1374,0.51758,-1.27991,-1.46790,250.1298,250.1298,9.9389
682042067,1.99994,-2.00000,1.99994,250.1298,-250.1374,-250.1374,0.52600,-1.30420,-1.48608,250.1298,250.1298,9.7557
682043067,0.57812,-2.00000,1.99994,250.1298,-250.1374,-250.1374,0.53357,-1.33044,-1.50513,250.1298,250.1298,9.5344
682044068,-1.32947,-1.17114,-0.18896,250.1298,-250.1374,-250.1374,0.54102,-1.35889,-1.52478,250.1298,250.1298,9.2519
682045068,-2.00000,0.25098,-2.00000,250.1298,-250.1374,-250.1374,0.55750,-1.42163,-1.56555,250.1298,250.1298,8.6031
682046067,-2.00000,1.72046,-1.25037,250.1298,-250.1374,-157.4275,0.56494,-1.45679,-1.58582,250.1298,250.1298,8.1985
682047068,-1.38770,1.99994,0.14709,250.1298,-250.1374,-58.9924,0.57214,-1.49329,-1.60571,250.1298,250.1298,7.6870
682048068,-1.82666,1.99994,0.87964,250.1298,-250.1374,-19.5802,0.57910,-1.53040,-1.62573,250.1298,250.1298,7.0992
682049067,-1.53052,1.99994,0.86047,250.1298,-137.6794,-80.7863,0.58582,-1.56714,-1.64490,250.1298,250.1298,6.4122
682050067,0.74414,0.67163,1.99994,250.1298,-68.3282,-175.8931,0.59192,-1.60205,-1.66455,250.1298,250.1298,5.6107
682051064,1.61243,-1.27466,1.99994,250.1298,-174.7252,-250.1374,0.59778,-1.63538,-1.68469,250.1298,250.1298,4.6412
682052063,0.79932,-2.00000,-0.40283,250.1298,-250.1374,-250.1374,0.60339,-1.66504,-1.70605,250.1298,250.1298,3.4885
682053068,-0.40430,-2.00000,-2.00000,250.1298,-250.1374,-250.1374,0.60815,-1.69312,-1.72583,250.1298,250.1298,2.1908
682054067,-0.91431,-2.00000,-0.31055,250.1298,-250.1374,-250.1374,0.61145,-1.71851,-1.74438,250.1298,250.1298,0.5954
682055068,-0.90344,-2.00000,0.85364,250.1298,-250.1374,-250.1374,0.61401,-1.73889,-1.76538,250.1298,250.1298,-1.3435
682056068,-2.00000,-2.00000,-1.84302,250.1298,-250.1374,-250.1374,0.61548,-1.75671,-1.78772,250.1298,250.1298,-3.6489
682057068,-2.00000,-2.00000,-2.00000,250.1298,-250.1374,-250.1374,0.61682,-1.77026,-1.80981,250.1298,250.1298,-6.3588
682058064,-2.00000,-1.90833,-2.00000,250.1298,-250.1374,-246.8550,0.61865,-1.77771,-1.83154,250.1298,250.1298,-9.4962
682059064,-2.00000,-0.89294,-1.66309,250.1298,-194.4885,-152.9695,0.62170,-1.78040,-1.85315,250.1298,250.1298,-13.0534
682060069,-2.00000,-0.74255,-2.00000,250.1298,-126.5191,-82.1985,0.62512,-1.77905,-1.87244,250.1298,250.1298,-17.0840
682061067,-2.00000,-2.00000,-2.00000,250.1298,-25.8931,-59.4885,0.62854,-1.77234,-1.89111,250.1298,250.1298,-21.6260
682062067,-1.19104,-2.00000,0.97388,250.1298,35.0840,-84.8855,0.62561,-1.75037,-1.90540,250.1298,250.1298,-26.6947
682063068,1.68286,-0.62390,1.99994,250.1298,10.5649,-128.1221,0.61743,-1.72119,-1.92249,250.1298,250.1298,-31.9008
682064068,1.99994,1.99994,1.99994,250.1298,-56.5725,-167.7252,0.60962,-1.69934,-1.94702,250.1298,250.1298,-37.1832
682065067,1.99994,1.99994,1.99994,250.1298,-169.3969,-241.1374,0.60107,-1.67871,-1.96960,250.1298,250.1298,-42.9771
682066067,1.99994,1.99994,1.99994,250.1298,-250.1374,-250.1374,0.59363,-1.65710,-1.98840,250.1298,250.1298,-49.4046
682067065,1.99994,1.99994,1.99994,250.1298,-250.1374,-250.1374,0.58740,-1.63196,-2.00000,250.1298,250.1298,-56.3053
682068069,1.99994,-1.03369,1.99994,250.1298,-250.1374,-250.1374,0.58203,-1.60107,-2.00000,250.1298,250.1298,-63.5496
682069068,1.20422,-2.00000,1.99994,250.1298,-250.1374,-250.1374,0.57898,-1.56787,-2.00000,250.1298,250.1298,-71.1221
682070068,-0.70166,-2.00000,0.62671,250.1298,-250.1374,-250.1374,0.57141,-1.52393,-2.00000,250.1298,250.1298,-79.1298
682071068,-0.90771,-1.88818,1.23267,250.1298,-250.1374,-250.1374,0.55713,-1.46838,-2.00000,250.1298,250.1298,-87.3664
682072067,0.86780,1.99994,1.99994,250.1298,-250.1374,-250.1374,0.54089,-1.41553,-2.00000,250.1298,250.1298,-95.5420
682073068,0.63037,1.99994,1.99994,250.1298,-250.1374,-250.1374,0.51819,-1.35657,-2.00000,250.1298,250.1298,-103.8779
682074068,-2.00000,-0.26367,-1.22998,250.1298,-250.1374,-250.1374,0.49158,-1.29626,-2.00000,250.1298,250.1298,-112.2366
682075068,-2.00000,-2.00000,-2.00000,250.1298,-250.1374,-250.1374,0.46509,-1.24426,-2.00000,250.1298,250.1298,-120.6031
682076068,-2.00000,-2.00000,-2.00000,250.1298,-250.1374,-250.1374,0.43628,-1.18994,-2.00000,250.1298,250.1298,-129.0687
682077067,-2.00000,-2.00000,-2.00000,250.1298,-250.1374,-250.1374,0.40833,-1.13770,-2.00000,250.1298,250.1298,-137.4504
682078068,-2.00000,0.47864,-2.00000,250.1298,-250.1374,-250.1374,0.37976,-1.08533,-2.00000,250.1298,250.1298,-145.6947
682079064,-2.00000,-0.64331,-2.00000,250.1298,-250.1374,-250.1374,0.34570,-1.02710,-2.00000,250.1298,250.1298,-153.7328
682080064,-0.45898,-2.00000,-1.71643,250.1298,-250.1374,-250.1374,0.31360,-0.97498,-1.97888,250.1298,250.1298,-161.4733
682081068,-1.99036,-2.00000,-2.00000,250.1298,-250.1374,-250.1374,0.28345,-0.92456,-1.95178,250.1298,250.1298,-169.0611
682082064,-2.00000,-1.79871,-2.00000,250.1298,-250.1374,-250.1374,0.24805,-0.86658,-1.91333,250.1298,250.1298,-176.4809
682083069,-2.00000,-1.24487,-2.00000,250.1298,-207.8855,-250.1374,0.20850,-0.81030,-1.87390,250.1298,250.1298,-183.3740
682084064,-2.00000,-2.00000,-2.00000,250.1298,-13.4580,-250.1374,0.16565,-0.75647,-1.83826,250.1298,250.1298,-189.7939
682085069,-2.00000,-1.64758,-2.00000,250.1298,-36.5420,-250.1374,0.11804,-0.69836,-1.79590,250.1298,250.1298,-195.9008
682086068,-1.25647,-0.63708,-1.75500,250.1298,-91.4504,-250.1374,0.06665,-0.64148,-1.75378,250.1298,250.1298,-201.5267
682087067,0.22095,0.24426,1.54773,250.1298,-131.1374,-250.1374,0.01624,-0.59204,-1.71704,250.1298,250.1298,-206.5878
682088067,1.29285,0.36194,1.99994,250.1298,-165.2824,-250.1374,-0.03174,-0.54834,-1.67395,250.1298,250.1298,-211.1756
682089067,1.73462,0.24683,1.99994,250.1298,-188.7863,-250.1374,-0.07812,-0.50903,-1.62622,250.1298,250.1298,-215.2595
682090067,1.93445,1.99994,1.99994,250.1298,-211.0000,-250.1374,-0.12256,-0.47314,-1.57825,250.1298,250.1298,-218.7405
682091065,1.99994,1.99994,1.99994,250.1298,-180.7634,-250.1374,-0.16479,-0.43909,-1.53137,250.1298,250.1298,-221.6565
682092065,1.99994,1.99994,1.99994,250.1298,-118.9160,-250.1374,-0.20569,-0.40784,-1.48328,250.1298,250.1298,-223.9847
682093069,1.99994,1.99994,1.99994,250.1298,-189.5878,-250.1374,-0.24414,-0.38110,-1.43103,250.1298,250.1298,-225.6718
682094068,1.99994,1.99994,1.99994,250.1298,-250.1374,-250.1374,-0.27832,-0.35767,-1.37830,250.1298,250.1298,-226.9008
682095067,1.99994,-1.82935,1.99994,250.1298,-250.1374,-250.1374,-0.30969,-0.33264,-1.32520,250.1298,250.1298,-227.8244
682096067,1.34387,-2.00000,1.46277,250.1298,-250.1374,-250.1374,-0.34082,-0.30591,-1.26892,250.1298,250.1298,-228.1985
682097067,-1.56726,-2.00000,-1.36841,250.1298,-250.1374,-250.1374,-0.37085,-0.28101,-1.20959,250.1298,250.1298,-227.9847
682098068,-2.00000,-2.00000,-2.00000,250.1298,-250.1374,-250.1374,-0.39734,-0.25879,-1.14795,250.1298,250.1298,-227.2519
682099068,-2.00000,-2.00000,-2.00000,250.1298,-250.1374,-250.1374,-0.42163,-0.23816,-1.08606,250.1298,250.1298,-226.0992
682100068,-2.00000,-2.00000,-2.00000,250.1298,-250.1374,-250.1374,-0.44275,-0.22058,-1.02368,250.1298,250.1298,-224.6183
682101068,-2.00000,-2.00000,-2.00000,250.1298,-250.1374,-250.1374,-0.46021,-0.20691,-0.96375,250.1298,250.1298,-222.8779
682102064,-2.00000,-2.00000,-2.00000,250.1298,-250.1374,-250.1374,-0.47632,-0.19409,-0.90564,250.1298,250.1298,-220.9008
682103065,-2.00000,-2.00000,-2.00000,250.1298,-186.7099,-250.1374,-0.49084,-0.18323,-0.84692,250.1298,250.1298,-218.6794
682104069,-2.00000,-0.46497,-0.85852,250.1298,0.2214,-250.1374,-0.50256,-0.17517,-0.78979,250.1298,250.1298,-216.2824
682105068,-2.00000,1.99994,1.21399,250.1298,240.3893,-250.1374,-0.51184,-0.16931,-0.73291,250.1298,250.1298,-213.7710
682106067,0.14209,1.99994,1.99994,250.1298,250.1298,-250.1374,-0.51965,-0.16577,-0.67651,250.1298,250.1298,-211.1756
682107065,1.99994,1.36780,1.99994,250.1298,250.1298,-250.1374,-0.52649,-0.16248,-0.62317,250.1298,250.1298,-208.5191
682108069,1.99994,-2.00000,1.99994,250.1298,99.7557,-250.1374,-0.53162,-0.15918,-0.57214,250.1298,250.1298,-205.8168
682109067,1.99994,-2.00000,1.99994,250.1298,-250.1374,-250.1374,-0.53638,-0.15674,-0.52368,250.1298,250.1298,-203.1221
682110067,1.99994,-2.00000,1.99994,250.1298,-250.1374,-250.1374,-0.54077,-0.15430,-0.47742,250.1298,250.1298,-200.4809
682111067,-0.77185,-1.81067,1.99994,250.1298,-250.1374,-250.1374,-0.54382,-0.15161,-0.43225,250.1298,250.1298,-197.8931
682112067,-1.36108,0.16199,1.42114,250.1298,-250.1374,-250.1374,-0.54578,-0.14966,-0.38940,250.1298,250.1298,-195.3893
682113068,0.46130,-2.00000,0.05347,250.1298,-250.1374,-250.1374,-0.54626,-0.14783,-0.34900,250.1298,250.1298,-192.9924
682114068,-1.08618,-2.00000,-0.39734,250.1298,-250.1374,-250.1374,-0.54590,-0.14429,-0.31055,250.1298,250.1298,-190.6565
682115067,-2.00000,-2.00000,-2.00000,250.1298,-250.1374,-250.1374,-0.54443,-0.13965,-0.27405,250.1298,250.1298,-188.4122
682116068,-2.00000,-2.00000,-2.00000,250.1298,-250.1374,-250.1374,-0.54150,-0.13391,-0.23901,250.1298,250.1298,-186.2748
682117067,-2.00000,-2.00000,-0.61279,250.1298,-250.1374,-250.1374,-0.53748,-0.12598,-0.20544,250.1298,250.1298,-184.2366
682118067,-0.77246,1.58228,1.99994,250.1298,-119.9466,-250.1374,-0.53210,-0.11487,-0.17261,250.1298,250.1298,-182.2901
682119067,1.09583,1.99994,1.99994,250.1298,41.9466,-250.1374,-0.52637,-0.09875,-0.13977,250.1298,250.1298,-180.4427
682120067,1.99994,1.99994,1.99994,250.1298,37.5649,-250.1374,-0.52014,-0.07715,-0.10730,250.1298,250.1298,-178.7328
682121065,1.99994,-2.00000,1.99994,250.1298,-213.0305,-250.1374,-0.51111,-0.05017,-0.07642,250.1298,250.1298,-177.1527
682122065,1.99994,-2.00000,1.99994,250.1298,-250.1374,-250.1374,-0.49927,-0.01685,-0.04663,250.1298,250.1298,-175.7176
682123065,1.99994,-2.00000,1.99994,250.1298,-250.1374,-250.1374,-0.48621,0.02271,-0.01733,250.1298,250.1298,-174.4122
682124068,0.16272,-1.15405,1.99994,250.1298,-250.1374,-250.1374,-0.47156,0.06812,0.01331,250.1298,250.1298,-173.2595
682125067,1.99994,1.99994,1.99994,250.1298,-250.1374,-250.1374,-0.45471,0.11975,0.04590,250.1298,250.1298,-172.2595
682126065,1.99994,1.99994,1.99994,250.1298,-250.1374,-250.1374,-0.43628,0.17786,0.08032,250.1298,242.6565,-171.4046
682127063,-0.91992,0.77075,0.49365,250.1298,-250.1374,-250.1374,-0.41699,0.24072,0.11450,250.1298,232.3664,-170.7176
682128068,-2.00000,-2.00000,-2.00000,250.1298,-250.1374,-250.1374,-0.39661,0.30579,0.14758,250.1298,222.3359,-170.2137
682129068,-2.00000,-2.00000,-2.00000,250.1298,-250.1374,-250.1374,-0.37683,0.37109,0.18140,250.1298,212.5420,-169.8626
682130068,-2.00000,-2.00000,-1.30908,250.1298,-250.1374,-250.1374,-0.35828,0.43726,0.21399,250.1298,202.9771,-169.6565
682131068,-2.00000,-2.00000,-1.76123,250.1298,-250.1374,-250.1374,-0.34058,0.50342,0.24487,250.1298,193.6031,-169.5267
682132068,-2.00000,-2.00000,-1.63953,250.1298,-250.1374,-250.1374,-0.32446,0.56799,0.27380,250.1298,184.3969,-169.4733
682133068,-2.00000,-0.26843,-0.94238,250.1298,-250.1374,-250.1374,-0.30981,0.63049,0.30066,250.1298,175.3435,-169.4885
682134068,-1.91150,1.99994,-2.00000,250.1298,-250.1374,-250.1374,-0.29565,0.69165,0.32458,250.1298,166.4198,-169.5038
682135068,-1.87329,1.99994,-2.00000,250.1298,-250.1374,-250.1374,-0.28198,0.75208,0.34692,250.1298,157.6107,-169.4656
682136068,0.14014,1.99994,-0.30469,250.1298,-250.1374,-250.1374,-0.26794,0.81250,0.36792,250.1298,148.9008,-169.2977
682137068,1.99994,1.99994,1.99994,250.1298,-250.1374,-250.1374,-0.25244,0.87195,0.38672,250.1298,140.3130,-168.9924
682138067,1.99994,1.99994,1.99994,250.1298,-250.1374,-250.1374,-0.23621,0.92944,0.40417,250.1298,131.8244,-168.5115
682139067,1.91016,1.99994,1.99994,250.1298,-250.1374,-250.1374,-0.21973,0.98596,0.41931,250.1298,123.3511,-167.8397
682140067,1.99994,-0.18042,1.99994,250.1298,-250.1374,-250.1374,-0.20093,1.04065,0.43079,250.1298,115.1069,-166.9695
682141068,1.91101,-0.83008,1.99994,250.1298,-250.1374,-250.1374,-0.17737,1.09167,0.44153,250.1298,107.1450,-165.9160
682142067,0.74036,-1.26501,1.99994,250.1298,-250.1374,-250.1374,-0.15308,1.13977,0.45972,250.1298,99.5191,-164.6107
682143067,0.87524,-2.00000,1.99994,250.1298,-250.1374,-250.1374,-0.13049,1.18726,0.47827,250.1298,91.9695,-162.9771
682144068,0.89771,-2.00000,1.99994,250.1298,-250.1374,-250.1374,-0.07715,1.28015,0.48096,250.1298,77.4351,-158.9237
682145067,-0.65308,-1.83997,1.19165,250.1298,-250.1374,-250.1374,-0.04382,1.31714,0.49670,250.1298,71.2672,-156.4962
682146067,-2.00000,-0.14014,-2.00000,250.1298,-250.1374,-250.1374,-0.01160,1.34998,0.52307,250.1298,65.4504,-153.7176
682147068,-2.00000,0.43701,-1.54041,250.1298,-250.1374,-227.5115,0.01685,1.38513,0.53479,250.1298,59.6718,-150.6641
682148068,-1.89014,0.27344,-0.07080,250.1298,-250.1374,-119.7786,0.03735,1.42554,0.53821,250.1298,54.1679,-147.4198
682149068,-1.89185,0.87451,-0.51953,240.6641,-250.1374,-74.0000,0.05066,1.46826,0.54041,250.1298,49.0458,-144.0305
682150068,-1.75476,1.99994,-1.36426,250.1298,-250.1374,-92.5802,0.05969,1.51099,0.54370,250.1298,44.2443,-140.5267
682151068,-1.51672,1.99994,-2.00000,250.1298,-250.1374,-145.7863,0.06384,1.55530,0.54297,250.1298,39.7023,-136.9237
682152067,-0.98010,1.99994,-1.95398,250.1298,-250.1374,-225.2672,0.06360,1.59863,0.53955,250.1298,35.4733,-133.1985
682153067,0.48291,1.99994,1.22449,250.1298,-250.1374,-250.1374,0.06348,1.63782,0.53613,250.1298,31.5649,-129.3511
682154067,1.71472,1.99994,1.99994,250.1298,-250.1374,-250.1374,0.06738,1.67078,0.53198,250.1298,28.0076,-125.3740
682155065,1.20117,1.81360,1.58362,250.1298,-250.1374,-250.1374,0.07422,1.69495,0.53479,250.1298,24.8473,-121.2901
682156069,0.17737,-0.26038,0.64551,250.1298,-250.1374,-250.1374,0.08057,1.71460,0.54199,250.1298,21.9542,-117.1145
682157068,0.71497,-0.11206,1.99994,250.1298,-250.1374,-250.1374,0.08508,1.73450,0.54663,250.1298,19.2290,-112.8321
682158067,1.36926,-0.24194,1.99994,250.1298,-250.1374,-250.1374,0.08398,1.75635,0.55383,250.1298,16.7481,-108.3511
682159068,0.71509,-2.00000,1.99994,250.1298,-250.1374,-250.1374,0.07678,1.77893,0.55920,250.1298,14.3969,-103.5573
682160068,-0.12024,-2.00000,1.99994,250.1298,-250.1374,-192.9008,0.06934,1.79541,0.55969,250.1298,12.1756,-98.5344
682161068,-0.48376,-2.00000,1.99994,250.1298,-250.1374,-140.3740,0.06165,1.80762,0.56152,244.6489,10.2443,-93.5115
682162067,-0.67188,-1.50867,-0.64404,250.1298,-250.1374,-75.0916,0.05310,1.81750,0.56738,215.8244,8.5267,-88.5115
682163068,-0.85449,0.23303,-1.30200,192.4275,-250.1374,-23.8626,0.04590,1.82068,0.57410,187.3359,6.9008,-83.4427
682164068,-0.55481,-0.46301,1.78589,153.9542,-250.1374,3.9008,0.03967,1.81775,0.57922,159.4046,5.4198,-78.2672
682165068,0.14307,-2.00000,1.99994,157.9466,-250.1374,6.8244,0.03650,1.80872,0.58789,132.1527,4.1221,-72.9618
682166068,-0.62488,-2.00000,1.79724,205.9389,-250.1374,-37.8702,0.03662,1.79431,0.59937,105.5802,2.9466,-67.4885
682167068,-1.49963,-2.00000,-0.41663,250.1298,-250.1374,-111.6565,0.03857,1.77405,0.61023,79.7710,1.9160,-61.8626
682168067,-0.35376,-1.87231,0.12231,250.1298,-250.1374,-186.6489,0.04126,1.74646,0.62158,54.8397,1.0687,-56.1450
682169068,0.61292,-1.49573,0.84326,250.1298,-250.1374,-237.4885,0.04419,1.71179,0.63330,30.8779,0.4351,-50.3817
682170067,-0.07312,-2.00000,-1.32776,250.1298,-250.1374,-250.1374,0.04822,1.67102,0.64807,7.9695,-0.0153,-44.4885
682171068,-0.69592,-2.00000,-2.00000,250.1298,-250.1374,-250.1374,0.05359,1.62537,0.66528,-13.8168,-0.3206,-38.5115
682172068,-0.33875,-2.00000,-2.00000,250.1298,-250.1374,-250.1374,0.06006,1.57556,0.68408,-34.4198,-0.4580,-32.4656
682173068,-0.76282,-2.00000,-1.73755,250.1298,-250.1374,-250.1374,0.06763,1.52124,0.70374,-53.7863,-0.4275,-26.3588
682174067,-2.00000,-2.00000,-2.00000,250.1298,-250.1374,-245.4198,0.07507,1.46326,0.72241,-71.8321,-0.2366,-20.2290
682175067,-2.00000,-0.25891,-2.00000,247.3282,-250.1374,-203.8397,0.08252,1.40271,0.74170,-88.5267,0.1145,-14.0534
682176068,-1.54480,1.99994,-2.00000,155.0840,-250.1374,-145.5267,0.08997,1.34058,0.76160,-103.8397,0.5878,-7.8397
682177068,-0.94312,1.99994,-2.00000,53.5954,-227.0305,-65.7099,0.09644,1.27808,0.78015,-117.7557,1.1832,-1.6031
682178068,-1.32434,1.99994,-2.00000,1.4885,-210.9466,-7.6183,0.10303,1.21558,0.79773,-130.2977,1.8473,4.5878
682179068,-1.74377,1.25220,-2.00000,35.8015,-190.0916,1.5038,0.10791,1.15295,0.81519,-141.4962,2.5649,10.7176
682180068,-2.00000,0.28845,-2.00000,87.7634,-199.9237,-22.2366,0.10999,1.09009,0.83167,-151.3282,3.3282,16.7405
682181068,-2.00000,1.43225,-2.00000,69.3282,-188.0916,-32.9008,0.10950,1.02722,0.84863,-159.8015,4.0916,22.6107
682182068,-2.00000,1.99994,-2.00000,3.8931,-111.4580,-12.7328,0.10571,0.96472,0.86523,-166.9313,4.7786,28.2595
682183067,-2.00000,1.99994,-2.00000,-12.5267,-19.0916,12.8931,0.09949,0.90332,0.88049,-172.7786,5.3511,33.7023
682184068,-2.00000,1.99994,-2.00000,30.2137,54.1450,19.7099,0.09265,0.84424,0.89441,-177.4198,5.8397,38.8931
682185068,-2.00000,1.99994,-2.00000,63.8015,118.0916,22.0229,0.08545,0.78711,0.90649,-180.9008,6.2824,43.7939
682186067,-2.00000,1.99994,-2.00000,37.1527,206.2366,47.1298,0.07715,0.73230,0.91882,-183.2290,6.6412,48.3588
682187067,-1.71448,1.99994,-2.00000,-41.0458,250.1298,97.8321,0.06787,0.68054,0.93152,-184.4656,6.8473,52.5954
682188067,-0.87708,1.99994,-2.00000,-90.1527,250.1298,139.7405,0.05945,0.63147,0.94312,-184.7023,6.8779,56.5420
682189065,-0.15979,1.27222,-0.88940,-47.1145,250.1298,145.9237,0.05273,0.58521,0.95337,-184.0153,6.7405,60.1603
682190065,0.51611,0.61890,0.32605,38.9160,250.1298,121.9313,0.04614,0.54138,0.96252,-182.4809,6.4198,63.4427
682191069,1.13062,1.46301,1.14697,72.2366,250.1298,101.5649,0.04004,0.50073,0.97046,-180.1908,5.9237,66.3740
682192067,1.55847,1.99994,1.62219,50.0992,200.5573,107.7023,0.03442,0.46326,0.97803,-177.2214,5.2595,68.9618
682193067,1.43188,1.99994,1.93994,40.8168,144.3053,124.2290,0.02869,0.42847,0.98401,-173.6947,4.3893,71.2061
682194067,0.52234,1.21155,0.71350,42.4198,91.0229,138.9847,0.02478,0.39722,0.98816,-169.6947,3.3435,73.1527
682195068,-0.97778,0.30139,-1.43225,-1.0458,69.6260,162.9160,0.02283,0.36926,0.99255,-165.2519,2.1527,74.7786
682196067,-2.00000,-0.04785,-2.00000,-104.4046,103.1908,203.7099,0.02185,0.34351,0.99890,-160.4275,0.8321,76.1221
682197068,-2.00000,0.70508,-2.00000,-210.4733,193.5954,244.7176,0.02197,0.31982,1.00574,-155.2977,-0.6260,77.2061
682198068,-1.77942,1.99994,-2.00000,-250.1374,250.1298,250.1298,0.02356,0.29773,1.01233,-149.9618,-2.1908,77.9847
682199068,-1.89978,1.99994,-2.00000,-226.2137,250.1298,250.1298,0.02710,0.27734,1.01917,-144.4504,-3.8550,78.4885
682200067,-1.74475,1.99994,-2.00000,-179.4809,250.1298,250.1298,0.03149,0.25854,1.02527,-138.7863,-5.5878,78.7328
682201068,-1.27185,1.99994,-1.02771,-168.6947,250.1298,250.1298,0.03601,0.24097,1.03125,-133.0000,-7.3664,78.7328
682202067,-0.72742,1.01770,0.73877,-187.9084,250.1298,250.1298,0.04175,0.22461,1.03699,-127.1221,-9.1756,78.4733
682203068,0.25330,-0.09985,1.85974,-159.4427,250.1298,250.1298,0.04810,0.20996,1.04224,-121.1603,-11.0000,78.0076
682204067,0.77917,0.96570,1.95105,-74.9542,250.1298,250.1298,0.05481,0.19592,1.04688,-115.1450,-12.8244,77.3359
682205067,0.63086,1.99994,0.79590,-7.1145,250.1298,250.1298,0.06250,0.18237,1.05090,-109.0916,-14.6489,76.4809
682206065,0.50281,1.99994,-0.04297,3.0229,250.1298,250.1298,0.07043,0.16931,1.05408,-103.0153,-16.4275,75.4580
682207069,-0.27100,1.42554,0.20093,-33.9771,250.1298,250.1298,0.07922,0.15625,1.05737,-96.9084,-18.1832,74.2290
682208068,-1.25439,-1.59595,1.46997,-75.9771,248.8168,250.1298,0.08789,0.14319,1.05945,-90.7557,-19.9160,72.8168
682209067,-1.09607,-2.00000,1.99994,-87.2672,250.1298,250.1298,0.09534,0.12988,1.06042,-84.5802,-21.5954,71.2290
682210067,-0.70117,-2.00000,1.99994,-119.9466,250.1298,250.1298,0.10303,0.11658,1.06128,-78.3206,-23.1679,69.5191
682211067,-1.22205,-2.00000,1.99994,-212.3969,250.1298,250.1298,0.11194,0.10376,1.06006,-71.9618,-24.6183,67.7023
682212067,-0.81775,-2.00000,1.86560,-245.1145,250.1298,250.1298,0.12146,0.09192,1.05652,-65.5191,-25.9618,65.7786
682213067,1.26465,-0.38440,1.99994,-205.2748,250.1298,250.1298,0.13159,0.08130,1.05164,-59.0000,-27.1985,63.7405
682214064,1.99994,0.08191,1.99994,-204.1527,250.1298,250.1298,0.14209,0.07178,1.04773,-52.3969,-28.3359,61.6336
682215064,1.99994,-0.64050,1.99994,-212.3282,250.1298,250.1298,0.15222,0.06311,1.04407,-45.7176,-29.3511,59.4427
682216065,1.99994,-1.34277,1.99994,-165.2443,250.1298,250.1298,0.16162,0.05579,1.03821,-38.9924,-30.2595,57.1756
682217069,1.99994,-2.00000,1.99994,-130.7710,148.8015,250.1298,0.17041,0.05054,1.03174,-32.2214,-31.0687,54.8550
682218067,1.99994,-2.00000,1.99994,-133.8931,84.8015,250.1298,0.17798,0.04688,1.02454,-25.4733,-31.7863,52.4733
682219067,1.54224,-0.70825,1.99994,-116.1756,90.0458,250.1298,0.18420,0.04443,1.01733,-18.7328,-32.3893,50.0763
682220067,1.39185,0.20459,1.99994,-79.8550,133.6107,250.1298,0.18848,0.04382,1.00952,-12.0305,-32.8855,47.6183
682221067,0.58264,-1.09766,1.99994,-82.7710,139.5344,250.1298,0.19202,0.04431,1.00000,-5.3893,-33.2672,45.1069
682222067,-1.04102,-2.00000,0.23193,-115.3130,137.3969,250.1298,0.19629,0.04578,0.99036,1.1374,-33.5496,42.5496
682223067,-1.54492,-2.00000,-0.12146,-129.0000,176.0916,250.1298,0.20105,0.04858,0.98169,7.4885,-33.7252,39.9695
682224067,-0.94177,-2.00000,0.54749,-133.4962,218.8092,245.3511,0.20557,0.05286,0.97375,13.6641,-33.8702,37.3664
682225067,-0.76733,-2.00000,0.48315,-160.7481,224.8931,216.9847,0.20972,0.05872,0.96582,19.6947,-33.9160,34.7557
682226067,-0.18750,-0.66858,1.99994,-195.9542,228.1679,211.3282,0.21411,0.06653,0.95679,25.5725,-33.8244,32.1221
682227067,1.99994,-1.23303,1.99994,-227.3511,250.1298,222.0687,0.21838,0.07593,0.94666,31.2137,-33.6641,29.4809
682228067,1.99994,-2.00000,1.99994,-230.5725,250.1298,217.5038,0.22144,0.08606,0.93726,36.6183,-33.4504,26.8779
682229067,1.99994,-2.00000,1.99994,-174.4122,217.2061,189.0687,0.22388,0.09644,0.92859,41.8168,-33.1374,24.2824
682230067,1.99994,-2.00000,1.99994,-104.8168,121.2748,152.9160,0.22632,0.10767,0.92078,46.7710,-32.7252,21.7099
682231067,1.99994,-2.00000,1.99994,-90.0534,20.8015,134.5649,0.22864,0.12024,0.91333,51.4427,-32.2290,19.1527
682232067,1.81067,-2.00000,1.99994,-79.7252,-27.9618,116.9924,0.23059,0.13306,0.90466,55.7939,-31.6870,16.6412
682233067,1.66333,-1.26709,1.99994,-41.7481,-16.9695,98.2672,0.23315,0.14624,0.89429,59.8244,-31.0611,14.1527
682234067,1.21936,-0.72766,1.99994,-44.2366,-25.8015,101.9466,0.23682,0.16003,0.88501,63.5344,-30.3664,11.7176
682235067,0.05371,-1.87573,1.40686,-94.9618,-47.6718,117.2672,0.24036,0.17395,0.87634,66.9389,-29.6107,9.3588
682236067,-0.60083,-2.00000,0.21777,-136.5267,-23.8015,115.6183,0.24304,0.18823,0.86621,70.0534,-28.8015,7.1069
682237068,-0.34448,-2.00000,0.52991,-169.8550,12.5496,103.6107,0.24561,0.20300,0.85547,72.8931,-27.9084,4.9771
682238068,0.03479,-1.79810,0.52478,-218.1985,30.5878,98.5496,0.24902,0.21704,0.84412,75.4656,-26.9237,2.9389
682239068,0.32117,-0.41064,1.30566,-250.1374,53.9771,99.7176,0.25415,0.23132,0.83276,77.7710,-25.8702,0.9695
682240068,1.17358,-0.70972,1.99994,-238.5115,88.4046,97.2672,0.25928,0.24585,0.82068,79.7863,-24.8092,-0.9008
682241068,1.99994,-2.00000,1.99994,-182.5191,105.6489,79.2901,0.26270,0.26074,0.80896,81.5115,-23.7252,-2.6260
682242068,1.99994,-2.00000,1.99994,-126.7634,83.0382,48.8779,0.26514,0.27649,0.79797,82.9237,-22.5725,-4.2519
682243068,1.89026,-2.00000,1.99994,-82.3130,37.0305,13.7176,0.26550,0.30835,0.77869,84.7634,-20.1374,-7.1145
682244067,1.99994,-2.00000,1.99994,-46.0458,-8.0000,-24.8168,0.26416,0.32556,0.77087,85.1527,-18.9084,-8.3664
682245067,1.99994,-2.00000,1.99994,-26.1221,-45.2137,-57.2748,0.26306,0.34436,0.76294,85.1374,-17.6641,-9.5191
682246067,1.99994,-2.00000,1.99994,-8.0992,-68.7634,-81.7481,0.26184,0.36389,0.75439,84.6794,-16.4427,-10.5496
682247067,1.99994,-2.00000,1.99994,9.1374,-106.1985,-98.9389,0.26013,0.38293,0.74646,83.7557,-15.2366,-11.4809
682248068,1.99994,-2.00000,1.99994,4.0534,-163.1527,-110.5878,0.25879,0.40186,0.73901,82.3817,-14.0611,-12.2748
682249067,1.87744,-2.00000,1.99994,-31.3588,-207.7099,-121.3817,0.25769,0.42163,0.73206,80.5496,-12.9313,-12.9237
682250067,1.94788,-2.00000,1.99994,-91.1832,-250.0229,-126.8092,0.25525,0.44177,0.72559,78.2519,-11.8473,-13.4351
682251067,1.80432,-2.00000,1.99994,-142.0916,-250.1374,-131.7176,0.25183,0.46179,0.72046,75.4656,-10.8244,-13.8321
682252067,1.41687,-1.77063,1.99994,-142.8321,-250.1374,-147.0916,0.24792,0.48059,0.71606,72.1985,-9.9008,-14.0992
682253067,0.76453,-1.00122,1.72949,-108.1069,-250.1374,-165.0611,0.24390,0.49829,0.71130,68.4733,-9.0534,-14.2443
682254067,0.03540,-0.62280,0.44958,-93.5420,-250.1374,-176.8779,0.23975,0.51660,0.70752,64.3053,-8.2672,-14.2748
682255068,-0.18896,0.70288,-0.79578,-111.2595,-250.1374,-188.0153,0.23486,0.53479,0.70410,59.6718,-7.5649,-14.1603
682256067,-0.05286,1.99994,-1.58997,-115.9008,-250.1374,-202.9924,0.22864,0.55151,0.69983,54.5496,-6.9771,-13.9237
682257067,-0.02930,1.99994,-2.00000,-70.1832,-223.6183,-215.7557,0.22241,0.56726,0.69519,49.0305,-6.4580,-13.5802
682258068,-0.51770,1.99994,-2.00000,-4.4885,-222.7252,-221.8473,0.21643,0.58276,0.69189,43.1908,-6.0534,-13.1374
682259068,-0.87134,1.99994,-2.00000,35.0382,-225.7939,-221.6565,0.21021,0.59619,0.68933,37.0229,-5.7710,-12.5878
682260068,-0.74353,1.99994,-2.00000,19.5496,-206.0305,-208.2748,0.20532,0.60742,0.68713,30.5573,-5.5802,-11.9542
682261067,-1.05273,1.99994,-2.00000,-42.4733,-178.1450,-173.7176,0.20203,0.61731,0.68604,23.8168,-5.4504,-11.1985
682262068,-0.79199,1.99994,-2.00000,-73.4580,-134.4962,-142.7023,0.19934,0.62610,0.68518,16.8550,-5.3664,-10.3359
682263068,0.43689,1.99994,-1.17810,-39.8397,-78.7710,-122.5038,0.19678,0.63367,0.68359,9.6870,-5.3817,-9.3511
682264067,0.81030,1.99994,-1.06006,-7.7099,-61.1527,-94.1985,0.19373,0.63977,0.68213,2.3664,-5.5038,-8.2824
682265067,0.22778,1.99994,-2.00000,-16.1298,-63.7252,-65.7099,0.19092,0.64404,0.68225,-5.0534,-5.7481,-7.1069
682266065,0.15576,1.46545,-1.72253,-40.2595,-50.0229,-56.4885,0.18896,0.64587,0.68298,-12.5267,-6.0687,-5.8397
682267069,0.80469,0.59558,0.06750,-45.0916,-45.7405,-70.5038,0.18591,0.64648,0.68176,-20.0611,-6.4275,-4.4885
682268068,1.22839,1.00366,0.59302,-17.3053,-65.1679,-100.4275,0.18164,0.64600,0.67896,-27.6107,-6.8473,-3.0534
682269068,0.94519,1.37244,-0.42700,15.0458,-103.1527,-123.5267,0.17761,0.64429,0.67737,-35.1450,-7.3511,-1.5573
682270068,0.36279,0.76746,-1.55786,14.4046,-140.4656,-127.6641,0.17407,0.64075,0.67822,-42.6412,-7.8779,-0.0076
682271067,0.04749,0.38037,-1.69897,-20.3817,-144.8168,-125.4809,0.17004,0.63562,0.67944,-50.0382,-8.4809,1.6260
682272067,0.18738,1.32642,-1.10559,-56.3359,-110.8855,-125.6031,0.16492,0.63025,0.67871,-57.3359,-9.1527,3.3359
682273067,0.42310,1.99994,-0.76172,-55.1985,-80.5115,-124.3664,0.15942,0.62439,0.67896,-64.5115,-9.8550,5.1221
682274067,0.36670,1.99994,-1.01123,-14.9847,-70.8702,-121.0611,0.15466,0.61682,0.68103,-71.5344,-10.6031,6.9389
682275067,0.17395,1.99994,-1.08167,17.5802,-56.4733,-111.7863,0.14941,0.60742,0.68359,-78.3969,-11.3893,8.7786
682276068,0.21167,1.99994,-0.84290,8.0305,-31.3435,-95.2901,0.14282,0.59644,0.68750,-85.0611,-12.2214,10.6565
682277067,0.41479,1.83276,-0.47888,-2.9313,-9.7405,-89.9695,0.13574,0.58435,0.69153,-91.5344,-13.0687,12.5649
682278068,0.44653,1.99994,-0.02698,30.2672,-9.0229,-106.9313,0.12976,0.57251,0.69678,-97.8168,-13.9466,14.4885
682279068,0.50305,1.99994,-0.02856,86.0229,-30.6183,-128.2366,0.12415,0.55945,0.70349,-103.8626,-14.8550,16.3893
682280068,0.67468,1.99994,-0.41113,107.3817,-53.9237,-131.8702,0.11853,0.54504,0.71082,-109.6870,-15.8015,18.2748
682281067,0.63818,1.99994,-0.65466,71.1985,-67.3511,-112.8015,0.11316,0.52991,0.71838,-115.2519,-16.7863,20.1679
682282067,0.33826,1.46082,-0.71643,18.0153,-69.2901,-86.6031,0.10791,0.51367,0.72510,-120.5344,-17.7710,22.0611
682283067,-0.03052,0.38855,-1.03894,-15.6565,-64.1450,-71.1679,0.10327,0.49634,0.73059,-125.5496,-18.7176,23.9237
682284067,-0.39783,0.81116,-1.29846,-52.4122,-44.6565,-59.2824,0.09924,0.47754,0.73511,-130.2519,-19.6260,25.7634
682285068,-0.34619,1.99994,-1.70544,-114.6947,-15.4580,-36.7939,0.09717,0.45740,0.73987,-134.5954,-20.5191,27.5649
682286067,0.21545,1.99994,-1.76379,-161.8015,25.5344,-5.9618,0.09778,0.43652,0.74609,-138.5420,-21.4351,29.3359
682287067,0.66492,1.99994,-1.09155,-152.4275,49.2137,22.9924,0.09839,0.41577,0.75208,-142.1145,-22.3282,31.0763
682288067,0.76514,1.99994,-1.49304,-100.4733,39.1908,44.9542,0.09912,0.39490,0.75635,-145.2748,-23.1603,32.7634
682289067,-0.07996,0.55457,-2.00000,-53.3435,5.1603,46.3969,0.10107,0.37390,0.76135,-147.9771,-23.9237,34.3893
682290068,-1.49255,-0.76892,-2.00000,-44.1298,-22.3588,30.3817,0.10413,0.35352,0.76721,-150.2443,-24.6183,35.9313
682291068,-1.68201,0.64539,-2.00000,-64.4809,18.8473,12.7481,0.10693,0.33423,0.77222,-152.1374,-25.2519,37.3740
682292068,-0.59387,1.99994,-2.00000,-70.2977,101.8550,2.5878,0.10999,0.31567,0.77710,-153.6336,-25.8550,38.7328
682293068,-0.34802,1.99994,-1.34607,-38.6794,140.9771,-0.1985,0.11438,0.29761,0.78247,-154.6870,-26.3817,40.0076
682294067,-0.88635,1.99994,-2.00000,-5.9313,135.1603,16.7786,0.11914,0.28101,0.78870,-155.3130,-26.8244,41.1679
682295067,-0.86963,1.99994,-2.00000,-20.8855,165.0534,48.0000,0.12292,0.26562,0.79431,-155.5649,-27.2061,42.1908
682296067,-0.64380,1.99994,-2.00000,-79.6794,216.6947,76.9008,0.12695,0.25171,0.80017,-155.5038,-27.5038,43.0763
682297067,-0.17969,0.97375,-0.92468,-117.3664,250.1298,88.8626,0.13086,0.23914,0.80603,-155.0992,-27.6947,43.8168
682298067,0.31189,1.47949,0.60425,-88.9924,250.1298,80.9160,0.13501,0.22632,0.81152,-154.3359,-27.8168,44.4046
682299067,0.69421,1.99994,1.57886,-29.1069,227.6718,71.1450,0.14087,0.21375,0.81836,-153.2824,-27.8702,44.8626
682300067,1.38745,1.99994,1.99994,2.5267,201.4198,82.7786,0.14587,0.20227,0.82568,-151.9466,-27.8244,45.1908
682301067,1.74219,1.99994,1.99994,-12.0458,174.6031,114.2824,0.15039,0.19153,0.83362,-150.3817,-27.7176,45.3740
682302068,1.44543,0.65405,1.99994,-42.1221,136.6870,143.3511,0.15564,0.18066,0.84070,-148.6107,-27.5420,45.4198
682303067,0.95129,-1.00562,0.96777,-44.9008,100.4885,142.7481,0.16028,0.17114,0.84583,-146.6260,-27.3130,45.3282
682304068,0.51587,-0.16223,0.50208,-30.9924,73.4504,123.9389,0.16455,0.16260,0.85034,-144.4351,-27.0076,45.1069
682305067,0.27673,1.99994,0.47046,-55.1832,71.1985,125.6183,0.16919,0.15454,0.85535,-142.0611,-26.6260,44.7634
682306067,-0.09058,1.99994,0.06897,-117.7939,79.8855,158.0687,0.17358,0.14673,0.86121,-139.5496,-26.1985,44.3130
682307067,-0.80664,1.99994,-0.94446,-157.1756,82.6718,189.8931,0.17664,0.13940,0.86658,-136.9542,-25.7481,43.7557
682308067,-1.09692,1.99994,-1.48315,-144.0763,104.1221,199.3435,0.17920,0.13403,0.87280,-134.2901,-25.2595,43.1374
682309067,-0.82422,1.99994,-0.90320,-115.5344,151.4275,199.8397,0.18091,0.12927,0.87939,-131.5649,-24.7481,42.4427
682310068,-0.78552,1.99994,-0.22229,-93.8321,192.6183,207.5573,0.18188,0.12463,0.88464,-128.8015,-24.2595,41.6718
682311068,-0.69897,1.27771,0.13428,-52.4885,218.9771,211.0992,0.18250,0.12048,0.88977,-126.0534,-23.8168,40.8168
682312068,-0.35254,-0.08289,0.49597,6.3282,224.0000,202.9695,0.18323,0.11548,0.89478,-123.3130,-23.4275,39.9313
682313068,-0.31262,-1.12573,0.55762,38.4122,204.3740,194.3511,0.18359,0.10938,0.90027,-120.5649,-23.0687,39.0229
682314068,-0.19128,-2.00000,0.84314,34.5802,190.2595,189.4962,0.18298,0.10327,0.90588,-117.8397,-22.7252,38.0687
682315068,0.35840,-2.00000,1.99994,19.8550,193.1527,186.5802,0.18213,0.09717,0.91113,-115.1450,-22.4275,37.1069
682316068,0.54504,-2.00000,1.99994,-2.2672,181.1985,186.4733,0.18091,0.09033,0.91736,-112.4809,-22.2061,36.1298
682317068,0.11340,-2.00000,1.64807,-55.3130,158.2977,191.9542,0.17981,0.08276,0.92371,-109.8321,-22.0458,35.0992
682318067,-0.14111,-2.00000,0.70984,-130.0763,154.3817,201.4962,0.18030,0.07458,0.92847,-107.1450,-21.9008,33.9847
682319068,-0.12134,-2.00000,1.05688,-187.8244,163.8702,210.1069,0.18188,0.06604,0.93311,-104.3969,-21.7939,32.8702
682320068,-0.14050,-1.57605,1.99994,-199.5038,168.5115,211.1450,0.18359,0.05737,0.93799,-101.5725,-21.7328,31.7405
682321067,-0.04285,-1.02881,1.99994,-171.0611,168.7099,202.7863,0.18494,0.04980,0.94177,-98.6870,-21.7099,30.6107
682322068,0.15125,-0.54468,1.99994,-133.0153,171.8626,194.6794,0.18799,0.04211,0.94458,-95.7252,-21.7176,29.4580
682323067,0.39771,-1.15881,1.99994,-102.6107,174.6947,193.0840,0.19275,0.03296,0.94763,-92.6489,-21.7252,28.2443
682324068,0.45276,-2.00000,1.99994,-76.1908,168.6412,186.9313,0.19702,0.02417,0.94971,-89.4275,-21.7252,26.9771
682325067,0.29053,-2.00000,1.99994,-46.2901,147.1985,166.4504,0.20093,0.01697,0.94995,-86.0229,-21.6794,25.6641
682326068,0.34094,-2.00000,1.99994,-11.8473,127.4198,139.4351,0.20532,0.01013,0.95068,-82.4580,-21.5878,24.3206
682327067,0.44617,-2.00000,1.99994,2.9924,117.0763,123.5878,0.21021,0.00391,0.95068,-78.7328,-21.4885,22.9313
682328068,0.44226,-2.00000,1.99994,-24.3130,108.4504,127.6183,0.21497,0.00000,0.94873,-74.8702,-21.3511,21.4885
682329068,0.48218,-2.00000,1.99994,-77.3588,98.3817,142.7328,0.21973,-0.00281,0.94800,-70.8779,-21.1679,19.9924
682330067,0.29309,-2.00000,1.99994,-123.6336,87.5496,156.0458,0.22461,-0.00525,0.94897,-66.7863,-20.9313,18.4580
682331068,0.03088,-2.00000,1.99994,-147.6641,84.4809,159.7557,0.22876,-0.00586,0.94849,-62.6183,-20.6107,16.9084
682332068,-0.01245,-2.00000,1.99994,-145.2901,86.6107,147.4046,0.23145,-0.00342,0.94617,-58.4122,-20.1985,15.3053
682333067,0.00317,-2.00000,1.99994,-122.2595,79.8321,123.5573,0.23401,0.00146,0.94373,-54.2290,-19.7252,13.6412
682334068,0.06799,-2.00000,1.99994,-97.3969,65.2061,101.0840,0.23633,0.00818,0.94312,-50.1069,-19.1756,11.9542
682335068,0.18921,-2.00000,1.98145,-77.7481,49.5420,85.2214,0.23779,0.01733,0.94226,-46.0916,-18.5191,10.2595
682336068,0.26514,-2.00000,1.99994,-47.7863,33.8931,69.4962,0.23840,0.02930,0.94092,-42.1832,-17.8321,8.5420
682337067,0.24719,-2.00000,1.99994,-8.1908,20.9695,49.3359,0.23901,0.04297,0.93982,-38.4656,-17.1069,6.8473
682338067,0.14954,-2.00000,1.99994,10.5496,15.1450,32.5115,0.24023,0.05750,0.93799,-35.0000,-16.3282,5.1832
682339067,-0.03088,-2.00000,1.79565,-7.8779,18.1298,25.2290,0.24109,0.07288,0.93628,-31.8092,-15.4885,3.5649
682340068,-0.18823,-2.00000,1.45178,-43.4198,26.2672,23.9313,0.24097,0.10645,0.93738,-26.5038,-13.6794,0.5725
682341068,-0.17822,-2.00000,1.34521,-69.3282,33.2672,22.1298,0.24133,0.12488,0.93774,-24.4427,-12.7634,-0.8321
682342068,-0.07947,-1.93713,1.22302,-77.9695,33.3359,18.5191,0.24133,0.14502,0.93616,-22.8397,-11.8626,-2.1527
682343068,-0.04126,-1.68091,0.91016,-76.9847,26.2748,15.3893,0.24023,0.16675,0.93372,-21.7481,-10.9771,-3.3511
682344068,-0.02563,-1.48816,0.73962,-77.0229,17.0611,14.1374,0.23901,0.18933,0.93152,-21.1756,-10.1298,-4.4275
682345068,0.11414,-1.23560,0.83777,-82.5878,9.7328,15.4504,0.23889,0.21216,0.93018,-21.1756,-9.3359,-5.3511
682346067,0.20520,-0.97217,0.85327,-85.6565,1.4504,18.4427,0.23950,0.23584,0.92834,-21.7557,-8.6107,-6.1221
682347067,0.11670,-0.66162,0.51599,-74.5573,-6.6336,19.7252,0.23975,0.26160,0.92456,-22.9389,-7.9313,-6.7176
682348067,0.04834,-0.36548,0.13794,-56.7863,-7.0305,19.7557,0.24036,0.28943,0.92029,-24.7481,-7.3206,-7.1908
682349068,-0.05420,-0.47900,0.02905,-52.8626,-1.5649,24.5954,0.24109,0.31799,0.91699,-27.2214,-6.8015,-7.5115
682350067,-0.19946,-1.20459,0.47998,-59.9084,11.0305,30.4656,0.24109,0.34656,0.91309,-30.3740,-6.4275,-7.6870
682351068,-0.08313,-2.00000,1.35706,-59.3740,37.5420,26.4427,0.24060,0.37537,0.90808,-34.2214,-6.1603,-7.6870
682352067,0.09998,-2.00000,1.52026,-54.3740,60.0840,12.8855,0.23999,0.40405,0.90247,-38.7481,-5.9924,-7.5191
682353068,-0.02307,-1.86926,0.80640,-56.5954,60.7939,-0.7939,0.23999,0.43408,0.89734,-43.9695,-5.9466,-7.1985
682354067,0.43604,-1.74109,1.87585,-44.2443,37.1908,-27.6260,0.23975,0.46497,0.89294,-49.9160,-6.0382,-6.7176
682355068,0.58948,-2.00000,1.99994,-49.2901,11.7252,-33.0534,0.23840,0.49512,0.88892,-56.5649,-6.2595,-6.0763
682356068,0.44800,-2.00000,1.99994,-52.8015,-12.1527,-37.8626,0.23450,0.52515,0.88647,-63.9542,-6.6031,-5.2977
682357067,0.41406,-2.00000,1.99994,-44.3511,-22.1679,-45.0382,0.22852,0.55530,0.88660,-72.0534,-7.0458,-4.4198
682358067,0.64209,-1.87097,1.99994,-39.4504,-20.3282,-50.1221,0.22253,0.58484,0.88770,-80.8168,-7.5878,-3.4504
682359067,0.70557,-1.37109,1.99994,-42.9008,-18.0534,-51.6947,0.21655,0.61487,0.89014,-90.2443,-8.2443,-2.3893
682360067,0.56812,-1.00195,1.99994,-45.4122,-22.7939,-50.8321,0.20959,0.64490,0.89270,-100.2901,-9.0305,-1.2443
682361067,0.50708,-1.20215,1.90247,-42.2901,-32.4809,-52.6260,0.20276,0.67468,0.89343,-110.9160,-9.9237,-0.0382
682362067,0.30090,-1.83228,1.47229,-38.5649,-50.4580,-60.5191,0.19629,0.70325,0.89307,-122.1450,-10.9389,1.2824
682363067,-0.04028,-2.00000,0.86523,-32.0611,-63.6794,-76.2443,0.18958,0.73059,0.89136,-133.9389,-12.0916,2.6794
682364067,-0.23901,-1.67505,0.57727,-21.4427,-66.7939,-95.5878,0.18323,0.75659,0.88892,-146.2824,-13.3740,4.1527
682365067,-0.28210,-0.65918,0.36597,-19.1679,-64.2290,-106.7252,0.17725,0.78052,0.88574,-159.1374,-14.7634,5.7176
682366067,-0.30701,-0.02490,0.21545,-33.8931,-54.6412,-102.9466,0.17041,0.80396,0.88147,-172.4809,-16.2748,7.3893
682367068,-0.35046,-0.07056,0.23206,-51.8779,-40.6412,-92.2061,0.16260,0.82690,0.87659,-186.2901,-17.9237,9.1985
682368067,-0.21387,-0.42920,0.29919,-60.7328,-22.3817,-84.5954,0.15454,0.84973,0.87109,-200.5725,-19.7023,11.1527
682369068,0.01208,-0.56714,0.35388,-67.4962,-5.5725,-81.1832,0.14624,0.87329,0.86597,-215.3740,-21.6107,13.2290
682370068,0.10266,-0.44470,0.11206,-76.1221,0.0229,-79.1374,0.13806,0.89673,0.86084,-230.7099,-23.6565,15.4198
682371068,0.18188,-0.32568,-0.25732,-79.7786,-3.2748,-79.5420,0.13013,0.92041,0.85620,-246.5649,-25.8397,17.7710
682372067,0.16370,-0.14880,-0.25720,-79.0458,-12.3969,-82.6794,0.12280,0.94543,0.85376,-250.1374,-28.1603,20.2824
682373067,-0.02661,0.08411,-0.05969,-79.0076,-20.1069,-85.4580,0.11597,0.97107,0.85254,-250.1374,-30.6031,22.9466
682374067,-0.20386,0.15491,-0.08704,-80.8473,-15.5573,-86.1450,0.10986,0.99658,0.85132,-250.1374,-33.1679,25.7786
682375067,-0.34644,0.36755,-0.47021,-83.0382,-2.2061,-87.6336,0.10498,1.02295,0.85217,-250.1374,-35.8702,28.7939
682376067,-0.39746,1.20752,-0.85913,-84.1450,13.9237,-89.3969,0.10046,1.04993,0.85583,-250.1374,-38.7405,31.9618
682377068,-0.17322,1.89783,-1.00769,-87.7328,31.3282,-82.4580,0.09644,1.07629,0.85938,-250.1374,-41.7252,35.2977
682378068,-0.09338,1.49988,-1.37573,-100.9389,43.1221,-65.7099,0.09338,1.10229,0.86133,-250.1374,-44.8015,38.8168
682379068,-0.80457,0.75610,-1.82434,-124.4504,43.1756,-48.5344,0.09058,1.12781,0.86279,-250.1374,-48.0000,42.5038
682380067,-1.24731,0.86365,-2.00000,-153.7939,55.8779,-36.2977,0.08667,1.15149,0.86414,-250.1374,-51.3511,46.3435
682381068,-0.73743,1.99994,-2.00000,-195.5725,92.1679,-20.1374,0.08191,1.17395,0.86462,-250.1374,-54.8931,50.3053
682382067,-0.81213,1.99994,-2.00000,-250.1374,113.1985,11.0458,0.07593,1.19580,0.86292,-250.1374,-58.5802,54.3969
682383068,-1.17297,1.99994,-2.00000,-250.1374,126.2443,40.3588,0.06824,1.21570,0.85974,-250.1374,-62.4198,58.5878
682384068,-0.68518,1.99994,-1.73010,-240.0382,170.9313,58.5267,0.05908,1.23181,0.85486,-250.1374,-66.4351,62.8550
682385067,-0.26514,1.99994,-0.71753,-249.7023,215.2824,88.0076,0.04871,1.24487,0.84668,-250.1374,-70.6718,67.2061
682386068,-0.42029,1.99994,-1.55969,-250.1374,248.5496,121.8015,0.03662,1.25623,0.83606,-250.1374,-75.1374,71.6794
682387067,-0.66479,1.99994,-1.05103,-244.6031,250.1298,125.5344,0.02283,1.26587,0.82556,-250.1374,-79.8168,76.2748
682388067,0.05432,1.99994,1.46948,-154.5344,250.1298,100.7023,0.00757,1.27368,0.81421,-250.1374,-84.7481,80.9160
682389067,1.35620,1.99994,1.99994,-94.2443,250.1298,78.0992,-0.00940,1.27917,0.80090,-250.1374,-89.9847,85.5954
682390067,1.52515,1.56262,1.99994,-97.9237,250.1298,81.1145,-0.03015,1.28284,0.78638,-250.1374,-95.5573,90.2977
682391067,0.92798,-0.07202,-0.46509,-107.7557,219.1527,86.7405,-0.05432,1.28589,0.76648,-250.1374,-101.5878,94.9924
682392067,0.10730,-1.89819,-1.07678,-83.9237,153.1298,70.4427,-0.07874,1.28503,0.74292,-250.1374,-107.9542,99.7786
682393068,-0.31860,-2.00000,-0.38013,-97.0000,120.3664,55.1069,-0.10168,1.27942,0.72229,-250.1374,-114.5573,104.6794
682394068,-0.18298,-0.68750,-0.10303,-219.4351,153.0076,85.8626,-0.12305,1.26929,0.70300,-250.1374,-121.5649,109.6336
682395068,-0.67004,1.47583,-0.77881,-250.1374,190.8397,159.2519,-0.14514,1.25391,0.68066,-250.1374,-129.0687,114.6412
682396068,-1.75317,1.99994,-2.00000,-250.1374,210.5573,223.8321,-0.16943,1.23633,0.65356,-250.1374,-136.9771,119.7328
682397068,-2.00000,1.93140,-2.00000,-250.1374,250.1298,250.1298,-0.19348,1.21680,0.62268,-250.1374,-145.2366,124.9237
682398068,-1.68237,1.99994,0.46851,-250.1374,250.1298,250.1298,-0.21716,1.19543,0.58862,-250.1374,-153.9237,130.1908
682399068,-0.67261,1.99994,1.99994,-250.1374,250.1298,250.1298,-0.24182,1.17297,0.55237,-250.1374,-163.0305,135.5115
682400068,0.67053,1.99994,1.99994,-250.1374,250.1298,250.1298,-0.26660,1.14966,0.51306,-250.1374,-172.5496,140.8702
682401067,1.68201,1.99994,1.99994,-250.1374,250.1298,250.1298,-0.29199,1.12646,0.46936,-250.1374,-182.5191,146.2137
682402068,1.99994,0.22852,1.99994,-250.1374,250.1298,250.1298,-0.31763,1.10315,0.42371,-250.1374,-192.9237,151.5954
682403067,1.99994,-2.00000,1.99994,-157.7786,250.1298,200.0992,-0.34351,1.07874,0.37659,-250.1374,-203.7176,157.0229
682404068,1.99994,-2.00000,1.99994,-64.8473,175.3664,147.5420,-0.37073,1.05408,0.32751,-250.1374,-214.9389,162.4427
682405068,1.55627,-2.00000,0.15149,-59.3893,56.5954,123.5191,-0.39832,1.03015,0.27588,-250.1374,-226.6336,167.7939
682406068,-0.15393,-2.00000,-2.00000,-190.6412,6.7786,128.4733,-0.42627,1.00635,0.21948,-250.1374,-238.7939,173.1298
682407068,-1.92371,-1.99182,-1.98572,-250.1374,43.1298,185.9313,-0.45691,0.98303,0.16125,-250.1374,-250.1374,178.4351
682408068,-2.00000,0.57129,-2.00000,-250.1374,143.9389,250.1298,-0.48987,0.96143,0.10205,-250.1374,-250.1374,183.6870
682409067,-2.00000,0.48840,-2.00000,-250.1374,250.1298,250.1298,-0.52539,0.94116,0.04224,-250.1374,-250.1374,188.8931
682410067,-2.00000,0.32935,-2.00000,-250.1374,250.1298,250.1298,-0.56836,0.92627,-0.01587,-250.1374,-250.1374,193.9847
682411068,-2.00000,0.67114,-2.00000,-250.1374,250.1298,250.1298,-0.61267,0.91956,-0.09351,-250.1374,-250.1374,198.9237
682412068,-2.00000,1.24768,-2.00000,-250.1374,250.1298,250.1298,-0.65234,0.90808,-0.18018,-250.1374,-250.1374,203.8397
682413068,-2.00000,1.84326,-2.00000,-250.1374,250.1298,250.1298,-0.68958,0.89172,-0.25500,-250.1374,-250.1374,208.5725
682414068,-2.00000,0.55896,-2.00000,-250.1374,250.1298,250.1298,-0.72266,0.87622,-0.32996,-250.1374,-250.1374,213.2137
682415068,-2.00000,-1.51807,-2.00000,-250.1374,250.1298,250.1298,-0.75317,0.85925,-0.41089,-250.1374,-250.1374,217.8321
682416068,-2.00000,-2.00000,0.44861,-250.1374,250.1298,250.1298,-0.78284,0.84265,-0.49792,-250.1374,-250.1374,222.3740
682417067,-2.00000,-2.00000,1.09436,-250.1374,250.1298,250.1298,-0.81018,0.82397,-0.58740,-250.1374,-250.1374,226.8321
682418068,-2.00000,0.14990,1.29016,-250.1374,250.1298,250.1298,-0.83582,0.80640,-0.68164,-250.1374,-250.1374,231.1832
682419068,-1.45007,1.99994,1.99994,-250.1374,250.1298,250.1298,-0.86133,0.79077,-0.78015,-250.1374,-250.1374,235.4504
682420068,1.45605,1.99994,1.99994,-250.1374,250.1298,250.1298,-0.88647,0.77441,-0.88281,-250.1374,-250.1374,239.6260
682421068,0.55615,1.99994,1.99994,-250.1374,250.1298,250.1298,-0.91223,0.75806,-0.99072,-250.1374,-250.1374,243.6794
682422068,1.18665,-1.98511,1.99994,-250.1374,250.1298,250.1298,-0.93835,0.74170,-1.10291,-250.1374,-250.1374,247.6031
682423068,1.99994,-2.00000,1.99994,-250.1374,250.1298,250.1298,-0.96375,0.72534,-1.22375,-250.1374,-250.1374,250.1298
682424068,1.99994,-2.00000,1.99994,-250.1374,250.1298,250.1298,-0.98840,0.70715,-1.35254,-250.1374,-250.1374,250.1298
682425068,1.99994,-2.00000,1.99994,-250.1374,250.1298,250.1298,-1.01184,0.68372,-1.48743,-250.1374,-250.1374,250.1298
682426068,1.79871,-2.00000,1.99994,-250.1374,49.7252,250.1298,-1.03223,0.65442,-1.63025,-250.1374,-250.1374,250.1298
682427068,-0.08484,-2.00000,-1.86658,-250.1374,-126.8015,250.1298,-1.04858,0.61841,-1.77698,-250.1374,-250.1374,250.1298
682428067,-1.38489,-2.00000,-1.45740,-250.1374,-95.7328,250.1298,-1.06042,0.57581,-1.92615,-250.1374,-250.1374,250.1298
682429068,-2.00000,-2.00000,-1.17395,-250.1374,25.6412,250.1298,-1.06812,0.52710,-2.00000,-250.1374,-250.1374,250.1298
682430068,-2.00000,-0.66174,-2.00000,-250.1374,166.4198,250.1298,-1.07104,0.47192,-2.00000,-250.1374,-250.1374,250.1298
682431067,-2.00000,1.32800,-2.00000,-250.1374,250.1298,250.1298,-1.06824,0.41174,-2.00000,-250.1374,-250.1374,250.1298
682432068,-2.00000,1.99994,-2.00000,-250.1374,250.1298,250.1298,-1.05933,0.34619,-2.00000,-250.1374,-250.1374,250.1298
682433068,-2.00000,1.99994,-2.00000,-250.1374,250.1298,250.1298,-1.04358,0.27563,-2.00000,-250.1374,-250.1374,250.1298
682434068,-2.00000,0.47522,-2.00000,-250.1374,250.1298,250.1298,-1.02063,0.20068,-2.00000,-250.1374,-250.1374,250.1298
682435068,-2.00000,-2.00000,-2.00000,-250.1374,250.1298,250.1298,-0.99133,0.12097,-2.00000,-250.1374,-250.1374,250.1298
682436067,-2.00000,-2.00000,-2.00000,-250.1374,250.1298,250.1298,-0.95605,0.03711,-2.00000,-250.1374,-250.1374,250.1298
682437068,-2.00000,-2.00000,0.50232,-250.1374,250.1298,250.1298,-0.91467,-0.05042,-2.00000,-250.1374,-250.1374,250.1298
682438068,-2.00000,-2.00000,1.99994,-250.1374,250.1298,250.1298,-0.81665,-0.23425,-2.00000,-250.1374,-250.1374,250.1298
682439068,-1.81970,-2.00000,1.99994,-250.1374,250.1298,250.1298,-0.75842,-0.33142,-2.00000,-250.1374,-250.1374,250.1298
682440068,1.97449,-2.00000,1.99994,-250.1374,250.1298,250.1298,-0.68982,-0.44531,-2.00000,-250.1374,-250.1374,250.1298
682441068,1.99994,-2.00000,1.99994,-250.1374,250.1298,250.1298,-0.61475,-0.56750,-2.00000,-250.1374,-250.1374,250.1298
682442067,1.99994,-2.00000,1.99994,-250.1374,250.1298,250.1298,-0.53760,-0.68164,-2.00000,-250.1374,-250.1374,250.1298
682443065,1.99994,-2.00000,1.99994,-250.1374,250.1298,250.1298,-0.45752,-0.79590,-2.00000,-250.1374,-250.1374,250.1298
682444065,1.99994,-2.00000,1.99994,-250.1374,250.1298,250.1298,-0.37439,-0.91174,-2.00000,-250.1374,-250.1374,250.1298
682445069,1.99994,-2.00000,1.99994,-250.1374,183.7023,250.1298,-0.28931,-1.03125,-2.00000,-250.1374,-250.1374,250.1298
682446068,1.99994,-2.00000,1.99994,-250.1374,-80.3130,250.1298,-0.20129,-1.15356,-2.00000,-250.1374,-250.1374,250.1298
682447068,0.61194,-2.00000,1.99994,-250.1374,-229.2595,250.1298,-0.11157,-1.27686,-2.00000,-250.1374,-250.1374,250.1298
682448068,-1.70862,-2.00000,0.71313,-250.1374,-236.3740,250.1298,-0.02356,-1.39880,-2.00000,-250.1374,-250.1374,250.1298
682449067,-2.00000,-2.00000,-0.90857,-250.1374,-151.4504,250.1298,0.06079,-1.51538,-2.00000,-250.1374,-250.1374,250.1298
682450067,-2.00000,-2.00000,-2.00000,-250.1374,100.0000,250.1298,0.14185,-1.62842,-2.00000,-250.1374,-250.1374,250.1298
682451068,-2.00000,-2.00000,-2.00000,-250.1374,250.1298,250.1298,0.21997,-1.73767,-2.00000,-250.1374,-250.1374,250.1298
682452068,-2.00000,0.75061,-2.00000,-250.1374,250.1298,250.1298,0.29248,-1.84216,-2.00000,-250.1374,-250.1374,250.1298
682453067,-2.00000,1.99994,-2.00000,-250.1374,250.1298,250.1298,0.35474,-1.93323,-2.00000,-250.1374,-250.1374,250.1298
682454067,-2.00000,0.13184,-2.00000,-250.1374,250.1298,250.1298,0.40637,-2.00000,-2.00000,-250.1374,-250.1374,250.1298
682455067,-2.00000,-2.00000,1.38379,-250.1374,250.1298,250.1298,0.44922,-2.00000,-2.00000,-250.1374,-250.1374,250.1298
682456068,-1.63916,-2.00000,1.99994,-250.1374,250.1298,250.1298,0.48206,-2.00000,-2.00000,-250.1374,-250.1374,250.1298
682457068,-0.06018,-2.00000,1.99994,-250.1374,250.1298,250.1298,0.50256,-2.00000,-2.00000,-250.1374,-250.1374,250.1298
682458067,1.99994,-2.00000,1.99994,-250.1374,250.1298,250.1298,0.51135,-2.00000,-2.00000,-250.1374,-250.1374,250.1298
682459068,1.99994,-2.00000,1.99994,-250.1374,250.1298,250.1298,0.50989,-2.00000,-2.00000,-250.1374,-250.1374,250.1298
682460067,1.63879,-2.00000,1.99994,-250.1374,250.1298,250.1298,0.50085,-2.00000,-2.00000,-250.1374,-250.1374,250.1298
682461067,0.93030,-2.00000,1.99994,-250.1374,250.1298,250.1298,0.48657,-2.00000,-2.00000,-250.1374,-250.1374,250.1298
682462068,1.08044,-2.00000,1.99994,-250.1374,250.1298,250.1298,0.46814,-2.00000,-2.00000,-250.1374,-250.1374,250.1298
682463067,1.30725,-2.00000,1.99994,-250.1374,250.1298,250.1298,0.44812,-2.00000,-2.00000,-250.1374,-250.1374,250.1298
682464067,0.16235,-2.00000,1.99994,-250.1374,250.1298,227.2214,0.42896,-2.00000,-2.00000,-250.1374,-250.1374,250.1298
682465068,-1.55334,-2.00000,1.99994,-250.1374,250.1298,227.2366,0.40979,-2.00000,-2.00000,-250.1374,-250.1374,250.1298
682466068,-2.00000,-2.00000,0.56726,-250.1374,250.1298,230.7939,0.39026,-2.00000,-2.00000,-250.1374,-250.1374,250.1298
682467068,-2.00000,-2.00000,1.89734,-250.1374,250.1298,237.2977,0.37390,-2.00000,-2.00000,-250.1374,-250.1374,250.1298
682468068,-1.17017,-2.00000,1.99994,-250.1374,250.1298,246.1374,0.36218,-2.00000,-2.00000,-250.1374,-250.1374,250.1298
682469068,-0.15283,-0.76624,1.99994,-250.1374,250.1298,227.4427,0.35510,-2.00000,-2.00000,-250.1374,-250.1374,250.1298
682470064,0.32666,1.99994,1.99994,-250.1374,250.1298,222.1298,0.35425,-2.00000,-2.00000,-250.1374,-250.1374,246.9466
682471069,1.19165,1.99994,1.99994,-250.1374,250.1298,250.1298,0.35962,-2.00000,-2.00000,-250.1374,-250.1374,241.3817
682472064,1.99994,1.99994,1.99994,-250.1374,250.1298,250.1298,0.37036,-2.00000,-2.00000,-250.1374,-250.1374,235.4046
682473069,1.99994,1.99994,1.99994,-250.1374,250.1298,250.1298,0.38660,-1.99133,-2.00000,-250.1374,-250.1374,229.0382
682474064,1.99994,1.99994,1.92688,-250.1374,250.1298,250.1298,0.40869,-1.97742,-2.00000,-250.1374,-250.1374,222.3588
682475065,-0.19519,-0.40015,-2.00000,-250.1374,250.1298,250.1298,0.43542,-1.96716,-2.00000,-250.1374,-250.1374,215.3588
682476069,-2.00000,-0.18420,-2.00000,-250.1374,250.1298,250.1298,0.46729,-1.96008,-2.00000,-250.1374,-250.1374,208.0534
682477068,-2.00000,1.99994,-2.00000,-250.1374,250.1298,250.1298,0.50513,-1.95691,-2.00000,-250.1374,-250.1374,200.5038
682478068,-2.00000,1.99994,-2.00000,-250.1374,250.1298,250.1298,0.54736,-1.95850,-2.00000,-250.1374,-250.1374,192.7252
682479068,-2.00000,1.00537,-2.00000,-250.1374,250.1298,250.1298,0.59363,-1.96375,-2.00000,-250.1374,-250.1374,184.6794
682480068,-1.09741,-1.96887,-1.03992,-250.1374,250.1298,250.1298,0.64392,-1.97290,-2.00000,-250.1374,-250.1374,176.3588
682481067,-2.00000,-0.46350,-2.00000,-250.1374,250.1298,250.1298,0.69543,-1.98743,-2.00000,-250.1374,-250.1374,167.8168
682482068,-2.00000,1.99994,1.84045,-250.1374,250.1298,250.1298,0.74622,-2.00000,-1.94873,-250.1374,-250.1374,158.9618
682483067,0.08545,1.86743,1.99994,-250.1374,250.1298,250.1298,0.79614,-2.00000,-1.89136,-250.1374,-250.1374,149.7099
682484067,1.39734,-1.61609,1.99994,-250.1374,250.1298,250.1298,0.84497,-2.00000,-1.83533,-250.1374,-250.1374,139.9924
682485067,1.99994,-2.00000,1.99994,-250.1374,250.1298,250.1298,0.89099,-2.00000,-1.78101,-250.1374,-250.1374,129.8626
682486068,1.99994,-0.71436,1.99994,-250.1374,250.1298,250.1298,0.93237,-2.00000,-1.72949,-250.1374,-250.1374,119.3664
682487068,1.99994,1.56396,1.99994,-250.1374,250.1298,250.1298,0.96826,-2.00000,-1.68115,-250.1374,-250.1374,108.5878
682488067,1.99994,1.99994,1.99994,-250.1374,250.1298,250.1298,0.99951,-2.00000,-1.63513,-250.1374,-250.1374,97.5725
682489068,1.99994,1.99994,1.99994,-250.1374,250.1298,250.1298,1.02539,-2.00000,-1.58972,-250.1374,-250.1374,86.4427
682490068,1.99994,1.99994,1.99994,-250.1374,250.1298,250.1298,1.04492,-2.00000,-1.54443,-250.1374,-250.1374,75.2214
682491068,1.99994,1.99994,1.99994,-250.1374,250.1298,250.1298,1.05701,-2.00000,-1.50073,-250.1374,-248.0992,63.9847
682492068,1.99994,1.99994,1.99994,-250.1374,250.1298,250.1298,1.06152,-2.00000,-1.45972,-250.1374,-228.7176,52.7863
682493067,1.31714,1.99994,1.99994,-250.1374,250.1298,250.1298,1.05945,-2.00000,-1.42053,-250.1374,-209.1145,41.6641
682494067,0.66931,1.99994,1.99994,-250.1374,250.1298,250.1298,1.05090,-2.00000,-1.38354,-250.1374,-189.3664,30.6260
682495068,0.08447,1.89368,1.99994,-250.1374,250.1298,250.1298,1.03564,-2.00000,-1.34985,-250.1374,-169.4733,19.7481
682496067,-1.14026,1.99994,1.99994,-250.1374,250.1298,250.1298,1.01270,-2.00000,-1.32068,-250.1374,-149.5191,9.1145
682497067,-2.00000,1.99994,-1.45251,-250.1374,250.1298,250.1298,0.98303,-2.00000,-1.29565,-250.1374,-129.6412,-1.2061
682498067,-2.00000,1.99994,-2.00000,-250.1374,250.1298,250.1298,0.94641,-2.00000,-1.27222,-250.1374,-109.8931,-11.1603
682499068,-2.00000,1.99994,-2.00000,-250.1374,250.1298,250.1298,0.90356,-2.00000,-1.25220,-250.1374,-90.3206,-20.6947
682500067,-2.00000,1.29590,1.99994,-250.1374,250.1298,250.1298,0.85706,-2.00000,-1.23828,-250.1374,-71.0076,-29.6947
682501067,-2.00000,-2.00000,1.99994,-250.1374,250.1298,250.1298,0.80591,-2.00000,-1.22949,-250.1374,-52.0382,-38.1069
682502068,-2.00000,-2.00000,1.99994,-250.1374,250.1298,250.1298,0.75049,-2.00000,-1.22351,-220.0382,-33.4885,-45.8779
682503068,-1.21985,-2.00000,1.99994,-250.1374,250.1298,250.1298,0.69275,-1.95837,-1.21960,-169.1527,-15.4580,-52.9313
682504068,0.21777,1.24072,1.99994,-250.1374,250.1298,250.1298,0.63171,-1.87134,-1.21887,-119.9466,1.9466,-59.1908
682505067,1.28650,1.99994,1.99994,-250.1374,250.1298,250.1298,0.56824,-1.77551,-1.22107,-72.7176,18.6107,-64.5725
682506065,1.99719,0.76904,1.99994,-250.1374,250.1298,250.1298,0.50317,-1.67346,-1.22559,-27.7863,34.5573,-69.0305
682507069,1.99994,-2.00000,1.99994,-250.1374,250.1298,250.1298,0.43738,-1.56689,-1.23181,14.5878,49.6947,-72.5115
682508067,1.68396,-2.00000,1.99994,-250.1374,239.0382,250.1298,0.37207,-1.45679,-1.23987,54.2748,63.9084,-75.0763
682509067,1.34839,-2.00000,1.99994,-250.1374,181.9389,250.1298,0.30786,-1.34277,-1.24915,91.0992,77.1756,-76.7405
682510067,0.99268,-2.00000,1.99994,-250.1374,186.6336,250.1298,0.24463,-1.22412,-1.25781,124.8626,89.4580,-77.5420
682511068,0.98718,1.82947,1.99994,-250.1374,181.6870,250.1298,0.18237,-1.10083,-1.26636,155.4198,100.6947,-77.4962
682512068,0.83582,1.99994,1.99994,-250.1374,130.3588,250.1298,0.12256,-0.97620,-1.27405,182.6336,110.8244,-76.5420
682513067,-0.06714,0.41553,1.99994,-250.1374,73.5496,250.1298,0.06616,-0.85315,-1.28027,206.4351,119.8550,-74.6947
682514068,-0.39941,-2.00000,1.99994,-250.1374,56.5496,250.1298,0.01306,-0.73267,-1.28430,226.7634,127.7786,-72.0534
682515067,0.58923,-1.13818,1.99994,-250.1374,80.8168,250.1298,-0.03711,-0.61646,-1.28577,243.6107,134.5954,-68.6947
682516067,1.20752,1.99994,1.99994,-235.6718,63.4046,199.3206,-0.08618,-0.50513,-1.28320,250.1298,140.3206,-64.6565
682517067,1.01868,1.99994,1.99994,-125.1527,-31.3664,146.2137,-0.13403,-0.40002,-1.27515,250.1298,144.9466,-59.9389
682518067,0.98694,1.99994,1.99994,-2.0916,-144.0992,116.8321,-0.17920,-0.30078,-1.26318,250.1298,148.4809,-54.5954
682519065,0.58301,1.11572,1.99994,123.9008,-250.1374,100.6489,-0.22192,-0.20581,-1.24890,250.1298,150.9466,-48.7328
682520065,-1.29297,-2.00000,1.08301,200.4656,-250.1374,92.8092,-0.26245,-0.11731,-1.23230,250.1298,152.3588,-42.3053
682521065,-2.00000,-2.00000,-2.00000,208.0229,-250.1374,82.7099,-0.29834,-0.03967,-1.21289,250.1298,152.7557,-35.2748
682522069,-2.00000,-2.00000,-2.00000,127.4885,-250.1374,97.5954,-0.33044,0.02795,-1.19141,250.1298,152.1832,-27.8015
682523064,-2.00000,-2.00000,-2.00000,-23.8855,-250.1374,149.0458,-0.36060,0.08826,-1.16956,250.1298,150.6565,-20.0840
682524069,-2.00000,-1.37878,-2.00000,-135.3435,-198.0992,208.4580,-0.38794,0.14209,-1.14844,248.8626,148.2290,-12.2214
682525068,-2.00000,-0.35559,-2.00000,-189.4275,-90.2519,250.1298,-0.41321,0.18921,-1.12671,235.6336,144.8855,-4.2672
682526068,-2.00000,-2.00000,-2.00000,-250.1374,-35.2901,250.1298,-0.43689,0.22974,-1.10596,220.2214,140.6641,3.7328
682527068,-2.00000,-2.00000,-2.00000,-250.1374,71.8855,250.1298,-0.45789,0.26392,-1.08667,202.8244,135.6031,11.7481
682528067,-1.93457,-0.16455,1.99994,-30.6870,224.3053,188.7328,-0.47571,0.29138,-1.06812,183.6870,129.7176,19.6947
682529068,1.65051,1.99994,1.99994,250.1298,250.1298,39.3206,-0.49072,0.31335,-1.05237,163.0458,122.9084,27.4962
682530068,1.99994,1.99994,1.99994,250.1298,238.4198,-74.2595,-0.50342,0.33020,-1.03906,141.1374,115.3053,35.0534
682531068,1.99994,1.99994,1.99994,250.1298,-23.2748,-133.1374,-0.51257,0.34094,-1.02686,118.1908,107.0916,42.3282
682532067,1.99994,-1.09070,1.99994,250.1298,-250.1374,-175.8244,-0.51770,0.34583,-1.01672,94.4275,98.2748,49.2214
682533067,1.99994,-2.00000,1.99994,250.1298,-250.1374,-212.5115,-0.51868,0.34436,-1.00964,70.1069,88.8397,55.7023
682534067,0.35107,-2.00000,1.99994,250.1298,-250.1374,-231.8702,-0.51514,0.33643,-1.00525,45.4809,78.8092,61.7176
682535068,-1.61536,-2.00000,-0.21472,250.1298,-250.1374,-208.5115,-0.49390,0.30286,-1.00830,-3.6870,57.4198,72.0305
682536068,-2.00000,-2.00000,-1.09570,250.1298,-250.1374,-120.7481,-0.47656,0.27820,-1.01489,-27.7176,46.2519,76.2519
682537068,-2.00000,-2.00000,-2.00000,250.1298,-250.1374,27.6336,-0.45654,0.24939,-1.02441,-51.0153,34.9160,79.8473
682538068,-2.00000,-2.00000,-2.00000,250.1298,-250.1374,173.7710,-0.43359,0.21606,-1.03564,-73.3664,23.5496,82.7634
682539068,-2.00000,-1.15747,-2.00000,-8.2214,-250.1374,250.1298,-0.40710,0.17957,-1.04736,-94.5954,12.2824,84.9389
682540068,-2.00000,-0.91284,-2.00000,-90.2595,-250.1374,250.1298,-0.37634,0.14014,-1.05957,-114.5115,1.1527,86.3282
682541068,-2.00000,-0.29126,-2.00000,-9.4580,-53.1756,250.1298,-0.34192,0.09937,-1.07141,-132.9389,-9.7405,86.9542
682542067,-2.00000,1.99994,-2.00000,193.0076,80.4427,214.6870,-0.30359,0.05664,-1.08240,-149.7710,-20.2748,86.8015
682543067,0.70996,1.97620,1.99994,250.1298,90.0534,90.8321,-0.26270,0.01147,-1.09302,-164.9313,-30.3130,85.9160
682544064,1.86511,-1.27600,1.99994,250.1298,-72.0763,-17.9847,-0.21997,-0.03503,-1.10461,-178.3664,-39.7710,84.2824
682545069,1.99994,-2.00000,1.99994,250.1298,-250.1374,-124.4733,-0.17566,-0.08423,-1.11621,-190.0229,-48.5725,81.9695
682546068,1.81262,-2.00000,1.15686,250.1298,-250.1374,-223.6260,-0.13049,-0.13611,-1.12659,-199.8168,-56.6412,79.0076
682547064,-1.29089,-2.00000,-2.00000,250.1298,-250.1374,-250.1374,-0.08594,-0.18774,-1.13574,-207.7710,-63.9313,75.4122
682548069,-2.00000,-1.43066,-2.00000,250.1298,-250.1374,-250.1374,-0.04224,-0.23877,-1.14453,-213.9695,-70.4275,71.2672
682549064,-2.00000,-0.28455,-2.00000,250.1298,-250.1374,-220.6336,0.00061,-0.28821,-1.15234,-218.4275,-76.0840,66.6336
682550069,-2.00000,-0.19934,-2.00000,250.1298,-250.1374,-79.3053,0.04382,-0.33459,-1.15845,-221.1908,-80.8779,61.5649
682551068,-2.00000,-2.00000,-2.00000,250.1298,-250.1374,69.8168,0.08691,-0.37866,-1.16272,-222.3817,-84.7863,56.1450
682552068,-2.00000,-2.00000,-2.00000,181.5649,-250.1374,183.2366,0.12732,-0.41821,-1.16675,-222.0992,-87.8015,50.4122
682553067,-2.00000,-2.00000,-2.00000,1.8626,-102.3511,250.1298,0.16309,-0.45435,-1.16406,-220.3130,-89.8473,44.5115
682554068,-2.00000,-2.00000,-2.00000,-89.8855,143.1832,250.1298,0.19678,-0.49475,-1.15991,-217.2214,-91.1298,38.6412
682555068,-2.00000,-2.00000,-0.69360,-104.1450,250.1298,250.1298,0.23010,-0.53479,-1.16016,-213.0305,-91.6718,32.5573
682556068,1.33044,-1.44653,1.99994,-38.3588,250.1298,250.1298,0.25916,-0.56787,-1.15845,-207.7863,-91.4275,26.2672
682557067,1.99994,-1.52417,1.99994,98.6947,242.3588,201.8092,0.28284,-0.59546,-1.15613,-201.5802,-90.4046,19.9237
682558067,1.99994,-2.00000,1.99994,250.1298,-7.0076,108.8855,0.30151,-0.61877,-1.15613,-194.5267,-88.6794,13.6565
682559065,1.99994,-2.00000,1.99994,250.1298,-250.1374,27.3664,0.31641,-0.63831,-1.15833,-186.7786,-86.3282,7.5344
682560069,1.99994,-2.00000,1.99994,250.1298,-250.1374,-33.1527,0.32739,-0.65271,-1.15991,-178.4351,-83.4351,1.5954
682561067,-1.08875,-2.00000,-1.22229,250.1298,-250.1374,-57.7863,0.33496,-0.66321,-1.16199,-169.6107,-80.0305,-4.1145
682562067,-2.00000,-2.00000,-2.00000,223.4198,-250.1374,-72.3511,0.33911,-0.67163,-1.16479,-160.4275,-76.1985,-9.5344
682563068,-2.00000,-2.00000,-1.75513,176.0992,-250.1374,-82.4656,0.33899,-0.67712,-1.16760,-150.9771,-72.0229,-14.6031
682564068,-2.00000,-2.00000,0.09143,82.0458,-250.1374,-57.0687,0.33545,-0.67932,-1.16992,-141.3359,-67.5725,-19.3435
682565068,-2.00000,-1.05200,-2.00000,-67.0534,-237.4809,15.3664,0.32959,-0.67847,-1.17102,-131.5573,-62.8702,-23.7252
682566068,-2.00000,-2.00000,-2.00000,-250.1374,-158.6565,77.8015,0.32178,-0.67334,-1.16931,-121.7405,-57.9542,-27.7328
682567067,-2.00000,-2.00000,-2.00000,-250.1374,8.2672,87.7328,0.31189,-0.66357,-1.16602,-112.0153,-52.8779,-31.3053
682568068,-0.58228,-2.00000,0.82422,-250.1374,179.9618,44.2137,0.29932,-0.64917,-1.16260,-102.4580,-47.7252,-34.4504
682569068,1.99994,-1.86145,1.99994,-198.2366,196.5878,-35.2061,0.28467,-0.63074,-1.15833,-93.1298,-42.5191,-37.1832
682570068,1.99994,-0.47827,1.99994,-69.1298,21.0763,-96.9771,0.26904,-0.60974,-1.15466,-84.1145,-37.2672,-39.5038
682571068,1.99994,-1.97717,0.66309,-10.6565,-241.9237,-120.4885,0.25293,-0.58643,-1.15137,-75.5344,-32.0611,-41.4656
682572067,1.04199,-2.00000,-1.45667,-8.5191,-250.1374,-139.2824,0.23584,-0.56055,-1.14722,-67.4046,-26.9466,-43.0534
682573067,0.37793,-1.67102,0.55786,11.1221,-250.1374,-168.9542,0.21838,-0.53247,-1.14282,-59.7328,-21.9313,-44.2748
682574068,0.64795,-0.05920,1.97656,65.8015,-250.1374,-187.8092,0.19995,-0.50281,-1.13794,-52.5191,-17.0382,-45.0992
682575068,0.28516,1.34705,0.04834,55.7252,-250.1374,-173.0000,0.18018,-0.47180,-1.13049,-45.7557,-12.3130,-45.5954
682576064,-1.42297,1.99994,-2.00000,-56.2824,-250.1374,-123.0076,0.16052,-0.44116,-1.12122,-39.4733,-7.8015,-45.7786
682577065,-2.00000,1.74207,-2.00000,-196.0229,-250.1374,-74.3282,0.14111,-0.41150,-1.11316,-33.6794,-3.4885,-45.6489
682578065,-2.00000,0.31750,-2.00000,-250.1374,-227.1450,-53.8779,0.12244,-0.38342,-1.10596,-28.3206,0.6031,-45.2214
682579065,-2.00000,-0.24146,-2.00000,-250.1374,-163.6183,-61.9542,0.10437,-0.35645,-1.09827,-23.3893,4.4733,-44.5038
682580065,-2.00000,1.16260,-2.00000,-250.1374,-153.1145,-100.6336,0.08496,-0.33130,-1.09058,-18.9160,8.0687,-43.5496
682581065,-2.00000,1.99994,-2.00000,-162.2824,-161.9466,-149.1527,0.06555,-0.30859,-1.08191,-14.8321,11.3893,-42.3969
682582069,-0.94189,1.99994,-2.00000,-133.2290,-180.7176,-165.7557,0.04846,-0.28821,-1.07300,-11.1069,14.4275,-41.0305
682583068,-0.61877,1.99994,-2.00000,-111.6870,-196.7557,-171.4733,0.03333,-0.27002,-1.06384,-7.7481,17.1832,-39.4046
682584068,-0.56128,1.92700,-2.00000,-18.9847,-173.5115,-202.1374,0.02002,-0.25354,-1.05298,-4.7099,19.6870,-37.5649
682585068,0.37769,1.99994,-2.00000,81.4504,-127.8244,-242.3053,0.00842,-0.23950,-1.04236,-1.9695,21.9237,-35.5725
682586068,0.79565,1.99994,-2.00000,105.5115,-110.7481,-248.6947,-0.00134,-0.22705,-1.03259,0.5191,23.8626,-33.4504
682587068,0.03003,1.99994,-2.00000,73.6107,-123.3359,-221.3893,-0.00842,-0.21582,-1.02209,2.7863,25.5191,-31.2137
682588068,-0.44177,1.99994,-2.00000,40.8855,-125.3130,-194.5038,-0.01367,-0.20691,-1.01086,4.8473,26.9618,-28.8779
682589068,-0.59412,1.99994,-2.00000,16.9084,-136.1450,-186.4885,-0.01880,-0.19934,-0.99976,6.7481,28.2366,-26.4733
682590068,-1.47644,1.99994,-2.00000,2.1832,-169.9008,-188.1145,-0.02295,-0.19299,-0.99036,8.4962,29.2748,-24.0229
682591068,-1.81750,1.99994,-2.00000,-4.6183,-158.6260,-181.7099,-0.02454,-0.18799,-0.98279,10.1145,30.0763,-21.5496
682592068,-1.04199,1.99994,-2.00000,-32.3206,-103.0840,-155.1985,-0.02539,-0.18298,-0.97510,11.6260,30.6718,-19.0534
682593068,-0.73145,1.99994,-2.00000,-93.2366,-76.5725,-110.3130,-0.02600,-0.17773,-0.96692,13.0534,31.0916,-16.5954
682594068,-0.81531,1.99994,-2.00000,-137.6183,-63.9160,-69.5725,-0.02527,-0.17334,-0.95984,14.4351,31.3893,-14.1985
682595067,-0.29431,1.99994,-2.00000,-126.7252,-30.0382,-50.4580,-0.02295,-0.16968,-0.95447,15.8092,31.5725,-11.8931
682596067,0.11621,1.99994,-2.00000,-74.0687,-9.4962,-49.6947,-0.02014,-0.16736,-0.94885,17.1756,31.6107,-9.6870
682597067,0.18518,1.99994,-2.00000,4.1221,-15.0763,-70.8626,-0.01843,-0.16687,-0.94299,18.5267,31.5344,-7.5725
682598067,0.65417,1.99994,-2.00000,81.1374,-27.2214,-104.3435,-0.01697,-0.16675,-0.93860,19.9084,31.3511,-5.5649
682599068,0.68982,1.99994,-2.00000,116.9771,-50.8931,-126.1450,-0.01477,-0.16687,-0.93665,21.3053,31.0611,-3.7099
682600067,-0.09326,1.99994,-2.00000,127.0840,-75.4809,-141.3359,-0.01306,-0.16797,-0.93677,22.7023,30.6565,-2.0153
682601067,-0.72119,1.14441,-2.00000,162.9237,-72.9466,-169.0458,-0.01245,-0.16882,-0.93811,24.0916,30.1298,-0.4733
682602067,-1.41699,0.47461,-2.00000,214.9542,-73.8092,-202.9313,-0.01233,-0.16809,-0.94019,25.4427,29.4733,0.9237
682603068,-2.00000,1.75940,-2.00000,225.2366,-90.2595,-220.0305,-0.01331,-0.16602,-0.94275,26.7252,28.7099,2.1450
682604068,-2.00000,1.99994,-2.00000,182.3130,-66.1832,-201.5725,-0.01477,-0.16284,-0.94556,27.9084,27.8092,3.2366
682605068,-1.68945,1.99994,-2.00000,113.0611,-7.3817,-146.1374,-0.01624,-0.15845,-0.94983,28.9389,26.7481,4.2061
682606067,-1.29285,1.99994,-2.00000,29.0305,26.6947,-63.5725,-0.01880,-0.15161,-0.95557,29.6794,25.5420,5.0153
682607068,-1.42798,1.99994,-2.00000,-43.5649,49.3359,11.8626,-0.02148,-0.14368,-0.96179,30.0763,24.1832,5.6870
682608067,-1.46167,1.99994,-2.00000,-62.0534,94.9389,48.9237,-0.02380,-0.13513,-0.96729,30.1145,22.6565,6.2290
682609067,-1.00842,1.99994,-2.00000,-45.6718,147.7252,59.2748,-0.02539,-0.12622,-0.97241,29.8015,21.0305,6.6641
682610067,-0.27698,1.99994,-2.00000,-9.2214,151.5649,51.7939,-0.02515,-0.11853,-0.97766,29.1221,19.3130,7.0229
682611067,-0.34167,1.73877,-2.00000,43.7863,110.1985,25.4275,-0.02405,-0.11157,-0.98193,28.0229,17.4809,7.3435
682612068,-0.42737,0.51843,-2.00000,97.7328,78.3893,-8.7863,-0.02271,-0.10522,-0.98535,26.4885,15.5573,7.5802
682613068,-0.60022,-0.00964,-2.00000,121.9771,75.9695,-43.2977,-0.02124,-0.10120,-0.98853,24.5725,13.5802,7.7557
682614068,-0.63794,0.82593,-2.00000,115.0534,99.4198,-64.9237,-0.01941,-0.09961,-0.99121,22.3511,11.5878,7.8702
682615067,-0.16638,1.99994,-2.00000,83.9695,123.2748,-58.2748,-0.01721,-0.10022,-0.99365,19.8855,9.6031,7.9237
682616067,0.48462,1.99994,-2.00000,36.9008,130.7405,-20.6336,-0.01526,-0.10278,-0.99622,17.1679,7.6412,7.9618
682617068,0.58838,1.99994,-1.93237,-2.9924,125.1603,32.2672,-0.01343,-0.10657,-0.99915,14.2290,5.6565,7.9847
682618068,0.48694,1.99994,-1.65381,-12.0687,122.7634,77.6412,-0.01160,-0.11243,-1.00281,11.1679,3.6794,7.9695
682619068,0.57715,0.69189,-1.44482,1.5496,127.4122,99.7634,-0.01038,-0.12109,-1.00635,8.0229,1.7328,7.9084
682620068,0.42871,0.72766,-1.62024,12.2214,113.6336,104.2824,-0.00952,-0.13208,-1.01111,4.8550,-0.1298,7.7863
682621068,0.18164,1.95801,-1.99133,18.5878,87.3817,101.2366,-0.00903,-0.14331,-1.01770,1.7634,-1.8779,7.6336
682622068,0.39026,1.99994,-1.40564,41.0000,75.6412,93.2061,-0.00732,-0.15454,-1.02478,-1.2137,-3.5267,7.4504
682623067,0.72278,1.99994,-0.42126,86.1908,71.7786,79.9389,-0.00305,-0.16687,-1.03210,-4.0305,-5.0992,7.2214
682624068,0.42139,1.99994,-0.66418,129.8473,58.3130,67.2366,0.00232,-0.18005,-1.03955,-6.6183,-6.5878,6.9389
682625067,-0.32727,1.93408,-1.88965,144.7786,50.6107,61.4733,0.00708,-0.19360,-1.04749,-8.9389,-8.0000,6.5802
682626068,-0.83118,0.71741,-2.00000,123.5649,68.6794,63.7634,0.01099,-0.20679,-1.05591,-11.0076,-9.2977,6.1450
682627068,-0.98938,0.05396,-2.00000,71.7405,101.2519,76.8931,0.01489,-0.21924,-1.06445,-12.7786,-10.4198,5.6718
682628068,-0.99011,0.30884,-2.00000,11.7099,120.4275,103.0382,0.01965,-0.23096,-1.07385,-14.2672,-11.4046,5.1374
682629068,-0.89514,1.00208,-2.00000,-21.4962,123.8626,132.6489,0.02454,-0.24158,-1.08374,-15.4809,-12.2824,4.5496
682630068,-0.65894,1.02441,-2.00000,-23.9237,125.0076,160.4656,0.02832,-0.25061,-1.09399,-16.4351,-13.0687,3.9008
682631068,-0.40991,0.00171,-1.64246,-35.5649,128.5954,189.5573,0.03149,-0.25867,-1.10339,-17.1221,-13.7481,3.1908
682632068,-0.34607,-1.21289,-1.12842,-65.4962,132.9237,213.9389,0.03601,-0.27234,-1.11987,-17.7634,-14.6718,1.6489
682633067,-0.42517,-1.76221,-0.93958,-70.8015,138.7405,214.6336,0.03845,-0.27844,-1.12646,-17.7176,-14.8855,0.8550
682634067,-0.45789,-1.79871,-0.49475,-32.7328,143.5725,189.4122,0.04089,-0.28333,-1.13147,-17.4427,-14.9618,0.0458
682635068,-0.42065,-1.94592,-0.08459,18.4504,144.0458,152.8550,0.04321,-0.28723,-1.13489,-16.9695,-14.9389,-0.7710
682636068,-0.56287,-2.00000,-0.23401,53.3740,136.5649,118.2137,0.04565,-0.29114,-1.13940,-16.3511,-14.7786,-1.5954
682637068,-0.89075,-2.00000,-0.72656,59.5267,126.0382,91.7557,0.04871,-0.29541,-1.14417,-15.6031,-14.4504,-2.3817
682638068,-1.14368,-2.00000,-1.11914,37.9160,120.2748,73.6336,0.05164,-0.29993,-1.14722,-14.7099,-13.9695,-3.1374
682639067,-1.21716,-2.00000,-1.32959,2.6565,121.9237,61.9084,0.05371,-0.30408,-1.15015,-13.6412,-13.3664,-3.8397
682640067,-1.01038,-2.00000,-1.09766,-28.4122,127.1527,60.6565,0.05603,-0.30847,-1.15430,-12.4122,-12.6031,-4.5191
682641068,-0.63733,-0.44983,-0.40088,-54.8626,127.2290,76.0534,0.05786,-0.31287,-1.15771,-11.0382,-11.6870,-5.1374
682642068,-0.67700,0.34570,-0.06274,-90.8931,117.3511,108.1298,0.05896,-0.31738,-1.16016,-9.5344,-10.6183,-5.6947
682643067,-1.01624,0.12683,-0.41528,-132.8931,112.8702,144.4733,0.05981,-0.32349,-1.16150,-7.9008,-9.3893,-6.1832
682644067,-1.02161,-0.43860,-0.50281,-152.4122,124.1298,164.8092,0.06091,-0.33020,-1.16187,-6.1374,-8.0611,-6.5954
682645068,-0.77783,-0.81177,-0.06726,-131.5878,131.6870,161.3740,0.06226,-0.33618,-1.16296,-4.2672,-6.6412,-6.9618
682646067,-0.70032,-1.25195,0.33228,-80.3359,124.9847,142.8015,0.06226,-0.34167,-1.16345,-2.2977,-5.0992,-7.2748
682647068,-0.84326,-2.00000,0.41760,-22.3359,109.7481,118.2366,0.06165,-0.34656,-1.16370,-0.2061,-3.4275,-7.5191
682648068,-1.11377,-2.00000,0.12537,15.0611,97.9771,93.2366,0.06042,-0.35095,-1.16467,1.9924,-1.6641,-7.7176
682649068,-1.39624,-2.00000,-0.25366,12.9924,100.0382,74.2595,0.05933,-0.35571,-1.16614,4.2748,0.1603,-7.8931
682650067,-1.65002,-2.00000,-0.62622,-22.0992,107.8931,64.3206,0.05872,-0.35950,-1.16760,6.6565,2.0153,-7.9771
682651067,-1.69983,-2.00000,-0.78333,-59.5802,114.9618,61.0000,0.05762,-0.36157,-1.16858,9.0840,3.8931,-7.9924
682652068,-1.53088,-2.00000,-0.31714,-86.0305,119.1527,60.4809,0.05493,-0.36218,-1.16882,11.5344,5.7405,-7.9847
682653068,-1.36597,-2.00000,0.23157,-119.9771,117.2519,67.5496,0.05151,-0.36108,-1.16797,14.0000,7.5649,-7.9771
682654067,-1.20239,-2.00000,0.21423,-171.5344,117.2214,81.7557,0.04822,-0.35803,-1.16748,16.4198,9.3359,-7.9389
682655067,-1.04968,-2.00000,0.18518,-216.5115,124.5878,90.2214,0.04431,-0.35413,-1.16699,18.7557,11.0458,-7.8168
682656068,-0.85632,-2.00000,0.69385,-221.0305,128.2901,82.9466,0.04016,-0.34937,-1.16565,20.9847,12.7023,-7.7099
682657068,-0.61060,-2.00000,1.32288,-177.5725,118.2824,57.6031,0.03638,-0.34229,-1.16260,23.0382,14.2977,-7.6107
682658068,-0.49219,-2.00000,1.32898,-112.7786,94.2214,21.6794,0.03296,-0.33337,-1.15784,24.9084,15.7710,-7.5344
682659068,-0.57849,-1.49817,0.80603,-56.7405,65.9313,-10.8855,0.02991,-0.32288,-1.15381,26.5802,17.0916,-7.4275
682660068,-0.64246,-0.73987,0.59741,-18.2443,48.1603,-31.4122,0.02661,-0.31140,-1.15051,28.0229,18.2748,-7.3359
682661067,-0.55933,-0.89832,0.80884,4.4809,42.5802,-41.4046,0.02307,-0.30054,-1.14600,29.2137,19.3282,-7.2748
682662067,-0.62354,-1.43750,0.77356,15.7023,38.3282,-46.9618,0.01965,-0.28967,-1.14038,30.1298,20.2519,-7.2290
682663068,-0.96973,-1.72339,0.10095,17.6794,32.2977,-49.7786,0.01575,-0.27856,-1.13342,30.7863,21.0611,-7.1832
682664068,-1.31970,-1.64819,-0.79553,-6.8168,33.0229,-43.5573,0.01355,-0.26929,-1.12561,31.2061,21.7252,-7.1527
682665068,-1.53406,-1.31897,-1.48364,-67.7939,38.5115,-23.1298,0.01355,-0.26135,-1.11792,31.4122,22.2519,-7.1145
682666067,-1.71960,-0.85364,-1.86450,-128.8626,40.5038,1.0916,0.01270,-0.25354,-1.11182,31.4198,22.6412,-7.0534
682667068,-1.68262,-0.51147,-1.61780,-145.2366,46.0687,12.9466,0.01208,-0.24585,-1.10596,31.2366,22.9160,-6.9924
682668067,-1.47363,-0.47241,-1.01965,-130.5267,53.1145,12.8321,0.01270,-0.23950,-1.09924,30.8855,23.0687,-6.9542
682669067,-1.49377,-0.44104,-0.92200,-125.7481,57.8244,11.9466,0.01367,-0.23547,-1.09253,30.3740,23.1069,-6.9466
682670067,-1.50830,-0.15686,-1.10815,-133.2901,70.3053,11.5725,0.01575,-0.23376,-1.08655,29.7481,23.0611,-6.9313
682671067,-1.32520,0.11267,-1.10913,-125.9237,86.0458,6.2519,0.01636,-0.23328,-1.08252,29.0153,22.9313,-6.9313
682672067,-1.28772,-0.10181,-1.23975,-87.7939,89.7023,-7.6183,0.01465,-0.23389,-1.07812,28.2214,22.6794,-6.9237
682673067,-1.45532,-0.62109,-1.66321,-29.4351,81.9466,-29.8168,0.01343,-0.23560,-1.07178,27.4046,22.3282,-6.9008
682674067,-1.41528,-0.90442,-1.70618,18.5878,81.8626,-52.6336,0.01221,-0.23828,-1.06555,26.6031,21.8931,-6.9084
682675067,-1.25000,-0.51257,-1.00439,27.1374,93.2595,-65.0305,0.01111,-0.24194,-1.06067,25.8397,21.3740,-6.9618
682676067,-1.14832,0.34155,-0.46765,7.6641,106.4427,-63.5038,0.01038,-0.24597,-1.05750,25.1145,20.8015,-7.0076
682677068,-0.98560,0.89441,-0.67371,1.1298,111.8092,-56.6870,0.00977,-0.24963,-1.05530,24.4504,20.1908,-7.0305
682678067,-0.97852,0.73389,-0.97290,16.2290,104.8397,-51.2901,0.00952,-0.25366,-1.05298,23.8626,19.5191,-7.0763
682679068,-1.02917,0.17603,-0.75281,23.9084,96.8244,-46.7710,0.00928,-0.25903,-1.04993,23.3588,18.7863,-7.1603
682680068,-0.82483,0.10974,-0.16809,7.5802,100.3511,-40.8550,0.00928,-0.26514,-1.04724,22.9466,18.0305,-7.2290
682681068,-0.53455,0.81335,0.10828,-11.9084,105.4046,-33.6565,0.01038,-0.27112,-1.04553,22.6031,17.2748,-7.2748
682682068,-0.38892,1.70752,0.16101,-6.0382,103.6794,-28.6107,0.01123,-0.27710,-1.04395,22.3435,16.5115,-7.3588
682683068,-0.27197,1.98962,0.58411,20.1985,101.3053,-23.7634,0.01196,-0.28296,-1.04309,22.1985,15.7939,-7.4580
682684067,-0.13733,1.51624,0.99292,31.9695,101.7023,-13.1374,0.01465,-0.28809,-1.04163,22.1908,15.1145,-7.5954
682685068,-0.16711,0.94128,0.96716,13.1679,103.2519,4.0153,0.01733,-0.29260,-1.04004,22.3053,14.4656,-7.7557
682686067,-0.19348,0.79968,0.85254,-4.6489,103.9695,17.3588,0.01941,-0.29700,-1.03931,22.5420,13.8626,-7.9313
682687068,0.01233,0.98767,1.19836,7.3206,102.3664,21.4504,0.02258,-0.30237,-1.03857,22.9084,13.3053,-8.1069
682688068,0.19861,0.75354,1.68335,32.4046,93.2137,25.0382,0.02576,-0.30725,-1.03845,23.3893,12.7939,-8.2977
682689068,0.12512,-0.36780,1.74634,41.4198,77.9847,33.7099,0.02930,-0.31042,-1.03870,23.9618,12.3511,-8.5420
682690067,0.02222,-1.81360,1.73096,31.6565,66.4046,40.1221,0.03223,-0.31250,-1.03821,24.6183,11.9542,-8.8397
682691068,0.07410,-2.00000,1.88928,18.8015,59.5649,35.7786,0.03406,-0.31323,-1.03882,25.3206,11.5878,-9.1756
682692068,0.04919,-2.00000,1.81091,15.1069,49.2214,22.9695,0.03564,-0.31177,-1.04004,26.0534,11.2748,-9.5420
682693068,-0.01587,-1.66748,1.48999,26.6412,33.4351,9.0992,0.03638,-0.30774,-1.04077,26.7786,11.0382,-9.9695
682694068,0.00354,-1.44556,1.51331,46.0763,16.2137,-1.6031,0.03687,-0.30151,-1.04260,27.4198,10.8244,-10.4351
682695068,-0.05261,-1.55029,1.67334,52.4504,0.5344,-6.8015,0.03674,-0.29333,-1.04626,27.9466,10.6031,-10.9237
682696068,-0.17151,-1.62378,1.52905,40.6031,-5.0992,-8.2519,0.03577,-0.28247,-1.04993,28.3053,10.3664,-11.4122
682697068,-0.29358,-1.44556,1.20227,32.7099,-3.5344,-11.0992,0.03406,-0.27014,-1.05371,28.4504,10.1221,-11.9160
682698067,-0.46387,-1.13293,0.88672,44.4885,-3.9618,-16.8015,0.03149,-0.25781,-1.05676,28.3435,9.8626,-12.4504
682699067,-0.67639,-0.87366,0.74744,62.8397,-7.4122,-21.1145,0.02905,-0.24512,-1.05920,27.9771,9.5725,-13.0153
682700068,-0.86841,-0.73462,0.66467,69.5573,-10.1985,-20.1756,0.02661,-0.23157,-1.06238,27.3817,9.2366,-13.6489
682701068,-0.96313,-0.69556,0.50317,65.4962,-11.0076,-15.3282,0.02307,-0.21790,-1.06519,26.5420,8.8855,-14.3130
682702068,-0.97803,-0.77551,0.33887,62.7252,-13.5496,-10.9618,0.01892,-0.20447,-1.06677,25.4733,8.4809,-14.9695
682703067,-0.71899,-1.06897,0.27161,65.3893,-15.5496,-9.4046,0.01355,-0.18982,-1.06775,24.1374,8.0305,-15.5802
682704067,-0.36084,-1.48975,0.45386,63.4275,-15.2901,-8.9771,0.00781,-0.17468,-1.06873,22.5267,7.6031,-16.2061
682705067,-0.40454,-1.86609,0.50977,48.4733,-19.6565,-7.7176,0.00342,-0.16113,-1.06970,20.6565,7.1756,-16.8015
682706067,-0.53027,-1.83813,0.20129,25.3206,-20.6565,-8.7328,-0.00085,-0.14966,-1.06995,18.5115,6.7481,-17.3206
682707067,-0.63464,-1.10608,-0.26331,2.9618,-24.0382,-11.5267,-0.00525,-0.14111,-1.06946,16.1145,6.3053,-17.7557
682708067,-0.96521,-0.12659,-0.87244,-7.5267,-36.6260,-13.1450,-0.00854,-0.13623,-1.06921,13.5496,5.8702,-18.1450
682709067,-0.96619,-0.12000,-1.18823,2.1298,-42.5420,-13.0153,-0.01001,-0.13330,-1.07007,10.8397,5.4809,-18.4504
682710068,-0.65759,-1.33911,-0.88000,16.6718,-43.0763,-13.1832,-0.00977,-0.13110,-1.07068,8.0229,5.1374,-18.6565
682711067,-0.52527,-2.00000,-0.25415,16.0534,-35.0382,-17.4962,-0.00916,-0.13208,-1.07019,5.1679,4.8397,-18.7481
682712067,-0.52136,-1.56934,-0.16211,7.0687,-15.9084,-26.0305,-0.00952,-0.13672,-1.06909,2.3206,4.5649,-18.7023
682713067,-0.70654,-0.26770,-1.13232,2.0153,-0.4275,-31.6870,-0.01013,-0.14270,-1.06689,-0.4580,4.3359,-18.5115
682714067,-0.80029,0.34839,-2.00000,5.2214,3.2595,-30.1221,-0.00842,-0.15137,-1.06494,-3.1221,4.1679,-18.1679
682715068,-0.96826,0.16956,-2.00000,8.6031,-10.0000,-25.9771,-0.00537,-0.16370,-1.06348,-5.6031,4.0458,-17.6794
682716068,-1.12415,-0.26428,-1.55981,6.6489,-22.1374,-23.7557,-0.00256,-0.17761,-1.06238,-7.8626,3.9924,-17.0534
682717068,-0.94177,-0.37695,-0.87354,0.6718,-18.4656,-25.9542,0.00024,-0.19141,-1.06177,-9.8473,4.0229,-16.3206
682718068,-0.78210,0.13855,-0.38684,-5.2672,-7.6412,-27.1603,0.00317,-0.20618,-1.06152,-11.5420,4.1221,-15.4885
682719068,-0.66296,0.68152,-0.50562,-13.8321,1.7863,-20.7328,0.00537,-0.22217,-1.06238,-12.9160,4.2595,-14.5649
682720067,-0.49072,0.62061,-0.66174,-22.7863,11.9160,-9.7176,0.00684,-0.23816,-1.06335,-13.8855,4.4275,-13.5725
682721067,-0.33789,-0.19006,-0.52539,-14.2061,18.6260,-6.8397,0.00891,-0.25403,-1.06384,-14.4275,4.6641,-12.5038
682722067,-0.32446,-0.86438,-0.33093,10.8321,16.6260,-17.1832,0.01172,-0.27014,-1.06396,-14.5420,4.9618,-11.3969
682723068,-0.37317,-0.70154,-0.35950,26.5496,4.5725,-29.7557,0.01526,-0.28613,-1.06409,-14.2214,5.3359,-10.2824
682724068,-0.42126,0.03503,-0.60547,19.0992,-10.2672,-34.1374,0.01855,-0.30066,-1.06396,-13.4733,5.7710,-9.1832
682725067,-0.37915,0.54346,-0.44055,1.7099,-18.1527,-28.0458,0.02258,-0.31409,-1.06384,-12.2748,6.2595,-8.1145
682726067,-0.24353,0.25171,0.00818,-5.8550,-24.4198,-18.4656,0.02783,-0.32751,-1.06445,-10.6107,6.7786,-7.0916
682727067,-0.30249,-0.45459,0.07312,-2.7710,-33.0305,-13.1832,0.03247,-0.34021,-1.06580,-8.5344,7.3588,-6.1374
682728067,-0.51648,-0.90515,-0.36609,-4.0687,-37.5191,-12.4962,0.03662,-0.35193,-1.06641,-6.0382,8.0534,-5.2748
682729067,-0.59290,-0.78345,-0.71252,-15.5802,-30.9008,-13.5191,0.04028,-0.36328,-1.06543,-3.1756,8.8779,-4.4885
682730067,-0.57043,-0.46082,-0.77588,-28.7328,-22.6183,-13.9618,0.05200,-0.38635,-1.06299,3.7099,10.7939,-3.1756
682731068,-0.62512,-0.38586,-0.98169,-31.1298,-25.1145,-15.4504,0.05859,-0.39722,-1.06274,7.7328,11.8702,-2.6794
682732068,-0.76099,-0.46814,-1.31360,-16.0458,-35.5954,-22.4122,0.06506,-0.40906,-1.06287,12.1450,13.0840,-2.3053
682733067,-0.86707,-0.55457,-1.51196,3.8397,-41.5878,-33.0458,0.07251,-0.42114,-1.06421,16.9237,14.4351,-2.0229
682734067,-0.88928,-0.52002,-1.43335,4.5420,-35.7176,-38.9847,0.08032,-0.43298,-1.06824,22.0840,15.9084,-1.8550
682735068,-0.79016,0.02136,-1.18506,-31.0992,-11.4122,-30.4504,0.08777,-0.44519,-1.07129,27.6183,17.4733,-1.7481
682736068,-0.77124,0.12756,-1.26843,-35.0534,-2.4504,-24.9084,0.09460,-0.45728,-1.07190,33.5191,19.1450,-1.7099
682737068,-0.74854,-0.07312,-1.43042,-34.8168,3.9008,-20.9847,0.10254,-0.46997,-1.07300,39.7710,20.9313,-1.7481
682738067,-0.74341,-0.27991,-1.48560,-37.4122,5.9389,-19.3435,0.10925,-0.48401,-1.07654,46.3664,22.8626,-1.8702
682739068,-0.66089,-0.23181,-1.29419,-43.5573,3.8244,-19.5878,0.11438,-0.49841,-1.08191,53.3435,24.9542,-2.0687
682740068,-0.47937,0.00610,-0.94385,-48.2519,0.1756,-20.9618,0.11951,-0.51208,-1.08765,60.8092,27.2061,-2.3435
682741068,-0.40186,0.20142,-0.76477,-44.7481,-4.1221,-23.4122,0.12354,-0.52600,-1.09399,68.6794,29.5802,-2.6794
682742067,-0.43433,0.22510,-0.76562,-34.1298,-5.9542,-26.4809,0.12781,-0.53967,-1.10034,76.9389,32.0458,-3.0305
682743068,-0.43665,0.15466,-0.72424,-26.2977,-3.6489,-28.6794,0.13293,-0.55249,-1.10596,85.5725,34.6031,-3.4198
682744067,-0.43469,0.11426,-0.67761,-28.4198,1.1527,-28.4656,0.13794,-0.56458,-1.11047,94.5115,37.2519,-3.8244
682745068,-0.41931,0.17163,-0.67334,-36.1527,6.5802,-26.5878,0.14221,-0.57715,-1.11365,103.7023,40.0305,-4.2290
682746068,-0.34326,0.30457,-0.67249,-41.1069,8.5496,-24.4046,0.14563,-0.58960,-1.11804,113.1221,42.9160,-4.5878
682747068,-0.26501,0.42969,-0.66492,-41.8397,4.2443,-21.9618,0.14954,-0.60071,-1.12378,122.7405,45.9008,-4.9084
682748068,-0.21240,0.48328,-0.60645,-41.8702,-3.1832,-18.9389,0.15393,-0.61133,-1.13000,132.5420,49.0076,-5.1985
682749068,-0.17078,0.42664,-0.49072,-43.2595,-9.7099,-15.6947,0.15894,-0.62256,-1.13721,142.5267,52.2290,-5.4504
682750067,-0.16223,0.33557,-0.42017,-45.3664,-14.6489,-13.2290,0.16406,-0.63379,-1.14490,152.7176,55.5649,-5.6641
682751067,-0.19238,0.34058,-0.46423,-45.4275,-18.1069,-12.2977,0.16931,-0.64526,-1.15198,163.0916,59.0153,-5.8321
682752067,-0.24585,0.40369,-0.60095,-40.9771,-20.0153,-12.7863,0.17493,-0.65723,-1.15759,173.6336,62.5802,-5.9313
682753067,-0.30640,0.37744,-0.73914,-33.9237,-20.6336,-13.7481,0.17957,-0.66907,-1.16394,184.3435,66.2443,-5.9771
682754067,-0.35632,0.25256,-0.84729,-28.3817,-21.3740,-14.4427,0.18359,-0.68127,-1.17126,195.2748,70.0611,-5.9847
682755068,-0.40295,0.16406,-0.98682,-26.2061,-22.9771,-14.9008,0.18811,-0.69531,-1.17725,206.4809,74.0458,-5.9771
682756068,-0.44592,0.19006,-1.15259,-26.9542,-24.0382,-15.2977,0.19287,-0.71069,-1.18286,217.9466,78.2672,-5.9160
682757068,-0.44690,0.24243,-1.22778,-28.3053,-22.6412,-15.0611,0.19751,-0.72729,-1.18860,229.6870,82.6336,-5.8092
682758068,-0.41077,-0.03076,-1.33057,-27.0153,-20.2061,-12.8702,0.20203,-0.74524,-1.19531,241.7939,87.0076,-5.6718
682759068,-0.43896,0.10913,-1.27185,-20.6489,-16.8473,-15.1756,0.20691,-0.76477,-1.20325,250.1298,91.4122,-5.5191
682760067,-0.25061,1.40942,-0.49915,19.0840,-6.9084,-30.5420,0.21155,-0.78516,-1.21106,250.1298,95.9847,-5.3588
682761068,0.23193,1.99994,1.13770,127.3817,4.5191,-61.3817,0.21509,-0.80469,-1.21985,250.1298,100.7710,-5.1985
682762068,0.98792,1.62866,1.99994,250.1298,12.8855,-98.9237,0.21790,-0.82373,-1.23022,250.1298,105.7710,-5.0076
682763068,1.78760,0.15479,1.99994,250.1298,10.4504,-121.4809,0.22180,-0.84253,-1.24194,250.1298,110.8855,-4.7939
682764067,1.32068,-0.52283,1.99994,250.1298,-36.2748,-135.8168,0.22534,-0.86035,-1.25330,250.1298,116.0763,-4.5267
682765067,0.88831,-1.05823,1.26172,250.1298,-94.3359,-153.0076,0.22729,-0.87622,-1.26306,250.1298,121.3740,-4.2443
682766067,1.02551,-1.62769,0.43530,250.1298,-146.4275,-165.5496,0.22876,-0.88977,-1.27295,250.1298,126.8015,-3.9313
682767067,0.35034,-1.13135,0.50586,250.1298,-208.8015,-155.5115,0.22937,-0.90112,-1.28320,250.1298,132.3664,-3.6031
682768068,-0.52295,0.33826,-0.33667,235.6718,-244.0611,-125.9313,0.22925,-0.91064,-1.29346,250.1298,138.0305,-3.2290
682769067,-0.77869,1.99994,-0.80481,190.0687,-233.1985,-85.6107,0.22949,-0.91772,-1.30383,250.1298,143.7786,-2.8321
682770067,-0.56409,1.99994,0.51819,176.3511,-201.6947,-46.8855,0.22961,-0.92151,-1.31274,250.1298,149.5725,-2.4275
682771067,-0.30103,1.99994,1.99994,194.9084,-146.9084,-24.3893,0.22986,-0.92383,-1.31934,250.1298,155.4198,-2.0229
682772065,-0.02063,0.88635,1.99994,199.6565,-80.8855,-14.5115,0.23047,-0.92505,-1.32520,250.1298,161.3282,-1.6260
682773068,-0.13489,0.30554,1.15698,190.4962,-51.2748,-20.2748,0.23120,-0.92371,-1.32971,250.1298,167.2977,-1.1908
682774068,0.26941,0.30408,0.70276,250.1298,-72.6718,-60.3206,0.23267,-0.92065,-1.33191,250.1298,173.3588,-0.7176
682775067,0.53406,0.42932,-0.33130,250.1298,-165.6794,-113.3740,0.23401,-0.91736,-1.33374,250.1298,179.4733,-0.1985
682776067,-0.72693,0.30164,-2.00000,250.1298,-250.1374,-144.8321,0.23425,-0.91370,-1.33484,250.1298,185.6718,0.3588
682777067,-1.93567,-0.03979,-2.00000,250.1298,-250.1374,-172.3969,0.23450,-0.90906,-1.33472,250.1298,191.9389,0.9847
682778068,-1.74927,-0.31262,-2.00000,250.1298,-250.1374,-189.1145,0.23560,-0.90417,-1.33252,250.1298,198.2290,1.6489
682779067,-1.44458,-0.60974,-1.85315,250.1298,-250.1374,-154.9924,0.23584,-0.89990,-1.32898,250.1298,204.5267,2.3511
682780068,-2.00000,-1.33618,-2.00000,250.1298,-223.4427,-84.9847,0.23499,-0.89673,-1.32617,250.1298,210.8397,3.0763
682781068,-2.00000,-0.93579,-2.00000,208.9160,-118.7176,-41.1145,0.23486,-0.89600,-1.32361,250.1298,217.1527,3.8626
682782068,-2.00000,1.27649,1.41663,236.0916,33.8015,-29.8473,0.23596,-0.89624,-1.32007,250.1298,223.4046,4.7176
682783068,0.34595,1.99994,1.99994,250.1298,154.0229,-30.8779,0.23792,-0.89795,-1.31531,250.1298,229.6107,5.6718
682784067,1.65942,1.99994,1.99994,250.1298,179.7099,-37.2595,0.24036,-0.90173,-1.31018,250.1298,235.7634,6.7328
682785067,1.95007,-0.49731,1.99994,250.1298,80.4275,-61.8473,0.24365,-0.90625,-1.30396,250.1298,241.8779,7.8015
682786067,1.99994,-2.00000,1.99994,250.1298,-114.2137,-118.8473,0.24695,-0.91138,-1.29822,250.1298,247.9313,8.8702
682787067,1.99994,-2.00000,1.99994,250.1298,-250.1374,-183.8397,0.24988,-0.91675,-1.29407,250.1298,250.1298,9.9771
682788067,1.81128,-1.57910,1.99994,250.1298,-250.1374,-228.4962,0.25342,-0.92126,-1.28955,250.1298,250.1298,11.1603
682789067,0.23596,1.19092,0.77319,250.1298,-250.1374,-247.2214,0.25781,-0.92493,-1.28577,250.1298,250.1298,12.3435
682790067,-0.73267,0.91467,-0.26245,250.1298,-250.1374,-231.4504,0.26184,-0.92737,-1.28186,250.1298,250.1298,13.5420
682791067,-2.00000,-0.85571,-1.81921,250.1298,-250.1374,-170.4962,0.26550,-0.92932,-1.27686,250.1298,250.1298,14.7557
682792068,-2.00000,-2.00000,-2.00000,250.1298,-250.1374,-81.8015,0.26880,-0.93091,-1.27258,250.1298,250.1298,15.9847
682793068,-2.00000,-1.82410,-2.00000,213.5725,-250.1374,-15.0229,0.27209,-0.93274,-1.26880,250.1298,250.1298,17.2366
682794069,-2.00000,-0.11316,-2.00000,167.6107,-106.8473,15.9466,0.27612,-0.93518,-1.26550,250.1298,250.1298,18.4809
682795067,-2.00000,1.99994,-1.89990,237.8931,39.7634,20.4198,0.27942,-0.93750,-1.26233,250.1298,250.1298,19.6641
682796067,-1.84949,1.99994,0.59644,250.1298,96.6107,0.5267,0.28210,-0.93933,-1.25854,250.1298,250.1298,20.8168
682797067,0.47192,1.97070,1.99994,250.1298,107.9542,-54.8855,0.28674,-0.94141,-1.25391,250.1298,250.1298,21.9618
682798067,1.99994,-1.88550,1.99994,250.1298,28.2443,-132.6718,0.29199,-0.94287,-1.24915,250.1298,250.1298,23.0534
682799067,1.99994,-2.00000,1.99994,250.1298,-177.5954,-216.1450,0.29688,-0.94263,-1.24536,250.1298,250.1298,24.0687
682800067,1.99994,-2.00000,1.99994,250.1298,-250.1374,-250.1374,0.30090,-0.94263,-1.24243,250.1298,250.1298,25.0076
682801067,1.99994,-0.78174,1.99994,250.1298,-250.1374,-250.1374,0.30469,-0.94434,-1.24072,250.1298,250.1298,25.8931
682802067,1.99994,1.99994,1.99994,250.1298,-250.1374,-250.1374,0.30872,-0.94678,-1.23975,250.1298,250.1298,26.7328
682803064,1.99994,1.99994,1.99994,250.1298,-250.1374,-250.1374,0.31287,-0.94873,-1.23962,250.1298,250.1298,27.5344
682804069,1.56812,1.99994,1.99994,250.1298,-250.1374,-250.1374,0.31812,-0.95093,-1.23975,250.1298,250.1298,28.2214
682805068,-0.84436,-0.26331,1.99994,250.1298,-250.1374,-234.7023,0.32336,-0.95312,-1.23914,250.1298,250.1298,28.8015
682806068,-2.00000,-2.00000,-1.41418,250.1298,-250.1374,-171.9924,0.32751,-0.95630,-1.23901,250.1298,250.1298,29.2977
682807067,-2.00000,-2.00000,-2.00000,250.1298,-250.1374,-142.9542,0.33191,-0.96057,-1.24023,250.1298,250.1298,29.7176
682808067,-2.00000,-1.14197,-2.00000,250.1298,-250.1374,-135.8931,0.33582,-0.96448,-1.24268,250.1298,250.1298,30.0458
682809068,-2.00000,0.76221,-2.00000,250.1298,-250.1374,-148.3969,0.33923,-0.96875,-1.24524,250.1298,250.1298,30.2748
682810067,-2.00000,0.54346,-2.00000,250.1298,-250.1374,-180.8015,0.34314,-0.97290,-1.24805,250.1298,250.1298,30.4046
682811068,-2.00000,-0.79297,-2.00000,250.1298,-250.1374,-180.1908,0.34705,-0.97644,-1.25208,250.1298,250.1298,30.4656
682812068,-2.00000,-2.00000,-2.00000,250.1298,-250.1374,-127.5573,0.35132,-0.98169,-1.25720,250.1298,250.1298,30.4656
682813068,-2.00000,-2.00000,-2.00000,250.1298,-250.1374,-99.6260,0.35583,-0.98804,-1.26318,250.1298,250.1298,30.3588
682814064,-2.00000,-1.09473,-2.00000,250.1298,-153.9695,-142.7328,0.35938,-0.99487,-1.26953,250.1298,250.1298,30.1527
682815069,-1.12622,1.99994,-0.74255,250.1298,51.9695,-200.6107,0.36182,-1.00220,-1.27478,250.1298,250.1298,29.8473
682816068,-0.13525,1.99994,1.99994,250.1298,128.0153,-249.1832,0.36377,-1.01038,-1.28040,250.1298,250.1298,29.4122
682817068,1.68823,1.99994,1.99994,250.1298,166.0763,-250.1374,0.36511,-1.01978,-1.28687,250.1298,250.1298,28.9008
682818067,1.99994,-0.79761,1.99994,250.1298,121.2977,-250.1374,0.36475,-1.02893,-1.29285,250.1298,250.1298,28.2748
682819065,1.99994,-2.00000,1.99994,250.1298,-74.4733,-250.1374,0.36365,-1.03821,-1.29968,250.1298,250.1298,27.5573
682820068,1.99994,-2.00000,1.99994,250.1298,-250.1374,-250.1374,0.36182,-1.04846,-1.30701,250.1298,250.1298,26.7328
682821068,1.99994,-1.40491,1.99994,250.1298,-250.1374,-250.1374,0.36011,-1.05859,-1.31421,250.1298,250.1298,25.8015
682822067,1.55127,-0.53687,1.99994,250.1298,-250.1374,-250.1374,0.35791,-1.06946,-1.32068,250.1298,250.1298,24.7557
682823067,1.41028,-1.13965,1.99994,250.1298,-250.1374,-250.1374,0.35486,-1.08130,-1.32617,250.1298,250.1298,23.5802
682824067,-0.04297,-1.98779,1.99994,250.1298,-250.1374,-164.2748,0.35217,-1.09387,-1.33118,250.1298,250.1298,22.2519
682825067,-2.00000,-2.00000,-1.31995,250.1298,-250.1374,-67.4809,0.34937,-1.10632,-1.33496,250.1298,250.1298,20.8168
682826068,-2.00000,-1.74817,-2.00000,250.1298,-250.1374,-17.2137,0.34680,-1.11877,-1.33911,250.1298,250.1298,19.2061
682827068,-2.00000,-0.43225,-2.00000,250.1298,-250.1374,-8.5038,0.34424,-1.13062,-1.34375,250.1298,250.1298,17.4351
682828068,-2.00000,0.17261,-2.00000,250.1298,-250.1374,-8.9313,0.34204,-1.14148,-1.34705,250.1298,250.1298,15.5344
682829068,-2.00000,-0.52283,-2.00000,250.1298,-247.2748,-20.8779,0.33899,-1.16113,-1.35181,250.1298,250.1298,11.2824
682830068,-2.00000,-1.88416,-2.00000,250.1298,-217.4580,-66.4046,0.33801,-1.16772,-1.35364,250.1298,250.1298,8.8550
682831068,-2.00000,-2.00000,-1.54114,250.1298,-190.9542,-139.0153,0.33813,-1.17188,-1.35535,250.1298,250.1298,6.2443
682832068,-1.85498,-2.00000,-0.23132,250.1298,-158.1832,-204.8397,0.33826,-1.17432,-1.35730,250.1298,250.1298,3.5038
682833068,-1.42932,-2.00000,-0.77991,250.1298,-141.0382,-250.1374,0.33813,-1.17505,-1.35938,250.1298,250.1298,0.6183
682834068,-1.37048,-2.00000,0.73438,250.1298,-125.7328,-250.1374,0.33801,-1.17261,-1.36121,250.1298,250.1298,-2.4504
682835068,0.85889,-1.97778,1.99994,250.1298,-40.7099,-250.1374,0.33691,-1.16650,-1.36255,250.1298,250.1298,-5.6870
682836068,1.99994,0.45288,1.99994,250.1298,105.2290,-250.1374,0.33447,-1.15784,-1.36377,250.1298,250.1298,-9.0305
682837067,1.99994,1.99994,1.99994,250.1298,160.0229,-227.6336,0.33081,-1.14722,-1.36487,250.1298,250.1298,-12.4733
682838064,1.99994,1.99994,1.99994,250.1298,29.2977,-225.7176,0.32751,-1.13440,-1.36487,250.1298,250.1298,-16.0000
682839068,1.99994,1.99994,1.99994,250.1298,-242.2824,-250.1374,0.32410,-1.11975,-1.36536,250.1298,250.1298,-19.5649
682840068,1.99994,1.99994,1.99994,250.1298,-250.1374,-250.1374,0.31824,-1.10376,-1.36694,250.1298,250.1298,-23.1450
682841068,1.99994,-0.92517,1.99994,250.1298,-250.1374,-250.1374,0.31091,-1.08752,-1.36914,250.1298,250.1298,-26.7405
682842067,1.99994,-2.00000,1.99994,250.1298,-250.1374,-250.1374,0.30286,-1.07129,-1.37195,250.1298,250.1298,-30.3282
682843067,-1.62085,-2.00000,1.99994,250.1298,-250.1374,-250.1374,0.29321,-1.05420,-1.37390,250.1298,250.1298,-33.8779
682844068,-2.00000,-2.00000,-2.00000,250.1298,-250.1374,-250.1374,0.28162,-1.03650,-1.37463,250.1298,250.1298,-37.3588
682845068,-2.00000,-2.00000,-2.00000,250.1298,-250.1374,-250.1374,0.26892,-1.01831,-1.37451,250.1298,250.1298,-40.7481
682846068,-2.00000,-2.00000,-2.00000,250.1298,-250.1374,-250.1374,0.25549,-0.99780,-1.37244,250.1298,250.1298,-44.0534
682847068,-2.00000,-2.00000,-2.00000,250.1298,-250.1374,-250.1374,0.24060,-0.97510,-1.36914,250.1298,250.1298,-47.2366
682848067,-2.00000,-2.00000,-2.00000,250.1298,-250.1374,-233.3740,0.22485,-0.95178,-1.36548,250.1298,250.1298,-50.2748
682849068,-2.00000,-0.03723,-2.00000,250.1298,-250.1374,-163.3130,0.20715,-0.92700,-1.35925,250.1298,250.1298,-53.2137
682850068,-2.00000,1.99994,-2.00000,250.1298,-93.2519,-75.1374,0.18689,-0.89746,-1.34924,250.1298,250.1298,-56.0687
682851067,-2.00000,1.83557,-0.85645,250.1298,99.1298,-95.8321,0.16504,-0.86536,-1.33569,250.1298,250.1298,-58.7405
682852068,0.74585,-2.00000,1.99994,250.1298,250.1298,-212.9771,0.14270,-0.83240,-1.31982,250.1298,250.1298,-61.2443
682853067,1.99994,-2.00000,1.99994,250.1298,175.4809,-250.1374,0.11987,-0.79932,-1.30212,250.1298,250.1298,-63.5496
682854067,1.99994,-2.00000,1.99994,250.1298,-245.9084,-250.1374,0.09631,-0.76770,-1.28210,250.1298,250.1298,-65.6794
682855065,1.91577,-2.00000,1.99994,250.1298,-250.1374,-250.1374,0.07202,-0.73718,-1.26050,250.1298,250.1298,-67.6565
682856065,1.16187,-2.00000,1.99994,250.1298,-250.1374,-250.1374,0.04688,-0.70801,-1.23682,250.1298,250.1298,-69.4962
682857069,1.26672,-2.00000,1.99994,250.1298,-250.1374,-250.1374,0.02246,-0.68054,-1.21167,250.1298,250.1298,-71.1832
682858068,-0.48511,-2.00000,0.66052,250.1298,-250.1374,-250.1374,-0.00049,-0.65540,-1.18506,250.1298,250.1298,-72.7099
682859068,-2.00000,1.45679,-2.00000,250.1298,-250.1374,-250.1374,-0.02209,-0.63196,-1.15820,250.1298,250.1298,-74.0916
682860068,-2.00000,0.87549,-2.00000,250.1298,-250.1374,-250.1374,-0.04236,-0.60950,-1.13196,250.1298,250.1298,-75.3130
682861067,-2.00000,-2.00000,-2.00000,250.1298,-250.1374,-150.1145,-0.06189,-0.58948,-1.10522,250.1298,250.1298,-76.4046
682862068,-2.00000,-1.18628,-2.00000,250.1298,-250.1374,-109.9695,-0.08057,-0.57202,-1.07715,250.1298,250.1298,-77.3817
682863068,-2.00000,1.99994,-1.35596,250.1298,-14.7939,-105.2901,-0.09802,-0.55603,-1.04785,250.1298,250.1298,-78.2595
682864067,1.99994,1.99994,1.99994,250.1298,250.1298,-119.2977,-0.11450,-0.54224,-1.01819,250.1298,250.1298,-79.0076
682865065,1.99994,1.99994,1.99994,250.1298,250.1298,-152.3053,-0.13062,-0.53186,-0.98901,250.1298,250.1298,-79.6183
682866069,1.99994,1.63452,1.99994,250.1298,59.1450,-189.4122,-0.14539,-0.52380,-0.95886,250.1298,250.1298,-80.1069
682867068,1.99994,-2.00000,1.99994,250.1298,-250.1374,-250.1374,-0.15857,-0.51648,-0.92651,250.1298,250.1298,-80.5191
682868067,1.99994,-2.00000,1.99994,250.1298,-250.1374,-250.1374,-0.16919,-0.51062,-0.89490,250.1298,250.1298,-80.8931
682869067,-0.92676,-2.00000,1.21240,250.1298,-250.1374,-250.1374,-0.17883,-0.50671,-0.86560,250.1298,250.1298,-81.2443
682870067,-1.77942,0.57959,0.90930,250.1298,-250.1374,-250.1374,-0.18787,-0.50525,-0.83789,250.1298,250.1298,-81.6183
682871068,1.58105,1.99994,1.99994,250.1298,-250.1374,-250.1374,-0.19519,-0.50549,-0.81201,250.1298,250.1298,-82.0458
682872068,1.35632,1.99994,1.99994,250.1298,-250.1374,-250.1374,-0.20190,-0.50635,-0.78809,250.1298,250.1298,-82.5496
682873067,-2.00000,-1.82068,-0.50720,250.1298,-250.1374,-250.1374,-0.20801,-0.50879,-0.76526,250.1298,250.1298,-83.1603
682874068,-2.00000,-2.00000,-2.00000,250.1298,-250.1374,-250.1374,-0.21362,-0.51294,-0.74316,250.1298,250.1298,-83.9771
682875067,-2.00000,-2.00000,-2.00000,250.1298,-250.1374,-250.1374,-0.22058,-0.51624,-0.72205,250.1298,250.1298,-85.0382
682876068,-2.00000,-2.00000,-2.00000,250.1298,-250.1374,-250.1374,-0.22876,-0.51685,-0.70190,250.1298,250.1298,-86.3511
682877068,-2.00000,-2.00000,-2.00000,250.1298,-250.1374,-250.1374,-0.23608,-0.51819,-0.68201,250.1298,250.1298,-87.8626
682878067,-2.00000,1.99994,-2.00000,250.1298,-250.1374,-250.1374,-0.24268,-0.51978,-0.66138,250.1298,250.1298,-89.6870
682879067,-2.00000,1.99994,-2.00000,250.1298,-250.1374,-250.1374,-0.24878,-0.51855,-0.63977,250.1298,250.1298,-91.9313
682880068,-2.00000,0.80310,-2.00000,250.1298,-250.1374,-250.1374,-0.25354,-0.51465,-0.61658,250.1298,250.1298,-94.5649
682881068,-2.00000,-0.71338,-2.00000,250.1298,-250.1374,-250.1374,-0.25793,-0.50586,-0.59143,250.1298,250.1298,-97.4733
682882068,-2.00000,0.68604,-2.00000,250.1298,-68.7710,-250.1374,-0.26221,-0.49243,-0.56482,250.1298,250.1298,-100.7252
682883068,-1.99023,1.99994,-2.00000,250.1298,148.8473,-250.1374,-0.26575,-0.47766,-0.53748,250.1298,250.1298,-104.3435
682884068,0.21619,1.99994,1.53723,250.1298,192.7481,-250.1374,-0.26892,-0.46118,-0.50977,250.1298,250.1298,-108.2748
682885068,1.99994,1.99994,1.99994,250.1298,133.7634,-250.1374,-0.27246,-0.44116,-0.48157,250.1298,250.1298,-112.4656
682886067,1.99994,1.99994,1.99994,250.1298,28.7405,-250.1374,-0.27563,-0.41772,-0.45239,250.1298,250.1298,-116.9008
682887064,1.99994,1.99994,1.99994,250.1298,-174.4885,-250.1374,-0.27722,-0.39136,-0.42188,250.1298,250.1298,-121.5573
682888069,1.99994,-1.58936,1.99994,250.1298,-250.1374,-250.1374,-0.27649,-0.36243,-0.39014,250.1298,250.1298,-126.3740
682889068,1.99994,-2.00000,1.99994,250.1298,-250.1374,-250.1374,-0.27356,-0.33032,-0.35754,250.1298,250.1298,-131.3130
682890068,1.99994,-2.00000,1.99994,250.1298,-250.1374,-250.1374,-0.26978,-0.29456,-0.32483,250.1298,250.1298,-136.3282
682891067,1.99994,-0.23145,1.99994,250.1298,-250.1374,-250.1374,-0.26453,-0.25549,-0.29041,250.1298,250.1298,-141.3588
682892067,1.99994,1.99994,1.99994,250.1298,-250.1374,-250.1374,-0.25891,-0.21289,-0.25427,250.1298,250.1298,-146.3664
682893067,1.99994,1.99994,1.99994,250.1298,-250.1374,-250.1374,-0.25305,-0.16736,-0.21899,250.1298,250.1298,-151.3206
682894065,-0.63062,-1.33398,1.99994,250.1298,-250.1374,-250.1374,-0.24585,-0.11853,-0.18420,250.1298,250.1298,-156.2366
682895069,-1.38623,-2.00000,1.99994,250.1298,-250.1374,-250.1374,-0.23840,-0.06604,-0.14832,250.1298,250.1298,-161.0840
682896068,-2.00000,-2.00000,1.99994,250.1298,-250.1374,-250.1374,-0.23108,-0.01135,-0.11047,250.1298,250.1298,-165.8168
682897067,-2.00000,-2.00000,-0.97986,250.1298,-250.1374,-250.1374,-0.22510,0.04370,-0.07166,250.1298,250.1298,-170.4198
682898068,-2.00000,-2.00000,-2.00000,250.1298,-250.1374,-250.1374,-0.22083,0.09912,-0.03320,250.1298,250.1298,-174.8855
682899068,-2.00000,-2.00000,-2.00000,250.1298,-250.1374,-250.1374,-0.21716,0.15625,0.00366,250.1298,250.1298,-179.1832
682900068,-2.00000,-2.00000,-2.00000,250.1298,-250.1374,-250.1374,-0.21387,0.21509,0.03796,250.1298,250.1298,-183.3130
682901068,-2.00000,-2.00000,-2.00000,250.1298,-250.1374,-250.1374,-0.21179,0.27393,0.07104,250.1298,250.1298,-187.2519
682902068,-2.00000,-2.00000,-2.00000,250.1298,-250.1374,-250.1374,-0.21228,0.33252,0.10315,250.1298,250.1298,-191.0076
682903068,-2.00000,0.31763,-2.00000,250.1298,-250.1374,-250.1374,-0.21423,0.39172,0.13550,250.1298,250.1298,-194.5802
682904067,-2.00000,1.99994,-2.00000,250.1298,-12.9618,-250.1374,-0.21704,0.45251,0.16821,250.1298,250.1298,-197.9618
682905068,-2.00000,1.99994,1.08191,250.1298,133.1145,-250.1374,-0.22119,0.51538,0.19971,250.1298,246.7176,-201.1145
682906068,-0.86682,1.99994,1.99994,250.1298,217.6336,-250.1374,-0.22461,0.57861,0.23364,250.1298,238.9924,-203.8855
682907067,1.99994,1.99994,1.99994,250.1298,224.6794,-250.1374,-0.22778,0.64404,0.26746,250.1298,231.3053,-206.4122
682908065,1.99994,1.99994,1.99994,250.1298,23.1298,-250.1374,-0.23218,0.71387,0.29944,250.1298,223.6336,-208.8015
682909069,1.99994,1.99994,1.99994,250.1298,-250.1374,-250.1374,-0.23645,0.78784,0.33289,250.1298,216.0000,-210.9771
682910068,1.99994,-0.25769,1.99994,250.1298,-250.1374,-250.1374,-0.23950,0.86450,0.36755,250.1298,208.4580,-212.8321
682911067,1.99994,-2.00000,1.99994,250.1298,-250.1374,-250.1374,-0.24158,0.94348,0.40271,250.1298,201.0153,-214.3893
682912067,1.99994,-2.00000,1.99994,250.1298,-250.1374,-250.1374,-0.24414,1.02429,0.43799,250.1298,193.7252,-215.6489
682913067,0.95239,-2.00000,1.99994,250.1298,-250.1374,-250.1374,-0.24707,1.10571,0.47278,250.1298,186.5420,-216.6031
682914067,-0.67090,-1.88257,1.99994,250.1298,-250.1374,-250.1374,-0.24988,1.18884,0.50525,250.1298,179.4427,-217.2748
682915067,-2.00000,0.01453,-0.42200,250.1298,-250.1374,-250.1374,-0.25208,1.27283,0.53564,250.1298,172.4809,-217.6107
682916067,-2.00000,1.37146,-2.00000,250.1298,-250.1374,-206.5725,-0.25208,1.35486,0.56360,250.1298,165.7481,-217.5954
682917068,-2.00000,1.31909,-1.98010,250.1298,-250.1374,-199.1985,-0.24377,1.43079,0.58411,250.1298,159.2901,-217.1756
682918067,-2.00000,1.29565,0.92102,250.1298,-250.1374,-250.1374,-0.21838,1.49048,0.60486,250.1298,153.5267,-216.2672
682919068,-1.91248,1.32776,1.99994,250.1298,-250.1374,-250.1374,-0.19324,1.53870,0.66296,250.1298,148.7634,-214.8168
682920068,0.33484,1.12866,1.99994,250.1298,-250.1374,-250.1374,-0.17920,1.59094,0.71997,250.1298,143.6260,-212.7863
682921067,1.80786,-1.17041,1.99994,250.1298,-250.1374,-250.1374,-0.17444,1.65149,0.74146,250.1298,138.0534,-210.1603
682922067,1.57739,-2.00000,1.99994,250.1298,-250.1374,-250.1374,-0.18494,1.72327,0.75720,250.1298,132.6794,-207.1298
682923067,-0.34619,-2.00000,1.99994,250.1298,-250.1374,-250.1374,-0.20300,1.80078,0.77319,250.1298,127.6107,-203.7557
682924068,-2.00000,-2.00000,1.34290,250.1298,-250.1374,-250.1374,-0.22522,1.87915,0.78943,250.1298,122.7328,-200.0687
682925067,-2.00000,-2.00000,-0.89050,250.1298,-250.1374,-250.1374,-0.25476,1.96094,0.80042,250.1298,117.7405,-196.0992
682926067,-1.98499,-1.62183,1.26697,250.1298,-250.1374,-250.1374,-0.28711,1.99994,0.80835,250.1298,112.4962,-191.7939
682927068,-1.37195,-1.90442,1.99994,250.1298,-250.1374,-250.1374,-0.34900,1.99994,0.82397,250.1298,101.9084,-182.2519
682928068,-2.00000,-2.00000,1.07849,250.1298,-250.1374,-250.1374,-0.37927,1.99994,0.83850,250.1298,96.3359,-177.0534
682929068,-2.00000,-2.00000,-1.49658,250.1298,-250.1374,-250.1374,-0.40979,1.99994,0.84912,250.1298,90.4885,-171.5267
682930068,-2.00000,-2.00000,-2.00000,250.1298,-250.1374,-250.1374,-0.43896,1.99994,0.85608,250.1298,84.4046,-165.7099
682931068,-2.00000,-2.00000,-1.05579,250.1298,-250.1374,-250.1374,-0.46509,1.99994,0.86194,250.1298,78.1374,-159.6107
682932068,-1.83618,-2.00000,-1.77673,250.1298,-250.1374,-250.1374,-0.48706,1.99994,0.86963,250.1298,71.6794,-153.2366
682933068,-1.33521,-1.17773,-1.79431,250.1298,-250.1374,-250.1374,-0.50159,1.99994,0.87830,250.1298,65.0229,-146.5191
682934068,-1.29333,-1.38965,0.67456,250.1298,-250.1374,-250.1374,-0.51135,1.99994,0.88525,250.1298,58.2901,-139.4809
682935068,-0.63684,-1.73218,1.99994,250.1298,-250.1374,-250.1374,-0.51697,1.99994,0.89185,211.0458,51.5115,-132.1908
682936067,-0.85034,-1.85999,0.59351,250.1298,-250.1374,-250.1374,-0.51672,1.99994,0.89905,170.1603,44.7252,-124.5954
682937067,-2.00000,-2.00000,-2.00000,250.1298,-250.1374,-250.1374,-0.51147,1.99994,0.90564,129.9618,38.0153,-116.6031
682938068,-2.00000,-1.97766,-2.00000,250.1298,-250.1374,-250.1374,-0.50220,1.99994,0.91345,90.6336,31.4198,-108.2443
682939068,-2.00000,-2.00000,-2.00000,250.1298,-250.1374,-250.1374,-0.48877,1.99994,0.92175,52.3511,24.9389,-99.5954
682940067,-2.00000,-1.79907,-2.00000,250.1298,-250.1374,-250.1374,-0.47278,1.99994,0.92847,15.3130,18.6489,-90.6718
682941067,-2.00000,-0.15833,-2.00000,250.1298,-250.1374,-250.1374,-0.45593,1.99994,0.93384,-20.2595,12.6336,-81.5115
682942068,-2.00000,1.25562,-2.00000,250.1298,-250.1374,-250.1374,-0.43884,1.99994,0.93811,-54.1832,6.8931,-72.1374
682943068,-2.00000,1.59814,-2.00000,168.8473,-250.1374,-250.1374,-0.42163,1.99994,0.94238,-86.2901,1.4733,-62.5954
682944068,-2.00000,1.99994,-2.00000,91.1527,-210.5573,-250.1374,-0.40369,1.98718,0.94690,-116.4427,-3.5725,-52.9313
682945067,-2.00000,1.99994,-2.00000,62.0763,-95.8779,-250.1374,-0.38525,1.90479,0.95032,-144.4962,-8.2672,-43.1527
682946067,-0.79968,1.99994,-2.00000,114.5802,-41.3053,-250.1374,-0.36597,1.81763,0.95239,-170.3282,-12.6107,-33.3435
682947067,0.63660,1.99994,-0.41516,213.5725,-68.2443,-250.1374,-0.34631,1.72705,0.95410,-193.8855,-16.5954,-23.5878
682948067,1.70081,1.99994,1.35364,250.1298,-143.0534,-250.1374,-0.32751,1.63721,0.95667,-215.2137,-20.2061,-13.9160
682949067,1.99994,1.99994,1.13379,250.1298,-234.6183,-250.1374,-0.31055,1.54944,0.96118,-234.3435,-23.4733,-4.3359
682950064,0.60217,1.18567,-1.90686,250.1298,-250.1374,-250.1374,-0.29565,1.46362,0.96631,-250.1374,-26.4122,5.1069
682951069,-1.99658,0.18811,-2.00000,250.1298,-250.1374,-250.1374,-0.28223,1.37988,0.97180,-250.1374,-29.0763,14.3511
682952068,-2.00000,0.37646,-2.00000,250.1298,-250.1374,-250.1374,-0.26965,1.29773,0.97778,-250.1374,-31.5038,23.3130
682953068,-2.00000,1.99994,-2.00000,192.6489,-250.1374,-250.1374,-0.25781,1.21765,0.98364,-250.1374,-33.6870,31.9542
682954068,-2.00000,1.99994,-2.00000,82.3511,-226.0458,-208.2366,-0.24573,1.13965,0.99231,-250.1374,-35.6412,40.2595
682955068,-2.00000,1.99994,-2.00000,55.8702,-71.6183,-158.5496,-0.23328,1.06482,1.00354,-250.1374,-37.3588,48.2137
682956068,-2.00000,1.99994,-2.00000,17.6641,40.9542,-72.6947,-0.22205,0.99341,1.01624,-250.1374,-38.8779,55.7634
682957068,-2.00000,1.99994,-2.00000,-88.1298,162.8473,35.9237,-0.21069,0.92346,1.03003,-250.1374,-40.2061,62.8931
682958068,-2.00000,1.99994,-2.00000,-138.6794,250.1298,103.7099,-0.19885,0.85461,1.04333,-250.1374,-41.3893,69.6107
682959067,-2.00000,1.99994,-2.00000,-50.3588,250.1298,102.4198,-0.18689,0.78735,1.05750,-250.1374,-42.4275,75.8779
682960068,-1.66553,1.99994,-2.00000,97.6031,250.1298,65.1450,-0.17493,0.72229,1.07080,-250.1374,-43.3130,81.7405
682961068,-0.10510,1.99994,-0.47473,213.8931,250.1298,30.0458,-0.16187,0.66077,1.08142,-250.1374,-44.0687,87.1603
682962067,1.30286,1.99994,1.20215,250.1298,250.1298,19.3359,-0.14734,0.60229,1.09045,-250.1374,-44.7099,92.1298
682963067,1.74927,1.39160,1.31372,250.1298,250.1298,17.2824,-0.13269,0.54517,1.09851,-250.1374,-45.2672,96.7328
682964067,0.78357,-1.23608,-0.03735,250.1298,192.9313,1.5420,-0.11792,0.48865,1.10608,-250.1374,-45.7252,100.9389
682965068,-0.61670,-2.00000,-1.50757,206.7710,150.9771,-9.7939,-0.10303,0.43384,1.11377,-250.1374,-46.1374,104.7099
682966067,-1.41943,-0.73511,-1.84521,51.3282,163.0229,32.0992,-0.08789,0.38232,1.12158,-250.1374,-46.5344,108.0076
682967068,-1.50098,1.06653,-2.00000,-189.0229,185.9389,133.6794,-0.07471,0.33276,1.12939,-250.1374,-46.8931,110.8855
682968067,-2.00000,1.99994,-2.00000,-250.1374,189.2595,223.7252,-0.06421,0.28552,1.13660,-250.1374,-47.2595,113.3282
682969068,-2.00000,1.99994,-2.00000,-250.1374,239.3282,248.2748,-0.05444,0.24133,1.14343,-250.1374,-47.6870,115.3664
682970068,-2.00000,1.99994,-2.00000,-250.1374,250.1298,250.1298,-0.04529,0.19922,1.15027,-250.1374,-48.2214,116.9847
682971068,-2.00000,1.99994,-2.00000,-250.1374,250.1298,250.1298,-0.03760,0.15930,1.15771,-250.1374,-48.8626,118.2061
682972068,-2.00000,1.99994,-2.00000,-250.1374,250.1298,250.1298,-0.03052,0.12061,1.16504,-248.6489,-49.6183,119.0153
682973067,-2.00000,1.99994,-2.00000,-250.1374,250.1298,250.1298,-0.02368,0.08301,1.16956,-238.8931,-50.4809,119.4504
682974067,-2.00000,1.99994,0.57275,-152.8855,250.1298,250.1298,-0.01770,0.04773,1.17065,-228.8473,-51.4656,119.5267
682975067,-2.00000,1.99994,0.04749,-15.5267,250.1298,250.1298,-0.01221,0.01465,1.17041,-218.5420,-52.5878,119.2519
682976067,-2.00000,1.99994,-0.39954,75.6260,250.1298,250.1298,-0.00610,-0.01794,1.17126,-208.0229,-53.8092,118.6489
682977065,-2.00000,1.99994,1.99994,140.1069,250.1298,250.1298,0.00000,-0.05017,1.17188,-197.2748,-55.1450,117.7252
682978069,-0.45874,1.57825,1.99994,156.2748,250.1298,250.1298,0.00610,-0.08203,1.17065,-186.3359,-56.5496,116.4809
682979068,1.21753,-2.00000,1.99994,87.8855,250.1298,250.1298,0.01257,-0.11157,1.16785,-175.2366,-58.0229,114.9237
682980068,0.78333,-2.00000,1.99994,-29.0687,250.1298,250.1298,0.01868,-0.13843,1.16394,-163.9618,-59.5725,113.0992
682981067,0.93359,-2.00000,1.99994,-122.0916,250.1298,250.1298,0.02539,-0.16394,1.15881,-152.5267,-61.1527,110.9924
682982067,1.92529,-2.00000,1.99994,-214.2366,250.1298,250.1298,0.03333,-0.18738,1.15271,-140.9695,-62.6947,108.6260
682983067,1.76257,-2.00000,1.99994,-250.1374,250.1298,250.1298,0.04260,-0.20813,1.14612,-129.2672,-64.1832,105.9924
682984067,1.38782,-2.00000,1.99994,-250.1374,250.1298,250.1298,0.05310,-0.22705,1.13831,-117.4427,-65.6183,103.1374
682985067,1.51196,-2.00000,1.99994,-250.1374,250.1298,250.1298,0.06238,-0.24414,1.12805,-105.5115,-66.9618,100.0916
682986068,1.28857,-2.00000,1.99994,-200.4885,250.1298,250.1298,0.07190,-0.25830,1.11609,-93.4809,-68.1832,96.8321
682987067,1.05029,-2.00000,1.99994,-106.5878,250.1298,233.0916,0.08264,-0.26868,1.10339,-81.4275,-69.2901,93.3664
682988067,0.44458,-2.00000,1.99994,-29.4962,250.1298,182.6336,0.09387,-0.27637,1.08960,-69.3893,-70.2748,89.7481
682989067,-0.37952,-2.00000,1.99994,24.4046,247.9237,152.3588,0.10559,-0.28101,1.07397,-57.4351,-71.1221,86.0153
682990068,-1.13232,-2.00000,1.99994,79.4656,249.4122,124.2214,0.11682,-0.28223,1.05750,-45.5954,-71.8015,82.1527
682991067,-1.17261,-2.00000,1.99994,72.1832,250.1298,110.8550,0.12671,-0.28064,1.04199,-33.9084,-72.3053,78.1832
682992068,0.06592,-2.00000,1.99994,-14.8779,250.1298,130.9237,0.13599,-0.27576,1.02625,-22.4275,-72.6565,74.1221
682993068,1.80200,-1.26257,1.99994,-123.9313,250.1298,175.2061,0.14392,-0.26746,1.00940,-11.1985,-72.8321,70.0076
682994067,1.99994,-0.66846,1.99994,-224.8779,250.1298,226.7634,0.15112,-0.25623,0.99146,-0.2901,-72.8244,65.8397
682995067,1.99994,-0.56409,1.99994,-250.1374,250.1298,250.1298,0.15735,-0.24207,0.97375,10.2366,-72.6565,61.6641
682996065,1.99994,-1.52502,1.99994,-250.1374,250.1298,250.1298,0.16235,-0.22607,0.95642,20.3206,-72.3130,57.4809
682997069,1.99994,-1.32019,1.99994,-250.1374,250.1298,250.1298,0.16675,-0.20825,0.93921,29.9695,-71.7710,53.2901
682998067,1.99994,0.22583,1.99994,-250.1374,160.7939,250.1298,0.17126,-0.18909,0.92334,39.1450,-71.0229,49.1298
682999067,1.99994,1.14111,1.99994,-250.1374,77.4885,247.4656,0.17493,-0.16846,0.90833,47.8321,-70.0763,44.9924
683000067,1.99994,0.20813,1.99994,-160.0229,22.4733,234.5420,0.17859,-0.14600,0.89307,55.9695,-68.9771,40.9389
683001067,1.99994,-2.00000,1.99994,-62.3817,-39.6718,219.7176,0.18152,-0.12292,0.87793,63.5802,-67.7786,36.9695
683002067,1.99994,-2.00000,1.99994,19.3206,-83.7023,173.6336,0.18298,-0.09900,0.86328,70.6489,-66.4885,33.0992
683003067,1.23621,-2.00000,1.99994,43.6336,-89.9313,115.7939,0.18445,-0.07458,0.84875,77.0763,-65.0840,29.3282
683004067,1.23682,-2.00000,1.99994,9.2137,-78.0916,85.5954,0.18628,-0.05017,0.83496,82.8015,-63.5344,25.7099
683005068,1.00110,-1.09924,1.91663,-31.6947,-78.6565,83.1756,0.18713,-0.02612,0.82251,87.9466,-61.8855,22.2137
683006067,0.18823,-1.19055,0.86157,-62.6031,-98.6336,100.2901,0.18713,-0.00439,0.81030,92.5496,-60.1527,18.8550
683007068,-0.18396,-2.00000,0.74829,-109.8244,-99.4351,124.3969,0.18652,0.01648,0.79602,96.6260,-58.3282,15.5802
683008067,-0.36108,-2.00000,0.86255,-187.4962,-59.8702,137.5344,0.18506,0.03833,0.78088,100.1985,-56.4198,12.4351
683009068,-0.46033,-2.00000,0.28210,-250.1374,6.8092,142.3588,0.18335,0.06006,0.76685,103.2824,-54.4656,9.4351
683010068,-0.02979,-1.67456,0.07690,-250.1374,74.7099,143.1756,0.18127,0.08142,0.75366,105.8779,-52.4427,6.5878
683011068,0.67175,0.02515,1.06287,-250.1374,115.5115,138.3359,0.18042,0.10266,0.74182,107.9771,-50.3511,3.8550
683012068,1.36670,-0.25549,1.99994,-248.2290,134.5267,127.6870,0.18018,0.12244,0.73071,109.6336,-48.1908,1.2443
683013068,1.99994,-1.54712,1.99994,-188.4580,154.8931,103.0000,0.17896,0.14124,0.71826,110.8855,-46.0000,-1.2672
683014068,1.99994,-2.00000,1.99994,-132.6641,158.8168,65.9466,0.17737,0.16028,0.70557,111.7634,-43.7863,-3.6412
683015067,1.99994,-1.77771,1.99994,-90.7863,108.8473,33.0229,0.17554,0.17981,0.69409,112.2748,-41.5649,-5.8550
683016067,1.99994,-2.00000,1.99994,-42.7710,8.4656,7.5344,0.17358,0.19897,0.68213,112.3969,-39.3282,-7.9160
683017067,1.99994,-2.00000,1.99994,-5.1298,-118.0000,-19.6794,0.17175,0.21826,0.66992,112.1298,-37.0916,-9.8473
683018067,1.99994,-2.00000,1.99994,-23.2901,-224.3740,-39.2748,0.17041,0.23840,0.65967,111.4656,-34.8244,-11.6412
683019067,1.99994,-2.00000,1.99994,-87.6565,-250.1374,-45.3511,0.16846,0.25916,0.65186,110.4046,-32.5344,-13.3282
683020067,1.33264,-2.00000,1.99994,-147.3511,-250.1374,-39.2672,0.16516,0.27954,0.64490,108.9695,-30.2595,-14.8779
683021068,0.48840,-1.22937,1.00879,-192.2061,-250.1374,-20.9542,0.16138,0.29980,0.63855,107.0840,-28.0153,-16.2824
683022068,-0.02612,-1.77966,1.07666,-236.6260,-250.1374,-2.3817,0.15735,0.32068,0.63367,104.6489,-25.7786,-17.5573
683023067,-0.75879,-2.00000,0.54944,-250.1374,-250.1374,1.1527,0.15405,0.34143,0.62927,101.8168,-23.5649,-18.7328
683024068,-1.12109,-1.33118,-0.68530,-250.1374,-220.8397,-12.6870,0.15149,0.36182,0.62476,98.7405,-21.4122,-19.8015
683025068,-0.93384,0.37097,-1.01758,-250.1374,-148.9237,-33.9313,0.14465,0.40393,0.61865,91.5878,-17.3740,-21.5954
683026068,-0.57385,0.95886,-0.27954,-208.3511,-95.8779,-54.4656,0.14075,0.42480,0.61707,87.4275,-15.4885,-22.3282
683027067,-0.05005,-0.39246,0.92725,-135.7481,-66.6412,-78.9084,0.13599,0.44385,0.61609,82.8779,-13.6489,-22.9237
683028067,0.48682,-2.00000,1.57056,-59.8855,-71.0687,-113.9847,0.13013,0.46265,0.61597,77.9466,-11.8626,-23.3740
683029068,0.94287,-2.00000,1.84558,-3.7786,-96.4351,-154.5954,0.12341,0.48083,0.61475,72.6794,-10.1756,-23.7252
683030068,1.51416,-1.78528,1.99994,5.3588,-120.7405,-178.1069,0.11694,0.49670,0.61353,67.1679,-8.5802,-23.9695
683031067,1.95850,-1.75146,1.99994,-39.3130,-154.9542,-171.8779,0.11035,0.51050,0.61487,61.4122,-7.1145,-24.0534
683032068,1.81824,-2.00000,1.99994,-87.1679,-208.3206,-158.5420,0.10400,0.52258,0.61780,55.4351,-5.7634,-23.9847
683033068,1.35376,-2.00000,1.99994,-103.3893,-250.1374,-161.4275,0.09802,0.53271,0.62048,49.2595,-4.5191,-23.8092
683034068,0.79810,-1.82507,1.42969,-127.1145,-250.1374,-170.7023,0.09229,0.54089,0.62268,42.9160,-3.3588,-23.4809
683035067,0.12793,0.20044,0.35925,-183.4504,-250.1374,-171.7405,0.08655,0.54773,0.62537,36.4656,-2.2824,-23.0229
683036068,0.06421,1.99994,-0.69067,-228.1603,-250.1374,-166.4275,0.08142,0.55273,0.62866,29.9466,-1.2977,-22.4122
683037068,0.28394,1.99994,-0.61816,-223.4962,-250.1374,-165.5038,0.07703,0.55530,0.63135,23.3740,-0.3969,-21.6794
683038068,0.10547,1.99994,-0.52368,-183.6412,-250.1374,-168.4656,0.07227,0.55652,0.63416,16.7710,0.3969,-20.7939
683039068,0.02954,1.99994,-0.81860,-136.5725,-217.4504,-172.7481,0.06702,0.55676,0.63806,10.1756,1.0687,-19.7863
683040068,0.08789,1.99994,-0.87561,-93.1985,-188.2977,-175.4504,0.06067,0.55542,0.64355,3.6107,1.6260,-18.6565
683041068,0.21875,1.99994,-0.86292,-54.8092,-169.7252,-172.1527,0.05493,0.55164,0.64954,-2.8931,2.0763,-17.4351
683042067,0.49988,1.99994,-0.99341,-22.4962,-158.4656,-158.1756,0.05066,0.54602,0.65515,-9.3130,2.4504,-16.1145
683043068,0.51501,1.99994,-2.00000,-4.4275,-170.5191,-132.1908,0.04663,0.53906,0.66150,-15.6107,2.7176,-14.6565
683044068,0.11267,1.99994,-2.00000,-10.9924,-198.9542,-96.2214,0.04260,0.53174,0.66797,-21.7786,2.8702,-13.1145
683045068,-0.12671,1.99994,-2.00000,-34.3206,-210.0611,-62.4427,0.03748,0.52466,0.67358,-27.7328,2.9313,-11.5267
683046068,-0.07080,1.99994,-2.00000,-70.1374,-194.8779,-35.8855,0.03198,0.51636,0.67957,-33.4885,2.9084,-9.9084
683047068,-0.22461,1.99994,-1.85571,-117.6794,-171.8702,-11.0840,0.02734,0.50720,0.68591,-39.0534,2.8092,-8.2595
683048068,-0.54993,1.99994,-2.00000,-150.3206,-147.7405,7.0534,0.02246,0.49756,0.69165,-44.3893,2.6336,-6.5802
683049067,-0.52600,1.99994,-2.00000,-153.0305,-113.7557,15.1298,0.01807,0.48779,0.69751,-49.4427,2.3893,-4.9160
683050067,-0.33118,1.99994,-2.00000,-140.2748,-87.1298,17.3740,0.01453,0.47852,0.70435,-54.2214,2.0916,-3.2824
683051068,-0.34656,1.99994,-2.00000,-112.3206,-77.4656,8.5420,0.01111,0.46973,0.71094,-58.7481,1.7481,-1.6489
683052067,-0.54346,1.41394,-2.00000,-58.6718,-78.7023,-13.9695,0.00732,0.46252,0.71680,-63.0458,1.3435,-0.0305
683053067,-0.81860,0.13831,-2.00000,-3.8626,-91.3588,-36.9313,0.00391,0.45691,0.72388,-67.1145,0.8550,1.5420
683054068,-1.14722,-0.56213,-2.00000,32.5878,-86.1527,-59.3053,0.00049,0.45178,0.73193,-70.9924,0.3282,3.0763
683055068,-0.88184,-0.14453,-2.00000,59.0763,-44.3817,-79.1679,-0.00330,0.44641,0.73999,-74.7176,-0.2519,4.5344
683056068,-0.22266,0.64832,-0.66516,55.1679,7.2214,-78.8092,-0.00635,0.44031,0.74805,-78.2901,-0.8855,5.9466
683057068,-0.30249,0.75745,-1.20422,13.1756,25.2137,-55.2519,-0.00940,0.43359,0.75647,-81.7023,-1.5649,7.2748
683058067,-0.59680,-0.30115,-2.00000,-17.8779,29.0382,-37.0916,-0.01208,0.42590,0.76562,-84.9618,-2.3053,8.5267
683059067,-0.29834,-2.00000,-1.60864,-25.1756,42.7252,-35.7176,-0.01392,0.41895,0.77417,-88.0840,-3.1069,9.7481
683060067,0.07166,-2.00000,-0.30786,-50.7176,41.3588,-44.9160,-0.01624,0.41248,0.78308,-91.0840,-3.9466,10.9542
683061067,-0.13245,-2.00000,-0.43604,-106.0611,26.0992,-56.9847,-0.01855,0.40552,0.79211,-93.9237,-4.8473,12.1069
683062068,-0.43970,0.88586,-0.97583,-150.5649,11.8702,-63.4504,-0.01978,0.39734,0.79944,-96.6336,-5.8015,13.1908
683063067,-0.06152,1.99994,-0.97668,-157.5954,5.9695,-60.7786,-0.01978,0.38806,0.80627,-99.1985,-6.7786,14.2214
683064067,0.54614,1.99994,-0.29578,-138.3588,11.5267,-50.9160,-0.01965,0.37842,0.81421,-101.6107,-7.7786,15.1908
683065067,0.32605,1.99994,-0.24341,-107.0687,3.4962,-39.7328,-0.02002,0.36877,0.82324,-103.8550,-8.8092,16.1069
683066067,0.02026,1.99994,-1.00244,-70.4275,2.3664,-31.7710,-0.01965,0.35828,0.83154,-105.9237,-9.8550,17.0000
683067067,0.11218,1.99994,-1.27478,-40.6641,19.4122,-29.2824,-0.02014,0.34607,0.83826,-107.7557,-10.9466,17.8550
683068065,-0.16443,1.99994,-1.06787,-22.1603,35.2519,-26.8321,-0.02148,0.33325,0.84485,-109.3435,-12.0763,18.6718
683069069,-0.12427,1.99994,-0.88062,4.2748,59.8855,-22.6260,-0.02246,0.31970,0.85071,-110.6489,-13.1985,19.4504
683070068,-0.00952,1.99994,-1.64661,18.5038,68.2595,-9.8321,-0.02271,0.30505,0.85571,-111.6336,-14.2824,20.1679
683071067,-0.55566,1.99994,-2.00000,-2.8397,47.0763,14.2290,-0.02209,0.28967,0.86108,-112.2977,-15.3435,20.8092
683072067,-0.80530,1.99994,-2.00000,-19.3130,46.8092,31.3206,-0.02014,0.27344,0.86633,-112.6183,-16.3969,21.3740
683073067,-0.55042,1.99994,-1.26379,-18.1756,71.2290,36.8244,-0.01746,0.25647,0.87024,-112.5954,-17.4046,21.8855
683074068,-0.24133,1.99994,-0.45764,-35.7405,89.7099,52.2137,-0.01331,0.23987,0.87402,-112.1756,-18.3511,22.3511
683075067,-0.30127,1.99994,-1.22766,-65.5878,100.8702,76.6031,-0.00781,0.22327,0.87830,-111.3359,-19.2519,22.7481
683076067,-0.42212,1.95752,-1.50317,-78.9160,116.1527,95.3740,-0.00354,0.20691,0.88293,-110.0763,-20.0763,23.1221
683077068,0.02344,1.41724,-0.33765,-80.7176,143.9160,101.7710,-0.00037,0.19165,0.88782,-108.4275,-20.8321,23.4198
683078067,0.42932,1.46130,0.56238,-72.2443,155.9160,97.9084,0.00342,0.17688,0.89246,-106.4427,-21.5115,23.6794
683079067,0.43286,1.69055,0.13757,-34.6183,137.5954,87.1145,0.00757,0.16248,0.89539,-104.1145,-22.0916,23.8779
683080068,0.40515,1.48303,-0.06714,18.3740,105.9771,73.8015,0.01147,0.14990,0.89795,-101.4427,-22.5954,24.0382
683081067,0.35767,0.49426,-0.17883,46.9313,75.0458,65.2748,0.01599,0.13965,0.90234,-98.4580,-23.0305,24.1145
683082067,-0.09399,-0.56299,-0.66077,37.9542,57.8626,61.9466,0.02002,0.13110,0.90588,-95.2290,-23.3817,24.0992
683083067,-0.61511,-0.72046,-0.90295,20.3969,63.0000,58.7023,0.02222,0.12292,0.90771,-91.7939,-23.6489,24.0305
683084067,-0.62842,0.13416,-0.95117,4.1221,82.9771,58.1298,0.02368,0.11609,0.91003,-88.1679,-23.8244,23.8931
683085067,-0.58179,1.20789,-1.07983,-30.4351,108.9084,73.8702,0.02576,0.11243,0.91150,-84.4122,-23.9160,23.6870
683086068,-0.81104,1.52844,-1.83838,-74.3053,130.6489,101.7710,0.02820,0.11035,0.91223,-80.5649,-23.9313,23.4122
683087068,-1.25623,1.30310,-2.00000,-101.0992,153.0916,124.8168,0.02979,0.10791,0.91345,-76.6412,-23.8931,23.0611
683088067,-1.39355,1.29846,-1.64331,-111.0305,176.7252,135.8626,0.03076,0.10547,0.91455,-72.6870,-23.8168,22.6260
683089068,-0.73145,1.99994,-0.74768,-116.5878,204.0382,138.8092,0.03125,0.10437,0.91663,-68.7405,-23.6794,22.1221
683090067,-0.18982,1.99994,-0.08923,-111.3893,224.0840,146.1603,0.03186,0.10474,0.91895,-64.7786,-23.4962,21.5573
683091067,-0.28650,1.99994,0.15137,-70.1450,220.2519,153.9618,0.03284,0.10510,0.92004,-60.8397,-23.2901,20.9847
683092068,-0.34680,1.13708,0.58350,-2.4275,207.8397,150.2366,0.03418,0.10608,0.92029,-56.9542,-23.0534,20.3817
683093068,-0.26343,-1.34485,1.67078,45.5420,197.6107,136.3817,0.03564,0.10767,0.92078,-53.1603,-22.7863,19.7176
683094068,-0.00806,-2.00000,1.99994,46.2061,205.1145,121.3740,0.03748,0.10938,0.92236,-49.4580,-22.4885,18.9618
683095068,0.38025,-2.00000,1.99994,14.3053,224.3664,115.6412,0.03967,0.11145,0.92419,-45.8168,-22.1527,18.1603
683096068,0.40381,-1.93250,1.99994,-17.6489,218.4275,121.0305,0.04248,0.11450,0.92615,-42.2672,-21.7634,17.3053
683097068,0.41296,-2.00000,1.99994,-28.5191,195.4275,124.0840,0.04565,0.11853,0.92773,-38.8092,-21.3435,16.3740
683098068,0.50256,-2.00000,1.99994,-44.7023,173.6260,126.3130,0.04944,0.12329,0.92908,-35.4656,-20.9008,15.4351
683099068,0.41284,-2.00000,1.99994,-87.9847,153.4427,133.7786,0.05371,0.12842,0.93005,-32.1985,-20.4427,14.4733
683100068,0.60535,-2.00000,1.99994,-133.1756,149.1756,138.8779,0.05688,0.13379,0.93091,-29.0534,-19.9542,13.4885
683101068,1.14954,-1.68494,1.99994,-150.1603,155.3511,135.4885,0.05859,0.13965,0.93164,-26.0458,-19.4504,12.4504
683102067,1.61914,-0.67017,1.99994,-130.4580,155.2824,125.6870,0.06116,0.14612,0.93188,-23.1603,-18.9389,11.4046
683103067,1.57349,-0.20569,1.99994,-84.9237,134.1450,111.9313,0.06470,0.15222,0.93201,-20.4198,-18.4198,10.3511
683104067,1.18738,-0.52539,1.99994,-28.6947,82.9237,95.0458,0.06750,0.15771,0.93359,-17.8321,-17.8931,9.3130
683105067,1.04211,-1.11328,1.99994,17.1527,22.8168,75.4580,0.06982,0.16357,0.93567,-15.3969,-17.3588,8.2672
683106067,0.90027,-1.47876,1.99994,31.6794,-23.2977,62.9084,0.07080,0.16956,0.93689,-13.1221,-16.8397,7.1985
683107067,0.49268,-1.69385,1.99994,29.8779,-46.0763,58.8779,0.07166,0.17627,0.93799,-11.0000,-16.3588,6.1450
683108067,0.07483,-1.89709,1.99994,33.2595,-48.0000,58.8321,0.07349,0.18384,0.93811,-9.0534,-15.9160,5.1221
683109067,-0.31543,-2.00000,1.67651,18.6718,-39.7405,67.2672,0.07385,0.19055,0.93799,-7.2672,-15.4885,4.1603
683110067,-0.85754,-2.00000,0.48279,-86.1221,13.0382,95.2061,0.07361,0.19714,0.93750,-5.6718,-15.0992,3.1832
683111068,-0.69617,-2.00000,0.55493,-105.3588,42.0458,91.9237,0.07410,0.20435,0.93701,-4.2748,-14.7328,2.2061
683112067,-0.40833,-2.00000,0.84753,-98.7099,53.6718,79.7328,0.07373,0.21155,0.93701,-3.0382,-14.3893,1.2366
683113067,-0.17017,-2.00000,1.53357,-82.4427,53.4885,62.4733,0.07349,0.21863,0.93701,-1.9160,-14.0534,0.2977
683114068,0.33752,-2.00000,1.99994,-57.6718,53.8702,40.1221,0.07336,0.22571,0.93640,-0.9313,-13.7710,-0.6183
683115068,1.02490,-2.00000,1.99994,-25.3969,47.3740,15.0916,0.07263,0.23206,0.93542,-0.1298,-13.5420,-1.4733
683116068,1.18311,-2.00000,1.99994,11.6183,19.5496,-8.7786,0.07153,0.23804,0.93542,0.5038,-13.3435,-2.2366
683117068,1.07239,-2.00000,1.99994,53.9389,-15.6031,-32.4122,0.06921,0.24414,0.93555,0.9847,-13.1527,-2.9466
683118068,1.09460,-2.00000,1.99994,76.8244,-44.3588,-49.0229,0.06628,0.24951,0.93530,1.3282,-13.0153,-3.6336
683119068,0.95129,-2.00000,1.99994,58.2519,-69.2977,-49.7939,0.06396,0.25476,0.93494,1.5191,-12.9160,-4.2824
683120068,0.62292,-1.59058,1.99994,21.9924,-88.2595,-41.2290,0.06238,0.26025,0.93542,1.5725,-12.8397,-4.8779
683121068,0.28003,-0.96069,1.69971,-1.3969,-100.6260,-31.8168,0.06067,0.26514,0.93628,1.5115,-12.7786,-5.4275
683122067,-0.01135,-0.58398,1.01550,-20.2672,-106.7863,-20.0534,0.05896,0.27039,0.93689,1.3435,-12.7252,-5.9084
683123067,-0.27856,-0.62878,0.53345,-49.4962,-102.5573,-5.4046,0.05798,0.27576,0.93713,1.0763,-12.6718,-6.3511
683124067,-0.47339,-0.78015,0.26147,-75.8779,-90.1679,4.5878,0.05505,0.28650,0.93372,0.2672,-12.6260,-7.1145
683125068,-0.45105,-0.66431,0.13550,-79.1450,-72.0992,2.9695,0.05298,0.29236,0.93152,-0.3130,-12.6183,-7.4351
683126068,-0.40051,-0.43616,0.10352,-62.0840,-55.3435,-6.9313,0.05066,0.29797,0.92957,-1.0000,-12.5878,-7.7023
683127067,-0.33447,-0.48425,0.13733,-34.8550,-41.7176,-20.2672,0.04834,0.30310,0.92786,-1.7786,-12.5878,-7.9237
683128068,-0.12634,-0.69678,0.42566,-1.7023,-30.3053,-36.8473,0.04614,0.30823,0.92651,-2.6565,-12.5878,-8.1145
683129068,0.04102,-0.82153,0.63599,27.4122,-26.6794,-53.7481,0.04382,0.31421,0.92358,-3.6641,-12.5573,-8.3130
683130068,0.20374,-0.87561,0.63611,40.8779,-26.2824,-66.3130,0.04187,0.32007,0.91956,-4.8550,-12.5115,-8.4733
683131068,0.30725,-0.99561,0.70996,38.0153,-29.1908,-71.9847,0.04163,0.32593,0.91553,-6.1908,-12.4733,-8.5954
683132067,0.17322,-1.23328,0.69092,28.9466,-37.6031,-73.3969,0.04163,0.33386,0.91138,-7.6412,-12.4351,-8.6718
683133067,-0.02100,-1.29993,0.64844,22.9618,-45.0992,-76.3969,0.04028,0.34338,0.90735,-9.2595,-12.4046,-8.7099
683134067,-0.05994,-0.85815,1.02551,23.3359,-45.8702,-82.6183,0.03833,0.35388,0.90430,-11.0992,-12.3435,-8.7328
683135067,0.12549,-0.17090,1.61743,24.1985,-40.6947,-86.0000,0.03735,0.36536,0.90271,-13.1603,-12.2672,-8.7405
683136067,0.36951,0.11780,1.95312,14.0076,-35.1145,-80.3511,0.03784,0.37793,0.90088,-15.4885,-12.1679,-8.7176
683137068,0.46045,-0.24646,1.96948,-0.5573,-36.3969,-71.2214,0.03833,0.39246,0.89819,-18.0916,-12.0229,-8.6412
683138068,0.50024,-0.85559,1.84619,0.0153,-45.4504,-70.4427,0.03894,0.40857,0.89673,-21.0000,-11.8550,-8.5267
683139068,0.51624,-1.02429,1.70630,14.4275,-60.6031,-80.3359,0.03931,0.42603,0.89587,-24.2824,-11.7176,-8.3740
683140067,0.43494,-0.50476,1.37280,24.8473,-78.8092,-91.6412,0.03992,0.44482,0.89551,-27.9618,-11.5878,-8.1756
683141068,0.33472,0.26514,0.93298,22.6260,-92.5496,-94.9771,0.04187,0.46558,0.89636,-32.0840,-11.4733,-7.9084
683142068,0.20996,0.64368,0.64343,10.4351,-100.3664,-88.5496,0.04346,0.48840,0.89697,-36.6947,-11.3740,-7.6107
683143068,0.02222,0.39502,0.40161,-4.8397,-101.3053,-78.7557,0.04419,0.51343,0.89697,-41.8397,-11.3282,-7.2290
683144068,-0.16199,-0.09766,0.09167,-15.0534,-92.0992,-73.5496,0.04492,0.54004,0.89807,-47.5649,-11.3359,-6.7328
683145068,-0.33105,-0.26538,-0.28198,-16.8092,-77.8244,-74.7939,0.04578,0.56775,0.90039,-53.9160,-11.4198,-6.1145
683146067,-0.45386,-0.00940,-0.64233,-14.9847,-63.1527,-78.2748,0.04663,0.59583,0.90271,-60.9389,-11.5878,-5.4427
683147067,-0.45300,0.35327,-0.86292,-16.3817,-49.2214,-79.5496,0.04761,0.62451,0.90442,-68.6565,-11.8473,-4.6794
683148068,-0.42212,0.55237,-0.84863,-19.8855,-38.4733,-78.1985,0.04858,0.65369,0.90674,-77.0382,-12.2137,-3.8015
683149067,-0.37000,0.54443,-0.74548,-20.0305,-31.5725,-76.7863,0.04956,0.68323,0.90991,-86.0840,-12.7405,-2.7786
683150067,-0.22241,0.64709,-0.68396,-16.5191,-23.8092,-78.0992,0.04919,0.71301,0.91150,-95.8168,-13.4427,-1.6107
683151067,-0.12463,1.15295,-0.62927,-13.9847,-16.1679,-79.4046,0.04773,0.74109,0.90967,-106.2366,-14.3053,-0.3359
683152067,-0.03381,1.79834,-0.30847,-15.0458,-5.7252,-75.6260,0.04407,0.76782,0.90686,-117.3664,-15.3359,1.0534
683153067,0.21082,1.99994,0.41748,-21.5573,9.5649,-65.3740,0.03918,0.79529,0.90381,-129.1908,-16.5420,2.5496
683154067,0.44482,1.99994,0.96094,-32.1527,22.4580,-51.7863,0.03381,0.82300,0.89966,-141.6794,-17.9389,4.1603
683155068,0.49658,1.99994,0.96313,-36.9084,27.1145,-40.0840,0.02771,0.85022,0.89587,-154.8168,-19.5115,5.8931
683156067,0.51501,1.99994,0.86755,-26.8015,23.9466,-35.1069,0.01990,0.87720,0.89185,-168.6260,-21.2901,7.7405
683157067,0.60913,1.81738,0.98633,-11.4885,11.9160,-34.8702,0.00977,0.90417,0.88745,-183.1145,-23.2672,9.6870
683158067,0.65881,1.64331,1.08838,-3.5344,-6.7099,-32.8473,-0.00110,0.93115,0.88196,-198.2672,-25.3893,11.7023
683159068,0.55103,1.32275,0.75452,-1.4504,-25.7863,-27.3740,-0.01245,0.95813,0.87646,-214.0534,-27.6870,13.7481
683160067,0.25842,0.84021,-0.01379,-6.0382,-41.2519,-19.8092,-0.02441,0.98499,0.87219,-230.5038,-30.1603,15.9313
683161067,-0.10168,0.48938,-0.41406,-21.7252,-44.2824,-10.2366,-0.03577,1.01123,0.86829,-247.5954,-32.7710,18.2366
683162068,-0.25818,0.50415,-0.28979,-44.9771,-28.5649,-0.1679,-0.04688,1.03748,0.86487,-250.1374,-35.4962,20.6412
683163067,-0.28394,0.89697,-0.33789,-73.9084,-1.8397,11.8473,-0.05823,1.06360,0.86243,-250.1374,-38.3588,23.1298
683164068,-0.46338,1.52246,-0.77246,-98.1298,23.4809,24.1069,-0.06873,1.08972,0.86157,-250.1374,-41.3664,25.7099
683165068,-0.53699,1.99994,-1.18323,-103.0840,46.0992,31.6565,-0.07751,1.11743,0.86121,-250.1374,-44.5115,28.4046
683166068,-0.29431,1.99994,-0.87720,-98.3740,70.1145,36.8779,-0.08618,1.14612,0.86084,-250.1374,-47.8015,31.1908
683167067,-0.14587,1.82568,-0.26831,-91.6641,82.3206,40.1450,-0.09485,1.17480,0.86035,-250.1374,-51.2366,34.1145
683168068,-0.13391,1.39648,-0.13672,-64.6412,83.4198,36.0305,-0.10254,1.20325,0.85803,-250.1374,-54.8168,37.1679
683169067,-0.15979,1.05713,-0.04004,-17.6718,78.2061,23.6489,-0.10962,1.23193,0.85461,-250.1374,-58.5802,40.3282
683170067,-0.09912,1.03735,0.50244,11.8702,73.9160,14.2290,-0.11548,1.26050,0.85071,-250.1374,-62.5420,43.5802
683171068,0.31470,1.12512,1.29541,4.9847,85.1298,18.0076,-0.12109,1.28784,0.84619,-250.1374,-66.7252,46.9542
683172068,0.51550,1.10596,1.57056,-20.9771,91.6794,32.7328,-0.12732,1.31348,0.83948,-250.1374,-71.1221,50.4962
683173067,0.52515,0.73804,1.76831,-31.0000,91.7786,45.2519,-0.13354,1.33728,0.83240,-250.1374,-75.7710,54.1832
683174067,0.82153,0.22107,1.99994,-19.0992,91.9771,46.8702,-0.14050,1.35840,0.82617,-250.1374,-80.6794,58.0382
683175068,1.04175,-0.07251,1.99994,-23.7252,82.0382,49.7634,-0.14941,1.37537,0.81714,-250.1374,-85.8855,62.0458
683176067,1.04285,-0.90808,1.56372,-54.0153,58.9389,63.6412,-0.15967,1.38672,0.80554,-250.1374,-91.4198,66.1756
683177067,0.37231,-2.00000,-0.27429,-83.4733,11.8626,82.0611,-0.17102,1.39246,0.79211,-250.1374,-97.2672,70.3969
683178068,-0.71594,-2.00000,-2.00000,-142.4656,-32.6794,88.7099,-0.18420,1.39270,0.77673,-250.1374,-103.4351,74.7252
683179068,-2.00000,-2.00000,-2.00000,-250.1374,-47.8092,94.0763,-0.19897,1.38794,0.75977,-250.1374,-109.9313,79.1679
683180068,-2.00000,0.20801,-2.00000,-250.1374,-28.0534,132.7557,-0.21558,1.37781,0.73987,-250.1374,-116.7710,83.6947
683181067,-2.00000,1.18188,-2.00000,-250.1374,64.2137,163.1145,-0.23291,1.36169,0.71692,-250.1374,-123.9618,88.2824
683182068,-2.00000,1.99994,-2.00000,-250.1374,205.9924,169.4122,-0.25073,1.34009,0.69202,-250.1374,-131.4962,92.8855
683183067,-2.00000,1.99994,-2.00000,-250.1374,250.1298,199.7481,-0.26929,1.31409,0.66382,-250.1374,-139.3588,97.5191
683184067,-2.00000,1.99994,-2.00000,-250.1374,250.1298,250.1298,-0.28735,1.28442,0.63269,-250.1374,-147.5344,102.1985
683185068,-2.00000,1.99994,-2.00000,-250.1374,250.1298,250.1298,-0.30579,1.25256,0.59973,-250.1374,-156.0687,106.9084
683186067,-2.00000,1.99994,-0.30664,-250.1374,250.1298,250.1298,-0.32495,1.21899,0.56189,-250.1374,-164.9771,111.6107
683187068,-0.10413,1.33655,1.99994,-186.6794,250.1298,246.3893,-0.34302,1.18298,0.52136,-250.1374,-174.1527,116.2901
683188067,1.83167,0.61584,1.99994,-87.4427,250.1298,203.2443,-0.35938,1.14465,0.48169,-250.1374,-183.5191,120.9466
683189067,1.99994,0.66187,1.99994,-92.2595,250.1298,183.8626,-0.37463,1.10413,0.44312,-250.1374,-193.1221,125.6107
683190067,1.99994,-1.47632,1.99994,-82.2519,250.1298,185.7176,-0.38843,1.06238,0.40417,-250.1374,-202.9924,130.2672
683191068,1.99994,-2.00000,1.99994,-61.7099,250.1298,172.3511,-0.40161,1.02136,0.36304,-250.1374,-213.0840,134.8931
683192068,1.58252,-2.00000,1.99994,-144.4885,153.8473,152.4504,-0.41443,0.98132,0.32007,-250.1374,-223.3740,139.5267
683193068,0.66406,-2.00000,1.99994,-250.1374,131.6412,195.0000,-0.42566,0.94275,0.27588,-250.1374,-233.8244,144.1374
683194068,-0.13269,1.99994,1.99994,-250.1374,183.1985,250.1298,-0.43530,0.90710,0.23120,-250.1374,-244.4275,148.7405
683195068,-1.61560,1.99994,-1.31567,-250.1374,214.4733,250.1298,-0.44348,0.87512,0.18640,-250.1374,-250.1374,153.3359
683196067,-2.00000,1.99994,-1.81665,-250.1374,250.1298,250.1298,-0.45081,0.84668,0.13940,-250.1374,-250.1374,157.8855
683197067,-2.00000,-0.29431,1.59387,-250.1374,250.1298,250.1298,-0.45703,0.82092,0.08887,-250.1374,-250.1374,162.3893
683198068,-2.00000,-1.72180,1.99994,-250.1374,250.1298,250.1298,-0.46167,0.79749,0.03625,-250.1374,-250.1374,166.8397
683199067,-1.63623,-1.14270,1.99994,-250.1374,250.1298,250.1298,-0.46655,0.77649,-0.01807,-250.1374,-250.1374,171.2214
683200067,-1.22583,0.19373,1.99994,-250.1374,250.1298,250.1298,-0.47229,0.75745,-0.07410,-250.1374,-250.1374,175.5115
683201067,0.52527,0.01819,1.99994,-250.1374,250.1298,250.1298,-0.47864,0.73828,-0.13379,-250.1374,-250.1374,179.7481
683202067,1.99994,-2.00000,1.99994,-94.6870,250.1298,247.2824,-0.48584,0.71838,-0.19836,-250.1374,-250.1374,183.9160
683203068,1.99994,-2.00000,1.99994,11.5496,250.1298,165.3817,-0.49268,0.69812,-0.26453,-250.1374,-250.1374,188.0076
683204068,1.65295,-2.00000,1.99994,-13.9084,250.1298,132.6489,-0.49939,0.67773,-0.33130,-250.1374,-250.1374,192.0076
683205068,-0.80969,-2.00000,-0.72400,-205.5878,124.7252,134.1679,-0.50891,0.65674,-0.39990,-250.1374,-250.1374,195.9084
683206068,-2.00000,-2.00000,-2.00000,-250.1374,144.3511,196.2366,-0.52319,0.63538,-0.47058,-250.1374,-250.1374,199.6947
683207068,-2.00000,-1.82764,-1.71899,-250.1374,250.1298,250.1298,-0.54211,0.61389,-0.54199,-250.1374,-250.1374,203.3893
683208068,-2.00000,1.09021,-2.00000,-250.1374,250.1298,250.1298,-0.56799,0.59497,-0.61292,-250.1374,-250.1374,206.9466
683209068,-2.00000,0.77124,-2.00000,-250.1374,250.1298,250.1298,-0.59546,0.57935,-0.70129,-250.1374,-250.1374,210.3435
683210068,-2.00000,1.31653,-1.94336,-250.1374,250.1298,250.1298,-0.62170,0.55884,-0.79370,-250.1374,-250.1374,213.6489
683211067,-2.00000,1.67676,-1.95752,-250.1374,250.1298,250.1298,-0.64819,0.53101,-0.87842,-250.1374,-250.1374,216.8168
683212068,-2.00000,-0.52283,-2.00000,-250.1374,250.1298,250.1298,-0.67200,0.49756,-0.96912,-250.1374,-250.1374,219.8397
683213068,-2.00000,-2.00000,-2.00000,-250.1374,250.1298,250.1298,-0.69409,0.45862,-1.06360,-250.1374,-250.1374,222.7557
683214067,-2.00000,-2.00000,-2.00000,-250.1374,250.1298,250.1298,-0.71252,0.41528,-1.16003,-250.1374,-250.1374,225.5954
683215068,-2.00000,-2.00000,-0.24915,-250.1374,250.1298,250.1298,-0.72644,0.36694,-1.25696,-250.1374,-250.1374,228.3435
683216068,-2.00000,-2.00000,1.99994,-250.1374,250.1298,250.1298,-0.73743,0.31763,-1.35913,-250.1374,-250.1374,230.9618
683217067,-2.00000,-0.85620,1.99994,-250.1374,250.1298,250.1298,-0.74536,0.26794,-1.46472,-250.1374,-250.1374,233.4504
683218067,0.17810,1.46423,1.99994,-250.1374,250.1298,250.1298,-0.75037,0.21802,-1.57275,-250.1374,-250.1374,235.8168
683219067,1.99994,1.99994,1.99994,-250.1374,250.1298,250.1298,-0.75220,0.16980,-1.68286,-250.1374,-250.1374,238.0229
683220068,1.99994,1.52466,1.99994,-250.1374,250.1298,250.1298,-0.75098,0.12231,-1.79358,-250.1374,-250.1374,240.0153
683221068,1.96204,-2.00000,1.99994,-250.1374,250.1298,250.1298,-0.74829,0.07605,-1.90894,-250.1374,-250.1374,241.7786
683222068,1.99994,-2.00000,1.99994,-250.1374,250.1298,250.1298,-0.73474,-0.01514,-2.00000,-250.1374,-250.1374,244.6947
683223068,1.99994,-2.00000,1.99994,-250.1374,250.1298,250.1298,-0.72253,-0.06067,-2.00000,-250.1374,-250.1374,245.8397
683224067,1.99994,-2.00000,1.99994,-250.1374,250.1298,250.1298,-0.70654,-0.10803,-2.00000,-250.1374,-250.1374,246.7099
683225068,1.37366,-2.00000,1.99994,-250.1374,20.3664,250.1298,-0.68726,-0.15906,-2.00000,-250.1374,-250.1374,247.2748
683226068,-0.80823,-2.00000,1.26672,-250.1374,-182.2672,250.1298,-0.66431,-0.21313,-2.00000,-250.1374,-250.1374,247.6183
683227068,-2.00000,-2.00000,0.94995,-250.1374,-153.3435,250.1298,-0.63611,-0.26855,-2.00000,-250.1374,-250.1374,247.7176
683228068,-2.00000,-2.00000,0.71240,-250.1374,-37.5954,250.1298,-0.60156,-0.32483,-2.00000,-250.1374,-250.1374,247.5420
683229064,-2.00000,0.35327,-2.00000,-250.1374,101.3969,250.1298,-0.56104,-0.38611,-2.00000,-250.1374,-250.1374,247.1374
683230065,-2.00000,0.51392,-2.00000,-250.1374,250.1298,250.1298,-0.51489,-0.45337,-2.00000,-250.1374,-250.1374,246.5115
683231065,-2.00000,0.26562,-2.00000,-250.1374,250.1298,250.1298,-0.46423,-0.52478,-2.00000,-250.1374,-250.1374,245.6718
683232065,-2.00000,1.56287,-0.12134,-250.1374,250.1298,250.1298,-0.41028,-0.60010,-2.00000,-250.1374,-250.1374,244.6183
683233065,-2.00000,1.23840,-1.31311,-250.1374,250.1298,250.1298,-0.35364,-0.67725,-2.00000,-250.1374,-250.1374,243.3053
683234065,-1.82678,-2.00000,1.99994,-250.1374,250.1298,250.1298,-0.29614,-0.75452,-2.00000,-250.1374,-250.1374,241.7405
683235069,1.48242,-2.00000,1.99994,-250.1374,250.1298,250.1298,-0.24048,-0.82996,-2.00000,-250.1374,-250.1374,240.0687
683236068,1.99994,-2.00000,1.99994,-250.1374,250.1298,250.1298,-0.18567,-0.91028,-2.00000,-250.1374,-250.1374,238.4351
683237068,1.99994,-2.00000,1.99994,-250.1374,250.1298,250.1298,-0.13098,-0.99402,-2.00000,-250.1374,-250.1374,236.6412
683238067,1.99994,-2.00000,1.99994,-250.1374,250.1298,250.1298,-0.07764,-1.07446,-2.00000,-250.1374,-250.1374,234.6031
683239068,1.99994,-2.00000,1.99994,-250.1374,250.1298,232.0611,-0.02527,-1.15417,-2.00000,-250.1374,-250.1374,232.4504
683240067,0.45862,-2.00000,1.23828,-250.1374,173.4351,226.5496,0.02478,-1.23669,-2.00000,-250.1374,-250.1374,230.3435
683241068,-2.00000,-2.00000,-1.00269,-250.1374,180.1603,247.4275,0.07141,-1.32373,-2.00000,-250.1374,-250.1374,228.2901
683242068,-2.00000,-2.00000,-0.75208,-250.1374,250.1298,250.1298,0.11499,-1.41040,-2.00000,-250.1374,-250.1374,226.2137
683243068,-2.00000,0.01514,0.92822,-250.1374,250.1298,250.1298,0.15356,-1.49390,-2.00000,-250.1374,-250.1374,224.0763
683244068,-2.00000,1.99994,-1.81152,-250.1374,250.1298,250.1298,0.18628,-1.57019,-2.00000,-250.1374,-250.1374,221.8931
683245067,-2.00000,0.81006,-2.00000,-250.1374,250.1298,250.1298,0.21399,-1.64417,-2.00000,-250.1374,-250.1374,219.8244
683246067,-2.00000,-2.00000,0.93567,-250.1374,250.1298,250.1298,0.23694,-1.71777,-2.00000,-250.1374,-250.1374,217.8550
683247068,-1.39307,-2.00000,1.99994,-250.1374,250.1298,250.1298,0.25427,-1.78357,-2.00000,-250.1374,-250.1374,216.0458
683248068,1.46411,-0.32141,1.99994,-250.1374,250.1298,250.1298,0.27234,-1.86682,-2.00000,-250.1374,-250.1374,214.9237
683249068,1.99994,1.79468,1.99994,-250.1374,250.1298,250.1298,0.28870,-1.95410,-2.00000,-250.1374,-250.1374,213.7176
683250068,1.99994,1.64038,1.99994,-250.1374,250.1298,250.1298,0.29431,-2.00000,-2.00000,-250.1374,-250.1374,211.9771
683251068,1.99994,-1.17908,1.99994,-250.1374,250.1298,250.1298,0.29370,-2.00000,-2.00000,-250.1374,-250.1374,210.1069
683252068,1.99994,-2.00000,1.99994,-250.1374,250.1298,227.6183,0.29041,-2.00000,-2.00000,-250.1374,-250.1374,208.3588
683253068,0.11121,-2.00000,0.92871,-250.1374,24.7328,92.0916,0.28491,-2.00000,-2.00000,-250.1374,-250.1374,206.5496
683254068,-2.00000,-2.00000,-1.86450,-250.1374,-30.2214,17.6412,0.27673,-2.00000,-2.00000,-250.1374,-250.1374,204.5191
683255068,-2.00000,-2.00000,-1.55505,-250.1374,127.3206,42.7023,0.26636,-2.00000,-2.00000,-250.1374,-250.1374,202.2519
683256068,-2.00000,0.43604,1.23804,-250.1374,250.1298,142.5344,0.25525,-2.00000,-2.00000,-250.1374,-250.1374,199.7786
683257068,-2.00000,1.66077,0.92847,-250.1374,250.1298,250.1298,0.24426,-2.00000,-2.00000,-250.1374,-250.1374,197.0763
683258068,-2.00000,-1.42065,-2.00000,-250.1374,250.1298,250.1298,0.23389,-2.00000,-2.00000,-250.1374,-250.1374,194.1298
683259068,-2.00000,-2.00000,-2.00000,-250.1374,250.1298,250.1298,0.22485,-2.00000,-2.00000,-250.1374,-250.1374,190.8855
683260068,-2.00000,-2.00000,-2.00000,-250.1374,250.1298,250.1298,0.21777,-2.00000,-2.00000,-250.1374,-250.1374,187.3206
683261068,-2.00000,-2.00000,-0.68384,-250.1374,250.1298,250.1298,0.21387,-2.00000,-2.00000,-250.1374,-250.1374,183.4656
683262068,-1.68054,-0.38708,1.99994,-250.1374,250.1298,250.1298,0.21399,-2.00000,-2.00000,-250.1374,-250.1374,179.2977
683263068,0.83118,1.99994,1.99994,-250.1374,250.1298,250.1298,0.21802,-1.96790,-2.00000,-250.1374,-250.1374,174.7939
683264068,1.99994,1.99994,1.99994,-250.1374,250.1298,250.1298,0.22620,-1.93396,-2.00000,-250.1374,-250.1374,169.9466
683265068,1.99994,1.30286,1.99994,-250.1374,250.1298,250.1298,0.23975,-1.90283,-2.00000,-250.1374,-250.1374,164.8015
683266068,1.99994,1.37830,1.99994,-250.1374,250.1298,250.1298,0.25769,-1.87378,-2.00000,-250.1374,-250.1374,159.3740
683267064,1.99994,1.65698,1.99994,-250.1374,250.1298,250.1298,0.27893,-1.84766,-2.00000,-250.1374,-250.1374,153.7252
683268065,1.99994,1.57068,1.99994,-250.1374,250.1298,247.0382,0.30383,-1.82715,-2.00000,-250.1374,-250.1374,147.9008
683269068,1.99994,1.62781,1.99994,-250.1374,250.1298,213.6412,0.33289,-1.81311,-2.00000,-250.1374,-250.1374,141.8702
683270064,1.99994,1.88159,1.99994,-250.1374,250.1298,204.6183,0.36646,-1.80493,-2.00000,-250.1374,-250.1374,135.6336
683271065,1.71008,1.99994,1.99994,-250.1374,245.3130,201.0305,0.40430,-1.80444,-2.00000,-250.1374,-250.1374,129.2214
683272064,-0.15833,1.99994,1.99994,-250.1374,217.2901,200.0992,0.44531,-1.80969,-2.00000,-250.1374,-250.1374,122.6870
683273065,0.09985,1.99994,1.99994,-250.1374,250.1298,239.7786,0.48975,-1.81946,-1.96960,-250.1374,-250.1374,115.9924
683274065,-0.28638,1.99994,0.84521,-250.1374,250.1298,250.1298,0.53625,-1.83374,-1.91663,-250.1374,-250.1374,109.1298
683275069,-1.67334,1.99994,-0.98376,-250.1374,250.1298,250.1298,0.58337,-1.85083,-1.86511,-250.1374,-250.1374,102.0534
683276068,-1.19434,1.99994,-0.78357,-250.1374,250.1298,250.1298,0.63159,-1.87122,-1.81311,-250.1374,-250.1374,94.7939
683277068,-0.06677,1.99994,-1.18738,-250.1374,250.1298,250.1298,0.68018,-1.89502,-1.76160,-250.1374,-250.1374,87.3817
683278068,-0.21716,1.99994,-2.00000,-250.1374,250.1298,250.1298,0.72644,-1.92017,-1.71423,-250.1374,-250.1374,79.8244
683279068,-1.75903,1.99994,-2.00000,-250.1374,250.1298,250.1298,0.76855,-1.94629,-1.67004,-250.1374,-250.1374,72.0992
683280068,-2.00000,1.99994,-2.00000,-250.1374,250.1298,250.1298,0.80579,-1.97241,-1.62720,-250.1374,-250.1374,64.2137
683281068,-2.00000,0.34338,-1.06262,-250.1374,250.1298,250.1298,0.83813,-1.99792,-1.58582,-250.1374,-250.1374,56.1832
683282068,-2.00000,-2.00000,-0.03125,-250.1374,250.1298,250.1298,0.86621,-2.00000,-1.54541,-250.1374,-250.1374,48.0229
683283068,-2.00000,-0.55627,0.33167,-250.1374,250.1298,250.1298,0.88867,-2.00000,-1.50635,-250.1374,-250.1374,39.7481
683284067,-2.00000,1.99994,1.99994,-250.1374,250.1298,250.1298,0.90393,-2.00000,-1.46863,-250.1374,-250.1374,31.4122
683285068,-1.02466,1.99994,1.99994,-250.1374,250.1298,250.1298,0.91394,-2.00000,-1.43274,-250.1374,-250.1374,23.0382
683286068,-0.06018,-0.49207,1.99994,-250.1374,250.1298,250.1298,0.91992,-2.00000,-1.39941,-250.1374,-240.5496,14.6641
683287068,0.44360,-2.00000,1.99994,-250.1374,250.1298,250.1298,0.91968,-2.00000,-1.36792,-250.1374,-223.3359,6.2901
683288068,1.99994,-2.00000,1.99994,-250.1374,250.1298,250.1298,0.91309,-2.00000,-1.33728,-250.1374,-205.7710,-1.9924
683289067,1.99994,-1.80676,1.99994,-250.1374,250.1298,250.1298,0.90161,-2.00000,-1.30969,-250.1374,-187.8779,-10.1527
683290067,1.99994,1.86377,1.99994,-250.1374,250.1298,250.1298,0.88525,-2.00000,-1.28540,-250.1374,-169.7176,-18.1145
683291067,1.99994,1.99994,1.99994,-250.1374,250.1298,250.1298,0.86279,-2.00000,-1.26282,-250.1374,-151.3664,-25.8855
683292067,1.99994,1.99994,1.99994,-250.1374,250.1298,250.1298,0.83447,-2.00000,-1.24329,-250.1374,-132.9542,-33.3740
683293068,1.99994,0.20532,1.99994,-250.1374,99.8779,204.0534,0.80042,-1.99780,-1.22864,-250.1374,-114.5420,-40.4962
683294068,1.99994,-1.25256,1.99994,-250.1374,-141.8779,141.3817,0.76038,-1.95239,-1.21863,-250.1374,-96.2366,-47.1908
683295068,-0.44666,-1.47131,0.65479,-250.1374,-180.1756,119.0916,0.71667,-1.89661,-1.21094,-250.1374,-78.1527,-53.3969
683296067,-1.49841,-0.86829,0.90027,-250.1374,-91.6031,157.9924,0.67053,-1.83069,-1.20654,-250.1374,-60.4046,-58.9542
683297067,-2.00000,-0.11963,0.01404,-250.1374,-9.4427,248.0534,0.62195,-1.75940,-1.20471,-234.4656,-43.0992,-63.7863
683298068,-2.00000,0.94629,-2.00000,-250.1374,73.1450,250.1298,0.57092,-1.68250,-1.20374,-186.3359,-26.2824,-67.9542
683299068,-2.00000,1.99994,-2.00000,-250.1374,214.2901,250.1298,0.51746,-1.59766,-1.20447,-140.1221,-10.0458,-71.4504
683300068,-2.00000,1.68823,-1.04443,-250.1374,250.1298,250.1298,0.46399,-1.50867,-1.20569,-96.0840,5.5267,-74.1450
683301068,-2.00000,-0.98718,-0.59009,-250.1374,250.1298,250.1298,0.40942,-1.41492,-1.20679,-54.5191,20.3588,-75.9847
683302068,-1.70923,-2.00000,1.76709,-250.1374,250.1298,250.1298,0.35120,-1.31360,-1.20813,-15.6870,34.3130,-77.0305
683303068,1.51477,-0.84717,1.99994,-250.1374,250.1298,250.1298,0.29126,-1.20764,-1.20837,20.1832,47.2137,-77.1832
683304067,1.99994,1.18054,1.99994,-250.1374,250.1298,250.1298,0.23083,-1.09888,-1.20789,52.9466,59.0916,-76.4962
683305067,1.99994,1.99994,1.99994,-250.1374,250.1298,250.1298,0.17017,-0.98779,-1.20825,82.4885,70.0534,-75.0153
683306067,1.99994,1.99994,1.99994,-250.1374,117.5649,158.7023,0.11035,-0.87659,-1.20935,108.7328,80.0458,-72.7557
683307065,1.99994,1.71594,1.99994,-250.1374,-132.4885,87.7634,0.05139,-0.76636,-1.20813,131.6336,88.9618,-69.8397
683308064,1.99994,-0.69287,1.99994,-111.2977,-250.1374,33.0229,-0.00574,-0.65918,-1.20386,151.0992,96.7405,-66.3588
683309069,1.01489,-2.00000,1.99994,-81.2290,-250.1374,15.7786,-0.06055,-0.55640,-1.19775,167.1756,103.3740,-62.2977
683310068,-0.67542,-2.00000,1.99994,-161.7176,-250.1374,51.8702,-0.11353,-0.45813,-1.18762,179.9160,108.9313,-57.6794
683311068,-2.00000,-0.41809,0.99854,-250.1374,-204.9542,116.3206,-0.16370,-0.36755,-1.17419,189.3664,113.4046,-52.5496
683312068,-2.00000,1.90906,-0.25476,-250.1374,-114.4885,190.2366,-0.21021,-0.28601,-1.15979,195.6565,116.8092,-46.9160
683313067,-2.00000,1.99994,-0.77539,-250.1374,-46.9542,250.1298,-0.25208,-0.21289,-1.14404,198.9008,119.2061,-40.8168
683314068,-2.00000,1.99994,0.29382,-250.1374,38.8779,250.1298,-0.29028,-0.14697,-1.12622,199.2290,120.6336,-34.3740
683315067,-0.53101,1.69763,1.99994,-250.1374,162.7328,250.1298,-0.32617,-0.08643,-1.10669,196.7557,121.0840,-27.6336
683316067,1.99994,1.99994,1.99994,-173.0992,246.6947,235.9847,-0.35999,-0.03223,-1.08789,191.5878,120.5115,-20.6489
683317065,1.99994,1.99994,1.99994,-28.2137,197.4580,156.7405,-0.39355,0.01770,-1.07227,183.8092,118.9160,-13.5649
683318069,1.99994,1.99994,1.99994,87.7328,-5.9924,100.8550,-0.42651,0.06555,-1.06030,173.4962,116.2595,-6.4504
683319067,1.99994,1.99994,1.99994,250.1298,-250.1374,46.7176,-0.45691,0.10986,-1.05200,160.8321,112.6489,0.6794
683320067,1.99994,1.99994,1.99994,250.1298,-250.1374,-3.1450,-0.50879,0.17993,-1.03906,129.2672,102.5573,14.8015
683321067,-0.03357,-2.00000,1.99994,250.1298,-250.1374,-50.7939,-0.53064,0.20508,-1.03577,110.7634,95.9389,21.6107
683322065,-2.00000,-2.00000,-0.54614,250.1298,-250.1374,-85.4198,-0.54956,0.22498,-1.03503,90.7557,88.4427,28.1527
683323065,-2.00000,-2.00000,-2.00000,250.1298,-250.1374,-59.8473,-0.56482,0.24048,-1.03552,69.5267,80.1756,34.3969
683324065,-2.00000,-2.00000,-2.00000,250.1298,-250.1374,20.5649,-0.57654,0.25061,-1.03650,47.3359,71.1679,40.2824
683325065,-2.00000,-2.00000,-2.00000,227.9695,-250.1374,101.1221,-0.58350,0.25476,-1.03809,24.4504,61.4885,45.7405
683326065,-2.00000,-2.00000,-2.00000,55.9313,-250.1374,163.2901,-0.58521,0.25415,-1.04077,1.1069,51.2519,50.7710
683327065,-2.00000,-0.95520,-2.00000,-82.5420,-232.1298,219.4046,-0.58228,0.24939,-1.04456,-22.4198,40.6031,55.3359
683328065,-2.00000,-2.00000,-2.00000,-161.3359,-57.3282,250.1298,-0.57422,0.24084,-1.04993,-45.8855,29.6489,59.3893
683329065,-2.00000,-2.00000,-2.00000,-169.5954,158.2748,250.1298,-0.56152,0.22754,-1.05811,-69.0611,18.4656,62.8397
683330065,-2.00000,-2.00000,-2.00000,-126.1069,250.1298,207.0382,-0.54553,0.20862,-1.06763,-91.6794,7.1374,65.6718
683331068,-1.13379,-2.00000,0.23743,-42.2443,244.1145,146.7481,-0.52612,0.18420,-1.07666,-113.5191,-4.1756,67.8855
683332068,-0.37708,-2.00000,1.99994,95.3130,95.3282,75.0534,-0.50220,0.15625,-1.08521,-134.3740,-15.3282,69.4733
683333067,1.09424,-0.22156,1.99994,250.1298,-43.6565,7.7328,-0.47388,0.12549,-1.09412,-154.1069,-26.2366,70.4122
683334067,1.99994,1.99994,1.99994,250.1298,-142.5191,-28.9924,-0.44226,0.09204,-1.10352,-172.5802,-36.8244,70.7023
683335067,1.99994,1.99994,1.99994,250.1298,-228.5802,-51.4427,-0.40820,0.05615,-1.11401,-189.6641,-46.9924,70.3740
683336067,1.80139,1.99994,1.99994,250.1298,-250.1374,-72.7481,-0.37036,0.01697,-1.12512,-205.1832,-56.6031,69.4122
683337067,1.99994,1.99994,1.99994,250.1298,-250.1374,-74.9542,-0.32764,-0.02527,-1.13855,-219.0458,-65.5496,67.8321
683338065,1.66772,0.98938,1.99994,250.1298,-250.1374,-39.1985,-0.28491,-0.06738,-1.15015,-231.1450,-73.6794,65.6336
683339069,-0.56445,0.09241,0.54541,250.1298,-250.1374,-0.6947,-0.24207,-0.11194,-1.15991,-241.5496,-81.0763,62.9466
683340068,-1.06592,-0.40979,-0.89624,250.1298,-250.1374,7.4580,-0.19763,-0.16016,-1.17041,-250.1374,-87.8244,59.8015
683341068,-0.36560,-0.43604,0.52551,250.1298,-250.1374,24.5115,-0.15405,-0.20837,-1.18115,-250.1374,-93.7328,56.2290
683342068,-0.33716,0.54175,-0.14673,250.1298,-250.1374,67.5267,-0.11023,-0.25891,-1.19287,-250.1374,-98.6794,52.3359
683343067,-1.50525,1.97095,-2.00000,250.1298,-250.1374,117.1145,-0.06653,-0.31091,-1.20337,-250.1374,-102.6870,48.1985
683344067,-1.96960,1.59302,-2.00000,250.1298,-250.1374,168.2290,-0.02478,-0.36084,-1.21313,-250.1374,-105.7481,43.8244
683345068,-1.14685,-0.55603,-1.83972,240.2290,-250.1374,214.0000,0.01428,-0.40857,-1.22241,-250.1374,-107.8626,39.2595
683346068,-1.17883,-1.89368,-2.00000,170.1221,-250.1374,237.1450,0.05066,-0.45471,-1.23047,-250.1374,-109.0687,34.5344
683347068,-2.00000,-2.00000,-2.00000,152.0076,-250.1374,228.0840,0.08594,-0.49829,-1.23596,-250.1374,-109.3435,29.6947
683348068,-2.00000,-2.00000,-2.00000,151.5267,-250.1374,205.7252,0.11963,-0.53809,-1.23938,-250.1374,-108.6870,24.8321
683349068,-2.00000,-2.00000,-2.00000,66.7328,-250.1374,213.7099,0.15100,-0.57336,-1.24231,-250.1374,-107.1908,19.9618
683350068,-2.00000,-2.00000,-2.00000,-21.1832,-247.1069,219.5802,0.17981,-0.60437,-1.24390,-244.5725,-104.8931,15.1374
683351064,-2.00000,-2.00000,-2.00000,16.2519,-129.6183,142.1908,0.20605,-0.63208,-1.24438,-236.4656,-101.8397,10.4198
683352069,-2.00000,-2.00000,-0.94275,93.1908,54.3282,41.3969,0.22974,-0.65613,-1.24475,-227.3740,-98.0305,5.8550
683353064,-2.00000,-2.00000,-0.90222,80.2214,127.7023,12.5420,0.24866,-0.67651,-1.24365,-217.4046,-93.5191,1.4733
683354069,-2.00000,-0.81799,-2.00000,19.2901,110.4504,37.6489,0.26306,-0.69287,-1.24146,-206.6641,-88.4046,-2.6947
683355064,-1.40137,-2.00000,-2.00000,-28.5267,216.9847,55.6641,0.27368,-0.70557,-1.23755,-195.2748,-82.7176,-6.5725
683356064,1.99994,-2.00000,1.50354,-70.7634,250.1298,47.8550,0.28076,-0.71631,-1.23291,-183.3206,-76.4962,-10.1679
683357069,1.99994,-2.00000,1.99994,-68.6794,212.0763,20.0458,0.28564,-0.72424,-1.22888,-170.8931,-69.8092,-13.4733
683358068,1.99994,-0.57446,1.99994,16.9237,59.9313,-30.4962,0.28735,-0.72766,-1.22388,-158.0534,-62.7710,-16.4504
683359068,1.99994,1.17224,1.99994,119.2214,-119.6031,-69.9160,0.28516,-0.72632,-1.21765,-144.8931,-55.4351,-19.0687
683360067,1.64062,-2.00000,1.76270,-0.4809,-250.1374,-25.7176,0.27917,-0.72119,-1.21130,-131.4962,-47.8779,-21.3435
683361068,-1.05933,-2.00000,-2.00000,-137.0382,-250.1374,2.9008,0.26941,-0.71240,-1.20544,-117.9924,-40.1527,-23.3130
683362067,-2.00000,-2.00000,-2.00000,-166.1527,-250.1374,-9.3282,0.25708,-0.69946,-1.19922,-104.5115,-32.3053,-24.9771
683363068,-2.00000,-0.11267,-2.00000,-127.9847,-250.1374,-29.8855,0.24231,-0.68237,-1.19177,-91.1298,-24.4351,-26.2901
683364068,-2.00000,1.72424,-2.00000,-155.9695,-250.1374,1.3740,0.22571,-0.66199,-1.18286,-77.8931,-16.6412,-27.2595
683365068,-2.00000,0.59460,-2.00000,-250.1374,-248.8855,73.6947,0.20691,-0.63843,-1.17310,-64.8931,-9.0153,-27.9160
683366068,-2.00000,-2.00000,-2.00000,-250.1374,-198.3206,122.8397,0.18518,-0.61169,-1.16382,-52.2366,-1.5954,-28.2595
683367068,-2.00000,-2.00000,-2.00000,-250.1374,-81.5496,105.2366,0.16260,-0.58142,-1.15356,-40.0076,5.5802,-28.3206
683368068,-2.00000,-2.00000,-2.00000,-250.1374,26.1985,27.6031,0.13879,-0.54785,-1.14233,-28.3206,12.4656,-28.1145
683369064,-2.00000,-0.56519,-2.00000,-211.5649,51.8244,-73.8015,0.11377,-0.51172,-1.13037,-17.2519,18.9695,-27.6718
683370069,-0.94336,1.99994,-2.00000,-76.5878,13.5573,-157.2672,0.08765,-0.47388,-1.11694,-6.8855,25.0763,-27.0076
683371068,0.16211,1.99994,-2.00000,0.9695,-64.6870,-200.7405,0.05969,-0.43530,-1.10339,2.7176,30.7023,-26.1450
683372068,0.09705,-0.34631,-2.00000,27.9466,-141.7252,-231.6870,0.03198,-0.39673,-1.09045,11.5496,35.8321,-25.0611
683373067,-0.87061,-1.74390,-2.00000,71.5649,-177.4733,-250.1374,0.00598,-0.35999,-1.07715,19.5496,40.4580,-23.7557
683374067,-1.25464,0.04126,-2.00000,142.2366,-166.3206,-250.1374,-0.01880,-0.32593,-1.06372,26.7176,44.5496,-22.2595
683375068,-1.03015,1.99994,-2.00000,162.3130,-129.1603,-250.1374,-0.04211,-0.29333,-1.05017,33.1221,48.0916,-20.5802
683376067,-1.27356,1.99994,-2.00000,83.5649,-100.4809,-250.1374,-0.06348,-0.26245,-1.03467,38.8015,51.1069,-18.7328
683377068,-1.61182,1.99994,-2.00000,-48.7328,-83.0916,-196.0763,-0.08337,-0.23425,-1.01721,43.7634,53.6031,-16.7328
683378067,-1.48828,1.99994,-2.00000,-152.3817,-49.2672,-115.1298,-0.10156,-0.20703,-0.99878,48.0305,55.5878,-14.6260
683379067,-0.62024,1.99994,-2.00000,-178.5573,6.0229,-82.7176,-0.11755,-0.18066,-0.98132,51.7176,57.0916,-12.4122
683380068,0.46472,1.99994,-2.00000,-159.3664,55.4351,-56.2977,-0.13232,-0.15649,-0.96484,54.8702,58.1603,-10.0992
683381068,1.08118,1.99994,-2.00000,-154.2137,68.1069,-9.7557,-0.14612,-0.13440,-0.94751,57.4885,58.8092,-7.7099
683382067,1.80847,1.99994,-2.00000,-129.2901,38.2672,17.7481,-0.15784,-0.11475,-0.92944,59.6183,59.0458,-5.2901
683383067,1.99994,1.99994,-1.31860,-35.8473,-39.5038,0.1527,-0.16687,-0.09656,-0.91125,61.3130,58.9008,-2.8473
683384067,1.73279,1.99994,-2.00000,81.8321,-147.6260,-48.4427,-0.17346,-0.07947,-0.89429,62.5954,58.4046,-0.3893
683385067,0.17676,1.99994,-2.00000,161.4198,-234.2901,-98.3206,-0.17908,-0.06384,-0.87891,63.4580,57.5725,2.0458
683386067,-0.68457,1.93909,-2.00000,225.7710,-234.9389,-143.6794,-0.18420,-0.04919,-0.86572,63.9389,56.3969,4.4427
683387067,-0.77039,1.99994,-2.00000,250.1298,-169.6336,-182.6260,-0.18799,-0.03516,-0.85339,64.0916,54.8931,6.7786
683388067,-1.42371,1.99994,-2.00000,250.1298,-123.6565,-183.6947,-0.19043,-0.02271,-0.84070,63.9771,53.0840,9.0763
683389067,-2.00000,1.99994,-2.00000,187.9924,-88.6870,-144.9466,-0.19104,-0.01208,-0.82861,63.5802,51.0153,11.2748
683390068,-2.00000,1.99994,-2.00000,142.2672,-17.6947,-107.0840,-0.18970,-0.00330,-0.81824,62.8855,48.6947,13.3664
683391068,-1.73572,1.99994,-2.00000,130.6794,53.3359,-82.8702,-0.18726,0.00342,-0.80859,61.9466,46.1527,15.3435
683392068,-1.30322,1.99994,-2.00000,79.9389,93.8015,-45.9847,-0.18481,0.00830,-0.79932,60.8092,43.4046,17.2061
683393068,-1.05347,1.99994,-2.00000,16.6336,116.1374,-7.3206,-0.18188,0.01099,-0.79297,59.5420,40.4656,18.9160
683394067,-0.43848,1.99994,-2.00000,16.0611,120.5649,6.2366,-0.17810,0.01245,-0.78992,58.1450,37.3359,20.4580
683395067,0.80359,1.99994,-2.00000,70.8855,103.0153,3.5420,-0.17346,0.01270,-0.78796,56.6489,34.0840,21.8626
683396068,1.32019,1.99994,-1.48511,128.5496,54.5344,-0.4351,-0.16772,0.01160,-0.78735,55.0687,30.6947,23.1221
683397067,0.72998,1.99994,-1.99072,180.1756,1.1832,-8.0763,-0.16138,0.01050,-0.78870,53.4198,27.1985,24.2137
683398067,0.23279,1.99994,-2.00000,213.4122,-13.0076,-14.9313,-0.15454,0.00952,-0.79187,51.7252,23.6260,25.0992
683399067,0.04333,1.26953,-2.00000,195.3511,13.9542,-15.4962,-0.14807,0.00732,-0.79578,49.9771,19.9847,25.7481
683400068,-0.12561,1.67737,-2.00000,146.3359,54.1908,-11.1679,-0.14233,0.00513,-0.80127,48.2137,16.3053,26.1832
683401068,-0.23279,1.99994,-2.00000,119.5573,82.0382,-2.2061,-0.13733,0.00415,-0.81018,46.4351,12.5878,26.4198
683402067,-0.17993,1.99994,-2.00000,117.8321,92.1374,8.7481,-0.13269,0.00269,-0.82166,44.6412,8.8168,26.4351
683403068,0.03772,1.99994,-2.00000,94.5344,98.3969,28.2366,-0.12744,0.00000,-0.83398,42.8473,4.9924,26.2748
683404067,0.34521,1.99994,-1.85107,46.6183,104.6183,58.5878,-0.12341,-0.00293,-0.84656,41.0611,1.2214,25.9313
683405068,0.77600,1.99994,-1.26941,23.0305,105.5344,81.6412,-0.12085,-0.00586,-0.85950,39.2519,-2.4504,25.3969
683406068,1.22485,1.99866,-0.36536,47.7252,89.4122,84.8015,-0.11938,-0.00854,-0.87378,37.3740,-6.0534,24.6641
683407068,1.34155,1.99994,-0.01343,98.5344,45.2748,76.7099,-0.11902,-0.01086,-0.88928,35.4351,-9.5954,23.7405
683408068,1.01868,1.99994,-0.79041,140.4580,-10.3206,70.0458,-0.11865,-0.01343,-0.90479,33.4198,-13.0305,22.6565
683409067,0.46741,1.91089,-1.81921,157.3359,-49.1450,69.9313,-0.11755,-0.01611,-0.91919,31.3817,-16.2977,21.4275
683410067,-0.15149,0.83264,-2.00000,160.8702,-57.4351,71.1679,-0.11572,-0.01880,-0.93311,29.2901,-19.3740,20.0840
683411068,-0.75586,-0.22485,-2.00000,161.1221,-38.0305,66.3511,-0.11328,-0.02185,-0.94629,27.1374,-22.2290,18.6183
683412067,-1.33765,-0.34790,-2.00000,144.8015,-6.3282,61.8397,-0.10925,-0.02600,-0.95923,24.9313,-24.8702,17.0992
683413068,-1.90308,0.21655,-2.00000,102.0458,32.2672,67.9847,-0.10376,-0.03174,-0.97156,22.6641,-27.2901,15.5267
683414068,-1.95361,0.85168,-2.00000,47.4809,86.3893,84.1450,-0.09851,-0.03918,-0.98315,20.3740,-29.4351,13.9389
683415068,-1.38501,1.27344,-2.00000,-6.4656,138.3969,108.7405,-0.09375,-0.04761,-0.99536,18.0840,-31.3053,12.3664
683416068,-1.04724,1.47119,-2.00000,-53.4046,160.0840,137.8550,-0.08838,-0.05615,-1.00684,15.8015,-32.9008,10.8321
683417067,-0.92236,1.30396,-2.00000,-71.1374,166.3969,159.0763,-0.07739,-0.07812,-1.02539,11.4580,-35.2443,7.9237
683418068,-0.20129,0.62109,-1.26672,-48.9084,172.8779,164.7252,-0.06982,-0.09241,-1.03540,9.4198,-35.9924,6.6031
683419068,0.74487,-0.10657,0.17871,-12.8931,159.6489,160.5649,-0.06299,-0.10742,-1.04504,7.4962,-36.4504,5.3969
683420068,1.10120,-0.49634,0.80945,17.6718,119.1527,152.5725,-0.05725,-0.12305,-1.05542,5.7023,-36.6183,4.3053
683421067,1.01685,-0.74072,0.82361,50.9084,75.5191,138.6260,-0.05127,-0.13855,-1.06714,4.0687,-36.4885,3.3130
683422068,0.86438,-1.17847,1.15503,81.2901,49.8702,122.1908,-0.04468,-0.15381,-1.07935,2.6718,-36.1069,2.4427
683423068,0.55737,-1.88843,1.48364,85.3359,43.3282,111.2595,-0.03906,-0.16833,-1.09143,1.5420,-35.5115,1.6947
683424068,-0.01672,-2.00000,0.95898,61.7939,42.8015,107.2137,-0.03625,-0.18103,-1.10425,0.6412,-34.7252,1.0611
683425067,-0.60168,-2.00000,0.16785,28.8244,47.0076,103.2977,-0.03467,-0.19275,-1.11780,-0.0611,-33.7481,0.5267
683426067,-0.74109,-2.00000,0.00623,3.2672,60.6870,94.4809,-0.03369,-0.20386,-1.13110,-0.5649,-32.5878,0.0687
683427067,-0.65808,-1.98486,0.29797,-28.9008,71.3969,91.5954,-0.03430,-0.21387,-1.14502,-0.8626,-31.2519,-0.3359
683428068,-0.62305,-1.33167,0.25305,-75.1527,66.4351,103.7176,-0.03516,-0.22278,-1.15918,-0.9695,-29.7786,-0.6870
683429068,-0.49426,-1.26807,0.26697,-111.2061,56.6031,117.4046,-0.03577,-0.22974,-1.17249,-0.8931,-28.1756,-0.9542
683430068,-0.27710,-1.38416,0.54700,-119.9466,43.7786,122.0229,-0.03613,-0.23511,-1.18494,-0.6870,-26.4427,-1.1756
683431068,-0.04651,-1.38831,0.58582,-104.3969,22.1908,116.6412,-0.03735,-0.23901,-1.19617,-0.3969,-24.6641,-1.3588
683432067,-0.07727,-1.06128,0.28906,-70.1603,-10.9237,102.9084,-0.04053,-0.24121,-1.20703,-0.0229,-22.8397,-1.5038
683433068,-0.41211,-0.71021,-0.28882,-27.5115,-45.7710,87.7252,-0.04370,-0.24133,-1.21802,0.3893,-20.9618,-1.6183
683434068,-0.88086,-0.72205,-0.95422,5.2443,-65.6107,76.1832,-0.04492,-0.24072,-1.22717,0.8244,-19.0534,-1.7328
683435068,-1.44153,-1.33276,-1.61694,21.2214,-64.1450,67.9542,-0.04700,-0.23914,-1.23376,1.2748,-17.1374,-1.8626
683436068,-2.00000,-2.00000,-2.00000,28.7557,-40.8779,56.8702,-0.05103,-0.23645,-1.23767,1.6718,-15.2214,-1.9771
683437067,-2.00000,-2.00000,-2.00000,28.8015,-4.3740,41.4046,-0.05505,-0.23303,-1.23975,1.9695,-13.3206,-2.0763
683438068,-2.00000,-2.00000,-2.00000,8.1069,31.9084,30.4198,-0.05872,-0.22864,-1.24084,2.1450,-11.3893,-2.1450
683439068,-2.00000,-1.95093,-2.00000,-27.7405,65.5267,29.8168,-0.06128,-0.22461,-1.24011,2.2214,-9.4351,-2.1985
683440068,-2.00000,-1.46948,-2.00000,-62.0229,97.0534,36.4427,-0.06384,-0.22144,-1.23828,2.1985,-7.4809,-2.2519
683441067,-2.00000,-1.37732,-2.00000,-94.6489,116.1679,48.2290,-0.06604,-0.21973,-1.23645,2.0992,-5.5267,-2.3130
683442067,-1.65881,-1.34570,-1.65039,-126.6489,119.6183,60.7710,-0.06689,-0.22009,-1.23389,1.9542,-3.5496,-2.3511
683443068,-1.26965,-1.07727,-1.14539,-143.6489,119.0916,66.3893,-0.06750,-0.22217,-1.23047,1.7634,-1.5191,-2.3359
683444068,-0.72485,-0.73987,-0.10449,-137.1527,117.7328,63.4962,-0.06738,-0.22510,-1.22681,1.5496,0.4962,-2.2901
683445067,-0.22302,-0.54199,0.80542,-116.3206,104.5267,56.5038,-0.06604,-0.22961,-1.22278,1.3969,2.4580,-2.2366
683446067,-0.13672,-0.49219,0.99756,-88.3740,78.4351,47.0611,-0.06396,-0.23682,-1.21826,1.3511,4.3893,-2.1374
683447067,-0.35754,-0.56946,0.66968,-52.6336,53.2366,32.9313,-0.06140,-0.24585,-1.21326,1.4122,6.3206,-2.0076
683448068,-0.64026,-0.76624,0.31897,-18.3969,41.1679,16.3053,-0.05872,-0.25537,-1.20874,1.6183,8.2748,-1.8473
683449067,-0.84338,-1.01074,0.14709,2.2061,41.9542,2.3206,-0.05664,-0.26611,-1.20398,2.0305,10.2290,-1.6107
683450068,-1.04272,-1.17505,0.01770,6.5573,45.1450,-4.9084,-0.05444,-0.27856,-1.19983,2.6565,12.1374,-1.3282
683451068,-1.25769,-1.30603,-0.28223,-3.5954,45.6336,-3.8015,-0.05078,-0.29175,-1.19653,3.4962,13.9695,-1.0534
683452068,-1.35876,-1.39478,-0.57642,-26.9542,48.6412,3.4046,-0.04834,-0.30505,-1.19287,4.5725,15.7481,-0.7863
683453068,-1.34668,-1.37378,-0.71436,-60.1756,52.8092,14.7328,-0.04761,-0.31848,-1.18787,5.9389,17.4962,-0.4733
683454068,-1.24780,-1.28918,-1.10645,-94.7023,51.5420,27.8397,-0.04663,-0.33215,-1.18164,7.6031,19.2290,-0.1908
683455068,-1.23230,-1.19165,-1.73645,-119.8168,41.6412,37.7939,-0.04529,-0.34546,-1.17432,9.5267,20.9313,0.1069
683456068,-1.27905,-1.16858,-1.83557,-126.7023,31.8397,39.3817,-0.04407,-0.35754,-1.16638,11.7252,22.5802,0.3969
683457068,-1.13306,-1.07996,-1.11548,-118.6947,35.1832,31.7863,-0.04358,-0.36719,-1.15942,14.1298,24.1985,0.6565
683458067,-1.00012,-0.70972,-0.55811,-109.0229,47.9237,21.8321,-0.04199,-0.37463,-1.15393,16.7557,25.7328,0.9237
683459068,-1.16785,-0.28918,-0.87207,-92.9313,62.1985,11.9160,-0.03906,-0.38147,-1.14746,19.6107,27.1450,1.1756
683460068,-1.47473,-0.18506,-1.38733,-57.0840,78.2214,-2.2443,-0.03528,-0.38721,-1.13916,22.6641,28.4885,1.3969
683461068,-1.69946,-0.42346,-1.50537,-16.3664,95.2061,-18.9160,-0.03113,-0.39136,-1.13086,25.9237,29.7863,1.5420
683462067,-1.74609,-0.65918,-1.60181,5.3206,107.6260,-31.1603,-0.02795,-0.39490,-1.12280,29.3435,31.0305,1.6031
683463068,-1.60168,-0.54602,-1.71826,10.4198,114.2366,-37.4122,-0.02625,-0.39722,-1.11462,32.8779,32.2290,1.6031
683464068,-1.41162,-0.14514,-1.34619,9.3511,114.7786,-37.2290,-0.02576,-0.39832,-1.10706,36.4809,33.3511,1.5496
683465068,-1.22681,0.23462,-0.64954,-4.9618,111.8244,-27.6336,-0.02539,-0.39880,-1.09937,40.1298,34.4046,1.4122
683466068,-0.97632,0.26624,-0.11951,-36.3817,109.9847,-8.2901,-0.02588,-0.39819,-1.09180,43.8397,35.3664,1.2214
683467068,-0.86755,0.09973,0.04370,-68.2061,106.2061,11.1756,-0.02759,-0.39612,-1.08545,47.5725,36.2519,0.9313
683468067,-0.93530,0.08350,-0.31934,-84.1679,97.4809,22.5573,-0.02930,-0.39429,-1.08142,51.3359,37.0840,0.5954
683469068,-1.00525,0.18652,-0.80188,-83.5191,85.4046,24.9618,-0.03174,-0.39319,-1.07837,55.1069,37.8321,0.1985
683470068,-0.99121,0.32678,-0.59131,-66.1069,76.5802,18.0840,-0.03516,-0.39148,-1.07434,58.8550,38.4427,-0.2290
683471068,-0.85327,0.66235,0.14673,-36.3206,76.7405,4.4046,-0.03784,-0.38879,-1.07019,62.5420,38.9542,-0.6565
683472067,-0.76343,1.26477,0.26355,-7.2901,79.8473,-7.5954,-0.03918,-0.38525,-1.06665,66.1756,39.3664,-1.0840
683473068,-0.94336,1.74072,-0.50623,19.8626,81.8855,-14.9084,-0.04004,-0.38086,-1.06360,69.7405,39.7023,-1.5420
683474068,-1.23279,1.66882,-1.15271,49.2824,86.8015,-19.7176,-0.04224,-0.37634,-1.06091,73.1985,39.9542,-2.0229
683475067,-1.30615,1.09448,-1.16589,68.4275,95.6794,-19.6794,-0.04529,-0.37146,-1.05908,76.5420,40.0916,-2.4733
683476068,-1.22302,0.51770,-1.00415,67.8015,102.6336,-12.7634,-0.04810,-0.36523,-1.05701,79.6565,40.1374,-2.9084
683477068,-1.17371,0.43884,-0.84277,56.7176,109.9847,-2.2977,-0.05127,-0.35840,-1.05408,82.6031,40.0916,-3.3130
683478068,-1.11536,0.73425,-0.55371,41.0534,118.8855,13.1221,-0.05383,-0.35229,-1.05115,85.3817,39.9771,-3.7023
683479067,-0.87549,0.76819,-0.06580,16.6718,129.6565,36.1069,-0.05591,-0.34656,-1.04773,87.9160,39.7786,-4.0611
683480068,-0.42651,0.31091,0.84326,-9.2443,142.1908,59.2137,-0.05737,-0.34045,-1.04285,90.0840,39.5191,-4.3511
683481068,0.02026,-0.08252,1.63855,-21.5267,147.1908,70.9160,-0.05798,-0.33411,-1.03772,91.8779,39.1985,-4.5802
683482067,0.26208,0.21753,1.90369,-11.1908,137.8397,67.0153,-0.05762,-0.32849,-1.03394,93.5267,38.8550,-4.7405
683483068,0.44312,0.85999,1.99994,27.4580,119.2366,50.5267,-0.05701,-0.32422,-1.03137,95.0458,38.4733,-4.8702
683484068,0.66199,1.03943,1.99994,80.5420,93.2519,29.9313,-0.05676,-0.32129,-1.02881,96.3435,38.0840,-4.9466
683485068,0.49731,-0.42993,1.99994,131.7557,11.0916,9.6947,-0.05652,-0.31921,-1.02576,97.4809,37.6870,-4.9771
683486068,0.27808,-1.56409,1.76917,155.9695,-20.3206,-1.0992,-0.05579,-0.31726,-1.02234,98.4656,37.2672,-4.9160
683487067,-0.05481,-2.00000,1.42395,179.9618,-39.9313,-12.3893,-0.05359,-0.31580,-1.01782,99.3282,36.8855,-4.8015
683488068,-0.32007,-2.00000,0.99207,177.8473,-45.1679,-15.2137,-0.05066,-0.31628,-1.01208,100.0992,36.5267,-4.6565
683489068,-0.60583,-2.00000,0.90588,149.7939,-37.2061,-5.1069,-0.04761,-0.31909,-1.00696,100.8321,36.1679,-4.4885
683490068,-0.85083,-1.80176,1.44556,107.7939,-18.7939,15.8626,-0.04395,-0.32483,-1.00452,101.5878,35.8702,-4.3282
683491067,-0.55701,-1.89990,1.92883,64.3282,9.0229,34.9542,-0.04077,-0.33301,-1.00403,102.4351,35.6565,-4.1603
683492068,-0.33765,-1.53394,1.66223,45.7099,20.9237,38.0840,-0.03784,-0.34314,-1.00439,103.4351,35.5344,-4.0000
683493068,-0.35168,-1.08228,1.31311,76.8550,11.3740,21.1832,-0.03357,-0.35596,-1.00549,104.6870,35.5115,-3.8626
683494068,0.08777,-1.15076,1.94165,130.6794,-6.9924,-7.6031,-0.02747,-0.37146,-1.00769,106.2672,35.5802,-3.7405
683495068,0.31006,-1.38171,1.99994,156.2366,-47.3664,-31.8931,-0.02100,-0.38892,-1.01160,108.2366,35.7786,-3.6412
683496067,-0.00598,-1.31641,1.89648,170.4962,-95.1832,-52.8092,-0.01514,-0.40869,-1.01611,110.6183,36.0916,-3.6107
683497067,-0.28552,-0.97290,1.19751,211.1908,-126.8092,-77.6031,-0.00830,-0.42981,-1.02087,113.4809,36.5267,-3.6031
683498067,-0.51257,-0.90210,0.82581,250.1298,-143.5420,-95.2901,-0.00073,-0.45129,-1.02722,116.8321,37.1145,-3.6794
683499067,-0.89099,-1.25354,0.21558,250.1298,-148.0916,-91.7252,0.00781,-0.47437,-1.03320,120.7023,37.8550,-3.8244
683500067,-1.40552,-1.68457,-0.74219,206.3893,-137.3511,-65.7786,0.01770,-0.49707,-1.03894,125.1527,38.7328,-4.0458
683501068,-1.79333,-1.93958,-1.52319,126.9466,-111.6183,-30.3588,0.02698,-0.51904,-1.04565,130.1908,39.7863,-4.3130
683502067,-1.93726,-1.93726,-1.42505,67.1374,-73.4198,-2.2595,0.03601,-0.54077,-1.05310,135.7863,41.0229,-4.6183
683503067,-1.96790,-1.83618,-0.50012,42.4733,-38.0382,13.0840,0.04639,-0.56189,-1.06152,141.9008,42.4122,-4.9466
683504067,-1.60620,-1.82019,0.32886,27.1985,-9.4962,21.7939,0.05762,-0.58191,-1.06885,148.5115,43.9771,-5.3206
683505067,-0.98877,-1.76501,0.53784,6.5267,7.4275,24.1756,0.06787,-0.60071,-1.07434,155.6336,45.7176,-5.7786
683506068,-0.66431,-1.43103,0.42761,8.5802,-0.7481,10.1985,0.07703,-0.61938,-1.07886,163.2519,47.6260,-6.2748
683507068,-0.15857,-1.09326,1.24463,67.4122,-25.6031,-27.1832,0.08667,-0.63843,-1.08374,171.3053,49.7099,-6.8244
683508068,0.49463,-0.95020,1.99994,161.3206,-70.5267,-78.0611,0.09680,-0.65674,-1.08923,179.7939,52.0000,-7.4198
683509068,0.49036,-0.81860,1.99994,234.0687,-132.0763,-119.6565,0.10657,-0.67444,-1.09509,188.7328,54.5038,-8.0611
683510068,0.00208,-0.61060,1.70898,250.1298,-183.6947,-140.8244,0.11438,-0.69226,-1.10168,198.1221,57.1832,-8.7176
683511068,-0.14929,-0.53931,1.17786,250.1298,-199.0687,-146.7786,0.12000,-0.70996,-1.10925,207.9389,60.0305,-9.3588
683512067,-0.04370,-0.78125,1.27429,250.1298,-191.9084,-144.5267,0.12463,-0.72827,-1.11658,218.1908,63.0382,-10.0076
683513067,-0.50415,-0.86865,0.59412,250.1298,-198.6107,-137.7481,0.12830,-0.74768,-1.12463,228.8473,66.1985,-10.6794
683514067,-1.10938,-0.65369,-0.67651,250.1298,-203.2977,-124.9924,0.13159,-0.76831,-1.13379,239.8855,69.5115,-11.3740
683515067,-1.31873,-0.36194,-1.31042,238.4427,-188.9542,-102.0382,0.13489,-0.78979,-1.14233,250.1298,73.0076,-12.0687
683516067,-1.51721,-0.11841,-1.55054,164.0534,-168.2290,-67.9542,0.13892,-0.83130,-1.16345,250.1298,80.4733,-13.3206
683517067,-1.60620,-0.08618,-1.90564,103.4198,-151.3588,-38.7939,0.14014,-0.85242,-1.17505,250.1298,84.4427,-13.8855
683518068,-1.55408,-0.18481,-2.00000,98.2824,-143.2290,-30.6718,0.14136,-0.87268,-1.18591,250.1298,88.4351,-14.3740
683519068,-1.53906,-0.47717,-2.00000,124.0153,-143.0229,-37.3206,0.14197,-0.89124,-1.19556,250.1298,92.6031,-14.8015
683520068,-1.54358,-0.72388,-2.00000,129.8321,-137.1221,-44.5725,0.14185,-0.90845,-1.20422,250.1298,96.9695,-15.1679
683521067,-1.50269,-0.72791,-2.00000,110.9084,-120.4046,-47.1908,0.14246,-0.92407,-1.21216,250.1298,101.4656,-15.4885
683522068,-1.28662,-0.80530,-2.00000,101.9695,-99.8397,-51.5725,0.14392,-0.93823,-1.21899,250.1298,106.0534,-15.7405
683523067,-1.07214,-1.26929,-1.55835,121.5191,-77.0840,-62.1145,0.14539,-0.94885,-1.22351,250.1298,110.7557,-15.9237
683524067,-0.92310,-1.40991,-0.51221,151.3206,-51.7328,-78.5802,0.14648,-0.95679,-1.22607,250.1298,115.5725,-16.0611
683525067,-0.60754,-0.65662,0.37805,188.4504,-22.1069,-97.0763,0.14807,-0.96301,-1.22827,250.1298,120.4885,-16.1298
683526068,-0.05469,0.25903,1.88977,248.3740,-2.6107,-119.3588,0.15137,-0.96619,-1.22986,250.1298,125.4962,-16.1450
683527067,1.47046,0.10083,1.99994,250.1298,15.2672,-138.9008,0.15564,-0.96680,-1.23035,250.1298,130.5725,-16.0763
683528067,1.99994,-0.81897,1.99994,250.1298,-10.6718,-145.3817,0.15894,-0.96729,-1.23047,250.1298,135.7099,-15.9618
683529067,1.40857,-1.39441,1.99994,250.1298,-93.9466,-150.4809,0.16211,-0.96704,-1.23059,250.1298,140.8855,-15.8168
683530067,1.65784,-1.85217,1.99994,250.1298,-170.5115,-169.6412,0.16565,-0.96570,-1.23059,250.1298,146.0916,-15.6718
683531065,1.80261,-1.73767,1.99994,250.1298,-250.1374,-179.7863,0.16895,-0.96484,-1.23035,250.1298,151.3053,-15.5038
683532068,0.68347,-0.95203,1.51892,250.1298,-250.1374,-164.4962,0.17163,-0.96558,-1.23083,250.1298,156.4885,-15.3359
683533068,-0.30579,-0.05310,0.36450,250.1298,-250.1374,-141.2595,0.17456,-0.96765,-1.23218,250.1298,161.6489,-15.1756
683534068,-1.01196,0.31335,-0.37769,228.6183,-250.1374,-113.2519,0.17725,-0.97156,-1.23486,250.1298,166.7863,-15.0305
683535067,-1.57483,-0.13989,-1.41199,174.2748,-250.1374,-78.0382,0.17896,-0.97998,-1.24011,250.1298,171.9008,-14.9084
683536068,-2.00000,-0.28491,-2.00000,99.2290,-250.1374,-45.7328,0.18201,-0.99341,-1.24622,250.1298,176.9847,-14.8168
683537067,-2.00000,0.80835,-1.91638,40.1069,-197.6947,-25.5420,0.18579,-1.01160,-1.25244,250.1298,182.0153,-14.7405
683538067,-2.00000,1.99994,-0.52734,85.1298,-102.4122,-36.7557,0.18933,-1.03442,-1.25977,250.1298,187.0229,-14.6641
683539068,-0.93433,1.99994,1.44409,250.1298,-40.1679,-84.2977,0.19373,-1.06152,-1.26843,250.1298,192.0229,-14.6031
683540067,0.75903,0.82617,1.99994,250.1298,-36.4580,-138.1298,0.19983,-1.09204,-1.27808,250.1298,196.9924,-14.5344
683541067,1.80945,-2.00000,1.99994,250.1298,-99.9237,-183.9084,0.20618,-1.12439,-1.28882,250.1298,201.9008,-14.4885
683542067,1.22009,-2.00000,1.99994,250.1298,-227.9924,-231.8626,0.21204,-1.15906,-1.30090,250.1298,206.7405,-14.4122
683543068,1.16504,-2.00000,1.19629,250.1298,-250.1374,-250.1374,0.21729,-1.19482,-1.31592,250.1298,211.5420,-14.2977
683544068,0.79297,-2.00000,-0.27087,250.1298,-250.1374,-250.1374,0.22131,-1.23022,-1.33264,250.1298,216.3435,-14.1603
683545067,-0.59167,-0.50793,-1.46570,250.1298,-250.1374,-250.1374,0.22473,-1.26575,-1.34888,250.1298,221.1603,-14.0382
683546067,-1.54736,-0.45337,-2.00000,250.1298,-250.1374,-248.7557,0.22815,-1.29980,-1.36572,250.1298,225.9313,-13.9084
683547067,-2.00000,-1.26746,-2.00000,250.1298,-250.1374,-187.6565,0.23120,-1.33167,-1.38318,250.1298,230.6794,-13.7023
683548068,-2.00000,-1.72046,-2.00000,250.1298,-250.1374,-113.3359,0.23413,-1.36145,-1.39954,250.1298,235.4351,-13.4351
683549068,-2.00000,-1.08362,-2.00000,89.1603,-250.1374,-49.4962,0.23706,-1.38831,-1.41357,250.1298,240.1374,-13.1221
683550064,-2.00000,1.11401,-2.00000,10.2672,-172.6412,-16.1450,0.24023,-1.41199,-1.42664,250.1298,244.7863,-12.8321
683551064,-2.00000,1.99994,-2.00000,56.2061,-48.8473,-14.9008,0.24353,-1.43286,-1.44116,250.1298,249.3969,-12.5496
683552065,-1.06738,1.99994,-0.75830,231.4351,53.1527,-46.9542,0.24561,-1.45166,-1.45801,250.1298,250.1298,-12.2672
683553069,1.19250,1.99994,1.99994,250.1298,69.2290,-115.8550,0.24695,-1.46851,-1.47485,250.1298,250.1298,-11.9695
683554067,1.99994,1.55042,1.99994,250.1298,-12.2519,-194.4427,0.24866,-1.48303,-1.49109,250.1298,250.1298,-11.7099
683555067,1.99994,0.41174,1.99994,250.1298,-161.7710,-250.1374,0.25098,-1.49646,-1.50598,250.1298,250.1298,-11.4962
683556064,1.99994,0.76025,1.99994,250.1298,-250.1374,-250.1374,0.25415,-1.50916,-1.52087,250.1298,250.1298,-11.3359
683557063,1.99994,1.99994,1.99994,250.1298,-250.1374,-250.1374,0.25818,-1.52136,-1.53650,250.1298,250.1298,-11.2290
683558066,1.99994,1.99994,1.99994,250.1298,-250.1374,-250.1374,0.26208,-1.53430,-1.55261,250.1298,250.1298,-11.1985
683559068,1.99994,1.99994,1.99994,250.1298,-250.1374,-250.1374,0.26538,-1.54932,-1.57104,250.1298,250.1298,-11.2595
683560068,1.99994,1.99994,1.99994,250.1298,-250.1374,-250.1374,0.26965,-1.56726,-1.59045,250.1298,250.1298,-11.3969
683561068,0.06409,-0.10608,1.34546,250.1298,-250.1374,-221.1985,0.27441,-1.58789,-1.61084,250.1298,250.1298,-11.6183
683562067,-0.90845,-2.00000,-1.22559,250.1298,-250.1374,-169.8168,0.27942,-1.61023,-1.63147,250.1298,250.1298,-11.9008
683563068,-0.90662,-1.80127,-2.00000,250.1298,-250.1374,-146.3817,0.28577,-1.63367,-1.65149,250.1298,250.1298,-12.3053
683564068,-2.00000,-0.90588,-2.00000,250.1298,-250.1374,-130.8473,0.29236,-1.65747,-1.67212,250.1298,250.1298,-12.8397
683565068,-2.00000,0.22217,-2.00000,250.1298,-250.1374,-143.4427,0.29895,-1.67957,-1.69385,250.1298,250.1298,-13.5115
683566068,-2.00000,0.28833,-2.00000,250.1298,-250.1374,-168.5115,0.30566,-1.70044,-1.71680,250.1298,250.1298,-14.3359
683567068,-2.00000,-0.23474,-2.00000,250.1298,-250.1374,-143.7863,0.31140,-1.72070,-1.73962,250.1298,250.1298,-15.3053
683568067,-2.00000,-1.40747,-2.00000,250.1298,-250.1374,-66.2901,0.31458,-1.73938,-1.76343,250.1298,250.1298,-16.4122
683569067,-2.00000,-2.00000,-2.00000,250.1298,-250.1374,-33.4962,0.31628,-1.75684,-1.78833,250.1298,250.1298,-17.6718
683570068,-2.00000,-2.00000,-2.00000,250.1298,-128.4427,-81.6794,0.31799,-1.77417,-1.81250,250.1298,250.1298,-19.1069
683571068,-2.00000,-1.02197,-1.91309,250.1298,113.6336,-151.7939,0.31873,-1.79041,-1.83594,250.1298,250.1298,-20.7023
683572068,0.15796,1.99994,1.99994,250.1298,231.0534,-224.4580,0.31873,-1.80505,-1.86060,250.1298,250.1298,-22.5038
683573067,1.99994,1.99994,1.99994,250.1298,250.1298,-250.1374,0.31787,-1.81860,-1.88708,250.1298,250.1298,-24.5878
683574067,1.99994,0.55981,1.99994,250.1298,213.9847,-250.1374,0.31555,-1.83008,-1.91406,250.1298,250.1298,-26.9466
683575067,1.99994,-2.00000,1.99994,250.1298,-18.7710,-250.1374,0.31152,-1.83875,-1.94116,250.1298,250.1298,-29.5802
683576065,1.99994,-2.00000,1.99994,250.1298,-250.1374,-250.1374,0.30664,-1.84326,-1.96790,250.1298,250.1298,-32.5115
683577069,1.99994,-2.00000,1.99994,250.1298,-250.1374,-250.1374,0.30151,-1.84363,-1.99402,250.1298,250.1298,-35.8015
683578068,1.99994,-0.45605,1.99994,250.1298,-250.1374,-250.1374,0.29541,-1.83948,-2.00000,250.1298,250.1298,-39.4809
683579067,1.99994,1.99994,1.99994,250.1298,-250.1374,-250.1374,0.28918,-1.83069,-2.00000,250.1298,250.1298,-43.5802
683580067,1.99994,1.99994,1.99994,250.1298,-250.1374,-250.1374,0.28333,-1.81787,-2.00000,250.1298,250.1298,-48.1069
683581064,0.64795,1.99994,1.99994,250.1298,-250.1374,-250.1374,0.27795,-1.80017,-2.00000,250.1298,250.1298,-53.0763
683582069,-1.11218,1.99994,1.99994,250.1298,-250.1374,-250.1374,0.27380,-1.77820,-2.00000,250.1298,250.1298,-58.4656
683583067,-2.00000,-0.51355,0.61987,250.1298,-250.1374,-250.1374,0.26965,-1.75330,-2.00000,250.1298,250.1298,-64.3130
683584067,-2.00000,-2.00000,-0.93506,250.1298,-250.1374,-250.1374,0.26538,-1.72461,-2.00000,250.1298,250.1298,-70.6107
683585068,-2.00000,-2.00000,-2.00000,250.1298,-250.1374,-250.1374,0.26196,-1.69324,-2.00000,250.1298,250.1298,-77.1985
683586067,-2.00000,-2.00000,-2.00000,250.1298,-250.1374,-250.1374,0.25757,-1.66138,-2.00000,250.1298,250.1298,-84.1374
683587068,-2.00000,-2.00000,-2.00000,250.1298,-250.1374,-250.1374,0.25146,-1.62781,-2.00000,250.1298,250.1298,-91.4962
683588067,-2.00000,-2.00000,-2.00000,250.1298,-250.1374,-250.1374,0.24451,-1.59204,-2.00000,250.1298,250.1298,-99.1908
683589068,-2.00000,-2.00000,-2.00000,250.1298,-250.1374,-250.1374,0.23755,-1.55542,-2.00000,250.1298,250.1298,-107.1145
683590067,-2.00000,-0.52820,-2.00000,250.1298,-250.1374,-250.1374,0.23108,-1.51831,-2.00000,250.1298,250.1298,-115.2061
683591067,-2.00000,0.23389,-2.00000,250.1298,-202.5115,-250.1374,0.22400,-1.47998,-2.00000,250.1298,250.1298,-123.4198
683592068,-2.00000,-2.00000,-2.00000,250.1298,45.4351,-250.1374,0.21533,-1.43945,-2.00000,250.1298,250.1298,-131.7634
683593067,-2.00000,-2.00000,-2.00000,250.1298,124.5496,-240.8244,0.20386,-1.39661,-2.00000,250.1298,250.1298,-140.1221
683594068,-2.00000,-2.00000,-1.01172,250.1298,101.6412,-250.1374,0.18994,-1.35193,-2.00000,250.1298,250.1298,-148.4504
683595068,-0.23303,-2.00000,1.99994,250.1298,26.3740,-250.1374,0.17432,-1.30542,-2.00000,250.1298,250.1298,-156.6412
683596068,1.44507,-0.06360,1.99994,250.1298,-81.9160,-250.1374,0.15747,-1.25696,-2.00000,250.1298,250.1298,-164.6565
683597067,1.99994,1.99994,1.99994,250.1298,-188.5878,-250.1374,0.13928,-1.20520,-2.00000,250.1298,250.1298,-172.4656
683598068,1.99994,1.99994,1.99994,250.1298,-250.1374,-250.1374,0.11853,-1.15051,-2.00000,250.1298,250.1298,-180.0382
683599067,1.99994,0.99683,1.99994,250.1298,-250.1374,-250.1374,0.09558,-1.09351,-2.00000,250.1298,250.1298,-187.3588
683600067,1.99994,1.21228,1.99994,250.1298,-250.1374,-250.1374,0.07275,-1.03381,-2.00000,250.1298,250.1298,-194.3282
683601067,1.99994,1.99994,1.99994,250.1298,-250.1374,-250.1374,0.05029,-0.97498,-2.00000,250.1298,250.1298,-200.8779
683602064,1.99994,1.99994,1.99994,250.1298,-250.1374,-250.1374,0.02588,-0.91797,-2.00000,250.1298,250.1298,-207.0305
683603069,1.99994,1.99994,1.99994,250.1298,-250.1374,-250.1374,-0.00012,-0.85986,-2.00000,250.1298,250.1298,-212.7481
683604067,1.34607,1.57690,1.89734,250.1298,-250.1374,-250.1374,-0.02747,-0.80212,-2.00000,250.1298,250.1298,-217.9542
683605067,1.46960,-2.00000,1.99994,250.1298,-250.1374,-250.1374,-0.05676,-0.75000,-2.00000,250.1298,250.1298,-222.6107
683606068,0.85254,-2.00000,1.99994,250.1298,-250.1374,-250.1374,-0.08887,-0.70276,-2.00000,250.1298,250.1298,-226.6947
683607068,-2.00000,-2.00000,-0.74548,250.1298,-250.1374,-250.1374,-0.12268,-0.65735,-2.00000,250.1298,250.1298,-230.2901
683608068,-2.00000,-2.00000,-2.00000,250.1298,-250.1374,-250.1374,-0.15649,-0.61462,-2.00000,250.1298,250.1298,-233.4504
683609068,-2.00000,-2.00000,-1.96948,250.1298,-250.1374,-250.1374,-0.18970,-0.57532,-2.00000,250.1298,250.1298,-236.1298
683610068,-2.00000,-2.00000,-2.00000,250.1298,-250.1374,-250.1374,-0.22290,-0.53857,-2.00000,250.1298,250.1298,-238.2977
683611068,-2.00000,-2.00000,-2.00000,250.1298,-250.1374,-250.1374,-0.25525,-0.50537,-1.99707,250.1298,250.1298,-239.9466
683612068,-2.00000,-2.00000,-2.00000,250.1298,-250.1374,-250.1374,-0.28564,-0.47559,-1.96484,250.1298,250.1298,-241.1221
683613068,-2.00000,-2.00000,-2.00000,250.1298,-250.1374,-250.1374,-0.31409,-0.44873,-1.93274,250.1298,250.1298,-241.8626
683614068,-2.00000,-0.79797,-1.01624,250.1298,-249.5802,-250.1374,-0.34009,-0.42468,-1.89978,250.1298,250.1298,-242.2366
683615068,-2.00000,1.99994,-0.21606,250.1298,-49.5878,-250.1374,-0.36328,-0.40222,-1.86523,250.1298,250.1298,-242.2595
683616068,-1.44495,1.99994,1.99994,250.1298,250.1298,-250.1374,-0.38391,-0.38196,-1.83191,250.1298,250.1298,-241.9847
683617068,1.99994,1.99994,1.99994,250.1298,250.1298,-250.1374,-0.42114,-0.34619,-1.76611,250.1298,250.1298,-240.7176
683618067,1.99994,0.00049,1.99994,250.1298,241.4580,-250.1374,-0.43689,-0.32922,-1.73352,250.1298,250.1298,-239.8473
683619067,1.99994,-2.00000,1.99994,250.1298,-250.1374,-250.1374,-0.45105,-0.31274,-1.70129,250.1298,250.1298,-238.5954
683620065,1.99994,-2.00000,1.99994,250.1298,-250.1374,-250.1374,-0.46411,-0.29529,-1.66943,250.1298,250.1298,-237.1679
683621065,0.37708,-2.00000,1.99994,250.1298,-250.1374,-250.1374,-0.47534,-0.27979,-1.63708,250.1298,250.1298,-236.0305
683622065,-1.34070,-2.00000,1.99994,250.1298,-250.1374,-250.1374,-0.48572,-0.26758,-1.60242,250.1298,250.1298,-235.0458
683623069,-1.30652,-2.00000,1.41223,250.1298,-250.1374,-250.1374,-0.49500,-0.25635,-1.56763,250.1298,250.1298,-234.0229
683624068,-2.00000,-2.00000,-0.28955,250.1298,-250.1374,-250.1374,-0.50208,-0.24585,-1.53467,250.1298,250.1298,-232.9771
683625068,-2.00000,-2.00000,-1.89868,250.1298,-250.1374,-250.1374,-0.50720,-0.23596,-1.50293,250.1298,250.1298,-231.9466
683626067,-2.00000,-1.12207,0.48218,250.1298,-250.1374,-250.1374,-0.51123,-0.22607,-1.47107,250.1298,250.1298,-230.9542
683627068,-2.00000,0.23828,0.51575,250.1298,-250.1374,-250.1374,-0.51343,-0.21472,-1.43823,250.1298,250.1298,-230.0382
683628068,-2.00000,-0.72766,-2.00000,250.1298,-250.1374,-250.1374,-0.51331,-0.19983,-1.40613,250.1298,250.1298,-229.2519
683629068,-1.76233,-2.00000,-0.58118,250.1298,-207.3359,-250.1374,-0.51086,-0.18140,-1.37390,250.1298,250.1298,-228.6107
683630067,1.99994,-2.00000,1.99994,250.1298,-240.3130,-250.1374,-0.50598,-0.15942,-1.33960,250.1298,250.1298,-228.1374
683631067,1.99994,-2.00000,1.99994,250.1298,-250.1374,-250.1374,-0.49951,-0.13379,-1.30432,250.1298,250.1298,-227.8321
683632067,-1.54846,-2.00000,1.99994,250.1298,-250.1374,-250.1374,-0.49158,-0.10291,-1.26855,250.1298,250.1298,-227.6870
683633067,-2.00000,-2.00000,1.09753,250.1298,-250.1374,-250.1374,-0.48145,-0.06555,-1.23145,250.1298,250.1298,-227.7252
683634067,-2.00000,-2.00000,1.60400,250.1298,-250.1374,-250.1374,-0.47144,-0.02148,-1.19238,250.1298,250.1298,-227.9389
683635068,-2.00000,-2.00000,0.73633,250.1298,-250.1374,-250.1374,-0.46204,0.02917,-1.14978,250.1298,250.1298,-228.3435
683636068,-2.00000,-2.00000,-1.36682,250.1298,-250.1374,-250.1374,-0.45203,0.08545,-1.10486,250.1298,250.1298,-228.9084
683637068,-2.00000,-2.00000,-2.00000,250.1298,-250.1374,-250.1374,-0.44299,0.14709,-1.05713,250.1298,250.1298,-229.6412
683638068,-2.00000,1.99994,-2.00000,250.1298,-250.1374,-250.1374,-0.43481,0.21411,-1.00500,250.1298,250.1298,-230.5649
683639067,-2.00000,1.99994,-0.73547,250.1298,-250.1374,-250.1374,-0.42688,0.28552,-0.94958,250.1298,250.1298,-231.6641
683640067,-2.00000,1.99994,1.99994,250.1298,-131.7634,-250.1374,-0.42029,0.35962,-0.89233,250.1298,250.1298,-232.8397
683641067,-1.28894,0.15222,1.99994,250.1298,172.1908,-250.1374,-0.41553,0.43494,-0.83447,250.1298,250.1298,-234.0382
683642067,1.99994,-2.00000,1.99994,250.1298,234.1527,-250.1374,-0.41284,0.51172,-0.77515,250.1298,250.1298,-235.2519
683643065,1.99994,-2.00000,1.99994,250.1298,-75.6336,-250.1374,-0.41138,0.58899,-0.71521,250.1298,250.1298,-236.4351
683644069,1.99994,-2.00000,1.99994,250.1298,-250.1374,-250.1374,-0.41052,0.66565,-0.65344,250.1298,250.1298,-237.5267
683645068,-0.61719,-2.00000,1.99994,250.1298,-250.1374,-250.1374,-0.40991,0.74170,-0.58826,250.1298,250.1298,-238.5038
683646068,0.19238,-2.00000,1.99994,250.1298,-250.1374,-250.1374,-0.40833,0.81677,-0.51941,250.1298,250.1298,-239.3435
683647067,1.99994,0.90222,1.99994,250.1298,-250.1374,-250.1374,-0.40503,0.89160,-0.44812,250.1298,250.1298,-239.9847
683648067,1.99994,0.81604,1.99994,250.1298,-250.1374,-250.1374,-0.40112,0.96753,-0.37830,250.1298,250.1298,-240.4198
683649065,1.99994,-2.00000,1.99994,250.1298,-250.1374,-250.1374,-0.39807,1.04480,-0.30920,250.1298,250.1298,-240.6565
683650069,-2.00000,-2.00000,0.30786,250.1298,-250.1374,-250.1374,-0.39404,1.12244,-0.24158,250.1298,250.1298,-240.6641
683651064,-2.00000,-2.00000,-0.09607,250.1298,-250.1374,-250.1374,-0.38184,1.19666,-0.18689,250.1298,250.1298,-240.4198
683652065,-2.00000,-2.00000,1.47644,250.1298,-250.1374,-250.1374,-0.34912,1.25635,-0.14392,250.1298,245.2672,-239.8702
683653068,-2.00000,-2.00000,-1.01721,250.1298,-250.1374,-250.1374,-0.31580,1.30090,-0.04004,250.1298,236.8321,-238.9389
683654068,-2.00000,-2.00000,-2.00000,250.1298,-250.1374,-250.1374,-0.29517,1.34949,0.07324,250.1298,227.7634,-237.5878
683655068,-2.00000,-2.00000,-2.00000,250.1298,-250.1374,-250.1374,-0.27881,1.40942,0.12659,250.1298,217.6489,-235.8168
683656068,-2.00000,-0.44910,-2.00000,250.1298,-250.1374,-250.1374,-0.27527,1.48132,0.17444,250.1298,207.7634,-233.7939
683657068,-2.00000,-0.62000,-1.39380,250.1298,-250.1374,-250.1374,-0.28162,1.56384,0.22461,250.1298,198.3359,-231.5878
683658067,-2.00000,0.69531,-2.00000,250.1298,-250.1374,-250.1374,-0.29102,1.65137,0.26550,250.1298,189.0840,-229.1756
683659068,-2.00000,1.99994,-2.00000,250.1298,-250.1374,-250.1374,-0.30322,1.74341,0.29614,250.1298,180.0534,-226.5725
683660068,-2.00000,1.99994,-1.69019,250.1298,-250.1374,-250.1374,-0.31824,1.83643,0.33508,250.1298,171.2901,-223.8168
683661068,-2.00000,1.99994,0.52966,250.1298,-250.1374,-250.1374,-0.33118,1.92700,0.37280,250.1298,162.4580,-220.8473
683662067,-1.18469,1.99994,1.99994,250.1298,-250.1374,-250.1374,-0.34399,1.99994,0.41101,250.1298,153.6412,-217.6260
683663067,0.02942,1.99994,1.99994,250.1298,-250.1374,-250.1374,-0.35889,1.99994,0.45300,250.1298,144.7328,-214.1908
683664067,1.99994,0.24304,1.99994,250.1298,-250.1374,-250.1374,-0.37524,1.99994,0.48840,250.1298,135.8015,-210.4733
683665065,1.99994,0.21960,1.99994,250.1298,-250.1374,-250.1374,-0.39465,1.99994,0.51990,250.1298,126.7863,-206.4351
683666065,1.99994,0.94104,1.99994,250.1298,-250.1374,-250.1374,-0.41418,1.99994,0.54846,250.1298,117.8473,-202.1145
683667069,1.91064,0.22144,1.99994,250.1298,-250.1374,-250.1374,-0.43225,1.99994,0.57996,250.1298,108.9618,-197.5649
683668067,1.99994,-0.84473,1.99994,250.1298,-250.1374,-250.1374,-0.44751,1.99994,0.61279,250.1298,100.0305,-192.8168
683669067,1.15405,-1.89246,1.99994,250.1298,-250.1374,-250.1374,-0.46045,1.99994,0.64282,250.1298,91.0153,-187.9008
683670067,-0.81836,-1.83545,1.99994,250.1298,-250.1374,-250.1374,-0.47290,1.99994,0.67126,250.1298,81.9771,-182.8015
683671068,-2.00000,-0.33362,0.84058,250.1298,-250.1374,-250.1374,-0.48364,1.99994,0.69763,250.1298,72.9008,-177.4733
683672068,-2.00000,0.54541,-0.21411,250.1298,-250.1374,-250.1374,-0.49158,1.99994,0.71875,250.1298,63.8626,-171.7786
683673068,-2.00000,0.89795,-2.00000,250.1298,-250.1374,-250.1374,-0.49683,1.99994,0.73645,250.1298,54.9618,-165.7328
683674064,-2.00000,1.44885,-2.00000,250.1298,-250.1374,-250.1374,-0.49719,1.99994,0.74927,228.6947,46.2214,-159.4122
683675069,-2.00000,1.05334,-2.00000,250.1298,-250.1374,-250.1374,-0.49207,1.99994,0.75940,177.1145,37.7557,-152.8244
683676068,-2.00000,0.63171,-2.00000,250.1298,-250.1374,-250.1374,-0.48486,1.99994,0.76685,126.3969,29.6183,-145.9008
683677068,-2.00000,1.06702,-2.00000,250.1298,-250.1374,-250.1374,-0.47620,1.99994,0.77417,76.9466,21.8473,-138.4580
683678068,-2.00000,1.88501,-2.00000,250.1298,-250.1374,-250.1374,-0.46545,1.99994,0.78333,28.9313,14.3282,-130.7252
683679068,-2.00000,1.99994,-2.00000,250.1298,-250.1374,-250.1374,-0.45276,1.99994,0.78918,-17.3969,7.0611,-122.7710
683680068,-2.00000,0.39221,-2.00000,250.1298,-250.1374,-250.1374,-0.43958,1.99994,0.79236,-61.7939,0.1603,-114.3893
683681068,-2.00000,-2.00000,-2.00000,250.1298,-250.1374,-250.1374,-0.42639,1.99994,0.79480,-104.0687,-6.3206,-105.6107
683682064,-2.00000,-1.28418,-2.00000,250.1298,-250.1374,-250.1374,-0.41345,1.99994,0.79456,-144.0076,-12.3435,-96.5267
683683065,-2.00000,1.99994,-2.00000,250.1298,-212.2061,-250.1374,-0.40002,1.99994,0.79346,-181.4046,-17.9084,-87.2519
683684068,-2.00000,1.99994,-2.00000,155.8321,-39.7481,-250.1374,-0.38660,1.99994,0.79321,-216.1527,-23.0153,-77.7557
683685068,-2.00000,1.99994,-2.00000,43.4733,31.9237,-163.9160,-0.37512,1.93750,0.79260,-248.2290,-27.6947,-67.9771
683686068,-2.00000,1.99994,-2.00000,44.7634,91.6031,-90.9237,-0.36499,1.83264,0.79187,-250.1374,-31.9695,-57.9618
683687068,-1.20239,1.99994,-2.00000,125.8550,175.2519,-87.9008,-0.35559,1.72876,0.79041,-250.1374,-35.8626,-47.7634
683688067,1.28735,1.99994,0.58179,210.9160,183.0763,-106.2137,-0.34436,1.62305,0.78882,-250.1374,-39.4046,-37.5267
683689067,1.06433,1.48193,-0.89111,250.1298,39.7328,-115.6947,-0.33325,1.52332,0.79163,-250.1374,-42.6183,-27.6183
683690068,-2.00000,-2.00000,-2.00000,250.1298,-197.7176,-127.7405,-0.32703,1.42236,0.80383,-250.1374,-45.5725,-18.1374
683691067,-2.00000,-2.00000,-2.00000,250.1298,-250.1374,-172.5954,-0.32373,1.32031,0.81580,-250.1374,-48.1908,-8.6794
683692068,-2.00000,-1.48657,-2.00000,250.1298,-230.2748,-207.6489,-0.32153,1.22803,0.82092,-250.1374,-50.3893,0.9160
683693068,-2.00000,1.99994,-2.00000,250.1298,10.5878,-182.7176,-0.31775,1.13574,0.82678,-250.1374,-52.2595,10.4885
683694068,-2.00000,1.99994,-2.00000,148.2366,203.9771,-117.9847,-0.31140,1.04370,0.83569,-250.1374,-53.8244,19.7328
683695067,-2.00000,1.99994,-2.00000,46.6489,250.1298,-33.7099,-0.30261,0.95166,0.84631,-250.1374,-55.0916,28.4733
683696067,-2.00000,1.99994,-2.00000,-94.6260,250.1298,79.5038,-0.29065,0.85950,0.85730,-250.1374,-56.0992,36.7099
683697067,-2.00000,1.99994,-2.00000,-230.7405,250.1298,196.6794,-0.27686,0.77405,0.86926,-250.1374,-56.8397,44.4962
683698068,-2.00000,1.99994,-2.00000,-236.1145,250.1298,246.0840,-0.26062,0.69360,0.88293,-250.1374,-57.3282,51.8397
683699068,-2.00000,0.01697,-0.16760,-114.9008,250.1298,215.2595,-0.24060,0.61292,0.89490,-250.1374,-57.5802,58.7099
683700067,-0.14294,0.70325,1.99994,16.5496,250.1298,160.5038,-0.22009,0.53552,0.90625,-250.1374,-57.6183,65.1069
683701067,0.75232,1.99994,1.99994,98.2672,250.1298,130.6565,-0.19995,0.46179,0.91895,-250.1374,-57.4733,70.9695
683702068,1.46570,1.99994,1.99994,163.9542,250.1298,144.1679,-0.17944,0.39075,0.93115,-250.1374,-57.1145,76.2214
683703068,1.99994,1.99994,1.99994,213.8855,250.1298,189.3740,-0.15881,0.32288,0.94470,-250.1374,-56.5420,80.9008
683704068,1.03442,-1.11572,1.99994,137.0305,250.1298,231.4580,-0.13855,0.25659,0.95728,-250.1374,-55.8321,85.0611
683705067,-2.00000,-2.00000,-1.08606,-21.2519,198.0153,250.1298,-0.11731,0.19031,0.96765,-250.1374,-55.0000,88.7405
683706068,-2.00000,-2.00000,-2.00000,-128.6183,250.1298,250.1298,-0.09619,0.12634,0.97974,-250.1374,-54.0382,91.9313
683707068,-2.00000,1.56653,-2.00000,-219.7939,250.1298,250.1298,-0.07690,0.06763,0.99280,-250.1374,-52.9618,94.5878
683708068,-2.00000,1.99994,-1.70398,-250.1374,250.1298,250.1298,-0.05811,0.01123,1.00696,-250.1374,-51.7786,96.6870
683709068,-2.00000,1.99994,-2.00000,-250.1374,250.1298,250.1298,-0.03955,-0.04419,1.01990,-250.1374,-50.5344,98.3206
683710068,-2.00000,1.99994,-2.00000,-250.1374,250.1298,250.1298,-0.02234,-0.09741,1.02942,-250.1374,-49.2595,99.4733
683711068,-2.00000,-1.78149,0.86011,-250.1374,250.1298,250.1298,-0.00635,-0.14868,1.03711,-250.1374,-47.9847,100.1679
683712067,-1.71985,-2.00000,1.99994,-250.1374,250.1298,250.1298,0.00854,-0.19421,1.04590,-250.1374,-46.6870,100.3664
683713068,-0.62463,-2.00000,1.99994,-152.3969,250.1298,250.1298,0.02332,-0.23401,1.05615,-250.1374,-45.3664,100.0840
683714068,-0.08398,-2.00000,1.99994,26.3740,250.1298,250.1298,0.03577,-0.27319,1.06470,-244.8244,-44.0763,99.3359
683715067,1.81653,-2.00000,1.99994,151.5878,250.1298,250.1298,0.05212,-0.34595,1.07581,-206.6412,-41.6565,96.5725
683716067,1.99994,-2.00000,1.99994,192.4580,250.1298,240.7557,0.05737,-0.37573,1.08044,-187.0153,-40.5115,94.5420
683717067,1.99994,-2.00000,1.99994,160.8931,250.1298,225.3435,0.06079,-0.40198,1.08472,-167.1450,-39.4198,92.0992
683718067,1.99994,-2.00000,1.99994,56.7252,250.1298,223.8473,0.06409,-0.42664,1.08862,-147.1221,-38.3664,89.2748
683719065,1.99994,-2.00000,1.99994,-78.7710,250.1298,232.2290,0.06702,-0.45007,1.09009,-127.0229,-37.3359,86.1145
683720068,1.99994,-2.00000,1.99994,-193.7481,250.1298,229.2824,0.06873,-0.46899,1.08948,-106.9008,-36.3588,82.6260
683721068,1.29822,-2.00000,1.99994,-250.1374,236.4351,222.3359,0.06934,-0.48242,1.08789,-86.7786,-35.4504,78.8397
683722068,1.33655,-2.00000,1.99994,-250.1374,229.8473,218.2824,0.06970,-0.49304,1.08569,-66.7405,-34.6183,74.7557
683723067,1.99994,1.89697,1.99994,-250.1374,240.2901,226.4046,0.07080,-0.50171,1.08289,-46.8244,-33.8397,70.4275
683724067,1.99994,1.99994,1.99994,-250.1374,214.0840,250.1298,0.07227,-0.50732,1.07861,-27.0916,-33.1069,65.9084
683725067,0.07361,1.00830,1.99994,-250.1374,158.0305,250.1298,0.07422,-0.50830,1.07227,-7.5649,-32.4351,61.2443
683726067,-0.05127,-2.00000,1.88855,-250.1374,120.6260,247.2672,0.07593,-0.50464,1.06458,11.6794,-31.8168,56.4656
683727067,0.20642,-2.00000,1.36633,-165.7481,94.1527,206.3435,0.07690,-0.49756,1.05786,30.5878,-31.2214,51.5878
683728068,-0.77881,0.76221,-0.33325,-87.5649,85.3053,175.7023,0.07812,-0.48755,1.05127,49.0000,-30.6489,46.6183
683729068,-0.48975,1.99994,-1.27246,-51.1450,161.1069,189.1221,0.07935,-0.47339,1.04321,66.7939,-30.0992,41.5954
683730067,0.03076,1.99994,-0.43945,-70.8015,243.4962,250.0916,0.07922,-0.45422,1.03369,83.9084,-29.5954,36.5496
683731068,-1.01074,1.99994,-1.09888,-149.9313,250.1298,250.1298,0.07654,-0.42957,1.02197,100.3053,-29.1221,31.5191
683732068,-2.00000,-1.78430,-1.92004,-209.9924,250.1298,250.1298,0.07349,-0.40112,1.00977,115.8931,-28.6947,26.5267
683733067,-2.00000,-2.00000,-0.95544,-207.7557,250.1298,250.1298,0.07141,-0.37061,0.99829,130.6183,-28.3130,21.5573
683734068,-1.27551,-2.00000,1.63550,-188.9313,250.1298,250.1298,0.07092,-0.33655,0.98645,144.4198,-27.9389,16.6565
683735068,-0.02466,-2.00000,1.99994,-214.5802,250.1298,250.1298,0.07202,-0.29858,0.97485,157.2672,-27.5420,11.8626
683736068,0.95715,-2.00000,1.99994,-250.1374,250.1298,250.1298,0.07349,-0.25781,0.96362,169.1298,-27.1221,7.2137
683737068,1.99994,-2.00000,1.99994,-215.7786,250.1298,250.1298,0.07434,-0.21484,0.95068,180.0076,-26.6947,2.7023
683738068,1.99994,-2.00000,1.99994,-171.3206,250.1298,241.4656,0.07471,-0.17163,0.93762,189.9237,-26.2290,-1.7099
683739068,1.99994,-2.00000,1.99994,-130.7023,250.1298,228.3206,0.07544,-0.12976,0.92480,198.9084,-25.7023,-5.9771
683740068,1.99994,-2.00000,1.99994,-96.3511,159.4962,201.5878,0.07629,-0.08850,0.91150,206.9847,-25.0840,-10.0916
683741067,1.99994,-2.00000,1.99994,-107.8473,1.6794,171.0687,0.07593,-0.04626,0.89954,214.1298,-24.3435,-14.0382
683742068,1.99994,-2.00000,1.99994,-148.5191,-108.0076,144.5649,0.07434,-0.00378,0.88843,220.3588,-23.5038,-17.8550
683743068,1.99994,-2.00000,1.99994,-147.0000,-169.2290,118.3435,0.07300,0.03735,0.87573,225.7328,-22.5802,-21.5573
683744068,1.28027,-2.00000,1.99994,-113.2290,-213.8015,98.4733,0.07129,0.07703,0.86243,230.3053,-21.5267,-25.1221
683745068,0.18909,-2.00000,1.99994,-110.3511,-239.2137,88.0534,0.06885,0.11572,0.84973,234.0916,-20.3664,-28.5420
683746067,-1.12671,-2.00000,1.17163,-159.2366,-224.4122,83.4122,0.06628,0.15552,0.83801,237.0534,-19.1069,-31.8015
683747068,-2.00000,-2.00000,-1.15881,-215.9313,-171.1450,75.6794,0.06421,0.19629,0.82715,239.2443,-17.7634,-34.9084
683748068,-2.00000,-2.00000,-1.03333,-230.1603,-88.9313,56.0458,0.06287,0.23608,0.81665,240.7252,-16.3282,-37.8550
683749068,-1.72424,-1.20569,1.40002,-201.0687,-14.7405,34.9313,0.06165,0.27490,0.80701,241.4885,-14.8473,-40.6718
683750068,-0.05676,-0.20557,1.99994,-157.2443,63.5649,28.3588,0.05945,0.31311,0.79700,241.5038,-13.2824,-43.3359
683751067,1.60681,-1.26575,1.99994,-124.4656,138.0382,27.5115,0.05554,0.35156,0.78577,240.7863,-11.7023,-45.8244
683752068,1.73779,-2.00000,1.99994,-119.1450,143.0763,20.7557,0.05115,0.39050,0.77502,239.3511,-10.1450,-48.1527
683753067,1.99994,-2.00000,1.99994,-112.7557,107.7405,-4.0153,0.04663,0.42920,0.76587,237.2366,-8.6107,-50.3359
683754067,1.99994,-2.00000,1.99994,-95.2290,16.9695,-44.9542,0.04163,0.46692,0.75757,234.4580,-7.0763,-52.3511
683755068,1.99994,-2.00000,1.99994,-57.7557,-107.8168,-91.3435,0.03589,0.50378,0.74866,231.0153,-5.5344,-54.1985
683756067,1.99994,-2.00000,1.99994,-7.7328,-190.3282,-133.6718,0.02942,0.54138,0.73987,226.9237,-4.0000,-55.9237
683757067,1.99994,-1.34485,1.99994,12.5725,-244.2290,-155.5191,0.02356,0.57922,0.73401,222.2214,-2.5496,-57.4809
683758067,1.99994,-1.54980,1.99994,-25.3511,-250.1374,-151.0153,0.01819,0.61572,0.72827,216.9389,-1.1603,-58.8550
683759065,1.81384,-1.65955,1.99994,-69.4351,-250.1374,-146.5573,0.01245,0.65076,0.72156,211.0534,0.1756,-60.0382
683760069,1.17615,-1.33179,1.99994,-58.8244,-250.1374,-157.1527,0.00647,0.68506,0.71619,204.5878,1.4351,-60.9847
683761068,1.18237,-1.88977,1.99994,-48.0534,-250.1374,-159.5954,0.00073,0.71899,0.71155,197.5649,2.5573,-61.6794
683762067,0.95593,-2.00000,1.99994,-97.4504,-250.1374,-147.1374,-0.00525,0.75122,0.70679,190.0076,3.5954,-62.1298
683763067,0.47400,-2.00000,1.68311,-147.9008,-250.1374,-144.0076,-0.01147,0.78101,0.70361,181.9313,4.5420,-62.3511
683764068,0.28345,-1.11548,1.16602,-151.8626,-250.1374,-158.8626,-0.01758,0.80957,0.70227,173.3359,5.3893,-62.3817
683765068,0.05530,1.32336,0.54846,-147.4046,-250.1374,-175.7023,-0.02344,0.83606,0.70154,164.2824,6.1298,-62.1603
683766068,-0.00610,1.99994,-1.82837,-149.9924,-250.1374,-184.0153,-0.02966,0.86096,0.70105,154.8015,6.7176,-61.7023
683767067,-0.29175,1.99994,-2.00000,-135.2290,-250.1374,-191.2519,-0.03601,0.88501,0.69983,144.9237,7.1603,-61.0305
683768067,-0.91772,1.99994,-2.00000,-91.5649,-250.1374,-208.5878,-0.04211,0.90601,0.69751,134.7176,7.4885,-60.1069
683769068,-1.23560,1.99994,-2.00000,-41.3435,-250.1374,-232.6565,-0.04810,0.92432,0.69543,124.1908,7.7252,-58.9466
683770068,-1.50757,1.97644,-2.00000,-6.5954,-250.1374,-250.1374,-0.05420,0.94226,0.69495,113.3511,7.8550,-57.5496
683771067,-1.56274,1.99994,-2.00000,23.0840,-250.1374,-250.1374,-0.05969,0.95947,0.69629,102.2214,7.8550,-55.9618
683772068,-1.07153,1.99994,-2.00000,48.8550,-243.4275,-250.1374,-0.06348,0.97437,0.69861,90.8397,7.7557,-54.1832
683773068,-0.76428,1.99994,-2.00000,49.8702,-194.7023,-244.7405,-0.06653,0.98682,0.70105,79.3282,7.5725,-52.1832
683774068,-0.75427,1.99994,-2.00000,35.1069,-165.1298,-225.1832,-0.07019,0.99597,0.70410,67.7405,7.2977,-49.9771
683775068,-0.33203,1.99994,-2.00000,13.7786,-136.2672,-213.5344,-0.07495,1.00256,0.70679,56.0687,6.9237,-47.6336
683776068,0.22876,1.99994,-2.00000,-30.4198,-125.1145,-196.5649,-0.07996,1.00781,0.70874,44.3588,6.4427,-45.1298
683777068,0.68420,1.99994,-2.00000,-81.9313,-135.6565,-172.4275,-0.08447,1.01123,0.71179,32.6336,5.8779,-42.4733
683778067,1.00500,1.99994,-1.65564,-106.1527,-159.0687,-144.5725,-0.08948,1.01172,0.71729,20.9389,5.2137,-39.6794
683779068,0.80042,1.99994,-1.68164,-102.4046,-197.4580,-119.0992,-0.09509,1.00891,0.72375,9.3206,4.4351,-36.7557
683780067,0.43933,1.99994,-1.98132,-85.6947,-222.3511,-103.6489,-0.10181,1.00305,0.72839,-2.1832,3.5649,-33.7481
683781068,0.16113,1.99994,-2.00000,-65.1679,-218.1603,-96.7099,-0.10901,0.99475,0.73352,-13.5038,2.6489,-30.6489
683782067,-0.15308,1.99994,-2.00000,-36.7176,-198.4580,-92.6794,-0.11536,0.98438,0.73962,-24.5725,1.6565,-27.4733
683783067,-0.52087,1.99994,-2.00000,5.4198,-181.3282,-90.5573,-0.12122,0.97144,0.74438,-35.3511,0.5802,-24.2214
683784067,-1.26489,1.99994,-2.00000,46.8092,-167.4046,-91.3053,-0.12598,0.95496,0.74988,-45.7863,-0.5649,-20.9237
683785067,-1.60242,1.99994,-2.00000,70.0229,-126.7328,-98.5191,-0.12964,0.93579,0.75586,-55.8015,-1.7939,-17.5878
683786067,-1.06091,1.99994,-2.00000,59.8092,-57.9618,-104.4351,-0.13367,0.91528,0.75989,-65.3588,-3.0840,-14.2061
683787068,-0.69141,1.99994,-2.00000,23.2366,-3.0916,-96.9008,-0.13672,0.89343,0.76282,-74.4198,-4.3969,-10.8168
683788067,-0.52466,1.99994,-2.00000,-2.4580,22.7710,-83.9695,-0.13867,0.87109,0.76624,-82.9389,-5.7252,-7.4427
683789068,0.10303,1.74963,-1.73657,-7.7939,42.4656,-75.2977,-0.14038,0.84900,0.77051,-90.9389,-7.0840,-4.0687
683790068,0.49939,0.14111,-1.11951,-20.5115,37.2748,-69.6031,-0.14197,0.82703,0.77551,-98.4351,-8.4885,-0.7252
683791068,0.14209,-0.74084,-1.68042,-41.1756,-0.2519,-73.1756,-0.14417,0.80481,0.78040,-105.3969,-9.9389,2.5954
683792068,-0.15564,0.09595,-1.92175,-43.9771,-38.4122,-86.5191,-0.14648,0.78296,0.78516,-111.8473,-11.4046,5.8702
683793068,-0.09875,1.99994,-1.60242,-41.9084,-64.6412,-92.9695,-0.14795,0.76196,0.79053,-117.7939,-12.8626,9.0763
683794067,0.00500,1.99994,-1.40259,-51.1985,-69.7176,-84.0534,-0.14929,0.74133,0.79651,-123.2824,-14.3435,12.2137
683795067,-0.15112,1.99994,-1.35559,-41.0534,-56.1908,-75.1298,-0.15015,0.72034,0.80286,-128.3511,-15.8626,15.2748
683796067,-0.40344,1.99994,-1.56128,-4.1298,-33.6565,-69.2443,-0.15063,0.69995,0.80823,-132.9847,-17.4198,18.2748
683797067,-0.44153,1.99994,-1.64209,14.7328,-0.4351,-57.8321,-0.15076,0.68103,0.81226,-137.1908,-19.0229,21.1679
683798065,-0.45728,1.99994,-1.77002,-0.0534,34.6183,-38.6183,-0.15051,0.66260,0.81543,-141.0000,-20.6870,23.9542
683799069,-0.36475,1.99994,-1.78711,-10.1069,66.4275,-20.0305,-0.15051,0.64233,0.81860,-144.4122,-22.3817,26.6412
683800068,-0.06506,1.99994,-1.10315,13.2214,79.5344,-11.6183,-0.15039,0.62061,0.82288,-147.4198,-24.0916,29.2290
683801068,0.24939,1.99994,-0.40930,53.2672,68.5115,-12.2901,-0.14990,0.59985,0.82739,-150.0229,-25.7786,31.6947
683802067,0.28198,1.99994,-0.27869,72.1069,46.2672,-8.4351,-0.15051,0.57874,0.83105,-152.2443,-27.4427,34.0076
683803068,0.20703,1.99994,-0.32556,58.0687,28.2977,4.9618,-0.15234,0.55688,0.83521,-154.0992,-29.0992,36.1832
683804067,0.34827,1.69214,-0.12744,32.9313,18.3130,20.5954,-0.15405,0.53516,0.84009,-155.5725,-30.7481,38.2214
683805068,0.25439,0.66174,-0.92725,16.3969,-2.8473,30.9771,-0.15454,0.51379,0.84546,-156.7099,-32.3817,40.1145
683806068,-0.59497,-0.15271,-2.00000,4.2443,-44.4656,35.6031,-0.15405,0.49280,0.85059,-157.4656,-33.9924,41.8702
683807068,-1.57959,-0.66272,-2.00000,-17.5725,-63.6565,38.6107,-0.15283,0.47156,0.85510,-157.8015,-35.5573,43.4885
683808068,-1.89368,-1.10986,-2.00000,-54.7176,-30.5038,43.8321,-0.15039,0.44910,0.85876,-157.7252,-37.0611,44.9466
683809068,-1.91382,-0.80811,-2.00000,-92.3053,30.8779,47.0153,-0.14636,0.42603,0.86084,-157.2595,-38.5115,46.2824
683810068,-2.00000,0.74329,-2.00000,-92.6183,95.1603,39.3435,-0.14099,0.40308,0.86218,-156.4198,-39.8855,47.4733
683811068,-1.66467,1.99994,-2.00000,-50.1756,167.4351,25.1298,-0.13428,0.38025,0.86401,-155.1527,-41.1832,48.5115
683812068,-1.20630,1.99994,-2.00000,-20.0840,236.9771,21.5496,-0.12720,0.35852,0.86682,-153.4504,-42.3740,49.3511
683813068,-1.14026,1.99994,-2.00000,-36.3817,250.1298,32.6565,-0.11511,0.31799,0.87146,-148.8244,-44.4809,50.5038
683814068,-1.08569,1.99994,-2.00000,-62.9237,250.1298,39.7328,-0.10815,0.29883,0.87268,-145.9618,-45.3206,50.8779
683815068,-0.51074,1.99994,-2.00000,-47.0305,250.1298,30.6107,-0.10107,0.28040,0.87402,-142.7328,-46.0305,51.1221
683816067,0.50708,1.99994,-0.46985,6.6183,250.1298,20.7405,-0.09424,0.26331,0.87634,-139.1603,-46.6031,51.2061
683817067,0.81372,1.99994,-0.28418,32.3893,228.8015,40.8015,-0.08740,0.24585,0.87939,-135.2366,-47.0534,51.1374
683818067,0.13757,1.99994,-1.23547,1.0992,199.0687,94.6260,-0.07935,0.22839,0.88171,-130.9847,-47.3588,50.8855
683819068,-0.35010,1.99994,-0.02368,-47.6565,203.9618,148.9160,-0.07056,0.21326,0.88342,-126.4351,-47.5038,50.4962
683820067,0.37415,1.99994,1.99994,-77.1527,250.1298,179.5267,-0.06213,0.20007,0.88513,-121.6260,-47.4733,49.9695
683821065,0.77954,1.99994,1.99994,-97.2672,250.1298,194.2824,-0.05444,0.18799,0.88525,-116.5725,-47.3130,49.2901
683822069,0.12524,1.99994,0.49634,-96.6947,250.1298,205.8550,-0.04724,0.17712,0.88440,-111.2748,-47.0229,48.4580
683823067,0.02844,1.99994,0.52600,-54.9542,250.1298,207.7939,-0.04004,0.16711,0.88354,-105.7634,-46.6336,47.4656
683824067,0.69153,1.79993,1.99994,-28.3206,250.1298,208.8168,-0.03247,0.15771,0.88281,-100.0611,-46.1374,46.3511
683825068,1.00537,0.13220,1.99994,-38.9237,250.1298,207.1985,-0.02502,0.14929,0.88330,-94.1832,-45.4885,45.1298
683826067,0.63660,-0.20203,1.99994,-49.5420,231.5573,200.2366,-0.01941,0.14111,0.88550,-88.1679,-44.7099,43.8321
683827067,0.72107,-0.28979,1.59717,-45.0076,205.3740,197.3206,-0.01526,0.13354,0.88770,-82.0534,-43.8244,42.4427
683828068,0.82739,-0.77637,1.99060,-46.8931,174.7099,201.5344,-0.01160,0.12744,0.88831,-75.8626,-42.8397,40.9695
683829068,0.41504,-1.65234,1.99994,-52.3282,153.4198,207.7557,-0.00659,0.12292,0.88806,-69.6183,-41.7710,39.4046
683830068,0.49072,-1.93347,1.99994,-44.5038,165.6794,205.5267,-0.00159,0.11914,0.88904,-63.3511,-40.6412,37.7634
683831067,0.68469,-0.81409,1.99994,-40.6947,183.9847,201.7710,0.00220,0.11633,0.89148,-57.0687,-39.4198,36.1069
683832067,0.47363,-0.60010,1.99994,-53.0763,191.8244,212.2748,0.00598,0.11548,0.89246,-50.8168,-38.1450,34.4427
683833068,0.32715,-2.00000,1.99994,-49.2901,203.3359,215.1679,0.00928,0.11719,0.89197,-44.5954,-36.8550,32.7634
683834067,0.31604,-2.00000,1.99994,-16.5802,191.7405,188.3588,0.01184,0.12048,0.89246,-38.4504,-35.5649,31.0534
683835067,0.31677,-2.00000,1.99994,15.4656,156.5115,143.4122,0.01514,0.12427,0.89355,-32.4122,-34.2901,29.3282
683836068,0.35034,-2.00000,1.99994,28.1908,119.5954,102.7481,0.01746,0.12854,0.89465,-26.4885,-33.0305,27.5954
683837068,0.66382,-2.00000,1.99994,22.8168,96.2824,84.6260,0.01868,0.13354,0.89404,-20.7023,-31.7328,25.9008
683838067,0.98779,-2.00000,1.99994,-3.6870,82.8931,90.9542,0.01965,0.13977,0.89221,-15.0458,-30.4504,24.2290
683839068,0.76782,-2.00000,1.99994,-36.2137,61.2290,102.4962,0.02063,0.14685,0.89185,-9.5573,-29.1679,22.5878
683840068,0.60400,-2.00000,1.99994,-48.4962,48.8702,101.9542,0.02161,0.15503,0.89160,-4.2672,-27.9160,20.9160
683841068,0.67395,-2.00000,1.99994,-52.6260,48.2824,94.5115,0.02112,0.16479,0.89001,0.8092,-26.7023,19.2824
683842068,0.46643,-2.00000,1.99994,-64.0076,39.7328,86.9771,0.02075,0.17493,0.88940,5.6412,-25.4733,17.6870
683843067,0.22375,-2.00000,1.99994,-61.3053,24.4962,74.7786,0.02161,0.18542,0.89062,10.2137,-24.2519,16.1221
683844067,0.10474,-2.00000,1.99994,-34.9084,9.6412,55.9237,0.02173,0.19690,0.89172,14.5267,-23.0611,14.5878
683845067,-0.11951,-2.00000,1.99994,-4.1985,-1.1527,33.0534,0.02197,0.20984,0.89270,18.5954,-21.9160,13.0916
683846065,-0.36621,-2.00000,1.58240,18.2901,-0.3206,12.1145,0.02197,0.22437,0.89331,22.3740,-20.8244,11.6183
683847065,-0.43848,-2.00000,1.39160,29.0687,10.5725,-2.9542,0.02112,0.23926,0.89209,25.8397,-19.7863,10.1450
683848065,-0.30469,-2.00000,1.44348,20.3511,25.2977,-10.4351,0.02075,0.25452,0.89062,28.9542,-18.8244,8.6947
683849069,-0.16858,-2.00000,1.34131,-6.6794,40.1527,-7.3588,0.02002,0.27002,0.89001,31.7099,-17.9313,7.2901
683850068,-0.09314,-1.90259,1.28345,-33.4198,53.0458,1.3969,0.01953,0.28601,0.88965,34.1069,-17.0840,5.9542
683851068,0.16382,-1.50293,1.68567,-49.9313,62.8550,9.3588,0.01929,0.30383,0.88916,36.1374,-16.2824,4.6565
683852068,0.43408,-1.30908,1.99994,-64.6489,62.8702,17.3817,0.01843,0.32263,0.88782,37.8015,-15.5344,3.4198
683853068,0.52039,-1.34216,1.99994,-77.6031,53.7786,21.7328,0.01697,0.34094,0.88489,39.0916,-14.8550,2.2366
683854068,0.67273,-1.38245,1.99994,-75.9466,42.0458,16.1832,0.01526,0.35889,0.88232,40.0000,-14.2366,1.1221
683855068,0.82739,-1.37878,1.99994,-55.5496,23.2824,2.2672,0.01355,0.37622,0.88025,40.5115,-13.6718,0.0458
683856068,0.70154,-1.31006,1.99994,-26.1527,-2.1832,-15.0687,0.01306,0.39319,0.87781,40.6336,-13.1985,-0.9313
683857067,0.41455,-1.05322,1.99994,-1.2443,-22.7634,-31.5573,0.01306,0.40967,0.87561,40.4046,-12.8550,-1.8168
683858067,0.47351,-0.42224,1.99994,11.2290,-21.4198,-43.9618,0.01257,0.42517,0.87390,39.8397,-12.5802,-2.6336
683859067,1.49658,0.57190,1.99994,5.4885,11.0763,-37.9542,0.01147,0.43994,0.87244,38.9160,-12.3511,-3.3282
683860067,1.35498,0.15942,1.99994,8.0153,-1.8931,-28.2137,0.01038,0.45447,0.87048,37.6260,-12.1832,-3.9008
683861068,1.33679,-0.42578,1.99994,16.9924,-28.4885,-25.7405,0.00842,0.46851,0.86902,35.9924,-12.0840,-4.3282
683862067,1.54541,-0.77722,1.99994,-0.1374,-63.7481,-21.6641,0.00488,0.48181,0.86938,34.0382,-12.0534,-4.6565
683863067,1.52966,-0.78247,1.99994,-38.7023,-103.9160,-13.7481,0.00195,0.49426,0.87048,31.8092,-12.0763,-4.8321
683864067,1.29089,-0.44971,1.99994,-50.4198,-140.0534,-12.5725,0.00024,0.50623,0.87097,29.3130,-12.1679,-4.8550
683865067,0.92725,-0.17725,1.99994,-30.5191,-171.5267,-16.5115,-0.00134,0.51794,0.87170,26.5191,-12.2977,-4.7252
683866065,0.49707,-0.34949,1.99994,-19.2595,-190.0229,-18.4427,-0.00342,0.52844,0.87268,23.4427,-12.4733,-4.4656
683867069,0.15540,-0.73901,1.32214,-31.6336,-185.5267,-18.6947,-0.00623,0.53735,0.87170,20.0763,-12.6718,-4.0687
683868067,-0.06958,-0.76770,0.73230,-43.9237,-166.4809,-22.6565,-0.00903,0.54517,0.87085,16.4656,-12.9237,-3.5267
683869067,-0.16736,-0.20288,0.17883,-38.0076,-147.7557,-31.6183,-0.01221,0.55212,0.87024,12.6183,-13.2748,-2.8626
683870067,-0.23425,0.41980,-0.24255,-21.5344,-130.1298,-40.1145,-0.01562,0.55908,0.87061,8.5725,-13.6947,-2.0458
683871065,-0.42151,0.48743,-0.30432,-6.7786,-111.0229,-43.5954,-0.01868,0.56592,0.87244,4.3435,-14.1908,-1.1221
683872065,-0.38037,0.12756,-0.06384,9.0458,-89.1527,-47.6870,-0.02173,0.57153,0.87463,-0.0382,-14.7252,-0.1221
683873065,-0.20544,-0.10693,0.35706,30.6107,-74.2061,-56.3740,-0.02478,0.57605,0.87585,-4.5878,-15.2748,0.9389
683874068,-0.03210,-0.04712,0.71313,48.9771,-72.2595,-65.1527,-0.02795,0.57983,0.87561,-9.2901,-15.8855,2.1145
683875068,0.34912,0.05347,1.12988,56.4656,-73.0305,-68.2519,-0.03198,0.58325,0.87573,-14.0916,-16.5649,3.3511
683876068,0.46130,-0.36169,1.22559,48.8092,-87.0840,-62.3435,-0.03650,0.58667,0.87720,-19.0000,-17.2901,4.6107
683877068,0.32642,-1.18030,1.02698,37.0000,-106.6336,-56.4733,-0.04053,0.59082,0.87915,-23.9847,-18.0534,5.9237
683878067,0.24695,-1.54382,0.87756,27.4504,-126.6794,-57.3359,-0.04382,0.59485,0.88049,-29.0229,-18.8397,7.2901
683879067,0.03845,-1.16968,0.26721,8.0382,-142.7710,-58.1527,-0.04651,0.59778,0.88086,-34.1298,-19.6565,8.6641
683880068,-0.16577,-0.38171,-0.24487,-24.7099,-142.7710,-53.4427,-0.04785,0.60229,0.87964,-39.3053,-20.4885,10.0382
683881067,-0.17371,0.21191,-0.25928,-52.2824,-132.2214,-44.8244,-0.04785,0.60925,0.87732,-44.5878,-21.3206,11.3969
683882067,-0.15698,0.14832,-0.11584,-62.4656,-117.3969,-36.5725,-0.04700,0.61719,0.87549,-49.9924,-22.2137,12.7634
683883067,-0.25903,-0.29199,-0.23486,-61.1450,-100.2824,-33.8550,-0.04504,0.62671,0.87500,-55.5191,-23.1603,14.1756
683884067,-0.39844,-0.70142,-0.46619,-51.7634,-79.5191,-38.5954,-0.04236,0.63806,0.87512,-61.2443,-24.0916,15.6412
683885067,-0.33044,-0.72412,-0.51135,-37.2443,-61.5954,-49.6870,-0.04004,0.65173,0.87671,-67.1908,-25.0382,17.1374
683886067,-0.05994,-0.14587,-0.30884,-26.5802,-51.2214,-60.9389,-0.03796,0.66882,0.88074,-73.4504,-26.0305,18.6489
683887068,0.10352,0.28467,-0.31494,-20.2595,-55.0229,-65.7481,-0.03503,0.68872,0.88635,-80.0992,-27.1069,20.2137
683888067,0.14136,-0.01758,-0.75940,-9.1527,-63.9924,-68.5573,-0.03174,0.71094,0.89172,-87.2290,-28.2366,21.7939
683889068,0.01111,-0.40002,-1.17932,-3.9466,-73.4962,-72.7023,-0.02869,0.73486,0.89746,-94.9084,-29.4275,23.4351
683890068,-0.26660,-0.12915,-1.48621,-24.9695,-76.4427,-71.5344,-0.02661,0.75977,0.90369,-103.1756,-30.7252,25.1527
683891067,-0.41492,0.67358,-1.37439,-68.9847,-60.5420,-60.0229,-0.02734,0.78516,0.90942,-112.0611,-32.1374,26.9008
683892067,-0.40637,1.59045,-1.13513,-109.6260,-35.3282,-42.9160,-0.03052,0.80847,0.91443,-121.5649,-33.6870,28.6489
683893068,-0.29114,1.99994,-1.15088,-124.2519,-9.9160,-26.7176,-0.03491,0.82886,0.91785,-131.6260,-35.3740,30.4351
683894067,-0.22449,1.99994,-1.17517,-115.7252,12.5802,-14.8931,-0.03992,0.84790,0.91882,-142.2290,-37.2137,32.2672
683895068,-0.21765,1.99994,-1.17664,-105.5802,31.6336,-5.0076,-0.04651,0.86414,0.91675,-153.3435,-39.2366,34.0916
683896068,-0.04944,1.99994,-1.01746,-100.0458,48.7176,4.0763,-0.05554,0.87671,0.91357,-164.9313,-41.4275,35.9466
683897068,0.16443,1.99994,-0.70239,-82.5115,53.0687,7.7557,-0.06604,0.88757,0.91064,-176.9237,-43.7786,37.8626
683898068,0.36780,1.99994,-0.47058,-46.3206,46.2061,6.0611,-0.07678,0.89709,0.90503,-189.2824,-46.3130,39.8397
683899068,0.34412,1.99994,-0.55054,-12.0000,35.0611,8.0458,-0.08606,0.90625,0.89648,-201.9771,-49.0229,41.8550
683900068,-0.01428,0.81616,-1.29492,-6.6870,24.9542,16.5725,-0.09497,0.91577,0.88928,-215.0305,-51.8855,43.9008
683901068,-0.34387,-0.25623,-1.66394,-36.8397,35.7786,29.6565,-0.10425,0.92639,0.88330,-228.5191,-54.8931,45.9847
683902068,-0.53674,-0.33691,-1.21790,-88.1832,61.7252,43.6336,-0.11243,0.93823,0.87537,-242.4656,-58.0687,48.1145
683903068,-0.46826,0.40576,-1.01611,-133.8092,93.1221,56.7405,-0.12000,0.95129,0.86548,-250.1374,-61.4351,50.2977
683904068,-0.39038,1.11133,-1.10217,-161.1679,121.1603,70.4580,-0.12744,0.96692,0.85632,-250.1374,-64.9618,52.5344
683905068,-0.51648,1.40344,-1.53662,-180.0458,134.9084,85.4733,-0.13391,0.98572,0.84753,-250.1374,-68.6183,54.8092
683906068,-0.25061,1.44019,-1.54346,-201.8321,155.7939,98.2595,-0.13940,1.00598,0.83813,-250.1374,-72.3969,57.1221
683907067,0.35071,1.52710,-0.88037,-218.5115,173.7710,105.8473,-0.14478,1.02722,0.83008,-250.1374,-76.3206,59.4885
683908068,0.20007,1.76953,0.07593,-198.7176,175.4122,102.4504,-0.14990,1.05017,0.82410,-250.1374,-80.3740,61.9237
683909068,0.05737,1.95190,1.37793,-126.3130,169.0534,83.3664,-0.15454,1.07385,0.81726,-250.1374,-84.5420,64.4198
683910068,0.93127,1.99994,1.99994,-45.0305,188.9695,58.6870,-0.15784,1.09863,0.80933,-250.1374,-88.8168,66.9924
683911068,1.67932,1.99994,1.99994,-24.9237,198.0687,59.7328,-0.15991,1.12415,0.80212,-250.1374,-93.1679,69.6336
683912067,1.81238,1.99994,1.99994,-56.1069,181.4580,89.2290,-0.16321,1.16980,0.78528,-250.1374,-102.2061,75.1908
683913067,1.59595,-0.67871,1.34937,-55.8015,141.1756,106.7863,-0.16443,1.19385,0.77185,-250.1374,-106.9847,78.0076
683914067,0.61743,-2.00000,0.18958,-31.5802,69.3282,97.9771,-0.16626,1.21765,0.75684,-250.1374,-111.8092,80.9771
683915067,-0.42712,-2.00000,-0.45386,-65.7481,34.6947,87.0000,-0.16956,1.23486,0.74670,-250.1374,-116.6718,84.1374
683916068,-0.50537,-1.65564,-0.79724,-171.4733,60.2137,96.1069,-0.17334,1.25208,0.73547,-250.1374,-121.5802,87.4275
683917068,-0.69312,1.88354,-1.52881,-250.1374,96.0076,135.2672,-0.17725,1.26770,0.72278,-250.1374,-126.6183,90.8321
683918067,-1.20557,1.99994,-2.00000,-250.1374,117.8702,185.3130,-0.18213,1.28040,0.70898,-250.1374,-131.8015,94.3511
683919068,-1.13867,1.99994,-2.00000,-250.1374,161.7176,212.6641,-0.18909,1.28918,0.69409,-250.1374,-137.1145,97.9847
683920068,-1.03064,1.99994,-1.52209,-250.1374,234.3435,226.8092,-0.19727,1.29395,0.67834,-250.1374,-142.5573,101.7099
683921067,-1.14062,1.99994,0.02686,-250.1374,250.1298,226.2901,-0.20593,1.29443,0.66028,-250.1374,-148.1756,105.5344
683922068,-0.27881,1.99994,1.99994,-227.0000,250.1298,203.3511,-0.21570,1.28955,0.64111,-250.1374,-153.9695,109.4809
683923068,1.20679,1.99994,1.99994,-131.4046,250.1298,186.4275,-0.22693,1.28015,0.62122,-250.1374,-159.9695,113.5649
683924067,1.84143,0.69702,1.99994,-104.5191,250.1298,189.6794,-0.23975,1.26685,0.59863,-250.1374,-166.2061,117.8092
683925067,1.91321,-1.03162,1.99994,-70.3435,250.1298,174.1527,-0.25427,1.24915,0.57397,-250.1374,-172.6641,122.1679
683926067,1.99994,-2.00000,1.99994,6.4733,196.2290,138.1450,-0.26965,1.22766,0.54822,-250.1374,-179.3511,126.6336
683927067,1.99994,-2.00000,1.99994,30.2519,106.1450,120.1450,-0.28479,1.20264,0.52014,-250.1374,-186.2595,131.1832
683928067,-0.23694,-2.00000,0.97986,-80.5038,5.4885,115.1221,-0.29907,1.17456,0.48877,-250.1374,-193.4198,135.8244
683929067,-1.84424,-2.00000,-1.59973,-250.1374,3.4046,129.4504,-0.31201,1.14331,0.45544,-250.1374,-200.8168,140.5496
683930068,-0.87732,0.77856,-0.98438,-250.1374,116.9466,184.6107,-0.32300,1.10901,0.42114,-250.1374,-208.4275,145.3359
683931067,-1.10229,1.99994,-0.69067,-250.1374,175.8931,250.1298,-0.33252,1.07300,0.38550,-250.1374,-216.2519,150.1908
683932067,-2.00000,1.99994,-2.00000,-250.1374,196.6794,250.1298,-0.34033,1.03711,0.34741,-250.1374,-224.3053,155.0687
683933067,-2.00000,1.23083,-2.00000,-250.1374,250.1298,250.1298,-0.34692,1.00110,0.30847,-250.1374,-232.4962,159.9389
683934067,-2.00000,1.31201,-0.79407,-250.1374,250.1298,250.1298,-0.35291,0.96545,0.26941,-250.1374,-240.7634,164.7481
683935068,-1.36279,1.99994,0.69604,-250.1374,250.1298,250.1298,-0.35803,0.93152,0.22888,-250.1374,-249.1298,169.4809
683936067,-0.18860,1.99994,1.99994,-250.1374,250.1298,250.1298,-0.36340,0.89893,0.18982,-250.1374,-250.1374,174.0840
683937068,1.46094,1.99994,1.99994,-250.1374,250.1298,250.1298,-0.36780,0.86743,0.15063,-250.1374,-250.1374,178.6260
683938068,1.99994,0.78528,1.99994,-158.3893,250.1298,230.4656,-0.37085,0.83740,0.11084,-250.1374,-250.1374,183.0687
683939068,1.99994,-2.00000,1.99994,-44.3053,250.1298,183.6718,-0.37354,0.80847,0.07263,-250.1374,-250.1374,187.3893
683940064,1.99994,-2.00000,1.99994,8.0305,195.2443,138.3740,-0.37549,0.78149,0.03381,-250.1374,-250.1374,191.5573
683941069,0.12646,-2.00000,1.99994,-73.9008,98.8931,100.0382,-0.37585,0.75818,-0.00598,-250.1374,-250.1374,195.5573
683942068,-1.36206,-2.00000,-0.39209,-250.1374,69.9847,112.7176,-0.37500,0.73840,-0.04639,-250.1374,-250.1374,199.3740
683943068,-1.04126,1.42529,-1.32983,-250.1374,154.4885,205.8702,-0.37500,0.72070,-0.08618,-250.1374,-250.1374,202.9847
683944068,-1.34265,1.99994,-1.39417,-250.1374,219.9618,250.1298,-0.37585,0.70593,-0.12659,-250.1374,-250.1374,206.4275
683945067,-2.00000,1.04895,-2.00000,-250.1374,243.0687,250.1298,-0.37695,0.69446,-0.16675,-250.1374,-250.1374,209.7176
683946068,-2.00000,-2.00000,-2.00000,-250.1374,250.1298,250.1298,-0.37878,0.68469,-0.20667,-250.1374,-250.1374,212.8244
683947067,-2.00000,-1.17810,-1.56226,-250.1374,250.1298,250.1298,-0.38330,0.67664,-0.24976,-250.1374,-250.1374,215.7405
683948068,-2.00000,1.99994,-0.33374,-250.1374,250.1298,250.1298,-0.39026,0.66956,-0.29468,-250.1374,-250.1374,218.4733
683949067,-0.76099,1.99994,1.99994,-250.1374,250.1298,250.1298,-0.39966,0.66272,-0.34021,-250.1374,-250.1374,221.0229
683950068,0.50452,1.99994,1.99994,-250.1374,250.1298,250.1298,-0.41260,0.65576,-0.38586,-250.1374,-250.1374,223.4198
683951067,1.98804,-0.40735,1.99994,-250.1374,250.1298,250.1298,-0.42908,0.64929,-0.43274,-250.1374,-250.1374,225.7023
683952067,1.99994,-2.00000,1.99994,-121.9542,250.1298,250.1298,-0.45105,0.64490,-0.48010,-250.1374,-250.1374,227.8321
683953067,1.99994,-2.00000,1.99994,-24.4275,250.1298,167.3053,-0.47998,0.64404,-0.52917,-250.1374,-250.1374,229.7863
683954068,1.99994,-2.00000,1.99994,-87.4809,224.8473,135.1527,-0.51099,0.64417,-0.59497,-250.1374,-250.1374,231.5802
683955068,1.99994,-2.00000,1.99994,-236.7634,115.9008,173.4962,-0.54150,0.64111,-0.67078,-250.1374,-250.1374,233.3053
683956068,-0.41309,-2.00000,1.06030,-250.1374,-68.4733,197.2672,-0.57251,0.63037,-0.73718,-250.1374,-250.1374,235.0382
683957067,-2.00000,-2.00000,-2.00000,-250.1374,-135.9847,199.2290,-0.60608,0.61462,-0.79663,-250.1374,-250.1374,236.7557
683958067,-2.00000,-2.00000,-2.00000,-250.1374,40.9542,250.1298,-0.63904,0.59717,-0.87964,-250.1374,-250.1374,238.4427
683959068,-2.00000,1.44702,-2.00000,-250.1374,186.9847,250.1298,-0.67041,0.57056,-0.96899,-250.1374,-250.1374,240.2519
683960067,-2.00000,1.99994,-2.00000,-250.1374,250.1298,250.1298,-0.70288,0.53540,-1.04712,-250.1374,-250.1374,242.0687
683961067,-2.00000,1.99994,-2.00000,-250.1374,250.1298,250.1298,-0.73462,0.49780,-1.13391,-250.1374,-250.1374,243.8931
683962068,-2.00000,1.99994,-2.00000,-250.1374,250.1298,250.1298,-0.76501,0.45801,-1.22571,-250.1374,-250.1374,245.7328
683963068,-2.00000,1.99994,-1.60181,-250.1374,250.1298,250.1298,-0.79272,0.41589,-1.32129,-250.1374,-250.1374,247.5725
683964067,-2.00000,1.14050,1.99994,-250.1374,250.1298,250.1298,-0.81665,0.37085,-1.41919,-250.1374,-250.1374,249.3969
683965068,-2.00000,-1.97363,1.99994,-250.1374,250.1298,250.1298,-0.83655,0.32471,-1.52112,-250.1374,-250.1374,250.1298
683966067,-0.22534,-2.00000,1.99994,-250.1374,250.1298,250.1298,-0.85425,0.27734,-1.62646,-250.1374,-250.1374,250.1298
683967067,0.59656,-1.96155,1.99994,-250.1374,250.1298,250.1298,-0.86938,0.22839,-1.73450,-250.1374,-250.1374,250.1298
683968067,1.74670,-2.00000,1.99994,-250.1374,250.1298,250.1298,-0.88049,0.17944,-1.84607,-250.1374,-250.1374,250.1298
683969067,1.99994,-2.00000,1.99994,-250.1374,250.1298,250.1298,-0.88782,0.13147,-1.96021,-250.1374,-250.1374,250.1298
683970067,1.99994,-2.00000,1.99994,-250.1374,250.1298,250.1298,-0.89099,0.08301,-2.00000,-250.1374,-250.1374,250.1298
683971068,1.99994,-2.00000,1.99994,-250.1374,165.0992,250.1298,-0.88867,0.03284,-2.00000,-250.1374,-250.1374,250.1298
683972067,0.53833,-2.00000,1.99994,-250.1374,73.8550,250.1298,-0.88037,-0.01929,-2.00000,-250.1374,-250.1374,250.1298
683973067,-1.04297,-1.26099,1.99994,-250.1374,121.4885,250.1298,-0.86633,-0.07288,-2.00000,-250.1374,-250.1374,250.1298
683974067,-2.00000,0.92566,1.99994,-250.1374,250.1298,250.1298,-0.84607,-0.12695,-2.00000,-250.1374,-250.1374,250.1298
683975067,-2.00000,0.24976,1.99994,-250.1374,250.1298,250.1298,-0.81909,-0.18188,-2.00000,-250.1374,-250.1374,250.1298
683976067,-2.00000,-1.89453,1.99994,-250.1374,250.1298,250.1298,-0.78711,-0.23914,-2.00000,-250.1374,-250.1374,250.1298
683977067,-2.00000,-2.00000,1.19678,-250.1374,250.1298,250.1298,-0.74927,-0.29883,-2.00000,-250.1374,-250.1374,250.1298
683978067,-2.00000,-2.00000,1.99994,-250.1374,250.1298,250.1298,-0.70325,-0.36121,-2.00000,-250.1374,-250.1374,250.1298
683979068,-0.39966,-2.00000,1.99994,-250.1374,250.1298,250.1298,-0.65112,-0.42627,-2.00000,-250.1374,-250.1374,250.1298
683980068,0.34839,-2.00000,1.99994,-250.1374,250.1298,250.1298,-0.59180,-0.49500,-2.00000,-250.1374,-250.1374,250.1298
683981067,-0.53625,-2.00000,1.99994,-250.1374,250.1298,250.1298,-0.52563,-0.56799,-2.00000,-250.1374,-250.1374,248.4122
683982067,1.18030,-2.00000,1.99994,-250.1374,29.9389,144.8321,-0.45520,-0.64526,-2.00000,-250.1374,-250.1374,245.7863
683983068,1.99994,-2.00000,1.99994,-250.1374,51.2519,144.1221,-0.38184,-0.72266,-2.00000,-250.1374,-250.1374,242.7405
683984068,1.35413,-2.00000,1.99994,-250.1374,59.6947,225.2595,-0.30750,-0.79785,-2.00000,-250.1374,-250.1374,239.4351
683985068,-1.01733,-2.00000,1.48218,-250.1374,67.5725,250.1298,-0.23267,-0.87476,-2.00000,-250.1374,-250.1374,235.9084
683986068,-2.00000,-2.00000,-1.22534,-250.1374,100.8321,250.1298,-0.15845,-0.95056,-2.00000,-250.1374,-250.1374,232.1832
683987068,-2.00000,-2.00000,-2.00000,-250.1374,70.3664,250.1298,-0.08618,-1.02466,-2.00000,-250.1374,-250.1374,228.2519
683988067,-2.00000,-2.00000,-2.00000,-250.1374,-9.4962,250.1298,-0.01672,-1.09729,-2.00000,-250.1374,-250.1374,224.2061
683989068,-2.00000,-2.00000,-2.00000,-250.1374,33.0458,250.1298,0.04956,-1.16882,-2.00000,-250.1374,-250.1374,220.0763
683990068,-2.00000,-2.00000,-2.00000,-250.1374,250.1298,250.1298,0.11292,-1.23950,-2.00000,-250.1374,-250.1374,215.9160
683991068,-2.00000,-2.00000,1.63391,-250.1374,250.1298,250.1298,0.17297,-1.31018,-2.00000,-250.1374,-250.1374,211.7557
683992068,-2.00000,-1.88269,1.99994,-250.1374,250.1298,250.1298,0.22961,-1.37976,-2.00000,-250.1374,-250.1374,207.6489
683993068,-2.00000,1.99994,1.99994,-250.1374,250.1298,250.1298,0.27991,-1.44727,-2.00000,-250.1374,-250.1374,203.5954
683994068,-2.00000,1.94092,1.99994,-250.1374,250.1298,250.1298,0.32178,-1.51086,-2.00000,-250.1374,-250.1374,199.5954
683995068,1.08557,-2.00000,1.99994,-250.1374,250.1298,250.1298,0.35535,-1.56909,-2.00000,-250.1374,-250.1374,195.6794
683996068,1.99994,-2.00000,1.99994,-250.1374,250.1298,250.1298,0.38062,-1.62292,-2.00000,-250.1374,-250.1374,191.8397
683997068,1.99994,-2.00000,1.99994,-250.1374,250.1298,250.1298,0.39807,-1.67249,-2.00000,-250.1374,-250.1374,188.0840
683998068,1.99994,-2.00000,1.99994,-250.1374,250.1298,250.1298,0.40894,-1.71912,-2.00000,-250.1374,-250.1374,184.4427
683999068,1.99994,0.26733,1.99994,-250.1374,250.1298,250.1298,0.41406,-1.76074,-2.00000,-250.1374,-250.1374,180.8244
684000068,1.99994,-1.81421,1.99994,-250.1374,250.1298,250.1298,0.41382,-1.79395,-2.00000,-250.1374,-250.1374,177.1603
684001067,1.99994,-2.00000,1.99994,-250.1374,250.1298,250.1298,0.40955,-1.82324,-2.00000,-250.1374,-250.1374,173.5954
684002068,1.99994,-2.00000,1.99994,-250.1374,75.0305,250.1298,0.40247,-1.84949,-2.00000,-250.1374,-250.1374,170.0458
684003068,1.22888,-2.00000,1.99994,-250.1374,-12.3893,250.1298,0.39148,-1.86572,-2.00000,-250.1374,-250.1374,166.4885
684004068,0.10120,-2.00000,0.47986,-250.1374,-2.8550,250.1298,0.38013,-1.88293,-2.00000,-250.1374,-250.1374,163.1069
684005068,-2.00000,-2.00000,-2.00000,-250.1374,-50.0305,250.1298,0.36865,-1.89966,-2.00000,-250.1374,-250.1374,159.6412
684006068,-2.00000,-2.00000,-2.00000,-250.1374,-109.6336,211.2443,0.35291,-1.90088,-2.00000,-250.1374,-250.1374,155.7863
684007064,-2.00000,-0.92603,-2.00000,-250.1374,20.8855,102.2519,0.33594,-1.89136,-2.00000,-250.1374,-250.1374,151.6718
684008069,-2.00000,1.99994,-2.00000,-250.1374,250.1298,42.7099,0.32007,-1.87708,-2.00000,-250.1374,-250.1374,147.4580
684009068,-2.00000,1.99994,1.14575,-250.1374,250.1298,42.6107,0.30542,-1.86011,-2.00000,-250.1374,-250.1374,143.1221
684010068,-2.00000,1.99994,1.27234,-250.1374,250.1298,104.0229,0.29260,-1.84082,-2.00000,-250.1374,-250.1374,138.5878
684011067,-2.00000,1.99994,-2.00000,-250.1374,250.1298,195.4885,0.28271,-1.81909,-2.00000,-250.1374,-250.1374,133.8626
684012068,-2.00000,1.99994,-2.00000,-250.1374,250.1298,250.1298,0.27588,-1.77661,-2.00000,-250.1374,-250.1374,123.8397
684013068,-2.00000,1.99994,0.87561,-250.1374,250.1298,250.1298,0.28003,-1.75708,-2.00000,-250.1374,-250.1374,118.5802
684014068,0.93311,1.99994,1.99994,-250.1374,250.1298,250.1298,0.29053,-1.74084,-2.00000,-250.1374,-250.1374,113.1985
684015064,1.99994,1.99994,1.99994,-250.1374,250.1298,250.1298,0.30676,-1.72754,-2.00000,-250.1374,-250.1374,107.6947
684016065,1.99994,1.99994,1.99994,-250.1374,250.1298,250.1298,0.32788,-1.71802,-2.00000,-250.1374,-250.1374,102.0916
684017065,1.99994,-0.67224,1.99994,-250.1374,250.1298,250.1298,0.35376,-1.71460,-2.00000,-250.1374,-250.1374,96.3969
684018069,1.99994,-2.00000,1.99994,-250.1374,250.1298,250.1298,0.38391,-1.71729,-2.00000,-250.1374,-250.1374,90.6031
684019064,1.99994,-0.85046,1.99994,-250.1374,250.1298,250.1298,0.41907,-1.72595,-2.00000,-250.1374,-250.1374,84.7176
684020065,1.99994,0.90063,1.99994,-250.1374,250.1298,250.1298,0.45813,-1.73950,-1.97400,-250.1374,-250.1374,78.8015
684021064,1.99994,1.52869,1.99994,-250.1374,250.1298,250.1298,0.49988,-1.75696,-1.92212,-250.1374,-250.1374,72.8626
684022069,1.76306,1.50928,1.99994,-250.1374,250.1298,250.1298,0.54358,-1.77783,-1.86987,-250.1374,-250.1374,66.8855
684023064,-0.21216,0.06921,0.96875,-250.1374,250.1298,250.1298,0.58850,-1.80200,-1.81982,-250.1374,-250.1374,60.8473
684024069,-2.00000,-1.59985,0.32471,-250.1374,250.1298,209.7634,0.63391,-1.82837,-1.77075,-250.1374,-250.1374,54.7557
684025068,-2.00000,-1.12415,-1.99207,-250.1374,250.1298,187.5115,0.67786,-1.85510,-1.72327,-250.1374,-250.1374,48.6336
684026067,-2.00000,1.41919,-2.00000,-250.1374,250.1298,250.1298,0.72021,-1.88281,-1.67920,-250.1374,-250.1374,42.4733
684027068,-2.00000,1.99994,0.73010,-250.1374,250.1298,250.1298,0.76025,-1.91052,-1.63770,-250.1374,-250.1374,36.2901
684028067,-2.00000,1.99994,1.99994,-250.1374,250.1298,250.1298,0.79492,-1.93567,-1.59778,-250.1374,-250.1374,30.0992
684029068,0.29919,1.99994,1.99994,-250.1374,250.1298,250.1298,0.82397,-1.95776,-1.56006,-250.1374,-250.1374,23.8931
684030068,1.76550,1.99994,1.99994,-250.1374,250.1298,250.1298,0.84802,-1.97705,-1.52515,-250.1374,-250.1374,17.6718
684031068,1.99994,1.99994,1.99994,-250.1374,250.1298,250.1298,0.86780,-1.99329,-1.49341,-250.1374,-250.1374,11.5420
684032068,1.99994,1.99994,1.99994,-250.1374,250.1298,250.1298,0.88440,-2.00000,-1.46497,-250.1374,-250.1374,5.5954
684033068,1.99994,1.99994,1.99994,-250.1374,250.1298,250.1298,0.89636,-2.00000,-1.43921,-250.1374,-250.1374,-0.1603
684034068,1.99994,1.99994,1.99994,-250.1374,250.1298,250.1298,0.90332,-2.00000,-1.41760,-250.1374,-250.1374,-5.8015
684035068,1.99994,1.99994,1.99994,-250.1374,250.1298,250.1298,0.90332,-2.00000,-1.40125,-250.1374,-250.1374,-11.4504
684036068,1.99994,1.18713,1.99994,-250.1374,250.1298,216.2748,0.89514,-2.00000,-1.39172,-250.1374,-241.6031,-17.1145
684037068,1.99994,1.99994,1.99994,-250.1374,116.0840,190.6718,0.88110,-2.00000,-1.38904,-250.1374,-221.9847,-22.5496
684038067,1.99994,1.99994,1.99994,-250.1374,47.0840,205.7710,0.85889,-2.00000,-1.39062,-250.1374,-202.1298,-27.7328
684039067,1.99994,1.99994,1.99994,-250.1374,36.3893,250.1298,0.82764,-2.00000,-1.39539,-250.1374,-182.1603,-32.7405
684040067,1.99994,1.99994,1.99994,-250.1374,3.9389,250.1298,0.79199,-1.99072,-1.40405,-250.1374,-162.2595,-37.5115
684041067,0.30444,1.99994,1.82214,-250.1374,-2.5038,250.1298,0.75317,-1.95691,-1.41394,-250.1374,-142.5496,-42.0229
684042068,-0.24976,1.99994,0.66113,-250.1374,60.4122,250.1298,0.70959,-1.91125,-1.42517,-250.1374,-123.0916,-46.3435
684043068,-1.11707,1.29248,-0.33997,-250.1374,131.9008,250.1298,0.66187,-1.85181,-1.43848,-240.7481,-104.0153,-50.3511
684044068,-2.00000,-0.83997,-2.00000,-250.1374,174.7710,250.1298,0.61169,-1.78467,-1.45288,-191.2672,-85.3893,-53.8015
684045068,-2.00000,-2.00000,-2.00000,-250.1374,205.6565,250.1298,0.56079,-1.71350,-1.46655,-143.4504,-67.2595,-56.7023
684046068,-2.00000,-2.00000,-2.00000,-250.1374,239.5344,250.1298,0.50952,-1.63770,-1.47852,-97.5878,-49.6947,-59.0611
684047068,-2.00000,-2.00000,-2.00000,-250.1374,250.1298,250.1298,0.45740,-1.55786,-1.48889,-53.9237,-32.7176,-60.7939
684048068,-2.00000,-1.11658,-2.00000,-250.1374,250.1298,250.1298,0.40576,-1.47803,-1.49731,-12.5954,-16.3740,-61.8626
684049068,-2.00000,0.84692,-1.56470,-250.1374,250.1298,250.1298,0.35498,-1.39905,-1.50415,26.2443,-0.6641,-62.2977
684050068,-1.74597,1.32751,0.92542,-250.1374,250.1298,250.1298,0.30408,-1.31714,-1.51172,62.4198,14.3359,-62.1450
684051068,-0.03772,0.45312,1.99994,-250.1374,250.1298,242.0458,0.25281,-1.23132,-1.51953,95.7557,28.5496,-61.4656
684052067,1.50903,-0.83069,1.99994,-250.1374,250.1298,242.9008,0.20178,-1.14075,-1.52563,126.1374,41.9924,-60.3130
684053067,1.99994,-0.41907,1.99994,-250.1374,250.1298,233.5038,0.15149,-1.04565,-1.52917,153.5191,54.5878,-58.6947
684054067,1.99994,0.66113,1.99994,-250.1374,250.1298,207.9008,0.10083,-0.94788,-1.52893,177.7939,66.2214,-56.6107
684055065,1.99994,1.39124,1.99994,-250.1374,250.1298,169.9008,0.05127,-0.84692,-1.52222,198.8550,76.8702,-54.0534
684056069,1.99994,1.55115,1.99994,-250.1374,138.2290,147.1527,0.00378,-0.74475,-1.50989,216.5878,86.5344,-51.1145
684057067,1.99994,1.19873,1.99994,-250.1374,38.7099,134.4046,-0.04272,-0.64392,-1.49561,230.9466,95.2214,-47.8550
684058067,1.99994,1.56238,1.99994,-250.1374,-4.8779,99.9466,-0.08850,-0.54492,-1.47705,241.9389,102.8855,-44.2748
684059067,1.99994,1.99994,1.99994,-125.3435,-59.8550,55.2214,-0.13184,-0.45020,-1.45349,249.6183,109.4809,-40.2977
684060067,1.99994,1.99994,1.99994,-14.5191,-187.3893,23.7328,-0.17200,-0.36365,-1.42957,250.1298,115.0153,-35.9008
684061065,1.99994,1.99994,1.87854,73.9313,-250.1374,-10.7405,-0.21045,-0.28467,-1.40710,250.1298,119.4962,-31.2061
684062068,1.99994,1.99994,1.99994,129.4122,-250.1374,-39.2977,-0.24756,-0.21143,-1.38403,250.1298,122.9389,-26.2901
684063068,1.99994,1.99994,1.99994,113.2519,-250.1374,-32.2672,-0.28369,-0.14734,-1.36035,249.5954,125.3435,-21.1832
684064068,-0.80103,1.99994,0.81274,91.5573,-250.1374,-4.2824,-0.31775,-0.08972,-1.33728,242.6947,126.6947,-15.9618
684065068,-2.00000,1.70544,-2.00000,106.4046,-250.1374,29.3588,-0.35022,-0.03430,-1.31567,233.3282,127.0229,-10.6870
684066067,-2.00000,0.68713,-2.00000,86.7405,-250.1374,77.7863,-0.38135,0.01648,-1.29529,221.6412,126.3359,-5.3282
684067068,-2.00000,-0.53979,-2.00000,-26.7328,-250.1374,162.2824,-0.41089,0.06213,-1.27490,207.7710,124.6183,0.0611
684068068,-2.00000,-2.00000,-2.00000,-149.0458,-250.1374,243.2061,-0.43738,0.10229,-1.25500,191.9542,121.9084,5.4504
684069068,-2.00000,-2.00000,-2.00000,-188.6718,-250.1374,250.1298,-0.45984,0.13647,-1.23669,174.4122,118.2366,10.8244
684070068,-2.00000,-1.02795,-2.00000,-174.4198,-10.2443,246.8626,-0.47876,0.16492,-1.21924,155.3511,113.5420,16.1603
684071068,-2.00000,0.17053,-2.00000,-162.4962,133.3893,246.1374,-0.49414,0.18835,-1.20105,134.9695,108.0458,21.4427
684072068,-2.00000,-1.71301,-2.00000,-148.6489,223.0229,222.8626,-0.50598,0.20703,-1.18372,113.5115,101.8702,26.6336
684073068,-2.00000,-2.00000,-2.00000,-81.7786,250.1298,152.4275,-0.51404,0.21960,-1.16833,91.2519,94.9924,31.6870
684074068,-1.55823,-2.00000,-0.86243,17.5115,250.1298,69.7328,-0.51782,0.22583,-1.15405,68.4122,87.4351,36.5267
684075068,-0.58459,-2.00000,0.81177,97.5649,158.4809,-2.3053,-0.51709,0.22668,-1.14160,45.2366,79.3130,41.1450
684076068,0.41443,-2.00000,1.59216,154.6183,37.2519,-49.4275,-0.51306,0.22131,-1.13269,21.9160,70.7557,45.5115
684077068,1.91223,-0.72241,1.99994,219.6107,-43.1450,-75.9695,-0.50623,0.20874,-1.12622,-1.3435,61.8855,49.6260
684078067,1.99994,1.99994,1.99994,250.1298,-81.6718,-109.4198,-0.49658,0.19067,-1.12073,-24.2748,52.7634,53.4198
684079068,1.99994,1.99994,1.99994,250.1298,-62.9313,-143.5649,-0.48486,0.16895,-1.11621,-46.6336,43.4580,56.8321
684080068,1.99994,1.99994,1.99994,250.1298,-49.3740,-137.5725,-0.47070,0.14319,-1.11206,-68.2061,34.0458,59.8473
684081064,1.99994,0.65881,1.99994,250.1298,-141.4427,-115.2214,-0.45264,0.11377,-1.10815,-88.8092,24.6489,62.4504
684082068,1.99994,-1.30969,1.99994,250.1298,-250.1374,-128.3969,-0.43079,0.08240,-1.10547,-108.3206,15.3664,64.6031
684083068,1.99994,-2.00000,1.99994,250.1298,-250.1374,-162.3130,-0.40686,0.04907,-1.10413,-126.5802,6.2824,66.2901
684084067,0.31226,-2.00000,0.22742,250.1298,-250.1374,-170.8397,-0.38220,0.01404,-1.10388,-143.4962,-2.5344,67.4504
684085068,-2.00000,0.83386,-2.00000,250.1298,-250.1374,-157.2519,-0.35718,-0.02246,-1.10547,-158.9237,-10.9924,68.0687
684086068,-2.00000,1.99994,-2.00000,250.1298,-250.1374,-128.0992,-0.32983,-0.06104,-1.10925,-172.7252,-19.0305,68.2061
684087067,-2.00000,1.99994,-2.00000,250.1298,-250.1374,-48.3511,-0.30078,-0.10144,-1.11499,-184.8092,-26.6183,67.8550
684088068,-2.00000,1.99994,-2.00000,250.1298,-250.1374,81.6412,-0.27185,-0.14258,-1.12195,-195.1679,-33.6641,67.0305
684089067,-2.00000,0.47119,-2.00000,250.1298,-250.1374,187.7023,-0.24304,-0.18359,-1.12915,-203.7939,-40.1679,65.7328
684090068,-2.00000,0.66772,-2.00000,219.3740,-250.1374,206.3206,-0.21436,-0.22314,-1.13513,-210.7176,-46.0840,63.9847
684091068,-2.00000,1.26294,-2.00000,243.4198,-111.4580,191.2977,-0.18689,-0.26025,-1.13940,-215.9695,-51.3969,61.7939
684092068,-2.00000,0.67859,-2.00000,192.4351,53.9847,200.7176,-0.16064,-0.29553,-1.14294,-219.5802,-56.0992,59.1756
684093068,-2.00000,-0.07605,-2.00000,152.3740,120.2061,199.1298,-0.13391,-0.32947,-1.14539,-221.5802,-60.1832,56.2061
684094068,-2.00000,-0.97693,-2.00000,197.7863,188.5802,174.1298,-0.10645,-0.36182,-1.14673,-222.0229,-63.6260,52.8855
684095068,-2.00000,-2.00000,-0.17896,250.1298,250.1298,145.5420,-0.07971,-0.39404,-1.14819,-220.9924,-66.3969,49.3130
684096067,-2.00000,-2.00000,-0.44299,250.1298,250.1298,101.4122,-0.05481,-0.42725,-1.15063,-218.5420,-68.5038,45.5038
684097067,-0.90430,-2.00000,0.83459,250.1298,250.1298,50.9237,-0.03210,-0.45874,-1.15234,-214.7405,-69.9847,41.4427
684098067,1.99994,-2.00000,1.99994,250.1298,250.1298,37.2748,-0.01050,-0.48755,-1.15381,-209.6641,-70.8626,37.1221
684099065,1.99994,-1.09705,1.99994,250.1298,250.1298,65.8779,0.01038,-0.51270,-1.15527,-203.4275,-71.1527,32.6183
684100069,1.99994,-1.06226,1.99994,227.5725,229.3740,83.2595,0.02820,-0.53345,-1.15613,-196.1756,-70.9008,27.9771
684101068,1.99994,-1.72168,1.99994,250.1298,91.7481,59.7786,0.04224,-0.55078,-1.15747,-188.0382,-70.0992,23.2595
684102068,1.99994,-2.00000,1.99994,250.1298,-106.2137,49.8702,0.05432,-0.56519,-1.15906,-179.1298,-68.8168,18.5344
684103067,1.99994,-2.00000,1.99994,250.1298,-250.1374,56.7786,0.06445,-0.57629,-1.16077,-169.5954,-67.0916,13.8321
684104067,1.99994,-2.00000,1.99994,211.5496,-250.1374,42.4580,0.07251,-0.58301,-1.16077,-159.5573,-64.9695,9.1908
684105067,1.60828,-2.00000,1.99994,225.0534,-250.1374,31.9237,0.07898,-0.58557,-1.15820,-149.1298,-62.5191,4.6489
684106067,-2.00000,-1.82800,-2.00000,57.5573,-250.1374,85.7557,0.08435,-0.58459,-1.15393,-138.4427,-59.7557,0.2595
684107068,-2.00000,-1.83423,-2.00000,0.0687,-250.1374,120.5573,0.08716,-0.57959,-1.14844,-127.6107,-56.6794,-3.9771
684108068,-2.00000,-2.00000,-2.00000,-0.2672,-250.1374,136.9084,0.08826,-0.57031,-1.14197,-116.7252,-53.3206,-8.0076
684109068,-2.00000,-2.00000,-2.00000,-25.2519,-242.0229,142.7252,0.08899,-0.55737,-1.13367,-105.8931,-49.7099,-11.7863
684110068,-2.00000,-2.00000,-2.00000,-101.6641,-144.4809,152.9389,0.08411,-0.52197,-1.11108,-84.8015,-41.7863,-18.5115
684111067,-2.00000,-2.00000,-2.00000,-178.6947,-39.0763,154.3740,0.08044,-0.50012,-1.09985,-74.6794,-37.5420,-21.4580
684112068,-2.00000,-2.00000,-2.00000,-203.7176,126.0687,132.1069,0.07544,-0.47522,-1.08850,-64.9237,-33.1985,-24.0916
684113068,-2.00000,-2.00000,-2.00000,-185.3206,250.1298,87.3511,0.06921,-0.44836,-1.07666,-55.5267,-28.7939,-26.4198
684114068,-2.00000,-2.00000,-2.00000,-105.3740,250.1298,11.7939,0.06250,-0.42017,-1.06592,-46.5496,-24.3435,-28.4656
684115068,-1.61035,-2.00000,-2.00000,14.7252,189.6107,-82.6718,0.05322,-0.39160,-1.05542,-38.0305,-19.8702,-30.1985
684116068,0.15112,-2.00000,0.17358,74.6183,89.9313,-150.1374,0.04211,-0.36353,-1.04431,-30.0382,-15.4275,-31.5725
684117068,0.94421,-2.00000,1.30127,62.1145,-2.6260,-180.9542,0.03052,-0.33691,-1.03308,-22.5573,-11.0382,-32.6412
684118068,0.67688,-2.00000,0.25134,65.2595,-66.7710,-203.1450,0.01904,-0.31177,-1.02356,-15.5878,-6.7405,-33.4198
684119067,0.25708,-1.17554,0.57507,84.4122,-105.7863,-216.3053,0.00781,-0.28711,-1.01562,-9.1145,-2.5954,-33.9160
684120067,0.38464,0.77686,1.62048,51.1679,-122.6489,-204.6260,-0.00391,-0.26343,-1.00745,-3.1450,1.3893,-34.0840
684121067,0.84216,1.99994,0.97986,-42.3435,-109.6718,-164.0458,-0.01440,-0.24048,-0.99927,2.3359,5.2061,-33.9542
684122067,0.53772,1.99994,-0.41467,-134.4275,-104.2977,-111.8015,-0.02307,-0.21887,-0.99133,7.3740,8.8244,-33.5573
684123068,0.45154,1.99994,-0.84131,-171.9695,-112.5038,-64.6412,-0.03174,-0.19934,-0.98303,11.9771,12.1832,-32.8779
684124067,0.98743,1.99994,0.77393,-171.8397,-108.3969,-36.4046,-0.04065,-0.18127,-0.97388,16.1298,15.2519,-31.9160
684125067,0.65430,1.45776,0.50281,-160.0458,-133.1298,-34.5191,-0.04871,-0.16394,-0.96533,19.8779,18.0687,-30.6947
684126067,-0.27710,1.99994,-2.00000,-113.0992,-189.0687,-68.7710,-0.05591,-0.14771,-0.95862,23.2748,20.6031,-29.2290
684127068,-0.59058,1.99994,-2.00000,-17.8626,-235.6183,-117.1679,-0.06384,-0.13318,-0.95227,26.3282,22.8931,-27.5267
684128067,-0.04724,1.99994,-2.00000,73.0000,-250.1374,-140.9466,-0.07239,-0.11987,-0.94519,29.0687,24.9695,-25.6718
684129067,-0.06799,1.99994,-2.00000,97.9237,-250.1374,-129.4198,-0.08105,-0.10840,-0.93811,31.4962,26.7863,-23.6794
684130067,-1.32642,1.13586,-2.00000,83.6947,-250.1374,-116.0992,-0.09045,-0.09839,-0.93115,33.6565,28.3130,-21.5649
684131067,-2.00000,-0.73511,-2.00000,85.4733,-250.1374,-125.8015,-0.09949,-0.08911,-0.92395,35.5878,29.5725,-19.3282
684132067,-2.00000,-0.02002,-2.00000,92.0611,-180.2977,-142.2901,-0.10791,-0.08105,-0.91626,37.2901,30.5725,-17.0076
684133068,-2.00000,1.74377,-2.00000,65.4351,-101.4198,-135.3435,-0.11658,-0.07336,-0.90796,38.7710,31.2901,-14.6260
684134067,-2.00000,1.99994,-2.00000,10.5115,-38.5573,-104.7710,-0.12488,-0.06567,-0.89941,40.0229,31.7557,-12.1985
684135068,-2.00000,1.99994,-2.00000,-43.1756,11.0000,-67.2137,-0.13257,-0.05774,-0.89124,41.0458,31.9542,-9.7557
684136068,-2.00000,1.99994,-2.00000,-77.0611,57.2901,-43.2595,-0.13953,-0.05042,-0.88489,41.8321,31.8931,-7.3206
684137068,-1.42017,1.99994,-2.00000,-76.2672,102.9924,-38.9084,-0.14575,-0.04358,-0.88025,42.3969,31.5878,-4.9237
684138068,-0.43579,1.99994,-2.00000,-38.0458,142.4275,-52.9542,-0.15198,-0.03748,-0.87549,42.7481,31.0076,-2.5573
684139068,0.95935,1.99994,-0.36951,22.9160,147.7023,-78.9466,-0.15784,-0.03235,-0.86987,42.9084,30.1832,-0.2290
684140067,1.56799,1.99994,-0.32178,85.2214,90.1756,-104.2595,-0.16260,-0.02783,-0.86548,42.8321,29.0916,2.0611
684141067,1.67737,1.99994,-0.15930,161.2748,7.1069,-128.8015,-0.16589,-0.02405,-0.86133,42.5038,27.7252,4.2595
684142067,1.99994,1.99994,1.07397,239.8779,-70.2595,-148.8779,-0.16992,-0.02136,-0.85620,41.9542,26.1298,6.3664
684143067,1.99994,1.99994,1.45947,250.1298,-149.0992,-146.0611,-0.17468,-0.01965,-0.85291,41.2443,24.3511,8.3740
684144067,1.25793,1.48926,-0.30432,250.1298,-216.9771,-128.1374,-0.17822,-0.01831,-0.85083,40.3664,22.3817,10.2748
684145067,-0.14136,0.38440,-2.00000,215.5649,-250.1374,-105.4046,-0.18115,-0.01843,-0.84961,39.3435,20.2061,12.0687
684146067,-1.34900,0.57703,-2.00000,141.1221,-240.0534,-72.3893,-0.18433,-0.02051,-0.85046,38.1832,17.8168,13.7710
684147068,-2.00000,1.08862,-2.00000,99.5038,-196.5878,-44.1908,-0.18835,-0.02332,-0.85352,36.9542,15.2672,15.3511
684148068,-2.00000,1.56409,-2.00000,93.7099,-145.7710,-25.0687,-0.19263,-0.02686,-0.85913,35.6641,12.5725,16.8092
684149067,-2.00000,1.66223,-2.00000,52.6260,-105.7099,6.5802,-0.19690,-0.03186,-0.86597,34.3435,9.7176,18.1374
684150068,-2.00000,1.21191,-2.00000,-24.6794,-56.1298,44.6183,-0.20105,-0.03711,-0.87256,33.0305,6.7328,19.3130
684151068,-2.00000,0.40210,-2.00000,-71.6336,17.1374,59.0458,-0.20496,-0.04138,-0.87988,31.6870,3.6718,20.3359
684152068,-2.00000,-0.36816,-2.00000,-52.3435,94.3588,40.5573,-0.20886,-0.04541,-0.88733,30.3053,0.5115,21.2137
684153068,-2.00000,0.41003,-2.00000,22.9008,134.9466,-6.5802,-0.21265,-0.04907,-0.89429,28.9008,-2.7557,21.9695
684154068,-1.66431,1.99994,-2.00000,109.1221,132.4656,-55.1603,-0.21631,-0.05273,-0.90210,27.3969,-6.1069,22.6183
684155068,-1.06067,1.99994,-2.00000,154.4122,126.9924,-75.2366,-0.21997,-0.05542,-0.91113,25.7481,-9.5267,23.1298
684156067,-0.48572,1.99994,-2.00000,167.2595,124.2748,-76.0687,-0.22290,-0.05835,-0.92065,23.9313,-12.9847,23.5115
684157067,-0.24475,1.99994,-2.00000,187.0534,120.2443,-80.2824,-0.22437,-0.05994,-0.92981,21.9237,-16.4962,23.7863
684158067,0.33215,1.99994,-2.00000,215.1145,126.1679,-83.4809,-0.22546,-0.05847,-0.93921,19.7023,-20.0229,23.9618
684159068,1.07092,1.99994,-0.97424,218.8702,140.5115,-65.7023,-0.22668,-0.05676,-0.95007,17.2290,-23.5496,24.0076
684160068,1.26562,1.99994,-0.03528,187.7786,147.6107,-22.6947,-0.22644,-0.05627,-0.96216,14.5344,-27.0916,23.9771
684161067,1.18958,1.99994,0.23804,141.2137,147.3359,31.0916,-0.22437,-0.05505,-0.97571,11.5725,-30.6107,23.8473
684162067,1.02600,1.99994,0.35120,87.3206,137.7786,79.6031,-0.22278,-0.05164,-0.99011,8.3359,-34.0534,23.6641
684163067,0.87366,1.99994,0.01526,24.9237,118.4198,122.5649,-0.22107,-0.04712,-1.00354,4.8321,-37.3893,23.4198
684164067,1.09082,1.99994,0.12256,-28.9466,101.0916,162.8168,-0.21863,-0.04175,-1.01697,1.0687,-40.6183,23.1069
684165067,1.52209,1.99994,1.09778,-46.3435,76.1832,190.0076,-0.21594,-0.03638,-1.03125,-2.9237,-43.7099,22.7405
684166065,1.28516,1.44043,1.55066,-43.8855,36.5420,202.8092,-0.21326,-0.03259,-1.04468,-7.1069,-46.6641,22.2977
684167069,0.77844,0.27905,0.64807,-46.5573,1.5191,203.8168,-0.20972,-0.03137,-1.05688,-11.4656,-49.3969,21.7863
684168064,0.33765,-0.18481,-0.71838,-38.5725,-15.0458,185.2748,-0.20435,-0.03357,-1.06824,-15.9237,-51.8931,21.2290
684169069,-0.35461,0.11633,-1.82788,-1.7481,-25.7252,151.5115,-0.19727,-0.03845,-1.07922,-20.3817,-54.1298,20.6412
684170068,-0.68982,0.38367,-2.00000,57.8550,-21.6336,115.0229,-0.19043,-0.04480,-1.08960,-24.7405,-56.0763,20.0076
684171068,-0.72925,0.31958,-2.00000,116.2137,-5.2748,85.5115,-0.18433,-0.05237,-1.09924,-28.9389,-57.7252,19.3511
684172068,-0.94055,-0.32104,-2.00000,146.1908,17.2901,71.2901,-0.17847,-0.06165,-1.10803,-32.9695,-59.0687,18.6641
684173068,-1.20081,-1.65405,-2.00000,143.6947,55.1679,73.4580,-0.17261,-0.07300,-1.11646,-36.7863,-60.0916,17.9924
684174068,-1.50403,-2.00000,-2.00000,117.2137,96.9008,84.0534,-0.16553,-0.08655,-1.12488,-40.3130,-60.7710,17.3206
684175067,-1.48889,-2.00000,-2.00000,79.7786,133.0687,95.2595,-0.15881,-0.10266,-1.13281,-43.4885,-61.0840,16.6641
684176068,-0.95410,-2.00000,-1.85657,47.8779,158.9084,103.5115,-0.15198,-0.11963,-1.14148,-46.2901,-61.0153,16.0458
684177067,-0.34705,-0.82068,-0.88574,29.4656,166.1374,113.8550,-0.14417,-0.13806,-1.14978,-48.6794,-60.5878,15.4885
684178067,0.02112,-0.60901,0.40015,-1.8931,155.8015,131.2519,-0.13635,-0.15845,-1.15649,-50.6565,-59.8244,14.9847
684179068,0.10608,-1.21631,1.36670,-74.6260,135.0534,155.7099,-0.12866,-0.17896,-1.16248,-52.1832,-58.7252,14.5191
684180067,0.24365,-1.70764,1.65747,-154.0229,116.7710,171.9389,-0.12061,-0.19922,-1.16956,-53.2366,-57.2519,14.1221
684181068,0.23267,-1.76147,1.94482,-185.8244,98.3130,167.8550,-0.11206,-0.22046,-1.17834,-53.8015,-55.4351,13.8092
684182068,0.21545,-1.90186,1.99994,-164.5420,77.5115,149.0763,-0.10388,-0.24194,-1.18591,-53.8626,-53.3282,13.6031
684183067,0.11914,-1.69434,1.99994,-130.3664,49.1527,127.9008,-0.09485,-0.26233,-1.19177,-53.3817,-50.9847,13.4504
684184068,-0.40601,-0.89197,0.80725,-115.6489,18.3969,118.1450,-0.08521,-0.28235,-1.19629,-52.3969,-48.3511,13.3588
684185068,-0.66833,-0.51392,0.06543,-107.5725,9.9313,115.8855,-0.07605,-0.30273,-1.20007,-50.9542,-45.4580,13.3435
684186068,-0.66907,-0.76294,0.59827,-88.1374,18.8321,111.1832,-0.06653,-0.32166,-1.20483,-49.0229,-42.3435,13.3969
684187068,-0.66736,-1.35950,0.75452,-58.4962,19.8473,103.6183,-0.05786,-0.33875,-1.21008,-46.5725,-39.0458,13.5038
684188067,-0.83667,-1.54443,-0.17151,-29.3206,10.5802,93.3511,-0.04993,-0.35498,-1.21533,-43.6107,-35.5496,13.6336
684189068,-1.22192,-1.49329,-1.08716,-11.4733,-1.2443,85.6336,-0.04333,-0.36963,-1.22217,-40.1908,-31.9160,13.7634
684190067,-1.39844,-2.00000,-1.25464,-8.4198,-4.0992,80.6794,-0.03845,-0.38245,-1.22974,-36.3282,-28.1832,13.8702
684191067,-1.48535,-2.00000,-1.23206,-20.7328,-6.2290,74.6870,-0.03503,-0.39429,-1.23669,-32.0153,-24.3588,13.9695
684192068,-1.81494,-2.00000,-2.00000,-42.5573,-14.8473,65.7634,-0.03101,-0.40491,-1.24304,-27.2748,-20.4275,14.0611
684193068,-2.00000,-2.00000,-2.00000,-49.6641,-17.4351,48.5878,-0.02637,-0.41333,-1.24731,-22.1450,-16.4198,14.1069
684194068,-2.00000,-1.43994,-2.00000,-35.0229,4.9542,28.9466,-0.02417,-0.42017,-1.25000,-16.6947,-12.3969,14.0840
684195067,-2.00000,-1.05920,-1.95020,-34.4656,41.3435,20.7023,-0.02393,-0.42517,-1.25293,-10.9695,-8.3511,13.9771
684196067,-2.00000,-0.92163,-1.65979,-66.2443,66.1756,28.5649,-0.02429,-0.42834,-1.25623,-5.0458,-4.3206,13.8092
684197068,-2.00000,-0.74329,-2.00000,-99.6031,87.3359,38.6718,-0.02612,-0.42932,-1.25806,1.0382,-0.3359,13.5802
684198068,-1.83691,-0.35986,-1.98853,-108.5649,115.3282,41.9542,-0.02942,-0.42700,-1.25842,7.1756,3.5878,13.2901
684199068,-1.43701,-0.02283,-1.62378,-103.2137,128.8702,43.7634,-0.03406,-0.42126,-1.25745,13.2672,7.4198,12.9389
684200068,-1.35083,0.18506,-1.93518,-93.1908,115.5954,47.2366,-0.04004,-0.41321,-1.25537,19.2061,11.1374,12.5344
684201068,-1.48279,-0.09277,-2.00000,-86.9237,87.5420,54.6107,-0.04626,-0.40271,-1.25220,24.9237,14.6794,12.0840
684202068,-1.71057,-0.68762,-2.00000,-110.4504,66.8473,67.2748,-0.05347,-0.39075,-1.24719,30.3511,18.0458,11.6336
684203068,-1.97021,-0.70190,-2.00000,-169.4427,70.4733,87.0382,-0.06201,-0.37769,-1.24011,35.4122,21.2214,11.1527
684204068,-2.00000,-0.63135,-1.80652,-213.8550,98.4046,107.0458,-0.06934,-0.36365,-1.23279,40.0534,24.2061,10.6565
684205068,-1.75000,-1.64331,-0.88660,-206.4351,143.4656,116.4427,-0.07629,-0.34949,-1.22510,44.2748,26.9618,10.1679
684206067,-1.89954,-2.00000,-0.55347,-191.9771,175.8397,115.4504,-0.08325,-0.33594,-1.21570,48.0382,29.5115,9.6947
684207068,-2.00000,-2.00000,-1.23877,-207.3664,204.4351,108.4962,-0.08948,-0.32202,-1.20520,51.3435,31.8473,9.1908
684208068,-1.66382,-2.00000,-0.99597,-228.0611,245.9237,92.2595,-0.09497,-0.30835,-1.19409,54.1985,33.9466,8.7099
684209068,-0.98364,-1.32410,0.37878,-231.5496,250.1298,71.5420,-0.10657,-0.28210,-1.17029,58.5649,37.5420,7.8931
684210068,-0.02759,-0.71436,1.75671,-202.8473,249.8473,49.5649,-0.11328,-0.27063,-1.15979,60.0916,39.0305,7.5649
684211068,0.49963,-0.72253,1.99994,-147.7099,199.0840,24.1756,-0.11902,-0.26050,-1.14844,61.2519,40.3435,7.2595
684212067,0.44617,-0.85071,1.99994,-104.3588,130.5344,1.3817,-0.12366,-0.25085,-1.13513,62.0534,41.4733,6.9924
684213067,0.27649,-0.31348,1.80139,-93.3206,71.8626,-14.4962,-0.12659,-0.24304,-1.12012,62.5191,42.4198,6.7481
684214068,-0.12048,1.05981,1.72595,-80.9847,28.1527,-22.4733,-0.12891,-0.23682,-1.10522,62.6412,43.1832,6.5420
684215068,-0.26453,1.99994,1.83167,-28.3359,6.2672,-30.2214,-0.13147,-0.23157,-1.09277,62.5344,43.7710,6.3588
684216067,-0.22192,1.99994,1.67078,45.5802,-0.5496,-38.0687,-0.13477,-0.22754,-1.08203,62.2519,44.1985,6.2214
684217067,-0.64905,1.50012,0.58582,85.3969,-3.7252,-37.7634,-0.13757,-0.22498,-1.07153,61.8015,44.4351,6.1450
684218067,-1.14221,1.38940,-0.36438,83.3740,10.4962,-33.2061,-0.13916,-0.22363,-1.06116,61.2214,44.5038,6.1069
684219067,-1.13586,1.99994,-0.28882,75.1145,38.8702,-30.9542,-0.14136,-0.22327,-1.05212,60.5496,44.3893,6.0611
684220068,-0.87549,1.99994,-0.72205,75.1145,53.4580,-21.8779,-0.14441,-0.22437,-1.04419,59.8473,44.1221,6.0305
684221068,-1.11792,1.97595,-2.00000,60.5038,33.3664,1.5420,-0.14685,-0.22644,-1.03784,59.1374,43.7023,6.0458
684222068,-2.00000,1.10571,-2.00000,27.4504,-0.0534,29.2901,-0.14868,-0.22900,-1.03259,58.4198,43.1221,6.0840
684223068,-2.00000,0.70483,-2.00000,4.0611,0.9924,45.0229,-0.15076,-0.23242,-1.02698,57.7405,42.3511,6.1298
684224068,-1.95654,0.99475,-2.00000,-14.5802,48.8550,56.0763,-0.15198,-0.23657,-1.02197,57.1145,41.4122,6.1450
684225068,-1.32849,1.68774,-1.23718,-46.9695,92.9771,76.3359,-0.15259,-0.24011,-1.01733,56.5573,40.3511,6.1756
684226068,-1.21118,1.99994,-1.45642,-74.6107,123.5191,100.2137,-0.15381,-0.24304,-1.01086,56.0534,39.1374,6.1832
684227067,-1.11841,1.47290,-1.41992,-81.0305,164.8168,116.0840,-0.15515,-0.24536,-1.00427,55.6183,37.7863,6.1679
684228067,-0.54028,0.13525,-0.50891,-57.0992,199.5344,114.3206,-0.15515,-0.24658,-0.99902,55.2595,36.2977,6.1374
684229067,0.00977,-0.91833,0.91772,24.2443,199.1679,82.9160,-0.15454,-0.24695,-0.99438,54.9695,34.7023,6.0992
684230068,0.44019,-0.98694,1.74500,150.2595,163.2519,27.8626,-0.15454,-0.24756,-0.99048,54.7328,33.0458,6.0458
684231067,0.85254,0.81165,1.99994,250.1298,64.4962,-44.3817,-0.15369,-0.24878,-0.98755,54.4962,31.3435,5.9695
684232067,0.51099,0.67932,1.83508,250.1298,23.2137,-48.5496,-0.15149,-0.24939,-0.98499,54.2824,29.5802,5.8550
684233068,0.64795,-0.53052,1.99994,250.1298,5.3282,-47.5191,-0.14917,-0.24988,-0.98193,54.0992,27.7557,5.7023
684234067,0.17175,-1.58875,1.63416,250.1298,-32.4809,-37.3282,-0.14661,-0.25110,-0.97839,53.9542,25.9237,5.5573
684235067,-0.66040,-1.89417,-0.50928,228.8779,-64.9313,-21.4275,-0.14307,-0.25269,-0.97485,53.8397,24.0840,5.3817
684236067,-0.94336,-1.11536,-1.09607,188.0000,-45.8321,-3.4962,-0.13879,-0.25415,-0.97070,53.7405,22.2519,5.1832
684237068,-0.89038,0.14136,-0.14087,131.2901,-5.6183,25.0305,-0.13367,-0.25500,-0.96643,53.6412,20.4733,4.9313
684238068,-0.92908,1.01062,0.12329,68.5420,31.2595,61.9542,-0.12817,-0.25598,-0.96313,53.5420,18.7786,4.6183
684239067,-1.08533,1.19141,-0.08826,37.1679,66.7863,87.6947,-0.12317,-0.25818,-0.96033,53.5267,17.1450,4.3053
684240068,-1.14612,0.85779,0.10938,49.6794,94.7939,92.7099,-0.11768,-0.26135,-0.95752,53.6260,15.5954,3.9771
684241068,-0.57227,-0.00183,0.88135,85.1832,116.9847,82.6794,-0.11133,-0.26465,-0.95398,53.8397,14.1908,3.6183
684242068,0.00134,-1.22729,1.59180,117.8855,110.2290,68.5496,-0.10449,-0.26868,-0.95032,54.1908,12.9237,3.2443
684243067,-0.04602,-2.00000,1.59729,146.8015,67.9466,52.1069,-0.09656,-0.27441,-0.94629,54.7252,11.8092,2.8626
684244067,-0.13110,-2.00000,1.23938,182.0382,23.5573,27.7939,-0.08740,-0.28223,-0.94299,55.4580,10.8550,2.4962
684245068,-0.22632,-2.00000,1.07434,211.6489,-5.5496,1.8855,-0.07825,-0.29199,-0.94202,56.4046,10.1145,2.1145
684246068,-0.47241,-2.00000,1.26672,218.0153,-21.9160,-11.9924,-0.06909,-0.30347,-0.94189,57.5954,9.5954,1.7023
684247068,-0.45215,-2.00000,1.88843,198.5954,-23.1221,-10.8779,-0.05920,-0.31702,-0.94080,59.0840,9.2748,1.2977
684248068,-0.15662,-2.00000,1.99994,159.8626,-11.3130,-1.3588,-0.04919,-0.33276,-0.93958,60.9160,9.1756,0.9084
684249068,-0.18774,-2.00000,1.99994,116.6718,-2.2290,8.5038,-0.03955,-0.35022,-0.94031,63.0992,9.3282,0.5496
684250068,-0.44873,-2.00000,1.78149,99.4504,0.5954,8.4809,-0.02747,-0.36890,-0.94214,65.6489,9.7405,0.1756
684251068,-0.20679,-1.32263,1.96753,123.7176,1.0687,-6.0687,-0.01343,-0.38867,-0.94360,68.6260,10.3969,-0.1985
684252068,0.07092,-0.49475,1.99994,155.2214,-18.8855,-20.0229,0.00098,-0.41089,-0.94543,72.0458,11.3130,-0.5725
684253068,-0.12891,-0.18872,1.99994,161.2137,-59.0687,-21.6641,0.01514,-0.43469,-0.94934,75.9008,12.4885,-0.9618
684254067,-0.17395,-0.51245,1.61230,164.6641,-91.8931,-23.0611,0.02820,-0.45850,-0.95386,80.2061,13.9313,-1.3359
684255067,-0.15735,-1.25635,1.56128,184.9695,-114.8321,-30.7328,0.04175,-0.48328,-0.95874,85.0992,15.6794,-1.7099
684256067,-0.39648,-2.00000,1.32483,194.6336,-131.2366,-34.2977,0.05640,-0.50977,-0.96411,90.6565,17.7328,-2.0687
684257067,-0.65076,-2.00000,0.54395,164.7099,-128.0992,-25.7710,0.07092,-0.53748,-0.97009,96.8626,20.0534,-2.4733
684258068,-0.98132,-2.00000,-0.23901,107.5038,-112.6870,-8.3664,0.08594,-0.56580,-0.97803,103.7481,22.6718,-2.9008
684259068,-1.26978,-2.00000,-0.55029,57.0153,-90.7176,8.2214,0.10034,-0.59375,-0.98816,111.3435,25.6107,-3.3282
684260068,-1.21655,-2.00000,0.01074,28.6031,-60.5344,18.5573,0.11438,-0.62231,-1.00012,119.7099,28.8779,-3.7863
684261068,-1.03650,-2.00000,0.79272,10.6260,-37.5267,21.3664,0.12756,-0.65161,-1.01306,128.8626,32.4656,-4.2901
684262068,-0.75952,-2.00000,1.09448,-4.2290,-20.4504,13.6870,0.13965,-0.68066,-1.02502,138.8397,36.3435,-4.8473
684263067,-0.48145,-2.00000,0.92371,-6.9695,-18.6565,-5.4656,0.15222,-0.70972,-1.03772,149.6336,40.4885,-5.4351
684264067,-0.18274,-1.47351,1.15283,25.0076,-37.9771,-33.6565,0.16394,-0.73865,-1.05200,161.2443,44.9160,-6.0687
684265068,0.35559,-1.18005,1.99994,98.0382,-74.4962,-68.8702,0.17395,-0.76636,-1.06580,173.6260,49.5878,-6.7176
684266068,0.58142,-1.48438,1.99994,167.2748,-126.5573,-99.2214,0.18298,-0.79431,-1.07910,186.7786,54.5344,-7.4122
684267068,0.35046,-2.00000,1.99994,191.0611,-173.1221,-112.6336,0.19153,-0.82251,-1.09363,200.6718,59.7786,-8.1450
684268068,0.17236,-2.00000,1.99994,183.5115,-189.5725,-118.9008,0.19922,-0.84985,-1.10938,215.2672,65.3130,-8.8779
684269068,0.37830,-2.00000,1.99994,173.3130,-178.1069,-125.2137,0.20618,-0.87720,-1.12451,230.5267,71.0000,-9.6031
684270068,0.32690,-1.13000,1.99994,159.9084,-181.0763,-125.3664,0.21338,-0.90454,-1.13940,246.4427,76.7557,-10.3206
684271068,-0.17041,0.01050,0.46484,153.1832,-204.5573,-118.5420,0.22058,-0.93127,-1.15540,250.1298,82.8397,-11.0305
684272068,-0.31580,0.12244,0.22327,152.5725,-220.6183,-110.4122,0.22766,-0.95825,-1.17175,250.1298,89.2672,-11.7557
684273067,-0.24207,-0.37170,0.85095,130.4046,-228.6107,-99.3130,0.23389,-0.98645,-1.18738,250.1298,95.9542,-12.4580
684274068,-0.52502,-0.59448,0.92224,102.2977,-235.9771,-92.4427,0.23865,-1.01587,-1.20349,250.1298,102.7863,-13.1069
684275068,-0.95117,-0.35010,-0.02271,106.0229,-243.7710,-97.7557,0.24255,-1.04688,-1.22266,250.1298,109.7481,-13.7023
684276068,-1.12976,-0.04150,-1.49744,116.5802,-249.7863,-102.1908,0.24561,-1.07947,-1.24390,250.1298,116.8702,-14.2443
684277068,-1.54822,0.26782,-2.00000,97.2519,-250.1374,-93.5115,0.24902,-1.11243,-1.26648,250.1298,124.1679,-14.7252
684278068,-2.00000,0.24829,-2.00000,82.0916,-250.1374,-81.9466,0.25183,-1.14526,-1.28967,250.1298,131.6031,-15.1069
684279064,-2.00000,-0.31274,-2.00000,105.3053,-226.6412,-81.0000,0.25269,-1.17822,-1.31287,250.1298,139.1450,-15.4580
684280065,-1.95874,-0.76892,-2.00000,129.6947,-185.7557,-82.8626,0.25317,-1.21191,-1.33789,250.1298,146.7710,-15.7481
684281065,-2.00000,-1.02832,-2.00000,109.9771,-141.4962,-73.0382,0.25330,-1.24646,-1.36414,250.1298,154.4885,-15.9618
684282065,-2.00000,-0.97034,-2.00000,60.4885,-84.1679,-58.7634,0.25330,-1.28088,-1.39038,250.1298,162.2977,-16.0916
684283065,-1.62878,-0.30603,-1.25232,50.8321,-27.4046,-62.3053,0.25354,-1.31360,-1.41724,250.1298,170.2214,-16.1603
684284068,-0.69189,0.21350,0.48352,132.2137,-2.3969,-95.1374,0.25183,-1.34546,-1.44409,250.1298,178.2595,-16.1527
684285068,0.47681,-0.30811,1.99994,250.1298,-15.6565,-141.8855,0.24988,-1.37732,-1.47070,250.1298,186.3664,-16.1145
684286068,1.09143,-1.38586,1.99994,250.1298,-67.9389,-176.1756,0.24841,-1.40845,-1.49768,250.1298,194.5115,-16.0305
684287068,0.74316,-1.70911,1.99994,250.1298,-154.5573,-198.6718,0.24634,-1.43823,-1.52502,250.1298,202.7023,-15.8855
684288068,0.76392,-1.52734,1.49866,250.1298,-226.2443,-214.0840,0.24463,-1.46606,-1.55322,250.1298,210.9542,-15.6947
684289067,0.75256,-1.39539,1.27881,250.1298,-250.1374,-211.3359,0.24329,-1.49060,-1.58154,250.1298,219.2672,-15.4580
684290068,-0.17993,-1.03198,0.59509,245.8779,-250.1374,-191.6794,0.24219,-1.51221,-1.60974,250.1298,227.6260,-15.1832
684291067,-1.06580,-0.60071,-0.98157,215.3740,-250.1374,-163.6183,0.24097,-1.53284,-1.63879,250.1298,235.9618,-14.8397
684292068,-1.62976,0.10986,-1.65015,167.7099,-250.1374,-128.3588,0.23877,-1.55151,-1.66638,250.1298,244.2748,-14.4733
684293068,-2.00000,0.74597,-1.94214,91.4504,-250.1374,-82.8321,0.23657,-1.56714,-1.69263,250.1298,250.1298,-14.0916
684294068,-2.00000,0.94165,-2.00000,18.3130,-195.4351,-43.0763,0.23547,-1.58081,-1.71887,250.1298,250.1298,-13.6870
684295068,-2.00000,0.61755,-2.00000,-11.9466,-128.1450,-23.7939,0.23486,-1.59387,-1.74463,250.1298,250.1298,-13.2977
684296068,-2.00000,0.00879,-2.00000,5.7863,-82.7176,-32.7939,0.23364,-1.60693,-1.76965,250.1298,250.1298,-12.8931
684297068,-2.00000,-0.10828,-2.00000,45.7252,-76.0611,-60.1603,0.23291,-1.61768,-1.79236,250.1298,250.1298,-12.4962
684298068,-1.89465,0.10938,-2.00000,90.3817,-104.7252,-92.4046,0.23303,-1.62573,-1.81335,250.1298,250.1298,-12.0840
684299068,-1.41528,0.30518,-2.00000,145.9695,-133.3435,-125.8321,0.23376,-1.63269,-1.83301,250.1298,250.1298,-11.6870
684300068,-0.86218,0.08728,-1.25464,189.6870,-147.9008,-147.6336,0.23511,-1.64014,-1.84973,250.1298,250.1298,-11.3053
684301068,-1.09045,-0.27490,-1.06445,193.3664,-156.0382,-149.1450,0.23511,-1.64771,-1.86536,250.1298,250.1298,-11.0000
684302067,-1.26099,-0.24475,-1.59229,173.3664,-142.2443,-140.5267,0.23401,-1.65320,-1.88074,250.1298,250.1298,-10.7786
684303067,0.36023,1.43811,0.30798,156.1603,-72.6718,-135.1832,0.23376,-1.65649,-1.89429,250.1298,250.1298,-10.6794
684304068,1.99994,1.99994,1.99994,225.2901,35.4504,-144.5802,0.23376,-1.65698,-1.90613,250.1298,250.1298,-10.6947
684305067,1.99994,1.99994,1.99994,250.1298,97.7328,-189.4962,0.23340,-1.65527,-1.91675,250.1298,250.1298,-10.8702
684306064,1.99994,1.99994,1.99994,250.1298,63.6565,-250.1374,0.23230,-1.65173,-1.92542,250.1298,250.1298,-11.2519
684307069,1.99994,1.99994,1.99994,250.1298,-97.0687,-250.1374,0.22961,-1.64600,-1.93188,250.1298,250.1298,-11.8473
684308068,1.99994,1.99994,1.99994,250.1298,-250.1374,-250.1374,0.22607,-1.63867,-1.93750,250.1298,250.1298,-12.6641
684309067,1.99994,1.99994,1.99994,250.1298,-250.1374,-250.1374,0.21680,-1.62036,-1.94604,250.1298,250.1298,-14.9389
684310065,1.99994,-1.58240,1.99994,250.1298,-250.1374,-250.1374,0.21240,-1.61023,-1.94690,250.1298,250.1298,-16.4809
684311065,-1.86145,-2.00000,0.05457,250.1298,-250.1374,-250.1374,0.20923,-1.59790,-1.94604,250.1298,250.1298,-18.3511
684312069,-2.00000,0.26282,-2.00000,250.1298,-250.1374,-250.1374,0.20605,-1.58325,-1.94446,250.1298,250.1298,-20.5038
684313064,-2.00000,1.99994,-2.00000,250.1298,-250.1374,-250.1374,0.20227,-1.56824,-1.94312,250.1298,250.1298,-22.9466
684314069,-2.00000,1.99994,-2.00000,250.1298,-250.1374,-99.5954,0.19849,-1.55298,-1.94226,250.1298,250.1298,-25.6870
684315068,-2.00000,-1.22314,-2.00000,250.1298,-250.1374,68.9542,0.19543,-1.53748,-1.93909,250.1298,250.1298,-28.7405
684316067,-2.00000,-2.00000,-2.00000,249.3130,-250.1374,134.7786,0.19214,-1.52209,-1.93604,250.1298,250.1298,-32.1221
684317068,-2.00000,-2.00000,-2.00000,227.8244,-138.7710,115.4122,0.18848,-1.50757,-1.93359,250.1298,250.1298,-35.8244
684318068,-2.00000,1.16418,-2.00000,250.1298,197.2061,102.6412,0.18567,-1.49353,-1.93079,250.1298,250.1298,-39.8168
684319068,-0.72632,1.99994,0.63147,250.1298,250.1298,60.9466,0.18311,-1.47937,-1.92761,250.1298,250.1298,-44.0687
684320068,1.99994,1.99994,1.99994,250.1298,250.1298,-66.7099,0.18103,-1.46594,-1.92419,250.1298,250.1298,-48.6183
684321068,1.99994,1.99994,1.99994,250.1298,250.1298,-209.7557,0.17957,-1.45410,-1.92175,250.1298,250.1298,-53.4427
684322068,1.99994,-1.84839,1.99994,250.1298,66.3588,-250.1374,0.17676,-1.44336,-1.91992,250.1298,250.1298,-58.5420
684323067,1.99994,-2.00000,1.99994,250.1298,-250.1374,-250.1374,0.17273,-1.43347,-1.91895,250.1298,250.1298,-63.8931
684324067,1.99994,-2.00000,1.99994,250.1298,-250.1374,-250.1374,0.16736,-1.42297,-1.91882,250.1298,250.1298,-69.5191
684325067,1.99994,1.99994,1.99994,250.1298,-250.1374,-250.1374,0.16125,-1.41028,-1.91968,250.1298,250.1298,-75.3893
684326065,1.99994,1.99994,1.99994,250.1298,-250.1374,-250.1374,0.15332,-1.39551,-1.92200,250.1298,250.1298,-81.4733
684327065,1.99994,1.99994,1.99994,250.1298,-250.1374,-250.1374,0.14478,-1.37817,-1.92517,250.1298,250.1298,-87.7252
684328069,0.16821,-0.83020,1.99994,250.1298,-250.1374,-250.1374,0.13550,-1.35974,-1.92920,250.1298,250.1298,-94.1374
684329068,-2.00000,-2.00000,-1.47852,250.1298,-250.1374,-235.4504,0.12439,-1.34119,-1.93445,250.1298,250.1298,-100.6565
684330068,-2.00000,-2.00000,-2.00000,250.1298,-250.1374,-168.3893,0.11304,-1.32202,-1.93994,250.1298,250.1298,-107.2519
684331068,-2.00000,-2.00000,-2.00000,250.1298,-250.1374,-115.7099,0.10254,-1.30261,-1.94470,250.1298,250.1298,-113.8779
684332068,-2.00000,-2.00000,-2.00000,250.1298,-250.1374,-109.9847,0.09241,-1.28259,-1.94849,250.1298,250.1298,-120.4885
684333068,-2.00000,-2.00000,-2.00000,250.1298,-250.1374,-151.2061,0.08215,-1.26013,-1.94958,250.1298,250.1298,-127.0611
684334064,-2.00000,-2.00000,-2.00000,250.1298,-250.1374,-147.4885,0.07275,-1.23645,-1.94775,250.1298,250.1298,-133.5344
684335065,-2.00000,-2.00000,-2.00000,250.1298,-250.1374,-106.0916,0.06287,-1.21338,-1.94250,250.1298,250.1298,-139.8855
684336068,-2.00000,-2.00000,-2.00000,250.1298,-250.1374,-115.7863,0.05286,-1.18970,-1.93530,250.1298,250.1298,-146.0687
684337064,-2.00000,-2.00000,-2.00000,250.1298,14.0534,-192.8702,0.04456,-1.16394,-1.92761,250.1298,250.1298,-152.0763
684338069,-1.83142,-2.00000,-2.00000,250.1298,250.1298,-250.1374,0.03760,-1.13611,-1.91724,250.1298,250.1298,-157.8931
684339068,0.56738,-1.18359,0.59290,250.1298,250.1298,-250.1374,0.03113,-1.10742,-1.90259,250.1298,250.1298,-163.4962
684340068,1.99994,-0.78418,1.99994,250.1298,250.1298,-250.1374,0.02417,-1.07581,-1.88586,250.1298,250.1298,-168.9313
684341068,1.99994,-2.00000,1.99994,250.1298,125.2977,-250.1374,0.01672,-1.04102,-1.86926,250.1298,250.1298,-174.2137
684342067,1.99994,-2.00000,1.99994,250.1298,-204.2901,-250.1374,0.00903,-1.00513,-1.85059,250.1298,250.1298,-179.2748
684343067,1.99994,-2.00000,1.99994,250.1298,-250.1374,-250.1374,0.00061,-0.96802,-1.82849,250.1298,250.1298,-184.0916
684344067,1.99994,-2.00000,1.99994,250.1298,-250.1374,-250.1374,-0.00818,-0.93079,-1.80286,250.1298,250.1298,-188.7252
684345067,1.14087,-2.00000,1.99994,250.1298,-250.1374,-250.1374,-0.01636,-0.89258,-1.77380,250.1298,250.1298,-193.1756
684346067,-0.28442,-1.85974,1.99994,250.1298,-250.1374,-250.1374,-0.02539,-0.85229,-1.74231,250.1298,250.1298,-197.4122
684347067,-1.98560,-1.56738,1.23657,250.1298,-250.1374,-250.1374,-0.03516,-0.81128,-1.70862,250.1298,250.1298,-201.3969
684348067,-2.00000,-0.19666,-1.50159,250.1298,-250.1374,-250.1374,-0.04504,-0.77002,-1.67151,250.1298,250.1298,-205.1374
684349068,-2.00000,0.83130,-2.00000,250.1298,-250.1374,-129.7939,-0.05493,-0.72803,-1.63245,250.1298,250.1298,-208.6031
684350068,-2.00000,0.59802,-2.00000,250.1298,-250.1374,-47.1221,-0.06506,-0.68750,-1.59265,250.1298,250.1298,-211.7481
684351068,-2.00000,0.36658,-2.00000,250.1298,-250.1374,-13.3435,-0.07568,-0.65015,-1.55188,250.1298,250.1298,-214.6336
684352068,-2.00000,0.79346,-2.00000,250.1298,-247.3435,-48.4504,-0.08765,-0.61646,-1.51135,250.1298,250.1298,-217.2595
684353068,-2.00000,1.58862,0.05737,250.1298,-90.7328,-164.4122,-0.10059,-0.58655,-1.47205,250.1298,250.1298,-219.6107
684354068,-0.43701,1.99994,1.99994,250.1298,-41.2443,-250.1374,-0.11353,-0.55994,-1.43213,250.1298,250.1298,-221.6412
684355067,1.99994,-2.00000,1.99994,250.1298,-250.1374,-250.1374,-0.12708,-0.53821,-1.39172,250.1298,250.1298,-223.3664
684356067,1.99994,-2.00000,1.99994,250.1298,-250.1374,-250.1374,-0.14209,-0.52222,-1.35144,250.1298,250.1298,-224.7557
684357067,1.99994,-2.00000,1.99994,250.1298,-250.1374,-250.1374,-0.15710,-0.51147,-1.31140,250.1298,250.1298,-225.8397
684358067,1.99994,-2.00000,1.99994,250.1298,-250.1374,-250.1374,-0.17139,-0.50525,-1.27222,250.1298,250.1298,-226.5954
684359067,1.99994,-0.85657,1.99994,250.1298,-250.1374,-250.1374,-0.18604,-0.50305,-1.23279,250.1298,250.1298,-227.0305
684360067,1.99994,1.99994,1.99994,250.1298,-250.1374,-250.1374,-0.20093,-0.50513,-1.19250,250.1298,250.1298,-227.1679
684361065,1.35364,0.40491,1.99994,250.1298,-250.1374,-250.1374,-0.21594,-0.51172,-1.15186,250.1298,250.1298,-227.0153
684362068,-2.00000,-2.00000,-1.11658,250.1298,-250.1374,-250.1374,-0.23035,-0.52197,-1.11230,250.1298,250.1298,-226.5725
684363067,-2.00000,-2.00000,-2.00000,250.1298,-250.1374,-250.1374,-0.24329,-0.53503,-1.07312,250.1298,250.1298,-225.8473
684364068,-2.00000,-2.00000,-2.00000,250.1298,-250.1374,-250.1374,-0.25464,-0.55017,-1.03369,250.1298,250.1298,-224.8626
684365068,-2.00000,-2.00000,-2.00000,250.1298,-250.1374,-250.1374,-0.26526,-0.56738,-0.99561,250.1298,250.1298,-223.6336
684366067,-2.00000,-1.93250,-2.00000,250.1298,-250.1374,-250.1374,-0.27527,-0.58667,-0.95898,250.1298,250.1298,-222.2366
684367068,-2.00000,1.69592,-2.00000,250.1298,-250.1374,-250.1374,-0.28491,-0.60791,-0.92383,250.1298,250.1298,-220.6947
684368068,-2.00000,1.99994,-2.00000,250.1298,-250.1374,-250.1374,-0.29419,-0.63049,-0.89062,250.1298,250.1298,-219.0687
684369067,-2.00000,1.99994,-2.00000,250.1298,-250.1374,-250.1374,-0.30237,-0.65405,-0.86011,250.1298,250.1298,-217.3511
684370067,-2.00000,-0.97632,-2.00000,250.1298,-250.1374,-250.1374,-0.31006,-0.67712,-0.83398,250.1298,250.1298,-215.5878
684371067,-2.00000,-2.00000,-2.00000,250.1298,-104.5954,-250.1374,-0.31689,-0.69849,-0.81140,250.1298,250.1298,-213.8092
684372067,-2.00000,-1.71777,-2.00000,250.1298,178.5344,-250.1374,-0.32300,-0.71899,-0.79077,250.1298,250.1298,-212.0916
684373068,-0.58179,1.56433,-0.24414,250.1298,250.1298,-250.1374,-0.32898,-0.73730,-0.77161,250.1298,250.1298,-210.4885
684374067,1.99994,1.99994,1.99994,250.1298,233.7328,-250.1374,-0.33459,-0.75195,-0.75525,250.1298,250.1298,-209.0000
684375067,1.99994,1.22156,1.99994,250.1298,52.2519,-250.1374,-0.33948,-0.76306,-0.74097,250.1298,250.1298,-207.6489
684376065,1.99994,-2.00000,1.99994,250.1298,-236.0611,-250.1374,-0.34363,-0.77136,-0.72632,250.1298,250.1298,-206.4504
684377069,1.99994,-2.00000,1.99994,250.1298,-250.1374,-250.1374,-0.34778,-0.77686,-0.71118,250.1298,250.1298,-205.4580
684378068,1.99994,-2.00000,1.99994,250.1298,-250.1374,-250.1374,-0.35095,-0.77942,-0.69641,250.1298,250.1298,-204.6794
684379068,1.99994,1.90247,1.99994,250.1298,-250.1374,-250.1374,-0.35254,-0.77917,-0.68201,250.1298,250.1298,-204.1298
684380067,1.99994,1.99994,1.99994,250.1298,-250.1374,-250.1374,-0.35425,-0.77576,-0.66846,250.1298,250.1298,-203.7863
684381065,1.99994,1.99994,1.99994,250.1298,-250.1374,-250.1374,-0.35669,-0.76770,-0.65613,250.1298,250.1298,-203.6641
684382063,-1.39368,-2.00000,1.99994,250.1298,-250.1374,-250.1374,-0.35876,-0.75525,-0.64514,250.1298,250.1298,-203.7786
684383068,-2.00000,-2.00000,1.99994,250.1298,-250.1374,-250.1374,-0.36047,-0.73901,-0.63550,250.1298,250.1298,-204.1069
684384067,-2.00000,-2.00000,1.27185,250.1298,-250.1374,-250.1374,-0.36169,-0.71887,-0.62830,250.1298,250.1298,-204.6260
684385067,-2.00000,-2.00000,-2.00000,250.1298,-250.1374,-250.1374,-0.36230,-0.69434,-0.62231,250.1298,250.1298,-205.3359
684386068,-2.00000,-2.00000,-2.00000,250.1298,-250.1374,-250.1374,-0.36133,-0.66418,-0.61401,250.1298,250.1298,-206.2443
684387068,-2.00000,0.70044,-2.00000,250.1298,-250.1374,-250.1374,-0.35754,-0.62842,-0.60303,250.1298,250.1298,-207.3206
684388068,-2.00000,0.80347,-2.00000,250.1298,-250.1374,-250.1374,-0.35071,-0.58740,-0.59143,250.1298,250.1298,-208.5802
684389068,-2.00000,-2.00000,-2.00000,250.1298,-250.1374,-250.1374,-0.34265,-0.54028,-0.57812,250.1298,250.1298,-210.0382
684390068,-2.00000,-2.00000,-2.00000,250.1298,-250.1374,-250.1374,-0.33350,-0.48608,-0.56250,250.1298,250.1298,-211.6794
684391068,-2.00000,-2.00000,-2.00000,250.1298,-250.1374,-250.1374,-0.32190,-0.42480,-0.54456,250.1298,250.1298,-213.4656
684392067,-2.00000,1.68225,-2.00000,250.1298,-76.1450,-250.1374,-0.30884,-0.35791,-0.52405,250.1298,250.1298,-215.3588
684393067,-2.00000,1.99994,-2.00000,250.1298,167.6183,-250.1374,-0.29529,-0.28418,-0.50037,250.1298,250.1298,-217.4046
684394067,-1.24219,1.99994,0.19006,250.1298,250.1298,-250.1374,-0.28149,-0.20374,-0.47583,250.1298,250.1298,-219.5649
684395067,1.99994,1.99994,1.99994,250.1298,250.1298,-250.1374,-0.26807,-0.11865,-0.45044,250.1298,250.1298,-221.8168
684396065,1.99994,1.46826,1.99994,250.1298,99.9771,-250.1374,-0.25598,-0.02966,-0.42371,250.1298,250.1298,-224.1527
684397069,1.99994,-1.33118,1.99994,250.1298,-250.1374,-250.1374,-0.24475,0.06128,-0.39551,250.1298,250.1298,-226.5344
684398068,1.99994,-2.00000,1.99994,250.1298,-250.1374,-250.1374,-0.23425,0.15369,-0.36487,250.1298,250.1298,-228.9160
684399067,1.04712,-2.00000,1.99994,250.1298,-250.1374,-250.1374,-0.22522,0.24805,-0.33435,250.1298,250.1298,-231.2519
684400068,1.96619,-2.00000,1.99994,250.1298,-250.1374,-250.1374,-0.21826,0.34363,-0.30347,250.1298,250.1298,-233.5038
684401068,1.99994,0.99695,1.99994,250.1298,-250.1374,-250.1374,-0.21301,0.43860,-0.27026,250.1298,246.0687,-235.6183
684402068,1.99994,0.95715,1.99994,250.1298,-250.1374,-250.1374,-0.20837,0.53125,-0.23572,250.1298,238.9313,-237.5344
684403068,-1.64087,-2.00000,1.63562,250.1298,-250.1374,-250.1374,-0.20422,0.62341,-0.20007,250.1298,231.5038,-239.2137
684404067,-2.00000,-2.00000,1.28552,250.1298,-250.1374,-250.1374,-0.20093,0.71558,-0.16345,250.1298,223.8473,-240.6107
684405067,-2.00000,-2.00000,1.99994,250.1298,-250.1374,-250.1374,-0.19873,0.80554,-0.12451,250.1298,215.9618,-241.7176
684406068,-2.00000,-2.00000,1.99994,250.1298,-250.1374,-250.1374,-0.19678,0.89368,-0.08362,250.1298,207.8550,-242.5115
684407067,-2.00000,-2.00000,-1.84521,250.1298,-250.1374,-250.1374,-0.19470,0.98230,-0.04175,250.1298,199.5115,-242.9313
684408068,-2.00000,-2.00000,-2.00000,250.1298,-250.1374,-250.1374,-0.19324,1.07104,0.00061,250.1298,190.9542,-242.9695
684409068,-2.00000,-1.79370,-2.00000,250.1298,-250.1374,-250.1374,-0.18921,1.23779,0.08081,250.1298,173.4427,-241.7481
684410068,-2.00000,-2.00000,-2.00000,250.1298,-250.1374,-250.1374,-0.18701,1.31726,0.12048,250.1298,164.6107,-240.5267
684411068,-2.00000,-2.00000,-2.00000,250.1298,-250.1374,-250.1374,-0.18433,1.39441,0.15930,250.1298,155.7176,-238.8779
684412068,-2.00000,0.09143,-2.00000,250.1298,-250.1374,-250.1374,-0.17969,1.46777,0.19714,250.1298,146.8168,-236.7405
684413067,-2.00000,1.99994,-2.00000,250.1298,-250.1374,-250.1374,-0.17200,1.53552,0.23267,250.1298,138.0458,-234.1450
684414068,-2.00000,1.99994,-2.00000,250.1298,-250.1374,-250.1374,-0.15637,1.59497,0.26245,250.1298,129.5573,-231.0611
684415067,-2.00000,1.99994,-2.00000,250.1298,-250.1374,-250.1374,-0.12427,1.63623,0.29028,250.1298,121.6947,-227.4656
684416068,-1.69348,1.99994,-2.00000,250.1298,-250.1374,-250.1374,-0.08423,1.65930,0.34497,250.1298,114.9542,-223.3511
684417068,-0.92749,1.99994,-2.00000,250.1298,-250.1374,-250.1374,-0.05042,1.67932,0.41138,250.1298,108.3969,-218.6718
684418067,-1.40210,1.99994,-0.67419,250.1298,-250.1374,-250.1374,-0.02515,1.70471,0.45056,250.1298,101.5496,-213.3893
684419068,0.60657,1.99994,1.99994,250.1298,-250.1374,-250.1374,-0.01147,1.73804,0.47266,250.1298,94.9847,-207.6641
684420067,1.99994,1.99994,1.99994,250.1298,-173.4351,-250.1374,-0.01331,1.78162,0.50110,250.1298,89.0458,-201.6412
684421067,1.99994,1.99994,1.99994,250.1298,-81.9313,-205.7557,-0.02600,1.83447,0.52161,250.1298,83.3130,-195.2901
684422064,1.99994,1.99994,1.99994,250.1298,-70.3740,-145.1603,-0.04626,1.89062,0.52527,250.1298,77.7328,-188.6031
684423069,1.99994,-1.66467,1.99994,250.1298,-250.1374,-150.9466,-0.07336,1.94312,0.53235,250.1298,72.4733,-181.6947
684424068,1.99994,-2.00000,1.99994,250.1298,-250.1374,-180.8855,-0.10083,1.98730,0.54150,250.1298,67.4504,-174.5954
684425067,1.35535,-2.00000,1.99994,250.1298,-250.1374,-243.2366,-0.12415,1.99994,0.55237,250.1298,62.5954,-167.2672
684426067,0.37646,-2.00000,1.99994,250.1298,-250.1374,-250.1374,-0.14331,1.99994,0.56775,250.1298,57.9389,-159.7405
684427068,-0.06714,-2.00000,1.99994,250.1298,-250.1374,-250.1374,-0.16150,1.99994,0.58313,250.1298,53.4046,-152.0000
684428067,-1.68494,-2.00000,1.99994,250.1298,-250.1374,-250.1374,-0.17957,1.99994,0.59521,250.1298,48.9618,-143.9924
684429068,-2.00000,-2.00000,-1.49573,250.1298,-250.1374,-250.1374,-0.19775,1.99994,0.60742,250.1298,44.6412,-135.7252
684430068,-2.00000,-2.00000,-2.00000,250.1298,-250.1374,-250.1374,-0.21411,1.99994,0.62244,250.1298,40.4351,-127.2214
684431068,-2.00000,-2.00000,-2.00000,250.1298,-250.1374,-250.1374,-0.22656,1.99994,0.63965,242.8702,36.3511,-118.4809
684432068,-2.00000,-2.00000,-2.00000,250.1298,-250.1374,-250.1374,-0.23499,1.99994,0.65930,206.5573,32.4351,-109.5267
684433068,-2.00000,-2.00000,-2.00000,250.1298,-250.1374,-250.1374,-0.24023,1.99994,0.67957,170.8779,28.7099,-100.3511
684434068,-2.00000,-2.00000,-2.00000,250.1298,-250.1374,-250.1374,-0.24219,1.97095,0.69983,135.9084,25.1985,-90.9618
684435068,-2.00000,-2.00000,-2.00000,250.1298,-250.1374,-250.1374,-0.24146,1.93689,0.72058,101.7786,21.8779,-81.3435
684436068,-2.00000,0.90881,-2.00000,250.1298,-250.1374,-250.1374,-0.23669,1.89807,0.74207,68.6183,18.7252,-71.5496
684437068,-2.00000,1.99994,-2.00000,250.1298,-250.1374,-250.1374,-0.22937,1.85400,0.76245,36.5191,15.7405,-61.6183
684438068,-1.74304,1.99994,-1.67114,250.1298,-250.1374,-250.1374,-0.22217,1.80408,0.78137,5.5954,12.9084,-51.5954
684439067,-1.52075,-2.00000,-0.83960,250.1298,-250.1374,-250.1374,-0.21411,1.74707,0.79871,-24.0382,10.2901,-41.4962
684440067,-2.00000,-2.00000,-2.00000,250.1298,-250.1374,-250.1374,-0.20605,1.68396,0.81482,-52.2061,7.8702,-31.3588
684441068,-1.57544,-0.96570,-2.00000,250.1298,-250.1374,-250.1374,-0.20007,1.61597,0.83154,-78.8244,5.6107,-21.2519
684442068,-0.01917,1.28101,-1.02588,180.5573,-240.3130,-250.1374,-0.19495,1.54492,0.84656,-103.8092,3.4504,-11.2519
684443068,0.41064,1.99994,-0.42358,19.0840,-239.9466,-234.6565,-0.18848,1.47131,0.85828,-127.0382,1.3817,-1.3893
684444068,-0.13892,1.99994,-0.89648,-17.2748,-244.8092,-200.6107,-0.18176,1.39453,0.86792,-148.4885,-0.5954,8.2901
684445068,0.49536,1.99994,-2.00000,54.6412,-242.2061,-187.1832,-0.17529,1.31372,0.87671,-168.1374,-2.4656,17.7939
684446068,0.24780,1.99994,-2.00000,84.2137,-250.1374,-177.4962,-0.16895,1.22974,0.88452,-185.9695,-4.2137,27.0687
684447068,-2.00000,1.99994,-2.00000,18.7634,-250.1374,-159.1527,-0.16199,1.14575,0.89233,-201.9160,-5.8931,36.0458
684448068,-2.00000,1.99994,-2.00000,-27.9313,-250.1374,-152.4733,-0.15393,1.06421,0.90100,-215.9160,-7.5725,44.6565
684449068,-2.00000,1.99994,-2.00000,43.2443,-250.1374,-177.9695,-0.14612,0.98486,0.90967,-228.0458,-9.2748,52.8626
684450068,-2.00000,1.99994,-2.00000,173.4198,-94.9542,-186.0916,-0.13904,0.90698,0.91675,-238.3893,-10.9771,60.6794
684451068,-2.00000,1.99994,-2.00000,231.7176,3.2443,-136.9771,-0.13232,0.83057,0.92236,-246.9847,-12.6870,68.0229
684452067,-2.00000,1.99994,-2.00000,180.7023,77.2977,-40.5802,-0.12476,0.75684,0.92932,-250.1374,-14.3664,74.8550
684453068,-2.00000,1.99994,-2.00000,76.2137,250.1298,51.9389,-0.11609,0.68628,0.93787,-250.1374,-16.0611,81.1908
684454068,-2.00000,1.99994,-2.00000,-0.9618,250.1298,105.8168,-0.10742,0.61829,0.94592,-250.1374,-17.7786,87.0153
684455068,-2.00000,1.99994,-2.00000,10.1679,250.1298,132.2595,-0.09961,0.55298,0.95386,-250.1374,-19.4962,92.2824
684456067,-1.27026,1.99994,-2.00000,65.0611,250.1298,151.3511,-0.09119,0.49036,0.96265,-250.1374,-21.1832,96.9847
684457067,0.47620,1.99994,0.38574,70.7863,250.1298,179.6412,-0.08093,0.43005,0.97168,-250.1374,-22.8244,101.1450
684458068,1.54675,1.99994,1.99994,15.7863,250.1298,226.3282,-0.07056,0.37280,0.98096,-250.1374,-24.4122,104.7099
684459067,1.14905,1.80994,1.99994,-27.7863,250.1298,250.1298,-0.05920,0.31702,0.98975,-250.1374,-25.9847,107.7023
684460068,1.30908,1.30005,1.99994,-15.3817,231.7481,242.3893,-0.04614,0.26147,0.99744,-250.1374,-27.5115,110.1527
684461068,1.99994,1.17603,1.99994,11.7557,214.7176,236.0840,-0.03223,0.20813,1.00500,-250.1374,-28.9847,112.0916
684462067,1.17004,0.67993,1.99994,-24.2214,170.5954,250.1298,-0.01709,0.15747,1.01172,-249.1221,-30.4198,113.5496
684463068,-0.65161,-0.19543,1.66870,-26.1450,141.1450,250.1298,-0.00146,0.10852,1.01672,-242.8168,-31.7863,114.5344
684464068,0.24707,-0.77063,1.99994,73.3817,175.3664,210.9771,0.01306,0.06042,1.02112,-235.7252,-33.0687,115.0153
684465067,1.12695,-1.56787,1.99994,145.7176,217.4046,184.3664,0.02649,0.01489,1.02551,-227.9237,-34.2748,115.0229
684466067,-1.46948,-2.00000,0.65479,113.8244,173.5191,187.8550,0.03918,-0.02832,1.02954,-219.4962,-35.4046,114.5649
684467068,-2.00000,-2.00000,-2.00000,51.3664,155.6031,186.2977,0.05164,-0.06995,1.03357,-210.4809,-36.4733,113.6870
684468068,-2.00000,-0.66980,-2.00000,-42.8015,191.5954,215.3588,0.06396,-0.10901,1.03748,-200.9008,-37.4427,112.4122
684469068,-2.00000,0.92346,-2.00000,-147.6336,160.4962,250.1298,0.07666,-0.14587,1.04077,-190.8092,-38.3053,110.7176
684470068,-2.00000,1.99994,-2.00000,-146.4656,190.7939,250.1298,0.08875,-0.18152,1.04333,-180.2137,-39.0611,108.6183
684471064,-2.00000,1.99994,-2.00000,-126.7328,250.1298,250.1298,0.09961,-0.21521,1.04456,-169.1832,-39.7023,106.1603
684472069,-2.00000,1.99994,-1.27246,-243.7023,250.1298,250.1298,0.11047,-0.24622,1.04480,-157.7786,-40.2137,103.3664
684473068,-2.00000,1.99994,-2.00000,-250.1374,250.1298,250.1298,0.12231,-0.27466,1.04468,-146.0153,-40.5878,100.2366
684474067,-2.00000,1.99994,-2.00000,-250.1374,250.1298,250.1298,0.13464,-0.30054,1.04431,-133.8931,-40.8168,96.7939
684475068,-2.00000,-1.65234,1.81726,-250.1374,250.1298,250.1298,0.14600,-0.32446,1.04382,-121.4580,-40.9237,93.0763
684476068,-0.83936,-2.00000,1.99994,-111.7481,250.1298,250.1298,0.15735,-0.34619,1.04224,-108.7710,-40.9466,89.0992
684477068,-1.75024,-2.00000,1.81555,-51.5344,250.1298,250.1298,0.16882,-0.36450,1.03857,-95.8931,-40.8626,84.8702
684478068,-0.72485,-2.00000,1.99994,6.9542,250.1298,250.1298,0.17932,-0.37952,1.03308,-82.8626,-40.6489,80.4275
684479068,1.99994,-2.00000,1.99994,83.7939,250.1298,250.1298,0.18848,-0.39160,1.02783,-69.7099,-40.2901,75.8015
684480068,1.99994,-2.00000,1.99994,93.5802,250.1298,250.1298,0.19629,-0.40186,1.02295,-56.5038,-39.8321,71.0000
684481068,1.99994,-2.00000,1.99994,-26.8168,193.2214,250.1298,0.20361,-0.40955,1.01770,-43.3206,-39.2748,66.0382
684482068,1.40637,-2.00000,1.99994,-112.6107,121.0611,250.1298,0.21008,-0.41406,1.01233,-30.1985,-38.6412,60.9389
684483068,1.44592,-2.00000,1.99994,-250.1374,100.7252,250.1298,0.21594,-0.41650,1.00427,-17.1374,-37.9313,55.7557
684484068,-0.08826,-2.00000,1.99994,-250.1374,92.3206,250.1298,0.22192,-0.41663,0.99512,-4.1679,-37.1450,50.4962
684485067,-1.68384,-1.75513,1.37878,-250.1374,119.8321,250.1298,0.22754,-0.41370,0.98657,8.6183,-36.2824,45.2061
684486068,-1.88269,-1.81494,1.94275,-250.1374,187.9313,250.1298,0.23267,-0.40649,0.97681,21.1679,-35.3588,39.8855
684487067,-1.96252,-2.00000,1.99994,-224.7863,242.6260,250.1298,0.23682,-0.39612,0.96704,33.4351,-34.3817,34.5649
684488068,-2.00000,-2.00000,1.50806,-171.8626,250.1298,250.1298,0.23938,-0.38354,0.95813,45.4198,-33.3511,29.3053
684489068,-2.00000,-2.00000,0.80713,-106.2290,250.1298,250.1298,0.23962,-0.36755,0.95020,57.0916,-32.2977,24.0916
684490067,-2.00000,-2.00000,0.63464,-28.7405,250.1298,201.9771,0.23816,-0.34766,0.94238,68.3359,-31.2214,18.9160
684491068,-1.41284,-2.00000,1.15588,16.8473,250.1298,131.9695,0.23657,-0.32544,0.93396,79.0611,-30.1221,13.7939
684492068,-0.57532,-2.00000,1.99994,-0.2977,250.1298,106.0992,0.23474,-0.30090,0.92700,89.2443,-29.0153,8.7863
684493068,0.36084,-2.00000,1.99994,-70.5191,250.1298,120.9618,0.23169,-0.27454,0.92163,98.8702,-27.9313,3.8855
684494067,1.20154,-2.00000,1.99994,-174.1756,250.1298,155.9160,0.22693,-0.24719,0.91602,107.8779,-26.8550,-0.8779
684495067,1.69922,-2.00000,1.99994,-250.1374,250.1298,188.8168,0.22156,-0.21863,0.90955,116.2443,-25.7863,-5.5191
684496067,1.97107,-2.00000,1.99994,-250.1374,250.1298,207.5267,0.21582,-0.18823,0.90271,123.9924,-24.7405,-10.0076
684497067,1.99994,-2.00000,1.99994,-250.1374,250.1298,213.2366,0.21033,-0.15625,0.89563,131.1221,-23.7176,-14.3435
684498067,1.99994,-2.00000,1.99994,-250.1374,229.2137,203.4962,0.20532,-0.12378,0.88794,137.6336,-22.7023,-18.5038
684499067,1.99994,-2.00000,1.99994,-250.1374,150.7099,172.5115,0.19983,-0.09131,0.88025,143.5191,-21.6947,-22.4504
684500067,1.57556,-2.00000,1.99994,-203.0305,80.1756,124.4809,0.19495,-0.05945,0.87329,148.8092,-20.7176,-26.1679
684501067,0.91968,-2.00000,1.99994,-125.5878,34.2214,71.5344,0.19092,-0.02771,0.86572,153.5344,-19.7939,-29.6870
684502067,0.68896,-2.00000,1.99994,-64.6641,26.1985,24.0916,0.18542,0.00586,0.85730,157.7023,-18.8702,-33.0382
684503067,1.21606,-1.46558,1.99994,-36.7252,59.2366,-6.3664,0.17786,0.04053,0.84900,161.2824,-17.9542,-36.1450
684504067,1.99994,-0.66980,1.99994,-42.8855,104.0305,-14.7099,0.17004,0.07385,0.84204,164.2519,-17.0840,-38.9924
684505067,1.83215,0.51245,1.99994,-79.5344,114.9466,-1.6641,0.16272,0.10571,0.83618,166.6489,-16.2595,-41.5725
684506067,1.51257,0.70544,1.99994,-114.5878,87.8244,22.4122,0.15491,0.13733,0.82886,168.4580,-15.4504,-43.9313
684507068,1.99994,-1.24109,1.99994,-129.1374,29.9084,41.6947,0.14722,0.16870,0.82092,169.6794,-14.6947,-46.0611
684508067,1.99994,-2.00000,1.99994,-155.2290,-72.0229,48.9008,0.14038,0.19897,0.81384,170.3511,-13.9924,-47.9542
684509067,1.90479,-2.00000,1.99994,-184.5649,-179.1450,39.8473,0.12732,0.25732,0.80200,170.1069,-12.6718,-51.0687
684510068,1.19128,-2.00000,1.99994,-174.0687,-228.4580,12.9160,0.12170,0.28613,0.79651,169.1908,-12.0382,-52.2443
684511067,0.51599,-2.00000,1.99994,-143.8931,-245.6870,-12.2748,0.11743,0.31421,0.79065,167.7863,-11.4122,-53.1603
684512067,-0.27673,-1.79053,0.24268,-132.4275,-243.1450,-22.3359,0.11438,0.34192,0.78430,165.9160,-10.7786,-53.8779
684513067,-0.96558,-2.00000,-0.23596,-126.9313,-210.7405,-36.6870,0.11084,0.37024,0.77795,163.5802,-10.1679,-54.4427
684514067,-1.14612,-2.00000,-0.01257,-108.0305,-156.9542,-69.5649,0.10754,0.39819,0.77197,160.7481,-9.5649,-54.8397
684515067,-0.95776,-2.00000,0.23425,-86.1908,-95.4809,-107.4122,0.10449,0.42554,0.76624,157.3893,-8.9847,-55.0000
684516067,-0.85657,-1.68762,0.66235,-59.8702,-37.2061,-142.7939,0.10083,0.45215,0.76233,153.5267,-8.4122,-55.0000
684517068,-0.24072,-0.81458,1.57849,-22.8473,18.8015,-173.7252,0.09729,0.47827,0.75964,149.1985,-7.8473,-54.8702
684518067,0.65002,-0.35474,1.99994,-2.0763,41.2366,-192.1221,0.09412,0.50378,0.75659,144.4275,-7.2901,-54.5802
684519068,1.10889,-0.54651,1.99994,-6.2061,6.6641,-196.2214,0.09131,0.52942,0.75378,139.1985,-6.7405,-54.1374
684520067,1.84460,-1.94263,1.99994,-9.4962,-59.6565,-199.1298,0.08948,0.55566,0.75159,133.5344,-6.1985,-53.5344
684521067,1.99994,-2.00000,1.99994,-17.0840,-141.8168,-203.1908,0.08704,0.58167,0.74951,127.4427,-5.6718,-52.7863
684522067,1.91553,-2.00000,1.99994,-38.9618,-232.9237,-202.6489,0.08374,0.60535,0.74707,120.9771,-5.1985,-51.9008
684523068,0.92896,-2.00000,1.99994,-72.9618,-250.1374,-198.8779,0.08093,0.62769,0.74377,114.1298,-4.7557,-50.8931
684524067,0.46814,-1.08972,0.99866,-124.5878,-250.1374,-192.9924,0.07910,0.64978,0.74011,106.8931,-4.3206,-49.7634
684525067,0.23645,1.87732,0.18652,-181.7023,-250.1374,-182.5954,0.07690,0.67053,0.73840,99.3130,-3.9313,-48.5115
684526068,-0.16040,1.99994,-0.85547,-205.8779,-250.1374,-173.1908,0.07349,0.68872,0.73865,91.4427,-3.6183,-47.1145
684527068,-0.49988,1.99994,-0.65576,-190.7099,-231.2214,-168.1298,0.06873,0.70496,0.73755,83.2595,-3.3969,-45.5725
684528068,-0.12842,1.99994,-0.29211,-158.4656,-183.0229,-163.6947,0.06433,0.71924,0.73621,74.8168,-3.2214,-43.9160
684529068,0.46545,1.99994,0.01782,-115.6412,-133.1908,-164.3893,0.05981,0.73108,0.73547,66.1298,-3.1069,-42.1527
684530068,0.54236,1.28320,0.36182,-51.1985,-112.5344,-185.9084,0.05566,0.74084,0.73425,57.2595,-3.0534,-40.2672
684531068,0.68787,1.29321,0.25623,36.6794,-122.5344,-226.2672,0.05176,0.74817,0.73315,48.2443,-3.0382,-38.2214
684532068,1.21826,1.99994,0.00159,116.8855,-144.7634,-250.1374,0.04651,0.75281,0.73291,39.0687,-3.0611,-36.0382
684533067,1.45068,1.99994,-0.10498,149.6870,-180.4122,-250.1374,0.04065,0.75452,0.73315,29.7939,-3.1527,-33.7405
684534067,1.01843,1.99994,-0.03333,130.9771,-221.7405,-250.1374,0.03577,0.75549,0.73389,20.4580,-3.3588,-31.3435
684535068,0.48877,1.92224,-0.54077,85.6489,-250.1374,-247.0382,0.03101,0.75574,0.73315,11.1069,-3.6718,-28.8015
684536068,0.60083,1.99994,-1.36792,23.4580,-250.1374,-229.4580,0.02625,0.75415,0.73145,1.7786,-4.0611,-26.1450
684537068,0.53613,1.99994,-1.39978,-59.7405,-250.1374,-197.6336,0.02246,0.75000,0.73218,-7.4809,-4.4885,-23.3893
684538068,0.09595,1.99994,-1.85266,-135.8321,-250.1374,-150.4122,0.01819,0.74316,0.73462,-16.6336,-4.9695,-20.6031
684539067,-0.09595,1.99994,-2.00000,-156.9924,-218.4122,-113.3282,0.01392,0.73511,0.73608,-25.6489,-5.5115,-17.8092
684540067,-0.26392,1.99994,-1.94275,-122.2672,-175.5802,-95.6107,0.01013,0.72546,0.73730,-34.4809,-6.0763,-14.9771
684541067,-0.24597,1.99994,-2.00000,-70.2748,-135.7634,-90.5954,0.00635,0.71497,0.74048,-43.0763,-6.6489,-12.1221
684542067,-0.27991,1.99994,-2.00000,-29.4198,-113.6336,-93.5954,0.00354,0.70374,0.74426,-51.4427,-7.2519,-9.2443
684543067,-0.36938,1.99994,-2.00000,12.6947,-114.2061,-100.8702,0.00012,0.69202,0.74683,-59.5725,-7.8779,-6.3740
684544067,-0.07764,1.99994,-2.00000,72.4733,-111.4656,-109.9466,-0.00305,0.68018,0.74890,-67.4580,-8.5420,-3.5649
684545067,0.13770,1.99994,-2.00000,119.3359,-106.2366,-115.5115,-0.00464,0.66760,0.75171,-75.0763,-9.2137,-0.8015
684546067,0.26611,1.99994,-2.00000,122.3282,-96.9466,-108.1985,-0.00684,0.65442,0.75635,-82.3969,-9.9084,1.9084
684547067,0.46436,1.99994,-2.00000,82.5725,-74.8015,-83.3893,-0.00940,0.64062,0.76257,-89.4275,-10.6336,4.5802
684548067,-0.15845,1.99994,-2.00000,13.9466,-67.7252,-48.7863,-0.01135,0.62585,0.76868,-96.1985,-11.3893,7.2290
684549068,-1.41309,0.07922,-2.00000,-56.7710,-74.7252,-23.6031,-0.01367,0.61047,0.77393,-102.7099,-12.1756,9.7863
684550068,-1.82983,-0.34473,-2.00000,-94.0382,-42.4122,-25.3588,-0.01648,0.59436,0.77832,-108.9313,-12.9771,12.2519
684551067,-1.17847,1.58032,-2.00000,-108.1679,20.5573,-38.2977,-0.02014,0.57764,0.78394,-114.8473,-13.8321,14.6336
684552068,-0.33618,1.99994,-2.00000,-123.7328,84.9160,-33.1450,-0.02380,0.55969,0.79089,-120.4885,-14.7252,16.9771
684553068,-0.08130,1.99994,-2.00000,-110.0153,132.6412,-15.6641,-0.02734,0.54114,0.79785,-125.8473,-15.6489,19.2748
684554068,-0.10327,1.99994,-2.00000,-52.1679,153.8321,-4.3893,-0.03076,0.52307,0.80566,-130.9313,-16.6107,21.4656
684555068,0.08252,0.79041,-2.00000,-5.9695,150.3893,-1.3053,-0.03430,0.50537,0.81458,-135.7328,-17.6031,23.5267
684556068,-0.85107,-0.57495,-2.00000,-12.9847,108.3893,-6.0305,-0.03870,0.48657,0.82446,-140.2214,-18.6718,25.4809
684557067,-1.80334,0.81653,-2.00000,-23.4733,91.6870,-19.6031,-0.04236,0.46704,0.83435,-144.3893,-19.8397,27.3664
684558067,-0.47461,1.99994,-2.00000,-7.3359,152.0076,-27.3130,-0.04419,0.44666,0.84229,-148.2290,-21.0687,29.1603
684559067,0.70093,1.99994,-0.07568,-16.9695,197.2519,-6.3969,-0.04529,0.42480,0.84912,-151.7099,-22.3206,30.8397
684560067,-0.34558,1.99994,-1.83362,-57.3206,172.8168,39.5267,-0.04529,0.40015,0.85522,-154.8015,-23.5802,32.3969
684561067,-1.38220,1.99994,-2.00000,-86.7328,188.2290,76.5420,-0.04370,0.37427,0.86096,-157.4656,-24.8626,33.8550
684562067,-0.73364,1.99994,-0.67493,-105.9313,250.1298,89.5344,-0.04016,0.34766,0.86755,-159.6641,-26.1756,35.1985
684563068,0.16260,1.99994,1.65173,-128.5115,250.1298,90.0458,-0.03589,0.32068,0.87439,-161.3740,-27.4580,36.4275
684564068,0.36707,1.99994,1.99994,-120.1145,250.1298,88.7099,-0.03076,0.29346,0.88062,-162.5649,-28.6870,37.5267
684565068,0.84216,1.99994,1.99994,-62.5267,250.1298,84.8931,-0.02368,0.26538,0.88708,-163.2137,-29.8702,38.4885
684566067,1.55627,1.99994,1.99994,0.7252,250.1298,82.3359,-0.01514,0.23743,0.89307,-163.2977,-30.9771,39.3206
684567067,1.72729,0.85620,1.99994,20.3511,200.2061,89.6336,-0.00793,0.21021,0.89746,-162.8168,-31.9924,40.0000
684568068,1.56555,-1.12427,1.83264,15.8244,148.6870,92.0916,-0.00073,0.18323,0.90259,-161.7557,-32.9237,40.5344
684569068,1.16199,-1.81140,1.00647,9.1450,106.5954,83.7176,0.00879,0.15723,0.90857,-160.1374,-33.7481,40.9008
684570067,0.84363,-1.16931,0.81384,-24.0687,86.2595,83.4046,0.01880,0.13367,0.91394,-157.9847,-34.4427,41.1145
684571067,0.69019,0.56287,0.79102,-96.7405,97.4198,99.7939,0.02832,0.11218,0.91956,-155.3053,-34.9771,41.1450
684572067,0.10181,1.99994,-0.01782,-166.9389,118.2519,126.9084,0.03833,0.09180,0.92493,-152.1221,-35.3588,40.9695
684573067,-0.44910,1.99994,-1.49927,-182.8855,137.0992,147.3588,0.04797,0.07275,0.92920,-148.4656,-35.5725,40.5802
684574068,-0.35596,1.77649,-1.78406,-154.7786,170.7252,152.6718,0.05640,0.05530,0.93311,-144.3511,-35.6336,39.9924
684575067,-0.42871,0.42017,-0.86377,-120.8855,209.4733,141.4046,0.06458,0.03894,0.93701,-139.8168,-35.5344,39.2443
684576067,-0.61865,0.58398,-0.51440,-79.9160,242.3130,113.7863,0.07166,0.02441,0.94116,-134.9160,-35.3053,38.3130
684577067,0.05017,1.99994,0.54260,-18.3282,250.1298,81.0076,0.07788,0.01208,0.94592,-129.6718,-34.9389,37.1756
684578067,1.12537,1.99994,1.99994,42.3206,250.1298,67.1603,0.08423,0.00049,0.95081,-124.1221,-34.4351,35.8321
684579067,1.46448,1.99994,1.99994,67.1679,250.1298,82.1450,0.09009,-0.01074,0.95459,-118.3435,-33.7710,34.3435
684580067,1.26575,1.44775,1.99994,58.1985,244.1374,105.6641,0.09534,-0.01941,0.95837,-112.3588,-33.0000,32.6565
684581067,1.55664,-0.16858,1.99994,51.2366,206.6947,116.1298,0.09973,-0.02588,0.96277,-106.1985,-32.1145,30.8168
684582068,1.72144,-1.18237,1.99994,26.3893,163.6031,128.1908,0.10461,-0.03137,0.96777,-99.9084,-31.1298,28.8244
684583067,1.33850,-2.00000,1.99994,-48.0687,126.7939,157.9008,0.10974,-0.03540,0.97339,-93.5115,-30.0305,26.6794
684584068,0.96082,-1.93335,1.99994,-137.9847,119.3969,186.8702,0.11475,-0.03857,0.97937,-87.0153,-28.8092,24.3893
684585068,0.65820,-0.57373,1.99994,-199.5878,128.2061,208.9542,0.12061,-0.04102,0.98584,-80.4656,-27.4885,21.9695
684586067,0.20276,0.38831,1.47717,-224.7252,138.6260,222.9771,0.12683,-0.04333,0.99365,-73.9008,-26.0916,19.4427
684587067,0.03381,0.54468,1.99994,-204.1985,160.0382,217.4122,0.13269,-0.04626,0.99988,-67.2901,-24.6336,16.8092
684588067,0.64954,0.25488,1.99994,-154.3969,193.6641,196.7099,0.13928,-0.04993,1.00354,-60.6183,-23.1145,14.1069
684589067,1.29089,-0.07104,1.99994,-115.4275,209.3359,177.9924,0.14661,-0.05347,1.00684,-53.8626,-21.5420,11.3817
684590067,1.20471,-0.41113,1.99994,-91.5878,187.1832,163.4504,0.15417,-0.05615,1.01050,-47.0458,-19.9160,8.6336
684591067,0.89563,-1.21521,1.99994,-45.6489,134.9313,142.2748,0.16089,-0.05823,1.01453,-40.1908,-18.2443,5.8321
684592067,0.80444,-2.00000,1.99994,14.4962,77.4962,114.9847,0.16638,-0.05969,1.01733,-33.3053,-16.5344,3.0000
684593067,0.84302,-1.89124,1.99994,36.1908,47.6565,98.4656,0.17175,-0.05908,1.01929,-26.4122,-14.8015,0.1298
684594067,0.94092,-0.63989,1.99994,4.9847,52.4198,105.0229,0.17664,-0.05603,1.02075,-19.5191,-13.0840,-2.7710
684595068,0.96802,0.45459,1.99994,-47.8702,66.7939,135.3664,0.18066,-0.05200,1.02197,-12.7023,-11.3664,-5.6107
684596067,0.77893,-0.23413,1.99994,-97.0992,77.4351,175.5725,0.18323,-0.04541,1.02454,-6.0153,-9.6641,-8.4046
684597067,0.36633,-2.00000,1.99994,-127.2748,84.4656,201.2748,0.18433,-0.03564,1.02734,0.5420,-8.0076,-11.1832
684598068,0.06250,-2.00000,1.99994,-126.3359,77.5191,194.3969,0.18469,-0.02380,1.02844,6.9237,-6.3893,-13.9237
684599067,0.01221,-2.00000,1.99994,-107.7863,48.4656,163.0611,0.18359,-0.00989,1.02893,13.0611,-4.8397,-16.5725
684600067,0.05640,-2.00000,1.99994,-92.5115,9.6870,129.4733,0.18127,0.00537,1.03064,18.9008,-3.4198,-19.1527
684601068,0.10181,-2.00000,1.99994,-69.6947,-18.3359,101.1603,0.17737,0.02173,1.03223,24.4122,-2.1527,-21.6489
684602067,0.56470,-2.00000,1.99994,-20.2595,-21.6565,74.8702,0.17163,0.03857,1.03284,29.5496,-1.0458,-24.0611
684603068,1.19971,-2.00000,1.99994,36.9313,-11.5038,51.3435,0.16541,0.05615,1.03333,34.3206,-0.0687,-26.3969
684604067,1.01001,-2.00000,1.99994,66.2595,-19.8015,35.3130,0.15857,0.07544,1.03223,38.7252,0.8092,-28.6412
684605067,0.30151,-2.00000,1.99994,53.5344,-101.9160,-5.7786,0.15149,0.09595,1.03003,42.7481,1.5649,-30.7634
684606068,0.15784,-2.00000,1.99994,22.3053,-145.6718,-28.6641,0.14490,0.11646,1.02869,46.3511,2.2443,-32.7405
684607067,-0.14258,-2.00000,1.99994,2.2901,-177.2748,-49.6489,0.13867,0.13782,1.02783,49.4962,2.7786,-34.5649
684608068,-0.72961,-2.00000,0.76392,4.8473,-206.8473,-66.5496,0.12488,0.18372,1.02588,54.3282,3.3588,-37.7328
684609067,-1.27234,-2.00000,-0.35046,-2.4809,-221.6489,-73.4656,0.11877,0.20667,1.02380,55.9924,3.4885,-39.0840
684610068,-1.42212,-2.00000,-0.30701,-38.8855,-196.1450,-73.8168,0.11292,0.23071,1.02185,57.1527,3.4962,-40.2519
684611067,-1.39050,-2.00000,-0.05298,-73.5420,-148.2977,-76.4809,0.10767,0.25513,1.02063,57.8015,3.4046,-41.2137
684612067,-1.23755,-2.00000,-0.31873,-64.3511,-103.3130,-90.4122,0.10291,0.28027,1.01904,57.9160,3.2366,-42.0076
684613068,-0.97144,-0.51440,-0.63049,-20.3740,-72.2977,-110.0763,0.09888,0.30664,1.01843,57.4885,2.9771,-42.6336
684614068,-0.61780,0.43091,-0.57190,11.4885,-51.9618,-118.8702,0.09644,0.33350,1.01880,56.5038,2.6183,-43.0611
684615067,-0.24353,0.36902,-0.12512,15.0000,-40.1985,-114.7099,0.09436,0.36047,1.01855,54.9924,2.1679,-43.2595
684616067,-0.06555,-0.03284,0.21484,13.8092,-44.1756,-110.3664,0.09216,0.38696,1.01880,52.9313,1.6641,-43.2824
684617067,0.04688,-0.00146,0.41028,34.8779,-59.3817,-117.0992,0.09021,0.41211,1.01892,50.3359,1.0840,-43.1069
684618067,0.18933,0.57080,1.24487,73.2290,-73.8015,-130.5496,0.08875,0.43640,1.01843,47.2214,0.4198,-42.7328
684619067,0.52502,1.11292,1.99994,90.5191,-75.2901,-133.6641,0.08728,0.46045,1.01794,43.6031,-0.3359,-42.1908
684620067,0.88770,0.92273,1.99994,63.8855,-72.0687,-115.9542,0.08569,0.48401,1.01782,39.4809,-1.1679,-41.4351
684621067,0.63159,-0.21216,1.99994,20.3664,-86.2366,-91.6489,0.08423,0.50500,1.01672,34.9008,-2.1069,-40.5038
684622068,0.24963,-1.61499,1.49121,15.9084,-108.5420,-90.2366,0.08191,0.52332,1.01465,29.9084,-3.1298,-39.4122
684623068,0.09619,-2.00000,0.97864,42.3893,-137.5802,-111.5573,0.07849,0.53931,1.01282,24.5420,-4.2061,-38.1679
684624068,-0.10547,-2.00000,0.48535,54.7023,-167.0611,-132.5573,0.07422,0.55286,1.01074,18.8779,-5.3435,-36.7557
684625068,-0.17041,-1.32593,0.48755,47.6794,-176.6260,-144.0076,0.06982,0.56433,1.00879,12.9695,-6.5725,-35.2061
684626068,-0.09973,-0.23975,1.01721,36.6107,-167.3435,-144.7557,0.06494,0.57422,1.00623,6.8092,-7.9237,-33.5191
684627068,-0.00244,-0.02527,1.17358,26.7786,-145.6336,-136.4580,0.05969,0.58240,1.00330,0.4580,-9.3740,-31.7099
684628067,-0.13025,-0.74451,0.70947,21.5496,-121.7786,-129.3893,0.05408,0.58789,1.00000,-6.0534,-10.8626,-29.8321
684629068,-0.39966,-1.65564,0.15942,27.4351,-105.5878,-132.1298,0.04834,0.59106,0.99585,-12.7023,-12.4046,-27.8931
684630068,-0.38574,-1.94763,0.13831,39.9542,-96.4351,-146.6718,0.04358,0.59302,0.99084,-19.4427,-14.0076,-25.9008
684631068,-0.19739,-1.27832,0.21729,45.4656,-96.5725,-165.0534,0.03918,0.59314,0.98572,-26.2290,-15.6489,-23.8321
684632067,-0.17358,-0.25208,-0.10693,47.1756,-107.8473,-178.3435,0.03479,0.59192,0.97998,-32.9847,-17.3282,-21.6947
684633068,-0.33008,0.38428,-0.55432,58.1527,-128.1603,-186.1221,0.03076,0.58911,0.97351,-39.7099,-19.0382,-19.4962
684634067,-0.41870,0.42261,-0.72009,69.6183,-143.9924,-190.2824,0.02710,0.58423,0.96716,-46.3664,-20.7786,-17.3130
684635068,-0.45862,0.24402,-0.72131,59.9313,-146.3664,-187.6870,0.02332,0.57849,0.96118,-52.9389,-22.5420,-15.1221
684636068,-0.56458,0.39099,-0.81482,32.5802,-133.5878,-178.1069,0.01904,0.57312,0.95508,-59.4427,-24.3053,-12.9008
684637067,-0.61011,1.06958,-0.76404,6.6565,-107.0382,-164.9313,0.01514,0.56836,0.94800,-65.8473,-26.0611,-10.6336
684638068,-0.56152,1.80249,-0.61243,-12.7405,-74.1985,-146.6794,0.01282,0.56421,0.93994,-72.1450,-27.8092,-8.3893
684639067,-0.53162,1.86450,-0.58386,-27.2290,-40.5802,-124.8092,0.01147,0.56128,0.93225,-78.3359,-29.5344,-6.1832
684640067,-0.50220,1.48242,-0.66968,-32.3511,-13.0305,-110.0000,0.01099,0.55957,0.92529,-84.4580,-31.2290,-3.9695
684641068,-0.36755,1.38818,-0.63782,-27.1527,0.4885,-106.8550,0.01147,0.55847,0.91895,-90.5649,-32.9008,-1.7786
684642068,-0.13696,1.73523,-0.36353,-14.8473,-2.9389,-110.9084,0.01221,0.55798,0.91223,-96.6870,-34.5267,0.4122
684643067,0.03625,1.99994,-0.06982,-1.4733,-17.1374,-114.6565,0.01343,0.55786,0.90552,-102.8321,-36.1145,2.5878
684644067,0.07019,1.99994,0.25378,6.4885,-32.7786,-113.4504,0.01501,0.55933,0.90027,-109.0305,-37.6870,4.7481
684645067,0.09253,1.98169,0.64490,8.5802,-41.0153,-108.3435,0.01697,0.56311,0.89502,-115.3130,-39.2214,6.8702
684646067,0.17200,1.70410,0.75085,2.0458,-37.7023,-100.0305,0.01941,0.56812,0.88953,-121.7099,-40.6870,9.0076
684647068,0.17920,1.49768,0.31372,-16.2061,-29.5954,-87.0458,0.02173,0.57397,0.88452,-128.2519,-42.1221,11.1603
684648067,0.11536,1.32935,0.02979,-28.0000,-21.1298,-74.8626,0.02527,0.58057,0.87903,-134.9542,-43.5191,13.3282
684649068,0.20569,1.10828,0.39905,-20.5344,-14.1679,-68.9542,0.02979,0.58789,0.87207,-141.8550,-44.8855,15.4733
684650068,0.37402,1.05029,0.89380,-10.9847,-8.7863,-66.1527,0.03418,0.59595,0.86487,-149.0076,-46.2137,17.6107
684651068,0.37292,1.38489,0.88306,-13.0687,-9.4885,-61.9389,0.03931,0.60425,0.85706,-156.4198,-47.5038,19.7786
684652068,0.35168,1.75757,0.61145,-13.3359,-14.2901,-57.9466,0.04517,0.61230,0.84900,-164.1374,-48.7863,21.9695
684653068,0.41882,1.68237,0.52527,-3.8015,-24.4580,-56.3588,0.05017,0.61987,0.84070,-172.1756,-50.0687,24.1832
684654067,0.37195,1.30371,0.40601,9.7405,-37.9084,-58.3511,0.05396,0.62781,0.83105,-180.5344,-51.3511,26.4198
684655067,0.26770,0.79163,-0.12292,24.7634,-48.9466,-61.8244,0.05750,0.63721,0.82031,-189.2519,-52.6260,28.7023
684656068,0.21008,0.16248,-1.00439,33.3282,-51.5496,-63.5573,0.06128,0.64722,0.80945,-198.3282,-53.8779,31.0000
684657068,-0.43933,-0.04993,-1.48083,13.8931,-48.0382,-58.5649,0.06445,0.65820,0.79785,-207.7786,-55.1298,33.3282
684658068,-1.13757,-0.01440,-1.94531,-44.9237,-33.2901,-37.6641,0.06763,0.67041,0.78552,-217.6489,-56.3893,35.7099
684659067,-0.98425,0.25635,-2.00000,-127.6565,15.3130,-5.1985,0.07117,0.68347,0.77356,-227.9695,-57.6718,38.1450
684660067,-1.03760,1.27527,-2.00000,-203.5954,49.9008,28.9313,0.07471,0.69775,0.76135,-238.7863,-59.0000,40.6412
684661068,-1.63501,1.99994,-2.00000,-231.4962,61.0229,49.6870,0.07825,0.71350,0.74829,-250.1221,-60.3740,43.1985
684662068,-1.55676,1.99994,-2.00000,-203.9084,107.1145,55.7786,0.08240,0.73206,0.73474,-250.1374,-61.7557,45.8321
684663068,-0.74426,1.99994,-1.89514,-204.4427,167.8473,82.3817,0.08630,0.75366,0.72205,-250.1374,-63.1832,48.5038
684664068,-0.23096,1.99994,-1.43127,-250.1374,227.9160,136.0916,0.08936,0.77783,0.70935,-250.1374,-64.6794,51.2290
684665068,-0.25623,1.99994,-1.58704,-242.6794,250.1298,167.8092,0.09155,0.80432,0.69617,-250.1374,-66.1756,54.0153
684666068,-0.41565,1.99994,-0.60571,-138.4885,250.1298,153.2290,0.09253,0.83362,0.68262,-250.1374,-67.7099,56.8397
684667067,0.22852,1.19165,1.20422,-25.4427,250.1298,120.9924,0.09302,0.86621,0.66943,-250.1374,-69.3206,59.7252
684668067,1.08093,0.79321,1.75830,17.9771,250.1298,96.3893,0.09375,0.90100,0.65771,-250.1374,-70.9924,62.6336
684669068,1.31812,1.60681,0.98901,3.3282,233.6183,93.8779,0.09375,0.93665,0.64722,-250.1374,-72.7557,65.5573
684670068,1.08655,1.62292,0.68750,-16.5802,188.9084,105.2595,0.09290,0.97266,0.63733,-250.1374,-74.6031,68.5038
684671068,0.69495,0.15479,1.29346,-40.9008,156.3969,118.5802,0.09106,1.00916,0.62683,-250.1374,-76.5344,71.5344
684672068,0.35400,-1.30432,0.96606,-109.0611,142.1374,139.6489,0.08862,1.04639,0.61511,-250.1374,-78.6107,74.6489
684673068,-0.30164,-0.98926,-0.65100,-222.3893,134.8397,178.8473,0.08508,1.08411,0.60266,-250.1374,-80.8473,77.7863
684674068,-0.72205,0.30237,-2.00000,-250.1374,147.5191,220.5496,0.07971,1.12122,0.59021,-250.1374,-83.2519,80.9313
684675068,-0.95447,0.97949,-0.52063,-250.1374,203.3511,250.1298,0.07300,1.15649,0.57776,-250.1374,-85.8244,84.1145
684676068,-0.69568,0.97461,1.99994,-250.1374,250.1298,250.1298,0.06543,1.18872,0.56506,-250.1374,-88.6107,87.3511
684677068,0.17896,1.69287,1.99994,-248.5344,250.1298,250.1298,0.05713,1.21716,0.55115,-250.1374,-91.6183,90.6947
684678067,0.54968,1.99994,1.99994,-212.7176,250.1298,245.7939,0.04700,1.24036,0.53394,-250.1374,-94.8550,94.1603
684679068,1.05505,1.86719,1.99994,-180.2443,250.1298,241.8550,0.03455,1.25806,0.51428,-250.1374,-98.3511,97.6947
684680067,1.99994,-0.72864,1.99994,-94.1756,250.1298,212.7405,0.02039,1.27100,0.49365,-250.1374,-102.0840,101.2824
684681068,1.99994,-2.00000,1.99994,9.6489,203.2824,164.3435,0.00391,1.27808,0.47058,-250.1374,-106.0916,104.9618
684682067,1.90063,-2.00000,1.99994,60.4656,70.8244,128.9313,-0.01514,1.27930,0.44531,-250.1374,-110.3588,108.7557
684683067,1.20471,-2.00000,1.32837,29.4504,-10.4733,113.4275,-0.03516,1.27502,0.41846,-250.1374,-114.8855,112.6870
684684068,-0.63623,-2.00000,-0.93787,-93.6336,-36.8092,112.3130,-0.05664,1.26660,0.38977,-250.1374,-119.6947,116.7557
684685068,-1.78674,-2.00000,-1.20471,-250.1374,5.9771,134.1832,-0.07922,1.25452,0.35986,-250.1374,-124.8321,120.9542
684686068,-1.05603,-0.09375,-0.09119,-250.1374,118.2977,181.0458,-0.10254,1.23828,0.32751,-250.1374,-130.3053,125.2824
684687068,-1.05286,1.65015,-0.53589,-250.1374,181.6565,241.6870,-0.12646,1.21948,0.29211,-250.1374,-136.0687,129.7405
684688068,-2.00000,0.23218,-2.00000,-250.1374,196.9618,250.1298,-0.15051,1.19946,0.25476,-250.1374,-142.1145,134.3282
684689068,-2.00000,-2.00000,-2.00000,-250.1374,250.1298,250.1298,-0.17517,1.17786,0.21570,-250.1374,-148.4580,138.9924
684690068,-2.00000,-2.00000,-0.16467,-250.1374,250.1298,250.1298,-0.20056,1.15503,0.17432,-250.1374,-155.1298,143.7786
684691068,-0.67859,0.34888,1.36389,-250.1374,250.1298,250.1298,-0.22583,1.13086,0.13086,-250.1374,-162.1527,148.6718
684692068,0.42896,1.99994,1.99994,-250.1374,250.1298,219.8626,-0.25037,1.10498,0.08545,-250.1374,-169.5267,153.6794
684693068,1.63538,1.99994,1.99994,-167.0153,250.1298,202.2137,-0.27441,1.07764,0.03882,-250.1374,-177.1985,158.7786
684694068,1.99994,-1.26282,1.99994,-79.0611,250.1298,181.2290,-0.29822,1.04993,-0.00769,-250.1374,-185.1832,163.9542
684695068,1.99994,-2.00000,1.99994,-29.9389,250.1298,141.6336,-0.32178,1.02222,-0.05481,-250.1374,-193.4351,169.2290
684696067,1.99994,-2.00000,1.99994,-32.3053,169.6794,115.5267,-0.34412,0.99390,-0.10266,-250.1374,-201.9618,174.5725
684697067,0.33960,-2.00000,0.21704,-133.3435,68.1221,114.0076,-0.36548,0.96521,-0.15247,-250.1374,-210.7405,179.9771
684698067,-2.00000,-2.00000,-2.00000,-250.1374,11.2137,120.4046,-0.38684,0.93628,-0.20483,-250.1374,-219.7557,185.3969
684699068,-2.00000,-0.72205,-2.00000,-250.1374,102.2519,170.0611,-0.40686,0.90723,-0.25720,-250.1374,-228.9771,190.8092
684700064,-1.26318,1.99994,-0.36072,-250.1374,213.7023,250.1298,-0.42554,0.87695,-0.30859,-250.1374,-238.3740,196.2061
684701069,-2.00000,1.99994,-2.00000,-250.1374,229.9389,250.1298,-0.44434,0.84497,-0.36047,-250.1374,-247.9618,201.5954
684702068,-2.00000,0.63391,-2.00000,-250.1374,250.1298,250.1298,-0.46411,0.81018,-0.41296,-250.1374,-250.1374,206.9771
684703068,-2.00000,-1.58191,-2.00000,-250.1374,250.1298,250.1298,-0.48389,0.77234,-0.46497,-250.1374,-250.1374,212.3359
684704068,-2.00000,-2.00000,-0.68042,-250.1374,250.1298,250.1298,-0.50366,0.73291,-0.51685,-250.1374,-250.1374,217.6412
684705068,-2.00000,-2.00000,-2.00000,-250.1374,250.1298,250.1298,-0.52454,0.69385,-0.57019,-250.1374,-250.1374,222.9008
684706068,-2.00000,-2.00000,-2.00000,-250.1374,250.1298,250.1298,-0.56750,0.61560,-0.68005,-250.1374,-250.1374,233.2519
684707068,-2.00000,-0.05627,-2.00000,-250.1374,250.1298,250.1298,-0.59058,0.57556,-0.73486,-250.1374,-250.1374,238.2901
684708068,-2.00000,-0.20447,-0.29822,-250.1374,250.1298,250.1298,-0.61560,0.53638,-0.79358,-250.1374,-250.1374,243.2061
684709068,-2.00000,-1.15601,-1.32861,-250.1374,250.1298,250.1298,-0.64197,0.49792,-0.85571,-250.1374,-250.1374,247.9924
684710068,-2.00000,1.28198,-1.20813,-250.1374,250.1298,250.1298,-0.67249,0.45996,-0.91943,-250.1374,-250.1374,250.1298
684711068,-2.00000,1.99994,1.99994,-250.1374,250.1298,250.1298,-0.70752,0.42090,-0.98633,-250.1374,-250.1374,250.1298
684712068,-0.37170,1.99994,1.99994,-250.1374,250.1298,250.1298,-0.74451,0.38086,-1.06030,-250.1374,-250.1374,250.1298
684713068,-1.61011,-1.32971,0.15015,-250.1374,250.1298,250.1298,-0.78162,0.34180,-1.14392,-250.1374,-250.1374,250.1298
684714068,-2.00000,-2.00000,-0.82214,-250.1374,250.1298,250.1298,-0.81775,0.30066,-1.23120,-250.1374,-250.1374,250.1298
684715068,-1.78333,-2.00000,1.99994,-250.1374,250.1298,250.1298,-0.85095,0.25488,-1.32117,-250.1374,-250.1374,250.1298
684716068,-1.74170,1.02246,1.83643,-250.1374,250.1298,250.1298,-0.88000,0.20422,-1.41089,-250.1374,-250.1374,250.1298
684717068,-2.00000,1.99994,0.80420,-250.1374,250.1298,250.1298,-0.90381,0.14941,-1.50208,-250.1374,-250.1374,250.1298
684718067,-2.00000,1.99994,1.99994,-250.1374,250.1298,250.1298,-0.92188,0.09229,-1.59583,-250.1374,-250.1374,250.1298
684719067,-1.68164,0.87561,1.99994,-250.1374,250.1298,250.1298,-0.93469,0.03174,-1.68860,-250.1374,-250.1374,250.1298
684720067,1.69226,-0.65454,1.99994,-250.1374,250.1298,250.1298,-0.94312,-0.02930,-1.78223,-250.1374,-250.1374,250.1298
684721067,0.58142,1.42017,1.99994,-250.1374,250.1298,250.1298,-0.94714,-0.08911,-1.87659,-250.1374,-250.1374,250.1298
684722067,0.79456,1.06506,1.99994,-250.1374,250.1298,250.1298,-0.94641,-0.14783,-1.97168,-250.1374,-250.1374,250.1298
684723065,1.99994,-2.00000,1.99994,-250.1374,250.1298,250.1298,-0.94238,-0.20459,-2.00000,-250.1374,-250.1374,250.1298
684724068,1.99994,-2.00000,1.99994,-250.1374,250.1298,250.1298,-0.93372,-0.26013,-2.00000,-250.1374,-250.1374,250.1298
684725068,1.81421,-2.00000,1.99994,-250.1374,250.1298,250.1298,-0.91992,-0.31470,-2.00000,-250.1374,-250.1374,250.1298
684726068,1.61438,-2.00000,1.99994,-250.1374,250.1298,250.1298,-0.90039,-0.36865,-2.00000,-250.1374,-250.1374,250.1298
684727067,1.54321,-2.00000,1.99994,-250.1374,170.3359,250.1298,-0.87537,-0.42358,-2.00000,-250.1374,-250.1374,250.1298
684728068,-0.65381,-2.00000,1.99994,-250.1374,15.6260,250.1298,-0.84583,-0.48010,-2.00000,-250.1374,-250.1374,250.1298
684729068,-2.00000,-2.00000,-0.69373,-250.1374,-79.9389,250.1298,-0.81006,-0.53906,-2.00000,-250.1374,-250.1374,250.1298
684730068,-2.00000,-2.00000,-2.00000,-250.1374,248.0076,250.1298,-0.76794,-0.60168,-2.00000,-250.1374,-250.1374,250.1298
684731068,-2.00000,-2.00000,-2.00000,-250.1374,250.1298,250.1298,-0.71997,-0.66919,-2.00000,-250.1374,-250.1374,250.1298
684732068,-2.00000,-2.00000,-2.00000,-250.1374,250.1298,250.1298,-0.66565,-0.74146,-2.00000,-250.1374,-250.1374,250.1298
684733067,-2.00000,-1.59009,-2.00000,-250.1374,250.1298,250.1298,-0.60754,-0.81677,-2.00000,-250.1374,-250.1374,250.1298
684734068,-2.00000,-0.85559,-0.05298,-250.1374,250.1298,250.1298,-0.54688,-0.89417,-2.00000,-250.1374,-250.1374,250.1298
684735068,-2.00000,-2.00000,1.99994,-250.1374,250.1298,250.1298,-0.48364,-0.97339,-2.00000,-250.1374,-250.1374,250.1298
684736068,-2.00000,-2.00000,1.99994,-250.1374,250.1298,250.1298,-0.41931,-1.05212,-2.00000,-250.1374,-250.1374,250.1298
684737068,1.99994,-2.00000,1.99994,-250.1374,250.1298,250.1298,-0.35583,-1.12793,-2.00000,-250.1374,-250.1374,250.1298
684738067,1.99994,-2.00000,1.99994,-250.1374,250.1298,250.1298,-0.29395,-1.20166,-2.00000,-250.1374,-250.1374,250.1298
684739067,1.99994,-2.00000,1.99994,-250.1374,250.1298,250.1298,-0.23450,-1.27209,-2.00000,-250.1374,-250.1374,250.1298
684740068,1.99994,-2.00000,1.99994,-250.1374,250.1298,184.6107,-0.17480,-1.34607,-2.00000,-250.1374,-250.1374,250.1298
684741067,1.99994,-2.00000,1.99994,-250.1374,250.1298,82.7099,-0.11646,-1.42041,-2.00000,-250.1374,-250.1374,250.1298
684742067,1.99994,-2.00000,1.99994,-250.1374,168.0076,48.9160,-0.06299,-1.48682,-2.00000,-250.1374,-250.1374,250.1298
684743067,1.99994,-2.00000,1.99994,-250.1374,37.4198,44.7099,-0.01331,-1.55383,-2.00000,-250.1374,-250.1374,250.1298
684744068,1.66040,-2.00000,1.99994,-250.1374,-49.1527,74.3511,0.03210,-1.62097,-2.00000,-250.1374,-250.1374,250.1298
684745067,0.05530,-2.00000,0.70850,-250.1374,-98.2290,129.1450,0.07324,-1.68555,-2.00000,-250.1374,-250.1374,250.1298
684746068,-2.00000,-2.00000,-2.00000,-250.1374,-144.0916,176.1069,0.10901,-1.74939,-2.00000,-250.1374,-250.1374,250.1298
684747068,-2.00000,-2.00000,-2.00000,-250.1374,-250.1374,250.1298,0.13928,-1.81030,-2.00000,-250.1374,-250.1374,250.1298
684748068,-2.00000,-2.00000,-2.00000,-250.1374,-187.6870,250.1298,0.16418,-1.86658,-2.00000,-250.1374,-250.1374,250.1298
684749068,-2.00000,-2.00000,-2.00000,-250.1374,250.1298,250.1298,0.18372,-1.91614,-2.00000,-250.1374,-250.1374,250.1298
684750067,-2.00000,-2.00000,0.12988,-250.1374,250.1298,250.1298,0.19861,-1.96021,-2.00000,-250.1374,-250.1374,250.1298
684751067,-1.69080,1.97583,0.09729,-250.1374,250.1298,250.1298,0.20984,-2.00000,-2.00000,-250.1374,-250.1374,250.1298
684752067,-2.00000,1.48181,-0.26672,-250.1374,250.1298,250.1298,0.21765,-2.00000,-2.00000,-250.1374,-250.1374,250.1298
684753067,-2.00000,-2.00000,1.99994,-250.1374,250.1298,250.1298,0.22253,-2.00000,-2.00000,-250.1374,-250.1374,250.1298
684754067,0.21948,-2.00000,1.99994,-250.1374,250.1298,250.1298,0.22571,-2.00000,-2.00000,-250.1374,-250.1374,250.1298
684755067,1.74963,-2.00000,1.99994,-250.1374,250.1298,250.1298,0.22729,-2.00000,-2.00000,-250.1374,-250.1374,250.1298
684756067,1.54797,-2.00000,1.99994,-250.1374,250.1298,250.1298,0.22717,-2.00000,-2.00000,-250.1374,-250.1374,250.1298
684757068,1.99994,-0.68762,1.99994,-250.1374,250.1298,250.1298,0.22510,-2.00000,-2.00000,-250.1374,-250.1374,250.1298
684758068,1.99994,-2.00000,1.99994,-250.1374,250.1298,250.1298,0.22266,-2.00000,-2.00000,-250.1374,-250.1374,250.1298
684759064,1.99994,-2.00000,1.99994,-250.1374,250.1298,250.1298,0.22119,-2.00000,-2.00000,-250.1374,-250.1374,248.0382
684760065,1.99994,-2.00000,1.99994,-250.1374,250.1298,250.1298,0.22058,-2.00000,-2.00000,-250.1374,-250.1374,242.4046
684761069,1.99994,-2.00000,1.99994,-250.1374,241.2977,250.1298,0.22095,-2.00000,-2.00000,-250.1374,-250.1374,236.3511
684762064,-0.45129,-2.00000,0.24231,-250.1374,250.1298,250.1298,0.22327,-1.97766,-2.00000,-250.1374,-250.1374,229.9313
684763069,-2.00000,-0.00500,-2.00000,-250.1374,250.1298,166.2901,0.22864,-1.94397,-2.00000,-250.1374,-250.1374,223.1603
684764068,-2.00000,1.39136,-2.00000,-250.1374,250.1298,137.7405,0.23694,-1.91125,-2.00000,-250.1374,-250.1374,216.0305
684765068,-2.00000,-1.56140,-2.00000,-250.1374,250.1298,162.8397,0.24939,-1.88062,-2.00000,-250.1374,-250.1374,208.5496
684766068,-2.00000,-2.00000,-2.00000,-250.1374,250.1298,117.0763,0.26611,-1.85352,-2.00000,-250.1374,-250.1374,200.7557
684767068,-2.00000,-2.00000,-2.00000,-250.1374,250.1298,15.2061,0.28723,-1.83215,-2.00000,-250.1374,-250.1374,192.7099
684768067,-2.00000,1.25281,-2.00000,-250.1374,250.1298,24.9237,0.31152,-1.81653,-2.00000,-250.1374,-250.1374,184.4198
684769068,-2.00000,1.99994,-2.00000,-250.1374,250.1298,186.6565,0.33752,-1.80737,-2.00000,-250.1374,-250.1374,175.9084
684770068,-2.00000,1.99994,-2.00000,-250.1374,250.1298,250.1298,0.36633,-1.80530,-2.00000,-250.1374,-250.1374,167.1832
684771068,-1.43347,1.99994,0.96753,-250.1374,250.1298,250.1298,0.39819,-1.80920,-2.00000,-250.1374,-250.1374,158.2901
684772068,1.99994,1.41956,1.99994,-250.1374,250.1298,250.1298,0.43237,-1.82031,-2.00000,-250.1374,-250.1374,149.2977
684773068,1.99994,0.41443,1.99994,-250.1374,250.1298,250.1298,0.46777,-1.83997,-1.99670,-250.1374,-250.1374,140.2824
684774068,1.99994,1.35864,1.99994,-250.1374,250.1298,250.1298,0.50330,-1.86597,-1.96094,-250.1374,-250.1374,131.1908
684775068,1.99994,1.99994,1.99994,-250.1374,250.1298,250.1298,0.53967,-1.89734,-1.92517,-250.1374,-250.1374,122.0305
684776068,1.99994,1.99994,1.99994,-250.1374,250.1298,250.1298,0.57690,-1.93469,-1.88721,-250.1374,-250.1374,112.8321
684777064,1.99994,1.99994,1.99994,-250.1374,250.1298,250.1298,0.61377,-1.97742,-1.84766,-250.1374,-250.1374,103.6641
684778069,1.99994,0.94775,1.99994,-250.1374,250.1298,250.1298,0.65015,-2.00000,-1.80798,-250.1374,-250.1374,94.5573
684779064,1.99994,-1.56934,1.99994,-250.1374,250.1298,250.1298,0.68530,-2.00000,-1.76660,-250.1374,-250.1374,85.5038
684780069,1.01929,-2.00000,1.19141,-250.1374,221.9313,250.1298,0.71680,-2.00000,-1.72461,-250.1374,-250.1374,76.5267
684781064,-1.24805,-2.00000,-1.70972,-250.1374,250.1298,250.1298,0.74426,-2.00000,-1.68469,-250.1374,-250.1374,67.6031
684782064,-1.73193,-0.94666,-1.40320,-250.1374,250.1298,250.1298,0.76746,-2.00000,-1.64673,-250.1374,-250.1374,58.7634
684783069,-2.00000,0.33435,-2.00000,-250.1374,250.1298,250.1298,0.78589,-2.00000,-1.61108,-250.1374,-250.1374,49.9771
684784068,-2.00000,1.46484,-2.00000,-250.1374,250.1298,250.1298,0.79846,-2.00000,-1.57690,-250.1374,-250.1374,41.2519
684785068,-2.00000,1.99994,-2.00000,-250.1374,250.1298,250.1298,0.80481,-2.00000,-1.54285,-250.1374,-239.7786,32.6260
684786068,-2.00000,1.99994,-0.57996,-250.1374,250.1298,250.1298,0.80591,-2.00000,-1.51147,-250.1374,-223.3511,24.1374
684787067,-2.00000,1.99994,1.88330,-250.1374,250.1298,250.1298,0.80127,-2.00000,-1.48376,-250.1374,-206.7099,15.8015
684788067,-0.75183,1.99994,1.99994,-250.1374,250.1298,250.1298,0.79053,-2.00000,-1.45947,-250.1374,-189.8550,7.6412
684789068,1.99994,1.99994,1.99994,-250.1374,250.1298,250.1298,0.77576,-2.00000,-1.43848,-250.1374,-172.8168,-0.3359
684790068,1.99994,1.99994,1.99994,-250.1374,250.1298,250.1298,0.75647,-2.00000,-1.41968,-250.1374,-155.6794,-8.1069
684791067,1.99994,1.99994,1.99994,-250.1374,250.1298,250.1298,0.73181,-2.00000,-1.40381,-250.1374,-138.4962,-15.5878
684792068,1.99994,0.05676,1.99994,-250.1374,250.1298,250.1298,0.70276,-2.00000,-1.39038,-250.1374,-121.3130,-22.7786
684793068,1.99994,-0.46814,1.99994,-250.1374,250.1298,250.1298,0.66956,-2.00000,-1.37927,-250.1374,-104.1832,-29.6870
684794068,1.99994,-1.03442,1.99994,-250.1374,100.0382,250.1298,0.63208,-2.00000,-1.37122,-250.1374,-87.1374,-36.2824
684795067,1.99994,-2.00000,1.99994,-250.1374,28.1756,250.1298,0.59167,-2.00000,-1.36523,-250.1374,-70.2519,-42.4351
684796067,1.72498,-2.00000,1.99994,-250.1374,16.3206,250.1298,0.54907,-2.00000,-1.35999,-250.1374,-53.5649,-48.1298
684797067,-0.49170,-0.43323,1.99994,-250.1374,2.2595,250.1298,0.50293,-2.00000,-1.35535,-211.7099,-37.1450,-53.3206
684798067,-2.00000,1.99994,-1.05481,-250.1374,50.7176,250.1298,0.45422,-2.00000,-1.35156,-159.0382,-21.0840,-57.9160
684799068,-2.00000,1.99994,-0.14758,-250.1374,201.1756,250.1298,0.40479,-2.00000,-1.34924,-107.8473,-5.4885,-61.8702
684800067,-2.00000,1.65137,1.10986,-250.1374,250.1298,250.1298,0.35498,-2.00000,-1.34778,-58.4504,9.5802,-65.1374
684801068,-2.00000,-0.33972,-0.74341,-250.1374,250.1298,250.1298,0.30334,-1.92517,-1.34570,-11.1450,24.0458,-67.7328
684802068,-2.00000,-0.51624,-1.29919,-250.1374,250.1298,250.1298,0.25110,-1.83264,-1.34180,33.8092,37.8473,-69.6412
684803068,-0.91455,0.37891,0.81921,-250.1374,250.1298,250.1298,0.19861,-1.73633,-1.33728,76.1374,50.8855,-70.8397
684804067,-0.28174,0.71704,1.99994,-250.1374,250.1298,250.1298,0.14624,-1.63806,-1.33398,115.6336,63.1908,-71.3740
684805067,0.12073,1.09753,1.99994,-250.1374,250.1298,208.2748,0.04712,-1.41809,-1.32153,185.8626,85.7939,-70.8931
684806067,0.50525,1.27100,1.99994,-250.1374,233.3740,186.2214,0.00195,-1.29614,-1.30945,216.2901,95.8931,-69.7863
684807067,0.87683,1.41602,1.99994,-250.1374,214.3053,186.1221,-0.04077,-1.17285,-1.29578,243.3053,105.0458,-68.0076
684808068,1.99994,1.72131,1.99994,-250.1374,248.7481,224.9008,-0.08179,-1.05237,-1.28186,250.1298,113.2901,-65.6565
684809067,1.99994,1.76465,1.99994,-250.1374,250.1298,250.1298,-0.12122,-0.93677,-1.26685,250.1298,120.6489,-62.8397
684810065,1.99994,0.71802,1.99994,-250.1374,250.1298,250.1298,-0.15857,-0.82446,-1.24988,250.1298,127.0916,-59.6260
684811065,1.99994,-1.03174,1.99994,-250.1374,228.2977,250.1298,-0.19287,-0.71692,-1.23145,250.1298,132.5954,-56.0534
684812069,1.99994,-1.35278,1.99994,-250.1374,164.3053,250.1298,-0.22546,-0.61511,-1.21289,250.1298,137.1756,-52.1145
684813068,1.99994,0.14026,1.99994,-250.1374,79.0763,250.1298,-0.25684,-0.51929,-1.19470,250.1298,140.8244,-47.8397
684814067,1.99994,1.99994,1.99994,-250.1374,-48.9542,226.6031,-0.28564,-0.43140,-1.17615,250.1298,143.5115,-43.1908
684815067,1.99994,1.99994,1.99994,-195.2748,-171.8473,163.0229,-0.31226,-0.35107,-1.15625,250.1298,145.2366,-38.2901
684816065,1.99994,1.99994,1.99994,45.7557,-240.1298,79.8626,-0.33875,-0.27332,-1.13574,250.1298,146.0458,-33.2137
684817064,1.99994,1.99994,1.99994,250.1298,-250.1374,-10.8321,-0.36511,-0.19312,-1.11560,250.1298,145.8931,-28.0611
684818068,1.99994,1.99994,1.99994,250.1298,-250.1374,-73.1908,-0.39026,-0.11365,-1.09692,250.1298,144.7023,-22.7786
684819068,1.99994,1.26404,1.83667,250.1298,-250.1374,-105.4656,-0.41492,-0.03796,-1.07764,250.1298,142.4656,-17.3588
684820068,0.97949,0.87073,-0.42090,250.1298,-250.1374,-129.0305,-0.43994,0.03882,-1.05652,250.1298,139.1908,-11.9389
684821068,-0.10352,0.21814,-1.49060,250.1298,-250.1374,-117.9771,-0.46423,0.11389,-1.03394,250.1298,134.8550,-6.4962
684822067,-2.00000,0.68347,-2.00000,250.1298,-250.1374,-59.6641,-0.48584,0.18152,-1.01184,250.1298,129.4046,-1.0000
684823068,-2.00000,1.99994,-2.00000,250.1298,-250.1374,4.2901,-0.50537,0.24097,-0.99097,236.4580,123.0076,4.3969
684824068,-2.00000,1.99994,-2.00000,250.1298,-250.1374,57.5191,-0.52161,0.29346,-0.97290,212.9160,115.7710,9.5267
684825068,-2.00000,1.99994,-1.09546,250.1298,-250.1374,116.9847,-0.53369,0.34119,-0.95898,187.6489,107.6031,14.3664
684826068,-2.00000,1.99994,-1.77075,250.1298,-250.1374,204.6947,-0.54248,0.38220,-0.94922,160.9237,98.5649,18.9160
684827067,-2.00000,1.39441,-2.00000,250.1298,-250.1374,250.1298,-0.54700,0.41455,-0.94287,132.9924,88.7328,23.1603
684828068,-2.00000,-0.64966,-2.00000,250.1298,-190.7176,223.8397,-0.54822,0.44006,-0.93738,104.1527,78.2672,27.0534
684829068,-2.00000,-1.09937,-2.00000,250.1298,-92.0687,165.5191,-0.54590,0.45728,-0.93335,74.7328,67.2595,30.5496
684830067,-2.00000,-0.29919,-2.00000,250.1298,-215.3740,103.1756,-0.53894,0.46411,-0.93384,45.0229,55.7786,33.6260
684831068,-2.00000,-1.47839,-2.00000,250.1298,-250.1374,43.4351,-0.52820,0.46204,-0.93884,15.3359,43.8626,36.2977
684832067,-2.00000,-2.00000,-1.21814,250.1298,-250.1374,-15.0611,-0.51294,0.44983,-0.94812,-14.0611,31.6107,38.5420
684833068,-1.73804,-2.00000,0.46838,250.1298,-250.1374,-62.0992,-0.49414,0.42651,-0.95972,-42.8397,19.1756,40.3435
684834068,-2.00000,-2.00000,-2.00000,250.1298,-250.1374,-64.1679,-0.47253,0.39355,-0.97290,-70.7252,6.6947,41.7176
684835067,-2.00000,-2.00000,-2.00000,250.1298,-250.1374,-46.8779,-0.44775,0.35193,-0.98889,-97.4046,-5.7481,42.6412
684836068,-2.00000,1.10815,-0.25696,250.1298,-156.0840,-13.3588,-0.42041,0.30200,-1.00488,-122.6947,-18.0458,43.1603
684837068,-1.06311,1.45630,1.13037,250.1298,-62.9313,66.2137,-0.39160,0.24658,-1.02051,-146.4198,-30.0687,43.2443
684838067,-2.00000,-0.97485,-0.52100,250.1298,-105.9389,150.7863,-0.36218,0.18799,-1.03735,-168.3969,-41.7252,42.8702
684839068,-2.00000,-2.00000,0.01929,250.1298,-116.1298,177.7939,-0.33057,0.12695,-1.05493,-188.4733,-52.9008,42.0534
684840068,-1.19275,-2.00000,1.99994,250.1298,-135.5573,165.3817,-0.29614,0.06506,-1.07214,-206.5496,-63.5496,40.8244
684841067,-0.87097,-2.00000,1.99994,250.1298,-198.8473,142.9771,-0.26050,0.00244,-1.08838,-222.5954,-73.5954,39.2595
684842068,-1.12048,-2.00000,1.99994,250.1298,-250.1374,104.1908,-0.22131,-0.06689,-1.10413,-236.5496,-82.9847,37.4962
684843067,-0.35327,-2.00000,1.99994,250.1298,-250.1374,70.6107,-0.17932,-0.14014,-1.11914,-248.3130,-91.5802,35.3893
684844067,0.30139,-2.00000,1.99994,250.1298,-250.1374,48.0000,-0.13916,-0.20996,-1.13123,-250.1374,-99.2901,32.8397
684845067,-0.44250,-2.00000,1.81995,250.1298,-250.1374,20.3740,-0.10156,-0.27551,-1.14001,-250.1374,-106.0763,29.9771
684846068,-0.87439,-2.00000,0.23474,250.1298,-250.1374,-7.1145,-0.06555,-0.33728,-1.14758,-250.1374,-111.9695,26.8626
684847068,-0.73596,-2.00000,0.17957,250.1298,-250.1374,-23.9924,-0.03247,-0.39575,-1.15479,-250.1374,-116.9924,23.5038
684848067,-1.13342,-2.00000,0.09717,250.1298,-250.1374,-32.9313,-0.00232,-0.44958,-1.16162,-250.1374,-121.1145,19.9389
684849068,-1.81458,-2.00000,-1.37524,250.1298,-250.1374,-21.1374,0.02588,-0.49902,-1.16931,-250.1374,-124.3206,16.2443
684850068,-2.00000,-2.00000,-2.00000,200.2290,-250.1374,27.3053,0.05139,-0.54578,-1.17761,-250.1374,-126.6641,12.3893
684851068,-2.00000,-2.00000,-2.00000,18.6031,-250.1374,96.0916,0.07458,-0.58948,-1.18591,-250.1374,-128.1832,8.4198
684852068,-2.00000,-2.00000,-2.00000,-62.1603,-250.1374,107.1985,0.09546,-0.63025,-1.19385,-250.1374,-128.9008,4.4198
684853064,-2.00000,-2.00000,-2.00000,-1.2290,-182.2290,64.4962,0.11414,-0.66956,-1.20032,-250.1374,-128.8550,0.4427
684854069,-2.00000,-1.71533,-0.28650,43.1374,-71.7481,41.4580,0.13171,-0.70728,-1.20544,-250.1374,-128.0458,-3.4962
684855067,-2.00000,0.25024,-1.85510,13.7176,-64.6183,67.5954,0.14709,-0.74219,-1.20972,-241.2214,-126.4733,-7.3664
684856068,-1.76990,-1.69604,-2.00000,-6.6947,-16.8855,82.9466,0.16003,-0.77502,-1.21313,-231.1145,-124.1985,-11.1603
684857067,0.20154,-2.00000,1.99994,0.4122,32.1221,8.6260,0.17139,-0.80457,-1.21582,-220.0305,-121.2443,-14.8321
684858068,-0.97461,-2.00000,-1.49426,-25.7023,-60.6260,-51.2214,0.18079,-0.82800,-1.21777,-208.1145,-117.6183,-18.3359
684859068,-2.00000,-2.00000,-2.00000,-108.2977,-168.0916,-78.2366,0.18823,-0.84460,-1.21765,-195.4656,-113.3817,-21.6870
684860068,-2.00000,-2.00000,-2.00000,-205.0763,-232.0763,-81.1603,0.19434,-0.85535,-1.21619,-182.1679,-108.5344,-24.8626
684861068,-1.86609,-2.00000,-0.48486,-250.1374,-184.4656,-83.1450,0.19775,-0.86060,-1.21326,-168.4046,-103.1450,-27.8244
684862067,-0.61108,-2.00000,1.53149,-250.1374,-124.7786,-75.5496,0.19910,-0.86084,-1.20825,-154.3130,-97.2901,-30.5496
684863068,-1.35779,-2.00000,-0.41394,-250.1374,-157.6794,-46.0611,0.19897,-0.85474,-1.20251,-140.0153,-91.0229,-33.0534
684864068,-2.00000,-1.24927,-2.00000,-250.1374,-131.0153,-15.6641,0.19727,-0.84229,-1.19666,-125.6336,-84.3969,-35.3435
684865067,-1.33179,-0.25024,-0.06409,-250.1374,-0.1298,2.3817,0.19409,-0.82544,-1.18884,-111.3053,-77.4275,-37.3893
684866067,-0.25989,1.28638,0.26465,-250.1374,85.1450,-7.0916,0.18970,-0.80310,-1.18042,-97.1145,-70.2061,-39.2366
684867068,0.33838,1.99994,-1.43665,-250.1374,59.7786,-56.1603,0.18384,-0.77527,-1.17310,-83.1374,-62.8015,-40.8702
684868068,0.80249,1.99994,0.14917,-133.1527,-53.1603,-124.9084,0.17627,-0.74475,-1.16516,-69.4656,-55.2137,-42.2901
684869067,1.01636,1.14758,1.13745,-9.6641,-215.6641,-181.7939,0.16675,-0.71155,-1.15662,-56.1603,-47.5267,-43.4656
684870068,-0.28052,-1.60535,-1.69189,-48.0840,-250.1374,-199.1069,0.15588,-0.67480,-1.14929,-43.3053,-39.8168,-44.4351
684871068,-2.00000,-2.00000,-2.00000,-124.5115,-250.1374,-208.4046,0.14258,-0.63525,-1.14136,-30.9847,-32.1374,-45.1985
684872067,-2.00000,0.06567,-2.00000,-90.0153,-250.1374,-249.1450,0.12756,-0.59399,-1.13086,-19.2672,-24.5191,-45.8092
684873068,-1.28430,1.99994,-0.71716,-44.6336,-212.6031,-250.1374,0.11145,-0.55334,-1.12085,-8.1985,-17.0382,-46.2595
684874067,-1.61780,1.99994,-1.75439,-136.3664,-209.0534,-210.7252,0.09387,-0.51379,-1.11279,2.1527,-9.7863,-46.5267
684875067,-2.00000,1.99994,-2.00000,-250.1374,-211.7557,-117.7863,0.07581,-0.47424,-1.10571,11.7557,-2.8168,-46.6107
684876068,-2.00000,1.99994,-2.00000,-250.1374,-130.5802,-47.2901,0.05615,-0.43494,-1.09839,20.5420,3.8626,-46.4885
684877068,-2.00000,1.99994,-2.00000,-250.1374,-26.9008,-9.9160,0.03601,-0.39636,-1.09192,28.4656,10.1985,-46.1985
684878068,-1.66174,1.99994,-2.00000,-250.1374,18.8550,-8.3588,0.01648,-0.35864,-1.08533,35.5115,16.1298,-45.7481
684879068,-1.27051,1.99994,-2.00000,-250.1374,6.6794,-47.7099,-0.00269,-0.32141,-1.07886,41.6794,21.5802,-45.1527
684880068,-0.09448,1.99994,-2.00000,-190.2214,-25.5115,-90.3740,-0.02234,-0.28381,-1.07434,46.9313,26.5573,-44.3664
684881067,0.68103,1.99994,-1.62915,-160.9847,-56.2290,-108.2290,-0.04309,-0.24622,-1.07043,51.2595,31.0687,-43.4351
684882067,0.70459,1.99994,-1.00879,-102.5496,-71.4885,-130.9695,-0.06396,-0.20996,-1.06555,54.6336,35.0840,-42.3893
684883065,0.87817,1.99994,-0.94617,37.2595,-72.2366,-183.2519,-0.08325,-0.17529,-1.05884,57.0458,38.5115,-41.2214
684884069,1.23572,1.99994,-1.10034,155.1527,-86.5344,-235.7099,-0.10242,-0.14062,-1.05042,58.5038,41.3740,-39.9542
684885067,1.23389,1.99994,-2.00000,161.5115,-115.9389,-250.1374,-0.12146,-0.10730,-1.04126,59.0153,43.7099,-38.6031
684886067,0.54700,1.99994,-2.00000,83.3359,-140.7634,-226.7863,-0.14001,-0.07751,-1.03174,58.6336,45.5573,-37.2137
684887068,-0.39941,1.99994,-2.00000,-8.6260,-164.6947,-184.2061,-0.15747,-0.05005,-1.02283,57.4122,46.9313,-35.7634
684888067,-1.14893,1.99994,-2.00000,-53.9084,-206.4962,-151.0534,-0.17285,-0.02466,-1.01355,55.4046,47.8779,-34.2595
684889067,-1.64111,1.99994,-2.00000,-22.6183,-237.8702,-147.5267,-0.18652,-0.00208,-1.00281,52.6947,48.3893,-32.7328
684890067,-1.42261,1.99994,-2.00000,37.1527,-221.3664,-155.8092,-0.19812,0.01672,-0.99268,49.3817,48.4809,-31.1985
684891068,-0.86572,1.99994,-2.00000,36.9313,-172.1832,-130.8015,-0.20728,0.03088,-0.98438,45.5954,48.1985,-29.6107
684892067,-0.92468,1.99994,-2.00000,2.2901,-118.2595,-79.7786,-0.21387,0.04163,-0.97595,41.4046,47.6031,-27.9771
684893068,-1.03577,1.99994,-2.00000,33.0916,-61.5878,-61.3969,-0.21887,0.04797,-0.96729,36.8779,46.7176,-26.3282
684894068,-0.89099,1.99994,-2.00000,121.9313,-38.0458,-82.1527,-0.22388,0.04944,-0.96008,32.1221,45.5649,-24.7099
684895067,-1.69653,1.99994,-2.00000,194.2366,-72.2061,-113.3130,-0.22925,0.04651,-0.95361,27.1985,44.1832,-23.0687
684896067,-2.00000,1.17944,-2.00000,248.8931,-87.3817,-151.5573,-0.23376,0.04028,-0.94666,22.1527,42.5954,-21.3817
684897068,-2.00000,0.69348,-2.00000,250.1298,-29.0840,-185.1908,-0.23633,0.03259,-0.94067,17.0992,40.8473,-19.6870
684898068,-1.80542,1.17712,-2.00000,234.2061,24.7176,-179.7939,-0.23730,0.02234,-0.93481,12.1298,38.9466,-18.0153
684899068,-2.00000,1.88586,-2.00000,144.8244,49.7405,-138.0076,-0.23572,0.00830,-0.92908,7.2977,36.9160,-16.3893
684900068,-1.87488,1.99994,-2.00000,84.2595,97.4885,-95.9084,-0.23145,-0.00806,-0.92480,2.6794,34.8168,-14.8168
684901068,-1.07056,1.99994,-2.00000,44.9847,150.4580,-61.3053,-0.22656,-0.02551,-0.92212,-1.6489,32.6336,-13.2748
684902067,-0.72424,1.99994,-2.00000,-20.3817,173.3893,-24.0000,-0.22192,-0.04358,-0.91968,-5.6641,30.4046,-11.7176
684903067,-0.80896,1.99994,-2.00000,-81.9008,165.9618,7.9160,-0.20898,-0.07861,-0.91553,-12.5878,25.8397,-8.7863
684904067,-0.14941,1.99994,-2.00000,-72.1527,139.7023,17.3588,-0.20117,-0.09412,-0.91418,-15.4885,23.5420,-7.4351
684905067,0.95496,1.99994,-1.66638,11.2824,97.7557,-3.1374,-0.19336,-0.10938,-0.91394,-18.0000,21.2901,-6.1756
684906067,1.32385,1.99994,-0.20203,106.6107,45.9389,-32.8321,-0.18579,-0.12488,-0.91406,-20.1298,19.0611,-4.9924
684907067,0.78552,1.99994,-1.48291,181.3511,4.4427,-53.1756,-0.17859,-0.13928,-0.91443,-21.9237,16.8015,-3.9008
684908067,0.13379,1.99994,-2.00000,250.1298,-6.5954,-74.0992,-0.17188,-0.15283,-0.91724,-23.3969,14.5115,-2.9160
684909067,-0.27661,1.99994,-2.00000,250.1298,20.9084,-87.7710,-0.16492,-0.16614,-0.92236,-24.5115,12.2366,-2.0611
684910067,-0.63135,1.82727,-2.00000,250.1298,63.6718,-77.0000,-0.15845,-0.17871,-0.92688,-25.2748,9.9847,-1.3053
684911067,-1.58667,1.99994,-2.00000,218.5191,79.6260,-51.0229,-0.15295,-0.19019,-0.93103,-25.7176,7.7786,-0.6794
684912067,-2.00000,1.99994,-2.00000,177.4962,83.9924,-21.1298,-0.14722,-0.20129,-0.93616,-25.8550,5.6336,-0.2137
684913068,-2.00000,1.99994,-2.00000,114.6183,120.8321,24.6031,-0.14014,-0.21204,-0.94202,-25.6870,3.5573,0.1145
684914068,-2.00000,1.41968,-2.00000,-3.3511,175.0382,92.8244,-0.13306,-0.22205,-0.94934,-25.2137,1.5573,0.3282
684915068,-2.00000,0.48474,-2.00000,-124.0687,223.9847,160.5496,-0.12744,-0.22961,-0.95728,-24.4809,-0.4122,0.4198
684916068,-2.00000,0.30005,-2.00000,-180.5802,250.1298,197.5344,-0.12256,-0.23633,-0.96533,-23.5344,-2.3130,0.3893
684917068,-1.35706,0.64526,-2.00000,-171.8015,250.1298,201.0687,-0.11853,-0.24329,-0.97437,-22.3817,-4.1527,0.2519
684918068,-0.04724,0.75305,-0.37891,-149.6412,250.1298,192.3359,-0.11584,-0.24878,-0.98352,-21.0382,-5.9542,0.0611
684919068,0.84412,0.36255,0.96680,-125.2824,250.1298,177.1374,-0.11426,-0.25354,-0.99182,-19.5115,-7.6870,-0.2137
684920068,1.49695,-0.20398,1.99994,-59.0916,250.1298,141.0382,-0.11365,-0.25891,-1.00049,-17.8779,-9.3817,-0.5954
684921068,1.76941,-0.64099,1.99994,54.5038,250.1298,83.6794,-0.11389,-0.26453,-1.01050,-16.2137,-11.0305,-1.0229
684922067,1.64014,-0.75989,1.99994,159.8168,172.9618,25.1908,-0.11462,-0.26978,-1.02039,-14.5954,-12.6260,-1.5038
684923067,1.42651,-0.39954,1.99994,206.9542,128.2519,-11.9237,-0.11572,-0.27417,-1.02991,-12.9771,-14.1298,-1.9924
684924067,1.32227,0.15625,1.99994,194.2748,119.0153,-17.4198,-0.11719,-0.27698,-1.03943,-11.3740,-15.5496,-2.4962
684925068,1.01306,0.43127,1.99994,145.2977,112.8550,6.0305,-0.11963,-0.27820,-1.04919,-9.8626,-16.8855,-3.0229
684926068,0.41858,-0.11523,1.74133,80.0611,98.8397,47.2977,-0.12354,-0.27795,-1.05896,-8.4733,-18.1908,-3.5573
684927068,-0.30859,-1.23889,0.00818,2.0534,89.9695,95.7328,-0.12842,-0.27637,-1.06787,-7.2061,-19.4351,-4.0611
684928067,-1.05420,-1.63855,-0.88452,-83.1908,91.4504,139.6718,-0.13269,-0.27307,-1.07544,-6.0992,-20.5878,-4.5038
684929067,-1.06873,-0.86755,-0.83850,-143.4198,109.0992,169.8931,-0.13562,-0.26770,-1.08301,-5.2061,-21.6641,-4.9160
684930068,-0.54468,0.22241,-0.16052,-174.1221,135.8626,189.0763,-0.13806,-0.26123,-1.08984,-4.5573,-22.6489,-5.2977
684931068,-0.56958,0.74451,0.28931,-192.2443,140.6870,204.5725,-0.14148,-0.25500,-1.09473,-4.1374,-23.5191,-5.6718
684932068,-0.73340,0.24866,0.31396,-187.8473,143.2214,206.9618,-0.14490,-0.24976,-1.09888,-3.9542,-24.2595,-5.9695
684933068,-0.60388,-0.68884,0.33752,-158.3588,148.6947,188.2748,-0.14612,-0.24524,-1.10229,-4.0382,-24.8702,-6.1985
684934068,-0.53601,-1.30688,0.04102,-122.5496,142.9618,156.3282,-0.14600,-0.24121,-1.10608,-4.3588,-25.3588,-6.3359
684935068,-0.71729,-1.38635,-0.49829,-75.8779,124.2137,119.1069,-0.14526,-0.23877,-1.10974,-4.8855,-25.6947,-6.3893
684936067,-1.16211,-1.32959,-1.13025,-11.4198,99.8626,82.6489,-0.14392,-0.23743,-1.11194,-5.5954,-25.8550,-6.3740
684937067,-1.49878,-1.65637,-1.62256,45.9160,82.9008,55.4427,-0.14209,-0.23645,-1.11438,-6.4885,-25.8702,-6.2824
684938068,-1.57336,-2.00000,-1.65527,64.8626,85.4962,44.0382,-0.13940,-0.23706,-1.11743,-7.5191,-25.7634,-6.1145
684939068,-1.72473,-2.00000,-1.44421,40.4427,99.4275,46.5649,-0.13550,-0.23950,-1.12012,-8.5954,-25.5038,-5.8779
684940068,-1.90210,-2.00000,-1.36926,-2.6947,119.1832,54.1679,-0.13135,-0.24255,-1.12170,-9.7099,-25.0611,-5.5954
684941068,-1.69934,-1.67004,-1.18140,-34.8244,147.3206,61.0305,-0.12646,-0.24683,-1.12256,-10.8626,-24.4809,-5.2290
684942068,-1.30896,-0.69812,-0.78833,-52.8931,169.7481,69.9618,-0.12073,-0.25244,-1.12366,-12.0305,-23.7786,-4.7710
684943068,-0.97424,-0.66064,-0.20752,-71.9389,177.6260,84.0611,-0.11548,-0.25818,-1.12537,-13.1374,-22.9160,-4.2366
684944068,-0.53174,-1.64600,0.65112,-92.7252,177.9771,96.0000,-0.11096,-0.26416,-1.12744,-14.1527,-21.9160,-3.6947
684945067,-0.14307,-2.00000,1.69983,-101.5954,170.0992,91.8092,-0.10681,-0.27161,-1.12842,-15.0611,-20.8244,-3.1450
684946068,0.20007,-2.00000,1.99994,-93.0916,158.7328,70.4198,-0.10278,-0.27966,-1.12805,-15.8168,-19.6412,-2.5649
684947068,0.40735,-0.92798,1.99994,-80.9466,141.1298,49.0458,-0.09924,-0.28760,-1.12769,-16.3969,-18.3664,-1.9466
684948068,0.35461,-0.24133,1.99994,-80.0229,113.8015,44.9008,-0.09668,-0.29565,-1.12781,-16.7786,-17.0153,-1.3588
684949067,0.52612,-1.24670,1.99994,-80.4351,91.3740,48.9542,-0.09534,-0.30371,-1.12842,-16.9618,-15.6107,-0.8168
684950067,0.64478,-2.00000,1.99994,-72.6718,66.5954,45.4809,-0.09326,-0.31067,-1.12964,-16.9389,-14.1298,-0.2824
684951068,0.49597,-2.00000,1.99994,-64.1985,42.1374,32.8321,-0.08923,-0.31702,-1.13123,-16.6794,-12.5802,0.2061
684952067,0.43286,-1.96570,1.99994,-66.7710,26.5038,21.6794,-0.08545,-0.32422,-1.13184,-16.1756,-10.9771,0.6489
684953067,0.27393,-0.70764,1.99994,-85.6260,6.5954,24.4580,-0.08154,-0.33105,-1.13159,-15.4427,-9.3359,1.0305
684954067,0.14282,-0.59583,1.82288,-98.8855,-14.1679,35.8168,-0.07739,-0.33740,-1.13123,-14.4580,-7.6641,1.3435
684955067,0.04956,-1.48560,1.95581,-86.1527,-34.7099,37.0000,-0.07324,-0.34351,-1.13110,-13.2137,-5.9695,1.5649
684956067,-0.16443,-2.00000,1.73877,-57.7939,-54.9160,23.6641,-0.06934,-0.34839,-1.13098,-11.7328,-4.2519,1.7405
684957067,-0.39099,-2.00000,0.94751,-38.6260,-68.1298,5.2443,-0.06689,-0.35303,-1.12939,-10.0458,-2.5344,1.8550
684958068,-0.89307,-1.36401,-0.16846,-41.2366,-78.7939,-5.5573,-0.06494,-0.35779,-1.12744,-8.1374,-0.8397,1.9084
684959068,-1.42542,-0.75061,-1.20410,-53.1679,-79.7481,-7.4580,-0.06262,-0.36145,-1.12634,-6.0076,0.8473,1.8550
684960067,-1.76562,-0.74182,-1.92358,-62.1527,-71.1832,-6.2977,-0.05994,-0.36499,-1.12439,-3.6794,2.5573,1.7328
684961068,-2.00000,-1.00366,-2.00000,-74.8092,-63.6183,-2.7939,-0.05676,-0.36890,-1.12097,-1.1679,4.2901,1.5420
684962068,-2.00000,-1.07727,-2.00000,-99.0305,-45.1679,3.0992,-0.05383,-0.37329,-1.11792,1.5038,6.0229,1.3053
684963068,-2.00000,-0.76025,-2.00000,-135.0382,-7.0611,13.5878,-0.05176,-0.37769,-1.11597,4.3282,7.7481,0.9847
684964068,-2.00000,-0.35181,-2.00000,-171.9771,33.7710,29.6107,-0.04907,-0.38159,-1.11267,7.3359,9.4809,0.5878
684965068,-2.00000,-0.03455,-2.00000,-189.7176,68.1908,43.8779,-0.04614,-0.38477,-1.10742,10.4885,11.1985,0.1679
684966068,-2.00000,0.06067,-2.00000,-179.9542,93.7405,48.8092,-0.04382,-0.38757,-1.10278,13.7405,12.8626,-0.2519
684967067,-1.56201,-0.10095,-1.73706,-151.0000,108.7176,43.0687,-0.04163,-0.38892,-1.09900,17.0763,14.5191,-0.6565
684968067,-1.12292,-0.36255,-1.10461,-113.6947,107.5496,28.8550,-0.04041,-0.38867,-1.09448,20.5191,16.1985,-1.0840
684969067,-0.88403,-0.50903,-0.56628,-76.6489,88.9924,9.6336,-0.03967,-0.38757,-1.08899,24.0305,17.9084,-1.5038
684970068,-0.82263,-0.26355,-0.55701,-43.6183,62.0305,-11.5344,-0.03796,-0.38550,-1.08350,27.5802,19.6031,-1.9237
684971067,-1.04858,0.09888,-1.35559,-14.6183,31.6031,-29.0076,-0.03625,-0.38318,-1.07690,31.1679,21.2748,-2.3359
684972067,-1.57324,0.06128,-2.00000,3.8244,11.3511,-38.5954,-0.03503,-0.38159,-1.06897,34.7634,22.9466,-2.7252
684973067,-1.77551,-0.26270,-2.00000,-0.8092,18.0916,-38.1756,-0.03381,-0.38062,-1.06177,38.3664,24.6183,-3.1145
684974067,-1.72095,-0.13477,-1.66516,-34.9084,42.1603,-26.9618,-0.03271,-0.37939,-1.05554,42.0000,26.2824,-3.4733
684975068,-1.88086,0.67615,-1.96191,-77.6031,67.7328,-8.1145,-0.03174,-0.37781,-1.04895,45.6565,27.9466,-3.8321
684976067,-1.91418,1.53760,-2.00000,-99.1832,102.9084,10.8779,-0.02991,-0.37708,-1.04211,49.3740,29.6183,-4.1832
684977067,-1.72510,1.94263,-1.69067,-104.3511,138.2977,28.6107,-0.02771,-0.37769,-1.03638,53.1374,31.2748,-4.5191
684978068,-1.38428,1.61218,-1.45386,-113.1221,162.9084,47.3664,-0.02551,-0.37952,-1.03210,56.9389,32.9313,-4.8244
684979068,-0.98901,0.95703,-1.20667,-117.9008,175.1985,57.7328,-0.02332,-0.38220,-1.02893,60.8092,34.6031,-5.0916
684980068,-0.55164,0.66431,-0.33350,-95.7252,171.2672,50.7634,-0.02100,-0.38525,-1.02527,64.7634,36.2824,-5.2748
684981067,0.03796,1.09106,0.69885,-50.3817,154.5115,31.2137,-0.01819,-0.38879,-1.02100,68.8015,37.9695,-5.4504
684982068,0.43298,1.99994,1.13806,-7.4809,129.5496,14.8168,-0.01526,-0.39282,-1.01782,72.9466,39.6794,-5.6183
684983067,0.26599,1.91345,1.02136,62.8550,80.6794,9.0611,-0.01221,-0.39709,-1.01501,77.2977,41.4198,-5.7481
684984068,0.04980,0.72742,1.25146,84.9313,67.9237,9.8702,-0.00867,-0.40149,-1.01074,81.8397,43.2290,-5.8779
684985068,-0.00195,0.10461,1.18848,84.4122,66.6641,11.1756,-0.00476,-0.40662,-1.00610,86.4580,45.0992,-5.9847
684986068,-0.07922,0.32764,0.82593,71.5267,70.1908,17.2366,0.00146,-0.41223,-1.00269,91.1908,46.9924,-6.1221
684987068,-0.24390,0.24487,0.61438,60.6183,73.0611,31.8550,0.00940,-0.41895,-0.99915,96.1450,48.9389,-6.2443
684988068,-0.40747,-0.66418,0.81384,51.6794,74.1603,49.3053,0.01746,-0.42834,-0.99512,101.4351,50.9466,-6.3664
684989068,-0.50793,-1.53027,1.05652,36.1679,76.1527,60.8244,0.02686,-0.43958,-0.99084,107.0611,53.0534,-6.4962
684990068,-0.45190,-1.75732,1.21863,14.8626,81.7481,66.3053,0.03552,-0.45190,-0.98792,113.0382,55.2824,-6.6565
684991068,-0.18140,-1.52954,1.74097,-0.3206,86.6336,66.1145,0.04321,-0.46497,-0.98767,119.4427,57.6260,-6.8550
684992067,0.38477,-0.96106,1.99994,12.0840,86.7710,54.0000,0.05176,-0.47998,-0.98950,126.3359,60.1069,-7.1069
684993068,0.93945,-0.19214,1.99994,56.4198,70.4656,30.6489,0.06116,-0.49744,-0.99353,133.7863,62.7252,-7.4122
684994067,1.03210,0.13879,1.99994,104.9237,31.7481,8.3053,0.07019,-0.51770,-0.99951,141.8855,65.5038,-7.7252
684995068,0.78308,-0.18079,1.99994,137.1450,-21.4656,-10.1756,0.07812,-0.54163,-1.00598,150.7176,68.4580,-8.0611
684996067,0.35583,-0.63770,1.99994,168.6870,-77.4198,-30.9771,0.08521,-0.56860,-1.01416,160.3435,71.6183,-8.4198
684997067,-0.18286,-1.07129,1.62061,214.6870,-121.1985,-52.5954,0.09277,-0.59802,-1.02405,170.7710,74.9924,-8.8321
684998068,-0.73535,-1.51746,0.91089,250.1298,-141.7863,-66.9160,0.10010,-0.62915,-1.03491,182.0382,78.4962,-9.2214
684999067,-1.41833,-1.82336,-0.25854,250.1298,-142.9160,-67.5954,0.10693,-0.66138,-1.04651,194.1527,82.2214,-9.6412
685000067,-2.00000,-1.84790,-1.45093,239.8473,-123.9466,-52.4046,0.11462,-0.69397,-1.05859,207.0687,86.0229,-10.0382
685001067,-2.00000,-1.66541,-1.73706,176.0229,-78.2061,-23.9389,0.12122,-0.72595,-1.07153,220.7252,89.9466,-10.3969
685002067,-2.00000,-1.38025,-1.37622,98.6870,-26.0916,8.3359,0.12915,-0.78516,-1.10168,250.1298,98.3588,-10.9924
685003068,-2.00000,-0.99756,-1.10864,46.1832,12.8702,32.2672,0.13293,-0.81262,-1.11841,250.1298,102.7481,-11.1985
685004067,-2.00000,-0.61328,-0.70508,25.7863,39.6870,43.8931,0.13647,-0.83984,-1.13647,250.1298,107.2977,-11.3664
685005068,-1.40955,-0.44714,-0.21960,9.2443,57.5573,48.8321,0.13977,-0.86707,-1.15417,250.1298,112.0000,-11.5344
685006068,-0.72522,-0.37878,0.28772,-3.9695,59.2443,44.6794,0.14197,-0.89307,-1.17139,250.1298,116.8550,-11.6412
685007067,-0.27942,-0.11914,1.19226,31.6794,34.6336,20.5191,0.14392,-0.91821,-1.18835,250.1298,121.8168,-11.6794
685008067,0.28406,0.01965,1.99994,127.6565,-7.0840,-21.6107,0.14746,-0.94263,-1.20532,250.1298,126.8779,-11.6489
685009068,0.48120,-0.12646,1.99994,219.5115,-58.8015,-60.2977,0.15088,-0.96582,-1.22290,250.1298,132.0382,-11.5802
685010067,-0.12976,-0.38184,1.45593,250.1298,-107.4656,-79.3053,0.15369,-0.98865,-1.23999,250.1298,137.3130,-11.4504
685011067,-0.61023,-1.03809,0.67981,250.1298,-120.5344,-85.2366,0.15662,-1.01135,-1.25732,250.1298,142.7481,-11.2824
685012067,-0.55249,-2.00000,1.34412,250.1298,-102.6336,-86.9237,0.15967,-1.03418,-1.27612,250.1298,148.3817,-11.0534
685013068,-0.59937,-2.00000,1.95703,250.1298,-89.3053,-82.6107,0.16309,-1.05823,-1.29578,250.1298,154.2061,-10.7557
685014068,-0.63354,-2.00000,1.46069,248.8092,-80.3511,-73.5115,0.16724,-1.08447,-1.31628,250.1298,160.2061,-10.4656
685015068,-0.46594,0.01819,1.00598,218.8397,-70.3130,-63.8092,0.17188,-1.11279,-1.33887,250.1298,166.3893,-10.1527
685016068,-0.13330,1.62695,1.81909,220.5420,-66.5267,-53.6031,0.17712,-1.14307,-1.36292,250.1298,172.7863,-9.8244
685017067,0.73865,1.05591,1.99994,250.1298,-67.0076,-52.1374,0.18372,-1.17590,-1.38721,250.1298,179.3969,-9.4275
685018067,0.91541,-0.28198,1.99994,250.1298,-99.6794,-61.2748,0.18970,-1.21130,-1.41199,250.1298,186.2137,-9.0153
685019067,0.20166,-0.63293,1.99994,250.1298,-165.0611,-81.6183,0.19531,-1.24792,-1.43652,250.1298,193.2595,-8.5496
685020067,0.31238,-0.13086,1.81726,250.1298,-225.0687,-108.0458,0.20129,-1.28394,-1.45972,250.1298,200.5191,-8.0382
685021065,0.33276,0.44446,1.30603,250.1298,-250.1374,-119.6412,0.20654,-1.31812,-1.48206,250.1298,207.9924,-7.4427
685022065,-0.51208,0.27466,-0.08459,250.1298,-250.1374,-106.8397,0.21130,-1.34924,-1.50549,250.1298,215.6870,-6.7939
685023065,-1.46948,-1.05200,-2.00000,250.1298,-250.1374,-87.0076,0.21667,-1.37646,-1.53113,250.1298,223.5802,-6.1221
685024065,-2.00000,-2.00000,-2.00000,250.1298,-250.1374,-76.5191,0.22180,-1.40015,-1.55542,250.1298,231.6107,-5.4046
685025065,-2.00000,-2.00000,-2.00000,250.1298,-209.4733,-64.1985,0.22583,-1.42053,-1.57703,250.1298,239.7023,-4.6412
685026065,-2.00000,-1.26697,-2.00000,186.4504,-121.8473,-32.4580,0.22925,-1.43750,-1.59717,250.1298,247.8550,-3.8168
685027068,-2.00000,-0.64441,-2.00000,97.2061,-53.3511,7.8550,0.23206,-1.45044,-1.61633,250.1298,250.1298,-2.9771
685028068,-1.99609,-1.25854,-1.99817,64.2290,-1.9695,30.4198,0.23328,-1.46021,-1.63477,250.1298,250.1298,-2.1145
685029068,-1.28113,-2.00000,-0.67139,83.8321,24.7939,23.8244,0.23315,-1.46692,-1.65186,250.1298,250.1298,-1.2366
685030068,-0.90283,-2.00000,-0.34009,114.2366,11.7786,-5.4580,0.23315,-1.47058,-1.66675,250.1298,250.1298,-0.3359
685031067,-0.49133,-2.00000,-0.00574,142.0305,-24.9160,-48.8015,0.23328,-1.47083,-1.67969,250.1298,250.1298,0.5267
685032068,0.67322,0.10291,1.99994,191.5878,-62.3359,-99.7939,0.23193,-1.46716,-1.69006,250.1298,250.1298,1.3282
685033067,1.99994,1.99994,1.99994,250.1298,-61.2137,-151.5649,0.22937,-1.46216,-1.69861,250.1298,250.1298,2.1221
685034067,1.99994,1.99994,1.99994,250.1298,-9.4580,-216.4198,0.22681,-1.45593,-1.70630,250.1298,250.1298,2.8779
685035065,1.99994,1.99994,1.99994,250.1298,49.2061,-250.1374,0.22485,-1.44690,-1.71265,250.1298,250.1298,3.5191
685036069,1.99994,0.26440,1.99994,250.1298,-11.4427,-250.1374,0.22205,-1.43738,-1.71643,250.1298,250.1298,4.0687
685037068,1.99994,-0.85864,1.99994,250.1298,-250.1374,-250.1374,0.21802,-1.42883,-1.71875,250.1298,250.1298,4.5267
685038068,1.99994,-1.79736,1.99994,250.1298,-250.1374,-250.1374,0.21375,-1.42065,-1.72095,250.1298,250.1298,4.8626
685039067,1.99994,-2.00000,1.99994,250.1298,-250.1374,-250.1374,0.20996,-1.41174,-1.72400,250.1298,250.1298,5.0458
685040067,0.12805,-2.00000,-1.82776,250.1298,-250.1374,-250.1374,0.20569,-1.40344,-1.72607,250.1298,250.1298,5.0840
685041068,-2.00000,-0.71118,-2.00000,250.1298,-250.1374,-250.1374,0.20081,-1.39624,-1.72791,250.1298,250.1298,4.9771
685042068,-2.00000,0.83447,-2.00000,250.1298,-250.1374,-172.5878,0.19666,-1.38867,-1.73071,250.1298,250.1298,4.6947
685043068,-2.00000,0.79846,-2.00000,250.1298,-250.1374,-68.9160,0.19226,-1.38049,-1.73389,250.1298,250.1298,4.1985
685044068,-2.00000,1.09485,-2.00000,250.1298,-250.1374,60.3282,0.18787,-1.37268,-1.73645,250.1298,250.1298,3.4733
685045067,-2.00000,0.70337,-2.00000,196.7634,-250.1374,160.5802,0.18518,-1.36646,-1.73730,250.1298,250.1298,2.5725
685046068,-2.00000,1.50208,-2.00000,197.6870,-250.1374,166.0305,0.18359,-1.36060,-1.73706,250.1298,250.1298,1.4656
685047067,-2.00000,1.99994,-2.00000,250.1298,132.3511,100.3053,0.18335,-1.35474,-1.73682,250.1298,250.1298,0.1298
685048067,-1.27185,1.99994,0.83459,250.1298,250.1298,-23.0305,0.18408,-1.34802,-1.73621,250.1298,250.1298,-1.4122
685049065,1.99994,1.99994,1.99994,250.1298,250.1298,-173.8397,0.18457,-1.34094,-1.73499,250.1298,250.1298,-3.1450
685050069,1.99994,1.49915,1.99994,250.1298,219.1985,-250.1374,0.18530,-1.33472,-1.73486,250.1298,250.1298,-5.0763
685051067,1.99994,-2.00000,1.99994,250.1298,-162.4275,-250.1374,0.18689,-1.32983,-1.73645,250.1298,250.1298,-7.2901
685052068,1.99994,-2.00000,1.99994,250.1298,-250.1374,-250.1374,0.18835,-1.32495,-1.73914,250.1298,250.1298,-9.7634
685053067,1.99994,-2.00000,1.99994,250.1298,-250.1374,-250.1374,0.18994,-1.31958,-1.74048,250.1298,250.1298,-12.4809
685054067,0.11353,-2.00000,1.99994,250.1298,-250.1374,-250.1374,0.19177,-1.31372,-1.74170,250.1298,250.1298,-15.4275
685055068,0.89856,-2.00000,1.99994,250.1298,-250.1374,-250.1374,0.19348,-1.30688,-1.74548,250.1298,250.1298,-18.5954
685056068,-0.76758,-0.93616,1.99994,250.1298,-250.1374,-250.1374,0.19543,-1.29932,-1.75159,250.1298,250.1298,-22.0305
685057068,-2.00000,0.79822,-2.00000,250.1298,-250.1374,-45.1908,0.19788,-1.29077,-1.75769,250.1298,250.1298,-25.7176
685058068,-2.00000,-1.22046,-2.00000,250.1298,-250.1374,102.2595,0.20032,-1.28174,-1.76367,250.1298,250.1298,-29.6183
685059068,-2.00000,-2.00000,-2.00000,189.9389,-250.1374,156.4580,0.20203,-1.27307,-1.77087,250.1298,250.1298,-33.6794
685060064,-2.00000,-1.34912,-2.00000,199.5115,-186.8397,147.5038,0.20471,-1.26440,-1.77771,250.1298,250.1298,-37.9237
685061069,-1.67969,0.91833,-0.77771,250.1298,34.5878,80.3740,0.20801,-1.25378,-1.78308,250.1298,250.1298,-42.3359
685062068,1.08118,1.99994,1.99994,250.1298,89.8321,-42.8092,0.21008,-1.24182,-1.78882,250.1298,250.1298,-46.9008
685063067,1.99994,1.99994,1.99994,250.1298,6.8855,-175.4122,0.21130,-1.22913,-1.79529,250.1298,250.1298,-51.6107
685064067,1.99994,-0.04272,1.99994,250.1298,-230.2824,-250.1374,0.21069,-1.21436,-1.80212,250.1298,250.1298,-56.4733
685065065,1.99994,-2.00000,1.99994,250.1298,-250.1374,-250.1374,0.20813,-1.19934,-1.80896,250.1298,250.1298,-61.4351
685066069,1.99994,-2.00000,1.79395,250.1298,-250.1374,-250.1374,0.20532,-1.18616,-1.81409,250.1298,250.1298,-66.4733
685067068,1.28394,-2.00000,1.42871,250.1298,-250.1374,-250.1374,0.20093,-1.17224,-1.81750,250.1298,250.1298,-71.5496
685068067,0.89233,-1.14124,1.99994,250.1298,-250.1374,-250.1374,0.19641,-1.16357,-1.82190,250.1298,250.1298,-76.5725
685069067,1.99994,-1.41956,1.99994,250.1298,-250.1374,-250.1374,0.19177,-1.16016,-1.82678,250.1298,250.1298,-81.6260
685070065,0.94775,-2.00000,1.99994,250.1298,-250.1374,-250.1374,0.18579,-1.15637,-1.83057,250.1298,250.1298,-86.7939
685071065,-2.00000,-2.00000,0.09741,250.1298,-250.1374,-250.1374,0.18005,-1.15491,-1.83350,250.1298,250.1298,-92.0305
685072069,-2.00000,-2.00000,-2.00000,250.1298,-250.1374,-250.1374,0.17432,-1.15613,-1.83630,250.1298,250.1298,-97.1985
685073068,-2.00000,-2.00000,-2.00000,250.1298,-250.1374,-239.2977,0.16772,-1.15991,-1.84082,250.1298,250.1298,-102.2672
685074068,-2.00000,-2.00000,-2.00000,250.1298,-250.1374,-224.5191,0.15967,-1.16553,-1.84558,250.1298,250.1298,-107.2137
685075068,-2.00000,-2.00000,-2.00000,250.1298,-250.1374,-250.1374,0.14966,-1.17139,-1.84924,250.1298,250.1298,-112.0763
685076068,-2.00000,-2.00000,-2.00000,250.1298,-250.1374,-250.1374,0.13831,-1.17651,-1.85254,250.1298,250.1298,-116.8092
685077064,-2.00000,-2.00000,-2.00000,250.1298,-250.1374,-250.1374,0.12573,-1.18018,-1.85571,250.1298,250.1298,-121.4122
685078065,-2.00000,-1.48315,-2.00000,250.1298,-250.1374,-250.1374,0.11108,-1.18127,-1.85815,250.1298,250.1298,-125.8855
685079069,-2.00000,-0.48779,-2.00000,250.1298,-250.1374,-250.1374,0.09412,-1.17932,-1.85974,250.1298,250.1298,-130.2290
685080068,-2.00000,0.10754,-2.00000,250.1298,-165.2519,-250.1374,0.07568,-1.17285,-1.85938,250.1298,250.1298,-134.4427
685081068,-0.63574,-0.07910,0.08313,250.1298,14.9008,-250.1374,0.05676,-1.16260,-1.85620,250.1298,250.1298,-138.4656
685082068,1.61108,0.71619,1.99994,250.1298,103.8015,-250.1374,0.03748,-1.15076,-1.85156,250.1298,250.1298,-142.3206
685083068,1.99994,1.33459,1.99994,250.1298,105.0153,-250.1374,0.01636,-1.13684,-1.84521,250.1298,250.1298,-146.0229
685084067,1.99994,0.81873,1.99994,250.1298,-56.0382,-250.1374,-0.00659,-1.12097,-1.83740,250.1298,250.1298,-149.5725
685085065,1.99994,-1.58679,1.99994,250.1298,-250.1374,-250.1374,-0.02930,-1.10486,-1.82935,250.1298,250.1298,-152.9466
685086069,1.99994,-2.00000,1.99994,250.1298,-250.1374,-250.1374,-0.05200,-1.08777,-1.82092,250.1298,250.1298,-156.1679
685087068,0.68408,-2.00000,1.99994,250.1298,-250.1374,-250.1374,-0.07605,-1.07166,-1.81335,250.1298,250.1298,-159.2214
685088068,-2.00000,-2.00000,1.99994,250.1298,-250.1374,-250.1374,-0.10022,-1.05737,-1.80640,250.1298,250.1298,-162.1374
685089068,-2.00000,-2.00000,1.66321,250.1298,-250.1374,-250.1374,-0.12415,-1.04370,-1.79968,250.1298,250.1298,-164.9084
685090068,-2.00000,1.99994,-1.24597,250.1298,-250.1374,-250.1374,-0.14709,-1.03076,-1.79407,250.1298,250.1298,-167.5038
685091067,-2.00000,1.99994,-2.00000,250.1298,-250.1374,-152.0611,-0.16858,-1.01880,-1.78894,250.1298,250.1298,-169.9542
685092068,-2.00000,-1.53564,-2.00000,250.1298,-250.1374,-16.1603,-0.18884,-1.00745,-1.78455,250.1298,250.1298,-172.2748
685093068,-2.00000,-2.00000,-2.00000,250.1298,-250.1374,18.4504,-0.20813,-0.99707,-1.78027,250.1298,250.1298,-174.4809
685094068,-2.00000,-2.00000,-2.00000,250.1298,-250.1374,-34.0763,-0.22681,-0.98682,-1.77539,250.1298,250.1298,-176.5878
685095068,-2.00000,-2.00000,-1.20166,250.1298,-64.2214,-204.5115,-0.24487,-0.97510,-1.77039,250.1298,250.1298,-178.5878
685096067,1.42590,1.78894,1.77209,250.1298,-16.8855,-250.1374,-0.26135,-0.96216,-1.76685,250.1298,250.1298,-180.5115
685097067,1.99994,1.34167,1.99994,250.1298,-132.8473,-250.1374,-0.27661,-0.94812,-1.76489,250.1298,250.1298,-182.4122
685098067,1.99994,-2.00000,1.99994,250.1298,-250.1374,-250.1374,-0.29248,-0.93359,-1.76343,250.1298,250.1298,-184.3359
685099065,1.99994,-2.00000,1.99994,250.1298,-250.1374,-250.1374,-0.30725,-0.91748,-1.76184,250.1298,250.1298,-186.3206
685100065,0.60083,-2.00000,1.99994,250.1298,-250.1374,-250.1374,-0.32080,-0.89905,-1.76013,250.1298,250.1298,-188.4351
685101069,-0.24609,-1.82996,1.99994,250.1298,-250.1374,-250.1374,-0.34729,-0.85608,-1.76038,250.1298,250.1298,-193.0916
685102068,1.99994,1.99994,1.99994,250.1298,-250.1374,-250.1374,-0.35815,-0.83020,-1.76038,250.1298,250.1298,-195.6870
685103068,1.99994,1.97058,1.99994,250.1298,-250.1374,-250.1374,-0.36829,-0.80090,-1.75879,250.1298,250.1298,-198.5420
685104067,1.48425,-2.00000,1.99994,250.1298,-250.1374,-250.1374,-0.37830,-0.76917,-1.75720,250.1298,250.1298,-201.6565
685105067,-2.00000,-2.00000,-1.84143,250.1298,-250.1374,-250.1374,-0.38782,-0.73560,-1.75574,250.1298,250.1298,-205.0687
685106068,-2.00000,-2.00000,-2.00000,250.1298,-250.1374,-250.1374,-0.39685,-0.69922,-1.75256,250.1298,250.1298,-208.7176
685107067,-2.00000,-2.00000,-2.00000,250.1298,-250.1374,-250.1374,-0.40576,-0.65967,-1.74744,250.1298,250.1298,-212.6031
685108068,-2.00000,-2.00000,-2.00000,250.1298,-250.1374,-250.1374,-0.41248,-0.61792,-1.74133,250.1298,250.1298,-216.7405
685109068,-2.00000,-1.23706,-2.00000,250.1298,-250.1374,-250.1374,-0.41870,-0.57446,-1.73511,250.1298,250.1298,-221.1069
685110068,-2.00000,0.55786,-2.00000,250.1298,-250.1374,-250.1374,-0.42603,-0.52954,-1.72852,250.1298,250.1298,-225.6718
685111068,-2.00000,-2.00000,-2.00000,250.1298,-250.1374,-250.1374,-0.43237,-0.48218,-1.72058,250.1298,250.1298,-230.4046
685112068,-2.00000,-2.00000,-2.00000,250.1298,-250.1374,-250.1374,-0.43750,-0.43213,-1.71118,250.1298,250.1298,-235.2672
685113068,-2.00000,-2.00000,-2.00000,250.1298,-3.3817,-250.1374,-0.44177,-0.37927,-1.69934,250.1298,250.1298,-240.1908
685114068,-2.00000,0.37195,-2.00000,250.1298,180.0763,-250.1374,-0.44580,-0.32288,-1.68408,250.1298,250.1298,-245.1527
685115067,-0.23474,1.99994,1.95044,250.1298,250.1298,-250.1374,-0.44995,-0.26282,-1.66589,250.1298,250.1298,-250.0992
685116068,1.99994,1.99994,1.99994,250.1298,250.1298,-250.1374,-0.45447,-0.19885,-1.64404,250.1298,250.1298,-250.1374
685117068,1.99994,1.99994,1.99994,250.1298,100.1679,-250.1374,-0.45972,-0.13025,-1.61816,250.1298,250.1298,-250.1374
685118068,1.99994,1.99994,1.99994,250.1298,-160.5878,-250.1374,-0.46521,-0.05774,-1.58752,250.1298,250.1298,-250.1374
685119067,1.99994,-2.00000,1.99994,250.1298,-250.1374,-250.1374,-0.47009,0.01855,-1.55115,250.1298,250.1298,-250.1374
685120067,1.95825,-2.00000,1.99994,250.1298,-250.1374,-250.1374,-0.47571,0.10022,-1.51013,250.1298,250.1298,-250.1374
685121067,-1.54590,-2.00000,1.94202,250.1298,-250.1374,-250.1374,-0.48303,0.18774,-1.46558,250.1298,250.1298,-250.1374
685122068,-0.17407,0.88904,1.46375,250.1298,-250.1374,-250.1374,-0.49133,0.27991,-1.41687,250.1298,250.1298,-250.1374
685123068,1.99994,1.99994,1.99994,250.1298,-250.1374,-250.1374,-0.50073,0.37378,-1.36182,250.1298,250.1298,-250.1374
685124067,1.99994,1.99994,1.99994,250.1298,-250.1374,-250.1374,-0.51196,0.46899,-1.30127,250.1298,250.1298,-250.1374
685125067,-1.44617,-0.56055,-1.13257,250.1298,-250.1374,-250.1374,-0.52490,0.56580,-1.23682,250.1298,250.1298,-250.1374
685126067,-2.00000,-2.00000,-0.84949,250.1298,-250.1374,-250.1374,-0.53845,0.66370,-1.16760,250.1298,250.1298,-250.1374
685127068,-2.00000,-2.00000,1.99994,250.1298,-250.1374,-250.1374,-0.55249,0.76208,-1.09485,250.1298,250.1298,-250.1374
685128068,-2.00000,-2.00000,0.52209,250.1298,-250.1374,-250.1374,-0.56750,0.85974,-1.01855,250.1298,250.1298,-250.1374
685129068,-2.00000,-2.00000,-2.00000,250.1298,-250.1374,-250.1374,-0.58435,0.95801,-0.93823,250.1298,250.1298,-250.1374
685130068,-2.00000,-2.00000,-2.00000,250.1298,-250.1374,-250.1374,-0.60217,1.05725,-0.85425,250.1298,250.1298,-250.1374
685131067,-2.00000,-2.00000,0.34790,250.1298,-250.1374,-250.1374,-0.62085,1.15686,-0.76758,250.1298,250.1298,-250.1374
685132068,-2.00000,-2.00000,1.99994,250.1298,-250.1374,-250.1374,-0.64026,1.25586,-0.67883,250.1298,250.1298,-250.1374
685133068,-2.00000,-0.88672,1.15540,250.1298,-250.1374,-250.1374,-0.65845,1.35315,-0.58704,250.1298,250.1298,-250.1374
685134068,-2.00000,1.83728,-2.00000,250.1298,-250.1374,-250.1374,-0.67163,1.44604,-0.49463,250.1298,250.1298,-250.1374
685135068,-2.00000,1.99994,-2.00000,250.1298,-250.1374,-250.1374,-0.67163,1.52551,-0.40857,250.1298,250.1298,-250.1374
685136068,-2.00000,1.99994,1.20862,250.1298,-250.1374,-250.1374,-0.63501,1.57129,-0.33179,250.1298,250.1298,-250.1374
685137068,-2.00000,1.99994,1.99994,250.1298,-125.2137,-250.1374,-0.58960,1.59534,-0.18970,250.1298,250.1298,-250.1374
685138068,-1.81909,1.99994,1.99994,250.1298,6.3817,-250.1374,-0.56274,1.63232,-0.03308,250.1298,250.1298,-250.1374
685139067,1.94470,1.99994,1.99994,250.1298,108.2977,-250.1374,-0.55066,1.68823,0.06482,250.1298,250.1298,-250.1374
685140067,1.99994,1.99994,1.99994,250.1298,-4.4809,-250.1374,-0.56738,1.77197,0.14380,250.1298,250.1298,-250.1374
685141067,1.99994,1.99994,1.99994,250.1298,-250.1374,-250.1374,-0.60352,1.87854,0.21069,250.1298,250.1298,-250.1374
685142067,1.99994,0.71582,1.99994,250.1298,-250.1374,-250.1374,-0.64587,1.98572,0.27234,250.1298,250.1298,-250.1374
685143065,1.99994,-2.00000,1.99994,250.1298,-250.1374,-250.1374,-0.69250,1.99994,0.31738,250.1298,250.1298,-250.1374
685144069,1.42517,-2.00000,1.99994,250.1298,-250.1374,-250.1374,-0.74036,1.99994,0.36267,250.1298,250.1298,-250.1374
685145068,-2.00000,-2.00000,1.99994,250.1298,-250.1374,-250.1374,-0.78381,1.99994,0.41016,250.1298,250.1298,-248.2901
685146067,-2.00000,-2.00000,0.78235,250.1298,-250.1374,-250.1374,-0.82495,1.99994,0.45923,250.1298,248.8702,-241.8244
685147068,-2.00000,1.75159,0.03088,250.1298,-250.1374,-250.1374,-0.86523,1.99994,0.51306,250.1298,234.3740,-235.2214
685148067,-2.00000,1.99994,-1.17822,250.1298,-250.1374,-250.1374,-0.90869,1.99994,0.55750,250.1298,219.3282,-228.3740
685149067,-2.00000,1.99994,-2.00000,250.1298,-250.1374,-250.1374,-0.95886,1.99994,0.59595,250.1298,203.8015,-221.3282
685150067,-2.00000,-2.00000,-2.00000,250.1298,-250.1374,-250.1374,-1.00183,1.99994,0.61536,250.1298,187.7863,-214.1985
685151068,-2.00000,-2.00000,-2.00000,250.1298,-250.1374,-250.1374,-1.03552,1.99994,0.63806,250.1298,171.8015,-207.7481
685152068,-2.00000,-2.00000,-2.00000,250.1298,-250.1374,-250.1374,-1.06689,1.99994,0.67969,250.1298,155.6565,-201.8473
685153067,-2.00000,0.71362,-2.00000,250.1298,-250.1374,-250.1374,-1.08984,1.99994,0.71594,250.1298,138.9847,-195.4351
685154068,-2.00000,1.99994,-2.00000,250.1298,-250.1374,-250.1374,-1.10376,1.99994,0.74829,250.1298,121.8244,-188.2290
685155068,-2.00000,1.99994,-2.00000,250.1298,-250.1374,-250.1374,-1.10718,1.99994,0.77576,250.1298,104.4580,-180.3435
685156068,-2.00000,1.99994,-2.00000,250.1298,-250.1374,-250.1374,-1.09924,1.99994,0.80408,250.1298,87.0916,-171.8015
685157068,-1.75757,1.99994,-2.00000,250.1298,-250.1374,-250.1374,-1.08179,1.99994,0.83105,250.1298,69.7557,-162.7557
685158068,-1.74475,1.99994,-2.00000,250.1298,-250.1374,-250.1374,-1.05457,1.99994,0.85083,250.1298,52.5725,-153.3511
685159067,-2.00000,1.99994,-2.00000,250.1298,-250.1374,-250.1374,-1.01685,1.99994,0.86536,229.5573,35.7481,-143.5573
685160067,-2.00000,1.99994,-2.00000,250.1298,-228.7481,-250.1374,-0.96655,1.99994,0.87671,168.7099,19.5191,-133.3435
685161067,0.76306,1.99994,-0.66589,250.1298,-106.5802,-250.1374,-0.90759,1.99994,0.88989,109.2977,4.0992,-122.8550
685162067,0.96155,1.99994,-0.17505,235.2901,-49.3359,-104.3053,-0.84778,1.99994,0.90247,51.6947,-10.5496,-112.0534
685163067,1.13879,1.99994,0.33154,98.8626,23.8931,26.8779,-0.78857,1.99994,0.90771,-3.7939,-24.3664,-100.8702
685164068,1.99994,1.90942,1.99994,180.4656,88.5344,58.8702,-0.72974,1.99994,0.90674,-56.8244,-37.1221,-89.3435
685165067,1.99994,-0.80652,1.99994,250.1298,75.9618,15.6718,-0.67456,1.99994,0.90540,-107.0763,-48.6718,-77.5802
685166067,1.99994,-2.00000,1.99994,250.1298,-23.7023,-76.7405,-0.63098,1.99994,0.89954,-154.4198,-59.2443,-65.6565
685167065,1.99994,-2.00000,1.99994,250.1298,-250.1374,-174.3664,-0.60205,1.99994,0.88159,-198.7939,-69.0458,-53.6947
685168065,1.99994,-2.00000,1.99994,250.1298,-250.1374,-250.1374,-0.58606,1.99994,0.85510,-239.9771,-78.0840,-41.7328
685169069,0.79956,-2.00000,1.99994,250.1298,-250.1374,-250.1374,-0.57861,1.99994,0.82581,-250.1374,-86.3511,-29.8473
685170068,-1.47180,-2.00000,1.99994,250.1298,-250.1374,-250.1374,-0.57520,1.99994,0.79553,-250.1374,-93.8626,-18.0763
685171067,-2.00000,-2.00000,-0.00171,250.1298,-250.1374,-250.1374,-0.57422,1.99994,0.76758,-250.1374,-100.6565,-6.4198
685172068,-2.00000,-2.00000,-2.00000,250.1298,-250.1374,-250.1374,-0.57336,1.99994,0.74512,-250.1374,-106.8244,5.1450
685173068,-2.00000,1.35547,-2.00000,250.1298,-250.1374,-250.1374,-0.57031,1.89880,0.72900,-250.1374,-112.4351,16.6183
685174068,-2.00000,1.99994,-2.00000,6.8092,-250.1374,-186.9542,-0.56543,1.79053,0.71997,-250.1374,-117.4962,27.9695
685175068,-2.00000,0.68970,-2.00000,-226.1374,-250.1374,-27.9847,-0.56006,1.68481,0.71838,-250.1374,-122.0458,39.1679
685176068,-2.00000,0.75903,-2.00000,-250.1374,-250.1374,65.6947,-0.55359,1.58142,0.72131,-250.1374,-126.0763,50.2519
685177068,-2.00000,1.99994,-2.00000,-250.1374,135.4198,71.0076,-0.54578,1.47986,0.72571,-250.1374,-129.6107,61.1832
685178067,-2.00000,1.99994,-1.92102,-250.1374,250.1298,21.8702,-0.53625,1.38110,0.73218,-250.1374,-132.6565,71.8550
685179068,-1.57422,1.99994,1.69714,-95.4275,250.1298,-15.1985,-0.52197,1.28284,0.74023,-250.1374,-135.2061,82.2519
685180067,1.45959,1.99994,1.99994,196.2443,250.1298,-51.0076,-0.50208,1.18445,0.74951,-250.1374,-137.2748,92.3435
685181068,0.88672,1.99994,1.99994,250.1298,250.1298,-133.9618,-0.47632,1.08667,0.76025,-250.1374,-138.8702,102.0916
685182068,-0.59448,1.99994,0.67749,250.1298,-36.7023,-250.1374,-0.44519,0.98865,0.77173,-250.1374,-139.9847,111.4885
685183067,-0.50757,1.99994,-1.44397,250.1298,-166.6489,-250.1374,-0.41101,0.89111,0.78235,-250.1374,-140.6183,120.5115
685184067,0.70605,1.99994,0.20642,250.1298,-148.5573,-250.1374,-0.37476,0.79211,0.79309,-250.1374,-140.7863,129.0687
685185067,1.99994,1.99994,1.99994,250.1298,-98.5191,-250.1374,-0.33691,0.69043,0.80542,-250.1374,-140.4885,137.1298
685186068,1.99994,1.99994,1.99994,250.1298,-76.3130,-147.9618,-0.29968,0.58911,0.81836,-250.1374,-139.7252,144.6718
685187068,1.28259,1.99994,1.54529,8.6183,-92.4122,11.8550,-0.26514,0.48926,0.83240,-250.1374,-138.4962,151.6336
685188068,-1.77454,1.99994,-2.00000,-233.8321,-105.4427,173.7176,-0.23352,0.39124,0.84619,-250.1374,-136.7863,157.9618
685189068,-2.00000,1.94897,-2.00000,-250.1374,7.8015,250.1298,-0.20422,0.29529,0.85864,-250.1374,-134.6412,163.5802
685190068,-1.86511,-1.25183,0.13806,-250.1374,204.8855,250.1298,-0.17676,0.20178,0.87244,-250.1374,-132.0611,168.4962
685191068,0.44788,-1.43774,1.03638,-250.1374,250.1298,204.1985,-0.15137,0.11194,0.88660,-250.1374,-129.0229,172.6794
685192068,0.50305,1.85205,0.22986,-200.2824,176.4962,139.9008,-0.12781,0.02771,0.89832,-250.1374,-125.6107,176.1374
685193068,0.05640,1.99994,0.83813,4.4656,21.5725,62.2824,-0.10522,-0.05042,0.90906,-250.1374,-121.8779,178.8550
685194068,0.42004,1.88391,0.45422,250.1298,-88.4351,-34.6031,-0.08533,-0.12402,0.92126,-250.1374,-117.8244,180.8321
685195068,0.15942,-2.00000,-2.00000,250.1298,-121.9771,-141.4351,-0.06775,-0.19421,0.93433,-250.1374,-113.4809,182.0305
685196068,-2.00000,-2.00000,-2.00000,250.1298,-104.2824,-214.6870,-0.05066,-0.26147,0.94580,-250.1374,-108.8550,182.4427
685197068,-2.00000,-2.00000,-2.00000,158.1985,-101.5344,-174.3664,-0.03479,-0.32495,0.95605,-250.1374,-103.9771,182.0611
685198067,-2.00000,1.23938,-2.00000,-215.3969,-60.9237,-17.9771,-0.02148,-0.38330,0.96790,-250.1374,-98.8702,180.8473
685199067,-2.00000,1.99994,-2.00000,-250.1374,194.1679,135.8397,0.00183,-0.48914,0.99255,-250.1374,-88.1450,176.0229
685200068,-2.00000,1.99994,-2.00000,-250.1374,250.1298,250.1298,0.01233,-0.53784,1.00415,-250.1374,-82.6412,172.4656
685201068,-2.00000,1.99994,-1.55554,-250.1374,250.1298,250.1298,0.02222,-0.58191,1.01514,-250.1374,-77.0687,168.1908
685202068,-2.00000,1.99994,-2.00000,-250.1374,250.1298,250.1298,0.03259,-0.62122,1.02563,-242.2443,-71.4580,163.2214
685203068,-2.00000,1.99994,-2.00000,-250.1374,250.1298,250.1298,0.04370,-0.65723,1.03503,-216.1756,-65.8244,157.6031
685204068,-2.00000,1.99994,1.85876,-250.1374,250.1298,250.1298,0.05396,-0.68970,1.04102,-189.6794,-60.2290,151.4198
685205067,-1.66528,0.59302,1.99994,-250.1374,250.1298,250.1298,0.06360,-0.71692,1.04272,-162.9160,-54.7405,144.7481
685206067,-2.00000,-0.78516,1.99994,-250.1374,250.1298,250.1298,0.07373,-0.73804,1.04248,-135.9695,-49.3435,137.6260
685207067,-2.00000,1.99994,1.99994,-163.1756,250.1298,250.1298,0.08337,-0.75500,1.04224,-108.8626,-44.0305,130.1374
685208067,-1.96875,1.99994,1.99994,34.4885,250.1298,250.1298,0.09253,-0.76819,1.04224,-81.7481,-38.9160,122.3817
685209065,0.71985,1.99994,1.99994,125.5038,250.1298,250.1298,0.10095,-0.77673,1.04163,-54.8015,-34.0305,114.4046
685210069,1.99994,1.99994,1.99994,46.1985,250.1298,250.1298,0.10742,-0.77966,1.03931,-28.1069,-29.4046,106.2137
685211064,1.99994,1.99994,1.99994,-99.0992,250.1298,250.1298,0.11023,-0.77612,1.03577,-1.7939,-25.0458,97.8855
685212063,0.76440,-2.00000,1.99994,-221.1450,250.1298,250.1298,0.10901,-0.76611,1.03284,23.9466,-20.9542,89.4962
685213068,-1.48083,-2.00000,1.99994,-250.1374,250.1298,250.1298,0.10474,-0.75024,1.02917,48.9313,-17.1603,81.0763
685214067,-2.00000,-2.00000,1.99994,-250.1374,250.1298,250.1298,0.09888,-0.72888,1.02429,73.0229,-13.6870,72.6565
685215067,-2.00000,-2.00000,1.99994,-250.1374,250.1298,250.1298,0.09277,-0.70190,1.02039,96.1374,-10.5420,64.3053
685216067,-1.73999,0.16052,1.99994,-250.1374,250.1298,250.1298,0.08606,-0.66895,1.01660,118.1908,-7.7328,56.0534
685217068,-0.81165,-0.40808,1.99994,-250.1374,250.1298,250.1298,0.07849,-0.63000,1.01135,139.0916,-5.2366,47.9466
685218067,-1.14551,-2.00000,1.99994,-250.1374,250.1298,250.1298,0.07043,-0.58594,1.00500,158.7481,-3.0840,40.0382
685219068,-1.25415,-2.00000,1.99994,-250.1374,250.1298,250.1298,0.06238,-0.53857,0.99841,177.0687,-1.3130,32.3664
685220067,-1.96118,-2.00000,1.99994,-115.0382,250.1298,250.1298,0.05457,-0.48901,0.99194,193.9847,0.1221,25.0076
685221067,-2.00000,-2.00000,1.99994,-29.5344,193.8015,250.1298,0.04651,-0.43665,0.98438,209.5038,1.2443,17.9847
685222068,-2.00000,-2.00000,1.99994,33.7786,240.9313,171.8702,0.03833,-0.38135,0.97522,223.6107,2.0611,11.3130
685223067,-0.72754,-2.00000,1.99994,81.8244,250.1298,133.3359,0.02930,-0.32434,0.96655,236.2748,2.5573,4.9847
685224067,-0.65540,-2.00000,1.99994,23.5954,250.1298,151.8550,0.01904,-0.26575,0.95862,247.4656,2.7786,-0.9313
685225067,-0.76001,-2.00000,1.99994,-142.9466,250.1298,184.0153,0.00977,-0.20667,0.94922,250.1298,2.7405,-6.4656
685226067,0.36182,-2.00000,1.99994,-250.1374,250.1298,200.1756,0.00159,-0.14807,0.93909,250.1298,2.5038,-11.6718
685227068,1.25635,-2.00000,1.99994,-250.1374,250.1298,218.8321,-0.00586,-0.08972,0.92908,250.1298,2.0763,-16.5573
685228068,1.99994,-2.00000,1.99994,-250.1374,250.1298,231.2366,-0.01245,-0.03088,0.91895,250.1298,1.4962,-21.0840
685229068,1.99994,-2.00000,1.99994,-250.1374,250.1298,196.4580,-0.01843,0.02808,0.90918,250.1298,0.7939,-25.2595
685230067,1.99994,-2.00000,1.99994,-250.1374,121.3435,131.8550,-0.02405,0.08618,0.89905,250.1298,-0.0763,-29.0992
685231067,1.99994,-2.00000,1.99994,-250.1374,-146.6565,73.9771,-0.02869,0.14404,0.88806,250.1298,-1.0840,-32.6183
685232068,1.82190,-2.00000,1.99994,-178.3511,-250.1374,23.4046,-0.03198,0.20105,0.87732,250.1298,-2.1450,-35.8473
685233067,1.99994,-2.00000,1.99994,-59.7176,-250.1374,-28.2748,-0.03516,0.25623,0.86609,250.1298,-3.2595,-38.7710
685234068,1.99994,-2.00000,1.99994,-19.7023,-250.1374,-59.6641,-0.03882,0.30945,0.85608,250.1298,-4.4351,-41.4122
685235068,0.78784,-1.54712,1.99994,-98.7176,-250.1374,-54.5267,-0.04272,0.36072,0.84595,250.1298,-5.6947,-43.7634
685236067,-0.92737,-1.27869,0.07800,-190.5038,-250.1374,-39.1832,-0.04785,0.41064,0.83337,250.1298,-7.0076,-45.8397
685237068,-1.72986,-1.14722,-0.37646,-226.9008,-244.4809,-34.8779,-0.05542,0.45862,0.81995,250.1298,-8.3359,-47.6641
685238067,-1.52673,0.13672,0.16040,-229.9466,-145.3206,-41.3511,-0.06360,0.50476,0.80798,250.1298,-9.6718,-49.2443
685239068,-2.00000,1.99994,0.05725,-207.8244,-67.5573,-53.1527,-0.07141,0.54919,0.79675,250.1298,-11.0763,-50.5954
685240068,-2.00000,1.99994,0.76819,-126.2595,14.0076,-78.0458,-0.07910,0.59180,0.78552,250.1298,-12.5344,-51.6870
685241067,1.99994,-1.83960,1.99994,62.0534,62.4046,-126.0763,-0.08667,0.63208,0.77478,250.1298,-14.0076,-52.5038
685242067,1.68262,-2.00000,1.99994,53.2137,-41.6031,-135.7481,-0.09314,0.66968,0.76440,245.6412,-15.4733,-53.0229
685243067,1.74951,-2.00000,1.99994,54.1756,-150.8015,-164.5420,-0.09814,0.70581,0.75525,237.2824,-16.9313,-53.2977
685244065,1.88672,-2.00000,1.99994,63.0382,-250.1374,-189.4351,-0.10303,0.74097,0.74548,228.3588,-18.3664,-53.3130
685245069,1.99994,-2.00000,1.99994,28.5725,-250.1374,-186.6260,-0.10730,0.77429,0.73572,218.9008,-19.7863,-53.0763
685246068,1.99994,-1.70215,1.99994,-40.8244,-250.1374,-163.6336,-0.11145,0.80432,0.72766,208.9466,-21.1603,-52.5420
685247068,1.73328,-1.71741,1.99994,-141.1603,-250.1374,-130.0916,-0.11548,0.83191,0.72070,198.5420,-22.5115,-51.7710
685248068,0.29590,-2.00000,1.38000,-250.1374,-250.1374,-101.9924,-0.11902,0.85815,0.71411,187.7176,-23.8168,-50.7634
685249068,-0.72693,-2.00000,-0.33179,-250.1374,-250.1374,-115.8626,-0.12244,0.88245,0.70813,176.5038,-25.0611,-49.5115
685250068,-1.68811,-1.78320,-1.14795,-250.1374,-250.1374,-166.6870,-0.12610,0.90356,0.70410,164.9160,-26.2137,-48.0840
685251067,-1.96033,1.42944,-1.66357,-250.1374,-250.1374,-210.5038,-0.12915,0.92090,0.70068,153.0000,-27.2443,-46.4427
685252067,-1.09277,1.99994,-1.21204,-173.1603,-227.3511,-244.7786,-0.13184,0.93567,0.69617,140.7481,-28.1832,-44.5878
685253067,-0.57629,1.99994,-0.90906,-64.6641,-199.4198,-250.1374,-0.13379,0.94897,0.69153,128.3053,-29.0305,-42.5038
685254067,-0.44226,1.99994,-0.56323,61.2214,-207.1679,-250.1374,-0.13403,0.96045,0.68799,115.7786,-29.7786,-40.2443
685255067,-0.00916,0.45752,0.64001,156.4427,-223.5420,-250.1374,-0.13342,0.97021,0.68518,103.1221,-30.4504,-37.8473
685256067,0.06079,0.55432,0.68042,188.5038,-250.1374,-250.1374,-0.13342,0.97839,0.68298,90.3206,-31.0076,-35.2977
685257067,0.28992,1.56482,-0.53662,174.6794,-250.1374,-250.1374,-0.13281,0.98425,0.68140,77.4580,-31.4809,-32.5725
685258068,1.02673,1.99994,-0.52539,116.0000,-250.1374,-250.1374,-0.13147,0.98804,0.67993,64.5802,-31.8702,-29.6794
685259068,1.32300,1.99994,-0.15198,13.7786,-250.1374,-250.1374,-0.13000,0.98889,0.68042,51.7252,-32.1603,-26.6412
685260068,0.74060,1.99994,-0.56482,-91.4809,-250.1374,-250.1374,-0.12793,0.98743,0.68176,38.9313,-32.3740,-23.5115
685261068,0.16931,1.99994,-0.51843,-166.6489,-250.1374,-214.3511,-0.12585,0.98340,0.68250,26.2443,-32.5115,-20.3130
685262068,0.01794,1.99994,-0.00012,-220.7634,-250.1374,-190.8321,-0.12439,0.97668,0.68384,13.7023,-32.5649,-17.0305
685263068,-0.13501,1.99994,-0.20239,-250.1374,-250.1374,-182.2595,-0.12305,0.96838,0.68530,1.3511,-32.5649,-13.7023
685264068,-0.21265,1.99994,-0.65906,-250.1374,-236.5038,-193.3206,-0.12109,0.95715,0.68652,-10.7786,-32.5344,-10.3740
685265068,0.26428,1.99994,-1.24243,-180.4504,-234.4733,-229.6336,-0.11877,0.94165,0.68860,-22.6336,-32.4809,-7.0840
685266068,0.28662,1.99994,-2.00000,-47.8092,-250.1374,-250.1374,-0.11658,0.92383,0.69031,-34.1603,-32.3435,-3.8092
685267067,-0.75415,1.99994,-2.00000,60.7099,-250.1374,-250.1374,-0.11462,0.90466,0.69104,-45.3282,-32.1756,-0.5496
685268068,-0.82275,1.99994,-2.00000,142.1832,-250.1374,-250.1374,-0.11316,0.88379,0.69067,-56.0840,-32.0229,2.6870
685269068,-0.32861,1.99994,-2.00000,154.9618,-250.1374,-250.1374,-0.11060,0.86145,0.68945,-66.3511,-31.9008,5.8779
685270067,-0.60962,1.99994,-2.00000,88.4733,-250.1374,-248.8626,-0.10657,0.83740,0.68860,-76.0840,-31.7939,9.0000
685271068,-1.28357,1.99994,-2.00000,27.2137,-243.8168,-198.2366,-0.10327,0.81238,0.68750,-85.2443,-31.7176,12.0382
685272067,-2.00000,1.99994,-2.00000,-18.6641,-194.5115,-153.6336,-0.10132,0.78650,0.68616,-93.8321,-31.6641,14.9924
685273068,-2.00000,1.99994,-2.00000,-113.6107,-155.2748,-100.7786,-0.10107,0.75977,0.68689,-101.8779,-31.6489,17.8779
685274068,-2.00000,1.99994,-2.00000,-205.7634,-96.9237,-61.3282,-0.10254,0.73303,0.68872,-109.3588,-31.6947,20.6641
685275067,-2.00000,1.99994,-2.00000,-227.2443,-16.0687,-43.7863,-0.10437,0.70642,0.69104,-116.2901,-31.7939,23.3282
685276068,-1.80127,1.99994,-2.00000,-199.8321,44.8397,-31.9084,-0.10632,0.67969,0.69519,-122.6947,-31.9160,25.8015
685277067,-1.39026,1.99994,-2.00000,-153.9084,85.3435,-31.0763,-0.10876,0.65259,0.69983,-128.6031,-32.1069,28.1221
685278068,-1.33691,1.99994,-2.00000,-102.9466,113.6870,-42.0076,-0.11121,0.62610,0.70422,-134.0382,-32.3511,30.2977
685279068,-1.30273,1.99994,-2.00000,-63.5878,118.3817,-54.8702,-0.11230,0.60193,0.70947,-139.0458,-32.6641,32.3206
685280068,-1.26746,1.99994,-2.00000,-41.3588,109.5496,-66.8702,-0.11206,0.57947,0.71729,-143.6489,-33.0305,34.1756
685281068,-0.72461,1.99994,-2.00000,-25.7405,116.4885,-71.0382,-0.11096,0.55762,0.72595,-147.8473,-33.4504,35.8931
685282068,0.26880,1.99994,-2.00000,-11.3588,142.8244,-60.4962,-0.10999,0.53528,0.73230,-151.6412,-33.9618,37.4733
685283068,0.61804,1.99994,-2.00000,-18.0305,157.1374,-29.3206,-0.10999,0.51318,0.73767,-155.0458,-34.5802,38.8931
685284068,-0.00769,1.99994,-2.00000,-67.9618,168.4504,19.4275,-0.10999,0.49109,0.74390,-158.0916,-35.2977,40.1756
685285068,-0.41565,1.99994,-2.00000,-128.6260,202.4046,61.1756,-0.10950,0.46936,0.75098,-160.8092,-36.0611,41.2901
685286068,0.14429,1.99994,-2.00000,-147.8397,245.6412,79.2366,-0.11011,0.44800,0.75745,-163.2061,-36.8626,42.3130
685287068,0.53552,1.99994,-0.76416,-122.0229,250.1298,78.0229,-0.11182,0.42651,0.76282,-165.2901,-37.7023,43.2137
685288067,0.29602,1.99994,-0.61731,-68.3053,243.1679,66.3282,-0.11316,0.40613,0.76807,-167.0763,-38.6260,43.9771
685289067,0.01147,1.99994,-1.04553,-5.4809,208.1985,52.4809,-0.11462,0.38574,0.77344,-168.5878,-39.6260,44.5878
685290067,0.03455,1.99994,-0.52588,35.7099,186.3664,44.5344,-0.11609,0.36487,0.77966,-169.8321,-40.6641,45.0534
685291067,0.53857,1.99994,0.67236,40.2061,191.8931,49.1374,-0.11584,0.34424,0.78650,-170.7710,-41.7328,45.4198
685292068,0.88342,1.85730,0.81567,25.9084,203.3817,65.0382,-0.11426,0.32422,0.79224,-171.3969,-42.8168,45.6947
685293068,0.64404,0.81067,-0.20264,0.8244,201.0687,86.8397,-0.11169,0.30420,0.79822,-171.6947,-43.9160,45.8626
685294068,0.38611,0.56006,-0.72974,-45.4275,199.7634,108.8931,-0.10730,0.28394,0.80408,-171.6794,-45.0229,45.8855
685295067,0.31958,1.38318,-0.55554,-121.6336,211.9924,135.9008,-0.10242,0.26404,0.80908,-171.3588,-46.1374,45.7939
685296068,0.33582,1.99994,-0.60925,-197.6336,237.4351,166.8168,-0.09900,0.24524,0.81165,-170.7099,-47.2519,45.6107
685297068,0.49463,1.99994,-0.92151,-223.7328,250.1298,187.4275,-0.09656,0.22668,0.81409,-169.7405,-48.3588,45.3435
685298067,0.42969,1.99994,-0.12451,-183.1985,250.1298,188.8168,-0.09399,0.20874,0.81763,-168.4580,-49.4504,44.9618
685299068,0.36877,1.03845,1.94446,-103.6183,250.1298,168.4809,-0.08386,0.17407,0.82043,-165.0000,-51.4809,43.8779
685300067,0.93323,0.23596,1.99994,-33.6260,250.1298,135.3588,-0.07959,0.15747,0.82288,-162.8626,-52.3969,43.1832
685301067,1.23474,0.76514,1.99994,-7.0992,250.1298,112.8550,-0.07581,0.14185,0.82532,-160.4656,-53.2595,42.3969
685302067,1.34290,1.24414,1.99994,25.2443,250.1298,98.6489,-0.07104,0.12671,0.82849,-157.7710,-54.0534,41.5267
685303067,1.77881,0.57434,1.99994,90.9847,242.8550,76.8015,-0.06445,0.11218,0.83130,-154.7939,-54.7786,40.5878
685304067,1.84009,-0.83459,1.99994,127.8855,186.6031,61.6947,-0.05798,0.09778,0.83191,-151.5573,-55.4198,39.5420
685305067,1.63464,-1.46851,1.99994,89.6336,136.3740,64.6947,-0.05200,0.08459,0.83325,-148.0840,-55.9618,38.3817
685306067,1.45178,-0.56958,1.99994,-7.3053,121.6031,89.1145,-0.04565,0.07300,0.83508,-144.3282,-56.4046,37.1069
685307067,1.29700,0.68213,1.99994,-129.2672,127.4656,133.9466,-0.03918,0.06116,0.83606,-140.3206,-56.7481,35.7405
685308067,1.23657,1.06226,1.99994,-219.9847,142.9618,181.8626,-0.03333,0.04944,0.83704,-136.0840,-56.9924,34.2901
685309067,0.83301,0.75867,1.98535,-231.8321,160.4504,204.0840,-0.02722,0.03821,0.83813,-131.5954,-57.1221,32.7710
685310067,0.36890,0.58728,1.50586,-193.1527,169.9771,201.1527,-0.02148,0.02698,0.83923,-126.8550,-57.1069,31.1603
685311068,0.67700,0.83484,1.45483,-170.0153,188.6260,191.9008,-0.01672,0.01514,0.84070,-121.8473,-56.9389,29.4733
685312068,0.73083,1.62781,1.80420,-168.0229,194.5725,184.5725,-0.01233,0.00305,0.84314,-116.5954,-56.6565,27.7099
685313068,0.35803,1.80627,1.72253,-128.4962,179.1374,171.9313,-0.00781,-0.00818,0.84583,-111.0992,-56.2061,25.8626
685314068,0.62048,0.59741,1.61353,-34.3817,160.6412,146.0000,-0.00256,-0.01843,0.84778,-105.3435,-55.5802,23.9237
685315068,0.51587,-0.64978,1.18542,44.0305,129.5191,116.1069,0.00232,-0.02710,0.84766,-99.3359,-54.7481,21.9084
685316068,0.00659,-0.89001,0.29700,47.3130,112.2061,104.6031,0.00562,-0.03406,0.84680,-93.0534,-53.7328,19.8397
685317067,0.19714,-0.00916,1.32764,-8.8397,147.3282,115.1603,0.00818,-0.03882,0.84741,-86.5573,-52.5649,17.7023
685318067,0.86755,1.31714,1.99994,-71.0687,190.5267,139.2366,0.01135,-0.03918,0.84863,-79.9008,-51.2519,15.5038
685319067,1.16003,1.79089,1.99994,-106.8550,208.5115,168.9237,0.01416,-0.03650,0.84888,-73.1527,-49.8015,13.2366
685320067,0.90698,0.50220,1.99994,-116.1069,213.3130,195.0153,0.01575,-0.03186,0.84668,-66.3588,-48.2061,10.9389
685321068,0.92432,-2.00000,1.99994,-115.8015,211.9542,204.6718,0.01709,-0.02332,0.84351,-59.5573,-46.5115,8.5878
685322067,1.23486,-2.00000,1.99994,-122.1679,184.9618,198.8473,0.01807,-0.01135,0.84155,-52.8321,-44.7252,6.1908
685323067,1.24207,-2.00000,1.99994,-130.1298,126.5496,178.6107,0.01807,0.00305,0.84045,-46.2519,-42.8321,3.7634
685324067,1.01233,-2.00000,1.99994,-123.1603,66.2290,145.2519,0.01746,0.02014,0.84131,-39.9237,-40.8397,1.3053
685325068,0.92896,-2.00000,1.99994,-95.9618,26.8397,113.9237,0.01758,0.04114,0.84387,-33.9084,-38.8168,-1.1832
685326068,1.02380,-0.14832,1.99994,-60.7176,8.8321,96.7939,0.01880,0.06592,0.84766,-28.3130,-36.7863,-3.6641
685327067,0.89709,-0.36768,1.99994,-60.3130,1.6947,101.8092,0.02100,0.09424,0.85205,-23.1603,-34.7405,-6.1145
685328068,0.46826,-2.00000,1.99994,-109.5573,0.8626,122.4427,0.02393,0.12476,0.85583,-18.5344,-32.7099,-8.4885
685329068,0.24744,-2.00000,1.99994,-149.9389,19.5725,128.0992,0.02649,0.15710,0.85876,-14.5038,-30.6947,-10.7863
685330067,0.30225,-2.00000,1.99994,-142.7939,43.5344,111.9847,0.02808,0.19116,0.86182,-11.1221,-28.7176,-13.0229
685331067,0.26892,-2.00000,1.99994,-112.9160,51.8931,92.3435,0.02917,0.22681,0.86475,-8.4198,-26.8244,-15.1603
685332068,0.13782,-2.00000,1.99994,-81.4046,44.5954,76.4733,0.03064,0.26453,0.86694,-6.4198,-25.0229,-17.1679
685333067,0.11938,-2.00000,1.99994,-58.7634,30.5191,64.5115,0.03186,0.30469,0.86951,-5.1756,-23.2901,-19.0840
685334067,0.41602,-2.00000,1.99994,-51.7023,25.0229,53.5802,0.03088,0.34570,0.87256,-4.6947,-21.6489,-20.8855
685335068,0.72913,-2.00000,1.99994,-40.8626,20.2061,35.7176,0.02759,0.38635,0.87622,-5.0305,-20.1450,-22.5573
685336067,0.91406,-2.00000,1.99994,-9.0000,6.0458,13.0916,0.02356,0.42700,0.88037,-6.2137,-18.7939,-24.0534
685337068,1.18372,-2.00000,1.99994,9.5954,-14.3130,-0.6718,0.01831,0.46692,0.88379,-8.2137,-17.5954,-25.4122
685338067,1.22864,-2.00000,1.99994,-29.0687,-44.2519,4.0534,0.01123,0.50549,0.88794,-11.0534,-16.5649,-26.6183
685339068,1.04089,-2.00000,1.99994,-93.3511,-75.1069,15.9389,0.00342,0.54358,0.89355,-14.7557,-15.7328,-27.6489
685340067,0.94897,-2.00000,1.99994,-118.3130,-101.7481,13.2366,-0.00549,0.58191,0.89893,-19.3206,-15.0840,-28.4962
685341068,0.82898,-2.00000,1.99994,-99.6031,-131.7252,-4.3588,-0.01697,0.61926,0.90356,-24.7176,-14.6489,-29.1756
685342067,0.48743,-2.00000,1.99994,-77.1145,-158.4733,-20.5878,-0.02893,0.65466,0.90796,-30.9313,-14.4809,-29.6565
685343068,0.00293,-1.94360,1.25903,-69.7023,-170.4962,-30.6336,-0.03955,0.68884,0.91333,-37.9542,-14.5420,-29.9618
685344068,-0.35095,-1.67798,0.81995,-66.5038,-165.5344,-39.9695,-0.05042,0.72107,0.91846,-45.7557,-14.7939,-30.0687
685345068,-0.46582,-1.41772,0.53613,-50.0916,-147.4275,-53.1145,-0.06226,0.75134,0.92236,-54.3130,-15.2672,-29.9542
685346067,-0.80359,-1.14514,0.00037,-17.8397,-129.6794,-68.7557,-0.07373,0.77966,0.92603,-63.6183,-15.9695,-29.6260
685347068,-1.27783,-1.07153,-0.62256,12.6260,-112.3588,-81.1985,-0.08435,0.80737,0.93054,-73.6641,-16.8855,-29.0840
685348067,-1.28198,-1.23596,-0.67944,23.4122,-84.8473,-86.9313,-0.09546,0.83423,0.93579,-84.4122,-18.0382,-28.3588
685349068,-1.02295,-1.18518,-0.12561,20.4046,-58.1679,-89.9008,-0.10754,0.85962,0.94031,-95.7939,-19.4351,-27.4504
685350067,-0.61304,-1.16602,0.34070,21.3893,-42.3664,-90.8244,-0.11975,0.88330,0.94434,-107.8092,-21.0611,-26.3511
685351068,-0.12378,-2.00000,0.72961,19.1374,-37.8931,-85.1221,-0.13086,0.90674,0.94751,-120.4656,-22.8855,-25.0382
685352068,-0.03247,-2.00000,1.22827,-2.8855,-50.4580,-79.4122,-0.14099,0.93042,0.95117,-133.6947,-24.8855,-23.5496
685353068,-0.07666,-2.00000,1.48547,-32.0534,-65.8092,-87.1832,-0.14978,0.95288,0.95630,-147.4427,-27.0687,-21.8855
685354067,-0.05505,-2.00000,1.17676,-49.8779,-79.8702,-107.4504,-0.15710,0.97290,0.96094,-161.6718,-29.4198,-20.0534
685355068,-0.18652,-2.00000,0.61768,-50.4885,-97.2748,-130.1145,-0.16370,0.99170,0.96350,-176.3359,-31.9313,-18.0534
685356067,-0.21277,-0.94592,0.47327,-36.1450,-110.6107,-145.9771,-0.16956,1.00940,0.96362,-191.4122,-34.5954,-15.9008
685357068,-0.14648,-0.75366,0.59546,-25.1679,-116.9084,-152.1679,-0.17468,1.02466,0.96387,-206.8397,-37.4122,-13.6031
685358068,-0.22205,-1.03040,0.55640,-31.9618,-113.3893,-153.9008,-0.17981,1.03882,0.96558,-222.5420,-40.3588,-11.1756
685359067,-0.20959,-0.87280,0.34888,-43.7634,-98.8550,-156.8092,-0.18640,1.05200,0.96716,-238.5191,-43.3969,-8.6641
685360067,-0.18372,-0.39709,0.01208,-39.8015,-86.8397,-159.5420,-0.19336,1.06311,0.96753,-250.1374,-46.5344,-6.0687
685361067,-0.32336,-0.02197,-0.53662,-27.5954,-85.1069,-159.4427,-0.19946,1.07288,0.96582,-250.1374,-49.7557,-3.4122
685362068,-0.46008,0.30957,-0.79309,-30.6565,-76.5344,-153.2214,-0.20471,1.08276,0.96362,-250.1374,-53.0763,-0.7023
685363067,-0.75134,0.93970,-0.89661,-60.2519,-66.1832,-140.4962,-0.20911,1.09338,0.96033,-250.1374,-56.4962,2.0840
685364068,-1.07349,1.99994,-1.16772,-88.9847,-52.2137,-129.6641,-0.21326,1.10254,0.95532,-250.1374,-60.0153,4.9771
685365067,-0.78760,1.99994,-1.37488,-92.8244,-31.3511,-125.5725,-0.21716,1.10999,0.95056,-250.1374,-63.6031,7.9237
685366067,-0.45618,1.99994,-1.16846,-95.2748,-11.4427,-98.7099,-0.22095,1.11670,0.94458,-250.1374,-67.2824,10.9084
685367067,-0.40601,1.99994,-0.92639,-111.0763,3.0076,-69.7863,-0.22375,1.12134,0.93689,-250.1374,-71.0763,13.9389
685368067,-0.26038,1.99994,-0.51672,-110.6107,19.2824,-48.1069,-0.22595,1.12390,0.92969,-250.1374,-75.0153,17.0611
685369067,-0.48352,1.99994,-0.46240,-75.9542,24.1603,-43.2443,-0.22839,1.12512,0.92249,-250.1374,-79.0153,20.2595
685370067,-0.56677,1.99994,-0.61096,-25.8092,35.7710,-44.8626,-0.23035,1.12415,0.91492,-250.1374,-83.0458,23.5115
685371067,-0.31738,1.99994,-0.65613,-5.1069,50.6947,-35.4504,-0.23206,1.12097,0.90747,-250.1374,-87.1527,26.8168
685372067,-0.19617,1.75964,-0.60791,-19.2366,60.9466,-14.9695,-0.23352,1.11572,0.89819,-250.1374,-91.3053,30.1374
685373067,-0.45422,0.40308,-0.69702,-41.4351,61.0382,1.5649,-0.23511,1.10730,0.88684,-250.1374,-95.4885,33.4656
685374067,-0.68665,-0.57251,-1.31592,-75.0916,59.6260,12.9084,-0.23682,1.09741,0.87708,-250.1374,-99.6718,36.7939
685375068,-0.86816,-0.87952,-2.00000,-147.0000,63.4733,32.4427,-0.23840,1.08740,0.86816,-250.1374,-103.9084,40.1603
685376068,-1.26355,-0.61475,-2.00000,-233.9466,64.5649,59.3664,-0.23999,1.07642,0.85791,-250.1374,-108.2366,43.5496
685377068,-1.51453,-0.36377,-2.00000,-250.1374,86.0992,78.2977,-0.24109,1.06494,0.84692,-250.1374,-112.6641,46.9618
685378068,-1.37524,-0.18091,-2.00000,-250.1374,121.5725,87.7405,-0.24255,1.05249,0.83594,-250.1374,-117.1603,50.4122
685379068,-1.66199,-0.10046,-2.00000,-250.1374,153.1527,101.8550,-0.24463,1.03809,0.82544,-250.1374,-121.7176,53.9008
685380068,-2.00000,0.03674,-2.00000,-250.1374,170.5573,112.5802,-0.24670,1.02222,0.81433,-250.1374,-126.3893,57.4122
685381068,-2.00000,0.51172,-2.00000,-250.1374,219.4656,109.6031,-0.24890,1.00513,0.80151,-250.1374,-131.1756,60.9542
685382067,-2.00000,1.19971,-2.00000,-250.1374,250.1298,118.5649,-0.25122,0.98608,0.78674,-250.1374,-136.0687,64.5496
685383068,-2.00000,1.99994,-2.00000,-250.1374,250.1298,148.3740,-0.25293,0.96680,0.76953,-250.1374,-141.0992,68.1145
685384067,-2.00000,1.99994,-2.00000,-250.1374,250.1298,159.3511,-0.25562,0.94849,0.75037,-250.1374,-146.2748,71.6718
685385068,-2.00000,1.99994,-2.00000,-250.1374,250.1298,153.4885,-0.25964,0.92969,0.72815,-250.1374,-151.5267,75.3359
685386068,-2.00000,1.99994,-2.00000,-250.1374,250.1298,169.9924,-0.26477,0.90857,0.70520,-250.1374,-156.8626,79.1069
685387067,-1.65137,1.99994,0.57617,-250.1374,250.1298,202.3740,-0.27100,0.88684,0.68201,-250.1374,-162.3893,82.8931
685388067,0.40649,1.99994,1.99994,-250.1374,250.1298,217.9771,-0.27783,0.86694,0.65637,-250.1374,-168.1145,86.6947
685389068,1.99994,1.99994,1.99994,-250.1374,250.1298,229.6794,-0.28540,0.84790,0.62952,-250.1374,-174.0305,90.5191
685390068,1.99994,1.99994,1.99994,-250.1374,250.1298,250.1298,-0.29248,0.83020,0.60132,-250.1374,-180.1756,94.2901
685391068,1.99994,-0.06128,1.99994,-243.8779,250.1298,250.1298,-0.29944,0.81323,0.57214,-250.1374,-186.5649,98.0382
685392064,1.99994,-2.00000,1.99994,-190.6565,250.1298,250.1298,-0.30579,0.79724,0.54126,-250.1374,-193.1832,101.7557
685393068,1.99994,-2.00000,1.99994,-225.3740,183.8702,250.1298,-0.31287,0.78320,0.50940,-250.1374,-200.0000,105.4809
685394068,0.94666,-2.00000,1.99994,-250.1374,0.4962,245.7099,-0.32202,0.77136,0.47644,-250.1374,-207.0000,109.1679
685395068,-1.26770,-2.00000,-0.91003,-250.1374,-47.7863,210.8321,-0.33118,0.76001,0.44214,-250.1374,-214.1908,112.7863
685396067,-1.45459,0.77576,0.13477,-250.1374,38.1908,242.2901,-0.34070,0.74805,0.40833,-250.1374,-221.6031,116.3053
685397068,-0.77576,1.99994,-0.11023,-250.1374,119.5725,250.1298,-0.35181,0.73621,0.37463,-250.1374,-229.2214,119.7481
685398067,-2.00000,0.50452,-2.00000,-250.1374,155.2214,250.1298,-0.37244,0.70972,0.30176,-250.1374,-244.9313,126.3740
685399067,-2.00000,-1.48499,-2.00000,-250.1374,236.0992,250.1298,-0.38110,0.69556,0.26208,-250.1374,-250.1374,129.5344
685400067,-2.00000,-1.85693,-2.00000,-250.1374,250.1298,250.1298,-0.38818,0.68201,0.22144,-250.1374,-250.1374,132.5878
685401068,-2.00000,0.43982,-2.00000,-250.1374,250.1298,250.1298,-0.39465,0.66760,0.18188,-250.1374,-250.1374,135.5496
685402068,-2.00000,1.99994,-2.00000,-250.1374,250.1298,250.1298,-0.40173,0.65247,0.14099,-250.1374,-250.1374,138.3969
685403068,-2.00000,1.72510,-2.00000,-250.1374,250.1298,250.1298,-0.40894,0.63782,0.09766,-250.1374,-250.1374,141.1450
685404068,-2.00000,0.61377,-1.81433,-250.1374,250.1298,250.1298,-0.41614,0.62268,0.05457,-250.1374,-250.1374,143.8015
685405067,-2.00000,0.58850,-2.00000,-250.1374,250.1298,250.1298,-0.42395,0.60596,0.00964,-250.1374,-250.1374,146.3282
685406068,-2.00000,1.99994,-1.58606,-250.1374,250.1298,250.1298,-0.43237,0.58777,-0.03699,-250.1374,-250.1374,148.7176
685407068,-1.25842,1.99994,1.99994,-250.1374,250.1298,250.1298,-0.44043,0.57043,-0.08423,-250.1374,-250.1374,150.9695
685408068,1.99994,1.99994,1.99994,-250.1374,250.1298,250.1298,-0.45117,0.55432,-0.13342,-250.1374,-250.1374,153.1145
685409068,1.99994,-0.48999,1.99994,-250.1374,250.1298,250.1298,-0.46667,0.53943,-0.18579,-250.1374,-250.1374,155.1374
685410068,1.99994,-2.00000,1.99994,-250.1374,250.1298,250.1298,-0.48047,0.52722,-0.25208,-250.1374,-250.1374,156.9389
685411067,1.99994,-2.00000,1.99994,-250.1374,250.1298,250.1298,-0.49133,0.51233,-0.31763,-250.1374,-250.1374,158.5725
685412067,1.99994,-2.00000,1.99994,-250.1374,250.1298,250.1298,-0.50024,0.49402,-0.37476,-250.1374,-250.1374,160.0840
685413067,1.99994,-2.00000,1.99994,-250.1374,250.1298,250.1298,-0.50500,0.47424,-0.43604,-250.1374,-250.1374,161.5267
685414068,1.99994,-2.00000,1.99994,-250.1374,50.1603,250.1298,-0.50928,0.45325,-0.50049,-250.1374,-250.1374,162.9237
685415067,1.99994,-2.00000,1.99994,-250.1374,-27.6641,250.1298,-0.51453,0.43164,-0.56506,-250.1374,-250.1374,164.2137
685416067,1.99994,-2.00000,1.99994,-250.1374,-109.4809,250.1298,-0.51843,0.40942,-0.63159,-250.1374,-250.1374,165.3969
685417068,-0.08533,-2.00000,1.99994,-250.1374,-206.2137,250.1298,-0.52332,0.38818,-0.70422,-250.1374,-250.1374,166.4962
685418067,-2.00000,-2.00000,1.33521,-250.1374,-185.7634,230.2061,-0.53296,0.36865,-0.77307,-250.1374,-250.1374,167.5420
685419068,-1.90930,-2.00000,1.58228,-250.1374,-69.6947,206.9313,-0.55005,0.35669,-0.84314,-250.1374,-250.1374,168.4580
685420068,-2.00000,-2.00000,-0.03296,-250.1374,-53.9160,224.2901,-0.56921,0.35010,-0.93652,-250.1374,-250.1374,169.3053
685421068,-2.00000,-2.00000,-2.00000,-250.1374,-118.9618,240.3969,-0.58789,0.33972,-1.03174,-250.1374,-250.1374,170.1832
685422064,-2.00000,-2.00000,-2.00000,-250.1374,-51.2290,225.1221,-0.60632,0.32544,-1.12146,-250.1374,-250.1374,170.9847
685423069,-2.00000,-2.00000,-2.00000,-250.1374,169.9618,234.3511,-0.62036,0.30603,-1.21985,-250.1374,-250.1374,171.7328
685424064,-2.00000,-0.07312,0.23877,-250.1374,250.1298,250.1298,-0.62915,0.28308,-1.32043,-250.1374,-250.1374,172.4656
685425069,-2.00000,-0.08472,-0.65869,-250.1374,250.1298,250.1298,-0.63306,0.25574,-1.41870,-250.1374,-250.1374,173.1374
685426068,-2.00000,-0.44971,-2.00000,-250.1374,250.1298,250.1298,-0.63220,0.22107,-1.51221,-250.1374,-250.1374,173.7176
685427067,-2.00000,0.08606,-2.00000,-250.1374,250.1298,250.1298,-0.62744,0.18274,-1.60669,-250.1374,-250.1374,174.2214
685428068,-2.00000,-0.50378,-2.00000,-250.1374,250.1298,250.1298,-0.61914,0.14062,-1.70166,-250.1374,-250.1374,174.6260
685429067,-2.00000,-2.00000,-1.02307,-250.1374,250.1298,250.1298,-0.60730,0.09387,-1.79785,-250.1374,-250.1374,174.9466
685430067,-2.00000,-2.00000,1.99994,-250.1374,250.1298,250.1298,-0.59351,0.04395,-1.89392,-250.1374,-250.1374,175.1832
685431068,-2.00000,-2.00000,1.99994,-250.1374,250.1298,250.1298,-0.57776,-0.00769,-1.98792,-250.1374,-250.1374,175.3206
685432068,-2.00000,0.89221,1.99994,-250.1374,250.1298,250.1298,-0.55969,-0.06189,-2.00000,-250.1374,-250.1374,175.3588
685433067,1.99994,1.99994,1.99994,-250.1374,250.1298,250.1298,-0.53894,-0.11768,-2.00000,-250.1374,-250.1374,175.2901
685434068,1.99994,1.03333,1.99994,-250.1374,250.1298,250.1298,-0.51453,-0.17505,-2.00000,-250.1374,-250.1374,175.1145
685435068,1.99994,-2.00000,1.99994,-250.1374,250.1298,250.1298,-0.48694,-0.23547,-2.00000,-250.1374,-250.1374,174.7786
685436068,1.99994,-2.00000,1.99994,-250.1374,250.1298,250.1298,-0.45435,-0.29895,-2.00000,-250.1374,-250.1374,174.3740
685437068,1.99994,-2.00000,1.99994,-250.1374,250.1298,250.1298,-0.41809,-0.36475,-2.00000,-250.1374,-250.1374,173.8855
685438068,1.99994,-2.00000,0.44263,-250.1374,0.4733,250.1298,-0.38037,-0.43127,-2.00000,-250.1374,-250.1374,173.2901
685439068,-2.00000,-2.00000,0.33386,-250.1374,-219.6336,250.1298,-0.34045,-0.49854,-2.00000,-250.1374,-250.1374,172.5954
685440068,-2.00000,-1.96863,1.25598,-250.1374,-163.1756,250.1298,-0.29932,-0.56738,-2.00000,-250.1374,-250.1374,171.7939
685441068,-1.60388,1.99994,1.99994,-250.1374,88.7863,250.1298,-0.25647,-0.63867,-2.00000,-250.1374,-250.1374,170.8702
685442068,-2.00000,1.99994,1.99994,-250.1374,250.1298,250.1298,-0.21216,-0.70984,-2.00000,-250.1374,-250.1374,169.8397
685443068,-2.00000,1.99994,1.99994,-250.1374,250.1298,250.1298,-0.16650,-0.77905,-2.00000,-250.1374,-250.1374,168.7252
685444068,-2.00000,-1.81067,-1.54126,-250.1374,250.1298,250.1298,-0.11865,-0.84973,-2.00000,-250.1374,-250.1374,167.5496
685445068,-2.00000,-2.00000,-2.00000,-250.1374,250.1298,250.1298,-0.06909,-0.92432,-2.00000,-250.1374,-250.1374,166.3664
685446067,-2.00000,-2.00000,-2.00000,-250.1374,250.1298,250.1298,-0.01709,-1.00195,-2.00000,-250.1374,-250.1374,165.1679
685447067,-2.00000,-2.00000,-1.78406,-250.1374,250.1298,250.1298,0.03613,-1.08325,-2.00000,-250.1374,-250.1374,163.9924
685448068,-2.00000,-2.00000,1.93726,-250.1374,250.1298,250.1298,0.08911,-1.16760,-2.00000,-250.1374,-250.1374,162.8397
685449068,-2.00000,-2.00000,1.99994,-250.1374,250.1298,250.1298,0.14282,-1.25574,-2.00000,-250.1374,-250.1374,161.7328
685450067,0.19946,-0.89832,1.99994,-250.1374,250.1298,250.1298,0.19714,-1.34912,-2.00000,-250.1374,-250.1374,160.6947
685451068,1.62708,-1.94751,1.99994,-250.1374,250.1298,250.1298,0.24829,-1.44373,-2.00000,-250.1374,-250.1374,159.7405
685452067,1.99994,-2.00000,1.99994,-250.1374,250.1298,250.1298,0.29553,-1.53796,-2.00000,-250.1374,-250.1374,158.8550
685453068,1.99994,-2.00000,1.99994,-250.1374,250.1298,250.1298,0.34021,-1.63220,-2.00000,-250.1374,-250.1374,158.1069
685454068,1.99994,-2.00000,1.99994,-250.1374,250.1298,250.1298,0.38049,-1.72571,-2.00000,-250.1374,-250.1374,157.4275
685455068,1.99994,-2.00000,1.99994,-250.1374,250.1298,250.1298,0.41528,-1.81726,-2.00000,-250.1374,-250.1374,156.8092
685456068,1.99994,-2.00000,1.99994,-250.1374,250.1298,193.7252,0.44592,-1.90540,-2.00000,-250.1374,-250.1374,156.2901
685457067,1.99994,-2.00000,1.99994,-250.1374,99.2595,145.3664,0.47180,-1.99036,-2.00000,-250.1374,-250.1374,155.8779
685458068,0.23633,-2.00000,1.99994,-250.1374,-124.9389,96.0305,0.49292,-2.00000,-2.00000,-250.1374,-250.1374,155.5496
685459068,-2.00000,-2.00000,0.41138,-250.1374,-131.1374,57.2519,0.50903,-2.00000,-2.00000,-250.1374,-250.1374,155.2366
685460068,-2.00000,-2.00000,0.84644,-250.1374,94.7099,47.3893,0.51917,-2.00000,-2.00000,-250.1374,-250.1374,154.9008
685461068,-2.00000,-1.63892,1.99994,-250.1374,250.1298,85.2061,0.52295,-2.00000,-2.00000,-250.1374,-250.1374,154.5344
685462067,-2.00000,1.99994,1.99994,-250.1374,250.1298,149.3969,0.52234,-2.00000,-2.00000,-250.1374,-250.1374,154.1832
685463068,-2.00000,1.99994,-0.95312,-250.1374,250.1298,250.1298,0.51990,-2.00000,-2.00000,-250.1374,-250.1374,153.7634
685464068,-2.00000,1.99994,-2.00000,-250.1374,250.1298,250.1298,0.51428,-2.00000,-2.00000,-250.1374,-250.1374,153.0992
685465068,-2.00000,1.99994,-1.51514,-250.1374,250.1298,250.1298,0.50525,-2.00000,-2.00000,-250.1374,-250.1374,152.1985
685466068,-1.22070,1.99994,1.99994,-250.1374,250.1298,250.1298,0.49414,-2.00000,-2.00000,-250.1374,-250.1374,150.9847
685467068,1.99994,1.99994,1.99994,-250.1374,250.1298,250.1298,0.48120,-2.00000,-2.00000,-250.1374,-250.1374,149.3664
685468068,1.99994,1.99994,1.99994,-250.1374,250.1298,250.1298,0.46619,-2.00000,-2.00000,-250.1374,-250.1374,147.3282
685469068,1.99994,1.99994,1.99994,-250.1374,250.1298,250.1298,0.44861,-2.00000,-2.00000,-250.1374,-250.1374,144.8779
685470064,1.99994,1.99994,1.99994,-250.1374,250.1298,241.5573,0.42981,-2.00000,-2.00000,-250.1374,-250.1374,142.0229
685471069,1.99994,-1.99438,1.99994,-250.1374,250.1298,140.2901,0.41235,-2.00000,-2.00000,-250.1374,-250.1374,138.7863
685472064,-0.28979,-2.00000,0.72253,-250.1374,250.1298,41.7786,0.39612,-2.00000,-2.00000,-250.1374,-250.1374,135.0229
685473065,-2.00000,-2.00000,-0.39563,-250.1374,250.1298,-3.6718,0.38037,-2.00000,-2.00000,-250.1374,-250.1374,130.5878
685474069,-0.96521,1.69397,1.99994,-250.1374,250.1298,-2.1450,0.36548,-2.00000,-2.00000,-250.1374,-250.1374,125.5344
685475064,0.11426,1.99994,1.99994,-250.1374,250.1298,79.0687,0.35229,-2.00000,-1.96106,-250.1374,-250.1374,119.9389
685476069,-1.58264,1.99994,1.99994,-250.1374,250.1298,195.0382,0.34290,-2.00000,-1.91675,-250.1374,-250.1374,113.8397
685477064,-2.00000,-1.20752,1.78577,-250.1374,250.1298,250.1298,0.33765,-2.00000,-1.87207,-250.1374,-250.1374,107.1908
685478069,-2.00000,-0.66235,0.37830,-250.1374,250.1298,250.1298,0.33569,-2.00000,-1.82764,-250.1374,-250.1374,100.0382
685479068,-1.94519,1.99994,1.99994,-250.1374,250.1298,250.1298,0.33667,-2.00000,-1.78394,-250.1374,-250.1374,92.4275
685480068,0.53516,1.99994,1.99994,-250.1374,250.1298,250.1298,0.34106,-2.00000,-1.74109,-250.1374,-250.1374,84.4046
685481064,1.99994,1.99994,1.99994,-250.1374,250.1298,250.1298,0.34937,-1.97607,-1.69849,-250.1374,-250.1374,76.0076
685482069,1.99994,1.99994,1.99994,-250.1374,250.1298,250.1298,0.36145,-1.92249,-1.65625,-250.1374,-250.1374,67.2901
685483064,1.99994,1.99994,1.99994,-250.1374,250.1298,225.2290,0.37683,-1.87122,-1.61438,-250.1374,-250.1374,58.3359
685484069,1.99994,1.99994,1.99994,-250.1374,250.1298,158.7405,0.39526,-1.82275,-1.57434,-250.1374,-250.1374,49.2214
685485064,1.74170,1.54211,1.28430,-250.1374,250.1298,110.3435,0.41455,-1.77869,-1.53809,-250.1374,-250.1374,39.9771
685486068,-0.30774,0.01501,-0.78870,-250.1374,250.1298,113.4962,0.43518,-1.73767,-1.50378,-250.1374,-250.1374,30.6412
685487068,-0.62952,1.00427,0.70166,-250.1374,250.1298,189.2901,0.45862,-1.69934,-1.46985,-250.1374,-250.1374,21.3053
685488068,-0.01282,1.99994,1.99994,-250.1374,250.1298,250.1298,0.48279,-1.66492,-1.43628,-250.1374,-250.1374,12.0229
685489068,0.39062,1.99994,1.99994,-250.1374,250.1298,250.1298,0.50586,-1.63477,-1.40222,-250.1374,-250.1374,2.8779
685490064,-0.02710,1.99994,1.99994,-250.1374,250.1298,250.1298,0.52795,-1.60791,-1.36902,-250.1374,-250.1374,-6.0611
685491069,-1.96375,-0.92505,1.94092,-250.1374,250.1298,250.1298,0.54822,-1.58374,-1.33813,-250.1374,-250.1374,-14.7099
685492068,-2.00000,-2.00000,1.45557,-250.1374,250.1298,250.1298,0.56665,-1.56177,-1.30798,-250.1374,-250.1374,-23.0611
685493068,0.01550,-1.49683,1.99994,-250.1374,250.1298,250.1298,0.58313,-1.54211,-1.27832,-250.1374,-250.1374,-31.0992
685494068,1.99994,1.99994,1.99994,-250.1374,250.1298,250.1298,0.59607,-1.52466,-1.24988,-250.1374,-246.1679,-38.7786
685495068,1.99994,1.99994,1.99994,-250.1374,250.1298,250.1298,0.60522,-1.50867,-1.22205,-250.1374,-235.8702,-46.0305
685496068,1.99994,1.99994,1.99994,-250.1374,250.1298,250.1298,0.61401,-1.47998,-1.16687,-250.1374,-215.0229,-59.1679
685497068,1.99994,1.99994,1.99994,-250.1374,250.1298,250.1298,0.61292,-1.46606,-1.14087,-250.1374,-204.5038,-65.0382
685498068,1.99994,1.99994,1.99994,-250.1374,249.0305,243.6794,0.60889,-1.45129,-1.11572,-250.1374,-193.9084,-70.4275
685499068,1.94214,1.99994,1.99994,-250.1374,250.1298,213.5038,0.60242,-1.43579,-1.09265,-250.1374,-183.2672,-75.3359
685500067,1.46094,1.99994,1.99994,-250.1374,250.1298,190.1450,0.59241,-1.41992,-1.07239,-250.1374,-172.5802,-79.7634
685501067,1.08569,1.99994,1.99994,-250.1374,242.1298,214.8168,0.57788,-1.40198,-1.05457,-250.1374,-161.8779,-83.6183
685502067,-0.14661,1.99994,1.87659,-250.1374,185.9542,250.1298,0.55945,-1.38159,-1.03931,-250.1374,-151.1603,-87.0153
685503067,-1.26526,-0.36060,0.89941,-250.1374,173.7710,250.1298,0.53687,-1.36084,-1.02625,-250.1374,-140.4504,-90.0229
685504067,-1.51404,-2.00000,1.99994,-250.1374,204.0382,250.1298,0.51086,-1.33862,-1.01526,-250.1374,-129.7863,-92.5954
685505067,-1.19617,-2.00000,1.99994,-250.1374,225.2290,250.1298,0.48267,-1.31506,-1.00684,-250.1374,-119.2519,-94.6794
685506067,-0.96472,-1.33936,1.99994,-250.1374,237.1374,250.1298,0.45190,-1.29004,-1.00012,-250.1374,-108.8550,-96.2672
685507067,-1.02295,1.99994,1.91479,-250.1374,250.1298,250.1298,0.41919,-1.26416,-0.99438,-250.1374,-98.6183,-97.3664
685508067,-0.56152,1.99994,1.87891,-250.1374,250.1298,250.1298,0.38574,-1.23706,-0.98975,-250.1374,-88.5191,-98.0534
685509067,-0.23279,1.59473,1.99994,-250.1374,250.1298,250.1298,0.35144,-1.20801,-0.98645,-250.1374,-78.5802,-98.4046
685510068,-0.33435,-0.14099,1.99994,-250.1374,214.5344,250.1298,0.31616,-1.17798,-0.98474,-250.1374,-68.8626,-98.4275
685511067,-0.60168,-1.40405,1.99994,-250.1374,156.7099,226.3969,0.28076,-1.14551,-0.98474,-250.1374,-59.3969,-98.0153
685512068,-1.53552,-1.59680,-0.47046,-250.1374,109.8931,175.0840,0.24585,-1.10999,-0.98682,-237.4656,-50.1603,-97.1221
685513067,-2.00000,-1.67920,-1.13989,-250.1374,112.7328,142.0076,0.21069,-1.07556,-0.98975,-209.8931,-41.1603,-95.8015
685514068,-1.81189,-2.00000,1.44751,-250.1374,152.4809,115.4427,0.17700,-1.04431,-0.99316,-183.0763,-32.4046,-94.0229
685515067,-1.63757,-2.00000,1.99994,-250.1374,154.1832,112.0992,0.14514,-1.01465,-0.99622,-157.0382,-23.9084,-91.8626
685516067,-1.90771,-2.00000,1.99994,-250.1374,128.6641,121.3359,0.11304,-0.98450,-0.99756,-131.8702,-15.7176,-89.3664
685517068,-1.61438,-1.82080,1.33374,-250.1374,149.8855,134.3817,0.08228,-0.95093,-0.99866,-107.7252,-7.8626,-86.5802
685518068,-0.38684,1.75708,1.99994,-250.1374,199.8702,165.8855,0.05310,-0.91125,-1.00024,-84.7481,-0.3817,-83.4962
685519068,0.52441,1.99994,1.99994,-250.1374,217.0687,216.5191,0.02502,-0.86646,-1.00305,-63.0916,6.6489,-80.0458
685520068,0.92114,1.32922,1.99994,-250.1374,189.8244,246.6412,-0.00049,-0.81982,-1.00745,-42.8473,13.2137,-76.2443
685521067,1.06372,-0.17151,1.99994,-250.1374,97.5344,223.2901,-0.02478,-0.77258,-1.01025,-24.0840,19.3053,-72.1679
685522068,1.03198,-0.64685,1.99994,-250.1374,-41.0611,170.1145,-0.04773,-0.72302,-1.01050,-6.8855,24.8779,-67.8779
685523068,0.68579,-1.62964,1.99994,-178.4275,-160.3511,121.0076,-0.06775,-0.67126,-1.00989,8.6412,29.9084,-63.3817
685524067,0.30237,-2.00000,1.99994,-40.3817,-227.4351,59.8626,-0.08545,-0.61768,-1.00720,22.4427,34.3817,-58.7099
685525068,0.32629,-0.72363,1.99994,105.2519,-242.7557,-11.2214,-0.10010,-0.56299,-1.00330,34.4504,38.2901,-53.9084
685526067,0.17383,1.17017,1.99994,182.8092,-250.1374,-48.7939,-0.11243,-0.50818,-0.99841,44.6260,41.6260,-49.0153
685527065,-0.54004,1.03906,0.69922,186.1679,-250.1374,-50.1298,-0.12500,-0.45422,-0.99268,53.0076,44.3740,-44.0382
685528069,-0.99353,-1.33752,0.09448,165.0153,-250.1374,-44.2290,-0.13733,-0.39978,-0.98633,59.6336,46.5344,-39.0305
685529068,-1.20496,-2.00000,0.29224,113.0305,-250.1374,-33.7176,-0.14929,-0.34546,-0.98010,64.5573,48.1145,-34.0076
685530068,-2.00000,-2.00000,-2.00000,19.7557,-250.1374,-4.7710,-0.16040,-0.29590,-0.97400,67.8855,49.1679,-29.0458
685531067,-2.00000,-0.09387,-2.00000,-59.1450,-250.1374,32.7939,-0.17041,-0.25232,-0.96826,69.7252,49.7405,-24.2137
685532068,-2.00000,0.72437,-2.00000,-83.1145,-250.1374,68.7252,-0.18079,-0.21179,-0.96179,70.1679,49.8702,-19.5344
685533067,-2.00000,-0.25159,-2.00000,-110.4046,-244.8321,107.8550,-0.19153,-0.17371,-0.95544,69.2595,49.5115,-15.0611
685534067,-2.00000,-1.46472,-2.00000,-155.6107,-203.6260,142.0153,-0.20276,-0.13965,-0.94983,67.1374,48.6870,-10.7710
685535068,-2.00000,-1.50879,-2.00000,-147.8397,-130.6718,135.8626,-0.21399,-0.10913,-0.94446,63.9008,47.4198,-6.7023
685536068,-2.00000,-0.32837,-2.00000,-78.9160,-53.2443,95.9237,-0.22375,-0.08215,-0.94019,59.6412,45.6947,-2.8779
685537068,-2.00000,0.51318,-2.00000,-15.8397,-9.6947,57.4580,-0.23230,-0.05847,-0.93738,54.4351,43.5191,0.6641
685538068,-1.67615,0.50842,-2.00000,22.8702,-12.0763,28.0382,-0.23999,-0.03918,-0.93628,48.4198,40.9466,3.9695
685539068,-1.26904,-0.09851,-2.00000,57.5954,-38.7328,0.2748,-0.24670,-0.02539,-0.93518,41.7328,38.0076,7.0382
685540067,-0.75818,-0.90991,-0.94360,83.9084,-62.9542,-25.5802,-0.25122,-0.01697,-0.93359,34.4656,34.7099,9.8321
685541067,-0.47156,-1.10840,-0.19080,84.9847,-78.7710,-39.5115,-0.25293,-0.01233,-0.93274,26.7405,31.0534,12.3664
685542067,-0.32190,-0.66479,-0.12708,69.8779,-91.0229,-34.3588,-0.25317,-0.01086,-0.93250,18.6489,27.0840,14.6183
685543065,0.01672,0.10107,0.86108,53.1374,-96.2061,-14.3053,-0.25183,-0.01331,-0.93152,10.3130,22.8550,16.6031
685544065,0.37524,0.69751,1.99994,24.7099,-88.9008,16.7328,-0.24854,-0.01831,-0.92993,1.8779,18.4122,18.3511
685545065,1.37927,1.99994,1.99994,-5.8015,-68.7863,47.4504,-0.24280,-0.02625,-0.92810,-6.5496,13.7634,19.8702
685546065,1.99994,1.99994,1.99994,49.5878,-48.8244,63.2366,-0.23438,-0.03735,-0.92737,-14.8855,8.9695,21.1069
685547069,1.99994,1.99994,1.99994,229.3817,-61.4122,43.1679,-0.22510,-0.04919,-0.92749,-23.0611,4.0840,22.0687
685548068,1.99994,1.99994,1.99994,250.1298,-140.9771,-1.8321,-0.21436,-0.06189,-0.92822,-30.9924,-0.8244,22.7634
685549068,1.99994,1.99994,1.99994,250.1298,-250.1374,-33.0763,-0.20178,-0.07605,-0.92944,-38.6107,-5.7328,23.2443
685550068,1.99994,1.99994,1.99994,250.1298,-250.1374,-68.6336,-0.18835,-0.09192,-0.93042,-45.8321,-10.6183,23.5115
685551067,1.99994,1.99994,1.99994,250.1298,-250.1374,-104.3893,-0.17517,-0.10901,-0.93213,-52.5573,-15.4580,23.5267
685552067,1.14697,0.43274,1.55811,250.1298,-250.1374,-110.6031,-0.16101,-0.12671,-0.93372,-58.7252,-20.1679,23.2977
685553067,0.09277,-1.17249,-1.26147,250.1298,-250.1374,-89.9160,-0.14490,-0.14417,-0.93494,-64.2824,-24.6870,22.8321
685554067,-1.69482,-0.44983,-2.00000,250.1298,-250.1374,-60.7405,-0.12805,-0.16064,-0.93530,-69.2137,-28.9695,22.1298
685555068,-2.00000,0.49231,-2.00000,250.1298,-250.1374,4.9389,-0.11157,-0.17651,-0.93481,-73.4733,-32.9771,21.2214
685556068,-2.00000,0.52417,-2.00000,164.9084,-250.1374,98.3282,-0.09583,-0.19214,-0.93555,-77.0534,-36.7405,20.1069
685557068,-2.00000,1.09912,-2.00000,26.9542,-250.1374,177.0534,-0.08069,-0.20618,-0.93835,-79.9695,-40.1908,18.7405
685558068,-2.00000,1.34583,-2.00000,11.8702,-250.1374,211.9542,-0.06604,-0.21851,-0.94214,-82.2214,-43.3206,17.1832
685559068,-2.00000,0.64490,-2.00000,61.7176,-209.4275,204.4046,-0.05322,-0.22986,-0.94507,-83.7939,-46.1221,15.4275
685560068,-2.00000,-0.81934,-2.00000,71.0916,-143.1374,186.1374,-0.04077,-0.23999,-0.94812,-84.7252,-48.5802,13.5038
685561068,-2.00000,-2.00000,-2.00000,82.5267,-113.2061,151.9160,-0.02844,-0.24902,-0.95154,-85.0534,-50.7023,11.4504
685562068,-2.00000,-2.00000,-2.00000,163.4733,-99.5115,91.4122,-0.01758,-0.25769,-0.95532,-84.7939,-52.4656,9.2824
685563068,-1.19043,-2.00000,-2.00000,250.1298,-102.0840,26.6718,-0.00732,-0.26672,-0.95996,-83.9466,-53.8550,7.0229
685564068,-0.93005,-2.00000,-2.00000,250.1298,-104.6794,-26.7481,0.00269,-0.27649,-0.96411,-82.5573,-54.8702,4.7023
685565067,-0.60059,-2.00000,-2.00000,250.1298,-88.4962,-62.3053,0.01160,-0.28650,-0.96716,-80.6565,-55.5649,2.3588
685566068,0.00647,-2.00000,-1.32166,250.1298,-72.0840,-59.3435,0.01941,-0.29565,-0.97046,-78.2443,-55.9618,-0.0153
685567067,0.64062,-2.00000,-0.04736,216.0458,-75.2901,-26.1832,0.02588,-0.30408,-0.97412,-75.3740,-56.0687,-2.3740
685568068,0.93872,-2.00000,0.65759,139.6183,-103.7023,6.0076,0.03210,-0.31238,-0.97766,-72.1069,-55.8550,-4.6870
685569068,0.98718,-1.70593,0.89014,112.9466,-149.0992,26.1908,0.03833,-0.31995,-0.98145,-68.4885,-55.3359,-6.9237
685570068,0.88000,-1.38647,0.82947,86.2290,-197.9084,44.0992,0.04382,-0.32605,-0.98486,-64.5496,-54.5267,-9.0611
685571067,0.69141,-1.79358,0.78516,49.7557,-239.2214,57.0305,0.04858,-0.32983,-0.98743,-60.3359,-53.4427,-11.1145
685572068,0.58057,-2.00000,0.96130,30.0382,-250.1374,54.6870,0.05298,-0.33203,-0.98999,-55.9160,-52.1069,-13.0611
685573067,0.11987,-2.00000,0.07959,13.1679,-250.1374,40.8779,0.05603,-0.33301,-0.99365,-51.3206,-50.5344,-14.8779
685574068,-0.94885,-2.00000,-2.00000,-7.1756,-250.1374,25.3130,0.05713,-0.33264,-0.99646,-46.5954,-48.7481,-16.5420
685575068,-2.00000,-1.36523,-2.00000,10.5878,-250.1374,4.9771,0.05627,-0.33167,-0.99805,-41.7481,-46.7786,-18.0382
685576064,-2.00000,-1.45093,-2.00000,65.9924,-250.1374,-17.5191,0.05432,-0.32910,-0.99878,-36.8092,-44.6336,-19.3893
685577065,-2.00000,-2.00000,-2.00000,65.1908,-250.1374,-18.9389,0.05261,-0.32434,-0.99951,-31.8168,-42.3130,-20.6107
685578069,-2.00000,-2.00000,-2.00000,-19.1679,-208.4427,5.8397,0.05005,-0.31860,-1.00110,-26.8168,-39.8550,-21.6718
685579064,-2.00000,-2.00000,-2.00000,-90.3435,-160.2748,20.0229,0.04590,-0.31348,-1.00281,-21.8321,-37.3130,-22.5954
685580069,-2.00000,-2.00000,-2.00000,-105.2214,-65.6947,7.5878,0.04150,-0.30762,-1.00403,-16.9008,-34.6489,-23.3588
685581064,-1.98816,-2.00000,-2.00000,-122.8779,9.5344,-10.3282,0.03638,-0.30090,-1.00415,-11.9771,-31.8626,-24.0000
685582069,-2.00000,-2.00000,-2.00000,-133.3511,6.7328,-33.0458,0.02881,-0.29382,-1.00366,-7.0840,-28.9924,-24.5115
685583068,-1.28711,-2.00000,-2.00000,-95.5420,-23.9924,-72.2137,0.02063,-0.28638,-1.00403,-2.2748,-26.0916,-24.8626
685584068,0.11646,-2.00000,-1.96130,-64.5267,-81.5649,-109.4656,0.01294,-0.27795,-1.00513,2.4580,-23.2061,-25.0992
685585068,0.31165,-2.00000,-1.06384,-64.9313,-166.1374,-139.1985,0.00598,-0.26978,-1.00671,7.0687,-20.3359,-25.1832
685586067,-0.32239,-2.00000,-1.59802,-39.5878,-220.7176,-177.5954,0.00024,-0.26282,-1.00720,11.5649,-17.4809,-25.1450
685587067,-0.49817,-0.11926,-1.47339,3.6947,-218.7099,-215.0000,-0.00549,-0.25647,-1.00598,15.9618,-14.6336,-25.0153
685588068,-0.11145,1.99994,-1.65308,-2.6489,-193.1374,-218.5878,-0.01245,-0.25000,-1.00562,20.2519,-11.8321,-24.8473
685589067,-0.31006,1.99994,-2.00000,-52.1985,-177.8168,-189.1603,-0.01941,-0.24390,-1.00562,24.4046,-9.0992,-24.5802
685590067,-1.09241,1.99994,-2.00000,-76.1221,-175.9924,-154.8702,-0.02551,-0.23828,-1.00525,28.4122,-6.4427,-24.2061
685591067,-1.18408,1.99994,-2.00000,-63.9924,-167.7557,-131.1450,-0.03101,-0.23315,-1.00488,32.2901,-3.8779,-23.7634
685592068,-1.03479,1.99994,-2.00000,-60.1985,-159.4580,-113.6870,-0.03589,-0.22815,-1.00415,36.0000,-1.4275,-23.2595
685593068,-1.22656,1.99994,-2.00000,-74.7710,-151.1985,-99.6412,-0.04065,-0.22266,-1.00269,39.5344,0.8931,-22.6947
685594068,-1.37952,1.99994,-2.00000,-69.6489,-134.4198,-98.1145,-0.04590,-0.21704,-1.00012,42.8855,3.1298,-22.0916
685595067,-1.31226,1.99994,-2.00000,-38.8397,-120.7557,-107.6031,-0.05957,-0.20679,-0.99670,49.1069,7.1985,-20.7710
685596068,-0.99719,1.99994,-2.00000,-15.0763,-112.4046,-111.0229,-0.06689,-0.20203,-0.99670,51.9542,8.9771,-20.0458
685597067,-0.68677,1.99994,-2.00000,-9.5191,-104.0382,-102.5573,-0.07410,-0.19788,-0.99683,54.6183,10.6031,-19.3130
685598068,-0.56873,1.99994,-2.00000,-0.3817,-92.9771,-97.7786,-0.08081,-0.19385,-0.99670,57.0458,12.0916,-18.5573
685599067,-0.41760,1.06970,-2.00000,15.5115,-79.3359,-103.4504,-0.08716,-0.18909,-0.99585,59.2519,13.3740,-17.8015
685600067,-0.41235,0.86438,-2.00000,23.2519,-73.9313,-111.4351,-0.09436,-0.18408,-0.99402,61.2519,14.4351,-17.0687
685601068,-0.71802,1.99994,-2.00000,17.0153,-71.8779,-110.8855,-0.10095,-0.17908,-0.99292,63.0076,15.3206,-16.3435
685602068,-0.77209,1.99994,-2.00000,7.8550,-59.2214,-99.8626,-0.10620,-0.17273,-0.99194,64.4885,16.0305,-15.6183
685603068,-0.63379,1.99994,-2.00000,5.8321,-49.5191,-86.0076,-0.11169,-0.16541,-0.99023,65.6718,16.5420,-14.9160
685604068,-0.77026,1.99994,-2.00000,10.2290,-52.6412,-76.3664,-0.11755,-0.15698,-0.98901,66.5267,16.8855,-14.2748
685605068,-0.70923,1.99994,-2.00000,17.3588,-44.7557,-71.4733,-0.12341,-0.14856,-0.98779,67.0611,17.0382,-13.6870
685606068,-0.22375,1.65662,-2.00000,23.1756,-14.0000,-71.7328,-0.12854,-0.14062,-0.98804,67.2672,16.9695,-13.1145
685607068,0.17725,1.26831,-1.79004,26.0458,18.1145,-77.1832,-0.13354,-0.13281,-0.98901,67.1298,16.7176,-12.5954
685608068,0.39111,1.85278,-1.34680,31.2214,36.3282,-83.2519,-0.13843,-0.12549,-0.99072,66.6641,16.2595,-12.0840
685609068,0.68982,1.99994,-1.41174,53.1756,40.0076,-89.0611,-0.14246,-0.11914,-0.99500,65.9008,15.6107,-11.6031
685610068,1.08472,1.99994,-0.97205,74.2214,27.0076,-90.6641,-0.14648,-0.11401,-0.99988,64.8473,14.7863,-11.1450
685611067,1.37109,1.99994,-0.72205,55.0992,-1.0076,-78.0763,-0.14978,-0.10974,-1.00378,63.5420,13.8473,-10.7328
685612067,1.45679,1.62561,-1.32275,9.2977,-44.0687,-57.0763,-0.15198,-0.10583,-1.00635,62.0153,12.8168,-10.3817
685613067,1.31653,1.99994,-1.75293,-4.0840,-86.3435,-47.1450,-0.15479,-0.10181,-1.00989,60.2824,11.6870,-10.0687
685614067,1.09912,1.99994,-1.31873,28.9618,-111.9542,-49.7786,-0.15808,-0.09875,-1.01514,58.3893,10.4580,-9.7710
685615067,0.87769,1.99994,-1.44958,59.6031,-123.8550,-46.3588,-0.15967,-0.09802,-1.01965,56.3435,9.1450,-9.4885
685616067,0.45312,1.99994,-2.00000,62.6641,-124.8015,-28.3893,-0.16028,-0.09839,-1.02393,54.1450,7.8015,-9.2214
685617068,-0.22632,1.99994,-2.00000,66.3130,-118.3664,-9.5573,-0.16125,-0.09985,-1.02881,51.8244,6.4046,-8.9542
685618067,-0.88599,1.99994,-2.00000,89.9008,-103.0611,-3.5573,-0.16138,-0.10291,-1.03357,49.4122,4.9847,-8.6718
685619067,-1.47314,1.21326,-2.00000,116.2672,-93.1679,-7.8321,-0.16150,-0.10730,-1.03918,46.8931,3.5496,-8.3740
685620067,-2.00000,0.66199,-2.00000,155.8397,-73.8473,-29.4122,-0.16077,-0.11279,-1.04456,44.2977,2.1145,-8.0534
685621067,-2.00000,1.43298,-2.00000,159.9695,-27.3969,-31.0687,-0.15869,-0.12061,-1.04846,41.6947,0.6870,-7.7023
685622068,-2.00000,1.99994,-2.00000,110.6641,20.0763,-6.4275,-0.15601,-0.13098,-1.05176,39.1221,-0.7099,-7.3359
685623067,-2.00000,1.99994,-2.00000,47.1298,57.4504,28.7786,-0.15308,-0.14294,-1.05652,36.5878,-2.0763,-6.9542
685624067,-2.00000,1.91516,-2.00000,24.1450,108.6718,49.6260,-0.15027,-0.15515,-1.06165,34.0916,-3.3817,-6.5420
685625068,-1.51807,0.80273,-2.00000,22.2901,166.4046,58.1832,-0.14697,-0.16772,-1.06604,31.6718,-4.6412,-6.0763
685626068,-0.86047,0.06116,-2.00000,20.3740,203.5344,57.3282,-0.14417,-0.18127,-1.07153,29.3435,-5.8855,-5.5420
685627068,-0.41968,0.36694,-1.95923,38.9542,208.2824,43.5954,-0.14148,-0.19543,-1.07886,27.1145,-7.0611,-4.9771
685628068,0.21411,0.91699,-0.84631,87.4733,180.0458,23.6565,-0.13794,-0.20984,-1.08618,24.9695,-8.1908,-4.3664
685629067,0.69604,1.00806,0.29700,141.8550,127.7405,4.3053,-0.13550,-0.22351,-1.09436,22.9084,-9.2977,-3.7252
685630068,0.55615,0.59900,0.50378,174.7710,68.4046,-6.5573,-0.13245,-0.23718,-1.10291,20.9847,-10.3664,-3.0458
685631068,0.29541,0.08069,0.02991,183.9695,26.0382,-8.3740,-0.12781,-0.24988,-1.11133,19.1603,-11.3664,-2.3664
685632068,0.23181,-0.06042,-0.19971,180.5191,8.7099,-6.3511,-0.12415,-0.26062,-1.12012,17.4046,-12.3282,-1.6947
685633068,0.10156,0.06787,0.01978,162.4427,10.3282,1.9618,-0.12097,-0.27039,-1.12769,15.7023,-13.2824,-1.0305
685634067,-0.16089,0.37024,0.15515,122.8626,22.6031,20.8626,-0.11768,-0.27856,-1.13416,14.0687,-14.1679,-0.3588
685635068,-0.47583,0.66821,-0.38171,67.1527,37.6794,49.6947,-0.11377,-0.28503,-1.14099,12.4809,-14.9618,0.2901
685636068,-0.93274,0.47510,-1.07239,15.2443,52.0229,79.0382,-0.10999,-0.29004,-1.14856,10.9237,-15.7099,0.8702
685637068,-1.16345,-0.32861,-1.20398,-12.1450,69.3206,96.2137,-0.10730,-0.29431,-1.15588,9.3893,-16.3969,1.3740
685638067,-1.10522,-1.06360,-1.17908,-18.5725,77.7252,98.1527,-0.10474,-0.29736,-1.16174,7.9160,-17.0153,1.7863
685639068,-1.16089,-1.13171,-1.47314,-16.8931,67.3893,91.2595,-0.10144,-0.29895,-1.16553,6.4962,-17.5496,2.1374
685640067,-1.15784,-0.69092,-1.47034,-5.7405,53.8168,79.7481,-0.09766,-0.30017,-1.16943,5.1374,-17.9847,2.4122
685641067,-1.00818,-0.37231,-0.96594,6.5038,47.7481,71.3664,-0.09485,-0.30127,-1.17358,3.8092,-18.3130,2.5802
685642068,-1.01074,-0.62476,-0.79871,9.1298,47.0305,70.2672,-0.09302,-0.30286,-1.17615,2.5649,-18.5115,2.6565
685643068,-1.23535,-1.15588,-1.07898,14.4809,51.5878,67.1221,-0.09021,-0.30530,-1.17896,1.4351,-18.6031,2.6565
685644068,-1.38660,-1.63379,-1.27490,30.7863,63.3053,57.1145,-0.08643,-0.30859,-1.18225,0.3740,-18.5954,2.5725
685645068,-1.45251,-1.97876,-1.40369,38.4733,76.1145,47.2977,-0.08276,-0.31238,-1.18445,-0.5802,-18.4809,2.4046
685646068,-1.64600,-2.00000,-1.72473,29.0000,82.2748,41.8550,-0.07935,-0.31677,-1.18616,-1.3740,-18.2595,2.1450
685647068,-1.76624,-2.00000,-1.78613,20.7786,84.5267,35.7710,-0.07581,-0.32227,-1.18787,-1.9771,-17.9160,1.8168
685648068,-1.63623,-1.88025,-1.24109,20.6947,88.0840,27.2214,-0.07153,-0.32947,-1.18958,-2.4122,-17.3969,1.4504
685649068,-1.47449,-1.51318,-0.91394,11.0534,91.9695,22.6031,-0.06689,-0.33716,-1.19031,-2.6870,-16.7176,1.0916
685650068,-1.50708,-1.07251,-1.13635,-13.7023,95.7634,26.0305,-0.06287,-0.34363,-1.18994,-2.7634,-15.9771,0.7481
685651068,-1.50220,-0.68604,-1.12244,-32.7710,102.5649,31.2214,-0.05847,-0.34998,-1.18933,-2.6107,-15.1527,0.3511
685652068,-1.22998,-0.37427,-0.50757,-41.2901,112.9695,35.1069,-0.05396,-0.35730,-1.18787,-2.2290,-14.1832,-0.0916
685653067,-0.90784,-0.22180,0.09045,-57.8321,121.9542,43.9847,-0.05066,-0.36450,-1.18628,-1.6489,-13.0992,-0.5344
685654068,-0.69702,-0.20325,0.20142,-79.6565,126.1374,55.8626,-0.04736,-0.37073,-1.18567,-0.8855,-11.9695,-0.9924
685655068,-0.57007,-0.13477,0.21924,-89.5573,124.4198,63.2672,-0.04431,-0.37683,-1.18555,0.0611,-10.7786,-1.4275
685656067,-0.38330,-0.09131,0.51013,-86.9695,116.3664,65.2519,-0.04260,-0.38281,-1.18469,1.1832,-9.5344,-1.8168
685657067,-0.16711,-0.10413,0.85583,-78.8092,103.1374,63.2443,-0.04065,-0.38782,-1.18250,2.4504,-8.2290,-2.1756
685658068,-0.16272,-0.15283,0.80505,-65.1298,83.9084,58.3130,-0.03784,-0.39233,-1.17993,3.8092,-6.8931,-2.5115
685659068,-0.36450,-0.22461,0.45056,-44.3053,63.5573,49.9924,-0.03528,-0.39624,-1.17725,5.2824,-5.5573,-2.8321
685660067,-0.54688,-0.34912,0.12134,-21.1527,48.2672,38.8550,-0.03394,-0.39941,-1.17383,6.8550,-4.2519,-3.1145
685661067,-0.64587,-0.59290,-0.01904,-6.5878,43.0611,29.0458,-0.03345,-0.40186,-1.17065,8.4809,-2.9542,-3.3282
685662068,-0.79004,-0.79175,-0.07886,-8.4656,44.7863,25.1069,-0.03247,-0.40405,-1.16809,10.1679,-1.6947,-3.5038
685663068,-0.98596,-0.85059,-0.43848,-24.1145,49.2748,28.4733,-0.03125,-0.40576,-1.16638,11.8855,-0.4656,-3.7023
685664068,-1.10864,-0.94836,-0.82837,-42.6947,58.8855,36.3130,-0.03052,-0.40662,-1.16345,13.6183,0.7634,-3.9160
685665068,-1.14294,-1.07800,-0.81616,-55.8626,71.3282,43.5573,-0.02991,-0.40649,-1.15955,15.3435,1.9847,-4.1221
685666067,-1.11267,-0.99316,-0.45715,-67.6947,84.3817,49.5267,-0.02954,-0.40588,-1.15649,17.0992,3.1603,-4.3130
685667067,-0.98901,-0.65479,-0.25574,-86.4962,94.6412,57.0916,-0.03076,-0.40540,-1.15271,18.9237,4.2977,-4.4733
685668068,-0.97949,-0.31470,-0.45837,-108.3817,96.0534,65.7405,-0.03235,-0.40466,-1.14783,20.8244,5.4198,-4.6260
685669068,-1.16235,-0.32007,-0.72412,-119.7786,88.1450,70.7405,-0.03271,-0.40381,-1.14392,22.7710,6.5191,-4.7863
685670068,-1.28088,-0.67700,-0.67969,-114.4427,77.8168,67.8702,-0.03259,-0.40283,-1.14001,24.7481,7.6107,-4.9542
685671068,-1.43726,-1.01648,-0.47327,-97.3893,66.7405,57.4962,-0.03333,-0.40247,-1.13538,26.7786,8.6870,-5.1756
685672068,-1.62292,-1.19812,-0.63281,-75.0153,59.8702,44.1221,-0.03442,-0.40222,-1.13196,28.8473,9.7328,-5.3740
685673067,-1.52966,-1.32483,-0.92468,-54.8550,65.6183,31.9084,-0.03577,-0.40125,-1.12927,30.9618,10.7939,-5.5496
685674067,-1.45654,-1.36072,-0.94678,-45.0076,76.6870,23.4656,-0.03735,-0.40002,-1.12634,33.1374,11.8550,-5.7099
685675068,-1.53113,-1.27014,-0.80359,-45.5954,90.1603,19.0763,-0.03784,-0.39819,-1.12305,35.3435,12.8779,-5.8931
685676067,-1.37878,-1.18628,-0.55359,-46.6794,107.2901,16.9695,-0.03784,-0.39575,-1.11865,37.5802,13.9160,-6.0687
685677067,-1.21118,-1.20300,-0.35889,-42.7099,116.9389,14.8626,-0.03760,-0.39282,-1.11340,39.8779,14.9695,-6.2519
685678067,-1.09888,-1.32153,-0.42456,-39.1145,116.4275,12.2519,-0.03772,-0.38892,-1.10925,42.1908,16.0305,-6.4351
685679067,-0.73816,-1.33044,-0.36755,-43.7710,113.2290,9.2137,-0.03784,-0.38403,-1.10522,44.4733,17.0763,-6.6336
685680067,-0.50720,-0.94531,0.11987,-52.8550,104.9160,5.5496,-0.03796,-0.37756,-1.10022,46.6947,18.0840,-6.8321
685681067,-0.55640,-0.29932,0.54187,-54.5878,94.6718,0.7176,-0.03870,-0.37109,-1.09595,48.8779,19.0611,-7.0000
685682067,-0.50549,0.12146,0.45532,-44.2824,87.2366,-3.7863,-0.03943,-0.36511,-1.09351,50.9771,19.9924,-7.1985
685683067,-0.49329,0.03259,0.05713,-32.3053,77.4427,-5.7176,-0.04114,-0.35852,-1.09167,52.9771,20.8931,-7.3817
685684068,-0.52429,-0.31238,-0.01111,-32.9542,72.2748,-4.5573,-0.04260,-0.35132,-1.09070,54.8321,21.7328,-7.5420
685685067,-0.46362,-0.34937,0.31470,-45.8550,74.9237,-1.9160,-0.04456,-0.34509,-1.08984,56.4962,22.4962,-7.6489
685686067,-0.49939,0.15918,0.27954,-51.2061,76.9160,-0.9618,-0.04797,-0.33960,-1.08862,57.9847,23.1908,-7.7099
685687067,-0.45459,0.62158,0.02051,-40.0992,79.9237,0.3359,-0.05273,-0.33411,-1.08740,59.2901,23.8015,-7.7557
685688068,-0.34375,0.50952,0.03284,-33.2366,79.9008,6.8931,-0.05811,-0.32788,-1.08655,60.3969,24.3206,-7.7939
685689068,-0.33752,-0.04199,0.14185,-45.9924,78.5267,17.3206,-0.06335,-0.32104,-1.08655,61.2748,24.7252,-7.8092
685690067,-0.31140,-0.45813,0.17676,-58.9237,77.2290,21.2366,-0.06812,-0.31372,-1.08679,61.9084,24.9847,-7.7786
685691068,-0.29907,-0.32446,0.14783,-49.4351,69.3969,13.5802,-0.07312,-0.30566,-1.08643,62.2824,25.1221,-7.7252
685692068,-0.32910,0.21948,0.07214,-27.3206,54.8015,1.9160,-0.07800,-0.29724,-1.08484,62.3359,25.1756,-7.6489
685693068,-0.40308,0.74316,-0.14197,-17.8855,38.7481,-2.5191,-0.08167,-0.28796,-1.08411,62.0840,25.1145,-7.5496
685694068,-0.52539,0.79199,-0.37793,-21.0000,26.1832,0.8855,-0.08411,-0.27832,-1.08337,61.5191,24.9389,-7.3969
685695068,-0.56726,0.42639,-0.33374,-17.2366,21.8397,2.7252,-0.09045,-0.26294,-1.07996,59.5267,24.2901,-7.1221
685696067,-0.60510,0.09741,-0.29382,-5.2137,21.9618,0.4275,-0.09387,-0.25659,-1.07703,58.0611,23.8244,-6.9618
685697067,-0.78955,0.12500,-0.66162,0.0687,25.5573,-0.5420,-0.09607,-0.24915,-1.07324,56.3359,23.2595,-6.7710
685698068,-0.91809,0.34229,-1.08813,-7.4885,35.7557,4.2901,-0.09705,-0.24060,-1.07092,54.3511,22.6412,-6.5496
685699068,-0.86755,0.36975,-1.11450,-21.3359,47.6947,13.8015,-0.09729,-0.23352,-1.06750,52.1221,21.9771,-6.3053
685700068,-0.81628,0.21155,-0.86865,-32.2595,54.0992,23.0076,-0.09717,-0.22791,-1.06177,49.6412,21.2366,-6.0458
685701068,-0.84192,0.11267,-0.75818,-36.1756,55.3511,28.0916,-0.09692,-0.22217,-1.05676,46.9466,20.4656,-5.7863
685702067,-0.83923,0.22986,-0.77637,-35.5344,54.7939,29.0611,-0.09717,-0.21594,-1.05200,44.0611,19.6641,-5.5191
685703067,-0.71069,0.48242,-0.56470,-33.3740,54.4885,28.5191,-0.09705,-0.21045,-1.04639,41.0153,18.8397,-5.2595
685704067,-0.53723,0.62476,-0.15906,-28.9542,51.1603,28.1603,-0.09619,-0.20630,-1.04053,37.8626,18.0076,-5.0076
685705067,-0.43665,0.51562,0.04395,-17.3359,43.1832,26.1374,-0.09485,-0.20325,-1.03540,34.6260,17.1679,-4.7328
685706068,-0.40686,0.24280,-0.01086,5.3359,32.3282,19.2595,-0.09302,-0.20178,-1.03137,31.3130,16.3359,-4.4580
685707068,-0.42969,0.03943,-0.12134,32.8931,20.8168,8.3130,-0.09119,-0.20142,-1.02795,27.9466,15.5038,-4.2290
685708068,-0.47607,-0.03333,-0.18213,52.3053,11.4580,-1.0153,-0.08838,-0.20239,-1.02551,24.6336,14.6870,-4.0153
685709067,-0.55725,-0.06360,-0.31372,57.9847,5.3206,-4.9466,-0.08472,-0.20532,-1.02319,21.3664,13.9008,-3.8015
685710067,-0.70239,-0.08228,-0.60400,53.3969,2.3282,-3.4733,-0.08105,-0.21045,-1.02197,18.1985,13.1603,-3.6489
685711067,-0.84924,-0.04736,-0.89001,42.7023,3.1145,1.7405,-0.07751,-0.21704,-1.02100,15.1679,12.4427,-3.4809
685712067,-0.89429,0.05688,-0.94116,30.0458,9.5191,8.7252,-0.07288,-0.22461,-1.01953,12.3053,11.7481,-3.2824
685713068,-0.86145,0.15808,-0.78711,17.9313,19.1756,16.7023,-0.06812,-0.23303,-1.01880,9.6031,11.1145,-3.1221
685714068,-0.81873,0.18799,-0.61072,6.2214,28.0229,25.7023,-0.06396,-0.24243,-1.01794,7.0916,10.5267,-3.0382
685715068,-0.73486,0.10217,-0.47900,-3.1069,34.6870,33.3511,-0.05933,-0.25403,-1.01794,4.8473,10.0076,-2.9618
685716068,-0.63220,-0.07251,-0.36560,-5.2137,37.0458,35.9924,-0.05481,-0.26648,-1.01917,2.8931,9.5802,-2.8931
685717068,-0.53186,-0.25317,-0.23291,3.8397,32.9160,31.7634,-0.05066,-0.27856,-1.02051,1.2901,9.2137,-2.8015
685718068,-0.45532,-0.34399,-0.15588,22.6641,21.4427,22.0153,-0.04688,-0.29150,-1.02161,-0.0076,8.8702,-2.7328
685719068,-0.47766,-0.34619,-0.23389,42.3817,6.1221,10.9924,-0.04333,-0.30530,-1.02356,-0.9924,8.5878,-2.6641
685720068,-0.57495,-0.33679,-0.39929,53.6260,-5.6947,2.9237,-0.03955,-0.31897,-1.02661,-1.6565,8.3969,-2.6107
685721068,-0.68030,-0.34924,-0.52002,54.4427,-9.7939,-0.4198,-0.03613,-0.33130,-1.02881,-2.0076,8.2595,-2.6031
685722068,-0.78589,-0.38184,-0.60754,49.3282,-7.6107,0.2443,-0.03333,-0.34253,-1.02917,-2.0687,8.1603,-2.6183
685723067,-0.90076,-0.39136,-0.72229,42.8626,-1.7939,3.2061,-0.03125,-0.35303,-1.02991,-1.8473,8.1374,-2.6489
685724067,-1.00220,-0.38770,-0.86816,35.4656,6.1756,7.8321,-0.02954,-0.36108,-1.03101,-1.3740,8.1832,-2.7252
685725068,-1.05188,-0.41577,-0.96838,24.3893,14.8931,14.2824,-0.02808,-0.36731,-1.03235,-0.6718,8.3053,-2.8550
685726068,-1.03479,-0.48047,-0.95422,10.8626,21.6031,21.1145,-0.02686,-0.37195,-1.03357,0.2137,8.4809,-2.9695
685727068,-0.96057,-0.55859,-0.86646,1.9695,24.3664,25.0229,-0.02612,-0.37524,-1.03381,1.2977,8.7023,-3.1221
685728068,-0.86646,-0.60779,-0.75610,2.0458,23.2901,24.2366,-0.02551,-0.37793,-1.03259,2.5267,8.9771,-3.3053
685729068,-0.78796,-0.60693,-0.65369,7.3664,20.1679,20.1527,-0.02454,-0.37939,-1.03088,3.8702,9.2748,-3.5115
685730067,-0.73401,-0.56970,-0.58594,11.4656,17.4962,15.5573,-0.02405,-0.38037,-1.03027,5.3359,9.6031,-3.7328
685731068,-0.70947,-0.54175,-0.56860,11.0916,16.0992,12.4046,-0.02332,-0.38123,-1.02930,6.9084,9.9618,-3.9695
685732068,-0.71375,-0.55347,-0.58545,8.3359,15.9542,10.5267,-0.02283,-0.38110,-1.02808,8.5496,10.3969,-4.2443
685733068,-0.74536,-0.59827,-0.64917,6.5878,16.2901,8.8855,-0.02393,-0.37976,-1.02661,10.1832,10.8626,-4.5038
685734068,-0.79688,-0.63904,-0.75720,5.6565,16.7252,7.4580,-0.02490,-0.37817,-1.02393,11.8168,11.3435,-4.7939
685735068,-0.85400,-0.61316,-0.83240,3.5725,17.3282,6.7710,-0.02393,-0.37634,-1.02185,13.4733,11.8397,-5.1298
685736067,-0.88330,-0.53137,-0.83936,0.3664,18.6412,7.1603,-0.02258,-0.37488,-1.02014,15.1374,12.3817,-5.4656
685737068,-0.87085,-0.48096,-0.80444,-2.4809,20.7176,8.4122,-0.02209,-0.37280,-1.01697,16.7863,12.9847,-5.7252
685738068,-0.85754,-0.52148,-0.78381,-4.1756,22.5878,9.8473,-0.02173,-0.36902,-1.01331,18.4046,13.6183,-5.9695
685739068,-0.85010,-0.62378,-0.78186,-5.9084,24.5496,10.8244,-0.02209,-0.36560,-1.01099,20.0000,14.2290,-6.1985
685740067,-0.82520,-0.68555,-0.74316,-9.9771,27.0076,11.2595,-0.02319,-0.36328,-1.00940,21.5954,14.8321,-6.3893
685741068,-0.78198,-0.64795,-0.65955,-16.6412,29.7023,11.5573,-0.02478,-0.36133,-1.00818,23.1679,15.4427,-6.5267
685742068,-0.73108,-0.57019,-0.58093,-23.9695,31.8015,12.2595,-0.02698,-0.35901,-1.00769,24.6565,16.0534,-6.6183
685743068,-0.69543,-0.54150,-0.54858,-30.7634,32.4275,13.5191,-0.02893,-0.35730,-1.00818,26.0763,16.6718,-6.6641
685744068,-0.68225,-0.57825,-0.54395,-37.0076,31.9237,14.7481,-0.03101,-0.35693,-1.00903,27.4656,17.3130,-6.6718
685745068,-0.67688,-0.63562,-0.51733,-42.1756,31.1985,15.1450,-0.03320,-0.35669,-1.01025,28.8092,17.9237,-6.6183
685746067,-0.66895,-0.67212,-0.46069,-44.7328,30.3206,14.3893,-0.03491,-0.35620,-1.01160,30.0916,18.4733,-6.5344
685747068,-0.68335,-0.73267,-0.48279,-41.1298,26.9008,11.0382,-0.03723,-0.35620,-1.01270,31.3053,18.9771,-6.4275
685748067,-0.70825,-0.80200,-0.57764,-39.0305,25.2672,9.3130,-0.03979,-0.35742,-1.01379,32.4504,19.4198,-6.2748
685749067,-0.72205,-0.85828,-0.64099,-38.0840,24.3206,7.2901,-0.04248,-0.35950,-1.01562,33.5420,19.8015,-6.0611
685750068,-0.72583,-0.84473,-0.66675,-37.6947,23.8779,4.7557,-0.04651,-0.36194,-1.01807,34.5802,20.1374,-5.8015
685751068,-0.72144,-0.74756,-0.68372,-37.7405,23.9542,2.1069,-0.05090,-0.36401,-1.02002,35.5573,20.4580,-5.5038
685752068,-0.72449,-0.62146,-0.71838,-38.7710,24.4427,0.0534,-0.05420,-0.36597,-1.02197,36.4580,20.7252,-5.1832
685753067,-0.73865,-0.53345,-0.76685,-40.8473,25.2748,-1.2290,-0.05688,-0.36768,-1.02466,37.2748,20.9160,-4.8244
685754068,-0.75525,-0.48438,-0.80237,-42.2748,26.1450,-2.5496,-0.05957,-0.36914,-1.02881,37.9542,21.0153,-4.4275
685755068,-0.78125,-0.44641,-0.83704,-40.8626,26.4580,-4.6641,-0.06177,-0.37036,-1.03296,38.5267,21.0534,-4.0153
685756067,-0.80847,-0.40820,-0.88098,-36.4504,26.6260,-7.4809,-0.06323,-0.37109,-1.03528,39.0076,21.0687,-3.6336
685757067,-0.81775,-0.36499,-0.90381,-30.5115,27.4046,-10.3740,-0.06433,-0.37097,-1.03577,39.3969,21.0611,-3.2748
685758067,-0.80273,-0.33472,-0.89319,-24.6031,28.9847,-12.6641,-0.06555,-0.37000,-1.03503,39.6565,20.9924,-2.9771
685759067,-0.75061,-0.32654,-0.83142,-20.5954,31.6718,-13.8779,-0.06641,-0.36841,-1.03345,39.7634,20.8397,-2.6947
685760067,-0.66541,-0.31885,-0.72510,-20.0763,34.7786,-13.7786,-0.06689,-0.36560,-1.03186,39.7481,20.6870,-2.4198
685761067,-0.56226,-0.29272,-0.59924,-22.0305,37.3664,-12.8473,-0.06702,-0.36292,-1.03040,39.5954,20.5344,-2.1908
685762067,-0.44043,-0.26099,-0.42566,-23.5191,38.8015,-12.0687,-0.06702,-0.36023,-1.02905,39.2443,20.3359,-2.0076
685763065,-0.32837,-0.23718,-0.23364,-22.9771,37.5878,-12.0763,-0.06738,-0.35669,-1.02759,38.7099,20.0840,-1.8244
685764065,-0.25281,-0.23132,-0.10974,-20.9466,33.2672,-12.9160,-0.06689,-0.35229,-1.02588,38.0458,19.7786,-1.6794
685765069,-0.19971,-0.24829,-0.05481,-17.6183,26.6031,-14.7939,-0.06641,-0.34778,-1.02466,37.2061,19.4122,-1.5802
685766068,-0.16870,-0.25391,-0.01599,-12.4046,18.5420,-17.9695,-0.06714,-0.34326,-1.02332,36.1908,19.0076,-1.5344
685767068,-0.16724,-0.22302,-0.00598,-5.4122,10.1145,-21.8855,-0.06738,-0.33850,-1.02393,35.0000,18.5954,-1.5725
685768067,-0.19250,-0.15283,-0.04016,2.4885,2.7939,-25.6489,-0.06775,-0.33301,-1.02539,33.6718,18.1527,-1.6565
685769068,-0.23584,-0.07043,-0.09607,9.5878,-2.3969,-28.2290,-0.06799,-0.32788,-1.02539,32.2214,17.6489,-1.7786
685770068,-0.28040,-0.01184,-0.17065,13.1603,-5.1145,-28.7252,-0.06702,-0.32397,-1.02527,30.6870,17.1298,-1.9542
685771068,-0.31995,0.02173,-0.27832,12.3053,-6.1832,-27.2061,-0.06592,-0.32068,-1.02686,29.0611,16.5802,-2.2366
685772068,-0.34741,0.03979,-0.39478,9.5725,-6.7176,-24.8855,-0.06506,-0.31763,-1.02820,27.3969,15.9695,-2.6031
685773068,-0.36047,0.04663,-0.45874,7.7939,-7.5725,-22.8779,-0.06396,-0.31531,-1.02881,25.7252,15.3359,-3.0687
685774068,-0.36597,0.04407,-0.46912,7.4351,-9.0458,-21.5038,-0.06213,-0.31360,-1.02991,24.0611,14.6794,-3.5878
685775067,-0.37073,0.04346,-0.45203,8.3511,-10.6183,-20.8321,-0.06140,-0.31226,-1.03113,22.4427,13.9924,-4.1145
685776068,-0.37585,0.05200,-0.42725,11.0840,-11.9847,-21.0458,-0.06213,-0.31311,-1.03271,20.8702,13.2977,-4.6718
685777067,-0.36182,0.05994,-0.40564,16.4122,-12.7634,-22.3435,-0.06226,-0.31592,-1.03369,19.3588,12.5878,-5.2748
685778068,-0.35718,0.04639,-0.40857,23.8168,-13.9313,-24.4275,-0.06165,-0.31873,-1.03479,17.8855,11.8550,-5.9008
685779067,-0.37695,-0.00793,-0.44397,31.5496,-15.6412,-26.7939,-0.06165,-0.32166,-1.03625,16.4962,11.1221,-6.5267
685780067,-0.40088,-0.07690,-0.49512,36.9160,-17.8092,-28.7634,-0.06104,-0.32593,-1.03809,15.1679,10.4198,-7.1527
685781065,-0.43994,-0.12231,-0.57898,37.6870,-20.6947,-29.5573,-0.06006,-0.33057,-1.03967,13.9237,9.6947,-7.7405
685782068,-0.46985,-0.13489,-0.65430,34.7634,-23.1679,-29.1221,-0.05920,-0.33521,-1.04102,12.7863,8.9618,-8.2748
685783067,-0.48779,-0.11816,-0.67383,30.6641,-24.8626,-27.8626,-0.05811,-0.34070,-1.04211,11.7405,8.2595,-8.7634
685784068,-0.51562,-0.09326,-0.68079,26.0000,-25.5649,-25.7481,-0.05603,-0.34619,-1.04211,10.8168,7.5725,-9.2137
685785068,-0.53662,-0.07971,-0.70459,20.1069,-24.5802,-22.7481,-0.05457,-0.35132,-1.04346,9.9924,6.9008,-9.6031
685786067,-0.55127,-0.07739,-0.72083,14.0534,-22.4427,-19.5878,-0.05432,-0.35645,-1.04614,9.2901,6.2748,-9.9160
685787067,-0.54773,-0.07947,-0.69897,10.5496,-19.8015,-17.4962,-0.05383,-0.36145,-1.04858,8.6565,5.6718,-10.1756
