t_us,m1_ax_g,m1_ay_g,m1_az_g,m1_gx_dps,m1_gy_dps,m1_gz_dps,m2_ax_g,m2_ay_g,m2_az_g,m2_gx_dps,m2_gy_dps,m2_gz_dps
555831069,-0.23560,-0.96326,-0.03601,-8.8550,-11.3130,0.3053,0.59766,-0.78687,0.14526,3.5878,-5.9466,3.3053
555832067,-0.24255,-0.94751,-0.05054,-9.3740,-11.6565,0.5878,0.59485,-0.78662,0.14636,3.5344,-6.1679,3.4885
555833068,-0.24878,-0.95850,-0.06262,-9.3740,-11.8397,0.8168,0.59216,-0.78674,0.14746,3.4351,-6.4122,3.6641
555834067,-0.24744,-0.97888,-0.05615,-8.6183,-11.7252,0.6794,0.59009,-0.78772,0.14954,3.3130,-6.6870,3.8550
555835067,-0.24451,-0.98340,-0.04565,-7.6336,-11.3969,0.2290,0.58691,-0.79004,0.15149,3.1908,-6.9847,4.0687
555836067,-0.24280,-0.96228,-0.04822,-7.1450,-11.0458,-0.1374,0.58350,-0.79260,0.15259,3.0458,-7.3053,4.2901
555837067,-0.24609,-0.94250,-0.06531,-6.9466,-10.8092,-0.1527,0.58105,-0.79443,0.15515,2.8550,-7.6489,4.4962
555838065,-0.25012,-0.95215,-0.07544,-6.7252,-10.7099,0.0763,0.57837,-0.79614,0.15857,2.6412,-8.0076,4.7176
555839069,-0.24939,-0.98328,-0.06787,-6.7557,-10.7099,0.3130,0.57532,-0.79846,0.16125,2.4351,-8.3740,4.8931
555840064,-0.24438,-1.00623,-0.05029,-7.3969,-10.6641,0.4733,0.57129,-0.80078,0.16467,2.2214,-8.7557,5.0763
555841068,-0.23804,-1.00269,-0.02844,-8.4885,-10.4504,0.5496,0.56726,-0.80371,0.16956,2.0229,-9.1527,5.2519
555842068,-0.23315,-0.97766,-0.01050,-9.3969,-10.1985,0.5649,0.56421,-0.80725,0.17505,1.8092,-9.5878,5.4427
555843068,-0.23303,-0.95044,-0.01001,-9.5573,-10.2214,0.5344,0.56067,-0.81079,0.17969,1.6107,-10.0000,5.6336
555844068,-0.22949,-0.93970,-0.00830,-8.9771,-10.4351,0.4275,0.55713,-0.81409,0.18420,1.4427,-10.4046,5.8168
555845067,-0.21814,-0.94763,0.01624,-7.9618,-10.7786,0.2137,0.55469,-0.81848,0.18835,1.3130,-10.8244,6.0153
555846067,-0.21167,-0.96484,0.03967,-7.0611,-11.3817,-0.0229,0.55286,-0.82471,0.19250,1.2519,-11.2366,6.1756
555847067,-0.21265,-0.97400,0.03748,-6.6794,-12.1145,-0.1679,0.55139,-0.83191,0.19775,1.2748,-11.6183,6.3664
555848067,-0.21716,-0.96472,0.02197,-6.7099,-12.7252,-0.1603,0.54956,-0.83838,0.20349,1.4275,-11.9695,6.5649
555849067,-0.22107,-0.94873,0.01025,-6.9008,-13.0916,0.0305,0.54749,-0.84460,0.20862,1.7099,-12.2595,6.7634
555850068,-0.22961,-0.94263,-0.00708,-7.4122,-13.4275,0.4885,0.54614,-0.85217,0.21143,2.0687,-12.5191,6.9313
555851067,-0.24377,-0.95825,-0.03772,-8.2901,-13.7634,1.1450,0.54529,-0.85999,0.21436,2.4885,-12.7939,7.0916
555852067,-0.25293,-0.98242,-0.06079,-9.2595,-13.7863,1.6031,0.54492,-0.86792,0.21948,3.0000,-13.0534,7.2595
555853067,-0.25977,-0.98926,-0.07227,-10.0076,-13.6031,1.6260,0.54468,-0.87683,0.22461,3.6183,-13.2901,7.4504
555854068,-0.26355,-0.96875,-0.07666,-10.2137,-13.1450,1.3206,0.54492,-0.88647,0.22986,4.3435,-13.5115,7.6947
555855068,-0.26306,-0.94116,-0.07361,-9.6870,-12.6718,0.9771,0.54614,-0.89600,0.23486,5.1679,-13.7023,7.9542
555856067,-0.26233,-0.93518,-0.07812,-8.6641,-12.3282,0.7176,0.54810,-0.90552,0.23901,6.0382,-13.8321,8.1832
555857067,-0.26367,-0.95752,-0.09058,-7.6794,-12.0305,0.5038,0.55103,-0.91614,0.24353,7.0000,-13.8931,8.3435
555858068,-0.26331,-0.98779,-0.09290,-7.0382,-11.6794,0.2290,0.55579,-0.92761,0.24805,8.1069,-13.8702,8.4656
555859068,-0.25879,-0.99597,-0.08203,-6.7557,-11.4427,-0.1145,0.56201,-0.94006,0.25122,9.3053,-13.7634,8.5496
555860067,-0.25842,-0.95703,-0.08398,-7.0916,-11.4656,-0.2366,0.56787,-0.95361,0.25232,10.5802,-13.5573,8.6412
555861067,-0.25562,-0.94995,-0.06323,-7.4046,-11.1985,0.0153,0.57385,-0.96765,0.25232,11.9771,-13.2061,8.7023
555862067,-0.24487,-0.95227,-0.02722,-7.9237,-10.6947,0.2519,0.58008,-0.98169,0.25159,13.5420,-12.7176,8.7176
555863067,-0.23950,-0.95081,-0.00623,-8.6947,-10.3359,0.4351,0.58594,-0.99634,0.24915,15.3130,-12.0458,8.6947
555864067,-0.23657,-0.95081,-0.00037,-8.9466,-10.1832,0.4733,0.59277,-1.01196,0.24609,17.2901,-11.1679,8.6565
555865067,-0.22571,-0.95520,0.00989,-8.3282,-10.3282,0.3130,0.60059,-1.02783,0.24304,19.4580,-10.0992,8.6107
555866067,-0.21960,-0.96326,0.01501,-7.5725,-11.0763,0.1679,0.60864,-1.04395,0.23755,21.8550,-8.8702,8.5344
555867067,-0.21887,-0.96594,0.01245,-7.2901,-12.0000,0.1374,0.61694,-1.05920,0.22925,24.5038,-7.4656,8.4122
555868067,-0.22046,-0.95740,0.00305,-7.4122,-12.8855,0.2443,0.62451,-1.07117,0.22021,27.3511,-5.8702,8.2443
555869067,-0.22961,-0.94299,-0.01636,-7.8168,-13.5191,0.5267,0.63098,-1.08020,0.21021,30.3206,-4.1221,8.0534
555870067,-0.24536,-0.94055,-0.04443,-8.2290,-13.8855,0.9695,0.63733,-1.08813,0.19788,33.3511,-2.2824,7.8321
555871068,-0.26160,-0.95703,-0.07239,-8.4733,-13.8015,1.3359,0.64404,-1.09534,0.18298,36.4122,-0.3969,7.6336
555872067,-0.27295,-0.97766,-0.08813,-8.8015,-13.2901,1.4962,0.64978,-1.10217,0.16663,39.4275,1.5115,7.4656
555873067,-0.27844,-0.98645,-0.10010,-9.1832,-12.5344,1.3969,0.65576,-1.10840,0.14819,42.4122,3.4504,7.3053
555874067,-0.28064,-0.97803,-0.11316,-9.1145,-11.7023,1.0305,0.66162,-1.11450,0.12805,45.3053,5.3435,7.1832
555875067,-0.28333,-0.96069,-0.12634,-8.4275,-11.0305,0.5267,0.66711,-1.12158,0.10669,48.0840,7.1832,7.1145
555876065,-0.28125,-0.94995,-0.13416,-7.5191,-10.5191,0.1221,0.67212,-1.12976,0.08264,50.7176,8.9084,7.0687
555877065,-0.27234,-0.96204,-0.12537,-6.7557,-10.0611,-0.0763,0.67529,-1.13818,0.05554,53.1985,10.5191,7.0534
555878068,-0.26550,-0.98340,-0.10376,-6.3969,-9.7099,-0.1756,0.67773,-1.14624,0.02563,55.5267,11.9695,7.0687
555879068,-0.25818,-0.98730,-0.08850,-6.6947,-9.3206,-0.1908,0.68127,-1.15210,-0.00757,57.6947,13.2290,7.1069
555880067,-0.25037,-0.96802,-0.08752,-7.3511,-8.8550,-0.1374,0.68396,-1.15466,-0.04309,59.6489,14.3053,7.1908
555881067,-0.24963,-0.93762,-0.08191,-7.7099,-8.4122,-0.0534,0.68445,-1.15527,-0.08069,61.3893,15.1756,7.2519
555882067,-0.24158,-0.92151,-0.05005,-7.5954,-7.8321,0.0763,0.68408,-1.15430,-0.12012,62.9542,15.7710,7.3206
555883065,-0.22498,-0.92712,-0.00562,-7.5038,-7.4198,0.2519,0.68335,-1.15149,-0.15991,64.3053,16.0840,7.3817
555884065,-0.21301,-0.94116,0.03918,-7.3740,-7.1985,0.2595,0.68213,-1.14697,-0.20081,65.4122,16.1221,7.4275
555885069,-0.19775,-0.94836,0.08301,-6.7023,-7.1450,-0.0534,0.68164,-1.14099,-0.24438,66.2748,15.9237,7.4656
555886068,-0.18201,-0.94592,0.11157,-5.9160,-7.5344,-0.3817,0.68225,-1.13367,-0.28857,66.9466,15.4809,7.4809
555887067,-0.17310,-0.94043,0.13342,-5.6870,-8.4046,-0.3664,0.68311,-1.12402,-0.33179,67.4198,14.7786,7.4656
555888067,-0.15771,-0.93701,0.17310,-5.7634,-9.3282,-0.1145,0.68384,-1.11267,-0.37451,67.7176,13.8397,7.4198
555889065,-0.14417,-0.94434,0.19434,-5.7023,-10.7634,0.2290,0.68457,-1.10046,-0.41711,67.8702,12.6870,7.3511
555890065,-0.15613,-0.96753,0.15906,-5.4351,-12.8015,0.5267,0.68555,-1.08679,-0.45874,67.9084,11.2748,7.2595
555891065,-0.17859,-0.98962,0.10632,-5.0382,-14.7634,0.5496,0.68555,-1.07336,-0.49927,67.7710,9.5954,7.1069
555892069,-0.18921,-0.98438,0.08728,-5.1603,-15.9313,0.3588,0.68262,-1.06140,-0.54102,67.4046,7.6336,6.8168
555893067,-0.19849,-0.96045,0.08716,-5.9160,-16.5344,0.2061,0.67859,-1.05139,-0.58374,66.8550,5.3817,6.4427
555894068,-0.21521,-0.94690,0.06726,-6.0611,-16.6870,0.0382,0.67468,-1.04382,-0.62842,66.1985,2.8626,6.0229
555895067,-0.23315,-0.95544,0.02710,-4.9847,-16.4122,-0.3130,0.66931,-1.03662,-0.67529,65.4885,0.1527,5.5725
555896067,-0.24939,-0.97522,-0.02368,-3.8702,-15.6489,-0.7557,0.66162,-1.02893,-0.72205,64.7481,-2.7252,5.0916
555897065,-0.25806,-0.98792,-0.06177,-3.9542,-14.4656,-1.0153,0.65320,-1.02222,-0.76831,63.9237,-5.8015,4.5802
555898065,-0.25195,-0.97546,-0.04456,-4.9160,-13.0611,-1.0305,0.64551,-1.01672,-0.81421,62.9466,-9.0076,4.0000
555899064,-0.23364,-0.94861,0.01685,-5.7634,-11.8779,-0.7557,0.63806,-1.01257,-0.86084,61.8473,-12.2824,3.3359
555900065,-0.21802,-0.94067,0.04004,-6.1069,-11.4122,-0.2366,0.62915,-1.00916,-0.90747,60.6412,-15.6336,2.6107
555901065,-0.22131,-0.94153,0.02429,-6.0305,-11.3740,0.1679,0.61853,-1.00537,-0.95227,59.3206,-19.0992,1.8092
555902068,-0.24316,-0.95874,0.03601,-5.7252,-11.5878,0.5496,0.60706,-1.00110,-0.99719,57.8168,-22.7023,0.9160
555903068,-0.21228,-1.02673,0.69275,-3.9160,-7.7252,1.1069,0.59485,-0.99573,-1.04504,56.0763,-26.4275,-0.0763
555904067,-0.12769,-0.78198,1.99994,8.8550,2.9618,-1.5191,0.58203,-0.98816,-1.09448,54.0534,-30.2443,-1.1221
555905067,0.02441,-0.85889,1.99994,43.6336,0.6260,-2.2595,0.56848,-0.97815,-1.14441,51.7176,-34.1298,-2.2137
555906068,0.20166,-2.00000,1.65295,85.7710,-21.8092,0.4504,0.55554,-0.96545,-1.19348,49.0458,-38.0687,-3.3435
555907068,-0.11157,-2.00000,-0.41626,118.6107,-59.5802,-16.9771,0.54370,-0.95154,-1.24207,46.0229,-42.0687,-4.5191
555908068,-2.00000,-0.21960,-2.00000,140.3969,-140.2290,-36.8397,0.53320,-0.93701,-1.29150,42.7099,-46.1298,-5.7863
555909068,-2.00000,1.99994,-2.00000,140.3817,-200.6794,-36.0382,0.52356,-0.92200,-1.34119,39.1450,-50.2443,-7.1298
555910068,-2.00000,1.99994,-2.00000,182.0000,-109.1679,-19.8931,0.51501,-0.90771,-1.39209,35.3664,-54.3435,-8.5496
555911068,-1.80359,0.17444,-0.42505,250.1298,-13.5496,12.9618,0.50793,-0.89441,-1.44385,31.4198,-58.3893,-10.0076
555912068,-2.00000,-2.00000,-1.14526,250.1298,-48.3893,40.7634,0.50159,-0.88196,-1.49451,27.3130,-62.3282,-11.5191
555913068,-2.00000,-2.00000,-2.00000,244.0611,-2.2366,11.4198,0.49438,-0.87000,-1.54395,23.0534,-66.1832,-13.0458
555914068,-2.00000,-2.00000,-2.00000,248.3511,199.6565,-50.1374,0.48657,-0.85767,-1.59375,18.6031,-70.0000,-14.5420
555915068,-2.00000,-1.89648,-1.67310,216.2595,250.1298,-70.8015,0.47913,-0.84448,-1.64368,13.9924,-73.7405,-16.0000
555916067,-2.00000,-1.84436,-2.00000,98.0305,250.1298,-51.0840,0.47131,-0.83118,-1.69409,9.2290,-77.3893,-17.4198
555917067,-2.00000,-2.00000,-2.00000,49.2519,250.1298,-55.4275,0.46350,-0.81836,-1.74500,4.3130,-80.9542,-18.7634
555918068,-1.36804,-2.00000,1.31409,107.6183,250.1298,-91.1298,0.45581,-0.80432,-1.79639,-0.7863,-84.4427,-20.0229
555919067,1.11780,-2.00000,1.99994,103.1450,250.1298,-125.4275,0.44800,-0.78979,-1.84680,-6.0916,-87.9008,-21.1985
555920067,1.99994,-1.36670,1.99994,29.4198,250.1298,-151.3282,0.44019,-0.77515,-1.89600,-11.6336,-91.2977,-22.3206
555921067,1.99994,1.44312,1.99994,30.4046,250.1298,-170.9924,0.43164,-0.75928,-1.94299,-17.4198,-94.6336,-23.3817
555922067,1.99994,1.99994,1.99994,95.8473,250.1298,-167.2290,0.42126,-0.74390,-1.98779,-23.4504,-97.9008,-24.3511
555923065,1.99994,1.18115,1.99994,166.6870,250.1298,-151.8931,0.41113,-0.72949,-2.00000,-29.7710,-101.1069,-25.2824
555924065,1.99994,-0.68567,1.99994,244.3130,140.0458,-157.1450,0.40271,-0.71448,-2.00000,-36.3893,-104.2366,-26.1450
555925065,1.90759,-0.85815,1.99994,250.1298,73.0840,-173.8168,0.39502,-0.69910,-2.00000,-43.2901,-107.2595,-26.9313
555926068,1.99994,0.42236,1.99994,250.1298,48.9313,-175.4733,0.38794,-0.68530,-2.00000,-50.4504,-110.1832,-27.6489
555927068,1.45886,1.93616,1.99994,250.1298,0.0763,-160.1527,0.38171,-0.67371,-2.00000,-57.8855,-112.9618,-28.3435
555928067,0.08850,1.99994,1.99994,250.1298,-28.2748,-133.3511,0.37744,-0.66357,-2.00000,-65.5420,-115.5802,-29.0076
555929067,0.48511,0.69141,1.99994,250.1298,4.4809,-96.0916,0.37463,-0.65564,-2.00000,-73.3282,-118.0153,-29.6565
555930068,0.56274,-1.30286,1.99994,140.3511,37.8779,-63.0611,0.37341,-0.65039,-2.00000,-81.1985,-120.2366,-30.2977
555931068,0.39746,-1.29114,1.99994,31.3282,78.1679,-49.8626,0.37769,-0.64929,-2.00000,-97.0534,-123.7863,-32.0229
555932067,0.86914,0.90637,1.99994,-43.3435,120.2595,-46.9847,0.38196,-0.65027,-2.00000,-104.9466,-125.0916,-33.2595
555933067,0.99976,1.99994,1.99994,-88.2443,116.8702,-26.4504,0.38733,-0.64954,-2.00000,-112.8015,-126.1603,-34.5038
555934065,0.78259,1.09619,1.99994,-79.6718,87.9160,-2.1145,0.39404,-0.64807,-2.00000,-120.6336,-127.0229,-35.3359
555935065,1.10535,-1.42322,1.99994,-21.8397,51.1908,0.2061,0.40308,-0.64880,-2.00000,-128.4427,-127.6260,-35.5878
555936065,1.52783,-2.00000,1.99994,33.5802,15.4046,-24.3359,0.41553,-0.65356,-2.00000,-136.1527,-127.8473,-35.3969
555937069,0.88599,-2.00000,1.99994,78.4504,-21.7786,-59.0000,0.43066,-0.66284,-2.00000,-143.6565,-127.6107,-35.0305
555938068,0.53552,-1.50354,1.99994,133.6489,-38.5267,-83.0611,0.44861,-0.67615,-2.00000,-150.8779,-126.8397,-34.5878
555939067,0.68445,-1.53247,1.99994,179.6870,-50.2290,-98.9542,0.46936,-0.69482,-2.00000,-157.7710,-125.4580,-34.2061
555940068,0.27393,-1.89575,1.89648,192.3053,-74.7634,-115.6107,0.49084,-0.71362,-2.00000,-164.3511,-123.5115,-34.0534
555941067,0.31641,-2.00000,1.82861,158.6260,-65.1756,-128.9695,0.51184,-0.72888,-2.00000,-170.5878,-121.1145,-33.9466
555942068,0.87561,-1.30005,1.99994,65.9542,-46.9542,-125.6718,0.53381,-0.74475,-2.00000,-176.4656,-118.2137,-33.5802
555943068,0.99756,0.39929,1.99994,-35.5954,-55.2977,-109.2901,0.55798,-0.76270,-2.00000,-182.0305,-114.7939,-33.0153
555944067,0.58728,1.84387,1.40784,-63.1832,-77.0153,-91.4809,0.58606,-0.78284,-2.00000,-187.2595,-110.8168,-32.3588
555945068,0.44702,1.72998,1.65137,-39.8321,-96.7710,-68.2748,0.61829,-0.80481,-2.00000,-192.0534,-106.1145,-31.4580
555946067,0.64819,0.52185,1.99994,-54.7634,-110.2443,-33.2672,0.65320,-0.82947,-2.00000,-196.3511,-100.6031,-30.4580
555947067,0.35400,-0.35181,1.07666,-102.7710,-123.6565,-3.1221,0.69055,-0.85730,-2.00000,-200.1221,-94.2901,-29.5954
555948067,-0.10913,0.13489,0.00867,-99.3435,-133.4962,-1.8550,0.73486,-0.88892,-2.00000,-203.3282,-87.0840,-28.9618
555949067,-0.03320,1.55481,0.41101,-29.1679,-135.0916,-21.2824,0.77905,-0.93567,-2.00000,-205.8168,-78.4504,-28.6260
555950067,-0.02954,1.99994,0.47449,34.0076,-149.4580,-27.0534,0.80127,-0.96216,-2.00000,-207.7176,-69.1145,-29.8702
555951067,-0.66272,1.06897,-1.48682,31.7710,-175.1221,-10.1603,0.82251,-0.96631,-2.00000,-209.4427,-60.4580,-30.5649
555952067,-1.07397,-0.55615,-2.00000,-12.2214,-172.2748,8.4504,0.86084,-0.99231,-2.00000,-211.0305,-51.4656,-29.1298
555953067,-1.00378,-1.50269,-2.00000,-53.3130,-144.3969,10.5344,0.90051,-1.02869,-2.00000,-211.9847,-41.2672,-27.0611
555954068,-1.16956,-1.29871,-2.00000,-92.5420,-132.1756,8.7405,0.93750,-1.05969,-2.00000,-212.2901,-29.8626,-25.7023
555955067,-1.69385,-0.41748,-2.00000,-148.6260,-130.2061,20.6565,0.97217,-1.08398,-2.00000,-212.3740,-17.9084,-24.8321
555956067,-2.00000,0.97034,-2.00000,-209.8168,-109.6565,42.7328,1.00671,-1.10938,-2.00000,-212.4046,-5.5344,-23.5954
555957068,-2.00000,1.52063,-2.00000,-239.1450,-77.2443,68.0153,1.04065,-1.13745,-2.00000,-212.3053,7.3588,-21.9771
555958068,-2.00000,0.17139,-2.00000,-208.3359,-64.5115,80.7939,1.07214,-1.16174,-2.00000,-211.9847,20.9389,-20.2137
555959068,-2.00000,-1.40979,-2.00000,-138.1374,-54.6183,66.0611,1.10168,-1.18481,-2.00000,-211.4885,35.1450,-18.3969
555960068,-1.55920,-1.16858,-2.00000,-96.9924,-22.8321,40.4962,1.12952,-1.20837,-1.95386,-210.8931,49.8473,-16.5344
555961068,-1.18457,0.32751,-2.00000,-102.1832,-11.5802,28.4122,1.15393,-1.22864,-1.90137,-210.2366,65.1832,-14.5878
555962068,-1.99219,0.94678,-2.00000,-83.7710,-18.2443,18.7939,1.17639,-1.24805,-1.84912,-209.5420,81.0992,-12.5878
555963068,-1.70972,0.33228,-2.00000,-5.1908,-5.6718,-2.6489,1.19592,-1.26746,-1.79932,-208.7863,97.4656,-10.6260
555964068,-1.06458,-0.76147,-2.00000,59.2901,-16.3969,-20.2977,1.21326,-1.28540,-1.75049,-208.0076,114.2137,-8.7710
555965067,-1.47852,-1.40808,-2.00000,34.5420,-34.9542,-23.1603,1.22900,-1.30225,-1.70361,-207.2137,131.3053,-6.9847
555966068,-1.64551,-0.94373,-2.00000,-41.4275,-10.5115,-16.5420,1.24170,-1.31677,-1.65857,-206.3588,148.7099,-5.2672
555967067,-1.05664,0.34119,-2.00000,-92.4351,28.4809,-6.4504,1.25195,-1.32910,-1.61487,-205.4198,166.3511,-3.6260
555968067,-0.63672,1.30640,-2.00000,-111.6031,43.7634,10.6947,1.25842,-1.33997,-1.57336,-204.4046,184.1985,-2.1908
555969068,-0.96277,1.48413,-2.00000,-118.4504,33.1679,34.3130,1.25940,-1.34912,-1.53455,-203.2824,202.2061,-1.0000
555970068,-1.60339,1.55115,-2.00000,-113.2748,20.5802,53.3359,1.25720,-1.35791,-1.49927,-202.0305,220.2824,-0.0763
555971068,-2.00000,1.98010,-2.00000,-103.8244,1.0916,64.9313,1.25098,-1.36694,-1.46838,-200.6260,238.3359,0.5878
555972068,-2.00000,1.99994,-2.00000,-89.6718,2.8626,72.1298,1.23999,-1.37463,-1.44104,-199.0687,250.1298,0.9924
555973067,-1.56604,1.46545,-2.00000,-41.7863,30.7099,70.3588,1.22717,-1.38098,-1.41577,-197.3588,250.1298,1.1145
555974067,-1.23840,0.63000,-2.00000,-6.1145,36.1985,69.1985,1.21179,-1.38635,-1.39307,-195.4733,250.1298,0.9618
555975068,-2.00000,0.53784,-2.00000,-16.8092,21.1756,73.1679,1.19385,-1.39172,-1.37244,-193.4046,250.1298,0.5115
555976068,-2.00000,0.86328,-2.00000,-3.2137,41.6641,66.1603,1.17444,-1.39612,-1.35498,-191.1603,250.1298,-0.2290
555977068,-2.00000,0.38977,-2.00000,24.3740,117.5115,59.0992,1.15259,-1.39905,-1.34155,-188.6794,250.1298,-1.3206
555978068,-2.00000,-0.61389,-2.00000,-13.6260,192.5191,69.5038,1.12927,-1.40173,-1.32947,-185.9618,250.1298,-2.6565
555979068,-2.00000,-0.81812,-2.00000,-71.5038,233.8779,82.0076,1.10449,-1.40308,-1.31641,-182.9924,250.1298,-4.2519
555980068,-2.00000,-0.38501,-2.00000,-74.2137,250.1298,82.4275,1.07800,-1.40381,-1.30298,-179.8397,250.1298,-6.0916
555981067,-2.00000,0.27393,-2.00000,-60.8473,250.1298,81.2061,1.04980,-1.40454,-1.28955,-176.5038,250.1298,-8.1298
555982067,-1.38574,0.53137,-2.00000,-72.1832,250.1298,89.7328,1.01917,-1.40503,-1.27539,-173.0153,250.1298,-10.3588
555983068,-1.45496,0.06775,-2.00000,-79.5115,250.1298,99.5954,0.98523,-1.40515,-1.26062,-169.4046,250.1298,-12.7557
555984067,-1.51196,-0.12610,-2.00000,-58.5878,250.1298,97.5802,0.94812,-1.40393,-1.24597,-165.7252,250.1298,-15.3053
555985067,-1.42041,0.11731,-2.00000,-5.1450,217.1985,83.4733,0.90833,-1.40173,-1.22998,-162.0229,250.1298,-17.9695
555986068,-1.34753,0.04431,-2.00000,75.6947,190.3588,61.5267,0.86633,-1.39856,-1.21155,-158.3817,250.1298,-20.6794
555987068,-1.15393,-0.04761,-2.00000,121.3664,189.1908,48.6641,0.82239,-1.39404,-1.19067,-154.8626,250.1298,-23.4580
555988068,-1.43604,0.25842,-2.00000,84.6260,188.0763,58.4198,0.77637,-1.38855,-1.16638,-151.5191,250.1298,-26.2748
555989067,-2.00000,0.37354,-2.00000,40.5573,188.3130,74.0534,0.72839,-1.38220,-1.13879,-148.4122,250.1298,-29.0763
555990068,-2.00000,-0.21130,-2.00000,59.9695,215.8931,72.3053,0.67810,-1.37378,-1.10657,-145.5802,250.1298,-31.8397
555991067,-2.00000,-0.74097,-2.00000,87.7786,250.1298,61.2977,0.62537,-1.36243,-1.06848,-143.0992,250.1298,-34.5573
555992068,-2.00000,-0.25024,-2.00000,64.3664,250.1298,61.1832,0.56970,-1.34851,-1.02551,-141.0916,250.1298,-37.1985
555993067,-2.00000,0.67236,-2.00000,12.1221,250.1298,78.7328,0.51099,-1.33179,-0.97791,-139.5954,250.1298,-39.7405
555994068,-2.00000,0.96069,-2.00000,-31.8779,250.1298,106.0763,0.44983,-1.31226,-0.92578,-138.6412,250.1298,-42.1756
555995068,-1.96436,1.01208,-2.00000,-24.1221,250.1298,132.1145,0.38562,-1.29065,-0.86963,-138.3053,250.1298,-44.4885
555996068,-2.00000,0.87622,-2.00000,30.8168,250.1298,133.5649,0.31714,-1.26855,-0.80859,-138.6183,250.1298,-46.6947
555997068,-2.00000,0.49890,-2.00000,106.0992,250.1298,122.1374,0.24438,-1.24524,-0.74329,-139.6412,250.1298,-48.7557
555998068,-2.00000,-0.41675,-2.00000,173.7481,250.1298,109.8092,0.16833,-1.22021,-0.67456,-141.4427,250.1298,-50.6183
555999068,-1.79272,-1.65271,-2.00000,181.8168,250.1298,108.7786,0.08936,-1.19434,-0.60156,-144.0076,250.1298,-52.3206
556000068,-2.00000,-2.00000,-2.00000,173.7405,250.1298,99.3435,0.00793,-1.16711,-0.52502,-147.3511,250.1298,-53.8550
556001068,-2.00000,-2.00000,-2.00000,230.8702,250.1298,55.2748,-0.07642,-1.13989,-0.44531,-151.5115,250.1298,-55.2290
556002067,-2.00000,-2.00000,-2.00000,250.1298,250.1298,10.0229,-0.16284,-1.11389,-0.36304,-156.5344,250.1298,-56.4427
556003068,-2.00000,-2.00000,-2.00000,250.1298,250.1298,-6.8702,-0.24939,-1.08923,-0.27795,-162.4351,250.1298,-57.5344
556004068,-2.00000,-2.00000,-2.00000,212.6565,250.1298,-14.0458,-0.33484,-1.06653,-0.19006,-169.1603,250.1298,-58.5115
556005067,-2.00000,-2.00000,-2.00000,190.5725,250.1298,-25.2366,-0.41956,-1.04700,-0.10132,-176.6794,250.1298,-59.3893
556006068,-2.00000,-2.00000,-2.00000,176.3359,250.1298,-32.3740,-0.50378,-1.03076,-0.01233,-184.8931,250.1298,-60.2061
556007068,-2.00000,-2.00000,-1.90857,118.0305,250.1298,-24.5649,-0.58594,-1.01807,0.07764,-193.6947,250.1298,-60.9771
556008068,-1.32458,-2.00000,0.58850,59.6565,250.1298,-15.5344,-0.66345,-1.00916,0.16821,-202.9542,250.1298,-61.7405
556009068,-0.41931,0.81458,1.99994,62.1298,250.1298,-9.1985,-0.73718,-1.00354,0.25830,-212.5420,250.1298,-62.4198
556010067,-0.15112,1.99994,1.96350,113.8244,250.1298,3.0763,-0.80688,-1.00085,0.34680,-222.3588,250.1298,-63.0305
556011067,-1.59863,0.93677,-0.37659,174.4962,250.1298,14.4809,-0.87097,-1.00134,0.43396,-232.2672,250.1298,-63.5802
556012067,-2.00000,-1.28613,-0.68762,202.8626,250.1298,9.7481,-0.92908,-1.00403,0.52014,-242.1756,250.1298,-64.0611
556013065,-1.65137,-2.00000,0.47375,195.7557,250.1298,-6.6947,-0.97974,-1.00879,0.60474,-250.1374,250.1298,-64.4580
556014068,-2.00000,-2.00000,0.04614,206.3511,250.1298,-34.8626,-1.02148,-1.01355,0.68799,-250.1374,250.1298,-64.7405
556015067,-2.00000,-2.00000,-0.60266,250.1298,250.1298,-73.0229,-1.05396,-1.01746,0.77222,-250.1374,250.1298,-64.9008
556016068,-2.00000,-1.97266,-0.21899,250.1298,250.1298,-103.2519,-1.07886,-1.02185,0.85681,-250.1374,250.1298,-64.9237
556017067,-2.00000,-1.85596,-0.84412,250.1298,250.1298,-103.2824,-1.09595,-1.02783,0.94067,-250.1374,250.1298,-64.8015
556018067,-2.00000,-2.00000,-0.53015,250.1298,250.1298,-74.9084,-1.10522,-1.03455,1.02539,-250.1374,250.1298,-64.5420
556019067,-2.00000,-2.00000,1.30957,128.1603,250.1298,-43.9237,-1.10583,-1.04150,1.11011,-250.1374,250.1298,-64.1756
556020067,-1.77393,-2.00000,1.99994,41.7939,250.1298,-27.9160,-1.09753,-1.04932,1.19568,-250.1374,248.5115,-63.7176
556021067,-1.57715,-2.00000,1.85583,36.1679,250.1298,-32.0076,-1.08142,-1.05701,1.28308,-250.1374,229.5191,-63.1603
556022067,-1.13745,-1.03467,1.99994,70.5573,250.1298,-40.4351,-1.05774,-1.06396,1.37183,-250.1374,210.8473,-62.5038
556023065,0.17834,0.00757,1.99994,63.4351,250.1298,-30.2824,-1.02625,-1.07019,1.46118,-250.1374,192.6336,-61.7634
556024069,0.52222,-0.28601,1.99994,22.1679,250.1298,-11.9466,-0.98767,-1.07507,1.55139,-250.1374,174.9847,-60.9084
556025067,-0.02490,-1.39905,1.99994,43.7710,250.1298,-21.4580,-0.94177,-1.07922,1.64258,-250.1374,158.0611,-59.9618
556026067,-0.29028,-2.00000,1.99994,161.0382,250.1298,-72.3130,-0.88940,-1.08301,1.73364,-250.1374,141.9542,-58.9542
556027067,-0.77197,-2.00000,1.99994,250.1298,250.1298,-127.4504,-0.83203,-1.08850,1.82385,-250.1374,126.7710,-57.8855
556028067,-1.45642,-2.00000,1.99994,250.1298,250.1298,-146.1527,-0.77002,-1.09619,1.91382,-250.1374,112.6031,-56.7939
556029067,-1.31799,-2.00000,1.99994,216.2214,250.1298,-129.6870,-0.70361,-1.10547,1.99994,-250.1374,99.5496,-55.6489
556030065,-0.11548,-1.29504,1.99994,136.1298,250.1298,-103.4275,-0.63428,-1.11731,1.99994,-250.1374,87.6794,-54.4656
556031069,0.23462,-0.51233,1.99994,84.0382,250.1298,-79.7176,-0.49255,-1.14880,1.99994,-250.1374,67.6718,-52.0076
556032067,-0.30762,-0.89758,1.99994,54.5344,250.1298,-50.9237,-0.42114,-1.16895,1.99994,-250.1374,59.5191,-50.6947
556033067,-0.27307,-2.00000,1.99994,8.2137,250.1298,-12.5344,-0.35120,-1.19116,1.99994,-250.1374,52.6641,-49.3053
556034067,-0.19763,-2.00000,1.99994,-100.5573,250.1298,26.0305,-0.28308,-1.21423,1.99994,-250.1374,47.0611,-47.8015
556035068,0.33374,-2.00000,1.99994,-209.2443,250.1298,39.7176,-0.21692,-1.23755,1.99994,-250.1374,42.6641,-46.1908
556036067,1.43079,-2.00000,1.99994,-231.0153,250.1298,21.7328,-0.15479,-1.26196,1.99994,-250.1374,39.4351,-44.5038
556037067,1.87195,0.07495,1.99994,-185.5649,250.1298,-0.1756,-0.09631,-1.28723,1.99994,-250.1374,37.2824,-42.7176
556038065,1.36230,1.20276,1.99994,-134.0534,250.1298,-9.1908,-0.03967,-1.31238,1.99994,-250.1374,36.1374,-40.8626
556039065,0.68787,0.06360,1.99994,-89.3740,250.1298,-11.5954,0.01355,-1.33655,1.99994,-250.1374,35.9160,-38.9542
556040065,0.39319,-2.00000,1.99994,-65.4275,237.5191,-18.7939,0.06226,-1.35864,1.99994,-250.1374,36.5420,-37.0000
556041065,0.28259,-2.00000,1.99994,-77.2519,223.2901,-40.9542,0.10645,-1.37878,1.99994,-250.1374,37.8779,-35.0153
556042065,0.79602,-2.00000,1.99994,-116.8321,236.4733,-70.5115,0.14551,-1.39636,1.99994,-250.1374,39.8473,-33.0534
556043068,1.35583,-1.68042,1.99994,-169.6870,238.9618,-84.0840,0.18030,-1.41138,1.99994,-250.1374,42.3893,-31.1069
556044068,0.72363,1.99994,1.99994,-220.1450,208.3511,-58.2901,0.21179,-1.42383,1.99994,-250.1374,45.4198,-29.1832
556045068,0.21948,1.99994,1.99994,-250.1374,187.9313,4.2137,0.23987,-1.43359,1.99994,-250.1374,48.8473,-27.2901
556046067,0.69556,-0.61194,1.99994,-250.1374,178.3130,62.0534,0.26355,-1.44153,1.99994,-247.2595,52.5725,-25.4580
556047067,1.06140,-2.00000,1.99994,-250.1374,159.4885,85.8473,0.28284,-1.44727,1.99994,-236.4733,56.5038,-23.6947
556048067,0.77917,-2.00000,1.99994,-250.1374,135.4275,74.7099,0.29846,-1.44946,1.99994,-225.4122,60.5573,-21.9542
556049068,0.20337,0.80103,1.99994,-250.1374,114.3435,48.8473,0.31091,-1.44788,1.99994,-214.1527,64.6947,-20.2061
556050067,0.18640,1.99994,1.99994,-250.1374,103.9847,42.0382,0.32056,-1.44312,1.99994,-202.7557,68.8702,-18.4046
556051068,0.49353,1.99994,1.99994,-222.0992,93.8626,57.4046,0.32727,-1.43567,1.99994,-191.2672,73.0076,-16.5954
556052067,0.27356,-1.15991,1.99994,-189.0153,77.9924,64.1908,0.32996,-1.42590,1.99994,-179.7634,77.1145,-14.7710
556053067,-0.20740,-2.00000,0.87158,-160.2519,71.9313,45.1679,0.32910,-1.41125,1.99994,-168.4046,81.0840,-12.8855
556054067,-0.93347,-2.00000,-0.66113,-155.9924,81.5954,19.6107,0.32788,-1.39734,1.99994,-157.3664,84.6718,-10.8397
556055068,-1.51453,-2.00000,-0.31506,-205.4504,107.2137,15.0763,0.32397,-1.38501,1.99994,-146.3817,88.0000,-8.8015
556056068,-0.79346,-1.93591,1.10510,-250.1374,144.1832,32.6183,0.31653,-1.36707,1.99994,-135.4504,91.0076,-6.9542
556057067,0.07678,-0.26025,1.52759,-250.1374,156.6489,54.2061,0.30664,-1.34558,1.99994,-124.8244,93.7176,-5.1985
556058068,-0.02917,0.08276,1.10498,-250.1374,144.7252,74.0458,0.29419,-1.32202,1.99994,-114.6641,96.0382,-3.4046
556059068,0.23267,-1.19897,1.60632,-250.1374,147.3206,89.5344,0.28149,-1.29602,1.99994,-105.0076,97.8931,-1.5573
556060068,0.84839,-2.00000,1.99994,-250.1374,147.0687,96.2748,0.26697,-1.26709,1.99994,-95.8931,99.2443,0.2748
556061068,0.68506,-1.48254,1.81079,-250.1374,123.6260,91.4962,0.25049,-1.23621,1.99994,-87.3588,100.1145,2.0763
556062068,0.38147,0.27319,1.61987,-250.1374,92.1450,73.8779,0.23364,-1.20435,1.99994,-79.3893,100.4580,3.8321
556063068,0.67969,1.88538,1.99994,-250.1374,61.1832,52.2595,0.21667,-1.17053,1.99994,-71.9771,100.3282,5.5344
556064068,0.83582,1.99994,1.99994,-207.3893,24.4733,41.1603,0.20081,-1.13586,1.99994,-65.1145,99.7710,7.1679
556065067,0.08057,0.59229,1.07031,-151.8244,-11.0687,42.0305,0.18457,-1.10120,1.99994,-58.8244,98.7099,8.7405
556066068,-0.45410,-0.89221,-0.32385,-148.1908,-11.5725,43.6489,0.16760,-1.06628,1.99994,-53.1221,97.0687,10.2366
556067067,-0.29883,-0.40234,-0.45801,-156.9313,17.1450,35.7634,0.15076,-1.03162,1.99994,-47.9924,94.7557,11.6565
556068068,-0.46582,0.96155,-0.39758,-141.8855,31.3053,31.2214,0.13367,-0.99695,1.99994,-43.3969,91.8779,12.9618
556069068,-0.98511,0.48718,-1.73865,-120.5267,19.3817,47.5115,0.11560,-0.96399,1.99994,-39.3359,88.4885,14.1756
556070068,-1.69934,-1.41174,-2.00000,-133.7328,8.4427,74.6031,0.09729,-0.93372,1.97314,-35.7786,84.6336,15.2824
556071067,-2.00000,-2.00000,-2.00000,-169.9160,19.7405,90.4580,0.08093,-0.90466,1.92883,-32.6794,80.3206,16.2901
556072068,-1.99939,-2.00000,-2.00000,-197.7176,52.2137,88.2901,0.06567,-0.87720,1.88416,-30.0611,75.5573,17.2214
556073068,-2.00000,-2.00000,-2.00000,-200.5496,78.4122,78.2672,0.05090,-0.85339,1.83850,-27.9237,70.3664,18.0763
556074068,-2.00000,-2.00000,-2.00000,-172.0153,102.7252,65.0687,0.03882,-0.83313,1.79272,-26.2214,64.7481,18.8244
556075067,-1.80493,-2.00000,-1.90356,-138.8244,131.4962,51.4122,0.02869,-0.81494,1.74646,-24.9389,58.7328,19.4351
556076068,-1.62122,-2.00000,-1.72876,-132.8473,159.9542,38.1527,0.01965,-0.79858,1.69910,-24.0382,52.3359,19.9771
556077068,-1.36682,-2.00000,-1.31909,-130.9008,193.4656,18.7405,0.01208,-0.78455,1.65234,-23.4733,45.5725,20.4809
556078068,-0.96704,-1.89771,-0.62817,-107.4427,209.8321,-4.1679,0.00696,-0.77197,1.60693,-23.2519,38.5115,20.9160
556079068,-0.68127,-1.40637,-0.29639,-79.0229,196.1298,-19.8855,0.00525,-0.76038,1.56201,-23.3359,31.2672,21.2519
556080067,-0.51855,-1.13330,-0.29053,-65.0992,169.7023,-23.4198,0.00610,-0.75037,1.51636,-23.6870,23.8321,21.5038
556081067,-0.38916,-1.19604,-0.12085,-69.1069,149.0000,-16.9237,0.00928,-0.74268,1.47119,-24.3053,16.2290,21.7557
556082067,-0.13879,-1.23706,0.49573,-86.3053,137.7328,-5.4733,0.01550,-0.73792,1.42627,-25.1221,8.5191,21.9847
556083067,0.03174,-0.96313,0.79724,-100.3359,124.6107,6.3740,0.02429,-0.73486,1.38159,-26.1221,0.7863,22.1527
556084067,-0.07739,-0.51233,0.43018,-100.2595,113.4275,15.4809,0.03540,-0.73352,1.33923,-27.2519,-6.9466,22.2748
556085067,-0.35522,-0.16162,0.05603,-93.8473,114.0611,21.5191,0.04858,-0.73242,1.29822,-28.4733,-14.6489,22.3359
556086067,-0.61755,0.10828,0.24255,-89.7786,128.4198,23.1374,0.06384,-0.73218,1.25781,-29.8015,-22.2595,22.3511
556087068,-0.22388,0.85120,1.12476,-81.4198,155.4885,18.1985,0.08118,-0.73340,1.21887,-31.2214,-29.7328,22.3664
556088068,0.47095,1.99994,1.96289,-53.3740,172.6183,7.2137,0.09985,-0.73511,1.18066,-32.7099,-37.0382,22.3817
556089068,0.28052,1.99994,1.24988,9.7405,151.1145,-1.6260,0.11975,-0.73816,1.14294,-34.2824,-44.1603,22.3588
556090067,-0.12341,1.42432,0.08777,102.9008,120.6718,-12.6107,0.14075,-0.74170,1.10608,-35.9160,-51.0763,22.2824
556091068,0.04126,-0.62646,0.50110,169.8931,102.5954,-26.8931,0.16321,-0.74548,1.06970,-37.5802,-57.7557,22.1679
556092067,0.10681,-0.91089,1.21130,170.9542,90.8550,-34.6947,0.18652,-0.75134,1.03394,-39.2672,-64.1679,22.0611
556093067,-0.44690,-0.27625,0.73474,152.2824,80.1527,-33.1679,0.21069,-0.75952,0.99951,-40.9466,-70.3359,21.9389
556094067,-0.97766,-0.91650,1.13416,156.6794,84.5649,-24.1603,0.23584,-0.76953,0.96411,-42.5954,-76.2137,21.8168
556095067,-0.33105,-2.00000,1.99994,139.5267,132.8321,-12.4504,0.26135,-0.78137,0.92810,-44.1985,-81.7557,21.6718
556096067,1.11133,-2.00000,1.99994,57.0000,179.7481,7.7939,0.28638,-0.79504,0.89417,-45.7023,-86.9160,21.5344
556097067,0.61658,-1.62341,1.99994,-41.9160,183.3817,26.0229,0.31201,-0.80969,0.86145,-47.1069,-91.7328,21.3893
556098067,0.30200,-0.72339,1.99994,-67.7863,192.7557,25.8779,0.33899,-0.82483,0.82898,-48.3969,-96.1527,21.2366
556099065,1.99994,-0.26819,1.99994,-49.2748,200.1527,19.7252,0.36633,-0.84106,0.79553,-49.5344,-100.1679,21.0916
556100069,1.99994,-0.47217,1.99994,-77.0076,115.8168,33.1221,0.39282,-0.85925,0.76062,-50.4733,-103.8397,20.9695
556101067,1.51758,-0.77368,1.99994,-101.1145,25.7023,37.6565,0.41870,-0.87903,0.72681,-51.1985,-107.1603,20.8550
556102067,1.99994,-0.24377,1.99994,-63.8626,-6.0382,20.9618,0.44519,-0.89893,0.69568,-51.7176,-110.1069,20.7405
556103065,1.99994,0.47217,1.99994,-26.3511,-55.7481,14.7481,0.47144,-0.91882,0.66455,-52.0153,-112.6260,20.6412
556104069,1.53711,0.91553,1.99994,-14.3511,-110.1069,22.1374,0.49622,-0.93774,0.63306,-52.0916,-114.7099,20.5496
556105068,0.67322,0.64966,1.99994,19.2748,-134.7863,27.8473,0.51941,-0.95581,0.60254,-51.9466,-116.4198,20.4885
556106068,0.27991,-0.43176,1.99994,59.7405,-138.1908,29.7710,0.54248,-0.97388,0.57263,-51.5725,-117.7786,20.4122
556107067,-0.27905,-1.65222,1.59155,61.7328,-138.3893,28.7786,0.56567,-0.99182,0.54395,-50.9771,-118.7481,20.3435
556108068,-1.04907,-2.00000,0.09875,42.3282,-136.3893,24.9695,0.58801,-1.00928,0.51746,-50.1450,-119.3359,20.3053
556109067,-1.41846,-2.00000,-0.42725,26.5649,-118.8473,19.6718,0.60864,-1.02478,0.49304,-49.1069,-119.5573,20.2824
556110068,-1.52698,-2.00000,-0.08533,-1.9160,-92.2290,16.5802,0.62708,-1.03784,0.46960,-47.8779,-119.4504,20.2290
556111067,-1.56604,-2.00000,0.52124,-55.0840,-52.8473,14.9008,0.64453,-1.04932,0.44702,-46.5115,-119.0305,20.1908
556112068,-0.98669,-2.00000,1.46704,-109.2901,-3.1908,12.0153,0.66272,-1.05945,0.42590,-45.0153,-118.3130,20.1603
556113068,-0.29968,-0.33789,1.99994,-148.6565,33.7252,13.0840,0.68079,-1.06775,0.40491,-43.3817,-117.3282,20.1374
556114068,0.14148,0.54565,1.99994,-172.9542,47.7176,24.4122,0.69751,-1.07446,0.38330,-41.6183,-116.0458,20.1145
556115068,1.09509,0.13306,1.99994,-168.7634,43.5420,35.8244,0.71301,-1.08008,0.36182,-39.7634,-114.4962,20.0763
556116068,1.81750,-0.34497,1.99994,-139.5573,16.0534,34.7405,0.72693,-1.08472,0.34204,-37.8244,-112.6870,20.0305
556117068,1.83350,-0.57373,1.99994,-112.7634,-36.2901,27.7557,0.73889,-1.08740,0.32422,-35.8244,-110.6183,19.9924
556118067,1.70447,-0.45898,1.99994,-93.9389,-96.6794,20.9313,0.74915,-1.08899,0.30688,-33.7939,-108.3664,19.9695
556119067,1.48120,0.29639,1.99994,-74.7939,-148.2824,16.0763,0.75842,-1.09009,0.29053,-31.7176,-105.9542,19.9389
556120067,1.46008,1.32141,1.99994,-60.7710,-176.1145,16.2061,0.76672,-1.09045,0.27478,-29.5954,-103.4122,19.9237
556121067,1.55371,1.58960,1.99994,-58.1832,-196.8397,26.3588,0.77319,-1.09033,0.25903,-27.4504,-100.7023,19.9008
556122065,1.17114,0.82434,1.99994,-68.1450,-219.9771,42.6183,0.77881,-1.08997,0.24353,-25.2901,-97.8626,19.8702
556123065,0.52917,0.20764,1.99994,-91.2214,-231.5496,55.3282,0.78442,-1.08923,0.22913,-23.1221,-94.9466,19.8168
556124069,0.15161,0.06653,1.62122,-121.4122,-230.3893,65.8321,0.78906,-1.08765,0.21606,-20.9313,-91.9313,19.7634
556125068,-0.16858,0.13464,1.10559,-143.9924,-223.6260,74.2137,0.79187,-1.08472,0.20203,-18.7481,-88.8244,19.7328
556126068,-0.36890,0.40503,1.14075,-147.2519,-215.5115,79.0305,0.79407,-1.08057,0.18713,-16.6031,-85.6336,19.6718
556127068,-0.52832,0.36023,0.45312,-135.3435,-221.1069,85.4122,0.79565,-1.07605,0.17419,-14.4504,-82.3893,19.5802
556128068,-0.92639,-0.37000,-0.97583,-121.4885,-233.0458,91.4962,0.79456,-1.07141,0.16211,-12.3282,-79.0992,19.4885
556129068,-1.02539,-1.20496,-1.39343,-106.8779,-224.7176,86.8092,0.79285,-1.06592,0.14978,-10.2290,-75.7557,19.4427
556130068,-0.88684,-1.31494,-0.53699,-93.5038,-201.0000,72.2290,0.79211,-1.05957,0.13782,-8.1374,-72.3511,19.4046
556131068,-0.99353,-0.21069,-0.98059,-89.5420,-172.7099,54.0458,0.79065,-1.05298,0.12585,-6.1069,-68.9237,19.3817
556132067,-1.23401,-0.27551,-1.49756,-85.1298,-159.8244,53.3511,0.78857,-1.04529,0.11450,-4.1298,-65.4656,19.3740
556133067,-0.96191,-0.93970,-0.94238,-83.6947,-135.7939,52.0076,0.78589,-1.03540,0.10364,-2.2061,-62.0000,19.3435
556134068,-0.48303,-1.43762,-0.18213,-96.8092,-118.1679,50.6870,0.78052,-1.01318,0.08337,1.5038,-55.1221,19.1374
556135067,-0.42407,-1.27124,-0.25952,-110.3969,-121.8397,50.6336,0.77869,-1.00000,0.07422,3.2519,-51.6870,19.0305
556136068,-0.38965,-0.60815,-0.32959,-105.8473,-129.7481,50.1374,0.77576,-0.98767,0.06482,4.9008,-48.2824,18.9389
556137068,-0.23938,-0.24890,-0.03638,-94.1908,-138.9618,53.5649,0.77234,-0.97668,0.05481,6.4580,-44.9466,18.8702
556138067,-0.24561,-0.51624,0.03821,-91.6947,-150.2901,61.2061,0.76880,-0.96570,0.04407,7.9389,-41.6794,18.7939
556139068,-0.25391,-0.82703,0.02466,-90.7328,-158.6107,64.8397,0.76453,-0.95435,0.03296,9.3664,-38.4809,18.7176
556140068,-0.21338,-0.78015,-0.09302,-84.2443,-163.0687,61.3435,0.75977,-0.94275,0.02258,10.6870,-35.3511,18.6183
556141067,-0.28333,-0.49939,-0.41138,-78.6031,-162.3740,55.2748,0.75488,-0.93164,0.01147,11.8931,-32.3282,18.5267
556142067,-0.35571,-0.21265,-0.51331,-73.8779,-152.1832,49.9313,0.75000,-0.92175,-0.00037,12.9924,-29.4275,18.4351
556143067,-0.31433,-0.03296,-0.03625,-66.1374,-135.8092,46.1374,0.74585,-0.91248,-0.01294,14.0000,-26.6412,18.3359
556144067,-0.17358,-0.15186,0.30310,-56.3511,-124.0229,44.8092,0.74194,-0.90344,-0.02637,14.9389,-23.9237,18.2366
556145067,-0.19666,-0.55530,0.04407,-44.1069,-123.2901,43.8321,0.73792,-0.89453,-0.03894,15.7939,-21.2977,18.1374
556146067,-0.26953,-0.88977,-0.16309,-29.9389,-126.7481,40.8168,0.73401,-0.88562,-0.05127,16.5649,-18.7634,18.0992
556147067,-0.03748,-0.88123,-0.04712,-18.3664,-133.5191,37.6107,0.73035,-0.87720,-0.06421,17.2748,-16.3588,18.0916
556148067,0.01147,-0.72766,-0.09802,-13.8015,-153.0916,39.1756,0.72620,-0.86938,-0.07629,17.9084,-14.0534,18.0458
556149067,-0.05054,-0.81763,-0.48657,-7.8168,-174.7939,43.2901,0.72156,-0.86230,-0.08752,18.5038,-11.8473,17.9924
556150067,-0.18420,-1.01526,-0.96558,3.2824,-193.3740,44.1908,0.71826,-0.85535,-0.09814,19.0763,-9.7405,17.9542
556151067,-0.58325,-1.31982,-1.76843,10.5344,-206.0687,42.5344,0.71533,-0.84802,-0.10852,19.6489,-7.7252,17.9084
556152068,-0.92249,-1.57898,-2.00000,6.6718,-200.1069,38.5802,0.71179,-0.84131,-0.11780,20.2137,-5.7863,17.8855
556153067,-1.34741,-1.52417,-2.00000,-5.5115,-184.3282,34.3435,0.70837,-0.83484,-0.12683,20.7252,-3.8931,17.8626
556154068,-1.71216,-1.36658,-2.00000,-13.3130,-161.9695,29.7252,0.70508,-0.82764,-0.13660,21.1908,-2.0916,17.8473
556155068,-1.81262,-1.04688,-2.00000,-6.1221,-130.1450,21.2137,0.70081,-0.82166,-0.14539,21.6489,-0.3588,17.8244
556156068,-1.78638,-0.37903,-2.00000,15.3664,-96.9618,10.0458,0.69568,-0.81714,-0.15381,22.0916,1.3053,17.8244
556157067,-1.59973,0.23279,-2.00000,45.5038,-69.0458,2.1298,0.68994,-0.81226,-0.16223,22.4733,2.8855,17.8092
556158067,-1.59058,0.08362,-2.00000,75.0153,-56.1298,0.4198,0.68518,-0.80737,-0.16943,22.8015,4.3817,17.7786
556159068,-1.55334,-0.60876,-2.00000,98.2748,-44.0916,-0.8473,0.68152,-0.80286,-0.17590,23.0763,5.8015,17.7863
556160068,-1.14673,-1.01904,-2.00000,118.5420,-27.6412,-7.3359,0.67773,-0.79932,-0.18188,23.3053,7.1527,17.8015
556161068,-0.98181,-1.02856,-2.00000,134.3588,-20.5115,-14.8931,0.67371,-0.79663,-0.18616,23.5038,8.4275,17.8092
556162068,-0.98840,-0.70239,-2.00000,146.2901,-13.0992,-21.0076,0.67004,-0.79480,-0.18982,23.6641,9.6260,17.8015
556163068,-0.86780,-0.20239,-2.00000,161.7481,-2.3435,-25.2137,0.66736,-0.79358,-0.19348,23.8015,10.7939,17.8092
556164068,-0.88342,-0.36987,-2.00000,172.2519,7.6718,-23.5115,0.66431,-0.79272,-0.19690,23.8931,11.8931,17.8397
556165068,-0.87842,-1.32495,-2.00000,163.1832,23.1450,-18.5191,0.66125,-0.79102,-0.20154,23.9237,12.8931,17.8626
556166068,-0.69263,-1.92493,-1.84753,148.9008,41.2901,-20.3206,0.65796,-0.78931,-0.20654,23.9542,13.8015,17.9008
556167068,-0.62891,-1.54590,-1.59570,146.1756,50.9924,-28.8397,0.65540,-0.78796,-0.21008,23.9542,14.6489,17.9389
556168067,-0.62390,-0.95105,-1.61987,147.0229,53.4809,-32.8168,0.65295,-0.78662,-0.21362,23.9008,15.4275,17.9771
556169067,-0.48840,-0.91333,-1.34668,147.7405,52.7710,-29.5267,0.65002,-0.78613,-0.21716,23.7634,16.1374,18.0076
556170067,-0.32068,-1.23901,-0.88416,147.7710,50.0916,-24.7710,0.64758,-0.78613,-0.22070,23.5802,16.7863,18.0382
556171068,-0.17114,-1.44177,-0.60095,138.4275,47.2824,-21.5191,0.64600,-0.78552,-0.22388,23.3664,17.3817,18.0687
556172067,-0.18628,-1.40332,-0.56775,127.6336,44.6260,-20.8321,0.64539,-0.78418,-0.22607,23.1679,17.9389,18.1069
556173067,-0.30188,-1.25928,-0.52087,129.6565,46.3359,-23.7710,0.64465,-0.78223,-0.22913,22.9313,18.4504,18.1527
556174067,-0.21619,-1.11060,-0.26868,135.8397,53.0382,-28.0076,0.64429,-0.77979,-0.23340,22.6336,18.9008,18.2061
556175067,-0.18677,-0.82361,-0.16772,135.8092,57.0992,-31.7557,0.64380,-0.77649,-0.23804,22.2901,19.2977,18.2595
556176068,-0.43481,-0.27527,-0.47644,133.9618,58.5267,-34.9466,0.64355,-0.77319,-0.24182,21.9008,19.6412,18.3282
556177067,-0.62048,-0.04565,-0.73999,135.5344,61.2977,-33.7863,0.64270,-0.77002,-0.24426,21.4580,19.9389,18.3817
556178067,-0.68091,-0.89026,-0.51746,142.2595,62.0840,-27.8397,0.64062,-0.76660,-0.24585,20.9924,20.1756,18.4198
556179068,-0.50500,-2.00000,0.01526,153.9008,66.5649,-27.6870,0.63733,-0.76379,-0.24670,20.4962,20.3664,18.4427
556180068,-0.32983,-2.00000,0.28235,160.1374,72.7328,-34.9542,0.63330,-0.76111,-0.24622,19.9466,20.5038,18.4351
556181067,-0.57568,-1.39307,-0.13916,150.4733,73.1985,-36.9847,0.62964,-0.75720,-0.24463,19.3359,20.5649,18.3969
556182067,-0.55383,-1.18225,-0.46887,131.8092,79.2443,-29.7328,0.62561,-0.75208,-0.24194,18.6489,20.5115,18.3359
556183067,-0.20410,-1.39587,0.09045,108.7099,86.9466,-21.0534,0.62146,-0.74670,-0.23804,17.9313,20.3817,18.2595
556184067,0.02979,-1.49426,1.00244,82.4122,91.0534,-15.9389,0.61682,-0.74194,-0.23340,17.1527,20.1679,18.1221
556185067,0.27844,-1.54004,1.64746,67.9924,95.2214,-17.4351,0.61292,-0.73792,-0.22815,16.2824,19.8855,17.9389
556186067,0.34253,-1.56824,1.78845,71.9313,92.8550,-24.5267,0.60974,-0.73364,-0.22119,15.3130,19.5344,17.7099
556187067,0.39282,-1.36084,1.84485,78.2366,89.2519,-32.0000,0.60632,-0.72839,-0.21191,14.2672,19.1145,17.4351
556188067,0.60266,-0.89746,1.99994,71.4122,85.6107,-34.8397,0.60193,-0.72278,-0.20215,13.1145,18.5954,17.0840
556189067,0.78833,-0.40320,1.99994,60.3206,74.3435,-33.4275,0.59729,-0.71899,-0.19214,11.8321,17.9237,16.6641
556190067,0.92090,0.20728,1.99994,68.1908,54.3588,-33.2901,0.59326,-0.71606,-0.18127,10.4733,17.1298,16.2214
556191067,0.90222,0.58289,1.99994,92.6260,24.5038,-30.7481,0.58899,-0.71301,-0.17114,9.0458,16.2366,15.7481
556192068,0.75037,0.20959,1.94531,101.3206,-3.8779,-18.8626,0.58472,-0.71069,-0.16174,7.5573,15.2672,15.2519
556193067,0.58093,-0.51978,1.70605,83.0840,-20.6870,-1.6412,0.58179,-0.70911,-0.15308,6.0076,14.2061,14.7023
556194067,0.31726,-0.81860,1.23376,65.4656,-27.5802,8.1527,0.57996,-0.70740,-0.14478,4.4046,13.0458,14.1069
556195067,0.03552,-0.50806,0.77405,68.0458,-27.2366,7.5496,0.57861,-0.70642,-0.13611,2.7557,11.7786,13.4809
556196067,-0.11389,-0.15039,0.39417,79.2061,-23.3893,4.7252,0.57800,-0.70715,-0.12817,1.0992,10.4275,12.8702
556197068,-0.25183,-0.31396,0.06836,81.3588,-16.2824,5.7023,0.57751,-0.70935,-0.12085,-0.5191,9.0153,12.2672
556198067,-0.31873,-1.08960,-0.10791,75.2977,-6.7405,6.5115,0.57678,-0.71252,-0.11475,-2.0840,7.5344,11.6489
556199068,-0.26648,-1.81299,-0.07043,71.8168,1.3664,0.0229,0.57654,-0.71704,-0.11011,-3.5725,5.9771,11.0229
556200068,-0.23633,-1.69617,0.03271,72.6336,5.1832,-12.1527,0.57886,-0.72314,-0.10596,-5.0229,4.4122,10.3969
556201068,-0.18750,-1.00659,0.04395,73.4198,5.8779,-19.2748,0.58289,-0.72998,-0.10156,-6.4046,2.8321,9.7557
556202067,-0.16077,-0.78699,-0.03259,73.4122,2.3817,-15.0763,0.58813,-0.73743,-0.09656,-7.6565,1.2672,9.0992
556203068,-0.17627,-1.22925,-0.21802,67.8855,-4.0229,-4.5191,0.59375,-0.74524,-0.09241,-8.7786,-0.2595,8.4427
556204068,-0.19531,-1.57886,-0.41870,54.2290,-9.4351,4.0000,0.59912,-0.75317,-0.08838,-9.7481,-1.7557,7.8244
556205067,-0.25391,-1.38770,-0.54321,39.3969,-11.3664,6.9160,0.60449,-0.76196,-0.08423,-10.5725,-3.1985,7.2519
556206067,-0.26929,-0.85840,-0.44031,29.5802,-7.9695,6.7710,0.61023,-0.77063,-0.08093,-11.2595,-4.5573,6.6718
556207067,-0.33936,-0.44397,-0.35974,25.1145,-7.5267,8.1679,0.61743,-0.77930,-0.07776,-11.8244,-5.8015,6.0992
556208068,-0.46118,-0.54846,-0.59424,26.8550,-9.6031,11.0534,0.62549,-0.78833,-0.07495,-12.2366,-6.9008,5.5725
556209068,-0.51782,-1.09351,-0.78076,31.4198,-6.7939,10.3740,0.63330,-0.79626,-0.07166,-12.5038,-7.8779,5.0763
556210068,-0.55200,-1.44934,-0.84021,35.0992,0.2366,3.6947,0.64124,-0.80420,-0.06787,-12.6489,-8.7481,4.6565
556211068,-0.49548,-1.29663,-0.87646,37.4885,10.5420,-4.7099,0.65015,-0.81250,-0.06592,-12.6870,-9.4962,4.2901
556212068,-0.41699,-0.89600,-0.87366,37.0992,16.2901,-7.7710,0.65906,-0.81995,-0.06348,-12.6031,-10.0992,3.9389
556213067,-0.29431,-0.71558,-0.68469,31.9466,20.1221,-3.1221,0.66711,-0.82703,-0.06006,-12.4351,-10.5573,3.5802
556214067,-0.08398,-0.91638,-0.34021,23.6489,22.7099,5.3053,0.67493,-0.83350,-0.05798,-12.1756,-10.8931,3.2748
556215068,0.02185,-1.19214,-0.08887,13.3969,21.5725,12.2519,0.68433,-0.83972,-0.05542,-11.8015,-11.0687,3.0076
556216067,0.04456,-1.23560,0.06177,6.1069,17.1679,15.3130,0.69421,-0.84607,-0.05164,-11.3435,-11.0611,2.7786
556217068,-0.00110,-1.18640,-0.06543,5.5191,8.6107,16.0153,0.70312,-0.85229,-0.04773,-10.8473,-10.9160,2.5420
556218068,-0.21973,-1.40674,-0.54285,8.7099,-3.8702,15.8321,0.71130,-0.85815,-0.04504,-10.3130,-10.6260,2.3053
556219068,-0.44055,-1.73071,-0.88293,14.7328,-12.0000,10.9160,0.71863,-0.86340,-0.04321,-9.7481,-10.1756,2.0763
556220067,-0.41504,-1.67786,-0.65088,24.3588,-9.7557,-0.2214,0.72693,-0.86841,-0.04126,-9.1298,-9.6031,1.8550
556221067,-0.34192,-1.31677,-0.28748,29.0076,-4.1069,-9.6718,0.73486,-0.87317,-0.03955,-8.4809,-8.9237,1.6489
556222067,-0.38208,-1.29370,-0.38721,22.8092,0.4046,-10.2366,0.74023,-0.87793,-0.03882,-7.7863,-8.0992,1.4504
556223068,-0.42090,-1.64954,-0.58020,9.5191,7.5649,-5.8550,0.74377,-0.88220,-0.03772,-7.0687,-7.1832,1.2443
556224067,-0.27991,-1.78064,-0.41724,-7.5802,17.8702,-1.6870,0.74780,-0.88684,-0.03552,-6.2977,-6.1679,1.0305
556225067,-0.09082,-1.53735,-0.27930,-25.3282,23.6031,2.4656,0.75256,-0.89221,-0.03467,-5.4885,-5.0382,0.8397
556226068,-0.13672,-1.22217,-0.52063,-37.4733,18.4656,8.2061,0.75659,-0.89795,-0.03650,-4.6260,-3.7939,0.6183
556227068,-0.09619,-1.04431,-0.58984,-44.1832,11.5649,15.1679,0.75952,-0.90405,-0.03967,-3.6794,-2.4733,0.3664
556228067,0.11951,-1.09998,-0.16919,-51.8015,5.0763,22.6794,0.76196,-0.90930,-0.04175,-2.6641,-1.0687,0.1374
556229067,0.11865,-1.35620,0.11353,-62.1603,-3.5496,27.8015,0.76440,-0.91394,-0.04382,-1.5802,0.4351,-0.0687
556230068,0.02148,-1.36499,0.08423,-64.0611,-9.9771,25.1374,0.76624,-0.91895,-0.04761,-0.4275,2.0000,-0.2519
556231068,0.00366,-0.83594,0.00085,-49.6031,-14.2748,15.3893,0.76709,-0.92346,-0.05273,0.8168,3.6260,-0.4427
556232068,-0.12451,-0.17175,-0.11243,-30.9695,-19.1374,7.5725,0.76733,-0.92761,-0.05847,2.1450,5.3359,-0.6336
556233068,-0.21509,-0.08679,-0.28857,-16.7557,-21.1145,6.2748,0.76782,-0.93103,-0.06384,3.5420,7.1374,-0.8550
556234068,-0.21484,-0.68274,-0.38538,-0.3511,-20.3893,5.5649,0.76770,-0.93347,-0.06909,5.0153,9.0153,-1.0458
556235067,-0.23486,-1.24219,-0.30750,13.4962,-18.7176,1.2137,0.76587,-0.93713,-0.08057,8.0687,12.9389,-1.2748
556236068,-0.15906,-1.19116,-0.18774,14.6107,-14.0763,-3.2443,0.76489,-0.93835,-0.08582,9.6641,14.9313,-1.3664
556237068,-0.13220,-0.76953,-0.32202,9.0000,-11.9389,-2.9618,0.76294,-0.93835,-0.08887,11.2977,16.9618,-1.4351
556238067,-0.19373,-0.55212,-0.50476,6.4580,-13.0687,2.2443,0.76001,-0.93677,-0.09045,12.9542,19.0076,-1.4809
556239067,-0.15161,-0.67468,-0.39893,6.7634,-16.4885,9.2214,0.75659,-0.93372,-0.09180,14.5725,21.0229,-1.5038
556240067,-0.13342,-0.94641,-0.36499,3.4351,-21.9847,15.5344,0.75195,-0.93054,-0.09265,16.1298,23.0305,-1.5038
556241068,-0.23975,-1.15637,-0.43140,-7.2748,-23.7481,19.8550,0.74707,-0.92639,-0.09399,17.6260,24.9771,-1.4809
556242067,-0.26294,-1.19275,-0.33899,-15.5954,-19.9695,20.5115,0.74194,-0.92163,-0.09546,18.9847,26.8244,-1.4046
556243067,-0.25610,-1.17114,-0.24878,-13.4656,-17.2366,18.4656,0.73584,-0.91577,-0.09607,20.2061,28.5573,-1.2595
556244067,-0.34460,-1.24951,-0.34985,-6.5878,-18.0382,16.0229,0.72839,-0.90906,-0.09680,21.2901,30.1756,-1.0382
556245067,-0.37317,-1.42407,-0.44470,-0.9389,-16.9084,12.8779,0.72168,-0.90125,-0.09851,22.1985,31.7099,-0.8015
556246067,-0.36499,-1.52710,-0.45154,3.0382,-15.3435,8.1679,0.71594,-0.89307,-0.09973,22.9542,33.0916,-0.5649
556247067,-0.36084,-1.40198,-0.41150,5.0840,-14.0763,3.0916,0.70935,-0.88635,-0.10010,23.5573,34.3282,-0.3130
556248067,-0.33777,-1.19470,-0.35608,7.7863,-14.0000,-0.0687,0.70190,-0.88013,-0.10022,24.0229,35.4351,-0.0153
556249067,-0.35449,-1.18225,-0.36804,10.6641,-13.9389,-0.3969,0.69434,-0.87415,-0.10120,24.3588,36.3893,0.2901
556250067,-0.35510,-1.33765,-0.33215,8.7328,-11.0458,1.0382,0.68738,-0.86890,-0.10303,24.6031,37.2290,0.6260
556251067,-0.33459,-1.41931,-0.28186,2.6107,-7.4198,2.3893,0.68091,-0.86426,-0.10547,24.7634,37.9771,0.9771
556252067,-0.32764,-1.31042,-0.27771,-1.9618,-5.2290,2.7023,0.67444,-0.86011,-0.10693,24.8168,38.6183,1.3511
556253067,-0.29333,-1.12427,-0.22546,-2.0763,-4.9924,2.5344,0.66772,-0.85645,-0.10742,24.7634,39.1374,1.7557
556254067,-0.23755,-1.04797,-0.12195,1.3053,-6.6336,2.5802,0.66125,-0.85315,-0.10852,24.6565,39.5344,2.1527
556255067,-0.20264,-1.08081,-0.05823,4.5038,-9.4885,2.5496,0.65527,-0.85168,-0.11011,24.5420,39.7939,2.5496
556256068,-0.18628,-1.07483,-0.02979,5.8626,-11.7710,1.6794,0.65051,-0.85022,-0.11096,24.4427,39.9084,2.9389
556257068,-0.19312,-1.04248,-0.03345,7.4504,-13.1069,0.2977,0.64648,-0.84778,-0.11084,24.3664,39.9084,3.3206
556258068,-0.22949,-1.08936,-0.08533,10.0229,-13.7786,-0.8321,0.64221,-0.84619,-0.10901,24.3282,39.8015,3.7023
556259068,-0.26733,-1.18774,-0.16028,12.0305,-14.2824,-1.4885,0.63782,-0.84509,-0.10596,24.3282,39.6107,4.0458
556260067,-0.29431,-1.23755,-0.24231,12.0611,-14.4962,-1.9389,0.63367,-0.84424,-0.10522,24.3511,39.3359,4.3282
556261067,-0.30701,-1.15845,-0.28491,9.2748,-13.8626,-2.1527,0.62964,-0.84253,-0.10425,24.3740,39.0000,4.5802
556262067,-0.29248,-0.99915,-0.25696,5.9008,-12.4351,-1.7863,0.62671,-0.84021,-0.10181,24.4046,38.6031,4.8321
556263068,-0.28040,-0.91223,-0.20557,5.2137,-11.4351,-0.9084,0.62415,-0.83826,-0.09912,24.4733,38.1527,5.0840
556264068,-0.29517,-1.07935,-0.20190,7.7176,-9.7863,0.2824,0.62122,-0.83704,-0.09521,24.5878,37.6412,5.2977
556265068,-0.30115,-1.17114,-0.21594,9.1298,-8.3053,-0.8168,0.61877,-0.83606,-0.08936,24.7023,37.1069,5.4809
556266068,-0.29700,-1.18103,-0.19299,11.4885,-7.2214,-2.8321,0.61743,-0.83459,-0.08350,24.8015,36.5420,5.6870
556267067,-0.28613,-1.15039,-0.16064,14.4427,-7.7176,-4.4198,0.61707,-0.83313,-0.07874,24.8931,35.9466,5.9084
556268068,-0.27747,-1.14832,-0.15698,16.0534,-8.9084,-4.8244,0.61707,-0.83142,-0.07300,24.9847,35.3588,6.1450
556269067,-0.26550,-1.16370,-0.14282,14.6336,-9.4885,-4.4504,0.61780,-0.82922,-0.06592,25.1145,34.8092,6.3740
556270067,-0.26038,-1.14807,-0.12659,10.9542,-9.5573,-3.8092,0.61755,-0.82800,-0.05896,25.2290,34.2366,6.6107
556271067,-0.27222,-1.11206,-0.14551,6.6947,-9.8168,-2.8397,0.61536,-0.82739,-0.05225,25.2824,33.6947,6.8779
556272067,-0.29663,-1.11926,-0.18127,2.9695,-10.2290,-1.5115,0.61401,-0.82617,-0.04504,25.3206,33.2214,7.1603
556273068,-0.30725,-1.20557,-0.18896,0.8855,-10.2061,-0.5573,0.61365,-0.82495,-0.03735,25.3359,32.7634,7.4351
556274067,-0.30005,-1.28333,-0.15112,0.5038,-9.4580,-0.9542,0.61316,-0.82263,-0.02954,25.3130,32.3359,7.7176
556275068,-0.29211,-1.25952,-0.10791,1.1145,-8.6565,-2.4427,0.61279,-0.82031,-0.02173,25.2595,31.9466,8.0076
556276068,-0.28699,-1.17615,-0.09290,2.4733,-8.0382,-4.0000,0.61267,-0.81885,-0.01318,25.1832,31.6031,8.2977
556277067,-0.27710,-1.12866,-0.06702,4.2366,-7.3817,-4.9924,0.61279,-0.81812,-0.00525,25.0992,31.2901,8.6031
556278067,-0.26697,-1.14539,-0.03027,5.3588,-7.0611,-5.4809,0.61292,-0.81702,0.00195,24.9924,31.0382,8.8931
556279067,-0.27124,-1.17810,-0.02014,5.3053,-7.4275,-5.8244,0.61243,-0.81519,0.00928,24.8397,30.8321,9.2061
556280067,-0.28674,-1.18262,-0.03296,4.1374,-8.2443,-6.1450,0.61133,-0.81458,0.01624,24.6412,30.6641,9.5191
556281065,-0.29639,-1.16479,-0.04016,2.0763,-9.1832,-6.0611,0.61035,-0.81470,0.02222,24.4351,30.5115,9.8168
556282065,-0.30042,-1.15967,-0.03821,-0.5802,-10.4198,-5.3588,0.60962,-0.81543,0.02820,24.2214,30.3664,10.0916
556283069,-0.29541,-1.17065,-0.03369,-3.3130,-11.7710,-4.4046,0.60815,-0.81616,0.03430,24.0076,30.2290,10.3588
556284068,-0.27881,-1.16626,-0.02185,-5.6641,-12.8397,-3.6794,0.60706,-0.81653,0.04126,23.8015,30.0916,10.6336
556285067,-0.26318,-1.12585,0.00049,-7.3664,-13.4733,-3.3435,0.60669,-0.81763,0.04749,23.5954,29.9389,10.8702
556286067,-0.23755,-1.05688,0.03333,-8.0763,-13.4962,-3.2824,0.60632,-0.81909,0.05176,23.4198,29.7710,11.0382
556287067,-0.22192,-1.00024,0.03406,-7.4885,-13.9771,-3.2443,0.60596,-0.81946,0.05652,23.2901,29.5954,11.1756
556288065,-0.23621,-0.99548,-0.02344,-5.8015,-15.1985,-3.2977,0.60510,-0.81909,0.06079,23.1679,29.4504,11.2672
556289065,-0.24829,-1.03064,-0.08447,-3.5191,-16.3206,-3.8321,0.60364,-0.81921,0.06543,23.0687,29.2824,11.3588
556290065,-0.26794,-1.05298,-0.12671,-1.4809,-17.5573,-4.8702,0.60266,-0.82019,0.07031,23.0076,29.0687,11.4427
556291069,-0.30005,-1.04114,-0.17053,-0.3588,-18.6794,-5.8092,0.60205,-0.82117,0.07483,22.9389,28.8244,11.4733
556292068,-0.33289,-1.02795,-0.21765,-0.0992,-19.4733,-6.1374,0.60120,-0.82190,0.07886,22.8702,28.5496,11.4962
556293068,-0.36096,-1.03674,-0.25940,-0.2748,-19.5420,-5.9313,0.60107,-0.82300,0.08350,22.8473,28.2672,11.5115
556294067,-0.37842,-1.05603,-0.28821,-1.1374,-18.6412,-5.4046,0.60156,-0.82458,0.08960,22.8702,27.9389,11.5115
556295067,-0.39941,-1.06921,-0.32336,-3.0763,-17.3893,-4.5420,0.60193,-0.82666,0.09521,22.9389,27.5802,11.5038
556296067,-0.41431,-1.07397,-0.36389,-5.5115,-15.9389,-3.4656,0.60144,-0.82922,0.09961,23.0305,27.2214,11.4580
556297067,-0.41663,-1.08350,-0.38123,-7.4427,-14.5420,-2.4809,0.60010,-0.83130,0.10425,23.1298,26.8092,11.3817
556298067,-0.40955,-1.11780,-0.36499,-8.3740,-13.3130,-1.8397,0.59924,-0.83350,0.10962,23.2214,26.4351,11.2977
556299067,-0.39392,-1.16260,-0.32397,-8.4198,-12.1527,-1.8168,0.59949,-0.83545,0.11462,23.3282,26.2214,11.2443
556300067,-0.38623,-1.18042,-0.29492,-7.9160,-11.3206,-2.4656,0.59912,-0.83691,0.12000,23.4275,26.2061,11.1450
556301067,-0.38110,-1.17163,-0.28882,-7.0840,-10.5878,-3.5954,0.59644,-0.83862,0.12756,23.5344,26.2977,11.0305
556302065,-0.37695,-1.16357,-0.29016,-5.8092,-10.1069,-5.0305,0.59253,-0.83960,0.13733,23.6183,26.3893,10.9084
556303069,-0.37805,-1.16431,-0.29663,-4.0992,-10.0229,-6.6947,0.58948,-0.83984,0.14771,23.6641,26.4046,10.8092
556304068,-0.37585,-1.15906,-0.29895,-2.5267,-10.1374,-8.4198,0.58655,-0.83911,0.15808,23.6718,26.3130,10.7557
556305067,-0.37793,-1.13684,-0.29993,-1.9160,-10.4275,-9.8092,0.58203,-0.83850,0.16943,23.6794,26.1527,10.7634
556306067,-0.37219,-1.09375,-0.29553,-2.3435,-10.3282,-10.6107,0.57605,-0.83960,0.18201,23.6794,25.9389,10.7939
556307067,-0.35559,-1.02893,-0.27856,-3.1985,-9.8855,-10.7786,0.56958,-0.84143,0.19470,23.6565,25.6412,10.8321
556308067,-0.35229,-0.95837,-0.27344,-4.1908,-9.6107,-10.1756,0.56274,-0.84265,0.20679,23.5649,25.2290,10.8550
556309067,-0.35132,-0.90686,-0.28137,-5.4885,-9.1985,-8.8397,0.55664,-0.84314,0.21851,23.4275,24.6641,10.8779
556310067,-0.34509,-0.88660,-0.27502,-6.8779,-8.5191,-7.1221,0.55042,-0.84314,0.23120,23.2443,23.9771,10.9160
556311065,-0.34204,-0.89185,-0.25305,-7.9389,-7.8015,-5.5038,0.54297,-0.84338,0.24500,23.0305,23.1527,10.9618
556312069,-0.33984,-0.90735,-0.23657,-8.4122,-7.2290,-4.2901,0.53564,-0.84424,0.25940,22.7710,22.1832,11.0000
556313068,-0.34021,-0.92883,-0.23047,-8.2519,-6.8779,-3.5802,0.52905,-0.84448,0.27454,22.4733,21.0840,11.0382
556314068,-0.33594,-0.96460,-0.20593,-7.6947,-6.3893,-3.3740,0.52332,-0.84460,0.29053,22.1527,19.8397,11.0534
556315067,-0.32239,-1.00867,-0.16956,-7.2824,-6.1221,-3.5725,0.51831,-0.84473,0.30750,21.8168,18.4962,11.0763
556316067,-0.31165,-1.04199,-0.15515,-7.1374,-6.4122,-4.1145,0.51453,-0.84473,0.32495,21.4656,17.0534,11.0992
556317065,-0.31201,-1.05994,-0.16321,-6.8855,-7.2977,-4.8931,0.51111,-0.84583,0.34253,21.1069,15.4809,11.1374
556318068,-0.31445,-1.06897,-0.16919,-6.4885,-8.2824,-5.7405,0.50757,-0.84741,0.36035,20.7634,13.8244,11.1679
556319068,-0.32275,-1.06458,-0.17310,-6.3435,-9.2901,-6.4580,0.50513,-0.84924,0.37878,20.4809,12.1145,11.1832
556320067,-0.33655,-1.03992,-0.18945,-6.4275,-9.9924,-6.9771,0.50317,-0.85144,0.39832,20.2672,10.3435,11.1832
556321067,-0.34680,-1.00378,-0.19678,-6.3206,-9.9695,-7.2595,0.50122,-0.85352,0.41785,20.1069,8.5038,11.1832
556322067,-0.36572,-0.98254,-0.21008,-5.9924,-9.6489,-7.1374,0.49927,-0.85669,0.43823,19.9924,6.6336,11.2137
556323067,-0.37878,-0.99121,-0.23730,-5.7939,-8.7634,-6.6947,0.49756,-0.86060,0.45911,19.9389,4.7176,11.2824
556324067,-0.38184,-1.00842,-0.26660,-5.7634,-7.7099,-6.2137,0.49744,-0.86401,0.48108,19.9618,2.7710,11.3588
556325065,-0.41724,-0.97021,-0.28357,-6.0992,-6.7176,-5.8931,0.49817,-0.86658,0.50659,20.0076,0.7939,11.4275
556326069,-0.52563,-0.69641,-0.25220,-7.1374,-5.5725,-5.8092,0.49805,-0.86877,0.53284,20.0840,-1.1985,11.5038
556327068,-0.36255,-0.14758,-0.11047,-8.5420,-0.3817,-3.7634,0.49756,-0.87170,0.55969,20.1832,-3.1756,11.6183
556328067,-0.02393,0.72253,0.58228,-5.0076,5.7481,0.6412,0.49744,-0.87524,0.58826,20.2977,-5.1374,11.7710
556329067,0.34924,0.83630,0.58972,30.2214,-6.8855,6.1832,0.49829,-0.87891,0.61853,20.3969,-7.0687,11.9466
556330068,-0.11035,-0.52917,-1.12671,104.8550,-48.1603,1.1145,0.50049,-0.88293,0.65039,20.4656,-8.9695,12.1603
556331068,-1.31067,-2.00000,-2.00000,160.8168,-90.9008,-11.1221,0.50269,-0.88721,0.68396,20.5725,-10.8855,12.3817
556332068,-1.37012,-2.00000,-2.00000,158.3206,-88.1985,-21.4046,0.50513,-0.89124,0.71997,20.6947,-12.7786,12.6183
556333068,-1.68652,-2.00000,-2.00000,130.6565,-75.5878,-27.8397,0.50793,-0.89587,0.75781,20.7939,-14.5878,12.8702
556334067,-2.00000,-2.00000,-2.00000,132.2901,-62.9847,-37.4656,0.51086,-0.89990,0.79663,20.8626,-16.3359,13.1450
556335068,-2.00000,-2.00000,-2.00000,172.4427,-22.4580,-54.7786,0.51270,-0.90308,0.83728,20.9618,-18.0229,13.4122
556336068,-2.00000,-2.00000,-2.00000,190.1069,15.3740,-67.8931,0.51929,-0.91040,0.92456,21.3511,-21.2443,13.9466
556337068,-2.00000,-2.00000,-2.00000,135.5267,66.8473,-63.8550,0.52393,-0.91394,0.97009,21.6489,-22.7481,14.1832
556338067,-1.89124,-2.00000,-2.00000,58.9771,124.0076,-56.8244,0.52820,-0.91870,1.01550,22.0382,-24.1679,14.3664
556339068,-1.57629,-2.00000,-2.00000,30.9313,157.2290,-58.3435,0.53271,-0.92358,1.06104,22.5649,-25.4733,14.5191
556340068,-0.63867,-2.00000,-0.62366,38.8321,174.0229,-67.1374,0.53748,-0.92786,1.10840,23.2366,-26.6718,14.6260
556341068,-0.09888,-1.21863,0.59790,38.0305,157.2748,-69.1374,0.54248,-0.93164,1.15747,24.0382,-27.7786,14.6489
556342068,-0.05640,-0.29065,0.27637,23.9008,131.4198,-58.6565,0.54736,-0.93604,1.20703,25.0000,-28.7634,14.5954
556343068,0.50867,0.38501,1.52844,16.0153,123.8550,-47.2443,0.55164,-0.94067,1.25745,26.0763,-29.6336,14.4809
556344068,1.59277,0.89136,1.99994,25.1374,119.3053,-39.2977,0.55627,-0.94495,1.30872,27.2443,-30.3817,14.3053
556345067,1.95117,0.94861,1.99994,37.5420,90.2595,-31.0916,0.56213,-0.95007,1.35901,28.5573,-30.9847,14.0611
556346067,1.59204,0.70569,1.99994,47.1832,53.7023,-24.8244,0.56763,-0.95691,1.40857,30.0382,-31.4427,13.7634
556347067,1.42529,0.48010,1.99994,67.1450,23.4656,-26.9542,0.57275,-0.96521,1.45862,31.6565,-31.7557,13.4122
556348068,1.14429,-0.15430,1.99994,83.4198,-13.5954,-27.5420,0.57874,-0.97485,1.50940,33.3817,-31.9008,13.0153
556349067,0.60901,-1.36292,1.75623,74.0000,-50.2061,-22.5115,0.58459,-0.98450,1.55969,35.2137,-31.8855,12.6489
556350067,0.10852,-1.92432,1.40894,52.4885,-68.7023,-19.6107,0.58948,-0.99512,1.60950,37.1756,-31.7176,12.2824
556351067,-0.00256,-1.45020,1.42578,36.0153,-67.3588,-18.6412,0.59375,-1.00793,1.65930,39.3206,-31.4122,11.9237
556352067,-0.12427,-0.70166,0.97485,21.5878,-59.7176,-14.0000,0.59790,-1.02283,1.70923,41.6489,-30.9542,11.5573
556353067,-0.53674,-0.61841,0.13599,2.8244,-49.6183,-1.8168,0.60144,-1.03809,1.76025,44.1374,-30.3817,11.2290
556354067,-0.55432,-1.07031,-0.01587,-19.7710,-27.1527,11.0687,0.60461,-1.05396,1.81055,46.7557,-29.6794,10.9466
556355065,-0.27905,-1.34155,0.44812,-42.5115,-3.0153,16.2214,0.60742,-1.07043,1.85864,49.5038,-28.8397,10.7252
556356068,-0.43237,-1.44714,-0.10852,-53.5267,-0.7939,12.8397,0.60889,-1.08655,1.90698,52.4198,-27.8473,10.5267
556357068,-0.77991,-1.45276,-1.17297,-36.9924,-13.1298,0.9160,0.60913,-1.10242,1.95703,55.5038,-26.7176,10.4198
556358068,-0.78577,-1.39380,-1.21021,-1.4275,-25.9466,-15.0840,0.60767,-1.11719,1.99994,58.7328,-25.5191,10.4351
556359067,-0.62830,-1.46228,-0.66858,13.5344,-32.6260,-24.0229,0.60474,-1.13062,1.99994,62.0840,-24.2901,10.5115
556360067,-0.56897,-1.41174,-0.44751,-0.0687,-31.0611,-24.8931,0.60010,-1.14404,1.99994,65.5725,-23.0458,10.6183
556361067,-0.58752,-0.94006,-0.50403,-7.4962,-21.6107,-26.3359,0.59399,-1.15674,1.99994,69.1832,-21.7939,10.7710
556362065,-0.59900,-0.47742,-0.43750,-2.3282,-8.5725,-25.8244,0.58789,-1.16858,1.99994,72.9237,-20.5420,11.0000
556363065,-0.53528,-0.45728,-0.34265,-10.8931,4.6183,-16.9389,0.58130,-1.17883,1.99994,76.7786,-19.3282,11.2595
556364065,-0.55017,-0.69922,-0.60327,-35.1679,14.6183,-3.2443,0.57324,-1.18628,1.99994,80.6031,-18.1603,11.4885
556365069,-0.55896,-1.00891,-0.99402,-56.4046,19.4504,7.4427,0.56384,-1.19214,1.99994,84.3969,-17.0534,11.6870
556366068,-0.21655,-1.00330,-0.51709,-59.8015,22.4580,8.0916,0.55396,-1.19739,1.99994,88.2824,-16.0000,11.9160
556367067,-0.00452,-0.19934,0.42249,-46.4427,17.9008,0.2061,0.54407,-1.20251,1.99994,92.1985,-15.0687,12.1756
556368068,-0.26550,0.94116,0.20715,-36.8779,2.5115,-1.7786,0.53271,-1.20581,1.99994,96.1145,-14.2977,12.4275
556369067,-0.37109,1.07568,-0.09875,-36.8168,-4.5038,8.6489,0.51807,-1.20630,1.99994,100.0000,-13.6718,12.6718
556370067,-0.03979,-0.62195,1.02380,-27.0382,0.3130,21.1908,0.50122,-1.20557,1.99994,103.8855,-13.2061,12.8702
556371067,0.28699,-2.00000,1.99994,-17.1221,6.3511,23.1756,0.48279,-1.20349,1.99994,107.7405,-12.9542,13.0076
556372067,0.05176,-2.00000,1.81580,-31.3130,3.9847,16.4809,0.46289,-1.20093,1.99994,111.5115,-12.9771,13.1069
556373067,-0.30505,-1.29529,0.65771,-48.8015,3.2366,9.6107,0.44238,-1.19934,1.99994,115.2290,-13.2366,13.1756
556374068,-0.10461,0.06250,0.76257,-46.8931,7.2443,12.2595,0.42212,-1.19690,1.99994,118.9466,-13.7481,13.1908
556375068,0.29333,-0.31909,1.52771,-47.3435,-3.8855,26.3359,0.39978,-1.19360,1.99994,122.6336,-14.5115,13.1908
556376068,0.23999,-1.76160,1.40784,-59.2977,-32.3435,37.5954,0.37439,-1.18970,1.99994,126.2366,-15.6031,13.1603
556377068,-0.04919,-2.00000,0.85913,-62.8244,-55.8779,30.2901,0.34814,-1.18640,1.99994,129.7786,-17.0458,13.0840
556378067,-0.03845,-2.00000,0.92334,-51.6107,-61.7099,8.7557,0.32104,-1.18481,1.99994,133.2824,-18.8626,13.0000
556379067,-0.00012,-1.24268,1.06128,-38.8168,-62.8855,-8.8015,0.29187,-1.18335,1.99994,136.7634,-21.0534,12.9618
556380067,-0.14441,-0.39661,0.72388,-26.6870,-63.6947,-15.3130,0.26062,-1.18250,1.99994,140.2366,-23.6412,12.9618
556381067,-0.41650,0.05249,0.54724,-10.2214,-57.2748,-15.4885,0.22668,-1.17896,1.99994,143.7405,-26.7710,12.9847
556382067,-0.93958,-0.30042,0.04468,5.1527,-50.3053,-11.3511,0.19519,-1.18201,1.99994,147.3130,-30.4962,13.1603
556383067,-1.01648,-1.33521,-0.45105,14.0076,-30.6565,-8.4351,0.16077,-1.18445,1.99994,151.0458,-34.3588,13.1374
556384067,-0.44629,-1.61011,0.64807,26.8397,-0.4198,-15.6565,0.12170,-1.17920,1.99994,154.8855,-38.6260,13.0916
556385067,-0.00684,-0.63440,1.94080,35.5954,13.7405,-22.5496,0.08325,-1.17383,1.99994,158.6947,-43.4962,13.0992
556386068,0.52307,-0.06128,1.93628,16.6641,15.7405,-10.3588,0.04199,-1.16516,1.99994,162.4275,-48.9924,13.1527
556387067,0.79541,0.10486,1.99994,-20.5725,9.6489,8.5344,-0.00110,-1.15710,1.99994,166.0763,-55.0611,13.3130
556388067,0.81860,0.73413,1.99994,-40.4733,-0.4046,20.3893,-0.04395,-1.14941,1.99994,169.6489,-61.6489,13.5954
556389065,0.88354,0.72717,1.99994,-35.8397,-23.6183,29.9466,-0.08630,-1.14136,1.99994,173.1069,-68.7252,13.9618
556390069,0.54248,-0.70081,1.99994,-14.6183,-56.8473,37.7710,-0.12842,-1.13257,1.99994,176.4427,-76.3053,14.3588
556391068,0.91943,-2.00000,1.99994,26.6336,-66.7405,29.2824,-0.17188,-1.12219,1.99994,179.6336,-84.4504,14.8092
556392067,1.82947,-1.83264,1.99994,61.0763,-64.2595,8.8244,-0.21716,-1.11206,1.99994,182.6870,-93.1756,15.3588
556393067,1.91504,-0.84363,1.99994,67.0840,-80.4580,-1.2519,-0.26331,-1.10315,1.99994,185.6336,-102.3893,16.0153
556394067,1.73486,-0.91016,1.99994,70.7481,-90.0840,-2.6260,-0.31006,-1.09656,1.99994,188.5420,-112.0534,16.7176
556395067,0.93542,-1.59033,1.99994,69.5496,-112.0458,2.9771,-0.35828,-1.08691,1.99994,191.3740,-122.1374,17.3588
556396067,-0.92004,-2.00000,1.70056,69.7252,-151.4351,4.0305,-0.40552,-1.07593,1.99994,194.0916,-132.6794,18.1069
556397068,-0.48877,-2.00000,1.99994,106.0000,-138.4809,-19.6565,-0.45142,-1.06726,1.99994,196.6794,-143.5573,18.9695
556398067,0.46350,-2.00000,1.99994,82.2901,-117.3893,-28.1527,-0.49768,-1.05725,1.99994,199.1145,-154.6947,19.8702
556399067,0.85181,-1.56421,1.99994,-7.7481,-99.5954,-12.4198,-0.54126,-1.04846,1.99994,201.4580,-166.1221,20.8397
556400067,0.41736,-1.31201,1.99994,-60.9695,-92.4351,1.5725,-0.58252,-1.04175,1.99994,203.7099,-177.7710,21.8702
556401067,0.05408,-2.00000,1.81433,-21.8397,-92.7710,-9.7786,-0.62268,-1.03503,1.99994,205.8626,-189.5954,22.9389
556402068,0.08960,-2.00000,1.99994,42.8931,-112.5038,-34.9924,-0.66113,-1.02893,1.99994,207.9237,-201.5649,24.1221
556403067,-0.02673,-2.00000,1.62268,58.4580,-144.1069,-58.3130,-0.69666,-1.02417,1.99994,209.9084,-213.6336,25.3740
556404067,0.11938,-2.00000,1.34399,41.2824,-153.4580,-71.9466,-0.72852,-1.01953,1.99994,211.8092,-225.6794,26.7099
556405068,0.43494,-0.62085,1.99994,28.6718,-129.4656,-71.0458,-0.75732,-1.01611,1.99994,213.6031,-237.6641,28.0916
556406067,0.56555,-0.91138,1.99994,23.4275,-112.8168,-56.0458,-0.78333,-1.01392,1.99994,215.3282,-249.5573,29.5573
556407067,0.39612,-2.00000,1.99994,31.9542,-114.1527,-44.3435,-0.80688,-1.01343,1.99994,216.9924,-250.1374,31.0992
556408067,-0.33276,-2.00000,1.99994,57.2137,-114.2672,-53.0382,-0.82776,-1.01379,1.99994,218.6031,-250.1374,32.6947
556409067,0.36426,-2.00000,1.99994,55.2824,-82.3817,-67.0153,-0.84412,-1.01465,1.99994,220.2137,-250.1374,34.2901
556410067,1.78625,-1.92236,1.99994,-9.3435,-71.9160,-61.6336,-0.85608,-1.01721,1.99994,221.8855,-250.1374,35.9313
556411067,1.61292,-0.73157,1.99994,-64.5725,-127.2366,-46.6031,-0.86475,-1.02209,1.99994,223.6794,-250.1374,37.5878
556412067,1.34607,-0.49304,1.99994,-35.0840,-185.0458,-48.3817,-0.87024,-1.03015,1.99994,225.6489,-250.1374,39.2595
556413067,1.57153,-1.33630,1.99994,28.2137,-234.3435,-60.9084,-0.87354,-1.04016,1.99994,227.8015,-250.1374,40.9771
556414067,1.37939,-2.00000,1.99994,40.7481,-250.1374,-68.3130,-0.87659,-1.05298,1.99994,230.1603,-250.1374,42.7481
556415068,0.89990,-1.95093,1.99994,13.4275,-250.1374,-73.7557,-0.87878,-1.06970,1.99994,232.7252,-250.1374,44.5725
556416067,0.36169,-0.62280,1.99994,7.3817,-250.1374,-84.4275,-0.87964,-1.08862,1.99994,235.5267,-250.1374,46.4504
556417067,0.50134,0.84473,1.99994,21.5344,-237.5191,-94.5573,-0.87903,-1.11047,1.99994,238.5802,-250.1374,48.4351
556418068,0.83411,1.18567,1.99994,14.8168,-204.3588,-83.1832,-0.87683,-1.13550,1.99994,241.8702,-250.1374,50.5038
556419067,-0.08484,0.25928,1.99994,-0.7099,-209.1908,-63.3053,-0.87317,-1.16309,1.99994,245.3359,-250.1374,52.6641
556420065,0.23767,-1.03186,1.99994,14.5878,-192.5573,-58.8244,-0.86865,-1.19348,1.99994,248.8931,-250.1374,54.8855
556421069,1.99994,-1.53821,1.99994,13.2519,-170.0611,-59.7710,-0.86353,-1.22583,1.99994,250.1298,-250.1374,57.1985
556422068,1.96936,-0.51270,1.99994,-47.8473,-223.3053,-43.3664,-0.85779,-1.25916,1.99994,250.1298,-250.1374,59.6031
556423068,1.41614,0.87329,1.99994,-101.8626,-250.1374,-18.4275,-0.85132,-1.29285,1.99994,250.1298,-250.1374,62.0611
556424068,1.54651,1.16956,1.99994,-99.4733,-250.1374,2.1679,-0.84436,-1.32739,1.99994,250.1298,-250.1374,64.5496
556425068,1.37231,0.07983,1.99994,-79.9160,-250.1374,15.9542,-0.83655,-1.36267,1.99658,250.1298,-250.1374,67.0229
556426068,1.10608,-1.10083,1.99994,-76.7023,-250.1374,19.2290,-0.82776,-1.39673,1.88403,250.1298,-250.1374,69.4809
556427068,0.19226,-1.29309,1.99994,-85.7176,-250.1374,13.8092,-0.81885,-1.42981,1.76648,250.1298,-250.1374,71.8931
556428068,-0.36719,-0.79443,0.79395,-73.9160,-250.1374,-2.2901,-0.81018,-1.46204,1.64600,250.1298,-250.1374,74.2672
556429067,-0.13269,-0.15552,0.42773,-27.2824,-250.1374,-30.5954,-0.80200,-1.49133,1.52515,250.1298,-250.1374,76.5038
556430067,-0.81299,-0.14795,0.32239,20.5420,-250.1374,-54.7710,-0.79480,-1.51636,1.40210,250.1298,-250.1374,78.6336
556431067,-1.93420,-0.45483,-0.65601,24.2290,-250.1374,-64.3817,-0.78784,-1.53699,1.27527,250.1298,-250.1374,80.6718
556432067,-2.00000,-0.81665,-0.65686,-11.4122,-250.1374,-57.8168,-0.78052,-1.55322,1.14868,250.1298,-250.1374,82.6031
556433068,-1.52527,-1.18982,0.69653,-48.3969,-250.1374,-47.1374,-0.77185,-1.56567,1.02441,250.1298,-250.1374,84.3740
556434068,-0.07825,-0.66211,1.99994,-69.0000,-225.9237,-39.6107,-0.76172,-1.57385,0.89905,250.1298,-250.1374,85.9542
556435068,1.87842,0.71106,1.99994,-92.6412,-195.8855,-24.5878,-0.75134,-1.57751,0.77063,250.1298,-250.1374,87.3206
556436067,1.99994,1.99994,1.99994,-141.9771,-200.2901,8.5878,-0.74036,-1.57727,0.64160,250.1298,-250.1374,88.4504
556437067,1.99994,1.99994,1.99994,-212.4198,-229.3664,51.0076,-0.72839,-1.57349,0.51440,250.1298,-250.1374,89.3740
556438065,1.99994,1.99994,1.99994,-250.1374,-250.1374,86.5038,-0.71448,-1.56982,0.38464,250.1298,-250.1374,90.1145
556439065,1.99994,1.76843,1.99994,-246.8397,-250.1374,92.2214,-0.68506,-1.55078,0.12390,250.1298,-250.1374,90.6870
556440069,1.99994,1.63647,1.99994,-160.0916,-250.1374,69.0000,-0.66711,-1.54028,-0.00464,250.1298,-250.1374,90.7176
556441068,1.99994,1.68005,1.99994,-88.8855,-250.1374,50.3664,-0.64832,-1.52661,-0.13403,250.1298,-250.1374,90.6031
556442068,1.99994,1.81628,1.99994,-83.3130,-250.1374,53.5038,-0.62891,-1.51172,-0.26208,250.1298,-250.1374,90.2443
556443068,1.41882,1.93079,1.99994,-87.0763,-250.1374,62.9084,-0.60730,-1.50159,-0.38940,250.1298,-250.1374,89.6260
556444068,-0.63025,0.78210,1.99994,-52.1221,-250.1374,71.0916,-0.58533,-1.48755,-0.51685,250.1298,-250.1374,88.7786
556445068,-1.30200,-1.69348,1.99994,-16.1069,-250.1374,80.6870,-0.56104,-1.47632,-0.64258,250.1298,-250.1374,87.6412
556446067,-2.00000,-2.00000,1.22351,-20.5649,-250.1374,87.5420,-0.53552,-1.46582,-0.77002,250.1298,-250.1374,86.2748
556447068,-2.00000,-2.00000,-2.00000,-65.4351,-250.1374,93.9695,-0.50854,-1.45605,-0.89514,250.1298,-250.1374,84.7099
556448068,-2.00000,-1.89929,-2.00000,-128.7176,-250.1374,100.7099,-0.47888,-1.44666,-1.01758,250.1298,-250.1374,82.8855
556449064,-2.00000,-0.64490,-2.00000,-170.3206,-250.1374,102.2214,-0.44775,-1.43677,-1.13831,250.1298,-250.1374,80.8702
556450065,-2.00000,-0.18750,-1.13318,-182.4198,-250.1374,97.5344,-0.41663,-1.42810,-1.25732,250.1298,-250.1374,78.6260
556451065,-2.00000,-0.98792,-1.26782,-208.0992,-250.1374,101.2824,-0.38489,-1.41870,-1.37463,250.1298,-250.1374,76.1527
556452069,-2.00000,-2.00000,-2.00000,-245.4275,-250.1374,101.3206,-0.35071,-1.40991,-1.48938,250.1298,-250.1374,73.4580
556453064,-2.00000,-2.00000,-2.00000,-225.3588,-250.1374,71.6641,-0.31543,-1.40161,-1.60291,250.1298,-250.1374,70.5725
556454065,-1.96875,-2.00000,-0.60718,-165.2519,-250.1374,25.8092,-0.27991,-1.39258,-1.71448,250.1298,-250.1374,67.5344
556455065,-0.68164,-0.54834,1.69812,-130.5649,-250.1374,3.6183,-0.24207,-1.38330,-1.82336,246.0229,-250.1374,64.3664
556456068,-0.70032,0.32739,0.90601,-101.1679,-250.1374,4.3282,-0.20276,-1.37305,-1.92993,238.6336,-250.1374,61.0382
556457068,-0.82910,0.28064,1.10278,-61.8397,-250.1374,11.9084,-0.16272,-1.36218,-2.00000,231.1298,-250.1374,57.5420
556458068,-0.50525,-0.27625,1.99994,-50.9084,-250.1374,23.7786,-0.12195,-1.35144,-2.00000,223.5038,-250.1374,53.9160
556459068,-0.08533,-1.32373,1.99994,-69.5573,-250.1374,35.9924,-0.08032,-1.34070,-2.00000,215.8092,-250.1374,50.2061
556460068,-0.33984,-2.00000,1.99994,-67.0534,-250.1374,37.9237,-0.03735,-1.32898,-2.00000,208.0992,-250.1374,46.4885
556461068,-1.21619,-2.00000,1.91907,-41.4275,-250.1374,26.9924,0.00500,-1.31689,-2.00000,200.4427,-250.1374,42.7405
556462068,-1.93835,-2.00000,0.20911,-32.2824,-250.1374,13.4733,0.04480,-1.30530,-2.00000,192.9008,-250.1374,38.9695
556463068,-2.00000,-2.00000,-0.43542,-38.0687,-250.1374,-0.2366,0.08435,-1.29517,-2.00000,185.4962,-250.1374,35.2061
556464068,-2.00000,-2.00000,-0.49316,-37.2519,-250.1374,-14.3282,0.12573,-1.28638,-2.00000,178.2366,-250.1374,31.4885
556465068,-2.00000,-2.00000,-1.34290,-24.5725,-250.1374,-29.8779,0.16724,-1.27917,-2.00000,171.1985,-250.1374,27.8473
556466068,-2.00000,-2.00000,-2.00000,-19.5420,-250.1374,-45.7405,0.20789,-1.27185,-2.00000,164.4580,-250.1374,24.2595
556467067,-2.00000,-2.00000,-2.00000,-51.9847,-250.1374,-51.7634,0.24744,-1.26428,-2.00000,158.0611,-250.1374,20.7557
556468068,-2.00000,-1.95276,-2.00000,-123.4275,-250.1374,-40.0458,0.28564,-1.25867,-2.00000,152.0229,-250.1374,17.3206
556469068,-2.00000,-0.79822,-2.00000,-179.3130,-250.1374,-17.1985,0.32288,-1.25427,-2.00000,146.3817,-250.1374,13.9847
556470067,-2.00000,-0.02905,-2.00000,-182.4580,-250.1374,1.5954,0.36072,-1.25012,-2.00000,141.1221,-250.1374,10.7786
556471068,-2.00000,0.50769,-1.05505,-149.6260,-250.1374,10.5802,0.39844,-1.24646,-2.00000,136.2672,-250.1374,7.7328
556472067,-1.45422,0.11597,-1.20300,-121.7099,-250.1374,16.8397,0.43481,-1.24280,-2.00000,131.8244,-250.1374,4.8626
556473068,-2.00000,-1.46667,-2.00000,-110.5573,-250.1374,18.7405,0.46912,-1.23962,-2.00000,127.7863,-250.1374,2.2214
556474068,-2.00000,-2.00000,-2.00000,-99.8855,-250.1374,1.1298,0.50159,-1.23718,-2.00000,124.1679,-250.1374,-0.2366
556475068,-2.00000,-2.00000,-2.00000,-70.0229,-250.1374,-30.2137,0.53198,-1.23364,-2.00000,120.9542,-250.1374,-2.5038
556476068,-2.00000,-1.84619,-2.00000,-23.6489,-250.1374,-63.3969,0.56006,-1.22986,-2.00000,118.0840,-250.1374,-4.5954
556477067,-2.00000,-1.55786,-2.00000,42.3359,-250.1374,-92.5420,0.58630,-1.22705,-2.00000,115.5344,-250.1374,-6.4733
556478068,-2.00000,-1.50012,-2.00000,90.9008,-250.1374,-109.4885,0.60999,-1.22424,-2.00000,113.3053,-250.1374,-8.1069
556479068,-2.00000,-1.75684,-2.00000,62.7634,-250.1374,-103.9542,0.63098,-1.22131,-2.00000,111.3740,-250.1374,-9.5420
556480068,-2.00000,-2.00000,-2.00000,-15.1145,-250.1374,-86.9008,0.64905,-1.21875,-2.00000,109.6947,-250.1374,-10.7863
556481068,-2.00000,-2.00000,-2.00000,-48.0687,-250.1374,-82.2443,0.66272,-1.21655,-2.00000,108.2519,-250.1374,-11.8626
556482068,-2.00000,-2.00000,-2.00000,-22.6183,-250.1374,-86.6641,0.67224,-1.21460,-2.00000,106.9771,-250.1374,-12.7328
556483067,-2.00000,-2.00000,-2.00000,-7.9847,-250.1374,-82.7786,0.67725,-1.21362,-2.00000,105.8931,-249.1069,-13.4275
556484068,-2.00000,-2.00000,-2.00000,-54.8626,-250.1374,-73.0534,0.67908,-1.21313,-2.00000,104.9695,-234.2443,-13.9771
556485068,-2.00000,-2.00000,-2.00000,-126.5420,-250.1374,-72.7176,0.67761,-1.21228,-2.00000,104.2366,-219.3359,-14.4275
556486068,-2.00000,-1.32434,-2.00000,-171.9389,-194.6031,-78.9389,0.67224,-1.21216,-2.00000,103.6718,-204.4198,-14.7634
556487068,-2.00000,-1.05371,0.00757,-193.9618,-117.5802,-77.0382,0.66382,-1.21228,-2.00000,103.2137,-189.6183,-15.0153
556488068,-0.76831,-1.67834,1.99994,-215.4809,-54.6870,-77.0076,0.65222,-1.21277,-2.00000,102.9237,-175.0229,-15.1908
556489068,-0.11731,-0.74768,1.99994,-228.0687,-43.9771,-89.1145,0.63733,-1.21375,-2.00000,102.7710,-160.6641,-15.2672
556490067,0.01611,0.45703,1.99994,-211.4885,-64.6947,-100.4351,0.62024,-1.21436,-2.00000,102.7710,-146.5802,-15.2977
556491067,1.25671,0.43115,1.99994,-176.3511,-119.7710,-97.8855,0.60168,-1.21399,-2.00000,102.8931,-132.8626,-15.3359
556492067,1.20581,0.24023,1.99994,-145.8702,-237.1832,-89.1145,0.58154,-1.21216,-2.00000,103.1298,-119.5344,-15.4046
556493067,0.42297,0.63428,1.99994,-112.9618,-250.1374,-83.4809,0.56189,-1.20776,-2.00000,103.4198,-106.6412,-15.4351
556494068,0.51978,0.89624,1.99994,-87.3435,-250.1374,-74.4809,0.54089,-1.20142,-2.00000,103.6870,-94.2214,-15.3969
556495068,0.26428,0.29688,1.99994,-82.1908,-250.1374,-60.6870,0.51941,-1.19385,-2.00000,103.9008,-82.3359,-15.2977
556496067,-1.02209,-0.36316,0.64746,-72.1221,-250.1374,-57.2519,0.49915,-1.18445,-2.00000,104.0382,-71.0076,-15.1832
556497067,-2.00000,-0.62109,-2.00000,-44.5267,-250.1374,-67.4504,0.47925,-1.17383,-2.00000,104.0458,-60.2214,-15.0687
556498068,-2.00000,-0.75427,-2.00000,-35.5191,-250.1374,-78.0611,0.46008,-1.16223,-2.00000,103.8397,-50.0229,-14.9542
556499068,-2.00000,-0.68091,-2.00000,-71.0840,-250.1374,-80.6489,0.44153,-1.14844,-2.00000,103.4504,-40.4122,-14.8321
556500068,-2.00000,-0.87073,-2.00000,-111.3359,-250.1374,-77.6718,0.42334,-1.13293,-2.00000,102.8473,-31.3817,-14.6565
556501068,-2.00000,-1.14307,-2.00000,-123.4809,-250.1374,-82.2366,0.40686,-1.11743,-2.00000,102.0916,-22.9008,-14.4504
556502068,-2.00000,-0.73743,-2.00000,-130.0763,-197.9695,-87.6336,0.39294,-1.10132,-2.00000,101.1832,-14.9695,-14.2366
556503067,-2.00000,0.27832,-2.00000,-160.1450,-140.2137,-79.6031,0.38062,-1.08521,-2.00000,100.0076,-7.5573,-14.0229
556504068,-2.00000,1.02002,-2.00000,-184.0305,-92.2290,-61.9237,0.36890,-1.06946,-2.00000,98.5954,-0.6412,-13.8015
556505067,-2.00000,1.01831,-2.00000,-161.5954,-70.1679,-52.9389,0.35828,-1.05396,-2.00000,97.0076,5.8092,-13.5802
556506068,-2.00000,0.77124,-2.00000,-118.5725,-79.7099,-52.4198,0.34949,-1.03955,-2.00000,95.1756,11.7939,-13.3511
556507068,-1.79236,0.96802,-2.00000,-85.0229,-95.1298,-60.5344,0.34106,-1.02673,-2.00000,93.1069,17.3282,-13.1298
556508068,-1.15295,1.72888,-2.00000,-39.7328,-105.7786,-79.5802,0.33240,-1.01453,-2.00000,90.8397,22.4351,-12.9237
556509068,-1.13208,1.99994,-2.00000,19.8626,-128.3206,-98.9084,0.32483,-1.00317,-2.00000,88.3740,27.1145,-12.7405
556510067,-1.11536,1.60095,-1.80139,72.2137,-141.0687,-112.8397,0.31787,-0.99255,-2.00000,85.7481,31.3817,-12.5878
556511068,-1.19568,0.82544,-1.71851,104.8092,-143.2672,-124.0076,0.31091,-0.98340,-2.00000,82.9618,35.2748,-12.4351
556512068,-1.98560,0.28479,-2.00000,109.7176,-142.5115,-128.7939,0.30359,-0.97559,-2.00000,80.0000,38.8092,-12.3130
556513067,-2.00000,0.27307,-2.00000,104.0076,-114.1298,-130.2366,0.29602,-0.96875,-2.00000,76.8550,42.0076,-12.2290
556514067,-2.00000,0.75061,-2.00000,101.8015,-85.1832,-124.1679,0.28882,-0.96326,-2.00000,73.5878,44.8779,-12.1908
556515068,-2.00000,1.17908,-2.00000,75.7176,-73.7863,-99.1221,0.28198,-0.95886,-2.00000,70.2137,47.4809,-12.1832
556516067,-2.00000,1.30505,-2.00000,19.2519,-66.4809,-60.4809,0.27625,-0.95520,-2.00000,66.7557,49.8397,-12.2290
556517067,-2.00000,0.98230,-2.00000,-27.4580,-42.3817,-25.7710,0.27246,-0.95142,-2.00000,63.2443,51.9542,-12.3282
556518067,-1.90564,0.56299,-2.00000,-51.5344,-11.3817,-3.2748,0.26978,-0.94873,-2.00000,59.6947,53.8168,-12.4733
556519067,-1.64087,0.63379,-1.90845,-61.1527,-1.8473,7.6412,0.26672,-0.94751,-2.00000,56.1298,55.4580,-12.6641
556520068,-1.68787,0.67737,-2.00000,-37.1221,-7.2290,3.4122,0.26416,-0.94666,-2.00000,52.5802,56.9313,-12.9237
556521068,-1.92297,0.40906,-2.00000,17.3511,-11.9084,-17.4122,0.26294,-0.94617,-2.00000,49.0458,58.2672,-13.2214
556522068,-1.85339,0.18823,-2.00000,57.2366,-10.1527,-41.6794,0.26074,-0.94507,-2.00000,45.5496,59.4962,-13.5802
556523068,-1.42078,0.10010,-1.89246,73.2748,2.5115,-61.2672,0.25854,-0.94373,-2.00000,42.0611,60.5420,-13.9542
556524068,-1.49597,0.22339,-1.76978,94.5649,5.7328,-79.3206,0.25854,-0.94360,-2.00000,38.6107,61.4580,-14.2824
556525067,-1.78186,0.57129,-2.00000,132.7939,5.2290,-94.7634,0.25989,-0.94434,-1.95203,35.1985,62.3206,-14.5573
556526068,-1.83423,0.74463,-2.00000,169.8931,14.3130,-99.8092,0.26282,-0.94507,-1.89929,31.8550,63.1756,-14.8092
556527068,-1.72278,0.36633,-2.00000,181.9542,26.7710,-90.0534,0.26624,-0.94629,-1.84546,28.5802,64.0611,-15.0763
556528068,-1.67834,-0.00647,-2.00000,156.1221,40.1756,-69.6947,0.27002,-0.94763,-1.79102,25.3893,64.9389,-15.3511
556529067,-1.83521,0.05225,-2.00000,117.3206,48.3893,-47.5496,0.27502,-0.94958,-1.73608,22.2290,65.8015,-15.5573
556530068,-1.92346,0.31274,-2.00000,101.3435,59.9771,-35.4351,0.27954,-0.95227,-1.67993,19.1069,66.6718,-15.7023
556531068,-1.42993,0.07788,-2.00000,101.3206,67.2672,-27.6489,0.28308,-0.95422,-1.62207,16.0458,67.5725,-15.8092
556532068,-1.49438,-0.36279,-2.00000,99.0687,58.6565,-30.2214,0.28638,-0.95581,-1.56433,13.0229,68.5115,-15.8855
556533068,-1.33923,-0.31934,-2.00000,109.6336,65.5344,-44.2061,0.29016,-0.95715,-1.50623,10.0458,69.5038,-15.8931
556534067,-0.97717,0.48914,-1.47900,121.3282,81.7176,-60.8550,0.29492,-0.95874,-1.44751,7.0992,70.5496,-15.8550
556535068,-1.01172,1.40088,-1.52576,121.8473,92.1069,-65.1603,0.30005,-0.96155,-1.39038,4.1908,71.6183,-15.7634
556536067,-1.15149,1.50891,-1.75342,119.4198,103.5191,-56.2214,0.30505,-0.96655,-1.33398,1.3053,72.7099,-15.6412
556537067,-1.08496,1.04395,-1.72400,122.6260,115.6947,-44.5573,0.31006,-0.97180,-1.27710,-1.5573,73.8092,-15.5038
556538067,-1.08984,0.81958,-2.00000,128.9847,116.3817,-36.7557,0.31470,-0.97559,-1.21936,-4.3664,74.8855,-15.3435
556539067,-1.20752,1.18909,-2.00000,136.5420,112.8779,-31.1069,0.31897,-0.97998,-1.16211,-7.1145,75.9389,-15.1069
556540067,-0.95764,1.61230,-2.00000,142.3893,120.9389,-21.3511,0.32275,-0.98608,-1.10657,-9.7863,77.0153,-14.7939
556541068,-0.53259,1.62842,-0.87988,132.3740,129.6565,-4.5878,0.32983,-1.00000,-0.99829,-14.9084,79.1527,-14.0382
556542067,-0.57458,1.16504,-0.89832,109.5267,132.5573,13.7023,0.33606,-1.00635,-0.95300,-17.2824,80.2290,-13.6565
556543068,-1.01978,0.60706,-1.59705,105.1908,137.2519,19.4275,0.34155,-1.02026,-0.89343,-19.3969,81.6565,-13.2901
556544068,-1.04333,0.40601,-1.34131,121.1450,156.5191,12.5878,0.34399,-1.03113,-0.82397,-21.4351,82.8092,-13.3435
556545068,-0.60876,0.65967,-0.31421,119.3359,177.2443,8.6565,0.34851,-1.03369,-0.76929,-23.4885,83.3206,-13.4885
556546068,-0.43579,1.22900,0.14819,95.0458,182.7099,15.4733,0.35352,-1.03735,-0.71594,-25.3435,83.7710,-13.4656
556547068,-0.31531,1.51367,0.23804,85.1145,179.0229,26.4504,0.35815,-1.04065,-0.66272,-26.9924,84.2824,-13.1756
556548068,-0.04919,1.33801,0.88257,99.5649,171.0916,34.4580,0.36377,-1.04651,-0.60901,-28.4580,84.8015,-12.7405
556549068,0.21387,0.91064,1.77649,113.1374,159.1069,42.0458,0.37000,-1.05237,-0.55615,-29.6870,85.2672,-12.3053
556550068,0.28760,0.46216,1.99994,111.9924,145.3435,52.8321,0.37683,-1.05627,-0.50464,-30.6412,85.6718,-11.8626
556551068,0.16138,-0.18726,1.99994,108.1908,129.7176,65.8015,0.38513,-1.06604,-0.45239,-31.2824,86.0458,-11.2977
556552068,0.13672,-1.29895,1.99994,118.5878,114.7863,73.2061,0.39258,-1.07458,-0.40100,-31.6870,86.3053,-10.8550
556553067,0.17920,-2.00000,1.99994,141.7405,96.7634,68.2519,0.39880,-1.08130,-0.34790,-31.9313,86.4122,-10.4504
556554068,0.10413,-2.00000,1.99994,161.9771,75.6794,53.7634,0.40564,-1.09375,-0.29431,-31.9466,86.4504,-10.1221
556555067,0.02234,-2.00000,1.99994,160.9618,59.2366,39.7557,0.41064,-1.10095,-0.24255,-31.7023,86.4351,-10.0153
556556067,-0.03174,-2.00000,1.99994,127.3053,50.9313,32.1527,0.41443,-1.10742,-0.19214,-31.2519,86.3206,-9.9237
556557068,-0.00647,-2.00000,1.99994,80.9313,41.7099,27.1908,0.41724,-1.11829,-0.14539,-30.5878,86.0916,-9.8092
556558067,-0.05542,-2.00000,1.51819,63.9618,21.5267,18.2366,0.41943,-1.12634,-0.09924,-29.6947,85.7405,-9.7328
556559068,-0.38281,-1.58887,0.39001,77.2137,-0.4962,8.1221,0.42139,-1.13208,-0.05322,-28.6107,85.2519,-9.6641
556560068,-0.47534,-1.31616,0.42090,75.9618,-9.5725,7.2290,0.42273,-1.14062,-0.01001,-27.3817,84.6260,-9.6260
556561067,-0.29041,-1.06860,0.45544,26.0076,-2.4733,22.9847,0.42249,-1.14905,0.03125,-26.0458,83.8321,-9.6565
556562067,-0.45166,-0.71704,-0.21472,-36.0763,9.6870,44.6870,0.42126,-1.15601,0.07092,-24.5878,82.8397,-9.6794
556563067,-0.77881,-0.17029,-0.66724,-46.7863,23.5344,54.4351,0.42041,-1.16284,0.10876,-22.9771,81.6641,-9.6641
556564068,-0.77820,0.40698,-0.69043,-11.3206,37.5802,54.4198,0.42041,-1.16833,0.14319,-21.2519,80.3282,-9.6565
556565067,-0.97290,0.54077,-1.81506,1.9084,35.3740,64.6947,0.42053,-1.17419,0.17371,-19.4733,78.8244,-9.6183
556566068,-1.51746,-0.10217,-2.00000,-30.9160,32.0840,87.6565,0.42053,-1.18079,0.20276,-17.6565,77.1603,-9.5573
556567067,-1.42590,-0.96118,-2.00000,-59.7939,55.2214,100.7405,0.42114,-1.18628,0.22961,-15.7710,75.2977,-9.4962
556568067,-0.77393,-0.93408,-1.32153,-60.2519,86.5954,93.7481,0.42236,-1.19067,0.25256,-13.8397,73.2595,-9.4351
556569068,-0.50098,0.02979,-0.78076,-59.3740,97.9160,84.0458,0.42383,-1.19385,0.27380,-11.8244,71.0458,-9.3130
556570067,-0.78027,1.28076,-1.81018,-72.3740,103.6947,84.8931,0.42480,-1.19556,0.29358,-9.7634,68.7099,-9.1603
556571068,-1.12561,1.99994,-2.00000,-85.1908,116.7481,92.9847,0.42480,-1.19702,0.31213,-7.7405,66.2290,-8.9695
556572068,-0.83630,1.93372,-2.00000,-67.3053,127.8244,100.3282,0.42529,-1.19861,0.32727,-5.7252,63.6107,-8.7252
556573067,-0.35010,0.22266,-1.94214,-1.1832,117.5573,91.5878,0.42688,-1.19946,0.33887,-3.7176,60.8779,-8.4504
556574067,-0.09827,-1.01685,-1.74438,75.7634,94.9008,66.7328,0.42957,-1.19897,0.35022,-1.7405,58.0458,-8.0992
556575067,0.24109,-0.31689,-1.45081,108.7099,86.7557,45.1908,0.43347,-1.19763,0.36072,0.1832,55.1069,-7.7328
556576067,-0.01538,1.33032,-1.60596,107.1603,84.6718,40.3588,0.43762,-1.19580,0.36804,2.0382,52.1069,-7.3817
556577067,-0.70105,1.99994,-2.00000,120.2290,87.3588,45.9008,0.44263,-1.19250,0.37317,3.8397,49.0611,-7.0229
556578067,-0.66797,1.35754,-1.87415,160.0153,100.5954,51.9160,0.44873,-1.18860,0.37866,5.5573,45.9618,-6.6489
556579067,-0.67224,0.27551,-1.60864,181.1374,102.4504,58.8779,0.45532,-1.18433,0.38281,7.1985,42.8626,-6.2824
556580067,-1.00012,-0.31836,-2.00000,148.3664,113.5191,71.1145,0.46204,-1.18127,0.38538,8.7634,39.8015,-5.8931
556581068,-0.95337,0.20947,-2.00000,95.6565,143.1298,83.1145,0.46814,-1.17908,0.38818,10.2748,36.8092,-5.4962
556582067,-0.89429,1.27966,-1.10828,74.8931,164.9847,94.4656,0.47510,-1.17615,0.38989,11.7023,33.8702,-5.1374
556583068,-0.83911,0.52112,0.12866,80.8550,170.2137,117.1527,0.48267,-1.17395,0.39099,13.0382,30.9847,-4.7939
556584068,-0.61670,-2.00000,0.77209,80.9160,165.2901,141.1985,0.48865,-1.17285,0.39075,14.2366,28.1145,-4.5115
556585068,-0.41125,-2.00000,0.76318,73.7481,161.4809,142.6107,0.49426,-1.17029,0.38721,15.3130,25.3053,-4.3053
556586068,-0.25842,-2.00000,1.25024,73.9237,164.1527,119.4962,0.49915,-1.16760,0.38257,16.2977,22.6031,-4.1298
556587068,0.22534,-2.00000,1.99994,88.9466,161.2824,92.5267,0.50330,-1.16565,0.37842,17.2214,20.0076,-3.9618
556588068,0.96155,-1.89526,1.99994,112.0687,139.6412,77.3282,0.50781,-1.16321,0.37354,18.0916,17.5038,-3.7939
556589068,0.93115,-2.00000,1.99994,136.1908,93.1603,68.5191,0.51233,-1.16211,0.36829,18.8855,15.0916,-3.6031
556590068,0.52417,-2.00000,1.99994,158.1832,51.0382,52.8168,0.51538,-1.16162,0.36230,19.6336,12.8015,-3.3893
556591068,0.61902,-2.00000,1.99994,169.2290,29.9466,27.5649,0.51685,-1.16040,0.35535,20.2824,10.6107,-3.1679
556592068,0.32727,-2.00000,1.99994,159.7710,10.8321,2.4962,0.51831,-1.15955,0.34900,20.8473,8.4885,-2.9160
556593068,-0.34753,-2.00000,1.99994,139.7481,-3.9847,-11.8931,0.52112,-1.15991,0.34387,21.3740,6.4351,-2.6565
556594068,-0.51184,-2.00000,1.67603,125.6336,-5.5573,-12.2672,0.52539,-1.16064,0.33789,21.8473,4.4733,-2.3893
556595068,-0.52527,-1.91675,1.38574,115.8397,-2.2901,-0.6412,0.52979,-1.16125,0.33069,22.2824,2.6031,-2.0916
556596068,-0.62793,-1.86157,1.23804,94.8244,3.8092,18.8321,0.53369,-1.16040,0.32397,22.6641,0.7863,-1.7710
556597068,-0.58728,-2.00000,1.09766,57.5802,11.4504,39.6794,0.53760,-1.15857,0.31738,23.0382,-0.9389,-1.4885
556598067,-0.44580,-1.94531,1.15649,17.3817,18.4504,54.7252,0.54138,-1.15710,0.31006,23.3588,-2.5725,-1.2137
556599068,0.01221,-1.17932,1.95654,-1.3282,29.4198,59.1756,0.54565,-1.15552,0.30334,23.6107,-4.1756,-0.9466
556600068,0.51782,-0.46045,1.99994,4.9237,27.0687,59.5420,0.55078,-1.15369,0.29663,23.8015,-5.7328,-0.6336
556601068,0.39636,-0.80017,1.99994,14.4275,0.7099,64.1527,0.55554,-1.15051,0.28882,23.9389,-7.2366,-0.2977
556602068,0.11670,-1.99451,1.55249,23.9618,-27.2519,64.7786,0.55884,-1.14673,0.27954,24.0458,-8.6794,0.0305
556603068,0.19250,-2.00000,1.65332,43.6641,-44.0687,52.0229,0.56213,-1.14282,0.26855,24.1069,-10.1069,0.3359
556604068,0.48938,-2.00000,1.99994,65.6641,-51.0534,31.4198,0.56543,-1.13818,0.25854,24.1374,-11.5649,0.6260
556605068,0.79871,-2.00000,1.99994,83.9237,-50.5725,11.6412,0.56787,-1.13171,0.24939,24.1527,-13.0076,0.8931
556606068,0.96960,-2.00000,1.99994,100.2443,-56.1527,1.8092,0.57031,-1.12366,0.24011,24.1374,-14.3969,1.1450
556607068,0.80334,-2.00000,1.99994,98.4885,-76.5725,7.4580,0.57385,-1.11536,0.23254,24.0916,-15.7405,1.3893
556608068,0.24573,-2.00000,1.99994,70.9237,-97.0687,18.8473,0.57739,-1.10645,0.22571,24.0000,-17.0763,1.6031
556609068,0.09204,-2.00000,1.99994,44.4427,-109.1450,19.9924,0.58032,-1.09680,0.21851,23.8626,-18.4046,1.7710
556610068,0.34827,-2.00000,1.99994,36.6870,-124.6565,11.4656,0.58252,-1.08679,0.21094,23.6947,-19.7099,1.8931
556611068,0.06873,-2.00000,1.78479,33.8626,-159.5802,6.5191,0.58435,-1.07654,0.20349,23.4733,-20.9924,1.9771
556612068,-0.40393,-1.57361,0.86658,23.7176,-184.9313,12.2595,0.58630,-1.06458,0.19617,23.2137,-22.2672,2.0076
556613067,-0.49036,-1.66223,0.81714,0.2977,-183.5573,25.5496,0.58813,-1.05273,0.18896,22.9008,-23.5267,2.0076
556614067,-0.61682,-2.00000,0.64417,-34.4351,-171.0687,36.6183,0.58899,-1.04236,0.18298,22.5573,-24.7557,1.9618
556615068,-0.85645,-2.00000,0.24268,-53.8550,-152.3740,36.7863,0.58850,-1.03247,0.17871,22.1450,-25.9313,1.8779
556616068,-0.97144,-2.00000,0.02966,-40.3206,-136.0076,26.6947,0.58765,-1.02356,0.17468,21.7023,-27.0458,1.7863
556617068,-0.91785,-1.98108,-0.21155,-25.2595,-120.9542,19.5802,0.58728,-1.01501,0.17041,21.2443,-28.1298,1.6870
556618067,-0.93701,-1.91589,-0.87012,-38.2824,-113.1603,24.1603,0.58618,-1.00671,0.16724,20.7710,-29.2061,1.5878
556619068,-0.98718,-2.00000,-1.29004,-55.8702,-108.1908,30.0000,0.58459,-0.99854,0.16541,20.2901,-30.2366,1.4885
556620067,-0.63916,-2.00000,-0.36841,-53.0153,-99.3206,25.9160,0.58289,-0.98962,0.16284,19.8015,-31.2061,1.3893
556621068,-0.17822,-2.00000,0.80103,-43.4580,-97.3359,18.4962,0.58191,-0.98083,0.15979,19.3130,-32.1069,1.2748
556622068,-0.10632,-2.00000,0.96606,-45.9008,-104.3740,16.9008,0.58154,-0.97180,0.15747,18.8397,-32.9542,1.1603
556623068,-0.14319,-2.00000,0.85498,-51.7863,-105.8244,16.3511,0.58020,-0.96301,0.15454,18.3664,-33.7710,1.0458
556624068,-0.08252,-2.00000,1.09253,-50.2061,-105.6107,11.0229,0.57776,-0.95605,0.15112,17.8626,-34.5267,0.9389
556625068,-0.09412,-1.91760,1.13940,-42.9008,-112.9008,3.3206,0.57532,-0.94897,0.14905,17.3740,-35.2061,0.8779
556626068,-0.09778,-1.89575,1.00647,-30.1756,-123.8779,-5.0458,0.57361,-0.94043,0.14832,16.9084,-35.8321,0.8550
556627067,-0.10791,-1.87842,0.83594,-17.0611,-138.1221,-11.8550,0.57324,-0.93115,0.14697,16.4656,-36.3893,0.8855
556628067,-0.10864,-1.68286,0.87292,-16.6412,-147.1679,-14.2672,0.57275,-0.92200,0.14661,16.0382,-36.8626,0.9542
556629065,-0.08240,-1.40356,1.26941,-28.2061,-149.5649,-10.8168,0.57153,-0.91309,0.14636,15.6031,-37.2519,1.0687
556630069,-0.02917,-1.42065,1.37952,-42.5115,-151.1069,-1.5496,0.57056,-0.90491,0.14661,15.1756,-37.5878,1.2137
556631068,-0.07373,-1.61133,1.05859,-61.0687,-154.6718,10.3588,0.56982,-0.89575,0.14844,14.7557,-37.9084,1.3817
556632068,-0.24329,-1.56421,0.48767,-81.0000,-160.3511,19.0992,0.57031,-0.88477,0.15002,14.3588,-38.1527,1.5496
556633067,-0.25415,-1.27368,0.20789,-91.4580,-159.7099,22.2672,0.57019,-0.87402,0.15076,14.0153,-38.3130,1.7786
556634067,-0.21887,-1.10364,0.33594,-95.6718,-160.1908,24.2137,0.56885,-0.86426,0.15088,13.7252,-38.3969,2.0305
556635067,-0.43726,-1.45032,0.00061,-98.8244,-171.6260,28.6565,0.56812,-0.85486,0.15088,13.4427,-38.4122,2.3053
556636067,-0.78186,-2.00000,-0.81335,-96.4809,-185.2290,30.6031,0.56848,-0.84570,0.15137,13.1679,-38.3435,2.5878
556637067,-1.04565,-2.00000,-1.34644,-85.1908,-189.6565,20.7405,0.56860,-0.83679,0.15259,12.9389,-38.1908,2.9084
556638067,-1.24219,-2.00000,-1.56470,-75.8779,-183.7557,3.1450,0.56787,-0.82812,0.15417,12.7481,-37.9466,3.2290
556639068,-1.40967,-2.00000,-2.00000,-78.6107,-174.4885,-8.6489,0.56824,-0.82007,0.15503,12.5649,-37.6336,3.5344
556640068,-1.58020,-1.30762,-2.00000,-89.1145,-162.1221,-10.6260,0.56860,-0.81262,0.15540,12.4046,-37.2366,3.8473
556641068,-1.68030,-0.80554,-2.00000,-94.9695,-143.6412,-9.2901,0.56885,-0.80139,0.15381,12.1756,-36.2519,4.4275
556642068,-1.68005,-0.77356,-2.00000,-88.1145,-123.3893,-10.8702,0.56860,-0.79602,0.15234,12.0916,-35.7023,4.6260
556643068,-1.86035,-1.15076,-2.00000,-70.2290,-108.0382,-16.3893,0.56763,-0.79150,0.15137,12.0458,-35.1221,4.8015
556644068,-1.95874,-1.54248,-2.00000,-60.3893,-89.4351,-21.3130,0.56567,-0.78711,0.15015,12.0458,-34.4885,4.9695
556645068,-1.63623,-1.43774,-2.00000,-69.2748,-64.0687,-23.1756,0.56360,-0.78247,0.14795,12.0687,-33.8321,5.1374
556646068,-1.43286,-0.96631,-2.00000,-77.0840,-45.1069,-24.1450,0.56128,-0.77820,0.14526,12.1374,-33.1603,5.3053
556647068,-1.32959,-0.70337,-2.00000,-58.0305,-28.1450,-28.3969,0.55811,-0.77563,0.14270,12.2366,-32.4580,5.4427
556648068,-0.87354,-0.76440,-1.35254,-26.1221,-10.1985,-33.7023,0.55457,-0.77466,0.13916,12.3435,-31.7634,5.5954
556649067,-0.55530,-0.92102,-0.98328,-22.6870,-3.9160,-31.5954,0.55151,-0.77356,0.13367,12.4656,-31.1221,5.7252
556650065,-0.73828,-0.99524,-1.31604,-51.5496,-2.4580,-23.6870,0.54956,-0.77100,0.12708,12.6260,-30.5267,5.8321
556651065,-0.61829,-1.02271,-0.85522,-68.0534,4.8321,-21.0992,0.54724,-0.76807,0.12000,12.8015,-29.9771,5.9313
556652065,-0.01611,-1.03015,0.58630,-58.2748,9.0534,-25.5802,0.54456,-0.76550,0.11328,12.9695,-29.4122,6.0687
556653069,0.33020,-0.90991,1.51135,-52.2214,-4.3817,-28.1679,0.54224,-0.76282,0.10779,13.1450,-28.8473,6.1985
556654068,0.41492,-0.49304,1.51367,-62.1450,-19.5649,-26.0076,0.53906,-0.76013,0.10156,13.2977,-28.3282,6.3511
556655068,0.57959,-0.15540,1.57373,-71.5420,-26.9542,-21.1069,0.53552,-0.75830,0.09534,13.4198,-27.9008,6.5038
556656067,0.50842,-0.32959,1.49573,-68.9771,-44.3511,-16.4122,0.53320,-0.75586,0.08948,13.5115,-27.5344,6.6489
556657067,0.25281,-0.79480,1.13025,-50.2977,-69.5802,-16.6718,0.53113,-0.75330,0.08276,13.5802,-27.1908,6.7939
556658068,0.19080,-1.08765,0.91968,-23.9466,-90.5038,-22.0992,0.52917,-0.75244,0.07593,13.6641,-26.9008,6.9160
556659067,0.03137,-1.03540,0.85278,-16.5420,-103.5191,-24.3588,0.52808,-0.75195,0.06946,13.7557,-26.6336,7.0382
556660067,-0.20691,-0.73682,0.43579,-30.4580,-107.8626,-21.2214,0.52771,-0.75146,0.06384,13.8321,-26.3740,7.1527
556661067,-0.39771,-0.15149,-0.10693,-38.5878,-103.5649,-19.0534,0.52832,-0.75195,0.05872,13.9008,-26.1069,7.2595
556662065,-0.60815,0.05615,-0.32068,-34.9847,-96.3282,-15.3511,0.52905,-0.75330,0.05322,13.9466,-25.8626,7.3359
556663069,-0.78711,-1.86890,-0.69739,-60.0382,-71.2061,-0.2214,0.52930,-0.75452,0.04749,14.0076,-25.6336,7.4275
556664068,-1.09314,-2.00000,-1.18945,-73.8321,-61.8321,-3.2748,0.52979,-0.75500,0.04199,14.0687,-25.4198,7.4885
556665067,-1.04541,-1.48950,-1.29126,-74.7099,-50.2366,-9.7252,0.52991,-0.75647,0.03687,14.1374,-25.2290,7.5115
556666067,-0.86682,-1.07520,-1.07031,-72.5420,-46.2214,-11.1985,0.52954,-0.75891,0.03101,14.2137,-25.0382,7.5344
556667067,-0.81848,-0.88623,-0.89172,-74.8931,-45.0458,-8.6260,0.52905,-0.76111,0.02429,14.2977,-24.8321,7.5725
556668067,-0.63879,-0.83057,-0.55396,-80.4656,-38.9542,-5.6641,0.52844,-0.76318,0.01782,14.3817,-24.6336,7.6031
556669067,-0.52637,-0.98645,-0.25024,-86.2443,-33.3130,-3.8626,0.52722,-0.76575,0.01172,14.4504,-24.4275,7.6183
556670065,-0.59644,-1.18188,-0.19507,-87.1832,-28.3740,-5.2366,0.52588,-0.76965,0.00464,14.5115,-24.2443,7.6183
556671065,-0.56653,-1.16479,-0.21814,-78.9618,-22.1679,-10.8550,0.52515,-0.77405,-0.00366,14.5802,-24.0916,7.5649
556672065,-0.48401,-1.02820,-0.19629,-70.1221,-19.2901,-16.1908,0.52502,-0.77832,-0.01172,14.6641,-23.9771,7.5267
556673069,-0.42188,-0.95032,-0.09619,-68.5496,-18.7405,-18.2748,0.52466,-0.78271,-0.01941,14.7405,-23.8779,7.5038
556674067,-0.25244,-0.68042,0.24365,-67.4351,-16.7099,-21.1756,0.52478,-0.78687,-0.02710,14.8092,-23.7863,7.5191
556675067,-0.08826,-0.13867,0.63232,-62.4427,-17.6947,-24.1221,0.52551,-0.79126,-0.03528,14.8855,-23.6718,7.5115
556676067,-0.02002,0.28967,0.68335,-57.0611,-24.7634,-22.7557,0.52576,-0.79578,-0.04382,14.9618,-23.5954,7.4809
556677068,-0.03613,0.31799,0.47876,-50.1985,-36.2443,-17.6031,0.52539,-0.79944,-0.05200,15.0076,-23.5344,7.4427
556678067,-0.02197,-0.02942,0.47827,-41.4351,-46.1145,-12.3817,0.52454,-0.80273,-0.05896,15.0229,-23.4656,7.4427
556679067,0.03064,-0.36707,0.66467,-37.5267,-53.8702,-9.1221,0.52344,-0.80615,-0.06494,15.0382,-23.4046,7.4504
556680067,-0.08582,-0.45532,0.49902,-38.7710,-62.0916,-7.0229,0.52234,-0.80908,-0.07117,15.0305,-23.3511,7.4046
556681067,-0.27185,-0.41663,0.03564,-35.5725,-67.0229,-6.5420,0.52173,-0.81177,-0.07837,15.0000,-23.2672,7.3511
556682068,-0.36194,-0.47632,-0.18628,-26.2366,-66.6412,-7.6031,0.52161,-0.81384,-0.08545,14.9542,-23.1527,7.3282
556683068,-0.42188,-0.70728,-0.18762,-20.2977,-63.4122,-8.8321,0.52185,-0.81567,-0.09204,14.8931,-23.0305,7.3511
556684067,-0.51453,-0.89478,-0.34521,-23.2443,-59.2214,-9.7557,0.52271,-0.81750,-0.09851,14.8626,-22.9008,7.3664
556685067,-0.66150,-0.95154,-0.76782,-29.4427,-56.5802,-10.7176,0.52307,-0.81860,-0.10461,14.8397,-22.7557,7.3588
556686067,-0.74768,-0.93860,-1.12817,-31.5420,-52.9771,-12.8702,0.52258,-0.81946,-0.11121,14.8244,-22.5725,7.3359
556687067,-0.67090,-0.75916,-0.96558,-31.6489,-45.0076,-16.1221,0.52148,-0.82129,-0.11682,14.8473,-22.2901,7.3130
556688065,-0.52795,-0.42041,-0.43298,-35.3969,-34.1527,-17.0382,0.52026,-0.82349,-0.12097,14.8702,-21.9084,7.2977
556689069,-0.49841,-0.23633,-0.33911,-43.4046,-28.3282,-12.4351,0.51892,-0.82593,-0.12537,14.9008,-21.4656,7.2595
556690067,-0.57251,-0.35706,-0.71997,-46.1145,-26.4656,-6.8626,0.51709,-0.82874,-0.13062,14.9695,-21.0000,7.2366
556691067,-0.55823,-0.49634,-0.83484,-31.8244,-24.8550,-8.1221,0.51550,-0.83069,-0.13635,15.0611,-20.5115,7.1832
556692067,-0.45581,-0.47546,-0.52893,-10.9084,-23.6183,-13.7557,0.51514,-0.83215,-0.14038,15.1527,-19.9924,7.0916
556693067,-0.36389,-0.38208,-0.25171,-4.9847,-24.6641,-15.6107,0.51453,-0.83337,-0.14453,15.2443,-19.4275,6.9924
556694067,-0.32886,-0.22046,-0.24963,-10.7710,-25.9084,-13.5420,0.51270,-0.83423,-0.15039,15.3282,-18.8015,6.9084
556695067,-0.35046,-0.05469,-0.26343,-10.2748,-24.9008,-12.6947,0.51086,-0.83533,-0.15491,15.3664,-18.1527,6.8397
556696065,-0.29712,-0.02136,-0.00464,-3.1450,-18.9695,-13.8168,0.50989,-0.83618,-0.15820,15.3588,-17.5267,6.8015
556697064,-0.18970,-0.22241,0.31335,-1.4580,-13.0153,-12.3282,0.50903,-0.83728,-0.16272,15.3206,-16.9237,6.7710
556698064,-0.22119,-0.54541,0.22522,-10.0534,-13.5038,-6.8092,0.50745,-0.83850,-0.16736,15.2443,-16.3130,6.7328
556699069,-0.17981,-0.74243,0.16101,-20.0611,-13.6641,-1.9695,0.50500,-0.83936,-0.16980,15.0840,-15.7176,6.6794
556700068,-0.07422,-0.71362,0.30359,-21.0763,-17.7557,-1.2519,0.50256,-0.84070,-0.17224,14.8244,-15.1374,6.6412
556701067,-0.09204,-0.57251,0.36707,-14.9313,-26.0305,-2.2290,0.50061,-0.84253,-0.17493,14.5038,-14.5496,6.6412
556702067,-0.10376,-0.49536,0.30676,-9.5573,-35.9771,-1.6183,0.49890,-0.84485,-0.17773,14.1374,-13.9618,6.6489
556703067,-0.20959,-0.57300,0.08167,-9.9542,-45.1527,0.8473,0.49780,-0.84717,-0.18188,13.7176,-13.4275,6.6336
556704067,-0.37866,-0.79077,-0.11792,-12.9771,-47.9313,2.1603,0.49585,-0.84961,-0.18665,13.2519,-12.9313,6.6412
556705067,-0.46729,-0.94995,-0.21216,-11.8168,-43.8855,-0.5267,0.49341,-0.85266,-0.19153,12.7634,-12.4275,6.6794
556706064,-0.58411,-0.99121,-0.37903,-7.5954,-39.2519,-4.4504,0.49072,-0.85632,-0.19678,12.2672,-11.9084,6.6870
556707069,-0.68896,-0.92517,-0.70984,-7.9466,-33.5267,-6.5191,0.48828,-0.85986,-0.20264,11.7481,-11.3817,6.6794
556708068,-0.75940,-0.75745,-1.00793,-14.9618,-25.7405,-5.9924,0.48657,-0.86292,-0.20874,11.2595,-10.8855,6.6718
556709067,-0.79016,-0.65637,-1.10083,-22.9771,-16.2748,-3.8015,0.48425,-0.86682,-0.21399,10.8168,-10.4275,6.6794
556710067,-0.68713,-0.68481,-1.01343,-26.7710,-7.4656,-1.2824,0.48132,-0.87207,-0.21899,10.3969,-9.9847,6.6718
556711068,-0.69299,-0.78796,-1.06018,-28.6031,-4.7939,1.8321,0.47791,-0.87732,-0.22339,9.9924,-9.5344,6.6336
556712068,-0.81970,-0.86475,-1.16992,-32.2901,-0.7634,4.8779,0.47351,-0.88220,-0.22681,9.6031,-9.1298,6.5878
556713067,-0.83850,-0.81555,-1.02356,-37.4656,8.9618,6.6260,0.46887,-0.88745,-0.23096,9.2214,-8.7786,6.5038
556714068,-0.72302,-0.72131,-0.64685,-40.2977,21.4351,7.4733,0.46484,-0.89221,-0.23706,8.8779,-8.4733,6.4046
556715067,-0.50684,-0.64124,-0.17737,-37.7328,33.8321,7.0458,0.45996,-0.89722,-0.24329,8.5954,-8.1756,6.2748
556716067,-0.46411,-0.52893,-0.03271,-30.1679,38.2443,4.9618,0.45410,-0.90381,-0.24902,8.3435,-7.8702,6.1450
556717067,-0.44873,-0.56580,-0.08704,-18.6794,41.0305,1.6336,0.44775,-0.91028,-0.25500,8.0840,-7.6183,6.0000
556718067,-0.29639,-0.81506,0.22742,-4.8702,43.3893,-3.6107,0.44153,-0.91638,-0.26062,7.7939,-7.4046,5.8626
556719067,-0.24805,-1.08264,0.64514,4.0382,38.6031,-8.6031,0.43616,-0.92407,-0.26672,7.4885,-7.2214,5.7176
556720068,-0.17590,-1.27600,0.78210,7.3435,30.9008,-12.1374,0.43005,-0.93286,-0.27356,7.2366,-7.0763,5.5649
556721068,-0.13477,-1.35645,0.78784,12.5115,22.1756,-16.0687,0.42358,-0.94116,-0.28149,7.0000,-6.9542,5.4046
556722068,-0.08850,-1.23987,0.94714,20.4275,17.0153,-20.8855,0.41821,-0.94849,-0.29065,6.7557,-6.8702,5.2443
556723067,0.02954,-0.90198,1.13599,21.8626,14.3053,-23.0687,0.41321,-0.95642,-0.29895,6.5191,-6.8397,5.0840
556724067,-0.03064,-0.68958,0.96118,14.5802,8.2519,-19.5573,0.40698,-0.96545,-0.30713,6.2977,-6.8473,4.9695
556725068,-0.13672,-0.80725,0.70435,8.3969,4.1221,-15.0076,0.39954,-0.97412,-0.31702,6.0916,-6.8931,4.9008
556726068,-0.18335,-0.97607,0.58728,10.8779,0.1832,-15.0458,0.39209,-0.98279,-0.32800,5.9160,-6.9618,4.8397
556727068,-0.26538,-0.99048,0.42261,17.3588,-4.9237,-18.5191,0.38538,-0.99133,-0.33960,5.7405,-7.0840,4.7939
556728068,-0.34985,-0.91382,0.28699,20.7634,-8.5344,-21.0000,0.37854,-1.00000,-0.35156,5.5878,-7.2672,4.7786
556729068,-0.38525,-0.85571,0.20056,20.2824,-9.0992,-21.2061,0.37073,-1.00964,-0.36511,5.4733,-7.4962,4.7634
556730067,-0.41394,-0.83838,0.07458,17.5802,-6.8931,-20.0458,0.36377,-1.01965,-0.37903,5.4046,-7.7328,4.7252
556731067,-0.47681,-0.87231,-0.07007,12.8244,-3.1069,-18.0458,0.35791,-1.02991,-0.39233,5.3359,-8.0153,4.6870
556732067,-0.47754,-0.87524,-0.09021,5.8626,2.9237,-15.5954,0.35266,-1.04065,-0.40674,5.2977,-8.3130,4.6794
556733068,-0.42017,-0.81726,-0.04309,-4.2214,8.5573,-11.8779,0.34656,-1.05188,-0.42212,5.2977,-8.6412,4.6947
556734067,-0.38098,-0.75574,-0.02661,-15.0992,11.8626,-7.5344,0.33960,-1.06396,-0.43860,5.3053,-8.9618,4.7176
556735067,-0.34241,-0.67993,0.02515,-21.2672,13.2214,-4.5878,0.33374,-1.07629,-0.45654,5.3359,-9.2824,4.7023
556736067,-0.30017,-0.62805,0.10901,-22.0153,12.7786,-3.3588,0.32886,-1.08813,-0.47498,5.3740,-9.6412,4.6794
556737067,-0.27612,-0.66614,0.17065,-20.8626,10.9389,-3.0611,0.32410,-1.09985,-0.49561,5.4046,-10.0458,4.6336
556738065,-0.25208,-0.78784,0.18506,-17.9008,8.6489,-4.0000,0.31982,-1.11206,-0.51782,5.4885,-10.4580,4.5878
556739069,-0.16626,-0.84216,0.19702,-11.3817,7.3435,-7.2901,0.31555,-1.12500,-0.54114,5.6260,-10.8473,4.5191
556740067,-0.10522,-0.72449,0.21875,-3.8321,5.6565,-11.4351,0.31226,-1.13757,-0.56567,5.7328,-11.1985,4.4351
556741067,-0.16785,-0.54407,0.21997,0.5649,3.8168,-13.3206,0.31030,-1.15039,-0.58997,5.8397,-11.5191,4.3206
556742067,-0.26917,-0.48840,0.24109,0.5802,3.6718,-11.4733,0.30933,-1.16296,-0.61426,5.9847,-11.8168,4.1908
556743067,-0.33093,-0.80591,0.30139,-2.8168,4.6489,-6.1832,0.30713,-1.18445,-0.66492,6.2901,-12.3588,3.9466
556744067,-0.33191,-1.37341,0.36707,-7.6947,6.3130,-1.7863,0.30566,-1.19519,-0.69092,6.4198,-12.5954,3.8015
556745068,-0.35278,-1.51929,0.32104,-12.0305,7.0992,-2.7786,0.30396,-1.20667,-0.71802,6.5267,-12.7863,3.6489
556746067,-0.45117,-1.06189,0.13086,-15.7710,5.8702,-5.9695,0.30310,-1.21716,-0.74585,6.6031,-12.9084,3.4962
556747068,-0.53137,-0.66699,0.11902,-18.6794,4.1069,-5.5496,0.30334,-1.22668,-0.77478,6.6489,-12.9771,3.2977
556748068,-0.52795,-0.79016,0.35657,-18.7405,1.2748,-2.5344,0.30396,-1.23621,-0.80432,6.6412,-12.9924,3.0534
556749068,-0.45166,-1.30530,0.69214,-14.3664,-0.7099,-1.5191,0.30408,-1.24524,-0.83289,6.5802,-12.9466,2.8015
556750067,-0.31812,-1.97412,1.20483,-6.8931,1.8168,-4.8855,0.30383,-1.25317,-0.86206,6.4656,-12.8168,2.5725
556751067,-0.24219,-2.00000,1.43896,-0.6794,4.0153,-13.1908,0.30481,-1.26050,-0.89307,6.3130,-12.5878,2.3359
556752067,-0.33374,-1.65588,0.82751,1.2214,-0.2290,-22.7252,0.30603,-1.26770,-0.92468,6.1069,-12.2672,2.0916
556753067,-0.53308,-0.91467,0.19165,5.4275,-9.1679,-27.8092,0.30615,-1.27490,-0.95569,5.8092,-11.8779,1.8244
556754067,-0.59973,-0.93518,0.49377,14.6870,-18.3588,-27.9695,0.30603,-1.28174,-0.98621,5.4351,-11.4275,1.5267
556755067,-0.41956,-1.48987,1.02124,19.7176,-27.0229,-27.5725,0.30579,-1.28882,-1.01733,5.0458,-10.9160,1.1756
556756067,-0.49658,-1.69727,0.68469,16.5496,-39.9847,-30.0229,0.30518,-1.29578,-1.04907,4.6260,-10.2824,0.8092
556757067,-0.82178,-1.31763,-0.09253,13.9160,-48.2290,-34.9008,0.30579,-1.30310,-1.08289,4.1679,-9.5344,0.4198
556758067,-0.78491,-0.71228,-0.20203,15.1221,-40.8321,-38.6107,0.30615,-1.31091,-1.11755,3.7099,-8.7405,-0.0076
556759067,-0.73987,-0.28186,-0.03052,14.9237,-32.3130,-36.7863,0.30530,-1.31860,-1.15173,3.2443,-7.8550,-0.4733
556760067,-0.96692,-0.40417,-0.44763,12.4885,-29.2595,-29.7863,0.30420,-1.32605,-1.18689,2.7634,-6.8855,-1.0153
556761068,-1.09851,-0.87183,-0.95764,13.5115,-22.5954,-25.3206,0.30347,-1.33337,-1.22339,2.2443,-5.8626,-1.6107
556762068,-1.14148,-0.99060,-1.03149,16.7557,-12.1832,-27.3282,0.30298,-1.34045,-1.26172,1.6947,-4.7710,-2.2214
556763068,-1.12415,-0.71692,-0.70483,14.3588,1.3282,-29.0916,0.30225,-1.34680,-1.30164,1.0534,-3.6565,-2.8779
556764067,-1.10413,-0.75073,-0.06348,6.3282,13.1221,-23.4351,0.30151,-1.35181,-1.34229,0.3130,-2.5267,-3.5954
556765065,-1.10400,-1.46045,0.43335,1.4351,19.9771,-14.7634,0.30212,-1.35449,-1.38391,-0.5420,-1.3206,-4.3740
556766068,-0.93469,-1.96118,0.56201,-0.6870,26.2366,-14.4046,0.30237,-1.35620,-1.42822,-1.5038,-0.0916,-5.2061
556767067,-0.53479,-1.54993,0.90283,-0.9847,35.4962,-23.1374,0.30225,-1.35889,-1.47375,-2.5573,1.1985,-6.0687
556768067,-0.25171,-0.83484,1.42834,1.9695,33.8779,-31.7557,0.30322,-1.36206,-1.51868,-3.7252,2.5344,-6.9466
556769068,-0.05591,-0.58704,1.61279,8.1985,18.7328,-35.4504,0.30493,-1.36401,-1.56335,-5.0382,3.9008,-7.8550
556770068,0.11523,-0.75500,1.52893,20.1298,-6.4504,-39.5191,0.30774,-1.36438,-1.60938,-6.4427,5.3130,-8.8015
556771068,0.03027,-0.95801,1.48718,37.6412,-33.2748,-47.6031,0.31165,-1.36340,-1.65674,-7.9160,6.8092,-9.7863
556772068,0.17957,-1.09045,1.74023,52.7939,-45.3893,-56.9389,0.31628,-1.36096,-1.70471,-9.5191,8.3893,-10.7710
556773067,0.18286,-0.75073,1.64087,59.8779,-56.7099,-63.5573,0.32104,-1.35693,-1.75220,-11.2061,10.0534,-11.8015
556774067,-0.26917,-0.03552,0.71313,64.4427,-71.0382,-63.7252,0.32507,-1.35156,-1.79810,-12.9695,11.8092,-12.8702
556775067,-0.47913,0.40515,-0.03149,68.5191,-71.6565,-58.0382,0.32935,-1.34546,-1.84253,-14.8168,13.6489,-13.9618
556776067,-0.59033,0.22156,-0.17139,55.7710,-63.1374,-44.7023,0.33496,-1.33862,-1.88562,-16.7863,15.5725,-15.0687
556777067,-0.89355,-0.23865,0.09558,19.7176,-48.3053,-26.2901,0.34265,-1.33020,-1.92749,-18.9313,17.6031,-16.1756
556778068,-0.92090,-0.49707,0.62036,-15.4885,-29.6565,-9.9618,0.35083,-1.32019,-1.96838,-21.2748,19.7405,-17.2901
556779068,-0.62219,-0.92664,0.94751,-27.6260,-16.2061,1.1374,0.35779,-1.30969,-2.00000,-23.8168,21.9924,-18.4427
556780068,-0.41077,-1.25464,0.58325,-30.0229,-18.5038,5.0000,0.36462,-1.29871,-2.00000,-26.5649,24.3588,-19.6183
556781068,-0.33130,-0.79260,0.13440,-39.4656,-27.2366,4.5573,0.37183,-1.28723,-2.00000,-29.5573,26.8397,-20.7939
556782068,-0.30212,-0.04309,0.25854,-55.3969,-40.0840,6.8092,0.37793,-1.27478,-2.00000,-32.8244,29.4198,-21.9847
556783068,-0.24976,-0.11743,0.58472,-62.9237,-58.6870,13.4885,0.38391,-1.26233,-2.00000,-36.3969,32.0840,-23.1679
556784068,-0.53516,-1.36621,1.09753,-41.9084,-83.3969,13.9618,0.39062,-1.25134,-2.00000,-40.2824,34.8397,-24.3359
556785068,-0.92334,-2.00000,1.35181,10.5191,-103.6565,-2.8321,0.39600,-1.24121,-2.00000,-44.4809,37.7099,-25.5191
556786068,-0.78857,-2.00000,1.00452,52.0000,-107.4198,-29.0763,0.40051,-1.23230,-2.00000,-48.9771,40.6947,-26.7176
556787068,-0.83606,-2.00000,-0.15564,55.9542,-110.7786,-50.4198,0.40540,-1.22424,-2.00000,-53.7710,43.8244,-27.9008
556788068,-1.38513,-1.22949,-1.81323,48.4275,-117.9313,-61.6947,0.41125,-1.21704,-2.00000,-58.8626,47.0916,-29.0534
556789068,-1.70422,-0.80798,-2.00000,57.0687,-123.9389,-66.6260,0.41809,-1.21106,-2.00000,-64.1985,50.4962,-30.2061
556790068,-1.93469,-1.30945,-2.00000,74.1450,-130.1145,-70.2061,0.42419,-1.20569,-2.00000,-69.7328,54.0458,-31.3511
556791067,-2.00000,-2.00000,-2.00000,75.7099,-127.4046,-72.1527,0.42969,-1.20129,-2.00000,-75.4504,57.7328,-32.4885
556792067,-2.00000,-1.93848,-2.00000,50.7557,-98.1985,-71.2977,0.43445,-1.19873,-2.00000,-81.3588,61.5649,-33.5878
556793067,-2.00000,-0.81433,-2.00000,12.0382,-49.3282,-64.9924,0.43970,-1.19812,-2.00000,-87.4198,65.5802,-34.6565
556794068,-2.00000,0.51416,-2.00000,-16.2443,-0.7176,-51.2672,0.44592,-1.19873,-2.00000,-93.5573,69.8015,-35.6794
556795067,-2.00000,1.03821,-2.00000,-26.1908,42.7939,-33.0305,0.45227,-1.20081,-2.00000,-99.7252,74.1679,-36.6870
556796068,-1.52527,-0.43896,-2.00000,-31.2595,90.0763,-7.3511,0.45947,-1.20581,-2.00000,-105.8855,78.6565,-37.6794
556797068,-1.04089,-0.65771,-2.00000,-18.2443,92.6794,-14.9466,0.46741,-1.21265,-2.00000,-111.9924,83.3359,-38.6489
556798067,-0.80701,-0.43201,-1.20203,8.8626,74.9542,-26.7099,0.47620,-1.22009,-2.00000,-117.9847,88.3740,-39.5649
556799068,-0.62817,-0.64673,-0.51514,27.4733,49.0916,-31.0840,0.48584,-1.22876,-2.00000,-123.8397,93.7557,-40.4198
556800067,-0.30627,-0.92065,-0.56531,27.8244,25.5878,-31.2901,0.49524,-1.23938,-2.00000,-129.5420,99.4046,-41.2137
556801067,-0.62866,-0.81470,-1.08740,29.1908,2.4504,-35.1069,0.50378,-1.25232,-2.00000,-135.0840,105.2977,-41.9237
556802067,-1.07642,-0.79041,-1.46619,40.9008,-4.7939,-41.8168,0.51111,-1.26648,-2.00000,-140.4198,111.4504,-42.5802
556803067,-0.97046,-1.06970,-1.37402,44.1298,4.1679,-44.9924,0.51807,-1.28101,-2.00000,-145.5191,117.8779,-43.1985
556804067,-1.15344,-1.16138,-1.55420,35.3969,9.9695,-45.0916,0.52612,-1.29578,-2.00000,-150.3817,124.5420,-43.7786
556805067,-1.49292,-0.83716,-2.00000,27.7176,23.5649,-45.8779,0.53381,-1.31177,-2.00000,-155.0076,131.4198,-44.3130
556806067,-1.46729,-0.60901,-2.00000,21.6565,43.8244,-44.4427,0.54041,-1.32971,-2.00000,-159.4351,138.5573,-44.7939
556807068,-1.46497,-0.68396,-2.00000,16.6031,58.6336,-40.8626,0.54553,-1.34912,-2.00000,-163.6336,145.9313,-45.2366
556808068,-1.53784,-0.56274,-2.00000,14.3969,71.3893,-38.5191,0.54993,-1.36902,-2.00000,-167.5802,153.5420,-45.6718
556809068,-1.64380,-0.06824,-2.00000,2.6718,82.4275,-32.5267,0.55432,-1.38989,-2.00000,-171.2901,161.3740,-46.0916
556810068,-1.67200,0.13550,-2.00000,-21.6641,92.0687,-16.9695,0.55750,-1.41248,-2.00000,-174.7710,169.4198,-46.4733
556811068,-1.58179,-0.55151,-2.00000,-37.4275,95.9389,1.8473,0.55957,-1.43689,-2.00000,-178.0305,177.6641,-46.8321
556812068,-1.36926,-1.67590,-1.92419,-32.3130,94.7023,10.2748,0.56152,-1.46252,-2.00000,-181.0534,186.1221,-47.1679
556813068,-1.25476,-1.87866,-1.71423,-27.3817,89.7481,5.3053,0.56384,-1.48730,-2.00000,-183.8550,194.7710,-47.5115
556814068,-1.78748,-1.04773,-2.00000,-42.0611,73.7786,1.7023,0.56567,-1.51196,-2.00000,-186.4275,203.5573,-47.8550
556815068,-2.00000,-1.25061,-2.00000,-50.2214,45.0076,7.9542,0.56714,-1.53638,-2.00000,-188.7939,212.4580,-48.2137
556816068,-2.00000,-2.00000,-2.00000,-25.9237,34.5191,4.2214,0.56848,-1.55945,-2.00000,-191.0000,221.4733,-48.5573
556817068,-2.00000,-2.00000,-2.00000,13.4809,62.2214,-25.3664,0.56873,-1.58118,-2.00000,-193.0763,230.6260,-48.8779
556818068,-2.00000,-2.00000,-2.00000,17.6565,110.6336,-59.9771,0.56848,-1.60095,-2.00000,-195.0076,239.9008,-49.1985
556819068,-2.00000,-1.64209,-2.00000,-15.8855,142.1679,-73.6412,0.56750,-1.61951,-2.00000,-196.7710,249.2519,-49.4809
556820068,-2.00000,-0.22961,-2.00000,-23.3282,177.1450,-76.4275,0.56665,-1.63672,-2.00000,-198.4275,250.1298,-49.7252
556821067,-2.00000,-0.22620,-2.00000,2.8397,237.6870,-79.1450,0.56726,-1.65198,-2.00000,-200.0153,250.1298,-49.9313
556822067,-2.00000,-1.04736,-2.00000,6.7328,250.1298,-75.7328,0.56787,-1.66516,-2.00000,-201.5649,250.1298,-50.1527
556823067,-2.00000,-1.42676,-2.00000,-17.6565,250.1298,-73.4504,0.56702,-1.67688,-2.00000,-203.0840,250.1298,-50.3969
556824067,-2.00000,-0.70837,-2.00000,-33.0382,250.1298,-74.1069,0.56580,-1.68787,-2.00000,-204.5802,250.1298,-50.6565
556825067,-1.38782,0.62451,-2.00000,-31.3817,250.1298,-69.4198,0.56482,-1.69775,-2.00000,-206.0458,250.1298,-50.9008
556826068,-0.90356,1.45142,-1.23010,-32.3130,250.1298,-52.8473,0.56299,-1.70569,-2.00000,-207.4885,250.1298,-51.1603
556827067,-0.61243,1.01074,-0.45276,-51.1603,250.1298,-26.6489,0.56042,-1.71228,-2.00000,-208.9542,250.1298,-51.4427
556828067,-0.20020,0.31628,-0.07324,-71.0382,250.1298,-7.3664,0.55750,-1.71753,-2.00000,-210.4351,250.1298,-51.7939
556829067,0.00586,0.41101,0.36841,-69.5802,250.1298,-3.8779,0.55310,-1.72241,-2.00000,-211.9160,250.1298,-52.2214
556830067,0.12170,0.90894,1.21790,-62.0458,250.1298,-5.0687,0.54626,-1.72803,-2.00000,-213.3817,250.1298,-52.7481
556831065,0.56177,1.35242,1.99994,-63.9389,250.1298,-1.5725,0.53857,-1.73413,-2.00000,-214.8244,250.1298,-53.3817
556832064,0.55847,1.47583,1.79773,-66.3588,239.8855,6.4351,0.53137,-1.73950,-2.00000,-216.2595,250.1298,-54.0992
556833069,0.16553,1.00891,1.05701,-54.8168,223.5191,12.5420,0.52490,-1.74426,-2.00000,-217.6412,250.1298,-54.9008
556834068,0.15051,0.50903,0.80591,-29.4198,213.7481,9.9924,0.51794,-1.74976,-2.00000,-218.9695,250.1298,-55.7786
556835067,0.00989,0.51123,0.67712,-7.1145,203.7863,5.1069,0.50818,-1.75708,-2.00000,-220.2443,250.1298,-56.7710
556836068,-0.16638,0.89941,0.48535,0.5649,197.2595,6.6412,0.49548,-1.76453,-2.00000,-221.4885,250.1298,-57.8626
556837068,0.07874,1.31482,0.78235,0.2519,197.5420,16.5725,0.48059,-1.77222,-2.00000,-222.6794,250.1298,-59.0534
556838068,0.14319,1.28247,1.11938,-0.4351,193.4656,31.9313,0.46387,-1.78015,-2.00000,-223.7939,250.1298,-60.3130
556839068,-0.06287,0.88770,0.85510,-7.0916,190.7481,47.0305,0.44592,-1.78833,-1.97485,-224.8244,250.1298,-61.6489
556840067,-0.16650,0.46204,0.47266,-22.6412,193.7634,59.6794,0.42468,-1.79773,-1.94092,-225.7786,250.1298,-63.0611
556841067,-0.19202,0.32874,0.43774,-44.7099,198.3130,69.9695,0.39954,-1.80688,-1.90405,-226.6794,250.1298,-64.5725
556842067,-0.05432,0.54456,0.82654,-70.1603,202.9160,80.1527,0.37195,-1.81494,-1.86462,-227.5267,250.1298,-66.1908
556843067,-0.02600,0.37769,1.03003,-87.6412,196.8779,92.3511,0.34106,-1.82202,-1.82056,-228.3282,250.1298,-67.8855
556844067,-0.11829,-0.55334,0.97229,-86.8397,187.3130,100.8168,0.30676,-1.82727,-1.77026,-229.1298,250.1298,-69.6489
556845065,0.01831,-1.42542,1.18420,-78.8931,181.5420,101.1145,0.22864,-1.82996,-1.65588,-230.8168,250.1298,-73.3435
556846068,0.11206,-1.64136,1.43506,-83.3511,177.9542,99.7863,0.18506,-1.82605,-1.59216,-231.8015,250.1298,-75.2137
556847068,-0.06226,-1.45679,1.36584,-101.1527,174.8779,101.2672,0.13843,-1.82007,-1.52283,-232.9695,250.1298,-77.0763
556848068,-0.00452,-1.09180,1.47424,-111.3511,178.5191,100.9695,0.08752,-1.81360,-1.44885,-234.4198,250.1298,-78.9695
556849067,0.34863,-0.87830,1.99994,-98.4733,182.1679,96.4198,0.03333,-1.80713,-1.37097,-236.2061,250.1298,-80.8779
556850065,0.19922,-0.86182,1.99994,-79.8092,171.0916,89.1985,-0.02295,-1.79968,-1.29016,-238.3511,250.1298,-82.7557
556851068,-0.57568,-0.53772,-0.27173,-80.9160,137.9695,86.1069,-0.08118,-1.79089,-1.20728,-240.8779,250.1298,-84.5725
556852067,-2.00000,0.64502,-2.00000,-85.3130,61.5573,85.7405,-0.14160,-1.78198,-1.12231,-243.8473,250.1298,-86.3588
556853068,-2.00000,1.81396,-2.00000,-22.4809,23.2137,73.7557,-0.20386,-1.77380,-1.03516,-247.2595,250.1298,-88.0763
556854068,-0.32983,1.09253,-2.00000,139.6794,82.4733,38.3969,-0.26721,-1.76733,-0.94617,-250.1374,250.1298,-89.7405
556855067,-0.89026,-1.73035,-2.00000,230.8015,14.9695,33.0763,-0.32898,-1.76233,-0.85571,-250.1374,250.1298,-91.2519
556856068,-2.00000,-2.00000,-2.00000,130.2901,-93.7710,58.9313,-0.38977,-1.75854,-0.76208,-250.1374,250.1298,-92.7481
556857068,-2.00000,-1.88867,-2.00000,54.4275,-4.2290,56.9542,-0.45032,-1.75488,-0.66614,-250.1374,250.1298,-94.2977
556858068,-2.00000,-0.46118,-2.00000,147.7328,196.4198,11.0305,-0.50952,-1.75110,-0.57080,-250.1374,250.1298,-95.8092
556859068,-2.00000,-1.24890,-2.00000,214.3511,250.1298,-11.3053,-0.56616,-1.74878,-0.47583,-250.1374,250.1298,-97.2137
556860067,-2.00000,-1.29675,-2.00000,155.9466,250.1298,-13.8779,-0.62036,-1.74915,-0.38025,-250.1374,250.1298,-98.4809
556861067,-2.00000,0.57300,-2.00000,89.7099,250.1298,-12.2595,-0.67175,-1.75195,-0.28455,-250.1374,250.1298,-99.5573
556862068,-2.00000,0.84680,-2.00000,59.4122,250.1298,-0.8855,-0.71924,-1.75623,-0.18860,-250.1374,250.1298,-100.5573
556863067,-2.00000,-0.45300,-2.00000,34.1908,250.1298,6.0305,-0.76233,-1.76160,-0.09241,-250.1374,250.1298,-101.6641
556864068,-2.00000,-1.59253,-2.00000,36.9771,250.1298,-1.5344,-0.80054,-1.76868,0.00403,-250.1374,250.1298,-102.7710
556865068,-2.00000,-0.97009,-2.00000,87.6947,250.1298,-17.2824,-0.83325,-1.77759,0.10059,-250.1374,250.1298,-103.8244
556866068,-2.00000,1.52783,-2.00000,179.0458,250.1298,-33.6641,-0.85986,-1.78809,0.19714,-250.1374,250.1298,-104.7786
556867068,-1.02759,1.99994,1.09485,250.1298,250.1298,-28.1908,-0.88098,-1.79956,0.29492,-250.1374,250.1298,-105.6870
556868067,1.21814,1.12915,1.99994,250.1298,250.1298,-3.3206,-0.89697,-1.81104,0.39319,-250.1374,250.1298,-106.5267
556869065,-0.03491,0.59119,1.86743,250.1298,250.1298,19.6947,-0.90649,-1.82202,0.49219,-250.1374,250.1298,-107.2519
556870069,-2.00000,0.37378,-2.00000,241.5038,250.1298,13.3664,-0.90979,-1.83240,0.59265,-250.1374,250.1298,-107.8550
556871068,-2.00000,-0.62305,-2.00000,250.1298,250.1298,-19.8702,-0.90881,-1.84131,0.69409,-250.1374,250.1298,-108.3893
556872068,-2.00000,-2.00000,-2.00000,250.1298,250.1298,-44.8244,-0.90247,-1.84827,0.79785,-250.1374,250.1298,-108.8244
556873068,-2.00000,-2.00000,-2.00000,250.1298,250.1298,-68.2366,-0.89062,-1.85291,0.90417,-250.1374,250.1298,-109.1374
556874068,-2.00000,-2.00000,-2.00000,250.1298,250.1298,-114.4046,-0.87415,-1.85449,1.01160,-250.1374,250.1298,-109.3206
556875068,-2.00000,-2.00000,-0.29529,250.1298,250.1298,-150.5573,-0.85217,-1.85156,1.12000,-250.1374,250.1298,-109.3817
556876067,-2.00000,-2.00000,0.52454,250.1298,250.1298,-150.7099,-0.82690,-1.84412,1.22913,-250.1374,250.1298,-109.3359
556877067,-2.00000,-1.03625,-2.00000,167.4580,250.1298,-132.0000,-0.80090,-1.83301,1.33923,-250.1374,250.1298,-109.1527
556878067,-2.00000,-0.40417,-2.00000,137.5649,250.1298,-115.0153,-0.77222,-1.81824,1.44946,-250.1374,250.1298,-108.8626
556879067,-2.00000,-0.96680,1.99994,117.3893,250.1298,-87.5115,-0.74158,-1.79993,1.55811,-250.1374,250.1298,-108.4351
556880067,-2.00000,-2.00000,1.99994,45.2214,250.1298,-53.0840,-0.71167,-1.78015,1.66443,-250.1374,250.1298,-107.9389
556881067,-2.00000,-2.00000,1.99994,15.0153,250.1298,-46.5954,-0.68225,-1.75928,1.76794,-250.1374,250.1298,-107.3130
556882068,-2.00000,-0.18604,1.99994,73.1832,250.1298,-64.5878,-0.65173,-1.73779,1.86902,-250.1374,250.1298,-106.6718
556883067,-1.55920,1.51025,1.99994,143.1679,250.1298,-80.8550,-0.62122,-1.71741,1.96790,-250.1374,250.1298,-106.0992
556884065,-0.34253,1.99994,1.99994,194.0916,250.1298,-90.8321,-0.59363,-1.69800,1.99994,-250.1374,250.1298,-105.4504
556885069,-0.43945,0.35498,1.99994,250.1298,250.1298,-95.9618,-0.56873,-1.67932,1.99994,-250.1374,250.1298,-104.6718
556886067,-0.75928,-2.00000,1.99994,250.1298,250.1298,-107.0305,-0.54517,-1.66211,1.99994,-250.1374,250.1298,-103.8397
556887067,-1.62598,-2.00000,1.99994,250.1298,250.1298,-131.9618,-0.52319,-1.64575,1.99994,-250.1374,250.1298,-103.0763
556888065,-1.57300,-2.00000,1.99994,208.7328,250.1298,-156.6718,-0.50342,-1.63049,1.99994,-250.1374,250.1298,-102.3893
556889068,0.59680,-1.40149,1.99994,57.0992,250.1298,-144.7176,-0.48633,-1.61670,1.99994,-250.1374,250.1298,-101.7786
556890068,0.36731,1.63440,1.99994,-40.7481,250.1298,-102.6260,-0.47131,-1.60352,1.99994,-250.1374,250.1298,-101.2595
556891068,-1.17859,0.54382,1.99994,-51.4046,250.1298,-51.0153,-0.45703,-1.59131,1.99994,-250.1374,250.1298,-100.8397
556892067,-0.60376,-1.64355,1.99994,-48.5725,250.1298,-20.0000,-0.44324,-1.58008,1.99994,-250.1374,250.1298,-100.4427
556893067,-0.56824,-2.00000,1.99994,-102.4275,250.1298,-4.9618,-0.42957,-1.56799,1.99994,-250.1374,250.1298,-99.9847
556894065,-1.27051,-2.00000,1.99994,-162.3511,250.1298,4.0611,-0.41772,-1.55347,1.99994,-250.1374,250.1298,-99.4198
556895069,-1.80505,-2.00000,1.99994,-139.7252,250.1298,-15.5802,-0.40808,-1.53796,1.99994,-250.1374,250.1298,-98.8931
556896068,-2.00000,-0.77209,1.99994,-45.8550,250.1298,-52.9924,-0.39868,-1.52112,1.99994,-250.1374,250.1298,-98.5115
556897068,-2.00000,0.46582,1.99994,40.0840,250.1298,-81.6641,-0.39038,-1.50232,1.99994,-250.1374,250.1298,-98.0916
556898067,-2.00000,-0.23315,1.99994,84.9695,250.1298,-88.1679,-0.38440,-1.48193,1.99994,-250.1374,250.1298,-97.6641
556899067,-1.53137,-2.00000,1.99994,81.3817,250.1298,-85.9160,-0.37976,-1.45764,1.99994,-244.9924,250.1298,-97.2290
556900067,-0.60632,-2.00000,1.99994,25.0534,250.1298,-79.6412,-0.37561,-1.43066,1.99994,-236.2290,250.1298,-96.7252
556901065,-0.59717,-2.00000,1.99994,-40.5954,250.1298,-65.5115,-0.37256,-1.40161,1.99994,-227.3740,250.1298,-96.1145
556902064,-0.70398,-2.00000,1.99994,-76.0458,250.1298,-42.9771,-0.37109,-1.36926,1.99994,-218.5115,250.1298,-95.4198
556903069,-0.51208,-2.00000,1.99994,-116.9924,250.1298,-14.6947,-0.37061,-1.33435,1.99994,-209.6947,250.1298,-94.6336
556904068,-0.75403,-2.00000,1.99994,-181.0840,250.1298,22.4427,-0.37097,-1.29651,1.99994,-200.9847,250.1298,-93.7786
556905067,-0.81262,-2.00000,1.99994,-223.6107,250.1298,42.8015,-0.37292,-1.25671,1.99994,-192.4733,246.3435,-92.8168
556906067,-0.89124,-2.00000,1.99994,-195.1221,250.1298,14.4504,-0.37598,-1.21619,1.99994,-184.2443,242.5038,-91.7328
556907065,-1.05066,-2.00000,1.99994,-121.7176,250.1298,-43.6489,-0.38037,-1.17358,1.99994,-176.3511,238.6489,-90.4962
556908069,0.28577,-2.00000,1.99994,-88.9466,250.1298,-89.2519,-0.38599,-1.12830,1.99994,-168.7863,234.7557,-89.1221
556909068,1.31372,-0.96606,1.99994,-99.8015,250.1298,-106.9466,-0.39343,-1.08264,1.99994,-161.5802,230.7786,-87.6260
556910068,-0.38037,-1.41528,1.55896,-76.8015,250.1298,-118.9008,-0.40283,-1.03809,1.99994,-154.7863,226.7176,-85.9847
556911067,-2.00000,-2.00000,-0.07422,-14.1908,250.1298,-143.9542,-0.41272,-0.99402,1.99994,-148.3969,222.5649,-84.1832
556912068,-2.00000,-2.00000,-1.43457,18.2824,250.1298,-165.5725,-0.42358,-0.95056,1.99994,-142.4122,218.3359,-82.2824
556913068,-2.00000,-2.00000,-2.00000,-0.0763,250.1298,-172.0382,-0.43542,-0.90857,1.99994,-136.8244,214.0000,-80.3282
556914067,-2.00000,0.28003,-1.86487,-40.0840,250.1298,-150.7099,-0.44763,-0.86804,1.99994,-131.6336,209.5420,-78.3359
556915068,-1.54651,1.49927,0.25391,-102.3053,250.1298,-99.2290,-0.45886,-0.83057,1.99994,-126.8244,204.9771,-76.2290
556916067,-2.00000,0.82629,-0.59424,-178.8015,250.1298,-36.2824,-0.46924,-0.79565,1.99994,-122.3282,200.2672,-74.0458
556917067,-2.00000,-0.27136,-2.00000,-210.9160,250.1298,-1.6183,-0.48022,-0.76282,1.99994,-118.1221,195.4427,-71.7939
556918067,-2.00000,-0.65564,-0.88501,-198.6794,250.1298,4.0076,-0.49243,-0.73328,1.99994,-114.2061,190.4733,-69.5038
556919068,-1.31665,-2.00000,1.38257,-197.5649,250.1298,10.3969,-0.50378,-0.70581,1.99994,-110.5725,185.3435,-67.1679
556920067,-1.12036,-2.00000,1.69238,-201.7786,250.1298,3.1145,-0.51331,-0.68079,1.99994,-107.1679,180.0534,-64.8092
556921067,-1.31531,-2.00000,0.51233,-154.5115,250.1298,-34.0229,-0.52185,-0.65845,1.99994,-103.9771,174.6260,-62.4275
556922067,-0.94495,-0.67346,0.30957,-67.2214,250.1298,-80.8702,-0.52917,-0.63892,1.99994,-100.9695,169.0687,-60.0000
556923067,-0.16052,-0.51514,1.99994,-13.6794,250.1298,-106.0153,-0.53491,-0.62170,1.99994,-98.1527,163.3740,-57.5725
556924065,0.36194,-2.00000,1.99994,-10.7863,250.1298,-111.6641,-0.53943,-0.60583,1.99994,-95.4809,157.5573,-55.1527
556925069,-0.21887,-2.00000,1.99994,-13.0153,250.1298,-123.1145,-0.54260,-0.59058,1.99994,-92.9542,151.6412,-52.7481
556926068,-0.81738,-1.64343,1.71155,36.2366,250.1298,-134.2672,-0.54407,-0.57788,1.99994,-90.5954,145.6107,-50.3206
556927067,-0.69141,-2.00000,1.99994,19.2519,250.1298,-112.7786,-0.54468,-0.56738,1.99994,-88.3969,139.4351,-47.8931
556928067,-1.35669,-2.00000,1.99994,-39.8550,250.1298,-88.2061,-0.54578,-0.55725,1.99994,-86.3664,133.0992,-45.4275
556929065,-1.33057,-2.00000,1.99994,-70.9695,250.1298,-84.9542,-0.54578,-0.54724,1.99994,-84.5115,126.6870,-42.9618
556930069,-0.86157,-0.37720,1.68201,-43.3435,250.1298,-99.6641,-0.54382,-0.53809,1.99994,-82.8168,120.3206,-40.4580
556931068,-0.42383,0.91626,1.18835,2.2748,250.1298,-107.9618,-0.54065,-0.53027,1.99994,-81.2977,113.8855,-37.9542
556932068,0.16968,0.50269,1.99994,19.5573,250.1298,-103.2824,-0.53687,-0.52344,1.99994,-79.9924,107.1908,-35.4427
556933068,0.25720,-0.88660,1.99994,-14.3740,245.7252,-88.8931,-0.53247,-0.51624,1.99994,-78.8702,100.2901,-32.9466
556934067,-0.11255,-2.00000,1.99994,-51.1298,210.9618,-80.4580,-0.52722,-0.51025,1.99994,-77.9160,93.2595,-30.4733
556935067,-1.23987,-2.00000,1.57153,-31.2824,195.3130,-93.9466,-0.52063,-0.50610,1.99994,-77.1527,86.1908,-28.0229
556936067,-2.00000,-2.00000,1.73523,9.6565,204.6947,-114.4962,-0.51282,-0.50256,1.99994,-76.5802,79.1069,-25.5954
556937068,-1.92480,-1.75549,1.50916,1.4580,237.0611,-120.2595,-0.50317,-0.50073,1.99994,-76.1908,71.9542,-23.2137
556938068,-2.00000,-0.32397,0.44238,-35.0992,250.1298,-106.3588,-0.49194,-0.50110,1.99994,-75.9618,64.7481,-20.8855
556939068,-1.73352,-0.77271,0.94202,-52.6183,250.1298,-91.1450,-0.47961,-0.50232,1.99994,-75.8855,57.5038,-18.6336
556940068,-0.28027,-1.95386,1.99994,-57.7023,250.1298,-88.4656,-0.46606,-0.50525,1.99994,-75.9160,50.2443,-16.4198
556941068,0.73938,-1.90845,1.99994,-70.5573,250.1298,-97.0229,-0.45068,-0.51074,1.99994,-76.0076,43.0076,-14.2443
556942067,0.52649,-0.25781,1.99994,-78.7328,250.1298,-109.2519,-0.43311,-0.51709,1.99994,-76.1527,35.8015,-12.1603
556943067,0.29089,0.94629,1.99994,-72.7023,250.1298,-110.7634,-0.41418,-0.52405,1.99994,-76.3282,28.6412,-10.1832
556944065,0.52393,0.70056,1.99994,-61.4962,239.9924,-100.7176,-0.39392,-0.53162,1.99994,-76.4656,21.5649,-8.3282
556945065,0.83875,0.06396,1.99994,-57.2519,197.3893,-89.9847,-0.34900,-0.55322,1.99994,-76.6565,7.7405,-4.9313
556946069,1.04761,0.29871,1.99994,-56.1069,163.4809,-85.5802,-0.32458,-0.56604,1.99994,-76.6336,1.0382,-3.3588
556947068,1.11072,1.26526,1.99994,-49.0611,143.4962,-82.8550,-0.29846,-0.58008,1.99994,-76.5115,-5.5344,-1.9084
556948068,0.95093,1.55945,1.99994,-41.6489,125.7634,-70.6412,-0.27051,-0.59509,1.99994,-76.3359,-11.9542,-0.6031
556949067,0.35669,0.62292,1.99994,-49.3588,104.8855,-49.6565,-0.24097,-0.61084,1.99994,-76.0687,-18.1603,0.6565
556950067,-0.39148,-0.89038,1.99994,-67.2595,85.5267,-32.9695,-0.20984,-0.62769,1.99994,-75.6565,-24.1298,1.8321
556951065,-1.03589,-1.73901,1.99994,-81.9618,76.5573,-30.6794,-0.17834,-0.64600,1.99994,-75.0992,-29.8397,2.9160
556952069,-1.34363,-1.50659,1.99994,-91.9008,82.3282,-36.2061,-0.14673,-0.66443,1.99994,-74.4504,-35.3053,3.9313
556953068,-0.94189,-0.62231,1.99994,-105.0305,103.6565,-40.3893,-0.11475,-0.68091,1.99994,-73.6870,-40.5420,4.8855
556954067,-0.29456,0.61145,1.99994,-127.7176,133.3282,-39.9084,-0.08264,-0.69690,1.99994,-72.8168,-45.5191,5.7939
556955067,0.35291,1.25659,1.99994,-156.4809,161.9771,-30.3130,-0.05139,-0.71313,1.99994,-71.7863,-50.2137,6.6641
556956067,0.92908,0.67603,1.99994,-181.6260,174.8626,-15.8321,-0.02039,-0.72864,1.99994,-70.5878,-54.6336,7.4962
556957065,0.86316,-0.12585,1.99994,-187.1374,157.5496,-11.3969,0.01050,-0.74426,1.99994,-69.2290,-58.8015,8.3053
556958069,0.76099,-0.18445,1.99994,-157.9160,119.1908,-20.8779,0.04089,-0.76001,1.99994,-67.7557,-62.7405,9.1145
556959068,0.74744,0.36792,1.99994,-115.6412,65.6412,-30.5496,0.06958,-0.77612,1.99994,-66.1756,-66.4809,9.9160
556960067,0.42566,0.87317,1.99994,-92.2366,9.4427,-28.5649,0.09668,-0.79211,1.99994,-64.4962,-70.0000,10.7328
556961067,0.25989,0.90222,1.99994,-79.7710,-13.1985,-22.1679,0.12341,-0.80615,1.96167,-62.7176,-73.2977,11.5344
556962067,0.48254,0.01453,1.99994,-77.1069,6.1908,-14.7328,0.14978,-0.81885,1.92188,-60.8702,-76.3740,12.3588
556963067,1.14478,-1.27454,1.99994,-121.7176,35.0534,-2.5267,0.17542,-0.83118,1.88354,-59.0000,-79.2901,13.1679
556964064,1.03796,-0.73792,1.99994,-204.1756,46.2977,7.2595,0.20129,-0.84253,1.84753,-57.0840,-82.0458,13.9771
556965069,0.23181,1.52100,1.99994,-238.5038,36.9313,7.1374,0.22803,-0.85205,1.81201,-55.1298,-84.5954,14.7405
556966068,0.87012,1.99994,1.99994,-215.8168,32.5420,10.1298,0.25476,-0.86023,1.77441,-53.1527,-86.9771,15.4809
556967067,1.91907,1.84143,1.99994,-227.6107,-2.0992,32.0611,0.28113,-0.86768,1.73682,-51.1527,-89.2137,16.1985
556968067,1.68042,1.10303,1.99994,-250.1374,-73.3588,58.3053,0.30750,-0.87463,1.70032,-49.1527,-91.2443,16.9008
556969067,1.08240,1.53979,1.99994,-250.1374,-121.9008,66.9542,0.33362,-0.88086,1.66333,-47.1298,-93.0687,17.5725
556970067,1.04944,1.99994,1.99994,-245.4504,-136.4275,64.8626,0.35889,-0.88599,1.62634,-45.0458,-94.6641,18.1832
556971067,0.84412,1.99994,1.99994,-198.0840,-147.0305,64.6870,0.38391,-0.89087,1.58948,-42.8931,-96.0382,18.7481
556972067,-0.07532,1.72229,1.99994,-165.4809,-164.7863,71.7786,0.40833,-0.89429,1.55249,-40.6718,-97.1603,19.2366
556973067,-0.63428,1.12622,0.44202,-149.7710,-164.6489,78.5344,0.43079,-0.89636,1.51453,-38.3588,-98.0687,19.6641
556974068,-0.77075,0.78870,0.02405,-143.2748,-145.0076,76.7710,0.45154,-0.89929,1.47559,-35.9160,-98.7557,20.0229
556975067,-1.26428,0.81470,-0.15540,-129.5191,-129.5649,67.6336,0.47144,-0.90247,1.43494,-33.3588,-99.1756,20.3130
556976068,-1.84229,1.29358,-0.95264,-114.5725,-118.9542,58.7710,0.49170,-0.90527,1.39294,-30.6794,-99.3588,20.5267
556977067,-2.00000,1.49280,-1.56213,-119.8168,-103.2214,62.7786,0.51099,-0.90710,1.35046,-27.8931,-99.3511,20.6718
556978068,-2.00000,0.11438,-1.59424,-151.0000,-79.0611,81.5115,0.52905,-0.90710,1.30713,-24.9771,-99.1527,20.7252
556979067,-1.71948,-1.49377,-0.73425,-205.7481,-36.7710,98.3817,0.54651,-0.90625,1.26367,-21.9160,-98.7786,20.6870
556980068,-0.74011,-1.18237,0.59790,-250.1374,11.2672,105.5267,0.56323,-0.90527,1.22156,-18.7252,-98.2366,20.5878
556981067,-0.32678,0.72241,1.15637,-250.1374,31.4275,105.0458,0.57849,-0.90308,1.18066,-15.4656,-97.5725,20.4351
556982067,-0.48523,1.99994,1.10046,-246.3664,28.9542,110.2748,0.59253,-0.89929,1.13989,-12.1679,-96.8168,20.2366
556983067,-0.09192,1.78271,1.66064,-220.4046,26.7023,125.7863,0.60498,-0.89404,1.09937,-8.8702,-95.9618,19.9695
556984067,0.12854,0.67419,1.99994,-206.3740,7.6107,137.0305,0.61511,-0.88794,1.05945,-5.5725,-95.0382,19.7023
556985068,0.10339,-0.36462,1.99994,-166.2443,-22.4198,125.1069,0.62390,-0.88098,1.02026,-2.3053,-94.0458,19.3893
556986067,0.46179,-0.41589,1.99994,-95.7176,-51.2137,91.0992,0.63281,-0.87329,0.98169,0.8626,-92.9924,19.0534
556987067,1.03516,0.75769,1.99994,-35.4885,-70.8626,57.7252,0.64124,-0.86560,0.94312,3.9237,-91.8931,18.7328
556988067,0.99548,1.61633,1.99994,-15.4046,-80.6489,45.4427,0.64856,-0.85754,0.90466,6.8702,-90.7939,18.4351
556989065,0.46729,0.03723,1.99994,-36.7710,-90.4504,60.3206,0.65442,-0.84998,0.86694,9.7023,-89.6947,18.1679
556990065,-0.20227,-2.00000,1.99994,-87.9695,-91.1832,75.0916,0.65967,-0.84192,0.82971,12.3893,-88.6107,17.9160
556991069,-0.35217,-1.97693,1.99994,-129.6947,-77.6641,77.1221,0.66370,-0.83301,0.79395,14.9008,-87.5802,17.6489
556992067,0.10986,-0.79016,1.99994,-134.5115,-72.7099,75.5954,0.66687,-0.82507,0.75903,17.2672,-86.6031,17.4122
556993067,0.57812,-0.02856,1.99994,-134.8092,-82.8092,85.9924,0.66907,-0.81787,0.72302,19.4885,-85.6412,17.2214
556994067,1.40735,0.36560,1.99994,-161.4275,-90.8244,107.8779,0.67053,-0.80994,0.68774,21.5954,-84.6794,17.0916
556995067,1.36450,1.01294,1.99994,-207.7710,-114.2137,133.9466,0.67285,-0.80298,0.65393,23.5649,-83.7481,17.0153
556996068,0.82117,0.83606,1.99994,-235.1450,-139.1603,152.4656,0.67529,-0.79749,0.62061,25.4351,-82.8931,16.9466
556997068,0.54797,0.22253,1.99994,-206.6489,-157.2824,145.2443,0.67700,-0.79187,0.58618,27.2290,-82.0916,16.8855
556998067,0.19971,0.04199,1.99994,-135.4122,-186.1527,121.6107,0.67908,-0.78589,0.55310,28.9084,-81.3206,16.8321
556999065,0.28821,0.06812,1.99994,-79.0763,-209.9084,101.6794,0.68201,-0.78101,0.52344,30.4962,-80.5573,16.7557
557000065,0.45349,0.13538,1.99994,-64.6718,-226.0153,94.0992,0.68420,-0.77649,0.49451,31.9924,-79.7863,16.6718
557001069,0.24353,-0.25818,1.86206,-53.1069,-238.0458,89.8626,0.68518,-0.77161,0.46497,33.4122,-79.0305,16.6260
557002068,-0.03479,-0.98157,1.05847,-19.4733,-241.6718,78.2137,0.68604,-0.76794,0.43530,34.7252,-78.2748,16.6183
557003068,-0.31836,-1.87463,0.51038,2.0916,-244.8779,68.6489,0.68726,-0.76392,0.40454,35.9466,-77.5267,16.5954
557004068,-0.84802,-2.00000,-0.26013,-16.4962,-242.8244,68.5802,0.68982,-0.75903,0.37500,37.0916,-76.7786,16.5573
557005068,-1.49133,-2.00000,-1.53674,-59.5420,-234.0000,74.9695,0.69373,-0.75562,0.34802,38.1985,-76.0000,16.4962
557006067,-1.68787,-1.48779,-2.00000,-95.2443,-215.5038,83.1069,0.69775,-0.75256,0.32092,39.2672,-75.1985,16.4427
557007067,-1.43079,-1.15564,-2.00000,-101.1603,-188.0305,85.7481,0.70154,-0.74854,0.29468,40.2595,-74.3588,16.3740
557008068,-1.11243,-1.14905,-0.18811,-90.4275,-157.4962,85.1603,0.70410,-0.74487,0.26892,41.1679,-73.4809,16.3206
557009067,-0.97192,-1.57031,0.19702,-95.9618,-133.4046,87.8626,0.70679,-0.74170,0.24255,42.0076,-72.6031,16.2519
557010067,-1.33875,-1.69604,-1.28394,-109.8626,-118.9160,85.7634,0.71106,-0.73767,0.21606,42.7557,-71.7405,16.1985
557011068,-1.44739,-0.69409,-1.70630,-74.0458,-102.3359,61.8397,0.71558,-0.73303,0.18958,43.4351,-70.8931,16.1221
557012068,-0.57214,0.33630,-0.45715,17.1603,-91.9160,27.1756,0.71899,-0.72925,0.16357,44.0382,-70.0382,16.0076
557013068,-0.07678,0.01074,0.15588,90.4656,-114.9618,5.2901,0.72168,-0.72607,0.13745,44.6183,-69.1374,15.8702
557014067,-0.14600,-0.86157,-0.32520,108.2519,-144.2443,-1.2290,0.72461,-0.72144,0.11182,45.1679,-68.2137,15.7023
557015068,0.04321,-1.07776,-0.44946,104.5267,-148.1985,-3.9542,0.72815,-0.71594,0.08569,45.6412,-67.2672,15.5038
557016068,-0.19751,-0.73962,-0.13879,103.6031,-144.3969,-5.8397,0.73169,-0.71082,0.06055,46.0229,-66.3282,15.2824
557017067,-0.59851,-0.67078,0.16125,113.7557,-131.5267,-5.1374,0.73438,-0.70569,0.03577,46.2977,-65.3817,15.0458
557018067,-0.66431,-0.58240,0.31226,130.6870,-115.2595,-2.0153,0.73730,-0.70068,0.01038,46.4809,-64.4198,14.8015
557019067,-0.57068,-0.26294,-0.02295,127.7099,-101.3740,8.8931,0.73975,-0.69617,-0.01343,46.5802,-63.4198,14.5496
557020067,-0.31824,-0.21826,-0.06946,100.0076,-82.3282,23.7328,0.74182,-0.69189,-0.03601,46.5496,-62.4198,14.2824
557021067,0.16467,-0.95325,0.46631,88.0153,-67.6183,30.7863,0.74451,-0.68762,-0.05811,46.3893,-61.4275,13.9771
557022067,0.61682,-2.00000,1.20276,99.2290,-68.9466,24.8931,0.74707,-0.68323,-0.08020,46.1145,-60.4275,13.6489
557023068,0.52295,-2.00000,1.44678,98.2977,-92.4504,15.6489,0.74915,-0.67896,-0.10254,45.7710,-59.4046,13.2672
557024068,0.31213,-1.79883,0.78381,83.3664,-116.7710,11.0382,0.75061,-0.67517,-0.12354,45.3359,-58.3817,12.8779
557025068,0.19617,-1.45471,0.31458,85.5496,-129.2443,6.3893,0.75208,-0.67236,-0.14282,44.7786,-57.3893,12.5115
557026067,0.28967,-1.46082,0.49817,99.2137,-135.1527,1.0534,0.75281,-0.67078,-0.16260,44.1298,-56.4046,12.1527
557027068,0.52771,-1.43225,0.74634,95.0382,-140.0611,0.0916,0.75391,-0.66931,-0.18188,43.3817,-55.3969,11.7786
557028068,0.32336,-1.01965,0.26782,68.5649,-145.9924,4.2061,0.75574,-0.66748,-0.19946,42.5420,-54.3511,11.4046
557029068,-0.02332,-0.59607,-0.58765,44.0611,-139.2214,8.0458,0.75623,-0.66602,-0.21692,41.5878,-53.2977,11.0305
557030067,-0.19519,-0.44739,-0.68323,44.8092,-122.8779,6.0840,0.75659,-0.66504,-0.23462,40.5191,-52.2290,10.6641
557031067,-0.35034,-0.55627,-0.73828,65.7786,-117.3588,1.0534,0.75769,-0.66443,-0.25354,39.3893,-51.1679,10.3282
557032067,-0.48560,-0.72180,-1.62048,79.5038,-120.4198,-0.7786,0.75830,-0.66394,-0.27173,38.2214,-50.1069,10.0229
557033068,-0.72192,-0.86609,-2.00000,76.4809,-118.2977,0.2061,0.75879,-0.66406,-0.28735,37.0229,-49.0763,9.7405
557034068,-0.83289,-0.96497,-2.00000,74.3282,-101.3740,-1.2748,0.75952,-0.66565,-0.30212,35.7863,-48.0382,9.4656
557035068,-0.77417,-0.80505,-1.88257,76.3053,-81.1679,-3.8855,0.75989,-0.66821,-0.31653,34.5038,-46.9618,9.2137
557036067,-0.78516,-0.43298,-1.88586,70.1450,-67.7405,-1.1450,0.76001,-0.67029,-0.32898,33.1908,-45.8931,8.9542
557037067,-0.62061,-0.07349,-1.78821,56.2519,-46.7634,6.1679,0.75977,-0.67163,-0.33887,31.8244,-44.8855,8.6947
557038067,-0.27502,0.06482,-1.04907,38.6947,-20.1069,16.0458,0.75916,-0.67456,-0.34814,30.4122,-43.9084,8.4275
557039067,-0.00989,-0.03198,-0.92480,25.0916,-6.9313,24.0687,0.75854,-0.67725,-0.35645,28.9924,-42.9008,8.1298
557040067,-0.24133,-0.19812,-1.79419,33.1603,-16.7099,23.9542,0.75793,-0.67859,-0.36511,27.5573,-41.8855,7.7863
557041067,-0.50427,-0.60559,-2.00000,64.3588,-32.2901,16.1221,0.75720,-0.67981,-0.37292,26.1069,-40.8550,7.4427
557042067,-0.01404,-1.12109,-1.70166,89.0992,-33.4656,6.1069,0.75659,-0.68152,-0.37854,24.6565,-39.8550,7.1069
557043065,0.44373,-1.23523,-0.85266,87.6718,-32.8855,-0.5954,0.75610,-0.68433,-0.38306,23.1985,-38.8626,6.7863
557044069,0.45837,-0.59570,-0.73059,88.2519,-31.1298,-8.4656,0.75610,-0.68689,-0.38696,21.7252,-37.8702,6.4275
557045068,0.34729,0.52100,-0.90332,110.7023,-26.5191,-16.2595,0.75757,-0.68945,-0.39038,20.2595,-36.8626,6.0534
557046068,0.13086,0.92603,-0.84985,129.0916,-17.5725,-12.5038,0.75916,-0.69592,-0.39307,17.4122,-34.7863,5.3435
557047067,0.25610,0.00293,-0.25208,122.4198,5.2137,2.6336,0.76025,-0.69958,-0.39160,15.9695,-33.7252,4.9847
557048068,0.47485,-1.25977,0.23047,102.2672,23.2061,15.4275,0.76001,-0.70349,-0.38892,14.5496,-32.6794,4.6336
557049068,0.45239,-1.49878,0.07092,93.4198,27.1679,14.3817,0.75891,-0.70642,-0.38770,13.1603,-31.6183,4.2366
557050068,0.65540,-0.37756,0.07922,107.8015,26.7481,2.4580,0.75793,-0.70935,-0.38647,11.8015,-30.5115,3.8015
557051068,1.08887,0.69690,0.81982,123.5802,21.8321,0.2519,0.75671,-0.71240,-0.38538,10.5038,-29.3588,3.4122
557052068,1.28064,0.30103,1.69580,119.9542,5.0229,14.8626,0.75549,-0.71472,-0.38330,9.2672,-28.1679,3.0305
557053068,1.16968,-1.11804,1.78711,109.3969,-22.5954,29.2214,0.75415,-0.71692,-0.38135,8.1145,-26.9771,2.6489
557054067,0.96838,-2.00000,1.21497,115.8779,-50.4504,27.5573,0.75220,-0.71960,-0.37903,7.0611,-25.7481,2.2748
557055067,0.57898,-2.00000,0.88550,129.4504,-69.2443,13.9389,0.74963,-0.72083,-0.37427,6.0763,-24.4504,1.8931
557056068,0.51843,-2.00000,1.12708,120.4275,-66.6641,7.4885,0.74646,-0.72070,-0.36865,5.1527,-23.1069,1.5344
557057068,0.59143,-1.58655,1.19507,93.1527,-60.8550,14.2443,0.74243,-0.72021,-0.36218,4.2748,-21.7634,1.1527
557058068,0.03601,-2.00000,-0.08630,95.4962,-61.1908,18.5573,0.73865,-0.72009,-0.35461,3.4580,-20.4427,0.7710
557059068,0.18665,-2.00000,0.19592,101.5802,-50.3664,6.2672,0.73535,-0.71997,-0.34717,2.7023,-19.1298,0.4275
557060068,0.11487,-2.00000,0.43103,87.6412,-43.1985,-6.4580,0.73120,-0.72021,-0.33911,1.9389,-17.8015,0.0840
557061067,0.02502,-2.00000,0.05249,72.9008,-44.7863,-15.4427,0.72705,-0.72083,-0.32996,1.1527,-16.5191,-0.2748
557062068,-0.26086,-1.85669,-1.16919,74.5649,-66.6794,-18.5344,0.72339,-0.72046,-0.32153,0.3664,-15.2672,-0.6260
557063068,-0.59155,-2.00000,-2.00000,88.5573,-88.3282,-20.4885,0.72021,-0.71960,-0.31384,-0.3893,-14.0458,-0.9237
557064068,-0.59314,-2.00000,-2.00000,89.4733,-89.7099,-22.5573,0.71704,-0.72034,-0.30542,-1.1298,-12.8321,-1.1679
557065068,-0.44763,-2.00000,-1.59058,61.5420,-75.7710,-20.9695,0.71375,-0.72205,-0.29578,-1.8779,-11.6031,-1.3588
557066067,-0.47278,-1.57190,-1.41882,26.2061,-55.4656,-16.0687,0.71021,-0.72400,-0.28650,-2.6489,-10.3817,-1.5115
557067067,-0.62134,-0.90686,-1.72107,11.7023,-34.0153,-8.8244,0.70557,-0.72583,-0.27722,-3.4122,-9.1756,-1.6794
557068067,-0.69958,-1.19775,-2.00000,13.4046,-12.5878,-0.5038,0.70117,-0.72778,-0.26697,-4.1603,-8.0076,-1.8321
557069068,-0.68677,-2.00000,-2.00000,11.3282,6.9618,3.7786,0.69690,-0.73096,-0.25623,-4.8855,-6.8855,-1.9237
557070064,-0.69934,-2.00000,-2.00000,0.7557,19.9237,0.1298,0.69250,-0.73474,-0.24561,-5.5649,-5.7786,-1.9466
557071069,-0.58093,-1.82739,-2.00000,-5.4733,26.6870,-8.2901,0.68884,-0.73865,-0.23474,-6.2061,-4.6412,-1.9237
557072068,-0.18677,-1.21143,-1.44006,1.4733,27.7634,-14.3435,0.68628,-0.74365,-0.22424,-6.7939,-3.4885,-1.8779
557073067,0.13818,-0.94482,-0.72668,15.1603,21.0840,-16.3282,0.68396,-0.75024,-0.21216,-7.3053,-2.3282,-1.8473
557074068,0.34216,-0.96741,-0.53955,31.9160,10.6794,-17.4580,0.68201,-0.75586,-0.19824,-7.7481,-1.1603,-1.7863
557075068,0.30981,-1.22766,-0.89868,50.5191,-3.2824,-20.7786,0.68152,-0.76123,-0.18481,-8.0763,0.0534,-1.7023
557076068,0.09351,-1.62036,-1.81030,56.2443,-19.3664,-23.0229,0.68127,-0.76697,-0.17334,-8.3206,1.3053,-1.6107
557077068,-0.05725,-1.86450,-2.00000,46.7328,-32.2595,-24.1298,0.67920,-0.77246,-0.16321,-8.4580,2.5802,-1.5191
557078068,-0.37561,-1.78101,-2.00000,44.7405,-36.6565,-29.4122,0.67676,-0.77734,-0.15405,-8.5191,3.8473,-1.4198
557079067,-0.51050,-1.52881,-2.00000,53.7557,-24.8550,-37.5802,0.67578,-0.78247,-0.14478,-8.4733,5.1603,-1.3053
557080068,-0.56445,-1.19812,-2.00000,52.3664,-7.6260,-39.5420,0.67468,-0.78833,-0.13477,-8.3588,6.5267,-1.1374
557081068,-1.00464,-1.09741,-2.00000,36.7939,9.3053,-32.8397,0.67395,-0.79443,-0.12573,-8.1374,7.9389,-0.9618
557082068,-1.24097,-1.34546,-2.00000,15.7939,35.4275,-23.7023,0.67456,-0.80103,-0.11682,-7.7786,9.3664,-0.7786
557083068,-1.11243,-1.61536,-2.00000,-7.2061,56.3282,-15.7939,0.67542,-0.80823,-0.10767,-7.3130,10.7939,-0.6183
557084068,-1.01282,-1.25183,-2.00000,-20.8626,75.4809,-15.4351,0.67615,-0.81555,-0.09900,-6.7481,12.2443,-0.4580
557085068,-0.59851,-0.19727,-2.00000,-17.8321,97.2595,-18.8626,0.67712,-0.82324,-0.09241,-6.0992,13.7176,-0.2824
557086067,-0.13416,0.54211,-2.00000,-16.9237,106.4885,-12.8244,0.67822,-0.83081,-0.08630,-5.3664,15.1756,-0.1298
557087067,-0.25049,0.31287,-2.00000,-23.5954,105.9847,1.3664,0.67920,-0.83765,-0.07898,-4.5420,16.5878,-0.0305
557088067,-0.35107,-0.47974,-2.00000,-14.3053,114.2901,5.8092,0.68018,-0.84387,-0.07336,-3.6641,17.9695,0.0534
557089068,-0.10547,-1.19983,-1.59912,14.7481,124.2443,-3.5878,0.68164,-0.84998,-0.06897,-2.7328,19.3359,0.1679
557090067,-0.00842,-1.56494,-1.39966,44.0611,120.3664,-18.9313,0.68347,-0.85571,-0.06274,-1.7557,20.6489,0.2824
557091067,-0.08569,-1.43030,-1.19202,66.0382,111.5420,-32.7481,0.68469,-0.86108,-0.05640,-0.6794,21.9466,0.4122
557092067,0.02905,-1.12585,-0.71680,79.7405,104.0840,-38.7710,0.68555,-0.86536,-0.05261,0.4580,23.2214,0.5115
557093067,0.17957,-1.08484,-0.44531,78.3053,97.5954,-36.6870,0.68652,-0.86951,-0.05017,1.6565,24.4580,0.5954
557094068,0.10022,-1.32190,-0.38550,69.5344,91.7786,-32.3435,0.68604,-0.87415,-0.04602,2.9008,25.6565,0.6412
557095067,-0.02161,-1.37341,-0.22778,64.2595,89.5954,-30.9466,0.68469,-0.87817,-0.04102,4.1832,26.7939,0.6947
557096067,-0.03333,-0.99353,-0.63843,50.9466,83.9466,-27.8473,0.68311,-0.88196,-0.03809,5.4733,27.8626,0.7634
557097067,-0.19128,-0.64783,-1.89600,25.2214,70.3359,-17.7099,0.68176,-0.88562,-0.03601,6.8015,28.8702,0.8550
557098068,-0.31763,-0.79614,-1.97095,13.8473,68.6489,-8.9237,0.68091,-0.88940,-0.03271,8.1298,29.8015,0.9466
557099068,-0.12158,-1.21680,-0.80627,23.4580,75.9771,-8.0534,0.67969,-0.89319,-0.02747,9.4275,30.6565,1.0000
557100068,-0.16980,-1.50476,-0.63843,24.4198,78.4046,-7.6565,0.67761,-0.89575,-0.02258,10.6794,31.4198,1.0229
557101068,-0.71521,-1.59998,-1.66504,20.2901,80.2901,-7.1450,0.67554,-0.89722,-0.01965,11.8779,32.0916,1.0382
557102068,-1.02136,-1.56177,-2.00000,32.6107,98.9542,-12.9160,0.67358,-0.89746,-0.01709,13.0229,32.6641,1.0916
557103068,-0.76550,-1.54688,-1.30005,43.7405,124.8397,-19.6641,0.67053,-0.89746,-0.01514,14.1069,33.1756,1.1145
557104068,-0.63647,-1.46912,-0.93945,35.5344,134.5115,-20.9542,0.66687,-0.89758,-0.01331,15.1221,33.6260,1.1450
557105068,-0.66345,-1.41882,-0.82581,24.8855,136.3053,-18.5878,0.66382,-0.89685,-0.01038,16.0840,33.9847,1.1679
557106067,-0.42163,-1.68713,-0.25708,19.0076,137.7634,-15.0229,0.66064,-0.89551,-0.00659,16.9389,34.2672,1.1908
557107068,-0.19385,-2.00000,0.33667,8.0840,133.3740,-10.3893,0.65723,-0.89331,-0.00220,17.6870,34.4733,1.2061
557108068,-0.19373,-2.00000,0.51147,-1.6947,121.9618,-9.1756,0.65308,-0.89075,0.00110,18.3435,34.5725,1.2214
557109067,-0.16846,-2.00000,0.60608,-0.9084,111.3206,-15.5115,0.64795,-0.88867,0.00305,18.9542,34.5802,1.2366
557110068,-0.13550,-2.00000,0.63318,3.8244,98.3588,-24.1756,0.64282,-0.88745,0.00452,19.5038,34.5115,1.2748
557111067,-0.25562,-2.00000,0.46802,8.1603,86.1832,-30.3053,0.63818,-0.88733,0.00647,19.9389,34.3664,1.3588
557112068,-0.27710,-2.00000,0.62952,16.7786,81.9924,-36.4962,0.63281,-0.88721,0.00745,20.2824,34.1450,1.4427
557113068,-0.17981,-2.00000,1.05676,25.2443,82.5344,-44.0992,0.62744,-0.88782,0.00708,20.5878,33.8702,1.5115
557114067,-0.19250,-2.00000,1.13550,23.8855,83.9771,-50.3206,0.62341,-0.88806,0.00708,20.8092,33.4962,1.5649
557115068,-0.25708,-1.87134,0.79407,14.3817,87.8626,-55.9389,0.61938,-0.88745,0.00659,20.9466,33.0153,1.6412
557116068,-0.15356,-0.46509,0.35352,4.5191,91.6107,-59.7328,0.61438,-0.88770,0.00562,21.0000,32.4733,1.6947
557117067,0.15088,0.90747,0.32495,-5.4656,90.8550,-51.6336,0.60876,-0.88782,0.00427,20.9771,31.8550,1.7099
557118068,0.46936,0.72168,0.87903,-17.1832,81.6489,-26.3359,0.60364,-0.88708,0.00317,20.8855,31.1832,1.7099
557119067,0.65356,-0.32092,1.26270,-27.4122,64.6947,-0.8168,0.59985,-0.88562,0.00098,20.7481,30.4733,1.7252
557120067,0.81897,-0.73694,0.56128,-6.3664,41.9160,5.9542,0.59692,-0.88428,-0.00183,20.5496,29.7634,1.7481
557121067,0.02673,-0.38000,-0.87671,54.8779,6.1145,-7.5954,0.59326,-0.88342,-0.00281,20.2748,29.0763,1.7557
557122067,-1.05493,-0.05371,-1.93018,99.3130,-18.7099,-16.4580,0.58838,-0.88293,-0.00195,19.9542,28.2977,1.7328
557123068,-0.82727,-0.47510,-1.66846,89.3664,-4.5191,-9.1985,0.58386,-0.88245,-0.00061,19.6107,27.2672,1.6641
557124067,-0.97021,-1.39954,-1.37976,74.6183,5.7863,-4.9160,0.58081,-0.88159,-0.00183,19.2290,25.9695,1.6336
557125067,-1.59204,-2.00000,-1.68384,100.9008,23.7634,-23.3206,0.57837,-0.87952,-0.00439,18.8015,24.5954,1.6412
557126068,-1.46362,-2.00000,-1.45837,147.6183,60.1756,-53.9160,0.57568,-0.87756,-0.00732,18.3282,23.2824,1.7099
557127067,-1.60669,-2.00000,-1.90698,153.5420,85.0382,-70.4580,0.57263,-0.87683,-0.00769,17.7710,22.1221,1.8321
557128067,-1.74316,-2.00000,-2.00000,98.6947,121.3893,-68.1221,0.56848,-0.87537,-0.00220,17.1298,20.9466,1.9237
557129067,-1.18811,-2.00000,-1.47571,37.3053,162.8550,-65.1298,0.56506,-0.87415,0.00354,16.4504,19.3817,1.9847
557130068,-0.75549,-1.70410,-0.46130,22.7481,174.0687,-66.8244,0.56213,-0.87415,0.00635,15.7557,17.5038,1.9924
557131068,-0.42908,-1.12244,0.12561,38.7176,160.9924,-69.4275,0.55884,-0.87158,0.00720,15.0458,15.5420,1.9160
557132068,0.06641,-0.68677,0.64844,42.8779,141.1298,-64.9847,0.55615,-0.86841,0.00720,14.2366,13.5725,1.8779
557133068,0.44690,-0.24500,1.70520,20.4351,128.9924,-51.5038,0.55298,-0.86743,0.01025,13.3511,11.6565,1.8931
557134068,1.00806,0.22266,1.99994,-2.5115,130.5191,-39.1145,0.55090,-0.86682,0.01367,12.4580,9.6794,1.8473
557135068,1.50989,0.53796,1.99994,5.3588,120.4198,-34.4580,0.55054,-0.86633,0.01428,11.4962,7.6336,1.7939
557136067,1.24573,0.57434,1.99994,51.1069,84.8397,-38.2595,0.55042,-0.86609,0.01440,10.4656,5.6412,1.7481
557137067,0.88074,0.37915,1.99994,98.0687,51.7481,-45.1908,0.55090,-0.86633,0.01465,9.3893,3.6336,1.7023
557138067,0.80713,-0.05078,1.99994,106.4504,27.9313,-44.1832,0.55225,-0.86694,0.01245,8.3130,1.6031,1.6565
557139067,0.66028,-0.41931,1.83911,89.6870,6.6794,-38.4809,0.55469,-0.86780,0.00940,7.1985,-0.3817,1.6107
557140067,0.42029,-0.28528,1.73120,92.9237,-14.0458,-38.7557,0.55737,-0.86902,0.00696,6.0153,-2.3130,1.5267
557141067,0.07422,-0.62195,1.58105,115.9695,-36.5878,-37.5649,0.56116,-0.87073,0.00354,4.8168,-4.2214,1.4427
557142067,-0.34155,-2.00000,0.89551,107.5649,-46.4122,-25.0076,0.56531,-0.87268,-0.00012,3.6183,-6.0687,1.3893
557143067,-0.67908,-2.00000,0.40894,43.1069,-26.1145,-9.3511,0.56812,-0.87476,-0.00281,2.4198,-7.8473,1.3511
557144068,-0.67444,-2.00000,0.41113,-24.3664,9.7328,-3.5725,0.57117,-0.87610,-0.00586,1.2214,-9.5954,1.2977
557145067,-0.65833,-1.51965,0.38843,-28.8397,32.2824,-11.6718,0.57544,-0.87708,-0.00903,0.0076,-11.2672,1.2137
557146067,-0.73547,-1.13708,0.20605,11.7252,33.8397,-22.7176,0.58655,-0.87817,-0.01709,-2.3740,-14.3359,1.0687
557147068,-0.62512,-1.81677,-0.00903,33.4046,26.2824,-27.7099,0.59094,-0.87903,-0.02234,-3.4885,-15.7328,0.9847
557148067,-0.68823,-2.00000,-0.27197,16.2519,17.0153,-31.3664,0.59534,-0.87939,-0.02686,-4.5573,-17.0763,0.9237
557149067,-0.71167,-2.00000,-0.19189,-4.4046,17.3206,-41.2901,0.60071,-0.87976,-0.02991,-5.6107,-18.3740,0.8702
557150067,-0.49329,-2.00000,0.61072,7.3664,20.9924,-58.4427,0.60559,-0.88000,-0.03210,-6.6641,-19.5725,0.8168
557151068,-0.34021,-1.33777,0.89307,43.5420,12.2977,-73.1908,0.60986,-0.88013,-0.03406,-7.6794,-20.6947,0.7252
557152067,-0.30261,-0.57532,0.67200,59.2214,8.7710,-74.0458,0.61499,-0.88110,-0.03638,-8.6107,-21.7481,0.6183
557153068,-0.11475,-0.07581,1.22156,34.5191,26.3740,-60.5725,0.62024,-0.88232,-0.03809,-9.4656,-22.7252,0.4885
557154067,0.33655,-0.01904,1.99976,-1.7634,50.4504,-42.6489,0.62524,-0.88245,-0.03943,-10.3053,-23.6031,0.3511
557155067,0.52319,-0.25256,1.93018,-21.2901,52.5420,-29.7786,0.62952,-0.88220,-0.04077,-11.1374,-24.4122,0.2137
557156067,0.44153,-0.27271,1.64661,-20.0687,33.7863,-24.6260,0.63232,-0.88257,-0.04187,-11.9466,-25.1298,0.0840
557157067,0.63318,0.05164,1.99994,-8.9466,12.7405,-23.3969,0.63513,-0.88354,-0.04333,-12.7176,-25.8015,-0.0840
557158067,0.76880,-0.11926,1.99994,-8.6412,-13.2824,-15.0840,0.63806,-0.88513,-0.04333,-13.4580,-26.4351,-0.2901
557159067,0.63904,-1.05188,1.99994,-20.0916,-39.6870,-3.2672,0.64026,-0.88623,-0.04126,-14.1603,-27.0076,-0.5267
557160067,0.60107,-1.67346,1.99994,-20.4427,-56.3282,-0.8855,0.64246,-0.88696,-0.03857,-14.7939,-27.5115,-0.7557
557161065,0.49878,-1.50500,1.99994,-13.2290,-68.5496,-5.8473,0.64551,-0.88696,-0.03699,-15.3817,-27.9542,-1.0153
557162069,0.17908,-1.11499,1.86621,-18.4885,-75.2519,-7.7939,0.64819,-0.88672,-0.03577,-15.9008,-28.3282,-1.3130
557163068,-0.02087,-1.08313,1.34180,-28.4198,-74.2519,-5.6031,0.65039,-0.88672,-0.03418,-16.3511,-28.6183,-1.6260
557164067,-0.05212,-1.40442,1.28430,-30.6641,-76.3893,-4.1985,0.65283,-0.88770,-0.03247,-16.7481,-28.8168,-1.9389
557165068,-0.18042,-1.85339,0.98181,-34.9237,-86.4275,-5.6489,0.65540,-0.88892,-0.03003,-17.0611,-28.9237,-2.2443
557166067,-0.47961,-2.00000,0.39429,-45.3053,-94.4046,-10.6260,0.65820,-0.88928,-0.02576,-17.3206,-28.9618,-2.5649
557167068,-0.70386,-2.00000,0.21790,-54.9618,-90.2366,-18.5878,0.66174,-0.88928,-0.02112,-17.5115,-28.8855,-2.8855
557168067,-0.64819,-1.91943,0.49939,-63.9924,-79.3130,-24.0305,0.66602,-0.89038,-0.01721,-17.6336,-28.6031,-3.2290
557169067,-0.57202,-1.53857,0.50012,-73.4351,-71.5954,-24.9542,0.66895,-0.89246,-0.01270,-17.7023,-28.1221,-3.5954
557170068,-0.54712,-0.96350,0.32703,-77.2595,-62.9008,-25.0305,0.67188,-0.89453,-0.00757,-17.7328,-27.5191,-3.9313
557171067,-0.33398,-0.31860,0.54407,-77.4504,-51.1374,-23.1603,0.67590,-0.89673,-0.00195,-17.7176,-26.7481,-4.2443
557172067,-0.01050,-0.04077,0.95874,-84.5191,-44.5725,-15.4885,0.67871,-0.89905,0.00537,-17.6107,-25.8321,-4.5573
557173067,0.17444,-0.03455,1.36084,-95.7481,-47.2977,-6.1298,0.68018,-0.90173,0.01270,-17.4046,-24.8015,-4.8702
557174068,0.17358,0.01550,1.71948,-96.0687,-56.9313,-1.5115,0.68201,-0.90381,0.01953,-17.0916,-23.6412,-5.1679
557175067,0.38098,-0.04346,1.71021,-90.3359,-69.3435,0.6336,0.68420,-0.90552,0.02710,-16.6718,-22.3511,-5.4580
557176068,0.63403,-0.01208,1.73157,-95.2443,-82.5649,4.2824,0.68628,-0.90784,0.03369,-16.1985,-20.9466,-5.7099
557177068,0.65234,0.11328,1.79517,-102.8550,-101.5420,11.0611,0.68787,-0.90967,0.03992,-15.6489,-19.4046,-5.9084
557178067,0.62988,-0.18030,1.51428,-100.4427,-121.1374,18.6870,0.68774,-0.91077,0.04785,-14.9924,-17.7405,-6.0611
557179068,0.34595,-0.84009,0.99390,-94.9771,-143.8168,23.8015,0.68713,-0.91223,0.05750,-14.2748,-16.0153,-6.2214
557180067,-0.00513,-1.22620,0.38232,-90.3130,-159.7176,23.8931,0.68701,-0.91357,0.06860,-13.5344,-14.2137,-6.3664
557181067,-0.16187,-1.03760,0.29651,-94.4580,-160.0992,23.8321,0.68616,-0.91406,0.08020,-12.7786,-12.3130,-6.4809
557182067,-0.26099,-0.92126,0.30457,-113.2748,-156.4427,30.3130,0.68481,-0.91345,0.09155,-11.9847,-10.3282,-6.5725
557183067,-0.48853,-1.36255,-0.33594,-125.7710,-155.7939,37.5267,0.68335,-0.91150,0.10193,-11.1603,-8.2672,-6.6641
557184067,-0.94739,-2.00000,-1.65356,-112.4351,-161.6641,34.4351,0.68079,-0.90820,0.11157,-10.3435,-6.1756,-6.7252
557185067,-1.39355,-2.00000,-2.00000,-92.0382,-163.3588,19.5802,0.67712,-0.90442,0.12170,-9.5649,-4.0763,-6.7710
557186068,-1.60706,-2.00000,-2.00000,-89.4809,-152.3664,3.6641,0.67432,-0.90076,0.13306,-8.8473,-1.9771,-6.8168
557187068,-1.62073,-1.76709,-2.00000,-101.6412,-133.0611,-6.5038,0.67175,-0.89746,0.14429,-8.1603,0.1527,-6.8779
557188067,-1.51294,-1.24792,-2.00000,-109.1145,-109.4198,-12.7176,0.66846,-0.89368,0.15454,-7.4809,2.2672,-6.9542
557189068,-1.37842,-0.78564,-2.00000,-102.0611,-86.4656,-19.5954,0.66467,-0.88916,0.16418,-6.7863,4.3588,-7.0153
557190068,-1.14551,0.29102,-2.00000,-74.5725,-37.7557,-28.4427,0.66028,-0.88513,0.17407,-6.1298,6.4122,-7.0687
557191068,-1.06616,-0.04382,-2.00000,-68.7252,-21.9160,-22.4885,0.65503,-0.88159,0.18494,-5.5038,8.4198,-7.1298
557192067,-0.82141,-0.47070,-2.00000,-72.8855,-12.5573,-14.6794,0.64929,-0.87866,0.19714,-4.8702,10.4046,-7.2061
557193068,-0.43567,-0.39551,-1.41870,-75.9008,-10.7863,-9.4427,0.64453,-0.87585,0.21021,-4.2366,12.3588,-7.3206
557194067,-0.27112,0.03320,-0.88965,-65.3130,-17.2214,-7.3893,0.63965,-0.87292,0.22327,-3.6107,14.2443,-7.4351
557195068,-0.16345,0.27991,-0.63940,-44.7557,-27.2595,-4.6947,0.63342,-0.86963,0.23682,-3.0153,16.0763,-7.5420
557196068,-0.13513,0.22510,-0.62903,-31.1908,-39.5267,0.6183,0.62610,-0.86609,0.25049,-2.4351,17.8397,-7.6183
557197068,-0.23486,-0.10376,-0.78625,-37.3282,-47.0458,7.9924,0.61768,-0.86304,0.26477,-1.8473,19.5496,-7.7099
557198067,-0.30530,-0.58545,-0.76575,-54.0229,-45.0687,11.9695,0.60901,-0.85986,0.28003,-1.2595,21.1679,-7.8092
557199067,-0.39392,-0.93005,-0.66541,-55.3969,-41.3053,7.5725,0.60010,-0.85608,0.29456,-0.6641,22.6641,-7.9084
557200067,-0.47754,-1.04309,-0.74390,-37.3664,-39.5267,-2.3740,0.59143,-0.85229,0.30896,-0.0687,24.0611,-8.0000
557201067,-0.62207,-0.96545,-1.06055,-22.4046,-39.8855,-9.2595,0.58276,-0.84827,0.32483,0.4962,25.3664,-8.0840
557202067,-0.78088,-0.93970,-1.44543,-23.1832,-35.1908,-9.3206,0.57336,-0.84387,0.34216,1.0229,26.5649,-8.1603
557203067,-0.83191,-1.01917,-1.49060,-28.9389,-24.5573,-7.2366,0.56409,-0.84033,0.36121,1.4885,27.6412,-8.2290
557204067,-0.78516,-1.09326,-1.22913,-27.0076,-15.3435,-6.9924,0.55457,-0.83667,0.38049,1.9237,28.6565,-8.3130
557205067,-0.75439,-1.08411,-1.07031,-17.9771,-11.4351,-8.3588,0.54431,-0.83142,0.40002,2.3435,29.6260,-8.3969
557206065,-0.80029,-0.98047,-1.14612,-14.7405,-7.4885,-8.4275,0.53406,-0.82446,0.41980,2.7252,30.4885,-8.4809
557207065,-0.78845,-0.91003,-1.13953,-24.2061,1.7634,-5.6870,0.52368,-0.81580,0.44031,3.0611,31.2061,-8.5496
557208069,-0.70203,-0.88745,-0.91406,-36.0992,11.4046,-3.1298,0.51379,-0.80713,0.46338,3.3130,31.8168,-8.6260
557209068,-0.60706,-0.88635,-0.65576,-37.5038,15.7710,-3.7405,0.50476,-0.79919,0.48767,3.4885,32.3359,-8.7099
557210068,-0.53186,-0.93506,-0.48682,-29.6641,15.2214,-6.8931,0.49512,-0.79089,0.51172,3.5954,32.7252,-8.7710
557211067,-0.49268,-1.03638,-0.41821,-23.1298,13.2748,-9.8779,0.48474,-0.78149,0.53589,3.6031,32.9466,-8.8092
557212067,-0.43640,-1.01904,-0.33081,-22.4656,13.0000,-11.9237,0.47437,-0.77136,0.56238,3.5038,33.0076,-8.8397
557213067,-0.36816,-0.76294,-0.15210,-22.2137,12.4504,-12.9313,0.46277,-0.76147,0.58960,3.2901,32.9313,-8.8473
557214067,-0.33301,-0.51807,-0.02820,-16.9008,9.5038,-12.2595,0.45020,-0.75183,0.61572,2.9618,32.7099,-8.8015
557215067,-0.34412,-0.53198,-0.03955,-9.2061,5.9466,-9.7710,0.43872,-0.74280,0.64319,2.5496,32.3664,-8.7176
557216067,-0.39832,-0.75671,-0.13062,-5.7328,3.9084,-6.3511,0.42822,-0.73425,0.67322,2.0687,31.8779,-8.5954
557217068,-0.44373,-0.95459,-0.20325,-7.8321,4.5649,-3.9618,0.41772,-0.72559,0.70361,1.5267,31.2290,-8.4885
557218067,-0.45032,-0.97949,-0.20483,-10.4122,6.7176,-3.8702,0.40747,-0.71716,0.73291,0.9313,30.4504,-8.3969
557219068,-0.45630,-0.89429,-0.18701,-7.4351,7.8397,-6.0458,0.39758,-0.71069,0.76184,0.2977,29.5725,-8.2672
557220067,-0.46362,-0.83740,-0.17932,0.3359,8.0382,-9.1221,0.38696,-0.70532,0.79175,-0.3053,28.5954,-8.0687
557221068,-0.47009,-0.86304,-0.20813,6.0687,7.7023,-11.4046,0.37585,-0.70007,0.82349,-0.8626,27.5267,-7.8702
557222068,-0.48572,-0.88672,-0.24023,7.0916,8.2214,-12.8931,0.36560,-0.69519,0.85596,-1.3740,26.3817,-7.6718
557223068,-0.47925,-0.86365,-0.24329,7.8931,9.3969,-14.3359,0.35645,-0.69019,0.88879,-1.8015,25.1603,-7.4504
557224068,-0.45569,-0.83032,-0.27039,11.5267,9.6947,-15.5267,0.34729,-0.68555,0.92212,-2.1221,23.8702,-7.2290
557225067,-0.47144,-0.83337,-0.38489,15.4809,8.0382,-15.1908,0.33765,-0.68262,0.95569,-2.3282,22.5649,-7.0153
557226067,-0.54944,-0.89258,-0.48267,15.7786,6.8015,-13.1145,0.32837,-0.68152,0.99036,-2.4198,21.2443,-6.8092
557227067,-0.86707,-0.74280,-0.72729,9.9008,5.3130,-10.5115,0.31885,-0.68030,1.02551,-2.3740,19.9160,-6.5725
557228068,-1.38452,-0.32178,-2.00000,-1.4198,-9.8168,-4.5725,0.31006,-0.67798,1.06079,-2.1908,18.5878,-6.3282
557229067,-2.00000,-0.25281,-2.00000,-12.9084,-26.7023,8.3053,0.30286,-0.67505,1.09656,-1.8779,17.2977,-6.0458
557230068,-2.00000,-0.41931,-2.00000,-10.3435,-1.9389,16.6489,0.29492,-0.67224,1.13306,-1.4122,16.0458,-5.7786
557231068,-1.37439,-0.68140,-1.32666,19.2595,52.8931,14.8550,0.28662,-0.66992,1.17139,-0.8168,14.8092,-5.4733
557232068,-1.09729,-1.01636,-1.88684,56.0611,68.4504,7.7328,0.27844,-0.66882,1.20947,-0.0992,13.5496,-5.1298
557233068,-2.00000,-1.08240,-2.00000,79.6794,62.6565,-0.2061,0.26990,-0.66797,1.24792,0.7405,12.3435,-4.7786
557234068,-2.00000,-1.43396,-2.00000,93.6794,115.2366,-8.3206,0.26123,-0.66699,1.28870,1.6718,11.1908,-4.4122
557235068,-2.00000,-2.00000,-2.00000,93.8550,173.1374,-13.6565,0.25183,-0.66626,1.33130,2.6947,10.1069,-3.9924
557236068,-1.97009,-2.00000,-2.00000,97.6565,197.5649,-32.3359,0.24194,-0.66528,1.37439,3.7863,9.0382,-3.5344
557237067,-1.55261,-2.00000,-1.70020,138.7023,210.7557,-67.7863,0.23108,-0.66357,1.41748,4.9695,7.9695,-3.0763
557238067,-1.12634,-1.39282,-0.96460,174.5878,206.1832,-89.1145,0.21875,-0.66113,1.46204,6.2290,6.8702,-2.6031
557239068,-0.61438,-1.44507,-1.13098,139.7481,206.0840,-76.5954,0.20593,-0.65845,1.50732,7.5496,5.7557,-2.1374
557240067,-0.44934,-2.00000,-0.76355,69.3893,210.2748,-55.3893,0.19324,-0.65576,1.55261,8.9237,4.6565,-1.6412
557241067,-0.35889,-2.00000,0.49292,35.8092,217.4275,-53.1985,0.17993,-0.65344,1.59888,10.3435,3.5649,-1.1221
557242067,0.18909,-0.34326,1.31750,40.2672,214.0534,-62.2977,0.16577,-0.65100,1.64722,11.8092,2.4351,-0.5954
557243068,-0.06421,1.32581,0.78210,45.2595,184.1985,-54.4275,0.15015,-0.64832,1.69629,13.3359,1.2137,-0.0687
557244068,-0.06958,0.82104,1.33752,44.6107,177.7405,-28.7786,0.13379,-0.64624,1.74329,14.9313,-0.0458,0.4427
557245068,0.76123,-1.03381,1.99994,38.6336,188.4580,-7.0763,0.11743,-0.64429,1.79016,16.5954,-1.3740,0.9084
557246067,0.60657,-2.00000,1.99994,25.4733,170.8397,-1.3588,0.08362,-0.64038,1.88367,20.2443,-4.2977,1.9084
557247068,0.06921,-1.51147,1.24243,40.2061,148.9618,-17.8855,0.06653,-0.63989,1.93054,22.2061,-5.8855,2.4427
557248068,0.24597,0.09387,1.29944,83.6565,139.9618,-36.8397,0.04871,-0.63977,1.97717,24.2443,-7.5802,2.9695
557249068,0.43628,0.30090,1.89331,91.8092,124.3588,-33.2443,0.03162,-0.64050,1.99994,26.3664,-9.4046,3.5191
557250067,0.25134,-0.57092,1.66235,54.1527,102.8550,-18.5191,0.01489,-0.64160,1.99994,28.6107,-11.3588,4.0763
557251067,0.12476,-1.19189,1.30713,35.7405,89.6412,-17.3435,-0.00183,-0.64270,1.99994,30.9542,-13.4580,4.6183
557252067,0.18433,-1.20483,1.51416,51.7634,90.0992,-31.9618,-0.01843,-0.64441,1.99994,33.3893,-15.7023,5.1908
557253067,0.12634,-0.83154,1.68628,57.1069,95.0153,-43.5725,-0.03528,-0.64612,1.99994,35.9237,-18.0687,5.7710
557254067,-0.24146,-0.33740,1.08350,45.4885,97.5802,-43.5573,-0.05139,-0.64856,1.99994,38.5878,-20.5802,6.3664
557255067,-0.83423,-0.23035,0.12451,42.0000,99.2137,-37.3435,-0.06653,-0.65112,1.99994,41.4046,-23.2595,7.0076
557256067,-1.49243,-0.63354,-0.37378,36.8168,103.1756,-31.3359,-0.08167,-0.65320,1.99994,44.3206,-26.1145,7.6870
557257067,-1.42444,-0.91699,0.56958,24.6412,128.6107,-28.7481,-0.09521,-0.65857,1.99994,47.2901,-29.2061,8.4580
557258067,-0.37866,-0.96582,1.99994,24.9466,167.9237,-29.0611,-0.10876,-0.66492,1.99994,50.3664,-32.3435,9.2214
557259067,0.46692,-0.65881,1.99994,24.3130,190.1679,-27.2901,-0.12366,-0.67029,1.99994,53.5496,-35.5115,9.9466
557260067,0.88330,0.16919,1.99994,-5.7481,194.8779,-16.6336,-0.13794,-0.67761,1.99994,56.7939,-38.8855,10.6947
557261067,1.42944,0.72241,1.99994,-46.8702,189.4580,2.8550,-0.15222,-0.68640,1.99994,60.0840,-42.4504,11.5267
557262067,1.41614,0.23096,1.99994,-75.3664,160.2901,21.6183,-0.16663,-0.69727,1.99994,63.4504,-46.1756,12.4580
557263067,1.15710,-0.63086,1.99994,-93.2901,111.6260,30.2137,-0.18018,-0.71057,1.99994,66.9008,-50.0611,13.4733
557264067,1.66321,-0.66797,1.99994,-92.4809,67.9160,26.9389,-0.19312,-0.72620,1.99994,70.4351,-54.1069,14.5344
557265067,1.87915,-0.03113,1.99994,-70.1908,20.6870,20.3435,-0.20764,-0.74316,1.99994,74.0153,-58.3130,15.6260
557266067,1.83191,-0.07239,1.99994,-46.3435,-15.8168,20.0229,-0.22266,-0.76086,1.99994,77.6641,-62.6947,16.7863
557267065,1.99994,-1.05054,1.99994,-30.1221,-28.6336,22.0153,-0.23669,-0.77954,1.99994,81.4656,-67.2214,18.0305
557268065,1.87219,-1.69629,1.99994,-16.6565,-57.2672,17.0534,-0.25049,-0.79907,1.99994,85.3740,-71.8473,19.3282
557269069,0.91443,-1.41736,1.99994,-0.5878,-89.5573,3.3511,-0.26416,-0.81848,1.99994,89.3053,-76.5573,20.6565
557270068,0.54688,-0.93054,1.99994,25.1527,-112.0076,-11.6489,-0.27722,-0.83899,1.99994,93.3588,-81.3817,22.0382
557271068,0.14014,-0.85559,1.99994,51.1298,-140.3206,-19.6336,-0.28833,-0.86194,1.99994,97.5573,-86.2977,23.4809
557272067,-0.28186,-1.09631,1.93311,51.6641,-161.3664,-17.5725,-0.29871,-0.88550,1.99994,101.9313,-91.2901,25.0076
557273067,-0.38745,-1.10071,1.16675,21.7328,-163.0000,-10.0916,-0.30969,-0.90869,1.99994,106.4809,-96.3664,26.5725
557274067,-0.74365,-0.78748,0.43982,-10.4122,-148.1221,-3.1450,-0.32068,-0.93066,1.99994,111.2137,-101.5191,28.1832
557275068,-1.35779,-0.82190,0.39343,-18.3664,-119.1450,0.9160,-0.33032,-0.95154,1.99994,116.0916,-106.6947,29.8473
557276067,-1.90063,-1.41968,0.31055,-23.2748,-89.3740,6.6031,-0.33911,-0.97144,1.99994,121.0916,-111.8855,31.5573
557277068,-1.96277,-1.93384,-0.36926,-45.5649,-59.6260,13.6412,-0.34778,-0.99048,1.99994,126.2443,-117.0916,33.3130
557278068,-1.79004,-1.83875,-0.65161,-57.0000,-32.1985,11.1908,-0.35535,-1.00916,1.99994,131.5344,-122.3359,35.1145
557279068,-1.40735,-1.61328,0.10034,-43.0534,-11.7786,-0.1832,-0.36292,-1.02356,1.99994,136.9466,-127.5954,36.9084
557280068,-0.03699,-1.40564,1.99994,-30.9466,13.4504,-10.9695,-0.37073,-1.03503,1.99994,142.4580,-132.9389,38.7252
557281067,1.21643,-0.71472,1.99994,-32.7557,17.3511,-16.1450,-0.37817,-1.04675,1.99994,148.0611,-138.3130,40.5802
557282067,1.22620,0.08630,1.99994,-40.1145,-8.4885,-14.4504,-0.38708,-1.05652,1.99994,153.7023,-143.7557,42.4351
557283067,1.07739,0.20496,1.99994,-39.6794,-35.0687,-9.6794,-0.39648,-1.06494,1.99994,159.3359,-149.2748,44.2748
557284065,1.25220,-0.38977,1.99994,-17.5267,-67.6565,-9.7710,-0.40759,-1.07251,1.99994,164.9542,-154.8855,46.1450
557285069,1.25671,-0.82837,1.99994,13.5573,-112.8397,-15.9695,-0.42078,-1.07971,1.99994,170.5267,-160.6870,48.0458
557286068,1.08606,-0.49756,1.99994,29.6412,-160.9847,-20.6641,-0.43530,-1.08704,1.99994,175.9847,-166.6260,49.9008
557287068,1.06091,0.00012,1.99994,41.3511,-195.7634,-21.2672,-0.45129,-1.09290,1.99994,181.3511,-172.7481,51.7023
557288068,0.82861,-0.14587,1.99994,64.5038,-205.6718,-22.6031,-0.46802,-1.09998,1.99994,186.5954,-179.0992,53.5267
557289067,0.15198,-1.10132,1.99994,73.8321,-198.7786,-20.7634,-0.48572,-1.10632,1.99994,191.7328,-185.6412,55.3511
557290067,-0.57373,-1.87415,1.99994,32.6718,-178.4809,-10.8779,-0.50500,-1.11194,1.99994,196.7557,-192.2824,57.2443
557291067,-1.31970,-2.00000,1.99994,-35.6183,-153.3359,5.2672,-0.52661,-1.11890,1.99994,201.5878,-199.0458,59.1221
557292067,-1.37085,-2.00000,1.71155,-59.1985,-121.7557,9.1374,-0.54797,-1.12695,1.99994,206.2290,-206.0763,61.0458
557293068,0.12476,-2.00000,1.99994,-57.3206,-80.8702,1.7710,-0.56799,-1.13757,1.99994,210.6565,-213.3053,62.9771
557294068,1.90735,-1.03687,1.99994,-94.0840,-77.5802,6.2137,-0.58777,-1.14880,1.99994,214.8550,-220.7176,64.8855
557295067,1.99994,0.57629,1.99994,-147.6870,-117.6107,19.3740,-0.60864,-1.15845,1.99994,218.7939,-228.3588,66.7328
557296067,1.99994,1.54688,1.99994,-159.6870,-148.2901,27.0916,-0.63000,-1.16797,1.99994,222.4809,-236.2748,68.6336
557297067,1.94092,1.33740,1.99994,-131.1145,-193.1832,28.8397,-0.65002,-1.17773,1.99994,225.9313,-244.3359,70.4885
557298067,0.37939,0.31824,1.99994,-90.7557,-250.1374,27.8550,-0.66931,-1.18579,1.99994,229.1221,-250.1374,72.2595
557299067,-0.45422,-0.68237,1.99994,-33.3817,-250.1374,16.0763,-0.68750,-1.19275,1.99994,232.0000,-250.1374,74.0076
557300067,0.46741,-0.39343,1.99994,37.4275,-250.1374,-8.6870,-0.70374,-1.19910,1.99994,234.6107,-250.1374,75.7557
557301067,1.72131,0.27625,1.99994,85.3817,-250.1374,-20.8855,-0.71899,-1.20337,1.99994,236.9542,-250.1374,77.4504
557302068,1.20020,0.22192,1.99994,87.4885,-250.1374,-15.0000,-0.73230,-1.20605,1.99994,239.0229,-250.1374,79.0687
557303067,0.26538,-0.09705,1.99994,81.2443,-250.1374,-8.1298,-0.74255,-1.20874,1.99994,240.8015,-250.1374,80.6107
557304068,0.32202,-0.48535,1.85535,82.3053,-250.1374,-4.9008,-0.75110,-1.21216,1.99994,242.3359,-250.1374,82.0611
557305067,-0.48328,-1.04468,1.67407,61.3588,-250.1374,3.2595,-0.75903,-1.21680,1.99994,243.5802,-250.1374,83.4351
557306068,-1.48242,-1.57495,0.63208,18.2290,-250.1374,16.7252,-0.76453,-1.22095,1.99994,244.5420,-250.1374,84.7099
557307068,-1.34436,-1.13733,-0.12744,-15.7252,-250.1374,27.7405,-0.76721,-1.22437,1.99994,245.2748,-250.1374,85.9084
557308067,-1.03210,-0.05786,-0.04822,-41.3969,-250.1374,38.6870,-0.76892,-1.22717,1.99994,245.7939,-250.1374,87.0382
557309067,-1.12671,0.38049,0.85535,-67.6107,-250.1374,51.4504,-0.76965,-1.23083,1.99994,246.1069,-250.1374,88.0916
557310068,-1.33667,-0.14087,1.06177,-78.4122,-250.1374,59.8779,-0.76782,-1.23584,1.99994,246.2366,-250.1374,89.0534
557311067,-1.53052,-1.06860,0.06201,-55.4580,-250.1374,54.9924,-0.76428,-1.24207,1.99994,246.1679,-250.1374,89.9618
557312067,-1.76355,-1.51880,-0.17188,-2.6489,-250.1374,30.4809,-0.76013,-1.24915,1.99994,245.9542,-250.1374,90.7634
557313067,-1.14478,-1.30420,0.86572,57.4275,-238.3969,-3.2290,-0.75513,-1.25708,1.99994,245.6794,-250.1374,91.3969
557314067,0.18591,-0.56030,1.99994,92.7939,-219.0611,-28.8931,-0.74963,-1.26746,1.99994,245.3359,-250.1374,91.9389
557315067,0.69983,0.16895,1.99994,99.0763,-236.1679,-36.0000,-0.74365,-1.28113,1.99994,244.9389,-250.1374,92.4122
557316068,0.83655,0.45142,1.99994,90.1908,-250.1374,-29.3664,-0.73804,-1.29639,1.95398,244.5496,-250.1374,92.7939
557317068,1.12683,0.55103,1.99994,71.0992,-250.1374,-14.7328,-0.73267,-1.31323,1.88452,244.1908,-250.1374,93.0992
557318067,0.92542,0.28967,1.99994,46.3588,-250.1374,3.6489,-0.72583,-1.33337,1.81506,243.8702,-250.1374,93.2901
557319067,0.59912,-0.26868,1.99994,6.6718,-250.1374,38.6947,-0.71863,-1.35657,1.74585,243.6183,-250.1374,93.3435
557320068,0.61365,0.38245,1.50415,-0.4580,-250.1374,48.2748,-0.71118,-1.38171,1.67554,243.4885,-250.1374,93.3130
557321068,0.21948,0.86108,1.99994,9.7863,-250.1374,48.1908,-0.70251,-1.40686,1.60510,243.4733,-250.1374,93.1756
557322068,0.08521,0.13696,1.99994,14.6641,-250.1374,46.7405,-0.69226,-1.43091,1.53406,243.5802,-250.1374,92.9466
557323067,0.29675,-0.51587,1.99994,-21.4656,-250.1374,50.2366,-0.68030,-1.45349,1.46252,243.7863,-250.1374,92.6489
557324067,0.09778,0.52588,1.99994,-67.8473,-250.1374,50.3740,-0.66736,-1.47571,1.39136,244.1069,-250.1374,92.2901
557325067,0.94824,1.99994,1.99994,-47.5191,-250.1374,34.8397,-0.65405,-1.49731,1.32129,244.5115,-250.1374,91.9008
557326067,1.99994,1.89246,1.99994,-9.0916,-244.0076,34.5038,-0.63940,-1.51807,1.25232,244.9847,-250.1374,91.4962
557327067,1.99994,-0.10352,1.99994,-74.3511,-250.1374,70.6260,-0.62341,-1.53784,1.18372,245.5344,-250.1374,91.0687
557328068,1.99994,0.47192,1.99994,-209.5420,-250.1374,113.3893,-0.60620,-1.55591,1.11560,246.1679,-250.1374,90.5649
557329067,1.90405,1.99994,1.99994,-250.1374,-250.1374,135.4122,-0.58789,-1.57202,1.04712,246.8397,-250.1374,90.0153
557330067,1.99994,1.99994,1.99994,-222.0992,-250.1374,162.7481,-0.57080,-1.58655,0.97827,247.5496,-250.1374,89.4275
557331065,1.99994,0.55566,1.99994,-219.2748,-250.1374,208.1069,-0.55481,-1.60034,0.90796,248.3206,-250.1374,88.8244
557332069,1.99994,-1.53857,1.99994,-241.2672,-250.1374,230.5115,-0.53809,-1.61279,0.83582,249.1221,-250.1374,88.2137
557333068,1.35217,-0.46960,1.99994,-218.5496,-250.1374,217.3511,-0.52087,-1.62488,0.76355,249.9466,-250.1374,87.5954
557334067,-0.58276,0.47791,1.99994,-173.7481,-250.1374,198.0611,-0.50391,-1.63794,0.69067,250.1298,-250.1374,86.9466
557335068,-1.89429,-0.81616,1.99994,-125.8092,-250.1374,180.1527,-0.48682,-1.65112,0.61670,250.1298,-250.1374,86.2748
557336067,-2.00000,-2.00000,1.99994,-58.7252,-250.1374,149.2672,-0.46851,-1.66443,0.54102,250.1298,-250.1374,85.6031
557337068,-2.00000,-2.00000,0.16272,-11.2290,-250.1374,114.2519,-0.44946,-1.67737,0.46277,250.1298,-250.1374,84.8931
557338068,-2.00000,-2.00000,-2.00000,-23.5191,-250.1374,88.2748,-0.43079,-1.69165,0.38049,250.1298,-250.1374,84.1603
557339067,-2.00000,-2.00000,-2.00000,-47.6870,-250.1374,66.1298,-0.41235,-1.70728,0.29358,250.1298,-250.1374,83.3740
557340068,-2.00000,-2.00000,-2.00000,-63.7710,-250.1374,52.2748,-0.39380,-1.72314,0.20496,250.1298,-250.1374,82.5344
557341068,-2.00000,-2.00000,-2.00000,-104.2443,-250.1374,58.2672,-0.37341,-1.73889,0.11389,250.1298,-250.1374,81.6260
557342068,-2.00000,-2.00000,-2.00000,-156.8015,-250.1374,73.6031,-0.35168,-1.75427,0.01831,250.1298,-250.1374,80.6565
557343064,-2.00000,-2.00000,-2.00000,-188.5878,-250.1374,84.0305,-0.33044,-1.76892,-0.08093,250.1298,-250.1374,79.6031
557344069,-2.00000,-2.00000,-2.00000,-209.6870,-250.1374,87.5725,-0.28857,-1.79517,-0.28381,250.1298,-250.1374,77.2824
557345064,-2.00000,-1.53894,-2.00000,-202.2366,-250.1374,73.3206,-0.26697,-1.80505,-0.38745,250.1298,-250.1374,76.0229
557346069,-2.00000,-0.36877,-2.00000,-135.2901,-250.1374,39.0687,-0.24451,-1.81274,-0.49255,250.1298,-250.1374,74.6794
557347064,-2.00000,0.18323,-1.25488,-81.0992,-250.1374,16.4733,-0.22119,-1.81689,-0.59644,250.1298,-250.1374,73.2366
557348069,-1.53003,0.07751,-1.87085,-101.2214,-250.1374,18.4275,-0.19714,-1.81689,-0.69897,250.1298,-250.1374,71.6947
557349068,-1.55090,-0.06775,-2.00000,-101.1450,-250.1374,11.1832,-0.17261,-1.81433,-0.80176,250.1298,-250.1374,70.0534
557350068,-0.98315,-0.08374,-0.00061,-34.4504,-250.1374,-11.0840,-0.14819,-1.80884,-0.90369,250.1298,-250.1374,68.3511
557351068,0.13757,0.08875,1.99994,-5.0992,-250.1374,-16.7786,-0.12439,-1.80090,-1.00317,250.1298,-250.1374,66.5573
557352068,0.16992,0.80920,1.99994,-52.9313,-250.1374,3.5038,-0.10120,-1.79016,-1.09937,250.1298,-250.1374,64.6641
557353068,-0.06335,1.69946,1.99994,-94.4427,-250.1374,29.3969,-0.07690,-1.77490,-1.19263,250.1298,-250.1374,62.7328
557354068,0.77136,1.90601,1.99994,-95.1603,-250.1374,49.1374,-0.05237,-1.75732,-1.28198,250.1298,-250.1374,60.7786
557355068,0.75623,0.74915,1.99994,-111.8168,-250.1374,75.1832,-0.02869,-1.73743,-1.36609,250.1298,-250.1374,58.7939
557356068,-0.52612,-1.23975,0.48877,-125.2519,-250.1374,91.6718,-0.00513,-1.71387,-1.44568,250.1298,-250.1374,56.7710
557357067,-1.05676,-1.86780,0.82727,-107.3435,-250.1374,80.9084,0.01990,-1.68799,-1.52234,250.1298,-250.1374,54.7634
557358068,-0.47205,-0.98083,1.99994,-123.1679,-250.1374,74.6641,0.04480,-1.66162,-1.59521,250.1298,-250.1374,52.7405
557359067,-0.49866,0.18494,1.99994,-157.2137,-250.1374,78.0382,0.06812,-1.63354,-1.66248,248.5420,-250.1374,50.7176
557360065,-1.65491,0.58362,0.56812,-135.4656,-250.1374,77.5038,0.09131,-1.60315,-1.72546,245.3664,-250.1374,48.6794
557361069,-2.00000,-0.14905,0.45337,-93.0916,-250.1374,74.4275,0.11377,-1.57275,-1.78503,241.7939,-250.1374,46.6641
557362064,-2.00000,-0.50989,-0.24133,-108.0687,-250.1374,72.6718,0.13501,-1.54285,-1.84033,237.8168,-250.1374,44.6870
557363069,-2.00000,-0.62866,-2.00000,-133.1145,-250.1374,69.3053,0.15601,-1.51575,-1.89343,233.4427,-250.1374,42.7176
557364064,-2.00000,-1.23035,-2.00000,-85.3511,-250.1374,49.2214,0.17737,-1.49207,-1.94519,228.7099,-250.1374,40.7328
557365065,-2.00000,-2.00000,-0.25500,-15.4198,-250.1374,24.5802,0.19910,-1.46899,-1.99487,223.6641,-250.1374,38.7252
557366065,-2.00000,-2.00000,-0.19214,-17.6336,-250.1374,16.9466,0.22021,-1.44873,-2.00000,218.3664,-250.1374,36.7176
557367065,-2.00000,-2.00000,-2.00000,-53.7786,-250.1374,15.8397,0.23999,-1.43262,-2.00000,212.8702,-250.1374,34.6794
557368065,-2.00000,-1.99573,-2.00000,-27.7939,-250.1374,-1.5038,0.25928,-1.41907,-2.00000,207.2061,-250.1374,32.6107
557369065,-2.00000,-2.00000,-0.06433,4.9313,-250.1374,-14.7863,0.27844,-1.40845,-2.00000,201.4122,-250.1374,30.5115
557370065,-1.10864,-2.00000,1.99994,-46.0916,-250.1374,-6.6336,0.29675,-1.40088,-2.00000,195.5649,-250.1374,28.4275
557371069,-2.00000,-1.68494,-0.44336,-123.4962,-250.1374,9.6870,0.31348,-1.39575,-2.00000,189.6947,-250.1374,26.3359
557372068,-2.00000,-1.34143,-1.31604,-129.4122,-250.1374,15.1603,0.32959,-1.39233,-2.00000,183.8473,-250.1374,24.2366
557373068,-0.88745,-1.82288,1.99994,-105.9466,-250.1374,8.7099,0.34619,-1.39001,-2.00000,178.0763,-250.1374,22.0916
557374068,0.83850,-1.60425,1.99994,-127.2290,-250.1374,8.6718,0.36267,-1.38916,-2.00000,172.4275,-250.1374,19.9313
557375068,0.17981,-0.60181,1.46301,-175.0458,-250.1374,18.0229,0.37866,-1.38904,-2.00000,166.8855,-250.1374,17.7710
557376068,-0.89221,0.37146,-0.90698,-164.4122,-250.1374,14.0382,0.39526,-1.38867,-2.00000,161.4885,-250.1374,15.5878
557377067,-0.60742,0.79651,0.84937,-106.1985,-250.1374,-2.2137,0.41284,-1.38855,-2.00000,156.2901,-250.1374,13.3969
557378067,0.07043,0.78687,1.99994,-89.2519,-250.1374,-2.7405,0.43115,-1.38892,-2.00000,151.3130,-250.1374,11.2061
557379067,-0.21008,0.24048,1.99994,-118.7634,-250.1374,16.9466,0.45044,-1.38782,-2.00000,146.5344,-250.1374,9.0611
557380067,-1.52942,-0.69214,1.33899,-128.2366,-250.1374,34.1603,0.46924,-1.38550,-2.00000,141.9924,-250.1374,6.9542
557381068,-1.81836,-1.05640,0.24768,-105.2824,-250.1374,36.3588,0.48682,-1.38232,-2.00000,137.7557,-250.1374,4.9160
557382068,-2.00000,0.25061,-0.13123,-88.6565,-250.1374,28.9695,0.50415,-1.37708,-2.00000,133.8168,-250.1374,2.9542
557383068,-2.00000,1.14355,-1.45178,-84.5115,-250.1374,35.6183,0.52136,-1.37000,-2.00000,130.1527,-250.1374,1.1069
557384068,-2.00000,-0.06946,-2.00000,-91.2443,-250.1374,54.3359,0.53809,-1.36108,-2.00000,126.7405,-250.1374,-0.6412
557385068,-2.00000,-2.00000,-2.00000,-98.2748,-250.1374,64.7481,0.55383,-1.35095,-2.00000,123.5954,-250.1374,-2.2595
557386068,-2.00000,-2.00000,-2.00000,-84.8244,-250.1374,50.9618,0.56799,-1.33997,-2.00000,120.6870,-250.1374,-3.7786
557387064,-2.00000,-2.00000,-2.00000,-63.6794,-250.1374,15.8855,0.58191,-1.32788,-2.00000,117.9847,-250.1374,-5.2061
557388069,-2.00000,-2.00000,-2.00000,-57.5496,-250.1374,-21.3817,0.59583,-1.31616,-2.00000,115.4885,-250.1374,-6.5267
557389064,-2.00000,-1.03455,-2.00000,-63.9618,-250.1374,-36.8321,0.60840,-1.30432,-2.00000,113.2214,-242.9695,-7.7328
557390068,-2.00000,-0.66089,-2.00000,-86.0305,-250.1374,-24.6641,0.61926,-1.29260,-2.00000,111.1145,-234.4656,-8.8092
557391068,-2.00000,-2.00000,-2.00000,-115.2290,-250.1374,-11.0153,0.62866,-1.28101,-2.00000,109.1450,-225.8702,-9.8092
557392068,-2.00000,-2.00000,-1.84314,-129.9160,-250.1374,-16.8168,0.63623,-1.26855,-2.00000,107.2748,-217.1679,-10.7557
557393068,-2.00000,-2.00000,-1.75977,-137.2519,-250.1374,-27.6336,0.64294,-1.25525,-2.00000,105.5496,-208.3740,-11.6107
557394068,-1.37256,-0.26453,-0.48169,-145.9695,-250.1374,-26.6260,0.64844,-1.24292,-2.00000,103.9924,-199.5115,-12.3435
557395068,-0.59558,0.77905,0.24658,-136.5420,-250.1374,-14.6336,0.65234,-1.23267,-2.00000,102.4122,-190.5802,-13.0229
557396068,-1.18689,0.52917,-1.19849,-98.7634,-250.1374,-3.7863,0.65503,-1.22351,-2.00000,100.7786,-181.5878,-13.6641
557397067,-1.71716,-0.34802,-2.00000,-54.0763,-250.1374,-3.2519,0.65613,-1.21362,-2.00000,99.2137,-172.5649,-14.2748
557398067,-1.73621,-1.48987,-2.00000,-23.3588,-250.1374,-7.5878,0.65625,-1.20349,-2.00000,97.8397,-163.5344,-14.8397
557399068,-2.00000,-2.00000,-2.00000,-12.4122,-250.1374,-14.8092,0.65552,-1.19434,-2.00000,96.6107,-154.5038,-15.3740
557400068,-2.00000,-2.00000,-2.00000,-11.1374,-250.1374,-26.5954,0.65405,-1.18652,-2.00000,95.3740,-145.4733,-15.9237
557401067,-2.00000,-2.00000,-2.00000,-12.8168,-250.1374,-41.9008,0.65173,-1.17932,-2.00000,94.0458,-136.4504,-16.4656
557402068,-2.00000,-1.15796,-2.00000,-33.3511,-250.1374,-47.0000,0.64795,-1.17285,-2.00000,92.6947,-127.4504,-17.0000
557403068,-2.00000,-0.99683,-2.00000,-75.1298,-250.1374,-37.8321,0.64355,-1.16675,-2.00000,91.3511,-118.4962,-17.5191
557404067,-2.00000,-2.00000,-2.00000,-110.2214,-193.8321,-28.7405,0.63782,-1.16016,-2.00000,90.0153,-109.6183,-18.0305
557405067,-2.00000,-2.00000,-2.00000,-125.3053,-146.7099,-31.9542,0.63110,-1.15454,-2.00000,88.6412,-100.8473,-18.5115
557406067,-2.00000,-2.00000,-2.00000,-128.9389,-144.1679,-42.9618,0.62305,-1.14941,-2.00000,87.2214,-92.2214,-18.9847
557407068,-1.98889,-0.74487,-2.00000,-118.9847,-139.2595,-53.8473,0.61365,-1.14453,-2.00000,85.7405,-83.7405,-19.4046
557408068,-1.23962,0.70935,-1.94934,-81.9160,-158.2901,-55.1985,0.60437,-1.14087,-2.00000,84.1908,-75.4656,-19.8092
557409068,-1.04919,0.64355,-0.97571,-25.2137,-188.0611,-49.7634,0.59546,-1.13806,-2.00000,82.5496,-67.3740,-20.2061
557410068,-0.90137,-0.43445,-0.20642,7.1069,-209.1374,-42.0382,0.58569,-1.13550,-2.00000,80.8244,-59.4733,-20.5496
557411068,-0.51746,-1.35681,-0.07239,13.2061,-213.6336,-41.0076,0.57471,-1.13403,-2.00000,79.0153,-51.7939,-20.8855
557412067,-0.53870,-1.70081,-0.65613,29.0534,-212.2290,-55.3359,0.56213,-1.13342,-2.00000,77.1756,-44.3817,-21.1832
557413068,-0.95032,-1.64673,-1.93665,63.3893,-218.1298,-79.0382,0.54895,-1.13403,-2.00000,75.3282,-37.2595,-21.4733
557414067,-1.11523,-1.14368,-2.00000,88.4351,-218.1756,-101.0229,0.53540,-1.13574,-2.00000,73.4656,-30.3740,-21.7405
557415067,-1.40356,-0.54688,-2.00000,83.6260,-216.9084,-109.3053,0.52173,-1.13574,-2.00000,71.5725,-23.7176,-21.9466
557416068,-1.41077,-0.57214,-2.00000,34.1221,-189.3740,-98.6260,0.50867,-1.13513,-2.00000,69.6947,-17.3053,-22.0840
557417068,-1.11377,-0.94836,-1.31067,-42.4275,-145.0305,-75.3893,0.49524,-1.13611,-2.00000,67.8702,-11.1603,-22.1908
557418067,-0.88123,-0.70178,-0.55334,-93.5420,-116.3664,-57.4046,0.48218,-1.13757,-2.00000,66.0611,-5.3130,-22.3282
557419067,-0.36584,0.28577,-0.18372,-96.0611,-90.8473,-45.4046,0.46948,-1.13806,-2.00000,64.2443,0.2214,-22.4733
557420068,-0.00940,1.37451,0.53271,-97.3588,-79.8550,-25.2748,0.45654,-1.13684,-2.00000,62.4580,5.4351,-22.5802
557421068,0.30566,1.93750,1.00696,-124.6107,-80.5420,9.7710,0.44360,-1.13525,-2.00000,60.7328,10.3435,-22.6718
557422067,0.61536,1.74744,1.59094,-145.5191,-91.4656,40.6489,0.43018,-1.13379,-2.00000,59.0611,14.9771,-22.7786
557423067,0.48083,0.81982,1.72314,-106.5191,-140.7863,48.2061,0.41711,-1.13257,-2.00000,57.3817,19.2977,-22.8931
557424068,0.28894,-0.74255,1.15320,-6.0305,-207.5802,24.9389,0.40479,-1.13159,-2.00000,55.6947,23.3206,-22.9924
557425068,-0.07422,-1.79614,-0.17249,74.7176,-250.1374,-8.0076,0.39233,-1.13049,-2.00000,54.0305,27.0916,-23.0763
557426068,-1.01855,-1.69165,-2.00000,80.2595,-250.1374,-27.3359,0.38025,-1.12903,-1.97827,52.3282,30.5878,-23.1756
557427068,-1.98047,-1.14966,-2.00000,68.1221,-250.1374,-41.7863,0.36890,-1.12769,-1.94983,50.6031,33.7710,-23.2824
557428067,-2.00000,-1.19910,-2.00000,98.2519,-250.1374,-62.2672,0.35669,-1.12634,-1.92004,48.8550,36.6794,-23.4122
557429068,-2.00000,-1.63855,-2.00000,127.0992,-246.4809,-77.6031,0.34473,-1.12427,-1.89026,47.0916,39.3130,-23.5267
557430068,-2.00000,-1.54175,-2.00000,102.1450,-221.8092,-79.7023,0.33435,-1.12244,-1.86060,45.2748,41.6412,-23.6183
557431068,-2.00000,-0.92737,-2.00000,57.4427,-139.6489,-76.5496,0.32532,-1.12109,-1.83069,43.4046,43.7252,-23.7099
557432068,-2.00000,-0.33167,-2.00000,39.1069,-40.2290,-72.6947,0.31604,-1.11926,-1.80017,41.4656,45.5878,-23.7634
557433068,-2.00000,-0.20740,-2.00000,48.0229,13.9924,-66.8397,0.30652,-1.11755,-1.76794,39.4733,47.2290,-23.7939
557434068,-2.00000,-0.20361,-2.00000,71.4809,45.6412,-66.3130,0.29724,-1.11560,-1.73486,37.4504,48.6336,-23.8244
557435067,-2.00000,0.34778,-2.00000,87.3282,83.9313,-66.9618,0.28760,-1.11316,-1.70276,35.4198,49.8015,-23.8702
557436068,-1.35388,1.23584,-2.00000,75.8702,111.0076,-60.1145,0.27905,-1.11108,-1.67139,33.3206,50.7863,-23.8931
557437068,-0.83691,1.99994,-2.00000,80.2595,117.4427,-56.4427,0.27295,-1.10803,-1.63977,31.1756,51.5878,-23.8779
557438068,-0.53174,1.99994,-1.12036,132.7786,100.0916,-58.2443,0.26709,-1.10376,-1.60974,28.9924,52.2061,-23.8168
557439068,0.04285,1.49548,-0.06201,179.9237,67.4046,-53.3053,0.26111,-1.10010,-1.58020,26.7557,52.6947,-23.7557
557440067,0.14856,0.91016,-0.24036,160.6489,32.5115,-37.0382,0.25684,-1.09668,-1.54895,24.4962,53.0611,-23.6718
557441068,-0.47852,1.07642,-1.33069,117.3130,3.2824,-17.0687,0.25452,-1.09363,-1.51672,22.2366,53.3053,-23.5649
557442067,-0.55579,1.46240,-1.21924,124.0153,-1.5267,-6.4580,0.25317,-1.09192,-1.48340,20.0153,53.4656,-23.4580
557443067,-0.43945,0.78027,-0.08337,168.0840,-13.1527,3.8855,0.25366,-1.08887,-1.42065,15.7176,53.7634,-23.2214
557444068,-1.14417,-1.83887,-0.85596,185.8931,-44.9389,24.8931,0.25745,-1.08813,-1.38928,13.6489,53.9160,-23.0840
557445068,-1.98975,-2.00000,-2.00000,170.0000,-52.4427,34.5878,0.26184,-1.08765,-1.35498,11.6794,54.1069,-22.9389
557446068,-2.00000,-2.00000,-2.00000,159.5344,-26.4427,16.0611,0.26672,-1.08630,-1.32031,9.8321,54.3130,-22.7710
557447068,-2.00000,-2.00000,-2.00000,171.1985,11.0458,-12.8473,0.27466,-1.08472,-1.28687,8.0687,54.5573,-22.5802
557448068,-2.00000,-2.00000,-2.00000,190.4046,37.6183,-35.2214,0.28418,-1.08337,-1.25232,6.3969,54.8931,-22.3435
557449068,-2.00000,-2.00000,-2.00000,185.6641,77.5344,-67.9313,0.29419,-1.08215,-1.21826,4.8397,55.3740,-22.0763
557450068,-2.00000,-2.00000,-2.00000,163.1679,125.2366,-83.5954,0.30627,-1.08350,-1.18701,3.4733,56.0992,-21.7786
557451068,-2.00000,-2.00000,-0.91418,145.9924,173.6260,-104.6565,0.31689,-1.08496,-1.14880,2.2595,57.0992,-21.5802
557452068,-1.77478,-2.00000,-0.02222,144.1374,188.3206,-124.7328,0.32776,-1.08289,-1.11267,1.1069,58.0382,-21.5191
557453067,-1.70947,-1.04138,-0.07434,150.1298,179.6718,-124.1832,0.34045,-1.07898,-1.08167,0.0611,59.0840,-21.3588
557454067,-1.12305,-1.16785,0.37683,153.2061,167.0458,-105.2748,0.35303,-1.07483,-1.04565,-0.8473,60.3282,-21.0458
557455067,-0.69812,-2.00000,1.57300,154.4351,143.1756,-89.5725,0.36597,-1.07202,-1.00928,-1.6412,61.7481,-20.6031
557456068,-0.23547,-2.00000,1.99994,160.6107,120.4198,-87.6641,0.37805,-1.07019,-0.97192,-2.3359,63.3359,-20.1069
557457068,0.23645,-1.41687,1.99994,167.4046,94.8550,-86.8855,0.38977,-1.06628,-0.93408,-2.9237,65.0687,-19.5649
557458068,0.13635,-1.41614,1.99994,169.5420,58.8397,-79.7939,0.40076,-1.06152,-0.89600,-3.4427,66.9313,-18.9160
557459067,0.00476,-2.00000,1.99994,174.3053,32.1069,-74.0153,0.41150,-1.05981,-0.85730,-3.8931,68.8855,-18.0534
557460067,-0.13977,-2.00000,1.99994,160.7634,10.9695,-70.7328,0.42139,-1.05664,-0.81970,-4.3130,70.8321,-17.1908
557461067,-0.18604,-2.00000,1.99994,113.0840,-4.3130,-68.6641,0.43115,-1.05615,-0.78284,-4.7328,72.7939,-16.2519
557462068,-0.22449,-2.00000,1.99994,78.6565,-20.5496,-77.0992,0.44116,-1.05774,-0.74634,-5.1221,74.8015,-15.3893
557463068,-0.69177,-2.00000,1.80688,88.3282,-47.0840,-90.5725,0.44934,-1.05457,-0.70923,-5.4962,76.8244,-14.6641
557464067,-0.70117,-1.74133,1.63159,97.1527,-62.9084,-92.2290,0.45593,-1.05347,-0.67090,-5.8779,78.8473,-13.9008
557465067,-0.58093,-2.00000,1.75854,64.1145,-71.9008,-80.2214,0.46204,-1.05261,-0.63354,-6.2824,80.8168,-13.1832
557466068,-0.84131,-2.00000,0.73755,16.6718,-79.3511,-70.6336,0.46729,-1.04944,-0.59790,-6.6794,82.7023,-12.5267
557467068,-0.92261,-1.99268,-1.29211,-5.4733,-83.9084,-72.8473,0.47095,-1.04822,-0.56335,-7.0458,84.5038,-11.8473
557468068,-1.33057,-1.23962,-2.00000,2.4275,-103.4962,-78.6412,0.47388,-1.04663,-0.52905,-7.3740,86.1603,-11.2061
557469068,-1.99768,-0.83850,-2.00000,17.1832,-115.3053,-80.0382,0.47729,-1.04370,-0.49500,-7.6947,87.8550,-10.6412
557470068,-2.00000,-0.84375,-2.00000,3.6183,-95.0458,-70.6336,0.48071,-1.04297,-0.46021,-8.0229,89.5267,-10.1069
557471067,-2.00000,-0.81128,-2.00000,-41.9771,-65.5420,-54.2290,0.48438,-1.04297,-0.42554,-8.3588,91.0382,-9.6641
557472067,-2.00000,0.07544,-2.00000,-67.7634,-32.6870,-49.4733,0.48755,-1.04297,-0.39160,-8.7176,92.3053,-9.2824
557473067,-2.00000,1.74231,-2.00000,-36.5649,13.2824,-61.7786,0.49097,-1.04468,-0.35657,-9.0534,93.2824,-8.9237
557474068,-2.00000,1.99994,-2.00000,4.6107,71.4809,-69.5038,0.49426,-1.04602,-0.32178,-9.3588,93.9847,-8.6183
557475068,-2.00000,1.99994,-2.00000,-8.1985,134.7481,-56.0229,0.49609,-1.04639,-0.28918,-9.6107,94.4427,-8.3206
557476068,-1.83350,1.09338,-1.97449,-47.0992,189.4427,-35.3511,0.49829,-1.04773,-0.25732,-9.8092,94.7176,-8.0382
557477067,-0.37512,-0.40295,-0.30847,-55.6565,198.0611,-30.1298,0.50037,-1.04968,-0.22620,-9.9618,94.8626,-7.8015
557478067,0.09204,-0.52026,-0.95654,-23.7252,154.7863,-43.0076,0.50220,-1.05310,-0.19617,-10.0611,94.9237,-7.6107
557479065,0.29639,0.80457,-2.00000,16.5420,93.0458,-54.2901,0.50488,-1.05811,-0.16760,-10.1145,94.9313,-7.4275
557480069,0.28333,1.93713,-2.00000,23.0305,28.5115,-39.7939,0.50732,-1.06165,-0.13867,-10.1069,94.8702,-7.2519
557481068,0.55249,1.34460,-2.00000,-17.5496,-16.7863,-0.9237,0.50867,-1.06519,-0.11023,-10.0611,94.6489,-7.1145
557482067,0.55310,0.12878,-1.58728,-68.1221,-54.6641,31.8092,0.50940,-1.07007,-0.08447,-10.0076,94.1756,-7.0229
557483068,-0.23193,0.21204,-2.00000,-83.8168,-84.4198,38.0611,0.50891,-1.07532,-0.06079,-9.9008,93.3435,-6.9695
557484067,-1.17737,1.58008,-2.00000,-69.6260,-80.5038,29.1145,0.50781,-1.08032,-0.03699,-9.7481,92.3511,-6.9389
557485067,-2.00000,1.99994,-2.00000,-55.8015,-58.2748,27.9847,0.50781,-1.08533,-0.01306,-9.5267,91.2519,-6.9160
557486067,-2.00000,1.51062,-2.00000,-45.6565,-26.5802,33.7176,0.50818,-1.08972,0.01025,-9.2672,90.0153,-6.8779
557487067,-2.00000,0.11975,-2.00000,-24.1527,28.4809,25.9924,0.50793,-1.09326,0.03357,-8.9847,88.6031,-6.8702
557488067,-2.00000,-0.26599,-2.00000,5.7710,89.1985,2.4427,0.50879,-1.09595,0.05566,-8.6718,87.0229,-6.8550
557489068,-2.00000,0.49500,-2.00000,37.9160,147.4656,-24.7023,0.50964,-1.09875,0.07617,-8.3130,85.2748,-6.8550
557490067,-2.00000,1.58496,-2.00000,71.9771,211.4275,-41.5802,0.50977,-1.10205,0.09509,-7.9160,83.3817,-6.8473
557491067,-1.54639,1.99994,-2.00000,81.9695,250.1298,-34.2061,0.50989,-1.10498,0.11292,-7.4809,81.3893,-6.8168
557492067,-1.11487,1.41699,-2.00000,53.3511,250.1298,-6.0916,0.50989,-1.10840,0.12927,-7.0458,79.3130,-6.7710
557493068,-0.92444,0.61621,-2.00000,13.0382,250.1298,19.7557,0.51050,-1.11255,0.14392,-6.6031,77.1527,-6.7023
557494068,-0.55383,0.60217,-2.00000,-12.4656,250.1298,33.5649,0.51196,-1.11609,0.15759,-6.1145,74.8779,-6.6336
557495067,-0.68579,1.66541,-2.00000,-26.0305,250.1298,42.7557,0.51416,-1.11853,0.16931,-5.6031,72.5038,-6.5573
557496067,-0.68835,1.99994,-1.37891,-22.7710,225.4198,53.5496,0.51685,-1.12134,0.17859,-5.0687,70.0382,-6.4656
557497064,0.03577,1.99994,0.74316,-0.8779,207.8473,67.6336,0.52075,-1.12366,0.18652,-4.5267,67.5344,-6.3435
557498069,-0.09021,0.83862,0.61841,17.8397,181.4733,78.4962,0.52576,-1.12415,0.19348,-3.9924,65.0153,-6.2290
557499068,-0.89661,-0.60242,-1.06396,34.3588,163.0000,72.0992,0.53040,-1.12256,0.20105,-3.4580,62.4275,-6.1069
557500068,-0.92334,-0.57373,-1.25537,64.3893,182.5344,46.8321,0.53442,-1.12012,0.20923,-2.8931,59.8168,-5.9924
557501068,-0.30127,0.33704,0.14014,89.7176,213.1069,24.2519,0.53882,-1.11816,0.21619,-2.3511,57.2214,-5.8550
557502068,-0.03784,1.02185,0.46802,91.6870,221.0382,19.8168,0.54395,-1.11646,0.22119,-1.8015,54.6489,-5.6718
557503068,-0.22449,0.68542,-0.31836,90.8702,209.6336,28.3664,0.54907,-1.11438,0.22437,-1.2748,52.0840,-5.4809
557504067,-0.18042,-0.35474,-0.57312,92.8321,200.7634,36.1832,0.55481,-1.11072,0.22644,-0.7557,49.5496,-5.3130
557505067,-0.11755,-0.85559,0.25281,63.2137,200.7405,43.9466,0.56128,-1.10608,0.22742,-0.2290,47.0916,-5.1603
557506068,-0.21570,-0.14111,0.61536,8.0916,196.5725,56.0382,0.56750,-1.10266,0.22852,0.3359,44.7099,-4.9466
557507067,-0.20227,1.35413,0.48218,-26.7863,190.4198,71.8321,0.57312,-1.09998,0.23047,0.8931,42.4275,-4.7176
557508067,-0.30933,1.99994,0.65125,-27.2214,171.4962,92.5725,0.57861,-1.09668,0.23193,1.3969,40.2061,-4.4885
557509067,-0.37390,1.14258,1.14563,-16.1832,157.8779,113.5267,0.58435,-1.09253,0.23291,1.9008,38.0076,-4.2595
557510067,-0.11719,-0.67102,1.79016,-11.0305,161.7176,125.9542,0.58997,-1.08704,0.23352,2.4198,35.8473,-4.0992
557511067,-0.30042,-1.95325,1.57349,-11.3588,160.3206,125.3969,0.59546,-1.08105,0.23523,2.9084,33.7863,-3.9924
557512068,-0.80505,-2.00000,1.08008,0.8473,157.9618,113.1069,0.60083,-1.07446,0.23828,3.3817,31.8168,-3.9084
557513068,-0.96387,-1.62622,0.98022,32.5649,152.7176,97.2366,0.60547,-1.06592,0.24060,3.8626,29.9466,-3.8397
557514068,-0.74231,-1.82861,1.26123,57.1985,150.7786,88.6107,0.60913,-1.05786,0.24231,4.3130,28.1679,-3.7557
557515068,-0.47437,-2.00000,1.88428,52.6031,147.9618,86.0611,0.61316,-1.05054,0.24390,4.7099,26.4885,-3.6870
557516068,-0.37122,-2.00000,1.99994,24.0153,145.6870,80.1908,0.61743,-1.04333,0.24573,5.0687,24.8779,-3.6870
557517068,-0.07947,-2.00000,1.99994,-5.9542,148.9847,69.1374,0.62061,-1.03687,0.24817,5.3893,23.3282,-3.7099
557518068,-0.13318,-2.00000,1.99994,-16.2748,142.0916,55.1374,0.62268,-1.03113,0.25110,5.6718,21.8244,-3.7481
557519067,-0.46680,-2.00000,1.99994,-3.6641,129.8397,42.3206,0.62390,-1.02527,0.25330,5.9313,20.3893,-3.7939
557520068,0.02930,-2.00000,1.99994,14.3740,126.4122,31.2214,0.62537,-1.01953,0.25635,6.1832,19.0305,-3.8779
557521068,0.87561,-1.35852,1.99994,22.8473,122.0763,22.9924,0.62598,-1.01367,0.26001,6.4275,17.7099,-4.0000
557522068,0.91248,-0.68652,1.99994,26.6565,97.9924,20.3359,0.62537,-1.00671,0.26318,6.6260,16.4198,-4.1756
557523067,0.68298,-0.48987,1.99994,49.5038,68.0000,18.2366,0.62524,-1.00012,0.26611,6.7634,15.1832,-4.3130
557524067,0.59875,-0.48901,1.99994,94.7634,36.3664,13.5954,0.62463,-0.99500,0.26709,6.8779,13.9924,-4.4580
557525068,0.24500,-0.45959,1.99994,121.5420,4.8244,15.8321,0.62378,-0.99036,0.26758,7.0000,12.8168,-4.6336
557526067,0.04224,-0.51538,1.99994,104.9618,-10.5191,31.0687,0.62402,-0.98706,0.26794,7.1298,11.6565,-4.8092
557527067,-0.14282,-0.35425,1.99994,80.5496,-12.8626,45.7328,0.62427,-0.98425,0.26733,7.2672,10.5420,-4.9695
557528065,-0.23779,-0.21313,1.99994,78.6794,-5.7481,53.4809,0.62402,-0.98071,0.26697,7.4122,9.4656,-5.1450
557529065,-0.00256,-1.06604,1.99994,72.8168,6.3664,64.1832,0.62390,-0.97620,0.26709,7.5344,8.4198,-5.3359
557530069,-0.17358,-2.00000,1.99994,36.6107,10.5725,78.4275,0.62390,-0.97144,0.26672,7.6412,7.3893,-5.5115
557531068,-0.26294,-2.00000,1.50354,0.0916,17.7176,79.5191,0.62366,-0.96619,0.26514,7.7939,6.3740,-5.6870
557532067,-0.04626,-2.00000,1.42493,4.9924,21.6260,60.5573,0.62195,-0.96057,0.26318,7.9389,5.3740,-5.8397
557533068,-0.08411,-2.00000,1.78394,27.4656,5.4427,41.2366,0.61902,-0.95557,0.26270,8.0458,4.3664,-5.9542
557534067,0.15173,-2.00000,1.99994,27.2748,-6.5267,34.5344,0.61658,-0.95044,0.26270,8.1527,3.3511,-6.0382
557535067,0.28113,-2.00000,1.99994,11.0382,-17.0305,33.5649,0.61475,-0.94336,0.26074,8.3053,2.3359,-6.1069
557536068,0.14270,-2.00000,1.99994,5.9084,-19.6183,28.9847,0.61230,-0.93555,0.25732,8.4885,1.3664,-6.1985
557537068,0.37170,-2.00000,1.99994,13.2519,-10.8779,18.7557,0.60925,-0.92786,0.25427,8.6641,0.4427,-6.2672
557538068,0.40979,-2.00000,1.99994,22.2748,-17.9084,9.5649,0.60632,-0.91907,0.25171,8.8321,-0.4885,-6.2901
557539068,0.07666,-1.80273,1.88538,25.0992,-33.5649,6.7786,0.60352,-0.90955,0.24915,8.9771,-1.4504,-6.2901
557540068,-0.01013,-1.69153,1.45935,20.7710,-44.3511,8.4351,0.59998,-0.89941,0.24622,9.1145,-2.4046,-6.2748
557541068,0.06665,-1.88489,1.63074,11.0382,-54.0763,11.0687,0.59070,-0.87756,0.24109,9.2901,-4.3282,-6.1985
557542068,-0.03894,-1.89709,1.65820,-0.1679,-65.3435,12.8015,0.58679,-0.86719,0.24036,9.3435,-5.2977,-6.1298
557543067,-0.16443,-1.58521,1.40808,-10.0153,-72.1603,14.8397,0.58240,-0.85620,0.24036,9.3740,-6.2672,-6.0687
557544067,-0.14661,-1.32422,1.35986,-20.8931,-66.9084,20.3130,0.57874,-0.84656,0.23975,9.3359,-7.1985,-5.9847
557545067,-0.08752,-1.25684,1.43347,-39.6183,-55.3359,30.2443,0.57532,-0.83789,0.23840,9.2137,-8.1069,-5.8931
557546064,-0.04785,-1.25439,1.38940,-62.1298,-44.7328,41.4046,0.57129,-0.82874,0.23767,9.0534,-9.0000,-5.7863
557547069,0.00195,-1.37878,1.24683,-71.6107,-39.1603,47.7099,0.56763,-0.82141,0.23828,8.8702,-9.8779,-5.6718
557548068,-0.00171,-1.62244,1.07910,-60.9237,-40.7710,44.8168,0.56384,-0.81531,0.23853,8.6489,-10.7176,-5.5725
557549068,-0.02771,-1.85449,0.94373,-40.2214,-48.2901,34.7863,0.55994,-0.80884,0.23865,8.3664,-11.5038,-5.4656
557550068,-0.05432,-2.00000,0.80164,-21.7557,-58.8321,22.2519,0.55676,-0.80298,0.23914,8.0687,-12.2290,-5.3435
557551068,-0.12622,-2.00000,0.70227,-9.0153,-68.6260,9.1985,0.55347,-0.79834,0.23840,7.7863,-12.9237,-5.1985
557552067,-0.14368,-2.00000,0.74475,1.6183,-71.9160,-3.1298,0.55090,-0.79358,0.23730,7.5191,-13.6031,-5.0305
557553067,-0.16504,-2.00000,0.79236,7.9466,-70.0840,-12.8550,0.54822,-0.78906,0.23730,7.2748,-14.2519,-4.8626
557554068,-0.18201,-1.93542,0.58032,3.3588,-64.8702,-17.9237,0.54468,-0.78564,0.23669,7.1145,-14.8244,-4.6947
557555067,-0.07166,-1.28406,0.74902,-8.9313,-51.8702,-19.0687,0.54248,-0.78296,0.23499,6.9924,-15.2901,-4.4962
557556067,0.25793,-0.49951,1.67615,-21.4809,-32.7786,-14.2290,0.54089,-0.78088,0.23328,6.8626,-15.7099,-4.2824
557557067,0.61475,-0.24817,1.99994,-34.3511,-25.1832,-1.4427,0.53857,-0.77905,0.23181,6.7557,-16.1145,-4.0382
557558067,0.58447,-0.61829,1.59937,-42.3969,-37.4809,13.1145,0.53589,-0.77673,0.23120,6.6947,-16.4656,-3.8168
557559067,0.55774,-1.07410,1.42444,-31.5496,-53.1450,17.3511,0.53406,-0.77344,0.22986,6.6718,-16.7710,-3.6107
557560067,0.88342,-1.18152,1.99994,-13.2137,-67.2214,13.5115,0.53296,-0.76965,0.22668,6.7023,-17.0153,-3.3664
557561068,1.14758,-1.28845,1.99994,-7.5267,-88.7863,12.8931,0.53162,-0.76624,0.22363,6.7710,-17.2214,-3.1145
557562068,0.97961,-1.59814,1.99994,-7.3435,-110.9542,14.3282,0.52954,-0.76270,0.22131,6.8626,-17.3588,-2.8321
557563067,0.79810,-1.94263,1.99994,-3.0763,-122.8855,13.4351,0.52734,-0.75977,0.21802,7.0000,-17.4504,-2.5267
557564067,0.72937,-2.00000,1.99994,-3.8244,-130.3511,10.4275,0.52551,-0.75806,0.21436,7.1527,-17.4656,-2.2061
557565067,0.29834,-2.00000,1.61523,-8.6870,-138.6641,6.1450,0.52356,-0.75671,0.21118,7.3206,-17.4504,-1.9313
557566067,0.00037,-2.00000,1.16260,-9.4351,-141.6870,0.3206,0.52185,-0.75537,0.20850,7.5115,-17.4122,-1.6489
557567068,0.13171,-2.00000,1.21692,-16.7939,-142.0229,-4.4885,0.52002,-0.75488,0.20435,7.7176,-17.3511,-1.3435
557568067,0.01685,-2.00000,0.81238,-35.4046,-149.8702,-5.6489,0.51807,-0.75500,0.19788,7.9542,-17.2901,-1.0229
557569067,-0.28833,-2.00000,0.26917,-44.3359,-153.1374,-8.1221,0.51709,-0.75439,0.19092,8.1679,-17.2137,-0.7099
557570067,-0.33130,-2.00000,0.32080,-33.9160,-150.1603,-14.4198,0.51660,-0.75293,0.18457,8.3817,-17.1069,-0.4122
557571067,-0.40955,-2.00000,0.23535,-25.6870,-149.3588,-19.1832,0.51526,-0.75244,0.17908,8.5954,-16.9847,-0.1221
557572067,-0.70703,-1.96558,-0.50293,-31.2443,-150.0000,-18.4885,0.51306,-0.75317,0.17346,8.7863,-16.8244,0.1679
557573068,-0.96655,-1.90894,-1.27783,-37.0076,-144.9237,-17.7405,0.51099,-0.75293,0.16833,8.9389,-16.6718,0.4733
557574067,-0.90332,-1.69788,-1.44214,-35.5649,-131.4580,-21.1832,0.50830,-0.75159,0.16235,9.0382,-16.5115,0.7634
557575067,-0.59314,-0.98499,-1.33118,-38.4427,-117.2214,-25.7481,0.50549,-0.75110,0.15515,9.0992,-16.3893,1.0611
557576068,-0.35925,-0.04846,-1.23584,-50.4122,-103.1908,-23.8015,0.50439,-0.75159,0.14758,9.1374,-16.3130,1.3740
557577067,-0.43591,0.30249,-1.19739,-66.6031,-90.2137,-13.1832,0.50378,-0.75208,0.13940,9.1679,-16.2519,1.6947
557578067,-0.60754,-0.34851,-1.10681,-79.4580,-75.6412,1.3130,0.50256,-0.75269,0.13208,9.1603,-16.1985,2.0153
557579067,-0.47278,-1.55554,-0.70789,-79.2443,-58.4962,9.4122,0.50171,-0.75317,0.12537,9.1221,-16.1527,2.3130
557580067,-0.23804,-2.00000,-0.25281,-69.1908,-44.8779,5.4427,0.50098,-0.75354,0.11877,9.0840,-16.0916,2.6183
557581068,-0.08362,-1.54834,-0.13977,-66.1527,-38.2443,-1.4046,0.50049,-0.75415,0.11292,9.0305,-16.0229,2.9313
557582067,0.37598,-0.47522,0.51270,-64.8397,-41.7099,0.8702,0.50073,-0.75513,0.10803,8.9389,-15.9618,3.2595
557583068,0.62195,-1.08228,1.20349,-57.8092,-53.1374,4.0000,0.50146,-0.75549,0.10364,8.7939,-15.9237,3.5420
557584068,0.63855,-1.92603,1.39514,-54.2061,-70.5802,1.6183,0.50269,-0.75525,0.09924,8.6336,-15.8855,3.8015
557585067,0.37012,-2.00000,1.01721,-51.9237,-87.9771,-7.7634,0.50439,-0.75476,0.09497,8.4580,-15.8168,4.0305
557586067,0.19946,-1.94336,0.61658,-48.1832,-97.7710,-19.9313,0.50659,-0.75537,0.09094,8.2824,-15.7099,4.2519
557587068,0.08618,-1.27649,0.33777,-43.6107,-105.9771,-28.2977,0.50989,-0.75684,0.08679,8.1069,-15.5878,4.4351
557588067,-0.01770,-0.71655,0.23547,-36.2137,-109.0611,-32.4809,0.51416,-0.75867,0.08264,7.9389,-15.4275,4.6183
557589067,-0.10168,-0.45984,0.27075,-27.4046,-106.4809,-32.9924,0.51917,-0.76147,0.07996,7.7634,-15.1985,4.7481
557590067,-0.30713,-0.71582,-0.03809,-23.6794,-104.0611,-29.0840,0.52380,-0.76465,0.07825,7.6107,-14.8931,4.8321
557591067,-0.45862,-1.18506,-0.34888,-23.2061,-96.8092,-25.7786,0.52759,-0.76794,0.07593,7.4962,-14.5496,4.9160
557592067,-0.46960,-1.25903,-0.17749,-19.5267,-86.2672,-26.8321,0.53174,-0.77124,0.07166,7.4351,-14.1527,4.9924
557593067,-0.44922,-0.92505,0.01733,-17.1527,-78.7176,-27.2824,0.53564,-0.77539,0.06616,7.4198,-13.6718,5.0534
557594067,-0.51331,-0.68994,-0.35376,-23.0076,-79.5115,-21.8550,0.53857,-0.78027,0.06201,7.3817,-13.1374,5.0916
557595067,-0.69788,-0.78711,-1.03918,-30.9389,-85.2061,-14.8244,0.54150,-0.78564,0.05835,7.3664,-12.5725,5.0840
557596067,-0.76599,-1.05017,-1.24048,-34.2061,-86.1603,-12.6489,0.54358,-0.79114,0.05225,7.3740,-11.9618,5.0382
557597067,-0.67883,-1.31311,-0.96362,-39.0687,-82.7405,-14.9008,0.54443,-0.79675,0.04431,7.4122,-11.3282,5.0076
557598067,-0.73047,-1.38184,-0.87769,-47.7634,-80.0763,-18.9313,0.54614,-0.80188,0.03711,7.4733,-10.6641,4.9695
557599067,-0.89954,-1.15125,-1.09717,-49.7710,-75.1679,-24.5954,0.54846,-0.80701,0.02954,7.5496,-9.9771,4.9389
557600067,-0.93848,-0.79468,-1.20349,-42.0916,-63.0458,-31.1832,0.54932,-0.81250,0.02136,7.6718,-9.2214,4.9313
557601067,-0.92761,-0.63635,-1.16992,-35.2061,-47.2748,-35.1527,0.54944,-0.81812,0.01245,7.8550,-8.4504,4.9237
557602065,-0.93274,-0.74890,-1.13269,-31.8550,-30.8092,-36.6794,0.55054,-0.82397,0.00281,8.0687,-7.7328,4.9084
557603065,-0.82983,-0.89868,-0.96680,-26.9924,-15.7634,-38.3740,0.55151,-0.82947,-0.00671,8.2977,-7.0153,4.8931
557604065,-0.66711,-0.93323,-0.72729,-23.0000,-6.2519,-39.9618,0.55090,-0.83459,-0.01648,8.5420,-6.2748,4.8702
557605069,-0.53894,-0.73743,-0.52783,-23.4504,-2.5954,-40.4351,0.54968,-0.83972,-0.02576,8.8015,-5.5038,4.8244
557606068,-0.41077,-0.34521,-0.27161,-26.9924,-3.2061,-38.5038,0.54883,-0.84534,-0.03467,9.0916,-4.7405,4.7481
557607068,-0.26050,-0.02698,0.06848,-33.6947,-8.0458,-32.6031,0.54688,-0.84973,-0.04419,9.3817,-4.0076,4.6641
557608068,-0.18152,-0.01160,0.27393,-43.3130,-16.9237,-23.8092,0.54382,-0.85352,-0.05334,9.6641,-3.2901,4.5878
557609068,-0.21167,-0.28564,0.25940,-49.8702,-25.4809,-16.7863,0.54187,-0.85742,-0.06226,9.9466,-2.5802,4.5191
557610067,-0.27014,-0.60669,0.22180,-49.9084,-29.9771,-15.1679,0.53918,-0.86121,-0.07202,10.1908,-1.8931,4.4427
557611067,-0.30042,-0.72827,0.24622,-46.7252,-30.6336,-18.0000,0.53503,-0.86572,-0.08142,10.4122,-1.2443,4.3664
557612068,-0.32251,-0.58301,0.18530,-42.7863,-30.1145,-21.8855,0.53088,-0.87024,-0.08984,10.6336,-0.5878,4.2672
557613067,-0.34326,-0.35486,0.03870,-36.8626,-29.2519,-24.4885,0.52686,-0.87366,-0.09875,10.8626,0.0840,4.1603
557614067,-0.31079,-0.27588,0.01001,-28.3206,-27.6870,-25.8397,0.52295,-0.87622,-0.10840,11.0763,0.7405,4.0382
557615068,-0.26636,-0.34424,0.07886,-20.6031,-26.9008,-26.3435,0.51868,-0.87903,-0.11768,11.2595,1.3664,3.9466
557616067,-0.26123,-0.40723,0.10510,-17.8550,-27.0382,-25.7252,0.51440,-0.88293,-0.12634,11.4198,1.9542,3.8702
557617067,-0.26025,-0.41150,0.09253,-19.7710,-26.5573,-23.9237,0.50977,-0.88660,-0.13464,11.5802,2.5496,3.7939
557618067,-0.27344,-0.44104,0.08997,-22.9542,-26.2290,-21.3435,0.50525,-0.88953,-0.14246,11.7328,3.1374,3.6947
557619067,-0.28479,-0.50342,0.12085,-24.3130,-26.5725,-19.3588,0.50171,-0.89209,-0.15015,11.8550,3.7023,3.5954
557620067,-0.30530,-0.54126,0.06909,-23.7176,-29.3893,-18.4198,0.49768,-0.89453,-0.15869,11.9466,4.2748,3.5267
557621065,-0.38843,-0.56519,-0.12549,-23.5649,-34.5496,-17.8702,0.49231,-0.89673,-0.16785,11.9695,4.8473,3.4809
557622069,-0.44165,-0.57190,-0.23999,-23.3664,-38.3588,-17.9084,0.48743,-0.89905,-0.17798,11.9847,5.4046,3.4733
557623068,-0.45715,-0.51697,-0.24866,-21.7405,-40.8015,-18.6870,0.48450,-0.90210,-0.18860,12.0000,5.9542,3.4885
557624068,-0.51196,-0.42212,-0.31750,-20.4198,-41.6870,-18.9237,0.48206,-0.90564,-0.19922,11.9847,6.4962,3.5267
557625067,-0.57690,-0.36804,-0.44226,-20.6183,-39.1756,-17.7939,0.47864,-0.90820,-0.20984,11.9771,7.0305,3.5573
557626067,-0.61353,-0.41711,-0.50757,-22.1145,-32.1832,-15.4809,0.47498,-0.91003,-0.22034,11.9695,7.5573,3.6183
557627067,-0.60413,-0.55029,-0.47949,-25.1527,-22.4809,-12.8244,0.47021,-0.91162,-0.23047,11.9160,8.0534,3.6794
557628067,-0.57153,-0.66858,-0.42737,-27.7786,-13.5725,-11.1221,0.46533,-0.91382,-0.24023,11.8397,8.5573,3.7710
557629067,-0.53101,-0.71558,-0.38391,-26.7710,-7.7710,-11.1679,0.46057,-0.91711,-0.25073,11.7557,9.0458,3.9008
557630067,-0.47925,-0.69604,-0.32068,-22.8168,-5.7023,-12.5191,0.45581,-0.92065,-0.26282,11.6641,9.5038,4.0611
557631067,-0.42566,-0.68030,-0.21277,-18.6260,-7.0000,-14.1145,0.45178,-0.92419,-0.27515,11.5573,9.9466,4.2137
557632067,-0.38025,-0.71631,-0.10083,-14.9771,-10.4962,-15.7786,0.44800,-0.92773,-0.28674,11.3740,10.3664,4.3817
557633067,-0.36450,-0.73511,-0.04102,-11.8702,-14.6794,-17.9542,0.44373,-0.93091,-0.29858,11.1298,10.7481,4.5802
557634065,-0.37427,-0.68591,-0.04041,-9.6794,-17.6794,-20.2443,0.44031,-0.93384,-0.31213,10.8626,11.0916,4.7939
557635065,-0.38391,-0.60242,-0.02795,-9.2061,-18.0000,-21.4351,0.43750,-0.93811,-0.32666,10.5725,11.3969,5.0382
557636068,-0.38416,-0.52698,0.01367,-11.1908,-16.3893,-20.6336,0.43347,-0.94348,-0.34009,10.2519,11.6947,5.2672
557637067,-0.38330,-0.46973,0.01172,-14.6870,-14.3359,-18.1603,0.42871,-0.94910,-0.35254,9.9160,11.9695,5.4656
557638067,-0.39392,-0.44507,-0.03967,-16.9389,-12.9847,-15.0916,0.42456,-0.95496,-0.36694,9.5802,12.2366,5.6565
557639067,-0.39233,-0.46484,-0.05615,-16.5267,-12.1527,-12.4046,0.42017,-0.96094,-0.38281,9.2443,12.4962,5.8855
557640067,-0.37708,-0.51648,-0.03040,-14.9313,-12.1069,-10.2901,0.41223,-0.97107,-0.41797,8.5649,12.9695,6.3740
557641065,-0.38342,-0.58203,-0.04663,-13.8092,-13.3511,-8.7252,0.40820,-0.97693,-0.43567,8.2672,13.1832,6.6412
557642069,-0.39600,-0.64429,-0.08008,-12.4656,-14.6183,-8.1603,0.40356,-0.98462,-0.45264,7.9847,13.3969,6.9008
557643068,-0.39368,-0.70276,-0.07214,-9.9618,-15.2824,-8.9008,0.39807,-0.99353,-0.47119,7.7176,13.6260,7.1450
557644068,-0.39172,-0.74792,-0.04749,-7.5954,-15.3359,-10.5573,0.39282,-1.00244,-0.49048,7.4580,13.8626,7.3435
557645067,-0.39929,-0.75439,-0.05542,-6.7023,-15.0458,-12.4275,0.38843,-1.01123,-0.50806,7.1985,14.0992,7.5344
557646067,-0.41052,-0.71741,-0.10413,-6.7481,-14.3511,-14.1069,0.38391,-1.01990,-0.52466,6.9389,14.3740,7.7481
557647064,-0.42590,-0.66467,-0.16260,-6.8092,-13.4351,-15.3359,0.37939,-1.02893,-0.54224,6.7176,14.6565,7.9542
557648069,-0.44519,-0.62793,-0.20667,-6.2977,-12.3511,-15.9695,0.37549,-1.03796,-0.55981,6.5344,14.9160,8.1221
557649068,-0.45178,-0.60681,-0.23596,-5.1527,-11.1069,-15.8855,0.37207,-1.04614,-0.57788,6.3588,15.1908,8.2901
557650068,-0.47070,-0.57935,-0.21350,-4.5344,-9.4962,-14.7634,0.36890,-1.05359,-0.59631,6.1985,15.5344,8.4504
557651067,-0.47791,-0.42810,-0.08508,-4.9084,-6.1450,-12.8473,0.36621,-1.06030,-0.61523,6.0382,15.8779,8.6031
557652067,-0.38708,0.04468,0.37939,-1.7863,0.4046,-11.4275,0.36401,-1.06641,-0.63342,5.8550,16.1908,8.7634
557653067,-0.22876,0.49402,0.93066,18.0458,3.3740,-11.1832,0.36047,-1.07251,-0.65100,5.6641,16.5267,8.9160
557654068,-0.24805,0.35242,0.81946,60.3740,-7.3740,-14.8702,0.35730,-1.07971,-0.66870,5.4504,16.9389,9.0458
557655067,-0.70679,-0.28845,0.61780,100.7176,-24.7710,-20.9924,0.35547,-1.08618,-0.68616,5.2366,17.4198,9.1679
557656067,-0.68982,-1.20886,0.76086,114.3817,-35.4351,-25.1069,0.35364,-1.09155,-0.70361,5.0305,17.9313,9.2901
557657067,-0.05261,-2.00000,0.92651,112.6794,-38.0076,-31.2977,0.35168,-1.09729,-0.72131,4.8168,18.4427,9.4122
557658068,-0.42151,-1.80261,0.15710,125.0840,-63.0076,-48.1298,0.35083,-1.10376,-0.74036,4.6183,18.9771,9.5344
557659068,-1.02795,-1.02002,-1.19519,156.9542,-84.0916,-66.4275,0.35010,-1.10999,-0.76050,4.4046,19.5725,9.6336
557660068,-1.04065,-1.14099,-1.19885,169.0153,-81.1679,-68.2290,0.34802,-1.11560,-0.78198,4.1756,20.2061,9.7481
557661068,-1.29553,-2.00000,-0.90247,117.6336,-70.8855,-48.0534,0.34631,-1.12109,-0.80334,3.9313,20.8397,9.8626
557662068,-1.42432,-2.00000,-0.89075,36.3435,-38.1374,-29.1985,0.34607,-1.12598,-0.82446,3.6718,21.4733,9.9847
557663068,-1.69971,-1.84399,-1.12708,6.3206,-10.3435,-33.8855,0.34595,-1.13037,-0.84705,3.3740,22.1450,10.0992
557664068,-1.81067,-0.03491,-1.44763,23.1985,13.1221,-41.2519,0.34570,-1.13586,-0.87146,3.0382,22.8244,10.2214
557665067,-1.54272,0.67896,-0.80432,20.2290,34.9313,-28.8473,0.34607,-1.14221,-0.89734,2.6794,23.5344,10.3282
557666067,-1.40088,0.03357,-0.61890,-19.5344,39.7634,-0.1298,0.34583,-1.14795,-0.92371,2.3053,24.2824,10.4427
557667068,-0.97424,-1.06799,-0.46069,-46.6183,47.1221,15.8702,0.34558,-1.15344,-0.94922,1.9008,25.0458,10.5878
557668068,-0.71655,-1.21277,0.40857,-15.0687,37.9313,1.9389,0.34631,-1.15857,-0.97473,1.4351,25.8015,10.7405
557669068,-0.51941,-0.75024,0.80115,66.9237,15.0000,-28.4275,0.34753,-1.16260,-1.00098,0.9313,26.5725,10.8931
557670068,-0.40491,-0.28589,0.73120,129.6718,-6.4885,-49.2443,0.34888,-1.16541,-1.02771,0.3969,27.3282,11.0076
557671068,-0.61499,-0.38379,0.15247,122.2137,-25.4275,-45.4580,0.34973,-1.16699,-1.05334,-0.2366,28.0916,11.1374
557672067,-0.65649,-0.93030,-0.08691,91.6794,-22.3206,-38.1908,0.34973,-1.16797,-1.07788,-0.9542,28.8855,11.2672
557673067,-0.62585,-1.40088,0.14258,99.2824,-15.0916,-47.4351,0.35132,-1.16797,-1.10266,-1.7176,29.7176,11.3740
557674067,-0.66882,-1.61829,0.08630,135.7863,-16.2366,-66.6565,0.35413,-1.16675,-1.12708,-2.5573,30.5496,11.4504
557675067,-0.90332,-1.35437,-0.26758,149.8855,-16.2977,-77.5954,0.35730,-1.16541,-1.15002,-3.4733,31.4122,11.4962
557676067,-1.13757,-1.15417,-1.08875,113.4427,-7.7634,-67.8473,0.36096,-1.16492,-1.17224,-4.4885,32.2824,11.5267
557677067,-1.05969,-1.10449,-1.17847,50.5878,18.3206,-49.0534,0.36450,-1.16370,-1.19458,-5.6107,33.1527,11.5038
557678067,-0.88489,-0.86536,-0.27209,11.8473,40.8931,-36.4275,0.36670,-1.16113,-1.21753,-6.8626,34.0382,11.4275
557679067,-0.76074,-0.33154,0.66028,15.3435,49.9160,-33.9847,0.36816,-1.15906,-1.24158,-8.2672,34.9466,11.3282
557680067,-0.64282,0.07056,1.29492,30.1985,50.5878,-28.4962,0.36951,-1.15710,-1.26392,-9.7786,35.8702,11.2061
557681068,-0.41284,-0.30457,1.40808,16.1832,48.1603,-12.0000,0.36987,-1.15442,-1.28479,-11.3817,36.8092,11.0305
557682068,0.00684,-0.66821,1.44824,-15.3206,46.8321,1.5954,0.37036,-1.15161,-1.30811,-13.1145,37.7481,10.8168
557683067,0.25073,-0.37805,1.64062,-21.9695,32.0916,0.7023,0.37231,-1.14929,-1.33179,-15.0000,38.6870,10.5496
557684068,0.26648,0.07458,1.85742,6.2901,4.0305,-10.0840,0.37439,-1.14685,-1.35461,-17.0076,39.6565,10.2061
557685068,0.16785,0.05786,1.99994,35.6794,-23.5267,-17.4275,0.37573,-1.14551,-1.37659,-19.1374,40.6641,9.8168
557686068,-0.27747,-0.57263,1.99994,41.8015,-45.5649,-15.1603,0.37720,-1.14648,-1.39893,-21.3740,41.6870,9.3435
557687068,-0.40405,-1.56018,1.99994,36.5954,-51.7252,-11.1450,0.37817,-1.14807,-1.42114,-23.6718,42.7481,8.8168
557688068,-0.28162,-2.00000,1.86902,43.0840,-56.0153,-16.8321,0.37939,-1.14941,-1.44238,-26.0153,43.8168,8.2595
557689067,-0.54089,-2.00000,0.98401,68.1450,-70.3817,-33.6031,0.38135,-1.15247,-1.46509,-28.4427,44.8855,7.6641
557690067,-0.50793,-1.20776,0.72144,90.4580,-74.9542,-50.4809,0.38342,-1.15759,-1.48914,-30.9313,45.9847,7.0153
557691067,-0.32056,-0.15515,0.63245,82.9237,-80.2748,-50.2290,0.38635,-1.16333,-1.51306,-33.4504,47.1450,6.3206
557692067,-0.70740,-0.36841,-0.40820,57.4504,-98.7939,-34.0382,0.39026,-1.16895,-1.53613,-36.0076,48.3588,5.5725
557693067,-1.09277,-1.45215,-1.20471,54.1832,-107.8855,-26.8168,0.39539,-1.17456,-1.55920,-38.6183,49.6107,4.7863
557694067,-1.20471,-1.97791,-1.39453,73.2672,-106.6870,-37.7328,0.40088,-1.18054,-1.58289,-41.2519,50.9160,3.9542
557695068,-1.51196,-1.39429,-2.00000,72.8779,-99.0458,-48.2137,0.40649,-1.18774,-1.60669,-43.8626,52.3130,3.1069
557696068,-1.75488,-0.22766,-2.00000,44.2672,-75.7023,-46.0076,0.41284,-1.19482,-1.63000,-46.4656,53.7557,2.2901
557697067,-1.70911,0.62769,-2.00000,19.2366,-43.2901,-34.4733,0.42017,-1.20142,-1.65320,-49.0382,55.2366,1.4504
557698067,-1.62317,0.48962,-2.00000,11.4962,-14.2748,-20.5954,0.42859,-1.20886,-1.67615,-51.5725,56.7939,0.5878
557699067,-1.42334,-0.54309,-1.75989,9.4656,10.6947,-10.1069,0.43750,-1.21765,-1.69873,-54.0687,58.4885,-0.2977
557700068,-1.09155,-1.74084,-1.18750,3.5573,35.9847,-5.1374,0.44666,-1.22693,-1.72156,-56.5191,60.2977,-1.1679
557701068,-0.95801,-2.00000,-0.99817,-13.9542,45.2214,-4.0153,0.45667,-1.23621,-1.74438,-58.9389,62.2061,-2.0305
557702068,-0.80518,-1.17480,-1.43433,-34.9237,39.3817,-4.8092,0.46692,-1.24524,-1.76550,-61.3435,64.2443,-2.8702
557703068,-0.65552,0.10791,-1.61145,-37.2290,19.2901,-4.7863,0.47681,-1.25464,-1.78577,-63.6870,66.4122,-3.6947
557704067,-0.66895,0.47717,-1.24084,-16.5649,-8.8168,-2.5802,0.48694,-1.26404,-1.80640,-65.9924,68.7099,-4.5191
557705067,-0.86108,-0.46143,-0.74084,6.7634,-33.2595,0.1756,0.49719,-1.27319,-1.82605,-68.2672,71.1450,-5.3435
557706067,-1.32959,-2.00000,-0.97876,12.3817,-50.9847,1.9924,0.50647,-1.28271,-1.84521,-70.5420,73.7099,-6.1679
557707068,-1.53186,-2.00000,-1.01587,10.7634,-38.6718,-7.3511,0.51477,-1.29163,-1.86304,-72.8168,76.3969,-7.0000
557708067,-1.54688,-2.00000,-1.08704,25.4046,-17.1756,-31.6031,0.52393,-1.30090,-1.87976,-75.0458,79.2443,-7.8397
557709067,-1.92188,-1.64124,-2.00000,49.0153,-10.6718,-54.1527,0.53406,-1.30933,-1.89575,-77.2519,82.3130,-8.6794
557710068,-2.00000,-0.65063,-2.00000,67.3969,-10.1298,-64.9237,0.54419,-1.31812,-1.91211,-79.4809,85.5496,-9.5344
557711068,-2.00000,-0.33301,-2.00000,78.7405,1.2672,-67.4733,0.55396,-1.32788,-1.92749,-81.7252,88.8321,-10.3893
557712068,-1.98706,-1.66882,-2.00000,34.9847,62.1985,-51.3511,0.56311,-1.33679,-1.94202,-83.9695,92.0992,-11.2824
557713068,-1.67749,-1.44617,-1.80017,12.1374,92.7557,-47.7176,0.57288,-1.34583,-1.95654,-86.1908,95.4962,-12.1908
557714068,-1.20105,-0.28442,-1.43457,3.0992,123.6565,-43.9771,0.58276,-1.35486,-1.96985,-88.3740,99.0840,-13.0916
557715068,-0.97314,0.75476,-1.65039,-13.5496,141.0840,-29.1908,0.59314,-1.36267,-1.98291,-90.5573,102.8321,-13.9924
557716067,-0.81348,0.55103,-1.54663,-30.3740,150.9008,-9.1450,0.60327,-1.37061,-1.99512,-92.7481,106.7252,-14.9008
557717067,-0.49707,-0.48950,-0.84241,-33.8244,146.7863,1.7634,0.61194,-1.37915,-2.00000,-94.9160,110.8015,-15.8473
557718067,-0.42822,-0.98230,-0.54358,-27.9618,117.1603,-2.1679,0.62061,-1.38672,-2.00000,-97.0611,115.0611,-16.8244
557719068,-0.41504,-0.57568,-0.48535,-14.1679,87.1527,-13.8321,0.62939,-1.39392,-2.00000,-99.2061,119.4733,-17.7786
557720067,-0.15076,-0.25085,0.53088,-1.3893,75.2137,-17.6641,0.63696,-1.40112,-2.00000,-101.3740,123.9924,-18.6870
557721067,0.12964,-0.39038,1.49402,-0.1527,64.7634,-12.4656,0.64331,-1.40710,-2.00000,-103.5573,128.6260,-19.6031
557722068,-0.06482,-0.51855,0.81799,0.3817,48.7405,-8.6412,0.64954,-1.41187,-2.00000,-105.7328,133.4427,-20.5344
557723068,-0.78625,-0.63318,-1.19141,9.6260,29.3664,-9.4198,0.65552,-1.41699,-2.00000,-107.8855,138.4504,-21.4656
557724067,-1.35852,-0.81116,-2.00000,11.4198,24.8779,-10.4809,0.66113,-1.42310,-2.00000,-110.0458,143.6183,-22.3435
557725068,-1.46240,-0.97437,-2.00000,-1.9008,32.9160,-9.7099,0.66748,-1.42871,-2.00000,-112.1527,148.9008,-23.1985
557726068,-1.42712,-0.81775,-2.00000,-14.8015,43.7863,-9.7099,0.67407,-1.43372,-2.00000,-114.2290,154.2901,-24.0229
557727068,-1.40332,-0.50281,-1.84937,-13.8855,57.7023,-9.9313,0.67896,-1.43945,-2.00000,-116.2672,159.8244,-24.8092
557728068,-1.23328,-0.54651,-1.52344,-7.6260,76.9771,-8.9237,0.68298,-1.44580,-2.00000,-118.2672,165.5191,-25.5878
557729067,-1.13306,-0.72754,-1.79700,-15.6260,103.1221,-5.2748,0.68665,-1.45190,-2.00000,-120.1985,171.3817,-26.3588
557730068,-1.40967,-0.72949,-2.00000,-35.2977,125.6947,0.0611,0.68921,-1.45764,-2.00000,-122.0687,177.3740,-27.0687
557731068,-1.58728,-0.62036,-2.00000,-48.3282,143.7710,4.2977,0.69116,-1.46387,-2.00000,-123.8702,183.5344,-27.7481
557732067,-1.42639,-0.60767,-2.00000,-56.5496,144.8702,10.7710,0.69189,-1.46985,-2.00000,-125.5954,189.8550,-28.4427
557733068,-1.03394,-0.66272,-2.00000,-62.0076,140.4733,18.5878,0.69177,-1.47559,-2.00000,-127.2519,196.2977,-29.1527
557734068,-0.26147,-0.61597,-0.29968,-55.5878,138.5115,21.2290,0.69116,-1.48059,-2.00000,-128.8397,202.8855,-29.8855
557735068,0.31262,-0.50757,0.13025,-41.0305,121.6641,19.3893,0.68982,-1.48535,-2.00000,-130.3282,209.6489,-30.6031
557736068,-0.45203,-0.40149,-1.66931,-27.6107,81.5496,17.4122,0.68823,-1.49121,-2.00000,-131.7328,216.5649,-31.3359
557737068,-1.43372,-0.42834,-2.00000,-17.6183,57.7557,14.3817,0.68555,-1.49719,-2.00000,-133.0611,223.5725,-32.0840
557738068,-1.54810,-0.77197,-2.00000,-14.3359,67.7176,10.4733,0.68091,-1.50134,-2.00000,-134.3206,230.6947,-32.8855
557739068,-2.00000,-1.31116,-2.00000,-15.1298,72.4122,6.8168,0.67505,-1.50452,-1.99573,-135.5344,237.9695,-33.7099
557740068,-2.00000,-2.00000,-2.00000,1.3664,75.3664,1.6947,0.65930,-1.51086,-1.96277,-137.7939,250.1298,-35.3817
557741068,-2.00000,-2.00000,-2.00000,40.0687,107.3130,-7.8397,0.64990,-1.51355,-1.94458,-138.8626,250.1298,-36.2824
557742064,-2.00000,-2.00000,-2.00000,71.9313,150.2824,-21.8702,0.63965,-1.51526,-1.92419,-139.9313,250.1298,-37.2137
557743069,-2.00000,-2.00000,-2.00000,53.3435,177.3359,-28.5954,0.62817,-1.51746,-1.90210,-141.0305,250.1298,-38.1603
557744067,-2.00000,-1.42456,-2.00000,-1.1374,191.3282,-22.1908,0.61511,-1.51941,-1.87854,-142.1679,250.1298,-39.1145
557745067,-2.00000,-0.60095,-2.00000,-15.6260,197.4427,-18.2366,0.59973,-1.52051,-1.85425,-143.3359,250.1298,-40.0916
557746067,-2.00000,-1.01221,-2.00000,19.6260,210.7252,-24.3588,0.58276,-1.52161,-1.82996,-144.5954,250.1298,-41.0840
557747067,-2.00000,-2.00000,-2.00000,37.4351,232.5878,-30.8626,0.56506,-1.52307,-1.80542,-145.9618,250.1298,-42.0458
557748068,-2.00000,-2.00000,-2.00000,21.0840,250.1298,-35.1756,0.54663,-1.52454,-1.77930,-147.4504,250.1298,-42.9847
557749068,-1.99146,-1.67139,-2.00000,3.5191,250.1298,-40.6107,0.52747,-1.52649,-1.75049,-149.0763,250.1298,-43.8931
557750068,-1.25122,-0.47034,-1.81201,3.2748,250.1298,-46.0992,0.50696,-1.53015,-1.72192,-150.8244,250.1298,-44.7863
557751068,-0.90430,0.09900,-1.31860,21.4580,250.1298,-48.2901,0.48572,-1.53503,-1.69434,-152.6489,250.1298,-45.6718
557752067,-0.72217,-0.32202,-0.47131,43.1985,250.1298,-47.3206,0.46350,-1.54016,-1.66577,-154.5954,250.1298,-46.5420
557753067,-0.72437,-0.66333,-0.72888,38.4962,250.1298,-40.5191,0.44080,-1.54517,-1.63721,-156.6565,250.1298,-47.4046
557754067,-0.96936,-0.42590,-2.00000,14.1908,250.1298,-27.3511,0.41968,-1.55090,-1.61279,-158.8092,250.1298,-48.2290
557755067,-0.64832,-0.23450,-1.37720,3.7328,247.6260,-13.1069,0.39807,-1.55798,-1.58704,-160.9771,250.1298,-49.0000
557756067,0.40430,0.04504,1.99994,6.4885,245.2977,-0.3893,0.37537,-1.56665,-1.55615,-163.1298,250.1298,-49.7710
557757067,0.57373,0.44312,1.85156,8.9313,209.3969,14.2061,0.35352,-1.57629,-1.52527,-165.3282,250.1298,-50.5802
557758067,-1.58691,0.14185,-1.98938,23.7710,144.4656,25.8092,0.33215,-1.58582,-1.49548,-167.5420,250.1298,-51.3893
557759068,-2.00000,-0.95276,-2.00000,47.4046,135.3282,25.6031,0.31030,-1.59570,-1.46631,-169.7557,250.1298,-52.1832
557760067,-2.00000,-1.87280,-2.00000,46.4046,169.5954,18.6183,0.28809,-1.60596,-1.43604,-171.9542,250.1298,-52.9771
557761068,-2.00000,-1.74902,-2.00000,40.8244,174.2901,4.5038,0.26770,-1.61548,-1.40466,-174.0992,250.1298,-53.8168
557762068,-2.00000,-1.24829,-2.00000,114.1069,180.8550,-31.3511,0.24902,-1.62415,-1.37170,-176.1756,250.1298,-54.6794
557763068,-2.00000,-1.93433,-2.00000,235.2214,233.2290,-71.4275,0.22974,-1.63196,-1.33728,-178.1756,250.1298,-55.5344
557764068,-2.00000,-2.00000,-2.00000,239.7863,250.1298,-75.3130,0.20935,-1.63867,-1.30261,-180.1069,250.1298,-56.4122
557765068,-2.00000,-2.00000,-2.00000,129.6947,250.1298,-60.6794,0.18738,-1.64380,-1.26672,-181.9847,250.1298,-57.3130
557766067,-2.00000,-2.00000,-2.00000,89.2748,250.1298,-75.5573,0.16589,-1.64758,-1.22998,-183.8397,250.1298,-58.2443
557767068,-2.00000,-0.82361,-2.00000,135.7023,250.1298,-104.8321,0.14563,-1.65015,-1.19177,-185.6870,250.1298,-59.1527
557768067,-2.00000,-0.14270,-2.00000,140.7023,250.1298,-103.4962,0.12573,-1.65051,-1.15149,-187.5344,250.1298,-60.0992
557769067,-2.00000,-0.63782,-2.00000,87.7786,250.1298,-75.9237,0.10535,-1.64929,-1.10986,-189.3969,250.1298,-61.0840
557770067,-2.00000,-1.37195,-2.00000,45.8092,250.1298,-57.0000,0.08350,-1.64648,-1.06689,-191.2748,250.1298,-62.0992
557771068,-0.88269,-1.36597,-0.11462,35.2366,250.1298,-55.9924,0.06042,-1.64209,-1.02075,-193.2061,250.1298,-63.1756
557772067,-0.62866,-0.44751,1.99994,46.5573,250.1298,-66.9466,0.03772,-1.63708,-0.97070,-195.2137,250.1298,-64.3130
557773067,-0.24585,1.05139,1.99994,63.3359,250.1298,-71.1069,0.01587,-1.63196,-0.91931,-197.3359,250.1298,-65.4962
557774068,0.14380,1.99994,1.30823,57.3588,250.1298,-52.9695,-0.00610,-1.62695,-0.86731,-199.5649,250.1298,-66.6718
557775067,0.21338,1.99994,1.99023,48.4046,250.1298,-30.9542,-0.02881,-1.62109,-0.81384,-201.8931,250.1298,-67.8931
557776067,1.57446,1.99994,1.99994,76.0305,250.1298,-23.0916,-0.05139,-1.61389,-0.75879,-204.3511,250.1298,-69.1679
557777065,1.99994,1.43359,1.99994,130.3817,250.1298,-19.6641,-0.07349,-1.60657,-0.70178,-206.9160,250.1298,-70.5191
557778069,-0.32129,0.38379,1.47461,168.5954,250.1298,-19.3435,-0.09521,-1.59875,-0.64331,-209.5954,250.1298,-71.9084
557779068,-2.00000,0.16504,-1.09888,191.9008,250.1298,-27.7939,-0.11670,-1.59033,-0.58362,-212.4046,250.1298,-73.3282
557780068,-2.00000,0.41089,-1.81458,200.5038,250.1298,-33.5115,-0.13696,-1.58362,-0.52344,-215.3359,250.1298,-74.7405
557781067,-2.00000,-0.24487,-2.00000,180.1374,250.1298,-27.7481,-0.15576,-1.57886,-0.46179,-218.3817,250.1298,-76.1832
557782067,-2.00000,-2.00000,-2.00000,170.0000,250.1298,-24.8015,-0.17407,-1.57458,-0.39990,-221.5191,250.1298,-77.6718
557783067,-2.00000,-2.00000,-0.02368,172.0000,250.1298,-26.1603,-0.19141,-1.57166,-0.33972,-224.7023,250.1298,-79.1603
557784068,-2.00000,-2.00000,0.00012,110.9389,250.1298,-20.1756,-0.20789,-1.56995,-0.28003,-227.9160,250.1298,-80.6412
557785068,-2.00000,-2.00000,-2.00000,1.0153,250.1298,-7.5115,-0.22314,-1.56836,-0.22021,-231.1679,250.1298,-82.0916
557786068,-2.00000,-0.71533,-2.00000,-54.8473,250.1298,5.2672,-0.23657,-1.56812,-0.16174,-234.4580,250.1298,-83.5344
557787068,-2.00000,-1.03699,0.24231,-56.1450,250.1298,15.5725,-0.25012,-1.56873,-0.10498,-237.7252,250.1298,-84.9771
557788068,-1.23804,-1.70435,0.74670,-77.4656,250.1298,26.2519,-0.26379,-1.57031,-0.04895,-240.9313,250.1298,-86.3893
557789068,-2.00000,-1.23145,0.05933,-99.0382,250.1298,24.3053,-0.27625,-1.57349,0.00647,-244.0305,250.1298,-87.7634
557790068,-1.19202,0.90942,1.96753,-41.8321,250.1298,-7.1298,-0.28674,-1.57800,0.06177,-246.9695,250.1298,-89.0763
557791067,1.14392,1.99994,1.99994,49.9084,250.1298,-36.9542,-0.29565,-1.58289,0.11768,-249.7328,250.1298,-90.2824
557792065,1.07886,1.99994,1.99994,116.0076,250.1298,-39.4962,-0.30359,-1.58801,0.17371,-250.1374,250.1298,-91.3817
557793065,-0.09741,0.97900,1.99994,158.3588,250.1298,-35.2137,-0.31104,-1.59253,0.22827,-250.1374,250.1298,-92.3969
557794069,-0.51233,-0.82996,1.99994,186.3969,250.1298,-34.6641,-0.31763,-1.59631,0.28284,-250.1374,250.1298,-93.2366
557795068,-0.69324,-2.00000,1.99994,201.0076,250.1298,-41.3969,-0.32288,-1.60059,0.33911,-250.1374,250.1298,-94.0229
557796068,-0.53833,-2.00000,1.99994,190.2748,250.1298,-44.3664,-0.32678,-1.60376,0.39783,-250.1374,250.1298,-94.7328
557797068,-0.92334,-2.00000,1.99994,123.0534,250.1298,-27.6794,-0.32947,-1.60474,0.45923,-250.1374,250.1298,-95.2672
557798068,-1.52173,-0.89001,1.99994,26.9695,250.1298,-0.0840,-0.33081,-1.60291,0.52222,-250.1374,250.1298,-95.7405
557799067,-1.52734,0.47974,1.99994,-34.0763,250.1298,28.0763,-0.33264,-1.59827,0.58643,-250.1374,250.1298,-96.2672
557800067,-1.35388,-1.00281,1.99994,-61.5115,250.1298,59.5420,-0.33423,-1.59216,0.65173,-250.1374,250.1298,-96.7099
557801067,-0.68713,-2.00000,1.99994,-118.2214,250.1298,83.0458,-0.33398,-1.58472,0.71741,-250.1374,250.1298,-97.0229
557802067,-0.43542,-2.00000,1.99994,-170.3130,250.1298,78.2443,-0.33264,-1.57581,0.78442,-250.1374,250.1298,-97.3893
557803067,-0.83606,-2.00000,1.99994,-155.3435,250.1298,44.1450,-0.33105,-1.56628,0.85315,-250.1374,250.1298,-97.8550
557804067,-0.24451,0.23669,1.99994,-105.0534,250.1298,7.8244,-0.32983,-1.55713,0.92285,-250.1374,250.1298,-98.3969
557805064,0.21191,1.28381,1.99994,-50.4962,250.1298,-7.2366,-0.32800,-1.54810,0.99194,-250.1374,250.1298,-98.9771
557806065,-1.16162,-0.19189,1.37573,9.7328,250.1298,-9.9389,-0.32581,-1.53870,1.05933,-250.1374,250.1298,-99.5725
557807065,-1.82202,-2.00000,0.93896,59.7405,250.1298,-16.0992,-0.32397,-1.52954,1.12488,-250.1374,250.1298,-100.1832
557808069,-1.62183,-2.00000,-0.93945,82.5115,250.1298,-37.5725,-0.32239,-1.52002,1.18896,-250.1374,250.1298,-100.8092
557809064,-2.00000,-2.00000,-2.00000,102.2901,250.1298,-69.9008,-0.32031,-1.51025,1.25098,-250.1374,250.1298,-101.3893
557810068,-1.82019,-0.41711,-2.00000,123.1221,250.1298,-91.3588,-0.31873,-1.50195,1.30969,-250.1374,250.1298,-102.0305
557811068,-0.22095,1.99994,0.77856,79.2290,250.1298,-66.6794,-0.31824,-1.49438,1.36548,-250.1374,250.1298,-102.8397
557812067,-2.00000,1.41821,-1.00537,-42.4122,250.1298,-0.0687,-0.31860,-1.48730,1.41895,-250.1374,250.1298,-103.6870
557813067,-2.00000,-1.86914,-2.00000,-113.2290,250.1298,44.3588,-0.31921,-1.48108,1.47107,-250.1374,250.1298,-104.5267
557814067,-2.00000,-2.00000,-1.42383,-82.3435,250.1298,31.5725,-0.32056,-1.47534,1.52173,-250.1374,250.1298,-105.3588
557815067,-2.00000,-2.00000,-0.12585,-69.5420,250.1298,11.1756,-0.32227,-1.46899,1.57092,-250.1374,250.1298,-106.1908
557816067,-2.00000,-2.00000,-0.21179,-107.7710,250.1298,0.4504,-0.32336,-1.46106,1.61914,-250.1374,250.1298,-107.0229
557817068,-2.00000,0.59546,-0.10779,-112.9847,250.1298,-2.4046,-0.32434,-1.45215,1.66699,-250.1374,250.1298,-107.8626
557818067,-2.00000,0.82324,0.22205,-80.0458,250.1298,6.7863,-0.32593,-1.44226,1.71436,-250.1374,250.1298,-108.6412
557819067,-1.66516,-1.38904,1.29175,-54.5267,250.1298,10.6565,-0.32935,-1.43115,1.76172,-249.1374,250.1298,-109.3740
557820067,-1.06677,-2.00000,1.99994,-33.1527,250.1298,-6.1985,-0.33411,-1.41748,1.80847,-245.3511,250.1298,-110.0687
557821065,0.16748,-2.00000,1.99994,-20.2672,250.1298,-29.3893,-0.33887,-1.40234,1.85522,-241.2443,250.1298,-110.7710
557822069,0.62903,-2.00000,1.99994,-41.7863,250.1298,-37.0611,-0.34473,-1.38562,1.90320,-236.8473,250.1298,-111.4885
557823068,-0.29456,-2.00000,1.99994,-74.6947,250.1298,-25.6031,-0.35193,-1.36633,1.95081,-232.2061,250.1298,-112.1908
557824067,-0.51013,-1.96338,1.99994,-79.1908,250.1298,-17.2519,-0.35913,-1.34546,1.99768,-227.3664,250.1298,-112.8397
557825067,0.08264,-1.28784,1.99994,-74.5496,250.1298,-14.2443,-0.36560,-1.32410,1.99994,-222.3282,250.1298,-113.4656
557826065,0.25720,-1.25000,1.99994,-95.9389,250.1298,-5.7939,-0.37207,-1.30237,1.99994,-217.1069,250.1298,-114.0458
557827069,0.82141,-2.00000,1.99994,-119.4427,250.1298,7.0840,-0.37952,-1.27979,1.99994,-211.7634,250.1298,-114.5649
557828067,0.60498,-2.00000,1.99994,-106.9695,250.1298,6.8550,-0.38721,-1.25500,1.99994,-206.3435,250.1298,-115.0229
557829068,-0.89832,-2.00000,1.58630,-60.0458,234.6107,-19.6412,-0.39514,-1.22937,1.99994,-200.8550,250.1298,-115.3969
557830067,-0.09631,-2.00000,1.94165,-31.0763,250.1298,-46.7252,-0.40247,-1.20422,1.99994,-195.2901,250.1298,-115.7023
557831067,0.61853,-1.46997,1.99994,-47.0229,250.1298,-38.7023,-0.41064,-1.17932,1.99994,-189.6794,250.1298,-115.9313
557832065,-2.00000,-2.00000,-0.55713,-70.9313,191.8855,-15.9237,-0.41980,-1.15479,1.99994,-184.0763,250.1298,-116.0611
557833069,-2.00000,-2.00000,-2.00000,-57.8550,182.4427,-21.5420,-0.42969,-1.12988,1.99994,-178.4656,250.1298,-116.0611
557834064,-2.00000,-2.00000,-2.00000,-26.1756,250.1298,-45.7939,-0.44055,-1.10535,1.99994,-172.8397,250.1298,-115.9389
557835068,-2.00000,-2.00000,-2.00000,-37.0229,250.1298,-57.6870,-0.45081,-1.08203,1.99994,-167.2061,250.1298,-115.7099
557836068,-2.00000,-2.00000,0.36377,-110.1832,250.1298,-43.7405,-0.46106,-1.05945,1.99994,-161.5954,250.1298,-115.3206
557837068,-2.00000,-2.00000,-1.36414,-170.4962,250.1298,-21.9084,-0.47119,-1.03735,1.99994,-156.0153,250.1298,-114.7939
557838067,-2.00000,-2.00000,-2.00000,-142.7099,250.1298,-24.6183,-0.48096,-1.01624,1.99994,-150.4427,250.1298,-114.1221
557839068,-2.00000,-2.00000,-1.99219,-59.1450,250.1298,-66.9542,-0.49109,-0.99597,1.99994,-144.8931,250.1298,-113.3206
557840068,-1.33948,-2.00000,1.84888,-25.3282,250.1298,-108.5191,-0.50183,-0.97632,1.99994,-139.3893,250.1298,-112.3740
557841068,-0.05359,-1.65454,1.99994,-46.3359,250.1298,-126.8321,-0.51294,-0.95679,1.99994,-133.9313,250.1298,-111.2977
557842068,-0.12769,-0.02307,1.96765,-46.2061,250.1298,-129.4656,-0.53589,-0.91321,1.99994,-123.2519,250.1298,-108.7481
557843067,-0.45129,-0.19580,1.35388,16.8779,250.1298,-134.0382,-0.54846,-0.89148,1.99994,-118.1221,250.1298,-107.2748
557844067,-0.29480,-1.12366,1.99994,102.8015,250.1298,-152.7328,-0.56140,-0.86902,1.99994,-113.1374,250.1298,-105.6260
557845067,0.56982,-0.66064,1.99994,53.0763,250.1298,-136.4275,-0.57422,-0.84619,1.99994,-108.3130,250.1298,-103.8473
557846065,0.02515,0.34656,1.99994,25.7634,250.1298,-118.5038,-0.58765,-0.82324,1.99994,-103.6870,250.1298,-101.9313
557847064,-1.36438,-0.30872,1.99994,41.4046,250.1298,-98.2595,-0.60156,-0.79895,1.99994,-99.3053,250.1298,-99.8550
557848069,-1.89355,-2.00000,1.43604,39.4656,250.1298,-81.5573,-0.61584,-0.77368,1.99994,-95.1985,250.1298,-97.6336
557849068,-1.71411,-2.00000,1.99994,4.7405,250.1298,-72.7252,-0.62927,-0.74658,1.99994,-91.3893,248.0076,-95.3511
557850068,-0.97229,-2.00000,1.99994,-17.8244,250.1298,-79.5878,-0.64136,-0.71802,1.99994,-87.8855,242.6947,-92.9847
557851067,-0.60010,-1.67346,1.99994,-9.4733,250.1298,-96.4351,-0.65430,-0.68811,1.99994,-84.7023,237.0992,-90.5420
557852067,-0.61963,-0.24390,1.99994,27.5802,250.1298,-108.9389,-0.66736,-0.65686,1.99994,-81.9008,231.2366,-88.0229
557853067,-0.68457,-0.68066,1.99994,56.3969,250.1298,-108.5573,-0.67993,-0.62598,1.99994,-79.5115,225.0611,-85.4275
557854065,-1.30273,-2.00000,1.99994,39.9008,250.1298,-101.0916,-0.69312,-0.59583,1.99994,-77.5191,218.5420,-82.8015
557855069,-2.00000,-2.00000,1.83691,20.9008,250.1298,-112.6107,-0.70654,-0.56543,1.99994,-75.8855,211.6947,-80.1985
557856068,-2.00000,-2.00000,0.95618,59.5496,250.1298,-154.0840,-0.72046,-0.53589,1.99994,-74.6183,204.5573,-77.5954
557857068,-2.00000,-2.00000,0.88293,117.8092,250.1298,-196.9847,-0.73242,-0.50793,1.99994,-73.7252,197.1450,-75.0000
557858067,-2.00000,-1.38196,1.92700,121.7710,250.1298,-211.3053,-0.74121,-0.48181,1.99994,-73.2214,189.4733,-72.4198
557859067,-1.78406,-0.74084,1.99994,75.8015,250.1298,-197.1450,-0.74902,-0.45630,1.99994,-73.0916,181.4962,-69.8550
557860067,-0.73047,-0.82043,1.99994,27.4504,250.1298,-179.9542,-0.75659,-0.43237,1.99994,-73.2595,173.2290,-67.2824
557861065,-0.39404,-0.87964,1.99994,-1.9847,250.1298,-167.5878,-0.76318,-0.41174,1.99994,-73.7328,164.7405,-64.6641
557862064,-0.63293,-1.01550,1.99994,-12.0153,250.1298,-158.1679,-0.76941,-0.39392,1.99994,-74.4809,156.0840,-62.0229
557863069,-0.28369,-0.64917,1.99994,-8.4656,250.1298,-153.4122,-0.77417,-0.37769,1.99994,-75.4962,147.2366,-59.3893
557864068,0.83276,0.51489,1.99994,-5.8855,250.1298,-148.2672,-0.77600,-0.36316,1.99994,-76.7252,138.2214,-56.8321
557865067,1.90613,1.89966,1.99994,-3.2366,250.1298,-138.3817,-0.77637,-0.35095,1.99994,-78.1450,129.1145,-54.3130
557866068,1.99994,1.99994,1.99994,6.6031,250.1298,-123.2901,-0.77649,-0.34119,1.99994,-79.7176,119.8931,-51.7863
557867067,1.77710,1.61877,1.99994,35.5954,202.4122,-112.4733,-0.77600,-0.33459,1.99994,-81.4275,110.4427,-49.2748
557868067,0.52747,0.06958,1.99994,86.5115,151.9695,-120.0153,-0.77319,-0.33069,1.99994,-83.2672,100.8244,-46.7634
557869067,-0.88696,-1.45886,1.99994,130.2519,123.6183,-138.4046,-0.76758,-0.32837,1.99994,-85.1985,91.1221,-44.3053
557870067,-1.74268,-2.00000,1.99994,138.8092,126.4580,-155.0305,-0.75903,-0.32861,1.99994,-87.1756,81.3893,-41.8702
557871067,-1.90295,-1.73059,1.90320,118.9237,152.1221,-164.3588,-0.74792,-0.33313,1.99994,-89.1374,71.6794,-39.4427
557872067,-1.88062,-0.62585,1.77161,89.9008,183.9084,-163.7099,-0.73486,-0.34180,1.99994,-91.0611,62.0000,-36.9924
557873067,-1.68237,0.00073,1.99994,59.0916,222.7634,-153.9542,-0.72021,-0.35278,1.99994,-92.8779,52.3511,-34.5344
557874067,-1.47449,-0.14783,1.99994,19.1603,250.1298,-136.8931,-0.70398,-0.36597,1.99994,-94.5267,42.7481,-32.0992
557875067,-1.45935,-0.55933,1.99994,-33.9237,250.1298,-115.8168,-0.68518,-0.38196,1.99994,-96.0000,33.2366,-29.6718
557876067,-0.92383,-0.17786,1.99994,-83.0229,250.1298,-102.1908,-0.66455,-0.39978,1.99994,-97.2672,23.8931,-27.2595
557877068,0.28040,1.04199,1.99994,-100.1221,250.1298,-98.9389,-0.64307,-0.41833,1.99994,-98.3053,14.7405,-24.8550
557878067,1.07849,1.99146,1.99994,-79.7405,250.1298,-97.5802,-0.61963,-0.43713,1.99994,-99.1527,5.7710,-22.4504
557879065,1.50671,1.99994,1.99994,-31.3740,239.3130,-97.5038,-0.59375,-0.45581,1.99994,-99.8015,-3.0000,-20.0611
557880069,1.99994,1.53918,1.99994,28.0305,175.4809,-104.6336,-0.56750,-0.47412,1.99994,-100.2366,-11.5267,-17.7023
557881068,1.94141,1.23315,1.99994,69.9160,110.5038,-113.6412,-0.54175,-0.49365,1.99994,-100.5038,-19.8626,-15.3893
557882068,1.22375,1.42053,1.99994,92.7099,62.5191,-122.1985,-0.51367,-0.51306,1.99994,-100.6183,-28.0000,-13.1298
557883067,0.68909,0.82495,1.99994,124.1908,40.5573,-125.5344,-0.48303,-0.53088,1.99994,-100.6107,-35.9237,-10.9542
557884067,0.43469,-1.48279,1.99994,130.1450,27.1908,-114.2061,-0.45300,-0.54822,1.99994,-100.5038,-43.6489,-8.8855
557885067,0.30322,-2.00000,1.99994,52.5191,30.4885,-97.0916,-0.42346,-0.56580,1.99994,-100.2748,-51.1527,-6.8779
557886067,0.37622,-0.53516,1.99994,-62.4885,53.5344,-82.7328,-0.39209,-0.58337,1.99994,-99.9008,-58.3740,-4.9313
557887067,-0.06726,1.99994,1.99994,-124.0687,62.0000,-65.7023,-0.35876,-0.60022,1.99994,-99.3740,-65.2901,-3.1145
557888067,0.00452,1.99994,1.99994,-134.8931,63.0000,-38.4580,-0.32532,-0.61694,1.99994,-98.6565,-71.9084,-1.4275
557889067,0.59497,1.04150,1.99994,-152.9542,52.6718,-8.7634,-0.29187,-0.63391,1.99994,-97.7481,-78.2137,0.1298
557890067,0.19092,0.08252,1.99994,-191.5649,21.6107,13.0534,-0.25793,-0.65088,1.99994,-96.6565,-84.1832,1.5573
557891065,-0.09827,0.29285,1.99994,-211.7405,11.3206,13.4809,-0.22437,-0.66760,1.99994,-95.3588,-89.7634,2.8473
557892069,0.17883,1.44067,1.99994,-178.3282,11.7710,-5.1450,-0.19141,-0.68469,1.99994,-93.7939,-94.9542,4.0611
557893068,0.22668,1.99994,1.99994,-100.5267,-7.2595,-24.7481,-0.15857,-0.70190,1.99994,-91.9695,-99.7710,5.1450
557894067,0.17737,1.99994,1.99994,-37.0229,-28.6336,-31.0687,-0.12610,-0.71741,1.99994,-89.8702,-104.2061,6.1221
557895067,0.33179,1.49963,1.99994,-22.9160,-33.5878,-25.7481,-0.09326,-0.73193,1.99994,-87.5038,-108.2061,7.0000
557896067,0.37439,1.03113,1.99994,-28.5267,-18.3511,-26.5496,-0.06042,-0.74658,1.99994,-84.8931,-111.7863,7.8015
557897067,0.29272,0.97168,1.99994,-23.0763,-6.1985,-31.1069,-0.02832,-0.76013,1.99994,-82.0229,-115.0076,8.5191
557898065,0.10938,-0.12915,1.99994,-35.4809,-16.9618,-18.8550,0.00281,-0.77234,1.99994,-78.9160,-117.8321,9.1908
557899065,-0.04810,-0.88635,1.99994,-98.7176,-25.6336,3.9924,0.03308,-0.78455,1.99994,-75.5878,-120.2901,9.8473
557900065,0.41357,0.29639,1.99994,-183.0534,-17.2748,28.2443,0.06250,-0.79651,1.99854,-72.0763,-122.3893,10.4809
557901069,0.61658,1.75427,1.99994,-231.5420,-22.2290,51.9466,0.09167,-0.80627,1.95923,-68.4198,-124.1603,11.1221
557902068,0.45569,1.69275,1.99994,-227.6565,-45.0305,71.2595,0.11963,-0.81494,1.91992,-64.6260,-125.6107,11.7634
557903067,0.82983,0.93384,1.99994,-201.1298,-65.7557,80.5420,0.14465,-0.82312,1.88110,-60.7176,-126.7252,12.4351
557904067,0.66724,0.63477,1.99994,-194.5115,-95.6183,85.6565,0.16760,-0.82996,1.84058,-56.7328,-127.5267,13.1145
557905067,0.09436,0.39111,1.77429,-207.5344,-112.1985,85.9237,0.18933,-0.83545,1.79858,-52.6794,-128.0763,13.8397
557906067,-0.05896,0.31042,1.42419,-186.1832,-110.5038,69.0687,0.21045,-0.84009,1.75598,-48.5420,-128.3893,14.5878
557907067,-0.19312,0.70447,1.46545,-115.1298,-118.3664,40.8244,0.23010,-0.84314,1.71277,-44.3664,-128.5038,15.3511
557908067,-0.36816,1.14661,0.88464,-59.6107,-131.0000,23.6489,0.24817,-0.84375,1.66870,-40.1756,-128.4046,16.1221
557909067,-0.56836,1.09180,-0.27344,-66.1527,-130.7405,29.0611,0.26501,-0.84326,1.62488,-36.0076,-128.0763,16.9313
557910067,-1.01624,0.71460,-1.00098,-99.4809,-110.5496,42.7634,0.28088,-0.84216,1.58118,-31.8321,-127.5725,17.7634
557911067,-1.44226,0.70239,-0.23840,-116.5725,-76.8779,50.3893,0.29602,-0.84033,1.53723,-27.6412,-126.9466,18.5954
557912067,-1.51147,0.33789,0.74597,-121.1832,-54.0763,61.1450,0.31006,-0.83740,1.49426,-23.5115,-126.1756,19.3969
557913067,-1.37268,-1.17529,0.57385,-137.3130,-42.9084,80.8473,0.32288,-0.83435,1.45166,-19.4504,-125.2595,20.1756
557914067,-1.09729,-1.94153,0.87756,-187.5725,-18.4885,96.7328,0.33582,-0.83118,1.41028,-15.4275,-124.2290,20.9466
557915067,-0.08447,-0.95837,1.99994,-250.1374,21.1069,108.9542,0.34912,-0.82629,1.37000,-11.4656,-123.1069,21.6870
557916067,1.16956,0.30615,1.99994,-250.1374,45.2366,110.6412,0.36096,-0.82104,1.32910,-7.5954,-121.9084,22.3893
557917067,1.27466,0.57507,1.99994,-213.6183,16.6031,104.1298,0.37195,-0.81555,1.28857,-3.8397,-120.6489,23.0305
557918067,0.85144,-0.82300,1.99994,-165.8626,-47.2824,99.9847,0.38306,-0.80774,1.24988,-0.1832,-119.3282,23.6260
557919067,0.66736,-2.00000,1.99994,-156.8855,-107.3282,90.6565,0.39404,-0.79858,1.21118,3.3664,-117.9237,24.1832
557920068,0.77197,-2.00000,1.99994,-182.3130,-147.4122,72.5267,0.40479,-0.78955,1.17163,6.8168,-116.4504,24.7176
557921067,1.35059,-1.52832,1.99994,-202.8321,-169.0687,51.4733,0.41565,-0.78186,1.13123,10.1374,-114.9618,25.1832
557922067,1.64441,0.48999,1.99994,-180.7557,-207.5344,36.8092,0.42761,-0.77405,1.09045,13.2595,-113.4809,25.6260
557923067,1.07239,1.12891,1.99994,-136.0992,-250.1374,38.1069,0.43823,-0.76538,1.05103,16.1908,-111.9847,26.0458
557924068,0.36841,0.15381,1.99994,-120.0992,-250.1374,52.9771,0.44775,-0.75732,1.01282,18.9847,-110.4504,26.4427
557925068,-0.30835,-1.31104,1.67322,-144.3435,-250.1374,67.9695,0.45715,-0.74963,0.97522,21.6107,-108.8931,26.7863
557926068,-1.03027,-1.90283,0.58606,-171.9618,-250.1374,69.4885,0.46680,-0.74304,0.93835,24.0382,-107.3282,27.0458
557927068,-1.26184,-1.05518,0.49011,-167.8855,-250.1374,58.8473,0.47668,-0.73694,0.90210,26.2977,-105.7939,27.2672
557928067,-1.39917,0.37488,-0.08508,-143.2748,-250.1374,52.6412,0.48584,-0.73083,0.86584,28.3740,-104.2977,27.4504
557929067,-1.79541,0.79089,-1.61243,-135.1679,-250.1374,63.1603,0.49414,-0.72632,0.82947,30.2748,-102.8321,27.6031
557930067,-1.83887,-0.30176,-2.00000,-152.0763,-250.1374,80.1603,0.50220,-0.72217,0.79236,32.0229,-101.4351,27.7252
557931068,-1.44543,-1.43115,-1.51685,-175.5954,-213.1145,84.3893,0.51025,-0.71729,0.75403,33.5878,-100.1145,27.8092
557932068,-1.21021,-0.91663,-0.03113,-189.8397,-171.9313,73.2672,0.51819,-0.71277,0.71655,34.9847,-98.8550,27.8550
557933068,-1.71350,1.24377,-0.19055,-182.6489,-157.1603,59.1908,0.52502,-0.70850,0.67957,36.2672,-97.6412,27.8702
557934068,-2.00000,1.99994,-1.74561,-141.8855,-156.2443,55.7099,0.53174,-0.70374,0.64307,37.4275,-96.4809,27.8321
557935067,-1.94958,1.33386,-1.74268,-75.7405,-145.8855,54.2595,0.53870,-0.69824,0.60779,38.4198,-95.3893,27.7405
557936067,-0.84985,-0.76917,0.08899,-36.1527,-136.0687,47.6031,0.54565,-0.69336,0.57397,39.2443,-94.3511,27.6031
557937068,0.15405,-1.53284,1.29285,-35.7863,-137.5878,36.6107,0.55273,-0.68994,0.54089,39.9008,-93.3969,27.4275
557938068,0.38757,-0.16626,1.99994,-21.3282,-139.1603,16.3969,0.55957,-0.68567,0.50757,40.3969,-92.5420,27.2214
557939068,0.60242,1.40356,1.99994,32.4962,-135.7863,2.4351,0.56592,-0.68042,0.47449,40.7634,-91.7557,26.9695
557940067,0.80078,0.89392,1.99994,69.4122,-151.0687,15.2672,0.57141,-0.67578,0.44202,40.9924,-91.0382,26.7023
557941067,-0.02393,-1.18677,1.51147,50.6489,-190.7710,41.6870,0.57703,-0.67151,0.41077,41.0305,-90.3893,26.3893
557942067,-0.38513,-2.00000,0.96387,19.8321,-202.4580,47.3130,0.58203,-0.66638,0.38074,40.8931,-89.8015,26.0611
557943067,0.16858,-1.83093,1.99994,4.4656,-197.8397,34.1832,0.59241,-0.65747,0.32471,40.1985,-88.8473,25.3817
557944067,0.48560,-0.15662,1.99994,-16.3282,-214.9695,28.0763,0.59766,-0.65332,0.29797,39.6565,-88.4351,24.9924
557945068,0.42676,1.19189,1.65417,-42.6947,-238.3893,39.1069,0.60339,-0.64917,0.27087,38.9847,-88.0458,24.5420
557946067,0.17505,0.90088,1.14746,-59.2061,-250.1374,60.2595,0.60938,-0.64575,0.24341,38.1908,-87.6641,24.0763
557947067,-0.05298,-0.68103,0.48389,-71.1298,-250.1374,73.3664,0.61572,-0.64355,0.21655,37.2748,-87.2977,23.5802
557948067,-0.32910,-1.73071,-0.03748,-77.7099,-247.6565,67.1298,0.62207,-0.64246,0.19153,36.2672,-86.9313,23.0687
557949067,-0.75110,-1.24792,-0.88135,-63.3588,-243.7023,49.5802,0.62708,-0.64209,0.16846,35.1679,-86.5878,22.5573
557950068,-0.92700,0.06677,-2.00000,-40.8855,-239.8855,38.3588,0.63135,-0.64160,0.14673,34.0000,-86.2366,22.0076
557951067,-1.08789,0.43726,-2.00000,-33.4351,-238.6260,44.6107,0.63635,-0.64221,0.12512,32.7710,-85.8779,21.4122
557952067,-1.55457,-0.59485,-2.00000,-34.7481,-230.7023,55.5267,0.64282,-0.64417,0.10425,31.4656,-85.5115,20.8244
557953067,-1.61206,-1.54932,-2.00000,-36.0840,-202.7634,55.2977,0.64929,-0.64648,0.08496,30.0992,-85.1298,20.2595
557954067,-1.37854,-0.92139,-2.00000,-40.2901,-166.0382,43.0992,0.65515,-0.64905,0.06665,28.7023,-84.7176,19.7481
557955067,-1.57251,0.56226,-2.00000,-34.8397,-136.5191,32.7023,0.66223,-0.65283,0.04834,27.2595,-84.2595,19.2443
557956067,-1.66272,0.87610,-2.00000,-15.0153,-105.5115,31.6489,0.66943,-0.65833,0.03064,25.7786,-83.7557,18.7176
557957068,-1.31006,-0.19299,-2.00000,-8.2519,-75.5420,36.8015,0.67554,-0.66370,0.01465,24.3053,-83.1908,18.1756
557958068,-0.93005,-1.20081,-2.00000,-20.2137,-58.1679,37.4351,0.68103,-0.66931,0.00085,22.8473,-82.5802,17.6489
557959067,-0.46277,-1.07507,-2.00000,-13.4580,-47.6031,23.2519,0.68738,-0.67688,-0.01257,21.3893,-81.9389,17.1832
557960067,-0.11890,-0.17371,-1.63062,18.5267,-50.0611,5.4809,0.69409,-0.68530,-0.02661,19.9313,-81.2672,16.7710
557961067,-0.03015,0.53015,-1.33459,46.1679,-66.5038,0.7634,0.70093,-0.69348,-0.03906,18.4580,-80.5725,16.3893
557962067,0.18970,0.66248,-1.04993,52.1832,-79.6107,11.1069,0.70752,-0.70276,-0.04980,17.0229,-79.8473,16.0229
557963068,0.25940,0.24500,-0.72473,35.6870,-86.2977,29.3969,0.71326,-0.71252,-0.06042,15.6107,-79.0992,15.6565
557964068,0.16516,-0.37415,-0.64624,12.9618,-84.9008,43.7634,0.71838,-0.72229,-0.07068,14.2519,-78.3282,15.2977
557965068,0.12341,-0.65430,-0.63477,7.9313,-77.3893,47.4809,0.72388,-0.73230,-0.08240,12.9847,-77.5344,14.9618
557966067,-0.06409,-0.58435,-1.03491,16.5649,-77.3206,47.0458,0.72900,-0.74207,-0.09509,11.8168,-76.7252,14.6641
557967067,-0.45544,-0.54834,-2.00000,18.4351,-83.4656,49.4962,0.73413,-0.75159,-0.10706,10.7481,-75.8931,14.3817
557968067,-0.94006,-0.93152,-2.00000,18.3511,-87.8244,50.8855,0.73901,-0.76025,-0.11780,9.7786,-75.0076,14.0916
557969067,-1.15588,-1.52844,-2.00000,35.7405,-85.3206,41.6870,0.74426,-0.76843,-0.12781,8.9008,-74.0916,13.7939
557970068,-0.94067,-1.73389,-2.00000,61.7405,-75.7405,23.4656,0.74939,-0.77698,-0.13721,8.1527,-73.1450,13.4885
557971068,-0.70276,-1.29724,-2.00000,75.8779,-56.4427,5.6260,0.75366,-0.78516,-0.14575,7.5573,-72.2137,13.1527
557972068,-0.61047,-0.47632,-1.21509,76.7557,-24.7176,-5.1985,0.75732,-0.79150,-0.15454,7.1221,-71.2748,12.8244
557973067,-0.54614,0.12292,-1.46558,68.5725,4.1985,-4.3359,0.76050,-0.79663,-0.16394,6.8092,-70.3053,12.5420
557974068,-0.57715,-0.34351,-1.94421,62.2061,26.6336,4.6947,0.76208,-0.80139,-0.17212,6.5725,-69.2748,12.2519
557975068,-0.44702,-2.00000,-1.23987,63.5725,43.5191,13.7252,0.76221,-0.80518,-0.17969,6.4351,-68.2443,11.9389
557976067,-0.45447,-2.00000,-0.13623,37.6107,52.2748,20.3435,0.76294,-0.80701,-0.18811,6.4122,-67.2443,11.6107
557977067,0.03687,-0.38867,-0.09741,-34.5344,52.4046,18.3435,0.76355,-0.80750,-0.19592,6.4504,-66.2443,11.2748
557978068,0.88989,1.48230,1.99994,-7.6489,58.2366,20.9618,0.76379,-0.80713,-0.20361,6.5344,-65.2214,10.9695
557979068,1.84888,0.96313,1.99994,-1.5267,48.3664,41.5344,0.76318,-0.80566,-0.21082,6.6336,-64.1832,10.6947
557980067,1.57129,-0.74194,1.99994,-34.0840,13.6947,64.3130,0.76147,-0.80371,-0.21655,6.7099,-63.1527,10.4046
557981067,0.85742,-1.60059,1.99994,-36.1832,-15.0153,58.1221,0.75952,-0.80225,-0.22205,6.7328,-62.1221,10.0916
557982067,1.28870,-1.18250,1.99994,17.3740,-24.3893,26.9237,0.75696,-0.80115,-0.22729,6.7023,-61.0992,9.7634
557983067,1.60803,-0.73645,1.99994,71.1450,-60.3511,4.0840,0.75391,-0.79968,-0.23145,6.5878,-60.1145,9.4504
557984068,0.91663,-0.94434,1.91614,96.4122,-111.0687,-1.2290,0.75085,-0.79724,-0.23438,6.3588,-59.1908,9.1679
557985067,0.06897,-1.86243,0.52832,101.7099,-141.0229,2.8168,0.74817,-0.79407,-0.23694,6.0305,-58.2824,8.8550
557986068,-0.43469,-2.00000,0.31506,71.9847,-131.6565,8.9542,0.74561,-0.79138,-0.23914,5.6107,-57.3588,8.5038
557987068,-0.30127,-2.00000,1.06628,22.3282,-90.0763,12.1298,0.74194,-0.78967,-0.24194,5.0992,-56.4656,8.1450
557988068,-0.29919,-1.54150,1.22742,-7.7252,-57.4122,12.3282,0.73718,-0.78870,-0.24548,4.5038,-55.6031,7.8015
557989068,-0.41907,-0.38562,0.54358,-24.9847,-38.4504,21.6260,0.73303,-0.78870,-0.24792,3.8473,-54.7710,7.4809
557990067,-0.18188,-0.04810,0.04907,-58.0458,-22.5649,42.4962,0.72961,-0.78979,-0.24976,3.1527,-53.9466,7.1679
557991067,-0.21802,-0.54333,0.03235,-95.9466,-14.3969,63.0611,0.72668,-0.79138,-0.25256,2.4427,-53.0916,6.8015
557992068,0.05054,-1.30811,0.63135,-110.0687,-7.3817,67.3359,0.72388,-0.79333,-0.25537,1.7176,-52.1832,6.3969
557993068,0.56030,-1.32471,1.57544,-92.5115,-17.8779,53.9847,0.72083,-0.79590,-0.25806,0.9847,-51.2443,5.9847
557994068,0.55737,-0.86243,1.76172,-52.8626,-54.4885,38.2137,0.71802,-0.79858,-0.26013,0.3053,-50.2824,5.5802
557995067,0.54626,-0.47998,1.61890,-12.2366,-82.0611,26.9695,0.71509,-0.80103,-0.26196,-0.2901,-49.2595,5.1603
557996068,0.64429,-0.40051,1.70776,9.6489,-94.2748,23.1603,0.71191,-0.80420,-0.26416,-0.8092,-48.1985,4.7405
557997068,0.61731,-0.54773,1.71399,20.6260,-97.9771,20.3206,0.70898,-0.80750,-0.26538,-1.2443,-47.0992,4.3359
557998067,0.71326,-0.34338,1.94531,36.1145,-93.7481,13.4122,0.70691,-0.81116,-0.26587,-1.5954,-45.9313,3.9237
557999068,0.63196,-0.25195,1.74609,47.0840,-96.7863,11.4275,0.70544,-0.81604,-0.26550,-1.8855,-44.7099,3.4962
558000068,0.08801,-1.13696,0.58472,38.3588,-106.4504,19.8626,0.70435,-0.82056,-0.26416,-2.1221,-43.4122,3.0687
558001068,-0.27307,-2.00000,-0.07581,8.1374,-104.0611,29.9160,0.70410,-0.82495,-0.26331,-2.2748,-42.0229,2.6870
558002067,-0.02148,-2.00000,0.48181,-33.3817,-93.1069,35.3206,0.70349,-0.82971,-0.26257,-2.3282,-40.5649,2.3511
558003068,0.38696,-1.47925,1.04004,-63.0000,-90.7634,38.1374,0.70276,-0.83411,-0.26123,-2.3130,-39.0611,2.0611
558004068,0.49609,-0.55859,0.81421,-63.5344,-103.1679,42.3130,0.70337,-0.83887,-0.25977,-2.2366,-37.4580,1.7863
558005068,0.43250,-0.60767,0.40527,-51.2824,-118.7863,49.8168,0.70581,-0.84473,-0.25854,-2.0840,-35.7328,1.5344
558006068,0.36487,-1.04614,0.36279,-59.5954,-127.3130,58.1527,0.70874,-0.85022,-0.25684,-1.8473,-33.9008,1.3053
558007068,0.31946,-1.21082,0.44312,-86.2519,-126.6794,62.4046,0.71143,-0.85583,-0.25476,-1.5344,-31.9618,1.1450
558008068,0.23840,-1.24548,0.44812,-92.6870,-124.6794,58.3053,0.71448,-0.86267,-0.25342,-1.1603,-29.9237,1.0305
558009068,0.10217,-1.44104,0.18982,-59.9847,-131.3130,46.0992,0.71741,-0.86938,-0.25317,-0.7176,-27.8168,0.9542
558010067,-0.10522,-1.70300,-0.43652,-22.4122,-142.4046,33.7405,0.72070,-0.87512,-0.25330,-0.2061,-25.6260,0.9313
558011067,-0.51794,-1.84082,-1.42834,-18.8092,-151.4504,30.5496,0.72449,-0.88062,-0.25293,0.3817,-23.3588,0.9466
558012067,-0.85229,-1.93652,-2.00000,-40.4962,-146.8931,34.1221,0.72717,-0.88611,-0.25330,1.0153,-21.0153,1.0153
558013068,-0.98242,-2.00000,-2.00000,-53.9847,-135.4809,36.2443,0.72900,-0.89111,-0.25403,1.7176,-18.6031,1.1069
558014068,-1.10742,-2.00000,-2.00000,-49.5420,-132.2595,35.4198,0.73132,-0.89612,-0.25366,2.4733,-16.1832,1.2595
558015068,-1.25623,-2.00000,-2.00000,-45.6947,-128.9542,35.4962,0.73340,-0.89990,-0.25269,3.2519,-13.7634,1.4198
558016068,-1.40015,-2.00000,-2.00000,-58.9389,-112.4275,37.9771,0.73438,-0.90247,-0.25256,4.0534,-11.3435,1.6107
558017068,-1.31641,-2.00000,-2.00000,-78.2214,-84.0000,38.7557,0.73584,-0.90576,-0.25366,4.8702,-8.9160,1.8015
558018068,-1.21301,-2.00000,-2.00000,-75.5191,-62.6870,32.6183,0.73779,-0.90881,-0.25525,5.7023,-6.4656,1.9466
558019067,-1.32593,-2.00000,-2.00000,-45.6641,-52.3664,17.7252,0.73938,-0.91150,-0.25586,6.5649,-4.0153,2.0687
558020068,-1.19385,-2.00000,-2.00000,-18.3588,-36.6870,-0.0229,0.74011,-0.91431,-0.25586,7.4275,-1.6031,2.2137
558021067,-0.85693,-1.96802,-2.00000,-16.7099,-17.2824,-12.0687,0.73975,-0.91663,-0.25598,8.2977,0.7710,2.3893
558022068,-0.63440,-1.62341,-1.98364,-25.7710,-0.6870,-18.1145,0.73938,-0.91809,-0.25623,9.1756,3.1069,2.5420
558023068,-0.29419,-1.35205,-1.44238,-20.2977,10.3282,-22.0916,0.73889,-0.91907,-0.25684,10.0534,5.3740,2.6870
558024068,0.06079,-1.24084,-0.94165,-5.5115,9.9924,-22.8550,0.73877,-0.91882,-0.25793,10.8931,7.5802,2.8092
558025067,0.22729,-1.12952,-0.76660,-6.7939,4.2595,-16.8550,0.73889,-0.91724,-0.25964,11.6641,9.7252,2.9160
558026067,0.31104,-0.76172,-0.68713,-27.6870,-1.9847,-5.0305,0.73853,-0.91577,-0.26208,12.4275,11.7710,2.9847
558027067,0.36548,-0.42212,-0.64758,-40.0687,-14.8168,7.7328,0.73755,-0.91382,-0.26428,13.1756,13.7481,3.0229
558028067,0.29089,-0.68213,-0.65674,-29.1908,-36.2366,16.4122,0.73572,-0.91016,-0.26550,13.8550,15.6031,3.0382
558029067,0.11926,-1.48279,-0.73804,-13.3130,-58.3664,19.8702,0.73254,-0.90649,-0.26562,14.4504,17.3206,3.0382
558030068,-0.10559,-2.00000,-1.42297,-6.7481,-75.5191,16.9771,0.72839,-0.90381,-0.26355,14.9924,18.9160,3.0305
558031067,-0.57776,-2.00000,-2.00000,-4.8702,-82.7710,6.6031,0.72522,-0.90039,-0.26086,15.4656,20.4122,2.9771
558032068,-0.98486,-1.53235,-2.00000,5.5038,-70.0611,-8.1832,0.72205,-0.89661,-0.25903,15.8702,21.8015,2.8855
558033068,-1.06494,-1.03906,-2.00000,23.4809,-47.0611,-19.8473,0.71790,-0.89331,-0.25671,16.2061,23.0763,2.7786
558034068,-1.24304,-1.27271,-2.00000,33.1679,-27.2137,-23.7252,0.71436,-0.89099,-0.25378,16.4733,24.2595,2.7099
558035068,-1.60779,-1.90454,-2.00000,30.6260,-2.6183,-26.0458,0.71118,-0.88965,-0.24976,16.7023,25.3511,2.6565
558036067,-1.59070,-2.00000,-2.00000,23.9008,34.0000,-31.2748,0.70715,-0.88867,-0.24500,16.8702,26.3740,2.6031
558037068,-1.21594,-1.92761,-2.00000,12.6565,67.7557,-34.4809,0.70300,-0.88757,-0.24048,17.0000,27.3282,2.5267
558038068,-0.96729,-1.38062,-2.00000,2.4962,85.1832,-32.6183,0.69849,-0.88708,-0.23547,17.0992,28.1756,2.4504
558039068,-0.68384,-0.92554,-1.67627,5.5038,93.0840,-28.6794,0.69482,-0.88562,-0.22986,17.1679,28.9466,2.3435
558040068,-0.24573,-0.72253,-0.87952,15.6489,94.5802,-24.6870,0.69226,-0.88281,-0.22473,17.2214,29.6412,2.2519
558041067,0.01819,-0.79919,-0.44128,20.0916,87.1374,-21.2977,0.68872,-0.88159,-0.21851,17.2137,30.2595,2.1756
558042068,0.25330,-0.71899,-0.36414,24.4504,75.4885,-23.4962,0.68469,-0.88135,-0.21069,17.1603,30.7939,2.1069
558043068,0.85889,0.22083,-0.05310,41.9084,64.6947,-33.8550,0.67688,-0.88098,-0.19434,16.8779,31.5573,1.9695
558044067,1.30640,1.29724,0.39783,76.9847,44.5420,-43.3282,0.67334,-0.88196,-0.18665,16.6336,31.8092,1.9084
558045067,0.96436,1.21948,0.20117,115.6183,12.9160,-44.6031,0.67041,-0.88379,-0.17944,16.3282,31.9695,1.9008
558046067,0.43982,0.09546,-0.49109,134.9313,-9.8397,-38.5802,0.66724,-0.88513,-0.17273,15.9847,32.0382,1.9237
558047067,-0.05859,-0.95435,-1.25757,134.6412,-20.2290,-32.9542,0.66370,-0.88538,-0.16504,15.5878,32.0458,1.9542
558048067,-0.74841,-1.26746,-2.00000,132.8855,-19.9771,-32.5954,0.66052,-0.88550,-0.15674,15.1679,32.0000,1.9847
558049067,-1.02478,-0.97131,-2.00000,137.6718,-4.4046,-33.9084,0.65686,-0.88647,-0.14990,14.7557,31.8473,2.0153
558050068,-1.01086,-0.47180,-2.00000,140.8779,15.0000,-30.1908,0.65198,-0.88757,-0.14258,14.3435,31.5802,2.0153
558051068,-1.04456,-0.44580,-2.00000,127.5954,36.7557,-18.2519,0.64771,-0.88916,-0.13367,13.9084,31.2061,2.0305
558052067,-0.97595,-1.01208,-1.96875,97.5420,65.6794,-4.7252,0.64417,-0.89075,-0.12488,13.4733,30.7481,2.0534
558053068,-1.00366,-1.71313,-1.92749,75.3893,89.7710,-0.5344,0.64111,-0.89050,-0.11621,13.0534,30.2214,2.0840
558054067,-1.05042,-2.00000,-2.00000,77.6183,104.1221,-10.1908,0.63843,-0.89014,-0.10706,12.6565,29.6107,2.1069
558055067,-0.87585,-1.96509,-1.88562,91.6870,112.2595,-27.0611,0.63550,-0.89050,-0.09619,12.2748,28.8855,2.0992
558056067,-0.65906,-1.37695,-1.03430,99.6718,113.5496,-39.3817,0.63171,-0.89099,-0.08618,11.9008,28.0687,2.0992
558057067,-0.46887,-1.03406,-0.38647,98.4962,113.1527,-41.9160,0.62622,-0.89197,-0.07788,11.5344,27.2366,2.1221
558058067,-0.31750,-1.22632,-0.14612,102.0687,108.7863,-40.6870,0.62146,-0.89258,-0.06763,11.1908,26.3740,2.1450
558059065,-0.30322,-1.49097,-0.06958,120.4351,101.7481,-44.2214,0.61853,-0.89197,-0.05713,10.8321,25.3969,2.1450
558060069,-0.25903,-1.34241,0.11279,135.5954,99.6031,-49.8015,0.61475,-0.89050,-0.04846,10.4351,24.2748,2.1374
558061067,-0.13428,-0.85962,0.22839,126.4809,100.8702,-48.5267,0.60950,-0.88879,-0.03943,10.0153,23.0305,2.1450
558062067,0.00452,-0.41516,0.22546,107.2595,101.6641,-40.5420,0.60437,-0.88721,-0.02942,9.5496,21.6870,2.1832
558063067,0.12341,-0.27539,0.31885,102.2290,97.9695,-33.0305,0.59900,-0.88489,-0.01978,9.0534,20.2748,2.1908
558064067,0.14490,-0.60596,0.56116,108.7557,91.2901,-28.0992,0.59436,-0.88306,-0.01062,8.5496,18.8321,2.1908
558065067,-0.01038,-1.27637,0.62244,109.9237,84.7099,-24.3588,0.59070,-0.88330,-0.00085,8.0076,17.3435,2.2061
558066067,-0.25610,-1.82825,0.41309,101.3130,81.4046,-22.3664,0.58545,-0.88342,0.01013,7.4198,15.8015,2.2137
558067068,-0.38318,-2.00000,0.37561,93.5878,81.0229,-23.1985,0.58032,-0.88245,0.02051,6.8015,14.1679,2.1985
558068068,-0.39880,-1.94836,0.64575,91.4427,80.6260,-25.6794,0.57727,-0.88232,0.03052,6.1679,12.4809,2.1832
558069068,-0.31323,-1.74121,0.88904,88.0458,81.0763,-27.5954,0.57544,-0.88293,0.04077,5.4962,10.7863,2.1145
558070068,-0.26489,-1.49268,0.92761,79.0763,81.4809,-27.6412,0.57422,-0.88354,0.05103,4.8015,9.0687,2.0305
558071068,-0.29260,-1.50793,0.94690,68.1832,81.4198,-25.7710,0.57263,-0.88403,0.06042,4.1069,7.3664,1.9542
558072068,-0.20251,-1.92188,1.13989,58.1450,82.0763,-24.1374,0.57104,-0.88489,0.06909,3.4427,5.6794,1.8855
558073067,-0.12024,-2.00000,1.34656,49.5267,80.1527,-25.6947,0.57019,-0.88635,0.07751,2.7939,3.9847,1.8473
558074068,-0.09033,-2.00000,1.45959,44.2366,76.7099,-32.0763,0.56946,-0.88904,0.08398,2.1985,2.3053,1.8092
558075068,0.04736,-1.85767,1.67664,43.6183,73.6870,-40.7328,0.56897,-0.89160,0.09045,1.6489,0.6947,1.7710
558076068,0.21606,-0.90259,1.91528,46.4580,66.9237,-45.2519,0.56885,-0.89355,0.09680,1.1298,-0.8702,1.7099
558077068,0.33838,-0.35254,1.99994,51.1221,56.4275,-42.6641,0.56982,-0.89624,0.10254,0.6183,-2.4122,1.6718
558078068,0.43018,-0.49158,1.99994,55.6031,43.6031,-36.1603,0.57141,-0.89954,0.10767,0.0916,-3.9313,1.6412
558079068,0.47095,-0.91479,1.99994,57.6565,30.1221,-30.9313,0.57251,-0.90271,0.11157,-0.4046,-5.3893,1.6183
558080067,0.41956,-1.18420,1.99994,55.5954,16.4962,-27.9313,0.57336,-0.90540,0.11548,-0.8702,-6.7557,1.5802
558081067,0.26038,-1.30408,1.73376,49.0916,3.1298,-24.6260,0.57471,-0.90747,0.12146,-1.2901,-8.0382,1.5573
558082067,0.09790,-1.38782,1.40735,40.1679,-7.6718,-20.3740,0.57556,-0.90918,0.12891,-1.6870,-9.2672,1.5344
558083068,0.01392,-1.40454,1.18091,29.6641,-14.4580,-16.5496,0.57642,-0.91064,0.13611,-2.0534,-10.4275,1.5267
558084068,-0.04651,-1.28186,1.00330,16.1298,-17.7099,-13.7328,0.57703,-0.91309,0.14270,-2.3664,-11.5267,1.5420
558085068,-0.09827,-1.07251,0.89551,1.6870,-17.1221,-11.5344,0.57629,-0.91577,0.14856,-2.6489,-12.5802,1.5573
558086067,-0.10071,-0.99768,0.87610,-8.2748,-14.4198,-9.4656,0.57605,-0.91748,0.15552,-2.9160,-13.5802,1.5649
558087065,-0.06482,-1.16809,0.90356,-12.7176,-12.1832,-8.1679,0.57654,-0.91895,0.16443,-3.1603,-14.5115,1.5725
558088069,-0.00293,-1.31909,1.01282,-13.3893,-9.9160,-9.7481,0.57837,-0.92004,0.17432,-3.4046,-15.3664,1.5802
558089068,0.07349,-1.17078,1.08508,-10.3282,-8.7863,-14.1298,0.58105,-0.92114,0.18359,-3.6336,-16.1450,1.5878
558090067,0.10449,-0.88086,0.97534,-4.6718,-12.3511,-17.5649,0.58264,-0.92249,0.19202,-3.8244,-16.8626,1.5878
558091068,0.10132,-0.79443,0.88208,2.3511,-20.4962,-17.6947,0.58374,-0.92383,0.20105,-4.0076,-17.4885,1.5725
558092068,0.12048,-0.94055,0.91199,9.6870,-31.2137,-16.3359,0.58691,-0.92529,0.21204,-4.1603,-18.0229,1.5344
558093068,0.11353,-1.07507,0.85840,12.2519,-42.8702,-14.9542,0.59131,-0.92712,0.22412,-4.2672,-18.4733,1.4809
558094068,0.06250,-1.06885,0.71680,6.8626,-52.7328,-12.9160,0.59448,-0.92896,0.23657,-4.3435,-18.8321,1.4427
558095068,0.01489,-1.02856,0.77808,-3.4122,-57.5191,-9.1832,0.59668,-0.93030,0.25110,-4.3740,-19.0992,1.4046
558096067,-0.03601,-1.10376,0.90576,-18.3282,-58.2672,-3.0992,0.59827,-0.93164,0.26721,-4.3817,-19.2748,1.3130
558097067,-0.13684,-1.24817,0.64221,-39.4885,-58.3130,4.0611,0.59961,-0.93359,0.28455,-4.3588,-19.3740,1.1908
558098068,-0.19763,-1.29480,0.32727,-56.8473,-54.8244,8.0611,0.60132,-0.93652,0.30322,-4.2901,-19.4046,1.0611
558099067,-0.15662,-1.12573,0.42029,-60.7405,-50.8855,7.3053,0.60376,-0.93933,0.32190,-4.1756,-19.3588,0.9160
558100067,-0.07629,-0.92407,0.59619,-59.4351,-52.0229,7.0687,0.60657,-0.94238,0.33972,-4.0229,-19.2901,0.7405
558101068,-0.03650,-0.97424,0.48230,-59.1679,-59.4580,9.6565,0.60913,-0.94653,0.35742,-3.8397,-19.1298,0.5649
558102067,-0.08765,-1.17957,0.27637,-53.7023,-69.6260,10.2901,0.61035,-0.95032,0.37402,-3.5802,-18.9008,0.4046
558103067,-0.11084,-1.27087,0.26648,-43.0000,-77.2595,6.6336,0.61023,-0.95276,0.39124,-3.2214,-18.5802,0.2290
558104067,-0.16846,-1.13733,0.18616,-35.5649,-83.8321,1.9771,0.61035,-0.95471,0.40991,-2.7939,-18.1679,0.0611
558105068,-0.38843,-0.98022,-0.22192,-32.7328,-90.6565,0.0687,0.61023,-0.95752,0.42908,-2.2977,-17.6870,-0.0916
558106068,-0.60583,-1.01294,-0.63159,-29.5420,-92.5954,-0.1832,0.60938,-0.96155,0.44934,-1.7099,-17.1603,-0.2519
558107067,-0.69312,-1.20825,-0.85510,-26.1908,-88.9695,-1.1145,0.60803,-0.96436,0.47021,-1.0534,-16.6031,-0.4427
558108067,-0.70923,-1.35425,-0.98901,-27.2290,-81.8244,-3.3511,0.60730,-0.96570,0.49084,-0.3130,-16.0458,-0.6031
558109067,-0.63721,-1.17078,-0.80750,-30.4427,-69.0153,-7.0458,0.60742,-0.96606,0.51123,0.5191,-15.4122,-0.7328
558110068,-0.48315,-0.72192,-0.56262,-33.1069,-57.6641,-9.1298,0.60632,-0.96460,0.53186,1.3969,-14.6794,-0.8473
558111068,-0.40210,-0.38318,-0.65515,-38.1069,-52.1221,-6.0000,0.60376,-0.96179,0.55359,2.2977,-13.8855,-1.0000
558112067,-0.39539,-0.59961,-0.90930,-43.1069,-55.0000,6.6870,0.60120,-0.95911,0.57544,3.2595,-13.0382,-1.1756
558113067,-0.28381,-1.00708,-0.71423,-45.0611,-59.2443,12.6412,0.59778,-0.95667,0.59729,4.2748,-12.1756,-1.3740
558114068,-0.32227,-1.29053,-0.69348,-47.9389,-67.4122,16.2290,0.59326,-0.95288,0.62048,5.3206,-11.3053,-1.5267
558115068,-0.50903,-1.21729,-0.97217,-48.1450,-73.6260,16.8397,0.58850,-0.94849,0.64526,6.3893,-10.4351,-1.6565
558116068,-0.66699,-0.94995,-1.16455,-48.0229,-73.1985,16.7405,0.58301,-0.94373,0.67102,7.5038,-9.5496,-1.7939
558117068,-0.79346,-0.91724,-1.16663,-51.4962,-67.4809,18.6260,0.57642,-0.93762,0.69885,8.6641,-8.6565,-1.9237
558118068,-0.87854,-1.34705,-1.28821,-56.3588,-59.9084,20.6718,0.56982,-0.92993,0.72864,9.8092,-7.7557,-2.0534
558119068,-0.97278,-1.79016,-1.45020,-56.3664,-51.6794,16.6107,0.56250,-0.92175,0.76013,10.9008,-6.9008,-2.1832
558120068,-0.89893,-1.72156,-1.30713,-48.9466,-38.9618,4.9389,0.55347,-0.91321,0.79407,11.9160,-6.0992,-2.3053
558121067,-0.67102,-1.17798,-0.99414,-41.5038,-25.9466,-6.2366,0.54382,-0.90442,0.82971,12.8779,-5.3664,-2.4122
558122068,-0.55823,-0.76331,-0.91882,-40.5649,-20.7099,-8.5725,0.53345,-0.89478,0.86682,13.7405,-4.7252,-2.5115
558123067,-0.49548,-0.91064,-1.01221,-39.2443,-21.1145,-4.8092,0.52173,-0.88501,0.90601,14.4580,-4.1679,-2.5802
558124067,-0.49011,-1.28613,-1.03113,-33.2748,-26.1221,-2.3511,0.51001,-0.87524,0.94690,15.0458,-3.6794,-2.6794
558125067,-0.46423,-1.38403,-0.94141,-29.2214,-29.8244,-2.7328,0.49890,-0.86389,0.98816,15.5038,-3.2595,-2.8092
558126067,-0.40906,-1.14990,-0.73315,-31.8244,-30.7634,-1.8397,0.48828,-0.85229,1.03015,15.8626,-2.9466,-2.9313
558127067,-0.49170,-0.87683,-0.62512,-38.9160,-32.6641,3.2137,0.47668,-0.84180,1.07373,16.0992,-2.7786,-3.0458
558128067,-0.53638,-0.78918,-0.67029,-44.6107,-31.5649,9.6489,0.46399,-0.83191,1.11853,16.2061,-2.7481,-3.1603
558129067,-0.61304,-0.99487,-0.82922,-46.1679,-29.5344,13.9084,0.45056,-0.82239,1.16321,16.2137,-2.8321,-3.3511
558130068,-0.71326,-1.41406,-0.93384,-45.4580,-24.7176,13.6794,0.43713,-0.81384,1.20837,16.1527,-3.0153,-3.5954
558131067,-0.67786,-1.62732,-0.88611,-44.0305,-18.6489,8.4198,0.42395,-0.80688,1.25476,16.0534,-3.3130,-3.8473
558132067,-0.70007,-1.45532,-1.00916,-41.7252,-17.9084,1.3206,0.40979,-0.80200,1.30176,15.9542,-3.7481,-4.1298
558133067,-0.73865,-1.11096,-1.10193,-36.2672,-17.2061,-4.6947,0.39648,-0.79810,1.34851,15.8702,-4.3206,-4.4656
558134067,-0.76233,-0.95410,-0.96240,-27.8702,-15.8244,-7.0687,0.38452,-0.79456,1.39502,15.8244,-5.0382,-4.8244
558135067,-0.90088,-1.27405,-0.91968,-22.9084,-15.1527,-4.5038,0.37219,-0.79199,1.44092,15.8702,-5.9160,-5.1832
558136067,-0.93787,-1.85278,-0.91028,-22.6870,-9.3740,-1.5420,0.35876,-0.79138,1.48584,16.0382,-6.9313,-5.5496
558137067,-0.84680,-2.00000,-0.72095,-20.3130,1.2901,-4.6031,0.34436,-0.79211,1.53101,16.3817,-8.1069,-5.9160
558138065,-0.76831,-1.51538,-0.49988,-14.9542,13.0153,-11.5878,0.32996,-0.79443,1.57715,16.8779,-9.3893,-6.2443
558139069,-0.63696,-0.92603,-0.36157,-11.8473,21.9237,-14.4351,0.31604,-0.79773,1.62378,17.4962,-10.8473,-6.5191
558140068,-0.52917,-0.86133,-0.28467,-10.3588,23.1450,-11.9313,0.30225,-0.80066,1.67065,18.2366,-12.4962,-6.7710
558141067,-0.48450,-1.22717,-0.22815,-6.0611,18.5115,-11.0000,0.28882,-0.80457,1.71802,19.1069,-14.2748,-6.9924
558142067,-0.43262,-1.56152,-0.15161,1.6947,11.8473,-15.9847,0.27478,-0.80884,1.76770,20.1450,-16.2061,-7.1908
558143067,-0.42200,-1.56018,-0.08496,11.2214,4.3588,-24.4809,0.24500,-0.81860,1.87012,22.6870,-20.5420,-7.3053
558144067,-0.53601,-1.24500,-0.04431,19.2137,-2.0687,-30.8397,0.22766,-0.82239,1.92224,24.1832,-22.9618,-7.2366
558145067,-0.74817,-1.11670,-0.22595,18.7710,-6.8168,-28.7863,0.20972,-0.82568,1.97302,25.8092,-25.5420,-7.1069
558146067,-0.89307,-1.51709,-0.42664,4.0076,-3.3206,-18.9313,0.19104,-0.82849,1.99994,27.5725,-28.2901,-6.9466
558147067,-0.77563,-1.95471,-0.20117,-12.8626,10.7023,-11.8321,0.17078,-0.83044,1.99994,29.4351,-31.2672,-6.7328
558148067,-0.61340,-1.77905,0.10840,-13.3664,25.1145,-15.2061,0.14917,-0.83105,1.99994,31.3740,-34.4656,-6.4809
558149067,-0.79968,-1.16870,-0.19080,-5.9160,28.3969,-20.9237,0.12695,-0.83044,1.99994,33.3511,-37.8931,-6.1221
558150065,-1.19006,-1.12756,-1.03271,-10.0687,23.4885,-16.8779,0.10388,-0.82861,1.99994,35.3588,-41.5344,-5.7176
558151069,-1.45227,-2.00000,-1.31604,-31.9084,24.5725,-4.2137,0.08044,-0.82520,1.99994,37.4046,-45.4122,-5.2290
558152067,-1.21167,-2.00000,-0.61536,-62.3130,37.8473,2.4580,0.05676,-0.82080,1.99994,39.4504,-49.5191,-4.6718
558153068,-0.81274,-2.00000,0.34119,-78.1756,55.4580,-9.0382,0.03296,-0.81506,1.99994,41.4809,-53.8550,-4.1069
558154068,-1.31323,-2.00000,0.01233,-70.8550,55.8473,-31.5420,0.00879,-0.80884,1.99994,43.5115,-58.4198,-3.4962
558155068,-1.67859,-1.08801,-1.01587,-65.2443,63.3359,-45.2061,-0.01721,-0.80298,1.99994,45.5420,-63.2290,-2.8550
558156067,-0.85547,-0.09924,-0.19604,-77.0916,92.7863,-39.5649,-0.04419,-0.79736,1.99994,47.5802,-68.2977,-2.2137
558157068,-0.04443,-0.71619,1.74512,-93.9847,112.6641,-27.9313,-0.07007,-0.79211,1.99994,49.6260,-73.6183,-1.5649
558158067,0.37122,-1.63513,1.99994,-96.2443,116.9771,-28.6260,-0.09509,-0.78638,1.99994,51.6870,-79.1298,-0.9084
558159067,0.58545,-1.55408,1.99994,-69.8855,104.3588,-45.7634,-0.11987,-0.78125,1.99994,53.7710,-84.8168,-0.2061
558160067,0.53320,-0.51196,1.95532,-23.4962,78.6412,-66.3206,-0.14404,-0.77673,1.99994,55.9160,-90.7252,0.5191
558161068,0.70129,0.41919,1.99994,6.0763,56.7099,-72.2595,-0.16699,-0.77295,1.99994,58.1298,-96.8244,1.2214
558162068,0.84094,0.64905,1.99994,11.7176,29.2977,-63.0534,-0.18762,-0.77173,1.99994,60.4275,-103.0534,1.9389
558163067,0.64880,-0.27881,1.99994,19.8397,2.9313,-50.0840,-0.20764,-0.77319,1.99994,62.8626,-109.4046,2.7099
558164067,0.66309,-2.00000,1.99994,27.1298,-9.8550,-39.7023,-0.22888,-0.77661,1.99994,65.4351,-115.9008,3.5344
558165067,0.31262,-2.00000,1.99994,-5.8702,-16.1603,-32.9695,-0.25061,-0.78284,1.99994,68.1832,-122.5191,4.3740
558166067,-0.05884,-2.00000,1.99994,-64.4427,-8.3053,-25.9389,-0.27173,-0.79199,1.99994,71.0916,-129.2366,5.2595
558167065,0.10730,-1.25037,1.99994,-91.4122,7.1374,-21.6947,-0.29175,-0.80286,1.99994,74.2061,-136.0305,6.2137
558168068,0.52905,-1.18372,1.99994,-95.9237,5.7405,-15.7481,-0.31116,-0.81494,1.99994,77.5802,-142.8702,7.2443
558169068,0.92944,-1.33057,1.99994,-110.7557,-11.9924,-12.1298,-0.33008,-0.82898,1.99994,81.3053,-149.7710,8.3588
558170067,0.64746,-0.96375,1.99994,-121.8855,-42.2977,-16.3893,-0.34766,-0.84546,1.99994,85.2824,-156.7252,9.5649
558171064,0.47412,-0.88538,1.99994,-107.3130,-63.0000,-28.1374,-0.36499,-0.86279,1.99994,89.4198,-163.7252,10.8931
558172064,0.60327,-0.94019,1.99994,-69.5496,-81.3130,-45.7252,-0.38269,-0.88037,1.99994,93.7710,-170.7557,12.3435
558173065,0.43408,-0.69128,1.99994,-17.9084,-110.8473,-64.3588,-0.39954,-0.89856,1.99994,98.3664,-177.7710,13.9160
558174065,0.10962,-0.13794,1.99994,24.5573,-131.3664,-76.8702,-0.41516,-0.91541,1.99994,103.2061,-184.7710,15.6031
558175064,0.01282,0.21985,1.29028,43.9237,-130.2901,-79.1450,-0.42981,-0.93054,1.99994,108.2595,-191.7786,17.4351
558176069,-0.20129,-0.05261,1.60498,52.3664,-113.5115,-75.1985,-0.44275,-0.94482,1.99994,113.4733,-198.7634,19.3435
558177067,-0.53967,-0.90637,1.99994,45.5191,-88.2366,-66.2443,-0.45569,-0.95728,1.99994,118.8015,-205.7023,21.2672
558178067,-0.48926,-1.77783,1.99994,3.4885,-60.9389,-50.3664,-0.46887,-0.96692,1.99994,124.2366,-212.5954,23.2137
558179065,-0.56458,-2.00000,1.99994,-55.0611,-42.4427,-33.9695,-0.48181,-0.97607,1.99994,129.8092,-219.4809,25.2748
558180069,-0.34888,-1.60547,1.99994,-88.7634,-27.2366,-27.0000,-0.49573,-0.98450,1.99994,135.4962,-226.3206,27.4198
558181068,0.90295,-0.77673,1.99994,-107.2977,-15.6412,-23.6565,-0.51050,-0.99048,1.99994,141.1985,-233.0992,29.6107
558182067,1.99994,-0.13013,1.99994,-134.0916,-37.2672,-12.9771,-0.52515,-0.99573,1.99994,146.8779,-239.8321,31.8397
558183067,1.99994,-0.20154,1.99994,-160.3359,-72.8550,0.5115,-0.53931,-1.00061,1.99994,152.5191,-246.5191,34.0229
558184067,1.99994,-1.03516,1.99994,-175.6183,-111.3817,9.8550,-0.55334,-1.00525,1.99994,158.0992,-250.1374,36.1450
558185065,1.49304,-2.00000,1.99994,-184.2214,-164.5802,12.9237,-0.56665,-1.00891,1.99994,163.6260,-250.1374,38.1450
558186065,0.90649,-2.00000,1.99994,-151.6565,-209.2519,-4.2748,-0.58057,-1.01135,1.99994,169.1069,-250.1374,40.1374
558187069,1.25488,-1.29834,1.99994,-77.9542,-240.4580,-35.1679,-0.59570,-1.01392,1.99994,174.4885,-250.1374,42.0763
558188068,1.99994,-0.56531,1.99994,-35.4656,-250.1374,-49.5267,-0.61047,-1.01611,1.99994,179.7710,-250.1374,44.0229
558189067,1.99994,-0.02002,1.99994,-55.7863,-250.1374,-42.7557,-0.62573,-1.02124,1.99994,184.9618,-250.1374,45.9847
558190068,1.41504,0.25952,1.99994,-76.1985,-250.1374,-31.6336,-0.64185,-1.02734,1.99994,190.0458,-250.1374,47.8626
558191067,0.45020,-0.43701,1.99994,-54.8092,-250.1374,-29.6031,-0.65771,-1.03088,1.99994,195.0000,-250.1374,49.6718
558192067,-0.25171,-1.58728,1.99994,-30.6489,-250.1374,-34.4122,-0.67273,-1.03613,1.99994,199.7710,-250.1374,51.4504
558193067,-1.12891,-1.87476,1.99994,-41.3130,-250.1374,-36.0305,-0.68738,-1.04419,1.99994,204.3359,-250.1374,53.1756
558194067,-1.47363,-0.80774,1.14624,-74.2443,-250.1374,-31.0763,-0.70276,-1.05225,1.99994,208.6947,-250.1374,54.8321
558195068,-1.49768,0.51721,-0.11755,-102.9618,-250.1374,-18.8244,-0.71704,-1.06006,1.99994,212.8397,-250.1374,56.4885
558196068,-1.53943,0.54272,-0.79175,-108.9466,-250.1374,-4.7557,-0.72852,-1.06738,1.99994,216.7710,-250.1374,58.1527
558197067,-1.41211,-0.69299,-1.06897,-95.3359,-250.1374,1.5191,-0.73865,-1.07422,1.99994,220.4962,-250.1374,59.8092
558198067,-1.72388,-1.97058,-2.00000,-93.8931,-250.1374,0.9618,-0.74658,-1.07996,1.99994,224.0076,-250.1374,61.5115
558199067,-2.00000,-2.00000,-2.00000,-108.4809,-250.1374,-7.6947,-0.75269,-1.08557,1.99994,227.3130,-250.1374,63.2443
558200068,-2.00000,-1.31824,-2.00000,-106.5649,-250.1374,-23.4580,-0.75830,-1.09180,1.99994,230.4275,-250.1374,64.9695
558201068,-1.87976,-0.44568,-2.00000,-91.6489,-244.1527,-34.2443,-0.76404,-1.09631,1.99994,233.3435,-250.1374,66.6412
558202068,-1.46643,0.21448,-2.00000,-85.9237,-222.3053,-37.1298,-0.76929,-1.09949,1.99994,236.0534,-250.1374,68.3130
558203068,-1.09668,0.66528,-1.89880,-72.0763,-199.3130,-40.2595,-0.77356,-1.10303,1.99994,238.5954,-250.1374,70.0229
558204068,-0.36328,0.95825,0.47876,-42.0458,-158.4962,-49.9466,-0.77734,-1.10608,1.99994,240.9389,-250.1374,71.7863
558205068,1.73596,1.26306,1.99994,-28.3435,-86.9847,-57.9542,-0.78064,-1.10876,1.99994,243.0763,-250.1374,73.5191
558206067,1.99994,1.22192,1.99994,-36.3130,-77.1985,-52.0229,-0.78320,-1.11267,1.99994,245.0153,-250.1374,75.1756
558207068,-1.33411,0.89087,1.65601,-35.5878,-184.9389,-46.6641,-0.78662,-1.11804,1.99994,246.7405,-250.1374,76.7481
558208067,-1.00061,0.68616,1.24194,27.2443,-182.9771,-62.2443,-0.79053,-1.12488,1.99994,248.2748,-250.1374,78.2824
558209068,1.99994,0.76147,1.99994,65.4351,-110.7328,-65.6947,-0.79321,-1.13403,1.93884,249.6336,-250.1374,79.7786
558210067,1.99994,1.42065,1.99994,-18.8779,-200.7481,-33.6107,-0.79431,-1.14526,1.86353,250.1298,-250.1374,81.2214
558211065,1.99994,1.99994,1.99994,-101.4122,-250.1374,5.2214,-0.79504,-1.15820,1.78601,250.1298,-250.1374,82.6107
558212069,1.99994,1.99994,1.99994,-54.6947,-250.1374,17.7863,-0.79590,-1.17432,1.70630,250.1298,-250.1374,83.9084
558213068,1.99994,1.31445,1.99994,-13.6870,-250.1374,44.8855,-0.79578,-1.19214,1.62463,250.1298,-250.1374,85.1298
558214068,0.64587,-0.71411,1.77991,-84.4198,-250.1374,83.3282,-0.79517,-1.21057,1.54077,250.1298,-250.1374,86.2901
558215068,-1.02502,-1.21240,0.83020,-154.6336,-250.1374,97.5878,-0.79419,-1.22974,1.45557,250.1298,-250.1374,87.3588
558216068,-1.00977,-0.34680,1.21045,-145.8092,-250.1374,86.7481,-0.79126,-1.25012,1.37024,250.1298,-250.1374,88.3053
558217068,-0.23474,1.26306,1.99994,-112.5649,-250.1374,66.9695,-0.78455,-1.27185,1.28357,250.1298,-250.1374,89.1145
558218068,-1.18628,1.99994,1.99994,-122.8626,-250.1374,65.7863,-0.77563,-1.29395,1.19470,250.1298,-250.1374,89.8092
558219068,-2.00000,0.94312,-0.56873,-176.3511,-250.1374,98.2519,-0.76611,-1.31543,1.10461,250.1298,-250.1374,90.4275
558220067,-2.00000,-1.92969,-1.21985,-169.9847,-250.1374,97.0840,-0.75488,-1.33667,1.01270,250.1298,-250.1374,90.9389
558221068,-2.00000,-2.00000,1.53186,-80.9542,-250.1374,45.7176,-0.74146,-1.35767,0.91943,250.1298,-250.1374,91.2977
558222068,-0.42957,-2.00000,1.99994,-35.4504,-250.1374,6.9618,-0.72620,-1.37732,0.82654,250.1298,-250.1374,91.4962
558223068,-0.18579,-0.54065,1.99994,-77.6107,-250.1374,6.2824,-0.70996,-1.39636,0.73254,250.1298,-250.1374,91.5802
558224068,-0.04382,1.45996,1.99994,-125.1679,-250.1374,31.7328,-0.69287,-1.41467,0.63635,250.1298,-250.1374,91.5267
558225068,1.21887,1.89160,1.99994,-145.3206,-250.1374,65.2977,-0.67407,-1.43164,0.53906,250.1298,-250.1374,91.3740
558226068,1.34143,0.88135,1.99994,-153.9618,-250.1374,91.2519,-0.65405,-1.44824,0.44141,250.1298,-250.1374,91.1298
558227068,0.06396,-0.78674,1.99994,-153.8550,-250.1374,101.4962,-0.63354,-1.46436,0.34326,249.2137,-250.1374,90.7634
558228068,-0.52930,-1.54968,1.99994,-156.2748,-250.1374,99.2290,-0.61194,-1.48035,0.24524,248.0534,-250.1374,90.2519
558229068,-0.25610,-0.46362,1.99994,-159.6412,-250.1374,88.1450,-0.58911,-1.49573,0.14624,246.7710,-250.1374,89.5649
558230068,-0.28699,1.38391,1.99994,-139.5878,-250.1374,70.0000,-0.56555,-1.50916,0.04517,245.3664,-250.1374,88.7557
558231068,-0.62195,1.99994,1.99994,-90.6565,-250.1374,54.9160,-0.54114,-1.52173,-0.05847,243.8015,-250.1374,87.8321
558232068,-1.58508,1.28955,1.02820,-43.3206,-250.1374,49.7099,-0.51624,-1.53369,-0.16418,242.0840,-250.1374,86.7939
558233068,-2.00000,-1.00867,-1.46606,-25.8855,-250.1374,49.4656,-0.49048,-1.54346,-0.27124,240.2290,-250.1374,85.6336
558234067,-2.00000,-2.00000,0.57861,-47.3435,-250.1374,48.2595,-0.46387,-1.55151,-0.37903,238.2366,-250.1374,84.3130
558235068,-0.57837,-2.00000,1.99994,-108.7023,-250.1374,51.4046,-0.43652,-1.55713,-0.48755,236.1221,-250.1374,82.8626
558236068,0.38672,-0.62012,1.99994,-167.3053,-250.1374,60.2519,-0.40942,-1.55969,-0.59656,233.8626,-250.1374,81.2824
558237068,-0.37354,1.50854,1.99994,-175.2748,-250.1374,77.4580,-0.38245,-1.56006,-0.70422,231.4885,-250.1374,79.5878
558238068,0.17590,1.34924,1.99994,-160.7863,-250.1374,107.3359,-0.35437,-1.55811,-0.81067,228.9847,-250.1374,77.7939
558239067,0.65588,-0.59814,1.99994,-195.6031,-250.1374,139.3740,-0.32422,-1.55347,-0.91577,226.2977,-250.1374,75.9160
558240067,-0.02295,-2.00000,1.99994,-250.1374,-250.1374,151.4656,-0.29272,-1.54553,-1.01843,223.4046,-250.1374,73.9389
558241067,-0.74646,-2.00000,1.99994,-250.1374,-250.1374,125.1603,-0.26135,-1.53516,-1.11792,220.3053,-250.1374,71.9084
558242068,-1.05750,-1.42310,1.67163,-149.6718,-250.1374,71.6947,-0.23059,-1.52429,-1.21387,217.0153,-250.1374,69.8015
558243068,-1.38989,0.53052,0.35913,-30.9618,-250.1374,17.8779,-0.19946,-1.51270,-1.30640,213.5496,-250.1374,67.6260
558244068,-2.00000,1.90198,0.20593,21.1756,-250.1374,-6.0000,-0.13135,-1.48633,-1.47888,206.0611,-250.1374,63.2214
558245068,-2.00000,-1.27698,-0.42786,-31.2901,-250.1374,10.8473,-0.09717,-1.46985,-1.56018,202.0687,-250.1374,61.0153
558246068,-2.00000,-2.00000,-0.80872,-60.3053,-250.1374,12.2443,-0.06421,-1.45190,-1.63623,197.9466,-250.1374,58.8015
558247067,-2.00000,-2.00000,0.60522,-72.8015,-250.1374,12.2290,-0.03088,-1.43408,-1.70618,193.7099,-250.1374,56.6183
558248067,-0.32825,-2.00000,1.99994,-86.3206,-250.1374,17.8626,0.00208,-1.41687,-1.77209,189.3435,-250.1374,54.4427
558249067,0.82715,-1.67090,1.99994,-142.3740,-250.1374,47.6794,0.03406,-1.40039,-1.83301,184.9084,-250.1374,52.3053
558250068,0.91614,-0.81677,1.99994,-250.1374,-250.1374,97.1069,0.06616,-1.38477,-1.88904,180.4351,-250.1374,50.1908
558251067,0.23889,0.19800,1.99994,-250.1374,-250.1374,140.4580,0.09814,-1.36987,-1.94202,175.9771,-250.1374,48.0916
558252068,1.23010,-0.13892,1.99994,-250.1374,-250.1374,159.5115,0.12952,-1.35620,-1.99060,171.5573,-250.1374,46.0076
558253068,1.99994,-1.89124,1.99994,-250.1374,-250.1374,151.5115,0.15991,-1.34595,-2.00000,167.2519,-250.1374,43.9924
558254067,1.94019,-2.00000,1.99994,-250.1374,-250.1374,128.3740,0.18921,-1.33801,-2.00000,163.0687,-250.1374,42.0076
558255068,0.61023,-2.00000,1.99994,-250.1374,-250.1374,90.4198,0.21765,-1.33093,-2.00000,159.0000,-250.1374,40.0305
558256068,-0.97314,-0.49011,1.99994,-250.1374,-250.1374,58.1603,0.24524,-1.32654,-2.00000,155.1069,-250.1374,38.0687
558257068,-2.00000,-0.19482,1.44287,-199.2137,-250.1374,35.2443,0.27222,-1.32483,-2.00000,151.4427,-250.1374,36.1145
558258068,-2.00000,-0.98779,1.91150,-117.8702,-250.1374,8.1145,0.29736,-1.32593,-2.00000,148.0458,-250.1374,34.1603
558259068,-2.00000,-2.00000,-0.33325,-34.4504,-250.1374,-9.5420,0.32104,-1.32922,-2.00000,144.8779,-250.1374,32.1908
558260068,-2.00000,-2.00000,-2.00000,-21.0153,-250.1374,-11.2061,0.34338,-1.33411,-2.00000,141.9847,-250.1374,30.2137
558261067,-2.00000,-2.00000,-2.00000,-62.0992,-250.1374,-6.2443,0.36438,-1.33984,-2.00000,139.3893,-250.1374,28.2672
558262067,-2.00000,-2.00000,-2.00000,-112.3588,-250.1374,7.0992,0.38306,-1.34705,-2.00000,137.1298,-250.1374,26.3511
558263068,-2.00000,-1.87280,-2.00000,-151.8626,-250.1374,24.7405,0.39941,-1.35608,-2.00000,135.2137,-250.1374,24.4504
558264068,-2.00000,-2.00000,-2.00000,-163.6947,-250.1374,32.1985,0.41333,-1.36572,-2.00000,133.6565,-250.1374,22.5725
558265067,-2.00000,-2.00000,-2.00000,-155.0992,-250.1374,26.5038,0.42468,-1.37598,-2.00000,132.4580,-250.1374,20.7023
558266068,-2.00000,-2.00000,-2.00000,-168.7099,-250.1374,10.2137,0.43323,-1.38647,-2.00000,131.5725,-250.1374,18.8473
558267068,-2.00000,-2.00000,-2.00000,-214.8015,-250.1374,-19.4962,0.44055,-1.39648,-2.00000,131.0000,-250.1374,17.0153
558268068,-2.00000,-2.00000,-2.00000,-220.9924,-250.1374,-58.3588,0.44727,-1.40588,-2.00000,130.7176,-250.1374,15.2061
558269068,-2.00000,-0.87134,-2.00000,-162.9008,-250.1374,-91.5496,0.45190,-1.41333,-2.00000,130.7023,-250.1374,13.4809
558270068,-2.00000,-1.39563,-1.36743,-125.3282,-250.1374,-101.9466,0.45447,-1.41760,-2.00000,130.9313,-250.1374,11.8321
558271064,-1.22607,-2.00000,-0.25305,-146.6718,-250.1374,-96.0763,0.45569,-1.41956,-2.00000,131.3511,-250.1374,10.2672
558272068,-1.38416,-1.37305,-0.76428,-171.9847,-250.1374,-91.0763,0.45618,-1.41992,-2.00000,131.9084,-250.1374,8.7634
558273068,-0.93787,-0.02490,-0.36426,-168.7939,-250.1374,-82.1145,0.45593,-1.41785,-2.00000,132.5725,-250.1374,7.3664
558274068,-0.65503,0.37292,0.18079,-145.8550,-250.1374,-69.0763,0.45520,-1.41406,-2.00000,133.3359,-250.1374,6.0458
558275067,-1.80139,0.05603,-1.28577,-112.2672,-250.1374,-58.3664,0.45349,-1.40857,-2.00000,134.1679,-240.9313,4.7939
558276067,-2.00000,-0.18762,-2.00000,-103.4198,-250.1374,-51.4504,0.45020,-1.40076,-2.00000,135.0229,-230.3359,3.6260
558277068,-1.96777,0.04614,-0.99707,-132.5878,-250.1374,-45.9771,0.44470,-1.39001,-2.00000,135.8550,-219.9160,2.5649
558278067,-2.00000,0.11377,-1.15906,-154.7099,-250.1374,-47.7252,0.43787,-1.37646,-2.00000,136.6183,-209.7023,1.6183
558279068,-2.00000,-0.15405,-2.00000,-119.9084,-250.1374,-66.6031,0.43225,-1.36084,-2.00000,137.3130,-199.7023,0.7405
558280067,-2.00000,-0.46863,-2.00000,-62.2290,-250.1374,-92.5038,0.42737,-1.34375,-2.00000,137.8550,-189.9389,-0.0534
558281068,-2.00000,-0.76733,-2.00000,-54.5573,-250.1374,-101.7634,0.42102,-1.32410,-2.00000,138.2366,-180.4580,-0.7863
558282067,-2.00000,-0.70154,-2.00000,-99.0076,-250.1374,-93.5954,0.41431,-1.30212,-2.00000,138.4198,-171.2366,-1.4351
558283067,-2.00000,-0.19519,-2.00000,-123.4733,-250.1374,-85.6260,0.40759,-1.27979,-2.00000,138.3817,-162.2519,-1.9771
558284068,-2.00000,0.28015,-2.00000,-94.0153,-250.1374,-86.2443,0.40015,-1.25659,-2.00000,138.1298,-153.5344,-2.4427
558285068,-2.00000,0.60681,-2.00000,-64.7023,-250.1374,-82.2366,0.39270,-1.23315,-2.00000,137.6260,-145.0992,-2.8779
558286067,-2.00000,0.87830,-2.00000,-88.7939,-250.1374,-63.1756,0.38611,-1.20862,-2.00000,136.8550,-136.9542,-3.2519
558287068,-2.00000,0.64844,-2.00000,-133.2443,-246.3893,-40.4275,0.37903,-1.18372,-2.00000,135.8626,-129.1069,-3.5267
558288068,-2.00000,-0.31226,-2.00000,-134.9237,-218.9618,-37.8397,0.37036,-1.15991,-2.00000,134.6107,-121.5573,-3.7634
558289068,-2.00000,-1.15161,-2.00000,-76.9924,-222.8626,-62.9924,0.36182,-1.13623,-2.00000,133.0916,-114.2595,-3.9771
558290068,-2.00000,-1.01404,-2.00000,6.3053,-235.2519,-105.7023,0.35388,-1.11267,-2.00000,131.3206,-107.2366,-4.1603
558291068,-2.00000,-0.12402,-2.00000,59.4504,-233.1908,-138.7176,0.34595,-1.08997,-2.00000,129.3282,-100.4733,-4.3664
558292068,-2.00000,0.42090,-2.00000,62.0000,-215.0229,-146.4885,0.33777,-1.06775,-2.00000,127.1069,-93.9313,-4.5954
558293068,-2.00000,0.26904,-2.00000,50.8855,-187.4733,-141.0000,0.33105,-1.04614,-2.00000,124.7023,-87.6336,-4.8397
558294068,-1.51941,-0.01001,-1.76172,51.8779,-149.8779,-136.8015,0.32654,-1.02600,-2.00000,122.1603,-81.5878,-5.1069
558295067,-1.38086,-0.07764,-1.80896,47.4962,-132.6947,-128.5191,0.32275,-1.00732,-2.00000,119.4885,-75.7634,-5.3817
558296067,-2.00000,0.01953,-2.00000,35.5115,-141.7328,-116.2214,0.31848,-0.99011,-2.00000,116.6870,-70.0992,-5.6794
558297067,-2.00000,0.24146,-2.00000,38.7863,-145.6565,-109.5725,0.31433,-0.97400,-2.00000,113.7328,-64.5573,-5.9924
558298067,-1.67200,0.41858,-2.00000,47.2901,-141.5115,-105.7099,0.31116,-0.95898,-2.00000,110.6947,-59.1985,-6.3206
558299067,-1.08545,0.34619,-1.95923,39.0534,-150.4733,-99.7939,0.30835,-0.94592,-2.00000,107.5038,-54.0229,-6.6641
558300068,-1.27258,0.37756,-1.72852,39.3969,-162.8473,-103.3969,0.30591,-0.93457,-2.00000,104.2061,-49.0000,-7.0000
558301068,-1.38782,1.07593,-1.84509,80.0611,-152.2443,-124.2824,0.30505,-0.92371,-2.00000,100.8702,-44.0840,-7.3511
558302068,-1.15149,1.87195,-1.46326,131.0916,-130.2061,-143.0992,0.30493,-0.91394,-2.00000,97.4275,-39.2672,-7.7023
558303068,-1.24084,1.76331,-1.37085,146.9008,-111.1527,-142.1985,0.30481,-0.90662,-2.00000,93.9084,-34.5496,-8.0611
558304068,-1.78284,0.77710,-2.00000,137.9542,-107.2443,-128.0000,0.30603,-0.90112,-2.00000,90.3740,-29.9924,-8.4198
558305067,-2.00000,-0.15442,-2.00000,138.7252,-105.5573,-117.5802,0.30823,-0.89709,-2.00000,86.8092,-25.5878,-8.7863
558306067,-2.00000,-0.32300,-2.00000,149.2977,-90.8321,-113.3817,0.30933,-0.89392,-2.00000,83.1908,-21.2672,-9.1221
558307068,-1.59302,0.39563,-2.00000,133.5115,-76.8931,-99.8626,0.30957,-0.89172,-2.00000,79.5649,-17.0076,-9.4275
558308068,-1.99304,1.35767,-2.00000,89.6107,-87.0000,-70.4275,0.31042,-0.89062,-2.00000,75.9618,-12.7939,-9.6947
558309067,-2.00000,1.60120,-2.00000,75.8702,-96.3511,-46.5878,0.31165,-0.89099,-2.00000,72.3664,-8.6336,-9.9237
558310068,-2.00000,0.67725,-2.00000,114.8015,-74.9466,-45.1985,0.31360,-0.89307,-2.00000,68.7405,-4.5496,-10.1221
558311068,-2.00000,-0.66235,-2.00000,140.2443,-55.7939,-55.2748,0.31628,-0.89587,-2.00000,65.1374,-0.5420,-10.2824
558312068,-1.97485,-1.13403,-2.00000,127.4275,-36.8244,-70.2366,0.31873,-0.89783,-2.00000,61.5878,3.3664,-10.4275
558313067,-2.00000,-0.47656,-2.00000,138.6412,-22.4122,-99.7328,0.32092,-0.90027,-2.00000,58.0611,7.1985,-10.5038
558314067,-2.00000,0.43799,-2.00000,200.6260,-1.7099,-136.8779,0.32312,-0.90234,-2.00000,54.5725,10.9695,-10.5344
558315068,-2.00000,0.51965,-2.00000,250.1298,24.7099,-162.6794,0.32471,-0.90332,-2.00000,51.1069,14.6794,-10.4885
558316068,-1.89124,-0.40698,-1.56531,250.1298,39.0840,-168.0000,0.32642,-0.90405,-1.99670,47.7023,18.3282,-10.3435
558317068,-1.50134,-1.32739,-0.90088,250.1298,62.7939,-162.1374,0.32910,-0.90479,-1.95569,44.3740,21.9389,-10.0992
558318067,-1.18555,-0.62000,-0.06226,240.6718,76.9084,-154.3206,0.33179,-0.90515,-1.91199,41.1298,25.4885,-9.7939
558319067,-1.31201,1.25671,-0.39282,211.3359,66.3817,-137.4122,0.33313,-0.90479,-1.86731,37.9389,28.9237,-9.5038
558320068,-0.99036,1.99994,-0.62280,185.1832,53.6412,-102.9084,0.33362,-0.90356,-1.82251,34.8168,32.2595,-9.2290
558321068,-0.71423,1.22314,0.13623,151.5191,32.7710,-59.8550,0.33472,-0.90271,-1.77576,31.7786,35.5496,-8.9466
558322068,-0.92578,-0.50330,0.22961,109.6183,2.7557,-26.5954,0.33606,-0.90308,-1.72864,28.8321,38.7863,-8.6260
558323067,-1.08362,-1.33862,-0.30066,81.7328,-11.9771,-20.8244,0.33691,-0.90344,-1.68152,25.9618,41.9542,-8.2977
558324067,-1.35498,-0.46655,-0.76294,83.0000,-20.2977,-38.0840,0.33728,-0.90442,-1.63330,23.1679,45.0382,-7.9847
558325068,-1.32202,0.95056,-0.84607,98.6412,-9.8931,-56.6641,0.33606,-0.90735,-1.58447,20.4962,48.0382,-7.7099
558326067,-0.97729,1.53662,-0.29883,107.0916,12.5649,-63.0305,0.33496,-0.91089,-1.53540,17.9542,50.9771,-7.4504
558327068,-1.21082,0.93323,-0.65771,108.2519,20.6489,-60.7023,0.33337,-0.91504,-1.48596,15.5344,53.8244,-7.2519
558328068,-1.41357,-0.04834,-2.00000,117.4885,31.0840,-62.6794,0.33032,-0.92029,-1.43665,13.2214,56.5725,-7.0840
558329068,-1.40320,-0.08057,-2.00000,133.8473,45.6718,-72.0000,0.32654,-0.92651,-1.38745,11.0229,59.2290,-6.9313
558330068,-1.50293,0.79346,-2.00000,141.9771,57.9924,-73.6870,0.32202,-0.93335,-1.33704,8.9084,61.7863,-6.7863
558331068,-1.24072,1.57324,-2.00000,126.6031,70.0763,-55.1985,0.31738,-0.94067,-1.28577,6.8626,64.2214,-6.6718
558332068,-1.25110,1.58496,-2.00000,95.3588,67.4962,-21.0916,0.31250,-0.94958,-1.23486,4.8931,66.5115,-6.5802
558333068,-1.63611,0.93506,-2.00000,76.1374,65.2061,7.4962,0.30713,-0.95996,-1.18640,3.0076,68.6641,-6.4885
558334068,-1.41943,0.63293,-1.74353,75.4046,86.6718,16.3435,0.30200,-0.96997,-1.13965,1.1908,70.6489,-6.3740
558335068,-0.98767,1.18652,-1.11218,77.2595,101.4809,14.3664,0.29749,-0.97974,-1.09216,-0.5267,72.5038,-6.2443
558336068,-1.07983,1.97913,-1.41309,85.0687,99.6031,11.1756,0.29285,-0.99011,-1.04639,-2.1374,74.2137,-6.1145
558337068,-1.02612,1.98438,-1.17053,99.3130,99.2519,10.6947,0.28723,-1.00110,-1.00305,-3.6947,75.7634,-5.9313
558338068,-0.57422,1.29871,-0.42859,106.1679,98.5038,10.8473,0.28223,-1.01245,-0.96082,-5.2137,77.1145,-5.7252
558339068,-0.46252,0.64453,-0.18201,112.7863,91.8626,7.1374,0.27881,-1.02319,-0.92004,-6.6565,78.2748,-5.4962
558340067,-0.71326,0.47559,-0.65930,135.0916,82.0153,-2.1221,0.27612,-1.03345,-0.88062,-8.0076,79.2214,-5.2519
558341068,-0.89575,0.71436,-1.73022,156.6870,68.5191,-3.7481,0.27332,-1.04358,-0.84326,-9.2748,79.9466,-5.0076
558342067,-1.10254,0.74854,-2.00000,151.7252,48.0534,11.5878,0.27087,-1.05383,-0.80762,-10.5038,80.4733,-4.7252
558343068,-1.36462,0.53455,-2.00000,126.9160,51.9847,33.5649,0.26917,-1.06433,-0.77271,-11.6794,80.7710,-4.4198
558344068,-1.12695,0.31641,-2.00000,100.6947,77.8092,52.1145,0.26770,-1.07422,-0.73828,-12.7634,80.8626,-4.0763
558345068,-0.89551,0.27502,-1.64856,73.5496,100.0992,67.7710,0.26782,-1.09424,-0.67224,-14.6947,80.4809,-3.3130
558346067,-1.54602,0.36682,-2.00000,51.7557,108.1221,79.8550,0.27026,-1.10327,-0.64111,-15.4809,80.0382,-2.9008
558347068,-2.00000,0.24756,-2.00000,46.0382,130.4198,84.3053,0.27356,-1.11279,-0.60999,-16.1603,79.4351,-2.4656
558348068,-1.64844,-0.22974,-2.00000,45.6565,173.3511,81.3130,0.27600,-1.12256,-0.58093,-16.7786,78.6412,-2.0305
558349068,-1.30322,-0.41333,-2.00000,44.7099,190.5649,71.4962,0.27930,-1.13098,-0.55188,-17.3053,77.6565,-1.5878
558350068,-1.37354,0.46753,-2.00000,61.4656,183.1069,55.0611,0.28320,-1.13855,-0.52185,-17.7176,76.5573,-1.1298
558351068,-1.03894,1.84753,-2.00000,97.2519,176.4580,42.1069,0.28833,-1.14575,-0.49194,-18.0076,75.3664,-0.6718
558352067,-0.44543,1.99994,-1.03503,116.9695,176.9237,47.4885,0.29480,-1.15137,-0.46216,-18.2214,74.0611,-0.1985
558353067,-0.35754,0.87488,-0.12097,108.8626,170.6641,66.6794,0.30139,-1.15649,-0.43286,-18.3588,72.6336,0.2748
558354067,-0.56470,-0.52222,-0.43335,103.8931,163.2748,78.9618,0.30859,-1.16235,-0.40356,-18.4198,71.1298,0.7252
558355068,-0.73853,-0.51306,-0.94763,111.8855,160.4809,77.8015,0.31555,-1.16650,-0.37585,-18.4275,69.5420,1.1374
558356067,-0.80847,0.76477,-0.98669,110.8931,166.8168,77.0534,0.32190,-1.16907,-0.34741,-18.3435,67.9160,1.6031
558357067,-0.59668,1.99994,-0.40820,94.0458,181.1908,87.9771,0.32947,-1.17346,-0.31665,-18.1603,66.2748,2.1298
558358067,-0.35107,1.99994,0.45117,80.3435,188.3664,108.9771,0.33716,-1.17542,-0.28699,-17.9695,64.5802,2.5038
558359067,-0.28979,1.59009,1.35352,84.6565,182.3969,128.5038,0.34460,-1.17896,-0.25818,-17.7939,62.8244,2.8473
558360068,-0.28638,-0.45593,1.99994,105.2443,172.7863,136.6718,0.35327,-1.18140,-0.22974,-17.5725,61.0305,2.9924
558361067,-0.35388,-2.00000,1.99994,128.2977,163.2901,131.6870,0.36194,-1.17871,-0.20251,-17.2824,59.1832,3.0000
558362067,-0.42615,-2.00000,1.47583,143.8702,146.2366,116.0992,0.37000,-1.18079,-0.17517,-16.9313,57.3282,3.0458
558363068,-0.34546,-2.00000,1.09827,153.9084,129.5725,101.9924,0.37793,-1.18286,-0.14844,-16.5420,55.4656,3.0305
558364068,-0.21143,-1.52856,1.71204,159.0916,108.5191,101.0229,0.38757,-1.18176,-0.12317,-16.0992,53.6565,2.9389
558365068,-0.06287,-2.00000,1.85474,139.3511,84.6489,110.3130,0.39722,-1.18286,-0.09851,-15.6183,51.9008,2.8626
558366068,-0.28662,-2.00000,1.21875,93.5038,64.3969,116.5649,0.40552,-1.18408,-0.07495,-15.1298,50.1450,2.6870
558367068,-0.93591,-2.00000,0.34119,55.2290,49.6718,110.8626,0.41321,-1.18274,-0.05481,-14.6107,48.3969,2.4198
558368067,-1.11853,-2.00000,0.32324,41.1603,58.5954,97.4962,0.42175,-1.18188,-0.03687,-14.0534,46.6718,2.1374
558369067,-1.01465,-2.00000,0.70032,31.7863,71.4046,88.7557,0.43103,-1.18066,-0.01978,-13.4275,44.9924,1.8244
558370068,-1.38831,-1.80408,0.14258,20.9466,73.2061,90.8244,0.43994,-1.17859,-0.00317,-12.7481,43.3740,1.4962
558371067,-1.50745,-1.95178,-0.28503,21.1221,85.9313,93.3435,0.44934,-1.17786,0.01282,-12.0305,41.8168,1.1908
558372067,-1.03003,-2.00000,0.40649,34.6718,109.1221,86.8702,0.45935,-1.17688,0.02771,-11.2977,40.3282,0.8779
558373068,-0.79480,-2.00000,1.16650,54.7557,119.6641,74.7099,0.46960,-1.17566,0.04321,-10.5191,38.8855,0.5038
558374068,-0.69629,-1.65027,1.26685,80.0229,117.7557,62.4504,0.48010,-1.17493,0.05664,-9.7099,37.4809,0.0687
558375068,-0.45935,-0.62390,1.46460,98.2290,108.1756,56.4962,0.49060,-1.17334,0.06616,-8.8855,36.1221,-0.4122
558376068,-0.32520,0.17322,1.99994,98.0076,92.1298,64.5420,0.50085,-1.17017,0.07532,-8.0153,34.8626,-0.8626
558377068,-0.02844,-0.61243,1.99994,82.0916,79.0305,86.5649,0.51074,-1.16663,0.08423,-7.0992,33.7252,-1.2672
558378068,0.28406,-2.00000,1.99994,60.8626,54.2901,107.0229,0.52051,-1.16272,0.09192,-6.1450,32.6641,-1.5802
558379068,0.26575,-2.00000,1.99994,47.9847,22.6565,108.1069,0.52954,-1.15820,0.09790,-5.1298,31.6794,-1.7786
558380068,-0.11035,-1.41833,1.82117,38.9924,-30.8321,92.2443,0.53833,-1.15356,0.10474,-4.0458,30.7557,-1.9084
558381068,-0.02100,-1.70142,1.99994,25.3893,-48.6031,101.7557,0.54565,-1.14795,0.11328,-2.9237,29.9160,-2.0534
558382067,-0.04114,-2.00000,1.78699,30.5802,-72.9008,105.0916,0.55200,-1.14148,0.11975,-1.7405,29.1374,-2.1756
558383067,-0.27075,-2.00000,1.17126,42.9924,-86.6947,92.2061,0.55823,-1.13440,0.12427,-0.5649,28.3664,-2.1985
558384068,-0.36646,-2.00000,0.51440,36.0153,-81.1221,71.0611,0.56299,-1.12585,0.12854,0.5954,27.5954,-2.0916
558385067,-0.60864,-2.00000,-0.10303,27.6641,-64.8779,51.6336,0.56702,-1.11646,0.13293,1.7176,26.8550,-1.8702
558386068,-0.82861,-2.00000,-0.55908,36.8473,-52.8855,43.5573,0.57129,-1.10706,0.13696,2.7863,26.1298,-1.5802
558387068,-0.85547,-2.00000,-1.12708,41.8321,-53.6031,48.5191,0.57532,-1.09717,0.14075,3.8092,25.4198,-1.1679
558388067,-1.07434,-2.00000,-2.00000,23.7405,-61.4580,55.6489,0.57947,-1.08704,0.14417,4.7557,24.7023,-0.6412
558389068,-1.12085,-2.00000,-2.00000,-1.2137,-54.2748,52.8931,0.58362,-1.07678,0.14685,5.6107,23.9695,-0.0305
558390068,-0.94299,-2.00000,-1.90881,-22.2519,-38.4962,46.3511,0.58679,-1.06616,0.14966,6.3893,23.2443,0.5878
558391068,-0.82935,-1.05908,-1.52014,-39.6947,-35.2901,50.5420,0.58972,-1.05542,0.15369,7.0916,22.5573,1.2290
558392068,-0.85986,-0.85278,-1.65076,-49.2443,-36.3130,64.3359,0.59204,-1.04297,0.15918,7.6794,21.8931,1.8626
558393067,-1.01892,-1.49951,-1.95813,-52.2824,-34.8168,78.0305,0.59277,-1.02917,0.16406,8.1450,21.2061,2.4962
558394067,-0.96521,-2.00000,-1.90100,-57.8168,-15.6870,82.6718,0.59302,-1.01697,0.16699,8.4733,20.4733,3.0992
558395067,-0.76477,-2.00000,-1.27527,-63.0763,7.7939,77.1908,0.59387,-1.00513,0.16797,8.6947,19.6870,3.6489
558396067,-0.57715,-1.95984,-1.11572,-52.9084,14.8321,67.2901,0.59558,-0.99451,0.16931,8.8015,18.8626,4.1603
558397067,-0.44751,-1.39233,-1.41663,-26.4885,6.2290,58.1985,0.59680,-0.98523,0.17114,8.7863,18.0076,4.6641
558398067,-0.40991,-1.44641,-1.46411,-3.0076,-8.2519,51.0611,0.59753,-0.97437,0.17285,8.6489,17.1221,5.1374
558399067,-0.21265,-1.79028,-0.79016,2.3511,-13.8015,44.9466,0.59851,-0.96350,0.17493,8.4122,16.1985,5.5344
558400067,-0.05688,-2.00000,-0.21484,-3.9008,-18.8931,39.6870,0.60022,-0.95471,0.17603,8.1069,15.2519,5.9313
558401067,-0.30066,-2.00000,-0.46887,-4.4427,-28.0763,33.2748,0.60168,-0.94702,0.17505,7.7176,14.2519,6.2824
558402067,-0.57935,-2.00000,-0.94531,10.5191,-31.5344,24.4809,0.60205,-0.93970,0.17358,7.2290,13.1985,6.6107
558403067,-0.68616,-2.00000,-1.27710,23.9389,-27.4885,16.7710,0.60278,-0.93372,0.17334,6.6718,12.1145,6.9313
558404068,-0.76233,-2.00000,-1.54163,13.2290,-19.5954,16.3130,0.60437,-0.92798,0.17346,6.0611,11.0229,7.2061
558405068,-0.80029,-1.75769,-1.60950,-11.7863,-11.3511,22.7099,0.60535,-0.92346,0.17444,5.3969,9.9542,7.4656
558406067,-0.68506,-1.45801,-1.33997,-24.0992,-4.1298,29.2366,0.60535,-0.92200,0.17786,4.6718,8.9008,7.6794
558407067,-0.51880,-1.32935,-0.93494,-24.5954,0.9771,33.7252,0.60596,-0.92102,0.18005,3.8550,7.7481,7.8015
558408067,-0.49548,-1.23694,-0.59094,-31.0534,6.1221,38.5496,0.60779,-0.91956,0.17957,3.0076,6.5725,7.8626
558409067,-0.43677,-1.16846,-0.35388,-46.0763,14.6336,45.3282,0.61023,-0.91858,0.18018,2.1603,5.3893,7.9542
558410068,-0.29163,-1.28052,-0.23938,-59.9008,21.9618,51.9008,0.61316,-0.91882,0.18274,1.3053,4.2214,8.0534
558411067,-0.22205,-1.52979,-0.24451,-59.7634,20.6947,52.4733,0.61548,-0.91956,0.18530,0.4580,3.0840,8.1374
558412068,-0.11511,-1.70569,-0.15295,-37.9847,13.4427,43.4809,0.61780,-0.92163,0.18713,-0.3511,2.0076,8.1679
558413068,-0.00562,-1.69421,0.15906,-7.7634,1.7863,30.0305,0.62061,-0.92529,0.18799,-1.0534,1.0229,8.1603
558414068,0.00769,-1.67590,0.49475,8.4504,-11.1679,21.2061,0.62292,-0.92993,0.18787,-1.6336,0.1450,8.0992
558415067,0.00903,-1.82312,0.58765,8.7176,-22.1908,18.3740,0.62512,-0.93372,0.18921,-2.1374,-0.6718,8.0153
558416068,-0.10510,-2.00000,0.30420,9.5191,-32.5954,15.0992,0.62708,-0.93640,0.19177,-2.5878,-1.4885,7.9084
558417067,-0.26880,-1.90710,-0.07776,19.4427,-38.8015,6.6870,0.62878,-0.93921,0.19336,-3.0153,-2.2901,7.8244
558418067,-0.35706,-1.43396,-0.23108,27.2748,-38.5573,-1.4885,0.63098,-0.94177,0.19482,-3.3817,-3.0458,7.7710
558419067,-0.44458,-0.98633,-0.32751,19.3130,-35.2901,-0.6947,0.63428,-0.94421,0.19739,-3.7023,-3.7634,7.7099
558420067,-0.51099,-0.93250,-0.50452,0.0229,-29.4046,7.8092,0.63757,-0.94739,0.19885,-3.9542,-4.4427,7.6565
558421067,-0.58911,-1.25464,-0.67188,-12.9924,-24.2061,15.7252,0.63977,-0.95032,0.19751,-4.0992,-5.0763,7.6718
558422067,-0.66614,-1.60938,-0.85583,-12.4885,-21.3053,17.7710,0.64221,-0.95203,0.19495,-4.1603,-5.6336,7.7710
558423067,-0.68335,-1.63049,-0.95508,-12.8397,-17.7481,17.7481,0.64478,-0.95288,0.19287,-4.1527,-6.1298,7.9084
558424067,-0.67480,-1.34082,-0.89587,-28.7023,-12.0458,22.5344,0.64661,-0.95251,0.19019,-4.0611,-6.6183,8.0382
558425068,-0.60583,-1.02466,-0.72534,-51.5267,-3.4351,31.6260,0.64819,-0.95178,0.18652,-3.9313,-7.0687,8.1679
558426067,-0.55981,-1.05859,-0.58044,-63.1069,3.5267,39.6489,0.64954,-0.95142,0.18250,-3.7939,-7.4733,8.3130
558427067,-0.58752,-1.53479,-0.47412,-61.7023,8.5267,42.6336,0.64990,-0.95032,0.17883,-3.6565,-7.8626,8.4962
558428068,-0.56824,-2.00000,-0.31445,-61.3588,14.7405,40.4046,0.64978,-0.94788,0.17517,-3.4962,-8.2595,8.7405
558429068,-0.50037,-2.00000,-0.19519,-71.2672,21.0153,35.7710,0.65039,-0.94470,0.17188,-3.3206,-8.6412,9.0305
558430068,-0.43005,-1.67944,-0.04712,-81.6794,24.7252,30.9466,0.65137,-0.94165,0.17017,-3.1603,-9.0153,9.3130
558431068,-0.36267,-1.57239,0.19482,-77.2214,21.9542,25.6718,0.65320,-0.93860,0.16821,-3.0534,-9.3893,9.5725
558432068,-0.32910,-1.78076,0.36938,-61.0305,14.5496,19.2061,0.65503,-0.93604,0.16431,-2.9847,-9.7786,9.8168
558433068,-0.36841,-1.97266,0.31958,-51.8855,7.4504,13.5344,0.65771,-0.93347,0.16125,-2.9313,-10.2061,10.0382
558434068,-0.40564,-1.93396,0.25146,-56.5344,6.4427,10.4885,0.66125,-0.92993,0.15942,-2.8702,-10.6412,10.2366
558435068,-0.35413,-1.69055,0.44702,-64.7176,10.5038,9.5878,0.66443,-0.92627,0.15723,-2.8168,-11.0611,10.4504
558436068,-0.28516,-1.36890,0.53796,-67.7786,10.6947,10.2748,0.66687,-0.92322,0.15454,-2.8092,-11.4885,10.6336
558437067,-0.24182,-1.08826,0.37341,-67.8702,7.4046,12.3511,0.66858,-0.91968,0.15186,-2.8397,-11.9389,10.7863
558438067,-0.15686,-0.86157,0.32947,-70.9008,5.8855,15.0534,0.67078,-0.91553,0.15088,-2.9313,-12.4275,10.9160
558439067,-0.03931,-0.70520,0.49841,-79.1908,6.1679,18.5573,0.67297,-0.91174,0.15112,-3.0534,-12.9618,10.9847
558440067,-0.00305,-0.89050,0.65820,-85.5878,3.4733,22.5420,0.67456,-0.90808,0.15137,-3.1756,-13.5038,10.9924
558441068,-0.05396,-1.31543,0.75806,-79.7252,-1.2595,21.5038,0.67615,-0.90503,0.15125,-3.2748,-14.0611,10.9237
558442068,-0.06604,-1.34729,0.62561,-66.2519,-5.9847,13.6565,0.67957,-0.90210,0.15271,-3.3664,-14.6031,10.8244
558443067,-0.09473,-0.92834,0.27942,-63.4504,-9.3511,8.1527,0.68372,-0.89905,0.15576,-3.4580,-15.1145,10.6870
558444067,-0.14319,-0.70483,0.20654,-76.0687,-10.7939,12.1527,0.68726,-0.89636,0.15833,-3.5267,-15.5878,10.5267
558445067,-0.00769,-0.86389,0.41479,-88.6641,-11.2214,19.6794,0.69128,-0.89331,0.16028,-3.5496,-16.0229,10.3053
558446067,0.04443,-0.91101,0.38086,-89.4351,-16.3817,22.4198,0.69873,-0.88892,0.16626,-3.4427,-16.9237,9.6718
558447067,-0.19153,-0.70886,-0.03333,-86.0611,-23.4580,22.7710,0.70264,-0.88843,0.16943,-3.3435,-17.3053,9.2901
558448067,-0.35107,-0.58459,-0.26855,-92.5344,-22.4656,27.4885,0.70752,-0.88892,0.17249,-3.1527,-17.6107,8.8626
558449067,-0.38525,-0.65430,-0.29749,-109.0611,-17.5420,36.2748,0.71155,-0.88940,0.17371,-2.8626,-17.8473,8.4122
558450067,-0.50818,-0.84741,-0.54333,-119.7099,-15.4122,42.8092,0.71570,-0.88940,0.17358,-2.4885,-18.0000,8.0000
558451068,-0.60388,-1.17334,-0.88660,-112.0153,-14.0153,42.4046,0.72046,-0.88953,0.17456,-2.0611,-18.0916,7.5954
558452067,-0.56140,-1.28528,-0.99573,-95.5802,-9.8168,35.4580,0.72510,-0.89014,0.17627,-1.5725,-18.1221,7.1679
558453067,-0.42798,-0.61694,-0.63257,-90.5267,1.8321,27.5954,0.72961,-0.89026,0.17749,-0.9847,-18.0687,6.7634
558454068,-0.23279,0.32251,-0.09155,-95.0916,15.9542,26.9695,0.73364,-0.89050,0.17822,-0.2824,-17.9237,6.3969
558455068,-0.21497,0.32043,-0.09180,-89.1985,18.9542,33.3664,0.73694,-0.88977,0.17957,0.4962,-17.6718,6.0305
558456067,-0.26221,-0.69983,-0.26770,-65.4122,17.1527,35.8397,0.73889,-0.88818,0.18225,1.3511,-17.3588,5.6870
558457067,-0.18823,-1.47839,-0.05579,-43.2061,16.6947,29.2595,0.73999,-0.88623,0.18616,2.2519,-16.9924,5.3588
558458067,-0.12964,-1.34644,0.18848,-44.6031,17.3206,22.8702,0.74133,-0.88257,0.18884,3.1450,-16.6336,5.0229
558459067,-0.01941,-0.88586,0.41089,-57.9008,18.6183,23.0229,0.74194,-0.87878,0.19055,4.0076,-16.2443,4.7634
558460067,0.01929,-0.77112,0.68982,-53.8702,12.6336,25.6489,0.74182,-0.87537,0.19275,4.8626,-15.8015,4.5649
558461067,-0.00916,-1.22974,0.74719,-33.4580,1.1298,26.5649,0.74219,-0.87122,0.19397,5.7099,-15.3435,4.3817
558462068,-0.02722,-1.78186,0.59631,-24.7786,-6.5038,24.8931,0.74207,-0.86536,0.19482,6.5267,-14.8855,4.1985
558463067,-0.08423,-1.80969,0.74207,-37.4962,-4.1450,21.9771,0.74133,-0.85852,0.19580,7.2977,-14.4198,4.0305
558464068,0.03601,-1.36035,1.26904,-52.2824,4.5878,19.2366,0.74158,-0.85193,0.19641,8.0153,-13.9695,3.8855
558465067,0.12024,-1.12219,1.27039,-52.9924,1.1298,18.9160,0.74231,-0.84448,0.19739,8.6641,-13.5191,3.7634
558466068,-0.07141,-1.42700,0.61572,-39.1756,-12.6641,17.6489,0.74268,-0.83691,0.19922,9.2519,-13.0305,3.6641
558467067,-0.17090,-1.68384,0.38342,-22.5954,-19.3969,11.0992,0.74316,-0.83093,0.20044,9.7557,-12.4962,3.5725
558468067,-0.07520,-1.55200,0.65076,-22.4809,-19.3206,5.4656,0.74402,-0.82605,0.20056,10.2137,-11.9618,3.4504
558469067,-0.06763,-1.30200,0.73767,-35.6031,-20.4733,5.9389,0.74548,-0.81982,0.20142,10.6031,-11.4427,3.2977
558470067,-0.23840,-1.25391,0.47742,-33.9924,-26.3206,7.1985,0.74719,-0.81360,0.20154,10.9389,-10.9160,3.0992
558471067,-0.35022,-1.51599,0.23804,-14.3588,-28.4275,4.7939,0.74854,-0.80908,0.19946,11.2366,-10.3435,2.8779
558472067,-0.36755,-1.82117,0.15747,-6.8244,-23.1069,2.0916,0.74902,-0.80554,0.19690,11.5038,-9.7023,2.6489
558473067,-0.44727,-1.78503,0.03491,-22.7634,-12.8550,1.7863,0.75012,-0.80334,0.19507,11.7252,-9.0305,2.3664
558474067,-0.47839,-1.43665,-0.03479,-41.3817,-1.0534,2.5725,0.75159,-0.80286,0.19385,11.9466,-8.3740,2.0611
558475067,-0.47876,-1.22693,-0.11865,-47.4504,3.3817,3.1603,0.75256,-0.80298,0.19189,12.1756,-7.7328,1.7252
558476067,-0.51587,-1.34766,-0.22461,-46.1145,3.4733,2.8550,0.75305,-0.80347,0.18933,12.4198,-7.0992,1.4198
558477067,-0.47900,-1.54114,-0.16443,-48.2748,5.8168,1.9924,0.75220,-0.80444,0.18665,12.6718,-6.4733,1.1145
558478067,-0.41797,-1.49609,-0.04163,-60.0382,9.1832,1.7252,0.75110,-0.80627,0.18298,12.9542,-5.8244,0.7863
558479067,-0.37744,-1.17554,-0.00500,-72.8015,12.4122,2.0916,0.75049,-0.80908,0.17822,13.2748,-5.1527,0.4580
558480067,-0.38940,-0.75793,-0.07642,-72.8855,13.8321,1.7634,0.74976,-0.81152,0.17371,13.6107,-4.5038,0.1908
558481067,-0.41333,-0.55603,-0.08936,-64.9695,16.1679,2.5725,0.74878,-0.81238,0.16919,13.9695,-3.9008,-0.0611
558482067,-0.38550,-0.74463,-0.01562,-64.6107,20.1069,6.6718,0.74792,-0.81311,0.16394,14.3435,-3.3282,-0.3282
558483068,-0.40759,-1.02649,0.03528,-72.4275,23.9542,11.0534,0.74634,-0.81384,0.15771,14.7023,-2.8092,-0.5573
558484067,-0.37439,-1.06055,0.16113,-75.9160,28.8702,11.1756,0.74438,-0.81323,0.15125,15.0000,-2.2824,-0.7786
558485068,-0.27588,-0.85999,0.37097,-70.3588,32.2366,7.6336,0.74219,-0.81226,0.14490,15.2824,-1.7863,-0.9924
558486067,-0.23242,-0.66101,0.48035,-62.9160,31.7176,4.9160,0.73926,-0.81128,0.13904,15.5038,-1.3588,-1.1908
558487067,-0.16125,-0.58984,0.53760,-61.0763,30.6107,5.2061,0.73572,-0.80933,0.13477,15.6718,-1.0000,-1.3511
558488067,-0.08533,-0.68982,0.61719,-65.1145,28.3359,7.2977,0.73242,-0.80579,0.13269,15.7481,-0.7405,-1.5496
558489068,-0.04456,-0.89758,0.67383,-67.3435,24.5954,7.6336,0.72925,-0.80188,0.13000,15.7023,-0.5802,-1.7634
558490067,-0.01050,-0.99121,0.71790,-61.7328,19.3359,4.5496,0.72595,-0.79944,0.12476,15.5802,-0.4580,-1.9466
558491067,-0.02612,-0.89502,0.66150,-53.8702,12.2977,1.2366,0.72253,-0.79724,0.11951,15.4198,-0.3282,-2.0840
558492067,-0.07898,-0.71423,0.52930,-52.7786,6.6565,1.3359,0.71912,-0.79346,0.11572,15.1985,-0.2672,-2.2519
558493068,-0.13330,-0.57898,0.40833,-56.3664,3.9771,4.2672,0.71509,-0.79004,0.11157,14.9008,-0.2824,-2.4656
558494068,-0.18188,-0.54382,0.33081,-56.2443,3.9847,6.7252,0.70959,-0.78796,0.10706,14.5420,-0.3435,-2.6870
558495068,-0.26404,-0.63062,0.21936,-51.2137,4.1756,7.6794,0.70312,-0.78674,0.10303,14.1145,-0.4275,-2.9084
558496068,-0.36780,-0.82056,0.01636,-46.7405,5.1527,7.9618,0.69751,-0.78589,0.09912,13.6489,-0.5573,-3.1221
558497068,-0.41431,-0.97913,-0.12585,-46.8473,9.2977,7.7481,0.69324,-0.78601,0.09558,13.1603,-0.7252,-3.3053
558498068,-0.40747,-1.00391,-0.13342,-50.0763,14.9771,6.7405,0.68884,-0.78711,0.09253,12.6641,-0.9313,-3.4809
558499067,-0.36438,-0.91895,-0.07544,-50.8473,19.7786,4.8702,0.68445,-0.78821,0.08789,12.1603,-1.1450,-3.6412
558500067,-0.30115,-0.83960,-0.03992,-47.4504,22.4580,3.0229,0.68042,-0.78955,0.08350,11.6107,-1.3435,-3.7786
558501068,-0.26294,-0.83972,-0.03430,-45.1985,24.0611,2.3893,0.67615,-0.79089,0.08069,11.0763,-1.5802,-3.9160
558502068,-0.24036,-0.88147,0.01575,-47.6641,26.1298,2.9695,0.67224,-0.79285,0.07910,10.5573,-1.8550,-4.0534
558503068,-0.19617,-0.89307,0.13904,-50.7252,28.2748,3.5038,0.66895,-0.79614,0.07703,10.0305,-2.1298,-4.1527
558504067,-0.15881,-0.84729,0.26660,-49.5344,28.5267,3.2672,0.66516,-0.79944,0.07410,9.4962,-2.3740,-4.2443
558505068,-0.16931,-0.80322,0.28198,-44.7176,26.3130,2.8702,0.66089,-0.80212,0.07092,9.0000,-2.6183,-4.3130
558506067,-0.19678,-0.80200,0.21411,-40.3130,23.9924,2.8321,0.65686,-0.80591,0.06726,8.5115,-2.8855,-4.3893
558507068,-0.20312,-0.82715,0.21204,-38.8550,23.2748,3.2137,0.65295,-0.81079,0.06323,8.0382,-3.1603,-4.4275
558508068,-0.17468,-0.87756,0.30298,-38.8092,23.7863,3.4885,0.65015,-0.81506,0.05920,7.5649,-3.4351,-4.4504
558509067,-0.13428,-0.93225,0.38062,-37.1679,24.3435,2.8702,0.64832,-0.81860,0.05664,7.1145,-3.6947,-4.4504
558510067,-0.11914,-0.92139,0.38171,-34.1221,24.7939,1.3053,0.64636,-0.82288,0.05383,6.7252,-3.9313,-4.4580
558511068,-0.12524,-0.86023,0.34094,-32.8168,25.4809,0.4275,0.64392,-0.82764,0.04883,6.3893,-4.1679,-4.4580
558512067,-0.13135,-0.88586,0.31079,-34.5496,25.9160,1.4122,0.64209,-0.83228,0.04419,6.0534,-4.4122,-4.4427
558513068,-0.15125,-1.09167,0.27112,-33.6260,23.0763,1.8779,0.64124,-0.83643,0.04004,5.6947,-4.6336,-4.3740
558514067,-0.18738,-1.12524,0.24268,-29.0916,21.1908,-0.0534,0.63989,-0.84009,0.03491,5.3588,-4.8626,-4.2748
558515068,-0.18945,-1.12048,0.25818,-26.2061,21.3893,-1.9237,0.63660,-0.84302,0.02893,5.0534,-5.1069,-4.1832
558516068,-0.17249,-1.04150,0.29224,-25.9008,23.4580,-3.4198,0.63220,-0.84412,0.02344,4.7557,-5.3817,-4.0840
558517067,-0.18030,-0.93384,0.30115,-25.5725,26.0382,-4.6260,0.62878,-0.84497,0.01733,4.4580,-5.6870,-3.9618
558518067,-0.17749,-0.94104,0.33765,-23.1069,29.0153,-5.6107,0.62659,-0.84583,0.00989,4.1679,-5.9924,-3.8244
558519068,-0.15051,-1.05444,0.42102,-19.6870,31.6412,-6.8397,0.62280,-0.84595,0.00195,3.8473,-6.2824,-3.6794
558520068,-0.13245,-1.12012,0.48499,-18.1374,33.0611,-8.3053,0.61792,-0.84631,-0.00562,3.5038,-6.6031,-3.5267
558521067,-0.10620,-1.08826,0.52747,-18.4504,33.2519,-9.5115,0.61292,-0.84668,-0.01282,3.1374,-6.9924,-3.3893
558522068,-0.06152,-1.01257,0.59863,-17.6718,32.0992,-10.4885,0.60657,-0.84631,-0.02026,2.7176,-7.4351,-3.2214
558523067,-0.02185,-0.94226,0.68286,-14.5344,29.3893,-11.3969,0.60034,-0.84509,-0.02698,2.2443,-7.9084,-3.0382
558524067,-0.00439,-0.92065,0.73352,-11.2519,25.6031,-11.8855,0.59473,-0.84399,-0.03333,1.7405,-8.3893,-2.8779
558525067,-0.00500,-0.94177,0.75146,-10.0611,22.1527,-12.0229,0.58923,-0.84363,-0.03894,1.1985,-8.8779,-2.7176
558526067,-0.00623,-0.92505,0.76843,-10.2061,20.0153,-12.5496,0.58496,-0.84424,-0.04358,0.6107,-9.3817,-2.5954
558527067,-0.01318,-0.86719,0.77368,-9.6107,18.4427,-13.4504,0.58191,-0.84570,-0.04871,-0.0305,-9.9008,-2.4885
558528067,-0.02600,-0.84790,0.74829,-7.5496,16.9389,-14.1679,0.57886,-0.84741,-0.05469,-0.7405,-10.4275,-2.4275
558529067,-0.03198,-0.87427,0.71216,-5.3588,15.9008,-14.6260,0.57422,-0.84875,-0.06055,-1.5191,-10.9847,-2.3359
558530067,-0.03088,-0.89026,0.68298,-4.8244,15.4580,-14.9084,0.56995,-0.85193,-0.06812,-2.3664,-11.5878,-2.2214
558531065,-0.01868,-0.88586,0.67065,-6.1679,15.3130,-14.7634,0.56750,-0.85840,-0.07678,-3.1450,-12.1679,-2.1298
558532069,-0.01782,-0.87610,0.66907,-8.1450,14.6031,-14.1145,0.56653,-0.86511,-0.08411,-3.8092,-12.6183,-2.1221
558533068,-0.02075,-0.84900,0.67126,-9.9618,13.5115,-13.1985,0.56604,-0.87097,-0.09143,-4.4580,-12.9771,-2.1450
558534067,-0.01282,-0.80371,0.64783,-11.3893,12.1450,-12.2672,0.56494,-0.87781,-0.10144,-5.1069,-13.3053,-2.1756
558535067,-0.04138,-0.75244,0.58057,-12.4198,10.2443,-11.4275,0.56372,-0.88562,-0.11243,-5.7023,-13.5878,-2.2137
558536067,-0.07495,-0.71802,0.51575,-12.9847,8.7176,-10.6183,0.56213,-0.89380,-0.12378,-6.2366,-13.8550,-2.2290
558537068,-0.09192,-0.73901,0.49561,-13.6565,7.5802,-9.5725,0.55945,-0.90247,-0.13452,-6.7405,-14.0840,-2.2366
558538067,-0.11658,-0.82690,0.50647,-14.5725,7.0076,-8.5573,0.55688,-0.91272,-0.14612,-7.1985,-14.2366,-2.2290
558539067,-0.12830,-0.92236,0.54883,-15.1298,7.8397,-8.2519,0.55457,-0.92310,-0.15906,-7.5878,-14.3511,-2.2061
558540067,-0.12537,-0.96216,0.60156,-15.1985,9.2595,-8.5802,0.55212,-0.93213,-0.17249,-7.9084,-14.4122,-2.1832
558541065,-0.11206,-0.92651,0.62671,-15.2824,10.6870,-9.1221,0.54993,-0.94055,-0.18701,-8.1527,-14.4351,-2.1603
558542065,-0.09888,-0.82776,0.62231,-15.1069,11.3053,-9.6336,0.54773,-0.94934,-0.20117,-8.3206,-14.3817,-2.1069
558543068,-0.08411,-0.75024,0.61426,-14.0763,10.7252,-9.8397,0.54517,-0.95874,-0.21484,-8.3969,-14.2443,-2.0382
558544068,-0.05737,-0.78064,0.65662,-12.4580,8.9389,-9.7481,0.54138,-0.96814,-0.22900,-8.4122,-14.0534,-1.9542
558545068,-0.03137,-0.88745,0.72913,-10.8321,6.1679,-9.9695,0.53662,-0.97742,-0.24365,-8.3740,-13.8015,-1.8397
558546067,-0.02222,-0.96729,0.77393,-9.3435,3.1527,-10.9695,0.52966,-0.99353,-0.27283,-8.1603,-13.1450,-1.5420
558547067,-0.02954,-0.97327,0.77124,-7.7634,0.3130,-12.4275,0.52698,-0.99951,-0.28662,-7.9771,-12.6870,-1.3664
558548068,-0.04175,-0.91211,0.72717,-6.0687,-2.3435,-13.7557,0.52319,-1.00464,-0.30139,-7.7634,-12.2061,-1.1985
558549068,-0.06262,-0.83032,0.65662,-5.2824,-4.9237,-14.0458,0.51880,-1.01001,-0.31726,-7.5420,-11.7023,-1.0153
558550067,-0.08533,-0.79150,0.58984,-6.3588,-6.9924,-13.1069,0.51404,-1.01624,-0.33203,-7.3359,-11.1450,-0.8321
558551067,-0.09363,-0.79077,0.54614,-8.2595,-8.1679,-11.8397,0.50916,-1.02197,-0.34692,-7.1527,-10.5649,-0.6718
558552067,-0.10852,-0.77283,0.49854,-9.3282,-8.9466,-11.0229,0.50415,-1.02637,-0.36414,-6.9924,-9.9695,-0.5038
558553067,-0.13599,-0.73254,0.44617,-9.7099,-9.3511,-10.3206,0.49963,-1.03186,-0.38123,-6.8473,-9.3359,-0.3511
558554066,-0.14722,-0.72900,0.41479,-10.7634,-9.0305,-8.9847,0.49561,-1.03833,-0.39880,-6.7176,-8.7023,-0.2061
558555064,-0.15283,-0.78259,0.39954,-12.8550,-8.4198,-7.1832,0.49146,-1.04480,-0.41748,-6.6107,-8.0611,-0.0458
558556069,-0.15930,-0.85889,0.38708,-14.5878,-8.0305,-5.8168,0.48682,-1.05200,-0.43689,-6.5191,-7.3740,0.1450
558557067,-0.15479,-0.90344,0.37659,-14.4656,-8.0382,-5.6260,0.48267,-1.05981,-0.45813,-6.4046,-6.6489,0.3282
558558067,-0.15356,-0.88489,0.36047,-12.8779,-8.7710,-6.3053,0.47839,-1.06738,-0.48096,-6.2748,-5.8931,0.4885
558559067,-0.15540,-0.85010,0.34497,-11.6947,-9.8397,-6.7405,0.47314,-1.07385,-0.50378,-6.1145,-5.1221,0.6565
558560067,-0.15637,-0.87085,0.33704,-11.7023,-11.2061,-6.5038,0.46753,-1.07947,-0.52734,-5.9160,-4.3282,0.7634
558561067,-0.16797,-0.93823,0.32764,-11.9008,-12.6718,-6.4275,0.46191,-1.08435,-0.55298,-5.7099,-3.4885,0.8473
558562067,-0.18933,-0.97815,0.30945,-11.1985,-13.8779,-7.3053,0.45618,-1.08899,-0.58167,-5.4809,-2.6336,0.8855
558563067,-0.21069,-0.97168,0.26843,-10.1374,-14.5878,-8.6336,0.45032,-1.09460,-0.61243,-5.1756,-1.7634,0.9084
558564067,-0.23633,-0.94983,0.21033,-9.7939,-14.9924,-9.4427,0.44360,-1.10059,-0.64392,-4.8092,-0.8397,0.9237
558565067,-0.25183,-0.92102,0.16418,-10.0458,-14.9237,-9.6489,0.43677,-1.10510,-0.67542,-4.3969,0.0916,0.8931
558566067,-0.24548,-0.88098,0.14661,-10.0534,-14.4122,-9.6565,0.43091,-1.10889,-0.70654,-3.9771,1.0305,0.8473
558567065,-0.24658,-0.85376,0.13721,-9.5649,-14.0153,-9.3969,0.42505,-1.11243,-0.73840,-3.5496,2.0076,0.8015
558568069,-0.25537,-0.85608,0.12170,-8.9695,-13.6031,-8.8550,0.41956,-1.11536,-0.77258,-3.1221,3.0153,0.7099
558569068,-0.25952,-0.85327,0.10400,-8.8779,-13.0611,-8.2519,0.41418,-1.11755,-0.80762,-2.7023,4.0076,0.5802
558570067,-0.26965,-0.82935,0.08081,-9.5038,-12.6031,-7.6336,0.40808,-1.11902,-0.84167,-2.3359,4.9924,0.4275
558571067,-0.28235,-0.82678,0.06116,-9.9466,-12.2137,-7.0076,0.40186,-1.11987,-0.87463,-2.0076,5.9771,0.2595
558572067,-0.28564,-0.87366,0.06628,-9.4809,-11.8244,-6.6489,0.39587,-1.11938,-0.90771,-1.7863,6.9618,0.0992
558573067,-0.27673,-0.92627,0.11121,-8.6412,-11.0611,-6.8779,0.38953,-1.11768,-0.94165,-1.6718,7.9847,-0.0305
558574067,-0.25745,-0.92480,0.17883,-8.4198,-9.7405,-7.6183,0.38245,-1.11475,-0.97595,-1.6870,9.0076,-0.1603
558575067,-0.23181,-0.87439,0.24255,-8.7023,-8.1679,-8.3359,0.37610,-1.11145,-1.01038,-1.8397,9.9924,-0.2824
558576067,-0.21362,-0.83643,0.28503,-8.3664,-7.4122,-8.6489,0.37061,-1.10791,-1.04419,-2.1756,10.9695,-0.4046
558577068,-0.17847,-0.86255,0.26135,-6.9084,-7.9466,-8.7176,0.36523,-1.10425,-1.07690,-2.6794,11.9466,-0.5344
558578067,-0.05029,-0.86389,0.46362,-4.9847,-7.3664,-9.6336,0.35938,-1.10010,-1.11072,-3.3664,12.9008,-0.6565
558579067,0.23718,-0.45764,1.43237,-3.1145,0.0687,-12.5267,0.35364,-1.09692,-1.14453,-4.1985,13.8779,-0.7252
558580067,0.68774,0.32227,1.99994,-2.2519,6.0000,-12.0992,0.34814,-1.09424,-1.17554,-5.1679,14.8702,-0.8168
558581067,0.57678,0.46179,1.88049,-3.7252,-8.5267,-1.0229,0.34326,-1.09070,-1.20654,-6.2748,15.8779,-0.9466
558582067,0.00220,-0.89111,0.95776,2.7863,-34.9084,13.8092,0.33911,-1.08740,-1.23792,-7.5344,16.9084,-1.0382
558583068,0.13196,-2.00000,1.24072,22.0000,-45.4809,14.8855,0.33411,-1.08472,-1.26807,-8.9313,17.9389,-1.0916
558584068,0.45471,-2.00000,1.99994,31.7023,-51.6718,3.7786,0.32971,-1.08313,-1.29846,-10.4580,18.9542,-1.1603
558585067,0.23633,-1.93396,1.99994,22.2977,-63.8244,-6.1221,0.32605,-1.08350,-1.32910,-12.0687,20.0000,-1.2443
558586067,0.10840,-0.43384,1.99994,14.6794,-66.0840,-6.9008,0.32178,-1.08508,-1.35913,-13.7481,21.1374,-1.3359
558587067,0.27417,-0.48914,1.99994,20.4580,-66.1832,3.2824,0.31787,-1.08716,-1.38806,-15.4885,22.3282,-1.4198
558588068,0.15112,-2.00000,1.99994,29.0305,-80.8015,12.4656,0.31433,-1.09070,-1.41699,-17.2824,23.5496,-1.5038
558589068,-0.19031,-2.00000,1.19287,45.7099,-97.7710,-0.6107,0.31165,-1.09448,-1.44617,-19.0840,24.8168,-1.6336
558590067,-0.36755,-2.00000,0.69983,76.0992,-109.4809,-33.8702,0.30908,-1.09839,-1.47424,-20.9160,26.1221,-1.7939
558591067,-0.37244,-2.00000,0.80774,93.5649,-118.1450,-58.6107,0.30737,-1.10327,-1.50195,-22.7863,27.4580,-1.9924
558592068,-0.31604,-1.89050,0.53723,88.4504,-129.3588,-62.1450,0.30664,-1.10840,-1.53064,-24.7023,28.8473,-2.2137
558593067,-0.62427,-2.00000,-0.37976,92.9237,-143.8702,-60.0000,0.30481,-1.11340,-1.56067,-26.6412,30.2748,-2.4580
558594068,-1.03052,-2.00000,-0.96790,116.3130,-145.4122,-65.9542,0.30249,-1.11816,-1.58960,-28.6031,31.7328,-2.7176
558595068,-1.09863,-2.00000,-1.21667,121.9313,-129.8321,-76.6489,0.29993,-1.12268,-1.61926,-30.5573,33.2137,-3.0153
558596068,-1.28979,-2.00000,-1.77881,92.0305,-106.9618,-81.0992,0.29724,-1.12805,-1.64990,-32.5191,34.7481,-3.3511
558597068,-1.47705,-1.64819,-2.00000,56.2290,-78.6336,-77.1985,0.29578,-1.13330,-1.68066,-34.4962,36.3053,-3.7328
558598068,-1.24670,-0.91418,-1.85596,36.4885,-48.8931,-68.4580,0.29517,-1.13904,-1.71252,-36.4733,37.9008,-4.1374
558599067,-1.06152,-0.97961,-1.57898,23.9695,-31.1679,-58.1221,0.29468,-1.14526,-1.74597,-38.4656,39.5420,-4.5573
558600068,-1.25293,-1.16235,-1.72961,13.2824,-20.7710,-51.9847,0.29382,-1.14941,-1.77881,-40.4809,41.2290,-5.0076
558601068,-1.24512,-1.21338,-1.48413,3.9771,-5.2824,-48.4580,0.29285,-1.15210,-1.80994,-42.5191,42.9618,-5.4733
558602068,-0.87451,-1.52563,-0.67383,-8.1679,8.4351,-42.0687,0.29285,-1.15515,-1.84265,-44.5802,44.7481,-5.9389
558603068,-0.60840,-1.81628,0.06970,-14.4122,10.7023,-37.8321,0.29443,-1.15796,-1.87646,-46.6565,46.5649,-6.4351
558604068,-0.41492,-1.55469,0.48730,-1.0763,7.7786,-42.3588,0.29614,-1.16077,-1.90894,-48.7481,48.4122,-6.9542
558605068,-0.21338,-1.03149,0.53210,24.1221,-0.2443,-51.2672,0.29724,-1.16382,-1.94128,-50.8626,50.3359,-7.4580
558606068,-0.32715,-0.95801,0.51587,43.3969,-12.7710,-56.7939,0.29773,-1.16541,-1.97400,-53.0229,52.3435,-7.9695
558607068,-0.50269,-1.77783,0.75867,47.5191,-23.7252,-55.9313,0.29895,-1.16516,-2.00000,-55.2061,54.4351,-8.4733
558608068,-0.35950,-2.00000,1.01599,45.2061,-30.8779,-57.9924,0.30127,-1.16467,-2.00000,-57.4122,56.5802,-8.9847
558609067,-0.37378,-2.00000,0.97021,58.6489,-42.6947,-75.2901,0.30249,-1.16492,-2.00000,-59.6565,58.7786,-9.5191
558610067,-0.62146,-2.00000,0.38525,92.8473,-57.2366,-104.3817,0.30261,-1.16541,-2.00000,-61.9695,61.0611,-10.0916
558611068,-0.97046,-2.00000,-0.54126,115.3282,-72.6412,-124.0763,0.30347,-1.16589,-2.00000,-64.3511,63.4351,-10.6718
558612068,-1.35522,-2.00000,-1.92480,101.6870,-89.3435,-125.1145,0.30444,-1.16602,-2.00000,-66.7786,65.8931,-11.2290
558613068,-1.49084,-1.97095,-2.00000,77.0382,-85.4656,-122.4351,0.30591,-1.16516,-2.00000,-69.2443,68.4580,-11.7710
558614068,-1.70801,-1.48645,-2.00000,70.3435,-77.3969,-123.9924,0.30774,-1.16431,-2.00000,-71.7481,71.1298,-12.3053
558615068,-1.89771,-1.34033,-2.00000,70.5191,-64.6412,-121.9160,0.30908,-1.16357,-2.00000,-74.3206,73.9237,-12.8550
558616068,-1.85498,-1.58374,-2.00000,56.7786,-37.9924,-113.8321,0.30969,-1.16333,-2.00000,-76.9924,76.8244,-13.3893
558617068,-1.87305,-1.36963,-2.00000,31.6718,-4.4275,-105.7710,0.30969,-1.16296,-2.00000,-79.7634,79.8855,-13.9084
558618068,-1.77051,-0.61731,-2.00000,7.1450,37.0534,-99.1603,0.30969,-1.16260,-2.00000,-82.5802,82.9160,-14.4351
558619068,-1.73022,-0.01208,-2.00000,-5.2595,65.4809,-93.4656,0.31018,-1.16284,-2.00000,-85.4427,85.9008,-14.9771
558620068,-1.64417,0.27319,-2.00000,-1.6260,76.5573,-89.5573,0.31079,-1.16394,-2.00000,-88.3893,89.1450,-15.5267
558621068,-1.14331,0.45203,-2.00000,8.4351,77.6641,-86.5496,0.31091,-1.16565,-2.00000,-91.4351,92.6489,-16.0687
558622068,-0.69800,-0.16565,-1.27246,20.5344,64.6870,-81.8779,0.31116,-1.16748,-2.00000,-94.5649,96.2901,-16.5649
558623068,-0.50830,-1.31750,-0.68860,42.1221,45.9695,-86.1679,0.31152,-1.16980,-2.00000,-97.8092,100.0153,-17.0382
558624068,-0.38977,-1.37378,-0.50012,60.4504,30.3282,-98.8397,0.31177,-1.17297,-2.00000,-101.0992,103.8015,-17.5191
558625067,-0.63354,-0.45923,-0.94641,57.2748,14.2214,-104.6260,0.31262,-1.17688,-2.00000,-104.4351,107.7328,-17.9924
558626067,-1.06055,-0.17957,-1.53589,44.3206,8.1908,-99.0305,0.31323,-1.18164,-2.00000,-107.8473,111.8015,-18.4580
558627067,-1.08716,-0.77002,-1.52966,44.3588,15.9313,-95.7863,0.31335,-1.18677,-2.00000,-111.3206,115.9924,-18.8855
558628067,-1.04822,-1.02063,-1.23022,59.1527,24.0916,-102.4580,0.31421,-1.19189,-2.00000,-114.8855,120.3053,-19.2824
558629067,-1.15955,-0.89136,-1.31372,66.0840,30.5420,-108.1069,0.31531,-1.19653,-2.00000,-118.5344,124.7710,-19.6336
558630067,-1.11938,-0.76013,-1.58398,51.2443,45.3893,-106.6870,0.31689,-1.20203,-2.00000,-122.2214,129.3740,-19.9389
558631067,-1.09399,-0.39087,-1.67041,31.8855,60.6031,-102.4733,0.31934,-1.20996,-2.00000,-125.9389,134.1527,-20.1985
558632065,-1.14563,0.05627,-1.50024,26.5038,70.0382,-98.6947,0.32251,-1.21863,-2.00000,-129.6870,139.1145,-20.4504
558633065,-1.12244,0.17859,-1.11792,26.3893,71.4885,-92.0611,0.32715,-1.22839,-2.00000,-133.3893,144.2901,-20.7023
558634068,-1.00110,-0.06775,-1.20190,17.1450,65.3359,-80.4275,0.33203,-1.23877,-2.00000,-137.0458,149.6641,-20.9084
558635068,-0.78394,-0.71460,-1.31018,0.6489,60.6870,-65.3511,0.33655,-1.24988,-2.00000,-140.6336,155.2137,-21.0840
558636068,-0.64819,-1.38513,-0.80530,-16.7252,55.4351,-54.4122,0.34180,-1.26245,-2.00000,-144.1298,160.9542,-21.2366
558637068,-0.51245,-1.03040,-0.81726,-23.6947,45.0916,-54.8473,0.34790,-1.27515,-2.00000,-147.5420,166.9466,-21.3893
558638067,-0.80945,0.02271,-2.00000,-5.4427,22.1603,-62.1450,0.35425,-1.28809,-2.00000,-150.8321,173.1985,-21.5573
558639067,-1.96753,0.15991,-2.00000,28.8244,-5.1908,-67.1527,0.36096,-1.30164,-2.00000,-153.9847,179.6794,-21.7176
558640067,-2.00000,-1.71851,-2.00000,37.8015,-9.8321,-62.9618,0.36841,-1.31519,-2.00000,-156.9924,186.3893,-21.8626
558641068,-2.00000,-2.00000,-2.00000,20.0992,-0.7176,-63.9466,0.37622,-1.32849,-2.00000,-159.8779,193.3053,-21.9924
558642068,-2.00000,-2.00000,-2.00000,28.5878,30.6489,-96.7557,0.38428,-1.34082,-2.00000,-162.6107,200.4504,-22.1527
558643068,-2.00000,-2.00000,-2.00000,70.6565,81.6183,-144.9160,0.39209,-1.35327,-2.00000,-165.1756,207.8092,-22.3740
558644068,-2.00000,0.86670,-2.00000,34.0611,97.2061,-140.6107,0.39844,-1.36609,-2.00000,-167.5954,215.3740,-22.6183
558645068,-2.00000,-0.60498,-2.00000,25.9389,112.7481,-123.2901,0.40454,-1.37793,-2.00000,-169.8931,223.1679,-22.8550
558646068,-2.00000,-2.00000,-2.00000,49.7481,158.6260,-129.6260,0.41113,-1.38904,-2.00000,-172.0534,231.1527,-23.1145
558647068,-2.00000,-2.00000,-2.00000,40.5573,201.3206,-146.2519,0.42249,-1.41516,-2.00000,-175.9008,247.6336,-23.7786
558648068,-2.00000,-0.28113,-2.00000,0.1756,234.1603,-153.0916,0.42639,-1.43066,-2.00000,-177.6031,250.1298,-24.1603
558649068,-2.00000,1.99994,-2.00000,-28.7252,250.1298,-139.3130,0.42908,-1.44739,-2.00000,-179.1527,250.1298,-24.5802
558650067,-1.16516,1.99994,-2.00000,-33.8321,250.1298,-113.9695,0.43140,-1.46570,-1.97913,-180.5115,250.1298,-25.0534
558651065,-0.61682,1.99994,-1.73889,-33.5115,250.1298,-93.5496,0.43274,-1.48401,-1.94385,-181.6565,250.1298,-25.5878
558652065,-0.96753,1.99994,-1.84131,-41.2901,250.1298,-83.0000,0.43201,-1.50220,-1.90759,-182.5954,250.1298,-26.1679
558653065,-0.84119,1.99994,-2.00000,-42.6031,250.1298,-74.9618,0.42957,-1.52185,-1.86890,-183.3359,250.1298,-26.7557
558654069,-0.48926,1.99994,-1.74170,-18.7405,211.2748,-61.2748,0.42615,-1.54309,-1.82971,-183.8244,250.1298,-27.3740
558655068,-0.54370,1.99994,-0.90808,16.5267,170.1069,-45.4046,0.42236,-1.56531,-1.79260,-184.0305,250.1298,-28.0687
558656068,-0.12390,1.73853,-0.47180,28.8397,152.3511,-27.8397,0.41724,-1.58777,-1.75549,-183.9771,250.1298,-28.7939
558657068,-0.58118,1.48914,-1.84631,20.4885,133.0687,-10.5649,0.40930,-1.61011,-1.71667,-183.6565,250.1298,-29.5573
558658067,-2.00000,1.03906,-2.00000,21.5115,110.8473,-1.3740,0.40063,-1.63220,-1.67761,-183.0687,250.1298,-30.4046
558659068,-2.00000,0.31714,-2.00000,40.0076,139.3282,-5.4885,0.39172,-1.65356,-1.63684,-182.1985,250.1298,-31.3359
558660067,-2.00000,-0.13281,-2.00000,53.4733,189.4122,-16.5344,0.38025,-1.67334,-1.59521,-181.0534,250.1298,-32.2977
558661068,-2.00000,-0.11047,-2.00000,34.6107,209.5115,-20.5420,0.36548,-1.69055,-1.55371,-179.6870,250.1298,-33.2901
558662067,-2.00000,0.75244,-2.00000,4.8931,234.0916,-21.3435,0.34790,-1.70459,-1.51123,-178.1374,250.1298,-34.3206
558663067,-2.00000,1.63086,-2.00000,29.9237,250.1298,-29.4122,0.32983,-1.71521,-1.46924,-176.4351,250.1298,-35.3969
558664068,-2.00000,0.66602,-2.00000,79.3817,250.1298,-30.7710,0.31201,-1.72217,-1.42798,-174.5649,250.1298,-36.5038
558665068,-2.00000,-1.30688,-2.00000,59.5038,250.1298,-14.6107,0.29150,-1.72546,-1.38599,-172.6031,250.1298,-37.6489
558666068,-2.00000,-1.09705,-2.00000,33.0229,250.1298,-17.8015,0.26746,-1.72461,-1.34204,-170.6412,250.1298,-38.8092
558667068,-2.00000,1.56494,-2.00000,69.5802,250.1298,-41.4198,0.24121,-1.71912,-1.29663,-168.7634,250.1298,-39.9695
558668068,-2.00000,1.99994,-2.00000,81.2748,250.1298,-36.3282,0.21265,-1.70996,-1.25073,-167.0153,250.1298,-41.1145
558669068,-2.00000,1.99994,-2.00000,57.3282,250.1298,-7.1069,0.18140,-1.69788,-1.20374,-165.4504,250.1298,-42.2672
558670067,-2.00000,1.01233,-1.94275,74.9237,250.1298,6.9389,0.14734,-1.68274,-1.15515,-164.1756,250.1298,-43.4351
558671067,-2.00000,-0.50452,-2.00000,101.1298,250.1298,2.7405,0.11047,-1.66553,-1.10559,-163.2290,250.1298,-44.5954
558672067,-1.43262,-0.65686,-1.42346,82.5038,250.1298,-7.4504,0.07117,-1.64661,-1.05457,-162.6718,250.1298,-45.7939
558673068,-1.39111,0.22656,-0.73169,55.3740,250.1298,-13.9542,0.02832,-1.62512,-1.00269,-162.5725,250.1298,-47.0153
558674067,-1.68042,1.55798,-0.37036,50.2977,250.1298,-12.7252,-0.01611,-1.60156,-0.94849,-162.9695,250.1298,-48.2824
558675067,-1.66174,1.99994,-1.40881,51.0458,250.1298,0.4427,-0.06079,-1.57678,-0.89233,-163.8702,250.1298,-49.6336
558676065,-1.64636,1.99994,-2.00000,45.8779,250.1298,25.8702,-0.10583,-1.55103,-0.83447,-165.2977,250.1298,-51.0687
558677069,-0.38574,1.99994,0.25378,43.4580,250.1298,51.4275,-0.15173,-1.52551,-0.77405,-167.2519,250.1298,-52.5420
558678068,1.05615,1.99994,1.99994,63.1069,250.1298,71.6947,-0.19934,-1.50073,-0.71411,-169.7481,250.1298,-54.0458
558679068,-0.90881,0.93164,0.00049,104.6947,250.1298,82.5420,-0.24683,-1.47681,-0.65417,-172.7786,250.1298,-55.6031
558680068,-2.00000,0.19922,-2.00000,159.1756,250.1298,70.5878,-0.29321,-1.45471,-0.59302,-176.2901,250.1298,-57.1756
558681067,-2.00000,0.67090,-2.00000,200.8626,250.1298,50.0458,-0.33850,-1.43591,-0.53186,-180.2214,250.1298,-58.7939
558682068,-2.00000,0.08093,-2.00000,182.6107,250.1298,48.7252,-0.38220,-1.42004,-0.47119,-184.4809,250.1298,-60.4809
558683067,-2.00000,-1.12622,-2.00000,139.1679,250.1298,45.9160,-0.42432,-1.40613,-0.41235,-189.0305,250.1298,-62.1908
558684068,-2.00000,-0.79382,-1.86816,149.9695,250.1298,22.9008,-0.46387,-1.39575,-0.35571,-193.7786,250.1298,-63.9008
558685068,-2.00000,0.46790,-2.00000,178.1145,250.1298,3.7023,-0.50049,-1.38831,-0.29956,-198.6947,250.1298,-65.6183
558686068,-2.00000,1.08398,-2.00000,134.5191,250.1298,14.6412,-0.53345,-1.38367,-0.24390,-203.7023,250.1298,-67.3359
558687068,-2.00000,0.48999,-1.67468,48.1527,250.1298,45.3740,-0.56177,-1.38245,-0.18994,-208.7023,250.1298,-69.0382
558688068,-2.00000,-0.70996,0.53918,-7.9771,250.1298,71.0611,-0.58655,-1.38391,-0.13806,-213.6183,250.1298,-70.7023
558689068,-0.36157,-0.68860,1.99994,-37.6260,250.1298,84.3740,-0.60767,-1.38782,-0.08801,-218.4275,250.1298,-72.2977
558690068,0.11243,1.56824,1.99994,-33.2595,250.1298,91.5878,-0.62500,-1.39441,-0.03723,-223.0687,250.1298,-73.7786
558691067,0.27783,1.99994,1.99994,47.3130,250.1298,91.3053,-0.63855,-1.40369,0.01331,-227.4656,250.1298,-75.1603
558692065,1.35706,1.99994,1.99994,165.6412,250.1298,93.1985,-0.64795,-1.41370,0.06226,-231.5878,250.1298,-76.4275
558693069,0.03430,0.98596,1.99994,217.7557,250.1298,106.1374,-0.65259,-1.42322,0.11182,-235.4198,250.1298,-77.5878
558694068,-2.00000,-1.60144,1.45740,213.2061,250.1298,105.5420,-0.65405,-1.43323,0.16187,-238.9237,250.1298,-78.6031
558695067,-2.00000,-1.95801,-0.81384,240.2901,250.1298,73.5191,-0.65283,-1.44421,0.21216,-242.0916,250.1298,-79.4351
558696068,-2.00000,-2.00000,-2.00000,250.1298,250.1298,37.5954,-0.64771,-1.45483,0.26367,-244.9160,250.1298,-80.1069
558697068,-2.00000,-2.00000,-2.00000,250.1298,250.1298,11.0000,-0.63916,-1.46411,0.31836,-247.4198,250.1298,-80.6412
558698068,-2.00000,-2.00000,-2.00000,250.1298,250.1298,-8.2443,-0.62769,-1.47241,0.37756,-249.6107,250.1298,-81.0458
558699068,-2.00000,-2.00000,-2.00000,237.6794,250.1298,-9.2824,-0.61426,-1.48059,0.43970,-250.1374,250.1298,-81.2901
558700068,-2.00000,-2.00000,-2.00000,155.0534,250.1298,-0.7557,-0.59790,-1.48755,0.50427,-250.1374,250.1298,-81.3817
558701068,-2.00000,-2.00000,-2.00000,109.4046,250.1298,2.4809,-0.57886,-1.49268,0.57202,-250.1374,250.1298,-81.3511
558702068,-2.00000,-2.00000,-2.00000,76.9008,250.1298,12.3359,-0.55872,-1.49670,0.64111,-250.1374,250.1298,-81.2366
558703068,-2.00000,-2.00000,0.90784,30.1145,250.1298,29.4275,-0.53625,-1.49988,0.71277,-250.1374,250.1298,-81.0305
558704067,-2.00000,-2.00000,1.58093,-7.8702,250.1298,45.4275,-0.51184,-1.50195,0.78870,-250.1374,250.1298,-80.7252
558705068,-2.00000,-1.84814,1.99994,-1.2061,250.1298,42.9618,-0.48816,-1.50342,0.86597,-250.1374,250.1298,-80.3206
558706067,-2.00000,-0.41589,1.99994,51.7176,250.1298,22.4046,-0.46448,-1.50476,0.94177,-250.1374,250.1298,-79.8626
558707065,-0.80396,0.03528,1.99994,111.0916,250.1298,2.4504,-0.43848,-1.50562,1.01538,-250.1374,250.1298,-79.3893
558708069,-0.08264,-0.92969,1.99994,148.0992,250.1298,-6.6183,-0.41174,-1.50623,1.08789,-250.1374,250.1298,-78.9008
558709068,-0.51428,-2.00000,1.99994,174.6412,250.1298,-16.6031,-0.38501,-1.50830,1.15906,-250.1374,250.1298,-78.4122
558710068,-0.35632,-2.00000,1.99994,189.1069,250.1298,-28.3053,-0.35864,-1.51123,1.22913,-250.1374,250.1298,-77.9160
558711067,0.36987,-2.00000,1.99994,159.9771,250.1298,-32.0534,-0.33264,-1.51428,1.29700,-250.1374,250.1298,-77.4275
558712067,1.07800,-2.00000,1.99994,106.7710,250.1298,-32.4962,-0.30725,-1.51770,1.36096,-250.1374,250.1298,-76.9542
558713067,1.53088,-2.00000,1.99994,39.2061,250.1298,-18.6947,-0.28198,-1.52222,1.42273,-250.1374,250.1298,-76.4962
558714067,0.99219,-0.70312,1.99994,-54.6260,250.1298,16.7634,-0.25586,-1.52795,1.48132,-250.1374,250.1298,-76.0611
558715067,0.25134,-0.36914,1.99994,-123.3893,250.1298,48.9084,-0.22998,-1.53455,1.53564,-250.1374,250.1298,-75.6794
558716068,-0.23999,-1.38440,1.99994,-116.2061,250.1298,63.0458,-0.20544,-1.54285,1.58752,-250.1374,250.1298,-75.3435
558717067,-1.14014,-2.00000,1.99994,-88.1832,250.1298,66.0763,-0.18274,-1.55200,1.63647,-250.1374,250.1298,-75.0229
558718067,-1.49585,-2.00000,1.99994,-77.3511,250.1298,46.9466,-0.16174,-1.56116,1.68127,-250.1374,250.1298,-74.7481
558719067,-1.90186,-2.00000,0.27295,-53.3282,250.1298,1.1603,-0.14099,-1.56970,1.72424,-250.1374,250.1298,-74.5267
558720067,-2.00000,-1.51233,-1.21021,-22.9618,250.1298,-42.2061,-0.11975,-1.57727,1.76758,-248.7023,250.1298,-74.3893
558721067,-2.00000,0.91931,0.23230,-21.2901,250.1298,-53.0305,-0.09863,-1.58386,1.80957,-245.3206,250.1298,-74.3359
558722067,-1.84766,-0.00403,1.23254,-38.5115,250.1298,-35.1450,-0.07751,-1.58936,1.84961,-241.4580,250.1298,-74.3435
558723065,-2.00000,-2.00000,-0.24683,-47.3359,250.1298,-21.9924,-0.05713,-1.59277,1.88831,-237.1450,250.1298,-74.3893
558724064,-2.00000,-2.00000,-0.28015,-56.9924,250.1298,-23.5344,-0.03821,-1.59412,1.92542,-232.3664,250.1298,-74.5344
558725069,-1.62512,-1.74475,1.09521,-98.2595,250.1298,-16.8244,-0.01929,-1.59448,1.96167,-227.1679,250.1298,-74.7710
558726068,-1.19043,-0.05750,1.99994,-164.3359,250.1298,12.9160,-0.00134,-1.59351,1.99866,-221.5649,250.1298,-75.1221
558727067,-0.58850,0.80054,1.99994,-199.4733,250.1298,48.7634,0.01501,-1.59033,1.99994,-215.6031,250.1298,-75.5649
558728064,0.15295,-0.28638,1.99994,-180.1603,250.1298,75.4427,0.03052,-1.58313,1.99994,-209.3435,250.1298,-76.0763
558729068,0.46375,-2.00000,1.99994,-149.5115,250.1298,83.3588,0.04456,-1.57214,1.99994,-202.8473,250.1298,-76.7023
558730067,0.22375,-2.00000,1.99994,-137.8626,250.1298,72.3130,0.05627,-1.55701,1.99994,-196.1221,250.1298,-77.4275
558731067,-0.37378,-2.00000,1.85950,-122.3130,250.1298,44.7939,0.06555,-1.53821,1.99994,-189.1908,250.1298,-78.1908
558732068,-0.62146,-2.00000,1.99994,-72.8550,250.1298,10.9771,0.07129,-1.51648,1.99994,-182.1221,250.1298,-79.0229
558733067,-0.20544,-1.27161,1.99994,-24.6031,250.1298,-4.4046,0.07324,-1.49182,1.99994,-174.9771,250.1298,-79.9542
558734067,-0.12976,-1.37634,1.99994,-33.2214,250.1298,1.7939,0.07312,-1.46375,1.99994,-167.8321,250.1298,-80.9466
558735065,-0.64197,-1.91504,0.88733,-81.1832,250.1298,10.7328,0.06995,-1.43298,1.99994,-160.7328,250.1298,-81.9771
558736064,-1.21350,-2.00000,0.54382,-104.9542,250.1298,6.3817,0.06274,-1.40039,1.99994,-153.7023,250.1298,-83.0611
558737065,-1.53674,-2.00000,1.02405,-109.3969,250.1298,3.7863,0.05115,-1.36560,1.99994,-146.7557,250.1298,-84.1985
558738069,-1.72583,-2.00000,-1.27649,-123.8931,250.1298,10.9618,0.03503,-1.32959,1.99994,-139.9389,250.1298,-85.3893
558739068,-2.00000,-2.00000,-2.00000,-132.9237,250.1298,17.2595,0.01465,-1.29346,1.99994,-133.2443,250.1298,-86.5878
558740068,-2.00000,-1.99817,-2.00000,-112.5191,250.1298,13.6336,-0.01025,-1.25708,1.99994,-126.7176,250.1298,-87.8092
558741067,-1.60046,-1.68286,-0.58569,-107.6718,250.1298,14.2137,-0.03833,-1.22131,1.99994,-120.3588,250.1298,-89.0000
558742067,-1.77722,-1.93213,-1.23145,-125.3969,250.1298,22.0076,-0.06909,-1.18567,1.99994,-114.1527,250.1298,-90.1603
558743067,-2.00000,-1.86829,-2.00000,-90.3664,250.1298,6.7786,-0.10352,-1.15015,1.99994,-108.1527,250.1298,-91.2672
558744068,-2.00000,-1.64441,-2.00000,-18.9695,250.1298,-21.5649,-0.14075,-1.11572,1.99994,-102.4122,250.1298,-92.3053
558745067,-2.00000,-2.00000,-1.37427,-10.2290,250.1298,-30.3359,-0.18005,-1.08167,1.99994,-96.9389,250.1298,-93.1985
558746068,-2.00000,-2.00000,-1.29663,-41.1145,250.1298,-35.2595,-0.22107,-1.04749,1.99994,-91.6947,250.1298,-93.9771
558747068,-1.86938,-2.00000,-0.64844,-26.7328,250.1298,-50.3893,-0.26392,-1.01245,1.99994,-86.7099,250.1298,-94.5191
558748068,-1.31030,-1.85498,0.47681,10.9771,250.1298,-61.6794,-0.35071,-0.93982,1.99994,-77.6260,250.1298,-94.9160
558749067,-1.18762,-2.00000,0.57532,20.3282,250.1298,-59.4198,-0.39307,-0.90295,1.99994,-73.5878,250.1298,-94.7863
558750067,-1.54956,-2.00000,0.45447,1.2977,250.1298,-50.4122,-0.43506,-0.86572,1.99994,-69.9237,250.1298,-94.4504
558751068,-1.73926,-2.00000,1.86438,-29.7099,250.1298,-41.4809,-0.47595,-0.82715,1.99994,-66.6260,250.1298,-93.8473
558752067,-0.96228,-2.00000,1.99994,-52.0687,250.1298,-38.6107,-0.51538,-0.78784,1.99994,-63.7176,250.1298,-92.9695
558753065,-0.57520,-2.00000,1.99994,-38.1908,250.1298,-48.1450,-0.55408,-0.74866,1.99994,-61.2366,250.1298,-91.8092
558754069,-1.01062,-1.74219,1.70532,7.4885,250.1298,-65.3282,-0.59155,-0.70886,1.99994,-59.1756,250.1298,-90.4046
558755067,-0.71875,-1.38696,1.99994,35.4351,250.1298,-73.3817,-0.62769,-0.66956,1.99994,-57.5496,247.6412,-88.8015
558756068,-0.79187,-2.00000,1.99994,23.1603,250.1298,-72.7863,-0.66162,-0.63196,1.99994,-56.3740,238.9924,-86.9847
558757067,-1.94702,-2.00000,1.39648,37.3130,250.1298,-93.3817,-0.69250,-0.59485,1.99994,-55.6412,229.9847,-84.9466
558758068,-2.00000,-2.00000,1.01587,117.9542,250.1298,-141.6794,-0.72083,-0.55786,1.99994,-55.3130,220.6336,-82.6870
558759068,-2.00000,-2.00000,1.58411,198.7328,250.1298,-177.0153,-0.74634,-0.52258,1.99994,-55.3664,210.9542,-80.2443
558760068,-2.00000,-2.00000,1.55957,204.3359,250.1298,-178.5420,-0.76868,-0.48889,1.99994,-55.8321,200.9771,-77.6260
558761068,-2.00000,-2.00000,1.74329,146.3588,250.1298,-173.5649,-0.78735,-0.45691,1.99994,-56.6489,190.8015,-74.8397
558762068,-0.78430,-2.00000,1.99994,96.8931,250.1298,-186.2137,-0.80249,-0.42737,1.99994,-57.7786,180.4809,-71.9237
558763067,-0.59534,-0.15845,1.99994,100.3206,250.1298,-196.4733,-0.81372,-0.39868,1.99994,-59.2137,169.9924,-68.8931
558764067,-1.11316,0.10352,1.99994,119.5649,250.1298,-179.0153,-0.82068,-0.37195,1.99994,-60.9008,159.3817,-65.7634
558765067,-1.11011,-2.00000,1.99994,115.8931,250.1298,-154.9313,-0.82410,-0.34863,1.99994,-62.8244,148.6947,-62.5725
558766064,-1.47473,-2.00000,1.99994,88.7328,250.1298,-152.2214,-0.82422,-0.32776,1.99994,-64.9542,137.9695,-59.3130
558767065,-1.35449,-2.00000,1.99994,64.5573,250.1298,-171.3817,-0.82068,-0.31055,1.99994,-67.2595,127.2901,-55.9924
558768065,-0.37146,-1.77026,1.99994,76.7328,250.1298,-204.8550,-0.81213,-0.29749,1.99994,-69.7099,116.6412,-52.6336
558769065,0.31689,0.44055,1.99994,129.2672,250.1298,-231.0916,-0.79980,-0.28784,1.99994,-72.2214,106.0611,-49.2366
558770069,0.78406,1.19763,1.99994,169.6718,250.1298,-230.9466,-0.78345,-0.28259,1.99994,-74.7557,95.6031,-45.8321
558771068,0.76782,-0.33984,1.99994,163.9771,250.1298,-209.6565,-0.76306,-0.28162,1.99994,-77.2672,85.3206,-42.4427
558772068,0.70850,-2.00000,1.99994,142.1908,250.1298,-194.3053,-0.74060,-0.28516,1.99994,-79.7099,75.2443,-39.0840
558773067,1.18372,-2.00000,1.99994,135.1832,250.1298,-205.9924,-0.71619,-0.29272,1.99994,-82.0229,65.4122,-35.7328
558774065,0.97998,-2.00000,1.99994,126.8244,250.1298,-227.1908,-0.68884,-0.30444,1.99994,-84.2137,55.8397,-32.4198
558775069,0.74121,1.28394,1.99994,99.8092,203.1756,-223.2901,-0.65820,-0.31995,1.99994,-86.2595,46.5420,-29.1450
558776068,1.18958,1.19080,1.99994,20.4046,124.7634,-149.8473,-0.62512,-0.33789,1.99994,-88.0534,37.5573,-25.9237
558777068,0.70740,-0.91553,1.99994,22.6565,99.1450,-143.7481,-0.59106,-0.35803,1.99994,-89.5267,28.9237,-22.7634
558778067,0.23206,-1.43799,1.99994,52.4656,83.1069,-166.4885,-0.55615,-0.38049,1.99994,-90.7099,20.6183,-19.7023
558779067,-0.56543,-0.49341,1.99994,77.1908,70.2824,-191.6794,-0.52026,-0.40466,1.99994,-91.5954,12.6489,-16.7405
558780065,-1.13245,0.70300,1.99994,84.8015,75.3359,-201.5420,-0.48206,-0.43091,1.99994,-92.2214,5.0305,-13.8779
558781065,-0.96924,1.12231,1.99994,87.2366,89.2061,-196.1221,-0.44312,-0.45764,1.99994,-92.5496,-2.2595,-11.1298
558782069,-0.78699,0.76147,1.99994,95.5420,97.5649,-187.4198,-0.40454,-0.48499,1.99994,-92.5878,-9.1908,-8.4885
558783067,-0.77930,0.18176,1.99994,101.9695,106.7328,-182.3969,-0.36572,-0.51331,1.99994,-92.3588,-15.7786,-5.9542
558784067,-0.54199,0.11731,1.99994,82.7634,128.6718,-175.5496,-0.32727,-0.54175,1.99994,-91.8168,-22.0534,-3.5115
558785067,-0.26038,0.60754,1.99994,27.2977,150.3511,-157.1221,-0.28955,-0.56946,1.99994,-90.9847,-28.0534,-1.1603
558786067,-0.07361,1.12610,1.99994,-37.9695,155.6947,-130.7557,-0.25195,-0.59680,1.99994,-89.8855,-33.7710,1.1145
558787065,0.26257,1.31726,1.99994,-69.0229,143.5191,-110.7786,-0.21362,-0.62354,1.99994,-88.5496,-39.2366,3.2672
558788069,0.69250,1.02063,1.99994,-53.8550,114.3511,-105.9008,-0.17480,-0.64771,1.99994,-87.0153,-44.4656,5.3053
558789068,0.95740,0.58899,1.99994,-23.5038,76.8321,-112.7252,-0.13745,-0.66943,1.99994,-85.3130,-49.4809,7.2366
558790068,1.08044,0.47778,1.99994,-6.3206,41.0687,-121.5420,-0.10181,-0.68982,1.99994,-83.4427,-54.2748,9.0611
558791067,1.05701,0.77979,1.99994,0.1069,15.6489,-128.5802,-0.06714,-0.70911,1.99994,-81.3893,-58.8473,10.8015
558792067,0.89478,1.34277,1.99994,11.1756,0.4580,-134.7405,-0.03284,-0.72620,1.97131,-79.1756,-63.1756,12.4275
558793067,0.73645,1.87073,1.99994,33.9466,-10.7405,-138.6718,0.00183,-0.74207,1.93335,-76.8397,-67.2672,13.9847
558794067,0.49097,1.99994,1.99994,56.6947,-22.1756,-136.6718,0.03589,-0.75610,1.89563,-74.3969,-71.1527,15.4580
558795065,0.24023,1.99994,1.99994,54.1908,-28.8168,-123.9847,0.06812,-0.76746,1.85950,-71.8550,-74.8244,16.8321
558796065,0.22717,1.99994,1.90393,20.8244,-29.2214,-100.9542,0.09875,-0.77795,1.82446,-69.2290,-78.2519,18.0916
558797069,0.11877,1.99994,1.44531,-16.4046,-26.8321,-76.9466,0.12769,-0.78748,1.78870,-66.5802,-81.4351,19.2443
558798068,-0.17139,1.54810,1.99994,-42.2443,-16.5191,-57.6947,0.15527,-0.79565,1.75220,-63.9084,-84.4198,20.2901
558799068,0.08569,1.14148,1.99994,-82.5038,9.0611,-37.4122,0.18335,-0.80261,1.71606,-61.1985,-87.2061,21.2672
558800068,0.53052,1.25183,1.99994,-144.2214,24.7786,-12.5496,0.21167,-0.80945,1.68042,-58.4733,-89.8015,22.1450
558801067,0.24805,1.71350,1.99994,-177.0840,17.9160,4.1756,0.23840,-0.81702,1.64465,-55.6947,-92.1908,22.9160
558802067,0.46326,1.99994,1.99994,-157.2214,18.6947,4.9771,0.26306,-0.82422,1.60913,-52.9160,-94.3588,23.6031
558803067,1.81396,1.99994,1.99994,-140.2977,15.0687,7.0076,0.28650,-0.83069,1.57288,-50.1832,-96.3130,24.2061
558804067,1.99994,1.99994,1.99994,-163.2366,-13.1985,19.6489,0.30896,-0.83765,1.53516,-47.5038,-98.0534,24.7099
558805067,1.88708,1.99994,1.99994,-185.2977,-47.5420,30.5802,0.33057,-0.84485,1.49670,-44.8168,-99.5496,25.1221
558806064,1.30774,1.99994,1.99994,-182.1832,-84.1069,37.1603,0.35071,-0.85193,1.45874,-42.1069,-100.8550,25.4580
558807069,0.98511,1.99994,1.99994,-164.4427,-126.0229,43.7557,0.36951,-0.85938,1.42041,-39.3893,-101.9618,25.6794
558808068,0.57812,1.99994,1.99994,-129.0992,-166.6718,44.6336,0.38684,-0.86707,1.38000,-36.6641,-102.8855,25.8092
558809067,0.71790,1.49854,1.99994,-98.1374,-192.2672,47.3511,0.40271,-0.87402,1.33899,-33.9389,-103.6260,25.8779
558810067,1.24792,0.80432,1.99994,-105.1603,-211.6870,58.4504,0.41833,-0.88013,1.29919,-31.2214,-104.1908,25.9008
558811067,0.62463,0.94629,1.99994,-132.1374,-241.6565,68.0687,0.43372,-0.88550,1.26038,-28.5191,-104.6260,25.8473
558812065,-0.25977,1.51001,1.99994,-139.8550,-250.1374,73.4351,0.44873,-0.88977,1.22290,-25.8779,-104.9160,25.7176
558813069,-0.39343,1.32080,1.45044,-130.9008,-250.1374,79.6947,0.46387,-0.89258,1.18677,-23.2824,-105.0229,25.5573
558814068,-0.78723,0.33350,1.04309,-134.9542,-250.1374,88.6260,0.47900,-0.89465,1.15015,-20.7176,-104.9924,25.3282
558815068,-1.22705,-0.45850,0.66711,-156.3664,-250.1374,96.1527,0.49365,-0.89673,1.11365,-18.1908,-104.8550,25.0687
558816068,-1.29639,-0.20593,-0.02307,-181.5496,-244.3969,98.6947,0.50867,-0.89832,1.07812,-15.7023,-104.5954,24.7557
558817068,-1.29333,0.36951,-0.75330,-195.4733,-225.7328,98.9771,0.52319,-0.90015,1.04211,-13.2824,-104.1908,24.3817
558818067,-1.21021,0.47705,-0.85803,-189.2824,-205.3359,98.1298,0.53638,-0.90222,1.00732,-10.9618,-103.6641,24.0000
558819067,-1.21387,0.04846,-1.04163,-177.1069,-197.1832,99.3893,0.54919,-0.90332,0.97339,-8.7176,-103.0382,23.6107
558820067,-1.33899,-0.68005,-1.97119,-180.8244,-196.4504,101.7939,0.56201,-0.90405,0.94006,-6.5344,-102.2901,23.1985
558821067,-1.52368,-0.92542,-2.00000,-191.8473,-188.8626,97.5191,0.57556,-0.90405,0.90771,-4.4351,-101.3969,22.7557
558822067,-1.35034,-0.27686,-2.00000,-185.7557,-169.4656,84.6183,0.58838,-0.90369,0.87549,-2.4046,-100.3588,22.2977
558823068,-0.75500,0.99963,-0.93323,-165.1756,-147.2977,71.6870,0.59900,-0.90332,0.84375,-0.4885,-99.2290,21.8092
558824068,-0.60352,1.63452,-0.44995,-145.0534,-140.6794,71.5420,0.60938,-0.90222,0.81360,1.3435,-98.0000,21.3359
558825068,-0.92590,0.99670,-0.72705,-130.6947,-138.3130,79.7328,0.61987,-0.90039,0.78455,3.1374,-96.6336,20.8550
558826068,-0.82166,0.01819,-0.65356,-132.1985,-120.3969,85.9008,0.63013,-0.89819,0.75525,4.8779,-95.1527,20.3817
558827068,-0.35315,-0.34619,-0.04175,-140.6031,-102.8855,83.7863,0.63953,-0.89685,0.72595,6.6031,-93.6031,19.9008
558828067,-0.10669,0.18689,0.53906,-130.5878,-104.3282,74.8550,0.64832,-0.89563,0.69702,8.3282,-91.9160,19.4198
558829067,0.22620,0.93103,0.87463,-104.5344,-119.2137,70.0611,0.65710,-0.89392,0.66870,10.0305,-90.0992,18.9084
558830065,0.34619,1.29712,0.80054,-92.2672,-146.2443,77.2290,0.66479,-0.89160,0.64136,11.6641,-88.2137,18.3969
558831069,-0.04248,1.22522,1.19153,-104.1985,-164.9389,92.3282,0.67200,-0.88867,0.61389,13.2214,-86.2595,17.9008
558832068,0.12305,1.10254,1.99994,-121.2748,-155.9847,105.0916,0.67834,-0.88550,0.58630,14.7405,-84.2443,17.3969
558833068,0.65967,0.75916,1.99994,-128.3511,-154.4351,117.6718,0.68347,-0.88196,0.55896,16.2290,-82.1374,16.8779
558834067,0.25195,-0.40393,1.99994,-122.7557,-185.8015,130.5573,0.68811,-0.87842,0.53247,17.7023,-79.9924,16.3435
558835068,-0.08862,-1.61853,1.09302,-95.5191,-210.7710,128.4733,0.69226,-0.87463,0.50647,19.1603,-77.8168,15.8168
558836068,0.15015,-1.73096,1.49756,-69.1374,-223.1832,113.1603,0.69629,-0.87012,0.47961,20.5802,-75.6107,15.3130
558837068,-0.11389,-1.29919,1.60034,-70.8321,-240.1527,102.7557,0.69971,-0.86401,0.45142,21.9466,-73.3740,14.8473
558838067,-0.44482,-1.50586,0.81458,-76.3282,-250.1374,97.9466,0.70227,-0.85681,0.42285,23.2901,-71.0916,14.3740
558839067,-0.56799,-2.00000,0.31189,-63.1908,-250.1374,87.0916,0.70410,-0.84985,0.39551,24.6031,-68.8092,13.9160
558840067,-0.78992,-2.00000,0.01367,-50.3740,-250.1374,69.9466,0.70618,-0.84265,0.37000,25.8855,-66.5649,13.4733
558841068,-1.17004,-2.00000,-1.18481,-55.2443,-250.1374,55.1832,0.70801,-0.83374,0.34509,27.1145,-64.3282,13.0229
558842067,-1.69763,-1.81128,-2.00000,-69.6947,-250.1374,47.8550,0.70923,-0.82483,0.31921,28.2824,-62.0763,12.5878
558843068,-1.93188,-1.23779,-2.00000,-80.0458,-242.4733,44.4351,0.70935,-0.81738,0.29395,29.3969,-59.8168,12.1832
558844068,-1.94336,-0.75500,-2.00000,-89.7939,-221.9160,47.8702,0.70837,-0.81042,0.27075,30.4504,-57.6260,11.8015
558845068,-2.00000,-0.71533,-2.00000,-110.0840,-204.0305,57.8931,0.70679,-0.80298,0.24792,31.4275,-55.4885,11.4046
558846068,-2.00000,-0.63464,-2.00000,-127.2366,-166.1145,65.9847,0.70532,-0.79565,0.22485,32.3053,-53.4122,11.0305
558847067,-2.00000,-0.49023,-2.00000,-130.1527,-116.6565,71.5649,0.70349,-0.78955,0.20251,33.0763,-51.3969,10.7023
558848067,-2.00000,-0.55652,-2.00000,-136.0840,-71.9847,79.2748,0.70178,-0.78394,0.18091,33.7252,-49.4580,10.4275
558849067,-1.45850,-0.29919,-1.76440,-142.3893,-33.2901,81.5038,0.70081,-0.77832,0.15820,34.2748,-47.5725,10.1679
558850067,-0.98584,0.43579,-1.47083,-126.8473,-11.2748,75.5954,0.70056,-0.76685,0.11243,35.0076,-44.0076,9.6870
558851067,-0.50195,0.59155,-1.10156,-96.0000,-9.5649,69.6489,0.70142,-0.76086,0.09143,35.1603,-42.3588,9.4885
558852067,0.11902,-0.22668,-0.26135,-73.6947,-26.9542,66.5878,0.70190,-0.75549,0.07104,35.1603,-40.7939,9.3359
558853067,0.51892,-1.19360,0.38708,-67.3435,-57.9466,62.6641,0.70142,-0.75000,0.05042,35.0840,-39.2901,9.1985
558854068,0.33691,-1.31628,0.33093,-64.8321,-95.3359,53.4962,0.70093,-0.74377,0.03003,34.9237,-37.8550,9.0916
558855067,0.10754,-0.56189,0.01416,-47.9008,-122.5878,40.2061,0.70068,-0.73743,0.01111,34.6565,-36.4885,9.0000
558856068,0.02832,0.26062,-0.01099,-15.2214,-137.9618,30.5802,0.70007,-0.73218,-0.00696,34.2748,-35.1908,8.9084
558857067,-0.28760,0.45422,-0.23889,7.4275,-147.4885,31.8244,0.69934,-0.72815,-0.02429,33.8092,-33.9542,8.8244
558858067,-0.61511,-0.14160,-0.82812,3.9618,-140.5649,41.1374,0.69885,-0.72351,-0.04224,33.2824,-32.7634,8.7405
558859068,-0.78821,-0.90039,-1.39160,-6.7252,-118.7786,45.6183,0.69897,-0.71899,-0.05981,32.6641,-31.6107,8.6565
558860067,-0.95276,-0.99963,-1.92065,-2.1298,-96.9695,39.2061,0.69995,-0.71545,-0.07642,31.9695,-30.5191,8.5878
558861068,-1.07690,-0.55688,-2.00000,11.0992,-83.1221,30.8550,0.70081,-0.71301,-0.09180,31.2290,-29.4733,8.5344
558862068,-1.20618,-0.27600,-2.00000,13.5420,-71.9389,31.3282,0.70154,-0.71094,-0.10559,30.4351,-28.4656,8.4733
558863068,-1.24817,-0.42798,-1.88977,1.0840,-57.2366,40.0305,0.70288,-0.70825,-0.11926,29.6183,-27.4656,8.3817
558864067,-1.08435,-0.61108,-1.50549,-17.6107,-43.6260,49.4809,0.70312,-0.70508,-0.13318,28.7939,-26.5115,8.2824
558865067,-0.79980,-0.41345,-1.65247,-22.7328,-34.1832,51.2214,0.70325,-0.70264,-0.14673,27.9313,-25.5725,8.2061
558866067,-0.44019,-0.04456,-1.29126,3.3511,-26.3511,43.5344,0.70557,-0.70105,-0.15918,27.0611,-24.6565,8.1298
558867068,-0.20105,-0.16614,-0.39294,31.5267,-21.2214,37.9160,0.70813,-0.69922,-0.17029,26.1832,-23.7557,8.0611
558868067,-0.23962,-0.93713,-0.28894,25.6718,-25.7405,41.7481,0.70959,-0.69775,-0.18091,25.2748,-22.8550,8.0000
558869067,-0.41907,-1.51538,-0.97852,17.5496,-32.1908,39.4351,0.71130,-0.69641,-0.19189,24.3359,-21.9466,7.9542
558870067,-0.43835,-1.29163,-1.05469,51.4275,-33.4046,19.4885,0.71460,-0.69507,-0.20154,23.3893,-21.0687,7.8702
558871068,-0.02649,-0.73059,-0.24438,101.2290,-27.7023,-2.9466,0.71802,-0.69458,-0.20935,22.4275,-20.2214,7.7710
558872068,0.16760,-0.51257,0.16309,118.9389,-29.4351,-8.5344,0.72083,-0.69421,-0.21680,21.4656,-19.3435,7.6718
558873068,-0.21631,-0.67261,-0.58350,104.6489,-35.7634,-0.3206,0.72351,-0.69360,-0.22278,20.4962,-18.4427,7.5725
558874067,-0.38232,-0.69177,-1.07751,90.3588,-26.2366,5.1832,0.72546,-0.69299,-0.22717,19.5344,-17.5878,7.4733
558875068,-0.27258,-0.46277,-0.65869,88.6412,-11.3359,4.4122,0.72791,-0.69287,-0.23169,18.5802,-16.7634,7.3588
558876068,-0.04541,-0.31177,-0.03613,87.6565,0.4427,6.1145,0.73071,-0.69409,-0.23499,17.6412,-15.9160,7.2290
558877068,0.17517,-0.26819,0.28430,74.2214,4.1450,15.7099,0.73364,-0.69568,-0.23767,16.7176,-15.0687,7.0611
558878068,0.00635,-0.36035,-0.05774,50.7405,-3.1069,30.3435,0.73706,-0.69812,-0.24109,15.8168,-14.2290,6.8779
558879068,-0.05701,-0.65576,-0.37549,37.3130,-4.3588,39.6489,0.73999,-0.70007,-0.24414,14.9466,-13.3740,6.6260
558880068,0.00842,-0.90735,-0.04016,46.0000,-4.5573,38.6641,0.74207,-0.70044,-0.24670,14.1374,-12.4656,6.3511
558881068,-0.07947,-1.01208,0.26013,61.4962,-11.3588,34.7328,0.74353,-0.70178,-0.24854,13.3740,-11.5344,6.1221
558882068,-0.00378,-1.06763,0.13501,64.0000,-16.4733,34.5725,0.74524,-0.70374,-0.24927,12.6336,-10.6489,5.9237
558883068,-0.05347,-1.15051,-0.17432,56.8931,-20.0382,36.2366,0.74609,-0.70508,-0.24988,11.9160,-9.7863,5.6870
558884068,-0.17859,-1.30298,-0.21741,55.7557,-15.2137,33.8779,0.74585,-0.70630,-0.25061,11.2595,-8.9237,5.4351
558885068,-0.09265,-1.42883,0.16406,61.2443,-4.2672,27.6718,0.74622,-0.70752,-0.24976,10.6870,-8.0382,5.1679
558886068,-0.17102,-1.50537,0.20398,66.4198,-1.4962,21.8779,0.74719,-0.70898,-0.24719,10.1756,-7.1374,4.8626
558887068,-0.26929,-1.76062,-0.11572,70.3359,2.8092,18.0229,0.74768,-0.71143,-0.24500,9.7405,-6.2672,4.5573
558888067,-0.19678,-2.00000,-0.16162,69.6260,10.9618,14.3740,0.74707,-0.71375,-0.24268,9.3511,-5.4275,4.2214
558889067,-0.16907,-2.00000,0.07739,61.9084,17.2290,9.5038,0.74524,-0.71582,-0.23987,8.9847,-4.6031,3.8855
558890068,-0.07935,-1.70349,0.27368,59.1908,19.6947,3.5725,0.74353,-0.71802,-0.23755,8.7023,-3.7786,3.5496
558891068,-0.04651,-1.03125,0.16602,66.9847,13.7405,-0.7786,0.74255,-0.71997,-0.23560,8.5038,-2.9618,3.2443
558892067,-0.05212,-0.63745,-0.04016,71.1069,5.8244,0.7710,0.74072,-0.72302,-0.23450,8.3664,-2.1908,2.9771
558893068,0.08325,-0.54028,-0.08606,62.5573,2.8092,6.8321,0.73816,-0.72729,-0.23376,8.2748,-1.4198,2.7328
558894068,0.12378,-0.43677,0.06445,46.4198,3.5878,13.7786,0.73572,-0.73157,-0.23230,8.2061,-0.6565,2.4656
558895068,0.14563,-0.29578,0.37280,34.7405,9.6260,19.3969,0.73376,-0.73572,-0.23218,8.1908,0.0916,2.2061
558896068,0.17004,-0.27747,0.64075,36.3588,17.2366,23.1832,0.73303,-0.73962,-0.23315,8.2443,0.8092,1.9847
558897068,0.09412,-0.56592,0.65991,46.3359,23.0382,26.5344,0.73230,-0.74292,-0.23450,8.3359,1.5191,1.7939
558898068,0.19165,-1.04602,0.70996,52.8702,31.1756,29.1221,0.72974,-0.74670,-0.23560,8.4504,2.2214,1.6031
558899068,0.35608,-1.32361,0.90955,52.0458,35.1603,29.1374,0.72668,-0.75049,-0.23657,8.5573,2.9084,1.3969
558900068,0.42297,-1.20154,1.13867,49.6183,31.3282,26.6412,0.72375,-0.75256,-0.23926,8.6489,3.5267,1.2519
558901068,0.51941,-0.91589,1.44788,54.1679,20.8015,23.2214,0.72192,-0.75452,-0.24121,8.7786,4.1145,1.1603
558902068,0.68982,-0.84546,1.66479,63.9618,4.6718,21.0000,0.72095,-0.75720,-0.24194,8.8931,4.7023,1.0687
558903067,0.88452,-1.04321,1.88367,67.4962,-9.7710,20.9237,0.71936,-0.75842,-0.24243,8.9542,5.2977,0.9924
558904067,0.85742,-1.38147,1.95166,59.4733,-24.8550,23.0000,0.71704,-0.75830,-0.24207,8.9924,5.8779,0.9695
558905068,0.65674,-1.68262,1.55920,47.0611,-37.9924,24.5344,0.71497,-0.75977,-0.24133,8.9924,6.4046,0.9618
558906068,0.45032,-1.72791,0.93152,42.3435,-49.7176,22.7252,0.71375,-0.76123,-0.24194,8.9389,6.9160,0.9542
558907067,0.23938,-1.58716,0.37585,49.4962,-61.0229,18.2748,0.71350,-0.76160,-0.24268,8.8168,7.4122,0.9160
558908067,0.33984,-1.51904,0.01599,40.4504,-64.2901,19.9847,0.71289,-0.76160,-0.24109,8.6641,7.8931,0.8931
558909065,0.05920,-1.23511,-0.62061,18.8702,-65.9695,25.5649,0.71118,-0.76074,-0.23816,8.4733,8.3893,0.8626
558910068,-0.16162,-0.98633,-1.16833,7.8397,-60.3511,30.2214,0.70850,-0.75903,-0.23511,8.1985,8.9008,0.8244
558911068,-0.30957,-1.14087,-1.50049,4.4198,-53.9160,35.3740,0.70581,-0.75793,-0.23181,7.8550,9.4198,0.7939
558912068,-0.54944,-1.64294,-2.00000,-3.5649,-48.2824,41.3740,0.70325,-0.75781,-0.22803,7.4733,9.9542,0.7405
558913068,-0.75903,-1.99951,-2.00000,-16.2366,-37.0076,43.8168,0.70166,-0.75793,-0.22314,7.0763,10.5267,0.6947
558914068,-0.77588,-1.97217,-2.00000,-25.4427,-17.9924,41.3282,0.69983,-0.75781,-0.21826,6.6565,11.1069,0.6565
558915068,-0.57593,-1.76038,-1.54895,-25.4046,3.4504,35.9008,0.69800,-0.75867,-0.21411,6.1908,11.6870,0.6565
558916068,-0.46814,-1.62964,-1.31848,-16.8244,17.2290,30.4656,0.69678,-0.76172,-0.20959,5.6794,12.2595,0.6336
558917068,-0.33691,-1.61023,-1.24390,-3.5344,27.3359,24.3130,0.69629,-0.76514,-0.20532,5.1527,12.8321,0.5878
558918068,-0.04163,-1.48596,-0.89209,12.3664,35.3282,15.4962,0.69531,-0.76794,-0.20068,4.6183,13.4046,0.4962
558919067,0.12012,-1.34106,-0.64807,29.8168,32.4962,6.1679,0.69324,-0.77161,-0.19507,4.0916,13.9695,0.3740
558920068,0.14746,-1.35815,-0.53162,45.8779,21.6412,-0.2366,0.69128,-0.77686,-0.18958,3.5496,14.5344,0.2366
558921067,0.26416,-1.52539,-0.22961,56.8473,9.1221,-2.8168,0.69055,-0.78333,-0.18372,3.0534,15.0916,0.0992
558922068,0.33545,-1.61487,0.03662,61.7481,-1.6260,-3.6718,0.69080,-0.79004,-0.17627,2.5649,15.6260,-0.0153
558923067,0.28638,-1.51233,0.04700,63.0992,-8.1450,-3.7328,0.69165,-0.79785,-0.16833,2.0687,16.1374,-0.1298
558924067,0.27893,-1.31775,-0.00452,66.8855,-9.9847,-3.3053,0.69189,-0.80615,-0.16125,1.6183,16.6489,-0.2519
558925068,0.35217,-1.24707,-0.09058,71.2595,-10.9847,-1.0305,0.69116,-0.81519,-0.15540,1.2519,17.1756,-0.3588
558926068,0.49438,-1.45093,-0.45068,68.6870,-12.7557,2.8092,0.69104,-0.82495,-0.14941,0.9542,17.7099,-0.4351
558927068,0.41125,-1.54822,-0.93396,63.1908,-16.8092,2.6031,0.69275,-0.83411,-0.14355,0.7481,18.2290,-0.5191
558928068,0.09875,-1.27551,-1.30151,64.1679,-21.1832,-2.6183,0.69446,-0.84351,-0.13867,0.6260,18.7481,-0.5954
558929068,-0.00891,-1.03552,-1.34912,67.4962,-20.7786,-5.8702,0.69580,-0.85205,-0.13391,0.5802,19.2824,-0.6489
558930068,-0.07874,-1.33118,-1.37573,65.0382,-21.2901,-2.6947,0.69800,-0.85986,-0.12854,0.6260,19.8168,-0.6947
558931067,-0.24841,-1.90405,-1.62012,59.4427,-17.5573,0.3282,0.69995,-0.86841,-0.12451,0.7252,20.3435,-0.6947
558932067,-0.28479,-1.96863,-1.64197,56.3130,-3.6336,-2.7939,0.70142,-0.87634,-0.12207,0.8779,20.8397,-0.6412
558933068,-0.23523,-1.49475,-1.37097,53.5954,13.4275,-6.6336,0.70337,-0.88403,-0.11877,1.0763,21.3130,-0.5573
558934067,-0.19751,-1.18652,-1.15442,47.5267,27.1679,-4.0763,0.70496,-0.89124,-0.11377,1.2977,21.7634,-0.4962
558935068,-0.19348,-1.42969,-1.20056,41.3053,33.4046,2.1679,0.70557,-0.89648,-0.10962,1.5191,22.1908,-0.4504
558936067,-0.19189,-1.90784,-1.19458,41.8473,35.1298,3.3817,0.70593,-0.90076,-0.10669,1.7557,22.6107,-0.3969
558937067,-0.13855,-2.00000,-0.92749,48.1145,34.1832,-2.3206,0.70618,-0.90491,-0.10266,2.0000,23.0229,-0.3359
558938068,-0.16138,-2.00000,-0.65039,51.7481,28.8855,-9.2672,0.70618,-0.90796,-0.09741,2.2595,23.4275,-0.3053
558939068,-0.17798,-1.81104,-0.56897,52.2901,22.7634,-13.7176,0.70569,-0.91003,-0.09131,2.5344,23.7786,-0.2901
558940067,-0.07373,-1.53186,-0.82446,54.3893,15.9237,-15.9847,0.70483,-0.91174,-0.08496,2.7863,24.0534,-0.2977
558941067,-0.03882,-1.45044,-0.98572,56.3511,12.1374,-17.0000,0.70422,-0.91284,-0.08008,3.0000,24.2672,-0.3435
558942067,-0.00562,-1.54358,-0.68311,56.4885,15.8473,-18.1221,0.70386,-0.91309,-0.07520,3.1908,24.4580,-0.4122
558943067,-0.02393,-1.48584,-0.31409,52.3664,23.6031,-19.5420,0.70337,-0.91333,-0.06860,3.3435,24.5878,-0.5115
558944065,-0.26331,-1.31335,-0.27136,46.7481,30.1374,-19.0382,0.70276,-0.91443,-0.06213,3.4504,24.6718,-0.6565
558945069,-0.39783,-1.39600,-0.38818,48.9771,37.1527,-17.8168,0.70203,-0.91504,-0.05627,3.5038,24.6947,-0.8473
558946068,-0.40540,-1.65820,-0.28101,56.9008,42.8931,-18.7481,0.70166,-0.91492,-0.05017,3.5191,24.6718,-1.0534
558947068,-0.46545,-1.69507,-0.09729,58.4351,43.7863,-21.3893,0.70032,-0.91479,-0.04468,3.4733,24.5802,-1.3206
558948068,-0.37830,-1.45959,0.06702,49.5878,43.4656,-21.9389,0.69775,-0.91528,-0.03979,3.4122,24.4198,-1.5878
558949067,-0.18005,-1.24048,0.30212,38.6183,39.6641,-19.5496,0.69519,-0.91650,-0.03455,3.3359,24.1908,-1.8626
558950067,-0.01855,-1.06677,0.80176,35.9237,35.5496,-18.4198,0.69238,-0.91858,-0.02307,3.2061,23.6489,-2.3969
558951068,0.19568,-0.96545,1.45215,38.9466,33.2290,-18.3053,0.69055,-0.92163,-0.01831,3.1908,23.3511,-2.6870
558952068,0.35095,-1.00903,1.66089,37.1298,27.9389,-16.0305,0.68933,-0.92493,-0.01233,3.1374,22.9924,-2.9695
558953068,0.23767,-1.17126,1.35950,30.8473,18.2061,-12.8626,0.68896,-0.92712,-0.00549,3.0916,22.5725,-3.2366
558954067,0.08398,-1.41736,1.03540,30.9237,8.0916,-12.8244,0.68860,-0.92859,0.00134,3.0458,22.1069,-3.4809
558955068,0.05688,-1.60693,1.02979,36.6489,-1.9847,-16.0687,0.68762,-0.93018,0.00818,3.0382,21.6183,-3.7252
558956068,0.01733,-1.59741,0.97546,42.2519,-14.5496,-20.2290,0.68677,-0.93323,0.01477,3.0763,21.1069,-3.9389
558957068,-0.09106,-1.34229,0.73669,45.8168,-25.1756,-23.3588,0.68640,-0.93665,0.02100,3.1145,20.5802,-4.1450
558958068,-0.19238,-1.08118,0.59351,43.4351,-30.5649,-22.1756,0.68518,-0.93933,0.02722,3.1756,20.0382,-4.3130
558959068,-0.21667,-1.00635,0.55933,32.2366,-28.9389,-17.0153,0.68359,-0.94165,0.03357,3.2748,19.5038,-4.4427
558960067,-0.25415,-1.04663,0.42517,18.2137,-23.9160,-11.6183,0.68201,-0.94324,0.03821,3.3969,19.0229,-4.5573
558961067,-0.31543,-1.06165,0.23608,10.3893,-18.1069,-9.3435,0.67993,-0.94336,0.04114,3.5573,18.5496,-4.6183
558962067,-0.30371,-1.00745,0.24866,10.4046,-12.1450,-9.9542,0.67712,-0.94287,0.04468,3.7328,18.0611,-4.6107
558963067,-0.25647,-1.00061,0.24866,12.1985,-9.7710,-10.8931,0.67432,-0.94299,0.04810,3.9695,17.5954,-4.5420
558964067,-0.23267,-1.04602,0.17493,13.7252,-11.1221,-11.8779,0.67188,-0.94360,0.05115,4.2443,17.1679,-4.4198
558965067,-0.19116,-1.10803,0.16577,19.1908,-16.2061,-14.0687,0.66931,-0.94238,0.05530,4.5115,16.7252,-4.3130
558966067,-0.12500,-1.10461,0.20410,26.6260,-22.8779,-17.1832,0.66650,-0.94031,0.05908,4.7328,16.2214,-4.2214
558967067,-0.09131,-0.96875,0.22839,29.7252,-29.0992,-18.8550,0.66443,-0.93872,0.06287,4.9008,15.6718,-4.1527
558968067,-0.11230,-0.77612,0.15906,27.8473,-33.3511,-17.8092,0.66162,-0.93469,0.06702,5.0382,15.0992,-4.1298
558969067,-0.15234,-0.65454,0.05701,22.0840,-34.4046,-13.9618,0.65723,-0.93005,0.07104,5.1298,14.5191,-4.0840
558970067,-0.19897,-0.69080,-0.04346,13.7939,-33.4427,-8.5878,0.65271,-0.92664,0.07495,5.1985,13.9084,-3.9924
558971067,-0.26001,-0.82300,-0.12830,6.8855,-30.5191,-4.5191,0.64856,-0.92175,0.07849,5.2214,13.2595,-3.8779
558972067,-0.30811,-0.93628,-0.21460,3.2901,-27.2443,-3.1527,0.64441,-0.91638,0.08240,5.1908,12.5725,-3.7405
558973067,-0.33630,-0.93396,-0.28662,3.0992,-25.4656,-3.9847,0.64075,-0.91199,0.08496,5.0840,11.8244,-3.6107
558974068,-0.34058,-0.88306,-0.30151,7.4427,-25.8626,-5.7328,0.63745,-0.90723,0.08582,4.9313,11.0305,-3.4733
558975067,-0.31482,-0.87964,-0.26941,13.7176,-27.2214,-7.4275,0.63379,-0.90259,0.08728,4.7786,10.2366,-3.3359
558976067,-0.27661,-0.89453,-0.20398,17.2672,-28.1069,-8.2672,0.62976,-0.89893,0.08862,4.5954,9.4427,-3.1985
558977068,-0.24756,-0.88525,-0.14441,17.7557,-27.8397,-8.2137,0.62573,-0.89551,0.08936,4.3588,8.6336,-3.0992
558978067,-0.23535,-0.84155,-0.10962,16.5420,-26.5725,-7.2519,0.62292,-0.89258,0.09058,4.1069,7.8092,-2.9847
558979067,-0.24084,-0.83850,-0.13513,13.6641,-25.4962,-5.0305,0.62109,-0.89087,0.09229,3.8244,6.9771,-2.8626
558980067,-0.26428,-0.92175,-0.19397,9.9160,-25.1221,-2.1450,0.61890,-0.88855,0.09399,3.5267,6.1374,-2.7557
558981067,-0.28479,-1.04175,-0.21753,6.1679,-25.7252,0.2901,0.61584,-0.88574,0.09607,3.2137,5.3053,-2.6641
558982068,-0.29285,-1.13135,-0.19983,3.3130,-27.3664,1.4962,0.61340,-0.88354,0.09888,2.8931,4.4885,-2.5954
558983068,-0.31226,-1.17712,-0.18884,3.1298,-29.9389,1.2137,0.61169,-0.88098,0.10132,2.5725,3.7023,-2.5420
558984068,-0.33765,-1.20618,-0.18567,6.1832,-32.0458,-0.3511,0.61047,-0.87903,0.10388,2.2290,2.9313,-2.4962
558985068,-0.35144,-1.23401,-0.17554,10.3053,-32.7328,-2.3969,0.61084,-0.87769,0.10779,1.8779,2.1832,-2.4351
558986068,-0.36792,-1.27991,-0.18884,12.2214,-31.8779,-3.9160,0.61182,-0.87634,0.11230,1.5420,1.4656,-2.3740
558987068,-0.38538,-1.30994,-0.21655,10.7786,-29.6031,-4.8168,0.61206,-0.87512,0.11694,1.2061,0.7786,-2.3053
558988067,-0.38928,-1.27551,-0.22595,7.8702,-26.6336,-5.4198,0.61145,-0.87524,0.12207,0.8702,0.1527,-2.2595
558989068,-0.38892,-1.19958,-0.23108,5.4656,-24.6336,-5.7252,0.61084,-0.87537,0.12695,0.5038,-0.4046,-2.2214
558990067,-0.39209,-1.13562,-0.24878,3.7099,-24.0687,-5.4733,0.61096,-0.87512,0.13098,0.1221,-0.8931,-2.1603
558991065,-0.39795,-1.11707,-0.25452,2.2443,-24.4809,-4.7634,0.61023,-0.87427,0.13550,-0.2672,-1.3206,-2.0840
558992069,-0.39905,-1.13867,-0.22961,0.9542,-25.0153,-4.0992,0.60828,-0.87292,0.14014,-0.6336,-1.6794,-2.0229
558993068,-0.38977,-1.18274,-0.18335,0.2901,-25.3282,-3.8473,0.60828,-0.87195,0.14563,-0.9695,-1.9771,-1.9847
558994068,-0.37659,-1.21362,-0.14465,1.1374,-25.3817,-4.3664,0.60901,-0.87122,0.15198,-1.2901,-2.2366,-1.9542
558995068,-0.34680,-1.18848,-0.11255,2.7939,-24.7786,-5.4198,0.60779,-0.86963,0.15784,-1.6183,-2.4809,-1.9160
558996067,-0.30908,-1.08704,-0.08228,3.1908,-23.7710,-6.2595,0.60657,-0.86755,0.16382,-1.9847,-2.6794,-1.8550
558997067,-0.27637,-0.94861,-0.05554,1.7634,-22.7634,-6.1603,0.60535,-0.86584,0.17151,-2.3969,-2.8397,-1.7863
558998067,-0.24390,-0.86145,-0.03003,-0.3130,-22.4580,-5.0458,0.60352,-0.86414,0.17920,-2.8244,-2.9847,-1.6565
558999067,-0.22827,-0.86780,-0.01147,-1.7786,-23.3817,-3.6107,0.60217,-0.86182,0.18701,-3.2595,-3.0992,-1.5344
559000065,-0.23706,-0.94092,-0.00977,-2.2061,-25.1145,-2.6183,0.60046,-0.85876,0.19592,-3.7099,-3.1832,-1.4275
559001069,-0.25342,-1.02026,-0.01453,-2.2290,-26.7786,-2.2901,0.59778,-0.85571,0.20532,-4.1603,-3.2443,-1.3664
559002068,-0.27344,-1.05090,-0.02734,-2.3893,-28.3053,-2.3893,0.59387,-0.85327,0.21460,-4.5954,-3.3130,-1.3206
559003067,-0.29541,-1.02271,-0.05493,-2.3664,-29.5191,-2.5344,0.59009,-0.85229,0.22375,-5.0382,-3.3893,-1.2748
559004067,-0.30627,-0.97900,-0.07507,-2.1908,-30.1450,-2.2519,0.58716,-0.85229,0.23438,-5.4733,-3.4351,-1.2214
559005067,-0.30322,-0.95227,-0.07471,-2.7786,-30.1450,-1.4351,0.58545,-0.85120,0.24658,-5.8473,-3.4427,-1.1832
559006067,-0.30029,-0.93408,-0.07385,-4.4275,-29.7481,-0.3282,0.58337,-0.84973,0.25989,-6.1527,-3.4580,-1.1985
559007065,-0.31067,-0.92615,-0.09595,-6.6107,-29.4580,0.9084,0.58057,-0.84888,0.27271,-6.4427,-3.4962,-1.2366
559008069,-0.32825,-0.95862,-0.11707,-8.7023,-29.2519,2.2290,0.57751,-0.84766,0.28552,-6.7252,-3.5420,-1.3053
559009068,-0.34546,-1.04651,-0.12878,-10.0840,-29.1679,3.2443,0.57385,-0.84631,0.30103,-6.9695,-3.5573,-1.4046
559010068,-0.35767,-1.15002,-0.12805,-10.5725,-28.8779,3.4580,0.56921,-0.84460,0.31897,-7.1527,-3.5496,-1.5115
559011068,-0.36475,-1.21423,-0.10938,-10.2824,-28.4580,2.7481,0.56384,-0.84290,0.33618,-7.2824,-3.5496,-1.6336
559012068,-0.36670,-1.21753,-0.10559,-9.3664,-28.0382,1.4504,0.55811,-0.84119,0.35303,-7.4046,-3.5649,-1.7786
559013068,-0.36584,-1.18518,-0.12134,-8.3740,-27.7710,0.2061,0.55200,-0.83972,0.37244,-7.4962,-3.5878,-1.9466
559014067,-0.36072,-1.15686,-0.12817,-8.1221,-27.7023,-0.4885,0.54614,-0.83899,0.39355,-7.5954,-3.6412,-2.1221
559015068,-0.34265,-1.14075,-0.11841,-9.0305,-27.7557,-0.6870,0.54065,-0.83728,0.41467,-7.6870,-3.7481,-2.2901
559016067,-0.32642,-1.12061,-0.11487,-10.7176,-28.1756,-0.6107,0.53406,-0.83435,0.43640,-7.7634,-3.8855,-2.4427
559017067,-0.32898,-1.10291,-0.11841,-12.3359,-28.8321,-0.3282,0.52771,-0.83179,0.45850,-7.8397,-4.0382,-2.6107
559018065,-0.33252,-1.11255,-0.12842,-13.5649,-29.4351,0.1527,0.52258,-0.82935,0.48083,-7.8855,-4.2137,-2.7863
559019065,-0.33362,-1.12317,-0.14587,-14.4885,-29.7405,0.4733,0.51819,-0.82678,0.50403,-7.9237,-4.4198,-2.9466
559020069,-0.34949,-1.09827,-0.17200,-14.3206,-29.9695,0.2748,0.51343,-0.82507,0.52832,-7.9771,-4.6870,-3.0611
559021068,-0.36914,-1.06506,-0.20227,-12.5344,-29.9084,-0.2061,0.50757,-0.82373,0.55359,-8.0153,-5.0076,-3.1298
559022068,-0.39209,-1.08301,-0.23572,-10.3282,-29.9008,-0.4046,0.50171,-0.82190,0.57996,-8.0229,-5.3664,-3.1756
559023068,-0.41980,-1.14160,-0.27844,-8.9237,-29.6107,-0.4962,0.49573,-0.81982,0.60803,-8.0000,-5.7939,-3.2137
559024067,-0.44861,-1.17603,-0.31958,-8.6565,-28.7939,-0.8168,0.48914,-0.81726,0.63647,-7.9771,-6.2748,-3.2290
559025067,-0.47021,-1.18225,-0.35132,-9.4962,-27.4809,-1.0305,0.48193,-0.81519,0.66479,-7.9618,-6.8015,-3.2290
559026067,-0.47327,-1.19995,-0.35583,-11.0534,-25.8168,-0.8397,0.47510,-0.81335,0.69324,-7.9542,-7.3893,-3.2366
559027065,-0.47351,-1.23096,-0.35474,-12.9389,-24.3588,-0.5420,0.46863,-0.81067,0.72095,-7.9542,-8.0305,-3.2672
559028065,-0.47009,-1.25061,-0.34766,-14.9389,-22.7328,-0.5115,0.46106,-0.80859,0.74878,-7.9542,-8.7328,-3.3053
559029069,-0.46069,-1.26233,-0.32642,-16.1527,-21.2977,-0.9466,0.45276,-0.80701,0.77710,-7.9160,-9.4962,-3.2824
559030067,-0.44861,-1.26465,-0.30432,-15.4122,-20.2748,-2.1450,0.44519,-0.80481,0.80518,-7.8550,-10.3511,-3.2366
559031068,-0.44189,-1.24841,-0.29248,-12.8473,-19.9008,-3.9542,0.43823,-0.80188,0.83398,-7.7786,-11.2748,-3.2061
559032067,-0.44739,-1.23608,-0.30652,-9.9466,-19.9160,-5.7863,0.43115,-0.79858,0.86316,-7.6870,-12.2672,-3.2137
559033065,-0.44946,-1.23486,-0.32043,-7.9160,-19.5420,-7.3588,0.42444,-0.79614,0.89233,-7.5649,-13.3130,-3.2366
559034063,-0.44702,-1.20935,-0.31824,-6.7939,-18.7863,-8.7786,0.41833,-0.79504,0.92273,-7.3740,-14.3893,-3.2672
559035066,-0.44409,-1.14368,-0.31689,-6.3969,-17.9160,-9.8321,0.41211,-0.79456,0.95374,-7.0992,-15.5115,-3.2748
559036069,-0.44116,-1.06921,-0.32959,-7.0534,-17.1145,-10.0458,0.40613,-0.79443,0.98450,-6.7328,-16.7099,-3.2824
559037068,-0.44141,-1.01440,-0.33777,-8.8702,-16.2290,-9.3740,0.40161,-0.79553,1.01538,-6.2519,-17.9389,-3.3130
559038068,-0.43713,-0.99048,-0.32275,-11.4351,-15.1832,-8.1527,0.39746,-0.79688,1.04761,-5.6260,-19.1908,-3.3588
559039068,-0.42090,-0.99255,-0.28723,-13.9924,-13.9847,-6.9084,0.39270,-0.79797,1.08118,-4.9008,-20.4504,-3.4046
559040067,-0.40894,-0.99719,-0.25073,-15.3588,-12.9695,-6.1145,0.38733,-0.79932,1.11572,-4.0840,-21.6947,-3.4122
559041067,-0.40405,-0.98816,-0.22766,-14.9466,-12.0840,-5.9389,0.38196,-0.80078,1.15039,-3.1527,-22.9313,-3.4046
559042068,-0.39209,-0.97095,-0.20557,-13.6031,-11.2824,-6.0534,0.37622,-0.80176,1.18347,-2.0916,-24.1832,-3.3893
559043068,-0.38220,-0.95923,-0.18872,-12.4122,-10.9466,-6.0611,0.37024,-0.80261,1.21704,-0.8626,-25.4351,-3.3588
559044067,-0.40308,-0.97302,-0.16736,-11.4580,-11.0382,-5.9618,0.36414,-0.80334,1.25183,0.5344,-26.6794,-3.2901
559045067,-0.16101,-0.20251,-0.46118,-12.1069,-10.6565,-9.0229,0.35852,-0.80298,1.28699,2.0687,-27.9237,-3.1985
559046067,0.31519,0.55872,-0.36975,-13.9389,-9.0153,-6.3588,0.35339,-0.80164,1.32385,3.7176,-29.1679,-3.0992
559047067,0.59448,0.29480,0.21887,-17.6947,-12.1908,7.2061,0.34741,-0.79993,1.36133,5.4809,-30.4580,-2.9771
559048067,0.50000,-1.20374,0.26978,-25.4198,-24.2137,26.0534,0.33984,-0.79773,1.39844,7.3969,-31.7786,-2.8473
559049067,-0.09082,-2.00000,-1.16077,-32.4962,-46.7328,34.5802,0.33130,-0.79492,1.43665,9.4351,-33.1069,-2.7023
559050067,-0.65930,-1.82227,-2.00000,-24.5420,-58.1374,27.7099,0.32190,-0.79224,1.47461,11.5725,-34.4198,-2.5496
559051068,-0.82825,-0.93433,-2.00000,-6.9389,-57.1298,21.9160,0.31177,-0.79041,1.51111,13.8015,-35.7099,-2.3511
559052067,-0.89563,-0.93970,-2.00000,-6.6107,-54.0611,28.3282,0.29260,-0.78503,1.58569,18.5115,-38.3893,-1.9008
559053067,-1.04834,-1.49353,-2.00000,-27.1069,-45.2977,37.9924,0.28296,-0.78162,1.62402,20.9542,-39.7328,-1.6794
559054068,-1.25769,-2.00000,-2.00000,-38.1145,-24.8931,38.3053,0.27295,-0.77856,1.66199,23.4275,-41.1069,-1.4198
559055067,-1.17273,-2.00000,-1.76367,-31.0916,8.9160,27.2672,0.26172,-0.77637,1.69885,25.9237,-42.5191,-1.1374
559056067,-0.94287,-2.00000,-1.79553,-20.4351,38.1527,8.3969,0.25024,-0.77319,1.73450,28.4504,-43.9618,-0.8168
559057067,-1.08264,-2.00000,-2.00000,-11.0076,48.7328,-10.2061,0.23816,-0.76904,1.76953,31.0076,-45.4046,-0.4656
559058068,-1.03418,-1.93384,-2.00000,-4.8244,54.7634,-18.5496,0.22437,-0.76575,1.80481,33.6260,-46.8931,-0.0763
559059068,-0.48853,-2.00000,-1.06335,-11.4275,60.7557,-17.1756,0.20972,-0.76221,1.83936,36.2901,-48.4351,0.3893
559060067,-0.14062,-2.00000,-0.11902,-21.9618,56.0382,-16.4275,0.19373,-0.75830,1.87183,38.8931,-50.0305,0.8931
559061068,-0.04126,-2.00000,0.09375,-21.8397,45.4885,-21.1908,0.17664,-0.75488,1.90369,41.4504,-51.6870,1.4351
559062068,0.12146,-1.76111,0.17871,-21.9237,35.5344,-22.0305,0.15942,-0.75098,1.93469,43.9924,-53.4351,1.9924
559063067,0.26709,-1.30286,0.37537,-39.0229,28.2824,-11.8855,0.14197,-0.74707,1.96375,46.5038,-55.2672,2.6031
559064068,0.32214,-1.33521,0.60999,-65.0763,23.5038,2.7481,0.12561,-0.74426,1.99316,49.0076,-57.2061,3.2519
559065068,0.24670,-1.76953,0.70227,-80.9924,15.0229,12.6565,0.10925,-0.74182,1.99994,51.5038,-59.2901,3.9542
559066068,-0.00769,-2.00000,0.53650,-78.4733,2.0382,13.1298,0.09253,-0.73938,1.99994,54.0076,-61.5115,4.6947
559067068,-0.30884,-2.00000,0.19739,-67.5954,-8.5496,3.3588,0.07581,-0.73718,1.99994,56.5038,-63.8702,5.4733
559068068,-0.52759,-2.00000,-0.07776,-64.3053,-12.2672,-9.8321,0.05823,-0.73547,1.99994,58.9771,-66.3664,6.3130
559069068,-0.49463,-2.00000,-0.11218,-70.8550,-8.5878,-18.4504,0.04016,-0.73438,1.99994,61.3969,-68.9924,7.1985
559070067,-0.14880,-2.00000,0.51172,-74.3588,1.1908,-22.9237,0.02271,-0.73315,1.99994,63.8168,-71.7710,8.0992
559071068,0.06909,-2.00000,1.81262,-71.0534,11.9160,-27.8702,0.00427,-0.73145,1.99994,66.2672,-74.7023,9.0382
559072068,0.23975,-1.90735,1.99994,-72.9313,21.1527,-29.5115,-0.01562,-0.72900,1.99994,68.7252,-77.7634,10.0076
559073068,0.27295,-2.00000,1.78528,-86.5496,21.0992,-22.5267,-0.03528,-0.72571,1.99994,71.1603,-81.0076,10.9771
559074068,0.08435,-2.00000,1.15332,-86.4427,6.4351,-16.8702,-0.05505,-0.72229,1.99994,73.5573,-84.4504,11.9771
559075068,0.26025,-2.00000,1.66077,-61.7328,-8.1908,-27.6412,-0.07385,-0.71838,1.99994,75.9008,-88.1450,13.0076
559076067,0.11023,-2.00000,1.98352,-51.4962,-36.4427,-45.1527,-0.09155,-0.71362,1.99994,78.1603,-92.0382,14.1221
559077067,-0.41650,-1.88293,1.02954,-68.1756,-66.9313,-54.4275,-0.10999,-0.70959,1.99994,80.3206,-96.0916,15.2977
559078067,-0.25659,-0.55420,1.05505,-71.0382,-68.7099,-55.9695,-0.12854,-0.70667,1.99994,82.3817,-100.3435,16.4733
559079067,0.12256,-0.84558,1.99994,-52.1603,-65.4656,-54.1298,-0.14722,-0.70166,1.99994,84.4351,-104.7786,17.6183
559080067,0.13000,-2.00000,1.99994,-47.6260,-65.9542,-52.8702,-0.16577,-0.69592,1.99994,86.3817,-109.4275,18.7481
559081067,-0.20471,-2.00000,1.10754,-61.8779,-62.9771,-57.7099,-0.18335,-0.69153,1.99994,88.0534,-114.3206,19.9313
559082067,-0.64722,-1.70557,-0.02429,-68.7786,-50.8626,-66.6565,-0.20166,-0.68811,1.99994,89.5344,-119.4351,21.1450
559083067,-0.65442,-0.98816,0.28638,-66.4962,-32.5115,-69.4504,-0.21948,-0.68567,1.99994,91.0000,-124.7481,22.3817
559084067,-0.49219,-0.78247,0.81458,-68.2214,-28.7863,-62.7786,-0.23645,-0.68323,1.99994,92.4962,-130.2290,23.6031
559085067,-0.46045,-0.75891,0.48511,-68.6489,-37.8397,-54.5573,-0.25342,-0.68250,1.99994,93.9924,-135.8702,24.8473
559086067,-0.44226,-0.60828,0.17761,-61.7176,-45.4885,-51.7786,-0.26965,-0.68298,1.99994,95.3206,-141.7176,26.0992
559087068,-0.20300,-0.44080,0.85229,-60.1679,-39.1298,-51.3206,-0.28552,-0.68481,1.99994,96.5115,-147.7710,27.3588
559088068,0.14294,-0.41943,1.58789,-68.2748,-32.4962,-48.1832,-0.30017,-0.68799,1.99994,97.6260,-153.9542,28.6260
559089067,0.10339,-0.53833,1.33398,-76.3664,-36.6870,-43.7786,-0.31226,-0.69189,1.99994,98.7176,-160.2443,29.8702
559090067,0.12659,-0.83984,0.72009,-72.4656,-40.5191,-43.8473,-0.32202,-0.69763,1.99994,99.7786,-166.6641,31.1145
559091068,-0.00537,-1.08667,0.97131,-58.0229,-40.8321,-51.1145,-0.33191,-0.70569,1.99994,100.8473,-173.2061,32.3511
559092068,-0.40417,-1.29089,1.87415,-48.1832,-36.4427,-58.5954,-0.34265,-0.71533,1.99994,101.9389,-179.8244,33.5725
559093068,-0.31458,-1.44348,1.99994,-57.1527,-20.0992,-59.9924,-0.35388,-0.72534,1.99994,103.0916,-186.4656,34.7863
559094067,0.03479,-1.52856,1.99994,-76.8702,-9.1374,-54.8015,-0.36340,-0.73621,1.99994,104.3664,-193.1374,36.0611
559095067,0.55945,-1.28125,1.99994,-83.9618,-4.7557,-53.6947,-0.36987,-0.74939,1.99994,105.7710,-199.7939,37.3359
559096067,1.26672,-0.54358,1.99994,-81.0229,-9.4504,-55.9618,-0.37610,-0.76514,1.99994,107.2977,-206.3588,38.5954
559097065,1.89612,-0.20239,1.99994,-82.2519,-30.4046,-51.7481,-0.38403,-0.78137,1.99994,108.9771,-212.9466,39.8244
559098065,1.88416,-0.14941,1.99994,-98.0916,-61.9313,-42.3969,-0.39185,-0.79639,1.99994,110.8244,-219.5496,41.0382
559099065,1.47253,0.04358,1.99994,-132.8092,-99.1374,-27.4809,-0.39893,-0.81152,1.99994,112.8244,-226.0840,42.2290
559100069,1.06091,-0.00696,1.99994,-157.3664,-133.9618,-12.1985,-0.40601,-0.82788,1.99994,114.9695,-232.5344,43.3817
559101068,0.60413,-0.76746,1.99994,-131.0153,-167.9008,-10.2977,-0.41235,-0.84668,1.99994,117.2824,-238.9466,44.5496
559102067,1.18677,-1.49927,1.99994,-79.4351,-182.3740,-23.3588,-0.41809,-0.86646,1.99994,119.7710,-245.3206,45.7328
559103067,1.99994,-0.72119,1.99994,-74.3588,-194.0229,-32.7176,-0.42407,-0.88562,1.99994,122.4046,-250.1374,46.9160
559104067,1.99994,1.14636,1.99994,-113.7176,-208.9695,-28.5267,-0.42908,-0.90503,1.99994,125.1450,-250.1374,48.1069
559105065,1.55786,1.99994,1.99994,-128.8168,-212.4427,-17.6947,-0.43372,-0.92419,1.99994,128.0000,-250.1374,49.3130
559106065,0.10742,0.57178,1.99994,-119.6794,-248.0000,-0.0382,-0.43811,-0.94324,1.99994,130.9542,-250.1374,50.5115
559107063,-1.20398,-2.00000,1.99994,-120.3893,-250.1374,15.3664,-0.44104,-0.96252,1.99994,134.0153,-250.1374,51.7252
559108068,-0.66870,-2.00000,1.99994,-125.6947,-250.1374,9.0458,-0.44373,-0.98157,1.99994,137.1450,-250.1374,52.9542
559109068,0.67480,-2.00000,1.99994,-149.3740,-224.1985,-5.6107,-0.44666,-1.00000,1.99994,140.3435,-250.1374,54.1908
559110067,1.49451,-0.05139,1.99994,-204.3893,-214.0687,-2.4885,-0.44971,-1.01880,1.99994,143.5802,-250.1374,55.4122
559111067,1.22375,1.59595,1.99994,-239.4656,-245.6260,20.7252,-0.45105,-1.03796,1.99994,146.8779,-250.1374,56.6107
559112067,0.76978,0.38208,1.99994,-217.8321,-250.1374,40.2748,-0.45105,-1.05591,1.99994,150.2366,-250.1374,57.8015
559113068,0.34924,-1.92163,1.99994,-177.6107,-250.1374,35.5725,-0.45081,-1.07349,1.99994,153.6489,-250.1374,59.0076
559114068,-0.54041,-2.00000,1.99994,-163.6412,-250.1374,13.5954,-0.45020,-1.09229,1.99994,157.1374,-250.1374,60.2061
559115068,-0.99048,-2.00000,1.99994,-164.8626,-250.1374,-12.9160,-0.44849,-1.11047,1.99994,160.6947,-250.1374,61.3588
559116068,-0.96887,-0.23181,1.72266,-145.9160,-250.1374,-35.3817,-0.44629,-1.12842,1.99994,164.3435,-250.1374,62.4885
559117068,-1.06433,1.26892,0.65320,-99.3588,-250.1374,-45.9466,-0.44556,-1.14697,1.99994,168.0611,-250.1374,63.6031
559118068,-0.84924,0.81433,0.39880,-57.4580,-250.1374,-47.3130,-0.44373,-1.16406,1.99994,171.8321,-250.1374,64.7252
559119068,-0.59045,-0.41846,0.83459,-53.7405,-250.1374,-45.4351,-0.44006,-1.18188,1.99994,175.6641,-250.1374,65.8397
559120068,-1.34155,-0.90149,-0.00452,-79.3053,-250.1374,-44.8626,-0.43713,-1.20203,1.99994,179.5420,-250.1374,66.9237
559121068,-2.00000,-0.18921,-1.90601,-97.1298,-250.1374,-48.2901,-0.43445,-1.22302,1.99994,183.4962,-250.1374,67.9618
559122067,-2.00000,0.42126,-2.00000,-79.1908,-250.1374,-50.8168,-0.43103,-1.24524,1.99994,187.5115,-250.1374,69.0305
559123068,-1.34631,0.28687,0.08264,-69.9771,-230.4580,-42.1603,-0.42798,-1.26831,1.99994,191.6031,-250.1374,70.1450
559124067,-0.15332,0.34448,1.99994,-128.2519,-208.0992,-17.0763,-0.42517,-1.29138,1.99994,195.7557,-250.1374,71.2595
559125067,1.41016,0.84216,1.99994,-197.5954,-182.7252,10.4885,-0.42224,-1.31482,1.99994,199.9695,-250.1374,72.3969
559126067,1.54333,1.36658,1.99994,-201.7099,-194.5649,22.0000,-0.41943,-1.33850,1.99994,204.2443,-250.1374,73.5725
559127067,0.63867,1.07275,1.99994,-164.4656,-238.3664,25.0916,-0.41553,-1.36060,1.99994,208.5649,-250.1374,74.7634
559128067,0.83203,0.29810,1.99994,-130.1221,-250.1374,21.7405,-0.41125,-1.38086,1.96643,212.9008,-250.1374,75.9618
559129065,0.75708,-0.24976,1.99994,-126.0534,-250.1374,19.1450,-0.40771,-1.40063,1.90137,217.1756,-250.1374,77.1832
559130069,0.42322,-0.37781,1.99994,-126.9389,-250.1374,12.5649,-0.40588,-1.41846,1.83264,221.3588,-250.1374,78.4122
559131068,0.35400,0.30225,1.72437,-81.1069,-250.1374,-9.7176,-0.40442,-1.43384,1.76160,225.4122,-250.1374,79.6336
559132068,-0.03345,0.88550,1.31177,-5.3740,-250.1374,-34.2977,-0.40088,-1.44629,1.69067,229.3130,-250.1374,80.8321
559133067,-0.38342,1.04114,1.99994,25.4580,-250.1374,-45.4275,-0.39685,-1.45618,1.61902,233.0305,-250.1374,82.0000
559134068,-1.43579,0.50256,1.83569,-11.3130,-250.1374,-33.5115,-0.39453,-1.46472,1.54565,236.5267,-250.1374,83.1374
559135068,-2.00000,-0.91333,-2.00000,-64.9847,-250.1374,-14.3740,-0.39307,-1.47168,1.47058,239.8321,-250.1374,84.1832
559136068,-2.00000,-0.95374,-1.93677,-75.3130,-250.1374,-20.7405,-0.39160,-1.47705,1.39368,242.9389,-250.1374,85.1298
559137067,-0.71313,0.58899,1.99994,-66.8397,-217.7481,-30.5115,-0.38904,-1.48120,1.31580,245.8244,-250.1374,85.9695
559138067,1.25732,1.92993,1.99994,-93.9466,-171.6107,-16.8473,-0.38599,-1.48413,1.23853,248.4427,-250.1374,86.6870
559139067,1.37219,1.99994,1.99994,-139.8397,-179.7405,12.0534,-0.38281,-1.48608,1.16077,250.1298,-250.1374,87.2977
559140067,1.02930,1.99994,1.99994,-159.9542,-217.1374,42.2443,-0.37927,-1.48706,1.08105,250.1298,-250.1374,87.8168
559141065,1.25415,1.22412,1.99994,-163.4046,-250.1374,60.6489,-0.37598,-1.48633,1.00146,250.1298,-250.1374,88.1985
559142065,1.99994,0.70178,1.99994,-168.0916,-250.1374,63.8855,-0.37268,-1.48389,0.92334,250.1298,-250.1374,88.4427
559143069,1.99994,1.03711,1.99994,-170.8779,-250.1374,62.3359,-0.36780,-1.48010,0.84668,250.1298,-250.1374,88.5344
559144068,1.99994,1.99994,1.99994,-153.2977,-250.1374,60.7557,-0.36133,-1.47595,0.77014,250.1298,-250.1374,88.4733
559145068,1.99994,1.99994,1.99994,-111.4427,-250.1374,62.1679,-0.35339,-1.47131,0.69360,250.1298,-250.1374,88.2595
559146067,1.50903,1.99994,1.99994,-70.2748,-250.1374,72.7252,-0.34338,-1.46545,0.61792,250.1298,-250.1374,87.8931
559147068,0.07642,0.24927,1.99994,-55.8702,-250.1374,85.4046,-0.33093,-1.45911,0.54297,250.1298,-250.1374,87.3893
559148067,-1.10046,-2.00000,1.99994,-56.0153,-250.1374,83.1374,-0.31604,-1.45288,0.46887,250.1298,-250.1374,86.7099
559149068,-2.00000,-2.00000,1.40527,-46.0687,-250.1374,66.4656,-0.29907,-1.44580,0.39636,250.1298,-250.1374,85.8702
559150068,-2.00000,-1.10669,-0.42249,-30.6336,-250.1374,47.0382,-0.28052,-1.43799,0.32617,250.1298,-250.1374,84.8779
559151067,-2.00000,1.13220,-1.36609,-33.2290,-250.1374,40.0916,-0.26245,-1.43018,0.25659,250.1298,-250.1374,83.7557
559152067,-2.00000,1.67798,-0.83362,-57.5191,-250.1374,53.0916,-0.24402,-1.42273,0.18726,249.1221,-250.1374,82.5191
559153068,-2.00000,0.33813,-1.63550,-94.6641,-250.1374,72.6565,-0.20593,-1.40955,0.05469,244.0534,-250.1374,79.7328
559154067,-2.00000,-1.14551,-2.00000,-123.5344,-250.1374,78.8397,-0.18713,-1.40295,-0.00586,241.1832,-250.1374,78.2061
559155068,-2.00000,-1.18298,-2.00000,-106.7634,-250.1374,57.6107,-0.16760,-1.39722,-0.06628,238.1527,-250.1374,76.6260
559156068,-2.00000,0.05872,-0.45044,-74.5191,-250.1374,33.8168,-0.14709,-1.39282,-0.12732,235.0153,-250.1374,74.9924
559157067,-0.63538,0.63965,1.53113,-85.0992,-250.1374,40.4198,-0.12683,-1.38989,-0.18652,231.7939,-250.1374,73.3359
559158067,-0.49121,0.55457,1.99994,-109.4580,-250.1374,59.4046,-0.10828,-1.38867,-0.24426,228.4733,-250.1374,71.6336
559159067,-0.33411,0.35730,1.99994,-89.2672,-250.1374,65.7863,-0.09070,-1.38806,-0.30127,225.0992,-250.1374,69.8855
559160067,0.11621,-0.11670,1.99994,-59.1832,-250.1374,65.7405,-0.07410,-1.38782,-0.35632,221.7328,-250.1374,68.1221
559161067,-0.29138,-0.81042,1.99994,-59.0763,-250.1374,68.1756,-0.05762,-1.38879,-0.40979,218.4046,-250.1374,66.3664
559162067,-0.32483,-1.33057,1.99994,-62.9847,-250.1374,67.8550,-0.04114,-1.39136,-0.46191,215.1069,-250.1374,64.6336
559163067,-0.21008,-1.19788,1.99994,-61.3206,-250.1374,65.0153,-0.02563,-1.39563,-0.51282,211.8779,-250.1374,62.9237
559164067,-0.77319,-0.94617,1.59949,-64.0916,-250.1374,62.6183,-0.01172,-1.40112,-0.56299,208.7786,-250.1374,61.2290
559165067,-1.61511,-0.91992,-0.04688,-52.5038,-250.1374,53.5573,0.00049,-1.40771,-0.61267,205.7863,-250.1374,59.5267
559166068,-2.00000,-1.04907,-1.36646,-19.2290,-250.1374,37.5954,0.01196,-1.41492,-0.66101,202.8931,-250.1374,57.8168
559167068,-2.00000,-1.29382,-2.00000,6.7786,-250.1374,21.9008,0.02271,-1.42224,-0.70776,200.1374,-250.1374,56.1145
559168068,-2.00000,-1.53223,-2.00000,10.0687,-250.1374,10.7099,0.03223,-1.43030,-0.75415,197.5191,-250.1374,54.4504
559169068,-2.00000,-1.10754,-2.00000,14.2290,-250.1374,-4.9466,0.04089,-1.43945,-0.79846,195.0153,-250.1374,52.8550
559170067,-2.00000,0.47156,-0.14124,36.2443,-250.1374,-24.8931,0.04944,-1.44910,-0.84167,192.6489,-250.1374,51.2977
559171068,-2.00000,1.56250,-0.65295,48.9389,-250.1374,-22.7481,0.05713,-1.45862,-0.88525,190.4427,-250.1374,49.7481
559172068,-2.00000,0.24365,-2.00000,43.2595,-250.1374,5.5496,0.06409,-1.46826,-0.92957,188.3969,-250.1374,48.2137
559173068,-2.00000,-2.00000,-2.00000,54.7481,-250.1374,23.0611,0.07092,-1.47815,-0.97473,186.4962,-250.1374,46.7099
559174068,-2.00000,-2.00000,-1.80859,59.5649,-250.1374,17.5878,0.07776,-1.48816,-1.01929,184.7252,-250.1374,45.2137
559175067,-0.80786,-2.00000,0.92712,7.5191,-250.1374,10.5267,0.08374,-1.49768,-1.06445,183.1145,-250.1374,43.7099
559176068,0.70923,-0.50354,1.99994,-84.6260,-248.2901,26.3511,0.08948,-1.50513,-1.11108,181.6718,-250.1374,42.2214
559177067,1.99994,0.68896,1.99994,-168.5649,-229.3206,63.4962,0.09583,-1.51123,-1.15808,180.3740,-250.1374,40.7634
559178068,1.99994,0.22009,1.99994,-210.4962,-250.1374,94.6641,0.10217,-1.51733,-1.20569,179.1985,-250.1374,39.3359
559179067,1.68542,-1.10144,1.99994,-156.8931,-250.1374,83.0687,0.10803,-1.52271,-1.25403,178.1527,-250.1374,37.9008
559180067,1.99994,-2.00000,1.99994,-87.5649,-250.1374,54.1908,0.11365,-1.52661,-1.30383,177.2443,-250.1374,36.4427
559181067,1.99994,-2.00000,1.99994,-124.9084,-250.1374,51.0458,0.11987,-1.53003,-1.35413,176.4504,-250.1374,35.0076
559182067,0.72131,-1.60693,1.99994,-167.8931,-250.1374,51.1985,0.12561,-1.53223,-1.40393,175.7939,-250.1374,33.6336
559183067,-0.36719,-0.67395,1.99994,-4.0382,-250.1374,24.2901,0.13110,-1.53223,-1.45435,175.2672,-250.1374,32.2672
559184067,-1.31287,-1.05005,1.99994,14.3282,-250.1374,23.8168,0.13660,-1.53052,-1.50671,174.8168,-250.1374,30.8626
559185067,-2.00000,-1.24329,-0.50281,-10.1756,-250.1374,28.1221,0.14148,-1.52832,-1.56042,174.4046,-250.1374,29.4351
559186068,-2.00000,-1.55823,-2.00000,-11.2137,-250.1374,21.5038,0.14526,-1.52527,-1.61316,174.0229,-250.1374,28.0458
559187068,-2.00000,-2.00000,-2.00000,6.3282,-250.1374,10.9008,0.14905,-1.51990,-1.66577,173.6794,-250.1374,26.7023
559188067,-2.00000,-2.00000,-2.00000,17.9924,-250.1374,2.9542,0.15344,-1.51257,-1.71851,173.4122,-250.1374,25.4046
559189067,-2.00000,-2.00000,-2.00000,7.2824,-250.1374,-11.0763,0.15808,-1.50488,-1.77051,173.1679,-250.1374,24.1069
559190068,-2.00000,-2.00000,-2.00000,-65.6870,-250.1374,-17.2519,0.16272,-1.49695,-1.82068,172.9237,-250.1374,22.8321
559191068,-2.00000,-2.00000,-2.00000,-178.0687,-250.1374,-5.0382,0.16736,-1.48755,-1.86951,172.6641,-250.1374,21.5649
559192068,-2.00000,-2.00000,-0.92236,-235.4504,-250.1374,4.6489,0.17188,-1.47693,-1.91882,172.4046,-250.1374,20.3664
559193068,-2.00000,-1.01880,0.21790,-217.7557,-250.1374,6.2901,0.17627,-1.46582,-1.96741,172.0992,-250.1374,19.1985
559194067,-1.47363,-0.74597,0.74414,-196.7710,-250.1374,9.1603,0.18079,-1.45435,-2.00000,171.7557,-250.1374,18.0534
559195067,0.05786,-0.83325,1.87659,-189.2519,-241.7328,7.2214,0.18555,-1.44189,-2.00000,171.3893,-250.1374,16.9542
559196068,0.70740,-0.55713,1.99994,-178.4351,-250.1374,-6.6260,0.19116,-1.42810,-2.00000,170.9618,-250.1374,15.9237
559197068,0.42993,0.36621,1.99994,-151.6183,-250.1374,-28.4504,0.19727,-1.41370,-2.00000,170.4656,-250.1374,14.9084
559198068,1.08557,0.30969,1.99994,-79.5496,-250.1374,-49.0534,0.20349,-1.39905,-2.00000,169.8931,-250.1374,13.9160
559199067,1.46497,-1.11621,1.99994,6.5649,-250.1374,-63.3588,0.21094,-1.38367,-2.00000,169.2366,-250.1374,12.9466
559200067,0.76746,-1.56470,1.99994,38.5420,-250.1374,-70.0763,0.21985,-1.36792,-2.00000,168.4656,-250.1374,11.9618
559201067,-0.45435,-0.21997,1.99994,25.7023,-250.1374,-68.3817,0.22974,-1.35181,-2.00000,167.5802,-250.1374,11.0000
559202067,-1.41492,0.74585,0.97876,11.8626,-250.1374,-52.6412,0.24036,-1.33411,-2.00000,166.5496,-250.1374,10.0382
559203067,-1.50305,0.41187,1.08069,-8.1679,-250.1374,-28.9542,0.25159,-1.31494,-2.00000,165.3664,-250.1374,9.1069
559204067,-1.71375,-0.31604,1.63489,-36.8092,-250.1374,-7.4198,0.26428,-1.29480,-2.00000,164.0153,-250.1374,8.1985
559205067,-2.00000,-1.46936,-0.85950,-69.1145,-250.1374,12.7328,0.27869,-1.27393,-2.00000,162.4809,-250.1374,7.3359
559206067,-2.00000,-2.00000,-2.00000,-102.4198,-250.1374,22.9466,0.29346,-1.25354,-2.00000,160.7252,-246.8626,6.5344
559207068,-2.00000,-2.00000,-2.00000,-112.0076,-250.1374,18.3664,0.30701,-1.23389,-2.00000,158.7328,-240.0992,5.7557
559208068,-2.00000,-2.00000,-2.00000,-102.5725,-250.1374,7.2672,0.32007,-1.21411,-2.00000,156.5344,-233.2137,4.9924
559209067,-2.00000,-2.00000,-2.00000,-103.6031,-250.1374,-4.2061,0.33411,-1.19421,-2.00000,154.1603,-226.2824,4.2901
559210067,-2.00000,-1.75171,-2.00000,-93.1450,-250.1374,-20.9695,0.34888,-1.17493,-2.00000,151.5878,-219.3359,3.6565
559211068,-2.00000,-0.85144,-2.00000,-52.6031,-250.1374,-43.6794,0.36340,-1.15601,-2.00000,148.7939,-212.3359,3.0305
559212068,-2.00000,-0.76233,-2.00000,-22.6794,-250.1374,-58.5420,0.37793,-1.13733,-2.00000,145.7786,-205.2519,2.4275
559213068,-2.00000,-1.42444,-2.00000,-26.9313,-250.1374,-64.8931,0.39282,-1.11987,-2.00000,142.5954,-198.0840,1.8702
559214068,-1.50452,-1.80029,-1.48071,-26.6947,-238.3359,-73.5038,0.40723,-1.10474,-2.00000,139.3053,-190.8321,1.3435
559215068,-1.37402,-1.63013,-1.51965,8.0611,-250.1374,-89.4198,0.42102,-1.09167,-2.00000,135.9084,-183.5038,0.7786
559216068,-0.95959,-1.48474,-0.78418,51.7710,-250.1374,-103.4504,0.43506,-1.08069,-2.00000,132.4198,-176.0916,0.2061
559217067,-0.37842,-1.37500,-0.61206,58.6107,-250.1374,-104.5649,0.44958,-1.07129,-2.00000,128.8855,-168.6107,-0.3664
559218068,-0.53796,-0.72156,-1.30835,30.0076,-250.1374,-94.2595,0.46313,-1.06299,-2.00000,125.3435,-161.0458,-0.9313
559219068,-0.79810,0.11060,-1.01086,14.3130,-250.1374,-84.6489,0.47705,-1.05542,-2.00000,121.8092,-153.3664,-1.5267
559220068,-0.60315,0.80664,0.41162,21.7634,-250.1374,-79.5191,0.49158,-1.04968,-2.00000,118.3130,-145.5573,-2.1756
559221068,-0.69299,1.30957,1.06750,19.4351,-250.1374,-69.2595,0.50623,-1.04480,-2.00000,114.8702,-137.6412,-2.8779
559222068,-1.36267,1.45496,-0.33386,-0.9008,-250.1374,-52.1756,0.52026,-1.04041,-2.00000,111.5191,-129.6183,-3.6183
559223068,-1.49646,1.06628,-1.25708,-13.8397,-250.1374,-38.5344,0.53259,-1.03650,-2.00000,108.3664,-121.5191,-4.3511
559224068,-1.01929,0.57739,-0.13245,1.1527,-250.1374,-38.2137,0.54309,-1.03296,-2.00000,105.3740,-113.3359,-5.0916
559225068,-1.24622,0.37024,-0.57629,30.6641,-250.1374,-43.5344,0.55273,-1.02966,-2.00000,102.4504,-105.0763,-5.8779
559226067,-2.00000,-0.31677,-2.00000,50.7176,-250.1374,-39.0229,0.56213,-1.02722,-2.00000,99.5191,-96.7710,-6.6870
559227067,-2.00000,-1.13403,-2.00000,69.6336,-250.1374,-36.0076,0.57056,-1.02625,-2.00000,96.6489,-88.4427,-7.4504
559228068,-2.00000,-1.78845,-2.00000,87.0076,-250.1374,-30.8702,0.57739,-1.02576,-2.00000,93.8931,-80.1221,-8.1756
559229068,-1.87317,-2.00000,-2.00000,66.2901,-250.1374,-20.1374,0.58130,-1.02502,-2.00000,91.2595,-71.8473,-8.8855
559230067,-2.00000,-1.57703,-2.00000,27.4122,-250.1374,-14.7710,0.58240,-1.02405,-2.00000,88.7176,-63.6718,-9.5954
559231068,-2.00000,-0.75500,-2.00000,18.6260,-250.1374,-21.9389,0.58142,-1.02319,-2.00000,86.2137,-55.6412,-10.2748
559232068,-2.00000,-0.21716,-2.00000,8.5649,-250.1374,-27.0229,0.57898,-1.02209,-2.00000,83.7328,-47.7481,-10.8779
559233068,-2.00000,-0.53333,-2.00000,-21.9008,-212.6870,-25.5420,0.57507,-1.02100,-2.00000,81.2672,-40.0076,-11.4198
559234068,-2.00000,-1.67175,-2.00000,-16.7023,-174.5802,-34.5802,0.56921,-1.02075,-2.00000,78.7863,-32.4275,-11.9008
559235068,-2.00000,-2.00000,-2.00000,31.3893,-154.7939,-56.7176,0.56152,-1.02112,-2.00000,76.2443,-25.0382,-12.3282
559236068,-2.00000,-2.00000,-2.00000,70.6260,-150.9542,-83.0992,0.55261,-1.02295,-2.00000,73.6794,-17.8855,-12.6565
559237064,-2.00000,-1.62708,-2.00000,79.7023,-159.6489,-97.9237,0.54260,-1.02649,-2.00000,71.0992,-10.9924,-12.8931
559238065,-2.00000,0.04724,-2.00000,80.5954,-160.1832,-93.3511,0.53149,-1.03052,-1.96118,68.5267,-4.3282,-13.0611
559239065,-1.17090,0.89441,-0.39722,79.0687,-151.6565,-74.3435,0.51990,-1.03540,-1.91968,65.9771,2.0992,-13.1603
559240065,-1.08118,0.32568,-0.03223,72.2290,-171.1603,-48.6794,0.50793,-1.04077,-1.87817,63.5115,8.2901,-13.2061
559241069,-1.54504,-1.18225,-1.14282,63.6107,-190.5344,-30.0382,0.49597,-1.04785,-1.83594,61.1450,14.2290,-13.1908
559242068,-1.84143,-2.00000,-2.00000,55.3359,-204.7405,-26.6260,0.48389,-1.05603,-1.79297,58.8931,19.9466,-13.1603
559243068,-2.00000,-1.81567,-2.00000,41.2443,-231.7405,-30.8244,0.47144,-1.06360,-1.74939,56.7786,25.4809,-13.0992
559244068,-2.00000,-0.79443,-2.00000,38.9618,-247.3359,-36.2595,0.45825,-1.07092,-1.70349,54.8397,30.7557,-13.0305
559245067,-2.00000,-0.99451,-2.00000,70.7328,-217.3664,-43.2748,0.44434,-1.07861,-1.65637,53.0840,35.7710,-12.9160
559246068,-2.00000,-2.00000,-2.00000,98.7634,-166.1450,-50.1145,0.43005,-1.08679,-1.60876,51.4885,40.5191,-12.7939
559247068,-2.00000,-2.00000,-2.00000,90.4427,-135.4733,-59.0382,0.41614,-1.09473,-1.55969,50.0534,45.0000,-12.6947
559248067,-2.00000,-2.00000,-2.00000,84.4198,-83.2214,-78.6412,0.40247,-1.10242,-1.51111,48.7710,49.1908,-12.6183
559249068,-2.00000,-1.52759,-2.00000,94.5267,-0.7557,-96.8168,0.38757,-1.11072,-1.46484,47.6107,53.0687,-12.5573
559250068,-2.00000,-1.19434,-2.00000,90.5420,39.9084,-96.3893,0.37195,-1.11938,-1.42041,46.5420,56.6107,-12.5115
559251068,-2.00000,-1.66968,-2.00000,87.6489,31.9084,-90.0305,0.35657,-1.12842,-1.37720,45.5420,59.8168,-12.4885
559252068,-2.00000,-2.00000,-2.00000,104.7023,14.6947,-91.5802,0.34082,-1.13782,-1.33618,44.5802,62.6794,-12.4885
559253067,-1.45410,-2.00000,-1.05737,105.4809,-2.7863,-93.8779,0.32507,-1.14709,-1.29907,43.6412,65.1527,-12.4962
559254067,-1.15393,-2.00000,-0.21191,78.2824,-15.1908,-90.9237,0.30920,-1.15588,-1.26428,42.7099,67.2061,-12.4733
559255067,-0.86755,-1.29150,-0.23022,59.6107,-22.0076,-90.7557,0.29236,-1.16443,-1.23096,41.7252,68.8473,-12.4198
559256067,-0.75012,0.01624,-0.56384,63.1221,-35.7634,-92.2672,0.26294,-1.18274,-1.17139,39.5191,70.8855,-12.2748
559257068,-0.97034,0.35852,-1.27283,74.6031,-54.6565,-89.5267,0.25012,-1.19141,-1.14673,38.3588,71.2595,-12.1756
559258068,-1.25708,-0.38550,-2.00000,84.7939,-66.3588,-87.7557,0.23816,-1.20007,-1.12366,37.1145,71.1908,-12.0534
559259068,-1.33240,-0.81445,-1.75305,90.6794,-57.3664,-93.0458,0.22729,-1.20801,-1.10327,35.8321,70.6947,-11.8931
559260068,-1.12061,-0.21362,-1.08435,90.7863,-38.1679,-100.2901,0.21606,-1.21521,-1.08582,34.5038,69.8397,-11.7252
559261067,-1.13733,0.96802,-1.37854,80.3282,-25.2443,-98.4885,0.20654,-1.22168,-1.06958,33.1221,68.6107,-11.5496
559262067,-1.43066,1.99994,-2.00000,69.9008,-25.1145,-86.3053,0.20032,-1.22693,-1.05481,31.7023,67.0305,-11.3588
559263068,-1.67114,1.99994,-2.00000,65.4809,-31.3740,-68.7405,0.19690,-1.23010,-1.04089,30.2672,65.1527,-11.1298
559264067,-1.83118,1.99994,-2.00000,62.8550,-22.3588,-47.8397,0.19495,-1.23157,-1.02820,28.8321,63.0000,-10.8779
559265067,-1.30603,1.99994,-2.00000,71.0534,4.8244,-27.5573,0.19336,-1.23218,-1.01746,27.4198,60.5802,-10.6336
559266068,-0.94934,1.72607,-2.00000,83.8779,19.8168,-12.1069,0.19250,-1.23120,-1.00635,26.0076,57.9160,-10.3969
559267068,-1.82178,1.05847,-2.00000,90.7634,22.8015,-4.4275,0.19336,-1.22876,-0.99512,24.5954,55.0763,-10.2214
559268068,-2.00000,1.14624,-2.00000,105.9542,53.7023,-7.2977,0.19678,-1.22534,-0.98413,23.1985,52.1298,-10.0763
559269068,-2.00000,1.05103,-2.00000,122.0000,106.1603,-9.9618,0.20203,-1.22217,-0.97327,21.8321,49.1221,-9.9924
559270067,-1.96130,0.40588,-2.00000,123.5267,135.6794,-10.0305,0.20862,-1.21826,-0.96252,20.4809,46.0534,-9.9924
559271068,-1.73889,-0.14062,-2.00000,135.8855,143.3664,-15.5954,0.21606,-1.21350,-0.95081,19.1298,42.9695,-10.0611
559272067,-1.48840,-0.20850,-2.00000,158.2443,134.0382,-24.2748,0.22473,-1.20935,-0.93616,17.7863,39.9313,-10.2061
559273067,-1.34448,0.44580,-2.00000,152.8168,131.3435,-28.8397,0.23462,-1.20593,-0.91931,16.4504,36.9542,-10.4351
559274068,-0.76172,0.94275,-2.00000,131.1527,149.3435,-24.4656,0.24548,-1.20288,-0.90173,15.1298,34.0992,-10.7023
559275068,-0.52686,0.64978,-1.54126,120.5878,155.2290,-14.3130,0.25684,-1.19897,-0.88281,13.8244,31.3664,-11.0305
559276068,-0.91223,0.08276,-1.85388,118.2595,144.7252,-4.6336,0.26843,-1.19495,-0.86353,12.5420,28.7939,-11.4427
559277068,-1.44495,-0.07715,-2.00000,129.6031,140.1298,-5.5344,0.28076,-1.19189,-0.84448,11.2824,26.4122,-11.8702
559278068,-1.82007,0.36084,-2.00000,154.9466,149.4427,-15.3435,0.29395,-1.18884,-0.82422,10.0534,24.2595,-12.3206
559279068,-1.36938,1.12000,-2.00000,174.3053,172.5954,-22.6260,0.30786,-1.18567,-0.80164,8.8855,22.3435,-12.7786
559280068,-1.17212,1.83594,-1.07544,180.2137,177.4351,-17.8244,0.32275,-1.18347,-0.77637,7.7863,20.6641,-13.2366
559281067,-1.53186,1.67456,-1.20093,189.4351,163.6641,-3.5878,0.33789,-1.18188,-0.74976,6.7176,19.2519,-13.7023
559282068,-1.47388,0.43298,-0.96912,205.3893,168.9924,9.1985,0.35181,-1.17969,-0.72485,5.7099,18.1298,-14.1679
559283068,-1.43860,-1.48267,-0.12183,206.9313,179.1221,20.6031,0.36426,-1.17651,-0.70056,4.8168,17.3206,-14.5038
559284068,-1.33728,-2.00000,0.42371,179.7786,192.2519,29.4198,0.37769,-1.17578,-0.67383,4.0534,16.8244,-14.7099
559285068,-1.09973,-2.00000,0.93579,142.0076,200.8168,34.2443,0.39099,-1.17358,-0.64563,3.3435,16.5954,-14.9771
559286068,-1.13489,-1.92920,0.74243,117.3893,190.1756,41.9008,0.40320,-1.17358,-0.61804,2.6870,16.6107,-15.1069
559287067,-1.02783,-2.00000,0.73877,102.0611,178.1221,48.3588,0.41602,-1.17322,-0.59277,2.1374,16.8321,-15.3817
559288067,-0.60583,-2.00000,1.92273,78.8321,168.7634,42.2824,0.42786,-1.16736,-0.56726,1.6870,17.3206,-15.6947
559289068,-0.16907,-2.00000,1.99994,54.7405,158.7252,23.9924,0.43921,-1.16455,-0.54065,1.3435,18.0382,-15.8397
559290068,-0.16260,-2.00000,1.99994,48.9313,142.5649,2.8168,0.44971,-1.16064,-0.51465,1.0916,18.9695,-15.9542
559291067,-0.28662,-2.00000,1.99994,66.8931,121.1527,-13.7481,0.45984,-1.15466,-0.48853,0.9160,20.0992,-16.0382
559292068,-0.19678,-2.00000,1.99994,101.2137,102.1756,-28.1832,0.47034,-1.15076,-0.46301,0.8473,21.4198,-16.0076
559293067,-0.32971,-2.00000,1.99994,119.8473,75.7786,-37.3282,0.47974,-1.14587,-0.43787,0.8550,22.8931,-15.9542
559294067,-0.43262,-2.00000,1.99994,99.5649,56.5115,-37.7023,0.48730,-1.14001,-0.41211,0.9542,24.5267,-15.8626
559295067,-0.35999,-2.00000,1.99994,69.4351,44.6641,-33.0229,0.49292,-1.13525,-0.38721,1.1603,26.2977,-15.7023
559296067,-0.46204,-1.41919,1.99994,67.2214,22.7710,-25.7786,0.49805,-1.12952,-0.36230,1.4504,28.1450,-15.5725
559297067,-0.54822,-1.74170,1.99994,73.9695,-1.8702,-12.3511,0.50366,-1.12280,-0.33838,1.7863,30.0763,-15.4275
559298067,-0.69067,-2.00000,1.78064,47.7252,-23.3893,5.5573,0.50879,-1.11682,-0.31628,2.1985,32.0687,-15.2290
559299067,-1.01294,-2.00000,0.75146,-10.3588,-28.9466,16.6870,0.51208,-1.11047,-0.29285,2.6794,34.0763,-15.0076
559300067,-1.11768,-2.00000,0.45032,-64.1985,-16.2137,17.1450,0.51306,-1.10315,-0.26904,3.2366,36.1069,-14.7634
559301067,-0.97754,-0.95422,0.70337,-88.5267,-4.5954,14.2366,0.51257,-1.09644,-0.24634,3.8626,38.1374,-14.4656
559302067,-0.89563,-0.75134,0.81384,-84.0000,-4.4885,13.5649,0.51074,-1.08936,-0.22681,4.5496,40.0992,-14.1450
559303067,-0.90308,-1.40137,0.57068,-70.1374,-9.8244,12.9695,0.50769,-1.08130,-0.20886,5.2595,42.0076,-13.7863
559304067,-0.77417,-1.85522,0.37915,-69.2061,-7.6107,8.1374,0.50452,-1.07275,-0.19055,5.9542,43.8321,-13.3817
559305068,-0.56689,-1.39221,0.48962,-74.9847,-1.4885,-1.2595,0.50110,-1.06287,-0.17383,6.6107,45.5344,-12.9542
559306067,-0.49866,-0.34937,0.56262,-61.3359,-6.0992,-9.9924,0.49597,-1.05249,-0.15918,7.2290,47.0916,-12.5344
559307067,-0.48779,0.14172,0.35876,-28.2290,-23.9924,-10.2748,0.48999,-1.04236,-0.14600,7.7863,48.4733,-12.1374
559308067,-0.65796,-0.56641,-0.03284,-6.8855,-48.0840,-0.9618,0.48328,-1.03247,-0.13379,8.2824,49.6641,-11.7328
559309064,-0.82764,-2.00000,-0.23511,-14.0229,-60.5954,10.9389,0.47571,-1.02319,-0.12158,8.7405,50.6565,-11.2672
559310065,-0.68103,-2.00000,0.01318,-37.0382,-56.0305,12.6794,0.46838,-1.01355,-0.10962,9.0992,51.4656,-10.7634
559311068,-0.66455,-2.00000,-0.25122,-58.5649,-57.2061,1.8626,0.46094,-1.00244,-0.09814,9.3740,52.0458,-10.2672
559312068,-0.99048,-0.63867,-1.41443,-71.1832,-68.8626,-9.0992,0.45276,-0.99097,-0.08777,9.5802,52.3893,-9.7863
559313067,-1.25061,0.92224,-2.00000,-76.4198,-76.9084,-8.6947,0.44507,-0.97961,-0.07861,9.7099,52.5344,-9.2901
559314067,-1.27759,0.87952,-2.00000,-86.6718,-77.6183,2.8473,0.43835,-0.96875,-0.06970,9.7939,52.5115,-8.7710
559315067,-1.30627,-0.24792,-2.00000,-97.6260,-74.6336,12.1069,0.43213,-0.95801,-0.06079,9.7863,52.2901,-8.2443
559316068,-1.57593,-0.90320,-2.00000,-87.1527,-72.2672,6.1450,0.42517,-0.94629,-0.05261,9.6718,51.8168,-7.7176
559317067,-1.76489,-0.38953,-2.00000,-56.8473,-62.2214,-8.3282,0.41736,-0.93445,-0.04529,9.5267,51.1450,-7.1832
559318068,-1.71008,1.48022,-2.00000,-8.0840,-18.9466,-10.3664,0.40967,-0.92334,-0.03809,9.3130,50.2824,-6.6870
559319068,-1.73059,0.91931,-2.00000,17.7252,-1.5878,0.8473,0.40198,-0.91284,-0.03101,8.9924,49.2137,-6.1832
559320068,-1.77148,-0.20618,-2.00000,35.2519,12.9618,7.6336,0.39441,-0.90308,-0.02551,8.5496,47.9237,-5.6641
559321068,-1.94934,-0.74780,-2.00000,35.5038,26.9084,6.0382,0.38831,-0.89319,-0.02026,8.0076,46.4046,-5.1221
559322068,-1.93970,-0.28784,-2.00000,24.1756,51.7481,0.0763,0.38281,-0.88477,-0.01453,7.3588,44.7099,-4.5954
559323068,-1.60938,0.60864,-2.00000,8.5496,78.6031,-1.3359,0.37695,-0.87903,-0.01111,6.6260,42.8550,-4.0611
559324068,-1.29236,1.10034,-2.00000,-4.3053,94.8092,6.3588,0.37207,-0.87427,-0.00977,5.8015,40.8321,-3.5496
559325068,-1.11230,0.57910,-1.67639,-10.1145,102.4046,19.9084,0.36731,-0.86987,-0.00769,4.9008,38.6870,-3.0534
559326067,-0.95056,-0.76831,-1.34692,-11.5038,107.6641,30.4351,0.36267,-0.86694,-0.00574,3.9313,36.4198,-2.5496
559327067,-0.72314,-1.87964,-0.90857,-11.3435,114.4809,31.0840,0.35962,-0.86511,-0.00476,2.9008,34.0076,-2.0229
559328065,-0.50757,-1.89807,-0.38293,-8.9695,113.6718,24.7099,0.35852,-0.86401,-0.00439,1.8092,31.4962,-1.4656
559329069,-0.35010,-1.07861,0.04907,-4.3206,101.1527,20.9618,0.35938,-0.86401,-0.00598,0.7023,28.9237,-0.9008
559330068,-0.18811,-0.50073,0.30811,1.8550,81.5191,24.5802,0.36096,-0.86621,-0.00842,-0.3969,26.2901,-0.3206
559331067,-0.16492,-0.63721,0.33704,7.2595,60.5267,29.7786,0.36328,-0.86914,-0.01013,-1.5038,23.6336,0.2443
559332067,-0.29187,-1.09070,0.33435,9.7939,45.5725,29.8397,0.36694,-0.87207,-0.01184,-2.6183,20.9695,0.8168
559333067,-0.38794,-1.45312,0.44568,7.8321,41.1298,24.5878,0.37280,-0.87732,-0.01526,-3.7405,18.3053,1.3969
559334068,-0.51038,-1.62378,0.50598,2.6718,43.6412,17.5954,0.38110,-0.88452,-0.01904,-4.8473,15.6565,2.0000
559335068,-0.67456,-1.66821,0.30652,2.3893,48.4198,10.2290,0.39014,-0.89001,-0.02234,-5.9084,13.0763,2.5725
559336068,-0.82239,-1.61060,0.02942,11.5725,53.5115,2.0763,0.39966,-0.89526,-0.02551,-6.9084,10.5573,3.1145
559337068,-0.85217,-1.43286,-0.07678,21.9160,58.6565,-4.8779,0.41064,-0.90210,-0.02759,-7.8397,8.1221,3.6565
559338067,-0.67822,-1.13098,0.02869,23.4427,62.9618,-7.1603,0.42322,-0.90906,-0.02832,-8.7099,5.7939,4.1374
559339068,-0.50720,-0.88684,0.26697,17.2519,62.8626,-3.3053,0.43652,-0.91614,-0.02869,-9.5802,3.5802,4.5649
559340067,-0.39648,-0.84106,0.40466,9.7023,57.1679,4.0763,0.45020,-0.92358,-0.03003,-10.4275,1.5038,4.9618
559341067,-0.30688,-0.61926,0.25122,0.4504,49.5573,10.9924,0.46472,-0.93115,-0.03198,-11.2214,-0.4580,5.3435
559342067,-0.35913,-0.01111,-0.26208,-13.5344,40.1298,18.4275,0.48083,-0.93909,-0.03333,-11.9542,-2.2977,5.7023
559343068,-0.45117,0.48901,-0.57715,-29.4885,36.7710,28.9237,0.49756,-0.94678,-0.03406,-12.6489,-4.0000,6.0153
559344068,-0.40918,0.47266,-0.25391,-39.4275,40.9542,39.6336,0.51367,-0.95410,-0.03381,-13.3359,-5.5267,6.2672
559345068,-0.34619,0.18628,-0.00378,-40.9389,46.6718,45.9466,0.53027,-0.96094,-0.03296,-13.9924,-6.9084,6.4962
559346068,-0.43994,-0.03174,-0.28271,-35.6947,52.4275,47.0153,0.54834,-0.96716,-0.03174,-14.6107,-8.1527,6.6718
559347067,-0.53833,-0.17493,-0.51392,-24.9542,61.9389,44.4733,0.56580,-0.97351,-0.02991,-15.1527,-9.2061,6.8092
559348067,-0.41113,-0.15918,-0.10278,-13.1603,76.4504,40.4427,0.58252,-0.98010,-0.02820,-15.6183,-10.1145,6.9084
559349067,-0.21631,0.01111,0.42761,-5.6565,84.3969,39.2214,0.59937,-0.98596,-0.02808,-16.0534,-10.8473,6.9466
559350067,-0.10010,-0.07568,0.58167,-3.1450,82.3053,43.3664,0.61584,-0.99146,-0.02722,-16.4580,-11.3817,6.9542
559351067,0.03357,-0.57410,0.73804,-3.0916,75.3664,49.2748,0.63245,-0.99744,-0.02527,-16.7863,-11.7328,6.9389
559352067,0.20593,-0.97388,1.02075,-8.0458,66.1679,52.4351,0.64905,-1.00354,-0.02332,-17.0076,-11.9466,6.9160
559353068,0.30322,-0.85815,1.24890,-21.4046,54.8168,53.9466,0.66492,-1.00854,-0.02063,-17.1145,-12.0153,6.8473
559354067,0.24609,-0.56763,1.34473,-36.4122,39.5573,57.6031,0.67932,-1.01270,-0.01648,-17.1298,-11.9237,6.7557
559355067,0.17932,-0.60876,1.42310,-42.7786,25.0000,62.1756,0.69189,-1.01636,-0.01160,-17.0763,-11.6794,6.6336
559356068,0.14343,-0.98022,1.43652,-40.0992,12.6412,63.8168,0.70435,-1.02051,-0.00781,-16.9313,-11.2977,6.4809
559357067,-0.05212,-1.36169,1.20068,-34.1832,1.9924,60.9847,0.71667,-1.02466,-0.00427,-16.6870,-10.8015,6.2824
559358067,-0.28870,-1.55103,0.82617,-26.0153,-3.6336,54.6794,0.72827,-1.02820,0.00061,-16.3435,-10.1679,6.0687
559359067,-0.42712,-1.58057,0.53540,-15.5649,-4.6565,47.7557,0.74866,-1.03442,0.00867,-15.3664,-8.4962,5.5878
559360067,-0.54260,-1.61316,0.38196,-8.8931,-3.7786,43.7481,0.75708,-1.03625,0.01270,-14.7557,-7.5344,5.3053
559361067,-0.57544,-1.74683,0.27979,-12.0840,-0.1679,44.1069,0.76440,-1.03711,0.01794,-14.1450,-6.4885,5.0076
559362067,-0.63391,-1.87146,0.07312,-24.8473,2.9008,47.0458,0.77075,-1.03796,0.02454,-13.5038,-5.3664,4.6947
559363068,-0.76123,-1.85510,-0.21094,-39.6794,5.3664,49.3664,0.77600,-1.03870,0.03149,-12.7863,-4.1832,4.3588
559364067,-0.82239,-1.70789,-0.32178,-50.9160,8.7481,50.0611,0.78052,-1.03882,0.03943,-12.0305,-2.9542,4.0076
559365067,-0.85828,-1.61340,-0.28906,-61.1298,11.7099,51.1756,0.78479,-1.03760,0.04639,-11.2214,-1.7099,3.6107
559366068,-0.85522,-1.65625,-0.25244,-71.6718,15.6870,52.2748,0.78748,-1.03552,0.05164,-10.3969,-0.4733,3.1908
559367068,-0.80237,-1.70544,-0.18433,-76.5191,21.2519,50.3359,0.78906,-1.03210,0.05750,-9.5802,0.7634,2.7481
559368068,-0.71716,-1.65332,-0.06494,-70.9771,27.3282,44.3740,0.79077,-1.02722,0.06494,-8.7634,2.0229,2.2901
559369068,-0.59302,-1.46619,0.07996,-59.2672,33.4962,36.7786,0.79175,-1.02161,0.07336,-7.9542,3.2901,1.8244
559370068,-0.49536,-1.26050,0.13318,-48.9618,37.2061,31.5802,0.79163,-1.01636,0.08179,-7.1603,4.5496,1.3435
559371068,-0.41833,-1.15723,0.20081,-43.1985,39.6947,29.9771,0.79114,-1.01086,0.09070,-6.3511,5.7863,0.8550
559372068,-0.27209,-1.16528,0.47327,-40.9924,42.5115,30.3969,0.79102,-1.00452,0.09998,-5.5420,6.9924,0.3435
559373067,-0.08374,-1.08008,0.73645,-42.0916,43.6489,30.5725,0.79016,-0.99841,0.10742,-4.7481,8.1603,-0.1756
559374068,0.15552,-0.50159,1.16211,-46.4809,45.9924,29.4656,0.78723,-0.99231,0.11450,-3.9542,9.3130,-0.6947
559375068,0.53101,0.32678,1.98413,-52.1298,50.2901,31.7939,0.78369,-0.98596,0.12024,-3.1450,10.4275,-1.1832
559376067,0.73096,0.39819,1.99994,-59.5267,42.8931,42.9389,0.78052,-0.98047,0.12488,-2.3588,11.5038,-1.6565
559377067,0.60217,-0.82703,1.99994,-64.4504,21.9237,57.6260,0.77600,-0.97461,0.13074,-1.5954,12.5344,-2.1298
559378067,0.41907,-2.00000,1.65271,-60.2214,-0.6107,60.3588,0.76917,-0.96777,0.13635,-0.8397,13.5115,-2.6107
559379067,0.32861,-2.00000,1.67053,-58.7557,-17.1374,52.6870,0.76086,-0.96082,0.14026,-0.1374,14.4046,-3.0458
559380067,0.37085,-1.06799,1.65283,-70.3053,-29.7939,49.8168,0.75073,-0.95422,0.14319,0.5191,15.2137,-3.4580
559381067,0.29565,-0.23755,1.36377,-78.5038,-43.8397,55.9237,0.73938,-0.94604,0.14636,1.1450,15.9313,-3.8626
559382068,0.05872,-0.26208,0.91760,-75.1450,-57.9008,65.1985,0.72864,-0.93652,0.14905,1.7557,16.6031,-4.2366
559383068,-0.14038,-0.86768,0.53394,-75.0153,-62.0153,72.0153,0.71814,-0.92773,0.15149,2.3511,17.2290,-4.5954
559384068,-0.40454,-1.65820,0.18457,-87.3130,-55.7099,74.5573,0.70654,-0.91943,0.15430,2.9313,17.7328,-4.9160
559385068,-0.50366,-2.00000,0.03638,-98.7099,-38.0534,70.1985,0.69470,-0.91125,0.15723,3.4504,18.1374,-5.2061
559386068,-0.41492,-2.00000,0.17786,-93.4580,-21.7023,59.5267,0.68347,-0.90222,0.16064,3.9542,18.4198,-5.4733
559387067,-0.57825,-1.75342,-0.25000,-75.4733,-20.7710,49.5649,0.67297,-0.89233,0.16357,4.4122,18.5802,-5.7252
559388067,-0.77576,-1.74402,-1.01099,-59.9160,-22.1450,43.1221,0.66272,-0.88281,0.16504,4.8168,18.6489,-5.9542
559389068,-0.78320,-1.70154,-1.25122,-47.8244,-20.7252,35.7557,0.65161,-0.87366,0.16663,5.1450,18.6489,-6.1603
559390067,-0.65698,-1.48352,-0.93616,-33.3435,-18.2214,26.5038,0.64001,-0.86414,0.16931,5.3893,18.5649,-6.3740
559391067,-0.46338,-1.37415,-0.46863,-21.1985,-18.3130,20.4351,0.62939,-0.85522,0.17236,5.5267,18.3588,-6.5649
559392067,-0.44873,-1.47986,-0.38135,-18.5344,-21.3282,19.8321,0.62061,-0.84729,0.17517,5.6031,18.0382,-6.7405
559393068,-0.60474,-1.69397,-0.67017,-24.0305,-18.5038,21.5496,0.61230,-0.83923,0.17664,5.6260,17.6412,-6.8550
559394068,-0.74036,-1.83496,-0.99316,-31.0840,-8.8321,20.9237,0.60449,-0.83142,0.17700,5.5954,17.1756,-6.9237
559395068,-0.82275,-1.74243,-1.16833,-31.1908,1.6489,16.5802,0.59790,-0.82434,0.17737,5.5420,16.6718,-6.9618
559396067,-0.88989,-1.52478,-1.26868,-24.5573,8.5725,11.4733,0.59229,-0.81812,0.17761,5.4275,16.1374,-6.9771
559397068,-0.86975,-1.40198,-1.25098,-20.7939,14.7710,8.7023,0.58679,-0.81213,0.17725,5.2672,15.5573,-6.9466
559398067,-0.79309,-1.39502,-1.08057,-23.8092,22.4656,8.2137,0.58057,-0.80615,0.17737,5.0534,14.9237,-6.9313
559399068,-0.75220,-1.29712,-1.03271,-28.0687,29.4580,7.7176,0.57361,-0.80139,0.17651,4.8015,14.2137,-6.9466
559400067,-0.62646,-0.97461,-0.90723,-29.8244,37.9466,7.0458,0.56726,-0.79688,0.17419,4.5496,13.4809,-6.9542
559401067,-0.44153,-0.72632,-0.43286,-26.8092,46.4427,8.6718,0.56226,-0.79297,0.17188,4.2443,12.7252,-6.9008
559402067,-0.34131,-0.85828,-0.24536,-18.4351,48.8702,11.6260,0.55798,-0.79041,0.16882,3.9008,11.9389,-6.8321
559403067,-0.35547,-1.26184,-0.67920,-4.4351,45.7863,11.4275,0.55383,-0.78796,0.16504,3.5420,11.0992,-6.7786
559404067,-0.57617,-1.62708,-1.18469,11.6565,38.6031,5.9237,0.55042,-0.78577,0.16150,3.1603,10.2443,-6.7099
559405067,-0.72351,-1.70276,-1.26807,21.8626,36.3969,-2.6412,0.54773,-0.78308,0.15771,2.7557,9.3893,-6.6412
559406067,-0.62964,-1.48865,-1.08093,24.2290,39.5649,-10.5878,0.54480,-0.78040,0.15417,2.3282,8.5115,-6.5496
559407067,-0.62646,-1.29443,-0.84106,31.0076,44.2290,-17.0916,0.54163,-0.77954,0.15039,1.8550,7.6183,-6.4733
559408067,-0.60400,-1.39917,-0.58618,52.6794,51.6336,-24.9771,0.53857,-0.77954,0.14563,1.3893,6.7099,-6.3664
559409067,-0.51477,-1.58643,-0.58936,76.4885,62.4504,-34.9084,0.53613,-0.77979,0.14160,0.9466,5.7786,-6.2595
559410067,-0.58728,-1.59412,-0.82361,80.1145,76.7405,-41.2824,0.53345,-0.78027,0.13757,0.4809,4.8473,-6.1298
559411067,-0.54688,-1.42468,-0.79553,65.4962,95.3206,-42.0000,0.53040,-0.78027,0.13245,0.0229,3.9084,-5.9847
559412068,-0.28345,-1.21960,-0.29211,56.2443,110.1756,-41.4275,0.52856,-0.78088,0.12610,-0.4427,2.9771,-5.8397
559413068,-0.16138,-1.15930,0.11218,65.7176,109.1221,-42.7786,0.52710,-0.78259,0.11975,-0.9313,2.0534,-5.6794
559414067,-0.14624,-1.29468,0.21069,83.2672,99.3206,-44.9313,0.52502,-0.78345,0.11426,-1.4046,1.1298,-5.5344
559415067,-0.07422,-1.44629,0.48035,89.7634,92.2977,-46.1298,0.52283,-0.78357,0.10901,-1.8244,0.2366,-5.4275
559416068,0.03723,-1.32214,1.22363,79.1985,95.3893,-46.2901,0.52051,-0.78455,0.10461,-2.2214,-0.6336,-5.3282
559417068,0.22046,-1.08789,1.90723,62.8168,101.4809,-44.4733,0.51831,-0.78601,0.10095,-2.6031,-1.4504,-5.2366
559418067,0.27295,-1.08838,1.98413,50.1985,101.6641,-40.7328,0.51648,-0.78638,0.09790,-2.9618,-2.2443,-5.1603
559419067,0.25793,-1.20898,1.86206,40.8779,99.7328,-37.7252,0.51575,-0.78601,0.09497,-3.2977,-3.0458,-5.0687
559420068,0.39233,-1.14722,1.81531,30.7099,96.0076,-36.0763,0.51562,-0.78564,0.09180,-3.6260,-3.8397,-4.9924
559421067,0.45215,-0.93628,1.71594,15.7863,84.5725,-32.5038,0.51489,-0.78564,0.08875,-3.9313,-4.6107,-4.9389
559422068,0.46387,-0.68164,1.72107,0.4275,67.7252,-26.4122,0.51453,-0.78613,0.08521,-4.2366,-5.3282,-4.8855
559423067,0.51599,-0.43799,1.97925,-9.0076,50.9160,-19.0076,0.51465,-0.78638,0.08008,-4.5496,-6.0076,-4.8244
559424067,0.42102,-0.39795,1.96375,-15.3359,34.4580,-10.6565,0.51379,-0.78674,0.07483,-4.8702,-6.6870,-4.7328
559425067,0.24377,-0.55042,1.63611,-19.8626,26.6489,-4.4427,0.51221,-0.78735,0.07068,-5.2061,-7.3511,-4.6412
559426067,0.06494,-0.69885,1.30383,-17.0458,24.8321,-3.0687,0.51111,-0.78699,0.06689,-5.5725,-7.9847,-4.5344
559427067,-0.08069,-0.76697,0.96228,-10.3588,25.7939,-5.1069,0.50964,-0.78564,0.06421,-5.9695,-8.5878,-4.4504
559428065,-0.17285,-0.83508,0.64062,-7.1908,27.7710,-7.9695,0.50793,-0.78394,0.06189,-6.3817,-9.1374,-4.3588
559429065,-0.26733,-0.91650,0.38904,-4.0763,30.3893,-12.2290,0.50671,-0.78284,0.05945,-6.8092,-9.6947,-4.2672
559430065,-0.27490,-0.89087,0.37927,1.3969,34.5267,-18.0076,0.50500,-0.78320,0.05835,-7.2443,-10.2366,-4.1679
559431069,-0.21399,-0.74792,0.43713,2.6718,37.2061,-21.7939,0.50317,-0.78357,0.05737,-7.6794,-10.7481,-4.0458
559432068,-0.22522,-0.60632,0.36743,-3.1679,38.4275,-21.0458,0.50146,-0.78345,0.05518,-8.1221,-11.2366,-3.9160
559433067,-0.23535,-0.55042,0.32495,-11.2977,40.9847,-17.1145,0.50037,-0.78308,0.05225,-8.5802,-11.6870,-3.8244
559434067,-0.16248,-0.56860,0.42578,-17.6107,43.5954,-12.2977,0.49854,-0.78271,0.05042,-9.0382,-12.0916,-3.7405
559435067,-0.13318,-0.63086,0.50061,-21.1221,42.4427,-7.5038,0.49500,-0.78357,0.05017,-9.4733,-12.4809,-3.6183
559436065,-0.14197,-0.67419,0.52759,-21.0916,39.9237,-4.0534,0.49207,-0.78528,0.04956,-9.9160,-12.8702,-3.4809
559437069,-0.10791,-0.66382,0.62646,-18.3282,38.4580,-2.7481,0.49036,-0.78809,0.04761,-10.3817,-13.2595,-3.3282
559438068,-0.06567,-0.62415,0.74438,-14.6641,37.1756,-3.2443,0.48828,-0.79126,0.04480,-10.8779,-13.6565,-3.1527
559439068,-0.02783,-0.54700,0.83484,-9.7099,35.7023,-5.1756,0.48486,-0.79395,0.04138,-11.3664,-14.0687,-2.9542
559440067,-0.00403,-0.51953,0.84082,-4.0229,33.5802,-7.4275,0.48059,-0.79773,0.03796,-11.7786,-14.4809,-2.7710
559441067,-0.00256,-0.61768,0.76001,-1.2137,31.8015,-9.0229,0.47656,-0.80164,0.03394,-12.1450,-14.8931,-2.6031
559442067,-0.02100,-0.73792,0.67932,-2.5573,30.2366,-9.8168,0.47327,-0.80530,0.02893,-12.4809,-15.3359,-2.3969
559443067,-0.02600,-0.75378,0.64856,-6.1374,28.7557,-9.6107,0.46875,-0.80945,0.02271,-12.8397,-15.8015,-2.1145
559444067,-0.00647,-0.67664,0.66345,-10.9313,26.8092,-7.7328,0.46265,-0.81287,0.01538,-13.2214,-16.3053,-1.8244
559445067,-0.01245,-0.60669,0.66736,-15.4580,23.8397,-4.0992,0.45605,-0.81543,0.00818,-13.5878,-16.8473,-1.5267
559446067,-0.03345,-0.60071,0.64172,-17.6183,21.0687,0.0382,0.44910,-0.81824,0.00110,-13.9389,-17.4504,-1.2519
559447067,-0.05713,-0.64185,0.59937,-18.2290,18.7557,3.3893,0.44214,-0.82019,-0.00574,-14.3053,-18.0916,-0.9847
559448068,-0.08997,-0.69507,0.55371,-17.7328,17.2824,5.0687,0.43518,-0.82141,-0.01331,-14.7176,-18.7939,-0.7099
559449068,-0.12659,-0.74011,0.52356,-15.0382,16.9084,4.6336,0.42798,-0.82214,-0.02136,-15.1603,-19.5496,-0.4122
559450068,-0.15112,-0.76562,0.51868,-10.8855,17.4733,2.5344,0.42163,-0.82263,-0.02820,-15.6183,-20.3588,-0.0763
559451068,-0.15698,-0.78833,0.54016,-7.2901,18.7328,-0.0305,0.41577,-0.82336,-0.03406,-16.1298,-21.2290,0.2519
559452068,-0.14380,-0.83508,0.57349,-5.3206,20.4504,-2.0763,0.40967,-0.82410,-0.03992,-16.6870,-22.1908,0.5802
559453067,-0.07910,-0.98120,0.64941,-9.3740,22.8321,-2.6641,0.40320,-0.82361,-0.04529,-17.2519,-23.2214,0.9084
559454068,-0.04700,-1.01990,0.68994,-14.1832,22.0687,-1.4046,0.39697,-0.82336,-0.05188,-17.8473,-24.3206,1.2672
559455068,-0.01733,-0.96887,0.73206,-18.6489,19.6260,0.2519,0.39099,-0.82483,-0.05945,-18.5115,-25.4656,1.6031
559456068,-0.01514,-0.89026,0.73816,-21.4656,15.6718,2.1756,0.38525,-0.82617,-0.06641,-19.2290,-26.6412,1.8855
559457068,-0.02344,-0.85339,0.74097,-22.0076,11.3435,3.8321,0.38000,-0.82690,-0.07336,-19.9542,-27.8397,2.1679
559458068,-0.02893,-0.84924,0.76331,-21.3740,7.5878,4.7405,0.37476,-0.82849,-0.08008,-20.6947,-29.0382,2.4275
559459068,-0.04346,-0.84717,0.75378,-20.7710,4.8015,4.7176,0.37036,-0.83191,-0.08643,-21.4504,-30.2061,2.6870
559460068,-0.07642,-0.84302,0.69556,-19.1374,3.1603,3.5115,0.36682,-0.83691,-0.09326,-22.1832,-31.3282,2.9084
559461068,-0.10217,-0.82800,0.63867,-14.9771,2.8550,1.1145,0.36279,-0.84290,-0.10010,-22.8702,-32.4122,3.1145
559462068,-0.11353,-0.80298,0.57947,-10.1527,3.1985,-1.3511,0.35791,-0.85645,-0.11279,-24.1603,-34.4198,3.4809
559463067,-0.13391,-0.79675,0.49072,-7.8931,3.6107,-2.6641,0.35876,-0.86401,-0.12134,-24.7023,-35.2748,3.5954
559464065,-0.13611,-0.80969,0.44397,-8.0153,4.8321,-2.9008,0.36072,-0.87354,-0.13062,-25.1298,-36.0382,3.6794
559465068,-0.10889,-0.83252,0.47070,-8.5878,5.9771,-2.5344,0.36243,-0.88416,-0.13953,-25.4733,-36.7405,3.7557
559466067,-0.08911,-0.86169,0.49353,-9.5038,5.7786,-1.5496,0.36340,-0.89551,-0.14893,-25.7481,-37.3359,3.8092
559467067,-0.08569,-0.87598,0.48865,-11.1069,4.6183,-0.1679,0.36462,-0.90747,-0.16125,-25.9618,-37.8015,3.8626
559468067,-0.08838,-0.84717,0.49597,-13.3359,3.3359,1.1832,0.36719,-0.91992,-0.17542,-26.0916,-38.1679,3.9008
559469067,-0.08594,-0.79468,0.52295,-16.1908,2.1374,2.5496,0.37000,-0.93396,-0.18994,-26.1298,-38.4809,3.9618
559470067,-0.08838,-0.76172,0.53296,-18.3969,0.6565,3.7023,0.37219,-0.94849,-0.20544,-26.0840,-38.7328,4.0458
559471068,-0.09558,-0.75842,0.53638,-18.2672,-0.4809,4.0305,0.37354,-0.96313,-0.22278,-25.9466,-38.9084,4.1679
559472067,-0.07812,-0.80310,0.60083,-16.7023,-0.0840,3.6947,0.37366,-0.97827,-0.24304,-25.7176,-38.9847,4.3130
559473067,-0.04492,-0.89136,0.70557,-15.7176,1.3130,3.1450,0.37244,-0.99304,-0.26453,-25.4122,-38.9924,4.4656
559474065,-0.02417,-0.94910,0.75659,-15.6183,2.4504,2.4427,0.37048,-1.00732,-0.28601,-25.0534,-38.9542,4.6412
559475065,-0.01636,-0.92859,0.74744,-15.5496,2.3817,1.7557,0.36951,-1.02075,-0.30811,-24.6336,-38.8779,4.8626
559476065,-0.01611,-0.88452,0.71252,-15.4198,0.1603,1.7786,0.36951,-1.03406,-0.33105,-24.1603,-38.7481,5.0916
559477069,-0.01794,-0.88708,0.66663,-16.0382,-4.2137,2.8321,0.36951,-1.04651,-0.35498,-23.6183,-38.5725,5.3053
559478068,-0.01807,-0.91260,0.62842,-17.5191,-9.9771,4.2137,0.36914,-1.05713,-0.37988,-23.0000,-38.3740,5.5344
559479068,-0.02332,-0.90759,0.61511,-19.2443,-15.5191,5.2290,0.36865,-1.06592,-0.40637,-22.3130,-38.1527,5.7710
559480068,-0.04712,-0.86890,0.58875,-20.7023,-19.6947,5.8473,0.36816,-1.07251,-0.43359,-21.5725,-37.8702,6.0076
559481067,-0.09448,-0.83936,0.49182,-21.3359,-21.8855,6.2595,0.36768,-1.07727,-0.46094,-20.8168,-37.5420,6.2366
559482067,-0.15552,-0.87341,0.33899,-20.3893,-22.1527,6.3664,0.36646,-1.08228,-0.48682,-20.0458,-37.1756,6.4275
559483068,-0.21436,-0.95740,0.18799,-18.1145,-20.8092,5.6336,0.36426,-1.08691,-0.51233,-19.2824,-36.7710,6.5496
559484068,-0.25635,-1.01160,0.07886,-15.5573,-18.1756,3.8855,0.36255,-1.08984,-0.53845,-18.5420,-36.3053,6.6336
559485068,-0.27917,-0.98889,0.01868,-13.2290,-14.8397,1.6794,0.36169,-1.09131,-0.56433,-17.8321,-35.8397,6.6718
559486068,-0.28296,-0.91797,0.00244,-11.3893,-11.5725,0.0153,0.35962,-1.09167,-0.59021,-17.1832,-35.3969,6.6947
559487067,-0.27368,-0.87048,0.01868,-10.8092,-8.8931,-0.3130,0.35669,-1.09192,-0.61670,-16.6412,-34.9008,6.6870
559488067,-0.24951,-0.90527,0.07422,-12.0687,-6.5115,0.5878,0.35388,-1.09241,-0.64417,-16.1985,-34.3282,6.6336
559489068,-0.20203,-0.97961,0.17041,-14.7023,-4.3664,1.5878,0.35132,-1.09302,-0.67114,-15.8550,-33.7023,6.5344
559490067,-0.14697,-0.97510,0.27588,-17.3435,-3.1221,1.7328,0.34961,-1.09351,-0.69763,-15.5954,-33.0611,6.3969
559491067,-0.10864,-0.86902,0.34802,-18.6641,-3.4656,1.3817,0.34778,-1.09460,-0.72400,-15.4733,-32.4122,6.2443
559492068,-0.11487,-0.77429,0.37341,-18.0840,-5.5420,1.5496,0.34595,-1.09644,-0.75049,-15.4733,-31.7481,6.0382
559493068,-0.14880,-1.00342,1.05505,-14.6565,-5.5649,3.3740,0.34521,-1.09937,-0.77783,-15.5725,-31.0229,5.8015
559494067,0.20105,-2.00000,1.99994,-8.4885,10.5878,6.3969,0.34412,-1.10413,-0.80652,-15.7481,-30.2214,5.5267
559495068,1.28625,-2.00000,1.99994,-7.8626,34.2214,6.2137,0.34131,-1.10901,-0.83679,-16.0000,-29.3969,5.2366
559496067,1.49097,-2.00000,1.99994,-29.3969,17.2977,1.3588,0.33813,-1.11365,-0.86633,-16.3511,-28.5267,4.9466
559497067,0.41406,-2.00000,1.99994,-54.5878,-30.4656,-5.4504,0.33643,-1.11902,-0.89478,-16.7939,-27.5878,4.6641
559498067,0.49109,-1.88989,1.99994,-49.3282,-57.3740,-11.5725,0.33459,-1.12463,-0.92456,-17.3053,-26.5878,4.3969
559499065,1.56775,-2.00000,1.99994,-44.9618,-89.9695,-9.2672,0.33167,-1.13025,-0.95581,-17.8550,-25.5496,4.1145
559500069,1.89514,-2.00000,1.99994,-68.2366,-143.9008,-7.2824,0.32959,-1.13562,-0.98706,-18.4198,-24.5038,3.7939
559501067,1.14734,-1.31177,1.99994,-86.4733,-190.2748,-13.7176,0.32861,-1.14026,-1.01904,-19.0458,-23.3893,3.4656
559502067,0.33228,-0.21594,1.99994,-91.0229,-216.1756,-9.9542,0.32825,-1.14453,-1.05164,-19.6947,-22.2061,3.1756
559503067,0.31665,-1.01770,1.53772,-89.3053,-208.8779,0.1832,0.32739,-1.14807,-1.08423,-20.3588,-20.9924,2.8855
559504068,0.05615,-1.88062,1.60303,-69.6794,-202.8473,-2.7786,0.32593,-1.15173,-1.11670,-21.0382,-19.7252,2.6107
559505067,-0.52405,-1.66663,0.87341,-44.8626,-201.8168,-13.8473,0.32556,-1.15503,-1.14880,-21.7557,-18.3817,2.3359
559506067,-0.70093,-1.03040,-0.49133,-40.0916,-191.9771,-18.4504,0.32593,-1.15564,-1.18005,-22.5573,-16.9618,2.0992
559507067,-1.14099,-0.70032,-1.98364,-43.1756,-186.5267,-16.9771,0.32581,-1.15454,-1.21143,-23.4198,-15.4733,1.8397
559508067,-1.25049,-0.68445,-1.99316,-37.1145,-164.0382,-15.5267,0.32654,-1.15320,-1.24194,-24.3511,-13.9237,1.5725
559509067,-0.73792,-0.83374,-1.11829,-45.7481,-143.4122,-9.2977,0.32898,-1.15125,-1.27063,-25.3282,-12.2977,1.3053
559510067,-0.85242,-1.23853,-1.53918,-88.3282,-141.3359,6.6031,0.33191,-1.14929,-1.29895,-26.3817,-10.5802,1.0534
559511067,-1.18591,-1.40552,-2.00000,-126.4656,-128.1298,17.3053,0.33398,-1.14722,-1.32727,-27.5573,-8.7863,0.8244
559512068,-1.00183,-0.91772,-1.59998,-135.9389,-99.7252,17.4504,0.33484,-1.14551,-1.35547,-28.8321,-6.8931,0.6260
559513068,-0.67456,-0.76318,-0.89587,-145.0763,-78.2672,22.1603,0.33667,-1.14514,-1.38159,-30.2366,-4.9237,0.4580
559514067,-0.68408,-1.36145,-0.69543,-160.1527,-69.0153,30.9008,0.33862,-1.14563,-1.40674,-31.7557,-2.8473,0.2748
559515067,-0.81628,-2.00000,-0.34595,-153.1298,-62.0305,28.2977,0.33972,-1.14624,-1.43213,-33.3511,-0.6947,0.0916
559516067,-0.55713,-2.00000,0.16113,-128.3588,-53.9008,10.1374,0.34216,-1.14783,-1.45581,-35.0458,1.5267,-0.0687
559517068,-0.11865,-1.25940,0.72461,-102.9847,-52.4046,-13.0305,0.34583,-1.15039,-1.47803,-36.8015,3.8855,-0.2214
559518067,0.15271,-0.24341,1.26917,-66.8092,-65.8702,-30.0534,0.34851,-1.15283,-1.49976,-38.6260,6.3511,-0.3817
559519067,0.37195,-0.16406,1.72571,-29.8550,-85.8855,-37.2061,0.35059,-1.15698,-1.52173,-40.5496,8.9313,-0.5267
559520067,0.24329,-0.88269,1.54248,-22.7634,-116.4580,-34.6870,0.35254,-1.16199,-1.54443,-42.5344,11.6183,-0.6641
559521067,-0.31750,-1.87878,0.97290,-34.9237,-144.3130,-29.0687,0.35388,-1.16711,-1.56641,-44.5496,14.3740,-0.8168
559522067,-0.30066,-2.00000,1.26331,-37.0076,-149.3359,-29.9084,0.35461,-1.17297,-1.58777,-46.5649,17.2366,-0.9466
559523067,-0.07458,-2.00000,1.50305,-39.0916,-158.2137,-36.7481,0.35596,-1.17993,-1.60901,-48.5496,20.2061,-1.0611
559524067,-0.61194,-1.22754,0.37976,-48.3435,-180.3206,-39.6107,0.35828,-1.18738,-1.62988,-50.5802,23.2901,-1.1374
559525068,-1.21375,-0.14734,-1.54480,-51.5649,-201.5115,-33.8702,0.36047,-1.19543,-1.65039,-52.6336,26.4809,-1.2137
559526067,-1.44226,-0.37561,-2.00000,-50.3435,-206.8092,-24.9542,0.36194,-1.20398,-1.67065,-54.6336,29.7557,-1.2214
559527067,-1.79688,-1.45740,-2.00000,-47.8626,-206.2290,-21.6336,0.36365,-1.21155,-1.69043,-56.6183,33.0840,-1.2290
559528068,-2.00000,-2.00000,-2.00000,-46.6183,-199.8931,-25.5954,0.36584,-1.21814,-1.71008,-58.5725,36.4885,-1.2519
559529068,-2.00000,-2.00000,-2.00000,-50.7481,-174.9084,-32.0076,0.36902,-1.22339,-1.72961,-60.4962,39.9618,-1.2901
559530067,-2.00000,-2.00000,-2.00000,-47.3740,-131.4122,-43.4351,0.37244,-1.22864,-1.74829,-62.4275,43.4656,-1.2824
559531068,-2.00000,-1.74011,-2.00000,-30.6565,-85.9771,-56.6336,0.37512,-1.23401,-1.76526,-64.3435,47.0382,-1.2366
559532067,-2.00000,-1.14880,-2.00000,-22.0305,-57.2214,-62.3664,0.37756,-1.23792,-1.78149,-66.2290,50.6947,-1.1985
559533068,-2.00000,-1.00818,-2.00000,-27.4198,-38.5878,-63.0916,0.38062,-1.24121,-1.79846,-68.0992,54.4427,-1.1527
559534068,-2.00000,-1.10999,-2.00000,-24.3435,-20.1069,-68.6718,0.38306,-1.24329,-1.81445,-69.9542,58.2595,-1.1145
559535068,-2.00000,-1.31042,-2.00000,-9.9618,-4.0000,-78.8550,0.38501,-1.24451,-1.82898,-71.8321,62.1145,-1.0534
559536067,-1.67334,-1.46631,-2.00000,-1.1679,5.7099,-86.6183,0.38806,-1.24634,-1.84204,-73.7481,65.9924,-1.0076
559537067,-1.50293,-1.17627,-1.92773,-2.7786,14.9924,-89.5038,0.39136,-1.24768,-1.85388,-75.6794,69.9466,-0.9771
559538067,-1.20312,-0.46216,-1.59680,-8.3588,31.9924,-86.8244,0.39294,-1.24805,-1.86462,-77.6336,73.9771,-0.9847
559539067,-1.00171,0.06433,-1.28735,-16.2672,46.5954,-78.2595,0.39502,-1.24927,-1.87268,-79.6260,78.1985,-1.0305
559540067,-1.09937,-0.02124,-0.92212,-20.3740,51.2366,-66.6794,0.39880,-1.25220,-1.87842,-81.6641,82.5267,-1.1069
559541065,-0.98352,-0.50623,-0.81995,-19.3588,42.0687,-54.4275,0.40198,-1.25549,-1.88342,-83.7252,86.7557,-1.2290
559542068,-0.83398,-1.49658,-1.18152,-16.3435,17.0687,-41.7863,0.40381,-1.25952,-1.88806,-85.7786,90.9771,-1.3664
559543067,-1.14856,-2.00000,-1.79480,-2.4046,-18.9160,-43.4885,0.40454,-1.26428,-1.89246,-87.8244,95.3206,-1.5420
559544068,-1.29944,-2.00000,-2.00000,22.7634,-37.2977,-60.8931,0.40356,-1.26880,-1.89587,-89.9160,99.7710,-1.7557
559545068,-1.51709,-1.03308,-2.00000,22.8855,-51.1908,-71.2595,0.40198,-1.27417,-1.89941,-92.0458,104.2977,-2.0611
559546067,-2.00000,-0.60815,-2.00000,-3.3740,-64.4580,-64.7634,0.39929,-1.28113,-1.90393,-94.1756,108.8855,-2.4351
559547068,-2.00000,-1.63293,-2.00000,-9.1908,-51.7786,-61.1603,0.39563,-1.28931,-1.90881,-96.3130,113.5267,-2.8702
559548068,-2.00000,-2.00000,-2.00000,32.7863,-21.7863,-77.8550,0.39319,-1.29700,-1.91370,-98.4809,118.2061,-3.3053
559549067,-2.00000,-2.00000,-2.00000,94.9847,24.8092,-112.5496,0.39148,-1.30347,-1.91821,-100.6641,122.9313,-3.7863
559550068,-2.00000,-2.00000,-2.00000,119.9160,74.1832,-142.0076,0.38843,-1.31006,-1.92249,-102.8550,127.6870,-4.3282
559551067,-2.00000,-2.00000,-2.00000,76.9237,114.9847,-146.9771,0.38477,-1.31750,-1.92590,-105.0458,132.4427,-4.9008
559552067,-2.00000,-1.20483,-2.00000,35.6794,129.3664,-143.0305,0.38159,-1.32544,-1.92932,-107.2290,137.1908,-5.4809
559553067,-2.00000,-0.41772,-2.00000,57.7252,157.7557,-149.9160,0.37939,-1.33228,-1.93274,-109.4122,141.9542,-6.0534
559554067,-2.00000,-0.78308,-2.00000,90.9313,205.2443,-154.6947,0.37817,-1.33752,-1.93494,-111.6183,146.7481,-6.6412
559555067,-2.00000,-1.15210,-2.00000,68.8931,227.6336,-145.4656,0.37744,-1.34229,-1.93567,-113.7939,151.5725,-7.2443
559556068,-2.00000,-0.59778,-2.00000,9.2061,244.7252,-126.9389,0.37720,-1.34680,-1.93469,-115.9237,156.4122,-7.8779
559557068,-1.99011,0.49390,-2.00000,-32.2137,250.1298,-109.6641,0.37769,-1.35120,-1.93201,-118.0076,161.2824,-8.5115
559558068,-0.94836,1.08838,-0.95276,-31.0916,250.1298,-97.2137,0.37891,-1.35510,-1.92822,-120.0763,166.1756,-9.1908
559559067,-0.33154,0.46143,0.42041,-16.1603,250.1298,-86.4504,0.38074,-1.35803,-1.92346,-122.1145,171.0611,-9.8931
559560067,-0.46143,-0.50256,0.15527,-21.4733,241.2901,-75.9695,0.38330,-1.36060,-1.91736,-124.1145,175.9924,-10.6183
559561067,-0.92273,-0.29456,-1.57935,-35.9924,174.3130,-73.4656,0.38721,-1.36462,-1.91162,-126.0763,181.0153,-11.3664
559562067,-1.27185,1.28601,-1.77368,-27.5878,133.5496,-80.2290,0.39148,-1.37000,-1.90613,-128.0000,186.1221,-12.1756
559563067,-0.85645,1.99994,0.27100,12.3282,119.3435,-83.6412,0.39514,-1.37585,-1.89954,-129.8321,191.2901,-13.0076
559564067,-0.40613,1.62524,0.61267,54.5878,92.6565,-73.9313,0.40210,-1.39062,-1.88171,-133.1985,202.0305,-14.6870
559565068,-1.60938,-0.25769,-2.00000,57.2519,49.7786,-58.3740,0.40588,-1.40112,-1.87170,-134.7557,207.5878,-15.5649
559566068,-2.00000,-1.31653,-2.00000,37.2519,42.9008,-54.6565,0.40918,-1.41370,-1.86157,-136.1985,213.2519,-16.4962
559567068,-2.00000,-1.21716,-2.00000,35.9847,96.5344,-67.7863,0.41150,-1.42798,-1.85107,-137.4885,219.0305,-17.4656
559568067,-2.00000,-0.68811,-2.00000,46.6565,167.3359,-83.7023,0.41296,-1.44250,-1.84094,-138.6641,224.9466,-18.4427
559569067,-2.00000,0.05347,-2.00000,45.0992,221.9924,-89.7176,0.41431,-1.45715,-1.82983,-139.7252,231.0305,-19.4122
559570068,-2.00000,0.54480,-2.00000,27.5344,250.1298,-80.5573,0.41504,-1.47241,-1.81946,-140.6641,237.2672,-20.3969
559571068,-2.00000,0.17139,-2.00000,-3.6412,250.1298,-64.4122,0.41443,-1.48779,-1.81042,-141.5191,243.6107,-21.3588
559572067,-2.00000,-0.59729,-2.00000,-35.2595,250.1298,-54.5725,0.41321,-1.50244,-1.80017,-142.3130,250.0534,-22.2824
559573068,-1.94922,-0.85059,-1.65833,-52.2901,250.1298,-54.2214,0.41235,-1.51587,-1.78723,-143.0382,250.1298,-23.2214
559574067,-1.03833,-0.09204,-1.22827,-68.0611,250.1298,-51.4733,0.41187,-1.52795,-1.77283,-143.6947,250.1298,-24.1679
559575067,-0.64319,1.23401,-1.63513,-92.2977,250.1298,-35.4809,0.41150,-1.53870,-1.75732,-144.2824,250.1298,-25.1145
559576065,-1.16382,1.99994,-1.05359,-103.6947,250.1298,-13.8397,0.41003,-1.54871,-1.73926,-144.8168,250.1298,-26.0916
559577065,-0.08606,1.91882,0.26733,-72.9542,250.1298,-0.7481,0.40723,-1.55737,-1.72009,-145.2824,250.1298,-27.0840
559578069,0.34399,0.95581,0.69812,-6.2595,219.3893,-7.3130,0.40320,-1.56396,-1.70044,-145.6870,250.1298,-28.0687
559579068,-1.72791,0.79053,-1.60229,47.2519,137.4580,-23.2443,0.39832,-1.56958,-1.67957,-146.0611,250.1298,-29.0611
559580067,-2.00000,1.50085,-2.00000,57.6870,146.6336,-34.9008,0.39282,-1.57349,-1.65686,-146.4198,250.1298,-30.0534
559581068,-2.00000,1.69482,-1.89844,49.1527,203.3664,-36.3969,0.38586,-1.57495,-1.63110,-146.8015,250.1298,-31.0687
559582068,-2.00000,0.53394,-1.45886,59.0305,247.5725,-39.9466,0.37695,-1.57556,-1.60352,-147.2748,250.1298,-32.1145
559583068,-2.00000,-0.53491,-2.00000,91.7634,250.1298,-52.3893,0.36633,-1.57520,-1.57520,-147.8244,250.1298,-33.2061
559584068,-2.00000,-0.36755,-2.00000,114.1450,250.1298,-60.2290,0.35413,-1.57397,-1.54541,-148.4504,250.1298,-34.3282
559585067,-2.00000,0.12341,-2.00000,81.6794,250.1298,-47.1069,0.33948,-1.57239,-1.51453,-149.1374,250.1298,-35.4504
559586068,-2.00000,0.04626,-1.43042,-78.1908,250.1298,24.6794,0.32446,-1.57056,-1.48364,-149.9466,250.1298,-36.6336
559587068,-2.00000,0.76501,-2.00000,-115.3969,250.1298,52.7328,0.30981,-1.56946,-1.45203,-150.9160,250.1298,-37.8550
559588068,-2.00000,1.98682,-2.00000,-63.2748,250.1298,52.2824,0.29370,-1.56909,-1.41956,-152.0000,250.1298,-39.0763
559589068,-2.00000,1.96655,-2.00000,1.6107,250.1298,47.1298,0.27588,-1.56897,-1.38782,-153.1756,250.1298,-40.2366
559590067,-1.97839,0.55090,-1.59070,-21.9695,250.1298,56.5420,0.25525,-1.57007,-1.35718,-154.4580,250.1298,-41.4198
559591067,-1.42798,-0.35522,-0.33313,-64.1756,250.1298,52.6489,0.23303,-1.57324,-1.32690,-155.8244,250.1298,-42.6260
559592067,-1.30200,-0.29114,0.16333,-17.6107,250.1298,17.7405,0.21094,-1.57690,-1.29639,-157.2748,250.1298,-43.8397
559593067,-0.77698,0.27515,0.43860,79.2672,250.1298,-26.7176,0.18848,-1.58081,-1.26489,-158.8168,250.1298,-45.0229
559594068,-0.71765,0.77515,0.66736,132.3511,250.1298,-49.4962,0.16577,-1.58557,-1.23181,-160.4427,250.1298,-46.1832
559595068,-0.89697,0.62012,0.45068,112.6031,250.1298,-36.8626,0.14404,-1.59070,-1.19812,-162.1069,250.1298,-47.3435
559596067,-0.73926,0.39551,0.42004,42.4122,250.1298,-2.3511,0.12451,-1.59595,-1.16382,-163.7481,250.1298,-48.4885
559597068,-0.87195,1.16760,0.13135,-14.3053,250.1298,28.5344,0.10620,-1.60095,-1.12854,-165.3664,250.1298,-49.6183
559598067,-0.55493,1.99994,1.12427,-22.3740,250.1298,50.7176,0.08704,-1.60571,-1.09265,-166.9389,250.1298,-50.6870
559599067,0.63770,1.99994,1.99994,-32.2977,250.1298,80.3893,0.06567,-1.60974,-1.05566,-168.4656,250.1298,-51.7176
559600067,1.28418,1.99994,1.99994,-73.6336,250.1298,130.8855,0.04346,-1.61243,-1.01746,-169.9771,250.1298,-52.7023
559601065,0.05310,1.97839,0.71130,-86.7939,250.1298,165.6794,0.02136,-1.61328,-0.97888,-171.4962,250.1298,-53.6565
559602064,-1.65125,0.23328,-2.00000,-32.5878,250.1298,156.1908,-0.00073,-1.61157,-0.93909,-172.9618,250.1298,-54.5344
559603064,-2.00000,-0.07996,-2.00000,38.5878,250.1298,116.7328,-0.02271,-1.60767,-0.89612,-174.3893,250.1298,-55.3435
559604065,-2.00000,0.85730,-2.00000,84.4885,250.1298,82.0992,-0.04431,-1.60168,-0.85071,-175.8626,250.1298,-56.0916
559605069,-2.00000,1.67603,-2.00000,100.4809,250.1298,69.1069,-0.06567,-1.59265,-0.80273,-177.3969,250.1298,-56.7634
559606064,-1.91467,1.42957,-0.99329,102.4656,250.1298,78.3893,-0.08704,-1.58057,-0.75232,-179.0000,250.1298,-57.3740
559607069,-2.00000,0.04956,-2.00000,90.8855,250.1298,94.8473,-0.10840,-1.56677,-0.70044,-180.6870,250.1298,-57.9618
559608064,-2.00000,-1.87256,-2.00000,63.2977,250.1298,111.5038,-0.12952,-1.55115,-0.64746,-182.5038,250.1298,-58.4962
559609069,-2.00000,-2.00000,-1.69690,23.8168,250.1298,124.3664,-0.15039,-1.53308,-0.59229,-184.4504,250.1298,-58.9466
559610068,-1.99231,-2.00000,-0.35681,-33.7863,250.1298,139.7023,-0.17114,-1.51172,-0.53503,-186.5420,250.1298,-59.3206
559611067,-1.59192,-1.78577,-0.59741,-88.0687,250.1298,163.3817,-0.19214,-1.48877,-0.47485,-188.8473,250.1298,-59.6565
559612067,-1.06372,-1.64404,0.93835,-84.6107,250.1298,169.8321,-0.21252,-1.46558,-0.41174,-191.3664,250.1298,-59.9847
559613065,-0.17053,-0.97351,1.99994,-37.1374,250.1298,147.3435,-0.23120,-1.44165,-0.34729,-194.0687,250.1298,-60.2748
559614063,0.10266,0.43433,1.99994,3.4198,250.1298,119.6260,-0.24854,-1.41724,-0.28223,-196.9389,250.1298,-60.5191
559615066,-0.25366,0.41174,1.64600,59.0229,250.1298,95.9618,-0.26562,-1.39294,-0.21570,-200.0153,250.1298,-60.7710
559616064,-0.96533,-1.87109,1.99994,124.1603,250.1298,72.9389,-0.28247,-1.36951,-0.14673,-203.2748,250.1298,-61.0534
559617069,-0.97913,-2.00000,1.91113,157.9313,250.1298,46.8015,-0.29846,-1.34729,-0.07666,-206.7252,250.1298,-61.3588
559618068,-1.10938,-2.00000,-0.38782,177.0382,250.1298,13.5115,-0.31372,-1.32605,-0.00586,-210.2901,250.1298,-61.6641
559619068,-2.00000,-1.02454,-2.00000,206.9466,250.1298,-12.9466,-0.32849,-1.30652,0.06494,-213.9008,250.1298,-62.0076
559620068,-2.00000,0.42163,-1.98120,207.3435,250.1298,-4.4351,-0.34241,-1.28955,0.13525,-217.5191,250.1298,-62.3740
559621067,-2.00000,0.21960,-2.00000,148.0153,250.1298,37.3817,-0.35449,-1.27478,0.20532,-221.1069,250.1298,-62.7786
559622067,-2.00000,-1.18457,-2.00000,86.4351,250.1298,80.3359,-0.36536,-1.26233,0.27332,-224.6489,250.1298,-63.2137
559623067,-2.00000,-2.00000,-2.00000,76.5649,250.1298,90.0458,-0.37598,-1.25269,0.34094,-228.1069,250.1298,-63.6565
559624068,-2.00000,-2.00000,-2.00000,76.2595,250.1298,84.6412,-0.38477,-1.24609,0.40820,-231.4198,250.1298,-64.0992
559625068,-2.00000,-2.00000,-1.64429,42.0000,250.1298,93.3130,-0.39136,-1.24243,0.47473,-234.5267,250.1298,-64.5573
559626067,-2.00000,-1.76843,-1.52319,21.1069,250.1298,95.8321,-0.39624,-1.24280,0.54163,-237.3969,250.1298,-64.9924
559627067,-2.00000,-1.67554,-0.67529,48.8092,250.1298,81.4733,-0.39978,-1.24719,0.60645,-240.0000,250.1298,-65.4351
559628067,-2.00000,-2.00000,-0.15112,88.3511,250.1298,56.3359,-0.40259,-1.25269,0.66870,-242.3130,250.1298,-65.8473
559629068,-2.00000,-2.00000,0.48865,121.9924,250.1298,19.7099,-0.40356,-1.25928,0.72913,-244.3053,250.1298,-66.1603
559630068,-1.94946,-2.00000,1.99994,151.0229,250.1298,-16.8702,-0.40222,-1.26794,0.78918,-245.9618,250.1298,-66.3588
559631068,-0.44080,-1.74219,1.99994,157.3817,250.1298,-32.0611,-0.39941,-1.27771,0.84827,-247.2672,250.1298,-66.4504
559632067,0.42712,-1.46655,1.99994,141.3664,250.1298,-25.9237,-0.39465,-1.28918,0.90356,-248.2290,250.1298,-66.4504
559633067,-0.02246,-1.13806,1.99994,150.0916,250.1298,-24.4504,-0.38635,-1.30164,0.95642,-248.8473,250.1298,-66.3053
559634065,0.08826,0.05933,1.99994,171.8321,250.1298,-27.4122,-0.37622,-1.31372,1.00916,-249.0992,250.1298,-66.0076
559635069,0.15186,1.14905,1.99994,147.5725,250.1298,-8.7786,-0.36487,-1.32556,1.06091,-249.0000,250.1298,-65.5344
559636068,-0.14624,0.53625,1.99994,111.7939,250.1298,23.5420,-0.35095,-1.33691,1.11145,-248.5802,250.1298,-64.9008
559637067,0.33337,-1.38696,1.99994,117.9389,250.1298,39.3511,-0.33606,-1.34741,1.16077,-247.8397,250.1298,-64.1298
559638067,-0.60095,-2.00000,1.99994,120.7328,250.1298,42.3206,-0.32080,-1.35645,1.20947,-246.7939,250.1298,-63.2290
559639067,-2.00000,-2.00000,1.44653,93.6641,250.1298,36.3969,-0.30334,-1.36328,1.25830,-245.4809,250.1298,-62.2290
559640068,-2.00000,-1.32104,0.75537,80.0916,250.1298,22.1832,-0.28528,-1.36731,1.30652,-243.9008,250.1298,-61.1374
559641067,-1.66162,-0.10437,1.99994,85.0382,250.1298,21.9542,-0.26794,-1.36853,1.35559,-242.0458,250.1298,-59.9847
559642068,-0.75391,-0.71667,1.99994,48.0076,250.1298,39.2214,-0.24951,-1.36890,1.40503,-239.9924,250.1298,-58.8168
559643067,-0.19299,-1.76782,1.99994,-22.4504,250.1298,57.4198,-0.22961,-1.36816,1.45288,-237.7634,250.1298,-57.6870
559644065,-0.24402,-1.94641,1.99994,-41.2366,250.1298,54.3893,-0.20959,-1.36621,1.49976,-235.3740,250.1298,-56.5573
559645069,0.07019,-1.73267,1.99994,-18.8550,250.1298,43.6870,-0.18909,-1.36426,1.54590,-232.8244,250.1298,-55.4656
559646068,0.58838,-2.00000,1.99994,-25.4122,250.1298,47.4809,-0.16968,-1.36230,1.59094,-230.1450,250.1298,-54.4122
559647067,0.86804,-2.00000,1.99994,-32.8168,250.1298,51.6641,-0.15234,-1.35986,1.63379,-227.3130,250.1298,-53.4504
559648067,1.60413,-1.99377,1.99994,-7.4427,250.1298,45.1603,-0.13696,-1.35754,1.67358,-224.3206,250.1298,-52.6107
559649067,1.99994,-1.87744,1.99994,3.5649,250.1298,42.4198,-0.12354,-1.35486,1.71008,-221.1832,250.1298,-51.8779
559650065,1.99994,-1.99878,1.99994,1.6260,250.1298,41.9160,-0.11182,-1.35291,1.74414,-217.9008,250.1298,-51.2290
559651065,1.52380,-2.00000,1.99994,19.9160,250.1298,38.4809,-0.10193,-1.35132,1.77625,-214.4504,250.1298,-50.6794
559652065,1.71814,-2.00000,1.99994,31.6641,204.5115,40.6718,-0.09302,-1.34937,1.80640,-210.8397,250.1298,-50.2519
559653069,0.79199,-2.00000,1.99994,24.4351,133.3893,33.6412,-0.08484,-1.34729,1.83557,-207.0763,250.1298,-49.9771
559654068,-0.77954,-2.00000,1.99994,19.4733,87.7023,12.7252,-0.07666,-1.34448,1.86316,-203.1679,250.1298,-49.8855
559655068,-0.18201,-2.00000,1.99994,-18.8931,78.5878,3.9160,-0.06763,-1.34155,1.88916,-199.0763,250.1298,-49.9542
559656067,-0.36731,-0.30542,-0.22986,-86.6412,63.5191,25.0916,-0.05994,-1.33777,1.91467,-194.8168,250.1298,-50.1450
559657068,-2.00000,-1.27808,-2.00000,-109.8397,50.8397,53.6565,-0.05359,-1.33337,1.93896,-190.3740,250.1298,-50.4656
559658067,-2.00000,-2.00000,-2.00000,-109.6260,77.9160,64.0840,-0.04724,-1.32849,1.96240,-185.7634,250.1298,-50.9466
559659067,-2.00000,-2.00000,-2.00000,-129.9313,115.7328,56.7634,-0.04089,-1.32190,1.98523,-180.9924,250.1298,-51.5649
559660068,-2.00000,-0.46021,-2.00000,-98.9695,203.4351,23.4962,-0.03577,-1.31433,1.99994,-176.0992,250.1298,-52.2672
559661068,-2.00000,0.48523,-2.00000,-13.5038,250.1298,-5.4198,-0.03210,-1.30627,1.99994,-171.0992,250.1298,-53.0534
559662068,-2.00000,-0.55725,-2.00000,5.8168,250.1298,0.0000,-0.02832,-1.29712,1.99994,-166.0076,250.1298,-53.9542
559663068,-2.00000,-1.99805,-2.00000,-6.3053,250.1298,6.9924,-0.02478,-1.28613,1.99994,-160.8626,250.1298,-54.9237
559664068,-2.00000,-2.00000,-2.00000,54.5954,250.1298,-25.4733,-0.02258,-1.27368,1.99994,-155.6870,250.1298,-55.9389
559665068,-2.00000,-2.00000,-2.00000,121.2672,250.1298,-61.9695,-0.02258,-1.26001,1.99994,-150.4962,250.1298,-56.9924
559666068,-2.00000,-2.00000,-2.00000,126.4504,250.1298,-75.9160,-0.02808,-1.22620,1.99994,-140.3130,250.1298,-59.0763
559667067,-1.79333,-1.15601,-1.47144,114.4275,250.1298,-72.5191,-0.03076,-1.20703,1.99994,-135.3511,250.1298,-60.0840
559668067,-0.71350,-0.73547,0.35437,95.7099,250.1298,-55.6718,-0.03552,-1.18738,1.99994,-130.5344,250.1298,-61.0458
559669067,0.57031,-0.70422,1.99994,46.9924,250.1298,-37.8168,-0.04236,-1.16614,1.99994,-125.9008,250.1298,-61.9542
559670067,0.80518,-0.78418,1.99994,10.8168,250.1298,-29.6183,-0.04980,-1.14331,1.99994,-121.4733,250.1298,-62.7939
559671067,1.00623,-0.93408,1.99994,13.0458,250.1298,-25.5878,-0.05750,-1.11938,1.99994,-117.2824,250.1298,-63.5420
559672065,1.21240,-1.46362,1.99994,6.9466,250.1298,-14.7557,-0.06604,-1.09399,1.99994,-113.3511,250.1298,-64.1985
559673065,0.48608,-2.00000,1.99994,-8.8626,250.1298,-5.1450,-0.07471,-1.06787,1.99994,-109.6718,250.1298,-64.7634
559674065,0.01904,-2.00000,1.84949,25.2061,250.1298,-23.7405,-0.08398,-1.04236,1.99994,-106.2748,250.1298,-65.2061
559675069,0.76074,-1.68945,1.99994,99.9618,250.1298,-60.4733,-0.09424,-1.01709,1.99994,-103.1679,247.5496,-65.5725
559676068,0.78333,0.10400,1.99994,137.0840,250.1298,-81.4351,-0.10425,-0.99219,1.99994,-100.3740,242.4351,-65.8244
559677068,-0.03613,1.02271,1.82776,131.5420,243.8168,-74.2443,-0.11426,-0.96838,1.99994,-97.8473,237.0763,-65.9695
559678068,-0.41772,0.13635,1.60242,128.6183,250.1298,-58.1374,-0.12512,-0.94531,1.99994,-95.5878,231.4046,-65.9847
559679068,-0.84583,-2.00000,1.61133,120.3969,250.1298,-44.9237,-0.13562,-0.92310,1.99994,-93.5420,225.4122,-65.9008
559680068,-1.50903,-2.00000,0.72095,93.7557,250.1298,-43.6947,-0.14600,-0.90186,1.99994,-91.6870,219.1679,-65.7557
559681068,-1.72327,-2.00000,0.28455,74.1985,250.1298,-58.5649,-0.15735,-0.88062,1.99994,-90.0305,212.6947,-65.5496
559682067,-1.66675,-2.00000,-0.21875,50.5878,250.1298,-65.1527,-0.16846,-0.86060,1.99994,-88.5496,206.0000,-65.2595
559683067,-1.92920,-1.88538,-1.14368,16.0153,250.1298,-53.0763,-0.17786,-0.84216,1.99994,-87.2214,199.0992,-64.8702
559684067,-2.00000,-2.00000,-1.27795,17.2519,250.1298,-49.8397,-0.18604,-0.82446,1.99994,-86.0000,191.9924,-64.4504
559685067,-1.64734,-2.00000,-0.08752,50.7786,250.1298,-68.7099,-0.19299,-0.80774,1.99994,-84.8244,184.7099,-63.9466
559686068,-1.35596,-1.98157,0.91736,56.5267,250.1298,-88.0840,-0.19910,-0.79260,1.99994,-83.7023,177.2977,-63.3817
559687068,-1.30322,-1.27332,0.90369,37.4046,250.1298,-94.6870,-0.20435,-0.77844,1.99994,-82.6260,169.7405,-62.7557
559688067,-1.27600,-1.10266,0.77649,51.7786,250.1298,-100.3969,-0.20862,-0.76465,1.99994,-81.6031,162.0687,-62.0840
559689067,-1.24866,-1.29919,1.05823,100.3588,250.1298,-111.4580,-0.21130,-0.75098,1.99994,-80.6031,154.3053,-61.3359
559690065,-1.12329,-1.79724,1.20630,140.5954,250.1298,-121.1450,-0.21216,-0.73755,1.99994,-79.5954,146.4427,-60.5038
559691065,-0.89966,-2.00000,0.91150,154.1374,250.1298,-127.5496,-0.21204,-0.72400,1.99994,-78.5878,138.5115,-59.6260
559692064,-1.17444,-2.00000,1.04614,152.2595,250.1298,-130.3206,-0.21118,-0.70996,1.99994,-77.5954,130.5267,-58.7099
559693069,-1.48645,-2.00000,1.41577,144.3511,250.1298,-128.4580,-0.20959,-0.69592,1.99994,-76.6031,122.5038,-57.7863
559694067,-0.92712,-2.00000,1.99994,116.1221,250.1298,-128.5878,-0.20667,-0.68176,1.99994,-75.6336,114.6260,-56.8015
559695067,0.13940,-1.27808,1.99994,71.2137,250.1298,-126.8015,-0.20288,-0.66833,1.99994,-74.6641,106.8473,-55.7557
559696065,0.66980,0.26196,1.99994,35.5115,250.1298,-116.5802,-0.19800,-0.65564,1.99994,-73.7634,99.0992,-54.6336
559697068,0.73059,0.30237,1.99994,6.3206,250.1298,-95.4351,-0.19263,-0.64233,1.99994,-72.9237,91.4046,-53.4885
559698068,1.08154,-0.55945,1.99994,-10.6870,250.1298,-78.1908,-0.18591,-0.62964,1.99994,-72.1450,83.8015,-52.3053
559699067,0.95996,-1.17102,1.99994,-7.7328,250.1298,-74.1756,-0.17810,-0.61877,1.99994,-71.3893,76.3206,-51.0992
559700067,0.76331,-2.00000,1.99994,-0.2137,234.5954,-75.1679,-0.16931,-0.60889,1.99994,-70.6718,68.9771,-49.8473
559701067,1.30811,-2.00000,1.99994,25.4504,196.6412,-88.2595,-0.15906,-0.60083,1.99994,-69.9847,61.8168,-48.5344
559702067,1.47681,-1.02893,1.99994,84.2137,150.1298,-112.1374,-0.14795,-0.59460,1.99994,-69.2977,54.8779,-47.2061
559703067,0.95605,0.17065,1.99994,125.3664,103.8931,-122.9160,-0.13623,-0.58936,1.99994,-68.5954,48.1679,-45.8855
559704067,0.33569,-0.36792,1.99994,114.7863,81.4427,-113.3130,-0.12451,-0.58569,1.99994,-67.8779,41.6565,-44.5420
559705067,-0.49780,-2.00000,1.99994,92.7786,78.6565,-105.3053,-0.11438,-0.58313,1.99994,-67.0992,35.3588,-43.1221
559706067,-1.23230,-2.00000,1.99994,82.2748,90.3359,-112.1069,-0.10522,-0.58081,1.99994,-66.2672,29.2977,-41.6641
559707067,-1.38196,-2.00000,1.45020,61.8855,108.1679,-125.5573,-0.09546,-0.57935,1.99994,-65.3664,23.4962,-40.1985
559708067,-1.15601,-2.00000,1.16248,23.6336,133.7557,-135.0687,-0.08557,-0.57861,1.99994,-64.3740,17.9313,-38.7405
559709068,-0.77063,-1.66541,1.57202,-24.8092,163.0534,-132.8702,-0.07507,-0.57861,1.99994,-63.2901,12.6183,-37.2366
559710068,-0.43091,-0.16956,1.99994,-78.6794,180.9237,-114.2595,-0.06433,-0.57886,1.99994,-62.0840,7.5573,-35.7176
559711068,-0.09814,-0.18127,1.99994,-114.8473,180.6260,-90.0687,-0.05444,-0.57898,1.99994,-60.7481,2.7252,-34.2061
559712068,0.08020,-0.82959,1.94812,-113.2824,166.3740,-81.0000,-0.04565,-0.57983,1.99994,-59.3282,-1.8779,-32.7023
559713068,0.05273,-0.81848,1.99994,-93.1221,145.9542,-87.1908,-0.03699,-0.58044,1.99994,-57.8626,-6.2366,-31.2290
559714068,0.12231,-0.20605,1.99994,-85.1603,125.8473,-92.4809,-0.02698,-0.57971,1.99994,-56.3282,-10.3435,-29.7939
559715068,0.36072,0.58228,1.99994,-82.6031,111.7634,-91.7099,-0.01685,-0.57861,1.99994,-54.6947,-14.1679,-28.4198
559716068,0.64221,1.23987,1.99994,-59.9389,102.6260,-91.0000,-0.00684,-0.57678,1.99994,-52.9847,-17.7557,-27.0534
559717067,0.79138,1.27380,1.99994,-26.0076,94.9695,-90.7481,0.00366,-0.57434,1.99994,-51.1985,-21.1221,-25.6947
559718068,0.79822,0.68359,1.99994,-9.9466,86.9084,-87.7863,0.01453,-0.57275,1.99994,-49.3282,-24.2748,-24.3588
559719067,0.37122,0.43445,1.99994,-16.1450,73.8626,-81.9924,0.02490,-0.57239,1.99341,-47.3511,-27.2137,-23.0458
559720065,0.15491,-0.08606,1.99994,-14.6336,67.8397,-75.1832,0.03540,-0.57300,1.96765,-45.2672,-29.9542,-21.7328
559721064,0.31714,-1.88586,1.99994,-18.3359,56.0840,-62.7099,0.04639,-0.57410,1.94104,-43.0916,-32.4275,-20.4656
559722069,0.09326,-2.00000,1.99994,-50.9466,41.4809,-55.0992,0.05688,-0.57556,1.91492,-40.8244,-34.6336,-19.2443
559723068,0.01221,-1.90845,1.99994,-102.9160,47.5573,-55.7481,0.06702,-0.57739,1.88782,-38.4504,-36.6031,-18.0229
559724068,0.91418,-0.02698,1.99994,-128.6489,64.9542,-58.1527,0.07739,-0.57959,1.85876,-36.0000,-38.3206,-16.7786
559725067,1.09814,0.96729,1.99994,-128.2366,48.3130,-54.0992,0.08765,-0.58215,1.83020,-33.4809,-39.8168,-15.4656
559726068,0.99695,0.75281,1.99994,-119.5725,15.7786,-44.3969,0.09741,-0.58545,1.80115,-30.8702,-41.1221,-14.1221
559727067,1.24146,0.04712,1.99994,-112.3969,-14.5038,-38.6336,0.10730,-0.58887,1.77002,-28.1603,-42.2366,-12.7405
559728067,0.81128,-0.57019,1.99994,-115.5954,-50.7328,-38.8550,0.11621,-0.59155,1.73950,-25.4198,-43.1679,-11.3130
559729067,0.28284,-0.47668,1.99994,-105.4809,-68.4809,-49.9695,0.12354,-0.59302,1.70972,-22.6565,-43.9313,-9.8626
559730065,0.16357,0.35059,1.99994,-67.2443,-77.1603,-63.0840,0.13086,-0.59436,1.67847,-19.9237,-44.5725,-8.3588
559731069,0.06042,0.89197,1.99994,-43.2977,-88.3206,-60.2748,0.13806,-0.59668,1.64526,-17.2290,-45.1069,-6.7863
559732068,-0.18250,0.80469,1.30664,-54.1603,-88.0305,-44.0840,0.14575,-0.59888,1.61169,-14.6031,-45.5878,-5.1908
559733068,-0.48486,0.20154,0.53381,-67.0534,-75.3359,-30.0229,0.15344,-0.60034,1.57690,-12.0305,-46.0229,-3.5954
559734068,-0.45471,-0.29468,0.38794,-69.9771,-51.5954,-26.4275,0.16028,-0.60181,1.54102,-9.4809,-46.4046,-1.9847
559735068,-0.29333,-0.21826,0.55298,-77.2443,-39.5115,-25.5725,0.16638,-0.60315,1.50452,-6.9924,-46.8015,-0.3359
559736068,-0.45850,0.01770,0.12354,-94.3206,-40.2672,-19.7023,0.17188,-0.60449,1.46704,-4.5954,-47.2137,1.3664
559737067,-0.48145,0.03064,-0.27856,-116.8321,-37.7863,-10.0763,0.17761,-0.60632,1.42981,-2.3053,-47.6489,3.1069
559738067,-0.25964,-0.46887,0.24646,-129.7710,-32.3740,-3.0840,0.18384,-0.60718,1.39307,-0.1450,-48.1374,4.8473
559739067,-0.17920,-1.30237,1.99994,-118.6260,-23.8015,-6.2214,0.18970,-0.60730,1.35425,1.8931,-48.7176,6.5267
559740065,0.19629,-2.00000,1.99994,-100.6412,-10.4198,-14.0916,0.19531,-0.60754,1.31384,3.8244,-49.3893,8.1527
559741068,0.29602,-2.00000,1.99994,-111.9084,-14.2595,-16.8473,0.20117,-0.60657,1.27441,5.6565,-50.1450,9.7252
559742067,-0.12036,-1.97363,1.70251,-137.1450,-29.3664,-16.8855,0.20715,-0.60437,1.23584,7.3740,-51.0000,11.2366
559743067,0.20520,-1.56958,1.99994,-125.3206,-34.3359,-25.4198,0.21362,-0.60254,1.19617,8.9542,-51.9924,12.7099
559744067,1.06116,-1.57031,1.99994,-101.9237,-52.0229,-33.9847,0.22070,-0.60046,1.15588,10.3511,-53.0840,14.0763
559745067,1.58826,-1.26526,1.99994,-118.5191,-83.2672,-34.0382,0.22852,-0.59875,1.11523,11.5954,-54.2901,15.2977
559746067,0.97803,-0.10315,1.99994,-153.5344,-126.1145,-27.6718,0.23743,-0.59766,1.07385,12.7023,-55.6107,16.4122
559747068,0.18567,0.24744,1.99994,-160.9695,-157.5725,-17.9160,0.24731,-0.59717,1.03235,13.7252,-57.0382,17.4122
559748067,0.34375,-0.57544,1.99994,-143.0305,-163.9847,-15.4580,0.25732,-0.59717,0.99060,14.6260,-58.5725,18.3053
559749067,0.22388,-1.01917,1.99994,-119.3664,-181.3817,-21.5267,0.26733,-0.59741,0.95007,15.4122,-60.1908,19.1069
559750067,-0.45142,-0.41736,1.28528,-110.6718,-199.3282,-26.3282,0.27869,-0.59717,0.91064,16.0458,-61.8702,19.8015
559751065,-0.68872,0.84924,0.01453,-118.1069,-193.8702,-24.5344,0.29114,-0.59619,0.87024,16.5878,-63.5954,20.3969
559752069,-0.53809,1.66211,-0.10071,-115.5649,-170.9389,-18.4351,0.30371,-0.59595,0.82800,17.0305,-65.3969,20.8702
559753068,-0.53162,1.57312,1.07996,-93.3664,-141.7786,-12.2061,0.31677,-0.59680,0.78735,17.3588,-67.2214,21.2595
559754068,-0.77991,1.03625,1.11914,-84.0534,-130.1985,-2.7328,0.33093,-0.59851,0.74829,17.5649,-69.0458,21.5954
559755067,-1.19739,0.47290,-0.51343,-94.1450,-127.2901,9.1908,0.34680,-0.60083,0.70764,17.6565,-70.8321,21.8702
559756067,-1.15515,0.11536,-0.90637,-78.9695,-112.1985,8.3893,0.36267,-0.60193,0.66687,17.6641,-72.5878,22.0687
559757067,-0.49133,0.41150,0.80933,-43.9389,-93.0763,-3.9466,0.37805,-0.60229,0.62805,17.5344,-74.3206,22.1985
559758067,0.34192,0.91797,1.99994,-39.5496,-89.0611,-4.3359,0.39441,-0.60339,0.59070,17.2672,-76.0076,22.3130
559759065,0.63599,1.02832,1.99994,-51.5420,-106.3817,5.6947,0.41138,-0.60437,0.55530,16.8779,-77.6183,22.3740
559760069,0.44458,0.35510,1.99951,-36.1221,-125.6870,9.7252,0.42798,-0.60498,0.52112,16.3588,-79.1679,22.3740
559761067,0.52795,-1.22009,1.99994,-6.8092,-139.5725,4.7252,0.44312,-0.60510,0.48743,15.6947,-80.6489,22.3130
559762067,0.32153,-2.00000,1.69348,-5.0153,-159.3893,-4.7481,0.45801,-0.60571,0.45557,14.9237,-82.0076,22.2061
559763067,0.01343,-1.64563,1.08105,-26.5267,-175.1221,-11.8244,0.47290,-0.60718,0.42480,14.0611,-83.2137,22.0611
559764067,0.15344,-0.24817,0.80933,-40.1374,-178.1908,-13.4656,0.48792,-0.60876,0.39465,13.1145,-84.3282,21.9160
559765067,0.04541,0.53186,0.55237,-44.9237,-188.2061,-6.8473,0.50391,-0.61035,0.36633,12.0534,-85.3206,21.7252
559766067,-0.17932,0.50366,1.00110,-55.9924,-182.0840,4.3740,0.52026,-0.61157,0.34094,10.9160,-86.1450,21.5038
559767068,-0.10339,0.38403,1.83325,-81.3130,-163.0611,17.1756,0.53748,-0.61377,0.31689,9.7176,-86.8015,21.2443
559768068,-0.27356,0.33728,0.95276,-116.3664,-155.1679,31.1221,0.57019,-0.62024,0.27051,7.2443,-87.6183,20.5878
559769068,-0.61145,0.35413,0.01416,-126.2137,-148.7328,36.2443,0.58569,-0.62415,0.25098,6.0229,-87.7557,20.1985
559770067,-0.33032,0.51477,0.48096,-89.4122,-143.7786,27.4427,0.60095,-0.62781,0.23303,4.8244,-87.6947,19.7786
559771067,0.31824,0.51624,1.23706,-56.5191,-147.4046,22.3282,0.61523,-0.63098,0.21521,3.6489,-87.4580,19.3206
559772068,0.45251,0.31897,1.26562,-60.5878,-163.6794,27.1527,0.62927,-0.63513,0.19873,2.5344,-86.9847,18.8779
559773067,0.16577,0.42224,1.21057,-63.3359,-171.7557,28.0687,0.64307,-0.64087,0.18384,1.5115,-86.2824,18.4198
559774068,-0.02856,0.53979,1.30774,-47.1603,-174.4275,24.9695,0.65625,-0.64734,0.17053,0.5649,-85.3664,17.9466
559775067,-0.26514,0.14380,0.89441,-46.8473,-181.4427,28.4656,0.66736,-0.65393,0.15820,-0.2901,-84.2824,17.4351
559776067,-0.33655,-0.11938,0.91113,-72.1832,-177.3435,36.5802,0.67688,-0.66138,0.14587,-1.0382,-83.0382,16.8779
559777067,0.03174,0.34741,1.51746,-103.0382,-163.1832,45.0153,0.68640,-0.66907,0.13464,-1.6641,-81.6260,16.3130
559778067,0.21753,0.88745,1.61584,-122.8397,-158.9313,54.5496,0.69568,-0.67566,0.12524,-2.1832,-80.0534,15.7786
559779067,0.10291,0.73645,1.16479,-121.6260,-164.1603,63.3053,0.70410,-0.68115,0.11694,-2.6107,-78.3282,15.2672
559780068,0.00098,0.16675,0.86279,-106.3969,-171.9008,67.8931,0.71094,-0.68652,0.10925,-2.9466,-76.4122,14.7099
559781068,-0.07031,-0.31201,0.68542,-105.7405,-180.7786,70.7099,0.71643,-0.69189,0.10364,-3.1603,-74.3511,14.1756
559782068,-0.06567,-0.65857,0.40906,-118.1069,-187.7710,72.0382,0.72192,-0.69690,0.09851,-3.2214,-72.1756,13.6412
559783067,-0.24902,-0.74036,-0.07947,-109.9160,-204.4962,66.9466,0.72766,-0.70178,0.09363,-3.1603,-69.8855,13.1603
559784068,-0.39844,-0.51074,-0.53931,-77.7481,-220.2443,56.3740,0.73230,-0.70703,0.08936,-2.9924,-67.5038,12.6947
559785068,-0.46069,-0.34265,-0.88452,-60.4504,-227.4198,50.7939,0.73425,-0.71228,0.08545,-2.7328,-65.0534,12.2748
559786067,-0.90417,-0.49182,-1.77039,-78.9542,-226.6183,54.8626,0.73376,-0.71729,0.08252,-2.4198,-62.5420,11.8779
559787068,-1.33508,-0.71118,-2.00000,-105.9695,-206.7710,58.2824,0.73254,-0.72168,0.08057,-2.0611,-59.9466,11.4885
559788067,-1.37878,-0.67603,-2.00000,-110.9466,-171.5649,51.7634,0.73206,-0.72522,0.07788,-1.6489,-57.2672,11.1069
559789067,-1.34058,-0.50232,-2.00000,-98.9008,-136.8015,41.3817,0.73157,-0.72852,0.07568,-1.1908,-54.5191,10.7557
559790068,-1.36609,-0.36829,-2.00000,-91.7863,-110.6870,36.2824,0.73120,-0.73267,0.07422,-0.6641,-51.7557,10.4427
559791068,-1.38538,-0.31531,-2.00000,-99.1450,-88.4733,37.9160,0.73096,-0.73682,0.07227,-0.0992,-49.0000,10.1603
559792068,-1.22534,-0.33813,-2.00000,-104.2824,-69.0076,39.8015,0.72986,-0.73950,0.07080,0.4885,-46.2290,9.9389
559793067,-0.77026,-0.27319,-1.38635,-93.6107,-56.5420,37.0382,0.72827,-0.74219,0.06995,1.0916,-43.4122,9.7634
559794067,-0.29260,0.01758,-0.70251,-81.0229,-57.0000,34.8550,0.72595,-0.74524,0.06873,1.7328,-40.6107,9.6183
559795067,-0.14221,0.65454,-0.59375,-78.7939,-66.4351,37.1603,0.72327,-0.74829,0.06592,2.3969,-37.8550,9.4504
559796068,0.02429,1.22119,-0.37915,-74.8397,-72.5420,42.6336,0.72034,-0.75146,0.06226,3.0992,-35.1450,9.3053
559797067,0.29346,1.06824,-0.10278,-62.2672,-77.6641,48.5725,0.71753,-0.75427,0.05823,3.8092,-32.4885,9.1756
559798067,0.11316,0.36865,-0.03394,-51.2366,-87.5802,51.8244,0.71497,-0.75635,0.05457,4.5267,-29.8855,9.0840
559799067,-0.15955,-0.10107,-0.27441,-42.4962,-94.9618,48.3969,0.71130,-0.75867,0.05151,5.2595,-27.3282,9.0305
559800068,-0.09314,0.12085,-0.49878,-32.1603,-92.6794,39.5038,0.70715,-0.76135,0.04675,5.9924,-24.8092,8.9847
559801068,0.00586,0.58228,-0.46118,-19.7710,-88.5115,32.5649,0.70264,-0.76331,0.04028,6.7405,-22.3817,8.9466
559802068,-0.07434,0.41125,-0.26282,-3.0611,-85.9008,32.4809,0.69849,-0.76514,0.03394,7.4885,-20.0611,8.8855
559803068,-0.38684,-0.53442,-0.60254,11.2519,-89.2061,37.0000,0.69507,-0.76697,0.02820,8.2061,-17.8244,8.8397
559804068,-0.80652,-1.31982,-1.81970,10.3817,-94.2977,40.3282,0.69104,-0.76794,0.02209,8.9160,-15.6565,8.7939
559805067,-0.98132,-1.23926,-2.00000,0.0000,-84.1069,38.8550,0.68652,-0.76794,0.01611,9.6336,-13.5802,8.7634
559806067,-0.75000,-0.72400,-1.40491,-9.9160,-62.7863,38.0687,0.68054,-0.76697,0.01050,10.3359,-11.6031,8.7405
559807068,-0.39551,-0.52246,-0.39868,-30.7099,-46.0382,46.1450,0.67334,-0.76599,0.00525,11.0076,-9.7405,8.7328
559808067,-0.59949,-0.70947,-0.71985,-60.7786,-45.1450,58.9542,0.66724,-0.76562,0.00073,11.6489,-7.9924,8.7328
559809068,-0.99451,-0.95557,-1.74512,-72.2748,-41.0000,62.0534,0.66260,-0.76575,-0.00439,12.2595,-6.3588,8.7023
559810068,-0.83496,-1.17139,-1.64465,-60.1679,-20.6107,52.7481,0.65808,-0.76611,-0.00964,12.8244,-4.8244,8.6336
559811068,-0.51147,-1.30603,-0.70056,-50.9389,-4.8092,41.6947,0.65430,-0.76599,-0.01343,13.3435,-3.4198,8.5420
559812067,-0.34167,-1.15198,-0.24561,-51.0687,-0.9924,35.1679,0.65112,-0.76477,-0.01685,13.8244,-2.1221,8.4427
559813068,-0.35779,-0.74817,-0.58325,-46.2977,-7.2214,31.8397,0.64795,-0.76404,-0.02014,14.2137,-0.9389,8.3359
559814067,-0.35107,-0.31860,-0.78687,-28.9924,-10.8626,27.2290,0.64478,-0.76355,-0.02124,14.5267,0.1756,8.2061
559815067,0.01538,-0.02087,-0.09583,-3.9924,-6.1985,21.5954,0.64124,-0.76196,-0.02185,14.7863,1.2290,8.0153
559816067,0.33838,0.14880,0.59229,11.3130,-7.7939,21.3817,0.63794,-0.75989,-0.02380,14.9771,2.1756,7.7939
559817067,0.26233,0.13782,0.42444,3.7405,-19.4733,30.7786,0.63538,-0.75806,-0.02429,15.0763,3.0305,7.5954
559818068,0.04053,-0.23755,-0.20361,-6.5344,-29.5954,41.2061,0.63440,-0.75745,-0.02393,15.0840,3.8321,7.4046
559819068,-0.22412,-0.84338,-0.53088,4.1679,-34.7328,41.8550,0.63477,-0.75781,-0.02527,15.0840,4.5954,7.1908
559820068,-0.39844,-1.30493,-0.52087,27.3130,-36.4733,33.4198,0.63464,-0.75842,-0.02686,15.0229,5.3206,6.9771
559821068,-0.53503,-1.30737,-0.86694,40.0458,-40.3817,24.9466,0.63452,-0.76001,-0.02930,14.9084,6.0000,6.7557
559822068,-0.81372,-0.89795,-1.82776,37.7939,-43.9313,21.5496,0.63538,-0.76294,-0.03210,14.7863,6.6489,6.5267
559823068,-1.02026,-0.46643,-2.00000,34.8244,-35.1756,20.5649,0.63660,-0.76709,-0.03442,14.6641,7.2901,6.3130
559824068,-0.94177,-0.36609,-1.98120,43.7023,-13.3282,17.9542,0.63782,-0.77173,-0.03625,14.5191,7.9160,6.1069
559825068,-0.79871,-0.48645,-1.34717,55.9695,6.9542,15.0382,0.64001,-0.77600,-0.03821,14.3359,8.5191,5.9313
559826067,-0.81519,-0.57507,-1.37256,58.4733,22.1450,15.5038,0.64319,-0.77966,-0.04126,14.1527,9.0916,5.7863
559827068,-0.83069,-0.76514,-1.65869,56.3282,39.9695,17.7099,0.64673,-0.78418,-0.04370,13.9771,9.6565,5.6565
559828067,-0.65491,-1.09302,-1.55676,61.2366,60.3740,16.1908,0.64990,-0.78943,-0.04468,13.8168,10.2443,5.5420
559829067,-0.39111,-1.24207,-1.37036,75.1374,69.8702,9.6947,0.65295,-0.79419,-0.04541,13.7099,10.8244,5.4504
559830068,-0.39062,-1.04285,-1.45129,91.7634,62.9618,2.0458,0.65686,-0.79858,-0.04736,13.6412,11.4046,5.3817
559831068,-0.43445,-0.80273,-1.17639,106.1832,56.4351,-3.3817,0.66028,-0.80310,-0.05078,13.5725,11.9847,5.3435
559832067,-0.20093,-0.78345,-0.39343,115.8855,58.4275,-6.2901,0.66235,-0.80676,-0.05347,13.5115,12.5573,5.3053
559833067,-0.06775,-0.86633,0.00183,117.9771,59.6947,-7.3588,0.66406,-0.80933,-0.05518,13.4580,13.1145,5.2672
559834067,-0.15100,-0.83655,-0.14990,115.0305,59.7176,-7.6794,0.66528,-0.81116,-0.05579,13.4046,13.6870,5.2137
559835067,-0.10388,-0.68445,-0.03735,113.0992,65.6641,-7.7939,0.66663,-0.81323,-0.05457,13.3511,14.2595,5.1908
559836067,0.05981,-0.67725,0.34521,110.5267,72.9237,-5.9847,0.66858,-0.81567,-0.05322,13.2519,14.8244,5.1679
559837067,0.06567,-0.88892,0.41760,106.5954,72.6107,-2.8931,0.66992,-0.81677,-0.05225,13.1298,15.3588,5.0992
559838067,0.04065,-1.13953,0.22815,111.7405,65.1221,-2.8244,0.67114,-0.81653,-0.04968,12.9542,15.8779,5.0000
559839067,0.09387,-1.16577,0.20312,126.0763,54.6260,-7.6565,0.67224,-0.81555,-0.04675,12.7328,16.3206,4.8397
559840068,0.14294,-0.89575,0.38416,135.1756,45.7099,-13.0840,0.67261,-0.81458,-0.04456,12.5038,16.6947,4.6489
559841068,0.15222,-0.63013,0.40210,135.5649,39.1603,-14.6336,0.67261,-0.81470,-0.04114,12.2672,17.0229,4.4275
559842068,-0.04236,-0.72253,0.03320,132.8550,31.1450,-11.4885,0.67273,-0.81519,-0.03564,11.9771,17.3053,4.1679
559843068,-0.39062,-1.11768,-0.28015,123.0458,28.7557,-5.2748,0.67310,-0.81458,-0.03003,11.6260,17.5496,3.8550
559844068,-0.56177,-1.54126,-0.12061,105.6412,40.0992,1.3435,0.67310,-0.81348,-0.02539,11.2595,17.7176,3.5344
559845068,-0.52478,-1.86853,0.08789,93.3359,58.3817,4.3588,0.67224,-0.81287,-0.02026,10.8931,17.8015,3.2137
559846067,-0.49585,-1.91809,0.06628,92.7634,73.3206,2.3817,0.67102,-0.81274,-0.01416,10.5191,17.8473,2.8550
559847068,-0.49634,-1.69531,-0.03955,96.3511,80.1908,-1.0382,0.66968,-0.81287,-0.00708,10.1527,17.8779,2.4504
559848067,-0.46411,-1.56506,-0.04346,92.6412,83.4962,-2.1145,0.66858,-0.81372,0.00098,9.8092,17.8626,2.0000
559849067,-0.32166,-1.63184,0.15308,78.6565,86.3130,-2.4351,0.66614,-0.81567,0.00806,9.4733,17.8092,1.5573
559850067,-0.01636,-1.53235,0.78455,68.3664,87.6718,-6.3893,0.66235,-0.81812,0.01282,9.1832,17.7481,1.1069
559851067,0.57324,-1.14380,1.99994,98.9542,75.2290,-20.9237,0.65930,-0.81958,0.01685,8.9008,17.6412,0.6336
559852067,0.69104,-1.32849,1.99994,104.5191,66.6565,-21.4275,0.65759,-0.82043,0.02087,8.6489,17.4656,0.1832
559853067,0.70312,-1.44177,1.99994,96.1450,61.1756,-19.6565,0.65601,-0.82153,0.02454,8.4275,17.2290,-0.2748
559854067,0.77795,-1.06836,1.99994,83.0840,53.2595,-18.0153,0.65344,-0.82263,0.02722,8.2595,16.9542,-0.7328
559855067,0.80383,-0.39478,1.74475,76.3817,33.1069,-14.7252,0.65149,-0.82361,0.03101,8.1374,16.6489,-1.1679
559856068,0.49524,-0.05298,1.21973,88.0305,3.7176,-10.3588,0.64966,-0.82483,0.03528,8.0153,16.3282,-1.5344
559857067,0.30127,-0.40076,1.26257,103.1145,-15.3969,-4.0076,0.64636,-0.82678,0.03882,7.9466,15.9847,-1.8397
559858068,0.37048,-1.01453,1.49170,94.6947,-22.8321,5.5573,0.64258,-0.82898,0.04248,7.9008,15.6260,-2.0992
559859067,0.11609,-1.29077,1.02515,73.1603,-26.3053,12.5191,0.63867,-0.83057,0.04614,7.8702,15.2595,-2.3511
559860068,-0.19568,-1.39429,0.35413,67.8931,-19.6641,12.4427,0.63501,-0.83179,0.04822,7.8626,14.8397,-2.5496
559861068,-0.15796,-1.55493,0.19092,73.4962,-6.5420,8.4427,0.63171,-0.83313,0.04956,7.8626,14.4351,-2.7099
559862068,-0.12292,-1.52771,0.15234,65.2595,2.8168,6.3588,0.62854,-0.83398,0.05054,7.8550,14.0000,-2.7939
559863068,-0.25024,-1.27844,-0.33435,50.5878,5.6565,5.8473,0.62476,-0.83496,0.05127,7.8550,13.5344,-2.8397
559864067,-0.52356,-1.19568,-1.05945,49.2977,-1.2137,4.5878,0.62122,-0.83582,0.05408,7.8702,13.0916,-2.8244
559865067,-0.55518,-1.54883,-1.04834,62.1908,-4.3053,0.6794,0.61890,-0.83521,0.05688,7.8855,12.6641,-2.7481
559866068,-0.36755,-1.85071,-0.45996,73.2519,-2.7710,-5.5115,0.61780,-0.83313,0.05811,7.8626,12.2137,-2.6260
559867068,-0.41260,-1.69604,-0.37585,67.6489,0.5496,-8.8015,0.61707,-0.82922,0.05994,7.8092,11.7252,-2.4504
559868068,-0.39868,-1.28162,-0.50867,57.3435,14.2672,-9.7557,0.61499,-0.82385,0.06226,7.7405,11.2366,-2.2595
559869067,-0.34277,-0.88318,-0.36523,62.3664,28.3740,-11.8015,0.60742,-0.81531,0.06348,7.5496,10.2977,-1.8321
559870067,-0.30322,-0.82849,-0.21204,76.4733,36.7023,-12.9389,0.60376,-0.81140,0.06323,7.4275,9.8626,-1.5878
559871067,-0.17676,-1.11011,-0.25488,83.4122,38.2290,-12.4046,0.60107,-0.80750,0.06348,7.3130,9.4122,-1.3435
559872067,-0.19507,-1.48743,-0.33936,82.2137,32.0534,-12.0916,0.59802,-0.80334,0.06482,7.1603,8.9389,-1.1527
559873067,-0.13452,-1.52173,0.00549,82.8015,26.5649,-15.8321,0.59338,-0.80029,0.06567,6.9542,8.4656,-0.9695
559874067,0.04602,-0.98718,0.45410,87.3053,19.4198,-21.0763,0.58887,-0.79834,0.06580,6.7099,8.0000,-0.7481
559875068,-0.03784,-0.48389,0.34119,88.3359,7.5725,-20.0000,0.58606,-0.79614,0.06604,6.4504,7.5191,-0.4885
559876068,-0.19507,-0.53748,0.09668,83.6870,1.0992,-12.2214,0.58435,-0.79492,0.06494,6.1832,7.0382,-0.2672
559877068,-0.17847,-1.03040,0.23511,76.9924,2.3664,-4.5573,0.58264,-0.79529,0.06287,5.9160,6.5573,-0.0534
559878067,-0.10461,-1.50891,0.49194,71.0000,7.3893,-1.9771,0.58142,-0.79626,0.06104,5.6260,6.0534,0.1298
559879067,-0.09375,-1.56189,0.53442,67.6565,10.4046,-4.2366,0.58179,-0.79785,0.05896,5.3359,5.5649,0.3206
559880067,-0.07397,-1.20251,0.42712,68.9695,10.7939,-7.8015,0.58289,-0.80103,0.05701,5.0840,5.0840,0.5038
559881067,0.02576,-0.87598,0.33264,75.3282,8.4885,-9.9466,0.58496,-0.80505,0.05444,4.8550,4.6031,0.6870
559882068,0.01074,-0.95776,0.23743,82.4275,0.9542,-10.4198,0.58801,-0.80884,0.05273,4.6107,4.1298,0.8550
559883068,-0.01099,-1.35022,0.23828,85.6107,-5.9389,-11.2061,0.59033,-0.81274,0.05200,4.3969,3.6870,1.0229
559884067,0.02344,-1.62378,0.36511,81.8321,-10.4122,-13.2443,0.59314,-0.81763,0.05029,4.1908,3.2901,1.1756
559885067,-0.02722,-1.57776,0.39087,72.7786,-14.1145,-14.9466,0.59680,-0.82349,0.04834,3.9847,2.8931,1.3511
559886067,-0.05713,-1.30908,0.35681,63.7634,-14.6870,-14.8626,0.60120,-0.82886,0.04480,3.7786,2.5344,1.5649
559887067,-0.06201,-0.95435,0.33569,56.3740,-14.9847,-12.1298,0.60693,-0.83337,0.03943,3.6107,2.2290,1.7863
559888067,-0.08496,-0.67993,0.26562,48.3359,-16.2214,-6.5573,0.61243,-0.83777,0.03430,3.4809,1.9924,2.0076
559889067,-0.11621,-0.64612,0.16882,40.9084,-18.1298,0.0687,0.61743,-0.84155,0.02991,3.3893,1.7710,2.2137
559890068,-0.14246,-0.83459,0.06812,38.7634,-20.5725,4.2290,0.62305,-0.84509,0.02612,3.3435,1.5878,2.4122
559891068,-0.15710,-1.02942,0.02161,42.9771,-23.7710,4.1985,0.62817,-0.84827,0.02234,3.2748,1.4809,2.6031
559892067,-0.14941,-1.07764,0.02161,50.5573,-26.9008,1.2214,0.63269,-0.85181,0.01831,3.2061,1.4046,2.7863
559893068,-0.13318,-0.94983,0.01318,57.0763,-29.0763,-2.1832,0.63696,-0.85583,0.01355,3.1298,1.3206,2.9466
559894068,-0.14307,-0.85791,-0.01880,59.9618,-29.5344,-3.2366,0.64111,-0.85852,0.01001,3.0916,1.2595,3.0763
559895067,-0.16675,-0.98047,-0.03076,58.7939,-28.6107,-1.8779,0.64526,-0.85913,0.00732,3.0916,1.2366,3.1756
559896067,-0.18530,-1.15918,-0.01440,53.2977,-26.3206,0.2137,0.64929,-0.85950,0.00427,3.0916,1.2672,3.2519
559897067,-0.20178,-1.21973,-0.06409,47.2824,-24.0382,1.2824,0.65356,-0.85962,0.00183,3.0687,1.3130,3.3130
559898067,-0.26379,-1.15784,-0.19067,45.3359,-23.3130,1.0000,0.65723,-0.85864,-0.00024,3.0382,1.3282,3.3588
559899067,-0.30554,-1.09631,-0.30261,45.4275,-24.6947,1.1756,0.66016,-0.85864,-0.00256,2.9924,1.3130,3.3817
559900067,-0.29431,-1.06946,-0.32202,43.9313,-27.1374,2.3740,0.66272,-0.86060,-0.00439,2.9466,1.2748,3.3817
559901067,-0.29565,-1.09863,-0.30103,41.3740,-30.2519,3.7099,0.66443,-0.86292,-0.00586,2.9237,1.2595,3.3588
559902067,-0.28308,-1.16309,-0.25269,40.2748,-31.3282,3.6794,0.66553,-0.86487,-0.00708,2.9389,1.2595,3.3435
559903067,-0.27344,-1.14014,-0.22314,42.1679,-31.5344,2.0534,0.66687,-0.86694,-0.00781,2.9695,1.2443,3.3511
559904067,-0.30042,-1.03870,-0.30762,44.6412,-30.7252,0.5954,0.66931,-0.86926,-0.00830,3.0076,1.2214,3.3588
559905068,-0.32739,-0.97278,-0.39111,43.2901,-27.5954,1.1374,0.67151,-0.87134,-0.00830,3.0534,1.2214,3.3664
559906068,-0.33740,-0.98218,-0.38928,38.0534,-22.6412,3.2901,0.67371,-0.87268,-0.00769,3.0916,1.2366,3.3664
559907068,-0.32581,-1.01379,-0.31543,32.9084,-17.7405,5.5191,0.67615,-0.87354,-0.00732,3.1069,1.2519,3.3282
559908067,-0.32056,-1.05652,-0.24316,31.1985,-15.3511,7.0076,0.67737,-0.87354,-0.00696,3.0840,1.2366,3.2824
559909067,-0.31750,-1.13245,-0.18225,33.4122,-15.0534,7.4580,0.67749,-0.87341,-0.00488,3.0305,1.2061,3.2137
559910067,-0.29016,-1.22400,-0.10779,36.3817,-15.8473,7.2137,0.67773,-0.87378,-0.00195,2.9237,1.2061,3.1374
559911067,-0.25806,-1.29114,-0.04163,37.3588,-18.1069,6.6107,0.67786,-0.87439,0.00049,2.7557,1.2214,3.0382
559912067,-0.23950,-1.31030,-0.01440,37.7176,-21.6107,5.4427,0.67688,-0.87585,0.00256,2.5344,1.1985,2.9389
559913067,-0.23523,-1.30298,-0.01465,38.4580,-25.1603,3.9237,0.67627,-0.87793,0.00537,2.2595,1.1298,2.7863
559914067,-0.23987,-1.29382,-0.01477,38.3130,-27.7023,2.6412,0.67676,-0.88049,0.00879,1.9466,1.0305,2.6260
559915068,-0.26892,-1.30664,-0.04871,37.0916,-29.3130,2.0000,0.67664,-0.88342,0.01135,1.6412,0.9008,2.4504
559916067,-0.32312,-1.34351,-0.11560,34.8473,-29.7786,2.0229,0.67554,-0.88660,0.01428,1.3130,0.7634,2.2901
559917068,-0.35181,-1.37573,-0.14185,31.3740,-28.4885,2.5420,0.67419,-0.88916,0.01733,0.9618,0.6183,2.1603
559918068,-0.35730,-1.36621,-0.13672,27.7023,-26.0305,2.9695,0.67371,-0.89148,0.01855,0.5954,0.3969,2.0382
559919067,-0.36584,-1.27515,-0.15625,25.7557,-23.5191,2.7634,0.67371,-0.89404,0.01855,0.2137,0.1298,1.9313
559920067,-0.36072,-1.14172,-0.17993,26.6718,-21.7481,2.1298,0.67322,-0.89685,0.01965,-0.1450,-0.1985,1.8092
559921067,-0.33496,-1.06604,-0.18384,29.4809,-21.3511,1.6031,0.67273,-0.89978,0.02124,-0.4885,-0.5649,1.7176
559922067,-0.29846,-1.07117,-0.16162,31.6641,-21.9313,1.2748,0.67285,-0.90283,0.02283,-0.8092,-0.9466,1.6412
559923067,-0.27783,-1.11194,-0.13464,32.3817,-23.5573,0.9542,0.67285,-0.90625,0.02441,-1.0763,-1.3206,1.5954
559924067,-0.27100,-1.16467,-0.12048,32.4656,-25.6489,0.5878,0.67273,-0.90930,0.02649,-1.3206,-1.6870,1.5496
559925068,-0.26746,-1.19458,-0.09302,31.7099,-27.2595,0.3893,0.67261,-0.91223,0.02893,-1.5191,-2.0458,1.4885
559926067,-0.27979,-1.17542,-0.08154,29.0382,-27.9466,0.9237,0.67200,-0.91431,0.03101,-1.7099,-2.4198,1.4198
559927067,-0.30139,-1.14014,-0.11133,24.6031,-27.3817,2.4351,0.67163,-0.91479,0.03381,-1.8855,-2.8168,1.3664
559928067,-0.31726,-1.11609,-0.13599,20.2137,-25.9084,4.2519,0.67102,-0.91492,0.03748,-2.0153,-3.1908,1.3435
559929068,-0.31592,-1.10498,-0.12634,17.5496,-24.3053,5.6870,0.67065,-0.91431,0.04089,-2.0992,-3.5267,1.3053
559930067,-0.29956,-1.11401,-0.11316,16.3740,-23.4656,6.6107,0.67041,-0.91333,0.04333,-2.1832,-3.8321,1.2366
559931068,-0.27808,-1.14490,-0.10962,15.9924,-23.7023,7.0000,0.66992,-0.91235,0.04663,-2.2595,-4.1450,1.1603
559932067,-0.25562,-1.17798,-0.10352,16.6641,-25.0153,6.6947,0.66870,-0.91089,0.05249,-2.3282,-4.4351,1.0992
559933067,-0.23950,-1.18835,-0.10608,18.0229,-27.2672,5.8015,0.66687,-0.90881,0.05884,-2.3740,-4.7481,1.0076
559934067,-0.23865,-1.18274,-0.13293,18.7634,-29.7939,4.9160,0.66492,-0.90674,0.06348,-2.4122,-5.0534,0.9084
559935068,-0.25842,-1.18250,-0.17542,18.4656,-31.7939,4.4504,0.66394,-0.90515,0.06689,-2.4733,-5.3511,0.7939
559936067,-0.28687,-1.19788,-0.21655,17.5420,-32.8168,4.3588,0.66309,-0.90369,0.07019,-2.5420,-5.6183,0.6641
559937067,-0.32581,-1.21924,-0.25952,16.0916,-32.9237,4.4580,0.66101,-0.90173,0.07397,-2.6336,-5.8702,0.5191
559938067,-0.38330,-1.22351,-0.30920,14.1679,-31.9924,4.6336,0.65820,-0.89941,0.07996,-2.7328,-6.0992,0.3969
559939067,-0.42688,-1.20081,-0.34424,12.0534,-29.8092,4.8321,0.65649,-0.89685,0.08777,-2.8244,-6.2977,0.2977
559940067,-0.43054,-1.15601,-0.33704,10.1756,-26.7786,5.0840,0.65576,-0.89465,0.09619,-2.9389,-6.4733,0.1908
559941067,-0.41064,-1.10217,-0.29810,9.1298,-23.9389,5.3740,0.65405,-0.89282,0.10413,-3.0687,-6.6107,0.0763
559942067,-0.38257,-1.06885,-0.24976,8.9084,-21.8626,5.8168,0.65210,-0.89062,0.11230,-3.2137,-6.7176,-0.0458
559943067,-0.33936,-1.10120,-0.19421,8.5649,-20.7099,6.6794,0.65027,-0.88770,0.12231,-3.3893,-6.7634,-0.1450
559944067,-0.29102,-1.19666,-0.12805,7.4962,-20.7481,7.7176,0.64795,-0.88416,0.13342,-3.5878,-6.7634,-0.1985
559945067,-0.25049,-1.28247,-0.05273,5.9084,-21.8168,8.3664,0.64490,-0.88147,0.14465,-3.7939,-6.7405,-0.2290
559946067,-0.21582,-1.30457,0.01746,3.7481,-23.6031,8.5954,0.64294,-0.87952,0.15625,-3.9847,-6.6794,-0.2519
559947067,-0.20020,-1.27783,0.06299,1.1985,-25.8702,8.7557,0.64148,-0.87769,0.16809,-4.1679,-6.5725,-0.2672
559948068,-0.20410,-1.24963,0.07397,-0.8779,-28.0840,8.8931,0.63965,-0.87585,0.18018,-4.3740,-6.3969,-0.2672
559949068,-0.21240,-1.23230,0.05164,-2.0763,-29.9847,8.7176,0.63843,-0.87390,0.19275,-4.5802,-6.1603,-0.2443
559950067,-0.23315,-1.20923,0.00110,-2.5802,-31.7557,8.0153,0.63721,-0.87158,0.20654,-4.7557,-5.9084,-0.2366
559951067,-0.26892,-1.18481,-0.07068,-2.2519,-33.5573,6.9389,0.63586,-0.86963,0.22156,-4.9237,-5.6260,-0.2443
559952068,-0.29761,-1.17468,-0.14893,-1.1908,-35.2061,5.8779,0.63428,-0.86829,0.23682,-5.0916,-5.2977,-0.2061
559953067,-0.32263,-1.16162,-0.22839,-0.3893,-36.6794,5.1985,0.63245,-0.86743,0.25244,-5.2214,-4.9084,-0.1756
559954067,-0.35107,-1.11377,-0.30286,-0.7023,-37.3282,5.1527,0.63037,-0.86658,0.26758,-5.2824,-4.4656,-0.1527
559955067,-0.36865,-1.05017,-0.35681,-2.2214,-36.6489,6.0611,0.62903,-0.86572,0.28247,-5.2824,-3.9924,-0.1221
559956065,-0.38208,-1.03052,-0.39880,-4.5954,-35.1221,8.0153,0.62854,-0.86499,0.29675,-5.2366,-3.4885,-0.0611
559957069,-0.40308,-1.07898,-0.44324,-7.2748,-33.1298,10.3664,0.62695,-0.86438,0.31055,-5.1679,-2.9542,0.0229
559958068,-0.42883,-1.15771,-0.49011,-9.8244,-30.8092,12.1756,0.62439,-0.86401,0.32483,-5.0763,-2.4122,0.1069
559959068,-0.45422,-1.21729,-0.53125,-11.9924,-28.4122,12.9618,0.62280,-0.86389,0.33838,-4.9618,-1.8321,0.1908
559960068,-0.46729,-1.24072,-0.55286,-13.1527,-26.3282,12.6870,0.62183,-0.86316,0.35193,-4.8321,-1.2443,0.2748
559961068,-0.46655,-1.23828,-0.55310,-12.5954,-24.9618,11.5038,0.62073,-0.86267,0.36487,-4.7176,-0.7023,0.4198
559962068,-0.46277,-1.23621,-0.55200,-10.6107,-24.3511,9.7863,0.61841,-0.86267,0.37500,-4.5954,-0.1908,0.6183
559963068,-0.45374,-1.25354,-0.55334,-8.3969,-23.8092,7.9008,0.61584,-0.86267,0.38257,-4.4580,0.2901,0.8244
559964068,-0.44446,-1.27710,-0.54089,-6.7176,-22.9542,6.0458,0.61365,-0.86182,0.39185,-4.2824,0.7328,0.9847
559965068,-0.44189,-1.29211,-0.52454,-5.7481,-21.9160,4.5191,0.61108,-0.86011,0.40369,-4.0534,1.1527,1.1374
559966067,-0.43909,-1.30237,-0.52039,-5.5115,-20.6336,3.5038,0.60852,-0.85864,0.41467,-3.8092,1.5496,1.3053
559967067,-0.43994,-1.29419,-0.51953,-5.9237,-19.0305,2.8931,0.60693,-0.85742,0.42493,-3.5420,1.8702,1.4733
559968067,-0.44250,-1.24133,-0.50720,-6.9084,-16.9389,2.5649,0.60547,-0.85583,0.43518,-3.2061,2.1679,1.6107
559969065,-0.44653,-1.16577,-0.50122,-8.1298,-14.9466,2.7099,0.60339,-0.85303,0.44714,-2.8015,2.4733,1.7099
559970064,-0.45618,-1.13745,-0.50842,-8.6183,-13.4580,3.2901,0.60205,-0.84900,0.46069,-2.3588,2.7710,1.8092
559971069,-0.45667,-1.18188,-0.49353,-7.8931,-12.2290,3.7328,0.59961,-0.83838,0.49011,-1.3969,3.3511,1.9160
559972067,-0.44739,-1.24500,-0.46106,-7.1374,-11.1908,3.6412,0.59717,-0.83362,0.50708,-0.9160,3.6031,1.9389
559973067,-0.44873,-1.26770,-0.46057,-7.6260,-10.6336,3.2519,0.59473,-0.82886,0.52551,-0.5115,3.8168,1.9313
559974067,-0.44873,-1.24670,-0.47119,-8.6260,-10.0611,2.8168,0.59204,-0.82397,0.54346,-0.1603,3.9542,1.8855
559975067,-0.42993,-1.23083,-0.44080,-8.8321,-9.2824,2.4275,0.58862,-0.81921,0.56079,0.1298,4.0382,1.8397
559976067,-0.41382,-1.26184,-0.39978,-8.8397,-8.5649,2.1908,0.58484,-0.81384,0.57947,0.3817,4.1069,1.7328
559977068,-0.40381,-1.31152,-0.38110,-9.6794,-7.4580,1.8244,0.58167,-0.80750,0.59949,0.5573,4.1374,1.5802
559978067,-0.39368,-1.31421,-0.36975,-10.6870,-5.8092,0.8092,0.57922,-0.80078,0.61987,0.6489,4.0992,1.3817
559979068,-0.38440,-1.25537,-0.34741,-10.6718,-3.9389,-0.8244,0.57617,-0.79321,0.64099,0.6565,3.9847,1.1603
559980067,-0.37659,-1.17798,-0.31213,-9.4351,-2.3130,-2.4962,0.57251,-0.78601,0.66321,0.5496,3.8168,0.9237
559981067,-0.37341,-1.13147,-0.28064,-7.5954,-1.2977,-3.7252,0.56934,-0.77905,0.68494,0.3511,3.5878,0.7023
559982068,-0.36682,-1.12305,-0.24683,-5.9924,-0.5191,-4.5649,0.56653,-0.77344,0.70544,0.1374,3.3053,0.4809
559983067,-0.35474,-1.11731,-0.20288,-4.9466,0.1145,-5.2595,0.56360,-0.77075,0.72766,-0.0916,2.9924,0.2290
559984067,-0.32446,-1.02136,-0.11462,-5.5954,0.8779,-5.2748,0.56079,-0.76978,0.75110,-0.2977,2.6412,-0.0305
559985067,-0.30237,-0.98767,-0.07239,-7.9542,0.9313,-3.7023,0.55835,-0.76904,0.77454,-0.4733,2.2137,-0.3130
559986067,-0.28186,-1.02124,-0.02783,-10.8321,0.7863,-1.5115,0.55530,-0.76733,0.79956,-0.6031,1.7023,-0.5649
559987067,-0.27234,-1.07629,0.01428,-13.3511,0.5191,0.1756,0.55103,-0.76538,0.82520,-0.6947,1.1374,-0.8015
559988067,-0.26465,-1.07483,0.04468,-15.4885,0.2977,0.9389,0.54663,-0.76367,0.84961,-0.7710,0.5496,-1.0000
559989067,-0.26318,-1.02502,0.06238,-17.1450,-0.0687,1.2672,0.54224,-0.76123,0.87390,-0.7939,-0.0687,-1.1679
559990067,-0.26709,-1.00977,0.07837,-17.3359,-0.7405,1.5038,0.53748,-0.75879,0.89807,-0.7786,-0.7634,-1.2977
559991068,-0.26819,-1.07385,0.08826,-15.5267,-1.8015,1.3053,0.53125,-0.75574,0.92224,-0.7176,-1.5496,-1.4046
559992067,-0.27954,-1.16724,0.07886,-12.8244,-3.1908,0.2748,0.52454,-0.75159,0.94812,-0.6260,-2.4046,-1.5267
559993067,-0.29321,-1.21301,0.05725,-10.7863,-4.1985,-1.4351,0.51709,-0.74634,0.97595,-0.5038,-3.3282,-1.6183
559994067,-0.29834,-1.19580,0.04529,-9.9924,-4.5649,-3.0611,0.50867,-0.74060,1.00525,-0.3435,-4.3359,-1.7023
559995067,-0.30273,-1.15759,0.04443,-10.1298,-4.6641,-4.0229,0.50000,-0.73584,1.03601,-0.1450,-5.3969,-1.8015
559996067,-0.30383,-1.13831,0.04260,-10.7557,-4.6260,-4.3053,0.49121,-0.73083,1.06787,0.0840,-6.5191,-1.9237
559997065,-0.29749,-1.14954,0.02856,-11.9466,-4.5191,-4.3969,0.48352,-0.72534,1.10193,0.3511,-7.7099,-2.0382
559998064,-0.31604,-0.93799,-0.15503,-14.6336,-5.1527,-5.8244,0.47632,-0.71936,1.13818,0.6336,-8.9771,-2.1221
559999065,-0.32886,-0.46924,-1.02368,-21.6870,-10.8092,-5.2443,0.46814,-0.71289,1.17603,0.9160,-10.2901,-2.1985
560000064,-0.21375,-0.22644,-2.00000,-38.5267,-14.6794,2.4962,0.45837,-0.70728,1.21545,1.1985,-11.6565,-2.2595
560001065,0.08069,-0.38184,-1.55212,-59.8626,-3.9847,14.0534,0.44763,-0.70251,1.25623,1.4427,-13.1145,-2.3053
560002069,0.34729,-0.50012,-0.05212,-77.8473,14.8015,23.8550,0.43689,-0.69788,1.29834,1.6489,-14.6794,-2.3435
560003068,0.40039,-0.38916,0.15088,-96.9160,27.4504,35.3359,0.42627,-0.69336,1.34229,1.8321,-16.3435,-2.3740
560004068,0.05078,-0.21729,-0.94690,-113.8168,31.2061,48.9542,0.41577,-0.68970,1.38733,1.9542,-18.0916,-2.3588
560005068,-0.10303,-0.39758,-1.34741,-118.0763,40.5344,60.7176,0.40442,-0.68738,1.43262,2.0153,-19.9313,-2.3206
560006068,0.42664,-0.95630,-0.74390,-123.2366,52.9237,69.4504,0.39185,-0.68555,1.47729,2.0458,-21.8931,-2.2672
560007068,0.46545,-1.02344,-1.09485,-140.6183,34.5573,74.7863,0.37878,-0.68469,1.52173,2.0534,-23.9847,-2.2519
560008067,-0.10327,-0.44641,-1.81702,-146.4580,9.4351,74.9618,0.36682,-0.68579,1.56799,2.0534,-26.2061,-2.2290
560009068,-0.12341,-0.59180,-0.78003,-128.4122,6.3206,76.1832,0.35559,-0.68921,1.61572,2.0916,-28.5573,-2.2137
560010068,0.18079,-2.00000,0.48486,-117.4427,9.8855,81.2290,0.34473,-0.69385,1.66199,2.1908,-31.0076,-2.2061
560011068,-0.04553,-2.00000,-0.04358,-118.9924,11.1832,76.4504,0.33398,-0.69824,1.70703,2.3435,-33.5420,-2.2061
560012067,-0.61646,-2.00000,-1.29236,-103.4504,18.4885,54.7481,0.32373,-0.70264,1.75281,2.6183,-36.1908,-2.2061
560013067,-0.63367,-2.00000,-1.31567,-77.2672,38.7481,34.2748,0.31360,-0.70752,1.79919,3.0305,-38.9237,-2.1603
560014067,-0.34766,-2.00000,-0.76331,-68.7634,51.3893,27.6794,0.30334,-0.71448,1.84412,3.5802,-41.7405,-2.0534
560015067,-0.55847,-2.00000,-1.01929,-65.9771,44.0992,23.9008,0.29358,-0.72253,1.88770,4.2748,-44.6489,-1.9313
560016067,-0.60974,-2.00000,-0.98291,-45.0992,39.3435,10.7557,0.28442,-0.73083,1.93164,5.1603,-47.6641,-1.8473
560017067,-0.25134,-2.00000,-0.15588,-24.4504,40.0000,-5.5878,0.27612,-0.74060,1.97510,6.2595,-50.7557,-1.7099
560018067,-0.14917,-2.00000,0.22546,-27.3053,39.7252,-13.5191,0.26880,-0.75110,1.99994,7.5878,-53.9008,-1.5267
560019067,-0.25940,-1.67529,0.04175,-34.5267,39.3130,-13.0382,0.26257,-0.76208,1.99994,9.1221,-57.0763,-1.2977
560020067,-0.24036,-1.47498,0.04822,-27.5649,39.0000,-10.3435,0.25659,-0.77454,1.99994,10.9008,-60.2595,-1.0458
560021065,-0.16760,-1.75769,0.20740,-17.8168,35.7634,-8.7786,0.25073,-0.78735,1.99994,12.9237,-63.4656,-0.7710
560022069,-0.22986,-2.00000,0.17908,-11.8931,30.3740,-11.1298,0.24512,-0.80017,1.99994,15.1985,-66.6870,-0.4275
560023068,-0.27393,-2.00000,0.10620,-5.7099,25.2443,-16.2595,0.23853,-0.81262,1.99994,17.7252,-69.9160,-0.0458
560024068,-0.21619,-2.00000,0.09631,-7.6412,19.6870,-18.9847,0.23145,-0.82422,1.99994,20.4656,-73.1679,0.3740
560025068,-0.24719,-2.00000,0.06726,-24.1756,14.5725,-18.8550,0.22485,-0.83606,1.99994,23.4046,-76.4122,0.8168
560026068,-0.32446,-2.00000,-0.22449,-45.3817,14.2672,-17.5191,0.21826,-0.84802,1.99994,26.5802,-79.6412,1.2901
560027068,-0.44202,-2.00000,-0.78467,-70.1832,19.1756,-12.4809,0.21069,-0.85852,1.99994,29.9389,-82.8702,1.7710
560028067,-0.56763,-2.00000,-0.81335,-111.6260,30.9237,2.9389,0.20215,-0.86902,1.99994,33.4962,-86.0763,2.2824
560029067,-0.71777,-2.00000,0.15222,-161.4046,50.6718,22.6870,0.19434,-0.88025,1.99994,37.2366,-89.2214,2.8168
560030067,-1.35999,-2.00000,0.41174,-201.2977,65.8779,27.9389,0.18762,-0.89111,1.99994,41.1527,-92.3053,3.3511
560031068,-1.61182,-2.00000,-0.59778,-227.5420,86.9313,14.9237,0.18079,-0.90161,1.99994,45.2443,-95.3359,3.8779
560032068,-0.77625,-2.00000,0.00977,-229.5267,120.3206,-2.5496,0.17358,-0.91113,1.99994,49.5038,-98.2977,4.4046
560033068,0.28308,-0.71960,1.99994,-216.7939,143.8702,-11.2519,0.16565,-0.91943,1.99994,53.9237,-101.1679,4.9313
560034067,1.09937,-1.04028,1.99994,-217.2901,144.5420,-8.5802,0.15759,-0.92761,1.99994,58.5038,-103.9618,5.4580
560035065,1.08215,-2.00000,1.99994,-211.2519,116.4885,-13.4504,0.14893,-0.93665,1.99994,63.2443,-106.6794,6.0076
560036069,0.86328,-2.00000,1.99994,-151.5496,81.7481,-45.1527,0.13843,-0.94531,1.99994,68.1679,-109.2519,6.5420
560037068,1.42322,-1.16650,1.99994,-67.9389,53.9695,-82.0000,0.12744,-0.95239,1.99994,73.2672,-111.7023,7.0687
560038068,1.25037,-0.42151,1.99994,-19.4809,-1.1069,-96.3053,0.11646,-0.95862,1.99994,78.5191,-114.0534,7.6107
560039068,0.70679,0.02039,1.99994,-6.6183,-48.3740,-91.9924,0.10449,-0.96448,1.99994,83.9389,-116.2824,8.1908
560040067,1.40649,0.51807,1.99994,3.4504,-44.7634,-85.4580,0.09265,-0.97009,1.99994,89.4580,-118.4198,8.8015
560041068,1.52368,0.18359,1.99994,8.7710,-51.0992,-71.8168,0.08069,-0.97498,1.99994,95.0458,-120.4656,9.3817
560042068,0.14771,-1.88269,1.99994,-22.2595,-73.3969,-45.8550,0.06702,-0.97791,1.99994,100.7328,-122.3817,9.9695
560043068,-0.39172,-2.00000,1.99994,-80.6260,-55.6718,-25.9847,0.05286,-0.98096,1.99994,106.5267,-124.2214,10.6718
560044067,0.13196,-2.00000,1.99994,-120.9160,-29.5878,-24.9771,0.03760,-0.98291,1.99994,112.4122,-125.9847,11.4656
560045068,-0.02563,-1.94128,1.99994,-147.3359,-32.8626,-25.9847,0.02063,-0.98315,1.99994,118.3588,-127.6870,12.3206
560046067,0.09363,-1.32129,1.99994,-173.3511,-41.0840,-19.0382,0.00256,-0.98279,1.99994,124.2977,-129.4046,13.1908
560047067,0.89331,-1.16931,1.99994,-185.5038,-50.4198,-12.4733,-0.01636,-0.98108,1.99994,130.1908,-131.1679,14.0916
560048067,0.88354,-1.14844,1.99994,-198.3282,-79.3435,-9.0305,-0.03601,-0.97961,1.99994,136.0534,-132.9542,15.0687
560049067,0.46924,-1.38489,1.99994,-213.2977,-101.7710,-11.5115,-0.05713,-0.97705,1.99994,141.8473,-134.7863,16.0916
560050067,0.40686,-1.74707,1.99994,-185.3130,-113.3817,-28.1374,-0.07910,-0.97375,1.99994,147.5115,-136.6794,17.1756
560051067,0.36621,-1.69397,1.99994,-124.6107,-129.8015,-52.7023,-0.10193,-0.97021,1.99994,153.0305,-138.6260,18.3130
560052065,0.21240,-1.05212,1.95911,-87.5649,-150.1679,-69.5496,-0.12561,-0.96509,1.99994,158.4046,-140.6718,19.5267
560053065,0.06982,-0.34497,1.07520,-65.6412,-156.9466,-78.7557,-0.14990,-0.95959,1.99994,163.6107,-142.8702,20.8168
560054069,0.06726,0.07666,1.99994,-32.4046,-134.1221,-87.7099,-0.17444,-0.95459,1.99994,168.6718,-145.2214,22.1832
560055068,-0.22693,0.13708,1.99994,-10.0153,-125.1908,-88.9771,-0.19958,-0.94800,1.99994,173.5954,-147.7176,23.6107
560056067,-1.23499,-0.75867,0.76733,-14.4351,-140.3435,-76.4504,-0.22571,-0.94336,1.99994,178.3435,-150.3740,25.1450
560057067,-1.73303,-2.00000,0.34473,-14.4656,-132.5725,-67.2977,-0.25281,-0.94104,1.99994,182.9389,-153.1679,26.7557
560058068,-0.53418,-2.00000,1.99994,-38.0687,-84.0916,-70.2901,-0.28113,-0.93726,1.99994,187.3893,-156.1450,28.3664
560059067,1.22021,-2.00000,1.99994,-128.4198,-43.4733,-64.9618,-0.31030,-0.93384,1.99994,191.6718,-159.3130,30.0611
560060068,1.58057,0.44348,1.99994,-205.6183,-56.2443,-49.7786,-0.34009,-0.92993,1.99994,195.7863,-162.7023,31.8321
560061068,0.90332,1.99994,1.99994,-182.3664,-77.0153,-38.9160,-0.37000,-0.92627,1.99994,199.7099,-166.3053,33.6641
560062067,0.80029,0.96765,1.99994,-130.1832,-99.7023,-24.2595,-0.40063,-0.92334,1.99994,203.4427,-170.0763,35.4962
560063067,1.02344,-2.00000,1.99994,-129.8550,-139.3511,-10.4733,-0.43286,-0.91882,1.99994,206.9618,-174.0916,37.3511
560064067,0.98999,-2.00000,1.99994,-129.7252,-179.9466,-32.0153,-0.46558,-0.91333,1.99994,210.2519,-178.4122,39.2519
560065065,1.86133,-1.39587,1.99994,-73.6641,-198.8626,-81.5191,-0.49683,-0.90857,1.99994,213.2824,-182.9924,41.2061
560066065,1.99994,1.62671,1.99994,3.5802,-236.8626,-114.6718,-0.52771,-0.90344,1.99994,216.0687,-187.7786,43.2137
560067069,1.72571,1.80945,1.99994,65.5496,-250.1374,-112.8244,-0.55786,-0.89807,1.99994,218.5802,-192.8015,45.2290
560068068,0.35669,-0.96350,1.99994,103.0458,-250.1374,-100.7863,-0.58655,-0.89331,1.99994,220.8015,-198.0763,47.2366
560069068,-0.41223,-2.00000,1.99994,94.6870,-250.1374,-96.8626,-0.61353,-0.88928,1.99994,222.7023,-203.6031,49.2824
560070067,-1.30334,-2.00000,1.66187,47.8473,-250.1374,-103.4962,-0.63867,-0.88635,1.99994,224.2824,-209.3588,51.4046
560071068,-1.93201,-1.95813,0.61011,22.2366,-250.1374,-115.8626,-0.66174,-0.88501,1.99994,225.5954,-215.2977,53.5420
560072068,-1.66785,0.40479,0.12500,24.0229,-250.1374,-114.9008,-0.68127,-0.88623,1.99994,226.6794,-221.4198,55.6870
560073068,-0.91248,1.26318,0.43835,-4.3206,-250.1374,-88.4427,-0.71350,-0.89722,1.99994,228.2519,-234.2901,59.9695
560074068,-1.06091,0.51892,1.14844,-69.2290,-250.1374,-54.7557,-0.72742,-0.90625,1.99994,228.8168,-241.0000,62.1450
560075068,-2.00000,-0.61597,0.19995,-117.4427,-223.1374,-39.0763,-0.73975,-0.91760,1.99994,229.2901,-247.7557,64.3664
560076068,-2.00000,-0.78345,-1.28296,-117.3969,-193.7710,-49.2595,-0.74878,-0.93054,1.99994,229.6947,-250.1374,66.6489
560077068,-1.61157,0.26062,-0.16162,-68.3893,-173.4733,-75.8321,-0.75586,-0.94360,1.99994,230.0534,-250.1374,68.9466
560078067,-0.71423,1.55151,1.99994,-17.4275,-167.0916,-93.0840,-0.76270,-0.95654,1.99994,230.3664,-250.1374,71.2901
560079067,1.06848,1.78162,1.99994,-9.7252,-145.7481,-83.3206,-0.76892,-0.97021,1.99994,230.6183,-250.1374,73.6718
560080067,1.99994,1.18311,1.99994,-18.8473,-143.2366,-66.1145,-0.77295,-0.98572,1.94666,230.8321,-250.1374,76.0687
560081065,1.68701,0.62634,1.99994,3.7328,-187.5649,-59.7863,-0.77429,-1.00330,1.88147,230.9924,-250.1374,78.4275
560082068,0.98999,-0.01782,1.99994,38.9847,-240.0611,-60.3740,-0.77405,-1.02148,1.81238,231.1145,-250.1374,80.7863
560083067,0.54431,-0.67151,1.99994,52.7176,-250.1374,-61.2366,-0.77222,-1.03979,1.73987,231.1832,-250.1374,83.1069
560084067,0.26575,-1.12048,1.99994,39.7405,-250.1374,-57.0992,-0.76746,-1.05725,1.66663,231.2061,-250.1374,85.3969
560085067,0.39673,-0.67859,1.99994,18.5649,-250.1374,-55.4427,-0.75977,-1.07202,1.59326,231.2061,-250.1374,87.5954
560086068,0.56287,0.50647,1.99994,13.2137,-250.1374,-59.9160,-0.74988,-1.08508,1.51831,231.1527,-250.1374,89.6947
560087067,0.47876,0.98987,1.99994,18.7481,-250.1374,-63.3740,-0.73914,-1.09753,1.44263,231.0382,-250.1374,91.7023
560088067,-0.14941,0.35852,1.99994,3.9847,-250.1374,-58.8626,-0.72839,-1.10864,1.36755,230.8779,-250.1374,93.6336
560089067,-1.54932,-0.21790,1.28357,-41.2901,-250.1374,-50.0458,-0.71667,-1.11780,1.29309,230.6260,-250.1374,95.4504
560090067,-2.00000,0.00122,-1.26953,-58.6947,-250.1374,-52.4504,-0.70361,-1.12585,1.22021,230.2672,-250.1374,97.1069
560091068,-1.46948,0.71521,0.68359,-10.4122,-250.1374,-69.8092,-0.68909,-1.13342,1.14905,229.7863,-250.1374,98.6336
560092067,-0.02515,1.07214,1.99994,26.0305,-234.7099,-73.0687,-0.67273,-1.14001,1.07715,229.1450,-250.1374,100.0076
560093067,1.19226,1.02307,1.99994,-5.3893,-230.8626,-51.3588,-0.65466,-1.14661,1.00623,228.3206,-250.1374,101.2290
560094067,1.55237,1.47681,1.99994,-45.7023,-245.8473,-27.4580,-0.63672,-1.15234,0.93701,227.2748,-250.1374,102.2366
560095067,1.67517,1.88428,1.99994,-45.5267,-250.1374,-13.5420,-0.61829,-1.15735,0.86658,226.0229,-250.1374,103.0458
560096068,1.44409,1.78723,1.99994,-30.5573,-250.1374,-8.8855,-0.59827,-1.16272,0.79614,224.5725,-250.1374,103.6489
560097068,0.90552,1.76721,1.99994,-21.1603,-250.1374,-10.4351,-0.57715,-1.16846,0.72827,222.8626,-250.1374,104.0687
560098067,1.15881,1.92664,1.99994,-34.3130,-250.1374,-3.8931,-0.55444,-1.17371,0.66187,220.8855,-250.1374,104.2901
560099068,1.65552,1.99994,1.99994,-60.4580,-250.1374,6.4351,-0.52942,-1.17908,0.59448,218.6870,-250.1374,104.3206
560100067,1.99994,1.99994,1.99994,-54.5878,-250.1374,7.2519,-0.50293,-1.18604,0.52673,216.2824,-250.1374,104.1908
560101067,1.99994,1.62219,1.99994,-28.6107,-250.1374,8.5649,-0.47607,-1.19312,0.45837,213.7023,-250.1374,103.8473
560102065,1.99994,1.50159,1.99994,-25.5878,-250.1374,19.6412,-0.44836,-1.20044,0.38855,210.9695,-250.1374,103.2977
560103069,0.72888,1.65601,1.99994,-29.4198,-250.1374,35.7557,-0.41919,-1.20923,0.31714,208.0992,-250.1374,102.5802
560104068,-0.03088,1.37646,1.99994,-29.8092,-250.1374,55.5344,-0.38794,-1.21936,0.24304,205.1298,-250.1374,101.7252
560105068,-0.74207,0.91699,1.99994,-42.8779,-250.1374,76.9008,-0.35535,-1.23059,0.16687,202.0840,-250.1374,100.7099
560106068,-1.13098,0.42139,1.99994,-57.7252,-250.1374,94.9618,-0.32202,-1.24341,0.09009,198.9847,-250.1374,99.5496
560107068,-1.49451,0.48779,1.19922,-63.0763,-250.1374,101.9924,-0.28760,-1.25818,0.01331,195.8550,-250.1374,98.2290
560108068,-1.76868,1.26855,0.08789,-63.5954,-250.1374,99.5802,-0.25293,-1.27563,-0.06421,192.6870,-250.1374,96.7405
560109068,-2.00000,1.51562,-0.95154,-53.9160,-250.1374,91.7939,-0.21924,-1.29602,-0.14465,189.5420,-250.1374,95.1221
560110067,-2.00000,0.12622,-2.00000,-22.5496,-250.1374,79.7634,-0.18604,-1.31799,-0.22681,186.4504,-250.1374,93.3969
560111068,-2.00000,-1.59058,-2.00000,26.0840,-250.1374,52.4198,-0.15295,-1.34180,-0.30969,183.4733,-250.1374,91.5496
560112068,-2.00000,-2.00000,-2.00000,70.0153,-250.1374,16.4885,-0.12183,-1.36755,-0.39453,180.6565,-250.1374,89.5725
560113068,-2.00000,-2.00000,-2.00000,85.9160,-250.1374,-8.9924,-0.09229,-1.39380,-0.48193,178.0000,-250.1374,87.5038
560114068,-2.00000,-2.00000,-2.00000,75.0840,-250.1374,-18.9847,-0.06250,-1.41992,-0.56921,175.4809,-250.1374,85.3130
560115068,-2.00000,-1.43274,-2.00000,71.6107,-250.1374,-24.5802,-0.03467,-1.44653,-0.65601,173.0992,-250.1374,82.9771
560116068,-1.35303,0.98779,-0.31165,76.2901,-250.1374,-30.2443,-0.00818,-1.47217,-0.74194,170.9084,-250.1374,80.4962
560117067,0.28564,-0.72998,1.99994,-53.5496,-138.4504,40.6412,0.01880,-1.49707,-0.82690,168.9695,-250.1374,77.9008
560118067,-1.55188,-2.00000,1.99994,-206.4962,-168.0305,78.8168,0.04565,-1.52124,-0.91077,167.2519,-250.1374,75.1908
560119067,0.15649,0.09644,1.99994,-250.1374,-130.0534,72.3817,0.07251,-1.54333,-0.99304,165.6947,-250.1374,72.3664
560120067,1.99994,1.99994,1.99994,-217.2214,-149.2748,57.8397,0.09875,-1.56323,-1.07471,164.3588,-250.1374,69.4275
560121065,1.99994,1.99994,1.99994,-204.8473,-250.1374,79.2443,0.12354,-1.57935,-1.15564,163.2672,-250.1374,66.4046
560122065,1.99994,1.99994,1.99994,-206.2977,-250.1374,122.8779,0.14832,-1.59167,-1.23547,162.3511,-250.1374,63.3359
560123069,1.99994,1.96912,1.99994,-131.6718,-250.1374,139.0534,0.17468,-1.60278,-1.31238,161.5878,-250.1374,60.2443
560124068,0.25928,0.40637,1.99994,-67.7405,-250.1374,139.9695,0.20203,-1.61206,-1.38562,160.9695,-250.1374,57.1069
560125067,0.57312,-0.34436,1.99994,-63.6260,-250.1374,145.3664,0.22864,-1.61865,-1.45569,160.4580,-250.1374,53.9389
560126068,-0.64600,-0.88074,1.99994,-38.3969,-250.1374,151.8855,0.25525,-1.62292,-1.52100,160.0763,-250.1374,50.7939
560127067,-2.00000,-2.00000,1.99994,18.4427,-250.1374,150.5573,0.28296,-1.62463,-1.58301,159.8092,-250.1374,47.7023
560128068,-2.00000,-2.00000,-1.63562,48.5649,-250.1374,138.7634,0.31104,-1.62390,-1.64209,159.5954,-250.1374,44.6489
560129068,-2.00000,-2.00000,-2.00000,53.5344,-250.1374,122.7099,0.33936,-1.62085,-1.69873,159.4198,-250.1374,41.6412
560130068,-2.00000,-2.00000,-2.00000,40.2977,-250.1374,104.0076,0.36743,-1.61487,-1.75269,159.2443,-250.1374,38.6870
560131068,-2.00000,-2.00000,-2.00000,6.2672,-250.1374,68.4733,0.39587,-1.60693,-1.80371,159.0534,-250.1374,35.8244
560132064,-2.00000,-2.00000,-2.00000,-32.2824,-250.1374,37.8092,0.42517,-1.59802,-1.85229,158.8168,-250.1374,33.0382
560133065,-2.00000,-2.00000,-2.00000,-53.8473,-250.1374,17.5115,0.45483,-1.58740,-1.89795,158.5344,-250.1374,30.3511
560134069,-2.00000,-2.00000,-2.00000,-82.0229,-250.1374,5.1145,0.48499,-1.57605,-1.94092,158.1756,-250.1374,27.7939
560135064,-2.00000,-2.00000,-2.00000,-112.0305,-250.1374,2.3053,0.51428,-1.56458,-1.98010,157.7099,-250.1374,25.3893
560136069,-2.00000,-2.00000,-2.00000,-104.7863,-250.1374,-6.7099,0.54224,-1.55237,-2.00000,157.1145,-250.1374,23.0840
560137064,-2.00000,-0.59937,-2.00000,-69.4046,-223.1450,-16.7023,0.57043,-1.53955,-2.00000,156.3969,-250.1374,20.8702
560138065,-2.00000,0.56799,-2.00000,-33.9542,-233.7252,-14.1069,0.59802,-1.52698,-2.00000,155.5878,-250.1374,18.7481
560139064,-1.88855,0.36707,-1.31360,13.8626,-250.1374,-6.4275,0.62366,-1.51477,-2.00000,154.7023,-250.1374,16.7405
560140068,-0.98181,-0.92175,-0.79285,56.3511,-250.1374,-3.0153,0.64734,-1.50232,-2.00000,153.7481,-250.1374,14.8473
560141068,-0.19922,-2.00000,-0.08459,66.1756,-250.1374,-2.5420,0.66895,-1.48865,-2.00000,152.7099,-250.1374,13.0229
560142067,-1.62573,-2.00000,0.18750,64.0382,-250.1374,-12.1679,0.68823,-1.47522,-2.00000,151.5802,-250.1374,11.2672
560143068,-2.00000,-2.00000,-1.24939,74.9237,-250.1374,-34.1374,0.70508,-1.46204,-2.00000,150.3969,-250.1374,9.5878
560144068,-1.58276,-2.00000,-2.00000,43.5115,-250.1374,-55.8626,0.71997,-1.44800,-2.00000,149.1603,-250.1374,7.9924
560145068,-0.93103,-2.00000,0.07141,-66.0611,-250.1374,-55.1985,0.73193,-1.43481,-2.00000,147.8779,-250.1374,6.4351
560146067,-1.79456,-0.79333,1.00195,-185.4962,-250.1374,-30.9237,0.74133,-1.42078,-2.00000,146.5573,-250.1374,4.8855
560147068,-1.42786,-0.48730,1.24744,-229.1374,-250.1374,-14.4962,0.74902,-1.40662,-2.00000,145.2137,-245.8168,3.3664
560148068,0.69617,-0.47913,1.99994,-202.9924,-237.4885,-15.9695,0.75378,-1.39404,-2.00000,143.8779,-235.3893,1.9160
560149068,1.23840,0.04883,1.99994,-200.7634,-234.1756,-8.2214,0.75623,-1.38208,-2.00000,142.5496,-224.9771,0.5496
560150067,0.77869,0.18750,1.99994,-250.1374,-250.1374,21.0611,0.75598,-1.37036,-2.00000,141.2672,-214.6183,-0.7481
560151067,1.54578,-0.00854,1.40198,-250.1374,-250.1374,37.9466,0.75415,-1.35925,-2.00000,140.0229,-204.3359,-2.0000
560152068,0.87988,0.36621,1.99994,-223.7099,-250.1374,16.6947,0.75122,-1.34888,-2.00000,138.8397,-194.1450,-3.2137
560153068,0.71021,1.25903,1.99994,-99.4351,-250.1374,-15.0305,0.74622,-1.33813,-2.00000,137.7405,-184.0763,-4.3893
560154068,1.99994,1.99994,1.99994,-73.5267,-250.1374,-19.2443,0.73938,-1.32568,-2.00000,136.7099,-174.1527,-5.5267
560155068,0.92810,1.99994,1.99994,-96.5344,-250.1374,-2.9160,0.73022,-1.31140,-2.00000,135.7557,-164.4046,-6.5954
560156068,-1.20886,1.99994,1.90515,-73.1832,-250.1374,5.0076,0.71960,-1.29712,-2.00000,134.8931,-154.8779,-7.6031
560157068,-1.29700,0.96216,0.86597,-23.1298,-250.1374,-1.9924,0.70850,-1.28235,-2.00000,134.1069,-145.5802,-8.5573
560158067,-1.83606,0.10181,-0.31763,-7.1298,-250.1374,-8.6641,0.69714,-1.26672,-2.00000,133.3664,-136.5573,-9.4504
560159068,-2.00000,0.85913,-1.61890,-23.5878,-250.1374,-5.9618,0.68530,-1.25171,-2.00000,132.6565,-127.8397,-10.3130
560160068,-2.00000,1.99658,-2.00000,-60.7099,-250.1374,16.5496,0.67200,-1.23743,-2.00000,131.9466,-119.4122,-11.1374
560161068,-2.00000,1.42725,-2.00000,-78.1221,-250.1374,53.3740,0.65833,-1.22302,-2.00000,131.2443,-111.2977,-11.8855
560162068,-2.00000,-1.09680,-2.00000,-49.9084,-250.1374,78.6718,0.64502,-1.20874,-2.00000,130.5344,-103.5191,-12.5802
560163064,-2.00000,-2.00000,-2.00000,-31.2061,-250.1374,82.6870,0.63123,-1.19580,-2.00000,129.7786,-96.0687,-13.2214
560164069,-2.00000,-2.00000,-2.00000,-60.5954,-250.1374,72.4046,0.61731,-1.18347,-2.00000,128.9542,-88.9695,-13.8015
560165064,-2.00000,-1.37524,-2.00000,-103.8702,-250.1374,61.0229,0.60315,-1.17090,-2.00000,128.0382,-82.2214,-14.3130
560166064,-2.00000,0.19360,-2.00000,-134.3359,-250.1374,59.8168,0.58899,-1.15808,-2.00000,126.9847,-75.8244,-14.7786
560167065,-2.00000,0.02148,-2.00000,-132.2290,-250.1374,62.1985,0.57544,-1.14563,-2.00000,125.7328,-69.7634,-15.1908
560168065,-2.00000,-1.92053,-2.00000,-91.2672,-244.0076,47.5496,0.56128,-1.13293,-2.00000,124.2672,-64.0458,-15.5344
560169065,-2.00000,-2.00000,-2.00000,-48.4733,-199.6947,16.5496,0.54614,-1.12024,-2.00000,122.6260,-58.6947,-15.8397
560170064,-1.98767,-2.00000,-2.00000,-41.5191,-205.0153,-15.5191,0.53088,-1.10901,-2.00000,120.8244,-53.7099,-16.1069
560171069,-2.00000,-1.28333,-2.00000,-51.2977,-235.2519,-29.0992,0.51636,-1.09949,-2.00000,118.8321,-49.0534,-16.3588
560172068,-1.88367,-0.09741,-2.00000,-29.3435,-247.2137,-23.4198,0.50183,-1.09082,-2.00000,116.6412,-44.6947,-16.5649
560173067,-1.37549,-0.46021,-1.89331,14.1603,-250.1374,-12.5649,0.48682,-1.08423,-2.00000,114.2519,-40.6412,-16.7176
560174068,-1.70679,-1.44678,-2.00000,49.7023,-250.1374,-6.5267,0.45764,-1.07336,-1.99280,109.0611,-33.4122,-16.8779
560175068,-2.00000,-1.79822,-2.00000,66.2824,-250.1374,-8.8626,0.44324,-1.06812,-1.96436,106.2061,-30.1527,-16.9313
560176068,-2.00000,-1.38953,-2.00000,61.6412,-250.1374,-11.4351,0.43030,-1.06458,-1.93652,103.2519,-27.1069,-16.9771
560177068,-2.00000,-0.85364,-2.00000,47.7405,-250.1374,-15.1145,0.41748,-1.06335,-1.90955,100.4198,-24.2748,-17.0000
560178068,-2.00000,-0.28760,-2.00000,64.7023,-235.3893,-30.1298,0.40515,-1.06335,-1.88220,97.6183,-21.6412,-17.0000
560179068,-2.00000,-0.45923,-2.00000,104.1603,-183.3282,-46.5267,0.39307,-1.06482,-1.85425,94.7557,-19.1985,-16.9924
560180068,-2.00000,-1.52332,-2.00000,119.2672,-138.8397,-54.6718,0.38098,-1.06775,-1.82788,91.8015,-16.9466,-16.9618
560181068,-2.00000,-2.00000,-2.00000,109.9389,-96.3053,-61.8473,0.36951,-1.07117,-1.80310,88.8321,-14.9084,-16.9084
560182067,-2.00000,-2.00000,-2.00000,104.5725,-36.0916,-71.7634,0.35950,-1.07446,-1.77820,85.8702,-13.0763,-16.8244
560183068,-2.00000,-1.17896,-2.00000,102.0229,13.1603,-74.9313,0.35010,-1.07861,-1.75464,82.9084,-11.4351,-16.6870
560184067,-1.85229,-0.51904,-2.00000,95.2366,21.6412,-63.0229,0.34070,-1.08386,-1.73254,79.9084,-9.9695,-16.5267
560185068,-1.36279,-0.73669,-2.00000,95.4504,6.4427,-43.5267,0.33228,-1.08923,-1.71106,76.8702,-8.7252,-16.3588
560186068,-0.81104,-1.47278,-1.38379,99.9466,-16.0611,-29.9466,0.32483,-1.09436,-1.68982,73.8473,-7.7099,-16.1527
560187068,-0.62085,-1.98840,-0.71436,95.9695,-37.3969,-26.4962,0.31763,-1.09888,-1.66833,70.8702,-6.8702,-15.8855
560188067,-0.52917,-1.61304,-0.62183,89.3817,-54.3817,-32.2672,0.31152,-1.10327,-1.64587,67.9771,-6.2290,-15.5954
560189067,-0.64673,-0.63477,-1.11267,98.3588,-74.6718,-42.6870,0.30688,-1.10803,-1.62329,65.1145,-5.7252,-15.2977
560190067,-1.11780,-0.32300,-1.64417,131.5344,-92.3435,-56.4733,0.30420,-1.11267,-1.60083,62.3053,-5.3206,-14.9847
560191067,-1.28662,-0.82104,-1.42798,179.9313,-86.8855,-77.1374,0.30237,-1.11536,-1.57751,59.5954,-5.0611,-14.6565
560192067,-1.17834,-1.02002,-1.25427,214.8779,-69.6336,-98.8168,0.30054,-1.11658,-1.55420,56.9618,-4.9160,-14.3435
560193067,-1.37463,-0.44373,-2.00000,221.8473,-50.5191,-111.4656,0.29944,-1.11755,-1.53064,54.4198,-4.8779,-14.0992
560194067,-1.70605,0.15967,-2.00000,217.9695,-26.7710,-111.6183,0.29956,-1.11804,-1.50586,51.9847,-4.9160,-13.8855
560195068,-1.41943,0.13940,-2.00000,220.6565,2.9389,-103.2977,0.30115,-1.11780,-1.47974,49.6412,-5.0076,-13.6641
560196067,-0.96045,-0.04224,-1.63611,216.9160,24.4962,-89.6718,0.30261,-1.11682,-1.45239,47.3893,-5.1221,-13.4580
560197067,-0.87939,0.14502,-1.47668,189.6107,28.1832,-69.2901,0.30383,-1.11499,-1.42371,45.2061,-5.2901,-13.3359
560198067,-0.62952,0.55408,-1.51257,148.3282,34.9924,-44.2214,0.30603,-1.11292,-1.39490,43.1145,-5.4580,-13.2672
560199067,-0.54114,0.89465,-1.04492,108.3053,37.3130,-19.0229,0.30859,-1.11206,-1.36633,41.0916,-5.6107,-13.2519
560200068,-0.60510,0.68860,-0.34766,78.5496,36.7939,2.8168,0.31152,-1.11206,-1.33728,39.0992,-5.7099,-13.2672
560201068,-0.38708,-0.28955,0.48438,72.7863,36.8702,14.7328,0.31421,-1.11157,-1.30725,37.1756,-5.7863,-13.3282
560202068,-0.46179,-1.26294,0.80188,90.7405,28.7328,10.8168,0.31641,-1.11121,-1.27686,35.3359,-5.8397,-13.4275
560203068,-0.58911,-1.36633,1.03479,109.9313,29.5191,-3.4809,0.31970,-1.11182,-1.24780,33.5802,-5.8626,-13.5878
560204067,-0.46118,-1.15710,1.53967,118.2137,35.2137,-12.7939,0.32385,-1.11304,-1.21802,31.9084,-5.8244,-13.7939
560205067,-0.38757,-1.74133,1.83936,119.8321,31.8397,-12.8092,0.32812,-1.11401,-1.18628,30.3511,-5.7023,-14.0229
560206067,-0.21362,-2.00000,1.99994,126.6641,21.3664,-15.4046,0.33337,-1.11536,-1.15393,28.8855,-5.4962,-14.2672
560207067,-0.09570,-2.00000,1.99994,137.4656,-0.2366,-25.6870,0.33923,-1.11670,-1.12085,27.5115,-5.1908,-14.5191
560208067,-0.12329,-2.00000,1.99994,134.5649,-26.2824,-33.9847,0.34436,-1.11792,-1.08691,26.1985,-4.7710,-14.7786
560209067,-0.10254,-1.64929,1.99292,111.2137,-50.7557,-31.3588,0.34949,-1.11926,-1.05359,24.9695,-4.2366,-15.0916
560210067,-0.26978,-1.37720,1.86975,88.9542,-78.6565,-21.9389,0.35486,-1.11963,-1.02161,23.8550,-3.5954,-15.4580
560211067,-0.53992,-1.65381,1.62891,87.9924,-102.9542,-17.1374,0.36084,-1.11914,-0.98999,22.8244,-2.8550,-15.8092
560212067,-0.80469,-2.00000,1.26001,101.1145,-117.3130,-21.7252,0.36792,-1.11877,-0.95837,21.8473,-1.9924,-16.1298
560213068,-1.17725,-2.00000,0.77002,112.0458,-120.7328,-30.5573,0.37512,-1.11780,-0.92700,20.9237,-1.0076,-16.4122
560214068,-1.38513,-1.92334,0.50781,118.5496,-111.2901,-37.9695,0.38184,-1.11694,-0.89636,20.0687,0.1069,-16.6718
560215068,-1.40332,-1.63818,0.30823,123.4275,-100.7328,-40.2137,0.38733,-1.11621,-0.86682,19.2672,1.3435,-16.8931
560216067,-1.52905,-1.72705,-0.37915,129.5573,-100.0458,-38.2366,0.39197,-1.11462,-0.83704,18.5115,2.7252,-17.0305
560217068,-1.72974,-2.00000,-1.21667,136.2137,-104.1679,-36.0687,0.39795,-1.11243,-0.80774,17.8626,4.1985,-17.1145
560218068,-1.78064,-2.00000,-1.67871,130.8855,-107.3359,-32.3893,0.40466,-1.10974,-0.77979,17.3282,5.7557,-17.1450
560219068,-1.74023,-2.00000,-1.72693,101.3817,-107.3511,-24.9237,0.41028,-1.10693,-0.75098,16.9160,7.4427,-17.1069
560220068,-1.72607,-2.00000,-1.56250,60.9237,-103.9160,-16.5878,0.41577,-1.10376,-0.72278,16.6031,9.2366,-17.0000
560221068,-1.69019,-2.00000,-1.39648,33.3664,-95.6489,-12.8015,0.42102,-1.10034,-0.69617,16.3511,11.1145,-16.8473
560222068,-1.63208,-2.00000,-1.30212,23.5954,-82.6183,-15.1145,0.42578,-1.09692,-0.67078,16.1679,13.0687,-16.6412
560223068,-1.66748,-2.00000,-1.46326,21.2519,-69.8397,-21.2443,0.42993,-1.09387,-0.64600,16.1145,15.0840,-16.3511
560224067,-1.68909,-2.00000,-1.64539,20.6794,-55.7710,-29.0458,0.43298,-1.09045,-0.62195,16.2061,17.1756,-15.9771
560225067,-1.53845,-1.88733,-1.52051,26.1450,-45.1069,-38.2977,0.43481,-1.08667,-0.59912,16.4198,19.3359,-15.5267
560226068,-1.34460,-1.64050,-1.21948,42.1679,-43.3893,-49.1450,0.43640,-1.08301,-0.57629,16.7252,21.5267,-15.0382
560227067,-1.16382,-1.19580,-0.95496,62.6489,-48.9008,-57.8015,0.43823,-1.07898,-0.55383,17.1069,23.7099,-14.4809
560228067,-1.00525,-0.71082,-0.84619,71.5573,-57.9313,-58.0305,0.43933,-1.07532,-0.53162,17.5573,25.8779,-13.8550
560229067,-0.88904,-0.43652,-0.81750,59.2595,-66.2366,-47.3817,0.43909,-1.07141,-0.50916,18.0763,28.0763,-13.1450
560230067,-0.82068,-0.44653,-0.83716,34.1756,-73.6183,-30.9160,0.43799,-1.06592,-0.48621,18.6183,30.2595,-12.3740
560231067,-0.85095,-0.56470,-1.01245,11.7176,-82.3511,-16.0153,0.43750,-1.05969,-0.46265,19.1679,32.4351,-11.5725
560232067,-1.00525,-0.64441,-1.40356,-3.7557,-92.1985,-5.2824,0.43787,-1.05298,-0.43884,19.7176,34.5649,-10.7328
560233065,-1.24219,-0.70435,-1.83215,-17.0458,-99.0382,2.4885,0.43811,-1.04541,-0.41443,20.2748,36.6031,-9.8321
560234065,-1.43433,-0.82935,-2.00000,-28.8168,-99.5038,7.7939,0.43762,-1.03809,-0.39026,20.8015,38.5420,-8.8855
560235065,-1.50366,-1.08472,-2.00000,-33.5649,-94.5573,8.9695,0.43579,-1.03076,-0.36877,21.3053,40.3969,-7.9160
560236065,-1.50037,-1.12024,-2.00000,-27.8550,-88.0687,3.3053,0.43311,-1.02319,-0.34875,21.7710,42.1374,-6.9618
560237069,-1.38232,-0.85706,-2.00000,-16.4809,-89.5115,-4.3740,0.43066,-1.01611,-0.32690,22.1908,43.7863,-6.0153
560238068,-1.77954,-0.92480,-2.00000,-9.4351,-98.1527,-7.0763,0.42896,-1.00867,-0.30420,22.5649,45.3130,-5.0611
560239068,-2.00000,-1.37000,-2.00000,-6.0305,-74.7328,-10.8855,0.42737,-1.00037,-0.28174,22.8779,46.7328,-4.1374
560240068,-1.54919,-1.63318,-2.00000,-11.5802,-10.1221,-16.4809,0.42493,-0.99316,-0.25903,23.1527,48.0458,-3.2824
560241067,-0.92346,-1.21216,-2.00000,-52.7557,37.6336,-12.3282,0.42200,-0.98682,-0.23523,23.3588,49.2137,-2.4580
560242068,-1.62927,-0.38794,-2.00000,-107.8015,61.1527,0.9237,0.41919,-0.97949,-0.21204,23.4885,50.2061,-1.6183
560243068,-1.54065,0.09595,-2.00000,-125.6412,111.8092,8.1679,0.41577,-0.97229,-0.19043,23.5573,51.0229,-0.8092
560244067,-0.35083,0.15759,-2.00000,-124.2290,161.9695,12.2366,0.41150,-0.96667,-0.16968,23.5649,51.6336,-0.0611
560245068,0.51221,0.95776,-2.00000,-132.6870,166.4962,13.7481,0.40613,-0.96167,-0.14966,23.5115,52.0916,0.6107
560246067,0.80518,1.99994,-2.00000,-100.0611,131.4733,4.5038,0.40063,-0.95789,-0.13171,23.4046,52.3817,1.2366
560247067,1.24622,1.99994,-1.17847,44.0840,30.1145,-4.3740,0.39587,-0.95557,-0.11597,23.2366,52.3969,1.7939
560248067,1.29077,1.29883,-0.77795,39.8702,-6.3511,9.9771,0.39136,-0.95435,-0.10156,22.9847,52.1450,2.2977
560249067,0.46912,1.11951,-1.96875,38.4885,-32.9847,10.6794,0.38647,-0.95386,-0.08704,22.6565,51.6336,2.7634
560250067,-0.24792,1.99994,-2.00000,79.5267,-38.4427,-2.6794,0.38123,-0.95386,-0.07324,22.2519,50.8702,3.1908
560251068,-0.80969,1.99994,-2.00000,145.8931,-36.1603,-6.7939,0.37610,-0.95544,-0.06116,21.7481,49.8626,3.6031
560252068,-1.65540,1.99994,-2.00000,197.3282,-26.5802,9.3664,0.37122,-0.95886,-0.04993,21.1679,48.6183,4.0153
560253068,-2.00000,0.64465,-2.00000,191.1603,16.7481,33.0763,0.36609,-0.96375,-0.03992,20.4962,47.1527,4.4122
560254067,-2.00000,-0.96252,-2.00000,137.9389,76.2290,47.3282,0.36096,-0.96997,-0.03162,19.7710,45.4351,4.7939
560255068,-2.00000,-0.48010,-2.00000,106.3282,136.5573,42.1450,0.35693,-0.97705,-0.02490,19.0153,43.4504,5.1756
560256068,-2.00000,1.14050,-2.00000,119.9466,192.1603,30.1374,0.35400,-0.98328,-0.02026,18.2366,41.2214,5.5725
560257068,-1.95239,1.99994,-2.00000,130.8321,236.2977,36.3130,0.35242,-0.99377,-0.01331,17.4962,38.8244,6.0916
560258067,-1.49939,1.66602,-2.00000,97.8779,250.1298,66.9618,0.35132,-1.00085,-0.00696,16.7252,36.2061,6.5115
560259068,-1.33887,-0.37268,-1.36084,52.5191,250.1298,103.7557,0.35046,-1.00745,-0.00269,15.9008,33.3969,7.0000
560260068,-1.01270,-2.00000,0.25696,47.6947,250.1298,120.9237,0.35156,-1.01990,0.00354,15.1069,30.4275,7.5115
560261068,-0.65137,-2.00000,1.06030,79.2901,246.8092,108.1832,0.35400,-1.02527,0.00867,14.3588,27.2748,7.8702
560262068,-0.23035,-2.00000,1.49097,101.5267,222.3588,79.0458,0.35742,-1.03064,0.01392,13.6031,24.0229,8.2748
560263068,0.30725,-2.00000,1.99994,89.8168,204.0992,56.3511,0.36255,-1.03906,0.02014,12.8550,20.6947,8.6794
560264068,0.84717,-0.18164,1.99994,54.9924,184.9924,52.2519,0.36829,-1.04358,0.02698,12.0992,17.3206,9.0076
560265068,0.88269,0.02429,1.99994,41.4351,158.3206,52.3359,0.37500,-1.04858,0.03369,11.3511,13.9313,9.3511
560266068,0.86108,-1.53137,1.99994,79.4275,131.3969,38.1985,0.38330,-1.05383,0.03906,10.6336,10.5420,9.6718
560267067,0.82007,-2.00000,1.99994,118.9008,103.8855,15.6641,0.39282,-1.05640,0.04395,9.9084,7.1298,9.9237
560268068,-0.19714,-2.00000,1.99994,117.3130,70.6947,-2.0840,0.40320,-1.06006,0.04932,9.1832,3.7252,10.1603
560269068,-1.69543,-1.79883,0.96448,114.8550,55.9847,-15.3359,0.41516,-1.06396,0.05371,8.4351,0.3435,10.3206
560270067,-2.00000,-0.47388,0.88647,132.0763,62.8473,-17.0840,0.42798,-1.06641,0.05664,7.6565,-2.9618,10.4504
560271067,-1.48462,-0.25830,1.98132,120.9924,80.3893,1.7023,0.44043,-1.07007,0.05884,6.9084,-6.1832,10.5954
560272067,-0.18579,-0.64282,1.99994,65.8168,106.4351,31.9084,0.45215,-1.07446,0.06091,6.1908,-9.3282,10.6947
560273067,0.58850,-0.38208,1.99994,3.3359,126.2061,56.3359,0.46326,-1.07776,0.06262,5.4504,-12.3893,10.7252
560274067,0.75024,0.70093,1.99994,-48.7557,124.6947,77.7328,0.48853,-1.08582,0.06335,3.9924,-18.1603,10.6412
560275067,0.64856,1.22998,1.99994,-92.0992,98.7481,105.9618,0.50269,-1.08936,0.06323,3.3206,-20.8855,10.5344
560276067,0.76868,0.11133,1.99994,-119.6489,59.3817,136.5344,0.51721,-1.09326,0.06360,2.6718,-23.4656,10.3817
560277068,1.37976,-2.00000,1.99994,-136.8397,15.4427,155.6794,0.53162,-1.09729,0.06323,2.0458,-25.8855,10.1679
560278067,1.13818,-2.00000,1.99994,-152.7863,-48.4733,153.5954,0.54663,-1.09998,0.06226,1.4504,-28.1298,9.8702
560279067,0.49524,-2.00000,1.99994,-141.7328,-101.7481,132.7252,0.56177,-1.10156,0.06152,0.9084,-30.1908,9.5725
560280065,0.32214,-1.01672,1.77148,-101.9618,-121.0458,110.6565,0.57642,-1.10352,0.05981,0.4275,-32.0763,9.2748
560281065,-0.06677,-0.74548,1.91602,-78.0305,-128.9924,105.5496,0.59131,-1.10583,0.05811,-0.0076,-33.7939,8.9695
560282065,-0.38000,-2.00000,0.89124,-77.1221,-126.5420,108.9160,0.60657,-1.10742,0.05603,-0.3969,-35.3206,8.6412
560283069,-0.89294,-2.00000,-0.79248,-62.4046,-121.2366,94.0687,0.62195,-1.10803,0.05310,-0.7328,-36.6336,8.2672
560284068,-1.49133,-2.00000,-1.71826,-23.3893,-104.1069,59.8855,0.63684,-1.10754,0.05042,-1.0305,-37.7557,7.8550
560285068,-1.58423,-2.00000,-2.00000,2.1527,-74.1756,32.9466,0.65234,-1.10693,0.04919,-1.2901,-38.7023,7.4656
560286068,-2.00000,-2.00000,-2.00000,-13.4504,-59.4962,31.0153,0.66711,-1.10693,0.04810,-1.5191,-39.4656,7.0763
560287067,-2.00000,-2.00000,-2.00000,-35.1603,-37.9924,38.1450,0.67993,-1.10608,0.04602,-1.7023,-40.0458,6.6718
560288068,-2.00000,-1.95935,-2.00000,-35.1298,1.9389,39.0076,0.69214,-1.10352,0.04468,-1.8321,-40.4656,6.2366
560289067,-1.53284,-1.91687,-0.50232,-45.7634,28.0000,43.6412,0.70422,-1.09888,0.04456,-1.8702,-40.7176,5.7710
560290068,-1.24805,-1.54199,-0.32605,-76.2824,39.7710,53.4046,0.71570,-1.09338,0.04468,-1.8092,-40.8168,5.2595
560291068,-1.04175,-0.78613,-0.41968,-91.9466,48.0840,61.9618,0.72546,-1.08911,0.04504,-1.6565,-40.7634,4.7481
560292067,-0.77783,-0.66040,0.06543,-87.4885,45.0840,70.8321,0.73474,-1.08496,0.04590,-1.4351,-40.5725,4.2214
560293068,-0.45166,-1.71326,0.77783,-81.8550,34.8855,78.1679,0.74402,-1.07983,0.04749,-1.1374,-40.2290,3.6641
560294068,-0.34277,-2.00000,1.00378,-72.4504,16.2519,75.3511,0.75183,-1.07422,0.04968,-0.7328,-39.7634,3.0916
560295067,-0.31396,-2.00000,1.35620,-52.4504,2.2977,57.7557,0.75769,-1.06873,0.05261,-0.2290,-39.1832,2.4656
560296067,0.22534,-2.00000,1.99994,-33.1145,8.2061,33.0687,0.76245,-1.06311,0.05688,0.3511,-38.4962,1.8397
560297068,0.89844,-2.00000,1.99994,-35.3282,12.5878,17.6794,0.76660,-1.05652,0.06201,1.0229,-37.7176,1.2214
560298068,0.76172,-2.00000,1.99994,-71.0076,-1.5802,17.4580,0.76855,-1.04993,0.06689,1.7863,-36.8550,0.6031
560299068,0.12305,-2.00000,1.99994,-118.0840,-23.5954,22.6641,0.76794,-1.04419,0.07288,2.6107,-35.9008,-0.0382
560300067,0.38220,-2.00000,1.99994,-131.3511,-31.0229,22.1908,0.76611,-1.03955,0.08020,3.4885,-34.8779,-0.6718
560301067,0.82190,-2.00000,1.99994,-121.3511,-52.3511,19.5725,0.76379,-1.03455,0.08728,4.4275,-33.7863,-1.2748
560302068,0.53308,-2.00000,1.99994,-128.1832,-98.1450,22.2443,0.76086,-1.02979,0.09387,5.4198,-32.6489,-1.8550
560303067,0.11255,-1.57446,1.79187,-147.5344,-132.9084,28.9160,0.75635,-1.02478,0.10071,6.4809,-31.4656,-2.4351
560304067,-0.20898,-0.87170,1.29102,-163.3053,-151.2672,39.6031,0.75012,-1.01880,0.10767,7.5878,-30.2824,-3.0000
560305068,-0.17798,-0.84924,1.66418,-169.7710,-148.3893,49.5267,0.74377,-1.01343,0.11389,8.6947,-29.1145,-3.5344
560306068,-0.18005,-1.04114,1.83521,-150.0382,-147.2519,48.7405,0.73840,-1.00867,0.11926,9.8168,-27.9084,-4.0229
560307067,-0.58411,-0.98706,0.73877,-107.8855,-156.6260,38.0382,0.73230,-1.00391,0.12390,10.9466,-26.6107,-4.4656
560308067,-0.85400,-0.66394,-0.19836,-82.8244,-150.2748,28.2519,0.72473,-0.99817,0.12891,12.0916,-25.2443,-4.8626
560309067,-0.87512,-0.51282,-0.47839,-89.4885,-129.3588,25.4275,0.71667,-0.99194,0.13379,13.2672,-23.8931,-5.2061
560310067,-0.87122,-0.88184,-0.42126,-98.2595,-105.3740,24.0534,0.70789,-0.98523,0.13770,14.4198,-22.5725,-5.5191
560311067,-0.84338,-1.67651,-0.28491,-82.0153,-95.6794,17.6260,0.69910,-0.97693,0.14172,15.5496,-21.2672,-5.7863
560312067,-0.85706,-2.00000,-0.51270,-56.1298,-100.4427,7.8626,0.69043,-0.96729,0.14600,16.6641,-19.9924,-6.0305
560313067,-0.88953,-2.00000,-0.81299,-51.3282,-103.1832,0.1603,0.68079,-0.95764,0.14941,17.7786,-18.7557,-6.2214
560314068,-0.77747,-2.00000,-0.70947,-73.1450,-97.1221,-3.1679,0.66931,-0.94739,0.15076,18.9008,-17.5420,-6.3511
560315068,-0.55811,-1.97424,-0.18909,-101.2366,-90.5191,-0.4122,0.65747,-0.93579,0.15051,20.0000,-16.3511,-6.4504
560316068,-0.46155,-1.30994,0.11609,-115.8931,-95.2366,6.9084,0.64636,-0.92322,0.14990,21.0305,-15.2137,-6.5420
560317068,-0.60510,-1.29724,-0.10791,-112.6794,-105.5496,11.9008,0.63599,-0.90967,0.14917,21.9847,-14.1832,-6.6565
560318067,-0.83154,-1.65552,-0.71069,-105.5191,-108.6489,9.9542,0.62573,-0.89539,0.14734,22.8473,-13.2748,-6.7557
560319067,-0.93640,-1.71069,-1.08704,-110.5191,-99.1679,2.5725,0.61475,-0.88049,0.14429,23.6183,-12.4962,-6.8473
560320068,-0.95190,-1.14954,-1.04419,-119.9695,-88.0611,-5.2672,0.60352,-0.86511,0.14124,24.2748,-11.8626,-6.9160
560321068,-0.92712,-0.54016,-1.12524,-116.5649,-81.6565,-9.6260,0.59143,-0.85120,0.13831,24.8397,-11.3359,-6.9771
560322067,-0.94922,-0.52991,-1.49463,-102.4809,-79.9924,-9.5115,0.57849,-0.83740,0.13464,25.2824,-10.9160,-7.0153
560323067,-1.03943,-1.01245,-1.69568,-92.4733,-74.7481,-6.7252,0.56580,-0.82361,0.13025,25.5954,-10.6641,-7.0229
560324067,-0.96997,-1.32776,-1.53381,-98.8855,-60.7939,-2.0000,0.55396,-0.81018,0.12549,25.7939,-10.5420,-7.0000
560325068,-0.85034,-1.07532,-1.48779,-121.5573,-46.7939,5.6870,0.54309,-0.79724,0.12036,25.8931,-10.5496,-6.9542
560326067,-0.86108,-0.64355,-1.58167,-138.0458,-37.0382,14.4275,0.53186,-0.78564,0.11511,25.9008,-10.6794,-6.8855
560327067,-0.86182,-0.65552,-1.27441,-130.6641,-28.9084,19.4427,0.52087,-0.77502,0.11035,25.7786,-10.9237,-6.7939
560328068,-0.59265,-1.17285,-0.69763,-106.2290,-21.3664,16.6565,0.51074,-0.76562,0.10535,25.5420,-11.2290,-6.6565
560329067,-0.28650,-1.53699,-0.69934,-74.5725,-21.0916,1.5649,0.50159,-0.75769,0.09998,25.2137,-11.6183,-6.4733
560330067,-0.40234,-1.38586,-1.10217,-42.1374,-28.0076,-21.3511,0.49365,-0.75073,0.09412,24.8168,-12.0916,-6.2595
560331067,-0.48364,-1.31506,-0.92603,-13.4580,-31.1145,-41.9542,0.48682,-0.74487,0.08777,24.3664,-12.6260,-6.0382
560332067,-0.41504,-1.76990,-0.42249,13.2977,-33.8092,-58.3588,0.48071,-0.74011,0.08264,23.8702,-13.2137,-5.8092
560333067,-0.62146,-2.00000,-0.71814,41.0153,-42.7786,-75.6641,0.47571,-0.73535,0.07703,23.3282,-13.8168,-5.5649
560334068,-0.80359,-1.86853,-1.30237,64.9542,-44.2290,-92.0076,0.47119,-0.73145,0.07068,22.7252,-14.4275,-5.2901
560335067,-0.78821,-1.14392,-1.31482,69.0840,-36.0992,-96.2748,0.46777,-0.72888,0.06433,22.0687,-15.0611,-4.9771
560336065,-0.68701,-0.70984,-1.30249,43.9008,-24.6336,-83.5725,0.46484,-0.72681,0.05762,21.3588,-15.6794,-4.5954
560337069,-0.73169,-0.56958,-1.54163,10.8473,-15.6641,-64.5038,0.46265,-0.72437,0.05151,20.6107,-16.2519,-4.1527
560338068,-0.99207,-0.58264,-1.79724,-1.6489,-10.7634,-51.2366,0.46130,-0.72192,0.04675,19.8473,-16.7939,-3.6870
560339068,-0.97461,-0.73047,-1.63196,-0.2290,2.2366,-45.5344,0.45972,-0.71936,0.04211,19.0534,-17.3282,-3.2290
560340068,-0.81128,-0.80310,-1.31006,-5.1679,15.2519,-42.3053,0.45862,-0.71692,0.03662,18.2366,-17.8779,-2.7405
560341067,-0.73755,-0.68079,-1.08594,-10.9084,26.9237,-41.8855,0.45764,-0.71448,0.02930,17.4198,-18.3817,-2.2443
560342067,-0.48047,-0.52319,-0.61414,-1.0611,39.5115,-47.0305,0.45776,-0.71289,0.02246,16.5802,-18.8550,-1.7023
560343067,-0.26990,-0.54126,-0.39221,20.6336,42.4427,-54.8015,0.45911,-0.71228,0.01660,15.7099,-19.2595,-1.1756
560344067,-0.28174,-0.79150,-0.47803,42.6183,40.1374,-62.1908,0.46069,-0.71155,0.01111,14.8015,-19.6031,-0.6641
560345067,-0.34009,-1.00671,-0.45544,58.8626,36.6412,-69.3435,0.46265,-0.71130,0.00586,13.8702,-19.9466,-0.1374
560346067,-0.28491,-0.94189,-0.20386,63.4046,34.8702,-73.6260,0.46509,-0.71130,0.00012,12.9313,-20.2977,0.3969
560347067,-0.15259,-0.74316,0.08582,55.4885,32.3588,-71.9084,0.46851,-0.71179,-0.00586,11.9695,-20.6336,0.9389
560348067,-0.19629,-0.62427,0.18872,44.7328,27.7252,-66.4809,0.47168,-0.71265,-0.01184,10.9466,-20.9237,1.4809
560349067,-0.19617,-0.65039,0.40881,39.9924,30.5420,-62.5802,0.47485,-0.71411,-0.01892,9.9008,-21.1527,1.9847
560350067,-0.11523,-0.61841,0.63440,39.4198,36.7863,-61.7786,0.47827,-0.71570,-0.02649,8.8168,-21.3664,2.4351
560351067,-0.21643,-0.54077,0.46509,37.3282,39.1069,-60.6641,0.48157,-0.71802,-0.03247,7.7252,-21.5725,2.8779
560352068,-0.29529,-0.63318,0.19177,38.2137,40.2061,-59.9237,0.48621,-0.72144,-0.03760,6.6641,-21.7786,3.3130
560353068,-0.25000,-0.76965,0.28186,47.5420,40.2519,-62.8931,0.49231,-0.72595,-0.04370,5.6489,-21.9466,3.7405
560354068,-0.18274,-0.81458,0.45850,57.1374,36.6260,-67.0534,0.49695,-0.73169,-0.05139,4.6336,-22.0840,4.1298
560355068,-0.14526,-0.71643,0.52771,50.9542,33.7176,-66.0382,0.50012,-0.73828,-0.05920,3.6260,-22.2061,4.4885
560356068,-0.15332,-0.54688,0.61047,26.0534,33.3053,-57.1756,0.50342,-0.74524,-0.06665,2.6489,-22.2824,4.8015
560357068,-0.07703,-0.37659,0.65442,-0.5573,36.0916,-45.9160,0.50757,-0.75244,-0.07385,1.7099,-22.3206,5.0840
560358068,-0.06885,-0.25000,0.60156,-13.1527,36.9924,-37.5725,0.51221,-0.76013,-0.08167,0.8168,-22.3282,5.3359
560359068,-0.20544,-0.28650,0.40833,-19.0153,34.0153,-30.5725,0.51672,-0.76868,-0.08984,-0.0229,-22.3359,5.5344
560360068,-0.20410,-0.44324,0.36963,-31.5725,34.5802,-22.4580,0.52124,-0.77820,-0.09741,-0.8015,-22.3130,5.6870
560361067,-0.17419,-0.56042,0.43738,-48.5267,34.5649,-15.7557,0.52588,-0.78845,-0.10522,-1.5420,-22.2519,5.8168
560362067,-0.13928,-0.48303,0.57239,-51.8397,34.9771,-15.8931,0.53027,-0.79797,-0.11487,-2.2443,-22.1756,5.9466
560363067,-0.04614,-0.30298,0.80847,-33.2137,32.6947,-22.5267,0.53516,-0.80676,-0.12537,-2.8855,-22.0611,6.0534
560364067,-0.04590,-0.25330,0.78625,-8.5267,25.9313,-29.0153,0.54053,-0.81445,-0.13416,-3.4504,-21.8931,6.1374
560365067,-0.07507,-0.34741,0.65173,1.6489,22.9237,-30.9695,0.54651,-0.82153,-0.14294,-3.9542,-21.7252,6.1527
560366067,-0.10168,-0.44592,0.58228,-1.3282,23.5649,-30.1450,0.55286,-0.82886,-0.15259,-4.4427,-21.5420,6.1374
560367067,-0.11731,-0.46777,0.58984,-3.5725,25.2061,-29.8550,0.55786,-0.83594,-0.16162,-4.9237,-21.3511,6.1069
560368068,-0.12830,-0.47949,0.59448,-0.6107,23.1756,-29.5267,0.56201,-0.84229,-0.17017,-5.3664,-21.1298,6.0382
560369067,-0.19861,-0.51709,0.48450,-0.5649,18.8473,-27.0687,0.56604,-0.84790,-0.17896,-5.7557,-20.8626,5.9771
560370067,-0.23975,-0.51465,0.39294,-11.0229,18.0916,-22.0382,0.56970,-0.85303,-0.18787,-6.1145,-20.5725,5.9160
560371067,-0.21667,-0.43469,0.43542,-26.7176,20.0992,-16.3969,0.57324,-0.85840,-0.19629,-6.4427,-20.2519,5.8473
560372067,-0.17578,-0.34119,0.57056,-33.0382,20.6489,-12.9847,0.57629,-0.86328,-0.20508,-6.7252,-19.8779,5.7252
560373068,-0.12744,-0.34546,0.62463,-26.3435,18.1298,-12.3969,0.57837,-0.86597,-0.21301,-6.9771,-19.4351,5.5954
560374067,-0.12109,-0.41113,0.53052,-17.5344,14.5878,-13.1374,0.57959,-0.87085,-0.22253,-7.3740,-18.4580,5.2977
560375067,-0.11780,-0.42749,0.42285,-14.8015,13.5267,-13.7252,0.58044,-0.87244,-0.22827,-7.5725,-17.9008,5.1221
560376067,-0.07727,-0.34998,0.44910,-15.0916,14.2061,-14.0382,0.58154,-0.87378,-0.23389,-7.7710,-17.3282,4.9084
560377067,-0.04492,-0.29663,0.54126,-12.2366,13.2977,-13.9313,0.58313,-0.87537,-0.23840,-7.9771,-16.7328,4.6794
560378067,-0.04993,-0.44153,0.55151,-6.2443,10.8473,-13.1832,0.58374,-0.87646,-0.24182,-8.1908,-16.1069,4.4198
560379068,-0.13940,-0.75049,0.45215,-11.8473,12.3511,-10.3740,0.58350,-0.87646,-0.24426,-8.4198,-15.4351,4.1450
560380068,-0.14221,-0.61597,0.42627,-21.9008,15.2290,-8.5954,0.58289,-0.87683,-0.24597,-8.7023,-14.7405,3.8626
560381067,-0.17017,-0.48218,0.37671,-26.4275,14.9847,-6.7786,0.58167,-0.87817,-0.24597,-9.0458,-14.0382,3.5649
560382065,-0.17163,-0.48083,0.36621,-25.7557,12.8473,-5.0611,0.58032,-0.87939,-0.24585,-9.4275,-13.3130,3.2137
560383068,-0.15210,-0.55444,0.41040,-26.7176,10.1069,-3.0000,0.57922,-0.88025,-0.24658,-9.8473,-12.5802,2.8550
560384068,-0.11975,-0.58142,0.47729,-31.7176,8.4046,-0.8244,0.57837,-0.88086,-0.24658,-10.3053,-11.8397,2.4809
560385068,-0.07336,-0.50781,0.55603,-35.1069,7.3130,0.6718,0.57764,-0.88257,-0.24573,-10.8244,-11.0763,2.1298
560386068,-0.07275,-0.42957,0.55396,-32.1374,4.9542,1.3893,0.57654,-0.88574,-0.24524,-11.3817,-10.3130,1.8244
560387068,-0.10449,-0.44482,0.47729,-26.2748,2.7328,2.1145,0.57495,-0.88892,-0.24500,-11.9313,-9.5573,1.5344
560388068,-0.14819,-0.56165,0.39148,-23.6870,1.8702,3.3969,0.57373,-0.89172,-0.24438,-12.4809,-8.8168,1.2443
560389067,-0.19568,-0.71814,0.34460,-24.9466,2.7939,4.4427,0.57312,-0.89490,-0.24365,-13.0000,-8.0534,0.9695
560390067,-0.22815,-0.83826,0.34778,-25.2977,4.0382,3.8473,0.57080,-0.89880,-0.24365,-13.4580,-7.2977,0.7634
560391068,-0.25330,-0.87781,0.33618,-21.7405,4.2443,1.3206,0.56763,-0.90417,-0.24402,-13.9008,-6.5344,0.5649
560392068,-0.27112,-0.82935,0.29431,-17.5878,3.9771,-1.6107,0.56592,-0.91089,-0.24451,-14.3282,-5.7710,0.3740
560393068,-0.26599,-0.73511,0.27551,-17.9695,4.2672,-2.9695,0.56360,-0.91797,-0.24524,-14.7405,-4.9618,0.1832
560394068,-0.23035,-0.64490,0.31653,-22.2061,4.9084,-2.5573,0.55994,-0.92444,-0.24597,-15.0992,-4.1527,-0.0076
560395068,-0.18506,-0.58582,0.37183,-25.1450,4.5878,-1.5649,0.55493,-0.93042,-0.24597,-15.3893,-3.3588,-0.1908
560396068,-0.15869,-0.58191,0.39709,-24.3130,2.9618,-0.7099,0.54944,-0.93713,-0.24512,-15.6031,-2.5496,-0.3511
560397068,-0.15564,-0.62476,0.39294,-22.2748,0.9771,0.2901,0.54480,-0.94397,-0.24524,-15.7786,-1.7557,-0.4656
560398068,-0.15698,-0.63220,0.38538,-22.1908,-0.1603,1.6031,0.54199,-0.95081,-0.24609,-15.9237,-0.9237,-0.5954
560399068,-0.16602,-0.55750,0.37024,-23.3740,-0.7939,3.1069,0.53979,-0.95837,-0.24622,-15.9466,-0.0611,-0.7328
560400068,-0.19080,-0.48853,0.33374,-22.4122,-1.5496,4.4427,0.53540,-0.96594,-0.24536,-15.8779,0.8397,-0.8473
560401067,-0.22253,-0.51489,0.28979,-18.4962,-2.3664,5.2366,0.52954,-0.97375,-0.24561,-15.7099,1.7557,-0.9313
560402068,-0.25183,-0.61157,0.24805,-15.3053,-2.5496,5.5878,0.52429,-0.98108,-0.24780,-15.4656,2.7099,-1.0000
560403067,-0.27319,-0.70215,0.21375,-16.0916,-1.7710,5.8702,0.51868,-0.98694,-0.25037,-15.1679,3.6794,-1.0076
560404067,-0.27905,-0.74988,0.20312,-19.2824,-0.4351,6.0382,0.51184,-0.99170,-0.25281,-14.7939,4.6489,-1.0076
560405067,-0.26050,-0.76624,0.22656,-20.8702,0.6565,5.7481,0.50452,-0.99561,-0.25598,-14.3511,5.6183,-0.9924
560406067,-0.23816,-0.78137,0.25293,-20.1069,0.7023,5.2290,0.49683,-0.99878,-0.25952,-13.8626,6.5725,-0.9618
560407068,-0.22375,-0.79688,0.27063,-19.5496,0.3435,4.9695,0.48962,-1.00220,-0.26294,-13.3511,7.5038,-0.8779
560408067,-0.21033,-0.76855,0.30017,-20.4351,0.3435,4.9313,0.48230,-1.00537,-0.26709,-12.8015,8.4351,-0.7405
560409067,-0.20654,-0.70789,0.32446,-20.8321,0.1603,4.9847,0.47412,-1.00623,-0.27075,-12.2290,9.3664,-0.5725
560410068,-0.21765,-0.68762,0.30371,-18.4656,-0.9008,4.8855,0.46558,-1.00500,-0.27441,-11.7023,10.2519,-0.3817
560411067,-0.24646,-0.71533,0.23108,-13.8550,-2.5878,4.3740,0.45728,-1.00366,-0.27893,-11.2137,11.0611,-0.1603
560412065,-0.28113,-0.73535,0.15417,-10.2214,-3.5802,3.6947,0.44788,-1.00305,-0.28406,-10.7634,11.8092,0.0687
560413069,-0.29224,-0.73120,0.12219,-9.9618,-3.1069,3.6794,0.43787,-1.00256,-0.29004,-10.3893,12.4962,0.3282
560414068,-0.28625,-0.72375,0.11902,-11.9084,-1.9084,4.4733,0.42859,-1.00110,-0.29553,-10.1221,13.1069,0.6412
560415067,-0.28137,-0.71362,0.10535,-13.3282,-0.7863,5.4122,0.41895,-0.99878,-0.30200,-9.9618,13.6107,0.9466
560416068,-0.27405,-0.72424,0.08374,-14.0076,0.2366,6.4504,0.40833,-0.99695,-0.31018,-9.8779,14.0305,1.2672
560417068,-0.26099,-0.77527,0.07629,-15.6565,1.2214,7.8015,0.39819,-0.99609,-0.31873,-9.9008,14.3893,1.5954
560418067,-0.23755,-0.80945,0.09705,-18.1603,2.2748,8.8550,0.38965,-0.99597,-0.32825,-10.0076,14.6794,1.9313
560419068,-0.21472,-0.78064,0.12988,-18.9618,2.7023,8.9466,0.38147,-0.99768,-0.33850,-10.2061,14.8626,2.2519
560420068,-0.20947,-0.74048,0.14587,-16.5420,2.2443,8.2443,0.37280,-1.00061,-0.34912,-10.5191,14.9389,2.5496
560421067,-0.21167,-0.74963,0.14832,-12.1069,1.7328,7.2290,0.36377,-1.00366,-0.36047,-10.9084,14.9542,2.8626
560422068,-0.21729,-0.78735,0.16040,-8.3130,1.8779,6.1908,0.35486,-1.00830,-0.37378,-11.3435,14.9084,3.1603
560423067,-0.23755,-0.86389,0.20203,-6.5344,2.5496,5.7023,0.34644,-1.01343,-0.39001,-11.8473,14.7634,3.4504
560424068,-0.24841,-1.10217,0.35327,-5.7481,4.3206,5.9237,0.33923,-1.01941,-0.40735,-12.4122,14.5267,3.7405
560425068,-0.19446,-1.40344,0.58521,-4.9389,7.0153,4.8397,0.33276,-1.02686,-0.42480,-13.0305,14.2290,3.9924
560426068,-0.10010,-1.32324,0.61194,-5.7405,8.0305,0.9313,0.32617,-1.03394,-0.44312,-13.6947,13.8702,4.1985
560427067,-0.09326,-0.75183,0.40369,-9.0763,5.4885,-2.8473,0.31982,-1.04041,-0.46338,-14.3664,13.4733,4.4351
560428067,-0.10754,-0.29968,0.33240,-11.9237,0.8626,-2.1756,0.31372,-1.04785,-0.48462,-15.0229,13.0687,4.6870
560429067,-0.05176,-0.43152,0.59399,-12.2595,-4.5573,2.0458,0.30798,-1.05518,-0.50525,-15.6565,12.6718,4.9313
560430068,-0.11829,-0.78857,0.82922,-10.8397,-11.7557,4.8015,0.30322,-1.06128,-0.52563,-16.2748,12.2672,5.1679
560431068,-0.23413,-0.96118,0.66602,-7.6489,-17.4046,4.6107,0.29883,-1.06750,-0.54602,-16.8626,11.8702,5.3740
560432067,-0.30847,-1.11279,0.47388,-3.2519,-18.2672,4.5802,0.29541,-1.07422,-0.56738,-17.4122,11.4656,5.5649
560433067,-0.43066,-1.22388,0.41748,0.7634,-17.9008,4.2901,0.29321,-1.07971,-0.58997,-17.9466,11.0382,5.7328
560434067,-0.48083,-0.89026,0.29407,5.6641,-15.5420,0.9542,0.29138,-1.08398,-0.61267,-18.4885,10.6107,5.9084
560435068,-0.47205,-0.37439,0.06897,15.6260,-15.5038,-3.1450,0.28955,-1.08850,-0.63342,-19.0534,10.2214,6.0763
560436067,-0.45410,-0.35596,-0.01270,28.6260,-17.1603,-4.7252,0.28772,-1.09375,-0.65369,-19.6107,9.8702,6.2290
560437067,-0.46167,-0.59460,0.15613,32.2061,-18.9924,-5.0840,0.28699,-1.10010,-0.67432,-20.1679,9.5496,6.3817
560438067,-0.51196,-0.38379,0.21460,26.4122,-19.7099,-6.5878,0.28723,-1.10608,-0.69482,-20.7252,9.2901,6.5649
560439067,-0.63757,-0.20715,0.11743,24.8779,-20.7863,-5.0382,0.28687,-1.11096,-0.71606,-21.2672,9.1145,6.7710
560440067,-0.78638,-1.06042,0.05127,34.9618,-23.9618,1.2672,0.28528,-1.11548,-0.73645,-21.7786,8.9847,7.0000
560441068,-0.71802,-2.00000,0.03491,50.7252,-24.5191,1.6641,0.28418,-1.11951,-0.75647,-22.2901,8.9160,7.2672
560442068,-0.67859,-2.00000,-0.14478,61.1374,-22.1908,-7.8779,0.28357,-1.12366,-0.77563,-22.8244,8.9084,7.5725
560443068,-0.80261,-1.06213,-0.42798,57.5191,-17.3588,-14.6718,0.28296,-1.12732,-0.79419,-23.3893,8.9924,7.8855
560444068,-0.76428,-0.56970,-0.47717,46.7252,-11.9008,-10.4427,0.28259,-1.13135,-0.81287,-23.9466,9.1603,8.1756
560445067,-0.68359,-0.99414,-0.39771,42.5878,-12.9618,-3.6794,0.28247,-1.13586,-0.83105,-24.5191,9.4198,8.4656
560446067,-0.74670,-1.60059,-0.44812,46.7328,-17.9695,-4.8397,0.28247,-1.14075,-0.84924,-25.1221,9.7328,8.7557
560447067,-0.76953,-1.86670,-0.49780,47.6260,-17.1527,-12.5267,0.28223,-1.14587,-0.86731,-25.7557,10.1145,9.0458
560448067,-0.72742,-1.69031,-0.55505,39.8779,-10.6336,-20.0840,0.28162,-1.15088,-0.88477,-26.4275,10.6107,9.3053
560449065,-0.73792,-1.14343,-0.73169,30.7481,-3.9237,-24.3130,0.28064,-1.15723,-0.90222,-27.1603,11.2061,9.5573
560450069,-0.69531,-0.59753,-0.84253,30.7099,2.5344,-26.1221,0.28027,-1.16455,-0.91980,-27.9313,11.8321,9.7710
560451068,-0.56030,-0.40210,-0.74890,37.4198,10.1527,-26.4580,0.28015,-1.17102,-0.93726,-28.7557,12.5038,9.9847
560452067,-0.47888,-0.43701,-0.57581,39.3435,17.4198,-25.1221,0.28003,-1.17749,-0.95459,-29.6641,13.1603,10.2061
560453067,-0.40063,-0.35938,-0.40869,32.9771,24.1298,-22.3130,0.28052,-1.18518,-0.97375,-30.6412,13.8168,10.4198
560454068,-0.28979,-0.07996,-0.26147,24.9160,27.9313,-18.0000,0.28088,-1.19397,-0.99390,-31.7099,14.4885,10.6107
560455068,-0.23376,0.26233,-0.15222,20.2672,28.5191,-12.1832,0.27979,-1.20349,-1.01416,-32.8092,15.2061,10.7481
560456068,-0.20081,0.38013,-0.09814,16.7939,27.4656,-3.7023,0.27905,-1.21338,-1.03613,-33.9313,15.9313,10.8779
560457068,-0.15784,0.12146,-0.09399,8.5573,26.0382,7.0611,0.28003,-1.22375,-1.05847,-35.0916,16.6412,11.0000
560458068,-0.09180,-0.21985,0.08289,-3.8168,26.4198,16.0992,0.28113,-1.23486,-1.08105,-36.2901,17.3282,11.0840
560459067,0.01807,-0.33813,0.48267,-12.8168,28.8702,20.3664,0.28186,-1.24524,-1.10571,-37.5038,17.9695,11.1450
560460068,0.12988,-0.24841,0.74243,-15.3588,28.8931,21.2443,0.28247,-1.25574,-1.13245,-38.7481,18.6031,11.2137
560461067,0.17627,-0.12793,0.72925,-14.2137,24.1069,21.6794,0.28357,-1.26709,-1.15918,-39.9924,19.2595,11.2519
560462068,0.17627,-0.13171,0.70068,-10.3130,16.8015,22.3817,0.28540,-1.27856,-1.18591,-41.2214,19.9389,11.2137
560463067,0.09399,-0.32910,0.92139,-6.7328,9.6336,23.4427,0.28711,-1.28943,-1.21338,-42.4122,20.6336,11.1603
560464067,-0.21582,-0.71326,1.68433,-4.1679,6.7176,24.7634,0.28931,-1.29919,-1.24158,-43.5420,21.3359,11.0687
560465067,-0.32520,-1.53467,1.99994,1.7634,8.4733,27.4809,0.29163,-1.30920,-1.27051,-44.6260,22.0382,10.9542
560466067,-0.07556,-2.00000,1.99994,6.2595,7.1221,29.9695,0.29443,-1.31921,-1.30029,-45.6565,22.7863,10.7939
560467067,-0.25464,-2.00000,1.89026,12.7405,-10.1679,25.6565,0.29871,-1.32874,-1.33020,-46.6336,23.6183,10.5649
560468067,-0.40796,-2.00000,1.27417,33.4885,-32.7863,10.0229,0.30286,-1.33887,-1.35974,-47.5725,24.4733,10.2366
560469067,0.01758,-2.00000,1.43298,54.5038,-48.9237,-10.5038,0.30676,-1.34912,-1.38831,-48.4656,25.3435,9.8473
560470067,-0.10278,-0.68091,1.43518,50.4046,-81.5496,-18.9618,0.31189,-1.35852,-1.41577,-49.3282,26.2977,9.3969
560471067,-1.03589,-0.49475,0.29785,35.0534,-120.5038,-10.2061,0.31812,-1.36768,-1.44446,-50.1374,27.3435,8.9084
560472067,-1.67188,-2.00000,-0.32996,38.8779,-134.8397,-1.9618,0.32373,-1.37683,-1.47351,-50.8779,28.4809,8.3817
560473067,-1.85693,-2.00000,0.15759,62.9313,-126.7099,-9.6412,0.32947,-1.38611,-1.50159,-51.6260,29.7328,7.8244
560474068,-1.95544,-2.00000,0.24438,74.3740,-105.1145,-30.8321,0.34119,-1.40320,-1.55652,-53.0305,32.6183,6.5191
560475068,-1.96680,-2.00000,-1.11963,56.5878,-78.6641,-51.3893,0.34705,-1.41052,-1.58484,-53.6641,34.2443,5.8092
560476068,-2.00000,-1.31006,-2.00000,32.6489,-63.8092,-56.4046,0.35291,-1.41675,-1.61414,-54.2977,35.9847,5.0611
560477067,-2.00000,-0.33936,-2.00000,25.8550,-56.8626,-42.2443,0.35876,-1.42151,-1.64331,-54.9618,37.8321,4.2672
560478067,-2.00000,-2.00000,-2.00000,29.3969,-45.5115,-26.2672,0.36401,-1.42554,-1.67065,-55.6489,39.7710,3.3969
560479068,-2.00000,-2.00000,-2.00000,21.1832,-46.3435,-25.3359,0.36926,-1.42822,-1.69690,-56.3740,41.8321,2.5038
560480068,-2.00000,-2.00000,-2.00000,-0.4427,-31.0229,-39.8244,0.37476,-1.42957,-1.72253,-57.1527,44.0458,1.6031
560481067,-1.93848,-2.00000,-1.93188,-22.9542,0.2977,-55.5038,0.37903,-1.43005,-1.74683,-58.0000,46.3740,0.7023
560482068,-1.69336,-0.32727,-1.72058,-29.9618,29.7176,-57.8015,0.38171,-1.42944,-1.77051,-58.8931,48.7939,-0.2214
560483068,-1.48572,-0.13171,-1.33228,-23.0382,53.2824,-48.5344,0.38428,-1.42822,-1.79578,-59.8702,51.3740,-1.1374
560484068,-1.70166,-1.64685,-1.09814,-17.3282,55.5115,-37.8779,0.38647,-1.42554,-1.82227,-60.9542,54.1145,-2.0611
560485068,-1.34546,-2.00000,-0.73718,-16.8168,60.8702,-39.3893,0.38806,-1.41992,-1.84839,-62.1527,57.0076,-3.0000
560486068,-0.63733,-2.00000,0.54761,-11.5802,64.2519,-55.7939,0.38965,-1.41357,-1.87292,-63.4504,60.0153,-3.9237
560487068,-0.43201,-1.71240,1.01196,6.5954,35.0992,-74.0687,0.39124,-1.40747,-1.89624,-64.8550,63.1374,-4.8397
560488068,-0.34180,-0.09668,0.38806,38.1069,-7.2977,-81.6412,0.39197,-1.40173,-1.91858,-66.3817,66.3664,-5.7328
560489068,-0.72461,0.21338,-0.60303,57.1145,-61.8931,-74.1985,0.39282,-1.39636,-1.93958,-68.0611,69.7099,-6.6565
560490068,-1.11328,-0.88940,-1.43604,46.7557,-95.0458,-59.8015,0.39417,-1.39026,-1.95886,-69.8702,73.1756,-7.5802
560491068,-1.25757,-2.00000,-1.66296,24.3053,-100.8931,-54.6107,0.39539,-1.38354,-1.97742,-71.7863,76.8397,-8.5038
560492068,-1.78882,-2.00000,-2.00000,21.4122,-99.0076,-68.8550,0.39612,-1.37720,-1.99463,-73.8321,80.7023,-9.3817
560493068,-2.00000,-1.71619,-2.00000,41.4504,-75.5420,-92.4580,0.39661,-1.37048,-2.00000,-75.9924,84.6870,-10.2595
560494068,-2.00000,-0.12708,-2.00000,52.3817,-43.2748,-101.9008,0.39807,-1.36377,-2.00000,-78.2519,88.7023,-11.1527
560495068,-2.00000,0.33691,-2.00000,32.2672,-4.9084,-89.8092,0.39917,-1.35889,-2.00000,-80.6260,92.7710,-12.0305
560496068,-2.00000,-0.38806,-2.00000,7.1985,36.8779,-74.1756,0.39905,-1.35461,-2.00000,-83.1679,97.0000,-12.8855
560497068,-2.00000,-1.34802,-2.00000,3.1374,74.6336,-71.5267,0.39893,-1.35034,-2.00000,-85.8473,101.4351,-13.7252
560498068,-2.00000,-1.48120,-2.00000,1.4122,108.5496,-77.1374,0.40015,-1.34692,-2.00000,-88.6183,106.0305,-14.5496
560499068,-1.86768,-0.09412,-2.00000,-23.2061,139.9160,-77.2290,0.40247,-1.34473,-2.00000,-91.4656,110.7863,-15.3282
560500068,-0.96765,1.84705,-0.93091,-62.2977,167.2290,-59.7023,0.40405,-1.34253,-2.00000,-94.3969,115.6947,-16.0840
560501067,-0.08801,1.99994,0.20984,-92.5954,171.4885,-25.5573,0.40503,-1.34167,-2.00000,-97.4198,120.7405,-16.7939
560502067,0.28906,0.81848,0.82117,-100.0687,144.6870,4.8397,0.40601,-1.34241,-2.00000,-100.4885,125.9542,-17.4809
560503067,0.44116,-0.55139,0.58716,-80.5191,99.8092,11.2977,0.40649,-1.34338,-2.00000,-103.5573,131.3817,-18.1374
560504068,-0.04602,-0.58984,-0.37341,-41.9924,42.7328,-3.7099,0.40588,-1.34546,-2.00000,-106.6336,136.9924,-18.7481
560505067,-1.35254,-0.29431,-1.83630,-8.2214,-18.9771,-16.9008,0.40564,-1.34851,-2.00000,-109.7481,142.7557,-19.3053
560506068,-1.86133,-1.73535,-2.00000,3.3740,-41.9924,-11.5878,0.40601,-1.35291,-2.00000,-112.8702,148.6794,-19.8092
560507068,-1.47217,-2.00000,-0.54089,9.3664,-26.6031,-8.7252,0.40625,-1.35901,-2.00000,-115.9542,154.7328,-20.2824
560508067,-2.00000,-2.00000,-2.00000,28.3740,-6.7863,-68.6489,0.40588,-1.36536,-2.00000,-118.9924,160.9084,-20.7405
560509068,-2.00000,-0.91919,-2.00000,32.0992,0.4046,-84.3588,0.40417,-1.37170,-2.00000,-121.9695,167.2443,-21.1908
560510067,-2.00000,-1.30615,-2.00000,30.2290,23.3817,-79.5038,0.40295,-1.37854,-2.00000,-124.8550,173.7405,-21.6412
560511067,-2.00000,-2.00000,-2.00000,5.3282,67.4809,-75.1069,0.40222,-1.38550,-2.00000,-127.6794,180.3817,-22.0916
560512068,-2.00000,-2.00000,-2.00000,-27.3435,117.9847,-84.8931,0.40088,-1.39233,-2.00000,-130.4504,187.1069,-22.5115
560513067,-2.00000,-1.57324,-2.00000,-42.7099,167.4809,-102.8321,0.39929,-1.39880,-2.00000,-133.1221,193.9389,-22.8931
560514067,-2.00000,0.45483,-2.00000,-45.6412,217.8015,-105.8092,0.39722,-1.40576,-2.00000,-135.6947,200.8473,-23.2519
560515068,-2.00000,1.41797,-2.00000,-47.9084,250.1298,-88.7710,0.39368,-1.41284,-1.99207,-138.1527,207.8015,-23.6183
560516068,-2.00000,0.59692,-2.00000,-49.9695,250.1298,-64.7023,0.38867,-1.41968,-1.98120,-140.4733,214.7863,-23.9924
560517068,-2.00000,-1.21240,-2.00000,-55.8550,250.1298,-47.8321,0.38306,-1.42798,-1.96924,-142.6718,221.8092,-24.3435
560518068,-1.55774,-1.05334,-2.00000,-57.8626,250.1298,-49.9542,0.37695,-1.43677,-1.95581,-144.7099,228.8855,-24.6794
560519068,-1.00549,1.50952,-1.64722,-35.0992,250.1298,-58.9847,0.37000,-1.44446,-1.94141,-146.5878,235.9618,-25.0305
560520068,-0.17017,1.99994,1.81458,0.7939,250.1298,-47.6107,0.36230,-1.45154,-1.92761,-148.3359,243.0458,-25.3206
560521068,0.34778,0.92322,1.99994,-1.8550,204.3359,-13.7481,0.35400,-1.45813,-1.91284,-149.9389,250.0992,-25.5954
560522068,-0.17346,-1.71082,-0.43372,-36.1450,143.7634,10.1527,0.34460,-1.46448,-1.89600,-151.3969,250.1298,-25.9237
560523067,-1.75684,-2.00000,-2.00000,-28.2137,97.9771,-4.8626,0.33398,-1.47070,-1.87610,-152.7481,250.1298,-26.2977
560524068,-2.00000,-1.77441,-2.00000,12.5267,94.0458,-39.2824,0.32300,-1.47705,-1.85388,-153.9847,250.1298,-26.6947
560525068,-2.00000,-1.42151,-2.00000,24.3053,128.4046,-57.7099,0.31091,-1.48450,-1.83081,-155.1374,250.1298,-27.1450
560526068,-2.00000,-1.34753,-2.00000,17.0611,157.9389,-61.4275,0.29688,-1.49207,-1.80566,-156.2214,250.1298,-27.6489
560527068,-2.00000,-1.29333,-2.00000,17.1679,185.1985,-63.0687,0.28101,-1.49951,-1.77808,-157.2443,250.1298,-28.2214
560528068,-2.00000,-1.11438,-2.00000,12.1298,244.0382,-68.6870,0.26404,-1.50891,-1.74902,-158.1908,250.1298,-28.8473
560529068,-2.00000,-0.79602,-2.00000,5.1298,250.1298,-75.3893,0.24744,-1.52063,-1.71948,-159.0534,250.1298,-29.5038
560530068,-2.00000,-0.50293,-2.00000,-0.7176,250.1298,-75.3664,0.23022,-1.53442,-1.69019,-159.8779,250.1298,-30.2061
560531068,-2.00000,-0.07361,-2.00000,-31.3282,250.1298,-58.5573,0.21216,-1.54883,-1.66125,-160.6718,250.1298,-31.0000
560532068,-2.00000,0.66492,-2.00000,-75.3206,250.1298,-32.5802,0.19360,-1.56287,-1.63269,-161.4351,250.1298,-31.8321
560533068,-1.52747,1.36658,-2.00000,-84.1374,250.1298,-14.7328,0.17371,-1.57617,-1.60486,-162.1832,250.1298,-32.6641
560534068,0.20813,1.87781,1.54724,-67.0458,250.1298,-3.5038,0.15332,-1.58862,-1.57605,-162.9389,250.1298,-33.4733
560535067,0.34399,1.56323,1.06494,-59.2977,250.1298,16.1298,0.13293,-1.60059,-1.54468,-163.7099,250.1298,-34.3053
560536068,-1.44983,0.48853,-2.00000,-42.0000,236.9237,27.5649,0.11365,-1.61267,-1.51514,-164.4962,250.1298,-35.1527
560537068,-2.00000,-0.16724,-2.00000,-11.2748,215.6641,19.5038,0.09583,-1.62476,-1.48779,-165.2977,250.1298,-36.0076
560538067,-2.00000,-0.54309,-2.00000,-6.0305,206.9313,9.1450,0.07886,-1.63684,-1.45837,-166.1069,250.1298,-36.8702
560539067,-2.00000,-0.05859,-2.00000,-16.0763,245.7176,-5.1450,0.06189,-1.64709,-1.42908,-166.9160,250.1298,-37.7405
560540068,-2.00000,1.29846,-2.00000,24.9695,250.1298,-25.1298,0.04468,-1.65442,-1.40112,-167.7710,250.1298,-38.5725
560541068,-1.43872,1.99994,-1.97888,91.3740,250.1298,-30.3435,0.02881,-1.66064,-1.37366,-168.6489,250.1298,-39.3511
560542067,-2.00000,0.98523,-2.00000,113.3740,250.1298,-14.1374,0.01257,-1.66504,-1.34583,-169.5878,250.1298,-40.0992
560543067,-2.00000,-0.89258,-2.00000,106.4885,250.1298,-4.4351,-0.00513,-1.66724,-1.31665,-170.6031,250.1298,-40.8092
560544068,-2.00000,-2.00000,-2.00000,95.2977,250.1298,-5.2901,-0.02319,-1.66809,-1.28577,-171.7328,250.1298,-41.4885
560545068,-2.00000,-2.00000,-2.00000,57.9237,250.1298,-8.3359,-0.04114,-1.66663,-1.25403,-172.9695,250.1298,-42.1221
560546068,-2.00000,-0.61646,-2.00000,32.4656,250.1298,-17.4351,-0.05933,-1.66260,-1.22144,-174.3282,250.1298,-42.7328
560547068,-2.00000,1.28918,-1.13354,49.9618,250.1298,-19.4351,-0.07849,-1.65686,-1.18494,-175.8397,250.1298,-43.3206
560548068,-1.96741,1.66797,-0.83008,50.9618,250.1298,-4.1145,-0.09888,-1.64880,-1.14539,-177.5649,250.1298,-43.8855
560549067,-1.31677,0.81018,0.62598,-4.2672,250.1298,19.6565,-0.12048,-1.63965,-1.10474,-179.5420,250.1298,-44.4122
560550067,-0.81189,-0.60864,1.99994,-47.1908,250.1298,32.4275,-0.14319,-1.63025,-1.06360,-181.7710,250.1298,-44.9389
560551067,-0.40955,-1.00781,1.87720,-44.4504,250.1298,26.6489,-0.16577,-1.62048,-1.02112,-184.2366,250.1298,-45.4656
560552067,-0.51611,0.20154,0.38013,-28.6718,250.1298,17.3969,-0.18750,-1.60938,-0.97742,-186.9695,250.1298,-45.9771
560553067,0.18604,1.62451,1.99994,-4.7328,250.1298,17.9389,-0.20984,-1.59644,-0.93152,-190.0076,250.1298,-46.4733
560554065,1.91663,1.96606,1.99994,-0.8168,250.1298,38.3435,-0.23364,-1.58350,-0.88257,-193.3206,250.1298,-46.9771
560555069,1.99390,1.69958,1.99994,-36.1603,250.1298,69.8168,-0.25757,-1.57104,-0.83142,-196.9160,250.1298,-47.5191
560556067,0.02637,1.60718,1.19580,-23.0763,250.1298,83.1450,-0.27917,-1.55835,-0.77942,-200.7557,250.1298,-48.1069
560557067,-0.99622,1.25208,-0.46265,84.8397,250.1298,63.8931,-0.29871,-1.54724,-0.72607,-204.8473,250.1298,-48.7405
560558068,-1.08765,0.80774,0.13525,148.2519,250.1298,47.6107,-0.31787,-1.53870,-0.66858,-209.1527,250.1298,-49.4122
560559067,-1.31201,0.46558,-1.12634,92.1374,250.1298,59.6412,-0.33582,-1.53113,-0.60803,-213.6031,250.1298,-50.1374
560560067,-1.70007,-0.08447,-2.00000,51.8779,250.1298,68.8397,-0.35181,-1.52490,-0.54675,-218.1679,250.1298,-50.9160
560561068,-2.00000,-0.88159,-1.36865,85.4122,250.1298,57.0458,-0.36548,-1.52039,-0.48340,-222.8321,250.1298,-51.7557
560562067,-2.00000,-1.90125,-1.51074,85.6107,250.1298,55.2824,-0.37500,-1.51746,-0.41809,-227.5267,250.1298,-52.6183
560563068,-2.00000,-2.00000,-2.00000,23.0000,250.1298,69.6107,-0.38086,-1.51636,-0.34998,-232.1527,250.1298,-53.4962
560564068,-2.00000,-2.00000,-2.00000,-25.5802,250.1298,82.5649,-0.38477,-1.51672,-0.28088,-236.6412,250.1298,-54.4198
560565068,-2.00000,-1.91687,-0.10144,-56.4733,250.1298,94.3588,-0.38599,-1.51880,-0.21082,-240.9313,250.1298,-55.3435
560566068,-2.00000,-1.95752,0.27234,-92.8626,250.1298,113.7176,-0.38403,-1.52258,-0.13928,-245.0229,250.1298,-56.2824
560567068,-1.07874,-2.00000,0.53308,-106.4656,250.1298,119.8244,-0.37915,-1.52686,-0.06738,-248.8550,250.1298,-57.2061
560568067,-0.43677,-2.00000,1.99994,-97.7939,250.1298,105.5115,-0.37134,-1.53125,0.00562,-250.1374,250.1298,-58.1298
560569067,0.07532,-0.71667,1.99994,-96.5802,250.1298,87.1908,-0.35950,-1.53552,0.07996,-250.1374,250.1298,-58.9847
560570067,0.25586,0.15820,1.99994,-67.4809,250.1298,70.8168,-0.34412,-1.53870,0.15613,-250.1374,250.1298,-59.7557
560571068,0.49597,-0.21204,1.99994,21.4809,250.1298,45.1298,-0.32642,-1.54028,0.23413,-250.1374,250.1298,-60.4427
560572067,1.02551,-1.81165,1.99994,116.8626,250.1298,17.8168,-0.30713,-1.54053,0.31250,-250.1374,250.1298,-61.0382
560573067,0.13318,-2.00000,1.99994,144.2519,250.1298,0.1527,-0.28687,-1.53894,0.39209,-250.1374,250.1298,-61.5725
560574068,-1.11719,-2.00000,0.39746,142.5573,250.1298,-19.8244,-0.26562,-1.53516,0.47327,-250.1374,250.1298,-62.0382
560575067,-0.73743,-1.21069,0.06848,171.8931,250.1298,-43.3817,-0.24304,-1.52930,0.55591,-250.1374,250.1298,-62.4122
560576067,-0.38281,0.39185,1.99994,170.5954,250.1298,-32.2519,-0.19702,-1.51172,0.72705,-250.1374,250.1298,-62.8931
560577067,-0.92053,-0.17065,1.87903,75.1069,250.1298,19.1679,-0.17395,-1.49866,0.81470,-250.1374,250.1298,-63.0229
560578067,-2.00000,-1.20959,-0.89587,-34.6718,250.1298,69.3664,-0.14978,-1.48450,0.90442,-250.1374,250.1298,-63.0763
560579068,-2.00000,-1.78210,-2.00000,-66.2748,250.1298,90.7786,-0.12720,-1.46973,0.99622,-250.1374,250.1298,-63.0458
560580068,-2.00000,-2.00000,-2.00000,-60.9847,250.1298,93.5878,-0.10840,-1.45447,1.08875,-250.1374,250.1298,-62.9389
560581068,-2.00000,-1.89526,-0.87378,-92.3282,250.1298,100.8779,-0.09302,-1.43872,1.17993,-250.1374,250.1298,-62.8015
560582068,-2.00000,-1.46631,-0.82678,-143.5420,250.1298,117.0229,-0.08032,-1.42249,1.26733,-250.1374,250.1298,-62.6336
560583068,-2.00000,-1.02930,-1.15967,-151.2061,250.1298,118.3893,-0.07141,-1.40625,1.35278,-250.1374,250.1298,-62.4427
560584067,-2.00000,-1.53748,-0.33301,-101.6718,250.1298,99.0305,-0.06689,-1.39111,1.43738,-250.1374,250.1298,-62.1985
560585067,-1.71680,-2.00000,0.57788,-36.8931,250.1298,70.1603,-0.06506,-1.37756,1.51880,-250.1374,250.1298,-61.9389
560586068,-1.49255,-2.00000,1.23853,3.3359,250.1298,39.3282,-0.06555,-1.36475,1.59705,-250.1374,250.1298,-61.6641
560587068,-1.76416,-2.00000,1.03699,11.1832,250.1298,14.1374,-0.06873,-1.35388,1.67322,-250.1374,250.1298,-61.4122
560588067,-1.66956,-2.00000,1.55444,12.9847,250.1298,-5.1756,-0.07361,-1.34595,1.74731,-250.1374,250.1298,-61.1603
560589068,-0.48279,-1.08679,1.99994,31.2901,250.1298,-16.4427,-0.07910,-1.33997,1.81995,-250.1374,250.1298,-60.9008
560590068,0.22266,-1.01550,1.99994,30.8397,250.1298,-8.8473,-0.08521,-1.33557,1.89209,-250.1374,250.1298,-60.6641
560591067,0.26550,-1.95996,1.99994,-19.0840,250.1298,16.8702,-0.09167,-1.33289,1.96289,-250.1374,250.1298,-60.4427
560592067,1.11487,-2.00000,1.99994,-75.1298,250.1298,36.4275,-0.09802,-1.33069,1.99994,-250.1374,250.1298,-60.1985
560593067,1.70959,-2.00000,1.99994,-97.1298,250.1298,45.5649,-0.10571,-1.32800,1.99994,-247.4962,250.1298,-59.9466
560594067,1.02649,-2.00000,1.99994,-101.6489,250.1298,44.0534,-0.11414,-1.32446,1.99994,-244.0534,250.1298,-59.7176
560595067,0.92871,-2.00000,1.99994,-115.6336,250.1298,41.4122,-0.12085,-1.31934,1.99994,-240.2214,250.1298,-59.4885
560596067,1.08887,-0.87195,1.99994,-154.4504,226.7099,51.6870,-0.12634,-1.31311,1.99994,-236.0153,250.1298,-59.2748
560597065,0.11536,0.37256,1.99994,-191.6947,177.7099,74.4962,-0.13257,-1.30603,1.99994,-231.4046,250.1298,-59.0916
560598065,-0.48389,-1.13257,1.99994,-185.6718,168.4198,91.2290,-0.13953,-1.29712,1.99994,-226.3893,250.1298,-58.9389
560599065,-0.97949,-2.00000,1.33899,-159.8779,179.5115,89.5420,-0.14636,-1.28625,1.99994,-220.9924,250.1298,-58.7634
560600065,-1.83167,-2.00000,-0.66357,-157.8092,190.2672,69.4504,-0.15137,-1.27368,1.99994,-215.2824,250.1298,-58.5725
560601069,-2.00000,-1.92151,-2.00000,-169.2901,215.9008,40.0382,-0.15601,-1.25928,1.99994,-209.2977,250.1298,-58.3817
560602068,-2.00000,0.97290,-2.00000,-141.9084,249.3511,19.9160,-0.16211,-1.24316,1.99994,-203.0840,250.1298,-58.1527
560603068,-2.00000,1.19482,-2.00000,-71.6031,250.1298,10.3740,-0.16956,-1.22461,1.99994,-196.7099,250.1298,-57.8702
560604068,-2.00000,-1.03503,-2.00000,-22.1298,250.1298,10.7557,-0.17676,-1.20264,1.99994,-190.2519,250.1298,-57.5725
560605068,-2.00000,-2.00000,-2.00000,-19.6489,250.1298,7.7176,-0.18274,-1.17908,1.99994,-183.7405,250.1298,-57.2519
560606068,-2.00000,-2.00000,-2.00000,-30.2214,250.1298,-12.4351,-0.18994,-1.15491,1.99994,-177.2519,250.1298,-56.8702
560607068,-2.00000,-2.00000,-1.92957,-23.9084,250.1298,-34.9847,-0.19922,-1.13013,1.99994,-170.8473,250.1298,-56.4046
560608068,-2.00000,-0.20618,-2.00000,-4.3588,250.1298,-42.4122,-0.20886,-1.10388,1.99994,-164.5649,250.1298,-55.8855
560609067,-1.83533,0.88623,-2.00000,0.9695,250.1298,-26.1374,-0.21777,-1.07678,1.99994,-158.4198,250.1298,-55.2977
560610067,-0.32092,0.31812,-0.92224,-28.2290,250.1298,2.6489,-0.22693,-1.04883,1.99994,-152.4656,250.1298,-54.5954
560611068,0.25769,-0.37573,1.01086,-79.7786,250.1298,26.2977,-0.23572,-1.02075,1.99994,-146.7481,250.1298,-53.8015
560612067,-0.39160,-0.34045,0.30969,-99.9237,250.1298,32.7328,-0.24438,-0.99268,1.99994,-141.2824,250.1298,-52.9313
560613067,-1.45850,0.40613,-1.37769,-54.2748,250.1298,20.8855,-0.25403,-0.96423,1.99994,-136.0916,250.1298,-51.9771
560614067,-2.00000,0.52271,-2.00000,3.4962,250.1298,14.5802,-0.26465,-0.93701,1.99994,-131.1832,250.1298,-50.9389
560615068,-1.84131,-0.76233,-1.04321,7.5954,250.1298,24.3206,-0.27539,-0.91187,1.99994,-126.5573,250.1298,-49.8015
560616068,-1.05383,-1.91577,0.37622,-11.2977,250.1298,28.6718,-0.28552,-0.88782,1.99994,-122.1908,250.1298,-48.6336
560617068,-1.34692,-2.00000,0.38245,9.7023,250.1298,12.8321,-0.29431,-0.86365,1.99994,-118.0916,244.5878,-47.4275
560618068,-2.00000,-1.80737,-0.33545,65.7710,250.1298,-11.1985,-0.30164,-0.84045,1.99994,-114.2214,238.5267,-46.2214
560619067,-2.00000,-2.00000,-0.81519,90.2137,250.1298,-21.2748,-0.30823,-0.81860,1.99994,-110.5573,232.1985,-44.9771
560620068,-2.00000,-2.00000,-0.54077,47.1374,250.1298,-15.0534,-0.31458,-0.79736,1.99994,-107.1298,225.6260,-43.6870
560621068,-1.28491,-2.00000,0.61438,-16.6947,250.1298,-7.0153,-0.31934,-0.77686,1.99994,-103.8779,218.8092,-42.3282
560622067,-0.96155,-2.00000,1.72388,-34.7176,250.1298,-6.8855,-0.32117,-0.75708,1.99994,-100.7405,211.7786,-40.9466
560623068,-1.90845,-2.00000,1.31592,-20.8931,250.1298,-12.6260,-0.32129,-0.73938,1.99994,-97.7405,204.6107,-39.5954
560624068,-1.76807,-2.00000,1.34460,-24.5267,250.1298,-21.4580,-0.32104,-0.72339,1.99994,-94.8473,197.3588,-38.2748
560625067,-0.95874,-1.03955,1.99994,-59.5649,250.1298,-23.3130,-0.31958,-0.70801,1.99994,-92.0534,189.9847,-36.9389
560626068,-0.57019,-0.65918,1.99994,-102.1450,250.1298,-8.3969,-0.31592,-0.69385,1.99994,-89.2901,182.4885,-35.5420
560627067,0.52869,-2.00000,1.99994,-108.4351,250.1298,7.7939,-0.31201,-0.68213,1.99994,-86.5954,174.9160,-34.1450
560628067,0.80261,-2.00000,1.99994,-46.3053,250.1298,-6.9618,-0.30737,-0.67212,1.99994,-83.9618,167.2824,-32.7481
560629064,0.13611,-2.00000,1.99994,41.1985,250.1298,-46.5954,-0.30139,-0.66235,1.99994,-81.4122,159.6412,-31.3206
560630069,0.31079,0.33960,1.99994,69.6870,250.1298,-69.8015,-0.29517,-0.65332,1.99994,-78.9313,151.9924,-29.8168
560631068,0.27441,1.79871,1.99994,68.1527,250.1298,-61.5878,-0.28784,-0.64539,1.99994,-76.5420,144.3053,-28.2824
560632067,-0.12085,0.60828,1.99994,120.2137,230.9466,-54.0305,-0.27966,-0.63770,1.99994,-74.2748,136.5954,-26.7023
560633067,-0.05872,-1.86194,1.99994,194.1450,204.4046,-60.8473,-0.27014,-0.62952,1.99994,-72.1374,128.9389,-25.0611
560634065,-1.02478,-2.00000,1.99994,215.1679,175.8779,-68.9313,-0.25916,-0.62109,1.99994,-70.1298,121.4733,-23.3435
560635069,-2.00000,-2.00000,-0.29761,172.7405,180.7710,-75.1908,-0.24683,-0.61292,1.99994,-68.2595,114.0153,-21.5649
560636068,-2.00000,-2.00000,-1.81689,100.1756,249.3664,-82.6641,-0.23389,-0.60474,1.99994,-66.4962,106.4809,-19.7634
560637068,-2.00000,-2.00000,-0.42932,51.2290,250.1298,-89.3053,-0.22107,-0.59778,1.99994,-64.8855,98.9771,-17.9466
560638068,-2.00000,-1.27197,0.48657,50.7023,250.1298,-80.4733,-0.20752,-0.59167,1.99994,-63.4885,91.5802,-16.1221
560639068,-1.20679,-2.00000,1.88562,10.1298,250.1298,-72.0153,-0.19238,-0.58533,1.99994,-62.2748,84.2977,-14.2901
560640068,-0.47546,-2.00000,1.99994,-44.1221,250.1298,-75.8702,-0.17578,-0.57947,1.99994,-61.2290,77.1527,-12.4580
560641067,-0.48987,-1.55347,1.99994,-84.0611,250.1298,-81.0000,-0.15820,-0.57434,1.99994,-60.2977,70.1374,-10.6336
560642067,0.07312,-0.66626,1.99994,-73.8626,250.1298,-87.1221,-0.14124,-0.56995,1.99994,-59.4427,63.2290,-8.8244
560643067,1.11877,0.48450,1.99994,-12.1221,250.1298,-95.7481,-0.12476,-0.56580,1.99994,-58.7023,56.4198,-7.0611
560644065,1.91553,1.37463,1.99994,30.9695,250.1298,-92.9237,-0.10803,-0.56262,1.99994,-58.1221,49.7328,-5.3511
560645065,1.99994,1.45361,1.99994,35.0840,250.1298,-78.3053,-0.09143,-0.56042,1.99994,-57.6718,43.1908,-3.7328
560646063,1.99994,0.53357,1.99994,48.9389,250.1298,-68.9237,-0.07410,-0.55872,1.99994,-57.2977,36.7863,-2.1908
560647066,1.99994,-0.58899,1.99994,61.5802,190.4885,-65.4733,-0.05652,-0.55664,1.99994,-56.9771,30.4809,-0.7252
560648065,1.45728,-1.15381,1.99994,49.9160,120.4962,-61.2366,-0.04016,-0.55432,1.99994,-56.7481,24.2824,0.6565
560649068,0.61475,-1.19946,1.99994,37.3893,72.1221,-56.1527,-0.02319,-0.55225,1.99994,-56.6031,18.2137,1.9237
560650068,0.07629,-0.95068,1.99994,18.3435,53.0000,-47.4809,-0.00574,-0.55164,1.99994,-56.5038,12.2595,3.0916
560651067,0.05505,-0.32129,1.99994,-27.2595,60.3588,-34.7863,0.01196,-0.55237,1.99994,-56.4427,6.4122,4.1374
560652067,-0.12183,0.42444,1.99994,-75.9466,76.5725,-20.8321,0.03113,-0.55432,1.99994,-56.4504,0.6641,5.0687
560653067,-0.54895,0.70947,1.99994,-101.3893,97.7710,-8.9008,0.05005,-0.55713,1.99994,-56.4885,-4.9542,5.9084
560654067,-0.17261,0.20093,1.99994,-101.9847,139.8015,-2.0305,0.06860,-0.56189,1.99994,-56.5115,-10.4198,6.6718
560655067,0.67517,-1.19263,1.99994,-80.4046,169.2901,-2.0763,0.08838,-0.56909,1.99994,-56.4962,-15.7252,7.3435
560656065,0.52539,-2.00000,1.99994,-49.6641,144.0992,-13.6641,0.10901,-0.57666,1.99994,-56.4504,-20.9008,7.9313
560657069,0.18359,-1.78394,1.99994,-6.4046,96.2748,-36.7481,0.12878,-0.58374,1.99994,-56.3511,-25.9466,8.4351
560658068,0.15063,-0.96375,1.99994,47.3511,47.1527,-60.7099,0.14856,-0.59131,1.99994,-56.2214,-30.8473,8.8855
560659068,0.12048,-0.54712,1.99994,83.2290,8.1679,-73.4580,0.16858,-0.59998,1.99994,-56.0305,-35.5649,9.3359
560660068,0.44788,-0.40967,1.99994,91.0000,-8.3969,-76.9160,0.18848,-0.60803,1.97632,-55.7405,-40.1145,9.7405
560661067,0.37720,-0.24878,1.99994,86.9466,-16.7557,-77.7252,0.20837,-0.61572,1.94202,-55.3359,-44.4580,10.1221
560662067,0.08972,-0.67236,1.99994,77.9618,-14.2443,-74.6565,0.22900,-0.62329,1.90747,-54.8473,-48.5649,10.4427
560663067,-0.28455,-1.54968,1.99994,54.4351,-3.6031,-68.2290,0.25000,-0.63062,1.87256,-54.2977,-52.4275,10.7099
560664067,-0.84729,-1.86987,1.16406,13.1221,11.7252,-60.3511,0.27014,-0.63818,1.83887,-53.6947,-56.0458,10.9389
560665068,-0.64441,-1.13867,1.19080,-30.0916,32.3359,-53.1298,0.28882,-0.64453,1.80566,-52.9924,-59.4122,11.1374
560666068,-0.40247,-0.03137,1.17517,-44.5344,31.0840,-47.3435,0.30713,-0.64954,1.77234,-52.2137,-62.5267,11.2901
560667067,-0.56653,0.44385,0.86926,-28.6947,14.3282,-42.6336,0.32678,-0.65442,1.74121,-51.3588,-65.3969,11.4275
560668067,-0.07812,0.52527,1.99994,-13.9618,23.7328,-39.0458,0.34717,-0.65991,1.71167,-50.4198,-68.0000,11.5496
560669067,0.65625,0.24573,1.99994,-35.9237,38.1374,-26.2290,0.36731,-0.66504,1.68225,-49.3511,-70.3206,11.6336
560670067,0.77576,-0.18066,1.99994,-90.5649,41.5038,-7.9618,0.38733,-0.67029,1.65283,-48.1603,-72.3664,11.6947
560671067,0.60632,0.16589,1.99994,-116.9313,37.8015,-3.0611,0.40649,-0.67566,1.62366,-46.8855,-74.1374,11.7099
560672067,0.86694,1.01941,1.99994,-81.0458,24.5420,-13.1450,0.42395,-0.67981,1.59534,-45.5496,-75.6031,11.6947
560673065,1.27014,1.27002,1.99994,-45.7710,-2.6718,-16.2901,0.44031,-0.68335,1.56946,-44.1527,-76.7863,11.6336
560674068,1.14368,0.72876,1.99994,-56.7405,-42.1145,-5.0840,0.45667,-0.68628,1.54443,-42.7099,-77.7099,11.5420
560675067,0.79089,0.27856,1.99994,-73.5344,-69.7863,2.8168,0.47314,-0.68933,1.51941,-41.1985,-78.3817,11.4275
560676068,0.78967,0.31360,1.99994,-63.5191,-79.2748,-1.2290,0.50146,-0.69592,1.46887,-38.0382,-78.8779,11.2214
560677068,0.84338,0.70386,1.99994,-41.7634,-87.5038,-8.9389,0.51501,-0.69910,1.44421,-36.4198,-78.7252,11.0687
560678068,0.52979,1.06458,1.99994,-25.0992,-99.2290,-9.5038,0.52832,-0.70129,1.42078,-34.7328,-78.3206,10.9008
560679067,0.25757,0.85193,1.90283,-23.7481,-100.2137,-0.7481,0.54028,-0.70276,1.39661,-32.9618,-77.6870,10.7328
560680067,0.31482,0.02710,1.99994,-45.0076,-85.6718,12.6489,0.55139,-0.70496,1.37097,-31.1527,-76.8015,10.5649
560681068,0.24939,-0.56616,1.99994,-82.3435,-77.3969,23.9389,0.56250,-0.70740,1.34412,-29.3282,-75.7023,10.3817
560682068,-0.06580,-0.00757,1.21558,-112.0076,-78.5038,28.0076,0.57373,-0.70911,1.31750,-27.4656,-74.4122,10.1756
560683067,-0.26733,1.02039,0.54077,-108.9771,-83.6641,28.0000,0.58423,-0.71191,1.29211,-25.5344,-72.9313,9.9695
560684068,0.03345,1.27063,1.23975,-98.1527,-84.1450,34.7176,0.59424,-0.71570,1.26587,-23.4962,-71.2748,9.7786
560685068,0.54443,0.79089,1.99994,-118.6947,-85.7863,52.2748,0.60339,-0.71973,1.23804,-21.3740,-69.4733,9.5802
560686068,0.47046,0.34216,1.98279,-151.9389,-96.1832,68.4809,0.61145,-0.72485,1.20984,-19.1832,-67.5191,9.3969
560687068,0.27075,0.13440,1.99994,-152.6489,-94.7176,70.9008,0.61975,-0.73022,1.18213,-16.9237,-65.4198,9.2061
560688068,0.34973,-0.10205,1.99994,-121.8550,-87.5725,64.1908,0.62793,-0.73523,1.15344,-14.6031,-63.2290,9.0076
560689068,0.41028,-0.53491,1.99994,-92.7634,-92.5878,58.3740,0.63574,-0.73962,1.12305,-12.2214,-60.9313,8.8321
560690067,0.13892,-0.92639,1.89990,-80.1832,-111.0916,53.3359,0.64319,-0.74365,1.09338,-9.7710,-58.4962,8.6565
560691068,-0.11108,-1.06177,1.20190,-73.2595,-126.5725,44.1756,0.65027,-0.74780,1.06421,-7.2595,-55.9389,8.5038
560692067,0.37476,-0.97302,1.99994,-74.6336,-126.7328,34.3435,0.65759,-0.75073,1.03430,-4.7023,-53.3053,8.3511
560693065,0.87268,-0.60083,1.99994,-90.5496,-133.9008,30.2901,0.66516,-0.75293,1.00415,-2.0916,-50.6031,8.1908
560694069,0.54529,-0.28040,1.99994,-98.5420,-152.6412,31.3206,0.67151,-0.75537,0.97302,0.5420,-47.8168,8.0305
560695068,0.10486,-0.73792,1.99994,-93.8244,-161.3740,37.2366,0.67627,-0.75659,0.94189,3.1985,-44.9389,7.9008
560696067,-0.09180,-1.67883,1.99994,-114.4580,-165.2519,49.3969,0.68091,-0.75623,0.91113,5.8473,-42.0076,7.7939
560697067,-0.40137,-1.88965,1.22168,-160.0305,-163.6412,59.3359,0.68518,-0.75537,0.88135,8.4962,-39.0611,7.7023
560698067,-0.41101,-0.85681,1.11719,-181.1985,-155.5725,57.6489,0.68896,-0.75391,0.85376,11.0916,-36.0916,7.5878
560699068,0.08057,0.62634,1.85815,-171.7481,-152.1756,53.8168,0.69116,-0.75146,0.82764,13.6031,-33.1069,7.4351
560700067,0.39282,1.28418,1.99994,-160.7176,-167.7939,61.7939,0.69055,-0.74792,0.80249,16.0458,-30.1145,7.2977
560701067,0.10193,0.75085,1.26709,-159.0153,-189.1527,76.6183,0.68909,-0.74341,0.77881,18.3969,-27.1374,7.1679
560702067,-0.14185,-0.32239,0.69763,-162.0534,-197.2595,84.8015,0.68726,-0.73840,0.75562,20.6031,-24.2443,7.0458
560703067,-0.05103,-0.93433,0.44836,-161.3969,-195.1450,79.3359,0.68506,-0.73206,0.73193,22.6641,-21.4733,6.8931
560704067,-0.13782,-0.53821,0.23242,-146.8397,-194.7176,64.9542,0.68237,-0.72388,0.70959,24.5496,-18.7786,6.7405
560705067,-0.29065,0.48059,-0.04407,-124.0305,-194.0000,53.9771,0.67859,-0.71533,0.68860,26.2595,-16.1832,6.5573
560706067,-0.39661,1.06531,-0.52100,-112.6641,-190.6107,56.2748,0.67419,-0.70801,0.66919,27.7863,-13.6794,6.3893
560707068,-0.64636,0.41321,-1.25281,-115.7786,-185.7405,67.9542,0.67090,-0.70105,0.65247,29.1298,-11.2977,6.1985
560708067,-0.77783,-0.76672,-1.48853,-115.4885,-174.0611,72.5573,0.66785,-0.69385,0.63525,30.2595,-9.0229,5.9847
560709067,-0.77283,-1.18005,-1.42590,-105.1298,-164.3664,64.3893,0.66382,-0.68738,0.61670,31.1908,-6.8855,5.7481
560710067,-0.95984,-0.83203,-2.00000,-97.9618,-164.3359,56.5878,0.65991,-0.68213,0.59814,31.9847,-4.9084,5.5038
560711067,-1.35046,-0.72253,-2.00000,-99.0534,-165.1298,59.0534,0.65564,-0.67773,0.57983,32.7023,-3.0611,5.2672
560712067,-1.51233,-1.12427,-2.00000,-98.9695,-149.1756,63.0916,0.65063,-0.67383,0.56250,33.3206,-1.3511,5.0000
560713068,-1.19116,-1.38013,-2.00000,-99.2290,-115.8855,60.4733,0.64514,-0.67163,0.54541,33.8321,0.2137,4.7252
560714068,-1.03735,-1.15869,-2.00000,-106.3817,-85.9924,54.6336,0.63965,-0.67053,0.52661,34.2366,1.6260,4.4351
560715068,-1.28210,-0.90283,-2.00000,-103.6336,-63.5954,48.1450,0.63464,-0.67004,0.50610,34.5496,2.8626,4.1527
560716067,-1.19641,-1.00598,-2.00000,-82.8855,-37.2901,38.8015,0.62903,-0.67041,0.48584,34.7634,3.9237,3.8702
560717068,-0.69336,-0.91602,-1.95837,-67.0305,-14.1603,28.4809,0.62280,-0.67151,0.46680,34.9542,4.7786,3.6183
560718067,-0.25061,0.09314,-1.06702,-60.7634,-3.8092,18.8168,0.61633,-0.67358,0.44800,35.1069,5.4580,3.3817
560719068,-0.03162,0.87695,-0.81018,-28.2977,-11.5420,12.8244,0.61011,-0.67615,0.42822,35.2214,5.9924,3.1832
560720068,-0.32788,-0.08569,-1.18909,39.1221,-40.3359,8.3282,0.60486,-0.67834,0.40820,35.3206,6.3817,3.0382
560721068,-0.45166,-1.93323,-1.22815,97.6107,-59.0840,-1.0763,0.59985,-0.68103,0.38843,35.3893,6.6107,2.9313
560722067,-0.13538,-2.00000,-0.88831,109.0382,-56.7939,-13.9618,0.59424,-0.68335,0.36841,35.4275,6.7023,2.8702
560723067,-0.48816,-1.71973,-1.03748,88.5802,-51.8473,-23.3053,0.58887,-0.68506,0.34802,35.4275,6.6183,2.8015
560724067,-0.69775,-0.90955,-1.29443,85.8321,-38.9466,-28.4427,0.58545,-0.68701,0.32825,35.3893,6.3969,2.7481
560725067,-0.45728,-1.01819,-1.04114,113.1679,-27.8626,-32.9466,0.58276,-0.68896,0.30994,35.3053,6.0840,2.7710
560726065,-0.68835,-1.77185,-1.25208,126.9466,-28.6183,-35.2061,0.57959,-0.69006,0.29248,35.1679,5.6565,2.8931
560727069,-0.80908,-2.00000,-1.75110,94.0611,-10.4198,-34.6031,0.57715,-0.68982,0.27612,34.9695,5.1221,3.0458
560728068,-0.76245,-2.00000,-1.61365,34.9160,19.6412,-33.0916,0.57568,-0.68872,0.26074,34.7023,4.5038,3.1985
560729068,-0.69055,-1.34180,-1.25562,-0.3817,40.2061,-33.7939,0.57495,-0.68750,0.24585,34.3588,3.8321,3.3282
560730068,-0.40613,-0.27222,-1.24792,10.7710,44.1298,-36.1145,0.57483,-0.68555,0.23157,33.9313,3.0534,3.4809
560731067,-0.54272,-0.00037,-1.95325,35.2595,28.7176,-31.8397,0.57520,-0.68335,0.21912,33.4046,2.1908,3.6794
560732067,-0.73242,0.09082,-1.73108,34.4046,33.4733,-23.1069,0.57458,-0.68152,0.20813,32.8092,1.2901,3.9084
560733068,-0.29163,0.72754,-0.31116,26.3282,55.9084,-18.0153,0.57361,-0.67896,0.19702,32.1527,0.3588,4.1374
560734067,0.11584,1.08081,0.25586,59.4885,64.5802,-21.2748,0.57373,-0.67651,0.18579,31.4122,-0.6260,4.3588
560735067,-0.17004,0.71619,-0.17871,132.9847,54.7481,-35.5344,0.57471,-0.67578,0.17456,30.5649,-1.6336,4.5878
560736068,-0.22253,0.08154,-0.58459,183.8550,52.0611,-49.3740,0.57544,-0.67529,0.16431,29.6031,-2.6794,4.8092
560737067,0.08667,-0.51636,-0.35693,181.9313,65.9924,-54.1908,0.57581,-0.67444,0.15515,28.5420,-3.7481,5.0305
560738067,-0.26453,-0.84656,-0.21191,164.9924,72.7786,-58.6870,0.57556,-0.67383,0.14514,27.4198,-4.8473,5.2443
560739067,-0.51440,-1.04053,-0.27051,184.3511,76.4427,-70.4885,0.57568,-0.67407,0.13464,26.2443,-5.9771,5.4504
560740067,-0.36670,-1.32324,0.23364,227.5496,74.5267,-84.8015,0.57593,-0.67505,0.12439,25.0763,-7.1145,5.6107
560741068,-0.13855,-1.64392,1.20483,228.7557,80.4962,-86.6260,0.57593,-0.67712,0.11353,23.8779,-8.2901,5.7328
560742067,0.42603,-1.43677,1.99994,156.1145,108.0076,-70.3740,0.57654,-0.67981,0.10315,22.6412,-9.4885,5.8321
560743067,0.88831,-0.50122,1.99994,74.5649,127.6565,-48.9466,0.57849,-0.68298,0.09338,21.3740,-10.6794,5.9160
560744067,1.03418,0.26978,1.99994,60.4351,124.0305,-39.1298,0.58081,-0.68567,0.08215,20.0992,-11.8244,5.9771
560745067,1.16235,0.18591,1.99994,97.8397,96.1221,-37.4809,0.58264,-0.68774,0.06970,18.8015,-12.9618,6.0076
560746068,1.16907,-0.49048,1.99994,117.0076,54.3435,-34.3359,0.58435,-0.68909,0.05811,17.5038,-14.1069,6.0076
560747067,0.92688,-0.85376,1.99994,100.5954,17.6260,-31.3359,0.58582,-0.69019,0.04932,16.2061,-15.2672,5.9771
560748067,0.88721,-0.54211,1.99994,88.9771,-2.4122,-34.8015,0.58826,-0.69165,0.04260,14.9237,-16.4122,5.9160
560749065,1.10107,0.18274,1.99994,113.1145,-17.3664,-45.6107,0.59167,-0.69360,0.03687,13.6641,-17.5191,5.8473
560750065,1.11182,0.73169,1.99994,152.1679,-33.3588,-54.2214,0.59546,-0.69775,0.03247,12.4046,-18.5725,5.8015
560751065,0.71094,0.64514,1.99994,166.3359,-41.1908,-51.7176,0.59888,-0.70239,0.02844,11.1527,-19.6031,5.7252
560752068,0.07947,0.15479,1.02185,146.0305,-37.8244,-40.9237,0.60303,-0.70605,0.02283,9.9084,-20.5878,5.6260
560753068,-0.22278,-0.38623,0.36304,119.1221,-22.1221,-31.9313,0.60791,-0.70947,0.01660,8.6947,-21.5344,5.5191
560754067,-0.21497,-0.59912,0.67664,105.4427,-9.3206,-29.0153,0.61169,-0.71326,0.01172,7.5191,-22.4122,5.3511
560755067,-0.06287,-0.33557,1.09204,93.4198,-2.5267,-25.2672,0.61609,-0.71765,0.00671,6.3893,-23.2443,5.1450
560756065,0.17908,0.06641,1.16089,73.9695,2.0000,-15.3893,0.62085,-0.72290,0.00232,5.3130,-23.9695,4.9389
560757069,0.27942,0.24902,1.20789,59.8473,4.3740,-3.9466,0.62463,-0.72827,-0.00220,4.3130,-24.6183,4.7557
560758068,0.47876,0.14929,1.59656,59.5344,6.6641,2.8244,0.62720,-0.73450,-0.00879,3.3969,-25.2137,4.5878
560759068,0.65759,0.04126,1.75818,67.0076,-0.4885,3.4580,0.62976,-0.74170,-0.01489,2.5649,-25.7481,4.4198
560760068,0.47876,0.03088,1.42883,75.6260,-17.1908,1.1603,0.63208,-0.74866,-0.02002,1.8015,-26.2290,4.1908
560761068,0.35168,-0.07629,1.30237,87.0076,-31.5573,-1.8550,0.63464,-0.75574,-0.02551,1.0916,-26.6794,3.9847
560762067,0.44458,-0.33655,1.53040,100.8779,-41.7634,-5.6794,0.63708,-0.76257,-0.03235,0.4351,-27.0992,3.7939
560763067,0.43799,-0.60510,1.54126,111.3435,-51.8779,-9.6336,0.63855,-0.76868,-0.04077,-0.1908,-27.4656,3.6336
560764067,0.30725,-0.72461,1.28088,113.0687,-56.8092,-11.7099,0.63953,-0.77417,-0.04834,-0.7557,-27.8092,3.4809
560765067,0.17151,-0.63574,0.99805,101.4885,-54.4809,-9.6870,0.64136,-0.77917,-0.05542,-1.2901,-28.1450,3.3435
560766068,0.12085,-0.38611,0.75488,78.0611,-47.1450,-3.3359,0.64282,-0.78406,-0.06177,-1.8626,-28.4504,3.2595
560767067,0.11609,-0.12268,0.69153,59.0382,-41.4351,4.3206,0.64294,-0.78979,-0.06836,-2.4656,-28.7328,3.1527
560768067,0.19312,-0.12976,1.03479,51.5038,-42.1527,17.5344,0.64307,-0.79602,-0.07654,-3.0458,-28.9771,3.0153
560769067,0.11633,-0.14429,1.04968,42.5115,-46.6565,23.9618,0.64441,-0.80029,-0.08386,-3.5802,-29.2061,2.8473
560770068,0.27649,0.03015,1.04004,37.5191,-46.4733,27.6031,0.64722,-0.80261,-0.08984,-4.0992,-29.4580,2.7099
560771068,0.62207,0.17969,1.45117,43.7099,-46.0992,29.2290,0.65112,-0.80542,-0.09570,-4.5878,-29.6489,2.6031
560772068,0.71582,-0.04370,1.75549,55.1298,-56.2290,32.3282,0.65503,-0.80823,-0.10095,-5.0916,-29.7634,2.4962
560773068,0.69543,-0.64258,1.32520,61.7252,-72.2824,37.0153,0.65857,-0.81116,-0.10486,-5.6107,-29.8244,2.3435
560774068,0.51819,-1.06702,0.47913,59.6870,-91.8473,39.4733,0.66113,-0.81384,-0.10754,-6.1221,-29.8397,2.1527
560775068,0.28369,-0.96997,0.02319,54.4656,-105.7557,37.5038,0.66357,-0.81665,-0.10852,-6.5878,-29.7786,1.9313
560776068,0.19519,-0.78015,0.05347,40.4046,-111.8092,40.0992,0.67017,-0.82446,-0.10718,-7.4809,-29.5038,1.3511
560777068,-0.06079,-1.01404,-0.21497,4.8244,-118.6183,54.0229,0.67432,-0.82788,-0.10742,-7.9237,-29.2443,1.0000
560778068,-0.34265,-1.36487,-0.64050,-35.2824,-115.1527,68.4885,0.67834,-0.83118,-0.10645,-8.3359,-28.9313,0.6412
560779068,-0.32263,-1.17798,-0.53015,-48.3511,-94.2519,70.1450,0.68298,-0.83594,-0.10437,-8.6947,-28.5420,0.2443
560780068,-0.17102,-0.62842,-0.16589,-46.5115,-71.2595,68.5802,0.68884,-0.84241,-0.10168,-8.9847,-28.0305,-0.1908
560781067,0.04602,-0.57043,-0.09497,-55.6641,-55.2519,76.9695,0.69519,-0.84973,-0.09814,-9.1985,-27.3664,-0.6794
560782068,0.16895,-1.18726,-0.59839,-69.1908,-53.5573,88.3053,0.70129,-0.85742,-0.09363,-9.3435,-26.5954,-1.2214
560783067,-0.00159,-1.75195,-1.25928,-67.2901,-64.1756,88.6260,0.70605,-0.86523,-0.08972,-9.3740,-25.7023,-1.8092
560784067,-0.23364,-1.78601,-1.45093,-46.8855,-79.3893,76.4885,0.70996,-0.87427,-0.08655,-9.2672,-24.7023,-2.3893
560785067,-0.34668,-1.45776,-1.22473,-26.5420,-92.5725,64.0687,0.71362,-0.88379,-0.08313,-9.0305,-23.5878,-2.9618
560786067,-0.35046,-1.14990,-0.77380,-26.0382,-98.2519,62.5878,0.71570,-0.89319,-0.08093,-8.6718,-22.3511,-3.5267
560787067,-0.25427,-1.14600,-0.51367,-42.2595,-95.1527,69.4733,0.71765,-0.90247,-0.08020,-8.1756,-21.0153,-4.0840
560788067,-0.13660,-1.58130,-0.53528,-56.7023,-82.4427,75.3282,0.72034,-0.91174,-0.08154,-7.5267,-19.6031,-4.6489
560789067,-0.16931,-2.00000,-0.67090,-59.7786,-68.7863,74.6489,0.72253,-0.92163,-0.08398,-6.7405,-18.0840,-5.2214
560790067,-0.35583,-2.00000,-1.11865,-58.9084,-61.9466,70.4504,0.72461,-0.93127,-0.08716,-5.8397,-16.4656,-5.7634
560791067,-0.62183,-2.00000,-1.99915,-64.1985,-66.2443,68.2748,0.72607,-0.94043,-0.09131,-4.8626,-14.8092,-6.2214
560792067,-0.85071,-2.00000,-2.00000,-69.3435,-75.4275,67.7481,0.72717,-0.94861,-0.09509,-3.7710,-13.0611,-6.6870
560793068,-0.81055,-2.00000,-2.00000,-60.8855,-82.1756,64.3282,0.72864,-0.95422,-0.09839,-2.5649,-11.2290,-7.1527
560794068,-0.60498,-2.00000,-1.67737,-45.5573,-86.3817,57.9313,0.72986,-0.95825,-0.10181,-1.2824,-9.3740,-7.5954
560795068,-0.55017,-2.00000,-1.59253,-38.6489,-88.5954,52.2061,0.72925,-0.96155,-0.10522,0.0840,-7.4885,-7.9924
560796068,-0.65771,-2.00000,-2.00000,-38.5649,-82.7099,48.4733,0.72754,-0.96411,-0.10889,1.5191,-5.5649,-8.3511
560797068,-0.86499,-2.00000,-2.00000,-38.7252,-70.6489,45.9542,0.72571,-0.96582,-0.11365,3.0076,-3.5954,-8.6489
560798068,-1.13025,-2.00000,-2.00000,-37.3359,-57.6336,40.6260,0.72388,-0.96655,-0.11841,4.4885,-1.6107,-8.8779
560799068,-1.26013,-2.00000,-2.00000,-33.7252,-43.9771,30.1908,0.72217,-0.96631,-0.12195,5.9695,0.3893,-9.0916
560800068,-1.21094,-2.00000,-2.00000,-32.6336,-29.6641,20.1527,0.71985,-0.96497,-0.12439,7.4351,2.4046,-9.2977
560801068,-0.99390,-1.59619,-2.00000,-38.4504,-11.5573,16.8550,0.71729,-0.96191,-0.12646,8.8473,4.4427,-9.4962
560802068,-0.70007,-1.54138,-2.00000,-44.8244,6.3359,19.2366,0.71484,-0.95776,-0.12964,10.1985,6.4885,-9.6718
560803068,-0.45251,-1.59058,-1.66711,-47.3664,20.6489,22.7328,0.71143,-0.95093,-0.13464,11.5267,8.5573,-9.8092
560804067,-0.26843,-1.47620,-1.45349,-49.9847,29.1908,26.2595,0.70642,-0.94800,-0.13586,12.8321,10.7023,-9.7557
560805067,-0.16589,-1.30994,-1.35022,-53.1679,30.2443,30.7176,0.70056,-0.94373,-0.13525,14.0382,12.7863,-9.7099
560806068,-0.10583,-1.32532,-1.20947,-52.3053,22.1985,35.7023,0.69434,-0.93750,-0.13403,15.0611,14.8702,-9.6489
560807068,-0.06665,-1.74707,-1.54285,-46.5496,0.0458,40.2366,0.68787,-0.93604,-0.13074,15.9389,16.8779,-9.6107
560808068,-0.22278,-2.00000,-2.00000,-38.6565,-26.7176,38.9160,0.67981,-0.92712,-0.12903,16.6718,18.7710,-9.7328
560809068,-0.45789,-2.00000,-2.00000,-29.8092,-37.0076,28.5267,0.67041,-0.91736,-0.12634,17.2290,20.6183,-9.7099
560810068,-0.46802,-2.00000,-1.39600,-26.3969,-26.8397,16.5344,0.66187,-0.91235,-0.12268,17.6412,22.3817,-9.6183
560811067,-0.59705,-1.88171,-1.41724,-33.4504,-13.5496,10.9695,0.65344,-0.90454,-0.11963,17.9160,24.0458,-9.6183
560812067,-0.99109,-1.92065,-2.00000,-36.7786,0.2977,6.1298,0.64502,-0.89783,-0.11560,18.0611,25.6183,-9.5878
560813068,-1.17017,-1.85754,-2.00000,-26.1603,24.5344,-3.6794,0.63770,-0.89380,-0.10901,18.0611,27.0992,-9.5420
560814068,-1.01794,-1.78845,-2.00000,-19.6947,50.7939,-11.2977,0.63013,-0.88745,-0.10291,17.9237,28.4733,-9.5420
560815068,-0.77063,-1.69849,-2.00000,-27.2824,69.5115,-12.7786,0.62170,-0.88184,-0.09802,17.6565,29.7252,-9.4809
560816068,-0.59900,-1.27637,-1.34204,-30.7099,78.8855,-12.4351,0.61328,-0.87769,-0.09229,17.2901,30.8473,-9.4046
560817068,-0.38354,-0.67981,-0.50830,-22.5038,81.1374,-10.8473,0.60559,-0.87256,-0.08691,16.8244,31.8473,-9.3817
560818067,-0.07642,-0.45154,0.01965,-18.6336,78.9160,-4.2519,0.59937,-0.86926,-0.08167,16.2748,32.7252,-9.3511
560819068,-0.04797,-0.64636,0.11719,-22.4275,69.4504,4.6641,0.59497,-0.86768,-0.07605,15.7023,33.4656,-9.3130
560820067,-0.12842,-0.74280,0.16541,-22.3893,57.8473,9.0458,0.59155,-0.86584,-0.07019,15.1374,34.1069,-9.2901
560821067,0.00024,-0.60120,0.49805,-17.7023,47.7405,9.0229,0.58813,-0.86523,-0.06396,14.5573,34.6412,-9.2748
560822068,0.09058,-0.52173,0.90381,-9.6412,37.1527,7.0763,0.58411,-0.86560,-0.05859,14.0000,35.0687,-9.2519
560823067,0.10620,-0.56750,1.27783,3.5115,30.8779,3.1908,0.58044,-0.86633,-0.05396,13.5191,35.4275,-9.2214
560824068,0.16724,-0.64783,1.37988,13.3893,26.7634,-0.2901,0.57703,-0.86804,-0.04871,13.0992,35.6870,-9.1908
560825067,0.15881,-0.72290,1.08887,16.0458,22.3206,-2.4962,0.57373,-0.87000,-0.04187,12.7023,35.8397,-9.1985
560826067,0.07031,-0.77808,0.80774,22.8473,17.7634,-5.8702,0.57092,-0.87134,-0.03540,12.3664,35.9008,-9.2290
560827067,0.09961,-0.79175,0.82532,37.9542,12.5573,-10.5115,0.56824,-0.87317,-0.03003,12.1069,35.9160,-9.2595
560828067,0.17737,-0.78271,0.95862,49.0840,3.2443,-11.9313,0.56543,-0.87622,-0.02417,11.9160,35.8931,-9.2672
560829067,0.09192,-0.79285,0.80713,49.6718,-9.8397,-8.3130,0.56458,-0.88147,-0.01831,11.8092,35.8397,-9.2824
560830067,-0.05530,-0.86816,0.53418,45.4962,-18.5115,-2.9466,0.56372,-0.88586,-0.01086,11.8092,35.8168,-9.5115
560831068,-0.13831,-1.13843,0.37646,41.4122,-21.5115,1.1756,0.56079,-0.88611,-0.00232,11.9084,35.7176,-9.8015
560832068,-0.26782,-1.41443,0.28711,33.0076,-21.7099,3.3282,0.55713,-0.88513,0.00671,12.0153,35.4656,-9.8702
560833068,-0.39807,-1.30664,0.16370,19.7939,-19.1298,3.7481,0.55261,-0.88501,0.01587,12.1069,35.0916,-9.5725
560834068,-0.45642,-0.90515,-0.05371,11.0382,-14.0687,2.4962,0.54846,-0.88538,0.02429,12.2214,34.6412,-9.0534
560835067,-0.55359,-0.73279,-0.22534,9.9924,-9.9313,1.8244,0.54553,-0.88525,0.03271,12.3359,34.1679,-8.4809
560836067,-0.55615,-0.94116,-0.17468,9.7786,-5.8702,2.7405,0.54199,-0.88477,0.04114,12.4580,33.7176,-7.8931
560837068,-0.43762,-1.13147,0.00354,3.4046,-1.7557,4.2595,0.53711,-0.88330,0.05103,12.5802,33.2443,-7.3206
560838068,-0.38733,-1.03943,-0.05408,-7.8931,-0.0305,5.9084,0.53198,-0.88110,0.06079,12.6565,32.6794,-6.7863
560839068,-0.35974,-0.72437,-0.12708,-13.7710,1.4885,7.2443,0.52734,-0.87891,0.06946,12.6489,32.0382,-6.2748
560840067,-0.28491,-0.51160,-0.03577,-8.7023,-0.3206,9.7557,0.52307,-0.87573,0.07849,12.6107,31.3282,-5.8092
560841065,-0.24939,-0.63757,-0.01599,-4.4122,-5.4962,15.1985,0.51831,-0.87073,0.08740,12.5344,30.5496,-5.4046
560842069,-0.30859,-0.94043,-0.14624,-9.1985,-10.4275,21.0153,0.51379,-0.86572,0.09570,12.3893,29.6565,-4.9924
560843068,-0.40308,-1.10767,-0.27380,-13.0916,-10.6412,21.8244,0.50916,-0.86182,0.10425,12.1527,28.6489,-4.5954
560844068,-0.47473,-1.07092,-0.25806,-8.1985,-8.0687,17.4275,0.50403,-0.85742,0.11462,11.8626,27.5878,-4.2137
560845068,-0.52698,-1.02649,-0.28528,0.7710,-6.3817,12.0153,0.49829,-0.85144,0.12500,11.4962,26.4885,-3.8626
560846067,-0.58228,-1.07715,-0.44226,7.3817,-4.0611,7.8244,0.49280,-0.84546,0.13428,11.0458,25.2977,-3.5420
560847067,-0.62512,-1.14343,-0.55518,8.7634,1.3435,4.4733,0.48816,-0.83997,0.14343,10.5115,24.0076,-3.2672
560848067,-0.59839,-1.11780,-0.42700,6.8321,9.1450,1.6565,0.48438,-0.83447,0.15283,9.8626,22.6260,-2.9924
560849067,-0.51868,-1.04272,-0.21594,6.3817,14.5267,0.3740,0.48145,-0.82959,0.16321,9.1221,21.1450,-2.7176
560850068,-0.43262,-0.99194,-0.11206,7.6031,16.1527,1.3817,0.47827,-0.82495,0.17395,8.2977,19.6260,-2.4809
560851067,-0.35193,-0.95984,-0.03833,6.5420,15.9618,4.4351,0.47510,-0.81982,0.18384,7.4122,18.0534,-2.2824
560852068,-0.28589,-0.93665,0.04834,2.3435,14.9847,8.3740,0.47192,-0.81580,0.19360,6.4733,16.4351,-2.1374
560853068,-0.23108,-0.89185,0.13489,-0.9695,12.6031,11.5420,0.46912,-0.81311,0.20190,5.5115,14.7481,-1.9771
560854068,-0.21606,-0.88611,0.18555,1.0305,7.7939,12.9924,0.46716,-0.81067,0.20813,4.5115,13.0153,-1.8168
560855068,-0.25903,-1.02576,0.17065,8.1069,2.2137,12.3969,0.46533,-0.80908,0.21448,3.5038,11.2519,-1.6641
560856068,-0.33008,-1.23523,0.13452,15.4046,-1.2977,9.7252,0.46472,-0.80847,0.22095,2.5038,9.4656,-1.5573
560857068,-0.39380,-1.39062,0.12695,19.9313,-1.5344,5.7328,0.46436,-0.80957,0.22778,1.5267,7.6718,-1.4580
560858068,-0.43103,-1.48389,0.13196,21.0000,0.6718,1.9542,0.46448,-0.81177,0.23499,0.5802,5.8626,-1.3588
560859067,-0.43396,-1.49048,0.16553,17.4351,4.7023,-0.3740,0.46582,-0.81396,0.24109,-0.2748,4.0611,-1.2748
560860068,-0.38489,-1.35913,0.21338,11.6947,9.1985,-1.4962,0.46790,-0.81689,0.24719,-1.0534,2.2824,-1.1832
560861067,-0.33337,-1.16663,0.24011,8.5267,11.8779,-1.7405,0.47021,-0.82129,0.25354,-1.7939,0.4885,-1.0305
560862068,-0.30554,-1.05688,0.26721,6.7481,11.0000,-0.2901,0.47168,-0.82642,0.25842,-2.4656,-1.2977,-0.8321
560863068,-0.25696,-1.10449,0.33313,2.6870,7.7939,3.2672,0.47327,-0.83154,0.26294,-3.0534,-3.0687,-0.6489
560864067,-0.22644,-1.27136,0.37817,-3.1908,2.8702,7.0458,0.47656,-0.83801,0.26697,-3.5115,-4.7786,-0.4656
560865067,-0.22302,-1.37427,0.39026,-7.0458,-1.7328,8.3130,0.48108,-0.84558,0.26941,-3.8550,-6.4656,-0.2901
560866067,-0.22510,-1.27954,0.42944,-5.7481,-5.3053,6.7176,0.48535,-0.85229,0.27087,-4.0916,-8.1069,-0.0992
560867068,-0.23804,-1.08704,0.43787,-0.7023,-7.6794,4.5115,0.48865,-0.85840,0.27124,-4.2214,-9.6870,0.0840
560868067,-0.26990,-1.00696,0.39709,2.2824,-8.4198,4.1756,0.49219,-0.86426,0.27039,-4.2443,-11.2443,0.2824
560869067,-0.31152,-1.11914,0.33569,1.4809,-7.6565,5.2137,0.49585,-0.86926,0.26917,-4.1679,-12.7710,0.4962
560870068,-0.33203,-1.31116,0.29993,0.0000,-6.2290,5.2214,0.49915,-0.87390,0.26733,-4.0305,-14.2366,0.7099
560871068,-0.33350,-1.42444,0.29529,-0.2672,-6.0076,3.3817,0.50269,-0.87683,0.26489,-3.8473,-15.6183,0.9389
560872067,-0.32031,-1.38611,0.29321,0.0992,-7.2443,0.8550,0.50720,-0.87744,0.26294,-3.6107,-16.9237,1.1832
560873068,-0.31702,-1.25208,0.25049,-0.9695,-10.0153,-0.4656,0.51221,-0.87683,0.26025,-3.3206,-18.1908,1.4580
560874068,-0.31213,-1.12903,0.20654,-4.4962,-12.8931,0.1985,0.51709,-0.87537,0.25854,-3.0000,-19.4122,1.7099
560875067,-0.30176,-1.08826,0.22156,-7.4580,-15.2672,1.6870,0.52161,-0.87268,0.25854,-2.6641,-20.5725,1.9389
560876068,-0.30994,-1.13721,0.24023,-7.0840,-17.0305,2.4809,0.52930,-0.86316,0.25806,-2.1527,-22.6031,2.2824
560877067,-0.32507,-1.19971,0.22229,-4.9618,-17.6870,2.2519,0.53394,-0.85815,0.25793,-1.9924,-23.4733,2.4198
560878067,-0.35413,-1.19763,0.16406,-3.8015,-17.4656,1.6489,0.53894,-0.85168,0.25940,-1.8626,-24.2443,2.5344
560879067,-0.38147,-1.13574,0.09229,-4.4046,-16.2748,1.4427,0.54370,-0.84509,0.26196,-1.7557,-24.9389,2.6260
560880067,-0.39404,-1.07861,0.05359,-6.1756,-14.9084,1.9008,0.54858,-0.83923,0.26526,-1.7481,-25.5496,2.6641
560881068,-0.39966,-1.08362,0.05640,-6.8092,-14.1832,2.3511,0.55420,-0.83350,0.26929,-1.8244,-26.0611,2.6260
560882068,-0.39990,-1.14209,0.06384,-5.4046,-14.3588,2.0153,0.55945,-0.82727,0.27417,-1.9542,-26.4656,2.5420
560883067,-0.40576,-1.19495,0.05725,-4.3282,-15.1221,1.1527,0.56372,-0.82141,0.28113,-2.1298,-26.7634,2.4580
560884067,-0.40833,-1.20972,0.05261,-5.2901,-15.7023,0.4427,0.56848,-0.81616,0.28967,-2.3817,-26.9771,2.3435
560885067,-0.39783,-1.20605,0.07324,-7.0534,-15.9771,0.0687,0.57349,-0.81104,0.29761,-2.7328,-27.0916,2.1756
560886068,-0.38159,-1.20325,0.11987,-7.6031,-16.2824,-0.3969,0.57703,-0.80652,0.30615,-3.1298,-27.0916,1.9542
560887068,-0.36243,-1.19263,0.15906,-6.1985,-16.3893,-1.3740,0.57983,-0.80310,0.31592,-3.5420,-26.9466,1.7023
560888067,-0.35876,-1.15576,0.15088,-4.3893,-16.3740,-2.5038,0.58325,-0.80066,0.32581,-3.9618,-26.6870,1.4198
560889068,-0.37134,-1.11255,0.11792,-4.2290,-16.1603,-2.9237,0.58691,-0.79932,0.33813,-4.3664,-26.3206,1.1069
560890067,-0.37415,-1.12268,0.10120,-5.3511,-16.0611,-2.3969,0.59119,-0.79834,0.35303,-4.7786,-25.8473,0.7557
560891067,-0.37463,-1.17993,0.09424,-6.4809,-16.7786,-1.6718,0.59546,-0.79797,0.36902,-5.1985,-25.3359,0.3664
560892067,-0.37830,-1.21143,0.08862,-7.4733,-18.0153,-1.3740,0.59949,-0.79761,0.38611,-5.5344,-24.7481,-0.0534
560893067,-0.38208,-1.18579,0.07751,-8.7252,-19.1756,-1.2901,0.60425,-0.79797,0.40234,-5.8015,-24.0992,-0.4733
560894067,-0.38782,-1.14038,0.06067,-10.8397,-19.9618,-0.7786,0.60913,-0.80029,0.41797,-5.9695,-23.3740,-0.8779
560895067,-0.39124,-1.11670,0.04626,-13.4656,-20.3282,0.1527,0.61353,-0.80396,0.43420,-6.0534,-22.5573,-1.2901
560896067,-0.39880,-1.12964,0.02124,-14.8779,-20.6183,0.6870,0.61804,-0.80786,0.45068,-6.0611,-21.6260,-1.7176
560897067,-0.41248,-1.16882,-0.02319,-14.1603,-20.9695,0.2137,0.62219,-0.81152,0.46777,-5.9924,-20.6107,-2.1603
560898068,-0.42822,-1.19897,-0.07800,-12.1756,-21.4122,-1.1298,0.62634,-0.81421,0.48376,-5.8321,-19.5420,-2.5725
560899067,-0.46436,-1.14111,-0.22412,-9.2672,-22.3130,-4.1603,0.63025,-0.81628,0.49951,-5.5496,-18.4275,-2.9618
560900067,-0.47144,-1.06860,-0.25146,-8.8931,-21.7176,-5.0000,0.63379,-0.81775,0.51672,-5.1679,-17.2443,-3.3282
560901067,-0.47522,-1.02344,-0.25684,-8.9160,-20.3359,-5.0916,0.63672,-0.81763,0.53357,-4.7405,-15.9771,-3.6870
560902067,-0.47534,-1.02930,-0.26575,-9.5115,-18.3588,-4.5191,0.63940,-0.81616,0.55078,-4.2748,-14.6412,-4.0382
560903067,-0.47681,-1.05884,-0.28955,-10.7557,-16.0992,-3.7405,0.64221,-0.81531,0.56921,-3.7405,-13.2366,-4.3817
560904065,-0.47510,-1.06995,-0.30896,-12.3969,-13.7634,-3.1145,0.64417,-0.81372,0.58838,-3.1679,-11.7939,-4.6947
560905064,-0.46924,-1.05225,-0.29138,-13.9237,-11.9695,-2.7099,0.64575,-0.81067,0.60754,-2.5649,-10.3130,-5.0076
560906065,-0.45557,-1.03699,-0.22717,-14.6489,-10.8550,-2.3740,0.64746,-0.80713,0.62671,-1.9389,-8.8015,-5.3435
560907069,-0.43066,-1.05176,-0.16406,-14.5496,-10.6260,-2.1985,0.64832,-0.80347,0.64734,-1.2901,-7.2748,-5.6718
560908068,-0.40869,-1.06079,-0.12024,-14.0916,-10.7939,-2.5573,0.64832,-0.79993,0.66956,-0.6565,-5.7481,-5.9771
560909068,-0.38611,-1.03516,-0.07739,-13.5115,-10.9008,-3.3740,0.64771,-0.79590,0.69202,-0.0153,-4.1985,-6.2366
560910067,-0.36218,-0.99512,-0.04895,-13.6641,-11.2748,-3.8855,0.64551,-0.79163,0.71399,0.6336,-2.6794,-6.4885
560911067,-0.34692,-0.97729,-0.04834,-15.0000,-12.2366,-3.5878,0.64148,-0.78748,0.73572,1.3053,-1.2137,-6.7405
560912067,-0.34644,-0.98865,-0.06567,-16.2061,-13.5878,-3.0000,0.63660,-0.78308,0.75769,1.9618,0.1908,-7.0000
560913067,-0.35938,-1.00684,-0.09216,-16.4504,-15.0229,-2.6183,0.63074,-0.77795,0.77991,2.6183,1.5191,-7.2061
560914067,-0.38306,-1.01624,-0.14062,-16.4656,-16.3511,-2.3435,0.62427,-0.77246,0.80151,3.2214,2.7481,-7.3817
560915064,-0.42029,-1.02026,-0.20361,-16.6565,-17.2290,-1.9618,0.61816,-0.76624,0.82373,3.7939,3.8855,-7.5344
560916069,-0.45203,-1.03003,-0.24561,-16.7328,-17.0382,-1.6565,0.61230,-0.75940,0.84802,4.3435,4.9160,-7.6718
560917068,-0.46558,-1.02893,-0.25867,-16.6870,-15.7557,-1.7481,0.60571,-0.75220,0.87402,4.8397,5.8397,-7.8321
560918067,-0.47827,-1.01038,-0.27930,-16.4122,-14.0534,-2.2137,0.59827,-0.74451,0.90308,5.2519,6.6489,-8.0229
560919067,-0.49207,-1.00024,-0.30774,-15.5802,-12.2901,-2.8168,0.59009,-0.73767,0.93323,5.5878,7.3435,-8.2290
560920067,-0.49915,-1.02393,-0.33374,-14.6565,-10.8321,-3.3282,0.58203,-0.73096,0.96375,5.8550,7.9313,-8.4427
560921065,-0.49951,-1.06604,-0.35022,-14.4656,-9.5802,-3.7863,0.57385,-0.72363,0.99585,6.0763,8.4046,-8.6718
560922065,-0.49084,-1.07825,-0.33704,-14.7939,-8.4504,-4.3817,0.56458,-0.71741,1.03015,6.2519,8.7481,-8.9160
560923069,-0.47070,-1.05017,-0.30127,-14.8473,-7.4046,-4.9771,0.55554,-0.71265,1.06689,6.4046,8.9695,-9.1908
560924068,-0.44971,-1.00757,-0.27063,-14.4733,-6.5115,-5.2977,0.54639,-0.70703,1.10474,6.5267,9.0687,-9.5191
560925067,-0.43689,-0.97595,-0.26013,-13.7863,-5.8092,-5.2977,0.53638,-0.70251,1.14172,6.5954,9.0229,-9.9313
560926067,-0.42212,-0.96057,-0.24390,-12.9084,-5.0076,-5.2824,0.52588,-0.69946,1.17920,6.6489,8.8244,-10.3969
560927067,-0.40588,-0.95044,-0.21545,-12.0840,-4.3588,-5.3969,0.51636,-0.69653,1.21802,6.7023,8.4885,-10.8626
560928065,-0.40137,-0.94141,-0.20410,-11.1908,-4.2977,-5.6489,0.50793,-0.69397,1.25732,6.7252,8.0000,-11.3435
560929069,-0.40735,-0.93372,-0.21594,-9.7099,-4.6947,-6.0687,0.49890,-0.69250,1.29602,6.7634,7.3435,-11.8168
560930067,-0.41345,-0.92957,-0.22571,-7.9771,-5.1298,-6.5573,0.48804,-0.69238,1.33398,6.8702,6.5191,-12.3206
560931067,-0.41736,-0.94031,-0.21143,-7.0382,-5.1985,-6.7557,0.47717,-0.69299,1.37195,7.0687,5.5496,-12.8473
560932067,-0.44763,-0.97095,-0.18506,-7.5573,-5.1450,-6.4504,0.46741,-0.69421,1.40942,7.3511,4.4580,-13.3664
560933067,-0.55444,-0.93005,-0.51868,-9.8321,-7.4809,-5.7863,0.45837,-0.69666,1.44604,7.7023,3.2366,-13.8702
560934067,-0.82117,-0.50024,-1.72559,-14.7099,-16.7863,-5.0840,0.45032,-0.70081,1.48303,8.1832,1.9237,-14.3817
560935065,-0.94775,0.07861,-2.00000,-22.0840,-19.1679,0.0229,0.44141,-0.70569,1.52075,8.7939,0.5115,-14.9084
560936065,-0.78467,-0.28516,-2.00000,-29.6412,-2.6031,13.8550,0.43127,-0.71204,1.55725,9.5496,-1.0000,-15.4275
560937069,-1.06128,-1.64819,-0.66956,-38.8015,15.8931,29.1069,0.42065,-0.71973,1.59277,10.4580,-2.6489,-15.9313
560938068,-1.27673,-2.00000,-0.54480,-46.5573,39.3282,35.3817,0.41064,-0.72803,1.62891,11.5420,-4.3893,-16.3588
560939068,-1.18542,-2.00000,-1.43567,-44.0229,68.9160,26.5191,0.40112,-0.73669,1.66455,12.8015,-6.2137,-16.7176
560940068,-1.36597,-1.70398,-1.76208,-35.3588,93.4656,12.5038,0.39075,-0.74536,1.69800,14.2519,-8.1145,-17.0458
560941067,-0.63538,-0.88916,-1.59033,-36.0916,118.7405,8.3893,0.37878,-0.75427,1.73083,15.9008,-10.1221,-17.3282
560942067,-0.01892,-1.54041,-1.66431,-48.6870,111.7023,16.8092,0.36670,-0.76245,1.76318,17.7710,-12.1756,-17.5420
560943067,-0.76770,-2.00000,-1.18665,-51.1374,82.9466,19.0840,0.35437,-0.77087,1.79529,19.8244,-14.2824,-17.6794
560944067,-0.45325,-2.00000,0.49902,-33.0153,90.4885,0.4580,0.34119,-0.78027,1.82788,22.0611,-16.4580,-17.7481
560945067,0.16614,-2.00000,1.11755,-24.6794,99.7557,-25.4198,0.32703,-0.78870,1.86121,24.5038,-18.7252,-17.7710
560946067,-0.52051,-2.00000,-0.41614,-29.3282,88.1069,-39.0000,0.31274,-0.79565,1.89514,27.1145,-21.0611,-17.7481
560947065,-0.30579,-1.42480,-0.70557,-18.5725,105.3817,-39.1832,0.29944,-0.80188,1.92822,29.9313,-23.4046,-17.6641
560948069,0.37427,-2.00000,0.53174,-6.0611,115.6107,-31.1069,0.28735,-0.80798,1.96118,32.9618,-25.7786,-17.5496
560949068,-0.28113,-2.00000,0.38110,-16.0763,102.6718,-29.3206,0.27551,-0.81165,1.99280,36.1527,-28.1985,-17.4351
560950068,-1.24841,-2.00000,-0.63696,-33.9847,100.4351,-41.4809,0.26318,-0.81458,1.99994,39.4962,-30.6412,-17.2824
560951068,-1.40808,-2.00000,-0.78296,-42.7099,114.3588,-60.5954,0.25024,-0.81763,1.99994,43.0000,-33.0687,-17.0687
560952068,-0.89014,-2.00000,0.10242,-42.1908,134.3664,-74.8168,0.23828,-0.81958,1.99994,46.6565,-35.5038,-16.7939
560953068,-0.37292,-1.60779,0.98914,-45.5344,146.4656,-76.9695,0.22742,-0.82178,1.99994,50.4580,-37.9466,-16.4351
560954068,0.12659,-1.35803,1.85449,-58.6641,159.2977,-70.8702,0.21582,-0.82434,1.99994,54.4122,-40.3817,-16.0229
560955068,0.64587,-1.45837,1.99994,-73.1069,176.0763,-67.8931,0.20374,-0.82532,1.99994,58.5115,-42.8473,-15.5420
560956068,0.65259,-1.61902,1.99994,-78.0534,179.5267,-70.9313,0.19189,-0.82593,1.99994,62.7405,-45.3588,-14.9695
560957068,0.61438,-1.81030,1.99994,-59.1374,168.6794,-79.9924,0.17908,-0.82751,1.99994,67.0382,-47.9237,-14.3130
560958067,0.84460,-1.56763,1.99994,-16.1527,141.4275,-95.7252,0.16553,-0.82898,1.99994,71.3817,-50.5115,-13.5954
560959067,0.98608,-0.75793,1.99994,21.6794,101.2824,-108.6641,0.15283,-0.82959,1.99994,75.7023,-53.1527,-12.7863
560960067,1.10522,0.14734,1.99994,39.6107,64.1603,-110.9618,0.14001,-0.82837,1.99994,80.0000,-55.8397,-11.8855
560961067,1.40063,0.30493,1.99994,55.1985,41.7328,-105.2824,0.12805,-0.82642,1.99994,84.2824,-58.5878,-10.9008
560962068,1.47034,-0.42957,1.99994,76.0229,28.6794,-99.9389,0.11755,-0.82593,1.99994,88.6183,-61.3817,-9.8397
560963068,0.95728,-1.59375,1.99994,88.1145,5.5496,-96.2061,0.10767,-0.82629,1.99994,92.9695,-64.2137,-8.7557
560964067,0.11401,-2.00000,1.99994,76.8092,-14.7328,-93.0840,0.09814,-0.82605,1.99994,97.2595,-67.0458,-7.6489
560965067,-0.51343,-2.00000,1.99994,38.5496,-10.7099,-92.4275,0.08936,-0.82471,1.99994,101.5115,-69.8779,-6.4656
560966068,0.04504,-2.00000,1.99994,-6.5038,11.1374,-92.1527,0.08057,-0.82300,1.99994,105.7481,-72.7405,-5.1450
560967067,0.57678,-1.11609,1.99994,-25.1679,11.2595,-91.9847,0.07141,-0.82153,1.99994,109.9618,-75.5878,-3.7634
560968067,0.38220,-0.50525,1.99994,-16.2443,-8.6412,-92.3511,0.06287,-0.82043,1.99994,114.1069,-78.4198,-2.3511
560969067,0.76697,-0.38342,1.99994,-9.3740,-9.2137,-90.4885,0.05554,-0.81921,1.99994,118.1527,-81.3053,-0.9008
560970067,0.84741,-0.67883,1.99994,-28.2595,-17.9771,-83.0153,0.04883,-0.81824,1.99994,122.1069,-84.2214,0.5878
560971067,0.37549,-1.07336,1.99994,-43.4198,-32.9237,-80.8855,0.04272,-0.81812,1.99994,125.9389,-87.0992,2.0840
560972064,0.23572,-0.91321,1.99994,-10.9313,-47.6870,-93.6412,0.03589,-0.81641,1.99994,129.6412,-89.9771,3.5420
560973069,0.38855,-0.45422,1.99994,45.6031,-72.1374,-107.7786,0.02905,-0.81433,1.99994,133.2214,-92.9313,5.0153
560974067,0.40295,-0.00757,1.99994,67.7557,-93.1832,-109.7710,0.02319,-0.81250,1.99994,136.6489,-95.9008,6.5420
560975067,-0.00513,0.35144,1.76953,58.2748,-103.2824,-102.1069,0.01611,-0.80884,1.99994,139.9160,-98.8397,8.0687
560976067,-0.10120,0.34631,1.48145,53.2366,-94.9313,-94.6183,-0.00159,-0.79944,1.99994,145.9847,-104.8550,11.1145
560977067,0.04822,0.01562,1.45056,56.1832,-88.6489,-90.8321,-0.01208,-0.79456,1.99994,148.7710,-107.9313,12.5954
560978067,-0.26355,-0.40637,0.75854,56.4275,-95.9389,-88.4733,-0.02307,-0.79102,1.99994,151.4275,-111.1527,14.0687
560979067,-0.46716,-0.68579,-0.05420,50.7710,-95.7328,-86.5573,-0.03503,-0.78833,1.99994,153.9313,-114.5038,15.5802
560980067,-0.08472,-0.91736,0.36658,29.7863,-83.2137,-81.0611,-0.04858,-0.78516,1.99994,156.2672,-117.9160,17.1145
560981067,0.40918,-1.01135,1.99994,4.5496,-57.4962,-75.0305,-0.06226,-0.78296,1.99994,158.4504,-121.4275,18.6794
560982067,0.49182,-0.75012,1.99994,-0.3588,-40.3435,-72.5802,-0.07507,-0.78210,1.99994,160.5191,-125.0229,20.2443
560983064,-0.32886,-0.11389,1.99994,-1.7939,-52.0382,-67.7634,-0.08826,-0.78223,1.99994,162.4656,-128.6870,21.7634
560984068,-0.59534,-0.15552,1.99994,5.9008,-49.9237,-60.5878,-0.10229,-0.78223,1.99994,164.2824,-132.5115,23.2595
560985067,0.69043,-0.96851,1.99994,40.5344,-29.1527,-66.7328,-0.11633,-0.78198,1.99994,165.9771,-136.4580,24.7481
560986067,1.99994,-1.95435,1.99994,64.8931,-31.1069,-74.8473,-0.12976,-0.78210,1.99994,167.5573,-140.5115,26.2214
560987064,1.99994,-2.00000,1.99994,56.0534,-83.0763,-81.7786,-0.14343,-0.78296,1.99994,169.0076,-144.6260,27.7023
560988065,1.99994,-1.51331,1.99994,49.7481,-166.7557,-89.0534,-0.15662,-0.78467,1.97925,170.3359,-148.7786,29.1832
560989064,1.79028,-0.76501,1.99994,54.8244,-229.8473,-92.1069,-0.16919,-0.78564,1.95093,171.5725,-152.9771,30.5878
560990069,1.15649,-0.95837,1.99994,60.5344,-250.1374,-88.8244,-0.18164,-0.78699,1.92175,172.7557,-157.2137,31.9313
560991068,0.19226,-2.00000,1.99994,71.8168,-250.1374,-88.4656,-0.19275,-0.78882,1.89331,173.8702,-161.4580,33.2443
560992068,0.22632,-2.00000,1.99994,73.3359,-250.1374,-94.4885,-0.20227,-0.79016,1.86560,174.8855,-165.7328,34.5573
560993068,0.02808,-0.30188,1.99994,42.0000,-250.1374,-94.1298,-0.21069,-0.79321,1.83728,175.7634,-170.0305,35.8702
560994068,-0.76587,1.10364,1.24915,3.7405,-250.1374,-79.9084,-0.21899,-0.79626,1.80859,176.5573,-174.3053,37.1450
560995068,-1.05420,0.71191,0.03638,0.3740,-250.1374,-66.3053,-0.22656,-0.79871,1.77856,177.2824,-178.5802,38.3817
560996067,-0.89355,-0.54846,0.00989,29.9389,-250.1374,-65.8397,-0.23328,-0.80176,1.74658,177.9237,-182.8244,39.6412
560997068,-1.26672,-1.22681,-0.90881,46.8168,-250.1374,-72.2366,-0.23889,-0.80518,1.71277,178.4885,-187.0382,40.9313
560998067,-2.00000,-0.94922,-2.00000,31.0687,-250.1374,-75.1145,-0.24304,-0.80933,1.67700,178.9618,-191.2519,42.2443
560999068,-2.00000,-0.17505,-2.00000,23.0000,-240.2748,-77.7786,-0.24561,-0.81543,1.63953,179.3282,-195.4809,43.5725
561000068,-1.14587,0.32556,-1.33301,36.6947,-210.4046,-77.3588,-0.24634,-0.82239,1.60034,179.6183,-199.6870,44.9466
561001068,-0.44250,0.19409,-0.01208,28.8855,-200.4580,-66.4809,-0.24609,-0.82837,1.56116,179.8168,-203.8855,46.3511
561002067,-0.23047,0.03674,-0.62561,0.6260,-195.7099,-53.9160,-0.24548,-0.83362,1.51770,179.8855,-208.1832,47.7863
561003068,-0.65283,0.16260,-1.36768,-16.7023,-176.1985,-49.3282,-0.24548,-0.83887,1.46716,179.8168,-212.5191,49.3130
561004068,-1.01025,0.40759,-0.60242,-23.6412,-141.4580,-49.7863,-0.24500,-0.84436,1.41443,179.5954,-216.7786,50.9008
561005067,-0.66260,0.76099,0.29968,-23.5725,-116.3893,-51.5878,-0.24280,-0.84814,1.35999,179.2061,-220.9771,52.5267
561006068,-0.27844,0.94958,0.83020,-9.5649,-112.5115,-53.1985,-0.24011,-0.84998,1.30212,178.6641,-225.2061,54.1374
561007067,0.20215,0.90002,1.99994,18.1145,-116.2443,-58.0229,-0.23657,-0.85205,1.24048,177.9160,-229.4962,55.7863
561008067,1.47839,0.65186,1.99994,45.0611,-112.3359,-63.6336,-0.23376,-0.85352,1.17725,176.9771,-233.8550,57.4427
561009067,1.99994,0.80737,1.99994,58.1908,-122.6718,-66.8397,-0.23218,-0.85364,1.11255,175.8702,-238.2519,59.0840
561010067,1.99994,1.59753,1.99994,68.3053,-142.7481,-65.1756,-0.22974,-0.85193,1.04626,174.5725,-242.7023,60.6947
561011065,1.99994,1.62463,1.99994,74.8626,-192.8550,-49.9924,-0.22571,-0.84985,0.97949,173.0382,-247.1985,62.2672
561012068,0.46021,0.79163,1.99994,40.3893,-250.1374,-22.1374,-0.22070,-0.84888,0.91223,171.2366,-250.1374,63.7939
561013067,0.46936,0.56104,1.99994,-16.3282,-250.1374,1.6336,-0.21460,-0.84863,0.84534,169.1679,-250.1374,65.2290
561014067,1.99994,1.21533,1.99994,-41.6336,-250.1374,13.6947,-0.20825,-0.84851,0.77759,166.8702,-250.1374,66.5878
561015067,1.99994,1.79980,1.99994,-45.8931,-250.1374,26.5725,-0.20178,-0.84839,0.70862,164.3435,-250.1374,67.8321
561016067,1.99994,1.89990,1.99994,-48.8092,-250.1374,42.4962,-0.19446,-0.84863,0.64014,161.5802,-250.1374,68.9924
561017065,1.97974,1.92163,1.99994,-36.6718,-250.1374,53.7252,-0.18701,-0.84839,0.57068,158.5496,-250.1374,70.0229
561018069,0.45740,1.42883,1.99683,-29.1298,-250.1374,60.6260,-0.17896,-0.84814,0.50000,155.2290,-250.1374,70.9237
561019068,-0.52100,0.00256,1.99994,-33.6336,-250.1374,62.9847,-0.17017,-0.84875,0.42944,151.6641,-250.1374,71.7099
561020067,-1.09814,-1.83618,1.99994,-27.2748,-250.1374,59.9466,-0.16052,-0.85181,0.35974,147.8931,-250.1374,72.3588
561021068,-1.08435,-2.00000,1.99994,-7.1450,-250.1374,46.8168,-0.14905,-0.85681,0.29102,143.8931,-250.1374,72.8473
561022067,0.39795,-0.88342,1.99994,2.3969,-250.1374,32.5725,-0.13745,-0.86267,0.22253,139.6565,-250.1374,73.1450
561023067,1.14099,0.75256,1.99994,-5.4275,-250.1374,31.6870,-0.12524,-0.87000,0.15295,135.1908,-250.1374,73.2977
561024068,0.51208,0.68738,1.99994,-24.3740,-250.1374,44.9771,-0.11133,-0.87854,0.08276,130.5115,-250.1374,73.3130
561025067,0.57141,-0.84082,1.99994,-35.1985,-250.1374,54.7328,-0.09631,-0.88733,0.01392,125.6489,-250.1374,73.1908
561026067,0.39343,-2.00000,1.99994,-34.5802,-250.1374,50.4809,-0.08142,-0.89612,-0.05396,120.6031,-250.1374,72.9313
561027067,-0.51489,-2.00000,1.99994,-31.2214,-250.1374,33.6718,-0.06543,-0.90527,-0.12036,115.4656,-250.1374,72.5344
561028067,-0.93909,-2.00000,1.35010,-23.8931,-250.1374,13.8931,-0.04663,-0.91418,-0.18530,110.2366,-250.1374,71.9924
561029068,-0.96973,0.62732,0.71228,15.8855,-250.1374,0.5115,-0.02576,-0.92407,-0.24927,104.8855,-250.1374,71.2824
561030068,-0.56262,1.02490,1.99670,17.8931,-250.1374,6.3282,-0.00330,-0.93579,-0.31372,99.4962,-250.1374,70.3969
561031068,-0.90771,-0.17175,1.14734,5.0382,-250.1374,18.1603,0.02063,-0.94714,-0.37756,94.1145,-250.1374,69.3206
561032068,-2.00000,-1.58472,-1.86536,-15.6489,-250.1374,21.8092,0.04761,-0.95801,-0.43909,88.7481,-250.1374,68.1069
561033068,-2.00000,-1.17383,-2.00000,-34.9160,-250.1374,13.4198,0.07666,-0.97021,-0.49744,83.4198,-250.1374,66.7099
561034068,-1.37354,0.55322,-0.47778,-47.6947,-250.1374,7.0000,0.10583,-0.98291,-0.55261,78.1756,-250.1374,65.1450
561035067,-0.29858,1.76611,1.71826,-70.2824,-250.1374,22.5115,0.13550,-0.99561,-0.60620,73.0076,-250.1374,63.4427
561036068,-0.09119,1.47705,1.99994,-94.2137,-250.1374,53.1756,0.16504,-1.00928,-0.65955,67.9084,-250.1374,61.6031
561037067,0.08606,0.84363,1.99994,-103.3359,-250.1374,78.3588,0.19604,-1.02417,-0.71204,62.8779,-250.1374,59.6260
561038068,0.13232,0.38586,1.99994,-117.9008,-250.1374,98.1298,0.22864,-1.04004,-0.76282,57.9542,-250.1374,57.5115
561039068,-0.08716,0.20349,1.99994,-143.1985,-250.1374,112.0382,0.26086,-1.05664,-0.81445,53.1221,-250.1374,55.2214
561040067,0.30957,0.03406,1.99994,-122.3664,-250.1374,109.4809,0.29297,-1.07361,-0.86682,48.4122,-250.1374,52.8168
561041068,0.29382,-0.40051,1.99994,-43.7176,-250.1374,90.0611,0.32483,-1.09045,-0.91699,43.8550,-250.1374,50.3511
561042067,-0.54150,-1.25732,1.99994,23.9771,-250.1374,68.8321,0.35608,-1.10828,-0.96472,39.5191,-250.1374,47.8092
561043067,-1.30762,-2.00000,0.30457,45.3969,-250.1374,49.6947,0.38647,-1.12805,-1.01184,35.4351,-250.1374,45.2137
561044068,-2.00000,-2.00000,-1.59363,52.3359,-250.1374,25.4122,0.41626,-1.14832,-1.06055,31.6260,-250.1374,42.5496
561045068,-2.00000,-2.00000,-1.60461,77.4122,-250.1374,-4.0687,0.44617,-1.16858,-1.10779,28.0840,-250.1374,39.8015
561046068,-1.91064,-2.00000,-1.52344,104.3969,-250.1374,-28.2290,0.47559,-1.18958,-1.15344,24.8244,-250.1374,37.0000
561047068,-2.00000,-2.00000,-2.00000,104.1832,-250.1374,-36.3282,0.50464,-1.21179,-1.19946,21.8550,-250.1374,34.1832
561048068,-2.00000,-2.00000,-2.00000,78.2519,-250.1374,-31.7710,0.53357,-1.23401,-1.24438,19.2290,-250.1374,31.3206
561049068,-2.00000,-2.00000,-2.00000,43.3053,-250.1374,-22.9771,0.56213,-1.25537,-1.28699,16.9695,-250.1374,28.4046
561050068,-2.00000,-1.65735,-2.00000,6.1832,-250.1374,-8.0229,0.59021,-1.27539,-1.32800,15.0763,-250.1374,25.4504
561051068,-2.00000,-0.98193,-2.00000,-12.1756,-250.1374,4.2290,0.61633,-1.29431,-1.36609,13.5725,-250.1374,22.4656
561052068,-2.00000,-0.61829,-2.00000,14.2901,-250.1374,5.2290,0.64148,-1.31274,-1.40295,12.4351,-250.1374,19.4733
561053068,-2.00000,-1.09875,-2.00000,59.2977,-228.9084,-2.7863,0.66638,-1.33057,-1.43848,11.6565,-250.1374,16.5115
561054068,-2.00000,-1.64185,-2.00000,75.4656,-203.2061,-12.1145,0.69092,-1.34680,-1.46985,11.2443,-250.1374,13.5725
561055068,-2.00000,-1.70593,-2.00000,78.2977,-183.7176,-25.3893,0.71460,-1.36035,-1.50024,11.1450,-250.1374,10.6336
561056067,-2.00000,-1.69470,-2.00000,108.6412,-168.2595,-47.0305,0.73645,-1.37219,-1.52979,11.2977,-250.1374,7.7252
561057068,-2.00000,-1.99768,-2.00000,152.2672,-162.4427,-70.9084,0.75647,-1.38196,-1.55640,11.6794,-250.1374,4.8397
561058068,-2.00000,-2.00000,-2.00000,171.8779,-157.5878,-86.7786,0.77405,-1.38928,-1.58130,12.2519,-250.1374,1.9924
561059068,-1.77502,-1.61707,-2.00000,158.0840,-149.7557,-87.7634,0.78931,-1.39453,-1.60486,13.0153,-250.1374,-0.8397
561060067,-1.46130,-1.22705,-2.00000,120.1832,-131.8321,-76.8779,0.80334,-1.39648,-1.62683,13.9695,-250.1374,-3.5954
561061068,-1.14062,-1.06067,-2.00000,88.8244,-120.7405,-63.0916,0.81384,-1.39172,-1.64404,15.0458,-250.1374,-6.2977
561062068,-0.72375,-1.30505,-2.00000,88.8168,-126.0000,-54.6107,0.81787,-1.37817,-1.65112,15.9542,-250.1374,-9.0153
561063068,-0.76086,-1.27625,-1.01294,103.9160,-122.4962,-56.8015,0.81909,-1.36450,-1.65271,16.3817,-250.1374,-11.7099
561064068,-1.25293,-2.00000,-0.54199,98.3130,-143.2214,-53.7710,0.81995,-1.35535,-1.65356,16.3664,-246.9389,-14.4351
561065068,-0.87244,-2.00000,-2.00000,13.1985,-143.2672,-30.1069,0.82422,-1.34644,-1.65601,16.1679,-239.9466,-17.2137
561066067,-1.33606,-2.00000,-1.28772,-153.9008,-96.3130,-8.8244,0.83398,-1.33655,-1.66321,16.0229,-232.6565,-19.9924
561067067,-1.10706,-1.88013,1.99994,-250.1374,-23.7863,7.5344,0.84680,-1.32666,-1.67480,16.1221,-225.0458,-22.6641
561068068,1.99994,1.99994,1.99994,-250.1374,99.3817,21.7176,0.86243,-1.31702,-1.68640,16.5267,-217.0992,-25.1756
561069068,1.99994,1.99994,1.99994,-250.1374,142.5649,48.4962,0.87952,-1.30688,-1.69812,17.2519,-208.8473,-27.4656
561070067,1.99994,1.99994,1.99994,-250.1374,80.8168,87.8168,0.89539,-1.29626,-1.70996,18.3130,-200.2748,-29.5191
561071067,1.99994,1.99994,1.99994,-250.1374,3.3893,123.1527,0.90918,-1.28625,-1.71912,19.7252,-191.4656,-31.3053
561072067,1.99994,1.99994,1.99994,-250.1374,-127.3435,147.2137,0.92090,-1.27808,-1.73267,21.5267,-182.4809,-32.8626
561073067,1.99994,1.99994,1.99994,-250.1374,-250.1374,157.4656,0.93054,-1.26978,-1.74902,23.4656,-173.3969,-34.1985
561074067,1.99994,1.97595,1.99994,-250.1374,-250.1374,145.5191,0.94019,-1.26270,-1.76453,25.5267,-164.2137,-35.1603
561075067,1.99994,1.75391,1.99994,-179.6489,-250.1374,121.4427,0.95044,-1.25891,-1.77979,27.7710,-154.9466,-35.7405
561076068,0.26257,1.99994,1.99994,-83.6641,-250.1374,107.3740,0.95886,-1.25696,-1.79346,30.2443,-145.6336,-35.9542
561077067,-1.51575,1.99994,0.53015,-21.9466,-250.1374,107.2061,0.97241,-1.25537,-1.82007,35.7481,-127.0763,-35.4962
561078067,-1.85229,1.99994,-0.21741,7.6260,-250.1374,117.3664,0.97742,-1.25659,-1.83289,38.7405,-117.8702,-34.9008
561079067,-2.00000,-0.34558,-1.74951,9.6718,-250.1374,129.1298,0.97913,-1.25818,-1.84473,41.8702,-108.8015,-34.0611
561080068,-2.00000,-2.00000,-2.00000,-9.9084,-250.1374,134.6031,0.97729,-1.26099,-1.85364,45.1908,-99.8702,-33.0229
561081068,-2.00000,-2.00000,-2.00000,-59.8779,-250.1374,116.0153,0.97229,-1.26514,-1.86023,48.6947,-91.0840,-31.8321
561082068,-2.00000,-2.00000,-2.00000,-168.1756,-250.1374,102.4122,0.96387,-1.26917,-1.86414,52.3664,-82.4656,-30.5573
561083067,-2.00000,-2.00000,-2.00000,-250.1374,-250.1374,120.9924,0.95337,-1.27258,-1.86536,56.1298,-74.0382,-29.2290
561084068,-2.00000,-2.00000,-2.00000,-250.1374,-250.1374,159.3053,0.94153,-1.27527,-1.86438,59.9160,-65.8015,-27.9008
561085068,-2.00000,-2.00000,-2.00000,-250.1374,-217.5725,178.7099,0.92908,-1.27576,-1.86145,63.7099,-57.7786,-26.5954
561086068,-2.00000,-2.00000,-2.00000,-250.1374,-143.0229,170.9466,0.91553,-1.27405,-1.85730,67.5191,-50.0076,-25.3130
561087064,-1.84045,-0.73511,-1.92200,-250.1374,-82.5344,157.1450,0.90088,-1.26917,-1.85229,71.2901,-42.4962,-24.0840
561088069,-1.29834,1.06067,-2.00000,-250.1374,-52.3817,145.0382,0.88684,-1.26062,-1.84607,74.9389,-35.2290,-22.9542
561089068,-0.44287,1.64233,-1.60779,-250.1374,-69.5954,103.5267,0.87183,-1.24878,-1.83813,78.4809,-28.2519,-21.9313
561090068,-0.31470,0.21887,-1.00745,-174.9695,-158.7405,43.4046,0.85571,-1.23389,-1.82764,81.7252,-21.5802,-20.9847
561091068,-0.48145,-2.00000,-1.08765,-34.7557,-250.1374,-5.7863,0.83984,-1.21582,-1.81494,84.6183,-15.1832,-20.1145
561092067,-1.03003,-2.00000,-2.00000,19.7786,-250.1374,-40.6260,0.82422,-1.19629,-1.80017,87.2366,-9.0534,-19.3130
561093068,-2.00000,-1.48328,-2.00000,62.3664,-250.1374,-66.0076,0.80981,-1.17725,-1.78308,89.6947,-3.2214,-18.6336
561094067,-2.00000,0.43469,-2.00000,94.2137,-250.1374,-66.4275,0.79565,-1.15869,-1.76379,91.9542,2.3511,-18.0916
561095068,-1.45667,0.81116,-1.74939,73.5573,-250.1374,-36.0534,0.78015,-1.13928,-1.74133,93.7939,7.6718,-17.6336
561096068,-2.00000,-0.20984,-2.00000,0.7786,-250.1374,9.3053,0.76392,-1.12036,-1.71521,95.2977,12.7634,-17.2824
561097067,-2.00000,-1.38049,-2.00000,-94.9847,-228.9771,49.7557,0.74878,-1.10181,-1.68738,96.4580,17.6336,-17.0763
561098068,-2.00000,-1.88574,-2.00000,-172.2748,-194.9389,73.5573,0.73511,-1.08398,-1.65869,97.3053,22.3359,-17.0000
561099068,-2.00000,-1.81653,-2.00000,-209.0382,-165.3893,79.7786,0.72217,-1.06787,-1.62903,97.8855,26.8931,-16.9542
561100068,-2.00000,-0.90576,-2.00000,-213.8397,-125.0840,71.6489,0.71021,-1.05298,-1.59985,98.1756,31.3053,-16.9695
561101068,-2.00000,0.79663,-2.00000,-214.1756,-88.1985,61.0534,0.69873,-1.04016,-1.57031,98.3359,35.5725,-17.0305
561102068,-2.00000,1.68018,-2.00000,-190.5038,-51.2672,49.4351,0.68823,-1.02844,-1.53967,98.3282,39.7099,-17.1985
561103068,-1.96045,0.70337,-2.00000,-92.0229,-1.9695,19.1527,0.67834,-1.01587,-1.50891,98.0076,43.7099,-17.4275
561104068,-1.40491,-1.09814,-2.00000,41.1832,46.2443,-29.4580,0.66785,-1.00525,-1.47766,97.4351,47.5649,-17.5802
561105068,-0.84155,-1.78467,-2.00000,103.8092,75.9084,-66.3893,0.65649,-0.99805,-1.44446,96.7099,51.2672,-17.6718
561106067,-0.65295,-0.85095,-2.00000,92.6107,83.8244,-78.8550,0.64404,-0.99316,-1.41211,95.9389,54.7863,-17.7252
561107067,-0.56970,-0.10498,-1.47925,90.8015,75.4580,-71.1527,0.62988,-0.99048,-1.38281,95.2214,58.1450,-17.7634
561108067,0.01624,-0.68054,0.05066,118.6947,48.0763,-53.5191,0.61426,-0.98962,-1.35339,94.5038,61.3588,-17.7328
561109067,0.36255,-1.52014,0.79053,124.5573,-4.2595,-33.9008,0.59851,-0.98975,-1.32336,93.5802,64.3893,-17.6412
561110068,0.04517,-1.48352,0.09216,75.2137,-53.8550,-10.5725,0.58252,-0.99084,-1.29529,92.4427,67.2214,-17.4809
561111068,-0.11145,-0.50403,-0.48108,-9.6183,-67.2901,15.8321,0.56580,-0.99304,-1.26990,91.2290,69.8473,-17.2595
561112068,-0.04956,0.39832,-0.24243,-70.2061,-64.7176,37.7786,0.55029,-0.99463,-1.24744,89.9695,72.2366,-17.0076
561113067,-0.06409,0.60913,0.13074,-67.2824,-64.0992,43.4046,0.53650,-0.99524,-1.22705,88.6947,74.4046,-16.7099
561114067,-0.18665,0.96143,0.09766,-16.4427,-68.8092,28.5267,0.52283,-0.99475,-1.20837,87.3969,76.3282,-16.3588
561115068,-0.62720,1.26367,-1.32239,58.5496,-79.8626,3.9847,0.50964,-0.99353,-1.19263,86.0687,77.9618,-15.9313
561116067,-1.47559,0.55078,-2.00000,133.8473,-78.8244,-20.3511,0.49658,-0.99316,-1.18005,84.7099,79.2901,-15.4275
561117067,-1.79773,-0.71301,-2.00000,179.5115,-53.7863,-38.2443,0.48328,-0.99353,-1.16943,83.3053,80.3130,-14.8550
561118067,-1.46021,-1.56897,-2.00000,205.6260,-22.8473,-50.7710,0.46960,-0.99341,-1.16040,81.8626,81.0458,-14.2519
561119067,-1.68665,-1.77722,-2.00000,231.0916,-11.7863,-60.5573,0.45386,-0.99280,-1.15234,80.3969,81.4656,-13.6183
561120068,-1.97717,-1.35266,-2.00000,238.3282,0.2366,-62.1145,0.43872,-0.99268,-1.14417,78.8931,81.6031,-12.9618
561121067,-1.46460,-0.52368,-2.00000,210.4122,30.4733,-49.9237,0.42639,-0.99207,-1.13574,77.3969,81.4427,-12.3206
561122068,-0.85962,-0.02734,-2.00000,153.0229,62.4809,-24.0229,0.41553,-0.99109,-1.12720,75.9618,80.9542,-11.7710
561123068,-0.72461,0.55542,-1.85876,87.9542,89.5038,0.3588,0.40540,-0.98926,-1.11780,74.6565,80.1298,-11.2901
561124068,-0.66150,0.94336,-1.65735,69.6412,98.0611,13.1069,0.39600,-0.98511,-1.10791,73.4809,78.9847,-10.9084
561125068,-0.80920,0.07703,-1.89441,106.7557,101.8321,12.1603,0.38831,-0.97925,-1.09717,72.3817,77.5115,-10.6031
561126068,-0.75659,-1.36279,-0.88684,139.3969,106.5344,3.0229,0.38147,-0.97253,-1.08582,71.3359,75.7176,-10.3588
561127068,-0.19751,-1.79517,0.31982,145.4733,110.6412,-12.4198,0.37610,-0.96460,-1.07495,70.3130,73.6336,-10.1603
561128068,-0.11841,-0.74878,0.41846,171.2748,99.1985,-35.6718,0.37207,-0.95520,-1.06274,69.2519,71.2901,-9.9695
561129067,-0.43018,0.45471,0.02734,233.7939,78.9847,-57.0916,0.36902,-0.94543,-1.04871,68.0687,68.7634,-9.8397
561130067,-0.25793,0.17200,0.72266,250.1298,65.8092,-57.6031,0.36597,-0.93555,-1.03357,66.7328,66.1069,-9.7557
561131067,-0.06372,-1.44238,0.95020,250.1298,49.2137,-38.6107,0.36292,-0.92468,-1.01660,65.2290,63.3206,-9.6718
561132067,-0.39368,-2.00000,0.31531,229.2901,42.7786,-17.8550,0.35999,-0.91382,-0.99902,63.5496,60.4427,-9.5725
561133067,-0.79248,-2.00000,0.26477,180.2061,48.8397,-6.5573,0.35706,-0.90271,-0.98108,61.6489,57.5420,-9.5038
561134067,-0.70630,-2.00000,0.93909,161.4733,62.6260,-2.2519,0.35339,-0.89075,-0.96155,59.5496,54.6718,-9.4504
561135068,-0.52441,-2.00000,1.36047,135.2748,66.8092,5.8473,0.35046,-0.87927,-0.93945,57.2519,51.8550,-9.4580
561136068,-0.60876,-2.00000,1.03015,86.4198,66.3740,16.7252,0.35095,-0.86951,-0.91565,54.7557,49.0763,-9.5038
561137067,-0.51599,-2.00000,1.19727,54.3206,77.2366,12.7863,0.35474,-0.86072,-0.89099,52.0992,46.4351,-9.6031
561138068,-0.36987,-2.00000,1.75049,69.8321,74.9695,-9.9084,0.35876,-0.85107,-0.86560,49.3435,44.0000,-9.7481
561139068,-0.18469,-2.00000,1.77661,118.5344,52.6641,-40.9084,0.36182,-0.84204,-0.84009,46.5115,41.7328,-9.9313
561140067,0.26721,-1.54822,1.19128,163.5344,25.3435,-68.8702,0.36450,-0.83496,-0.81445,43.6107,39.6412,-10.1450
561141067,0.43994,-0.29993,0.62280,176.1374,4.1069,-80.0763,0.36853,-0.82886,-0.78955,40.7023,37.6870,-10.4122
561142068,0.16809,0.19336,0.43335,164.8550,-8.2595,-72.5038,0.37305,-0.82349,-0.76501,37.8473,35.8702,-10.7176
561143068,0.08032,-0.13281,0.46436,157.9924,-7.8168,-58.9924,0.37708,-0.81958,-0.73926,35.0458,34.2366,-11.0153
561144068,-0.24341,-0.07385,0.12183,161.3588,-10.8550,-49.7863,0.38110,-0.81702,-0.71448,32.3359,32.7634,-11.3206
561145067,-0.65356,0.56262,-0.87476,161.6489,-7.7176,-38.8244,0.38452,-0.81555,-0.69031,29.7405,31.4351,-11.6107
561146068,-0.57910,0.86157,-1.03430,144.7176,18.4733,-19.3893,0.38757,-0.81555,-0.66467,27.2366,30.2595,-11.9084
561147068,-0.61963,0.65442,-0.49622,112.3893,40.1527,6.0992,0.39062,-0.81641,-0.63794,24.8550,29.2290,-12.1603
561148068,-0.54333,0.19531,-0.31396,93.8244,53.9847,23.6412,0.39404,-0.81812,-0.61194,22.6031,28.3588,-12.3664
561149068,-0.47131,-0.25549,-0.25891,111.7557,56.4504,22.7863,0.39734,-0.81995,-0.58728,20.4733,27.6107,-12.5420
561150068,-0.60913,-0.98413,-0.09180,146.7710,48.8550,12.1756,0.40063,-0.82068,-0.56348,18.5038,26.9618,-12.6260
561151068,-0.26477,-2.00000,0.65454,168.0305,51.1985,2.2443,0.40515,-0.82019,-0.54053,16.6947,26.4122,-12.6412
561152068,-0.05896,-2.00000,1.15247,163.6107,45.5420,-4.3969,0.41064,-0.81909,-0.51660,15.0153,25.9771,-12.5496
561153068,-0.23303,-2.00000,0.77600,147.9542,33.7252,-12.5878,0.41663,-0.81738,-0.49219,13.4733,25.6336,-12.3588
561154068,0.10559,-2.00000,1.13843,146.8397,36.7557,-28.8702,0.42212,-0.81433,-0.46851,12.0382,25.3588,-12.0611
561155068,0.68298,-1.93555,1.99994,155.0992,43.9389,-46.2748,0.42749,-0.81104,-0.44434,10.6947,25.1450,-11.6489
561156067,0.75269,-0.95947,1.99994,139.1985,31.8931,-46.9237,0.43286,-0.80847,-0.42041,9.4198,24.9924,-11.1298
561157067,0.40747,-0.99597,1.79285,103.1985,9.5191,-31.3359,0.43665,-0.80652,-0.39709,8.2443,24.8855,-10.5344
561158067,0.25598,-2.00000,1.98926,97.8092,-23.6641,-24.3588,0.43970,-0.80530,-0.37329,7.1450,24.8473,-9.8931
561159068,0.26636,-2.00000,1.99994,104.6489,-40.7328,-33.8397,0.44397,-0.80298,-0.35059,6.1069,24.8779,-9.1985
561160068,-0.07922,-1.25818,1.60400,103.7023,-61.2137,-35.8779,0.44897,-0.80310,-0.32666,5.1679,25.0382,-8.3511
561161068,-0.21484,-0.41968,1.25208,103.1985,-69.4275,-24.7863,0.45471,-0.80310,-0.30298,4.3511,25.2672,-7.4427
561162067,-0.06934,-0.81714,1.37244,101.0534,-70.7405,-8.8473,0.46033,-0.80151,-0.28162,3.5420,25.5496,-6.5115
561163065,-0.19653,-1.77869,1.20129,92.5573,-73.0534,0.5954,0.46558,-0.80359,-0.25879,2.7634,25.8397,-5.5038
561164069,-0.37402,-2.00000,0.86328,80.5038,-72.1221,-0.3130,0.47095,-0.80127,-0.23718,2.0687,26.1527,-4.6107
561165067,-0.44556,-2.00000,0.60193,67.8244,-72.0840,-5.2366,0.47705,-0.79773,-0.21667,1.4351,26.5496,-3.6336
561166068,-0.55200,-2.00000,-0.33179,51.4198,-80.8931,-4.7099,0.48352,-0.79919,-0.19507,0.8931,26.9924,-2.5725
561167068,-0.84546,-2.00000,-1.89685,27.9618,-95.8397,-4.8168,0.48889,-0.79834,-0.17297,0.4504,27.4656,-1.5649
561168068,-1.10754,-2.00000,-2.00000,2.0382,-93.9313,-14.7252,0.49377,-0.79712,-0.15161,0.0992,27.9847,-0.4962
561169068,-0.76221,-2.00000,-1.05127,-16.1756,-68.1679,-28.4122,0.49719,-0.79822,-0.13074,-0.1908,28.5344,0.5954
561170068,-0.53284,-1.08838,-0.38245,-29.3588,-50.1527,-30.8015,0.49902,-0.79883,-0.11072,-0.4504,29.1145,1.6107
561171068,-0.89331,-0.98755,-1.25781,-37.1756,-49.5420,-20.5878,0.50159,-0.80078,-0.08997,-0.6794,29.7328,2.6107
561172067,-0.99768,-1.49170,-1.79358,-30.0000,-37.7328,-13.7252,0.50415,-0.80408,-0.06775,-0.8473,30.3435,3.6107
561173068,-0.81140,-1.76331,-1.39185,-24.5344,-19.7939,-14.0840,0.50635,-0.80579,-0.04590,-0.9924,30.9389,4.5344
561174067,-0.56799,-1.35156,-1.31042,-34.5191,-8.5725,-17.2824,0.50854,-0.80847,-0.02612,-1.1679,31.5038,5.4351
561175067,-0.24060,-0.10181,-1.20398,-34.1679,-5.1298,-22.3817,0.51074,-0.81274,-0.00732,-1.3664,32.0382,6.2824
561176067,0.09888,1.04150,-0.65601,-1.5802,-16.3130,-25.8473,0.51282,-0.81616,0.01074,-1.5573,32.5496,7.1069
561177067,0.37537,0.97339,-0.27759,40.5802,-36.2214,-24.3053,0.51489,-0.82007,0.02808,-1.7481,33.0076,7.9084
561178068,0.14526,-0.04077,-0.91711,57.7786,-62.8473,-19.3588,0.51782,-0.82544,0.04651,-1.9389,33.3893,8.6718
561179067,-0.27515,-0.65198,-1.66272,45.5878,-76.1069,-16.0305,0.52112,-0.83997,0.08118,-2.3282,33.9084,10.0611
561180067,-0.41272,-0.50952,-1.49548,30.0458,-77.6794,-13.3664,0.52185,-0.84949,0.09692,-2.5725,34.0382,10.6794
561181067,-0.61768,-0.61047,-1.47888,27.0458,-83.8779,-7.0687,0.52271,-0.85999,0.11133,-2.8473,34.0763,11.2672
561182068,-0.93652,-1.26636,-1.88599,37.5725,-89.2901,0.0763,0.52356,-0.87122,0.12634,-3.1450,33.9847,11.8092
561183068,-1.13757,-1.84338,-2.00000,47.9618,-83.6031,3.7176,0.52441,-0.88257,0.14038,-3.4656,33.7786,12.3206
561184068,-1.17688,-2.00000,-2.00000,35.4046,-62.7328,7.1985,0.52612,-0.89453,0.15271,-3.8244,33.4656,12.7863
561185068,-1.27649,-2.00000,-2.00000,4.2977,-40.0076,11.2443,0.52917,-0.90723,0.16516,-4.1908,33.0076,13.1985
561186068,-1.34534,-2.00000,-2.00000,-4.0687,-23.3969,8.1450,0.53345,-0.91980,0.17664,-4.5191,32.4351,13.5496
561187067,-1.29456,-2.00000,-2.00000,14.9695,-18.5038,-4.6565,0.53796,-0.93201,0.18713,-4.7939,31.8244,13.8550
561188068,-1.21350,-2.00000,-2.00000,24.9618,-25.5496,-18.5344,0.54285,-0.94385,0.19531,-5.0458,31.1527,14.1298
561189068,-1.23633,-1.57947,-2.00000,14.2824,-28.2443,-26.8015,0.54883,-0.95581,0.20239,-5.2595,30.4198,14.3664
561190067,-1.26099,-1.22791,-2.00000,5.1679,-20.2595,-28.6870,0.55591,-0.96887,0.20911,-5.3817,29.6260,14.5802
561191068,-1.04688,-1.50525,-2.00000,2.1221,-8.1450,-25.7176,0.56274,-0.98279,0.21582,-5.4198,28.7557,14.7634
561192067,-1.05139,-1.80554,-2.00000,-0.6412,-3.7710,-22.1832,0.56848,-0.99609,0.22205,-5.3511,27.8168,14.9160
561193067,-1.32434,-1.32214,-2.00000,-7.6336,2.2672,-21.1298,0.57324,-1.00830,0.22595,-5.2061,26.8397,15.0076
561194068,-1.28528,-0.38843,-2.00000,-24.8168,21.2214,-15.4885,0.57739,-1.02014,0.22778,-4.9466,25.8092,15.0229
561195068,-0.96033,0.07886,-2.00000,-46.0611,41.6412,-2.4351,0.58179,-1.03210,0.22852,-4.5802,24.7176,15.0229
561196068,-0.60974,0.12976,-2.00000,-54.4962,52.6718,9.6794,0.58667,-1.04333,0.22974,-4.1298,23.6031,15.0000
561197067,-0.48083,0.31885,-1.86206,-47.2290,50.9313,14.9847,0.59155,-1.05225,0.23145,-3.5496,22.4580,14.9618
561198068,-0.66357,0.51306,-2.00000,-29.4046,47.5954,15.4962,0.59668,-1.05945,0.23157,-2.8626,21.2977,14.8626
561199068,-0.81042,0.20044,-2.00000,-11.3282,52.6870,15.5191,0.60266,-1.06641,0.22937,-2.0992,20.0916,14.7176
561200067,-0.78174,-0.51965,-1.82031,-2.4427,59.7710,16.9618,0.60852,-1.07227,0.22522,-1.2748,18.8473,14.5191
561201067,-0.81934,-1.25989,-1.48828,3.2901,58.3359,16.4351,0.61365,-1.07642,0.22058,-0.3817,17.5649,14.2977
561202068,-0.86047,-1.78589,-1.32019,18.8931,55.6870,9.3206,0.61816,-1.07922,0.21765,0.5802,16.2824,14.0687
561203067,-0.75073,-1.90161,-0.92651,38.0153,57.3206,-1.3969,0.62354,-1.08044,0.21570,1.5954,14.9695,13.8092
561204067,-0.69788,-1.76233,-0.70190,42.6183,57.5191,-7.3053,0.62927,-1.07983,0.21216,2.6489,13.6412,13.4962
561205067,-0.77466,-1.68018,-0.86121,29.7405,56.2214,-6.7328,0.63440,-1.07898,0.20825,3.6947,12.2672,13.1374
561206067,-0.86133,-1.50708,-1.14441,16.9924,54.1221,-7.4122,0.63843,-1.07812,0.20532,4.6870,10.8397,12.7557
561207067,-0.84875,-1.14551,-1.44214,17.0076,51.5878,-12.7939,0.64124,-1.07605,0.20312,5.6260,9.3511,12.3435
561208067,-0.82263,-0.94714,-1.38647,22.3435,50.3817,-17.9008,0.64404,-1.07288,0.20117,6.5115,7.8397,11.9084
561209067,-0.75964,-1.00732,-0.74976,25.0916,54.3359,-19.9618,0.64648,-1.06860,0.19971,7.2901,6.3282,11.4275
561210067,-0.58862,-1.02905,-0.15466,24.8015,62.9924,-20.0000,0.64844,-1.06335,0.19849,7.9313,4.7786,10.9542
561211067,-0.60486,-0.99146,-0.22498,23.1603,69.9084,-17.9847,0.65015,-1.05713,0.19739,8.4427,3.1756,10.4580
561212068,-0.78259,-1.06030,-0.49158,25.0763,75.8931,-15.2977,0.65125,-1.05127,0.19543,8.8321,1.5115,9.9695
561213068,-0.74670,-1.19800,-0.39062,28.7176,82.7481,-12.3893,0.65381,-1.04492,0.19226,9.0840,-0.1908,9.4885
561214067,-0.65747,-1.25073,-0.26416,22.6183,82.1756,-7.5267,0.65723,-1.03723,0.18823,9.1985,-1.8931,8.9466
561215068,-0.71912,-1.24792,-0.18555,6.2748,76.1756,-0.8931,0.66016,-1.02905,0.18372,9.2137,-3.5878,8.3817
561216067,-0.63062,-1.40161,0.12073,-10.0534,72.3969,5.2061,0.66296,-1.02075,0.17871,9.1603,-5.2824,7.8244
561217067,-0.38782,-1.38208,0.35803,-27.0992,69.1374,7.7481,0.66467,-1.01245,0.17468,9.0153,-6.9771,7.2595
561218068,-0.24707,-0.83618,0.60815,-46.4122,67.3359,7.4122,0.66516,-1.00513,0.17212,8.7786,-8.6412,6.6641
561219068,-0.05530,-0.23376,1.28320,-57.0305,71.4809,7.5420,0.66504,-0.99902,0.16858,8.4809,-10.3130,6.0534
561220068,0.22351,-0.20837,1.77039,-53.8855,72.1069,9.3130,0.66418,-0.99329,0.16492,8.1145,-11.9771,5.4351
561221068,0.15796,-0.68799,1.36450,-41.9695,59.0763,9.5420,0.66333,-0.98730,0.16333,7.6947,-13.5573,4.7939
561222068,-0.00220,-1.02881,0.94385,-17.2366,46.1221,1.7252,0.66321,-0.98132,0.16284,7.2519,-15.0458,4.0992
561223068,0.09326,-0.91772,1.20801,10.6794,38.1298,-9.6336,0.66333,-0.97717,0.16284,6.8092,-16.4733,3.3817
561224067,0.12292,-0.69629,1.40527,21.2901,26.9771,-13.1069,0.66296,-0.97473,0.16357,6.3817,-17.7863,2.6412
561225067,-0.02771,-0.63708,1.19446,21.7176,12.1832,-9.5191,0.66199,-0.97314,0.16492,5.9618,-19.0153,1.9160
561226067,-0.20288,-0.80334,1.05823,25.6107,0.2901,-4.5344,0.66150,-0.97241,0.16504,5.5649,-20.1603,1.2214
561227067,-0.21069,-1.28967,1.06628,17.1832,-3.9160,3.0000,0.66077,-0.97192,0.16516,5.2214,-21.1985,0.5649
561228067,-0.24438,-1.72839,1.23792,-16.8321,0.1145,12.3740,0.65906,-0.97095,0.16577,4.9695,-22.1679,-0.0153
561229067,-0.31873,-1.71667,1.59290,-51.8015,7.9924,18.5573,0.65771,-0.96960,0.16577,4.7939,-23.0687,-0.5802
561230067,-0.23364,-1.37573,1.49866,-61.7481,9.0687,18.0687,0.65662,-0.96851,0.16467,4.6794,-23.8779,-1.1221
561231067,-0.31702,-1.15527,0.70862,-54.2595,-4.2748,13.8473,0.65479,-0.96704,0.16272,4.6107,-24.5725,-1.6794
561232067,-0.46753,-1.25476,0.24084,-41.6183,-18.5725,7.3664,0.65186,-0.96521,0.16113,4.6489,-25.1527,-2.1908
561233067,-0.39404,-1.37939,0.70496,-31.1603,-26.0382,-1.0840,0.64722,-0.96313,0.16101,4.7786,-25.6565,-2.6565
561234067,-0.30066,-1.30725,1.08264,-27.2137,-33.2672,-8.7710,0.64282,-0.96045,0.16064,4.9466,-26.1221,-3.0611
561235067,-0.39062,-1.12109,0.75415,-16.0687,-42.4962,-16.0458,0.63928,-0.95703,0.15735,5.1756,-26.5267,-3.4122
561236068,-0.59216,-1.02991,0.44507,11.5191,-46.0076,-23.6489,0.63586,-0.95325,0.15393,5.4885,-26.8321,-3.7405
561237067,-0.58691,-1.12524,0.60266,29.5954,-36.4122,-26.8397,0.63306,-0.94946,0.15186,5.8855,-27.0840,-4.0305
561238068,-0.59619,-1.27234,0.40332,14.3359,-25.3817,-21.7176,0.63049,-0.94409,0.14844,6.3130,-27.2901,-4.2672
561239068,-0.85815,-1.23035,-0.27783,-14.5191,-18.2061,-14.5115,0.62793,-0.93713,0.14331,6.7481,-27.4580,-4.4656
561240067,-0.89014,-0.98303,-0.38721,-27.8855,-9.0458,-12.1756,0.62524,-0.92920,0.14001,7.2443,-27.5725,-4.6336
561241067,-0.69763,-0.91040,0.04053,-31.7863,-5.6031,-10.8244,0.62219,-0.91956,0.13818,7.8244,-27.6336,-4.7634
561242065,-0.55835,-1.22205,0.78662,-42.3206,-4.5191,-6.6336,0.61853,-0.90869,0.13513,8.4351,-27.6489,-4.8702
561243069,-0.25903,-1.53723,1.86707,-56.9389,2.2901,-3.9160,0.61548,-0.89697,0.13281,8.9771,-27.6031,-4.9542
561244068,0.02417,-1.45679,1.99994,-74.5191,3.2366,-3.1985,0.61255,-0.88525,0.13147,9.4504,-27.5115,-5.0458
561245067,0.04126,-1.08643,1.81653,-94.9008,-4.3206,-1.3130,0.60852,-0.87354,0.12878,9.8702,-27.4122,-5.1221
561246067,0.30933,-0.67090,1.95862,-100.0076,-9.6412,-1.4580,0.60474,-0.86169,0.12488,10.2290,-27.2901,-5.1527
561247068,0.71606,-0.32788,1.99994,-89.9542,-21.9924,-2.8092,0.60144,-0.85059,0.12183,10.5115,-27.1145,-5.1527
561248067,0.66223,-0.11719,1.99994,-85.2443,-50.2443,-0.2672,0.59839,-0.84009,0.11987,10.7328,-26.8626,-5.1221
561249067,0.47217,-0.08459,1.99994,-84.2061,-77.5496,4.6031,0.59631,-0.83008,0.11865,10.8702,-26.5725,-5.0611
561250067,0.33167,-0.36816,1.82251,-77.6718,-95.5954,8.3282,0.59424,-0.82043,0.11853,10.9160,-26.2824,-4.9771
561251067,0.04968,-0.71802,1.60022,-72.3511,-108.6870,9.0763,0.59167,-0.81042,0.11963,10.8855,-25.9618,-4.8702
561252067,-0.24829,-0.72375,1.04211,-68.2748,-114.6565,6.4122,0.58875,-0.79980,0.12219,10.8092,-25.5954,-4.7405
561253067,-0.54614,-0.49060,0.39062,-60.1679,-116.5802,3.4046,0.58521,-0.79004,0.12378,10.6947,-25.2214,-4.6107
561254068,-0.68420,-0.37439,0.11072,-58.4046,-108.8244,3.8244,0.58167,-0.78125,0.12390,10.5420,-24.8015,-4.4809
561255068,-0.61279,-0.65771,0.20093,-67.8397,-95.4580,8.0687,0.57849,-0.77307,0.12305,10.3588,-24.3282,-4.3588
561256068,-0.66309,-1.21362,0.20605,-76.4885,-85.9618,11.1221,0.57544,-0.76587,0.12219,10.1450,-23.8168,-4.2061
561257067,-0.56873,-1.55127,0.09961,-78.6260,-78.5344,8.8855,0.57117,-0.75977,0.12256,9.9008,-23.2748,-4.0229
561258068,-0.44055,-1.26282,-0.18774,-84.3053,-76.6641,4.4504,0.56567,-0.75488,0.12341,9.6489,-22.7176,-3.8244
561259068,-0.66138,-0.58545,-0.60168,-98.1298,-81.4580,4.5344,0.55945,-0.75024,0.12451,9.4275,-22.1221,-3.6260
561260067,-0.63074,-0.16528,-0.52551,-107.8779,-80.3206,8.9389,0.55359,-0.74524,0.12659,9.2214,-21.4962,-3.4122
561261067,-0.35449,-0.34924,0.12183,-106.3817,-78.0229,14.2595,0.54883,-0.74121,0.12793,8.9924,-20.8397,-3.1679
561262067,-0.38562,-0.90222,0.35083,-100.7252,-81.8397,17.4046,0.54370,-0.73755,0.12720,8.7252,-20.1756,-2.9237
561263068,-0.38428,-1.23657,0.11621,-96.1221,-78.5496,15.9084,0.53857,-0.73364,0.12610,8.4580,-19.5038,-2.6489
561264067,-0.22437,-1.16504,-0.00146,-92.9160,-68.7023,11.7176,0.53467,-0.72986,0.12488,8.1985,-18.8473,-2.3359
561265067,-0.30652,-0.78137,-0.01965,-90.4427,-64.9389,8.1069,0.53198,-0.72729,0.12415,7.9389,-18.1756,-1.9847
561266067,-0.34265,-0.38269,0.10657,-84.6947,-64.7481,6.6412,0.52905,-0.72473,0.12402,7.6718,-17.5191,-1.6031
561267068,-0.16199,-0.44958,0.33398,-75.4656,-67.5267,8.0611,0.52551,-0.72241,0.12390,7.4046,-16.8779,-1.2290
561268068,-0.27222,-0.94775,0.27148,-73.9160,-77.9618,11.2901,0.52209,-0.72070,0.12451,7.1145,-16.2519,-0.8779
561269067,-0.31494,-1.30652,0.04785,-79.7634,-82.7863,11.3817,0.51892,-0.71887,0.12415,6.7863,-15.6489,-0.5191
561270068,-0.14941,-1.04150,0.01416,-82.4885,-83.9847,7.0992,0.51611,-0.71814,0.12170,6.4427,-15.1145,-0.1450
561271068,-0.28223,-0.47998,-0.09424,-83.6260,-89.5420,5.7176,0.51355,-0.71692,0.12012,6.0534,-14.6183,0.2214
561272068,-0.41797,-0.28772,-0.39917,-85.0229,-92.8473,10.1832,0.51050,-0.71460,0.11963,5.6336,-14.1679,0.6183
561273068,-0.52771,-0.58960,-0.71741,-82.8321,-93.2595,15.9924,0.50745,-0.71228,0.11816,5.1908,-13.7863,1.0076
561274067,-0.74731,-1.05640,-0.96204,-78.8244,-90.2824,18.4809,0.50525,-0.71106,0.11560,4.7252,-13.4427,1.4275
561275067,-0.91467,-1.19507,-1.29724,-76.4504,-83.0305,16.2137,0.50293,-0.71094,0.11328,4.2443,-13.1450,1.8550
561276067,-1.11401,-0.95752,-1.87415,-73.0076,-75.3817,12.1832,0.50146,-0.71057,0.11096,3.7405,-12.9008,2.2748
561277067,-1.25562,-0.68457,-2.00000,-66.1756,-63.3206,9.1832,0.50146,-0.70996,0.10767,3.2366,-12.7176,2.6794
561278068,-1.17493,-0.64343,-1.91394,-61.5267,-45.3359,8.2977,0.50195,-0.70947,0.10461,2.7252,-12.6031,3.0763
561279068,-1.06531,-0.77649,-1.60376,-64.6641,-26.3740,8.3817,0.50256,-0.71033,0.10352,2.2061,-12.5649,3.4656
561280067,-1.07556,-0.83875,-1.47571,-70.4046,-7.7710,7.4198,0.50708,-0.71350,0.10364,1.0992,-12.6641,4.2748
561281067,-1.03552,-0.84229,-1.32446,-70.3588,9.4809,5.0840,0.51001,-0.71606,0.10242,0.5038,-12.7557,4.6183
561282067,-0.83923,-0.80981,-1.06042,-66.1832,23.5038,2.3206,0.51160,-0.71912,0.10168,-0.0992,-12.8550,4.9084
561283067,-0.64746,-0.69360,-0.80798,-63.0992,29.1450,1.0000,0.51257,-0.72217,0.09998,-0.7252,-12.9771,5.1679
561284068,-0.48938,-0.59180,-0.55139,-60.6107,28.0458,1.5802,0.51355,-0.72473,0.09680,-1.3588,-13.1298,5.4351
561285067,-0.20081,-0.58740,0.07361,-54.5725,15.5115,5.1221,0.51379,-0.72754,0.09412,-2.0305,-13.3206,5.6565
561286068,-0.22876,-0.53931,0.07227,-51.4580,8.0763,6.6794,0.51477,-0.73022,0.09241,-2.7405,-13.5496,5.8321
561287067,-0.22888,-0.53796,0.11157,-49.6489,5.2748,8.4198,0.51611,-0.73352,0.09045,-3.4656,-13.7939,5.9771
561288068,-0.22021,-0.56531,0.28699,-50.4504,6.1450,9.9313,0.51782,-0.73706,0.08850,-4.2214,-14.0916,6.0916
561289068,-0.23853,-0.56848,0.34509,-51.4351,8.6031,10.2443,0.52063,-0.73987,0.08704,-4.9847,-14.4427,6.2061
561290068,-0.27344,-0.57788,0.23157,-48.9542,11.3053,8.6183,0.52356,-0.74219,0.08582,-5.7099,-14.7786,6.2977
561291067,-0.32947,-0.62866,0.10535,-42.3893,12.6794,5.4351,0.52588,-0.74438,0.08545,-6.4351,-15.1069,6.3435
561292067,-0.31995,-0.69885,0.14587,-35.0153,13.9160,1.9389,0.52722,-0.74707,0.08618,-7.1985,-15.4351,6.2977
561293068,-0.26074,-0.69653,0.27136,-30.7710,13.0687,-0.5725,0.52844,-0.74915,0.08704,-7.9389,-15.7634,6.1985
561294067,-0.25134,-0.58875,0.30139,-29.4275,9.7863,-1.1832,0.53003,-0.75073,0.08765,-8.6718,-16.0687,6.0534
561295068,-0.24280,-0.45312,0.28552,-27.6870,6.1374,0.0992,0.53223,-0.75244,0.08911,-9.4427,-16.3969,5.8855
561296068,-0.23364,-0.40247,0.27917,-26.7863,2.7634,3.5496,0.53491,-0.75476,0.09033,-10.2901,-16.7328,5.7023
561297068,-0.25305,-0.48669,0.24817,-30.3511,0.4809,8.8397,0.53870,-0.75623,0.09119,-11.1603,-17.0382,5.4885
561298068,-0.27344,-0.60059,0.18237,-36.3435,0.2824,13.5878,0.54419,-0.75684,0.09363,-11.9924,-17.2824,5.2290
561299067,-0.30688,-0.65234,0.12866,-39.4885,1.0229,15.8779,0.54944,-0.75793,0.09753,-12.8015,-17.4885,4.9313
561300068,-0.34021,-0.66809,0.09851,-37.9618,2.2519,15.6641,0.55457,-0.75903,0.10071,-13.6183,-17.6718,4.6565
561301068,-0.35437,-0.69165,0.05969,-33.4885,3.5115,13.8092,0.56006,-0.76001,0.10437,-14.5267,-17.8321,4.3359
561302067,-0.37390,-0.70422,0.00830,-28.8321,4.7786,11.1374,0.56482,-0.76062,0.10925,-15.4809,-17.9924,4.0229
561303067,-0.37463,-0.67053,-0.01453,-25.2366,6.3435,8.3969,0.56836,-0.76074,0.11377,-16.4809,-18.1145,3.7099
561304067,-0.35693,-0.63025,0.00000,-21.6718,7.9237,6.2519,0.56885,-0.75903,0.11914,-17.6183,-18.2137,3.4046
561305067,-0.36218,-0.64868,0.03076,-18.3893,9.0076,5.5878,0.56018,-0.75220,0.12976,-18.9695,-18.2519,3.0992
561306067,-0.35278,-0.72864,0.03345,-17.8626,10.1908,6.7863,0.54590,-0.74304,0.14294,-20.8092,-18.1985,2.7939
561307067,-0.34045,-0.79346,0.01355,-21.2214,11.6718,9.3206,0.53552,-0.73718,0.15283,-23.3206,-18.0305,2.3740
561308067,-0.35474,-0.76794,-0.00073,-26.6031,13.1985,12.1603,0.53015,-0.73206,0.15808,-26.3359,-17.7634,1.8244
561309067,-0.32922,-0.66467,0.04578,-30.9008,15.3435,14.6260,0.52820,-0.72839,0.15979,-29.5344,-17.4198,1.1832
561310067,-0.32117,-0.61365,0.08801,-32.6489,15.6718,16.9924,0.53003,-0.72876,0.15942,-32.6565,-17.0687,0.4580
561311068,-0.35229,-0.72156,0.08484,-32.8931,15.2443,19.0992,0.53418,-0.73169,0.15576,-35.5496,-16.7405,-0.2824
561312068,-0.35486,-0.91675,0.12610,-32.8702,15.9924,19.8168,0.53845,-0.73633,0.15222,-38.1679,-16.4656,-1.0229
561313067,-0.34924,-1.04443,0.20178,-32.5191,17.8626,18.4198,0.54309,-0.74243,0.14856,-40.4580,-16.2901,-1.7786
561314068,-0.32092,-1.02954,0.28271,-31.0687,20.6489,15.6031,0.54846,-0.75012,0.14197,-42.3969,-16.1985,-2.5649
561315068,-0.28394,-0.92651,0.33325,-28.5649,22.6107,13.0916,0.55334,-0.75964,0.13440,-43.9542,-16.1985,-3.3588
561316068,-0.24524,-0.85913,0.37354,-26.5649,23.8931,12.0916,0.55798,-0.77112,0.12561,-45.1298,-16.2977,-4.1374
561317067,-0.18286,-0.88562,0.43726,-26.5878,24.3282,12.3817,0.56409,-0.78418,0.11731,-45.9389,-16.4580,-4.8855
561318067,-0.12598,-0.93958,0.50891,-27.4656,23.2137,12.6183,0.57141,-0.79871,0.10815,-46.3740,-16.6947,-5.5878
561319067,-0.09058,-0.93457,0.55042,-26.7405,20.0534,11.9847,0.57812,-0.81311,0.09924,-46.4427,-16.9924,-6.1985
561320067,-0.09204,-0.89355,0.51379,-24.5038,14.9847,11.2366,0.58521,-0.82629,0.09314,-46.2137,-17.3740,-6.6870
561321067,-0.12976,-0.89441,0.42139,-22.7481,9.5954,11.2595,0.59253,-0.83801,0.08728,-45.7328,-17.7786,-7.0458
561322067,-0.17358,-0.93042,0.34558,-22.4046,6.0840,11.7023,0.59802,-0.84790,0.08301,-45.0763,-18.2137,-7.2824
561323068,-0.21375,-0.93481,0.30664,-22.7634,4.9389,11.8550,0.60254,-0.85510,0.07874,-44.3206,-18.6565,-7.4275
561324068,-0.25159,-0.88806,0.25891,-22.6260,5.7634,11.6718,0.60583,-0.86121,0.07507,-43.4962,-19.0916,-7.4580
561325068,-0.28552,-0.82947,0.18066,-21.9160,7.9160,11.6412,0.60840,-0.86719,0.07422,-42.6565,-19.4809,-7.4275
561326068,-0.30151,-0.80054,0.12012,-21.9160,11.1527,12.1832,0.61047,-0.87219,0.07581,-41.7939,-19.8397,-7.3511
561327067,-0.28271,-0.81750,0.11670,-23.1603,14.5725,13.1298,0.61267,-0.87549,0.07935,-40.8321,-20.1374,-7.2366
561328067,-0.24719,-0.85999,0.14404,-24.0229,16.8931,13.7099,0.61523,-0.87744,0.08301,-39.7863,-20.2901,-7.0763
561329068,-0.22339,-0.90979,0.16089,-22.4733,17.2366,13.3511,0.61792,-0.87854,0.08630,-38.6718,-20.3130,-6.9237
561330068,-0.21729,-0.96082,0.15112,-18.5267,15.7786,12.1145,0.62109,-0.87878,0.09070,-37.4733,-20.2595,-6.7939
