t_us,m1_ax_g,m1_ay_g,m1_az_g,m1_gx_dps,m1_gy_dps,m1_gz_dps,m2_ax_g,m2_ay_g,m2_az_g,m2_gx_dps,m2_gy_dps,m2_gz_dps
583887068,0.02148,-2.00000,1.99994,27.4046,13.7023,-14.5802,0.36353,-1.03674,-0.13135,21.2290,-22.7634,12.8397
583888068,0.06750,-2.00000,1.99994,15.5496,7.3359,-27.8397,0.37268,-1.03638,-0.14697,20.9160,-22.8779,13.1069
583889068,0.05518,-2.00000,1.86682,5.8321,-5.6947,-40.9008,0.38184,-1.03516,-0.16296,20.2901,-22.9008,13.3206
583890068,0.25708,-1.34863,1.74646,-8.7099,-24.8931,-43.8702,0.39172,-1.03503,-0.18311,19.3740,-22.8702,13.4275
583891067,0.45850,-0.53821,1.55200,-34.9313,-54.3893,-37.8550,0.40210,-1.03809,-0.20837,18.2519,-22.7939,13.4198
583892067,0.26196,0.23743,0.98975,-55.9618,-89.2824,-29.5649,0.41394,-1.04175,-0.23853,17.0382,-22.5649,13.2366
583893067,-0.04944,0.63074,0.56238,-53.5649,-112.9847,-22.3435,0.42542,-1.04382,-0.27136,15.7405,-22.1756,12.8397
583894068,-0.24744,0.56458,0.23804,-40.7328,-120.1985,-14.3130,0.43372,-1.04395,-0.30322,14.3893,-21.7023,12.2824
583895068,-0.66370,0.55896,-0.67627,-37.2901,-115.6336,-3.2672,0.43933,-1.04358,-0.32983,13.0458,-21.2443,11.6565
583896067,-1.23633,0.78381,-1.94019,-38.0458,-96.9924,9.4580,0.44434,-1.04346,-0.35339,11.8092,-20.9160,10.9924
583897067,-1.51880,0.87708,-2.00000,-33.3817,-63.1221,20.5954,0.44897,-1.04333,-0.37878,10.6565,-20.6794,10.3130
583898067,-1.50830,0.74060,-2.00000,-21.5954,-25.3893,26.7710,0.45483,-1.04456,-0.40430,9.5878,-20.4198,9.6336
583899067,-1.49634,0.47559,-2.00000,-3.8168,2.6718,28.0534,0.46362,-1.04504,-0.42834,8.6260,-20.0305,8.8779
583900068,-1.43945,-0.12939,-2.00000,7.2748,23.2443,29.6336,0.47339,-1.04272,-0.45496,7.7252,-19.5344,8.0305
583901068,-1.17285,-1.12695,-1.42078,-3.0687,40.1450,33.6641,0.48193,-1.03943,-0.48218,6.7328,-18.9313,7.0916
583902068,-0.80444,-1.89331,-0.81018,-23.5115,50.6870,33.2595,0.48865,-1.03564,-0.50647,5.5573,-18.2977,6.1221
583903067,-0.53931,-1.77466,-0.46838,-32.5115,50.7481,23.6489,0.49377,-1.03064,-0.53125,4.1985,-17.7405,5.1679
583904068,-0.30481,-1.08850,-0.21436,-28.7557,42.9313,12.5649,0.49854,-1.02576,-0.55603,2.7252,-17.2977,4.3130
583905067,-0.05457,-0.22034,0.03210,-27.8550,32.3206,7.2443,0.50391,-1.02197,-0.58118,1.1145,-16.9924,3.4580
583906068,-0.07251,1.66663,0.33032,-31.6031,23.3359,3.1832,0.50867,-1.01892,-0.60718,-0.6336,-16.7710,2.5496
583907068,-0.22668,1.99994,1.52344,-10.4427,28.3588,-1.6412,0.51257,-1.01770,-0.63281,-2.5496,-16.5878,1.6412
583908068,-0.08789,1.99994,1.99994,61.5649,33.2443,2.7023,0.51746,-1.01953,-0.65845,-4.5954,-16.4733,0.7481
583909068,0.04407,1.99994,1.99994,155.6183,15.2748,28.4580,0.52380,-1.02539,-0.68237,-6.7328,-16.4275,-0.0763
583910068,-0.34729,-2.00000,1.99994,222.3969,-18.2748,46.9389,0.53040,-1.03394,-0.70581,-8.9924,-16.4351,-0.8168
583911068,-0.90894,-2.00000,1.99994,250.1298,-48.6031,29.7481,0.53491,-1.04419,-0.73218,-11.3511,-16.5344,-1.4504
583912068,-1.46765,-2.00000,1.13220,250.1298,-65.2977,-1.3588,0.53699,-1.05408,-0.76013,-13.8168,-16.7023,-2.0153
583913068,-1.38477,-1.74585,1.13831,250.1298,-74.3893,-2.0763,0.53845,-1.06299,-0.78931,-16.4046,-16.9084,-2.4962
583914068,-0.49072,-2.00000,1.99994,250.1298,-81.4962,30.2061,0.53821,-1.07166,-0.81897,-19.0382,-17.2214,-2.9084
583915068,-0.31848,-2.00000,1.99994,171.5649,-100.7710,53.3817,0.53564,-1.07971,-0.84766,-21.6794,-17.6794,-3.2214
583916067,-0.44312,-2.00000,1.00452,65.9237,-98.7710,40.0305,0.53369,-1.08655,-0.87708,-24.3435,-18.2672,-3.4504
583917067,-0.39404,-2.00000,1.05811,18.9237,-71.7939,2.5802,0.53210,-1.09180,-0.90833,-27.0000,-18.9618,-3.6412
583918067,-0.36926,-2.00000,1.51550,-17.8855,-51.2366,-23.9389,0.52930,-1.09692,-0.94031,-29.6412,-19.7710,-3.8015
583919068,-0.45203,-2.00000,1.08594,-82.2061,-40.1756,-23.1221,0.52722,-1.10193,-0.97131,-32.2595,-20.6565,-3.9618
583920068,-1.02136,-2.00000,0.21240,-128.4962,-40.0153,-10.2824,0.52698,-1.10596,-0.99976,-34.8855,-21.6336,-4.1221
583921068,-0.95569,-2.00000,0.42261,-108.4885,-27.3282,-10.5115,0.52710,-1.10974,-1.02673,-37.4885,-22.6260,-4.3130
583922067,-0.47107,-2.00000,1.40491,-35.4885,-26.4504,-33.8244,0.52734,-1.11328,-1.05359,-40.0611,-23.5878,-4.5573
583923067,-0.59973,-1.75330,1.10632,40.7557,-49.0763,-59.9771,0.52905,-1.11523,-1.07959,-42.5725,-24.5038,-4.8626
583924067,-0.79993,-0.16272,0.38379,70.7023,-66.8473,-62.9542,0.53308,-1.11597,-1.10315,-44.9924,-25.3740,-5.2061
583925067,-0.76306,0.43579,0.17920,62.7710,-72.2443,-43.4046,0.53882,-1.11621,-1.12366,-47.3664,-26.1756,-5.5954
583926068,-0.91895,-0.73340,0.20483,53.7481,-73.2519,-22.0687,0.54480,-1.11511,-1.14270,-49.7252,-26.8626,-6.0229
583927067,-1.07886,-2.00000,0.12781,45.7863,-72.0458,-12.0534,0.54980,-1.11389,-1.15942,-52.0611,-27.4122,-6.5191
583928068,-1.03235,-2.00000,-0.19360,11.0763,-64.4504,-16.7786,0.55469,-1.11218,-1.17456,-54.3282,-27.8092,-7.0992
583929067,-1.06909,-2.00000,-0.52319,-53.7328,-41.9389,-27.5420,0.55981,-1.10925,-1.19104,-56.5420,-28.0611,-7.7252
583930067,-0.96558,-0.64355,-0.35168,-123.2443,-9.3130,-28.5420,0.56458,-1.10535,-1.20911,-58.7634,-28.1603,-8.3969
583931068,-0.38367,0.25000,0.33215,-166.6107,16.6031,-20.8626,0.56934,-1.10107,-1.22656,-61.0000,-28.0840,-9.1298
583932068,0.07190,-0.32422,1.01807,-168.9008,17.9695,-15.6870,0.57385,-1.09644,-1.24243,-63.2061,-27.8015,-9.9084
583933068,0.10596,-1.18103,1.21094,-138.1756,-3.1985,-21.7710,0.57764,-1.09155,-1.25623,-65.3969,-27.3282,-10.7023
583934067,0.11755,-1.50781,0.98914,-97.3359,-26.2595,-36.1221,0.58044,-1.08704,-1.26892,-67.6031,-26.6794,-11.4733
583935068,-0.10461,-1.14734,0.43518,-62.4198,-48.9466,-49.9924,0.58203,-1.08435,-1.28235,-69.8321,-25.8626,-12.2137
583936068,-0.36353,-0.03674,0.03540,-26.9008,-65.7481,-57.0763,0.58264,-1.08276,-1.29602,-72.0763,-24.8779,-12.9466
583937067,-0.30835,0.93896,0.12634,7.0305,-78.7939,-49.7328,0.58252,-1.08093,-1.30981,-74.3435,-23.7405,-13.6565
583938068,-0.41235,0.73828,-0.01074,14.1374,-88.2214,-31.0916,0.58130,-1.07996,-1.32312,-76.6183,-22.4656,-14.3588
583939068,-0.65222,-0.27258,-0.51392,-7.6641,-85.0611,-13.2748,0.58105,-1.08020,-1.33606,-78.8931,-21.0305,-15.0458
583940067,-0.60071,-1.24731,-0.63135,-31.9466,-66.8931,-5.8397,0.58240,-1.08167,-1.34985,-81.1374,-19.4198,-15.7023
583941068,-0.49243,-1.75610,-0.29065,-55.3664,-50.9008,-5.0458,0.58350,-1.08325,-1.36414,-83.3511,-17.6031,-16.3511
583942068,-0.54431,-1.42932,-0.86389,-88.9389,-50.8473,-6.0534,0.58362,-1.08301,-1.37793,-85.5115,-15.5954,-16.9771
583943068,-1.12000,-0.43884,-2.00000,-113.9084,-72.1145,-7.9542,0.58459,-1.08130,-1.39197,-87.6107,-13.4198,-17.5649
583944067,-1.82825,-0.00818,-2.00000,-115.3130,-91.3130,-6.9771,0.58569,-1.07959,-1.40564,-89.6565,-11.0916,-18.1298
583945067,-1.63501,-1.06714,-2.00000,-113.0000,-85.1603,-0.7939,0.58521,-1.07874,-1.41760,-91.6565,-8.6107,-18.6870
583946067,-1.03381,-2.00000,-2.00000,-120.8550,-71.3130,1.6260,0.58447,-1.07947,-1.42871,-93.5649,-5.9618,-19.1908
583947067,-1.15259,-2.00000,-2.00000,-118.9847,-56.4504,-9.7099,0.58411,-1.08093,-1.43945,-95.3359,-3.1298,-19.6336
583948067,-1.64124,-1.63342,-2.00000,-98.9389,-25.8092,-26.6412,0.58337,-1.08228,-1.44873,-96.9466,-0.1374,-20.0229
583949068,-1.37878,-0.97229,-2.00000,-82.5802,19.4046,-29.7328,0.58252,-1.08447,-1.45801,-98.4198,3.0229,-20.4122
583950067,-1.01160,-1.23645,-2.00000,-89.0229,49.3359,-23.6412,0.58069,-1.08850,-1.46851,-99.7405,6.3664,-20.7939
583951067,-1.32275,-1.34778,-2.00000,-97.8473,50.8015,-25.2214,0.57837,-1.09399,-1.47974,-100.9008,9.8321,-21.1679
583952068,-1.51135,-1.14844,-2.00000,-90.2214,39.6336,-37.5725,0.57654,-1.09949,-1.49072,-101.8779,13.4427,-21.5954
583953068,-1.22083,-0.75964,-2.00000,-80.1145,26.5420,-51.1832,0.57446,-1.10498,-1.50256,-102.6260,17.2061,-22.0687
583954068,-0.90527,-0.21619,-2.00000,-86.0229,16.0534,-55.8779,0.57166,-1.11157,-1.51526,-103.0992,21.1221,-22.5420
583955068,-0.76111,0.08154,-1.53516,-104.0382,9.2519,-47.6718,0.56885,-1.12000,-1.52820,-103.2977,25.1756,-22.9924
583956068,-0.60889,-0.08618,-1.35510,-122.3817,13.7710,-33.7863,0.56580,-1.12976,-1.54272,-103.2672,29.3359,-23.4275
583957067,-0.57971,0.00867,-1.42041,-128.4351,28.0992,-25.3740,0.56201,-1.13989,-1.55798,-103.0076,33.6107,-23.8550
583958067,-0.69128,0.64099,-1.62512,-117.0611,45.3893,-21.7634,0.55774,-1.15002,-1.57214,-102.4733,38.0153,-24.3130
583959067,-0.70435,0.93835,-2.00000,-98.1603,55.5344,-16.1908,0.55432,-1.16040,-1.58667,-101.6336,42.5420,-24.7939
583960068,-0.96765,0.39050,-2.00000,-86.2443,49.5115,-7.2901,0.55188,-1.17090,-1.60229,-100.4962,47.1756,-25.2977
583961067,-1.21838,-0.48206,-2.00000,-77.5115,31.7481,-4.1908,0.54907,-1.17896,-1.61877,-99.0763,51.8931,-25.8092
583962068,-1.11218,-0.72534,-2.00000,-61.3817,23.6870,-14.6336,0.54736,-1.18970,-1.63550,-97.3817,56.7176,-26.2901
583963068,-0.73657,-0.47388,-2.00000,-42.7176,32.3740,-29.3053,0.54651,-1.20117,-1.65125,-95.4046,61.7099,-26.9008
583964067,-0.49731,-0.25330,-1.61353,-38.6947,36.9618,-34.9389,0.54492,-1.20667,-1.66626,-93.2061,66.8321,-27.6412
583965067,-1.12354,-0.23901,-2.00000,-56.6565,29.3435,-28.5191,0.54382,-1.21082,-1.67981,-90.7634,72.0458,-28.3435
583966067,-1.99377,-0.45020,-2.00000,-78.7023,36.0076,-20.3893,0.54321,-1.21680,-1.69153,-88.1450,77.3511,-28.8855
583967068,-2.00000,-0.70984,-2.00000,-90.8244,67.2824,-17.0687,0.54517,-1.22314,-1.70117,-85.3435,82.8168,-29.3282
583968068,-2.00000,-0.92297,-2.00000,-100.7328,100.7786,-14.4198,0.54871,-1.22815,-1.70947,-82.3893,88.5802,-29.7786
583969067,-1.68005,-0.74426,-2.00000,-115.0382,127.1450,-9.5191,0.55090,-1.23157,-1.71936,-76.1679,100.9313,-30.6870
583970067,-1.44299,-0.13464,-2.00000,-127.4275,143.2672,-1.6489,0.55188,-1.22974,-1.72168,-72.9542,107.4656,-31.0916
583971068,-1.16040,0.50037,-2.00000,-132.3588,163.5496,7.0840,0.55310,-1.22656,-1.72290,-69.7405,114.2137,-31.4351
583972068,-0.75989,0.85510,-1.39368,-130.6718,183.6718,14.0382,0.55322,-1.22302,-1.72119,-66.5649,121.2061,-31.7328
583973067,-0.80920,0.96863,-1.14478,-122.6107,182.8321,19.0687,0.55176,-1.21838,-1.71729,-63.4809,128.4351,-32.0000
583974067,-0.77576,1.14539,-1.53687,-105.8779,163.6947,21.9924,0.54858,-1.21375,-1.71191,-60.5496,135.9084,-32.2519
583975067,-0.55627,1.32983,-2.00000,-82.7405,130.9771,24.7863,0.54382,-1.20898,-1.70447,-57.8092,143.6183,-32.4962
583976067,-0.70850,0.77710,-1.81763,-52.3206,100.9237,28.7863,0.53845,-1.20386,-1.69592,-55.2443,151.5802,-32.7176
583977068,-0.66235,-0.66785,-0.87268,-20.7863,85.4198,31.9771,0.53284,-1.19897,-1.68640,-52.8473,159.7863,-32.9542
583978068,-0.70056,-1.87744,-0.94629,-8.3969,73.5496,32.6794,0.52600,-1.19373,-1.67505,-50.6107,168.2290,-33.1832
583979067,-1.62646,-2.00000,-2.00000,-8.2748,62.6107,29.1527,0.51794,-1.18909,-1.66223,-48.5344,176.8855,-33.4351
583980067,-2.00000,-2.00000,-2.00000,0.1450,78.4198,20.4504,0.50903,-1.18542,-1.64929,-46.6260,185.7786,-33.7252
583981068,-2.00000,-2.00000,-2.00000,9.5878,118.6412,10.6183,0.49927,-1.18127,-1.63513,-44.8855,194.8931,-34.0382
583982067,-2.00000,-2.00000,-2.00000,4.5344,155.2443,1.7863,0.48901,-1.17700,-1.61755,-43.2977,204.2214,-34.4275
583983067,-2.00000,-2.00000,-2.00000,-10.5191,181.0611,-6.2443,0.47705,-1.17334,-1.59644,-41.8397,213.7328,-34.8931
583984068,-2.00000,-2.00000,-2.00000,-24.6183,208.0382,-14.3130,0.46509,-1.16956,-1.57263,-40.5267,223.4198,-35.4275
583985068,-1.56018,-1.86292,-1.84424,-32.3130,235.1450,-22.0229,0.45312,-1.16602,-1.54663,-39.3511,233.3130,-36.0153
583986068,-1.22009,-1.45569,-0.93152,-35.8855,246.7252,-25.9847,0.43933,-1.16370,-1.51880,-38.2977,243.3893,-36.6565
583987067,-1.07483,-1.35645,-0.60168,-39.0305,237.1374,-23.3053,0.42419,-1.16125,-1.48792,-37.4198,250.1298,-37.3588
583988067,-0.68054,-1.66541,-0.88086,-38.1832,215.3893,-17.9542,0.40808,-1.15955,-1.45312,-36.7252,250.1298,-38.0763
583989067,-0.38159,-1.64148,-0.71680,-29.7786,192.5649,-19.0916,0.39246,-1.15796,-1.41577,-36.2519,250.1298,-38.7939
583990068,-0.21252,-0.50391,0.21375,-9.4122,174.4427,-29.1908,0.37793,-1.15576,-1.37622,-35.9847,250.1298,-39.5420
583991068,0.05396,0.84448,0.26917,31.5344,150.0382,-38.4733,0.36316,-1.15356,-1.33325,-35.9695,250.1298,-40.2977
583992068,-0.62048,1.06897,-1.25671,78.6489,110.1374,-40.4427,0.34900,-1.15088,-1.28784,-36.2748,250.1298,-41.0458
583993068,-1.83362,0.39319,-2.00000,98.2824,88.1145,-37.5267,0.33472,-1.14807,-1.24194,-36.9084,250.1298,-41.7786
583994068,-2.00000,-0.48914,-2.00000,89.9237,91.8321,-35.2824,0.31946,-1.14514,-1.19482,-37.8244,250.1298,-42.5115
583995068,-2.00000,-0.89807,-2.00000,81.9466,99.0534,-40.1450,0.30408,-1.14148,-1.14478,-39.0153,250.1298,-43.2443
583996068,-2.00000,0.11072,-2.00000,110.5038,114.2214,-59.3893,0.28894,-1.13831,-1.09290,-40.4962,250.1298,-43.9771
583997067,-2.00000,1.59705,-2.00000,184.0840,132.0763,-79.3359,0.27344,-1.13574,-1.04065,-42.2748,250.1298,-44.7252
583998068,-2.00000,1.44128,-2.00000,240.9924,135.5115,-77.5573,0.25684,-1.13318,-0.98743,-44.3740,250.1298,-45.4656
583999068,-2.00000,-0.40955,-2.00000,227.5344,158.3435,-59.6641,0.23926,-1.12891,-0.93213,-46.7481,250.1298,-46.1756
584000068,-2.00000,-1.99426,-2.00000,193.3664,234.9084,-55.1832,0.22119,-1.12354,-0.87561,-49.3740,250.1298,-46.8244
584001067,-2.00000,-2.00000,-2.00000,190.7252,250.1298,-74.7557,0.20349,-1.11853,-0.81958,-52.2137,250.1298,-47.4580
584002067,-2.00000,-1.12744,-2.00000,208.4962,250.1298,-99.6794,0.18628,-1.11462,-0.76123,-55.2672,250.1298,-48.1221
584003067,-2.00000,0.31238,-2.00000,207.2214,250.1298,-108.9924,0.16870,-1.11157,-0.70093,-58.4656,250.1298,-48.8321
584004068,-2.00000,1.16687,-2.00000,168.5802,250.1298,-92.3740,0.15112,-1.10876,-0.64062,-61.8092,250.1298,-49.5420
584005068,-1.75537,0.62854,-2.00000,118.8550,250.1298,-67.3053,0.13367,-1.10693,-0.57849,-65.2443,250.1298,-50.2672
584006068,-1.11292,-0.70288,-0.56213,100.5267,250.1298,-56.5649,0.11560,-1.10632,-0.51501,-68.7405,250.1298,-51.0153
584007068,-0.10034,-1.39172,1.76599,122.4733,250.1298,-65.6947,0.09717,-1.10669,-0.45215,-72.2519,250.1298,-51.7557
584008068,0.61060,-0.14014,1.99994,130.2137,250.1298,-75.3282,0.07837,-1.10889,-0.38831,-75.7481,250.1298,-52.5115
584009068,1.99994,1.99994,1.99994,59.5344,250.1298,-33.0458,0.05969,-1.11328,-0.32239,-79.1527,250.1298,-53.2824
584010068,1.99994,1.99994,1.99994,48.0000,250.1298,-0.8015,0.04199,-1.11987,-0.25537,-82.4351,250.1298,-54.0992
584011068,1.79614,0.13660,1.99994,69.9466,250.1298,18.9771,0.02502,-1.12781,-0.18689,-85.5420,250.1298,-54.9924
584012067,1.24744,-1.80505,1.99994,114.0687,226.2366,12.8626,0.00854,-1.13672,-0.11743,-88.4504,250.1298,-55.9389
584013067,0.16248,-2.00000,1.99994,133.9542,173.6489,-2.0153,-0.00708,-1.14587,-0.04895,-91.1527,250.1298,-56.9160
584014067,-0.82251,-1.37939,1.99994,115.5954,153.9542,-8.1374,-0.02368,-1.15454,0.02063,-93.6031,250.1298,-57.8702
584015067,-1.16357,-0.99951,1.99994,99.8397,155.5802,-6.2748,-0.04077,-1.16565,0.09119,-95.7252,250.1298,-58.8092
584016067,-0.95703,-1.54712,1.99994,100.3817,174.1603,-4.2290,-0.05713,-1.17859,0.15967,-97.4809,250.1298,-59.7863
584017067,-0.85168,-2.00000,1.99994,78.4962,204.4504,-5.0611,-0.07324,-1.18933,0.22742,-98.8702,250.1298,-60.9008
584018067,-0.86975,-2.00000,1.99994,28.0229,242.3893,-3.6718,-0.09045,-1.19861,0.29724,-99.9008,250.1298,-62.0840
584019067,-0.84595,-1.91687,1.99994,-6.4427,250.1298,-4.6031,-0.10974,-1.20691,0.36694,-100.5496,250.1298,-63.2672
584020067,-0.84387,-1.55725,1.99994,-5.8015,250.1298,-7.1756,-0.12927,-1.21289,0.43640,-100.8015,250.1298,-64.4656
584021065,-0.48718,-1.66919,1.99994,3.8550,250.1298,-6.3588,-0.14905,-1.21655,0.50708,-100.6718,250.1298,-65.6794
584022065,-0.05530,-2.00000,1.99994,0.1145,250.1298,-3.7786,-0.16968,-1.21887,0.57910,-100.1756,250.1298,-66.9008
584023069,0.54382,-1.78772,1.99994,-9.5725,250.1298,-7.1221,-0.19080,-1.22046,0.65173,-99.3435,250.1298,-68.1756
584024067,1.48474,-0.76001,1.99994,-7.7634,243.6107,-14.3588,-0.21240,-1.22205,0.72302,-98.1756,250.1298,-69.4809
584025067,1.99994,-0.01392,1.99994,3.3130,215.8550,-13.3130,-0.23425,-1.22375,0.79309,-96.6947,250.1298,-70.8015
584026067,1.89563,-0.09485,1.99994,7.6794,171.8397,-3.1298,-0.25586,-1.22437,0.86536,-94.9389,250.1298,-72.1527
584027065,1.59729,-0.65735,1.99994,-0.3817,127.8015,8.3969,-0.27649,-1.22339,0.93835,-92.9237,250.1298,-73.5496
584028065,1.35864,-1.30127,1.99994,-18.8626,84.8092,16.6336,-0.29639,-1.22168,1.00928,-90.6794,250.1298,-74.9924
584029065,1.11450,-1.68542,1.99994,-39.7099,43.0229,22.2901,-0.31702,-1.21875,1.07690,-88.2214,250.1298,-76.4656
584030069,0.91675,-1.54736,1.99994,-54.4733,6.9313,26.5267,-0.33899,-1.21399,1.14050,-85.6031,250.1298,-77.9695
584031068,0.76379,-0.95398,1.99994,-67.6260,-13.9237,32.4656,-0.36108,-1.20679,1.20288,-82.8626,250.1298,-79.4351
584032068,0.48108,-0.56470,1.99994,-85.0763,-20.3588,43.2824,-0.38354,-1.19873,1.26501,-80.0153,250.1298,-80.8550
584033068,0.09778,-0.84241,1.99994,-99.1221,-15.0763,53.6718,-0.40637,-1.18970,1.32483,-77.0611,250.1298,-82.2443
584034068,-0.06641,-1.45740,1.99994,-98.2672,-3.4427,54.3588,-0.42786,-1.17834,1.38147,-74.0534,250.1298,-83.6336
584035067,-0.26221,-1.66882,1.99994,-86.9542,4.0458,43.0382,-0.44690,-1.16614,1.43616,-71.0229,250.1298,-84.9466
584036067,-0.57410,-1.28455,1.99994,-78.7252,6.2214,27.9237,-0.46448,-1.15405,1.49072,-67.9771,250.1298,-86.1985
584037067,-0.72119,-0.66956,1.54395,-75.8855,8.4351,16.5267,-0.48096,-1.14014,1.54297,-64.9466,250.1298,-87.3817
584038068,-0.93298,0.04761,1.99994,-73.4351,5.6031,11.0840,-0.49573,-1.12415,1.59167,-61.9389,250.1298,-88.4885
584039068,-1.32739,1.99994,0.44482,-75.3588,-49.2519,12.5954,-0.50977,-1.10754,1.63708,-58.9313,250.1298,-89.5115
584040068,-1.59399,1.99994,-2.00000,-32.7786,-200.5496,29.8855,-0.52271,-1.08948,1.68018,-55.9466,250.1298,-90.4122
584041067,-2.00000,1.99994,-2.00000,148.3359,-250.1374,17.6794,-0.53394,-1.06970,1.72107,-52.9924,250.1298,-91.1679
584042067,-2.00000,0.88733,-2.00000,250.1298,-250.1374,-18.9847,-0.54358,-1.04883,1.75867,-50.0840,250.1298,-91.7481
584043068,-2.00000,-2.00000,-2.00000,250.1298,-250.1374,-37.4275,-0.55115,-1.02710,1.79346,-47.2290,250.1298,-92.2061
584044068,-2.00000,-2.00000,-2.00000,250.1298,-244.1603,-33.0687,-0.55603,-1.00500,1.82690,-44.4427,250.1298,-92.5420
584045068,-2.00000,-2.00000,-2.00000,229.2290,-44.7481,-86.7786,-0.55933,-0.98206,1.85864,-41.7252,250.1298,-92.7252
584046068,-2.00000,1.19055,-2.00000,250.1298,250.1298,-179.9924,-0.56287,-0.95911,1.88928,-39.0992,250.1298,-92.7863
584047067,-2.00000,1.45227,-2.00000,250.1298,250.1298,-232.4275,-0.56616,-0.93542,1.91919,-36.5954,250.1298,-92.7252
584048068,-2.00000,-0.74255,-2.00000,250.1298,250.1298,-240.2443,-0.56799,-0.91016,1.94739,-34.2137,250.1298,-92.5267
584049068,-2.00000,-2.00000,-2.00000,250.1298,250.1298,-250.1374,-0.56848,-0.88599,1.97412,-31.9466,250.1298,-92.1832
584050067,-2.00000,-2.00000,-2.00000,250.1298,250.1298,-250.1374,-0.56763,-0.86292,1.99994,-29.8092,250.1298,-91.6947
584051068,-2.00000,0.20032,-2.00000,250.1298,250.1298,-250.1374,-0.56531,-0.83936,1.99994,-27.7786,250.1298,-91.0611
584052068,-2.00000,0.61279,0.11072,250.1298,250.1298,-250.1374,-0.56250,-0.81506,1.99994,-25.8321,250.1298,-90.2672
584053068,-2.00000,-0.79761,1.99994,250.1298,250.1298,-250.1374,-0.55945,-0.79138,1.99994,-23.9695,250.1298,-89.3053
584054068,1.76697,-0.45557,1.99994,250.1298,250.1298,-239.7786,-0.55554,-0.76917,1.99994,-22.2137,250.1298,-88.1985
584055067,1.99994,1.99994,1.99994,250.1298,250.1298,-215.6107,-0.55078,-0.74744,1.99994,-20.5420,250.1298,-86.9389
584056067,1.99994,1.99994,1.99994,214.9618,250.1298,-185.6718,-0.54541,-0.72607,1.99994,-18.9771,250.1298,-85.5038
584057068,1.99994,1.99994,1.99994,223.0076,250.1298,-149.3740,-0.53992,-0.70630,1.99994,-17.5420,249.0534,-83.9389
584058068,1.99994,1.99994,1.99994,250.1298,250.1298,-148.7023,-0.53430,-0.68640,1.99994,-16.1832,240.6794,-82.2366
584059067,1.99994,-0.47803,1.99994,250.1298,250.1298,-196.3969,-0.52783,-0.66638,1.99994,-14.9160,232.4351,-80.3664
584060068,1.84827,-1.62378,1.99994,250.1298,250.1298,-250.1374,-0.52100,-0.64709,1.99994,-13.7710,224.3206,-78.3053
584061067,-1.40271,0.49707,0.26379,250.1298,156.1374,-250.1374,-0.51477,-0.62842,1.99994,-12.7252,216.2977,-76.1069
584062068,-2.00000,1.99994,-2.00000,250.1298,134.5954,-250.1374,-0.50879,-0.61023,1.99994,-11.7557,208.3740,-73.7786
584063068,-2.00000,1.99994,-1.21423,250.1298,250.1298,-250.1374,-0.50220,-0.59180,1.99994,-10.8931,200.5802,-71.3359
584064067,-2.00000,0.54248,1.99994,250.1298,250.1298,-250.1374,-0.49512,-0.57397,1.99994,-10.1374,192.8855,-68.8244
584065067,-2.00000,1.40796,1.99994,250.1298,250.1298,-250.1374,-0.48792,-0.55811,1.99994,-9.5115,185.2443,-66.2061
584066067,-2.00000,1.99994,-1.67529,250.1298,250.1298,-220.5496,-0.48059,-0.54480,1.99994,-8.9695,177.6870,-63.4809
584067067,-2.00000,1.99994,-1.17297,250.1298,250.1298,-168.5496,-0.47290,-0.53308,1.99994,-8.5267,170.2443,-60.6870
584068065,-2.00000,1.99994,1.99994,249.7481,250.1298,-114.9084,-0.46497,-0.52161,1.99994,-8.1756,162.8702,-57.8550
584069069,-2.00000,0.40771,1.99994,194.5954,250.1298,-69.9847,-0.44910,-0.50098,1.99994,-7.7939,148.3206,-52.0076
584070068,-2.00000,-0.41394,1.99994,195.9160,250.1298,-67.7328,-0.44128,-0.49341,1.99994,-7.7557,141.1679,-49.0534
584071067,-1.04944,-0.23669,1.99994,250.1298,250.1298,-109.1756,-0.43372,-0.48621,1.99994,-7.8397,134.0534,-46.1221
584072068,1.47510,0.17883,1.99994,250.1298,250.1298,-157.7405,-0.42664,-0.47900,1.99994,-8.0305,126.9466,-43.1527
584073067,1.99994,-0.16870,1.99994,250.1298,250.1298,-170.9313,-0.41870,-0.47144,1.99994,-8.3130,119.7710,-40.1679
584074068,1.99994,-0.87695,1.99994,250.1298,250.1298,-173.5954,-0.41016,-0.46497,1.99438,-8.7023,112.7557,-37.2443
584075068,1.99994,-0.96643,1.99994,250.1298,250.1298,-194.0153,-0.40027,-0.45959,1.97278,-9.1832,105.8702,-34.3664
584076064,1.99994,-1.35986,1.99994,250.1298,250.1298,-198.2901,-0.38916,-0.45496,1.94934,-9.7786,99.0153,-31.5038
584077069,1.99994,-2.00000,1.99994,250.1298,228.2519,-164.5115,-0.37793,-0.45068,1.92566,-10.4962,92.1374,-28.6794
584078064,1.65405,-2.00000,1.99994,220.6718,120.8473,-140.2824,-0.36597,-0.44751,1.90173,-11.2748,85.2519,-25.8931
584079065,1.99994,-0.91833,1.99994,216.2290,57.5802,-126.9542,-0.35291,-0.44678,1.87695,-12.1069,78.4427,-23.1908
584080068,1.99994,1.03735,1.99994,161.4809,-9.3588,-88.3206,-0.34180,-0.44226,1.85303,-12.9924,71.7328,-20.6412
584081068,0.06750,1.82202,1.99994,79.2290,-59.1679,-47.3206,-0.33057,-0.44092,1.82678,-13.9618,65.0076,-18.0382
584082068,-1.59949,1.17139,1.99994,68.9313,-46.8321,-36.1679,-0.31702,-0.44458,1.79663,-14.9466,58.3206,-15.4504
584083068,-1.71570,-0.61621,1.99994,122.1832,4.7099,-53.8321,-0.30310,-0.44751,1.76843,-15.9389,51.7634,-12.8855
584084068,-1.98718,-1.57629,1.99994,168.0763,31.7786,-90.1450,-0.28809,-0.45361,1.74109,-16.9313,45.3359,-10.3664
584085067,-2.00000,-1.07507,0.39221,172.4275,52.3359,-121.6107,-0.27246,-0.46045,1.71301,-17.9084,38.9695,-7.8779
584086068,-2.00000,0.45203,-1.07605,165.9466,86.9542,-138.6718,-0.25781,-0.46777,1.68530,-18.8855,32.7099,-5.4427
584087068,-1.69116,1.90076,-1.14148,172.2137,117.1298,-142.9771,-0.24414,-0.47595,1.65857,-19.8626,26.5496,-3.0305
584088067,-1.07825,1.40857,0.37024,161.3893,149.2061,-126.2137,-0.22998,-0.48462,1.63208,-20.8168,20.5038,-0.6336
584089068,-0.31360,-0.35107,1.44312,113.1374,159.1069,-93.3282,-0.21472,-0.49438,1.60425,-21.7634,14.5573,1.7481
584090068,-0.00574,-0.84729,1.69055,35.5954,161.0000,-61.5573,-0.19873,-0.50476,1.57605,-22.6718,8.7023,4.0763
584091067,0.31616,0.24731,1.99994,-36.8931,172.5038,-34.3206,-0.18262,-0.51575,1.54675,-23.5191,2.9771,6.3435
584092067,0.71350,1.52991,1.99994,-68.3435,169.9618,-8.9084,-0.16614,-0.52832,1.51453,-24.3206,-2.6107,8.6031
584093065,1.08521,1.80933,1.99994,-48.2672,144.6947,9.5420,-0.15137,-0.54089,1.48181,-25.1069,-8.0687,10.8015
584094065,1.24829,0.98816,1.99994,-10.7939,103.1374,17.4656,-0.13855,-0.55334,1.45056,-25.9008,-13.4427,12.9771
584095069,1.02808,0.00891,1.99994,14.8397,56.7176,10.9466,-0.12561,-0.56702,1.41956,-26.6718,-18.6947,15.0687
584096068,0.99158,-0.34937,1.99994,34.0687,21.6718,-9.4504,-0.11157,-0.58142,1.38916,-27.4122,-23.8092,17.1145
584097068,0.78796,0.11914,1.99994,61.9542,-1.7023,-35.5573,-0.09631,-0.59570,1.35974,-28.1450,-28.7939,19.1145
584098068,0.24963,0.91174,1.96399,100.2214,-21.6565,-54.1069,-0.08057,-0.60913,1.32935,-28.8397,-33.6870,21.1069
584099067,0.04382,1.15222,1.70593,119.7786,-26.1679,-52.1298,-0.06616,-0.62292,1.29846,-29.5115,-38.4809,23.0153
584100067,-0.17590,0.80542,0.97473,85.8702,-20.3282,-29.1298,-0.05383,-0.63647,1.26819,-30.2061,-43.1374,24.8092
584101067,-0.58606,0.42603,0.08057,19.6336,0.5267,0.3359,-0.04114,-0.64832,1.23572,-30.9008,-47.6489,26.5115
584102068,-0.56946,0.33850,0.12598,-25.5573,34.1603,22.5954,-0.02722,-0.65906,1.20239,-31.5802,-52.0687,28.1374
584103068,-0.52844,0.73779,0.42236,-43.3206,53.6336,37.8397,-0.01343,-0.66919,1.16956,-32.2595,-56.3969,29.6794
584104067,-1.22241,1.23352,0.56091,-57.7557,56.2977,53.8931,0.00098,-0.67993,1.13696,-32.9542,-60.6107,31.0840
584105068,-1.71118,1.03662,1.71729,-83.3511,75.9389,73.5267,0.01538,-0.69092,1.10522,-33.6489,-64.7099,32.4046
584106068,-1.26770,0.50195,1.99994,-122.7863,115.3359,90.9160,0.02881,-0.70215,1.07288,-34.3359,-68.6947,33.6412
584107067,-0.13342,-0.45398,1.99994,-148.0840,132.6412,103.2824,0.04175,-0.71313,1.04004,-35.0229,-72.5649,34.8015
584108068,1.25183,-1.56702,1.99994,-122.4351,126.9389,96.4962,0.05408,-0.72351,1.00793,-35.7099,-76.3282,35.8626
584109068,1.97327,-1.24109,1.99994,-63.7252,92.9618,71.6489,0.06641,-0.73376,0.97559,-36.3969,-79.9542,36.8092
584110068,1.99994,0.23608,1.99994,-54.1221,32.5115,64.3893,0.07971,-0.74463,0.94214,-37.0840,-83.4504,37.6489
584111068,1.99994,0.06934,1.99994,-114.9313,-23.7786,94.6336,0.09436,-0.75610,0.90906,-37.7710,-86.8702,38.3664
584112067,1.99994,-1.83032,1.99994,-166.0305,-87.4504,122.3282,0.10925,-0.76709,0.87708,-38.4275,-90.1756,39.0000
584113067,1.81030,-2.00000,1.99994,-162.6947,-167.4427,118.3435,0.12415,-0.77783,0.84583,-39.0916,-93.3206,39.5725
584114068,1.13196,-1.50830,1.99994,-149.4427,-241.7786,106.4427,0.13916,-0.78857,0.81531,-39.7710,-96.3130,40.0916
584115067,0.51941,-0.26648,1.99994,-154.2366,-250.1374,103.8702,0.15381,-0.79858,0.78442,-40.4275,-99.1679,40.5115
584116068,-0.07227,0.19556,1.99994,-169.7176,-250.1374,111.4046,0.16956,-0.80847,0.75403,-41.0305,-101.9160,40.8626
584117068,-0.41699,-0.15137,1.66077,-179.0916,-250.1374,117.9466,0.18640,-0.81909,0.72388,-41.5802,-104.4962,41.1450
584118067,-1.11987,-0.81873,0.15051,-160.6794,-250.1374,108.7176,0.20349,-0.83008,0.69409,-42.0916,-106.8626,41.4198
584119067,-1.76257,-1.57471,-1.24536,-114.6412,-250.1374,83.6260,0.21985,-0.84167,0.66528,-42.5725,-109.0229,41.6565
584120067,-1.94348,-1.28223,-2.00000,-76.5267,-211.3359,56.1603,0.23425,-0.85315,0.63660,-43.0305,-111.0458,41.8321
584121068,-2.00000,-0.24609,-2.00000,-69.2137,-181.7710,45.5038,0.24866,-0.86365,0.60913,-43.4656,-112.9542,41.9542
584122068,-2.00000,0.03394,-2.00000,-82.7405,-147.4885,53.4504,0.26343,-0.87329,0.58215,-43.8855,-114.6718,42.0305
584123068,-1.74988,-0.36414,-2.00000,-104.4351,-99.6794,67.0458,0.27783,-0.88208,0.55627,-44.2977,-116.1908,42.0611
584124067,-1.04187,-0.47363,-0.34900,-137.3588,-67.2901,81.4962,0.29187,-0.89087,0.53137,-44.6718,-117.5267,42.0534
584125068,-1.09668,-0.24207,-0.94934,-181.7099,-59.8931,99.9237,0.30469,-0.89978,0.50562,-44.9695,-118.6718,42.0153
584126068,-1.37390,0.06897,-1.86719,-213.3053,-56.9771,115.3282,0.31677,-0.90906,0.48059,-45.2214,-119.6412,41.9160
584127068,-0.61572,0.48755,-0.99084,-225.2443,-40.0000,123.7634,0.32861,-0.91882,0.45728,-45.4351,-120.4122,41.7863
584128068,0.11035,0.64526,0.32690,-246.1069,-44.2901,134.1985,0.34058,-0.92773,0.43347,-45.6336,-121.0153,41.6260
584129067,0.12134,0.62817,0.33740,-250.1374,-73.4427,141.4656,0.35303,-0.93555,0.40967,-45.7863,-121.4198,41.4504
584130068,0.28918,0.97485,0.85034,-239.9618,-89.5725,131.5573,0.36462,-0.94287,0.38696,-45.9160,-121.6031,41.2290
584131068,0.73291,1.09094,1.99994,-168.6489,-96.4427,112.9008,0.37573,-0.94897,0.36414,-46.0458,-121.5878,40.9160
584132068,1.03247,0.53125,1.99994,-118.8550,-100.5115,102.3740,0.38684,-0.95496,0.34131,-46.1450,-121.4046,40.5344
584133067,0.89380,0.08105,1.99994,-111.9313,-105.2443,102.0534,0.39844,-0.96167,0.31970,-46.1832,-121.0611,40.0916
584134067,0.71338,0.13879,1.46606,-103.0305,-110.3053,101.2901,0.41028,-0.96887,0.29761,-46.1908,-120.5573,39.6183
584135067,0.90771,-0.13599,1.46680,-74.3969,-117.1756,99.0992,0.42212,-0.97461,0.27417,-46.1603,-119.8473,39.0992
584136068,1.17200,-0.81592,1.99609,-45.8855,-136.1756,95.0763,0.43372,-0.97900,0.25171,-46.0763,-118.9466,38.5038
584137068,0.79041,-0.30359,1.99994,-34.8397,-165.4046,87.0763,0.44629,-0.98340,0.23035,-45.9466,-117.9008,37.8473
584138068,-0.20459,-0.44043,0.52612,-99.3053,-212.0534,115.3130,0.45911,-0.98755,0.21094,-45.7710,-116.6870,37.1298
584139068,0.20032,-2.00000,0.91333,-160.7099,-204.2824,134.2137,0.47009,-0.99158,0.19226,-45.5344,-115.2977,36.3664
584140068,0.29993,-1.90515,1.96545,-228.7099,-190.9008,137.2290,0.48169,-0.99634,0.17212,-45.2061,-113.7023,35.5802
584141067,-0.28650,0.35132,1.35205,-250.1374,-190.7557,141.9618,0.49438,-1.00098,0.15247,-44.8092,-111.9466,34.7099
584142068,-0.81763,1.16711,-0.13306,-250.1374,-187.8092,158.7863,0.50647,-1.00537,0.13562,-44.3511,-110.0611,33.7786
584143068,-0.78284,0.39465,-0.16553,-250.1374,-176.2748,179.5267,0.51819,-1.00854,0.12036,-43.7710,-108.0000,32.8092
584144068,-0.11011,0.15552,1.12317,-250.1374,-154.2519,192.2061,0.52869,-1.01099,0.10522,-43.0840,-105.7557,31.7939
584145068,-0.02673,0.75269,1.78210,-250.1374,-149.0763,194.8473,0.53918,-1.01367,0.09180,-42.2824,-103.3359,30.7252
584146067,-0.27502,1.06812,1.06934,-250.1374,-161.3435,185.6107,0.54919,-1.01599,0.07935,-41.3664,-100.7786,29.6107
584147067,0.11267,1.02429,0.96069,-174.1527,-177.1145,166.2519,0.55725,-1.01831,0.06653,-40.3511,-98.0534,28.4885
584148067,0.33508,0.31946,1.06091,-102.2977,-212.0229,150.1832,0.56470,-1.02051,0.05383,-39.2443,-95.1374,27.3511
584149067,-0.08008,-0.79321,0.32874,-80.1603,-246.2443,139.9237,0.57214,-1.02246,0.04236,-38.0382,-92.0611,26.2137
584150067,-0.84229,-1.35010,-0.44653,-77.0992,-250.1374,126.4198,0.57983,-1.02380,0.03259,-36.7405,-88.8244,25.0611
584151067,-1.31409,-1.35168,-1.01562,-52.4275,-250.1374,109.2214,0.58740,-1.02368,0.02332,-35.3588,-85.4427,23.9008
584152068,-1.47058,-1.79028,-0.96533,-27.2290,-250.1374,100.4046,0.59436,-1.02295,0.01501,-33.8626,-81.9466,22.7710
584153068,-1.64514,-2.00000,-1.06104,-49.2824,-239.0382,107.4962,0.60120,-1.02209,0.00830,-32.2672,-78.3206,21.6489
584154068,-1.54126,-2.00000,-1.29041,-133.2366,-194.6260,125.5038,0.60767,-1.02087,0.00159,-30.5954,-74.5878,20.5344
584155068,-1.08362,-1.83069,-0.87463,-232.3359,-143.2214,147.5954,0.61255,-1.01929,-0.00488,-28.8702,-70.7557,19.4656
584156068,-0.78516,-0.73633,-0.58337,-250.1374,-119.5878,162.1679,0.61658,-1.01746,-0.01050,-27.1069,-66.8779,18.4351
584157067,-0.93323,-0.69507,-1.30994,-235.5649,-134.7328,168.7176,0.61865,-1.01550,-0.01599,-25.2748,-62.9618,17.4351
584158067,-1.24902,-1.57336,-2.00000,-216.2901,-169.0458,176.1221,0.61987,-1.01294,-0.02246,-23.4046,-58.9695,16.4733
584159068,-1.48865,-2.00000,-2.00000,-231.1603,-193.8779,177.5878,0.62268,-1.01062,-0.02795,-21.5191,-54.9389,15.5115
584160068,-1.36914,-2.00000,-2.00000,-243.3893,-198.2519,167.2595,0.62463,-1.00806,-0.03235,-19.6412,-50.8931,14.6031
584161068,-1.07080,-1.65283,-1.84753,-218.0305,-194.5954,144.5649,0.62512,-1.00549,-0.03613,-17.7634,-46.8168,13.7405
584162068,-1.13257,-1.05396,-1.96533,-154.5496,-200.0611,117.5496,0.62488,-1.00293,-0.03967,-15.9084,-42.7481,12.9389
584163068,-1.46924,-1.08960,-2.00000,-93.0763,-193.1832,95.8702,0.62354,-1.00024,-0.04285,-14.0687,-38.7023,12.1832
584164067,-1.84570,-1.50354,-2.00000,-67.9389,-164.1908,82.9466,0.62244,-0.99658,-0.04468,-12.2443,-34.7099,11.4580
584165067,-2.00000,-2.00000,-2.00000,-70.6794,-122.9847,74.1145,0.62097,-0.99194,-0.04651,-10.4504,-30.7863,10.7634
584166068,-2.00000,-2.00000,-2.00000,-67.7786,-86.7634,61.0229,0.61853,-0.98730,-0.04761,-8.7328,-26.9618,10.1145
584167068,-2.00000,-1.77783,-2.00000,-39.9313,-62.3206,42.9008,0.61572,-0.98254,-0.04834,-7.0916,-23.2290,9.5649
584168068,-1.75806,-0.89917,-2.00000,-11.5573,-43.7710,32.4504,0.60791,-0.97156,-0.04846,-4.0000,-16.0076,8.6260
584169068,-1.38306,-0.48206,-2.00000,-20.6794,-26.2519,40.9008,0.60242,-0.96631,-0.04761,-2.6183,-12.5344,8.1985
584170068,-1.11707,-0.66736,-2.00000,-50.7023,-8.9924,58.7328,0.59729,-0.96069,-0.04529,-1.3206,-9.1527,7.8168
584171068,-1.14978,-1.19836,-2.00000,-59.4198,2.4351,69.9313,0.59338,-0.95496,-0.04407,-0.0992,-5.9008,7.4504
584172068,-1.56140,-2.00000,-2.00000,-53.0305,-3.2443,76.5649,0.59045,-0.94958,-0.04272,1.0382,-2.7939,7.0916
584173068,-1.91431,-2.00000,-2.00000,-63.8092,-3.9389,78.5725,0.58752,-0.94507,-0.04126,2.0840,0.1603,6.7710
584174067,-1.79895,-2.00000,-2.00000,-90.5878,15.4885,71.4580,0.58386,-0.94067,-0.04077,3.0687,2.9542,6.4580
584175068,-1.21692,-2.00000,-0.84814,-111.7328,44.4809,56.5191,0.57983,-0.93652,-0.03918,3.9924,5.6412,6.1450
584176068,-0.83154,-1.72095,-0.15063,-116.7557,59.4198,44.2901,0.57568,-0.93372,-0.03601,4.8855,8.2366,5.8626
584177068,-0.88782,-1.46948,-0.48755,-108.9618,55.3893,38.8779,0.57251,-0.93140,-0.03259,5.7405,10.7176,5.6183
584178068,-0.52856,-1.94299,0.09094,-102.4198,68.6336,33.6183,0.56970,-0.92896,-0.02844,6.5649,13.1298,5.4122
584179068,0.14148,-2.00000,1.66858,-110.1221,83.7481,26.8397,0.56616,-0.92664,-0.02405,7.3588,15.4122,5.2366
584180068,0.25977,-2.00000,1.99994,-122.0916,75.9084,19.5878,0.56262,-0.92407,-0.01953,8.0916,17.5420,5.0687
584181068,0.18030,-1.66296,1.50940,-100.6794,51.8015,8.7939,0.55920,-0.92090,-0.01367,8.7634,19.5267,4.9084
584182068,0.13391,-0.96045,1.19189,-46.1679,15.7634,-3.2137,0.55518,-0.91760,-0.00659,9.3740,21.4351,4.7710
584183067,0.16760,-0.64575,1.26062,-14.6412,-13.8855,-4.6412,0.55029,-0.91479,0.00061,9.9313,23.2290,4.6565
584184068,0.24939,-0.88623,1.07739,-27.6183,-34.2901,5.7710,0.54504,-0.91174,0.00830,10.4275,24.8931,4.5344
584185067,0.04675,-1.29309,0.51843,-43.7481,-48.2366,15.6565,0.53979,-0.90833,0.01672,10.8626,26.4351,4.4046
584186068,-0.13318,-1.43518,0.38452,-30.9466,-51.0534,13.7328,0.53467,-0.90540,0.02441,11.2137,27.8626,4.2595
584187068,-0.23071,-0.94360,0.38245,-3.9542,-46.9389,2.8168,0.52893,-0.90344,0.03259,11.4733,29.1603,4.1374
584188067,-0.58691,-0.51501,-0.13684,7.2595,-37.1603,-1.6260,0.52307,-0.90149,0.04102,11.6412,30.3511,4.0229
584189068,-0.97498,-0.84766,-1.05811,-5.9389,-22.8473,3.8779,0.51758,-0.89929,0.04895,11.7176,31.4351,3.8931
584190067,-1.15906,-1.43445,-2.00000,-18.5191,-11.3893,5.5115,0.51135,-0.89563,0.05823,11.7176,32.3817,3.7481
584191068,-1.35339,-1.73071,-2.00000,0.8855,-8.4046,-6.9313,0.50464,-0.89075,0.06458,11.6107,33.1679,3.5802
584192068,-1.33630,-1.74854,-2.00000,44.4046,-3.7939,-27.0992,0.49744,-0.88733,0.07117,11.4122,33.8550,3.4198
584193068,-0.96094,-1.74036,-1.88098,71.1298,7.8550,-39.4351,0.48975,-0.88574,0.08105,11.1298,34.4351,3.2901
584194068,-0.80298,-1.65491,-1.45764,68.5954,19.9313,-40.6489,0.48242,-0.88501,0.09009,10.7939,34.8779,3.1527
584195067,-0.75244,-1.47644,-1.26013,62.4351,39.4885,-39.6183,0.47644,-0.88489,0.09839,10.3740,35.1756,2.9847
584196067,-0.54297,-1.40491,-0.90442,70.6412,63.7405,-42.9924,0.47144,-0.88440,0.10559,9.8702,35.3206,2.8244
584197068,-0.58667,-1.49353,-0.79822,83.5725,78.4733,-48.7786,0.46667,-0.88293,0.11206,9.2901,35.3053,2.6718
584198068,-0.72339,-1.56445,-0.96826,86.5496,85.3817,-53.3053,0.46204,-0.88110,0.11902,8.6412,35.1603,2.5344
584199067,-0.62866,-1.25366,-1.10986,74.2519,85.4885,-55.0534,0.45703,-0.87964,0.12695,7.9618,34.8855,2.4046
584200068,-0.29980,-0.64709,-0.84448,56.3740,83.1908,-54.2366,0.45264,-0.87781,0.13416,7.2290,34.4885,2.2672
584201068,0.11011,-0.27112,0.07031,55.5573,78.4504,-52.2290,0.44934,-0.87537,0.13928,6.4122,33.9389,2.1221
584202068,0.27197,-0.48962,0.62402,68.8855,61.5267,-46.2901,0.44580,-0.87317,0.14478,5.5038,33.2519,1.9847
584203068,0.12427,-1.01843,0.16516,69.5649,41.8779,-35.8779,0.44141,-0.87122,0.15137,4.5115,32.4885,1.8855
584204068,-0.19312,-1.13708,-0.41760,55.8015,34.9313,-27.7634,0.43689,-0.86865,0.15833,3.4275,31.6412,1.7939
584205068,-0.49597,-0.80261,-0.56152,49.1832,39.4351,-25.5115,0.43262,-0.86694,0.16589,2.3053,30.6718,1.6947
584206068,-0.44800,-0.48206,-0.97522,58.2214,43.0534,-27.1756,0.43030,-0.86658,0.17358,1.1450,29.5878,1.5878
584207068,-0.44336,-0.15759,-1.73328,78.2672,36.6870,-31.6489,0.42993,-0.86609,0.18030,-0.0305,28.4046,1.5038
584208068,-0.59192,-0.02881,-1.77966,104.3206,36.8168,-37.7176,0.42969,-0.86560,0.18555,-1.2748,27.1527,1.4275
584209068,-0.56055,-0.45605,-1.39453,126.9847,47.5725,-44.1679,0.42944,-0.86621,0.19067,-2.5420,25.8244,1.3511
584210068,-0.74341,-1.24731,-1.69177,141.8702,58.9160,-52.6336,0.43005,-0.86914,0.19482,-3.7863,24.4275,1.2901
584211068,-1.22485,-1.65491,-2.00000,169.1679,68.8168,-69.6870,0.43030,-0.87354,0.19751,-4.9847,23.0076,1.2366
584212068,-1.56189,-1.37000,-2.00000,205.4809,85.6183,-90.5420,0.43103,-0.87720,0.20032,-6.1221,21.5649,1.2137
584213068,-1.32690,-0.96204,-2.00000,217.9389,111.7405,-101.6336,0.43262,-0.88013,0.20410,-7.1985,20.1145,1.1756
584214068,-1.04163,-0.53601,-1.55713,203.4122,135.5115,-101.6412,0.43433,-0.88342,0.20813,-8.1985,18.6412,1.1527
584215068,-0.84351,-0.17798,-0.96167,190.8473,149.9313,-95.4809,0.43530,-0.88782,0.21106,-9.1527,17.1756,1.1527
584216068,-0.30920,-0.17859,-0.27551,183.3053,158.2672,-85.3740,0.43555,-0.89343,0.21191,-10.0458,15.7328,1.1527
584217068,-0.09412,-0.79773,0.03748,164.2519,152.0305,-70.2595,0.43604,-0.89819,0.21191,-10.8550,14.2901,1.1450
584218068,-0.26697,-1.56262,0.03052,134.7863,143.4198,-57.0687,0.43689,-0.90222,0.21167,-11.5954,12.8626,1.1145
584219068,-0.04114,-1.41003,0.60876,103.9389,146.0992,-50.9924,0.43726,-0.90710,0.21277,-12.2748,11.4656,1.1069
584220068,0.27417,-0.43506,1.17603,80.8550,141.7176,-47.3053,0.43665,-0.91174,0.21313,-12.8855,10.0611,1.1298
584221068,0.32080,0.39856,1.65234,81.3053,135.9466,-44.5267,0.43591,-0.91602,0.21252,-13.4733,8.6641,1.1679
584222068,0.54492,0.35681,1.99994,98.9237,133.5344,-41.7863,0.43567,-0.91992,0.21375,-14.0458,7.2977,1.1985
584223068,0.71509,-0.34351,1.99994,102.9695,126.2977,-37.4122,0.43591,-0.92310,0.21606,-14.5878,5.9847,1.2214
584224068,0.60510,-0.92957,1.99994,92.2824,112.9542,-35.9466,0.43701,-0.92590,0.21790,-15.0992,4.6947,1.2137
584225068,0.57776,-0.84583,1.98962,93.9771,97.6870,-42.6947,0.43860,-0.92822,0.21960,-15.5878,3.4427,1.2214
584226067,0.59595,-0.41809,1.96167,110.6183,75.3740,-50.1832,0.44043,-0.93030,0.22144,-16.0687,2.2366,1.2672
584227067,0.36816,-0.67627,1.45984,117.2366,45.3206,-46.6870,0.44177,-0.93140,0.22107,-16.5878,1.0458,1.2977
584228068,-0.03601,-1.53467,0.90930,90.5725,26.2748,-32.7328,0.44250,-0.93188,0.21924,-17.1069,-0.1298,1.3130
584229068,-0.08228,-1.77649,1.02417,38.0840,33.4046,-19.1069,0.44397,-0.93237,0.21741,-17.6260,-1.2977,1.3130
584230067,0.08118,-0.95483,1.53040,-0.4198,56.2443,-14.5573,0.44629,-0.93286,0.21619,-18.1985,-2.4046,1.3359
584231068,-0.19177,0.04700,1.38684,-4.9084,66.4656,-13.2290,0.44824,-0.93445,0.21399,-18.8168,-3.4580,1.3664
584232067,-0.38110,0.23132,0.85876,0.5038,71.4656,-4.7939,0.45044,-0.93628,0.21082,-19.4351,-4.4885,1.4046
584233067,-0.25171,-0.30408,0.89978,-9.8626,77.8244,7.4122,0.45276,-0.93738,0.20874,-20.0458,-5.5115,1.4275
584234068,-0.11609,-0.91882,1.19592,-30.6412,81.7634,14.0992,0.45520,-0.93896,0.20776,-20.6412,-6.4885,1.4122
584235068,0.16443,-1.05164,1.77087,-33.6489,82.1527,8.6641,0.45862,-0.94153,0.20642,-21.2519,-7.3893,1.3664
584236068,0.42871,-0.69580,1.99994,-2.9847,66.0611,-3.6412,0.46252,-0.94458,0.20483,-21.8321,-8.2824,1.2901
584237068,0.58105,-0.45435,1.99994,32.7939,40.6947,-9.8015,0.46643,-0.94751,0.20190,-22.3664,-9.1145,1.1985
584238068,0.72034,-0.55164,1.99994,38.9008,18.4733,-5.4504,0.46960,-0.95056,0.19861,-22.8244,-9.8779,1.0840
584239067,0.90259,-0.99414,1.99994,24.6794,8.1298,1.6336,0.47278,-0.95459,0.19629,-23.2137,-10.5802,0.9466
584240067,1.12109,-1.42920,1.99994,19.2748,3.0840,0.2290,0.47668,-0.95898,0.19373,-23.5802,-11.2061,0.8092
584241068,1.18689,-1.35596,1.99994,29.7786,-14.0382,-10.0076,0.48083,-0.96277,0.19031,-23.8779,-11.7786,0.6565
584242067,0.83997,-1.06055,1.62439,33.2443,-42.4580,-16.3435,0.48425,-0.96643,0.18579,-24.0763,-12.2748,0.4809
584243068,0.15540,-0.81909,0.17102,4.0076,-62.7863,-11.3206,0.48718,-0.97034,0.18201,-24.1527,-12.6641,0.3053
584244068,-0.08728,-0.70776,0.17358,-42.5878,-60.8779,1.4351,0.49060,-0.97424,0.17969,-24.0916,-12.9237,0.1298
584245068,0.14600,-0.87024,1.02454,-59.5496,-53.5344,10.7176,0.49426,-0.97827,0.17761,-23.9237,-13.0916,-0.0916
584246068,0.05627,-0.91577,0.96729,-44.7786,-62.3359,12.7099,0.49817,-0.98267,0.17578,-23.7023,-13.1679,-0.3282
584247068,-0.25000,-0.54919,0.11145,-35.3435,-69.2672,16.2977,0.50110,-0.98706,0.17456,-23.4046,-13.1527,-0.5725
584248068,-0.44397,-0.02795,-0.46399,-52.1450,-60.8321,27.3893,0.50305,-0.99170,0.17444,-23.0000,-13.0153,-0.8168
584249068,-0.51538,0.17139,-0.64319,-82.6183,-46.3588,43.2519,0.50537,-0.99646,0.17480,-22.5344,-12.7557,-1.0611
584250067,-0.62500,-0.11230,-0.90613,-93.3282,-45.7252,53.5802,0.50842,-1.00134,0.17456,-21.9618,-12.4046,-1.2901
584251067,-0.90112,-0.86633,-1.48022,-62.8092,-60.5802,51.3740,0.51196,-1.00525,0.17383,-21.3282,-11.9618,-1.5191
584252067,-1.14282,-1.75659,-1.79089,-23.0763,-70.3969,39.1221,0.51501,-1.00732,0.17456,-20.6412,-11.4427,-1.7252
584253067,-1.21094,-1.99731,-1.57227,-15.1756,-59.1679,26.1145,0.51758,-1.00830,0.17517,-19.8931,-10.8397,-1.9313
584254067,-1.24377,-1.66370,-1.27588,-29.8473,-34.8473,17.5802,0.51990,-1.00964,0.17444,-19.1069,-10.1527,-2.1527
584255067,-1.30823,-2.00000,-1.11206,-34.2290,-11.6794,15.1527,0.52161,-1.01160,0.17419,-18.2901,-9.3817,-2.3969
584256068,-1.25940,-2.00000,-0.89429,-37.7176,8.6260,15.0611,0.52429,-1.01270,0.17542,-17.4275,-8.5344,-2.6260
584257068,-1.11755,-2.00000,-0.87781,-67.4427,26.2901,14.6260,0.52710,-1.01440,0.17615,-16.5420,-7.6183,-2.8244
584258068,-0.88379,-2.00000,-0.91077,-106.7023,43.0992,13.1450,0.52869,-1.01624,0.17590,-15.6107,-6.6183,-3.0076
584259068,-0.58252,-1.37720,-0.32446,-117.7863,50.6336,11.4122,0.53052,-1.01599,0.17688,-14.6260,-5.5573,-3.2137
584260068,-0.16687,-0.77002,0.56787,-110.4733,41.8321,15.2214,0.53149,-1.01477,0.18005,-13.5878,-4.4809,-3.4275
584261068,0.08374,-0.84497,0.90076,-111.1145,18.4427,25.3130,0.53174,-1.01343,0.18225,-12.4962,-3.3893,-3.6718
584262068,-0.07275,-1.32898,0.49707,-120.2519,-5.9847,33.5191,0.53235,-1.01172,0.18213,-11.3817,-2.2672,-3.9389
584263067,-0.12585,-1.68945,0.46729,-121.4275,-13.8626,30.4962,0.53369,-1.01001,0.18201,-10.2519,-1.1145,-4.2443
584264067,-0.00073,-1.43774,0.94543,-99.8397,-18.6336,16.9313,0.53442,-1.00879,0.18298,-9.1221,0.0534,-4.5496
584265067,-0.03247,-0.80554,0.95996,-65.3664,-29.3893,3.4198,0.53308,-1.00757,0.18481,-7.9771,1.2443,-4.8626
584266067,-0.20422,-0.39221,0.32947,-45.5267,-39.9008,-0.3130,0.53113,-1.00562,0.18799,-6.8015,2.4504,-5.2214
584267067,-0.36475,-0.42761,-0.38123,-44.4504,-39.1679,2.3282,0.53015,-1.00378,0.19153,-5.5802,3.6565,-5.5725
584268067,-0.42249,-0.70667,-0.46667,-47.2214,-28.9008,4.0153,0.52783,-1.00183,0.19995,-3.0763,6.0229,-6.4198
584269067,-0.30176,-0.93982,-0.02600,-47.7328,-18.9160,3.4427,0.52527,-1.00037,0.20532,-1.7939,7.2137,-6.8931
584270067,-0.31641,-0.69971,-0.25342,-53.3588,-20.5725,7.0840,0.52295,-0.99792,0.21130,-0.5344,8.4275,-7.3664
584271068,-0.38940,-0.68787,-0.40906,-60.2519,-20.6260,13.5878,0.52075,-0.99500,0.21765,0.7176,9.6412,-7.8550
584272067,-0.32239,-0.97949,-0.09900,-66.7939,-21.6641,20.5344,0.51758,-0.99194,0.22449,1.9313,10.8168,-8.3435
584273067,-0.29126,-1.24561,-0.03259,-71.1069,-28.4885,24.3588,0.51318,-0.98853,0.23132,3.0916,11.9618,-8.8321
584274067,-0.41626,-1.25476,-0.33643,-65.8244,-38.1679,22.4809,0.50818,-0.98352,0.23828,4.2137,13.0687,-9.3130
584275067,-0.58337,-1.17419,-0.64905,-47.5725,-43.3359,15.1221,0.50317,-0.97791,0.24536,5.3130,14.1221,-9.7710
584276067,-0.64587,-1.14429,-0.77258,-32.8626,-41.3053,7.8626,0.49805,-0.97302,0.25183,6.3435,15.1221,-10.2519
584277068,-0.70349,-1.18445,-0.87830,-34.9924,-36.0076,5.0840,0.49280,-0.96863,0.25952,7.2595,16.0916,-10.7099
584278067,-0.79871,-1.39673,-1.00720,-45.1145,-27.0382,5.2214,0.48840,-0.96484,0.26929,8.0992,17.0153,-11.1374
584279068,-0.84253,-1.71814,-0.97864,-52.8092,-14.0992,4.3588,0.48376,-0.96118,0.27869,8.8931,17.8702,-11.5573
584280068,-0.74988,-1.90027,-0.81213,-54.3740,-0.5878,1.0458,0.47778,-0.95679,0.28833,9.5878,18.6489,-11.9542
584281068,-0.45605,-1.74902,-0.68579,-49.7786,10.6031,-4.2061,0.47253,-0.95203,0.29822,10.1679,19.3817,-12.3206
584282068,-0.21338,-1.10815,-0.62170,-46.3740,15.0382,-8.5878,0.46802,-0.94824,0.30786,10.6565,20.0916,-12.6794
584283068,-0.18481,-0.41174,-0.65149,-46.6260,11.2595,-7.6718,0.46265,-0.94397,0.31812,11.0916,20.7405,-13.0382
584284067,-0.24194,-0.47327,-0.69092,-41.4046,2.0229,-2.7328,0.45740,-0.93872,0.32739,11.4885,21.3206,-13.3359
584285068,-0.35999,-1.20667,-0.53198,-25.6031,-9.4733,-1.9237,0.45264,-0.93384,0.33582,11.8550,21.8626,-13.6183
584286068,-0.54333,-1.70776,-0.40186,-5.4962,-19.0458,-9.9160,0.44824,-0.92908,0.34534,12.2137,22.3588,-13.8931
584287067,-0.77966,-1.53320,-0.59033,7.5725,-21.5496,-20.9771,0.44409,-0.92407,0.35559,12.5496,22.8397,-14.1527
584288067,-0.96167,-0.98486,-0.83032,9.2672,-14.0611,-27.5802,0.43933,-0.91968,0.36694,12.9084,23.2901,-14.3969
584289067,-0.95691,-0.53455,-0.75098,7.4198,1.3817,-28.5191,0.43506,-0.91589,0.37891,13.2977,23.7176,-14.6412
584290068,-0.86365,-0.54907,-0.45789,6.2901,17.9466,-25.6260,0.43079,-0.91101,0.39087,13.6947,24.1374,-14.8779
584291067,-0.79810,-1.18103,-0.31641,0.4122,30.7328,-20.2061,0.42651,-0.90515,0.40259,14.1069,24.5420,-15.0840
584292067,-0.70105,-1.99902,-0.29053,-14.3435,41.6718,-15.3893,0.42163,-0.90015,0.41565,14.5267,24.9389,-15.2824
584293068,-0.52966,-2.00000,-0.07434,-34.9160,50.3511,-14.0382,0.41589,-0.89526,0.43115,14.9389,25.3359,-15.4733
584294067,-0.30518,-1.41492,0.31970,-50.9466,52.3664,-14.3740,0.40991,-0.88953,0.44775,15.3588,25.7252,-15.6794
584295068,-0.13013,-0.66577,0.63416,-50.5038,44.6183,-13.2595,0.40393,-0.88257,0.46582,15.7634,26.1527,-15.9008
584296067,-0.10266,-0.55994,0.68640,-38.2519,28.7481,-9.9618,0.39807,-0.87500,0.48474,16.1298,26.6183,-16.1298
584297067,-0.16455,-1.06567,0.64160,-31.0305,13.0382,-6.2214,0.39124,-0.86780,0.50500,16.4656,27.1527,-16.3359
584298067,-0.24084,-1.68604,0.62390,-32.0763,3.3435,-7.2290,0.38391,-0.86084,0.52820,16.7786,27.7557,-16.5191
584299068,-0.30908,-1.80566,0.63293,-29.0916,0.7252,-17.0611,0.37598,-0.85339,0.55322,17.0382,28.3664,-16.6565
584300068,-0.36816,-1.29749,0.67810,-13.3588,1.4427,-31.7099,0.36694,-0.84546,0.57886,17.2366,28.9695,-16.7557
584301068,-0.40112,-0.70898,0.60852,7.2824,2.5878,-42.1374,0.35706,-0.83789,0.60364,17.3969,29.5954,-16.8550
584302068,-0.46057,-0.58484,0.33716,15.2977,4.4427,-43.2672,0.34631,-0.83142,0.62964,17.4733,30.2824,-16.9389
584303068,-0.53027,-0.92834,0.06909,8.0611,9.7786,-39.1450,0.33557,-0.82446,0.65686,17.4809,31.0076,-17.0153
584304067,-0.49817,-1.35986,0.07825,-1.5649,16.8397,-36.6031,0.32397,-0.81641,0.68530,17.4351,31.7328,-17.0458
584305068,-0.39978,-1.49963,0.27478,-7.8855,19.6870,-36.3206,0.31091,-0.80859,0.71533,17.3435,32.4504,-17.0763
584306067,-0.32385,-1.22156,0.38745,-14.4962,17.2901,-34.7099,0.29883,-0.80139,0.74561,17.2061,33.1374,-17.0840
584307067,-0.29883,-0.73938,0.36658,-24.5802,13.2366,-29.2672,0.28662,-0.79419,0.77673,17.0153,33.8244,-17.0687
584308068,-0.26880,-0.44385,0.42590,-38.2672,10.7405,-20.0076,0.27332,-0.78601,0.80835,16.7634,34.4885,-17.0153
584309068,-0.21753,-0.54846,0.63293,-48.5420,8.6870,-11.1756,0.26074,-0.77747,0.84070,16.4656,35.1374,-16.9695
584310068,-0.22070,-0.91675,0.70740,-46.9466,4.4427,-8.6565,0.24902,-0.76892,0.87415,16.1527,35.7557,-16.9237
584311067,-0.28528,-1.18091,0.53613,-35.7405,-0.2137,-14.2901,0.23816,-0.75964,0.90942,15.8473,36.3588,-16.8855
584312067,-0.36389,-1.08582,0.29004,-22.7023,-3.3588,-24.5725,0.22827,-0.75012,0.94617,15.5420,36.9389,-16.8092
584313068,-0.39697,-0.74414,0.15344,-11.8550,-4.0611,-34.0229,0.21887,-0.74170,0.98401,15.2061,37.4198,-16.7481
584314067,-0.37219,-0.47473,0.17456,-3.4733,-3.6412,-39.3130,0.20935,-0.73425,1.02283,14.8702,37.7863,-16.6947
584315067,-0.37085,-0.47449,0.17615,4.2519,-4.3282,-41.0000,0.20007,-0.72815,1.06079,14.5573,38.0687,-16.6412
584316068,-0.40942,-0.65967,0.08411,10.3969,-4.2061,-40.9618,0.19153,-0.72351,1.09875,14.2977,38.2748,-16.6107
584317068,-0.43811,-0.75330,0.03809,9.9771,-1.3206,-39.5420,0.18262,-0.71936,1.13721,14.1069,38.3817,-16.5802
584318068,-0.44043,-0.63452,0.08850,2.1450,3.1985,-35.7863,0.17310,-0.71558,1.17651,14.0000,38.3588,-16.5573
584319067,-0.41479,-0.50293,0.15356,-8.2214,6.8855,-29.2061,0.16272,-0.71350,1.21533,14.0153,38.2290,-16.4962
584320067,-0.39673,-0.50085,0.19922,-17.0916,7.9313,-21.7252,0.15125,-0.71228,1.25171,14.1603,37.9695,-16.4198
584321067,-0.39832,-0.57922,0.20386,-21.8015,6.6183,-16.4351,0.13867,-0.71069,1.28735,14.4580,37.5496,-16.3359
584322067,-0.39709,-0.67944,0.15601,-20.4046,4.2901,-15.2901,0.12610,-0.70984,1.32312,14.8931,36.9847,-16.2595
584323068,-0.39856,-0.73035,0.13647,-15.3893,1.5573,-17.6031,0.11328,-0.71118,1.35925,15.4198,36.3359,-16.1527
584324067,-0.39587,-0.70117,0.16614,-10.6870,-0.8702,-21.0076,0.10046,-0.71362,1.39661,16.0763,35.5649,-15.9924
584325068,-0.38208,-0.65222,0.17712,-7.3359,-1.8931,-23.9542,0.08801,-0.71680,1.43542,16.9084,34.6489,-15.7557
584326068,-0.42041,-0.65308,0.21252,-4.6107,-1.2290,-26.0000,0.07520,-0.72168,1.47424,17.9237,33.6031,-15.4656
584327068,-0.67871,-0.91321,0.34790,-1.8321,-0.3740,-25.4351,0.06287,-0.72729,1.51160,19.1374,32.4046,-15.1145
584328068,-1.09009,-1.58325,-0.71716,-0.7099,-8.7863,-20.9847,0.05103,-0.73340,1.54858,20.5725,31.0840,-14.6718
584329068,-1.55298,-2.00000,-2.00000,1.1069,-30.2748,-18.1679,0.03857,-0.73865,1.58606,22.2061,29.6260,-14.1221
584330068,-2.00000,-2.00000,-2.00000,14.9160,-30.5344,-26.2366,0.02588,-0.74268,1.62329,24.0000,28.0000,-13.4504
584331068,-2.00000,-2.00000,-1.69971,36.7481,13.3664,-38.2519,0.01355,-0.74597,1.65955,25.9847,26.2137,-12.6718
584332068,-1.03162,-1.82458,0.02124,28.8321,62.1679,-39.2977,0.00073,-0.74963,1.69470,28.1832,24.2519,-11.7634
584333068,-2.00000,-1.93103,-2.00000,12.1985,56.3359,-32.9771,-0.01294,-0.75244,1.73010,30.5496,22.1908,-10.7710
584334067,-2.00000,-2.00000,-2.00000,53.5344,76.1298,-48.3740,-0.02698,-0.75244,1.76709,33.0153,20.0687,-9.7328
584335068,-1.75171,-2.00000,-1.67639,123.3588,152.8626,-86.5725,-0.04102,-0.74976,1.80334,35.5191,17.8015,-8.6412
584336067,-0.47449,-2.00000,0.21582,128.4733,181.7405,-117.1527,-0.05481,-0.74438,1.83923,38.0305,15.3511,-7.4580
584337068,-0.78308,-0.99121,-0.39734,101.3359,170.9695,-129.8779,-0.06775,-0.73706,1.87830,40.5115,12.7099,-6.1374
584338068,-0.75403,-0.64087,-0.28235,122.2366,157.6565,-132.7328,-0.08020,-0.72913,1.91809,42.9160,9.8931,-4.7023
584339067,-0.44263,-2.00000,0.42151,159.0763,131.2214,-131.8168,-0.09229,-0.72107,1.95667,45.2290,6.9695,-3.1908
584340067,-0.02576,-2.00000,0.77222,152.2977,116.4046,-134.7557,-0.10352,-0.71265,1.99438,47.4427,3.9389,-1.6031
584341067,0.08337,-1.99573,1.44067,110.9084,113.8092,-136.9008,-0.11523,-0.70349,1.99994,49.5725,0.7176,0.0611
584342067,0.22815,0.17981,1.99994,75.8779,118.7481,-123.0534,-0.12769,-0.69495,1.99994,51.6183,-2.7176,1.7939
584343067,0.35425,0.59167,1.93909,60.1069,107.1221,-94.2901,-0.13977,-0.68689,1.99994,53.5649,-6.3130,3.5954
584344068,-0.14966,-0.79907,0.50696,66.4122,82.0534,-71.2672,-0.15198,-0.67932,1.99994,55.4427,-10.0687,5.4351
584345068,-0.62268,-2.00000,0.50659,83.4809,79.3511,-70.5954,-0.16516,-0.67212,1.99994,57.2901,-14.0000,7.3282
584346068,-0.84827,-2.00000,1.16333,68.2748,88.7481,-82.2061,-0.17883,-0.66504,1.99994,59.1603,-18.0916,9.2824
584347068,-0.85889,-2.00000,0.93579,31.4046,100.0153,-96.6412,-0.19202,-0.65918,1.99994,61.0076,-22.3511,11.2443
584348068,-0.70923,-0.68347,1.30981,41.4351,110.3053,-115.4809,-0.20483,-0.65479,1.99994,62.8779,-26.7557,13.1679
584349068,-0.62732,0.04980,1.99994,86.6031,115.1221,-127.3740,-0.21777,-0.65076,1.99994,64.7939,-31.3130,15.0458
584350067,-0.28857,-1.08472,1.99994,93.9771,120.9084,-122.8702,-0.23120,-0.64563,1.99994,66.7557,-36.0076,16.9008
584351067,-0.14893,-2.00000,1.99994,68.7863,131.3359,-120.3664,-0.24377,-0.64136,1.99994,68.7710,-40.8168,18.7176
584352067,-0.13623,-2.00000,1.99994,61.3206,145.4275,-132.9389,-0.25525,-0.63855,1.99994,70.8244,-45.7481,20.5115
584353068,0.80530,-0.84851,1.99994,69.6718,160.0305,-147.0992,-0.26672,-0.63562,1.99994,72.9542,-50.8244,22.2748
584354067,1.40601,0.54822,1.99994,77.0916,139.6641,-149.4656,-0.27832,-0.63281,1.99994,75.1679,-56.0611,23.9847
584355067,1.31677,1.29822,1.99994,93.2824,98.2672,-141.7099,-0.29065,-0.62939,1.99994,77.4351,-61.3969,25.6260
584356067,1.80920,0.98364,1.99994,101.7939,63.7557,-127.2443,-0.30359,-0.62500,1.99994,79.7405,-66.8321,27.2290
584357067,1.99994,0.02942,1.99994,86.0763,17.0382,-111.5191,-0.31628,-0.62036,1.99994,82.1221,-72.3969,28.8092
584358068,1.67017,-0.30408,1.99994,80.2595,-31.6260,-108.8931,-0.32861,-0.61609,1.99994,84.4427,-78.0076,30.3511
584359067,1.49194,0.86865,1.99994,100.9237,-65.6183,-117.1679,-0.34119,-0.61072,1.99994,86.6107,-83.6489,31.8779
584360068,1.45532,1.99994,1.99994,109.1679,-84.7786,-112.2824,-0.35315,-0.60425,1.99994,88.7176,-89.3740,33.3664
584361068,0.86548,1.99994,1.99994,78.1832,-108.6031,-82.0229,-0.36426,-0.59766,1.99994,90.9313,-95.1985,34.8321
584362067,0.06238,1.34167,1.99994,38.7328,-129.0687,-45.1985,-0.37708,-0.59094,1.99994,93.2214,-101.0992,36.2595
584363067,-0.14539,-0.40613,1.99994,36.6412,-121.2137,-33.9466,-0.39111,-0.58386,1.99994,95.3817,-107.0763,37.6641
584364067,0.16846,-0.87756,1.99994,54.2672,-106.0687,-45.3435,-0.40491,-0.57764,1.99994,97.4122,-113.1145,39.0229
584365067,0.59583,0.03076,1.99994,43.9924,-93.9924,-51.6336,-0.41870,-0.57178,1.99994,99.3435,-119.2519,40.3740
584366067,0.46948,1.43079,1.99994,19.7252,-96.6489,-44.0305,-0.43262,-0.56531,1.99994,101.1450,-125.4351,41.7023
584367067,0.26086,1.65015,1.99994,21.3740,-104.2290,-31.0000,-0.44678,-0.55957,1.99994,102.8397,-131.6489,43.0000
584368067,0.30469,0.19763,1.99994,40.4351,-120.8015,-22.6336,-0.47681,-0.55249,1.99994,105.9466,-144.2748,45.5267
584369067,0.19861,-1.45251,1.99994,57.2901,-146.4656,-29.1069,-0.49280,-0.54956,1.99994,107.3893,-150.6870,46.7863
584370067,0.09570,-1.55579,1.99994,68.0458,-165.3282,-48.9771,-0.50891,-0.54797,1.99994,108.7328,-157.1832,48.0153
584371067,0.10828,0.00000,1.99994,67.6947,-174.8168,-64.5191,-0.52515,-0.54663,1.99994,110.0000,-163.7328,49.2214
584372067,0.37231,1.50659,1.99994,62.5344,-176.7481,-62.9771,-0.54138,-0.54529,1.99994,111.2061,-170.3130,50.4427
584373067,0.40918,1.48242,1.99994,63.3130,-180.6565,-48.1756,-0.55774,-0.54468,1.99994,112.3893,-176.9542,51.6718
584374067,0.01306,0.26270,1.38184,67.0076,-186.3817,-34.8168,-0.57312,-0.54480,1.99994,113.5344,-183.6947,52.8855
584375068,-0.27979,-0.68018,0.56128,65.5954,-184.2366,-32.3817,-0.58826,-0.54480,1.99994,114.6183,-190.5115,54.1145
584376068,-0.48584,-0.53333,-0.05334,55.9160,-179.8015,-35.6260,-0.60327,-0.54419,1.99994,115.6260,-197.3435,55.3664
584377067,-0.51526,0.49243,-0.09033,45.3740,-173.0076,-36.3588,-0.61646,-0.54333,1.99994,116.5725,-204.1985,56.6489
584378067,-0.28857,1.35205,0.23035,42.7176,-170.8092,-27.9237,-0.62976,-0.54187,1.99994,117.4351,-211.0840,57.9618
584379067,-0.30786,1.09241,0.06934,41.0382,-178.9237,-10.9084,-0.64368,-0.53967,1.99994,118.1908,-218.0000,59.2901
584380067,-0.50806,0.10498,-0.38574,33.6412,-182.9771,3.2595,-0.65784,-0.53687,1.99994,118.8244,-224.9389,60.6489
584381067,-0.58276,-0.58594,-0.67529,26.4046,-175.9542,5.5115,-0.67200,-0.53381,1.99994,119.3053,-231.8931,62.0534
584382068,-0.55444,-0.45557,-0.79504,23.2519,-165.1374,-1.6183,-0.68469,-0.53027,1.99994,119.6489,-238.8702,63.5496
584383068,-0.44189,0.48389,-0.33325,26.3435,-152.0153,-10.8931,-0.69836,-0.52466,1.99994,119.8244,-245.8550,65.1298
584384067,-0.04700,1.58655,0.58923,36.6260,-138.4962,-14.7786,-0.71375,-0.51624,1.99994,119.8702,-250.1374,66.9008
584385067,0.09656,1.70667,1.58240,39.9771,-123.8702,-5.5573,-0.72717,-0.51550,1.99994,119.7252,-250.1374,68.9008
584386068,-1.55005,0.32043,1.54932,33.3053,-137.4809,10.0305,-0.73914,-0.51953,1.99994,119.2290,-250.1374,70.7710
584387067,-2.00000,-1.67285,0.68591,35.2824,-133.7328,12.5191,-0.75317,-0.52002,1.99994,118.4885,-250.1374,72.4580
584388068,-0.38953,-2.00000,1.99994,52.2137,-67.1603,-7.4809,-0.76794,-0.52039,1.99994,117.6336,-250.1374,74.0840
584389068,1.75513,0.00818,1.99994,38.2824,-35.1145,-20.9618,-0.78259,-0.52075,1.99994,116.6641,-250.1374,75.7634
584390068,1.99994,1.99994,1.99994,-26.0916,-60.6260,0.2366,-0.79712,-0.52197,1.99994,115.5573,-250.1374,77.5344
584391068,1.99994,1.99994,1.99994,-74.9008,-109.2443,38.5725,-0.81055,-0.52429,1.99994,114.3130,-250.1374,79.3588
584392068,1.99994,1.87378,1.99994,-55.8397,-183.1603,65.6641,-0.82251,-0.52820,1.99994,112.9389,-250.1374,81.2290
584393068,1.99994,-0.68152,1.99994,-34.6031,-250.1374,78.6489,-0.83350,-0.53333,1.99994,111.4885,-250.1374,83.1374
584394068,1.27979,-2.00000,1.99994,-55.8321,-250.1374,81.8397,-0.84326,-0.53955,1.99994,110.0000,-250.1374,85.0534
584395067,0.09302,-1.11267,1.99994,-77.6718,-250.1374,75.9847,-0.85168,-0.54761,1.99994,108.4504,-250.1374,86.9924
584396068,-0.09607,0.86304,1.99994,-62.5267,-250.1374,69.8550,-0.85950,-0.55823,1.99994,106.8779,-250.1374,88.9466
584397068,0.04590,1.79932,1.99994,-32.4427,-250.1374,71.4733,-0.86523,-0.57104,1.99994,105.2672,-250.1374,90.9542
584398068,-0.88574,0.77161,0.89819,-16.4809,-250.1374,78.5420,-0.86865,-0.58533,1.99817,103.7786,-250.1374,92.9771
584399068,-2.00000,-1.80225,-1.35596,-7.8550,-250.1374,52.8550,-0.87048,-0.60132,1.95813,102.3969,-250.1374,95.0153
584400067,-2.00000,-1.41382,-2.00000,-8.9389,-250.1374,33.3969,-0.87183,-0.61841,1.91614,101.0458,-250.1374,97.0534
584401067,-2.00000,-0.49951,-2.00000,-1.4656,-250.1374,20.6031,-0.87256,-0.63489,1.87305,99.7023,-250.1374,99.0840
584402068,-1.89502,0.47522,-2.00000,23.3588,-250.1374,14.4122,-0.87195,-0.65125,1.83032,98.4656,-250.1374,101.1374
584403068,-0.29382,0.90637,-0.30310,20.1527,-228.1527,22.7939,-0.87061,-0.66931,1.78857,97.4122,-250.1374,103.1985
584404068,-1.37756,-0.50610,1.99994,-36.4504,-210.3282,51.9695,-0.86853,-0.68750,1.74500,96.5267,-250.1374,105.2443
584405064,-2.00000,-2.00000,1.99994,-125.2595,-189.2519,80.2214,-0.86523,-0.70447,1.70081,95.7405,-250.1374,107.2061
584406069,-1.14539,-2.00000,1.99994,-215.5191,-66.3817,91.0840,-0.86035,-0.72119,1.65857,94.9618,-250.1374,109.1221
584407068,1.49670,-0.09595,1.99994,-250.1374,14.0534,85.2595,-0.85498,-0.73804,1.61658,94.1374,-250.1374,111.0458
584408068,1.99994,1.99994,1.99994,-250.1374,-10.9618,82.6718,-0.84912,-0.75452,1.57336,93.4351,-250.1374,112.9313
584409068,1.99994,1.99994,1.99994,-250.1374,-41.4122,114.9389,-0.84277,-0.77051,1.53040,92.8702,-250.1374,114.7252
584410068,1.99994,1.99994,1.99994,-250.1374,-184.1069,161.4351,-0.83606,-0.78577,1.48828,92.2901,-250.1374,116.4122
584411068,1.99994,1.99994,1.99994,-250.1374,-250.1374,179.3359,-0.82849,-0.80066,1.44690,91.7634,-250.1374,118.0153
584412068,1.99994,-0.11548,1.99994,-193.6260,-250.1374,178.0458,-0.81909,-0.81665,1.40405,91.2214,-250.1374,119.5420
584413068,1.99994,-0.58911,1.99994,-180.2443,-250.1374,178.4122,-0.80920,-0.83411,1.35840,90.6565,-250.1374,121.0229
584414068,-0.75171,1.38867,1.99994,-182.4198,-250.1374,179.4504,-0.79944,-0.85181,1.31262,90.0763,-250.1374,122.4504
584415067,-1.69446,1.99994,1.99994,-145.7557,-250.1374,190.3588,-0.78857,-0.87195,1.26514,89.5267,-250.1374,123.8244
584416067,-1.32654,1.66125,1.99994,-83.2214,-250.1374,203.3817,-0.77686,-0.89514,1.21533,89.0305,-250.1374,125.1298
584417068,-2.00000,-0.44971,1.04102,-31.2595,-250.1374,196.2977,-0.76477,-0.91956,1.16382,88.6031,-250.1374,126.4275
584418068,-2.00000,-2.00000,-2.00000,-27.9847,-250.1374,175.3359,-0.75220,-0.94714,1.10913,88.2366,-250.1374,127.6794
584419068,-2.00000,-2.00000,-2.00000,-58.9084,-250.1374,149.7634,-0.73877,-0.97852,1.05225,87.9466,-250.1374,128.8779
584420064,-2.00000,-2.00000,-2.00000,-44.0763,-250.1374,109.8626,-0.72522,-1.01233,0.99280,87.7405,-250.1374,130.0534
584421069,-2.00000,-2.00000,-2.00000,9.9618,-250.1374,69.0076,-0.71130,-1.04858,0.93066,87.6489,-250.1374,131.2214
584422064,-2.00000,-2.00000,-2.00000,-13.8702,-250.1374,64.8168,-0.69678,-1.08643,0.86621,87.7023,-250.1374,132.3740
584423069,-2.00000,-2.00000,-2.00000,-117.3053,-250.1374,87.5191,-0.68164,-1.12549,0.79956,87.8779,-250.1374,133.5115
584424064,-2.00000,-2.00000,-2.00000,-179.1679,-250.1374,93.3664,-0.66638,-1.16589,0.73242,88.1603,-250.1374,134.6336
584425069,-2.00000,-0.30591,-1.50024,-179.7099,-172.2672,93.1450,-0.65027,-1.20605,0.66455,88.6031,-250.1374,135.6947
584426068,-1.82532,0.31360,-2.00000,-181.0153,-150.9389,110.7252,-0.63342,-1.24426,0.59570,89.1069,-250.1374,136.7176
584427068,-1.45825,-0.50024,-2.00000,-179.4351,-174.4122,129.5267,-0.61633,-1.28125,0.52625,89.7634,-250.1374,137.6794
584428068,-0.83606,-1.08508,-2.00000,-149.3817,-225.1374,129.1908,-0.59802,-1.31555,0.45569,90.5649,-250.1374,138.5496
584429068,0.57104,-0.77148,-1.08691,-111.7557,-250.1374,112.1298,-0.57983,-1.34668,0.38611,91.4046,-250.1374,139.2901
584430068,1.32361,0.02759,0.02661,-68.0763,-250.1374,84.1756,-0.56213,-1.37537,0.31628,92.2366,-250.1374,139.8931
584431068,0.25110,0.94177,1.99994,10.5038,-250.1374,48.7786,-0.54480,-1.40137,0.24536,93.0534,-250.1374,140.3359
584432068,0.58337,0.21387,1.99994,62.2595,-250.1374,36.3130,-0.52832,-1.42456,0.17554,93.8321,-250.1374,140.6031
584433068,0.90820,-2.00000,0.70593,-2.3282,-250.1374,61.0611,-0.51270,-1.44519,0.10583,94.5649,-250.1374,140.6947
584434068,-2.00000,-2.00000,-1.05969,-140.7710,-250.1374,77.8015,-0.49634,-1.46326,0.03552,95.1069,-250.1374,140.5954
584435067,-1.59595,-2.00000,-0.73413,-244.2672,-250.1374,82.7710,-0.47864,-1.47864,-0.03357,95.3740,-250.1374,140.2901
584436068,1.99994,1.21973,1.99994,-250.1374,-116.1527,96.2977,-0.46094,-1.49207,-0.10120,95.4809,-250.1374,139.7786
584437068,1.99994,1.99994,1.99994,-250.1374,-142.3740,118.6183,-0.44409,-1.50354,-0.16785,95.5191,-250.1374,139.0687
584438068,1.71765,1.99994,1.99994,-250.1374,-223.6565,162.5115,-0.42651,-1.51331,-0.23096,95.5038,-250.1374,138.1221
584439068,1.99994,1.99994,1.99994,-250.1374,-224.4809,219.8473,-0.40698,-1.52136,-0.29150,95.3664,-250.1374,136.9466
584440067,1.99994,-2.00000,1.99994,-250.1374,-250.1374,250.1298,-0.38708,-1.52856,-0.35168,94.9771,-250.1374,135.5649
584441067,1.20874,-2.00000,1.99994,-250.1374,-250.1374,234.6794,-0.36719,-1.53528,-0.41187,94.4275,-250.1374,134.0000
584442068,1.18958,-0.90479,1.99994,-250.1374,-250.1374,169.6336,-0.34814,-1.54126,-0.47131,93.8779,-250.1374,132.2366
584443068,1.75989,1.99994,1.99994,-220.5191,-250.1374,131.1679,-0.32898,-1.54700,-0.53101,93.1908,-250.1374,130.3588
584444068,1.99994,1.99994,1.99994,-197.0611,-250.1374,151.7405,-0.30884,-1.55371,-0.58899,92.1985,-250.1374,128.3511
584445067,1.99994,1.99994,1.99994,-222.8473,-250.1374,185.1679,-0.28748,-1.55945,-0.64551,91.0000,-250.1374,126.1527
584446067,-0.34888,1.99994,1.99994,-206.3359,-250.1374,192.0305,-0.26562,-1.56482,-0.70203,89.6260,-250.1374,123.8321
584447067,-1.57239,0.09814,1.16492,-144.8244,-250.1374,181.4809,-0.24329,-1.57178,-0.75952,88.1450,-250.1374,121.4275
584448068,-1.89136,-0.66492,1.48792,-146.0229,-250.1374,183.0916,-0.22083,-1.58057,-0.81714,86.5802,-250.1374,118.9618
584449068,-2.00000,1.09985,0.46716,-218.2595,-250.1374,209.3435,-0.19812,-1.59009,-0.87317,84.9313,-250.1374,116.4046
584450068,-2.00000,1.99994,-1.49622,-250.1374,-250.1374,250.1298,-0.17444,-1.59985,-0.93066,83.2672,-250.1374,113.8092
584451068,-2.00000,1.43762,-2.00000,-250.1374,-250.1374,250.1298,-0.15076,-1.60901,-0.98779,81.6336,-250.1374,111.1756
584452068,-2.00000,-1.24060,-1.77368,-207.4122,-250.1374,250.1298,-0.12769,-1.61841,-1.04358,80.0305,-250.1374,108.4809
584453067,-2.00000,-2.00000,-0.41089,-174.7481,-250.1374,250.1298,-0.10547,-1.62915,-1.09937,78.4733,-250.1374,105.7252
584454067,-2.00000,-1.83411,-2.00000,-240.3130,-250.1374,250.1298,-0.08435,-1.64001,-1.15564,77.0000,-250.1374,102.9542
584455067,-2.00000,-1.01746,-2.00000,-250.1374,-250.1374,250.1298,-0.06372,-1.65088,-1.21204,75.6489,-250.1374,100.1527
584456068,-2.00000,-1.98560,-1.90332,-250.1374,-250.1374,240.4351,-0.04285,-1.66150,-1.26721,74.4580,-250.1374,97.3053
584457068,-1.60779,-2.00000,0.29443,-250.1374,-250.1374,207.3893,-0.02271,-1.67151,-1.32166,73.4580,-250.1374,94.4504
584458068,-1.14099,-2.00000,1.17041,-248.6336,-250.1374,186.0992,-0.00342,-1.68054,-1.37439,72.6260,-250.1374,91.5496
584459068,-1.39160,-1.57483,0.47192,-250.1374,-250.1374,189.4733,0.01562,-1.68835,-1.42615,71.9695,-250.1374,88.6107
584460068,-1.63855,-0.91687,0.69177,-250.1374,-250.1374,206.3817,0.03418,-1.69495,-1.47888,71.4885,-250.1374,85.6107
584461068,-0.40039,-0.68420,1.99994,-250.1374,-250.1374,218.6870,0.05115,-1.69983,-1.53101,71.1908,-250.1374,82.5420
584462067,1.04443,-0.32324,1.99994,-250.1374,-250.1374,214.7786,0.06641,-1.70239,-1.58130,71.1145,-250.1374,79.3969
584463068,1.35437,0.27332,1.99994,-250.1374,-250.1374,209.3664,0.08032,-1.70386,-1.62744,71.2443,-250.1374,76.2137
584464068,0.94116,0.84863,1.99994,-250.1374,-250.1374,211.2824,0.09338,-1.70288,-1.67102,71.5267,-250.1374,72.9160
584465068,-0.52515,0.84802,0.09753,-250.1374,-250.1374,210.0840,0.10632,-1.69849,-1.71411,71.9160,-250.1374,69.5344
584466067,-1.54724,0.53931,-0.07385,-215.7023,-250.1374,194.5038,0.11890,-1.69092,-1.75574,72.3893,-250.1374,66.1298
584467067,-1.04834,0.29138,1.06824,-188.1679,-250.1374,181.1908,0.13074,-1.68188,-1.79529,72.9542,-250.1374,62.7099
584468068,-1.79480,0.13782,-0.67065,-191.4809,-250.1374,179.0687,0.14111,-1.67175,-1.83130,73.5725,-250.1374,59.2443
584469068,-2.00000,-0.13977,-2.00000,-192.2824,-250.1374,182.2061,0.16138,-1.64404,-1.89478,74.8397,-250.1374,52.2061
584470068,-2.00000,-1.01208,-2.00000,-193.0000,-250.1374,189.3130,0.17065,-1.62646,-1.92285,75.4351,-250.1374,48.6641
584471068,-2.00000,-1.60352,-2.00000,-232.6489,-250.1374,203.5954,0.17932,-1.60779,-1.94775,75.9618,-250.1374,45.1145
584472067,-2.00000,-1.89685,-2.00000,-250.1374,-250.1374,220.2672,0.18762,-1.58667,-1.96997,76.3817,-250.1374,41.6107
584473067,-2.00000,-2.00000,-2.00000,-250.1374,-250.1374,225.4275,0.19568,-1.56396,-1.99011,76.7099,-250.1374,38.1908
584474068,-2.00000,-2.00000,-1.00989,-250.1374,-250.1374,217.5954,0.20374,-1.54041,-2.00000,76.9542,-250.1374,34.8244
584475068,-2.00000,-2.00000,-2.00000,-250.1374,-250.1374,201.0840,0.21179,-1.51611,-2.00000,77.0992,-250.1374,31.4733
584476068,-2.00000,-2.00000,-2.00000,-250.1374,-250.1374,173.5573,0.21997,-1.49182,-2.00000,77.1145,-250.1374,28.1603
584477068,-2.00000,-2.00000,-1.48340,-240.3130,-250.1374,143.5267,0.22754,-1.46753,-2.00000,77.0076,-250.1374,24.9695
584478068,-1.18811,-2.00000,1.78918,-250.1374,-250.1374,122.2595,0.23364,-1.44275,-2.00000,76.7328,-250.1374,21.9237
584479064,-1.28918,-2.00000,0.76001,-250.1374,-250.1374,96.0687,0.23987,-1.41772,-2.00000,76.3511,-250.1374,19.0000
584480065,-2.00000,-2.00000,-1.61365,-242.5496,-250.1374,64.9542,0.24573,-1.39294,-2.00000,75.9008,-250.1374,16.1603
584481065,-2.00000,-0.73425,0.15918,-199.4046,-250.1374,49.4656,0.25012,-1.36951,-2.00000,75.3435,-250.1374,13.4427
584482065,-1.49915,-0.73804,1.99994,-202.0229,-250.1374,54.5573,0.25403,-1.34753,-2.00000,74.6947,-250.1374,10.9237
584483069,-1.62207,-1.23621,1.14819,-222.1145,-250.1374,66.0916,0.25696,-1.32642,-2.00000,73.9466,-250.1374,8.5878
584484068,-1.55237,-1.52002,0.73669,-210.7481,-250.1374,66.7863,0.25879,-1.30701,-2.00000,73.1527,-250.1374,6.4275
584485064,-1.08777,-1.30542,1.14526,-169.2977,-250.1374,57.8244,0.26001,-1.28906,-2.00000,72.3359,-248.7405,4.4809
584486063,-1.54932,-2.00000,0.30725,-131.6947,-250.1374,59.3511,0.26111,-1.27136,-2.00000,71.5267,-239.9008,2.7405
584487068,-2.00000,-2.00000,-0.91479,-106.1450,-250.1374,61.2290,0.26196,-1.25366,-2.00000,70.7481,-231.0534,1.1985
584488068,-1.90295,-2.00000,-0.67334,-95.8473,-250.1374,58.3893,0.26196,-1.23669,-2.00000,70.0153,-222.2366,-0.1908
584489068,-1.06470,-2.00000,0.09937,-118.7099,-250.1374,52.7481,0.26038,-1.22168,-2.00000,69.3206,-213.4885,-1.4122
584490068,-1.79077,-2.00000,-0.26208,-172.4656,-250.1374,53.2595,0.25769,-1.20825,-2.00000,68.6794,-204.8168,-2.4351
584491068,-2.00000,-2.00000,-1.40039,-213.4656,-250.1374,50.6183,0.25525,-1.19531,-2.00000,68.0840,-196.2443,-3.2443
584492068,-2.00000,-2.00000,-2.00000,-218.2748,-250.1374,32.1221,0.25244,-1.18298,-2.00000,67.5725,-187.7786,-3.8855
584493068,-2.00000,-2.00000,-2.00000,-213.8092,-250.1374,12.1374,0.24829,-1.17175,-1.99048,67.1374,-179.4656,-4.3588
584494064,-2.00000,-2.00000,-2.00000,-225.8397,-250.1374,7.2443,0.24292,-1.16101,-1.97925,66.7405,-171.3053,-4.6641
584495069,-2.00000,-1.96375,-2.00000,-231.1527,-250.1374,6.9160,0.23730,-1.15051,-1.96716,66.3817,-163.3282,-4.7939
584496064,-2.00000,-1.31641,-1.64099,-183.5267,-250.1374,-6.0992,0.23218,-1.14172,-1.95483,66.0840,-155.5802,-4.7939
584497069,-2.00000,-0.66748,-2.00000,-94.9847,-250.1374,-28.6412,0.22681,-1.13428,-1.94092,65.8321,-148.0305,-4.6870
584498064,-2.00000,-0.96423,-2.00000,-43.1603,-250.1374,-38.2672,0.22058,-1.12622,-1.92639,65.5878,-140.7099,-4.4351
584499069,-1.99878,-2.00000,-2.00000,-44.0076,-250.1374,-34.6260,0.21436,-1.11877,-1.91101,65.3893,-133.5954,-4.0534
584500064,-2.00000,-2.00000,-1.22607,-52.4580,-250.1374,-34.4046,0.20874,-1.11194,-1.89478,65.2214,-126.7176,-3.5573
584501064,-1.58655,-2.00000,-0.92200,-40.2824,-250.1374,-51.4504,0.20325,-1.10474,-1.87781,65.0076,-120.0763,-2.9847
584502069,-1.48962,-2.00000,-1.60657,-28.5802,-250.1374,-80.0076,0.19775,-1.09729,-1.86084,64.7099,-113.6718,-2.3206
584503068,-1.88464,-0.37378,-2.00000,-53.5420,-250.1374,-91.8779,0.19202,-1.09070,-1.84436,64.3435,-107.5420,-1.6031
584504068,-1.82458,0.53345,-1.97278,-117.6412,-240.6107,-75.3282,0.18640,-1.08521,-1.82812,63.9313,-101.6947,-0.8321
584505068,-1.47961,-0.57959,-1.21143,-165.2519,-210.4809,-52.5878,0.18103,-1.08057,-1.81287,63.4046,-96.1221,0.0153
584506068,-1.52893,-1.86597,-1.21057,-151.7863,-205.5878,-52.1832,0.17615,-1.07678,-1.79932,62.7786,-90.8244,0.8931
584507068,-2.00000,-1.82642,-2.00000,-108.0153,-231.1985,-64.2214,0.17102,-1.07410,-1.78699,62.0763,-85.7863,1.7939
584508067,-2.00000,-0.92932,-2.00000,-90.0076,-248.5649,-65.3664,0.16541,-1.07288,-1.77478,61.2824,-81.0763,2.7023
584509067,-2.00000,-0.19861,-2.00000,-97.4656,-234.6412,-49.3817,0.16125,-1.07422,-1.76379,60.3969,-76.7099,3.6489
584510067,-1.91199,-0.41174,-1.14966,-99.5496,-225.5725,-26.9389,0.15747,-1.07642,-1.75366,59.3740,-72.6947,4.6336
584511068,-1.86182,-1.60852,-0.35950,-88.5267,-219.8550,-13.6412,0.15308,-1.07874,-1.74426,58.2595,-68.9771,5.6565
584512067,-2.00000,-2.00000,-0.78723,-71.0382,-205.4656,-19.9466,0.14905,-1.08215,-1.73657,57.0534,-65.5802,6.6870
584513068,-2.00000,-2.00000,-1.99976,-70.0458,-180.6107,-37.3817,0.14575,-1.08679,-1.73035,55.7863,-62.5191,7.7176
584514068,-2.00000,-2.00000,-1.92456,-94.9771,-133.8397,-51.4809,0.14258,-1.09204,-1.72498,54.4504,-59.7634,8.7023
584515067,-1.63086,-1.83044,-0.89502,-118.4122,-105.8702,-61.6260,0.13928,-1.09790,-1.71924,53.0611,-57.3053,9.6412
584516067,-1.62573,-1.84253,-1.03235,-101.2672,-120.0763,-75.2672,0.13733,-1.10425,-1.71436,51.6183,-55.1221,10.5420
584517068,-1.75061,-2.00000,-1.44958,-48.5420,-145.4656,-96.6718,0.13623,-1.10815,-1.70837,50.0916,-53.1679,11.3740
584518067,-1.41467,-1.99121,-1.04846,-15.8244,-156.5954,-115.5573,0.13513,-1.11060,-1.70044,48.4656,-51.4733,12.1679
584519067,-0.93420,-1.06519,-0.62805,-35.9160,-155.3511,-119.1527,0.13513,-1.11462,-1.69141,46.7481,-49.9847,12.9008
584520067,-0.97058,0.37378,-1.49805,-60.0763,-165.8779,-110.8168,0.13611,-1.12000,-1.68225,44.9389,-48.6718,13.5267
584521068,-1.23523,0.88904,-2.00000,-32.7481,-175.1985,-101.6947,0.13782,-1.12390,-1.67261,43.0534,-47.5115,14.0458
584522068,-1.22205,-0.00647,-1.53125,28.6489,-169.4351,-99.5725,0.13965,-1.12573,-1.66089,41.0840,-46.4656,14.4733
584523068,-1.03723,-0.89124,-1.19409,56.6336,-151.0153,-101.0534,0.14111,-1.12634,-1.64832,39.0000,-45.5191,14.7557
584524068,-1.36169,-0.33582,-2.00000,32.7710,-125.2290,-102.3817,0.14246,-1.12732,-1.63513,36.8168,-44.6565,14.9008
584525068,-1.82874,1.02429,-2.00000,10.3206,-97.1069,-103.9313,0.14417,-1.12988,-1.62036,34.5573,-43.8244,14.9084
584526068,-1.56848,1.53052,-2.00000,27.5802,-61.9466,-107.5802,0.14673,-1.13342,-1.60437,32.1985,-42.9542,14.7863
584527068,-1.31787,1.01416,-1.11975,59.0229,-46.3664,-112.6336,0.15063,-1.13721,-1.58679,29.7557,-42.0611,14.5344
584528068,-0.79578,0.33032,-0.48438,65.4733,-35.1221,-113.8244,0.15503,-1.14050,-1.56799,27.2901,-41.1603,14.1603
584529067,-0.73865,1.71326,-0.51697,27.3053,-44.7328,-99.7328,0.15881,-1.14417,-1.54944,24.8244,-40.2214,13.6489
584530067,0.06726,1.99994,0.32007,35.3359,-44.8397,-82.9542,0.16345,-1.14893,-1.53040,22.3359,-39.1985,13.0076
584531067,0.46423,1.66492,1.49329,54.2443,-70.3740,-62.1832,0.16882,-1.15466,-1.50928,19.8397,-38.0916,12.2595
584532067,0.31543,0.95068,1.00696,60.5038,-104.2061,-42.3969,0.17371,-1.16040,-1.48743,17.3740,-36.8855,11.4504
584533067,0.13562,0.49316,-0.21143,59.0687,-129.4504,-29.2061,0.17859,-1.16638,-1.46558,14.9771,-35.5878,10.5573
584534067,-0.54321,0.10205,-1.26599,67.0229,-151.5878,-25.6947,0.18372,-1.17407,-1.44336,12.6870,-34.1603,9.5725
584535067,-0.70081,-0.20850,-0.83838,88.9160,-141.5344,-33.7634,0.18860,-1.18250,-1.42004,10.4962,-32.5802,8.4885
584536067,-0.75183,-0.04053,-0.27222,105.2595,-130.2519,-45.7634,0.19324,-1.19006,-1.39502,8.4046,-30.9008,7.3664
584537067,-1.30835,0.30908,-1.36938,100.7252,-123.9008,-51.0611,0.19800,-1.19641,-1.36890,6.4275,-29.1221,6.2595
584538067,-1.56812,0.44397,-2.00000,80.0076,-94.7252,-49.3282,0.20203,-1.20239,-1.34253,4.5802,-27.1985,5.1298
584539068,-1.58398,0.01221,-1.71008,57.6260,-60.2595,-41.7863,0.20557,-1.20813,-1.31653,2.8244,-25.1603,4.0000
584540068,-1.31604,-0.91064,-1.56555,44.3359,-36.1374,-33.6947,0.20996,-1.21338,-1.29053,1.1450,-23.0458,2.8855
584541067,-1.08472,-1.23645,-1.86096,42.5420,-30.3053,-31.4046,0.21448,-1.21826,-1.26318,-0.4656,-20.8855,1.7939
584542067,-1.19983,-0.51270,-1.95129,42.8168,-36.7557,-30.4885,0.21899,-1.22241,-1.23474,-2.0153,-18.6947,0.7328
584543068,-0.93420,0.45691,-1.14392,31.0458,-31.8397,-21.1298,0.22363,-1.22595,-1.20544,-3.4885,-16.4885,-0.2901
584544068,-0.59448,0.72290,-0.20190,9.7481,-30.2672,-2.8168,0.22791,-1.22961,-1.17676,-4.9084,-14.2443,-1.2672
584545067,-0.79993,0.00854,0.01257,8.4122,-40.2137,11.5191,0.23120,-1.23352,-1.14771,-6.2672,-11.9771,-2.2137
584546067,-0.98596,-1.32654,0.18213,39.7099,-45.7634,9.4427,0.23376,-1.23669,-1.11731,-7.5420,-9.7023,-3.1145
584547068,-1.05457,-2.00000,0.57385,71.5191,-45.5115,-6.8855,0.23596,-1.23877,-1.08813,-8.7710,-7.4275,-3.9771
584548068,-1.23535,-2.00000,0.75671,79.1908,-39.5954,-27.4580,0.23779,-1.23987,-1.06079,-9.9542,-5.1679,-4.7710
584549068,-1.35364,-1.81433,0.73572,79.7939,-33.4046,-45.9695,0.24036,-1.24011,-1.03271,-11.0916,-2.9771,-5.5115
584550068,-1.25183,-1.07544,0.85571,92.1374,-35.7252,-57.2901,0.24304,-1.24036,-1.00293,-12.1832,-0.8321,-6.1756
584551067,-1.10217,-1.29712,1.12097,107.1679,-49.1985,-59.5954,0.24475,-1.24084,-0.97375,-13.2061,1.2824,-6.7405
584552068,-1.18066,-2.00000,1.05432,107.0534,-73.2443,-56.3206,0.24597,-1.24170,-0.94617,-14.1527,3.3588,-7.2519
584553068,-1.26233,-2.00000,0.69739,88.6336,-97.1298,-52.5038,0.24780,-1.24280,-0.91797,-15.0458,5.3664,-7.7252
584554068,-1.23230,-2.00000,-0.04395,60.8626,-122.3740,-48.9237,0.25049,-1.24365,-0.88916,-15.8931,7.3053,-8.1603
584555067,-1.59045,-2.00000,-1.33191,26.3664,-148.5267,-45.7176,0.25330,-1.24451,-0.86084,-16.6794,9.1908,-8.5573
584556067,-2.00000,-1.88965,-2.00000,-8.4885,-154.4122,-43.0000,0.25610,-1.24597,-0.83301,-17.3664,11.0153,-8.9008
584557068,-2.00000,-0.40857,-1.91296,-26.2519,-129.5344,-39.5954,0.25952,-1.24744,-0.80640,-17.9237,12.7786,-9.1679
584558068,-2.00000,0.00525,-1.73291,-28.3435,-101.2214,-32.7786,0.26404,-1.24902,-0.78076,-18.3664,14.5038,-9.3969
584559068,-2.00000,-0.59314,-2.00000,-29.0076,-76.9466,-26.4656,0.26892,-1.25195,-0.75586,-18.6565,16.1756,-9.5878
584560068,-2.00000,-1.39661,-2.00000,-23.7252,-41.2748,-29.1069,0.27429,-1.25635,-0.73157,-18.7710,17.8015,-9.7481
584561068,-2.00000,-2.00000,-2.00000,-12.4733,-12.7405,-37.9389,0.27991,-1.26111,-0.70703,-18.7252,19.4275,-9.9160
584562068,-2.00000,-2.00000,-2.00000,-4.8473,-7.2443,-49.0000,0.28516,-1.26538,-0.68323,-18.5038,21.0382,-10.0687
584563067,-2.00000,-1.96533,-2.00000,1.7405,-5.1527,-63.1756,0.29041,-1.26990,-0.65967,-18.0916,22.6489,-10.1832
584564067,-1.87244,-0.34412,-2.00000,2.7405,6.3435,-68.6412,0.29688,-1.27454,-0.63635,-17.4580,24.2977,-10.2901
584565068,-1.33752,0.47876,-1.88977,-17.0763,9.6641,-56.5725,0.30518,-1.27905,-0.61450,-16.5802,25.9924,-10.4351
584566068,-1.80115,-0.12634,-2.00000,-37.1298,-2.1985,-39.2748,0.31311,-1.28381,-0.59167,-15.4580,27.7252,-10.5878
584567068,-2.00000,-0.96887,-2.00000,-29.9160,1.0916,-37.7252,0.31934,-1.28760,-0.56763,-14.0840,29.5038,-10.7557
584568068,-2.00000,-1.03113,-2.00000,-17.2977,20.6641,-47.0458,0.32996,-1.29163,-0.52197,-10.6718,33.2748,-11.0992
584569068,-1.94519,-0.64832,-2.00000,-26.2748,34.0611,-52.4122,0.33643,-1.29224,-0.49988,-8.6870,35.2901,-11.3282
584570068,-2.00000,-0.15173,-2.00000,-24.3817,42.1450,-57.3969,0.34277,-1.29211,-0.47791,-6.5649,37.3969,-11.5725
584571067,-2.00000,0.22363,-1.91614,23.0458,43.1985,-69.3588,0.34814,-1.29187,-0.45728,-4.3206,39.5573,-11.8321
584572068,-1.74097,0.11670,-1.14587,81.4351,44.2595,-82.3588,0.35107,-1.29016,-0.43787,-1.9771,41.7557,-12.1221
584573068,-1.61670,-0.44128,-0.80920,101.7481,43.0687,-86.1679,0.35181,-1.28577,-0.41882,0.4351,44.0153,-12.4275
584574068,-1.72913,-0.87781,-0.95398,94.6412,41.5420,-84.1527,0.35242,-1.27954,-0.39893,2.8702,46.3511,-12.7405
584575068,-1.51636,-1.42639,-0.85278,87.9237,38.5954,-77.9313,0.35303,-1.27283,-0.37817,5.2824,48.7176,-13.0458
584576068,-1.14795,-2.00000,-0.51575,78.5344,26.4962,-70.1069,0.35242,-1.26611,-0.35669,7.5954,51.0992,-13.3511
584577068,-0.90613,-2.00000,-0.19519,63.5802,13.9160,-71.7863,0.35156,-1.25940,-0.33618,9.8092,53.5191,-13.6870
584578068,-0.81445,-1.35107,-0.30823,44.2672,5.9847,-81.4656,0.35242,-1.25269,-0.31836,11.9237,55.9618,-14.0153
584579068,-1.03528,0.39575,-0.84863,13.8397,-3.1756,-82.6183,0.35388,-1.24548,-0.30078,13.9313,58.3969,-14.3130
584580068,-1.28101,0.98499,-1.21179,-10.6565,-11.8779,-73.7328,0.35474,-1.23755,-0.28284,15.8397,60.8244,-14.6183
584581068,-1.38904,0.26086,-1.19592,-4.6260,-19.2443,-68.6947,0.35498,-1.22827,-0.26477,17.6107,63.2290,-14.9542
584582068,-1.59521,-0.75391,-1.29517,21.9695,-28.5649,-74.8015,0.35413,-1.21814,-0.24597,19.2519,65.6260,-15.2901
584583068,-1.87244,-0.92358,-1.70520,44.3130,-32.6412,-86.6718,0.35303,-1.20886,-0.22754,20.7405,67.9771,-15.5878
584584067,-1.95325,0.05481,-2.00000,55.0153,-24.1527,-92.8244,0.35315,-1.19946,-0.21082,22.1069,70.2824,-15.8702
584585068,-1.91870,1.33740,-2.00000,56.0153,-10.2595,-84.1527,0.35278,-1.18896,-0.19458,23.3740,72.5420,-16.1298
584586067,-1.93323,1.54163,-2.00000,49.9618,0.5649,-61.6718,0.35168,-1.17871,-0.17834,24.5420,74.7634,-16.3588
584587068,-1.94360,0.42261,-2.00000,39.8550,8.8015,-38.1985,0.35083,-1.16846,-0.16199,25.5954,76.9160,-16.5802
584588068,-1.94983,-0.59888,-2.00000,25.0229,16.9466,-26.6183,0.35046,-1.15759,-0.14539,26.5496,79.0000,-16.7939
584589068,-1.86914,-0.53943,-2.00000,-0.0229,27.4885,-24.6794,0.34961,-1.14685,-0.12964,27.4504,81.0076,-16.9542
584590068,-1.66101,0.16345,-1.97400,-32.1527,36.9618,-21.8092,0.34912,-1.13672,-0.11414,28.2824,82.9542,-17.1145
584591068,-1.43103,0.77820,-1.38562,-53.9618,40.6565,-15.8550,0.34814,-1.12683,-0.09863,29.0229,84.7557,-17.2824
584592068,-1.26111,0.76843,-0.93018,-53.0076,36.7023,-10.3588,0.34644,-1.11682,-0.08411,29.6565,86.5725,-17.4275
584593068,-1.30615,0.00574,-0.87439,-36.1908,27.4046,-9.3053,0.34412,-1.10669,-0.06848,30.2290,88.3817,-17.5725
584594068,-1.33057,-1.03992,-1.23962,-15.3817,18.9237,-14.4962,0.34021,-1.09717,-0.05273,30.7328,90.0611,-17.7481
584595067,-1.24414,-1.50940,-1.98206,3.3588,8.9771,-24.4885,0.33582,-1.08789,-0.03735,31.1679,91.5573,-17.9084
584596067,-1.36902,-0.93250,-2.00000,20.6947,-5.3053,-36.1374,0.33057,-1.07922,-0.02112,31.5267,92.8473,-18.0458
584597067,-1.39478,0.03918,-2.00000,42.6107,-14.4809,-43.9695,0.32483,-1.07178,-0.00500,31.8168,93.8702,-18.1908
584598067,-1.41284,0.45398,-2.00000,63.0611,-18.9237,-44.4809,0.31885,-1.06458,0.01147,32.0382,94.5878,-18.3588
584599067,-1.85132,0.02222,-2.00000,68.0000,-21.2061,-39.9389,0.31201,-1.05713,0.02734,32.1985,95.0458,-18.5344
584600068,-2.00000,-0.58130,-2.00000,61.6947,-9.3359,-40.3359,0.30542,-1.04980,0.04260,32.3053,95.3588,-18.6641
584601068,-2.00000,-0.61243,-2.00000,61.1603,20.0992,-51.0763,0.29944,-1.04260,0.05762,32.3282,95.5954,-18.7481
584602068,-2.00000,-0.11694,-2.00000,70.5191,56.1679,-65.7328,0.29358,-1.03613,0.07275,32.3053,95.8473,-18.8397
584603068,-2.00000,0.33643,-2.00000,82.7863,87.3664,-74.9237,0.28748,-1.03027,0.08777,32.2595,96.1069,-18.9008
584604068,-2.00000,0.11536,-2.00000,93.6565,108.2748,-75.4733,0.28162,-1.02454,0.10229,32.1374,96.2595,-18.9389
584605068,-2.00000,-0.42358,-2.00000,90.6412,128.3969,-71.3511,0.27515,-1.01807,0.11621,31.9389,96.1679,-18.9695
584606068,-1.86926,-0.42212,-2.00000,67.2977,152.7328,-64.7939,0.26855,-1.01160,0.12988,31.6794,95.8397,-18.9771
584607068,-1.25708,0.28796,-1.37415,44.5038,176.0534,-56.7023,0.26306,-1.00708,0.14478,31.3511,95.1603,-18.9542
584608068,-0.79382,1.10498,-0.47766,37.7481,180.7176,-43.8779,0.25793,-1.00330,0.16064,30.9695,94.1374,-18.8702
584609067,-0.63489,1.35828,-0.34497,30.4275,167.3130,-23.4580,0.25330,-0.99915,0.17566,30.5038,93.0000,-18.7328
584610068,-0.46472,1.05054,-0.17444,11.3053,153.6107,-1.1374,0.24805,-0.99475,0.18909,29.9313,91.7176,-18.5649
584611067,-0.18970,0.61438,0.59521,-12.5954,145.2748,14.3969,0.24292,-0.98987,0.20215,29.2672,90.2519,-18.3359
584612067,0.18372,0.49609,1.68872,-24.4885,138.1679,18.3435,0.23840,-0.98486,0.21509,28.5344,88.5725,-18.0534
584613068,0.26477,0.78271,1.99994,-12.0458,117.5038,13.0611,0.23364,-0.98083,0.22754,27.7328,86.6641,-17.7252
584614068,0.05090,0.89807,1.14319,17.0229,86.7634,7.2290,0.22925,-0.97791,0.23950,26.8702,84.5802,-17.3511
584615068,-0.21997,0.76941,-0.00256,39.9313,61.4809,3.1832,0.22583,-0.97595,0.24951,25.9542,82.3130,-16.9313
584616068,-0.36841,0.85840,0.06689,55.4733,55.0229,-1.8855,0.22266,-0.97534,0.25903,25.0000,79.9008,-16.4656
584617068,-0.12891,0.84485,0.40283,84.6870,52.7786,-7.0611,0.21875,-0.97449,0.26855,24.0153,77.3206,-15.9771
584618068,-0.42273,0.55615,-0.42847,121.9084,35.1679,-11.1145,0.21448,-0.97327,0.27612,23.0000,74.5802,-15.4580
584619068,-1.05371,0.17578,-1.77124,141.4733,24.0000,-10.9160,0.21082,-0.97192,0.28259,21.9313,71.7023,-14.9084
584620068,-1.44946,0.14795,-2.00000,133.8473,37.6794,-8.6718,0.20789,-0.97034,0.28931,20.8244,68.7023,-14.3282
584621068,-1.65295,0.29944,-2.00000,114.9008,64.0534,-5.0382,0.20459,-0.96997,0.29602,19.7176,65.5573,-13.7099
584622068,-1.55334,0.22754,-2.00000,112.1069,88.2137,-4.9695,0.20117,-0.96985,0.30127,18.6718,62.2901,-13.0687
584623067,-1.60510,-0.03381,-2.00000,129.2443,100.6260,-8.4885,0.19873,-0.96973,0.30542,17.6641,58.9008,-12.4122
584624067,-1.64893,-0.34119,-2.00000,130.9771,116.0153,-10.0916,0.19543,-0.97034,0.30920,16.6641,55.4046,-11.7786
584625067,-1.60168,-0.22949,-2.00000,98.0840,144.7328,-6.6412,0.19214,-0.97144,0.31201,15.6641,51.8168,-11.1450
584626067,-1.54419,0.18970,-1.74255,68.5802,171.3664,-1.7176,0.18958,-0.97217,0.31201,14.6870,48.1527,-10.5038
584627067,-1.17395,0.61597,-0.80859,69.2824,192.4198,2.5878,0.18628,-0.97278,0.31165,13.7405,44.4122,-9.8397
584628068,-0.75537,0.58398,0.17529,71.8626,194.9771,15.4198,0.18347,-0.97339,0.31152,12.8244,40.6031,-9.2061
584629068,-0.57898,-0.18713,0.35718,50.4122,188.0763,37.6336,0.18079,-0.97461,0.31006,11.9237,36.7557,-8.5954
584630068,-0.41016,-0.98303,0.53174,21.2595,184.9542,54.9084,0.17761,-0.97583,0.30725,11.0611,32.8931,-8.0229
584631068,-0.20532,-0.79272,0.96057,9.3053,176.8321,57.1832,0.17334,-0.97620,0.30322,10.2214,29.0382,-7.4580
584632068,0.05115,0.07825,1.42871,15.8473,162.8855,52.9313,0.16907,-0.97607,0.29932,9.4046,25.1756,-6.9008
584633067,0.04175,0.38733,1.57935,25.8092,141.6031,52.8550,0.16650,-0.97583,0.29468,8.6260,21.2901,-6.3359
584634067,-0.17993,-0.19971,1.56860,29.7939,126.2443,53.7710,0.16443,-0.97583,0.28857,7.8626,17.3893,-5.7863
584635067,-0.15930,-1.03589,1.86206,41.9542,123.0840,44.2672,0.16272,-0.97607,0.28186,7.0916,13.4885,-5.2443
584636067,-0.09863,-1.46960,1.99994,70.1221,121.6794,23.2595,0.16089,-0.97620,0.27429,6.3206,9.6718,-4.7023
584637068,-0.12061,-1.28967,1.99994,93.9847,120.6107,2.8779,0.15967,-0.97620,0.26611,5.5420,5.9389,-4.1832
584638068,-0.09583,-0.60400,1.99994,96.7405,121.5420,-5.9771,0.15930,-0.97595,0.25806,4.7786,2.2824,-3.6412
584639068,-0.03784,0.00989,1.99994,87.7634,122.6107,-1.6336,0.15918,-0.97522,0.25000,4.0153,-1.3053,-3.1298
584640068,0.10193,0.06836,1.99994,77.6031,121.9084,10.7252,0.15942,-0.97449,0.23950,3.2519,-4.8397,-2.6260
584641068,0.39661,-0.04419,1.99994,68.1221,119.1603,23.2061,0.15942,-0.97339,0.22803,2.4580,-8.3053,-2.1145
584642068,0.58118,0.03638,1.99994,54.9924,106.8473,36.0305,0.15991,-0.97131,0.21704,1.6031,-11.6412,-1.5649
584643068,0.39612,-0.00391,1.99994,33.2977,83.5344,53.0000,0.16052,-0.96887,0.20496,0.7099,-14.8321,-0.9924
584644068,0.30249,-0.44800,1.99994,12.9847,62.1221,69.0534,0.16113,-0.96655,0.19226,-0.2137,-17.9160,-0.4351
584645068,0.42871,-0.97668,1.99994,6.4427,41.8092,76.1298,0.16321,-0.96423,0.17957,-1.2137,-20.9237,0.0992
584646068,0.34131,-1.16858,1.99994,5.6489,18.0000,75.3053,0.16638,-0.96204,0.16650,-2.2824,-23.8550,0.6870
584647068,0.18970,-1.07947,1.99994,2.1603,0.4504,71.9008,0.17004,-0.96045,0.15515,-3.3817,-26.6412,1.3359
584648067,0.06836,-0.97192,1.99994,-3.0153,-7.1145,69.4427,0.17554,-0.96008,0.14331,-4.5267,-29.2672,1.9771
584649067,-0.02161,-1.06470,1.99994,-9.7710,-7.5115,69.2595,0.18201,-0.96155,0.12927,-5.7481,-31.7405,2.5802
584650067,-0.04565,-1.32837,1.99994,-16.0229,-5.8702,69.0153,0.18762,-0.96289,0.11328,-6.9924,-34.0916,3.1221
584651068,-0.15527,-1.58813,1.99994,-16.4198,-6.4046,66.5344,0.19312,-0.96436,0.09595,-8.2366,-36.3435,3.6718
584652068,-0.28699,-1.60510,1.64417,-12.6336,-7.3282,61.8779,0.19934,-0.96667,0.07849,-9.4504,-38.4962,4.2137
584653067,-0.35596,-1.36536,1.33752,-11.8855,-8.4427,58.3282,0.20569,-0.97009,0.06104,-10.6336,-40.5115,4.7405
584654067,-0.44263,-1.16980,0.95349,-15.5649,-11.7405,58.0153,0.21082,-0.97424,0.04224,-11.8092,-42.3893,5.2290
584655067,-0.49841,-1.07593,0.79004,-17.3359,-14.2214,58.1069,0.21533,-0.97852,0.02136,-12.9313,-44.1450,5.7252
584656067,-0.36902,-1.03491,0.99304,-15.1908,-13.6794,56.4885,0.21887,-0.98364,0.00000,-13.9466,-45.7863,6.1985
584657067,-0.20154,-0.82947,1.74683,-17.8702,-5.4504,53.9008,0.22168,-0.98865,-0.02185,-14.8855,-47.3282,6.6031
584658067,-0.00647,-0.31995,1.99994,-29.3893,7.5878,54.2672,0.22461,-0.99329,-0.04565,-15.7481,-48.7786,6.9618
584659067,0.23962,-0.07544,1.99994,-45.1527,12.0458,63.0534,0.22766,-0.99817,-0.07056,-16.5115,-50.1527,7.2901
584660067,0.22070,-0.53357,1.96753,-56.6641,4.9160,75.3511,0.23071,-1.00366,-0.09473,-17.2061,-51.4504,7.5878
584661068,0.58179,-0.89270,1.99994,-55.2824,-14.7710,78.0763,0.23425,-1.01025,-0.11841,-17.8397,-52.7023,7.8626
584662067,0.86304,-0.52710,1.99994,-66.2595,-35.3588,83.0992,0.23853,-1.01721,-0.14209,-18.3817,-53.8702,8.1603
584663067,0.65137,-0.57996,1.99994,-75.0305,-59.0000,93.2290,0.24341,-1.02429,-0.16614,-18.8550,-54.9695,8.4504
584664067,0.67798,-1.44812,1.99994,-68.6412,-70.0382,101.1145,0.24805,-1.03235,-0.19092,-19.2672,-56.0000,8.7023
584665068,0.78027,-2.00000,1.99994,-66.9924,-80.8397,101.8779,0.25195,-1.03967,-0.21545,-19.6489,-56.9771,8.9160
584666068,0.42285,-2.00000,1.99994,-77.9847,-94.1832,95.1069,0.25598,-1.04712,-0.23975,-19.9695,-57.8702,9.1221
584667068,0.15430,-2.00000,1.99994,-80.8626,-104.2748,84.0916,0.26538,-1.06348,-0.28809,-20.5191,-59.3740,9.4733
584668068,0.27307,-1.75549,1.99994,-74.8473,-114.6412,75.4198,0.26782,-1.07080,-0.31348,-20.7252,-59.9847,9.6260
584669067,0.34619,-1.78186,1.99994,-72.5954,-133.5344,70.4809,0.27051,-1.07849,-0.33936,-20.8855,-60.5496,9.7481
584670067,0.13147,-1.83545,1.44836,-69.0229,-150.6412,64.1069,0.27441,-1.08655,-0.36523,-21.0076,-61.0458,9.8702
584671067,-0.01917,-1.60352,1.58728,-63.2672,-153.6489,57.4046,0.27893,-1.09277,-0.39136,-21.1298,-61.4504,9.9618
584672067,-0.13696,-1.43152,1.55725,-69.0000,-153.4656,58.8015,0.28296,-1.09766,-0.41711,-21.2290,-61.7328,10.0382
584673067,-0.54089,-1.73254,0.64075,-81.0534,-156.3359,67.2977,0.28601,-1.10291,-0.44226,-21.3359,-61.9389,10.0840
584674068,-0.81226,-2.00000,-0.00342,-77.5802,-152.0076,69.7099,0.28894,-1.10803,-0.46765,-21.4351,-62.0687,10.0992
584675067,-0.67236,-1.72205,0.17102,-69.5038,-139.8626,66.0305,0.29211,-1.11292,-0.49255,-21.5191,-62.1221,10.0840
584676067,-0.47949,-1.20300,0.18066,-81.3053,-129.5649,67.3817,0.29517,-1.11829,-0.51758,-21.6107,-62.0611,10.0992
584677067,-0.41760,-0.90527,-0.14771,-100.7557,-123.9008,74.0840,0.29712,-1.12500,-0.54407,-21.7405,-61.8931,10.0992
584678068,-0.41736,-1.08069,-0.22668,-106.5267,-122.4275,79.8092,0.29822,-1.13257,-0.57031,-21.8855,-61.6718,10.0458
584679067,-0.32996,-1.67102,-0.10168,-106.6107,-122.4351,81.5878,0.29871,-1.14075,-0.59680,-22.0687,-61.3817,9.9695
584680067,-0.32129,-2.00000,-0.16870,-111.7405,-124.3817,79.0840,0.29968,-1.14966,-0.62439,-22.2672,-61.0076,9.8931
584681067,-0.46973,-2.00000,-0.42041,-114.9084,-125.4351,72.9924,0.30103,-1.15894,-0.65259,-22.4733,-60.5573,9.8092
584682067,-0.46387,-1.76794,-0.36792,-112.3206,-121.1832,66.8168,0.30042,-1.16882,-0.68127,-22.6947,-60.0916,9.7176
584683068,-0.41992,-1.62744,0.23511,-108.0534,-113.9389,64.4656,0.29846,-1.17932,-0.71094,-22.9237,-59.5802,9.6031
584684067,-0.44495,-2.00000,1.15173,-103.2672,-102.3511,64.3130,0.29688,-1.19116,-0.74121,-23.1069,-59.0153,9.4504
584685067,-0.25684,-2.00000,1.45972,-102.6718,-92.0763,62.0076,0.29480,-1.20422,-0.77185,-23.2748,-58.4122,9.2748
584686067,-0.21069,-2.00000,0.60413,-108.7557,-98.2443,54.9389,0.29199,-1.21692,-0.80481,-23.4427,-57.7786,9.0916
584687067,-0.43225,-2.00000,-0.01501,-111.1985,-111.7481,44.1450,0.28943,-1.22827,-0.83948,-23.5954,-57.1298,8.9237
584688067,-0.23254,-1.32776,0.57324,-108.8015,-121.2977,37.1298,0.28638,-1.23901,-0.87354,-23.7634,-56.4656,8.7328
584689068,0.02380,-1.11279,1.09607,-117.0992,-138.1527,40.9389,0.28320,-1.25037,-0.90662,-23.9924,-55.7634,8.5115
584690068,-0.28113,-1.32739,0.46265,-130.3435,-163.3359,48.8168,0.28076,-1.26099,-0.93945,-24.2748,-55.0305,8.2901
584691067,-0.54504,-1.41443,-0.12744,-130.8855,-169.2290,50.2977,0.27820,-1.27026,-0.97241,-24.5725,-54.3130,8.0840
584692067,-0.49463,-1.29321,0.14722,-128.7328,-154.6183,48.7099,0.27502,-1.27881,-1.00537,-24.9160,-53.5802,7.8779
584693067,-0.55701,-1.01672,0.21411,-137.7481,-137.4885,49.9008,0.27222,-1.28564,-1.03833,-25.3359,-52.8092,7.6336
584694068,-0.67029,-0.54822,-0.28638,-142.0687,-124.2977,52.1908,0.27039,-1.29138,-1.07056,-25.8397,-51.9924,7.3435
584695067,-0.79565,-0.19629,-0.92554,-129.5496,-121.6336,53.6031,0.26929,-1.29749,-1.10181,-26.4504,-51.1450,7.0076
584696067,-0.84253,-0.57947,-1.27417,-114.5115,-121.6031,55.8168,0.26868,-1.30237,-1.13342,-27.1374,-50.2366,6.6489
584697067,-0.74817,-1.42749,-1.40430,-107.2443,-122.9237,55.3588,0.26758,-1.30566,-1.16382,-27.8855,-49.2290,6.2519
584698068,-0.80908,-1.52014,-1.52466,-102.6336,-126.7786,47.6412,0.26660,-1.30872,-1.19189,-28.7023,-48.1374,5.8244
584699068,-0.85803,-0.72778,-1.74060,-98.2214,-128.5878,38.7634,0.26733,-1.31140,-1.21875,-29.5878,-46.9466,5.4046
584700068,-0.89355,-0.13672,-2.00000,-97.3511,-125.4656,38.2672,0.26892,-1.31323,-1.24585,-30.5115,-45.6870,4.9618
584701068,-1.02551,-0.47852,-2.00000,-98.2519,-117.1985,44.9771,0.26965,-1.31470,-1.27393,-31.5115,-44.3282,4.4962
584702067,-1.12488,-1.42249,-2.00000,-94.1069,-103.0305,48.6489,0.27026,-1.31628,-1.30042,-32.5878,-42.8397,3.9847
584703068,-1.42419,-2.00000,-1.29590,-83.6412,-83.0153,44.7634,0.27075,-1.31848,-1.32422,-33.7557,-41.2290,3.4198
584704067,-1.40784,-2.00000,-0.29785,-68.0992,-57.9695,32.8702,0.27087,-1.32153,-1.34863,-34.9924,-39.5191,2.8244
584705067,-0.99866,-2.00000,-0.37476,-53.2290,-39.2366,15.9237,0.27075,-1.32532,-1.37341,-36.2519,-37.6947,2.1985
584706067,-1.37817,-2.00000,-1.66858,-39.7939,-53.0153,0.1603,0.27112,-1.32947,-1.39734,-37.5649,-35.7481,1.5420
584707068,-1.71191,-1.82336,-2.00000,-20.9771,-71.8092,-10.1145,0.27222,-1.33398,-1.42261,-38.9313,-33.6794,0.9084
584708067,-1.34985,-2.00000,-1.93579,-5.4962,-86.3740,-16.9008,0.27295,-1.33875,-1.44849,-40.3664,-31.4962,0.2519
584709067,-1.24023,-2.00000,-1.22974,-5.2748,-103.3282,-25.9618,0.27283,-1.34387,-1.47107,-41.8244,-29.2061,-0.3817
584710068,-1.30811,-2.00000,-1.14941,-13.6260,-110.0916,-35.2595,0.27271,-1.34998,-1.49280,-43.3053,-26.7863,-1.0153
584711068,-1.36548,-1.85803,-1.40625,-19.1908,-102.1832,-40.8855,0.27222,-1.35645,-1.51611,-44.8015,-24.2748,-1.6641
584712068,-1.47681,-1.07654,-1.75000,-21.9695,-79.6870,-42.9924,0.27161,-1.36340,-1.53992,-46.2672,-21.6794,-2.3130
584713068,-1.65576,-0.54175,-2.00000,-22.2672,-52.4122,-40.7939,0.27161,-1.37122,-1.56372,-47.7023,-18.9924,-2.9695
584714068,-1.77271,-0.70178,-2.00000,-16.0153,-29.1145,-36.3893,0.27148,-1.37866,-1.58716,-49.1298,-16.2137,-3.6260
584715068,-1.67676,-1.19287,-2.00000,-3.3817,-9.9084,-36.5802,0.27161,-1.38550,-1.60901,-50.5344,-13.3664,-4.2901
584716068,-1.62891,-1.20898,-2.00000,9.4809,1.5954,-42.9237,0.27136,-1.39160,-1.62805,-51.8855,-10.3817,-4.9771
584717068,-1.66833,-0.80676,-1.80383,17.7252,14.5191,-47.5267,0.27002,-1.39636,-1.64648,-53.1298,-7.2748,-5.7023
584718067,-1.47241,-0.90491,-0.44226,17.2748,30.5344,-41.9313,0.26953,-1.40051,-1.66614,-54.2824,-4.0687,-6.4198
584719067,-1.06335,-1.83142,0.42212,4.6870,41.3053,-28.4962,0.26965,-1.40356,-1.68628,-55.3893,-0.7405,-7.1679
584720067,-0.70044,-2.00000,0.82544,-13.2824,47.2443,-22.2824,0.26953,-1.40527,-1.70496,-56.4351,2.7099,-7.9771
584721068,-0.32886,-2.00000,1.15186,-24.0534,49.0763,-28.5649,0.26892,-1.40649,-1.72119,-57.4122,6.3053,-8.8168
584722067,-0.17688,-1.47461,1.15601,-31.1679,34.1756,-37.1298,0.26904,-1.40723,-1.73657,-58.3206,10.0534,-9.6718
584723068,-0.15259,-0.93372,0.94324,-33.7481,2.6489,-40.7863,0.27039,-1.40674,-1.75354,-59.1527,13.9618,-10.5344
584724067,0.08728,-1.14099,1.00122,-22.9847,-33.7023,-43.3740,0.27209,-1.40527,-1.77014,-59.9084,17.9924,-11.4656
584725067,0.00549,-1.95837,0.89417,-6.4962,-73.1832,-48.6641,0.27405,-1.40369,-1.78552,-60.6412,22.1527,-12.4275
584726067,-0.46558,-2.00000,0.24646,6.8015,-99.6870,-61.0534,0.27588,-1.40222,-1.80005,-61.3588,26.4427,-13.3969
584727067,-0.79370,-1.74329,-0.25391,22.6489,-99.7863,-78.1450,0.27686,-1.40088,-1.81421,-62.0382,30.8168,-14.3740
584728068,-0.91260,-0.35107,-0.44202,33.3740,-83.2137,-86.1756,0.27698,-1.40039,-1.82837,-62.6870,35.3359,-15.3664
584729067,-1.01111,0.53308,-0.75146,22.2824,-60.0534,-76.0763,0.27710,-1.40039,-1.84131,-63.3053,39.9542,-16.3511
584730067,-1.44824,0.29968,-1.76599,-5.0534,-44.0534,-54.0153,0.27686,-1.40125,-1.85315,-63.9160,44.6565,-17.2977
584731067,-1.86597,-0.53479,-2.00000,-27.1908,-28.5420,-35.6107,0.27527,-1.40283,-1.86328,-64.5267,49.4580,-18.2290
584732067,-1.67407,-1.21887,-2.00000,-34.6565,-6.3282,-28.1145,0.27344,-1.40515,-1.87402,-65.1298,54.3130,-19.1603
584733067,-1.62292,-1.65369,-2.00000,-43.4351,-3.7176,-22.9466,0.27063,-1.40833,-1.88721,-65.7405,59.2061,-20.0840
584734068,-1.79187,-1.52283,-2.00000,-62.2977,-9.8473,-18.9695,0.26636,-1.41223,-1.90051,-66.3511,64.1221,-20.9466
584735068,-1.85364,-0.63977,-2.00000,-69.3740,-10.8168,-20.9008,0.26208,-1.41626,-1.91309,-66.9389,69.0534,-21.7634
584736067,-2.00000,-0.15515,-2.00000,-61.2061,-5.7481,-22.6794,0.25806,-1.42065,-1.92542,-67.4733,74.1374,-22.5420
584737068,-2.00000,-1.33069,-2.00000,-56.1908,8.9618,-18.1832,0.25427,-1.42529,-1.93665,-67.9847,79.3359,-23.3130
584738068,-2.00000,-2.00000,-2.00000,-52.2443,19.1527,-20.0229,0.25000,-1.42944,-1.94641,-68.4809,84.4275,-24.0611
584739068,-2.00000,-2.00000,-2.00000,-28.7634,44.4885,-44.2137,0.24438,-1.43384,-1.95422,-68.9695,89.4275,-24.7863
584740068,-1.65991,-2.00000,-1.49792,13.1832,72.5191,-84.5954,0.23755,-1.43787,-1.96094,-69.4275,94.4351,-25.4504
584741068,-1.64111,-1.31995,-1.93066,46.7328,73.1374,-112.6794,0.23132,-1.44141,-1.96790,-69.8779,99.4656,-26.0763
584742068,-2.00000,-0.63599,-2.00000,58.2137,55.2519,-116.9313,0.22620,-1.44434,-1.97449,-70.3282,104.5420,-26.6870
584743068,-2.00000,-1.02356,-2.00000,72.3130,38.5496,-118.0076,0.22070,-1.44641,-1.98035,-70.8092,109.6794,-27.2748
584744068,-2.00000,-1.79858,-2.00000,90.6565,39.3740,-126.6412,0.21533,-1.44788,-1.98499,-71.3359,114.8397,-27.8321
584745068,-1.72083,-2.00000,-1.98315,85.5954,50.6031,-133.3511,0.21106,-1.44934,-1.98718,-71.8702,120.0382,-28.3511
584746068,-1.73364,-1.76550,-1.62390,54.4351,65.8015,-133.8931,0.20740,-1.45020,-1.98926,-72.4275,125.2901,-28.8473
584747068,-1.54736,-0.12622,-1.68079,24.2061,90.7481,-124.9237,0.20349,-1.45105,-1.99231,-73.0534,130.5725,-29.3435
584748068,-1.26111,1.09021,-1.83960,3.2977,115.3893,-105.0153,0.19922,-1.45276,-1.99426,-73.7481,135.8397,-29.8321
584749068,-1.37781,0.74341,-2.00000,-16.3817,127.4656,-77.7405,0.19531,-1.45447,-1.99524,-74.4656,141.1298,-30.3130
584750068,-1.62622,-0.67346,-2.00000,-38.3053,130.9084,-54.8931,0.19092,-1.45691,-1.99609,-75.1832,146.4351,-30.7939
584751067,-1.93958,-1.13928,-2.00000,-63.2977,118.1374,-46.0916,0.18579,-1.46082,-1.99829,-75.9160,151.7252,-31.2137
584752068,-1.91064,0.24817,-2.00000,-83.7481,107.7176,-47.5496,0.17993,-1.46558,-2.00000,-76.6870,157.0305,-31.6260
584753067,-1.44958,1.55627,-1.99170,-85.1603,117.9847,-42.5267,0.17346,-1.47021,-2.00000,-77.4962,162.3511,-32.0611
584754068,-0.77466,0.78088,0.23755,-72.7557,125.2901,-25.3740,0.16809,-1.47461,-2.00000,-78.2977,167.6489,-32.5191
584755067,-0.49292,-0.86633,-0.07544,-58.8473,114.5191,-15.6718,0.16296,-1.47949,-2.00000,-79.0611,172.9618,-33.0153
584756067,-1.59058,-1.27356,-2.00000,-25.3969,85.0687,-31.2901,0.15735,-1.48535,-2.00000,-79.8092,178.2519,-33.5191
584757067,-2.00000,-0.84302,-2.00000,31.1069,80.4733,-60.4275,0.15149,-1.49170,-2.00000,-80.5191,183.5344,-34.0534
584758067,-2.00000,-1.21497,-2.00000,62.0916,105.2214,-77.4504,0.14563,-1.49878,-2.00000,-81.1679,188.8015,-34.6107
584759067,-2.00000,-2.00000,-2.00000,60.2977,124.3511,-85.7939,0.14075,-1.50635,-2.00000,-81.7786,194.0916,-35.1908
584760068,-2.00000,-1.85669,-2.00000,69.1908,137.2443,-103.0534,0.13586,-1.51294,-2.00000,-82.3511,199.4122,-35.7786
584761068,-2.00000,-1.12158,-2.00000,95.0992,165.8168,-123.0076,0.13025,-1.51782,-2.00000,-82.8779,204.7328,-36.3893
584762067,-1.98450,-0.63257,-2.00000,88.0916,208.1374,-128.3893,0.12451,-1.52148,-2.00000,-83.3817,210.0763,-36.9847
584763067,-1.99609,-0.25403,-2.00000,32.7405,250.1298,-113.5115,0.11951,-1.52527,-2.00000,-83.9008,215.4504,-37.5649
584764068,-1.77722,0.19629,-1.63855,-31.8473,250.1298,-87.9084,0.11475,-1.52905,-2.00000,-84.4122,220.8626,-38.1527
584765067,-0.98669,0.43469,-1.19446,-63.6031,250.1298,-63.6031,0.11035,-1.53162,-2.00000,-84.9313,226.3053,-38.8015
584766067,-0.56543,0.10889,-0.88416,-60.2901,250.1298,-44.4885,0.10535,-1.53333,-1.99768,-85.4885,231.8168,-39.5115
584767068,-0.55750,-0.29822,-0.33899,-46.8473,220.9008,-30.3969,0.09363,-1.53528,-1.97522,-86.7252,242.9924,-41.1069
584768067,-0.12354,-0.07922,0.45850,-55.0992,188.8855,-17.8015,0.08813,-1.53662,-1.96082,-87.3969,248.6412,-41.9237
584769067,-0.52820,0.69666,0.25916,-79.6641,149.1145,-5.4656,0.08313,-1.53760,-1.94604,-88.1450,250.1298,-42.7634
584770067,-1.68787,1.33850,-1.70874,-66.2214,109.5496,-3.5191,0.07800,-1.53857,-1.93140,-88.9542,250.1298,-43.6489
584771067,-2.00000,1.10950,-2.00000,6.3282,95.4580,-18.2977,0.07129,-1.54028,-1.91479,-89.7939,250.1298,-44.5878
584772068,-2.00000,-0.26733,-2.00000,86.6794,108.2061,-40.4275,0.06396,-1.54187,-1.89624,-90.6641,250.1298,-45.5802
584773068,-1.94214,-2.00000,-2.00000,121.4504,132.3053,-57.9924,0.05713,-1.54321,-1.87708,-91.5802,250.1298,-46.6336
584774068,-2.00000,-2.00000,-2.00000,109.6183,141.6718,-71.3053,0.05103,-1.54541,-1.85754,-92.5344,250.1298,-47.7405
584775067,-2.00000,-2.00000,-2.00000,115.3435,154.4427,-94.7405,0.04321,-1.54822,-1.83887,-93.4809,250.1298,-48.8626
584776068,-2.00000,-1.72144,-2.00000,168.2214,193.2901,-127.9542,0.03357,-1.55225,-1.82019,-94.3969,250.1298,-50.0382
584777067,-2.00000,-1.40649,-2.00000,195.3206,247.2214,-142.7481,0.02429,-1.55762,-1.80078,-95.2443,250.1298,-51.2443
584778068,-2.00000,-1.57678,-2.00000,135.2519,250.1298,-127.8931,0.01501,-1.56384,-1.78064,-96.0076,250.1298,-52.4885
584779068,-2.00000,-1.21619,-2.00000,36.0305,250.1298,-99.4962,0.00610,-1.57117,-1.75854,-96.6870,250.1298,-53.7710
584780068,-2.00000,-0.30005,-2.00000,-20.6718,250.1298,-78.7786,-0.00220,-1.57898,-1.73511,-97.2519,250.1298,-55.0611
584781067,-1.68213,0.45264,-1.53967,-16.8855,250.1298,-69.5878,-0.01111,-1.58594,-1.71082,-97.6870,250.1298,-56.3664
584782067,-1.14722,0.62305,-0.53357,-10.4580,250.1298,-58.1450,-0.02148,-1.59204,-1.68530,-98.0229,250.1298,-57.6794
584783067,-0.58728,0.39673,0.44629,-40.2366,250.1298,-36.0229,-0.03284,-1.59680,-1.65747,-98.2519,250.1298,-58.9924
584784067,0.14343,0.35938,1.56824,-78.1221,250.1298,-18.2672,-0.04382,-1.59875,-1.62756,-98.3817,250.1298,-60.2824
584785067,0.32227,0.69019,1.99994,-76.9084,250.1298,-15.6260,-0.05432,-1.59961,-1.59436,-98.4962,250.1298,-61.5649
584786067,0.43188,0.99780,1.99994,-34.8397,250.1298,-22.3511,-0.06482,-1.59985,-1.55676,-98.6031,250.1298,-62.8473
584787068,0.12512,1.61963,1.99994,-0.3893,250.1298,-24.6183,-0.07593,-1.59644,-1.51672,-98.7328,250.1298,-64.1450
584788067,-0.50000,1.99994,1.69128,6.6565,225.4885,-20.2901,-0.08887,-1.58887,-1.47400,-98.9847,250.1298,-65.4504
584789068,0.74841,1.99994,1.99994,51.5802,238.0153,-19.3969,-0.10339,-1.57874,-1.42810,-99.4427,250.1298,-66.7405
584790067,1.31262,1.12219,1.99994,137.7099,219.2672,-27.2443,-0.11743,-1.56750,-1.37964,-100.0992,250.1298,-67.9924
584791067,-0.65015,-1.03577,1.38818,183.0000,142.6641,-33.2214,-0.13049,-1.55493,-1.32922,-101.0229,250.1298,-69.2519
584792067,-2.00000,-2.00000,-2.00000,187.0687,82.7405,-41.0534,-0.14441,-1.54065,-1.27600,-102.2366,250.1298,-70.4885
584793068,-2.00000,-2.00000,-2.00000,178.0000,89.6336,-53.2214,-0.15955,-1.52625,-1.21948,-103.7557,250.1298,-71.7099
584794068,-2.00000,-2.00000,-0.10657,68.6489,250.1298,-58.3359,-0.17493,-1.51331,-1.16016,-105.5802,250.1298,-72.9389
584795068,-2.00000,-0.07959,-1.78979,56.7328,250.1298,-61.4885,-0.19104,-1.50146,-1.09851,-107.7405,250.1298,-74.1908
584796068,-2.00000,1.43896,-2.00000,52.0076,250.1298,-52.1374,-0.20691,-1.48926,-1.03479,-110.1908,250.1298,-75.4351
584797067,-2.00000,1.03418,-2.00000,-16.9237,250.1298,-19.2290,-0.22217,-1.47668,-0.97192,-112.9084,250.1298,-76.6870
584798068,-2.00000,-0.81860,-1.21924,-116.5038,250.1298,14.0382,-0.23792,-1.46484,-0.91052,-115.8550,250.1298,-77.9618
584799068,-1.78857,-1.76733,-0.60632,-169.5038,250.1298,21.4656,-0.25366,-1.45398,-0.84668,-119.0076,250.1298,-79.2366
584800068,-0.90784,-0.76660,0.04504,-146.0763,250.1298,10.9389,-0.26819,-1.44482,-0.78076,-122.3817,250.1298,-80.4885
584801068,-0.72009,1.16589,0.79736,-60.4885,250.1298,-3.3893,-0.28210,-1.43811,-0.71448,-125.9237,250.1298,-81.6947
584802067,0.43420,1.88281,1.99994,48.7099,250.1298,-10.4351,-0.29626,-1.43506,-0.64673,-129.5649,250.1298,-82.9008
584803067,0.69641,0.91968,1.99994,132.8168,250.1298,-13.6031,-0.30908,-1.43567,-0.57849,-133.2290,250.1298,-84.0916
584804067,-0.69751,-0.37781,0.66162,159.1298,203.8779,-20.9160,-0.32068,-1.43909,-0.51050,-136.8244,250.1298,-85.2748
584805067,-1.77856,-0.76501,-1.41174,168.2748,186.1298,-42.1374,-0.33215,-1.44470,-0.44299,-140.2901,250.1298,-86.3817
584806067,-2.00000,-0.65808,-2.00000,201.6107,178.5573,-71.4427,-0.34412,-1.45190,-0.37549,-143.5496,250.1298,-87.4046
584807067,-2.00000,-2.00000,-2.00000,243.5038,221.8779,-90.3511,-0.35535,-1.46021,-0.30713,-146.5649,250.1298,-88.3817
584808068,-2.00000,-2.00000,-2.00000,250.1298,250.1298,-104.8397,-0.36609,-1.46924,-0.23975,-149.2901,250.1298,-89.3435
584809068,-2.00000,-2.00000,-2.00000,226.4198,250.1298,-115.0305,-0.37756,-1.47803,-0.17273,-151.6947,250.1298,-90.2824
584810068,-2.00000,-0.90076,-2.00000,177.0229,250.1298,-107.6412,-0.38855,-1.48804,-0.10498,-153.7481,250.1298,-91.1450
584811067,-2.00000,-0.46448,-2.00000,157.0992,250.1298,-99.7176,-0.39966,-1.49915,-0.03748,-155.4198,250.1298,-91.9542
584812068,-2.00000,-1.53967,-2.00000,154.2290,250.1298,-91.9160,-0.41077,-1.51050,0.02942,-156.6641,250.1298,-92.6947
584813067,-2.00000,-2.00000,-2.00000,115.6794,250.1298,-83.6947,-0.42126,-1.52100,0.09705,-157.4427,250.1298,-93.4504
584814067,-2.00000,-0.77417,-1.43811,49.2672,250.1298,-78.9237,-0.43152,-1.53162,0.16626,-157.8015,250.1298,-94.1145
584815067,-2.00000,1.59985,-1.79602,9.3130,250.1298,-71.2290,-0.44031,-1.54126,0.23608,-157.7252,250.1298,-94.7786
584816067,-2.00000,1.99994,-1.00049,20.3282,250.1298,-58.8550,-0.44836,-1.54919,0.30627,-157.1908,250.1298,-95.4427
584817067,-1.98157,1.20801,0.88965,51.5649,250.1298,-50.1679,-0.45679,-1.55615,0.37634,-156.2061,250.1298,-95.9695
584818067,-1.14880,-0.42444,1.99994,69.6718,250.1298,-50.2977,-0.46533,-1.56128,0.44727,-154.8244,250.1298,-96.4351
584819067,-0.21570,-0.30469,1.99994,67.1527,250.1298,-58.0534,-0.47302,-1.56396,0.52014,-153.0076,250.1298,-97.0305
584820067,0.02759,1.48669,1.99994,63.0840,250.1298,-60.7252,-0.48071,-1.56335,0.59290,-150.7557,250.1298,-97.8092
584821067,-0.73938,1.99994,1.99994,89.7099,250.1298,-47.5573,-0.48889,-1.55994,0.66504,-148.0992,250.1298,-98.6565
584822067,-0.44824,0.80664,1.99994,146.2061,250.1298,-33.3969,-0.49646,-1.55530,0.73511,-145.0916,250.1298,-99.4580
584823068,1.55005,-0.36963,1.99994,165.0000,250.1298,-23.0763,-0.50293,-1.54785,0.80298,-141.7710,250.1298,-100.1832
584824068,1.35266,-0.02344,1.99994,116.1756,250.1298,-10.9313,-0.50952,-1.53796,0.87073,-138.1603,250.1298,-100.8855
584825067,-1.03381,0.58972,1.99994,86.5954,250.1298,-3.7481,-0.51697,-1.52625,0.93799,-134.2901,250.1298,-101.7176
584826067,-2.00000,-0.10828,1.36243,135.9389,250.1298,-13.4809,-0.52551,-1.51221,1.00537,-130.1985,250.1298,-102.6718
584827068,-2.00000,-2.00000,-0.10730,196.3282,250.1298,-23.2290,-0.53564,-1.49634,1.07190,-125.9084,250.1298,-103.6489
584828068,-2.00000,-2.00000,-2.00000,203.3664,250.1298,-38.3206,-0.54578,-1.47876,1.13623,-121.4580,250.1298,-104.6489
584829067,-2.00000,-2.00000,-2.00000,206.6107,250.1298,-74.8626,-0.55493,-1.45984,1.19897,-116.9084,250.1298,-105.6565
584830068,-2.00000,-2.00000,-2.00000,223.2443,250.1298,-108.9924,-0.56433,-1.43994,1.26062,-112.2977,250.1298,-106.6870
584831068,-2.00000,-0.12476,-1.69678,191.9389,250.1298,-114.0534,-0.57312,-1.41907,1.32031,-107.6336,250.1298,-107.6947
584832068,-2.00000,0.06848,-2.00000,138.0382,250.1298,-98.8092,-0.58118,-1.39819,1.37683,-102.9313,250.1298,-108.6641
584833068,-2.00000,-0.18616,-2.00000,130.7252,250.1298,-99.6870,-0.58997,-1.37646,1.43079,-98.1908,250.1298,-109.6107
584834068,-2.00000,-1.17847,-2.00000,114.8397,250.1298,-88.5802,-0.59863,-1.35254,1.48254,-93.4351,250.1298,-110.5115
584835068,-2.00000,-2.00000,-2.00000,60.9847,250.1298,-68.1603,-0.60693,-1.32654,1.53235,-88.7252,250.1298,-111.4198
584836068,-2.00000,-2.00000,-0.57910,50.8702,250.1298,-73.0840,-0.61560,-1.29993,1.57947,-84.0611,250.1298,-112.2901
584837068,-2.00000,-0.13306,0.90588,93.0000,250.1298,-83.9160,-0.62439,-1.27332,1.62317,-79.4504,250.1298,-113.0763
584838068,-2.00000,0.94482,1.97339,105.7481,250.1298,-73.0229,-0.63318,-1.24597,1.66345,-74.9313,250.1298,-113.7405
584839067,-2.00000,0.31775,1.99994,75.3588,250.1298,-51.7328,-0.64136,-1.21863,1.70264,-70.5573,250.1298,-114.3053
584840067,-0.96204,-0.84399,1.99994,63.0840,250.1298,-39.7786,-0.64832,-1.19055,1.74023,-66.3511,250.1298,-114.8321
584841068,0.27734,-1.77502,1.99994,64.7099,250.1298,-37.5267,-0.65466,-1.15967,1.77612,-62.3664,250.1298,-115.3053
584842067,0.44116,-2.00000,1.99994,67.0382,250.1298,-41.3282,-0.66064,-1.12622,1.81213,-58.6565,250.1298,-115.6870
584843067,0.21045,-1.43872,1.99994,93.1374,250.1298,-60.7634,-0.66479,-1.09131,1.84619,-55.2214,250.1298,-115.9771
584844064,-0.01062,0.46692,1.99994,125.0153,250.1298,-71.1985,-0.66785,-1.05469,1.87744,-52.0534,250.1298,-116.1985
584845065,0.07227,-0.08594,1.99994,144.2214,250.1298,-63.0076,-0.67078,-1.01733,1.90698,-49.1832,250.1298,-116.2977
584846069,-0.72302,-2.00000,1.99994,183.0534,250.1298,-65.4885,-0.67273,-0.97937,1.93579,-46.6336,250.1298,-116.3282
584847068,-2.00000,-2.00000,1.99994,232.3740,250.1298,-90.1756,-0.67334,-0.93994,1.96582,-44.4275,250.1298,-116.3053
584848068,-2.00000,-2.00000,1.99994,250.1298,250.1298,-116.5649,-0.67346,-0.90076,1.99573,-42.5115,250.1298,-116.2061
584849067,-2.00000,-2.00000,1.99994,224.0000,250.1298,-126.8321,-0.67358,-0.86267,1.99994,-40.9084,250.1298,-116.0076
584850067,-2.00000,-2.00000,1.99994,164.8931,250.1298,-121.8779,-0.67273,-0.82458,1.99994,-39.6031,250.1298,-115.7099
584851067,-0.85059,-1.00037,1.99994,103.3664,250.1298,-111.1603,-0.67017,-0.78674,1.99994,-38.5573,250.1298,-115.3588
584852067,-1.70801,-0.01343,1.99994,71.4809,250.1298,-105.1298,-0.66663,-0.75024,1.99994,-37.7252,250.1298,-114.9313
584853067,-2.00000,-0.92810,1.99994,73.9084,250.1298,-98.7023,-0.66235,-0.71509,1.99994,-37.0763,250.1298,-114.4351
584854067,-0.43127,-1.92029,1.99994,44.9160,250.1298,-89.9389,-0.65820,-0.68164,1.99994,-36.6260,250.1298,-113.8702
584855065,-0.25317,-1.53149,1.99994,-33.2061,250.1298,-73.6031,-0.65479,-0.64844,1.99994,-36.3435,250.1298,-113.2290
584856069,-0.03418,-0.41211,1.99994,-77.7557,250.1298,-64.6947,-0.65112,-0.61523,1.99994,-36.2366,250.1298,-112.4733
584857068,1.83081,0.79590,1.99994,-66.4427,250.1298,-55.4580,-0.64771,-0.58228,1.99994,-36.2901,250.1298,-111.6260
584858067,1.99994,1.53943,1.99994,-53.4733,250.1298,-37.1527,-0.64563,-0.54907,1.99994,-36.5344,250.1298,-110.6947
584859068,1.64893,0.95300,1.99994,-52.7786,250.1298,-9.3130,-0.64453,-0.51636,1.99994,-36.9542,250.1298,-109.6718
584860067,1.99994,-1.05261,1.99994,-44.5115,250.1298,13.2443,-0.64343,-0.48486,1.99994,-37.5802,250.1298,-108.5191
584861065,1.99994,-1.51392,1.99994,2.2672,203.5344,-2.7176,-0.64331,-0.45410,1.99994,-38.4275,250.1298,-107.3359
584862065,1.53210,0.20667,1.99994,125.8397,112.1145,-57.7328,-0.64539,-0.42468,1.99994,-39.5115,250.1298,-106.0992
584863065,0.40820,1.49878,1.99994,250.1298,38.3359,-103.9237,-0.64880,-0.39600,1.99994,-40.8779,250.1298,-104.7176
584864068,-0.35547,0.72742,0.87231,250.1298,-15.9084,-108.5420,-0.65234,-0.36829,1.99994,-42.5191,250.1298,-103.1450
584865067,-1.04578,-1.18506,-1.62524,250.1298,-21.4504,-105.0992,-0.65503,-0.34167,1.99994,-44.4427,250.1298,-101.3740
584866067,-2.00000,-2.00000,-2.00000,250.1298,17.1221,-126.8321,-0.65784,-0.31702,1.99994,-46.6794,250.1298,-99.4809
584867067,-2.00000,-2.00000,-2.00000,250.1298,43.8626,-159.6183,-0.66553,-0.27307,1.99994,-52.1145,246.7710,-95.3893
584868068,-2.00000,-2.00000,-2.00000,250.1298,102.3893,-186.0916,-0.66931,-0.25427,1.99994,-55.2977,238.9008,-93.2137
584869068,-2.00000,-2.00000,-2.00000,249.0611,234.5649,-191.8931,-0.67261,-0.23755,1.99994,-58.7557,230.8092,-90.9313
584870068,-2.00000,-0.60193,-2.00000,157.2290,250.1298,-169.3282,-0.67603,-0.22217,1.99994,-62.4504,222.5267,-88.5115
584871068,-2.00000,-0.03430,-2.00000,75.7786,250.1298,-128.5115,-0.68005,-0.20898,1.99994,-66.3282,214.0305,-85.9618
584872068,-2.00000,-1.57227,-2.00000,41.8702,250.1298,-103.6107,-0.68408,-0.19873,1.99994,-70.3740,205.3359,-83.3282
584873068,-2.00000,-1.79468,-0.80115,51.2137,250.1298,-113.4504,-0.68677,-0.19128,1.99994,-74.5496,196.4198,-80.6107
584874067,-0.91479,-0.51990,0.80640,28.5038,250.1298,-122.3511,-0.68774,-0.18506,1.99994,-78.8397,187.3130,-77.8168
584875067,0.54297,1.22998,1.99994,-27.3206,250.1298,-125.0840,-0.68799,-0.17993,1.99994,-83.1985,178.0534,-74.9542
584876065,1.44104,1.99994,1.99994,-0.6260,250.1298,-136.9008,-0.68823,-0.17627,1.99994,-87.5649,168.6260,-72.0305
584877068,1.99994,1.99994,1.99994,127.1603,250.1298,-152.5573,-0.68713,-0.17456,1.99994,-91.9237,159.0611,-69.0153
584878064,1.99994,1.50073,1.99994,230.9313,250.1298,-158.9924,-0.68481,-0.17468,1.99994,-96.2748,149.3435,-65.9466
584879068,1.30945,0.06238,1.99994,250.1298,250.1298,-157.5802,-0.68079,-0.17639,1.99994,-100.5496,139.5038,-62.8550
584880067,1.52319,0.02490,1.99994,250.1298,250.1298,-164.7786,-0.67505,-0.18066,1.99994,-104.7405,129.6718,-59.7176
584881067,1.83630,1.51160,1.99994,250.1298,250.1298,-169.3588,-0.66858,-0.18689,1.99994,-108.8473,119.7634,-56.5344
584882067,1.16260,1.74646,1.99994,250.1298,196.0382,-150.1298,-0.66138,-0.19458,1.99994,-112.8015,109.7481,-53.3282
584883067,0.53577,-0.73010,1.99994,250.1298,138.9160,-114.3817,-0.65344,-0.20288,1.99994,-116.5802,99.6870,-50.1298
584884067,-0.06226,-2.00000,1.99994,210.6641,116.0000,-87.8473,-0.64392,-0.21143,1.99994,-120.1756,89.6336,-46.9084
584885067,-0.20276,-2.00000,1.99994,90.8397,142.1298,-73.7710,-0.63403,-0.22131,1.99994,-123.6183,79.6336,-43.6794
584886067,-0.68372,-0.63330,1.58459,-24.5267,168.1221,-61.5573,-0.62463,-0.23267,1.99994,-126.9160,69.6947,-40.4733
584887067,-1.71985,1.14807,0.43909,-50.1756,174.3969,-51.7176,-0.61499,-0.24438,1.99994,-130.0611,59.8473,-37.3053
584888068,-1.69812,0.79456,0.81543,-22.7328,195.8168,-42.5115,-0.60400,-0.25732,1.99994,-133.0534,50.0916,-34.1756
584889068,-1.35278,-0.60950,1.39771,-26.7176,212.9313,-35.4733,-0.59253,-0.27124,1.99994,-135.9008,40.4351,-31.1145
584890068,-1.56140,-1.44324,0.47070,-59.4046,230.8855,-41.9618,-0.58093,-0.28442,1.99994,-138.6107,30.8626,-28.0916
584891067,-1.24182,-0.94165,0.39905,-53.8244,250.1298,-70.0229,-0.56775,-0.29895,1.99994,-141.1832,21.3817,-25.1298
584892067,-0.64185,0.85864,1.99994,10.2977,250.1298,-108.0458,-0.55249,-0.31531,1.99994,-143.6183,12.0076,-22.2290
584893067,-0.07190,1.99994,1.99994,82.0840,250.1298,-126.9389,-0.53674,-0.33228,1.99994,-145.8931,2.7863,-19.4046
584894067,0.28271,1.99994,1.99994,106.9847,250.1298,-115.2672,-0.51929,-0.35095,1.99994,-147.9695,-6.2901,-16.6641
584895067,0.58801,1.22351,1.99994,99.5496,250.1298,-96.0076,-0.50049,-0.37170,1.99994,-149.8321,-15.2214,-14.0000
584896067,1.52356,0.49231,1.99994,91.3969,250.1298,-85.6794,-0.48145,-0.39380,1.99994,-151.4656,-23.9389,-11.4504
584897067,1.99994,0.04382,1.99994,75.7863,250.1298,-72.1679,-0.46057,-0.41760,1.99994,-152.8473,-32.3969,-8.9924
584898067,1.99994,-1.06995,1.99994,36.9847,197.8244,-46.0687,-0.43884,-0.44153,1.99994,-153.9389,-40.5649,-6.6489
584899067,1.99994,-1.21509,1.99994,-46.4198,137.8473,-19.1069,-0.41589,-0.46521,1.99994,-154.7481,-48.4427,-4.4198
584900067,1.99994,0.64111,1.99994,-151.1603,105.3130,8.0534,-0.39075,-0.48962,1.99994,-155.2672,-56.0229,-2.3053
584901067,1.99994,1.99994,1.99994,-211.4809,50.9924,37.4733,-0.36401,-0.51514,1.99994,-155.4198,-63.2519,-0.3130
584902067,0.56812,1.99994,1.99994,-208.5802,-27.0840,61.5038,-0.33594,-0.54102,1.99994,-155.1908,-70.0687,1.5496
584903065,0.44629,1.66577,1.99994,-176.3740,-39.7176,68.7481,-0.30701,-0.56665,1.99994,-154.5954,-76.4885,3.2977
584904069,0.74524,1.76917,1.99994,-158.9542,-31.3206,69.8779,-0.27759,-0.59155,1.99994,-153.6260,-82.4656,4.9084
584905067,-0.35938,1.25256,1.99994,-163.7252,-27.0687,76.5496,-0.24805,-0.61511,1.99994,-152.2672,-87.9466,6.3893
584906067,-0.86218,0.61462,0.84204,-142.1679,4.5420,69.0763,-0.21802,-0.63770,1.99994,-150.5267,-92.9771,7.7328
584907068,-0.48901,0.80273,0.95190,-69.5267,33.8321,45.7099,-0.18787,-0.66003,1.99994,-148.4275,-97.5649,8.9389
584908068,-0.59070,1.10693,1.04041,-4.1985,44.2443,27.8702,-0.15833,-0.68152,1.99994,-145.9847,-101.6565,10.0229
584909067,-0.89294,0.83618,0.29529,0.5496,52.2061,28.6794,-0.12952,-0.70068,1.99994,-143.1908,-105.2290,10.9466
584910068,-1.09375,-0.55090,-0.60901,-11.5725,52.0840,42.2977,-0.10071,-0.71814,1.96558,-140.0840,-108.2977,11.7557
584911068,-1.14954,-2.00000,-0.34399,1.3969,49.0458,45.2443,-0.07178,-0.73486,1.92871,-136.7328,-110.8550,12.4733
584912067,-0.58679,-2.00000,0.75354,5.9237,50.2137,37.3206,-0.04456,-0.75024,1.89197,-133.1298,-112.9237,13.0992
584913068,-0.56030,-1.35034,0.73022,-26.7328,40.8702,35.8626,-0.01843,-0.76294,1.85620,-129.2748,-114.5115,13.6336
584914068,-0.82764,-0.45288,0.11401,-67.4046,42.4580,45.6489,0.00757,-0.77344,1.82214,-125.2061,-115.6260,14.0840
584915068,-0.17053,-0.86206,1.09033,-91.1832,65.9160,55.4733,0.03271,-0.78345,1.78845,-120.9695,-116.3053,14.4351
584916068,0.63782,-2.00000,1.99994,-102.2137,78.2977,56.1069,0.05664,-0.79309,1.75317,-116.5802,-116.5878,14.7405
584917068,0.99402,-2.00000,1.99994,-122.5878,97.2137,45.0153,0.07886,-0.80237,1.71716,-112.0458,-116.4885,15.0000
584918068,1.73889,-2.00000,1.99994,-165.2290,122.4580,32.0000,0.09912,-0.81079,1.68115,-107.3740,-116.0382,15.1985
584919068,1.52966,-1.34534,1.99994,-222.1145,97.2824,32.5496,0.11755,-0.81812,1.64404,-102.5573,-115.2748,15.3740
584920067,0.27466,-0.47510,1.99994,-241.3359,46.6107,38.6183,0.13513,-0.82422,1.60583,-97.6031,-114.1985,15.5344
584921067,1.63196,-0.40967,1.99994,-228.5954,42.3588,42.8779,0.15222,-0.83032,1.56799,-92.5573,-112.8626,15.6794
584922067,1.99994,-0.47754,1.99994,-250.1374,14.5649,67.3893,0.16882,-0.83582,1.53137,-87.4427,-111.2901,15.8015
584923068,1.99994,1.99994,1.99994,-250.1374,-146.2595,106.2519,0.18420,-0.83948,1.49597,-82.3130,-109.5191,15.9237
584924068,1.92542,1.99994,1.99994,-250.1374,-178.1832,130.3511,0.19971,-0.84167,1.46069,-77.1756,-107.5573,16.0687
584925068,1.99994,1.99994,1.99994,-250.1374,-214.1374,172.5115,0.21545,-0.84314,1.42505,-72.0382,-105.4427,16.2214
584926068,1.23462,1.99994,1.99994,-250.1374,-250.1374,185.8473,0.23083,-0.84424,1.39014,-66.9695,-103.1756,16.4122
584927068,-0.67517,1.48010,1.41040,-227.6336,-250.1374,162.9389,0.24524,-0.84448,1.35632,-61.9847,-100.8015,16.6336
584928068,-1.19080,1.99994,-0.90076,-162.7557,-250.1374,137.4733,0.25781,-0.84375,1.32312,-57.0916,-98.3664,16.9008
584929067,-1.51086,1.99994,-2.00000,-119.3206,-250.1374,123.4962,0.26929,-0.84424,1.29126,-52.3130,-95.8702,17.2137
584930068,-2.00000,1.99994,-2.00000,-71.8855,-219.8855,116.8168,0.27954,-0.84534,1.25940,-47.6718,-93.3588,17.5496
584931068,-1.82288,0.94629,-0.36890,-33.8473,-169.7863,121.5573,0.28833,-0.84583,1.22717,-43.1527,-90.8473,17.8779
584932067,-1.96436,-1.10742,-1.59448,-88.2901,-152.3817,147.8855,0.29785,-0.84595,1.19507,-38.7710,-88.3435,18.2290
584933067,-2.00000,-1.97290,-2.00000,-227.0382,-124.3969,181.2137,0.30859,-0.84570,1.16492,-34.5573,-85.8550,18.6031
584934068,-2.00000,-1.14160,-1.83276,-250.1374,-57.9160,207.4198,0.31750,-0.84485,1.13684,-30.5115,-83.3511,19.0000
584935068,-1.00220,-1.39392,1.23608,-250.1374,-18.7786,236.4809,0.32397,-0.84290,1.11023,-26.6489,-80.8855,19.4046
584936068,-0.41223,-2.00000,1.81824,-250.1374,-36.0153,250.1298,0.32947,-0.83997,1.08533,-22.9695,-78.4962,19.8015
584937068,-0.40649,-2.00000,1.13489,-250.1374,-62.2519,250.1298,0.33411,-0.83813,1.06030,-19.5038,-76.2061,20.2061
584938068,-0.52454,-2.00000,1.32983,-250.1374,-77.6107,250.1298,0.33765,-0.83777,1.03284,-16.2443,-74.0229,20.6107
584939068,0.05652,-2.00000,1.99994,-250.1374,-84.9924,230.8321,0.34155,-0.83655,1.00488,-13.2061,-71.9237,21.0153
584940068,0.49658,-2.00000,1.99994,-250.1374,-123.9008,188.5420,0.34656,-0.83472,0.97876,-10.3969,-69.9237,21.3664
584941067,0.28381,-1.29663,1.99994,-238.9847,-181.3817,127.5802,0.35181,-0.83289,0.95496,-7.7710,-68.0534,21.6794
584942068,0.32849,-0.37354,1.99994,-124.8168,-212.3969,79.5115,0.35608,-0.83057,0.93274,-5.3130,-66.3206,21.9084
584943068,0.09131,-1.11536,1.99994,-76.1908,-226.7863,61.9924,0.36011,-0.82788,0.91077,-3.0305,-64.7557,22.0763
584944067,-0.75256,-2.00000,1.99994,-67.2290,-227.7099,56.6718,0.36438,-0.82568,0.88843,-0.9466,-63.3130,22.2290
584945068,-1.01611,-2.00000,0.58435,-71.4809,-217.1603,51.6183,0.36719,-0.82397,0.86609,0.9695,-61.9847,22.3359
584946068,-1.00342,-0.70276,-0.06274,-86.6947,-207.0534,53.7939,0.36890,-0.82178,0.84338,2.7328,-60.8168,22.3664
584947067,-1.04651,0.29114,0.42517,-102.9847,-196.1450,70.3969,0.37097,-0.81934,0.82031,4.3130,-59.8321,22.3206
584948068,-0.86230,0.38684,0.72998,-124.0076,-194.2290,98.9542,0.37292,-0.81799,0.79688,5.7176,-59.0534,22.1985
584949068,-0.88037,-0.02649,-0.02222,-151.9160,-214.5191,128.6794,0.37402,-0.81738,0.77222,6.9466,-58.4656,22.0000
584950068,-1.03589,-0.52209,-0.37170,-156.3969,-229.2443,141.0076,0.37500,-0.81616,0.74683,8.0153,-58.0229,21.7710
584951067,-1.14526,-1.09082,-0.24573,-131.9695,-238.8244,136.8321,0.37549,-0.81433,0.72192,8.9313,-57.7557,21.5038
584952068,-1.59424,-2.00000,-1.43481,-110.4198,-250.1374,129.0687,0.37671,-0.81348,0.69775,9.6870,-57.6489,21.2061
584953067,-2.00000,-2.00000,-2.00000,-92.2137,-250.1374,112.4275,0.37927,-0.81396,0.67310,10.2672,-57.7023,20.8473
584954068,-2.00000,-2.00000,-2.00000,-63.5267,-242.2137,84.9313,0.38184,-0.81287,0.64893,10.6794,-57.9466,20.4351
584955068,-2.00000,-2.00000,-2.00000,-53.8168,-200.8397,64.1832,0.38403,-0.80920,0.62524,10.9466,-58.3588,19.9542
584956068,-1.75574,-1.74683,-2.00000,-80.1145,-165.0992,57.0153,0.38623,-0.80530,0.60217,11.0763,-58.9084,19.4656
584957068,-1.97498,-1.44531,-2.00000,-104.4809,-133.4504,53.9466,0.38867,-0.80261,0.57996,11.0534,-59.6031,18.9847
584958068,-1.97864,-1.36377,-2.00000,-98.7481,-103.9008,49.7481,0.39075,-0.80103,0.55835,10.9008,-60.4427,18.5038
584959067,-1.70239,-1.66809,-2.00000,-94.2290,-78.0687,48.9924,0.39294,-0.79944,0.53687,10.6107,-61.3817,18.0153
584960068,-1.81836,-2.00000,-2.00000,-108.4427,-66.5725,52.2672,0.39514,-0.79724,0.51501,10.1908,-62.3893,17.4962
584961068,-1.87939,-2.00000,-2.00000,-104.9695,-55.9618,47.9008,0.39709,-0.79480,0.49414,9.6870,-63.4733,16.9542
584962067,-1.29346,-1.53162,-2.00000,-76.3893,-40.9389,34.9160,0.39978,-0.79248,0.47449,9.0840,-64.6336,16.3817
584963067,-0.89368,-0.68091,-2.00000,-59.6565,-32.5191,26.8092,0.40295,-0.79041,0.45544,8.3893,-65.8473,15.8015
584964067,-0.90430,0.05505,-1.31946,-57.2290,-19.7405,25.4427,0.40613,-0.78845,0.43604,7.6183,-67.0840,15.2214
584965067,-0.73547,0.66113,-0.76306,-50.7252,-1.9542,26.7023,0.40942,-0.78772,0.41504,6.7863,-68.3359,14.6489
584966068,-0.60059,0.98315,-0.65173,-38.0305,7.8397,27.9618,0.41199,-0.78784,0.39417,5.9084,-69.6031,14.0458
584967067,-0.29211,0.71399,-0.52087,0.7252,11.6489,21.3511,0.41736,-0.78796,0.35254,4.2595,-72.1069,12.9466
584968067,0.07007,0.07361,0.01294,53.0229,10.8779,8.0305,0.42126,-0.78699,0.33240,3.5115,-73.3511,12.3969
584969067,-0.04614,-0.50415,0.29712,62.4656,-3.0458,5.2519,0.42444,-0.78687,0.31165,2.8168,-74.5649,11.8779
584970068,-0.55017,-0.89758,-0.12952,42.9160,-21.8397,10.7710,0.42664,-0.78699,0.29041,2.1832,-75.7176,11.4046
584971067,-1.30139,-1.95959,-1.31860,50.7405,-48.0992,15.6641,0.42871,-0.78687,0.27014,1.6260,-76.8092,11.0076
584972067,-1.50635,-2.00000,-1.95508,63.1450,-56.3282,22.6107,0.43176,-0.78662,0.25134,1.1145,-77.7939,10.6412
584973067,-1.73450,-2.00000,-0.70093,29.9389,-44.3511,32.2748,0.43567,-0.78601,0.23254,0.6641,-78.6947,10.2977
584974068,-2.00000,-2.00000,-0.98950,-27.0992,-34.6412,31.0611,0.43982,-0.78564,0.21362,0.2824,-79.5115,9.9924
584975068,-2.00000,-2.00000,-2.00000,-57.9618,8.0000,12.4275,0.44446,-0.78479,0.19556,-0.0611,-80.2214,9.7481
584976068,-1.68823,-0.46704,-1.60742,-58.3282,64.9695,-4.6489,0.44983,-0.78394,0.17725,-0.3282,-80.8244,9.5573
584977067,-1.08313,-0.03345,0.44373,-68.3969,118.3969,-7.3740,0.45605,-0.78308,0.15820,-0.5573,-81.3206,9.3969
584978067,-0.40662,-1.58521,1.46643,-106.1221,159.7481,-3.4351,0.46191,-0.78101,0.13977,-0.7557,-81.6718,9.2595
584979068,-0.11658,-2.00000,0.96912,-123.4046,174.9084,-19.4580,0.46704,-0.77869,0.12280,-0.9466,-81.8702,9.1679
584980068,-0.29224,-2.00000,1.27942,-73.0916,165.0687,-59.5267,0.47229,-0.77661,0.10754,-1.1374,-81.9466,9.1069
584981067,0.21521,-1.02869,1.99994,3.9313,137.3282,-93.6336,0.47827,-0.77417,0.09302,-1.3359,-81.8779,9.0840
584982067,0.94165,0.74951,1.99994,41.6870,97.3740,-97.4656,0.48401,-0.77185,0.07715,-1.5191,-81.6870,9.1069
584983068,1.27161,1.66406,1.99994,50.7557,53.9008,-76.0000,0.48840,-0.76929,0.06152,-1.7023,-81.3969,9.1603
584984067,1.84216,1.31824,1.99994,50.3511,33.0000,-48.2137,0.49121,-0.76697,0.04846,-1.9008,-80.9847,9.2443
584985068,1.99994,0.42578,1.99994,34.0076,28.7099,-26.1603,0.49365,-0.76575,0.03564,-2.1298,-80.4504,9.3359
584986067,1.99994,-0.19214,1.99994,13.9695,6.1756,-13.3053,0.49622,-0.76465,0.02112,-2.3969,-79.7710,9.4427
584987067,0.77112,-0.44324,1.99994,1.3282,-26.8168,-6.7634,0.49902,-0.76331,0.00586,-2.6870,-79.0076,9.5649
584988067,0.45776,-0.93164,1.99994,-6.4656,-47.0153,-2.2366,0.50220,-0.76221,-0.00928,-2.9924,-78.1679,9.7099
584989068,0.82349,-1.42566,1.99994,-27.0382,-61.0687,0.3359,0.50488,-0.76160,-0.02356,-3.2977,-77.2214,9.8626
584990068,0.94946,-1.42651,1.99994,-60.6718,-77.6412,0.5573,0.50696,-0.76257,-0.03613,-3.6260,-76.1603,10.0382
584991068,0.83789,-0.72864,1.99994,-66.1832,-95.7786,-8.7481,0.50964,-0.76404,-0.04785,-3.9695,-75.0382,10.2290
584992067,0.43359,-0.04749,1.99994,-33.5802,-110.1298,-20.7176,0.51257,-0.76550,-0.05945,-4.2595,-73.8397,10.4122
584993067,0.28760,-0.22546,1.97424,-15.5649,-108.2595,-21.0534,0.51404,-0.76721,-0.07031,-4.5344,-72.5420,10.6107
584994067,0.19495,-0.64624,1.60876,-36.7481,-99.1221,-12.7176,0.51379,-0.76965,-0.08069,-4.7786,-71.1603,10.8550
584995068,-0.13354,-0.87109,0.92615,-58.2443,-93.4504,-6.9542,0.51294,-0.77246,-0.09033,-5.0076,-69.7023,11.1145
584996067,-0.16895,-0.50232,0.54700,-44.8397,-90.2137,-13.3435,0.51306,-0.77466,-0.09998,-5.2366,-68.2137,11.3359
584997068,0.00562,0.34412,0.42480,-8.4122,-97.3511,-22.7099,0.51489,-0.77661,-0.10938,-5.4580,-66.7176,11.5267
584998068,-0.03772,0.68042,-0.02307,14.1527,-104.5649,-22.2214,0.51721,-0.77795,-0.11743,-5.6565,-65.1756,11.7252
584999067,-0.36438,0.24609,-0.39270,4.5573,-104.0458,-11.9466,0.51904,-0.77991,-0.12476,-5.8397,-63.5802,11.9695
585000068,-0.52747,-0.60498,-0.24915,-11.6107,-92.4885,-4.7710,0.51978,-0.78235,-0.13159,-6.0076,-61.9389,12.2137
585001068,-0.40076,-1.05835,0.56042,-4.1374,-72.2519,-12.7557,0.51917,-0.78442,-0.13770,-6.1756,-60.2824,12.4275
585002067,-0.21912,-1.00708,0.96277,10.9924,-58.5496,-24.5038,0.51843,-0.78833,-0.14526,-6.3511,-58.6107,12.6260
585003068,-0.03406,-0.65588,0.79492,-7.9466,-44.7863,-23.7557,0.51794,-0.79297,-0.15430,-6.5191,-56.9160,12.8397
585004067,0.30481,-0.11243,0.97168,-58.4198,-29.4198,-8.4809,0.51758,-0.79724,-0.16296,-6.6336,-55.1756,13.0687
585005068,0.78552,0.25415,1.70032,-91.7099,-21.5496,6.9008,0.51855,-0.80249,-0.16992,-6.7023,-53.3969,13.2519
585006067,1.00464,0.19373,1.99994,-88.9160,-31.2901,15.2061,0.52051,-0.80750,-0.17542,-6.7328,-51.5954,13.4122
585007067,1.20239,-0.20312,1.99994,-78.6260,-55.1221,21.1069,0.52185,-0.81250,-0.18115,-6.7328,-49.8473,13.5573
585008067,1.36951,-0.17346,1.99994,-90.8779,-82.4122,28.9695,0.52222,-0.81824,-0.18665,-6.7023,-48.0916,13.7099
585009067,1.31348,0.36182,1.99994,-117.2519,-108.7710,39.1679,0.52332,-0.82495,-0.19226,-6.6107,-46.2595,13.8779
585010068,1.36731,0.90161,1.99994,-124.4504,-129.5420,44.7710,0.52710,-0.83313,-0.19849,-6.4427,-44.3511,14.0840
585011068,1.18665,0.98975,1.99994,-97.8473,-161.7710,45.0305,0.53198,-0.84143,-0.20459,-6.1756,-42.4046,14.2977
585012068,0.67786,0.52710,1.69226,-61.7634,-194.0916,42.8321,0.53723,-0.85022,-0.20874,-5.8092,-40.4504,14.4885
585013067,0.27649,0.03027,0.87964,-47.9160,-205.5725,41.5267,0.54211,-0.85950,-0.21094,-5.3588,-38.4275,14.6870
585014067,-0.16016,-0.18323,0.31458,-58.6565,-200.0763,42.6260,0.54712,-0.86792,-0.21399,-4.8244,-36.3511,14.8626
585015067,-0.51794,-0.07666,0.11169,-63.5496,-182.5420,41.3588,0.55176,-0.87671,-0.21790,-4.1756,-34.2519,15.0229
585016067,-0.50525,0.11414,-0.10669,-45.3130,-169.0000,37.9084,0.55493,-0.88599,-0.22070,-3.4809,-32.1298,15.1832
585017067,-0.46484,0.08972,-0.60217,-30.4427,-161.9618,39.8931,0.55725,-0.89453,-0.22229,-2.7710,-29.9695,15.3511
585018067,-0.56555,-0.25696,-1.26978,-42.7710,-156.5267,50.1756,0.55957,-0.90247,-0.22375,-2.0153,-27.7634,15.5267
585019067,-0.83923,-0.68726,-2.00000,-64.6947,-155.7481,60.1985,0.56250,-0.90979,-0.22607,-1.2290,-25.5038,15.6718
585020067,-1.15308,-0.84204,-2.00000,-65.9924,-158.4427,60.8244,0.56567,-0.91614,-0.22742,-0.4275,-23.2290,15.7939
585021067,-1.12439,-0.68542,-2.00000,-42.4504,-156.9542,53.0076,0.56848,-0.92310,-0.22620,0.3588,-20.9466,15.9008
585022067,-1.32581,-0.68140,-2.00000,-24.9771,-157.1069,49.4046,0.57068,-0.92908,-0.22412,1.1527,-18.6794,15.9695
585023068,-1.57544,-1.15527,-2.00000,-31.3130,-142.8550,51.9542,0.57214,-0.93372,-0.22241,1.9160,-16.4427,16.0153
585024067,-1.39294,-1.36914,-2.00000,-36.9389,-109.4275,48.0992,0.57324,-0.93762,-0.22119,2.6260,-14.2290,16.0382
585025068,-1.10803,-1.26562,-2.00000,-25.7176,-76.3511,38.7023,0.57495,-0.94116,-0.21924,3.2977,-12.0611,16.0153
585026068,-0.86658,-1.31299,-2.00000,-11.8626,-57.3588,31.1985,0.57666,-0.94458,-0.21667,3.9084,-9.9237,15.9313
585027067,-1.03601,-1.15393,-2.00000,-4.8779,-56.1145,24.6718,0.57678,-0.94751,-0.21338,4.4275,-7.8473,15.7786
585028067,-1.28027,-0.63538,-2.00000,1.9466,-56.7863,18.4198,0.57629,-0.94983,-0.20801,4.8779,-5.8321,15.5802
585029067,-1.12805,-0.23254,-2.00000,3.6412,-51.2443,17.4809,0.57629,-0.95203,-0.20154,5.2748,-3.8473,15.3511
585030068,-0.90564,-0.44458,-2.00000,-2.4198,-48.5954,24.0153,0.57654,-0.95374,-0.19592,5.6183,-1.9313,15.0840
585031068,-0.74512,-0.82434,-1.74048,-3.1374,-41.7863,28.5802,0.57715,-0.95496,-0.19080,5.8931,-0.1145,14.7710
585032067,-0.53345,-0.71619,-1.32666,4.2290,-28.1527,28.2290,0.57739,-0.95691,-0.18665,6.0763,1.6183,14.4275
585033067,-0.37878,-0.51660,-1.30029,3.5420,-13.1450,31.9618,0.57751,-0.95947,-0.18237,6.1985,3.2672,14.0382
585034067,-0.44751,-0.75366,-1.70203,-3.6031,-5.0840,40.1069,0.57715,-0.96240,-0.17700,6.2672,4.8321,13.5878
585035067,-0.64856,-1.17383,-2.00000,3.0153,-9.9237,42.0916,0.57617,-0.96484,-0.17139,6.2977,6.2824,13.1298
585036067,-0.75183,-1.39514,-2.00000,23.7863,-22.2137,34.9084,0.57532,-0.96741,-0.16553,6.2824,7.6107,12.6718
585037068,-0.78052,-1.47144,-2.00000,38.0229,-32.7939,25.7176,0.57471,-0.97070,-0.15857,6.2748,8.7939,12.1832
585038068,-0.79419,-1.49207,-1.76465,38.0229,-33.6031,19.9313,0.57434,-0.97449,-0.15051,6.2824,9.9008,11.6336
585039068,-0.75378,-1.42908,-1.50891,32.7939,-26.6718,17.0916,0.57349,-0.97876,-0.14282,6.2901,10.9389,11.0534
585040068,-1.05151,-0.85071,-2.00000,29.8321,-25.1908,12.7481,0.57178,-0.98254,-0.13611,6.2901,11.8855,10.4885
585041068,-1.84814,0.34277,-2.00000,33.3282,-21.5420,8.4504,0.56897,-0.98657,-0.13037,6.2748,12.7023,9.9389
585042068,-2.00000,0.50977,-2.00000,44.4733,2.1374,14.7328,0.56555,-0.99133,-0.12524,6.2519,13.3893,9.3740
585043068,-2.00000,-1.56824,-2.00000,49.8168,35.6947,32.3740,0.56323,-0.99609,-0.11951,6.2672,13.9695,8.7939
585044068,-1.83948,-2.00000,-2.00000,45.4504,63.5344,39.7710,0.56104,-1.00122,-0.11316,6.3206,14.4198,8.2290
585045068,-1.94043,-2.00000,-2.00000,54.7023,88.4198,20.5344,0.55701,-1.00635,-0.10669,6.3969,14.7557,7.7099
585046068,-1.74585,-1.69067,-2.00000,77.3130,123.2748,-3.5725,0.55212,-1.01050,-0.09937,6.4427,14.9618,7.2290
585047068,-0.98645,-0.40015,-1.05701,78.6412,157.6565,-5.1832,0.54651,-1.01379,-0.09192,6.4656,15.0687,6.7252
585048068,-0.26758,-0.85864,0.29114,58.4885,166.3359,8.6565,0.54089,-1.01660,-0.08496,6.4733,15.0763,6.2672
585049068,0.00146,-2.00000,0.63892,50.6336,145.4962,12.8550,0.53564,-1.01904,-0.07825,6.4351,14.9389,5.8397
585050068,0.10144,-2.00000,0.60986,62.6336,113.7710,0.0687,0.53040,-1.02087,-0.07080,6.3511,14.6641,5.4504
585051068,0.29736,-2.00000,1.00342,73.6183,86.2977,-18.6641,0.52661,-1.02161,-0.06458,6.2137,14.2748,5.0763
585052068,0.53992,-1.24805,1.72461,58.4122,48.6183,-30.8702,0.52454,-1.02161,-0.05969,6.0000,13.7939,4.7252
585053068,0.33337,-0.30408,0.82898,57.2595,27.5496,-25.2366,0.52283,-1.02148,-0.05627,5.6870,13.2443,4.3817
585054068,-0.16711,-0.38440,0.08142,75.8092,16.6718,-19.9466,0.52075,-1.02087,-0.05432,5.3053,12.6336,4.0534
585055068,-0.28210,-1.39258,0.26257,96.7710,23.3053,-17.2061,0.51843,-1.01941,-0.05176,4.8626,11.9618,3.7481
585056068,-0.28381,-2.00000,0.44958,93.8626,33.0458,-16.3817,0.51660,-1.01855,-0.04797,4.3511,11.2366,3.4809
585057068,-0.48804,-1.91272,-0.09607,78.6794,39.1603,-20.1069,0.51489,-1.01685,-0.04346,3.7481,10.3969,3.2519
585058068,-0.70117,-0.72656,-0.51489,80.7099,46.2214,-26.7557,0.51343,-1.01440,-0.03967,3.0382,9.4885,3.0534
585059068,-0.64258,-0.19214,-0.54883,93.6870,51.2443,-26.1985,0.51282,-1.01257,-0.03711,2.2748,8.5649,2.8779
585060068,-0.64209,-0.79053,-1.12671,90.1985,44.0153,-16.9618,0.51233,-1.01074,-0.03430,1.4733,7.6107,2.6870
585061068,-0.93518,-1.71301,-1.87024,74.9542,34.0611,-9.9008,0.51160,-1.00879,-0.03223,0.6641,6.6336,2.4885
585062067,-0.98218,-2.00000,-1.58484,69.5344,37.9084,-13.7634,0.51086,-1.00684,-0.03088,-0.1527,5.6336,2.3053
585063068,-0.74451,-2.00000,-0.77686,70.6412,50.3740,-23.8626,0.51086,-1.00549,-0.02881,-0.9771,4.6107,2.1298
585064068,-0.81140,-2.00000,-0.77966,72.8321,57.0840,-33.1603,0.51245,-1.00574,-0.02686,-1.7939,3.5496,1.9542
585065068,-1.03198,-1.93677,-1.26538,81.8244,66.5802,-41.2061,0.51416,-1.00720,-0.02673,-2.5878,2.4809,1.7786
585066068,-0.91064,-1.58179,-1.19714,87.2137,87.1756,-47.4580,0.51477,-1.00842,-0.02771,-3.3511,1.4275,1.6107
585067068,-0.68054,-1.37036,-0.72827,80.2748,109.1832,-52.0229,0.51477,-1.00952,-0.02966,-4.0916,0.4046,1.4580
585068067,-0.51208,-1.30627,-0.32812,80.1374,122.6718,-57.4809,0.51440,-1.01123,-0.03259,-4.8015,-0.6031,1.3130
585069067,-0.29236,-1.51843,0.02393,95.3588,123.5191,-63.6641,0.51282,-1.01453,-0.03821,-6.1756,-2.7405,1.0611
585070068,-0.06140,-1.81152,0.39343,104.6489,114.5038,-68.1603,0.51245,-1.01697,-0.03882,-6.8550,-3.8092,0.9389
585071068,0.21021,-1.54175,1.06470,93.4122,110.0153,-71.1221,0.51184,-1.02014,-0.03943,-7.5267,-4.8550,0.8015
585072067,0.56519,-0.55322,1.98413,70.9695,108.5725,-69.5191,0.51086,-1.02295,-0.04150,-8.1679,-5.8702,0.6794
585073067,0.75854,0.36938,1.99994,49.9695,96.1450,-58.6947,0.51086,-1.02478,-0.04431,-8.7939,-6.8779,0.5878
585074068,0.86926,0.35596,1.99994,41.5267,75.6107,-42.2595,0.51221,-1.02563,-0.04761,-9.4275,-7.8855,0.5496
585075067,0.83545,-0.32825,1.99994,42.8626,50.0305,-30.4198,0.51440,-1.02588,-0.05103,-10.0611,-8.8626,0.5038
585076067,0.72852,-0.76257,1.99994,37.2672,29.3740,-26.3130,0.51648,-1.02637,-0.05469,-10.6794,-9.7786,0.4656
585077067,0.76111,-0.46704,1.94031,24.7405,12.9542,-26.8702,0.51746,-1.02820,-0.05847,-11.2595,-10.6412,0.4046
585078068,0.58960,0.23877,1.82434,23.2443,-5.3817,-27.0153,0.51929,-1.03064,-0.06226,-11.8397,-11.4809,0.3206
585079068,0.42041,0.48755,1.68860,38.0763,-20.5954,-24.1069,0.52246,-1.03271,-0.06604,-12.4122,-12.2901,0.2214
585080068,0.26575,0.00867,1.21082,52.4580,-30.1832,-19.5802,0.52563,-1.03430,-0.06873,-12.9466,-13.0382,0.1450
585081068,-0.12292,-0.73279,0.48401,54.5344,-33.4351,-16.6412,0.52881,-1.03625,-0.07117,-13.4275,-13.6947,0.0687
585082068,-0.29321,-1.02185,0.25415,51.6947,-23.1985,-19.1221,0.53259,-1.03833,-0.07324,-13.8550,-14.2595,-0.0153
585083067,-0.21704,-0.78101,0.52612,51.1450,-10.5038,-23.5649,0.53650,-1.03943,-0.07605,-14.2290,-14.7557,-0.0992
585084068,-0.26050,-0.53882,0.45850,52.7099,-5.9542,-24.7939,0.54041,-1.04089,-0.07922,-14.5420,-15.1679,-0.1679
585085068,-0.35791,-0.52039,0.08496,55.7634,-6.4198,-23.3359,0.54456,-1.04297,-0.08093,-14.7863,-15.4885,-0.2366
585086067,-0.38062,-0.67542,-0.12964,55.8626,-8.3206,-21.1679,0.54919,-1.04541,-0.08240,-14.9466,-15.7023,-0.3359
585087067,-0.31665,-0.87952,0.02661,48.3740,-9.3053,-18.9695,0.55396,-1.04834,-0.08411,-15.0382,-15.8168,-0.4809
585088067,-0.27600,-1.02148,0.23743,39.7557,-13.0229,-17.4427,0.55896,-1.05225,-0.08606,-15.0382,-15.8473,-0.6718
585089068,-0.27417,-0.95630,0.23950,37.0916,-17.5038,-17.0992,0.56372,-1.05640,-0.08850,-14.9618,-15.7863,-0.8550
585090067,-0.30078,-0.66577,0.11365,34.6565,-20.4351,-15.2290,0.56873,-1.05945,-0.09021,-14.7939,-15.6183,-1.0458
585091067,-0.34167,-0.40857,0.03247,26.7176,-18.6412,-9.6641,0.57336,-1.06177,-0.09033,-14.5573,-15.2977,-1.2519
585092067,-0.29797,-0.41235,0.13220,18.0916,-12.4351,-2.2137,0.57764,-1.06384,-0.08923,-14.2901,-14.8779,-1.4809
585093068,-0.24744,-0.64905,0.24878,14.6641,-8.9924,3.7405,0.58191,-1.06726,-0.08875,-13.9618,-14.3893,-1.7023
585094068,-0.24438,-0.93384,0.25732,17.1069,-9.9389,5.9847,0.58582,-1.07202,-0.08936,-13.5115,-13.8626,-1.9389
585095067,-0.24377,-1.14502,0.18958,21.3740,-12.8702,4.9160,0.58850,-1.07593,-0.08997,-12.9237,-13.2901,-2.1985
585096068,-0.24707,-1.22449,0.17773,22.0534,-15.9389,2.4656,0.59094,-1.07874,-0.09082,-12.2137,-12.6183,-2.4809
585097068,-0.21997,-1.20032,0.25854,20.1527,-19.6718,0.1450,0.59399,-1.08154,-0.09180,-11.3817,-11.8321,-2.7786
585098068,-0.21252,-1.14722,0.29126,21.1298,-25.5573,-2.2901,0.59656,-1.08337,-0.09192,-10.4580,-10.9771,-3.0611
585099068,-0.26331,-1.12317,0.19092,25.5344,-31.5725,-5.0763,0.59766,-1.08386,-0.09058,-9.4580,-10.0992,-3.3664
585100067,-0.32214,-1.15674,0.06018,28.3206,-34.2672,-7.3588,0.59814,-1.08301,-0.08875,-8.3969,-9.1756,-3.7176
585101067,-0.38794,-1.15466,-0.01318,25.5191,-34.1145,-8.1908,0.59985,-1.08081,-0.08582,-7.3130,-8.1679,-4.0687
585102067,-0.43237,-1.03601,-0.07654,18.5267,-32.7023,-7.0305,0.60205,-1.07861,-0.08142,-6.2137,-7.0840,-4.4351
585103067,-0.47644,-0.90564,-0.20813,12.4275,-32.2290,-4.0992,0.60254,-1.07678,-0.07617,-5.0840,-5.9237,-4.8397
585104067,-0.53406,-0.89709,-0.38074,10.7557,-32.4656,-0.8015,0.60193,-1.07458,-0.06946,-3.9466,-4.7176,-5.2443
585105067,-0.53845,-0.92932,-0.44177,12.4275,-31.5115,1.2977,0.60205,-1.07153,-0.06250,-2.8321,-3.4809,-5.6794
585106067,-0.52502,-0.88013,-0.43542,13.1527,-30.4122,2.6565,0.60168,-1.06787,-0.05554,-1.8092,-2.2137,-6.0992
585107067,-0.52209,-0.80566,-0.45898,10.6107,-28.7863,4.4351,0.59961,-1.06335,-0.04712,-0.8473,-0.9008,-6.4885
585108067,-0.50073,-0.81750,-0.43506,8.0611,-25.9389,6.1450,0.59668,-1.05811,-0.03748,0.0916,0.3740,-6.9008
585109068,-0.47546,-0.93933,-0.35803,8.5649,-23.1450,6.6336,0.59375,-1.05212,-0.02710,1.0153,1.6031,-7.3435
585110068,-0.46179,-1.08655,-0.33557,10.4198,-21.3740,5.6489,0.59070,-1.04614,-0.01550,1.8931,2.8550,-7.8015
585111068,-0.48962,-1.16003,-0.42102,11.8168,-21.1908,3.6107,0.58716,-1.04077,-0.00427,2.6947,4.0992,-8.2366
585112067,-0.52905,-1.15356,-0.50793,12.8015,-21.3130,1.4580,0.58289,-1.03552,0.00635,3.3664,5.2977,-8.6565
585113068,-0.53906,-1.15466,-0.49951,12.3053,-21.6641,0.6107,0.57837,-1.02991,0.01758,3.9313,6.4885,-9.0840
585114067,-0.53711,-1.20703,-0.45703,10.4046,-22.4733,1.0229,0.57471,-1.02429,0.02905,4.4122,7.6794,-9.5267
585115068,-0.53345,-1.23413,-0.43042,9.1527,-22.7863,1.2137,0.57166,-1.01929,0.04187,4.8397,8.8473,-9.9771
585116067,-0.52991,-1.16150,-0.41638,8.6718,-22.0229,0.7328,0.56836,-1.01501,0.05676,5.2443,9.9847,-10.4198
585117067,-0.51990,-1.01526,-0.42712,7.2977,-20.3359,0.6260,0.56506,-1.01099,0.07141,5.5954,11.1145,-10.8397
585118068,-0.52368,-0.88501,-0.48193,5.0076,-18.8779,1.5420,0.56201,-1.00708,0.08618,5.9313,12.2290,-11.2595
585119068,-0.53320,-0.83752,-0.52454,3.6107,-17.4962,2.7328,0.55884,-1.00391,0.10327,6.2595,13.3817,-11.7023
585120068,-0.52478,-0.88696,-0.51685,4.4122,-16.1450,3.2366,0.55530,-1.00110,0.12195,6.5878,14.5649,-12.1374
585121068,-0.50757,-0.99097,-0.47510,6.9313,-14.6870,2.8092,0.55090,-0.99768,0.14124,6.9237,15.7252,-12.5725
585122067,-0.47998,-1.08484,-0.39429,9.6794,-12.8321,1.9771,0.54602,-0.99390,0.16064,7.2443,16.8702,-12.9847
585123067,-0.46948,-1.14111,-0.34497,10.6183,-11.4580,1.6718,0.54102,-0.98975,0.18091,7.5573,18.0229,-13.3969
585124067,-0.48352,-1.13916,-0.39331,8.5420,-10.9466,2.2519,0.53503,-0.98486,0.20349,7.8779,19.1832,-13.8321
585125067,-0.47949,-1.06323,-0.44531,5.3053,-10.8779,3.1298,0.52869,-0.97998,0.22888,8.1832,20.3511,-14.2824
585126068,-0.46631,-0.97620,-0.41772,3.5496,-11.7786,3.9771,0.52283,-0.97473,0.25574,8.4885,21.5038,-14.6947
585127067,-0.47473,-0.97131,-0.39514,2.9160,-14.0229,4.9771,0.51624,-0.96814,0.28223,8.7710,22.6641,-15.0840
585128068,-0.49414,-1.04236,-0.42664,2.2977,-16.0763,5.6031,0.50940,-0.96143,0.30994,9.0076,23.8473,-15.4885
585129068,-0.52173,-1.10767,-0.44897,2.5802,-16.4275,4.8702,0.50378,-0.95496,0.34021,9.1603,25.0687,-15.9008
585130068,-0.54590,-1.14075,-0.43359,4.0992,-14.6336,3.0229,0.49817,-0.94897,0.37219,9.2748,26.3053,-16.3435
585131068,-0.55591,-1.18335,-0.42554,6.1603,-11.6870,1.1374,0.49109,-0.94360,0.40588,9.3740,27.5649,-16.8015
585132068,-0.57019,-1.21338,-0.44983,8.5878,-8.5267,-0.6336,0.48389,-0.93787,0.43933,9.4046,28.8244,-17.2595
585133068,-0.57483,-1.15857,-0.45520,10.6412,-4.9237,-2.3740,0.47705,-0.93274,0.47375,9.4122,30.0840,-17.6870
585134067,-0.55933,-1.05139,-0.43347,10.9618,-1.7405,-3.1298,0.46912,-0.92920,0.51062,9.4198,31.3206,-18.0916
585135068,-0.52979,-0.99768,-0.38647,9.3130,0.4198,-2.2443,0.46057,-0.92749,0.54834,9.4275,32.5802,-18.4962
585136068,-0.48499,-1.01550,-0.29590,6.2901,1.3206,-0.3969,0.45288,-0.92725,0.58716,9.4504,33.9008,-18.9084
585137067,-0.44128,-1.03894,-0.19897,2.0611,1.2290,1.3664,0.44604,-0.92859,0.62671,9.5649,35.2290,-19.3130
585138068,-0.41675,-1.04187,-0.14050,-2.4733,0.4962,2.6489,0.43896,-0.93054,0.66614,9.8244,36.5420,-19.7252
585139068,-0.40820,-1.03687,-0.09412,-5.2595,-0.5344,3.3282,0.43115,-0.93274,0.70508,10.2137,37.8397,-20.1374
585140068,-0.39832,-1.04236,-0.03418,-5.6565,-1.9008,3.5267,0.42346,-0.93457,0.74377,10.7557,39.1221,-20.5496
585141067,-0.38525,-1.05383,-0.02563,-5.1908,-3.6870,3.4580,0.41565,-0.93616,0.78430,11.4656,40.3969,-20.9771
585142067,-0.39038,-1.03149,-0.07422,-4.3969,-5.2443,2.9466,0.40771,-0.93860,0.82605,12.3740,41.6260,-21.4122
585143068,-0.41101,-0.97900,-0.11377,-2.1374,-6.2519,2.0534,0.39929,-0.94189,0.86804,13.5038,42.8092,-21.8550
585144068,-0.42310,-0.95483,-0.13586,0.5954,-6.8779,1.6107,0.38940,-0.94580,0.91028,14.8397,43.9084,-22.2748
585145067,-0.45825,-0.98169,-0.14465,1.3969,-7.3435,1.9771,0.37915,-0.94897,0.95203,16.3511,44.9237,-22.7099
585146068,-0.76917,-1.04199,-0.09265,0.2824,-8.3893,2.9542,0.36890,-0.95093,0.99316,18.0611,45.8321,-23.1450
585147067,-1.35706,-1.19214,-1.08569,-2.1603,-19.2672,5.6489,0.35803,-0.95203,1.03442,19.9542,46.6260,-23.6107
585148068,-1.54175,-1.30603,-2.00000,-3.8550,-35.1756,8.3969,0.34668,-0.95337,1.07605,22.0000,47.3282,-24.0992
585149068,-1.19397,-1.08875,-2.00000,6.7252,-34.3664,7.4733,0.33484,-0.95410,1.11768,24.1985,47.9160,-24.5954
585150068,-0.18347,-0.94312,-2.00000,37.1832,-17.4809,3.9084,0.32263,-0.95215,1.15869,26.5573,48.3817,-25.0992
585151067,-0.27490,-1.40698,-2.00000,77.4656,-26.7557,1.4504,0.31091,-0.94897,1.19873,29.0840,48.7328,-25.5954
585152067,-2.00000,-2.00000,-2.00000,121.0611,-67.0763,-6.9466,0.29907,-0.94458,1.23877,31.7481,48.9313,-26.0916
585153067,-2.00000,-2.00000,-2.00000,166.8244,-36.7481,-27.8779,0.28723,-0.93884,1.27808,34.5115,48.9771,-26.5878
585154068,-2.00000,-2.00000,-2.00000,192.3282,39.2595,-53.2443,0.27576,-0.93250,1.31702,37.3511,48.9008,-27.0763
585155068,-2.00000,-2.00000,-2.00000,180.9237,93.4733,-71.9771,0.26416,-0.92493,1.35632,40.2824,48.6641,-27.5573
585156068,-2.00000,-2.00000,-2.00000,158.3969,151.3664,-90.3969,0.25146,-0.91577,1.39636,43.3053,48.2443,-28.0076
585157068,-1.99231,-2.00000,-2.00000,153.1450,205.0000,-112.2061,0.23804,-0.90576,1.43665,46.3817,47.6107,-28.3893
585158068,-1.83057,-2.00000,-2.00000,154.0229,245.8092,-125.3435,0.22461,-0.89539,1.47571,49.4809,46.8092,-28.7405
585159068,-1.65027,-2.00000,-2.00000,129.1756,250.1298,-117.8168,0.21069,-0.88318,1.51282,52.6107,45.8550,-29.0611
585160068,-1.21533,-2.00000,-2.00000,91.5038,250.1298,-103.2137,0.19739,-0.86841,1.54919,55.7328,44.7481,-29.3053
585161067,-0.61597,-2.00000,-1.09729,65.1450,250.1298,-97.1374,0.18311,-0.85339,1.58655,58.8321,43.4580,-29.4580
585162067,0.09180,-2.00000,-0.10974,44.7405,250.1298,-93.4427,0.16821,-0.83740,1.62317,61.9008,41.9695,-29.5573
585163067,0.21350,-1.14246,0.71399,40.2519,225.4809,-89.3893,0.15393,-0.81982,1.65906,64.9008,40.2672,-29.5802
585164068,0.34607,-0.69592,1.67688,65.5420,201.6718,-83.6489,0.13916,-0.80273,1.69531,67.7939,38.4122,-29.5191
585165068,0.97656,-1.41089,1.99994,82.5115,198.4504,-74.2214,0.12329,-0.78687,1.73157,70.5954,36.4275,-29.3817
585166068,1.03870,-2.00000,1.99994,78.4962,184.8855,-71.4046,0.10693,-0.77100,1.76831,73.2901,34.2290,-29.1374
585167068,0.53198,-1.99255,1.96167,88.0534,173.3435,-86.1603,0.09009,-0.75415,1.80420,75.9084,31.8473,-28.8015
585168068,0.27942,-1.50256,1.26514,130.4656,170.6183,-112.8092,0.07361,-0.73645,1.83899,78.4504,29.3053,-28.3969
585169067,0.24414,-1.16406,1.79285,166.8397,155.9847,-133.0611,0.04065,-0.70190,1.90552,83.2977,23.8626,-27.3130
585170068,0.55798,-1.47437,1.99994,165.5038,142.5954,-135.3435,0.02234,-0.68713,1.93823,85.6412,20.8931,-26.6336
585171067,0.63391,-1.82971,1.99994,146.7481,126.3817,-133.9389,0.00415,-0.67163,1.97046,87.8702,17.7252,-25.8931
585172067,0.40930,-1.95422,1.99994,134.9924,119.1450,-133.3435,-0.01331,-0.65613,1.99994,90.0153,14.4046,-25.0916
585173068,0.67249,-2.00000,1.99994,112.4885,122.1908,-123.3893,-0.03076,-0.64111,1.99994,92.0534,10.9389,-24.2137
585174068,0.89331,-2.00000,1.99994,67.8092,121.8779,-101.0000,-0.04932,-0.62610,1.99994,93.9466,7.3817,-23.2824
585175068,1.08923,-2.00000,1.99994,40.3130,120.3282,-86.2901,-0.06787,-0.61145,1.99994,95.8473,3.7176,-22.3206
585176068,1.27002,-2.00000,1.99994,49.1908,107.7557,-95.1527,-0.08643,-0.59680,1.99994,97.7557,-0.1069,-21.2977
585177068,0.90027,-0.24585,1.99994,64.4504,70.6107,-109.7557,-0.10522,-0.58276,1.99994,99.6260,-4.0916,-20.1985
585178067,0.51782,1.15039,1.83496,74.1221,32.7634,-110.5725,-0.12390,-0.56995,1.99994,101.5038,-8.2366,-18.9771
585179068,1.03333,-1.99353,1.99994,107.1908,-23.8550,-111.7023,-0.14148,-0.55786,1.99994,103.4122,-12.5191,-17.6870
585180067,0.12378,-2.00000,1.95068,137.8244,-56.0076,-137.1985,-0.15784,-0.54480,1.99994,105.3282,-16.9466,-16.3206
585181067,-0.46948,-1.90161,1.26636,171.9466,-50.1603,-161.5496,-0.17358,-0.53223,1.99994,107.2672,-21.5496,-14.9008
585182068,-0.26697,-1.85181,1.66565,166.8702,-16.1603,-159.6718,-0.18994,-0.52039,1.99994,109.2214,-26.3053,-13.4046
585183068,-0.31616,-2.00000,1.65967,120.3893,11.4962,-135.1527,-0.20801,-0.50684,1.99994,111.1908,-31.1756,-11.8321
585184068,-1.18225,-2.00000,0.49121,87.8702,15.4046,-120.9389,-0.22620,-0.49207,1.99994,113.1527,-36.1679,-10.2061
585185068,-1.63025,-2.00000,-0.69299,99.5573,19.6260,-130.0000,-0.24329,-0.47778,1.99994,115.1374,-41.3359,-8.5038
585186067,-0.96399,-1.76538,0.57788,109.1985,43.0534,-142.9847,-0.25977,-0.46387,1.99994,117.1221,-46.6489,-6.6947
585187067,-0.11182,-0.73071,1.99994,79.6183,56.8931,-140.4504,-0.27588,-0.44971,1.99994,119.0534,-52.0916,-4.7710
585188067,0.24731,-0.25342,1.99994,29.5878,49.5191,-125.7328,-0.29248,-0.43506,1.99994,120.9389,-57.6641,-2.7786
585189067,0.48743,-0.46387,1.99994,19.8321,38.2214,-120.3740,-0.30859,-0.41895,1.99994,122.7557,-63.3206,-0.7252
585190067,0.69495,-0.97363,1.99994,70.4962,25.0458,-136.9466,-0.32397,-0.40222,1.99994,124.4885,-69.0763,1.4046
585191067,0.40417,-1.47839,1.99994,117.2977,-3.1298,-154.7099,-0.33972,-0.38696,1.99994,126.1145,-74.9695,3.6489
585192067,0.28516,-1.45605,1.99994,120.7786,-25.3893,-162.2519,-0.35596,-0.37280,1.99994,127.6336,-80.9924,6.0229
585193067,0.61060,-0.67212,1.99994,109.3817,-37.5802,-161.8321,-0.37207,-0.35901,1.99994,128.9924,-87.1756,8.4962
585194067,0.83728,-0.09656,1.99994,95.0763,-52.4046,-149.2137,-0.38843,-0.34546,1.99994,130.1985,-93.5267,11.0382
585195067,1.12915,-0.24695,1.99994,74.6183,-55.4046,-129.5802,-0.40503,-0.33167,1.99994,131.2061,-100.0076,13.6489
585196067,1.29480,-0.72266,1.99994,63.4885,-58.1756,-113.4427,-0.42065,-0.31860,1.99994,131.9847,-106.5802,16.3740
585197067,0.42493,-0.76758,1.99994,40.0229,-81.9313,-98.7023,-0.43738,-0.30664,1.99994,132.5649,-113.2366,19.1908
585198068,-0.32959,-0.78772,1.99994,-4.4809,-93.3359,-81.0458,-0.45557,-0.29504,1.99994,132.9847,-120.0000,22.1145
585199067,0.00195,-1.39917,1.99994,-34.8397,-86.8702,-72.2595,-0.47278,-0.28418,1.99994,133.2748,-126.9160,25.1145
585200068,0.82092,-1.91187,1.99994,-48.1221,-89.0840,-74.7557,-0.48926,-0.27466,1.99994,133.3817,-133.9695,28.2061
585201067,1.32825,-1.11584,1.99994,-54.8626,-113.4733,-86.8321,-0.50525,-0.26648,1.99994,133.2977,-141.1374,31.3664
585202068,0.96094,0.22058,1.99994,-37.3893,-152.9084,-98.0153,-0.52136,-0.25854,1.99994,133.0534,-148.4351,34.6336
585203067,0.82861,0.02197,1.99994,-7.5115,-181.1221,-97.9618,-0.53772,-0.25183,1.99994,132.6947,-155.8702,37.9389
585204068,0.76855,-1.09802,1.99994,2.5649,-205.2214,-94.1450,-0.55408,-0.24780,1.99994,132.2366,-163.4198,41.2443
585205067,0.00916,-1.68677,1.99994,3.8168,-234.2443,-97.0305,-0.57043,-0.24609,1.99994,131.6260,-171.0687,44.5954
585206068,-0.54639,-1.18469,1.99994,12.1450,-247.7710,-104.8550,-0.58582,-0.24536,1.99994,130.8702,-178.8092,47.9924
585207068,-0.52502,-0.01501,1.72632,13.5115,-244.6641,-106.4275,-0.60059,-0.24487,1.99994,130.0382,-186.6565,51.4351
585208067,-0.29077,0.97644,1.84131,-1.2901,-225.9542,-97.4962,-0.61475,-0.24414,1.99994,129.1145,-194.5954,54.9008
585209067,-0.21338,1.47949,1.99994,-27.0229,-188.5344,-80.2748,-0.62830,-0.24365,1.99994,128.0305,-202.6183,58.3740
585210067,-0.39075,0.59265,1.99994,-57.8626,-171.1908,-53.0076,-0.64185,-0.24390,1.99994,126.7481,-210.7176,61.8244
585211067,-0.87585,-1.61438,1.70520,-88.7786,-173.7710,-28.7863,-0.65649,-0.24573,1.99994,125.3130,-218.9084,65.2595
585212067,-1.32349,-2.00000,1.35046,-86.9771,-170.1145,-36.6565,-0.67151,-0.24866,1.99994,123.7557,-227.1908,68.6947
585213068,-0.28113,-1.47034,1.99994,-55.5267,-154.8855,-64.9847,-0.68445,-0.25159,1.99994,122.0992,-235.5267,72.1145
585214067,1.67871,0.43591,1.99994,-62.5878,-138.6718,-74.2672,-0.69629,-0.25476,1.99994,120.3282,-243.9084,75.5649
585215067,1.99994,1.99890,1.99994,-106.8702,-150.4733,-60.4427,-0.70935,-0.26025,1.99994,118.4504,-250.1374,79.0229
585216067,1.99994,1.99994,1.99994,-114.9237,-181.4504,-46.3435,-0.72168,-0.26746,1.99994,116.4351,-250.1374,82.4122
585217067,1.63330,1.70471,1.99994,-103.7557,-239.5878,-27.3206,-0.73291,-0.27576,1.99994,114.3282,-250.1374,85.6947
585218068,0.58972,-0.58728,1.99994,-102.9389,-250.1374,-18.3359,-0.74353,-0.28650,1.99994,112.1603,-250.1374,88.9389
585219067,0.51904,-1.46741,1.99994,-95.0458,-250.1374,-27.4198,-0.75342,-0.30005,1.99994,109.9466,-250.1374,92.1527
585220067,1.71497,-0.28247,1.99994,-103.0687,-250.1374,-30.9924,-0.76294,-0.31567,1.99994,107.6794,-250.1374,95.3359
585221067,1.99994,1.99994,1.99994,-135.2901,-250.1374,-19.7023,-0.77222,-0.33289,1.99994,105.5038,-250.1374,98.4504
585222067,1.08618,1.99994,1.99994,-135.9466,-250.1374,2.0687,-0.77954,-0.35291,1.99994,103.4351,-250.1374,101.4733
585223067,0.15588,1.99994,1.99994,-115.1069,-250.1374,29.2137,-0.78491,-0.37537,1.99994,101.4198,-250.1374,104.4504
585224067,-0.06494,-0.14001,1.99994,-121.4351,-250.1374,48.2137,-0.78967,-0.40088,1.99994,99.4580,-250.1374,107.3893
585225065,-1.02295,-2.00000,1.75818,-144.7939,-250.1374,44.5725,-0.79297,-0.42920,1.99994,97.5344,-250.1374,110.2519
585226064,-1.75061,-1.48328,1.04333,-153.7481,-250.1374,24.2443,-0.79346,-0.45886,1.99994,95.6947,-250.1374,113.0305
585227069,-1.30994,1.09949,0.14771,-147.8473,-250.1374,7.2672,-0.79150,-0.49036,1.99994,94.0992,-250.1374,115.7405
585228068,-1.16724,1.99994,-0.48303,-134.9924,-250.1374,11.0229,-0.78857,-0.52429,1.99994,92.7481,-250.1374,118.3817
585229068,-0.84497,1.99994,-0.36829,-116.9389,-250.1374,22.7939,-0.78430,-0.55945,1.99994,91.6412,-250.1374,120.9771
585230068,-0.67114,0.39026,0.74780,-99.5954,-250.1374,25.3817,-0.77771,-0.59436,1.99158,90.7863,-250.1374,123.4733
585231068,-1.84033,-1.43518,-0.26672,-92.0992,-250.1374,16.2443,-0.76990,-0.62878,1.95227,90.1832,-250.1374,125.8550
585232068,-2.00000,-1.86670,-2.00000,-81.2672,-250.1374,-7.7634,-0.76099,-0.66345,1.91260,89.8321,-250.1374,128.1374
585233068,-1.78979,-0.29651,-1.46692,-50.0687,-250.1374,-40.3817,-0.75122,-0.69812,1.87244,89.7099,-250.1374,130.3435
585234068,-0.80249,1.83923,1.38708,-39.3282,-250.1374,-52.9084,-0.74023,-0.73328,1.83105,89.9084,-250.1374,132.4427
585235067,0.67505,1.99994,1.99994,-88.6489,-219.8015,-30.5038,-0.72815,-0.76941,1.78967,90.3282,-250.1374,134.4351
585236068,1.99994,1.99994,1.99994,-151.1679,-206.6565,7.0076,-0.71631,-0.80554,1.74683,90.8626,-250.1374,136.3130
585237064,1.91187,1.99994,1.99994,-172.0382,-244.1374,36.4656,-0.70471,-0.84192,1.70190,91.6183,-250.1374,138.0534
585238069,0.75928,1.44739,1.99994,-168.7481,-250.1374,55.1069,-0.69275,-0.87781,1.65601,92.6489,-250.1374,139.6641
585239064,0.89050,0.91235,1.99994,-168.0229,-250.1374,68.1145,-0.68176,-0.91309,1.60864,93.9924,-250.1374,141.1298
585240069,1.39441,1.47449,1.99994,-181.7405,-250.1374,81.7557,-0.67200,-0.94788,1.55945,95.6870,-250.1374,142.4351
585241068,1.24292,1.99994,1.99994,-192.9542,-250.1374,96.0458,-0.66333,-0.98193,1.51062,97.6183,-250.1374,143.5573
585242068,0.42798,1.99994,1.99994,-168.5496,-250.1374,103.7099,-0.65417,-1.01489,1.45911,99.7481,-250.1374,144.5115
585243067,-0.21619,1.99994,0.82971,-112.0458,-250.1374,97.7099,-0.64490,-1.04602,1.40674,102.0687,-250.1374,145.3053
585244067,-0.19946,1.99994,1.61707,-74.1221,-250.1374,90.0458,-0.63660,-1.07654,1.35535,104.5573,-250.1374,145.9542
585245067,-1.32861,1.94885,1.12341,-94.0840,-250.1374,98.5802,-0.62927,-1.10645,1.30200,107.1756,-250.1374,146.4504
585246067,-2.00000,-0.07117,-1.95935,-122.9771,-250.1374,108.8473,-0.62231,-1.13428,1.24841,109.8855,-250.1374,146.8015
585247067,-2.00000,-1.32019,-2.00000,-88.1756,-250.1374,88.9924,-0.61621,-1.16101,1.19629,112.7023,-250.1374,147.0000
585248068,-1.79248,-1.02551,-1.46985,-38.4427,-250.1374,63.9847,-0.61182,-1.18652,1.14600,115.5725,-250.1374,147.0305
585249068,-0.35242,0.09741,0.90198,-75.1221,-250.1374,67.7939,-0.60742,-1.21106,1.09521,118.4885,-250.1374,146.8931
585250068,0.62695,1.99994,1.99994,-170.9008,-247.3206,93.2901,-0.60315,-1.23413,1.04346,121.4122,-250.1374,146.6489
585251068,1.05469,1.99994,1.99994,-223.0611,-237.6947,122.6031,-0.59888,-1.25610,0.99158,124.3206,-250.1374,146.3435
585252068,0.16028,1.99994,1.99994,-243.9389,-250.1374,155.1527,-0.59375,-1.27771,0.93921,127.2061,-250.1374,145.9389
585253068,-0.27625,1.25415,1.99994,-250.1374,-250.1374,179.7557,-0.58899,-1.29736,0.88586,130.0153,-250.1374,145.4580
585254068,1.22290,-0.27222,1.99994,-250.1374,-250.1374,179.8779,-0.58423,-1.31543,0.83350,132.7786,-250.1374,144.9084
585255068,1.99994,0.47913,1.99994,-250.1374,-250.1374,178.8855,-0.57751,-1.33215,0.78198,135.4733,-250.1374,144.3282
585256068,1.99994,1.99994,1.99994,-250.1374,-250.1374,188.2748,-0.57031,-1.34790,0.72839,138.0382,-250.1374,143.7099
585257068,1.90039,1.99994,1.99994,-250.1374,-250.1374,197.8779,-0.56262,-1.36243,0.67371,140.3969,-250.1374,143.0687
585258068,0.29956,1.99994,1.99994,-236.0992,-250.1374,206.9084,-0.55396,-1.37512,0.61877,142.5191,-250.1374,142.4504
585259068,-0.33252,1.87720,1.99994,-187.1603,-250.1374,214.7939,-0.54517,-1.38647,0.56274,144.3817,-250.1374,141.8397
585260067,-0.56128,-0.22229,1.99994,-173.3130,-250.1374,214.8931,-0.53552,-1.39722,0.50647,145.9924,-250.1374,141.2290
585261067,-1.05200,-0.51270,1.99994,-167.1069,-250.1374,205.6947,-0.52441,-1.40735,0.45178,147.3282,-250.1374,140.5954
585262067,-1.84399,1.47876,0.70081,-165.8321,-250.1374,195.1145,-0.51257,-1.41711,0.39685,148.3664,-250.1374,139.9313
585263067,-2.00000,1.99994,-0.80566,-155.2290,-250.1374,194.1756,-0.50098,-1.42712,0.34143,149.1069,-250.1374,139.2672
585264068,-2.00000,1.99994,-1.06250,-129.6794,-250.1374,200.4885,-0.49023,-1.43713,0.28516,149.5496,-250.1374,138.6489
585265068,-2.00000,0.02319,-1.99744,-123.2824,-250.1374,206.9389,-0.47876,-1.44763,0.22778,149.6947,-250.1374,138.0611
585266067,-2.00000,-1.43481,-2.00000,-147.1679,-250.1374,207.0763,-0.46643,-1.45825,0.16992,149.5344,-250.1374,137.4580
585267068,-2.00000,-2.00000,-2.00000,-166.2290,-250.1374,200.9313,-0.45508,-1.46875,0.11145,149.0763,-250.1374,136.8473
585268068,-2.00000,-2.00000,-2.00000,-174.8931,-250.1374,198.8702,-0.43469,-1.49390,-0.00928,147.3969,-250.1374,135.5267
585269068,-2.00000,-2.00000,-2.00000,-192.0916,-250.1374,198.3740,-0.42554,-1.50928,-0.07227,146.2366,-250.1374,134.8321
585270068,-2.00000,-0.93738,-1.90186,-210.9695,-250.1374,197.2214,-0.41809,-1.52502,-0.13574,144.8779,-250.1374,134.0992
585271067,-2.00000,0.26331,-1.34326,-230.5954,-250.1374,205.7710,-0.41223,-1.54016,-0.20044,143.3359,-250.1374,133.2824
585272068,-2.00000,0.02429,0.01685,-250.1374,-250.1374,224.9008,-0.40613,-1.55505,-0.26514,141.6260,-250.1374,132.3664
585273068,-0.82874,-1.06531,1.75562,-250.1374,-250.1374,236.4580,-0.39990,-1.57031,-0.32800,139.7557,-250.1374,131.3740
585274068,-0.85449,-1.57153,1.99994,-250.1374,-250.1374,224.6031,-0.39453,-1.58557,-0.38916,137.7481,-250.1374,130.3359
585275068,-1.21094,-1.82825,0.43774,-247.8397,-250.1374,194.9160,-0.38916,-1.59900,-0.45020,135.6260,-250.1374,129.1756
585276068,-1.04639,-1.69763,-1.32971,-152.5573,-250.1374,152.3282,-0.38306,-1.60876,-0.51147,133.3817,-250.1374,127.8931
585277068,-1.65710,-0.59375,-0.15002,-76.9695,-250.1374,112.7099,-0.37695,-1.61572,-0.57202,131.0382,-250.1374,126.4809
585278068,-1.38147,0.07520,1.62769,-51.2748,-250.1374,98.8931,-0.37097,-1.62085,-0.63147,128.6107,-250.1374,124.9618
585279068,-1.47156,-0.55310,0.66040,-64.0153,-250.1374,105.4198,-0.36450,-1.62329,-0.68848,126.0992,-250.1374,123.2748
585280068,-2.00000,-2.00000,-2.00000,-52.7634,-250.1374,104.6870,-0.35754,-1.62378,-0.74268,123.5115,-250.1374,121.4198
585281068,-2.00000,-2.00000,-2.00000,-18.5038,-250.1374,84.5267,-0.34985,-1.62366,-0.79468,120.8397,-250.1374,119.4427
585282068,-2.00000,-1.26672,0.26685,-51.3359,-250.1374,76.1069,-0.33997,-1.62305,-0.84497,118.0992,-250.1374,117.2977
585283068,-2.00000,1.10547,-0.37561,-147.8397,-250.1374,101.0000,-0.32837,-1.62024,-0.89331,115.3053,-250.1374,115.0000
585284068,-2.00000,1.99994,-1.94897,-209.2137,-250.1374,136.9313,-0.31714,-1.61609,-0.93823,112.4885,-250.1374,112.5725
585285067,-1.87512,1.36475,-1.14294,-210.4733,-250.1374,168.0687,-0.30615,-1.61255,-0.98108,109.6031,-250.1374,110.0687
585286067,-1.60559,-0.72852,0.16174,-223.0687,-250.1374,187.8779,-0.29346,-1.60803,-1.02466,106.7710,-250.1374,107.4733
585287068,-1.42395,-1.69897,0.17786,-250.1374,-250.1374,195.0840,-0.27917,-1.60242,-1.06641,104.0458,-250.1374,104.8015
585288068,-0.51697,-0.53748,1.09302,-250.1374,-250.1374,187.5267,-0.26428,-1.59692,-1.10449,101.3511,-250.1374,102.0687
585289068,0.42407,1.99994,1.99994,-250.1374,-250.1374,176.9237,-0.25000,-1.59143,-1.14087,98.6107,-250.1374,99.2901
585290067,0.27905,1.99994,1.99994,-246.3969,-250.1374,183.0000,-0.23657,-1.58594,-1.17676,95.9313,-250.1374,96.4885
585291067,-0.48071,1.99994,1.99994,-193.1832,-250.1374,192.3130,-0.22217,-1.58179,-1.21228,93.3740,-250.1374,93.6870
585292067,-1.11536,-0.32397,0.73792,-107.5649,-250.1374,176.9160,-0.20764,-1.57886,-1.24646,90.9389,-250.1374,90.9084
585293068,-1.19482,-2.00000,1.07507,-53.9695,-250.1374,146.3359,-0.19385,-1.57703,-1.27783,88.5878,-250.1374,88.1298
585294068,-1.26746,-2.00000,1.66724,-65.2443,-250.1374,122.1679,-0.18176,-1.57532,-1.30811,86.3130,-250.1374,85.3740
585295068,-2.00000,-1.54053,0.87134,-75.5496,-250.1374,106.2748,-0.17114,-1.57373,-1.33826,84.1603,-250.1374,82.6641
585296068,-2.00000,-1.03687,-0.55322,-39.0840,-250.1374,97.0687,-0.16138,-1.57275,-1.36841,82.1832,-250.1374,79.9924
585297068,-2.00000,-1.60059,-1.08496,1.7557,-250.1374,92.1603,-0.15222,-1.57239,-1.39880,80.3893,-250.1374,77.3588
585298068,-2.00000,-2.00000,-0.81433,-6.3359,-250.1374,91.1374,-0.14392,-1.57239,-1.42969,78.7786,-250.1374,74.8092
585299068,-2.00000,-1.99744,0.25964,-62.3053,-250.1374,90.1374,-0.13672,-1.57275,-1.45984,77.3588,-250.1374,72.3130
585300068,-2.00000,-0.91089,-0.83508,-120.8244,-250.1374,96.7863,-0.13147,-1.57397,-1.48926,76.1450,-250.1374,69.8397
585301068,-2.00000,-0.93677,-2.00000,-160.6641,-250.1374,117.2214,-0.12683,-1.57434,-1.51904,75.1832,-250.1374,67.4198
585302068,-2.00000,-2.00000,-2.00000,-187.1908,-250.1374,139.7481,-0.12146,-1.57324,-1.54761,74.4504,-250.1374,65.0534
585303068,-2.00000,-2.00000,-1.33557,-205.0458,-250.1374,143.8168,-0.11560,-1.57178,-1.57446,73.9160,-250.1374,62.7634
585304068,-2.00000,-1.85596,-0.77490,-223.2214,-250.1374,136.6260,-0.10986,-1.56982,-1.60120,73.5725,-250.1374,60.5420
585305068,-2.00000,0.76294,-2.00000,-236.6718,-250.1374,132.8931,-0.10425,-1.56653,-1.62720,73.4198,-250.1374,58.3511
585306067,-2.00000,1.99994,-0.95312,-232.3206,-250.1374,144.1832,-0.09839,-1.56091,-1.65198,73.4504,-250.1374,56.1985
585307068,-1.04626,1.34863,1.99994,-237.4275,-250.1374,177.0076,-0.09216,-1.55225,-1.67590,73.6412,-250.1374,54.1145
585308067,-0.67786,-2.00000,1.99994,-250.1374,-250.1374,209.2290,-0.08545,-1.54114,-1.69617,73.9466,-250.1374,52.0687
585309068,-0.62170,-2.00000,1.76050,-245.4046,-250.1374,153.3969,-0.07727,-1.52747,-1.71277,74.3511,-250.1374,50.1069
585310068,0.54468,-0.66992,1.99994,-246.0840,-250.1374,137.9847,-0.06873,-1.51123,-1.72632,74.8015,-250.1374,48.1908
585311068,0.87231,-0.28442,1.99994,-250.1374,-250.1374,166.6031,-0.06055,-1.49329,-1.73657,75.2290,-250.1374,46.3130
585312068,0.48743,-1.84851,1.99994,-250.1374,-250.1374,172.7863,-0.05225,-1.47400,-1.74500,75.6183,-250.1374,44.4962
585313067,-0.44714,-2.00000,1.99994,-195.4504,-250.1374,134.8779,-0.04443,-1.45325,-1.75159,75.9313,-250.1374,42.7863
585314067,-0.30530,-2.00000,1.99994,-165.2824,-250.1374,101.7405,-0.03552,-1.43176,-1.75598,76.1527,-250.1374,41.1679
585315068,-0.45349,-2.00000,1.99994,-220.5954,-250.1374,92.0458,-0.02637,-1.41016,-1.75806,76.2595,-250.1374,39.6183
585316068,-1.59900,-1.60034,1.99994,-234.7939,-250.1374,78.5496,-0.01746,-1.38916,-1.75696,76.2366,-250.1374,38.1221
585317067,-1.61548,-1.14099,1.67725,-150.2824,-250.1374,54.8473,-0.00891,-1.36816,-1.75281,76.0763,-250.1374,36.6794
585318067,-1.61646,-2.00000,1.46216,-60.7481,-250.1374,37.2748,-0.00220,-1.34790,-1.74768,75.7405,-250.1374,35.3282
585319068,-2.00000,-2.00000,-0.70850,-55.2901,-250.1374,34.6718,0.00330,-1.32983,-1.74231,75.2214,-250.1374,34.0382
585320068,-2.00000,-2.00000,-2.00000,-117.7176,-250.1374,34.9695,0.00806,-1.31433,-1.73730,74.5802,-250.1374,32.8015
585321068,-2.00000,-1.07007,-2.00000,-187.4275,-250.1374,41.8702,0.01050,-1.30164,-1.73230,73.8931,-250.1374,31.6489
585322067,-2.00000,-0.84827,-2.00000,-238.1069,-250.1374,70.2137,0.01086,-1.29199,-1.72485,73.1603,-244.1527,30.5649
585323068,-2.00000,-2.00000,-2.00000,-250.1374,-250.1374,96.0763,0.00964,-1.28540,-1.71765,72.3740,-236.1069,29.5344
585324068,-2.00000,-1.76575,-2.00000,-250.1374,-250.1374,99.0916,0.00549,-1.28259,-1.71387,71.5496,-228.1603,28.5725
585325068,-2.00000,0.03784,-2.00000,-250.1374,-250.1374,98.4122,-0.00085,-1.28406,-1.71179,70.7939,-220.3588,27.6794
585326068,-2.00000,1.49292,-2.00000,-250.1374,-250.1374,107.1221,-0.00867,-1.28918,-1.70996,70.1298,-212.7710,26.8473
585327068,-1.91553,1.16956,-1.46643,-250.1374,-250.1374,106.7176,-0.01770,-1.29810,-1.70984,69.5573,-205.4351,26.0916
585328068,-1.48608,-0.88611,-1.18359,-202.8321,-250.1374,91.0611,-0.02844,-1.31140,-1.71204,69.0916,-198.3740,25.3969
585329068,-2.00000,-2.00000,-2.00000,-132.7786,-250.1374,58.7557,-0.04187,-1.32837,-1.71484,68.7634,-191.6412,24.8015
585330068,-2.00000,-2.00000,-2.00000,-74.9237,-250.1374,13.8550,-0.05676,-1.34741,-1.71936,68.6183,-185.2824,24.2977
585331068,-1.80359,-2.00000,-2.00000,-20.6947,-250.1374,-28.6641,-0.07092,-1.36670,-1.72607,68.6641,-179.2901,23.8702
585332068,-1.46948,-2.00000,-1.08362,6.1603,-250.1374,-43.7252,-0.08447,-1.38635,-1.73425,68.8702,-173.7099,23.5191
585333068,-0.79321,-1.87622,-0.59363,1.6031,-250.1374,-43.4046,-0.09839,-1.40552,-1.74487,69.2366,-168.5573,23.2290
585334068,-1.39050,-1.10474,-2.00000,-17.9618,-250.1374,-45.7405,-0.11218,-1.42297,-1.75757,69.7481,-163.8321,22.9924
585335068,-2.00000,-0.55554,-2.00000,-53.9771,-250.1374,-44.8244,-0.12512,-1.43823,-1.77014,70.3969,-159.5115,22.7786
585336068,-1.60352,-0.74695,-1.39954,-105.1527,-250.1374,-35.5802,-0.13647,-1.45056,-1.78247,71.1145,-155.5802,22.6107
585337068,-0.88428,-0.98828,-0.89282,-154.8931,-216.3435,-22.7328,-0.14587,-1.45837,-1.79407,71.8702,-152.0229,22.4809
585338068,-1.64807,-0.43481,-2.00000,-166.4275,-250.1374,-13.3664,-0.15295,-1.46204,-1.80408,72.6183,-148.8168,22.3893
585339067,-2.00000,0.22852,-2.00000,-131.2901,-250.1374,-12.5115,-0.15759,-1.46265,-1.81421,73.2824,-145.9313,22.3130
585340068,-2.00000,0.15576,-2.00000,-94.7405,-250.1374,-11.9466,-0.15906,-1.46069,-1.82397,73.7710,-143.3588,22.2443
585341067,-1.30090,0.12183,-1.54419,-97.4351,-250.1374,-4.4733,-0.15686,-1.45544,-1.83142,74.0840,-141.0534,22.1450
585342067,-1.37244,0.46521,-1.35596,-108.0992,-250.1374,2.1221,-0.15186,-1.44653,-1.83716,74.2290,-138.9389,21.9542
585343067,-2.00000,0.92480,-2.00000,-85.9695,-235.9771,-3.0305,-0.14612,-1.43530,-1.84155,74.1527,-136.9618,21.7176
585344067,-1.86401,1.00696,-2.00000,-56.2061,-178.6107,-9.7405,-0.14075,-1.42310,-1.84338,73.8015,-135.1450,21.4580
585345068,-1.29199,0.46338,-1.95276,-68.0458,-124.3206,-4.3435,-0.13379,-1.40955,-1.84302,73.1832,-133.4656,21.1679
585346068,-1.39258,-0.10852,-2.00000,-102.5267,-104.6107,4.2901,-0.12500,-1.39514,-1.84106,72.3053,-131.8168,20.7939
585347068,-1.73474,-0.08545,-2.00000,-91.0534,-114.6107,-2.9084,-0.11499,-1.38171,-1.83801,71.1679,-130.1374,20.3206
585348068,-1.14429,0.41614,-2.00000,-22.1374,-128.5420,-24.4962,-0.10547,-1.36926,-1.83398,69.7634,-128.4504,19.7557
585349068,-0.71240,0.83472,-1.32751,19.1069,-153.4962,-34.0840,-0.09729,-1.35767,-1.82812,68.1603,-126.7176,19.0916
585350068,-0.79456,0.77258,-0.90662,10.3435,-170.0382,-24.7786,-0.08911,-1.34729,-1.82092,66.3359,-124.9389,18.3511
585351068,-0.62451,0.43225,-0.46423,13.2595,-165.0229,-18.2595,-0.08081,-1.33887,-1.81287,64.3053,-123.1069,17.5344
585352067,-0.66492,-0.08105,-0.42273,49.0916,-161.7557,-20.9008,-0.07166,-1.33228,-1.80420,62.1450,-121.1756,16.6718
585353068,-0.90894,-0.57849,-1.10583,85.8855,-159.2443,-28.7481,-0.06091,-1.32788,-1.79590,59.9084,-119.0763,15.7634
585354068,-1.23962,-0.73425,-1.90295,101.2672,-152.7328,-34.5878,-0.05078,-1.32617,-1.78809,57.6260,-116.7863,14.7786
585355068,-1.35388,-0.70557,-2.00000,85.8855,-137.1374,-32.6718,-0.04187,-1.32654,-1.77979,55.3359,-114.3435,13.7176
585356067,-1.12830,-0.49011,-1.54297,55.4580,-120.2519,-27.6412,-0.03210,-1.32825,-1.77112,53.1221,-111.7481,12.6412
585357067,-1.11255,-0.40735,-1.30115,43.1450,-115.9160,-26.4809,-0.02087,-1.33069,-1.76270,51.0305,-108.9771,11.5496
585358067,-1.03906,-0.46631,-1.10791,53.8397,-109.4427,-31.8931,-0.00977,-1.33447,-1.75476,49.0763,-105.9924,10.4733
585359067,-0.63037,-0.31897,-0.23401,55.6565,-95.3435,-35.9160,0.00037,-1.33911,-1.74744,47.2901,-102.8397,9.4275
585360067,-0.43115,-0.19275,0.31934,33.9695,-89.5954,-29.9771,0.01099,-1.34290,-1.73975,45.7023,-99.5115,8.4198
585361068,-0.41968,-0.29163,0.20581,19.1756,-90.3893,-22.1832,0.02319,-1.34595,-1.73010,44.3282,-95.9847,7.4275
585362068,-0.38269,-0.31262,0.16541,44.1450,-100.5802,-25.6336,0.03552,-1.34949,-1.71875,43.1221,-92.2824,6.4656
585363068,-0.22424,-0.12769,0.47998,90.1985,-115.0611,-35.8092,0.04797,-1.35193,-1.70557,42.0916,-88.4198,5.5496
585364068,-0.23511,-0.02002,0.84692,115.1603,-131.9389,-38.2977,0.06091,-1.35132,-1.69226,41.2366,-84.3817,4.6947
585365067,-0.66504,-0.35950,0.41968,109.9466,-151.6183,-29.9008,0.07422,-1.34814,-1.68030,40.5115,-80.2061,3.9084
585366068,-0.95410,-1.26135,-0.08032,100.3664,-155.4046,-21.5725,0.10034,-1.33569,-1.65259,39.2977,-71.4275,2.5038
585367068,-1.17566,-1.92920,0.12903,103.6183,-152.0229,-25.2214,0.11279,-1.32605,-1.63574,38.7939,-66.8550,1.8931
585368067,-1.34241,-1.66272,0.40674,105.1298,-142.0458,-35.3282,0.12402,-1.31482,-1.61694,38.3435,-62.1985,1.3282
585369067,-1.38501,-0.88354,0.30603,82.7786,-128.4351,-36.1450,0.13489,-1.30383,-1.59668,37.8931,-57.4351,0.7939
585370068,-1.56641,-0.41809,0.05029,45.6107,-118.5038,-24.2137,0.14587,-1.29260,-1.57581,37.3969,-52.5954,0.3053
585371067,-1.47095,-1.04370,0.48315,23.4198,-108.1985,-9.0534,0.15625,-1.27979,-1.55408,36.8397,-47.7023,-0.1450
585372067,-1.13489,-2.00000,1.36194,25.1069,-106.2748,-2.2672,0.16565,-1.26587,-1.53015,36.2290,-42.7710,-0.5573
585373067,-1.05103,-2.00000,1.70557,32.4351,-119.0687,-10.9542,0.17383,-1.25159,-1.50500,35.5725,-37.8321,-0.9389
585374068,-0.96838,-2.00000,1.38062,35.3893,-136.3053,-32.7252,0.18140,-1.23621,-1.47961,34.8397,-32.8473,-1.2824
585375068,-0.89551,-1.44019,1.05212,36.8168,-156.4656,-52.2443,0.18872,-1.22058,-1.45325,33.9618,-27.8473,-1.6107
585376068,-1.02563,0.26257,1.01050,42.3206,-182.7710,-54.6412,0.19519,-1.20593,-1.42651,32.9084,-22.8626,-1.9389
585377068,-1.15674,-0.26904,0.88623,57.1145,-211.1603,-47.0305,0.20142,-1.19348,-1.39978,31.7023,-17.9160,-2.2290
585378068,-1.54382,-1.88733,0.23206,78.4198,-239.9313,-47.2290,0.20764,-1.18298,-1.37158,30.4198,-12.9771,-2.4656
585379068,-2.00000,-2.00000,-0.72595,91.7481,-250.1374,-59.2519,0.21277,-1.17175,-1.34302,29.0534,-8.0534,-2.6489
585380068,-2.00000,-2.00000,-1.45007,85.6565,-240.5420,-72.1908,0.21729,-1.16089,-1.31458,27.6031,-3.1985,-2.8397
585381068,-2.00000,-1.38403,-2.00000,73.3511,-218.1298,-75.8626,0.22168,-1.15234,-1.28674,26.0840,1.5573,-3.0382
585382067,-2.00000,-1.10266,-2.00000,76.7557,-206.3588,-68.7710,0.22522,-1.14490,-1.25989,24.4962,6.2519,-3.2290
585383067,-2.00000,-1.85815,-2.00000,89.7252,-205.6794,-60.8244,0.22839,-1.13782,-1.23303,22.8244,10.8855,-3.3817
585384067,-2.00000,-2.00000,-2.00000,93.0534,-187.8550,-65.4962,0.23193,-1.13171,-1.20642,21.0916,15.4351,-3.4962
585385067,-2.00000,-1.83655,-2.00000,79.5420,-149.9924,-78.3435,0.23535,-1.12573,-1.18054,19.3435,19.8855,-3.5802
585386067,-2.00000,-0.85632,-2.00000,48.5267,-114.6107,-81.6718,0.23853,-1.11987,-1.15479,17.6031,24.2214,-3.6260
585387068,-2.00000,-0.38416,-2.00000,20.6718,-92.7023,-75.2672,0.24146,-1.11523,-1.12854,15.8550,28.4580,-3.6260
585388068,-2.00000,-0.32300,-2.00000,27.0840,-69.8244,-75.4046,0.24365,-1.11353,-1.10071,14.1603,32.5725,-3.6260
585389068,-2.00000,-0.32947,-2.00000,49.7634,-37.7481,-82.5267,0.24524,-1.11353,-1.07263,12.5496,36.5954,-3.6260
585390068,-2.00000,-0.27991,-2.00000,50.6565,-8.1985,-84.9695,0.24707,-1.11279,-1.04590,11.0229,40.5420,-3.5649
585391068,-2.00000,-0.12122,-2.00000,41.0076,10.8397,-81.2748,0.24902,-1.11145,-1.01843,9.5496,44.4198,-3.4809
585392068,-2.00000,0.11304,-2.00000,51.9847,13.9084,-77.4580,0.25134,-1.11133,-0.99097,8.1527,48.2137,-3.3817
585393068,-1.94763,0.42859,-1.84167,75.5573,1.6718,-74.5725,0.25415,-1.11218,-0.96423,6.8244,51.8855,-3.2824
585394068,-2.00000,0.49780,-2.00000,86.5267,-29.8626,-65.6412,0.25586,-1.11169,-0.93701,5.5878,55.4351,-3.1832
585395067,-2.00000,0.23254,-2.00000,80.5573,-63.7710,-52.1527,0.25635,-1.11206,-0.90955,4.4122,58.8855,-3.0916
585396067,-2.00000,-0.10229,-2.00000,73.6718,-69.3053,-42.8321,0.25684,-1.11389,-0.88245,3.3206,62.2443,-2.9847
585397068,-2.00000,-0.28638,-2.00000,61.3511,-55.7863,-37.7634,0.25757,-1.11511,-0.85510,2.2977,65.5038,-2.8626
585398068,-2.00000,-0.17664,-2.00000,36.5573,-53.6260,-33.0916,0.25781,-1.11633,-0.82642,1.3359,68.6489,-2.7786
585399068,-2.00000,0.06934,-2.00000,29.1527,-43.9313,-35.2061,0.25781,-1.11938,-0.79712,0.4580,71.7023,-2.7023
585400068,-2.00000,-0.03699,-2.00000,49.9008,-2.2214,-45.4046,0.25842,-1.12341,-0.76868,-0.2977,74.6031,-2.6260
585401068,-2.00000,-0.51331,-2.00000,61.3282,41.7710,-54.7634,0.25867,-1.12720,-0.74060,-0.9313,77.3588,-2.5573
585402068,-2.00000,-0.44617,-2.00000,60.6870,77.7176,-65.3359,0.25684,-1.13171,-0.71179,-1.4809,80.0229,-2.5420
585403068,-2.00000,0.31799,-2.00000,77.8015,113.7405,-77.3893,0.25488,-1.13745,-0.68311,-1.9618,82.5191,-2.5725
585404068,-2.00000,0.95166,-2.00000,108.1450,142.8855,-82.6565,0.25391,-1.14307,-0.65625,-2.3740,84.9771,-2.6641
585405068,-2.00000,0.85718,-2.00000,125.4046,161.5191,-76.9847,0.25281,-1.14819,-0.62988,-2.7099,87.3588,-2.8092
585406068,-2.00000,0.22852,-2.00000,122.0458,171.8931,-64.8168,0.25146,-1.15393,-0.60352,-2.9695,89.5344,-2.9924
585407068,-1.91284,-0.05042,-1.83630,106.1603,175.3359,-53.5573,0.24939,-1.15955,-0.57715,-3.1679,91.3588,-3.2061
585408067,-1.68677,0.29065,-1.91443,83.2214,161.5649,-42.3664,0.24622,-1.16516,-0.55042,-3.2901,92.7252,-3.4656
585409067,-1.78418,0.89368,-2.00000,59.3588,137.2443,-29.5573,0.24353,-1.17126,-0.52454,-3.3435,93.7710,-3.7786
585410068,-1.45264,1.38049,-1.41907,50.2748,128.2748,-19.0611,0.24109,-1.17822,-0.50085,-3.3282,94.7634,-4.1298
585411068,-0.99463,1.43726,-0.22961,49.3817,120.2977,-9.1679,0.23767,-1.18677,-0.47888,-3.2595,95.7863,-4.5191
585412068,-1.35559,0.95593,-0.80054,38.8092,102.5267,2.9771,0.23474,-1.19617,-0.45813,-3.1374,96.4885,-4.9237
585413067,-2.00000,0.48389,-2.00000,33.9389,95.1832,7.6336,0.23206,-1.20496,-0.43848,-2.9618,96.6870,-5.3511
585414068,-2.00000,0.52954,-2.00000,48.5420,97.9924,2.4580,0.22998,-1.21265,-0.42004,-2.7481,96.5496,-5.8015
585415068,-2.00000,0.99573,-2.00000,64.4275,104.5954,-3.8626,0.22986,-1.21948,-0.40332,-2.4885,96.2366,-6.2901
585416067,-2.00000,1.79907,-2.00000,83.3740,129.0000,-8.5496,0.23108,-1.22461,-0.38672,-2.1832,95.7634,-6.8321
585417068,-2.00000,1.99994,-2.00000,111.6183,165.7405,-6.4809,0.23291,-1.22913,-0.36987,-1.8473,95.2214,-7.3969
585418068,-2.00000,1.49805,-2.00000,118.5802,185.8168,7.2290,0.23474,-1.23291,-0.35400,-1.4962,94.7023,-7.9695
585419067,-2.00000,0.35022,-2.00000,109.1069,191.9084,19.9924,0.23682,-1.23560,-0.33826,-1.1298,93.9771,-8.5420
585420068,-2.00000,-0.60535,-2.00000,118.8092,231.3588,16.9618,0.23816,-1.23755,-0.32263,-0.7786,92.9008,-9.1145
585421068,-2.00000,-0.75269,-2.00000,126.3282,250.1298,6.3053,0.23999,-1.23914,-0.30750,-0.4504,91.6183,-9.7023
585422068,-2.00000,-0.19592,-2.00000,107.1527,250.1298,2.2061,0.24329,-1.23962,-0.29309,-0.1298,90.1603,-10.2977
585423068,-2.00000,0.52734,-1.75854,93.4962,250.1298,1.7176,0.24670,-1.23950,-0.27930,0.1908,88.5420,-10.8931
585424068,-1.82410,0.97046,-1.17163,103.0534,250.1298,1.8702,0.25134,-1.23889,-0.26599,0.4809,86.8015,-11.4962
585425068,-1.08630,0.80042,-0.21313,105.1069,250.1298,5.7863,0.25598,-1.23828,-0.25220,0.7023,84.9771,-12.0611
585426068,-0.46008,0.29993,1.87708,90.4351,250.1298,12.0229,0.25891,-1.23694,-0.23865,0.8473,83.0687,-12.6183
585427068,0.09717,0.21765,1.99994,75.6107,250.1298,18.0840,0.26147,-1.23425,-0.22559,0.9313,81.0916,-13.1832
585428068,0.65125,0.85608,1.99994,66.7328,250.1298,26.0153,0.26477,-1.23096,-0.21130,0.9160,79.0916,-13.7557
585429068,0.32019,1.50659,1.99994,68.9695,250.1298,38.0000,0.26782,-1.22742,-0.19678,0.8015,77.0382,-14.3359
585430067,-0.23962,1.37524,1.23157,81.4504,206.6336,52.1527,0.27051,-1.22278,-0.18359,0.6183,74.9542,-14.9084
585431067,0.05115,0.62964,1.97229,89.2290,175.5878,64.0000,0.27393,-1.21729,-0.17053,0.3435,72.8626,-15.4809
585432068,0.54504,-0.04370,1.99994,82.6947,152.5344,72.4733,0.27808,-1.21057,-0.15723,-0.0229,70.7557,-16.0000
585433067,0.24109,-0.31226,1.99994,71.0992,121.0611,78.7557,0.28259,-1.20398,-0.14465,-0.4962,68.6489,-16.5191
585434068,-0.66980,-0.56677,1.19434,78.1679,96.1145,79.7099,0.28662,-1.19885,-0.13269,-1.0840,66.5649,-17.0305
585435068,-1.30469,-1.11658,0.03369,99.7939,103.6718,72.4122,0.28979,-1.19336,-0.12109,-1.7634,64.5649,-17.5420
585436067,-1.49329,-1.43787,0.38330,98.6489,130.8779,63.2137,0.29297,-1.18738,-0.10962,-2.4733,62.6183,-18.0534
585437068,-1.37634,-1.17468,0.39331,73.4198,155.2977,57.2290,0.29614,-1.18115,-0.09827,-3.2214,60.6794,-18.5649
585438068,-1.51758,-0.97205,-0.66943,61.3435,156.5420,54.0611,0.29993,-1.17480,-0.08801,-4.0000,58.7863,-19.0382
585439068,-1.13757,-1.76245,0.00146,116.3359,160.6565,31.4046,0.30396,-1.16931,-0.07788,-4.8321,56.9466,-19.4733
585440068,-0.78113,-1.48145,0.58191,128.0153,161.7710,19.3588,0.30774,-1.16443,-0.06702,-5.6870,55.1832,-19.8779
585441067,-0.94678,-0.86816,0.29504,112.3740,157.8473,20.2595,0.31165,-1.15955,-0.05591,-6.5267,53.4809,-20.2595
585442068,-0.99854,-0.49622,0.17114,109.6031,155.7481,24.9008,0.31604,-1.15466,-0.04578,-7.3130,51.8550,-20.6565
585443067,-1.00781,-0.85730,0.53223,132.2061,155.1145,26.1221,0.32031,-1.15015,-0.03845,-8.0305,50.3130,-21.0687
585444068,-0.86133,-1.58813,0.90125,151.0840,156.7863,22.6794,0.32422,-1.14587,-0.03210,-8.6947,48.8473,-21.4809
585445068,-0.60583,-1.90881,1.19470,146.7863,160.6870,19.4733,0.32910,-1.14209,-0.02527,-9.2672,47.4427,-21.8550
585446068,-0.69153,-1.81763,1.27930,120.8855,158.8855,22.2672,0.33484,-1.13818,-0.01904,-9.6718,46.1298,-22.1756
585447068,-0.66052,-1.44409,1.66589,84.3282,165.5802,29.0763,0.34058,-1.13367,-0.01367,-9.9771,44.9313,-22.4733
585448067,-0.43750,-1.32117,1.99994,57.1069,167.4885,38.2061,0.34595,-1.12817,-0.00708,-10.1679,43.8473,-22.7786
585449067,-0.26660,-2.00000,1.99994,44.2824,163.4962,49.7557,0.35156,-1.12280,0.00012,-10.1985,42.8626,-23.0992
585450067,0.17578,-2.00000,1.99994,23.9389,156.6641,59.0916,0.35632,-1.11755,0.00696,-10.1069,41.9695,-23.3664
585451067,0.50391,-2.00000,1.99994,-16.7405,138.8244,60.2443,0.35999,-1.11194,0.01550,-9.9389,41.1450,-23.5725
585452068,0.60486,-1.62476,1.99994,-55.7176,118.9542,57.4656,0.36377,-1.10583,0.02466,-9.6947,40.3969,-23.7176
585453068,0.76099,-0.10632,1.99994,-66.1603,95.4504,60.1603,0.36768,-1.09949,0.03369,-9.3588,39.7328,-23.8626
585454068,0.94983,-0.43372,1.99994,-49.8931,60.4046,68.6031,0.37036,-1.09290,0.04211,-8.9542,39.1374,-23.9924
585455068,0.84314,-1.63635,1.99994,-16.6107,15.7099,66.3817,0.37122,-1.08472,0.04907,-8.5115,38.6336,-24.0916
585456068,0.37390,-2.00000,1.99994,26.2977,-18.7023,46.4122,0.37134,-1.07593,0.05542,-8.0305,38.2137,-24.1069
585457068,0.11853,-1.97644,1.52600,53.2443,-25.3817,25.5420,0.37109,-1.06726,0.06250,-7.5344,37.8168,-24.0916
585458068,-0.02039,-1.56348,1.32422,52.0840,-19.9160,16.6031,0.37048,-1.05762,0.06982,-7.0611,37.4504,-24.0840
585459068,-0.39392,-1.11218,0.51746,53.1679,-17.1679,14.3511,0.36853,-1.04724,0.07678,-6.6183,37.1145,-24.0534
585460068,-0.66138,-1.10974,-0.25891,72.2290,-8.2290,12.9008,0.36658,-1.03687,0.08215,-6.2061,36.7710,-23.9771
585461068,-0.63770,-1.63342,-0.24487,76.6794,11.3359,15.1679,0.36560,-1.02649,0.08716,-5.8702,36.4427,-23.8550
585462067,-0.67896,-2.00000,-0.06213,43.9466,30.1908,27.2977,0.36438,-1.01550,0.09387,-5.6107,36.1527,-23.7176
585463067,-0.77112,-2.00000,0.01465,-3.5496,45.2901,43.8092,0.36194,-1.00488,0.10132,-5.4275,35.8702,-23.5725
585464068,-0.55847,-2.00000,0.24976,-35.1145,55.2214,50.5649,0.35864,-0.99512,0.10791,-5.3282,35.5802,-23.4198
585465068,-0.24146,-2.00000,0.42188,-47.7786,57.1985,47.1603,0.35303,-0.97449,0.11914,-5.3588,34.9618,-23.0153
585466067,-0.13660,-1.92163,0.39868,-61.0840,48.8473,48.3740,0.35022,-0.96533,0.12366,-5.4656,34.5649,-22.7405
585467068,-0.00928,-2.00000,0.60583,-83.3817,39.6870,55.6107,0.34778,-0.95679,0.12708,-5.6260,34.1298,-22.4351
585468068,0.14526,-2.00000,0.88708,-95.5878,30.0992,53.6565,0.34448,-0.94946,0.12939,-5.8321,33.6641,-22.1298
585469068,0.05847,-2.00000,0.83887,-80.2977,20.1069,38.3206,0.34143,-0.94324,0.13135,-6.0534,33.1450,-21.8244
585470068,0.01868,-2.00000,0.99023,-54.0382,18.1221,23.3511,0.33923,-0.93713,0.13354,-6.2595,32.5725,-21.5267
585471068,0.18811,-2.00000,1.39526,-47.4885,25.3893,19.2672,0.33691,-0.93127,0.13586,-6.4733,32.0000,-21.2137
585472067,0.12903,-1.91992,1.26086,-63.3893,30.3511,23.2748,0.33459,-0.92578,0.13867,-6.6718,31.4427,-20.8550
585473067,-0.03918,-1.37744,0.81714,-76.8397,35.4656,28.1832,0.33325,-0.92065,0.14136,-6.8092,30.8626,-20.4733
585474067,0.12378,-1.10107,0.85901,-77.8397,40.7023,33.5420,0.33167,-0.91711,0.14172,-6.9160,30.2137,-20.1221
585475068,0.31274,-1.09900,1.17114,-82.3817,36.6794,41.3588,0.32898,-0.91455,0.14099,-6.9542,29.5038,-19.7710
585476068,0.31775,-0.94458,1.16541,-99.6183,21.2290,52.3206,0.32629,-0.91162,0.14172,-6.9389,28.7634,-19.3817
585477068,0.30505,-0.84290,0.88953,-119.3893,3.0840,63.9542,0.32385,-0.90857,0.14270,-6.8931,28.0611,-18.9618
585478068,0.24023,-1.01660,0.84619,-125.7863,-13.0000,69.9542,0.32117,-0.90576,0.14404,-6.8321,27.3817,-18.5267
585479068,0.23022,-1.15234,0.98560,-111.9695,-24.1679,66.4580,0.31934,-0.90271,0.14490,-6.7405,26.7099,-18.0840
585480067,0.23560,-1.11584,0.86414,-95.1145,-31.1832,60.2290,0.31848,-0.89954,0.14600,-6.6031,26.0382,-17.6336
585481068,-0.01245,-1.24768,0.32190,-91.1603,-34.6947,58.1679,0.31726,-0.89746,0.14722,-6.4275,25.4122,-17.1756
585482067,-0.32910,-1.92920,-0.05176,-85.3435,-29.0076,56.9160,0.31592,-0.89563,0.14661,-6.2214,24.8168,-16.7176
585483067,-0.52344,-2.00000,0.04773,-63.6336,-18.8244,49.2519,0.31470,-0.89380,0.14551,-6.0076,24.2443,-16.2824
585484068,-0.57971,-2.00000,-0.13818,-40.0840,-12.6947,33.4427,0.31396,-0.89258,0.14380,-5.7863,23.6718,-15.8244
585485068,-0.64380,-2.00000,-0.94946,-30.0687,-12.0611,15.3511,0.31421,-0.89160,0.14233,-5.5802,23.1298,-15.3359
585486067,-0.74304,-1.99951,-1.35498,-29.1450,-8.0382,4.1603,0.31482,-0.89099,0.14233,-5.3740,22.6565,-14.8168
585487068,-0.64966,-1.75635,-0.98853,-30.7557,-2.9924,2.3282,0.31482,-0.89075,0.14233,-5.1679,22.2061,-14.2748
585488067,-0.62585,-2.00000,-0.92688,-33.6947,-5.9924,2.0153,0.31458,-0.89026,0.14246,-4.9924,21.7481,-13.7023
585489067,-0.90869,-2.00000,-1.43579,-29.8626,-11.2061,-5.5573,0.31494,-0.89001,0.14221,-4.8244,21.3206,-13.1756
585490067,-0.99524,-2.00000,-1.50305,-20.9466,-0.5191,-18.9771,0.31555,-0.89038,0.14148,-4.6641,20.9542,-12.6641
585491068,-0.72656,-1.98608,-1.05847,-23.0840,20.7023,-27.6718,0.31665,-0.89148,0.13965,-4.5496,20.6260,-12.0916
585492068,-0.62781,-1.30212,-1.03137,-31.2061,35.4656,-28.5573,0.31775,-0.89319,0.13635,-4.4885,20.3359,-11.4733
585493067,-0.74121,-0.76917,-1.26379,-23.8092,44.7786,-26.7863,0.31897,-0.89551,0.13306,-4.4427,20.0534,-10.8702
585494067,-0.73413,-0.72510,-1.23975,-7.6031,54.2824,-24.4962,0.32031,-0.89722,0.13062,-4.3893,19.7786,-10.2977
585495067,-0.59705,-0.97607,-0.91858,-6.8168,66.3969,-20.0458,0.32166,-0.89880,0.12769,-4.3664,19.5420,-9.7023
585496067,-0.46558,-1.10583,-0.39429,-21.7252,77.2443,-13.3053,0.32385,-0.90112,0.12439,-4.3588,19.3359,-9.0992
585497067,-0.28821,-1.24475,0.12354,-36.9389,83.0076,-4.6641,0.32581,-0.90369,0.12195,-4.3511,19.1069,-8.4809
585498067,-0.08850,-1.64966,0.50317,-45.4046,82.5802,2.6565,0.32690,-0.90625,0.11938,-4.3817,18.8702,-7.8931
585499068,0.05469,-1.93335,0.80383,-46.5191,80.3130,2.9008,0.32727,-0.90869,0.11670,-4.3893,18.6565,-7.3053
585500068,0.19348,-1.70435,1.11389,-46.6260,77.3817,-2.2672,0.32837,-0.91138,0.11365,-4.3817,18.4809,-6.7023
585501068,0.38953,-1.36353,1.37537,-46.7099,69.6870,-7.5344,0.33057,-0.91455,0.10986,-4.3664,18.2901,-6.1069
585502068,0.56860,-1.46484,1.57703,-31.9771,55.6489,-15.6565,0.33313,-0.91760,0.10608,-4.3435,18.1145,-5.5344
585503068,0.49951,-2.00000,1.55286,-2.4427,34.4046,-28.1679,0.33545,-0.92041,0.10181,-4.3053,17.9237,-5.0000
585504068,0.34204,-2.00000,1.24463,16.6260,15.6336,-43.9542,0.33643,-0.92334,0.09668,-4.2595,17.7099,-4.4885
585505068,0.37061,-2.00000,1.14282,18.7786,11.4962,-61.6947,0.33691,-0.92712,0.09180,-4.1985,17.5038,-4.0229
585506068,0.36548,-1.12622,1.21069,16.2977,13.0687,-75.7328,0.33740,-0.93127,0.08691,-4.0992,17.2977,-3.5954
585507068,0.28528,0.24084,0.99695,14.5878,12.2748,-76.4962,0.33826,-0.93481,0.08057,-3.9771,17.0763,-3.2137
585508068,0.16260,0.54614,0.43445,11.5954,6.6870,-63.2748,0.33923,-0.93823,0.07373,-3.8092,16.8244,-2.8550
585509068,-0.08777,0.02954,-0.08923,3.3282,3.3664,-46.0611,0.33936,-0.94165,0.06763,-3.6107,16.5267,-2.5267
585510068,-0.21045,-0.42517,-0.20813,-14.4733,8.6260,-32.2366,0.33911,-0.94568,0.06213,-3.4504,16.2137,-2.2366
585511068,-0.21802,-0.32129,-0.16296,-34.7786,16.0229,-22.7939,0.33826,-0.94983,0.05591,-3.3588,15.8550,-1.9618
585512068,-0.29382,0.16711,-0.08411,-44.0992,21.0000,-14.9771,0.33594,-0.95337,0.04810,-3.3359,15.4504,-1.7023
585513067,-0.29272,0.49658,0.14905,-38.7405,26.3817,-6.7939,0.33313,-0.95715,0.03943,-3.3130,15.0458,-1.4809
585514067,-0.20862,0.17566,0.40259,-33.5344,34.0458,2.8015,0.33118,-0.96057,0.03015,-3.2901,14.6183,-1.2824
585515067,-0.18933,-0.71130,0.56702,-38.2595,43.5954,10.1298,0.32996,-0.96472,0.02185,-3.2901,14.0992,-1.1221
585516067,-0.15381,-1.39502,0.79565,-39.1985,52.8931,7.7023,0.32849,-0.96973,0.01489,-3.3435,13.4885,-0.9924
585517067,0.01343,-1.55103,0.95801,-24.7023,55.1298,-4.1603,0.32593,-0.97363,0.00720,-3.4580,12.8473,-0.8473
585518067,0.13733,-1.42310,1.00598,-7.7405,47.7328,-16.8702,0.32312,-0.97693,-0.00134,-3.6107,12.1908,-0.7099
585519067,0.15430,-1.23438,1.07520,-2.8092,34.8702,-24.0458,0.32129,-0.98022,-0.00977,-3.7786,11.5038,-0.6107
585520068,0.22229,-1.08032,1.11084,-8.7786,22.4198,-26.1374,0.31970,-0.98328,-0.01807,-3.9924,10.8092,-0.5496
585521068,0.20093,-1.01025,1.10059,-14.6031,9.4504,-26.8473,0.31812,-0.98633,-0.02759,-4.2824,10.0916,-0.4809
585522067,0.04895,-1.09583,1.03723,-8.0076,-2.8931,-29.4351,0.31689,-0.98889,-0.03821,-4.6336,9.3359,-0.4122
585523067,-0.03479,-1.20593,0.95142,7.7099,-8.8855,-33.9237,0.31592,-0.99084,-0.04883,-5.0611,8.5496,-0.3359
585524068,-0.16748,-1.07690,0.77246,13.9618,-9.3664,-36.5420,0.31470,-0.99280,-0.05859,-5.5802,7.7405,-0.2290
585525068,-0.32739,-0.72925,0.55603,7.1069,-2.7863,-35.1145,0.31311,-0.99463,-0.06738,-6.1527,6.9160,-0.0916
585526068,-0.35632,-0.45142,0.43079,1.6412,7.2519,-31.5038,0.31165,-0.99536,-0.07739,-6.7939,6.0763,0.0305
585527067,-0.37659,-0.40881,0.33118,4.0611,13.8779,-28.2519,0.31006,-0.99585,-0.08801,-7.4809,5.2977,0.1374
585528068,-0.44775,-0.52673,0.23413,6.9695,17.2595,-25.6107,0.30884,-0.99695,-0.09924,-8.2290,4.5802,0.2366
585529068,-0.43542,-0.62598,0.35889,0.2672,22.0916,-22.0611,0.30811,-0.99792,-0.11182,-9.0153,3.8397,0.3282
585530067,-0.16772,-0.55054,1.07043,-15.4809,32.8855,-17.7023,0.30701,-1.00037,-0.12427,-9.8321,3.0916,0.4122
585531067,0.21191,-0.39490,1.81689,-24.9160,38.3053,-14.0992,0.30481,-1.00452,-0.13770,-10.6947,2.3511,0.4580
585532067,0.28992,-0.36084,1.74634,-18.2061,28.1985,-13.1221,0.30273,-1.00891,-0.15320,-11.5725,1.6489,0.5115
585533068,0.16296,-0.55676,1.23840,-5.1908,9.4656,-13.5344,0.30005,-1.01392,-0.16956,-12.4733,0.9237,0.5573
585534067,0.14880,-0.94666,1.09998,1.7710,-7.6183,-14.5267,0.29639,-1.01880,-0.18689,-13.3969,0.1908,0.6031
585535067,0.11584,-1.23547,1.23816,3.2748,-23.5267,-17.8702,0.29272,-1.02344,-0.20447,-14.3053,-0.5420,0.6336
585536067,-0.04980,-1.04590,1.06750,11.1069,-39.3435,-25.3664,0.28870,-1.02930,-0.22290,-15.2061,-1.2824,0.6565
585537068,-0.36267,-0.61230,0.59583,29.3206,-51.7405,-32.4580,0.28540,-1.03687,-0.24280,-16.1145,-2.0382,0.6489
585538068,-0.71777,-0.66565,0.15515,42.0763,-53.3740,-32.2366,0.28198,-1.04553,-0.26379,-17.0000,-2.7710,0.6260
585539067,-0.89294,-1.18506,-0.09167,31.9771,-38.6489,-25.5038,0.27783,-1.05481,-0.28601,-17.8550,-3.5115,0.6489
585540067,-1.01184,-1.48621,-0.34131,8.5344,-16.8931,-19.6489,0.27429,-1.06494,-0.30701,-18.6794,-4.2977,0.6947
585541068,-1.12573,-1.29712,-0.58240,-6.1832,4.3817,-18.4504,0.27026,-1.07654,-0.32788,-19.4580,-5.0992,0.7328
585542067,-1.01697,-1.02856,-0.49707,-11.1985,22.6336,-17.0534,0.26672,-1.08911,-0.35144,-20.1756,-5.8931,0.7634
585543068,-0.75977,-1.01147,-0.21692,-20.3893,35.0916,-11.8092,0.26331,-1.10181,-0.37720,-20.8244,-6.6947,0.8092
585544068,-0.58044,-1.10400,-0.03650,-37.3435,39.2290,-4.9542,0.25977,-1.11414,-0.40332,-21.4122,-7.5038,0.8855
585545067,-0.41443,-1.15808,0.18628,-51.4733,37.5573,-1.1298,0.25708,-1.12671,-0.43042,-21.9542,-8.2977,0.9771
585546068,-0.16968,-1.14465,0.70239,-52.3511,33.2977,-2.6412,0.25488,-1.13977,-0.45850,-22.4504,-9.0611,1.0992
585547068,0.00488,-1.10815,1.15527,-44.5038,25.5267,-6.4427,0.25378,-1.15234,-0.48669,-22.9084,-9.7786,1.2595
585548068,0.04834,-1.04211,1.24292,-40.6412,17.4656,-8.7481,0.25317,-1.16479,-0.51440,-23.3588,-10.4580,1.4580
585549068,0.03772,-0.88403,1.20203,-41.8931,12.7099,-9.6641,0.25232,-1.17712,-0.54236,-23.7939,-11.1069,1.6412
585550068,0.04199,-0.72778,1.22620,-38.5954,10.4046,-11.4656,0.25134,-1.18933,-0.57129,-24.1908,-11.7176,1.8244
585551068,0.08484,-0.69897,1.24463,-25.0229,7.3511,-15.7099,0.25098,-1.20190,-0.60181,-24.5420,-12.2443,2.0000
585552068,0.02222,-0.81213,1.11743,-8.7252,0.3817,-20.3282,0.25122,-1.21362,-0.63342,-24.8321,-12.6718,2.1908
585553068,-0.11145,-0.93811,0.91687,-5.6641,-6.3206,-21.7405,0.25122,-1.22437,-0.66309,-25.0382,-13.0458,2.3740
585554068,-0.13660,-0.94690,0.80786,-16.8321,-8.9466,-19.8702,0.25049,-1.23389,-0.69104,-25.1679,-13.3511,2.5649
585555068,-0.16870,-0.83142,0.70728,-27.0916,-11.4733,-18.2290,0.24890,-1.24341,-0.71875,-25.2595,-13.4962,2.7176
585556067,-0.20715,-0.67261,0.59888,-26.8702,-14.7557,-17.8550,0.24731,-1.25330,-0.74744,-25.3359,-13.4885,2.8473
585557068,-0.23267,-0.56177,0.45117,-24.2748,-19.4962,-16.0840,0.24597,-1.26221,-0.77673,-25.4122,-13.3664,2.9237
585558068,-0.32117,-0.55615,0.20300,-31.0992,-22.2595,-11.1832,0.24475,-1.27087,-0.80542,-25.4885,-13.1145,2.9542
585559068,-0.36523,-0.62354,0.11902,-44.0458,-18.6336,-6.1679,0.24304,-1.27966,-0.83411,-25.5954,-12.7176,2.9389
585560068,-0.32385,-0.64307,0.26318,-48.6412,-12.4580,-5.0992,0.24133,-1.28857,-0.86230,-25.7481,-12.1908,2.8550
585561068,-0.30237,-0.63831,0.31213,-41.9084,-9.1145,-7.1374,0.23950,-1.29761,-0.88916,-25.9389,-11.5344,2.7405
585562068,-0.34167,-0.66553,0.18335,-32.8397,-6.9084,-9.8626,0.23755,-1.30664,-0.91675,-26.1679,-10.7557,2.5878
585563067,-0.37012,-0.69214,0.10693,-27.1145,-2.6565,-12.5649,0.23560,-1.31592,-0.94580,-26.4046,-9.8244,2.4046
585564068,-0.31897,-0.73523,0.21997,-23.4275,2.7710,-15.2061,0.23291,-1.32532,-0.97461,-26.6870,-8.7939,2.1756
585565067,-0.23706,-0.80273,0.39197,-18.8397,4.2519,-17.7023,0.22546,-1.34277,-1.03540,-27.3664,-6.4122,1.5115
585566067,-0.21802,-0.87402,0.43896,-13.7252,0.5725,-19.5573,0.22278,-1.35278,-1.06665,-27.7481,-5.0534,1.0763
585567068,-0.20972,-0.88953,0.42297,-13.0305,-3.5802,-20.3435,0.21960,-1.36218,-1.09766,-28.1603,-3.5954,0.5878
585568068,-0.18921,-0.75452,0.47388,-19.2748,-6.3893,-19.7939,0.21606,-1.37085,-1.12891,-28.5878,-2.0305,0.0611
585569068,-0.18323,-0.81140,0.73865,-26.2672,-8.8015,-16.3206,0.21387,-1.37964,-1.16150,-28.9847,-0.3588,-0.5496
585570067,-0.15979,-2.00000,1.99994,-26.6260,-2.1985,-9.1832,0.21167,-1.38794,-1.19470,-29.3435,1.3817,-1.2366
585571067,0.33398,-2.00000,1.99994,-23.8779,21.6260,-9.1374,0.20850,-1.39600,-1.22742,-29.7252,3.1832,-1.9771
585572068,0.54492,-2.00000,1.99994,-35.2977,-5.1145,-55.6718,0.20557,-1.40369,-1.25964,-30.1298,5.0687,-2.7405
585573068,-0.44409,-0.03552,1.05347,-18.5496,-59.9847,-69.2137,0.20178,-1.41101,-1.29163,-30.5191,7.0458,-3.5267
585574068,0.93591,-1.23535,1.99994,6.4046,-83.7710,-67.3435,0.19739,-1.41797,-1.32349,-30.8702,9.1069,-4.4122
585575067,1.99994,-2.00000,1.99994,-0.0916,-130.3664,-70.7710,0.19348,-1.42542,-1.35486,-31.1679,11.2443,-5.3588
585576068,1.03027,-1.28040,1.99994,-15.7634,-222.9542,-83.9771,0.18921,-1.43274,-1.38611,-31.4656,13.4351,-6.3130
585577067,-0.93811,0.58875,-0.61646,3.0229,-250.1374,-92.8321,0.18372,-1.43884,-1.41870,-31.7863,15.6947,-7.3053
585578068,-1.22412,0.31445,-1.18677,37.6260,-250.1374,-85.1679,0.17737,-1.44336,-1.45190,-32.1298,18.0305,-8.3435
585579067,-0.97058,-0.93372,0.32886,35.4198,-232.8244,-68.7939,0.17224,-1.44592,-1.48413,-32.4962,20.4733,-9.4351
585580067,-1.33472,-1.33484,-0.39441,1.6260,-204.6794,-53.4351,0.16870,-1.44739,-1.51465,-32.8702,23.0000,-10.5496
585581067,-2.00000,-0.56836,-2.00000,-18.7099,-187.7405,-50.6641,0.16443,-1.44836,-1.54395,-33.2748,25.5802,-11.6565
585582068,-2.00000,0.60986,-2.00000,-7.6489,-143.3817,-55.2290,0.15942,-1.44800,-1.57410,-33.7481,28.2214,-12.7481
585583068,-2.00000,0.99670,-2.00000,-0.3130,-93.8855,-49.8855,0.15491,-1.44714,-1.60583,-34.2977,30.9313,-13.8397
585584068,-1.98633,0.12219,-2.00000,-35.0763,-62.7099,-27.3969,0.15100,-1.44556,-1.63623,-34.9313,33.7176,-14.9542
585585068,-1.43420,-1.70081,-1.28528,-76.4198,-41.8397,-7.4885,0.14783,-1.44299,-1.66504,-35.6183,36.6260,-16.0534
585586067,-1.29578,-2.00000,-1.02881,-80.8779,-42.2061,-11.8168,0.14575,-1.44092,-1.69189,-36.3206,39.6412,-17.1298
585587068,-1.20801,-1.41174,-1.74622,-67.0611,-51.1985,-28.2061,0.14246,-1.43884,-1.71741,-37.0840,42.7328,-18.1985
585588067,-1.04028,0.15857,-2.00000,-69.3893,-63.4656,-35.5038,0.13806,-1.43579,-1.74292,-37.9313,45.8702,-19.2672
585589067,-1.07532,0.55151,-2.00000,-77.6183,-80.7786,-27.0992,0.13428,-1.43250,-1.76782,-38.8779,49.0763,-20.3053
585590067,-0.64685,-0.52881,-0.84070,-71.7252,-89.0000,-19.3740,0.13184,-1.42969,-1.79272,-39.8931,52.3664,-21.3206
585591068,-0.47644,-1.48010,-0.25012,-47.1985,-100.4351,-28.5267,0.12964,-1.42676,-1.81641,-40.9389,55.7710,-22.2977
585592068,-1.03455,-1.37280,-1.09216,-13.7710,-107.3282,-50.9466,0.12695,-1.42310,-1.83875,-42.0611,59.2977,-23.2672
585593067,-1.40796,-0.28162,-1.86230,12.8168,-90.3206,-70.1603,0.12280,-1.41931,-1.86121,-43.2672,62.9466,-24.2214
585594067,-1.45898,0.75623,-2.00000,16.6947,-66.8550,-70.8473,0.11914,-1.41699,-1.88330,-44.5496,66.6794,-25.1374
585595067,-1.64929,0.82471,-2.00000,5.7634,-53.3359,-56.5115,0.11633,-1.41528,-1.90479,-45.9160,70.5191,-26.0153
585596068,-1.80151,0.06677,-2.00000,4.7023,-42.5573,-44.7328,0.11365,-1.41418,-1.92627,-47.3282,74.4351,-26.8626
585597068,-1.57483,-0.58203,-2.00000,14.6031,-27.4580,-43.9389,0.11084,-1.41443,-1.94641,-48.7557,78.5191,-27.6565
585598068,-1.16711,-0.26758,-1.81995,3.2214,-10.9084,-42.9389,0.10754,-1.41418,-1.96460,-50.1908,82.7710,-28.4351
585599068,-0.90967,0.81958,-1.39771,-36.8015,-1.1756,-29.8626,0.10388,-1.41406,-1.98169,-51.6489,86.9389,-29.1679
585600068,-0.75745,1.61633,-1.43665,-68.0611,2.9008,-9.9313,0.10010,-1.41418,-1.99866,-53.1679,91.1527,-29.8321
585601068,-0.67651,1.26172,-1.40735,-67.9695,3.0076,5.4885,0.09741,-1.41394,-2.00000,-54.6947,95.5496,-30.4504
585602068,-0.69934,0.16650,-1.35193,-53.9924,-1.4733,10.7099,0.09497,-1.41370,-2.00000,-56.1985,100.1374,-31.0458
585603068,-0.77942,-0.51245,-1.41394,-43.9466,-2.8550,6.2977,0.09241,-1.41418,-2.00000,-57.6565,104.8702,-31.6260
585604068,-1.17493,-0.24219,-1.49304,-39.9084,-0.4656,-1.5038,0.09143,-1.41455,-2.00000,-59.0840,109.7099,-32.1679
585605067,-1.58728,0.62830,-1.43542,-31.8931,6.9542,-6.6565,0.09265,-1.41455,-2.00000,-60.4885,114.6947,-32.6947
585606068,-1.32983,0.25513,-0.65515,-12.0992,22.8855,0.8931,0.09302,-1.41516,-2.00000,-61.8626,119.8855,-33.2061
585607068,-0.71497,-1.88159,0.61890,5.7863,35.6718,12.6947,0.09216,-1.41553,-2.00000,-63.1908,125.2901,-33.6870
585608068,-0.73279,-2.00000,0.30908,11.1374,24.4504,8.9237,0.09155,-1.41602,-2.00000,-64.4809,130.8779,-34.1221
585609067,-1.50696,-1.97119,-2.00000,21.0305,-8.2824,-10.1298,0.09082,-1.41821,-2.00000,-65.7481,136.6183,-34.5420
585610067,-2.00000,-0.81592,-2.00000,48.6870,-40.3206,-25.2824,0.09106,-1.42053,-2.00000,-66.9542,142.5725,-34.9618
585611068,-2.00000,-1.31177,-2.00000,61.4427,-51.5954,-27.1450,0.09216,-1.42139,-2.00000,-68.0687,148.7481,-35.3740
585612068,-2.00000,-2.00000,-2.00000,46.0840,-45.2748,-27.4427,0.09326,-1.42261,-2.00000,-69.1145,155.1221,-35.7634
585613068,-2.00000,-2.00000,-2.00000,29.7481,-28.9389,-41.8550,0.09399,-1.42517,-2.00000,-70.1145,161.6870,-36.1679
585614067,-2.00000,-2.00000,-2.00000,33.4504,4.6947,-66.0382,0.09460,-1.42859,-2.00000,-71.0382,168.4809,-36.5954
585615068,-2.00000,-1.10974,-2.00000,40.3511,60.6031,-82.6947,0.09521,-1.43250,-2.00000,-71.8855,175.4962,-37.0229
585616068,-2.00000,-0.12012,-2.00000,30.9237,109.0611,-80.6489,0.09460,-1.43628,-2.00000,-72.6641,182.7176,-37.4809
585617068,-2.00000,-0.05615,-2.00000,13.3206,131.1832,-65.2519,0.09265,-1.44019,-2.00000,-73.3893,190.1298,-37.9618
585618067,-2.00000,-1.22009,-2.00000,12.3130,139.0382,-48.9084,0.09021,-1.44434,-2.00000,-74.0458,197.7328,-38.5038
585619068,-2.00000,-2.00000,-2.00000,23.3969,133.9084,-38.6641,0.08691,-1.44971,-2.00000,-74.6183,205.5038,-39.0916
585620068,-2.00000,-2.00000,-2.00000,23.3435,124.1679,-36.9160,0.08215,-1.45618,-2.00000,-75.1221,213.4351,-39.7252
585621068,-1.85181,-1.82971,-0.98059,2.0992,123.6794,-37.4046,0.07739,-1.46265,-2.00000,-75.5496,221.4733,-40.3893
585622068,-1.44055,0.46387,-1.37244,-28.0992,117.4351,-30.3969,0.07239,-1.46899,-1.99097,-75.8931,229.6183,-41.1069
585623068,-2.00000,1.20081,-2.00000,-28.7557,90.4427,-19.2214,0.06641,-1.47583,-1.97046,-76.1908,237.8397,-41.9160
585624068,-2.00000,-0.29602,-2.00000,15.3282,63.8473,-22.5420,0.05896,-1.48315,-1.94958,-76.4198,246.0840,-42.8397
585625068,-2.00000,-2.00000,-2.00000,56.1450,39.8092,-42.9771,0.04968,-1.49084,-1.92908,-76.5573,250.1298,-43.8397
585626067,-2.00000,-2.00000,-2.00000,73.1069,64.4198,-80.8397,0.04041,-1.49829,-1.90784,-76.6641,250.1298,-44.9084
585627068,-2.00000,-2.00000,-2.00000,98.8473,133.4809,-125.8550,0.03101,-1.50500,-1.88403,-76.7252,250.1298,-46.0840
585628068,-2.00000,-0.96094,-2.00000,137.0840,168.1908,-157.3740,0.01990,-1.51086,-1.85669,-76.7099,250.1298,-47.3588
585629064,-2.00000,0.44727,-2.00000,182.9695,161.5649,-169.9847,0.00806,-1.51538,-1.82788,-76.6412,250.1298,-48.7099
585630064,-2.00000,0.37231,-2.00000,229.8015,188.2290,-173.5038,-0.00415,-1.51892,-1.79834,-76.5649,250.1298,-50.1450
585631065,-2.00000,-1.10547,-2.00000,234.4198,250.1298,-166.2595,-0.01648,-1.52161,-1.76709,-76.5191,250.1298,-51.6412
585632065,-2.00000,-2.00000,-2.00000,185.6870,250.1298,-156.3359,-0.02881,-1.52417,-1.73376,-76.4885,250.1298,-53.2137
585633069,-2.00000,-1.35144,-2.00000,134.8015,250.1298,-152.7328,-0.04089,-1.52661,-1.69983,-76.4885,250.1298,-54.8626
585634068,-2.00000,1.01135,-2.00000,95.6870,250.1298,-139.8168,-0.05164,-1.52905,-1.66565,-76.5191,250.1298,-56.5725
585635068,-1.87219,1.99994,-1.66821,58.8473,250.1298,-108.4580,-0.06189,-1.53284,-1.63062,-76.5649,250.1298,-58.3206
585636068,-1.41345,1.75293,-1.02222,35.0992,250.1298,-75.2595,-0.07275,-1.53638,-1.59351,-76.6412,250.1298,-60.0992
585637068,-1.29187,-0.36035,-0.77258,25.7710,250.1298,-58.2366,-0.08374,-1.53882,-1.55383,-76.7481,250.1298,-61.9160
585638068,-0.86841,-0.46338,-0.64868,22.9466,250.1298,-68.1221,-0.09497,-1.54114,-1.51294,-76.8931,250.1298,-63.7786
585639067,-1.18396,1.99994,-0.99280,14.5191,250.1298,-86.1603,-0.10791,-1.54346,-1.47144,-77.0687,250.1298,-65.6565
585640067,-1.84534,1.99994,-1.34009,-2.6565,250.1298,-75.9008,-0.12183,-1.54443,-1.42688,-77.2672,250.1298,-67.5344
585641067,-0.94275,1.99994,0.64172,-2.3893,250.1298,-35.7023,-0.13574,-1.54395,-1.38013,-77.4733,250.1298,-69.4198
585642067,0.30872,1.99994,1.99994,30.1374,250.1298,6.7863,-0.15027,-1.54407,-1.33435,-77.7099,250.1298,-71.3282
585643067,-0.79297,1.29907,1.56702,78.3588,245.8626,29.1374,-0.16492,-1.54419,-1.28711,-77.9618,250.1298,-73.2824
585644068,-2.00000,0.00562,-2.00000,144.0229,186.6412,27.5954,-0.17920,-1.54370,-1.23779,-78.1985,250.1298,-75.2748
585645067,-2.00000,-0.19629,-2.00000,205.2977,180.8092,11.7710,-0.19299,-1.54333,-1.18738,-78.4504,250.1298,-77.2443
585646068,-2.00000,0.21338,-2.00000,224.4198,224.7710,2.1603,-0.20801,-1.54272,-1.13501,-78.7099,250.1298,-79.1908
585647068,-2.00000,0.58630,-2.00000,198.7176,250.1298,4.4962,-0.22339,-1.54163,-1.08142,-78.9847,250.1298,-81.1221
585648067,-2.00000,0.07532,-2.00000,160.7481,250.1298,11.5573,-0.23816,-1.54004,-1.02710,-79.3359,250.1298,-83.0534
585649068,-2.00000,-1.71045,-2.00000,132.9008,250.1298,15.5725,-0.25415,-1.53784,-0.97095,-79.7786,250.1298,-84.9618
585650068,-2.00000,-2.00000,-2.00000,114.0992,250.1298,9.6412,-0.27051,-1.53430,-0.91248,-80.3130,250.1298,-86.7710
585651067,-2.00000,-2.00000,-1.17041,86.3588,250.1298,-6.6336,-0.28589,-1.53003,-0.85291,-80.9313,250.1298,-88.5420
585652067,-2.00000,-2.00000,-0.37097,35.1374,250.1298,-16.9542,-0.30066,-1.52502,-0.79395,-81.6412,250.1298,-90.2595
585653068,-2.00000,-1.74841,-1.00513,-14.6641,250.1298,-11.4580,-0.31580,-1.51758,-0.73389,-82.4580,250.1298,-92.0153
585654068,-1.95447,-0.14270,-1.45203,-30.0000,250.1298,-0.2824,-0.33020,-1.50842,-0.67175,-83.3969,250.1298,-93.7481
585655067,-0.50183,0.73450,1.06445,0.8168,250.1298,2.5573,-0.34387,-1.49817,-0.60889,-84.4809,250.1298,-95.3359
585656067,1.11768,0.78711,1.99994,66.1069,250.1298,-4.6260,-0.35742,-1.48730,-0.54492,-85.6870,250.1298,-96.8244
585657067,0.91064,0.27087,1.99994,132.4198,250.1298,-15.3740,-0.37036,-1.47681,-0.48145,-86.9924,250.1298,-98.2977
585658067,-1.60706,-0.09106,-0.16699,178.8779,238.9542,-27.8015,-0.38391,-1.46655,-0.41748,-88.3511,250.1298,-99.7099
585659068,-2.00000,-0.63135,-2.00000,223.5573,197.0687,-42.2443,-0.39758,-1.45483,-0.35388,-89.8244,250.1298,-100.9924
585660068,-2.00000,-2.00000,-2.00000,250.1298,203.7634,-54.6794,-0.41052,-1.44299,-0.29272,-91.4122,250.1298,-102.2061
585661068,-2.00000,-2.00000,-2.00000,250.1298,250.1298,-82.3053,-0.42236,-1.43335,-0.23120,-93.0992,250.1298,-103.3053
585662068,-2.00000,-2.00000,-2.00000,250.1298,250.1298,-125.5344,-0.43250,-1.42505,-0.16858,-94.8473,250.1298,-104.3435
585663068,-2.00000,-1.11377,-2.00000,250.1298,250.1298,-152.8321,-0.44128,-1.41638,-0.10681,-96.5725,250.1298,-105.3053
585664068,-2.00000,0.10913,-2.00000,250.1298,250.1298,-140.1145,-0.44910,-1.40686,-0.04602,-98.2519,250.1298,-106.1832
585665068,-2.00000,-1.24866,-2.00000,231.2214,250.1298,-122.6183,-0.45630,-1.39771,0.01697,-99.8550,250.1298,-107.0076
585666067,-2.00000,-2.00000,-2.00000,219.6870,250.1298,-125.9313,-0.47131,-1.37939,0.14478,-102.9313,250.1298,-108.4885
585667068,-2.00000,-2.00000,-2.00000,183.6565,250.1298,-137.3282,-0.47852,-1.37024,0.20789,-104.3969,250.1298,-109.1145
585668068,-2.00000,-0.26794,-1.86304,108.3053,250.1298,-138.5725,-0.48425,-1.36169,0.27148,-105.7863,250.1298,-109.6947
585669068,-2.00000,1.64575,-0.70715,60.8321,250.1298,-115.9389,-0.48926,-1.35315,0.33459,-107.0992,250.1298,-110.2137
585670068,-2.00000,1.42407,1.07141,78.4427,250.1298,-90.8779,-0.49414,-1.34399,0.39844,-108.3359,250.1298,-110.6870
585671068,-1.72046,0.21289,1.99994,116.3206,250.1298,-81.5420,-0.49841,-1.33447,0.46240,-109.4122,250.1298,-111.0916
585672068,-0.94800,-0.83228,1.99994,136.0382,250.1298,-79.2443,-0.50244,-1.32520,0.52551,-110.3359,250.1298,-111.4504
585673068,-0.36816,-1.43933,1.99994,132.3664,250.1298,-76.1450,-0.50610,-1.31616,0.58813,-111.1527,250.1298,-111.7252
585674068,-0.00903,-0.91260,1.99994,134.7939,250.1298,-82.9084,-0.51025,-1.30762,0.65039,-111.8473,250.1298,-111.9542
585675068,0.25134,0.73315,1.99994,175.5649,250.1298,-97.3053,-0.51477,-1.29907,0.71411,-112.4351,250.1298,-112.1527
585676067,0.82288,1.98657,1.99994,217.3435,250.1298,-101.0458,-0.51794,-1.28992,0.77747,-112.8855,250.1298,-112.3130
585677065,0.90857,1.73438,1.99994,214.4122,250.1298,-88.8168,-0.51990,-1.28125,0.83826,-113.2061,250.1298,-112.4580
585678069,0.45007,0.20166,1.99994,200.2901,250.1298,-78.1832,-0.52234,-1.27283,0.89734,-113.3893,250.1298,-112.5802
585679068,-0.23694,-1.48108,1.99994,201.0382,250.1298,-81.5878,-0.52515,-1.26404,0.95532,-113.4198,250.1298,-112.6947
585680067,-0.25732,-2.00000,1.99994,215.0611,250.1298,-95.6565,-0.52795,-1.25537,1.01111,-113.2748,250.1298,-112.7863
585681065,-1.07129,-2.00000,1.98083,243.5878,250.1298,-115.3511,-0.53003,-1.24683,1.06409,-112.9466,250.1298,-112.8702
585682065,-2.00000,-1.95898,0.49866,250.1298,250.1298,-128.2748,-0.53027,-1.23755,1.11597,-112.4122,250.1298,-112.9008
585683069,-2.00000,-1.41956,-1.27979,232.4656,250.1298,-123.6031,-0.52954,-1.22864,1.16699,-111.6641,250.1298,-112.9084
585684068,-2.00000,-0.60193,0.06177,149.6260,250.1298,-108.4198,-0.52856,-1.22156,1.21570,-110.6641,250.1298,-112.8931
585685068,-2.00000,0.08252,1.99994,101.8092,250.1298,-96.3053,-0.52722,-1.21606,1.26233,-109.4046,250.1298,-112.8702
585686067,-2.00000,-1.33130,1.99994,90.8702,250.1298,-76.5954,-0.52612,-1.21069,1.30627,-107.8702,250.1298,-112.8244
585687068,-1.48389,-2.00000,1.28955,62.2595,250.1298,-56.5954,-0.52429,-1.20508,1.34705,-106.0534,250.1298,-112.7405
585688068,-1.56445,-2.00000,0.82251,41.2443,250.1298,-70.3359,-0.52124,-1.19897,1.38525,-103.9695,250.1298,-112.6260
585689067,-0.80432,0.74463,1.99994,36.1374,250.1298,-93.3053,-0.51782,-1.19202,1.42029,-101.6489,250.1298,-112.4504
585690067,0.45032,1.99994,1.99994,14.7328,250.1298,-83.1069,-0.51331,-1.18494,1.45264,-99.0992,250.1298,-112.2595
585691067,0.49951,1.99994,1.99994,27.2824,250.1298,-58.3435,-0.50732,-1.17798,1.48291,-96.3130,250.1298,-112.0229
585692065,0.62903,0.35156,1.99994,119.0458,250.1298,-65.7634,-0.50098,-1.16931,1.51172,-93.3206,250.1298,-111.7023
585693069,1.25085,-0.97192,1.99994,197.9008,250.1298,-88.9466,-0.49524,-1.15735,1.53906,-90.1374,250.1298,-111.3359
585694068,-0.16150,-2.00000,1.99994,189.2137,250.1298,-93.1145,-0.48975,-1.14380,1.56409,-86.8244,250.1298,-110.9542
585695067,-2.00000,-2.00000,0.65710,180.6947,250.1298,-93.9313,-0.48315,-1.12830,1.58691,-83.4198,250.1298,-110.5420
585696067,-2.00000,-2.00000,-1.26709,242.0534,250.1298,-119.6718,-0.47632,-1.10938,1.60938,-79.9389,250.1298,-110.0763
585697067,-1.90784,-2.00000,0.69067,250.1298,250.1298,-159.0382,-0.46948,-1.08765,1.63245,-76.4351,250.1298,-109.5802
585698068,-2.00000,1.48853,0.99500,250.1298,250.1298,-169.6183,-0.46191,-1.06384,1.65442,-73.0076,250.1298,-109.0687
585699068,-2.00000,1.99994,-2.00000,171.2137,250.1298,-140.1145,-0.45386,-1.03699,1.67493,-69.7099,250.1298,-108.5344
585700067,-2.00000,0.57544,-2.00000,122.0992,250.1298,-113.4656,-0.44543,-1.00732,1.69580,-66.5573,250.1298,-108.0000
585701067,-2.00000,-0.81702,0.05554,119.6107,250.1298,-116.5802,-0.43738,-0.97632,1.71729,-63.5954,250.1298,-107.4885
585702067,-2.00000,-1.13940,-1.40503,69.1374,250.1298,-105.8550,-0.42981,-0.94446,1.73755,-60.8397,250.1298,-106.9160
585703067,-2.00000,-0.89648,-0.91052,57.7405,250.1298,-91.1908,-0.42224,-0.91113,1.75623,-58.3511,250.1298,-106.3817
585704067,-2.00000,-0.52820,0.29004,70.4809,250.1298,-82.9924,-0.41492,-0.87610,1.77478,-56.1679,250.1298,-105.8550
585705067,-2.00000,-0.00281,0.93030,63.8168,250.1298,-75.4122,-0.40820,-0.84192,1.79395,-54.3130,250.1298,-105.1756
585706068,-1.77515,0.26086,1.99994,55.3740,250.1298,-70.5802,-0.40210,-0.80933,1.81226,-52.8321,250.1298,-104.3511
585707068,-0.68457,-0.34082,1.99994,58.4809,250.1298,-65.9695,-0.39624,-0.77698,1.82788,-51.7328,250.1298,-103.4809
585708068,0.01465,-2.00000,1.99994,41.6870,250.1298,-52.9084,-0.38977,-0.74536,1.84155,-50.9847,250.1298,-102.6260
585709068,0.30652,-2.00000,1.99994,34.3664,250.1298,-57.4198,-0.38232,-0.71533,1.85315,-50.5420,250.1298,-101.8092
585710067,0.76221,-1.42590,1.99994,60.7099,250.1298,-86.2672,-0.37512,-0.68750,1.86292,-50.4198,250.1298,-101.0076
585711067,1.09827,1.85083,1.99994,75.4122,250.1298,-104.2443,-0.36792,-0.66321,1.87170,-50.6031,250.1298,-100.0763
585712067,1.27209,1.99994,1.99994,77.9695,250.1298,-93.5649,-0.36133,-0.64319,1.87903,-51.0076,250.1298,-98.9924
585713067,1.46985,0.59595,1.99994,95.2824,250.1298,-76.1374,-0.35571,-0.62659,1.88306,-51.6031,250.1298,-97.8321
585714067,1.82007,-2.00000,1.99994,113.5267,243.2290,-69.8168,-0.35083,-0.61243,1.88281,-52.3588,250.1298,-96.5954
585715067,0.57593,-2.00000,1.99994,128.1832,189.0076,-84.2519,-0.34644,-0.60144,1.87964,-53.1756,247.5725,-95.2672
585716068,-1.87122,-2.00000,1.99994,162.7252,162.7634,-112.5725,-0.34082,-0.59351,1.87463,-53.9847,242.8702,-93.8473
585717068,-1.81177,-0.16821,1.56445,200.1221,216.0534,-132.0534,-0.33435,-0.58838,1.86926,-54.7710,238.0992,-92.3359
585718068,-0.95142,0.98096,1.99994,185.2672,250.1298,-118.4656,-0.32849,-0.58618,1.86389,-55.5115,233.2443,-90.7328
585719068,-1.66772,0.29346,1.99994,101.3206,250.1298,-78.4733,-0.32300,-0.58691,1.85718,-56.1679,228.3206,-89.0534
585720067,-1.41724,-1.56763,1.99994,19.0000,250.1298,-44.3130,-0.31775,-0.58887,1.84973,-56.7099,223.3206,-87.2824
585721067,-0.14465,-2.00000,1.99994,1.7328,250.1298,-39.0534,-0.31250,-0.59058,1.84021,-57.1450,218.2595,-85.4504
585722067,0.39136,-2.00000,1.99994,4.6947,250.1298,-50.1069,-0.30688,-0.59229,1.82947,-57.4427,213.1756,-83.5573
585723065,0.70178,0.45166,1.99994,-24.7786,250.1298,-51.6183,-0.30127,-0.59277,1.82056,-57.5802,208.0840,-81.6336
585724069,1.51233,1.99994,1.99994,-48.2290,250.1298,-34.5954,-0.29468,-0.59167,1.81213,-57.6260,202.9847,-79.6870
585725068,1.99994,1.99994,1.99994,-30.3817,232.7863,-8.7786,-0.28662,-0.58923,1.80432,-57.6031,197.8626,-77.6870
585726068,1.90344,-0.79810,1.99994,11.7939,142.7252,-1.1221,-0.27795,-0.58472,1.79761,-57.5496,192.7481,-75.6336
585727068,1.10632,-2.00000,1.99994,75.2595,57.9237,-21.2519,-0.26941,-0.57751,1.79187,-57.4962,187.6870,-73.6031
585728068,0.25684,-2.00000,1.99994,140.1374,15.7710,-59.6489,-0.26074,-0.56799,1.78857,-57.4656,182.7252,-71.6107
585729068,-0.55847,-2.00000,1.45227,183.7405,19.2595,-104.7557,-0.25171,-0.55713,1.78687,-57.5115,177.8321,-69.6641
585730068,-0.91821,-1.48804,0.82874,214.4656,53.9695,-146.5649,-0.24243,-0.54297,1.78687,-57.7176,173.0382,-67.7099
585731067,-1.43152,1.99994,-0.21948,229.9389,83.3206,-162.3282,-0.23291,-0.52515,1.78894,-58.1069,168.3435,-65.7786
585732067,-2.00000,1.93713,-1.73254,204.7176,105.3511,-139.7405,-0.22253,-0.50513,1.79260,-58.6870,163.7481,-63.9237
585733068,-1.97278,-1.20874,-1.73584,147.4046,145.6565,-109.7023,-0.21216,-0.48413,1.79761,-59.5038,159.2443,-62.1298
585734068,-1.59912,-2.00000,-0.50964,80.8626,192.8550,-97.5802,-0.20251,-0.46399,1.80273,-60.6107,154.8473,-60.4122
585735068,-1.70056,-2.00000,-0.21228,14.1450,217.4504,-91.7023,-0.19360,-0.44397,1.80835,-61.9618,150.5725,-58.7710
585736068,-1.78711,-0.79578,-0.59961,-43.3511,232.8092,-70.4885,-0.18555,-0.42432,1.81433,-63.5725,146.4122,-57.2061
585737067,-1.14502,0.58813,0.09314,-73.8855,248.2366,-35.2214,-0.17651,-0.40649,1.81958,-65.4885,142.3282,-55.6870
585738068,-0.55737,0.79248,1.19751,-85.2061,242.7176,3.3664,-0.16736,-0.39160,1.82349,-67.6641,138.2977,-54.2137
585739068,-0.22974,-0.69043,1.46155,-98.2977,224.9924,32.9160,-0.15833,-0.38074,1.82642,-70.0153,134.3359,-52.8015
585740068,-0.25464,-2.00000,1.74036,-98.4427,207.8702,32.5725,-0.14954,-0.37354,1.82898,-72.4580,130.4504,-51.4656
585741068,-0.41736,-2.00000,1.99994,-61.8931,201.3359,1.3359,-0.14197,-0.36987,1.82983,-74.9695,126.6183,-50.1908
585742068,0.17212,-2.00000,1.99994,-19.9084,200.7939,-30.7328,-0.13501,-0.37000,1.82825,-77.4733,122.7786,-48.9618
585743068,0.56958,-1.66785,1.99994,-10.3053,190.9618,-48.5725,-0.12830,-0.37317,1.82520,-79.8626,118.9389,-47.7634
585744067,0.24316,-1.10486,1.99994,-5.0000,176.5496,-64.2595,-0.12122,-0.37842,1.82263,-82.1069,115.1069,-46.5649
585745068,0.14709,-0.55713,1.99994,14.5344,169.2137,-81.0763,-0.11389,-0.38538,1.81885,-84.1603,111.3740,-45.3817
585746068,0.27234,-0.62488,1.99994,21.0305,152.9847,-87.1908,-0.10620,-0.39380,1.81433,-85.9847,107.6870,-44.2137
585747067,0.26111,-1.15784,1.96753,12.2901,129.6489,-83.4656,-0.09839,-0.40381,1.81030,-87.5878,103.9542,-43.0611
585748068,0.44727,-1.61902,1.99994,9.6794,110.4275,-74.1374,-0.09082,-0.41479,1.80505,-88.9084,100.0916,-41.8779
585749068,0.55310,-1.75867,1.99994,7.4351,88.5038,-62.2901,-0.08362,-0.42566,1.80005,-89.9313,96.1603,-40.6565
585750067,0.15723,-1.18372,1.76636,4.4351,67.2748,-54.9771,-0.07617,-0.43542,1.79468,-90.6565,92.2443,-39.4427
585751068,-0.43018,0.08972,0.76355,14.2519,59.0458,-54.3588,-0.06787,-0.44495,1.78772,-91.1450,88.3588,-38.2290
585752067,-0.56445,1.23364,0.59973,26.0458,70.5954,-51.7023,-0.05969,-0.45422,1.78137,-91.4198,84.5191,-37.0000
585753067,-0.34302,1.33240,0.78589,13.3359,88.3435,-40.4885,-0.05237,-0.46228,1.77612,-91.4809,80.7176,-35.7252
585754067,-0.63892,0.48401,0.33765,-9.7405,97.0076,-29.7786,-0.04565,-0.46960,1.77124,-91.3206,76.9160,-34.4427
585755067,-1.00134,-0.36292,-0.31970,-7.0000,106.4504,-33.6565,-0.03821,-0.47705,1.76709,-91.0076,73.1298,-33.1450
585756067,-0.83411,-0.79651,-0.33130,5.8015,121.8397,-43.1527,-0.03003,-0.48425,1.76208,-90.5496,69.3969,-31.8473
585757068,-0.54700,-1.16882,0.07642,-11.5420,134.2061,-39.5191,-0.02124,-0.49011,1.75525,-89.9847,65.7557,-30.5344
585758068,-0.54016,-1.28564,0.51477,-46.7405,141.7252,-25.2366,-0.01099,-0.49390,1.74780,-89.3359,62.2290,-29.2061
585759067,-0.60938,-1.12756,0.77063,-69.7176,144.8244,-10.6031,-0.00073,-0.49756,1.74084,-88.5954,58.7939,-27.8931
585760068,-0.28918,-1.08533,1.30579,-79.8244,151.7405,0.2290,0.00928,-0.50208,1.73352,-87.7939,55.4351,-26.5649
585761068,0.30017,-1.10120,1.99994,-82.9008,159.1985,4.8168,0.02002,-0.50781,1.72449,-86.9084,52.1756,-25.2519
585762067,0.58997,-1.12573,1.99994,-84.0763,150.3817,5.4351,0.03186,-0.51489,1.71387,-85.9160,49.0076,-23.9847
585763067,0.36304,-1.58813,1.89783,-88.0840,129.8092,4.6260,0.04370,-0.52271,1.70300,-84.8092,45.9695,-22.7405
585764067,0.09045,-2.00000,1.77600,-84.2824,108.5038,-6.1145,0.05530,-0.53015,1.69165,-83.5954,43.0840,-21.5267
585765068,-0.06299,-2.00000,1.86047,-78.9771,94.4733,-24.7939,0.06799,-0.53845,1.67896,-82.2595,40.3435,-20.3282
585766068,-0.20264,-1.10474,1.54321,-81.2672,84.6718,-38.9160,0.09485,-0.55981,1.64783,-79.0916,35.3511,-17.9771
585767068,-0.13562,-0.30945,1.20569,-79.8702,83.1221,-42.6794,0.10828,-0.57239,1.63074,-77.1756,33.1679,-16.8855
585768068,-0.15564,-0.34692,1.48181,-80.3053,85.8855,-34.5878,0.12146,-0.58533,1.61572,-75.0076,31.1679,-15.8702
585769068,-0.48486,-0.75891,1.14441,-102.5954,84.8626,-18.5115,0.13416,-0.59827,1.59888,-72.5954,29.3511,-14.8855
585770067,-0.68835,-0.67212,0.42200,-138.6718,95.0992,-4.2595,0.14783,-0.61072,1.58069,-69.9389,27.7328,-13.9542
585771068,-0.40259,-0.00964,0.81006,-160.8015,115.5038,6.0534,0.16199,-0.62268,1.56433,-67.0305,26.3588,-13.0763
585772068,0.12109,0.85938,1.91772,-164.6031,128.3664,15.7557,0.17456,-0.63379,1.54858,-63.8779,25.2366,-12.2595
585773067,0.27710,1.15051,1.99994,-159.6260,120.1756,28.4962,0.18567,-0.64258,1.53235,-60.5420,24.3206,-11.5115
585774067,0.21838,0.38354,1.61548,-137.4656,105.1145,34.1985,0.19592,-0.65002,1.51538,-57.0840,23.5725,-10.8244
585775068,0.03406,-0.85535,1.77979,-93.2214,93.1527,24.0992,0.20654,-0.65576,1.49829,-53.5344,23.0305,-10.1985
585776068,-0.07141,-2.00000,1.99994,-57.3588,84.8168,5.3435,0.21716,-0.65808,1.48328,-49.9237,22.7099,-9.6260
585777068,0.03320,-2.00000,1.99994,-41.9924,82.4504,-17.8626,0.22656,-0.65845,1.46997,-46.3206,22.5725,-9.1069
585778068,-0.19653,-2.00000,1.99994,-28.2137,75.7481,-41.2595,0.23486,-0.65820,1.45593,-42.7863,22.5649,-8.6260
585779068,-0.16577,-1.71899,1.99994,-33.5496,80.2519,-50.7557,0.24243,-0.65686,1.44165,-39.2748,22.6489,-8.1985
585780068,0.27722,-1.59558,1.99994,-87.1756,90.3893,-39.2137,0.24976,-0.65479,1.42896,-35.8244,22.8168,-7.8168
585781067,0.38403,-1.48169,1.99994,-143.0458,87.9771,-23.8702,0.25781,-0.65161,1.41711,-32.5038,23.0458,-7.4885
585782067,0.25574,-0.95349,1.99994,-158.7557,80.7023,-18.7786,0.26453,-0.64771,1.40332,-29.3435,23.3130,-7.1756
585783068,0.54272,-0.31909,1.99994,-165.8931,71.2290,-11.6412,0.26917,-0.64307,1.38757,-26.3511,23.5725,-6.9008
585784067,0.81641,0.25330,1.99994,-192.4962,56.0687,3.6412,0.27234,-0.63757,1.37219,-23.4962,23.8550,-6.6718
585785068,0.66577,0.80811,1.99994,-215.7252,37.4198,18.9618,0.27368,-0.63245,1.35608,-20.7939,24.1145,-6.4656
585786067,0.70166,1.10486,1.99994,-202.6718,22.1374,23.1145,0.27515,-0.62805,1.34021,-18.2443,24.3130,-6.2824
585787068,0.76868,0.89526,1.99994,-147.3817,1.7405,14.4504,0.27722,-0.62390,1.32349,-15.8473,24.4809,-6.0916
585788068,0.61768,0.46216,1.99994,-86.0458,-15.6107,0.1069,0.27844,-0.62073,1.30493,-13.5878,24.5496,-5.9618
585789068,0.52588,0.55005,1.99994,-64.3588,-18.6489,-7.7023,0.27869,-0.61780,1.28735,-11.4656,24.5038,-5.8397
585790068,0.51929,0.67249,1.99994,-74.6107,-16.7634,-3.7405,0.27917,-0.61414,1.27026,-9.5038,24.3282,-5.6794
585791067,0.25830,0.21619,1.60229,-79.3969,-21.4809,3.0687,0.28003,-0.61047,1.25171,-7.7099,24.0382,-5.5038
585792068,-0.01001,-0.51270,1.15259,-65.2901,-31.6031,4.7863,0.28003,-0.60754,1.23254,-6.0534,23.6641,-5.3359
585793068,-0.05188,-1.08167,1.06189,-60.3130,-40.5115,5.8397,0.28088,-0.60559,1.21460,-4.5344,23.1603,-5.1527
585794068,-0.06128,-1.11914,1.29834,-90.9618,-38.9237,11.6794,0.28247,-0.60413,1.19690,-3.1603,22.5191,-4.9389
585795068,0.15210,-0.48315,1.73108,-135.7557,-28.9542,20.2519,0.28284,-0.60254,1.17908,-1.9084,21.7557,-4.7481
585796068,0.24634,0.55566,1.70813,-151.0916,-29.6565,24.3511,0.28333,-0.60144,1.16211,-0.8015,20.9084,-4.5496
585797068,0.01477,1.07288,1.20752,-121.9389,-43.0229,21.9160,0.28430,-0.60071,1.14502,0.1985,19.9542,-4.3359
585798068,-0.01965,0.54651,0.95728,-68.7023,-55.5573,13.6260,0.28577,-0.60083,1.12903,1.0840,18.9084,-4.0840
585799068,-0.05261,-0.42249,0.95142,-30.3511,-66.3359,4.0458,0.28760,-0.60168,1.11377,1.9084,17.7481,-3.8092
585800068,-0.21326,-0.91797,0.76599,-21.0916,-72.5267,-5.0305,0.28784,-0.60168,1.09790,2.6489,16.4962,-3.5038
585801068,-0.35828,-0.72485,0.42212,-10.4809,-74.1527,-15.2443,0.28796,-0.60107,1.08240,3.2824,15.1603,-3.1679
585802068,-0.58020,-0.49707,0.00977,21.5420,-76.2214,-24.8168,0.28955,-0.60144,1.06714,3.8092,13.7405,-2.8473
585803067,-0.67847,-0.42432,-0.30139,45.9924,-72.2595,-28.7939,0.29150,-0.60327,1.05127,4.2595,12.2290,-2.5191
585804067,-0.80029,-0.44067,-0.55737,29.1450,-62.5191,-21.0153,0.29285,-0.60510,1.03552,4.6260,10.6565,-2.1756
585805068,-0.93494,-0.55579,-0.80933,-17.9542,-45.7634,-6.7405,0.29321,-0.60583,1.02002,4.9008,9.0153,-1.7939
585806068,-0.73425,-0.41638,-0.51001,-57.0076,-21.4427,1.7481,0.29443,-0.60681,1.00415,5.0611,7.3130,-1.3740
585807068,-0.57861,-0.09436,-0.05627,-65.7557,-9.0916,3.0153,0.29688,-0.60889,0.98828,5.1069,5.5573,-0.9160
585808068,-0.64282,-0.15259,0.01331,-57.1679,-7.5115,3.7863,0.29919,-0.61182,0.97363,5.0763,3.7710,-0.4580
585809068,-0.55408,-0.78418,0.05408,-52.4885,-5.6870,6.7863,0.30054,-0.61536,0.95837,5.0153,1.9237,0.0458
585810068,-0.43262,-1.32104,0.14307,-51.2519,-5.8321,4.8550,0.30103,-0.61890,0.94165,4.9084,0.0305,0.5725
585811068,-0.36536,-1.16064,0.32617,-36.7405,-7.8168,-6.6870,0.30188,-0.62256,0.92322,4.7557,-1.9313,1.1221
585812068,-0.25598,-0.60352,0.47803,-6.6794,-14.0305,-21.2901,0.30286,-0.62671,0.90295,4.5344,-3.9237,1.6947
585813067,-0.26135,-0.23938,0.36475,17.7557,-22.2519,-29.2595,0.30432,-0.63086,0.88269,4.2595,-5.9389,2.2824
585814067,-0.36255,-0.25488,0.19324,18.4351,-24.2824,-28.5954,0.30676,-0.63416,0.86328,3.9313,-8.0000,2.8626
585815067,-0.38525,-0.36206,0.28357,1.2748,-14.6641,-25.6031,0.30957,-0.63745,0.84473,3.5496,-10.0840,3.4580
585816067,-0.36572,-0.28259,0.39307,-15.7252,-1.4275,-25.1450,0.31262,-0.64124,0.82727,3.1145,-12.1756,4.0611
585817067,-0.38770,0.02014,0.41956,-18.8931,8.9924,-27.4733,0.31689,-0.64587,0.80920,2.6641,-14.2519,4.6718
585818068,-0.38562,0.20410,0.74097,-9.0840,16.7023,-28.1679,0.32166,-0.65137,0.79150,2.1908,-16.2977,5.2901
585819067,-0.17065,0.01477,1.29797,-1.1679,24.8550,-25.3740,0.32654,-0.65613,0.77454,1.6947,-18.3053,5.8931
585820068,0.13464,-0.12573,1.53528,-2.0534,26.8855,-22.8244,0.33142,-0.66016,0.75732,1.1679,-20.3130,6.4733
585821067,0.20361,0.08044,1.44019,3.4733,16.7634,-24.4275,0.33533,-0.66418,0.73901,0.6412,-22.3359,7.0458
585822068,0.35388,0.38342,1.67957,27.3893,1.9313,-29.9542,0.33984,-0.66699,0.71948,0.0763,-24.3053,7.6260
585823068,0.63171,0.51746,1.99994,52.9847,-15.9542,-33.8855,0.34521,-0.66931,0.70081,-0.5420,-26.2137,8.1832
585824067,0.57629,0.46155,1.99994,61.1527,-36.0458,-32.5954,0.35059,-0.67273,0.68201,-1.1679,-28.0840,8.7023
585825067,0.34045,0.36731,1.61865,56.1679,-47.7099,-28.8931,0.35510,-0.67651,0.66272,-1.8168,-29.9084,9.1908
585826067,0.23535,0.25623,1.49512,49.5115,-48.3359,-25.6183,0.35950,-0.67957,0.64441,-2.5115,-31.6565,9.6565
585827067,0.14490,0.07202,1.33130,43.6336,-45.1527,-22.7863,0.36511,-0.68298,0.62854,-3.2595,-33.3053,10.0534
585828067,-0.03540,-0.11487,0.89966,39.0992,-42.0534,-20.5496,0.37097,-0.68750,0.61328,-4.0076,-34.8626,10.4198
585829067,-0.11169,-0.15686,0.52319,36.2824,-37.8244,-19.1908,0.37622,-0.69226,0.59644,-4.7099,-36.3282,10.7710
585830067,-0.03479,-0.02026,0.64209,31.6641,-31.0229,-17.4351,0.38257,-0.69702,0.58008,-5.3740,-37.7176,11.1069
585831067,0.02625,0.15149,1.29102,25.7481,-23.4580,-14.4580,0.38965,-0.70227,0.56494,-6.0611,-39.0000,11.4351
585832067,0.19922,0.22620,1.89258,23.9542,-16.9542,-11.0611,0.39514,-0.70752,0.55066,-6.7328,-40.1450,11.7099
585833067,0.30554,0.27161,1.46643,26.3969,-27.6336,-6.5038,0.39978,-0.71191,0.53748,-7.3282,-41.1603,11.9389
585834067,0.38953,0.31677,1.55823,26.5725,-33.5267,-5.8092,0.40479,-0.71582,0.52380,-7.8626,-42.0534,12.1221
585835067,0.59460,0.36438,1.95874,23.2290,-40.7634,-4.0611,0.40979,-0.72009,0.50952,-8.3740,-42.8702,12.2977
585836067,0.66077,0.41602,1.99994,18.8092,-53.5573,-0.4962,0.41504,-0.72437,0.49451,-8.8473,-43.6031,12.4580
585837067,0.45105,0.32703,1.90210,19.8397,-67.4885,4.0916,0.41980,-0.72888,0.47900,-9.2443,-44.2366,12.5878
585838068,0.00073,-0.27832,1.61096,22.1603,-78.1069,10.2137,0.42346,-0.73328,0.46436,-9.5878,-44.7863,12.6870
585839067,-0.46399,-1.20337,1.08264,8.1908,-79.8779,17.4046,0.42676,-0.73755,0.45178,-9.9008,-45.2672,12.7405
585840067,-0.58252,-1.50916,0.98926,-25.8092,-66.4733,22.7481,0.42920,-0.74121,0.44055,-10.2290,-45.6718,12.7939
585841067,-0.21741,-0.71057,1.67126,-60.0000,-43.1679,24.4427,0.43176,-0.74365,0.42908,-10.5573,-45.9924,12.8397
585842067,0.12305,0.42920,1.99994,-77.0000,-29.1069,27.6260,0.43518,-0.74585,0.41736,-10.8779,-46.2519,12.8626
585843067,0.29114,0.85339,1.99994,-82.2748,-25.7634,36.3588,0.43823,-0.74890,0.40552,-11.1908,-46.4885,12.8550
585844067,0.52258,0.50928,1.99994,-87.8779,-26.8321,47.2519,0.44031,-0.75269,0.39294,-11.5420,-46.6947,12.8168
585845067,0.57385,-0.10913,1.99994,-102.0840,-37.1527,55.6718,0.44312,-0.75598,0.38025,-11.9237,-46.8931,12.7710
585846067,0.50659,-0.54211,1.99994,-113.5267,-54.6336,57.3664,0.44653,-0.75952,0.36816,-12.3130,-47.0763,12.7328
585847067,0.37915,-0.30383,1.89478,-97.4504,-78.2595,48.8626,0.44971,-0.76428,0.35669,-12.7099,-47.2519,12.7176
585848068,0.32263,0.59375,1.92798,-53.2061,-101.4733,35.2595,0.45276,-0.76917,0.34509,-13.0992,-47.4351,12.6947
585849068,0.56812,1.31201,1.96375,-9.8168,-116.5038,27.9618,0.45557,-0.77441,0.33252,-13.4733,-47.6336,12.6794
585850068,0.39478,1.14832,1.86194,9.3359,-126.0992,31.3206,0.45764,-0.78088,0.31934,-13.8092,-47.8015,12.6641
585851068,0.07422,0.35510,1.53821,5.8779,-124.8473,38.2977,0.45972,-0.78760,0.30713,-14.1069,-47.9695,12.6412
585852067,0.03137,-0.30493,0.84827,1.2137,-120.0153,39.1679,0.46265,-0.79346,0.29504,-14.3740,-48.1374,12.6183
585853067,-0.40698,-0.62720,-0.06360,11.7786,-125.6183,32.7939,0.46680,-0.79980,0.28271,-14.5496,-48.2977,12.6031
585854068,-0.62805,-0.85535,-0.27173,30.2137,-122.9924,24.9160,0.47131,-0.80750,0.27063,-14.6641,-48.4427,12.5878
585855067,-0.44080,-0.90442,-0.11572,22.9466,-117.3664,25.4962,0.47644,-0.81714,0.25757,-14.7023,-48.5496,12.5725
585856068,-0.54480,-0.63660,-0.57166,-20.3969,-113.5344,37.1298,0.48230,-0.82812,0.24377,-14.6336,-48.6183,12.5496
585857068,-0.56213,-0.17249,-0.78943,-57.9313,-99.7023,47.6947,0.48804,-0.83887,0.23010,-14.4275,-48.6412,12.5344
585858068,-0.40869,0.14929,-0.32642,-55.6412,-83.4504,49.6489,0.49304,-0.84839,0.21509,-14.1069,-48.6183,12.4962
585859068,-0.35669,0.03906,-0.04529,-42.0840,-74.7939,51.2824,0.49866,-0.85693,0.19958,-13.6794,-48.5191,12.4275
585860068,-0.39905,-0.24792,-0.35669,-48.4809,-72.3206,57.7405,0.50488,-0.86499,0.18652,-13.1145,-48.2595,12.3588
585861068,-0.44238,-0.36230,-0.69263,-63.2061,-69.3206,62.7786,0.50989,-0.87402,0.17578,-12.4046,-47.8855,12.2519
585862068,-0.24207,-0.28369,-0.51575,-61.5725,-63.8550,59.9160,0.51562,-0.88391,0.16577,-11.5878,-47.4580,12.1450
585863068,-0.08215,-0.11865,-0.13965,-40.2137,-66.0916,51.3053,0.52332,-0.89319,0.15588,-10.6718,-46.9160,11.9924
585864068,-0.11914,0.00720,-0.13110,-14.7863,-74.0840,44.0534,0.53259,-0.90186,0.14685,-9.6183,-46.2443,11.8015
585865067,-0.13098,0.01709,-0.31323,-6.8473,-76.1298,42.9695,0.54236,-0.91003,0.13855,-8.4275,-45.4275,11.5573
585866067,-0.13062,-0.11621,-0.02637,-18.9008,-66.3282,45.8015,0.55994,-0.92090,0.12549,-5.6794,-43.2977,10.9847
585867068,0.11108,-0.19958,0.75012,-30.1756,-48.7863,46.4962,0.56689,-0.92615,0.11755,-4.1679,-41.9618,10.6183
585868067,0.43530,0.14319,1.23291,-28.5802,-40.4351,44.1603,0.57324,-0.93030,0.10901,-2.6031,-40.4580,10.2061
585869067,0.46924,0.67163,1.14783,-21.4656,-45.9160,45.5573,0.57861,-0.93311,0.10046,-1.0229,-38.8397,9.7405
585870067,0.51208,0.67004,1.10559,-18.8092,-54.1298,54.4122,0.58264,-0.93591,0.09229,0.5725,-37.1298,9.2595
585871067,0.64380,0.01099,1.46082,-22.2977,-63.5420,66.1832,0.58594,-0.93860,0.08569,2.1832,-35.2824,8.7634
585872068,0.57312,-0.71045,1.50500,-22.6641,-84.5115,72.6336,0.58899,-0.94104,0.07898,3.8168,-33.3130,8.2672
585873068,0.38977,-0.88867,1.01355,-12.2748,-110.8931,70.5496,0.59204,-0.94385,0.07068,5.4504,-31.2519,7.7328
585874068,0.23901,-0.49854,0.70618,1.1832,-131.9389,65.5725,0.59497,-0.94641,0.06201,7.0611,-29.1221,7.1985
585875068,0.20642,-0.01001,0.81921,0.5344,-139.4198,66.3511,0.59595,-0.94812,0.05469,8.6183,-26.9542,6.6489
585876068,0.23547,0.03088,0.87122,-15.9771,-139.5573,74.9313,0.59595,-0.94958,0.04834,10.1374,-24.7634,6.0840
585877068,0.06946,-0.40125,0.49243,-27.9160,-140.1221,82.4733,0.59644,-0.95081,0.04102,11.6107,-22.5496,5.5191
585878067,-0.14941,-1.04907,0.08496,-22.0534,-136.2214,81.9313,0.59656,-0.95142,0.03369,13.0305,-20.2748,4.9618
585879067,-0.31970,-1.68054,-0.17017,-13.4427,-127.8626,76.3130,0.59668,-0.95166,0.02856,14.3893,-18.0153,4.4427
585880067,-0.60596,-1.97607,-0.84338,-18.2137,-124.7786,72.5267,0.59753,-0.95203,0.02429,15.6870,-15.7939,3.9160
585881068,-0.96960,-1.87317,-2.00000,-26.6260,-130.6947,71.4809,0.59827,-0.95190,0.01917,16.9237,-13.6031,3.3740
585882068,-1.21558,-1.64160,-2.00000,-19.7023,-135.5878,68.5649,0.59802,-0.95093,0.01367,18.0458,-11.4198,2.8321
585883068,-1.15735,-1.66028,-2.00000,-3.8702,-133.7786,65.1527,0.59778,-0.94897,0.00867,19.0229,-9.3206,2.3282
585884067,-0.98755,-1.88293,-1.97668,-2.8321,-126.8855,65.3893,0.59717,-0.94666,0.00549,19.8550,-7.3130,1.8702
585885068,-1.10168,-1.91626,-2.00000,-18.5802,-116.0458,67.1221,0.59558,-0.94373,0.00342,20.5649,-5.3664,1.4351
585886067,-1.27014,-1.76843,-2.00000,-31.6336,-95.8473,66.1756,0.59460,-0.94080,0.00171,21.1298,-3.4733,1.0000
585887067,-1.28979,-1.77307,-2.00000,-32.3053,-72.6794,62.3130,0.59448,-0.93726,0.00122,21.5649,-1.6260,0.6031
585888067,-1.38794,-2.00000,-2.00000,-24.2824,-56.6260,55.9389,0.59399,-0.93274,0.00061,21.8702,0.1603,0.2214
585889068,-1.41467,-2.00000,-2.00000,-12.0000,-45.7252,46.8626,0.59302,-0.92834,-0.00085,22.0076,1.8473,-0.1298
585890068,-1.19324,-2.00000,-2.00000,-1.7252,-36.1603,36.6183,0.59167,-0.92566,-0.00256,22.0000,3.4504,-0.4427
585891068,-0.87463,-2.00000,-2.00000,4.0382,-22.2595,26.4275,0.58997,-0.92407,-0.00366,21.8702,4.9389,-0.7481
585892068,-0.49341,-1.99609,-1.06091,10.2901,-6.5115,16.9847,0.58813,-0.92200,-0.00293,21.6336,6.3359,-1.0687
585893068,-0.31775,-1.47717,-0.76733,16.1450,-0.4122,12.0992,0.58582,-0.91919,-0.00110,21.3053,7.6565,-1.4198
585894067,-0.40369,-1.32800,-0.97107,17.2977,-0.8015,14.0992,0.58167,-0.91724,-0.00037,20.9160,8.8855,-1.7634
585895067,-0.27380,-1.70813,-0.81128,15.5267,0.9695,17.2748,0.57727,-0.91699,-0.00122,20.4809,9.9924,-2.1145
585896068,-0.03943,-1.86731,-0.28076,12.6794,-1.6870,15.3740,0.57422,-0.91748,-0.00244,20.0000,10.9847,-2.4427
585897068,0.00696,-1.52808,-0.06592,17.5802,-16.2366,9.6794,0.57190,-0.91687,-0.00281,19.5115,11.9160,-2.7786
585898067,-0.05566,-1.38074,-0.14380,39.1221,-35.9084,3.1908,0.56909,-0.91638,-0.00183,19.0076,12.7939,-3.1298
585899067,-0.22644,-1.66809,-0.17371,65.6641,-53.0611,-3.5878,0.56445,-0.91760,0.00012,18.5038,13.5878,-3.4656
585900067,-0.35486,-1.80676,-0.27698,74.9466,-58.4809,-10.0382,0.55920,-0.91968,0.00208,18.0076,14.3130,-3.7634
585901067,-0.49426,-1.61841,-0.45007,71.0382,-54.8397,-14.4809,0.55542,-0.92163,0.00574,17.5115,14.9771,-4.0534
585902067,-0.72656,-1.49890,-0.65430,73.2519,-49.5649,-17.5573,0.55225,-0.92371,0.01062,17.0153,15.5725,-4.3359
585903067,-0.78394,-1.61194,-0.86292,85.9924,-41.8015,-20.7328,0.54858,-0.92505,0.01526,16.5344,16.0916,-4.5878
585904068,-0.91968,-1.79297,-1.24670,93.4733,-36.2748,-22.7099,0.54529,-0.92554,0.02136,16.0534,16.5267,-4.8244
585905067,-1.04614,-1.97729,-1.49475,84.9008,-24.9237,-21.3435,0.54248,-0.92554,0.02808,15.5496,16.9008,-5.0305
585906068,-0.93372,-2.00000,-1.23474,67.5115,-9.4733,-18.6489,0.54041,-0.92493,0.03540,15.0076,17.2443,-5.2366
585907067,-0.84924,-2.00000,-0.91638,55.8244,0.6870,-17.8244,0.53809,-0.92432,0.04419,14.4198,17.5191,-5.4122
585908068,-0.77869,-2.00000,-0.71875,51.9008,7.1527,-19.1450,0.53589,-0.92407,0.05359,13.7939,17.7557,-5.5802
585909067,-0.66174,-2.00000,-0.51514,47.4885,12.7328,-20.7786,0.53333,-0.92346,0.06177,13.1450,17.9466,-5.7252
585910067,-0.51917,-1.93787,-0.26831,40.2214,18.6489,-22.4275,0.53052,-0.92261,0.06848,12.4504,18.0992,-5.8321
585911067,-0.37744,-1.70776,-0.02026,36.3817,21.3817,-25.1450,0.52783,-0.92273,0.07434,11.7405,18.2061,-5.9084
585912068,-0.25806,-1.28589,-0.00269,38.8779,18.1145,-29.6260,0.52441,-0.92310,0.08142,11.0000,18.2443,-5.9924
585913068,-0.36926,-0.46997,-0.56091,42.6489,6.9084,-33.1985,0.52112,-0.92310,0.09058,10.2290,18.2290,-6.0840
585914068,-0.79980,0.05249,-1.34180,42.3893,-7.0305,-27.9847,0.51868,-0.92358,0.09998,9.4962,18.1756,-6.1298
585915068,-1.05408,-0.85828,-1.11572,41.2824,-7.7481,-13.3664,0.51599,-0.92542,0.10852,8.7710,18.1069,-6.1298
585916068,-0.82056,-2.00000,-0.09546,41.2977,5.1756,-2.8702,0.51355,-0.92810,0.11646,8.0763,18.0305,-6.0992
585917068,-0.72302,-2.00000,-0.01001,37.2977,17.9160,-6.2595,0.51233,-0.93030,0.12512,7.4198,17.9313,-6.0992
585918068,-0.98572,-1.90649,-0.83899,32.4580,33.9542,-16.5420,0.51221,-0.93201,0.13342,6.8321,17.7939,-6.1145
585919067,-0.95898,-0.63684,-0.95972,31.5802,58.9924,-20.1832,0.51257,-0.93359,0.14062,6.3053,17.6412,-6.1450
585920068,-0.56226,-0.51318,-0.07336,26.4275,80.4275,-13.9237,0.51257,-0.93530,0.14880,5.8397,17.4885,-6.1679
585921068,-0.27881,-1.43799,0.30762,19.1450,80.2824,-7.3282,0.51184,-0.93726,0.15710,5.4198,17.3435,-6.2061
585922067,-0.41943,-2.00000,-0.29236,23.4656,60.8855,-11.7557,0.51050,-0.93884,0.16565,5.0611,17.2061,-6.2519
585923067,-0.59570,-2.00000,-0.42224,41.2290,45.2290,-29.1908,0.50879,-0.94055,0.17517,4.7176,17.0763,-6.2901
585924068,-0.27893,-2.00000,0.45728,57.3969,44.4809,-49.5725,0.50635,-0.94250,0.18433,4.4122,16.9847,-6.3435
585925067,-0.05737,-1.78076,0.92725,56.8702,41.0382,-59.4580,0.50391,-0.94470,0.19397,4.1527,16.8855,-6.4275
585926067,-0.25439,-0.77600,0.35254,49.4656,33.5649,-57.5115,0.50281,-0.94653,0.20435,3.9389,16.8397,-6.5115
585927067,-0.40259,-0.57593,-0.28687,55.4885,32.7557,-52.6870,0.50195,-0.94739,0.21460,3.7328,16.8473,-6.6107
585928068,-0.44556,-1.16357,-0.44031,66.7099,38.0534,-50.5420,0.50037,-0.94800,0.22485,3.5191,16.8626,-6.7481
585929067,-0.47021,-1.65271,-0.32031,65.2672,46.5573,-52.7786,0.49951,-0.94910,0.23413,3.2977,16.8855,-6.8779
585930068,-0.56677,-1.37842,-0.31909,56.6718,52.8244,-56.9542,0.49927,-0.95044,0.24292,3.1221,16.9160,-7.0153
585931068,-0.56982,-0.83862,-0.31177,55.0305,58.9084,-57.9771,0.49915,-0.95093,0.25159,2.9695,16.9389,-7.1527
585932067,-0.45642,-0.64600,-0.19324,60.1756,63.2137,-55.3969,0.49854,-0.95020,0.26050,2.8168,16.9847,-7.2824
585933068,-0.37122,-0.78796,-0.12122,64.2519,67.9389,-52.5191,0.49670,-0.94971,0.26929,2.6565,17.0840,-7.4275
585934068,-0.19934,-0.85168,0.04541,61.5878,74.6565,-51.4427,0.49500,-0.95056,0.27710,2.5344,17.1756,-7.5954
585935067,0.00415,-0.61157,0.36182,52.1756,78.3664,-50.6107,0.49451,-0.95154,0.28406,2.4275,17.2443,-7.8092
585936067,0.17419,-0.29346,0.69263,45.6260,76.9313,-49.1298,0.49438,-0.95129,0.29138,2.3359,17.3282,-8.0153
585937068,0.29639,-0.21533,1.02942,50.9008,69.9466,-47.5038,0.49426,-0.95020,0.29895,2.2672,17.4198,-8.2214
585938067,0.39441,-0.55347,1.36536,62.1832,59.1908,-45.7557,0.49426,-0.94885,0.30750,2.2443,17.4962,-8.3969
585939067,0.47046,-0.94739,1.49414,67.3511,48.4046,-45.3664,0.49341,-0.94714,0.31787,2.2519,17.5496,-8.6031
585940068,0.44714,-0.89587,1.45044,66.4962,39.8779,-47.5802,0.49255,-0.94507,0.32947,2.2672,17.5725,-8.8092
585941068,0.40930,-0.49915,1.32153,68.5115,32.2977,-50.3817,0.49060,-0.94324,0.34009,2.3130,17.5878,-9.0458
585942068,0.39307,-0.29041,0.85986,74.4351,19.0763,-49.6947,0.48816,-0.94128,0.34912,2.4046,17.5802,-9.2595
585943068,0.26086,-0.48547,0.38940,77.7863,3.1374,-45.5649,0.48608,-0.93835,0.35876,2.5115,17.5649,-9.4733
585944068,0.12000,-0.90125,0.52307,69.4427,-4.4809,-38.6947,0.48364,-0.93518,0.36975,2.6107,17.5267,-9.7176
585945068,0.09998,-1.24658,0.74097,41.1908,-4.7405,-28.3435,0.48181,-0.93140,0.38123,2.6870,17.4504,-9.9847
585946067,-0.01562,-1.20288,0.51038,11.3588,-2.0763,-19.7023,0.48047,-0.92712,0.39429,2.7557,17.3511,-10.2443
585947068,-0.28259,-0.85669,0.06140,9.7557,-0.1679,-18.1832,0.47937,-0.92249,0.40881,2.8321,17.2519,-10.4885
585948067,-0.32898,-0.66028,-0.15723,20.9313,6.5496,-18.2595,0.47852,-0.91797,0.42529,2.8931,17.1832,-10.7252
585949068,-0.19446,-0.85303,-0.40369,11.9466,12.4656,-12.8779,0.47729,-0.91443,0.44165,2.9542,17.1145,-10.9466
585950068,-0.32581,-1.09729,-0.91199,-7.5802,12.1221,-8.6107,0.47620,-0.91113,0.45740,3.0153,17.0000,-11.1756
585951068,-0.39062,-1.18054,-0.56152,-5.9084,16.7481,-13.3511,0.47485,-0.90698,0.47510,3.0763,16.8626,-11.4122
585952067,-0.16675,-1.37878,0.39832,16.9466,18.4427,-23.1603,0.47266,-0.90308,0.49377,3.1221,16.7405,-11.6565
585953067,-0.08508,-1.62073,0.61084,31.2595,15.2366,-30.1527,0.47070,-0.90002,0.51062,3.1374,16.6107,-11.9008
585954068,-0.21802,-1.32214,0.05640,26.4580,13.6107,-34.2366,0.46924,-0.89697,0.52747,3.1679,16.4656,-12.1374
585955067,-0.33472,-0.53186,-0.20935,17.9771,18.4046,-36.5420,0.46704,-0.89404,0.54565,3.2137,16.2977,-12.3588
585956067,-0.13440,-0.26294,0.38574,16.8473,27.3511,-34.3664,0.46484,-0.89038,0.56311,3.2824,16.1145,-12.5573
585957067,0.13745,-0.65283,1.02441,20.8779,26.9008,-30.3130,0.46411,-0.88696,0.58093,3.4275,15.9237,-12.7557
585958067,0.08875,-0.97986,1.01160,22.9313,16.4046,-27.8397,0.46277,-0.88367,0.60083,3.6565,15.7252,-12.9618
585959068,0.06274,-0.94043,0.86255,19.6412,8.3893,-27.0305,0.46045,-0.88025,0.62122,3.9237,15.5267,-13.1603
585960068,0.17603,-0.60657,1.15320,13.2214,3.8015,-25.8168,0.45947,-0.87732,0.64380,4.1985,15.3435,-13.3664
585961068,0.23145,-0.23621,1.36877,12.8855,-6.1221,-22.9847,0.45886,-0.87439,0.66760,4.5191,15.1985,-13.5878
585962068,0.03418,-0.20239,0.86401,31.2214,-37.0229,-14.6565,0.45789,-0.87219,0.68945,4.9389,15.0382,-13.7634
585963068,-0.05090,-0.69397,0.74341,30.5954,-42.4427,-10.2519,0.45679,-0.87036,0.71057,5.4733,14.8855,-13.9618
585964067,-0.07312,-0.94202,0.74133,24.6412,-41.2137,-9.7786,0.45398,-0.86389,0.75549,6.8550,14.6947,-14.4351
585965067,-0.16309,-0.82178,0.60034,24.6336,-41.5649,-12.1069,0.45166,-0.86096,0.77856,7.6870,14.6336,-14.6641
585966067,-0.24805,-0.74255,0.43604,33.2061,-43.1985,-13.4962,0.44910,-0.85706,0.80212,8.6031,14.5573,-14.8931
585967068,-0.28870,-0.92285,0.31396,40.9313,-43.7634,-13.4580,0.44739,-0.85229,0.82642,9.6107,14.4809,-15.1450
585968067,-0.34460,-1.14111,0.18005,40.8321,-41.9237,-13.8550,0.44495,-0.84717,0.85229,10.6870,14.4275,-15.3740
585969067,-0.42041,-1.21167,0.09497,38.8473,-40.3740,-16.2672,0.44141,-0.84045,0.87964,11.8092,14.3893,-15.5649
585970068,-0.43713,-1.17200,0.12109,43.1527,-39.9847,-20.4580,0.43726,-0.83362,0.90613,12.9542,14.3053,-15.7328
585971068,-0.49731,-1.20703,-0.01562,48.6947,-43.6412,-23.0305,0.43347,-0.82532,0.93298,14.1145,14.1985,-15.9237
585972067,-0.63257,-1.30322,-0.31274,46.2901,-46.7099,-23.0611,0.42993,-0.81555,0.96167,15.2672,14.0840,-16.0916
585973067,-0.64539,-1.21313,-0.40198,38.6183,-45.2519,-22.8015,0.42578,-0.80664,0.99060,16.4122,13.9542,-16.2290
585974067,-0.60974,-0.91882,-0.26672,32.9084,-41.7252,-22.3511,0.42102,-0.79797,1.02014,17.5267,13.7863,-16.3359
585975067,-0.62061,-0.65088,-0.20776,30.2901,-38.8626,-20.2748,0.41528,-0.78809,1.05042,18.5802,13.5725,-16.4275
585976067,-0.63892,-0.61389,-0.32251,28.2061,-34.6641,-16.2290,0.40833,-0.77722,1.08057,19.5725,13.3435,-16.4885
585977067,-0.67358,-0.76318,-0.43005,24.5420,-28.6870,-12.0305,0.40137,-0.76636,1.11133,20.5267,13.0687,-16.5496
585978067,-0.64441,-0.86597,-0.36414,20.0153,-20.8321,-10.0611,0.39490,-0.75635,1.14331,21.4656,12.7328,-16.5802
585979068,-0.60461,-0.87219,-0.13538,19.2137,-15.5191,-10.3282,0.38855,-0.74646,1.17578,22.3588,12.3359,-16.5725
585980067,-0.83960,-0.86658,-0.39624,23.1832,-19.9313,-10.3130,0.38147,-0.73694,1.20935,23.1832,11.8626,-16.5344
585981067,-1.48328,-0.85193,-2.00000,24.8855,-40.8779,-6.9618,0.37390,-0.72803,1.24316,23.9542,11.3359,-16.4580
585982068,-2.00000,-1.05383,-2.00000,23.6489,-57.4885,-0.5573,0.36560,-0.71936,1.27673,24.7176,10.7634,-16.3664
585983068,-2.00000,-2.00000,-2.00000,27.5344,-33.2824,6.3969,0.35645,-0.71118,1.30933,25.4962,10.1374,-16.2519
585984067,-2.00000,-2.00000,-0.29028,26.2595,19.3664,10.4427,0.34766,-0.70398,1.34192,26.3053,9.4580,-16.1145
585985068,-1.54724,-2.00000,0.26917,6.9313,55.4809,5.7252,0.33923,-0.69690,1.37622,27.0992,8.7099,-15.9466
585986067,-2.00000,-2.00000,-1.63696,-2.5954,74.2748,-8.6336,0.33044,-0.68994,1.41003,27.9160,7.8550,-15.7557
585987067,-2.00000,-2.00000,-2.00000,8.7099,120.0305,-24.7252,0.32227,-0.68311,1.44263,28.7634,6.9160,-15.5267
585988068,-1.05042,-2.00000,0.05237,5.2748,167.4046,-31.6794,0.31384,-0.67639,1.47388,29.6641,5.9084,-15.2672
585989068,-0.22461,-2.00000,1.59668,-14.6260,167.6412,-36.3435,0.30493,-0.67078,1.50366,30.6260,4.8168,-14.9771
585990068,-0.14832,-2.00000,1.38965,-8.9313,129.4351,-50.2672,0.29639,-0.66577,1.53369,31.6870,3.6107,-14.6412
585991068,0.13269,-2.00000,1.60791,28.9466,89.2901,-73.3053,0.28796,-0.66138,1.56421,32.8473,2.3053,-14.2748
585992068,0.88574,-1.90454,1.99994,57.0000,68.5420,-90.8015,0.27869,-0.65820,1.59363,34.0992,0.9618,-13.8702
585993068,1.15955,-0.75916,1.99994,44.6794,43.7863,-86.5954,0.26855,-0.65698,1.62219,35.4046,-0.4656,-13.4504
585994068,0.83655,-0.33240,1.99994,15.2595,11.1756,-64.3435,0.25940,-0.65637,1.65088,36.7863,-2.0153,-12.9847
585995068,0.42773,-1.12549,1.53772,11.6794,-22.4046,-43.3969,0.25037,-0.65601,1.67957,38.2672,-3.6565,-12.4733
585996068,-0.11719,-2.00000,0.68213,31.7863,-44.2290,-38.3130,0.24109,-0.65540,1.70801,39.8550,-5.3817,-11.9084
585997067,-0.34644,-2.00000,0.82153,41.0916,-43.4885,-43.8702,0.23157,-0.65393,1.73767,41.5802,-7.1832,-11.2672
585998068,-0.50049,-2.00000,0.78418,21.1145,-35.0534,-45.4427,0.22083,-0.65222,1.76868,43.4275,-9.0458,-10.5496
585999068,-0.73596,-1.72278,0.29590,-7.2824,-22.9542,-39.9237,0.21033,-0.65051,1.79871,45.3511,-10.9771,-9.7557
586000068,-0.78076,-1.65271,-0.03503,-20.7099,-4.2443,-38.3282,0.20093,-0.64905,1.82764,47.3282,-13.0076,-8.9237
586001068,-0.68896,-1.69006,-0.17981,-29.3282,20.1527,-43.0534,0.19092,-0.64746,1.85669,49.3817,-15.1221,-8.0382
586002067,-0.40393,-1.65186,-0.13953,-44.2061,44.7023,-49.7863,0.18042,-0.64478,1.88574,51.5191,-17.3282,-7.0992
586003067,-0.14282,-1.46033,0.53687,-54.0153,60.1603,-55.8321,0.16943,-0.64087,1.91479,53.7252,-19.6183,-6.0458
586004067,0.16809,-1.37878,1.28894,-52.0611,59.4351,-58.2824,0.15796,-0.63721,1.94263,55.9389,-21.9695,-4.9313
586005068,0.50696,-1.20044,1.49121,-41.6794,46.5191,-60.8015,0.14600,-0.63318,1.97009,58.1221,-24.3969,-3.7557
586006067,0.68274,-0.74951,1.60364,-22.7863,29.0000,-65.3817,0.13330,-0.62903,1.99805,60.3053,-26.9084,-2.5267
586007067,0.95825,-0.26257,1.99994,-2.8855,16.4046,-67.2901,0.12195,-0.62512,1.99994,62.4962,-29.5115,-1.2519
586008067,1.03064,0.03162,1.99994,4.4351,-2.8855,-61.6336,0.11230,-0.62085,1.99994,64.6947,-32.1832,0.0687
586009068,0.44360,-0.19263,1.66382,6.2137,-35.9237,-51.7405,0.10229,-0.61609,1.99994,66.8855,-34.9389,1.4275
586010067,-0.04944,-0.81006,0.50562,18.5191,-55.8092,-48.3588,0.09192,-0.61267,1.99994,69.0840,-37.7634,2.8092
586011067,0.15674,-1.12537,1.14099,33.1145,-52.0305,-53.3435,0.08057,-0.61047,1.99994,71.3053,-40.6794,4.1985
586012067,0.47913,-0.82410,1.99994,23.4275,-45.0458,-55.1985,0.06860,-0.60815,1.99994,73.5649,-43.6794,5.6107
586013067,0.22266,-0.32495,1.49219,-4.7328,-49.0153,-48.2366,0.05750,-0.60547,1.99994,75.8855,-46.7328,7.0611
586014067,-0.30542,-0.17566,0.20300,-14.2214,-52.9847,-41.7557,0.04675,-0.60303,1.99994,78.2595,-49.8473,8.5573
586015067,-0.42310,-0.48987,-0.14368,0.8244,-46.2443,-41.9313,0.03479,-0.60095,1.99994,80.6947,-53.0382,10.0611
586016067,-0.20898,-0.92700,0.33142,6.5267,-37.5802,-43.0458,0.02246,-0.59863,1.99994,83.1679,-56.3282,11.6031
586017068,-0.07764,-1.37952,0.61267,-3.7023,-36.1145,-39.0840,0.00964,-0.59668,1.99994,85.5649,-59.7252,13.2061
586018068,-0.34363,-2.00000,0.43823,-6.0153,-44.5191,-32.9084,-0.00452,-0.59460,1.99994,87.9542,-63.2137,14.8168
586019068,-0.61426,-2.00000,0.21875,5.3435,-48.3053,-35.3053,-0.01855,-0.59241,1.99994,90.5420,-66.7557,16.4122
586020067,-0.68518,-2.00000,0.02917,9.8321,-42.8397,-47.9160,-0.03198,-0.59045,1.99994,93.2519,-70.4046,18.0229
586021068,-0.79480,-2.00000,-0.26404,-0.9771,-31.7863,-61.1832,-0.04590,-0.58752,1.99994,95.9847,-74.1756,19.6489
586022067,-0.60254,-0.85986,-0.20959,-13.6718,-16.6031,-66.1450,-0.06116,-0.58362,1.99994,98.7328,-78.0916,21.2901
586023067,-0.37634,-0.76611,0.28333,-20.7634,-10.1756,-62.1603,-0.07690,-0.57983,1.99994,101.4962,-82.1069,22.9466
586024067,-0.34802,-1.68152,0.74304,-24.4885,-9.0305,-58.9084,-0.09253,-0.57629,1.99994,104.1832,-86.2748,24.6183
586025068,-0.29553,-2.00000,0.87305,-26.1221,-5.8015,-65.6947,-0.10803,-0.57178,1.99994,106.8015,-90.6336,26.3359
586026067,-0.39050,-2.00000,0.65356,-26.8473,-6.3053,-78.4885,-0.12292,-0.56665,1.99994,109.3511,-95.1527,28.0916
586027067,-0.24292,-0.80725,0.72693,-20.2748,-6.5115,-89.6489,-0.13794,-0.56116,1.99994,111.8092,-99.8321,29.8855
586028068,0.39587,0.72327,1.59851,-5.3435,-5.7939,-94.1527,-0.15417,-0.55542,1.99994,114.1527,-104.7099,31.7176
586029067,0.92444,1.69922,1.99994,4.4198,-11.2595,-85.9847,-0.17163,-0.54944,1.99994,116.3664,-109.7939,33.5725
586030067,1.44568,1.55200,1.99994,3.6641,-21.4275,-67.4351,-0.18860,-0.54297,1.99994,118.4122,-115.0840,35.4504
586031067,1.05249,0.73120,1.99994,1.0992,-41.6260,-48.7099,-0.20422,-0.53601,1.99994,120.2672,-120.5420,37.3740
586032067,-0.48877,-0.24707,1.92285,3.8168,-71.8702,-36.9237,-0.22009,-0.52869,1.99994,121.9160,-126.1832,39.3282
586033068,-0.31213,-0.90649,1.99994,7.5191,-63.2214,-33.9466,-0.23596,-0.52087,1.99994,123.3817,-132.0382,41.2977
586034068,1.02686,-0.31714,1.99994,1.9695,-41.2519,-35.8702,-0.25208,-0.51318,1.99994,124.6870,-138.0992,43.3053
586035068,1.21460,1.26990,1.99994,-15.0153,-48.4733,-31.3588,-0.26868,-0.50537,1.99994,125.8092,-144.3053,45.3359
586036067,1.06982,1.74182,1.99994,-32.0534,-62.4198,-12.6260,-0.28613,-0.49756,1.99994,126.7252,-150.6718,47.3740
586037067,1.06006,-0.01868,1.99994,-31.4580,-86.4580,5.3740,-0.30359,-0.49036,1.99994,127.4580,-157.2061,49.4656
586038067,1.16772,-2.00000,1.99994,-9.9695,-116.7252,0.3969,-0.32043,-0.48315,1.99994,128.0076,-163.9160,51.6107
586039067,0.92249,-2.00000,1.99994,8.2214,-154.1527,-22.0458,-0.33655,-0.47729,1.99994,128.3588,-170.7557,53.7786
586040068,0.33057,-1.41357,1.99994,12.0687,-194.9695,-38.5725,-0.35193,-0.47241,1.99994,128.5573,-177.7176,55.9466
586041067,0.19116,-0.46875,1.23865,17.0840,-214.9924,-45.4733,-0.36560,-0.46729,1.99994,128.6031,-184.8168,58.0916
586042068,0.05859,0.43982,1.52258,35.4656,-214.6641,-51.2672,-0.37817,-0.46118,1.99994,128.4962,-192.0763,60.2290
586043068,-0.27454,0.81958,1.99994,49.8244,-193.9771,-53.3282,-0.39209,-0.45520,1.99994,128.2366,-199.4504,62.3664
586044068,-0.44397,0.25317,1.94067,35.9160,-163.0153,-45.5954,-0.40674,-0.45056,1.99994,127.8473,-206.9237,64.4809
586045068,-0.38672,-0.39307,0.81165,13.3053,-131.1527,-39.0763,-0.42041,-0.44678,1.99994,127.3359,-214.4809,66.6031
586046068,-0.32642,0.02649,0.95642,18.4733,-104.6641,-44.5878,-0.43262,-0.44409,1.99994,126.7176,-222.0763,68.7176
586047067,0.18298,0.84766,1.65710,33.1908,-94.4427,-47.4351,-0.44409,-0.44324,1.99994,125.9771,-229.7481,70.8473
586048067,1.10046,1.30103,1.99994,25.8550,-100.3053,-37.2748,-0.45483,-0.44226,1.99994,125.1298,-237.4351,72.9847
586049067,1.62292,1.54712,1.99994,13.3664,-109.3740,-21.0000,-0.46460,-0.44202,1.99994,124.1908,-245.1298,75.1221
586050067,1.84412,1.11243,1.99994,1.0992,-133.8015,0.9237,-0.47339,-0.44446,1.99994,123.1450,-250.1374,77.2366
586051067,1.39478,0.12512,1.99994,-42.8855,-176.6260,28.0076,-0.48145,-0.44910,1.99994,121.9771,-250.1374,79.4046
586052068,0.85706,0.00146,1.99994,-77.9389,-197.7863,37.7710,-0.48901,-0.45557,1.99994,120.7252,-250.1374,81.6336
586053068,1.85083,1.00171,1.99994,-70.5038,-192.0916,32.0992,-0.49561,-0.46448,1.99994,119.4427,-250.1374,83.9313
586054068,1.99994,1.84155,1.99994,-88.4885,-210.9389,43.3588,-0.50098,-0.47534,1.99994,118.1374,-250.1374,86.2748
586055068,1.99994,1.99994,1.99994,-128.3130,-250.1374,66.8397,-0.50598,-0.48816,1.99994,116.8244,-250.1374,88.6565
586056068,1.67957,1.99994,1.99994,-118.6183,-250.1374,76.8779,-0.51111,-0.50134,1.99994,115.4885,-250.1374,91.1069
586057067,1.14294,1.30981,1.99994,-89.5038,-250.1374,81.8015,-0.51416,-0.51392,1.98657,114.1145,-250.1374,93.6260
586058067,0.94495,0.45056,1.99994,-82.9313,-250.1374,83.0763,-0.51648,-0.52771,1.94299,112.6870,-250.1374,96.1756
586059068,0.00745,0.81567,1.99994,-66.1069,-250.1374,76.9847,-0.51904,-0.54321,1.89795,111.2061,-250.1374,98.7557
586060068,-0.64478,1.72131,1.99994,-28.4122,-250.1374,75.2595,-0.52148,-0.55981,1.85034,109.6641,-250.1374,101.3664
586061067,-0.51685,1.50867,1.19763,-6.1298,-250.1374,86.8321,-0.52283,-0.57690,1.80017,108.0534,-250.1374,104.0000
586062067,-1.01660,0.13110,0.04431,-7.6718,-250.1374,100.0229,-0.52417,-0.61365,1.69519,104.8244,-250.1374,109.1298
586063067,-1.51550,-0.45215,-0.02710,-8.9237,-250.1374,96.8015,-0.52417,-0.63354,1.63916,103.1527,-250.1374,111.5954
586064068,-1.97693,-0.45276,0.05591,-14.8550,-250.1374,91.2519,-0.52271,-0.65442,1.57996,101.3664,-250.1374,114.0458
586065068,-2.00000,-2.00000,-1.87158,-35.7328,-250.1374,100.1221,-0.51990,-0.67578,1.51941,99.6107,-250.1374,116.4733
586066067,-2.00000,-2.00000,-2.00000,-59.4809,-250.1374,94.4122,-0.51746,-0.69788,1.45813,98.0534,-250.1374,118.8626
586067068,-1.97815,-2.00000,-0.82214,-87.7939,-250.1374,71.6260,-0.51465,-0.72083,1.39514,96.7099,-250.1374,121.1450
586068068,-0.75488,-1.43591,0.90735,-137.9618,-227.4122,63.6794,-0.51074,-0.74365,1.33069,95.3740,-250.1374,123.3206
586069068,-0.12634,-0.25244,1.99994,-179.0992,-210.2901,75.4122,-0.50562,-0.76636,1.26526,93.9466,-250.1374,125.3359
586070068,0.09741,-0.15149,1.99994,-178.7252,-213.7328,86.1450,-0.50000,-0.78796,1.19971,92.5344,-250.1374,127.2061
586071068,0.37317,-0.05042,1.99994,-174.0305,-222.8321,93.1527,-0.49390,-0.80835,1.13367,91.1756,-250.1374,128.9389
586072068,0.14294,-0.06665,1.99994,-184.5954,-250.1374,96.9466,-0.48657,-0.82837,1.06628,89.8321,-250.1374,130.5038
586073068,0.57178,-0.30762,1.99994,-149.9847,-250.1374,84.4275,-0.47864,-0.84753,0.99792,88.4885,-250.1374,131.8702
586074068,1.32434,-0.26160,1.99994,-63.4427,-250.1374,59.3206,-0.47034,-0.86646,0.93030,87.1603,-250.1374,133.0534
586075068,0.68237,0.43640,1.99994,-0.9695,-250.1374,41.0382,-0.46094,-0.88599,0.86255,85.8550,-250.1374,134.0763
586076068,0.13062,1.22998,1.99994,21.7557,-250.1374,33.6718,-0.45081,-0.90601,0.79565,84.5725,-250.1374,134.9389
586077068,0.54065,0.94666,1.99994,33.6336,-250.1374,35.5420,-0.44031,-0.92688,0.73096,83.2901,-250.1374,135.6412
586078068,-0.22131,-0.63159,1.99994,7.2443,-250.1374,52.6031,-0.42896,-0.94812,0.66626,82.0458,-250.1374,136.1756
586079067,-2.00000,-2.00000,-0.41467,-74.0000,-250.1374,77.8626,-0.41553,-0.96863,0.60046,80.8779,-250.1374,136.5344
586080068,-2.00000,-1.86621,-0.52563,-146.1832,-250.1374,93.9542,-0.40112,-0.98950,0.53540,79.7863,-250.1374,136.7023
586081068,0.11926,-0.24731,1.99994,-189.4198,-250.1374,107.0382,-0.38757,-1.01245,0.47192,78.7939,-250.1374,136.6794
586082067,1.14844,1.70105,1.99994,-250.1374,-250.1374,135.7710,-0.37366,-1.03516,0.40930,77.9160,-250.1374,136.4962
586083068,1.55615,1.99994,1.99994,-250.1374,-250.1374,176.3893,-0.35840,-1.05713,0.34644,77.1679,-250.1374,136.1603
586084067,1.26367,1.94409,1.99994,-250.1374,-250.1374,208.7099,-0.34180,-1.07886,0.28369,76.5802,-250.1374,135.6794
586085067,-0.12048,0.27747,1.99994,-250.1374,-250.1374,220.7023,-0.32544,-1.09863,0.22266,76.1145,-250.1374,135.0687
586086068,0.28076,-1.22681,1.99994,-250.1374,-250.1374,200.4656,-0.30933,-1.11609,0.16357,75.7863,-250.1374,134.3130
586087068,1.67810,-0.62073,1.99994,-250.1374,-250.1374,159.5954,-0.29199,-1.13269,0.10596,75.5344,-250.1374,133.4351
586088068,1.99994,1.99994,1.99994,-227.8321,-250.1374,130.3740,-0.27258,-1.14880,0.05139,75.3511,-250.1374,132.4809
586089067,1.99994,1.99994,1.99994,-187.5344,-250.1374,123.8168,-0.25293,-1.16333,-0.00012,75.2137,-250.1374,131.3893
586090067,0.79407,1.99994,1.99994,-118.6336,-250.1374,132.0305,-0.23438,-1.17578,-0.05029,75.1298,-250.1374,130.1756
586091067,-0.79309,-1.41113,1.72095,-76.2977,-250.1374,150.0992,-0.21704,-1.18665,-0.09875,75.0763,-250.1374,128.8550
586092067,-1.15625,-2.00000,1.73804,-120.7328,-250.1374,156.8702,-0.19983,-1.19666,-0.14404,75.0382,-250.1374,127.4351
586093068,-1.95154,-1.52954,0.69861,-145.6565,-250.1374,163.3282,-0.18311,-1.20654,-0.18726,74.9695,-250.1374,125.9389
586094068,-1.79431,0.58191,-0.10193,-145.0305,-250.1374,168.4656,-0.16797,-1.21521,-0.22986,74.8779,-250.1374,124.3664
586095068,-1.58618,1.73059,-0.22144,-144.9389,-250.1374,183.6489,-0.15381,-1.22363,-0.26941,74.7710,-250.1374,122.7099
586096068,-1.21619,0.55029,-0.44849,-196.4046,-250.1374,214.4809,-0.14001,-1.23267,-0.30615,74.6412,-250.1374,120.9389
586097068,-1.00488,-0.99121,-0.50989,-250.1374,-250.1374,244.1298,-0.12695,-1.24170,-0.34216,74.5038,-250.1374,119.0916
586098067,-2.00000,-2.00000,-0.54041,-250.1374,-250.1374,250.1298,-0.11450,-1.25098,-0.37646,74.3588,-250.1374,117.1756
586099067,-2.00000,-2.00000,-1.27905,-250.1374,-250.1374,232.6870,-0.10278,-1.26038,-0.41003,74.2214,-250.1374,115.2366
586100068,-2.00000,-2.00000,-1.05371,-250.1374,-250.1374,196.9160,-0.09167,-1.27100,-0.44458,74.0992,-250.1374,113.2519
586101064,-0.64575,-0.20398,0.62671,-250.1374,-250.1374,181.5954,-0.08130,-1.28296,-0.47864,73.9924,-250.1374,111.2290
586102069,-0.50281,1.85876,1.99994,-250.1374,-250.1374,200.4733,-0.07324,-1.29553,-0.51294,73.9313,-250.1374,109.1908
586103068,-0.29822,0.92786,1.99994,-250.1374,-250.1374,226.2061,-0.06689,-1.30847,-0.54797,73.9084,-250.1374,107.1374
586104068,0.11267,-0.43347,1.99994,-250.1374,-250.1374,214.6260,-0.06079,-1.32202,-0.58276,73.9618,-250.1374,105.0916
586105068,0.22815,-0.28931,1.99994,-228.6947,-250.1374,184.8550,-0.05542,-1.33618,-0.61755,74.1221,-250.1374,103.0611
586106068,0.63965,-0.95642,1.99994,-234.8015,-250.1374,187.6641,-0.05139,-1.35156,-0.65295,74.4046,-250.1374,101.0458
586107068,0.07739,-2.00000,1.99994,-250.1374,-250.1374,208.3740,-0.04834,-1.36804,-0.68848,74.8244,-250.1374,99.0305
586108068,-0.98938,-2.00000,1.78027,-250.1374,-250.1374,191.9618,-0.04565,-1.38562,-0.72522,75.3740,-250.1374,97.0534
586109068,-1.12097,-1.79236,1.99994,-182.3053,-250.1374,155.6107,-0.04431,-1.40442,-0.76294,76.0611,-250.1374,95.0916
586110068,-1.13477,-0.81580,1.99994,-170.5420,-250.1374,148.6565,-0.04419,-1.42224,-0.80066,76.8855,-250.1374,93.1756
586111068,-2.00000,-1.16333,1.20898,-239.8626,-250.1374,169.4656,-0.04321,-1.43848,-0.83801,77.8244,-250.1374,91.2977
586112068,-2.00000,-1.59875,0.35437,-250.1374,-250.1374,182.6260,-0.04199,-1.45410,-0.87427,78.8550,-250.1374,89.4885
586113068,-2.00000,-1.73096,0.17273,-250.1374,-250.1374,178.5496,-0.04089,-1.46863,-0.90955,79.9695,-250.1374,87.7252
586114067,-2.00000,-1.64258,0.65625,-250.1374,-250.1374,165.5878,-0.03955,-1.48047,-0.94409,81.1679,-250.1374,85.9847
586115068,-2.00000,-1.62048,-1.24011,-250.1374,-250.1374,161.5725,-0.03882,-1.48938,-0.97778,82.3893,-250.1374,84.2901
586116068,-2.00000,-1.62598,-2.00000,-250.1374,-250.1374,161.3206,-0.03821,-1.49597,-1.00928,83.6183,-250.1374,82.6260
586117068,-2.00000,-1.18774,-2.00000,-243.8473,-250.1374,145.0229,-0.03662,-1.49988,-1.03882,84.8092,-250.1374,81.0000
586118068,-2.00000,-1.01892,-1.96790,-199.1069,-250.1374,125.4198,-0.03394,-1.50122,-1.06750,85.9924,-250.1374,79.3893
586119068,-2.00000,-0.92261,-2.00000,-193.5038,-250.1374,115.9618,-0.03186,-1.50037,-1.09412,87.0611,-250.1374,77.8015
586120068,-2.00000,-0.57300,-2.00000,-208.0153,-250.1374,109.9695,-0.03015,-1.49780,-1.11987,87.9847,-250.1374,76.2214
586121067,-2.00000,0.19812,-2.00000,-224.1145,-250.1374,104.2137,-0.02832,-1.49475,-1.14551,88.8473,-250.1374,74.6870
586122068,-2.00000,0.73523,-2.00000,-250.1374,-250.1374,115.9237,-0.02771,-1.49133,-1.16956,89.5344,-250.1374,73.1985
586123068,-2.00000,0.34314,-2.00000,-250.1374,-250.1374,132.7099,-0.02820,-1.48718,-1.19312,89.9160,-250.1374,71.7252
586124068,-2.00000,0.16272,-2.00000,-250.1374,-250.1374,136.0687,-0.02844,-1.48218,-1.21741,90.1374,-250.1374,70.2595
586125068,-1.65308,0.26672,-1.24280,-250.1374,-250.1374,141.1832,-0.02795,-1.47705,-1.24133,90.1374,-250.1374,68.8092
586126068,-1.63318,0.10864,-2.00000,-250.1374,-250.1374,154.5038,-0.02832,-1.47278,-1.26489,89.8397,-250.1374,67.3893
586127068,-2.00000,-0.84045,-2.00000,-250.1374,-250.1374,163.8397,-0.03076,-1.46948,-1.28918,89.2901,-250.1374,65.9771
586128068,-2.00000,-1.74329,-2.00000,-192.8855,-250.1374,148.3740,-0.03284,-1.46655,-1.31311,88.5344,-250.1374,64.6031
586129068,-1.01428,-2.00000,-0.61267,-137.4122,-250.1374,129.1145,-0.03479,-1.46472,-1.33655,87.5649,-250.1374,63.2519
586130068,-0.92480,-2.00000,-1.08252,-143.1450,-250.1374,111.9542,-0.03833,-1.46436,-1.35986,86.3893,-250.1374,61.9008
586131067,-1.18372,-1.01587,-1.90942,-140.1145,-250.1374,85.0458,-0.04297,-1.46484,-1.38391,85.0382,-250.1374,60.5725
586132067,-1.36084,-0.46362,-2.00000,-94.3053,-250.1374,56.9618,-0.04736,-1.46680,-1.41101,83.5420,-250.1374,59.2901
586133067,-2.00000,-1.36658,-2.00000,-78.7405,-250.1374,44.3359,-0.05127,-1.47095,-1.44006,81.9466,-250.1374,58.0382
586134068,-2.00000,-2.00000,-2.00000,-91.2672,-250.1374,35.5649,-0.05566,-1.47595,-1.46887,80.3053,-250.1374,56.7863
586135068,-2.00000,-2.00000,-2.00000,-76.7710,-250.1374,15.0076,-0.06104,-1.48071,-1.49829,78.6336,-250.1374,55.5344
586136067,-2.00000,-2.00000,-2.00000,-82.2748,-230.7634,-3.1374,-0.06592,-1.48486,-1.52917,76.9237,-250.1374,54.3282
586137067,-1.69373,-1.22644,-2.00000,-133.9466,-181.6183,-3.6947,-0.06763,-1.48767,-1.56042,75.1603,-250.1374,53.1527
586138067,-1.17407,1.70007,-1.95361,-158.0153,-158.8168,12.6412,-0.06812,-1.49023,-1.58972,73.3893,-250.1374,51.9924
586139067,-0.51758,1.99994,-1.29541,-149.0763,-144.8855,44.0076,-0.06860,-1.49207,-1.61841,71.6565,-250.1374,50.8321
586140068,-0.12024,1.86731,0.06934,-168.8931,-148.0153,83.2519,-0.06885,-1.49207,-1.64709,69.9313,-250.1374,49.6565
586141068,0.08105,-0.37268,0.48657,-206.5573,-173.1145,115.1221,-0.06824,-1.48975,-1.67603,68.1908,-250.1374,48.4885
586142068,0.26245,-2.00000,0.75562,-213.2595,-201.8779,118.1298,-0.06519,-1.48511,-1.70337,66.3893,-250.1374,47.3130
586143067,-0.13318,-2.00000,0.74780,-193.6260,-247.8779,99.5954,-0.06116,-1.47900,-1.72705,64.5420,-250.1374,46.1679
586144068,-0.50000,-1.25989,0.26526,-155.5573,-250.1374,76.1603,-0.05627,-1.47180,-1.74927,62.6489,-250.1374,45.0153
586145068,-0.75549,-0.88171,0.32129,-90.7863,-250.1374,50.2748,-0.04944,-1.46301,-1.77136,60.7023,-250.1374,43.8168
586146068,-0.96179,-1.96985,0.29456,-33.5878,-250.1374,31.1679,-0.04016,-1.45300,-1.79175,58.6641,-250.1374,42.5954
586147067,-1.17651,-2.00000,0.37549,-28.6107,-250.1374,17.1603,-0.03064,-1.44226,-1.80920,56.5267,-250.1374,41.3969
586148068,-1.58789,-2.00000,-0.09912,-49.2519,-248.6489,-3.0992,-0.02100,-1.43103,-1.82422,54.2519,-248.9466,40.2290
586149067,-1.72913,-2.00000,-0.50732,-45.4275,-212.1832,-33.0611,-0.00916,-1.41956,-1.83618,51.8473,-247.5802,39.0458
586150067,-1.21448,-2.00000,-0.03381,-17.7939,-180.1145,-58.3511,0.00305,-1.40662,-1.84509,49.3359,-246.0916,37.8473
586151067,-0.44702,-1.28687,0.49841,-8.6565,-171.8855,-65.4733,0.01465,-1.39197,-1.85193,46.7328,-244.4198,36.6718
586152067,-0.11853,-0.56421,0.46875,-28.4962,-187.1908,-54.1679,0.02686,-1.37805,-1.85754,44.0229,-242.5344,35.5191
586153067,-0.42285,-0.59839,-0.37610,-54.3130,-217.0611,-38.1527,0.04004,-1.36523,-1.86035,41.2061,-240.4427,34.3435
586154067,-0.82239,-0.77173,-1.00476,-59.8779,-245.6489,-32.3740,0.05237,-1.35291,-1.86084,38.3130,-238.1374,33.1527
586155067,-0.46313,-0.33752,-0.33948,-45.8244,-250.1374,-35.1832,0.06421,-1.34094,-1.86169,35.3969,-235.5725,31.9389
586156067,-0.16162,1.02039,1.60583,-46.5496,-241.5573,-31.8779,0.07581,-1.32971,-1.86072,32.4656,-232.7252,30.7176
586157067,-0.32141,1.89355,1.99994,-77.3053,-228.8168,-7.4122,0.08655,-1.31946,-1.85596,29.5038,-229.6031,29.4885
586158068,-0.64380,0.80298,1.41089,-104.3511,-211.4962,23.9695,0.09741,-1.31006,-1.84875,26.5420,-226.1985,28.2443
586159068,-1.68201,-0.72717,-0.22168,-94.0229,-206.1298,32.9695,0.10864,-1.30115,-1.83997,23.6565,-222.5115,26.9924
586160068,-1.63269,-1.28223,-0.66150,-63.3588,-179.6183,19.7557,0.11951,-1.29321,-1.82996,20.9084,-218.5267,25.6870
586161068,-0.83423,-1.40173,0.82080,-55.6565,-155.6412,12.6870,0.13721,-1.28101,-1.80762,15.8015,-209.7023,23.0000
586162068,-0.88098,-1.92004,1.33447,-67.0076,-173.9160,15.3435,0.14587,-1.27661,-1.79639,13.4809,-204.8931,21.6947
586163068,-0.54749,-2.00000,1.02014,-54.5878,-197.7405,12.1603,0.15466,-1.27429,-1.78564,11.3588,-199.8321,20.3893
586164068,-0.18115,-2.00000,1.70532,-26.7863,-224.7099,-3.1527,0.16333,-1.27295,-1.77380,9.4275,-194.5191,19.0840
586165068,-0.04480,-2.00000,1.99994,-24.5573,-238.1450,-23.9771,0.17102,-1.27148,-1.76074,7.7023,-188.9771,17.7939
586166068,0.26025,-2.00000,1.99994,-57.9160,-240.2901,-44.7328,0.17822,-1.26990,-1.74768,6.1908,-183.2061,16.5496
586167068,-0.38440,-2.00000,0.73499,-88.2214,-250.1374,-58.1374,0.18518,-1.26904,-1.73389,4.9084,-177.2519,15.3282
586168067,-1.27600,-0.76990,-0.08167,-79.4275,-250.1374,-66.7557,0.19189,-1.26904,-1.71936,3.8779,-171.1679,14.1527
586169068,-1.33008,-0.92493,0.40613,-55.1603,-250.1374,-68.6412,0.19910,-1.26990,-1.70459,3.1145,-164.9466,13.0382
586170068,-1.64526,-1.93884,0.63623,-59.7023,-250.1374,-60.0153,0.20581,-1.26917,-1.68872,2.6107,-158.5573,11.9771
586171068,-2.00000,-2.00000,1.27209,-76.5802,-232.0840,-48.6260,0.21289,-1.26794,-1.67273,2.3359,-152.0458,10.9847
586172068,-1.85303,-2.00000,1.99994,-94.2672,-190.2977,-42.5420,0.22156,-1.26831,-1.65625,2.3053,-145.4580,10.0382
586173068,-1.32715,-1.59814,1.99994,-125.7099,-170.0382,-36.7405,0.23120,-1.26843,-1.63684,2.5038,-138.7710,9.1679
586174068,-1.33533,0.70654,1.26587,-155.9542,-172.0076,-25.2901,0.24072,-1.26782,-1.61572,2.9160,-131.9847,8.3359
586175067,-0.96606,1.08386,1.93030,-167.0840,-180.9466,-3.9695,0.24902,-1.26672,-1.59448,3.5420,-125.0992,7.5649
586176067,-0.40088,-0.93762,1.99994,-192.1374,-208.7481,19.6031,0.25696,-1.26501,-1.57239,4.4046,-118.0916,6.8473
586177068,-0.28638,-2.00000,1.99994,-225.7405,-250.1374,27.1985,0.26428,-1.26343,-1.54907,5.4885,-111.0153,6.1527
586178067,-0.50134,-2.00000,1.99994,-221.8321,-250.1374,9.0992,0.27075,-1.26233,-1.52441,6.7634,-103.9084,5.4885
586179067,-0.49756,-2.00000,1.99994,-176.7023,-250.1374,-18.4046,0.27600,-1.26074,-1.49927,8.2214,-96.7710,4.8321
586180068,-0.46460,-2.00000,1.99994,-124.8321,-250.1374,-41.4656,0.28186,-1.25940,-1.47266,9.8244,-89.5954,4.1908
586181068,-1.30957,-1.64331,1.89319,-83.6412,-250.1374,-59.8015,0.28809,-1.25842,-1.44434,11.5573,-82.3511,3.5954
586182067,-1.90601,-1.27490,0.86633,-49.8168,-250.1374,-77.0000,0.29309,-1.25745,-1.41626,13.3969,-75.0916,3.0229
586183067,-1.50256,-1.59290,-0.03369,-27.3359,-250.1374,-90.2519,0.29700,-1.25500,-1.38892,15.3435,-67.8397,2.4504
586184067,-2.00000,-2.00000,-2.00000,-6.6794,-250.1374,-100.1298,0.29797,-1.25146,-1.36145,17.3511,-60.6031,1.9084
586185068,-2.00000,-2.00000,-2.00000,33.7252,-250.1374,-120.1298,0.29712,-1.24683,-1.33398,19.3817,-53.3893,1.3969
586186064,-2.00000,-1.91406,-2.00000,46.5038,-250.1374,-129.3817,0.29626,-1.24243,-1.30676,21.4351,-46.1908,0.9160
586187065,-2.00000,-0.39954,-2.00000,-56.4885,-250.1374,-99.5573,0.29517,-1.23950,-1.27954,23.4885,-39.0534,0.4504
586188065,-2.00000,0.61719,-2.00000,-196.9008,-250.1374,-51.6641,0.29321,-1.23645,-1.25134,25.5191,-32.0076,0.0153
586189068,-2.00000,0.46106,-2.00000,-218.7939,-236.1450,-30.7481,0.28943,-1.23242,-1.22229,27.4809,-25.0916,-0.3969
586190068,-2.00000,-0.60498,-2.00000,-167.9389,-150.0000,-31.6412,0.28430,-1.22839,-1.19336,29.2977,-18.3282,-0.7557
586191067,-2.00000,-1.35010,-2.00000,-168.7405,-90.1145,-31.0153,0.27808,-1.22583,-1.16504,30.9924,-11.7634,-1.0611
586192068,-2.00000,-0.68555,-2.00000,-207.7252,-35.4275,-37.1450,0.27124,-1.22437,-1.13831,32.5725,-5.3893,-1.3435
586193068,-2.00000,0.80005,-2.00000,-206.2672,11.9237,-52.6183,0.26318,-1.22327,-1.11145,34.0076,0.7710,-1.6107
586194067,-1.70105,1.99994,-2.00000,-142.8550,19.7252,-74.4962,0.25378,-1.22180,-1.08447,35.2901,6.6947,-1.8626
586195067,-1.16406,1.99994,-1.43616,-49.2214,-17.0000,-94.6107,0.24500,-1.22083,-1.05908,36.4580,12.3588,-2.0916
586196067,-1.02954,1.11975,-1.79724,16.3664,-55.2519,-106.0229,0.23584,-1.22119,-1.03491,37.5191,17.7481,-2.2595
586197067,-0.63953,0.53589,-2.00000,27.8015,-76.3969,-109.9160,0.22766,-1.22180,-1.01208,38.4733,22.8855,-2.3969
586198068,-0.80566,0.88757,-2.00000,13.7481,-101.9847,-107.2061,0.22107,-1.22339,-0.98914,39.3511,27.7328,-2.5115
586199067,-1.38171,1.47009,-2.00000,26.0763,-122.8473,-102.6107,0.21411,-1.22583,-0.96521,40.1603,32.2824,-2.6336
586200068,-1.23523,1.70532,-2.00000,66.5878,-122.4046,-97.4351,0.20691,-1.22778,-0.94080,40.9084,36.5802,-2.7405
586201068,-1.31970,1.30383,-1.85754,71.6947,-115.0687,-79.7557,0.19983,-1.22961,-0.91541,41.5725,40.6031,-2.8626
586202068,-2.00000,0.50391,-2.00000,15.0458,-92.1374,-50.5038,0.19312,-1.23132,-0.88940,42.1527,44.3435,-3.0153
586203068,-2.00000,0.05750,-2.00000,-39.2366,-41.9695,-31.6260,0.18591,-1.23328,-0.86377,42.6794,47.8244,-3.2214
586204068,-1.82141,0.11243,-2.00000,-42.0687,6.4198,-32.7557,0.17798,-1.23560,-0.83862,43.1756,51.0534,-3.4122
586205068,-1.60742,0.47961,-2.00000,-16.0382,17.2290,-42.6641,0.17090,-1.23853,-0.81213,43.6183,54.0076,-3.6107
586206067,-1.67310,1.25989,-2.00000,2.7557,3.0611,-49.7939,0.16382,-1.24048,-0.78491,43.9695,56.6794,-3.8397
586207068,-1.36707,1.99994,-2.00000,0.8626,-16.9389,-48.8702,0.15588,-1.24158,-0.75745,44.2519,59.0611,-4.1221
586208068,-1.23181,1.99994,-2.00000,-10.6641,-32.3359,-40.1374,0.14819,-1.24316,-0.73108,44.4504,61.1221,-4.4427
586209068,-1.14966,1.99994,-2.00000,8.9542,-27.8626,-28.9466,0.14062,-1.24463,-0.70667,44.5115,62.8550,-4.7939
586210068,-0.48254,0.86682,-1.37549,59.0153,-9.8015,-21.5038,0.13245,-1.24597,-0.68323,44.4351,64.2595,-5.1221
586211067,-0.63818,-1.28491,-1.37524,94.7634,-0.0611,-26.0687,0.12390,-1.24744,-0.65967,44.2061,65.3206,-5.4122
586212067,-1.83289,-0.53101,-2.00000,121.2672,11.1374,-48.5191,0.11475,-1.24805,-0.63635,43.8244,66.0687,-5.6947
586213067,-2.00000,1.45129,-2.00000,162.3359,60.6489,-71.8855,0.10583,-1.24756,-0.61365,43.2672,66.4504,-5.9695
586214067,-2.00000,1.91309,-2.00000,195.8550,98.3511,-76.9084,0.09729,-1.24768,-0.59155,42.5267,66.4427,-6.2519
586215068,-1.77112,0.49072,-2.00000,219.0076,105.5344,-74.2366,0.08923,-1.24817,-0.57056,41.6412,66.0763,-6.4962
586216068,-1.63745,-1.42236,-2.00000,243.4885,93.2519,-81.8702,0.08215,-1.24817,-0.55139,40.6107,65.3511,-6.7405
586217068,-1.58142,-1.90833,-2.00000,234.3588,87.5191,-95.4351,0.07556,-1.24744,-0.53406,39.4427,64.3053,-6.9542
586218067,-1.21289,-0.39783,-1.19958,167.9160,106.7328,-95.1450,0.07043,-1.24585,-0.51770,38.1832,62.9618,-7.1298
586219067,-0.83521,1.61548,-0.57104,102.2595,117.7634,-75.1832,0.06641,-1.24280,-0.50244,36.7863,61.3511,-7.2672
586220067,-0.69739,1.99994,-0.15613,84.6260,113.0458,-45.2519,0.06384,-1.24023,-0.48828,35.2748,59.4733,-7.3588
586221067,-0.71265,0.92163,-0.55798,86.4427,89.4198,-15.4275,0.06299,-1.23840,-0.47424,33.6641,57.3206,-7.4504
586222067,-1.13806,-0.78760,-1.70300,74.2595,69.7557,1.9542,0.06348,-1.23499,-0.45947,31.9695,54.9313,-7.5420
586223067,-1.60144,-0.77979,-1.87170,62.6107,68.2214,-4.1450,0.06519,-1.22998,-0.44446,30.1756,52.3130,-7.5878
586224068,-1.09509,1.99994,-0.01660,116.9847,86.2595,-30.7405,0.06726,-1.22363,-0.43005,28.2595,49.5038,-7.5954
586225067,-1.71167,1.93506,-0.89807,168.3740,67.4046,-32.9695,0.06995,-1.21667,-0.41626,26.2672,46.5802,-7.6260
586226067,-2.00000,0.46045,-1.91431,212.4962,67.1069,-35.9542,0.07324,-1.20984,-0.40259,24.1756,43.5496,-7.6489
586227068,-2.00000,-0.97424,-2.00000,225.0687,85.0687,-43.5725,0.07837,-1.20374,-0.38794,22.0229,40.4198,-7.6641
586228068,-2.00000,-0.96997,-2.00000,209.4198,119.5954,-55.6718,0.08386,-1.19800,-0.37268,19.8473,37.2137,-7.6565
586229067,-1.86987,0.65942,-1.43127,199.2366,146.1069,-64.5878,0.08875,-1.19202,-0.35913,17.6718,33.9618,-7.6183
586230068,-1.68530,1.99994,-1.30701,198.0458,149.9008,-55.9466,0.09424,-1.18579,-0.34558,15.4809,30.7557,-7.5573
586231068,-1.72925,1.99994,-1.09546,188.0000,149.5038,-29.5573,0.10046,-1.17957,-0.33105,13.3206,27.5802,-7.5115
586232068,-1.61389,0.27417,-0.19800,170.6183,158.4962,-1.8321,0.10718,-1.17419,-0.31665,11.2214,24.4427,-7.5115
586233068,-1.49097,-1.81104,0.61658,157.5420,164.3588,11.8168,0.11401,-1.16956,-0.30261,9.2061,21.4046,-7.5267
586234068,-1.56189,-2.00000,0.72803,158.9008,159.0305,5.7939,0.12085,-1.16492,-0.28894,7.3130,18.4733,-7.5496
586235068,-1.62463,-2.00000,0.69385,180.2977,148.5954,-10.4275,0.12756,-1.15930,-0.27551,5.5191,15.6947,-7.5954
586236068,-1.42029,-1.54858,1.12036,202.4351,142.6870,-22.1374,0.13464,-1.15454,-0.26233,3.8321,13.0992,-7.6794
586237068,-0.98816,-1.53845,1.95618,196.5420,142.5420,-24.1527,0.14185,-1.15100,-0.24902,2.2672,10.6641,-7.7786
586238067,-0.69189,-2.00000,1.99994,163.4504,138.5573,-22.5267,0.14807,-1.14685,-0.23633,0.8473,8.3969,-7.9008
586239067,-0.62146,-2.00000,1.99994,133.8397,129.9542,-27.8321,0.15540,-1.14258,-0.22522,-0.4351,6.2748,-8.0229
586240068,-0.61633,-2.00000,1.99994,123.9847,116.4885,-39.5954,0.16309,-1.13867,-0.21484,-1.5496,4.2824,-8.1450
586241068,-0.60681,-2.00000,1.99994,116.9618,99.7405,-44.8321,0.16907,-1.13501,-0.20605,-2.4962,2.4885,-8.2672
586242068,-0.37305,-2.00000,1.99994,98.7099,83.7328,-41.5038,0.17432,-1.13086,-0.19812,-3.2672,0.8855,-8.4046
586243067,-0.16064,-2.00000,1.99994,74.2595,60.6489,-36.0611,0.17957,-1.12671,-0.19043,-3.8702,-0.5191,-8.5496
586244067,-0.40051,-1.39893,1.99994,60.9695,28.8626,-33.9695,0.18494,-1.12244,-0.18359,-4.3053,-1.7252,-8.7099
586245067,-0.75024,-0.38049,1.87500,77.7252,-1.7710,-37.8321,0.19043,-1.11780,-0.17590,-4.5649,-2.7786,-8.8397
586246067,-0.85132,0.17249,1.81726,108.5115,-28.1527,-41.4198,0.19592,-1.11206,-0.16785,-4.6718,-3.6870,-8.9008
586247068,-0.83228,0.15845,1.56958,117.8244,-49.6718,-36.6336,0.20068,-1.10522,-0.16150,-4.6260,-4.3817,-8.9237
586248067,-1.27075,-0.11792,0.59888,104.6183,-70.2748,-27.7557,0.20557,-1.09802,-0.15430,-4.4046,-4.9008,-8.9313
586249067,-1.76001,-0.34363,-0.22852,99.7481,-69.8244,-25.1069,0.21033,-1.08997,-0.14746,-4.0458,-5.2977,-8.8931
586250068,-1.64990,-0.23303,-0.29700,108.4809,-48.2290,-29.3740,0.21521,-1.08142,-0.14111,-3.5954,-5.5573,-8.8092
586251068,-1.65222,0.10010,-0.56799,107.0076,-28.7634,-29.2290,0.22119,-1.07117,-0.13403,-3.1221,-5.6870,-8.7176
586252068,-1.84033,0.00195,-1.29602,89.8321,-11.2137,-19.2595,0.22742,-1.05920,-0.12646,-2.5954,-5.6870,-8.5878
586253068,-1.80542,-0.66064,-1.60986,73.1985,9.3511,-8.1832,0.23303,-1.04712,-0.11890,-2.0229,-5.5496,-8.4351
586254068,-1.67358,-1.46887,-1.50244,62.7634,21.5267,-2.4504,0.23853,-1.03516,-0.11108,-1.4580,-5.2977,-8.2214
586255068,-1.51562,-1.98950,-1.11292,47.2977,27.2748,0.7939,0.24500,-1.02283,-0.10242,-0.8931,-4.9389,-7.9542
586256068,-1.28857,-2.00000,-0.27661,23.0305,30.8397,5.5267,0.25208,-1.01013,-0.09412,-0.3282,-4.4580,-7.6718
586257068,-0.96887,-1.69775,0.22998,5.4351,31.7939,8.0229,0.25867,-0.99719,-0.08508,0.2290,-3.8702,-7.3511
586258068,-0.89514,-0.79297,-0.05420,-2.3511,26.9847,6.8397,0.26514,-0.98486,-0.07629,0.7786,-3.1985,-6.9924
586259067,-0.94470,0.00769,-0.34241,-9.6565,22.9542,8.7939,0.27197,-0.97400,-0.06873,1.2748,-2.4427,-6.5878
586260067,-0.68445,-0.03918,0.08240,-25.0840,25.8626,17.3969,0.27795,-0.96423,-0.06140,1.7176,-1.6107,-6.1832
586261067,-0.52271,-0.66968,0.42371,-48.4275,22.3588,26.7939,0.28638,-0.94592,-0.04834,2.5954,0.2061,-5.3435
586262067,-0.56433,-0.82190,0.38049,-59.8244,15.0992,26.8473,0.29065,-0.93787,-0.04224,3.0458,1.1603,-4.9160
586263067,-0.58557,-0.26489,0.34546,-45.4122,4.9237,20.8397,0.29395,-0.93054,-0.03638,3.5115,2.1679,-4.4962
586264068,-0.57153,0.25879,0.29529,-29.3359,-4.5496,21.9466,0.29626,-0.92383,-0.03101,3.9847,3.1985,-4.0534
586265068,-0.56812,0.39453,0.16492,-31.8168,-11.3893,33.7710,0.29797,-0.91797,-0.02722,4.4504,4.2366,-3.6031
586266068,-0.65747,0.24280,-0.10889,-36.6947,-15.3359,46.1450,0.29773,-0.91199,-0.02441,4.8931,5.2672,-3.1756
586267068,-0.69727,0.00586,-0.23865,-32.0458,-14.3282,51.8397,0.29541,-0.90576,-0.02087,5.3588,6.2901,-2.7786
586268068,-0.74927,-0.34326,-0.18701,-26.2977,-12.2061,54.2443,0.29370,-0.90039,-0.01685,5.8473,7.2901,-2.4046
586269068,-0.89917,-0.99500,-0.22607,-26.7481,-10.7863,57.6260,0.29395,-0.89465,-0.01379,6.3206,8.2061,-2.0153
586270068,-0.92737,-1.62646,-0.39185,-36.8702,-7.7328,59.6870,0.29504,-0.88855,-0.01147,6.7099,9.0687,-1.6183
586271068,-0.90674,-1.63330,-0.54126,-52.6565,-5.0916,56.9466,0.29590,-0.88342,-0.00818,6.9924,9.9084,-1.2061
586272067,-0.92761,-1.15918,-0.56238,-62.2824,-2.4809,51.5344,0.29688,-0.87866,-0.00452,7.2137,10.7099,-0.8092
586273067,-0.84753,-0.83154,-0.42017,-64.9389,0.7252,48.6718,0.29785,-0.87463,-0.00085,7.4122,11.4656,-0.4351
586274068,-0.75940,-0.79602,-0.38696,-68.7786,1.9542,49.2748,0.29932,-0.87122,0.00305,7.5802,12.1527,-0.0687
586275068,-0.77808,-0.80786,-0.56848,-74.1985,3.6031,50.3588,0.30078,-0.86755,0.00623,7.7099,12.7634,0.3206
586276068,-0.73083,-0.71521,-0.54626,-77.0992,9.1603,50.4198,0.30249,-0.86426,0.00806,7.8168,13.3206,0.7176
586277067,-0.53564,-0.47498,-0.28821,-75.7328,14.7405,50.5038,0.30469,-0.86133,0.00842,7.9008,13.7939,1.1298
586278067,-0.42261,-0.11438,-0.22900,-70.2061,14.4962,52.2901,0.30652,-0.85803,0.00842,7.9008,14.1832,1.5420
586279067,-0.44299,0.17322,-0.43726,-62.7328,9.6947,56.7863,0.30811,-0.85510,0.01050,7.8092,14.5191,1.9313
586280068,-0.43933,0.19202,-0.52246,-57.8473,7.5954,63.0305,0.30969,-0.85315,0.01355,7.6412,14.7481,2.3282
586281067,-0.46533,-0.00964,-0.37708,-58.0687,9.0382,68.6107,0.31116,-0.85242,0.01575,7.4046,14.8321,2.7328
586282068,-0.46118,-0.22412,-0.17883,-60.5725,12.8779,71.9618,0.31238,-0.85242,0.01807,7.0534,14.8244,3.1603
586283068,-0.39465,-0.35022,-0.05969,-61.0534,16.2214,73.3893,0.31348,-0.85278,0.02014,6.6489,14.7634,3.6183
586284068,-0.40527,-0.44226,-0.11755,-60.1145,17.1069,74.1756,0.31482,-0.85339,0.02173,6.1832,14.6183,4.1450
586285068,-0.36377,-0.54468,-0.18127,-60.1374,18.3282,74.9008,0.31628,-0.85376,0.02307,5.6794,14.3893,4.6947
586286068,-0.23511,-0.64172,-0.13904,-59.7939,17.6183,75.2672,0.31787,-0.85388,0.02356,5.1145,14.0534,5.2214
586287068,-0.23560,-0.65796,-0.13904,-56.8550,12.1221,74.6260,0.31873,-0.85486,0.02319,4.4733,13.6565,5.7252
586288067,-0.31311,-0.63184,-0.17078,-50.5496,6.4809,73.1985,0.31934,-0.85632,0.02393,3.7710,13.1832,6.2290
586289068,-0.34778,-0.70911,-0.17493,-42.2595,3.5344,71.6641,0.32043,-0.85718,0.02502,2.9847,12.6260,6.7634
586290067,-0.40247,-0.83484,-0.19141,-36.8244,3.9313,70.3053,0.32202,-0.85791,0.02466,2.1374,12.0000,7.2748
586291068,-0.43823,-0.88147,-0.22205,-35.7557,7.5420,69.2748,0.32349,-0.85925,0.02441,1.2672,11.3206,7.7939
586292067,-0.41589,-0.87244,-0.25073,-35.1832,13.3588,68.4580,0.32373,-0.86145,0.02429,0.3588,10.5878,8.2901
586293067,-0.41528,-0.87366,-0.31812,-33.4580,18.6565,67.7405,0.32410,-0.86389,0.02380,-0.6412,9.7786,8.8015
586294068,-0.44067,-0.72314,-0.23315,-32.4275,25.3130,66.5038,0.32568,-0.86658,0.02283,-1.6641,8.8931,9.2977
586295067,-0.41956,-0.32275,0.03564,-31.8473,31.8168,65.8855,0.32800,-0.87012,0.02271,-2.6641,7.9847,9.8015
586296067,-0.37451,-0.09521,0.17712,-28.4427,33.9389,68.3053,0.33057,-0.87390,0.02429,-3.6412,7.0382,10.2824
586297067,-0.30200,-0.46570,0.31421,-16.1908,32.4427,71.5496,0.33215,-0.87781,0.02502,-4.5954,6.0763,10.7252
586298067,-0.19910,-1.15564,0.46973,1.3130,26.5115,71.3282,0.33337,-0.88232,0.02368,-5.5420,5.0916,11.1679
586299068,-0.07910,-1.58105,0.45581,8.6794,18.4656,68.5878,0.33508,-0.88647,0.02112,-6.4656,4.0840,11.6107
586300068,-0.03821,-1.59631,0.33435,5.6794,10.1756,65.6718,0.33716,-0.89075,0.01868,-7.3893,3.0611,12.0534
586301068,-0.19116,-1.49524,0.20691,7.0229,0.7481,62.6641,0.33948,-0.89575,0.01685,-8.3053,2.0153,12.4580
586302068,-0.27258,-1.57727,0.12842,15.2901,-5.4046,59.4733,0.34204,-0.90088,0.01526,-9.1832,0.9313,12.8473
586303068,-0.30908,-1.79468,-0.10046,19.7328,-9.4351,56.2061,0.34460,-0.90625,0.01331,-10.0382,-0.1603,13.2061
586304068,-0.47046,-2.00000,-0.50012,12.7405,-8.3893,53.6794,0.34692,-0.91101,0.01099,-10.8702,-1.2214,13.5420
586305068,-0.43628,-2.00000,-0.47400,0.8168,3.9466,51.9237,0.34912,-0.91650,0.00854,-11.6794,-2.2824,13.8931
586306068,-0.32007,-2.00000,-0.02100,-5.5878,18.7939,46.2137,0.35229,-0.92358,0.00537,-12.4580,-3.3588,14.2290
586307067,-0.34729,-2.00000,0.03064,-6.5191,28.9237,32.6565,0.35608,-0.93042,0.00146,-13.1908,-4.4122,14.5191
586308067,-0.27234,-1.34863,-0.32239,-7.1221,37.9389,17.1450,0.35901,-0.93713,-0.00269,-13.8473,-5.4427,14.7786
586309067,-0.09607,0.29395,-0.35388,-7.2748,42.6489,11.3435,0.35999,-0.94385,-0.00684,-14.4504,-6.4733,15.0305
586310067,0.11292,0.73804,0.13037,-3.7405,39.4351,17.6489,0.36072,-0.95081,-0.01257,-15.0153,-7.5115,15.2901
586311067,0.24146,0.08252,0.40295,13.2824,23.3282,23.8397,0.36145,-0.95789,-0.01868,-15.5496,-8.5496,15.5420
586312067,0.10303,-0.63586,0.12183,43.2366,2.6718,20.7863,0.36255,-0.96448,-0.02441,-16.0305,-9.5649,15.7405
586313068,-0.10254,-0.79773,-0.13403,60.9389,-7.6336,15.4885,0.36487,-0.97058,-0.03076,-16.4656,-10.5573,15.9084
586314067,-0.21106,-0.44324,-0.10938,53.7634,-4.6412,17.5420,0.36621,-0.97681,-0.03784,-16.8702,-11.5267,16.0458
586315068,-0.19250,0.03613,-0.00562,43.6718,5.7252,24.8473,0.36694,-0.98279,-0.04565,-17.2443,-12.4733,16.1832
586316068,-0.12573,0.34326,0.02063,48.8321,15.0458,31.2290,0.36707,-0.98901,-0.05396,-17.5878,-13.4275,16.2977
586317068,-0.16577,0.23474,-0.15247,56.0458,20.5878,37.1298,0.36731,-0.99512,-0.06213,-17.9160,-14.3511,16.3969
586318067,-0.22339,-0.36975,-0.30212,46.2672,29.1603,45.2443,0.36926,-1.00061,-0.07043,-18.2443,-15.1908,16.4351
586319067,-0.28015,-1.10596,-0.16931,18.8168,37.6794,54.2595,0.37073,-1.00623,-0.07971,-18.5420,-15.9618,16.4580
586320067,-0.25916,-1.43433,0.06055,-12.9618,42.5420,60.8473,0.37134,-1.01172,-0.08936,-18.8321,-16.7176,16.4733
586321067,-0.12915,-1.27368,0.35974,-33.4122,43.8855,64.7176,0.37195,-1.01660,-0.09912,-19.1298,-17.4656,16.4656
586322068,-0.04431,-1.08044,0.66675,-36.7634,41.5267,67.7023,0.37219,-1.02112,-0.10889,-19.4351,-18.1908,16.4122
586323068,-0.00354,-1.18274,0.91565,-37.1603,40.3435,72.8397,0.37170,-1.02527,-0.11731,-19.7481,-18.8702,16.2977
586324068,-0.04126,-1.30737,0.89856,-51.6107,38.6870,79.6565,0.37061,-1.02905,-0.12646,-20.0687,-19.4885,16.1756
586325067,-0.10046,-1.15210,0.86340,-71.2366,39.6870,84.5573,0.36938,-1.03333,-0.13745,-20.4198,-20.0687,16.0076
586326067,-0.07874,-0.98071,1.20349,-75.2137,40.6031,85.1908,0.36792,-1.03784,-0.14844,-20.7710,-20.6107,15.8015
586327068,-0.00171,-1.15588,1.63281,-55.4656,36.5420,80.5344,0.36597,-1.04211,-0.16052,-21.1374,-21.1145,15.5725
586328068,-0.01685,-1.55237,1.66003,-24.0534,24.6565,71.2519,0.36438,-1.04639,-0.17358,-21.5038,-21.5725,15.3511
586329067,-0.11719,-1.84229,1.62891,-8.0687,17.1298,62.9084,0.36377,-1.05090,-0.18604,-21.8855,-21.9771,15.1221
586330067,0.02148,-1.93054,1.96790,-21.2061,19.5649,59.7252,0.36316,-1.05554,-0.19812,-22.2366,-22.3359,14.8473
586331068,0.17383,-1.96790,1.99994,-39.4580,19.9771,59.0916,0.36243,-1.06030,-0.21069,-22.5573,-22.6489,14.5573
586332067,0.04651,-2.00000,1.75989,-36.5649,7.6870,55.7634,0.36133,-1.06494,-0.22375,-22.8626,-22.9008,14.2595
586333068,0.01465,-2.00000,1.48767,-20.7023,-7.7023,50.1298,0.36035,-1.06873,-0.23718,-23.1527,-23.0840,13.9695
586334068,0.01782,-1.99780,1.44421,-26.0382,-21.7481,50.7634,0.36023,-1.07202,-0.25098,-23.4122,-23.2519,13.6641
586335068,-0.03784,-1.77856,1.45654,-60.0076,-26.0534,59.1145,0.36096,-1.07532,-0.26477,-23.6565,-23.3740,13.3359
586336067,-0.02832,-1.35986,1.59949,-88.5496,-24.5802,66.9924,0.36194,-1.07898,-0.27747,-23.9008,-23.3969,13.0000
586337068,-0.10254,-1.07300,1.48340,-83.9771,-27.5954,68.7176,0.36267,-1.08228,-0.29065,-24.1069,-23.3053,12.6641
586338067,-0.21338,-1.19714,1.09924,-60.4427,-31.1908,65.8626,0.36401,-1.08569,-0.30408,-24.2748,-23.1298,12.3130
586339067,-0.35547,-1.52917,0.68787,-46.7099,-32.6794,62.4580,0.36560,-1.08997,-0.31616,-24.4046,-22.9008,11.9771
586340068,-0.41296,-1.80835,0.38538,-48.3511,-31.1145,59.5267,0.36584,-1.09399,-0.32812,-24.4962,-22.5802,11.6260
586341067,-0.34924,-1.92114,0.33972,-47.7634,-31.6412,53.8397,0.36511,-1.09741,-0.34180,-24.5191,-22.1756,11.2672
586342067,-0.32898,-1.83838,0.34045,-32.1908,-37.2595,43.8397,0.36548,-1.10095,-0.35657,-24.4656,-21.6794,10.8779
586343067,-0.39746,-1.70520,0.19788,-13.5038,-42.5954,34.2977,0.36694,-1.10474,-0.37073,-24.3588,-21.0763,10.4580
586344067,-0.50891,-1.78613,0.10608,-14.2595,-40.7252,31.9695,0.36975,-1.10828,-0.38354,-24.2061,-20.3893,10.0458
586345068,-0.52429,-2.00000,0.19580,-37.3817,-30.1985,36.1450,0.37219,-1.11133,-0.39685,-24.0076,-19.6641,9.6107
586346068,-0.47607,-2.00000,0.28625,-63.0305,-17.5420,39.0687,0.37317,-1.11511,-0.41150,-23.7710,-18.8168,9.1908
586347067,-0.48181,-1.89600,0.22400,-72.5954,-9.9008,36.7099,0.37317,-1.12048,-0.42712,-23.4962,-17.8397,8.7786
586348068,-0.48621,-1.58435,0.23108,-68.4275,-6.8473,33.4046,0.37256,-1.12671,-0.44263,-23.1756,-16.7939,8.3817
586349068,-0.42737,-1.43896,0.42017,-65.8321,-8.2901,33.3817,0.37280,-1.13245,-0.45752,-22.8168,-15.7176,7.9924
586350067,-0.41406,-1.48840,0.88477,-70.8168,-10.8931,36.4733,0.37305,-1.13843,-0.47290,-22.3969,-14.6107,7.5802
586351067,-0.34277,-1.95630,1.49158,-73.3817,-13.0687,39.2595,0.37256,-1.14478,-0.48877,-21.9542,-13.4198,7.1374
586352068,-0.19617,-2.00000,1.55518,-68.5344,-19.1221,36.3053,0.37170,-1.15186,-0.50623,-21.4733,-12.1450,6.6947
586353068,-0.27075,-2.00000,0.94434,-62.9695,-30.9771,28.0840,0.37048,-1.15955,-0.52454,-20.9160,-10.8168,6.2824
586354067,-0.39001,-1.60498,0.49731,-63.6718,-39.2595,21.7710,0.36914,-1.16638,-0.54285,-20.2824,-9.4427,5.8702
586355068,-0.27563,-1.29321,0.78174,-72.5878,-41.6412,22.7023,0.36780,-1.17249,-0.56226,-19.6031,-8.0458,5.4580
586356068,-0.34766,-1.02759,0.37976,-81.0458,-57.6183,21.4198,0.36572,-1.17834,-0.58142,-18.8855,-6.6107,5.0153
586357068,-0.54590,-0.65100,-0.09448,-75.2748,-60.9618,17.9771,0.36279,-1.18347,-0.60010,-18.1221,-5.1756,4.5725
586358067,-0.54126,-0.57629,-0.07483,-70.0229,-54.4962,17.2748,0.35876,-1.18750,-0.61951,-17.3435,-3.7710,4.1374
586359067,-0.59302,-0.66479,-0.26587,-61.3206,-49.7939,16.7939,0.35498,-1.19141,-0.64014,-16.6031,-2.3588,3.6947
586360067,-0.83728,-0.63098,-1.05005,-40.8321,-50.9847,13.3740,0.35156,-1.19507,-0.66174,-15.8931,-0.9160,3.2519
586361068,-1.09692,-0.65088,-1.86902,-15.6489,-52.0458,9.2595,0.34436,-1.20068,-0.70337,-14.6489,2.0000,2.3206
586362068,-1.22351,-1.05396,-1.95251,-3.3893,-41.7405,8.5267,0.34167,-1.20422,-0.72217,-14.1298,3.4122,1.8397
586363068,-1.21790,-2.00000,-0.89905,-7.9313,-20.2901,12.8702,0.34033,-1.20740,-0.74170,-13.6641,4.8397,1.3664
586364068,-1.02002,-2.00000,0.14111,-21.7939,2.4809,16.0458,0.33826,-1.21008,-0.76294,-13.2443,6.2977,0.8779
586365067,-0.80176,-2.00000,0.01355,-41.5344,16.8397,8.7710,0.33508,-1.21216,-0.78406,-12.8626,7.7786,0.3588
586366067,-0.62231,-1.91589,-0.38977,-60.1221,29.2443,-5.6641,0.33313,-1.21301,-0.80469,-12.5267,9.3130,-0.1832
586367068,-0.29358,-0.30261,0.12988,-67.3053,37.1527,-12.3817,0.33191,-1.21399,-0.82434,-12.2061,10.8931,-0.6947
586368067,-0.01050,-0.56873,0.92554,-66.0305,23.6794,-8.9542,0.33118,-1.21606,-0.84448,-11.9389,12.4656,-1.2061
586369067,0.16760,-1.75110,1.04883,-49.6565,-8.0916,-13.0611,0.33008,-1.21826,-0.86499,-11.7099,14.0305,-1.7099
586370067,-0.20215,-2.00000,0.54492,-18.5038,-50.2595,-31.6183,0.32812,-1.22046,-0.88550,-11.5038,15.6031,-2.2290
586371067,-0.62732,-1.65076,0.34412,7.2061,-73.5954,-48.4198,0.32593,-1.22339,-0.90576,-11.3359,17.2290,-2.7634
586372067,-0.35034,-1.42896,1.07373,27.9618,-71.7023,-56.4580,0.32336,-1.22729,-0.92554,-11.2214,18.9237,-3.2977
586373068,-0.34412,-1.14270,1.22900,67.0763,-79.1221,-64.1145,0.32007,-1.23096,-0.94629,-11.2061,20.6260,-3.8092
586374067,-0.95837,-0.95972,-0.15466,114.3282,-96.2137,-70.9466,0.31494,-1.23438,-0.96741,-11.2672,22.3206,-4.3130
586375067,-1.42017,-1.18030,-2.00000,125.7634,-101.5267,-71.3053,0.30945,-1.23816,-0.98792,-11.3969,24.0076,-4.8168
586376067,-1.64819,-1.47083,-2.00000,103.1527,-87.0840,-68.9847,0.30371,-1.24243,-1.00903,-11.5878,25.6565,-5.2901
586377067,-1.83862,-1.37585,-2.00000,83.3435,-68.1832,-72.1145,0.29761,-1.24756,-1.03186,-11.8702,27.2672,-5.6870
586378067,-1.73535,-1.22058,-2.00000,79.3282,-49.0916,-76.3817,0.29028,-1.25366,-1.05652,-12.2214,28.8397,-6.0458
586379068,-1.70154,-1.37988,-2.00000,70.6794,-34.7023,-75.8092,0.28149,-1.26038,-1.08142,-12.6565,30.3282,-6.3969
586380068,-1.87317,-1.36230,-2.00000,35.9466,-4.6565,-68.6641,0.27307,-1.26770,-1.10632,-13.1756,31.7252,-6.7481
586381068,-1.66187,-0.94568,-2.00000,-20.5038,45.1145,-55.7710,0.26514,-1.27539,-1.13281,-13.7634,33.0382,-7.0840
586382068,-1.23877,-0.33252,-2.00000,-51.4351,88.9466,-46.3206,0.25781,-1.28296,-1.16101,-14.4122,34.2290,-7.3893
586383067,-1.07629,0.07605,-1.34985,-35.0611,111.6412,-43.8931,0.24963,-1.29102,-1.19043,-15.1450,35.2977,-7.6336
586384067,-0.87646,-0.09863,-0.69849,-9.8015,113.4962,-38.3740,0.24060,-1.30029,-1.22107,-15.9542,36.2748,-7.8702
586385068,-0.41699,-0.93140,0.04187,-16.7099,111.2214,-24.8473,0.23157,-1.31067,-1.25330,-16.8092,37.1603,-8.0840
586386067,-0.14795,-1.59253,0.62341,-41.7176,97.7557,-14.2519,0.22229,-1.32202,-1.28772,-17.7405,37.9008,-8.3130
586387067,0.07629,-0.93628,1.26514,-47.0458,82.7099,-18.6336,0.21338,-1.33374,-1.32288,-18.7710,38.4733,-8.5267
586388067,0.32666,0.29956,1.94934,-16.4504,57.2748,-30.1527,0.20483,-1.34546,-1.35803,-19.8931,38.9160,-8.7252
586389067,0.29944,0.54395,1.58154,25.9924,21.0992,-37.0000,0.19617,-1.35840,-1.39404,-21.0992,39.2595,-8.8931
586390068,0.18347,-0.37561,0.87427,48.6260,-5.6947,-38.9466,0.18799,-1.37183,-1.43140,-22.3740,39.4580,-9.0611
586391067,-0.04919,-1.41504,0.31958,42.6260,-22.6947,-43.7939,0.18054,-1.38440,-1.46960,-23.7252,39.5802,-9.2519
586392068,-0.33423,-1.69238,0.07703,31.6489,-24.4580,-56.4351,0.17297,-1.39624,-1.50842,-25.1603,39.5878,-9.4427
586393068,-0.45117,-1.12415,0.05847,43.8321,-18.4504,-74.9008,0.16467,-1.40796,-1.54834,-26.6565,39.4809,-9.6183
586394067,-0.54529,-0.25928,-0.17737,74.1298,-13.1908,-87.2137,0.15686,-1.41919,-1.58936,-28.2366,39.2519,-9.7939
586395068,-0.67920,0.13000,-0.62170,84.5649,-5.3282,-82.5573,0.14905,-1.42957,-1.63086,-29.8931,38.9695,-9.9847
586396068,-0.81592,-0.02380,-1.09607,59.6031,9.5191,-63.8092,0.14014,-1.43835,-1.67175,-31.6336,38.6412,-10.2137
586397068,-1.07520,-0.37842,-1.08325,19.6412,30.8092,-41.7252,0.13123,-1.44482,-1.71265,-33.4962,38.2519,-10.4885
586398067,-1.04724,-0.88977,-0.51648,-8.5344,51.3282,-23.4351,0.12329,-1.45007,-1.75427,-35.4809,37.8015,-10.7863
586399067,-0.65198,-1.35193,0.27466,-18.5115,62.9771,-13.1527,0.11536,-1.45447,-1.79590,-37.5802,37.3130,-11.1527
586400068,-0.47986,-1.20203,0.35596,-22.4351,55.5344,-9.8168,0.10718,-1.45764,-1.83667,-39.8092,36.8397,-11.5878
586401067,-0.58374,-0.21362,-0.19482,-34.5573,42.8550,-9.2366,0.10010,-1.46069,-1.87622,-42.2061,36.3969,-12.0840
586402067,-0.73267,0.49976,-0.53125,-46.1450,27.5802,-5.0153,0.09351,-1.46179,-1.91357,-44.7328,36.0000,-12.6718
586403068,-0.76282,-0.32886,-0.30164,-34.4046,10.9771,-2.7252,0.08716,-1.46179,-1.95007,-47.3588,35.6565,-13.3206
586404067,-0.84595,-2.00000,0.63354,-1.2137,-3.0305,-11.1603,0.08130,-1.46216,-1.98572,-50.1298,35.3664,-14.0076
586405067,-0.83020,-2.00000,1.13257,26.6107,-7.4198,-31.7405,0.07483,-1.46069,-2.00000,-53.0611,35.1832,-14.7252
586406067,-0.73242,-2.00000,0.64783,36.0840,-0.3511,-60.7634,0.06812,-1.45728,-2.00000,-56.1527,35.1221,-15.4809
586407067,-0.94006,-1.78259,0.09766,41.0076,9.1908,-86.0840,0.06238,-1.45349,-2.00000,-59.4046,35.2137,-16.2672
586408068,-0.88770,0.06067,-0.13513,52.3511,14.6489,-94.5573,0.05627,-1.44824,-2.00000,-62.8168,35.4580,-17.0763
586409067,-0.94275,0.18494,-1.29224,61.8855,-9.1374,-85.0305,0.05042,-1.44214,-2.00000,-66.3817,35.8550,-17.8855
586410067,-1.58960,-0.98157,-2.00000,67.3969,-43.7786,-75.7328,0.04529,-1.43616,-2.00000,-70.0840,36.4580,-18.6870
586411068,-1.52917,-1.82007,-2.00000,78.2137,-40.6412,-81.2214,0.04053,-1.42944,-2.00000,-73.9695,37.2519,-19.5267
586412068,-1.00635,-1.34436,-1.06689,72.7634,-21.9924,-89.8015,0.03735,-1.42236,-2.00000,-78.0305,38.2290,-20.3969
586413068,-1.14050,0.26746,-0.98291,46.0076,-5.8626,-86.9313,0.03577,-1.41626,-2.00000,-82.2595,39.4809,-21.2443
586414068,-1.47791,1.70752,-1.69189,37.4580,15.8626,-74.9924,0.03540,-1.41235,-2.00000,-86.6107,41.0458,-22.0611
586415067,-1.40796,1.60498,-1.78235,53.9771,49.0992,-59.1756,0.03625,-1.41016,-2.00000,-91.0305,42.9237,-22.8550
586416068,-1.08020,0.12354,-1.55249,53.6412,78.9847,-43.4733,0.03882,-1.40881,-2.00000,-95.4046,45.1298,-23.6336
586417068,-1.03784,-0.95825,-2.00000,21.5420,90.3053,-33.2824,0.04163,-1.40894,-2.00000,-99.6870,47.7099,-24.3969
586418067,-0.94714,-0.49658,-2.00000,-11.2748,94.3282,-30.2519,0.04468,-1.41125,-2.00000,-103.8626,50.7099,-25.1145
586419068,-0.35168,0.95801,-0.89014,-19.4198,98.2137,-28.4427,0.04907,-1.41602,-2.00000,-107.8550,54.1985,-25.8092
586420068,0.05115,1.95728,0.15283,-19.8092,89.2061,-14.9542,0.05396,-1.42310,-2.00000,-111.6031,58.2214,-26.4733
586421068,-0.05115,1.59790,-0.05371,-35.9084,72.5649,13.0458,0.06030,-1.43201,-2.00000,-115.0458,62.8244,-27.1374
586422067,-0.13623,0.36853,-0.16406,-63.5344,71.4580,40.0763,0.06824,-1.44226,-2.00000,-118.1603,68.0458,-27.7786
586423067,0.00256,-0.68140,0.53687,-85.0611,87.1832,51.8702,0.07751,-1.45374,-2.00000,-120.9008,73.7939,-28.3817
586424067,-0.16553,-1.37170,1.32312,-87.6565,97.8931,51.9771,0.08667,-1.46631,-2.00000,-123.2366,80.1145,-28.9389
586425067,-0.71887,-2.00000,1.76428,-68.4275,93.4962,48.3282,0.09399,-1.47974,-2.00000,-125.1450,87.1069,-29.4580
586426067,-0.42542,-2.00000,1.99994,-46.7023,95.4885,37.2672,0.10107,-1.49426,-2.00000,-126.6183,94.7557,-29.9542
586427067,0.49500,-2.00000,1.99994,-47.0687,92.6870,16.9389,0.10840,-1.51013,-2.00000,-127.6947,103.0458,-30.4275
586428067,0.45642,-1.88672,1.99994,-50.8092,58.4580,-8.8473,0.11438,-1.52637,-2.00000,-128.4046,111.9542,-30.8931
586429067,-0.02332,-0.03271,1.41101,-21.5802,8.2290,-33.0000,0.11890,-1.54211,-2.00000,-128.7405,121.4580,-31.3206
586430065,0.23059,0.14954,0.34888,16.0000,-49.6031,-41.1985,0.12219,-1.55884,-2.00000,-128.6947,131.5115,-31.7328
586431065,-0.36108,-0.93958,-1.30969,9.6641,-125.0534,-31.9924,0.12329,-1.57654,-2.00000,-128.3206,142.0458,-32.1756
586432065,-1.81934,-2.00000,-2.00000,-20.5267,-169.0076,-23.6489,0.12122,-1.59412,-2.00000,-127.6794,153.0458,-32.6489
586433068,-1.99634,-2.00000,-2.00000,-24.7252,-140.6107,-30.9008,0.11658,-1.61230,-2.00000,-126.7481,164.4885,-33.1298
586434068,-1.92578,-0.94055,-1.91663,-7.9924,-94.4580,-42.5802,0.11047,-1.63074,-2.00000,-125.5802,176.3130,-33.6794
586435067,-2.00000,1.06323,-2.00000,4.6260,-63.9313,-37.8702,0.10315,-1.64905,-2.00000,-124.2443,188.4275,-34.2901
586436068,-2.00000,1.61987,-2.00000,7.6718,-17.3206,-16.8931,0.09485,-1.66736,-2.00000,-122.7557,200.7939,-34.9237
586437068,-2.00000,0.29822,-2.00000,6.4962,36.2290,4.7863,0.08533,-1.68555,-2.00000,-121.0992,213.4275,-35.5802
586438068,-2.00000,-1.70984,-2.00000,7.1450,89.9160,10.9008,0.07397,-1.70300,-2.00000,-119.2519,226.2595,-36.3359
586439068,-2.00000,-2.00000,-2.00000,8.0229,130.2748,4.0687,0.06091,-1.71887,-2.00000,-117.2214,239.1908,-37.2290
586440068,-2.00000,-2.00000,-2.00000,2.0992,170.9771,-5.7405,0.04663,-1.73425,-2.00000,-115.1221,250.1298,-38.2137
586441068,-2.00000,-2.00000,-2.00000,-24.3206,210.1985,-8.0534,0.03308,-1.74988,-2.00000,-112.9695,250.1298,-39.3053
586442068,-2.00000,-0.35571,-2.00000,-62.7710,213.9924,0.3359,0.01953,-1.76379,-2.00000,-110.7405,250.1298,-40.5420
586443068,-2.00000,-0.22180,-2.00000,-85.3435,222.3740,15.5038,0.00537,-1.77380,-2.00000,-108.4580,250.1298,-42.0000
586444068,-1.03687,-1.69202,-1.55750,-93.2748,239.3130,23.1298,-0.00940,-1.78088,-2.00000,-106.1450,250.1298,-43.6718
586445068,-0.54272,-2.00000,-0.44788,-108.0000,224.3359,16.4427,-0.02271,-1.78613,-2.00000,-103.7634,250.1298,-45.5267
586446068,-0.90356,-2.00000,-0.49817,-112.4198,192.1221,-1.1145,-0.03394,-1.79053,-2.00000,-101.3053,250.1298,-47.5802
586447067,-0.90332,-1.08972,-0.42639,-85.3664,166.2137,-17.0305,-0.04492,-1.79419,-2.00000,-98.8168,250.1298,-49.8473
586448067,-0.69800,-0.39026,-0.02710,-50.8855,146.2214,-21.6870,-0.05664,-1.79675,-1.99841,-96.2672,250.1298,-52.3282
586449067,-0.97253,-0.23584,-0.09277,-32.8779,128.6183,-16.4733,-0.06934,-1.79858,-1.95569,-93.6565,250.1298,-55.0153
586450067,-1.49707,-0.24487,-0.46680,-25.4656,125.3511,-11.3359,-0.08325,-1.80078,-1.91052,-90.9771,250.1298,-57.9008
586451067,-1.56555,0.13599,-0.99707,-26.8168,137.6260,-7.4504,-0.09802,-1.80310,-1.86450,-88.2672,250.1298,-60.9695
586452068,-1.46472,0.74695,-2.00000,-40.3282,136.9160,4.3588,-0.11450,-1.80432,-1.81616,-85.5420,250.1298,-64.2214
586453068,-2.00000,0.95789,-2.00000,-41.7099,114.2137,20.3664,-0.13269,-1.80457,-1.76562,-82.8015,250.1298,-67.5878
586454068,-2.00000,0.37073,-2.00000,-2.5573,98.2214,25.3969,-0.15222,-1.80481,-1.71411,-80.0382,250.1298,-71.0916
586455068,-2.00000,-0.42334,-2.00000,46.1908,83.6641,18.4275,-0.17383,-1.80396,-1.66101,-77.2672,250.1298,-74.6947
586456068,-2.00000,-0.74475,-2.00000,54.2366,76.3511,12.0382,-0.19702,-1.80164,-1.60535,-74.5344,250.1298,-78.3893
586457068,-2.00000,-0.83594,-2.00000,46.5344,119.4962,3.3282,-0.22205,-1.79932,-1.54749,-71.8855,250.1298,-82.1450
586458068,-2.00000,-1.27612,-2.00000,59.8931,208.0840,-12.9160,-0.24915,-1.79651,-1.48914,-69.3359,250.1298,-85.9924
586459067,-2.00000,-2.00000,-2.00000,87.2290,250.1298,-33.6870,-0.27722,-1.79236,-1.43030,-66.8702,250.1298,-89.8931
586460067,-2.00000,-2.00000,-2.00000,106.6183,250.1298,-57.5038,-0.30505,-1.78809,-1.36951,-64.5115,250.1298,-93.7328
586461068,-2.00000,-2.00000,-2.00000,93.7557,250.1298,-69.4885,-0.33276,-1.78320,-1.30737,-62.2672,250.1298,-97.5496
586462067,-2.00000,-2.00000,-2.00000,46.2595,250.1298,-64.4885,-0.38916,-1.77246,-1.18005,-58.1145,250.1298,-105.1145
586463067,-2.00000,-1.16235,-2.00000,9.2061,250.1298,-55.2977,-0.41785,-1.76733,-1.11292,-56.2137,250.1298,-108.8015
586464068,-2.00000,-0.12842,-2.00000,4.4351,250.1298,-42.9160,-0.44568,-1.76086,-1.04468,-54.4351,250.1298,-112.4275
586465067,-2.00000,0.85181,-2.00000,6.7634,250.1298,-23.5038,-0.47388,-1.75171,-0.97546,-52.8168,250.1298,-115.9771
586466068,-0.89624,1.53601,-0.64856,10.7863,250.1298,-4.7481,-0.50171,-1.73999,-0.90454,-51.3435,250.1298,-119.4351
586467067,0.74841,1.75806,1.33276,25.9924,250.1298,10.3740,-0.52881,-1.72668,-0.83228,-50.0305,250.1298,-122.7786
586468067,-1.00647,1.54102,-1.18127,74.5496,250.1298,12.6183,-0.55554,-1.71204,-0.75854,-48.8702,250.1298,-126.0382
586469067,-2.00000,0.88098,-2.00000,175.3359,232.9084,-12.1374,-0.58228,-1.69495,-0.68298,-47.8931,250.1298,-129.2061
586470068,-2.00000,-0.32568,-2.00000,250.1298,230.5649,-55.8244,-0.60889,-1.67542,-0.60522,-47.1298,250.1298,-132.2443
586471068,-2.00000,-1.81567,-2.00000,250.1298,238.0305,-93.3817,-0.63501,-1.65356,-0.52710,-46.5954,250.1298,-135.1603
586472068,-2.00000,-2.00000,-2.00000,250.1298,250.1298,-130.3130,-0.66101,-1.62988,-0.45044,-46.2824,250.1298,-137.9542
586473068,-2.00000,-0.68933,-2.00000,250.1298,250.1298,-167.4351,-0.68665,-1.60437,-0.37305,-46.1908,250.1298,-140.6260
586474068,-2.00000,0.84094,-2.00000,250.1298,250.1298,-183.2595,-0.71240,-1.57629,-0.29590,-46.3435,250.1298,-143.1603
586475068,-2.00000,-0.82666,-2.00000,250.1298,250.1298,-154.9542,-0.73865,-1.54578,-0.21936,-46.7939,250.1298,-145.5649
586476068,-2.00000,-2.00000,-2.00000,250.1298,250.1298,-111.8321,-0.76306,-1.51453,-0.14197,-47.5802,250.1298,-147.8168
586477067,-2.00000,-2.00000,-2.00000,250.1298,250.1298,-113.6718,-0.78650,-1.48267,-0.06409,-48.6641,250.1298,-149.8931
586478068,-2.00000,-2.00000,-2.00000,250.1298,250.1298,-148.7481,-0.81079,-1.45129,0.01343,-50.0458,250.1298,-151.7481
586479067,-2.00000,-0.42883,-2.00000,214.0840,250.1298,-160.4504,-0.83545,-1.41980,0.09058,-51.7405,250.1298,-153.3740
586480068,-2.00000,1.44189,-0.41797,142.7328,250.1298,-145.6031,-0.85840,-1.38879,0.16711,-53.7481,250.1298,-154.7939
586481068,-2.00000,1.34424,1.04773,125.1985,250.1298,-136.8015,-0.87878,-1.35889,0.24280,-56.0076,250.1298,-155.9924
586482068,-1.98975,-0.11096,1.99994,173.0611,250.1298,-154.5038,-0.89807,-1.32910,0.31812,-58.5038,250.1298,-156.9542
586483068,-0.65198,-1.16638,1.99994,232.1603,250.1298,-194.4809,-0.91650,-1.30017,0.39148,-61.2519,250.1298,-157.6412
586484068,-0.48730,-0.27820,1.99994,250.1298,250.1298,-225.8550,-0.93372,-1.27258,0.46265,-64.1985,250.1298,-158.0382
586485067,-1.23303,1.99994,1.99994,239.6870,250.1298,-230.9771,-0.94861,-1.24683,0.53271,-67.2748,250.1298,-158.1832
586486067,-0.71655,1.99994,1.99994,250.1298,250.1298,-213.5802,-0.96179,-1.22327,0.60132,-70.4504,250.1298,-158.0992
586487064,-0.30518,1.99994,1.99994,250.1298,250.1298,-189.6794,-0.97534,-1.20142,0.66882,-73.6947,250.1298,-157.8092
586488065,0.35999,0.84680,1.99994,250.1298,250.1298,-144.3359,-0.98767,-1.18079,0.73657,-76.9695,250.1298,-157.2977
586489069,-1.60486,0.99341,1.99994,250.1298,250.1298,-123.2137,-0.99768,-1.16138,0.80286,-80.2366,250.1298,-156.5725
586490068,-2.00000,1.55103,0.55457,250.1298,250.1298,-123.1527,-1.00684,-1.14392,0.86621,-83.4656,250.1298,-155.6107
586491068,-2.00000,0.16528,0.57666,250.1298,250.1298,-126.1145,-1.01562,-1.12878,0.92749,-86.5802,250.1298,-154.4427
586492068,-2.00000,-2.00000,-1.45532,250.1298,250.1298,-130.4962,-1.02368,-1.11438,0.98669,-89.5420,250.1298,-153.0916
586493068,-2.00000,-2.00000,-2.00000,250.1298,250.1298,-159.3130,-1.03003,-1.10034,1.04431,-92.3282,250.1298,-151.5954
586494068,-2.00000,-2.00000,-2.00000,250.1298,250.1298,-198.5191,-1.03455,-1.08643,1.10059,-94.9542,250.1298,-149.9389
586495067,-2.00000,-2.00000,-2.00000,250.1298,250.1298,-227.5115,-1.03784,-1.07336,1.15466,-97.3817,250.1298,-148.1450
586496068,-2.00000,-0.13806,-1.07947,211.3053,250.1298,-239.4504,-1.03918,-1.06201,1.20618,-99.6031,250.1298,-146.2443
586497067,-2.00000,0.80811,1.99994,193.9466,250.1298,-226.9008,-1.03967,-1.05139,1.25562,-101.6565,250.1298,-144.2595
586498068,-2.00000,-1.56653,1.99994,147.3969,250.1298,-179.5191,-1.03943,-1.04077,1.30273,-103.5267,250.1298,-142.2061
586499067,-2.00000,-2.00000,1.99994,60.1069,250.1298,-144.0916,-1.03772,-1.03101,1.34814,-105.1985,250.1298,-140.0840
586500067,-2.00000,-2.00000,1.99994,42.9771,250.1298,-163.4656,-1.03418,-1.02307,1.39233,-106.6870,250.1298,-137.9389
586501067,-1.40173,1.60046,1.99994,131.7099,250.1298,-212.5649,-1.02869,-1.01477,1.43408,-107.9924,250.1298,-135.7557
586502067,0.60974,1.99994,1.99994,235.2366,250.1298,-232.3740,-1.02087,-1.00549,1.47302,-109.1756,250.1298,-133.5344
586503067,0.43115,1.99994,1.99994,250.1298,250.1298,-216.5496,-1.01038,-0.99585,1.51111,-110.2595,250.1298,-131.2748
586504067,-0.27966,0.54285,1.99994,250.1298,250.1298,-202.4885,-0.99609,-0.98743,1.54590,-111.1985,250.1298,-128.9924
586505067,-1.45605,-2.00000,1.99994,250.1298,250.1298,-213.7786,-0.97949,-0.98022,1.58008,-112.0229,250.1298,-126.6947
586506067,-2.00000,-2.00000,0.20288,250.1298,250.1298,-250.1374,-0.96411,-0.97107,1.62244,-112.7328,250.1298,-124.3511
586507067,-2.00000,-2.00000,0.44141,250.1298,250.1298,-250.1374,-0.94788,-0.96008,1.65820,-113.3817,250.1298,-121.9466
586508067,-2.00000,1.22229,1.87085,250.1298,250.1298,-250.1374,-0.92969,-0.94885,1.68335,-113.9695,250.1298,-119.5496
586509067,-2.00000,1.99994,-0.94312,250.1298,250.1298,-250.1374,-0.91199,-0.93689,1.70972,-114.4885,250.1298,-117.2137
586510067,-2.00000,0.31152,-2.00000,250.1298,250.1298,-244.9313,-0.89417,-0.92456,1.73621,-114.9695,250.1298,-114.9542
586511068,-2.00000,-2.00000,-2.00000,202.0840,250.1298,-210.5649,-0.87634,-0.91125,1.76172,-115.4122,250.1298,-112.7786
586512068,-2.00000,-2.00000,-1.82434,170.9542,250.1298,-220.8015,-0.85706,-0.89758,1.78613,-115.7634,250.1298,-110.7634
586513068,-2.00000,-1.31885,-1.59668,129.2366,250.1298,-228.3664,-0.83459,-0.88452,1.80774,-115.9771,250.1298,-108.8473
586514068,-2.00000,1.03687,-0.87036,87.9542,250.1298,-209.1985,-0.81104,-0.87073,1.82654,-116.0611,250.1298,-106.9771
586515067,-2.00000,1.12378,1.02124,80.1908,250.1298,-173.5573,-0.78772,-0.85693,1.84680,-116.0305,250.1298,-105.2595
586516068,-2.00000,-0.36011,1.56836,97.1985,250.1298,-159.5802,-0.76270,-0.84460,1.86633,-115.8473,250.1298,-103.7252
586517067,-2.00000,-1.43237,1.99994,129.1069,250.1298,-186.2443,-0.73572,-0.83301,1.88464,-115.4733,250.1298,-102.3359
586518067,-0.88525,-0.06201,1.99994,185.8931,250.1298,-243.8168,-0.70923,-0.81970,1.90247,-114.8931,250.1298,-101.0153
586519067,0.13330,1.99994,1.99994,222.7557,250.1298,-250.1374,-0.68445,-0.80481,1.91797,-114.1527,250.1298,-99.9084
586520064,0.25391,1.99994,1.99994,221.4885,250.1298,-250.1374,-0.66040,-0.79065,1.93201,-113.2519,250.1298,-98.9389
586521069,1.05811,1.99994,1.99994,242.3740,250.1298,-250.1374,-0.63562,-0.77734,1.94470,-112.1832,250.1298,-98.0992
586522068,1.15808,1.34375,1.99994,250.1298,250.1298,-250.1374,-0.61035,-0.76428,1.95544,-110.9313,250.1298,-97.4046
586523068,-0.30127,-0.40845,1.99994,250.1298,250.1298,-232.5344,-0.58704,-0.75159,1.96680,-109.5038,250.1298,-96.8397
586524067,-0.39954,-0.47107,1.99994,209.3130,250.1298,-210.1832,-0.56531,-0.73804,1.97852,-107.9389,250.1298,-96.3969
586525067,0.67419,1.99994,1.99994,157.8321,250.1298,-180.6718,-0.54370,-0.72412,1.98987,-106.2214,250.1298,-96.0153
586526065,1.09058,1.99994,1.99994,81.8779,250.1298,-125.0534,-0.52234,-0.71155,1.99994,-104.3664,249.2824,-95.6641
586527068,0.74121,1.99994,1.99994,12.5191,250.1298,-57.7023,-0.50159,-0.69983,1.99994,-102.3511,245.6870,-95.3511
586528068,0.38635,1.37622,1.99994,11.2748,250.1298,-20.4733,-0.48169,-0.68933,1.99994,-100.1756,242.4427,-95.0534
586529068,0.74036,-1.97632,1.99994,40.3206,250.1298,-18.0763,-0.46191,-0.68042,1.99994,-97.8397,239.5573,-94.7481
586530068,0.49951,-2.00000,1.99994,27.2443,250.1298,-38.2137,-0.44238,-0.67200,1.99994,-95.3664,236.9924,-94.4504
586531068,0.07239,-1.15894,1.99994,5.4198,250.1298,-69.6489,-0.42249,-0.66357,1.99994,-92.7557,234.7176,-94.1221
586532068,0.74463,1.96826,1.99994,26.7634,248.5496,-93.3282,-0.40381,-0.65466,1.99994,-90.0153,232.7099,-93.7634
586533068,0.53442,1.99994,1.99994,66.1069,199.5802,-95.1832,-0.38684,-0.64612,1.99994,-87.1450,230.9542,-93.3588
586534067,-0.62219,0.93237,1.99994,82.8702,155.5038,-81.4504,-0.37048,-0.63733,1.99994,-84.1450,229.3969,-92.9084
586535067,-0.85571,-2.00000,1.99994,81.8779,160.2214,-77.1679,-0.35510,-0.62805,1.99994,-81.0076,228.0534,-92.3588
586536067,-0.82410,-2.00000,1.99994,66.1221,190.9008,-88.5115,-0.34070,-0.61890,1.99994,-77.7710,226.9542,-91.7099
586537068,-1.47534,-0.89038,1.99994,44.8244,213.7176,-98.6107,-0.32739,-0.60974,1.99994,-74.4427,226.0153,-90.9847
586538068,-1.60645,1.25989,1.21680,35.0382,243.3359,-90.0687,-0.31506,-0.60071,1.99994,-71.0229,225.1908,-90.1985
586539068,-1.01123,1.79077,1.60229,22.2901,250.1298,-58.4504,-0.30298,-0.59131,1.99994,-67.5344,224.4427,-89.3664
586540068,-0.87537,0.77393,1.99994,-23.5649,250.1298,-16.6336,-0.29260,-0.58130,1.99994,-64.0382,223.7634,-88.4427
586541067,-0.83154,-1.38660,1.99994,-78.7099,250.1298,15.4427,-0.28613,-0.57080,1.99994,-60.5267,223.1069,-87.4427
586542067,-0.35413,-2.00000,1.99994,-89.7863,250.1298,16.9237,-0.28162,-0.56006,1.99994,-57.0305,222.4427,-86.3740
586543068,0.52246,-2.00000,1.99994,-69.3969,250.1298,-5.5802,-0.27612,-0.54907,1.99994,-53.5344,221.7634,-85.2290
586544068,0.92249,-0.14294,1.99994,-77.2443,245.8779,-19.4809,-0.27087,-0.53833,1.99994,-50.0763,221.0687,-84.0458
586545067,0.60596,1.89172,1.99994,-117.1145,201.0916,-4.7328,-0.26746,-0.52759,1.99994,-46.6565,220.3206,-82.8168
586546067,0.73254,1.09229,1.99994,-136.5649,163.5649,20.3588,-0.26550,-0.51611,1.99994,-43.3359,219.4809,-81.5420
586547068,0.92578,-1.03870,1.99994,-116.1603,118.2137,25.0840,-0.26538,-0.50342,1.99994,-40.1374,218.5344,-80.2214
586548067,0.36450,-2.00000,1.99994,-78.3664,62.4046,13.1679,-0.26611,-0.48975,1.99994,-37.0229,217.4427,-78.9084
586549067,-0.68628,-2.00000,1.80103,-37.7634,24.6794,-6.2443,-0.26721,-0.47534,1.99994,-33.9924,216.1908,-77.6107
586550068,-1.58740,-2.00000,0.82422,13.0687,20.5115,-39.5802,-0.26892,-0.46069,1.99994,-31.0992,214.7557,-76.3511
586551068,-1.60962,-1.96411,-0.38159,66.7557,38.9160,-80.4122,-0.27185,-0.44592,1.99994,-28.3740,213.1298,-75.0763
586552067,-1.15369,0.93799,-1.29114,92.8244,69.1832,-104.0076,-0.27539,-0.42993,1.99994,-25.8015,211.2901,-73.7786
586553068,-1.08594,1.74048,-1.57520,89.1298,91.1145,-101.2443,-0.27808,-0.41296,1.99994,-23.4427,209.2366,-72.4504
586554067,-2.00000,0.10901,-2.00000,78.1450,95.8168,-88.5115,-0.28149,-0.39490,1.99994,-21.3130,206.9695,-71.1145
586555068,-2.00000,-2.00000,-2.00000,74.9695,94.3359,-85.1221,-0.28491,-0.37646,1.99994,-19.4427,204.4656,-69.7634
586556068,-2.00000,-2.00000,-2.00000,76.2290,131.1985,-97.2137,-0.28870,-0.35706,1.99994,-17.8168,201.6794,-68.3664
586557067,-2.00000,-2.00000,-2.00000,55.2214,196.3969,-109.5649,-0.29419,-0.33728,1.99994,-16.5115,198.6412,-66.9160
586558068,-1.89819,0.57068,-1.44214,4.1908,245.2366,-97.8855,-0.30029,-0.31885,1.99994,-15.5573,195.3130,-65.4046
586559068,-2.00000,1.99994,-1.73621,-43.7176,250.1298,-57.4351,-0.30518,-0.30225,1.99994,-14.9313,191.6718,-63.8473
586560068,-2.00000,0.82727,-2.00000,-73.7939,250.1298,-14.6107,-0.30896,-0.28589,1.99994,-14.6489,187.7634,-62.2137
586561068,-1.88977,-1.25793,-1.40076,-93.9160,250.1298,6.3893,-0.31189,-0.26990,1.99994,-14.6870,183.6183,-60.5344
586562067,-0.83154,-1.99011,0.83716,-108.9847,250.1298,2.5649,-0.31543,-0.24182,1.99994,-15.7634,174.5420,-56.9008
586563067,-0.08459,-1.82373,1.99994,-119.2214,250.1298,-5.9313,-0.31616,-0.22961,1.99994,-16.7634,169.6412,-54.9389
586564067,0.28418,-1.52710,1.99994,-113.8168,250.1298,-13.6183,-0.31580,-0.21826,1.99994,-18.0000,164.5038,-52.9008
586565067,0.29749,-0.58899,1.99994,-71.3053,250.1298,-30.6183,-0.31494,-0.20850,1.99994,-19.4656,159.1527,-50.8015
586566067,0.31006,0.62671,1.99994,-14.1603,235.6489,-51.5878,-0.31421,-0.20007,1.99994,-21.1527,153.5649,-48.5954
586567067,0.53381,0.90039,1.99994,25.2366,214.3130,-65.7634,-0.31238,-0.19299,1.99994,-23.0153,147.7863,-46.2901
586568067,0.83801,-0.20166,1.99994,70.4198,187.1374,-77.7710,-0.30933,-0.18811,1.99994,-25.0382,141.8168,-43.8626
586569067,0.32642,-1.41418,1.99994,129.3435,146.9389,-95.4427,-0.30579,-0.18494,1.99994,-27.1832,135.6718,-41.3435
586570067,-0.35156,-1.91431,1.99994,162.0000,110.5649,-109.2672,-0.30164,-0.18298,1.99994,-29.4351,129.4122,-38.7405
586571067,-0.62170,-1.76001,0.92371,163.9008,97.5954,-117.2214,-0.29688,-0.18359,1.99994,-31.7405,123.0382,-36.0763
586572068,-1.56580,-1.86292,0.11292,160.1374,95.2366,-116.9313,-0.29114,-0.18665,1.99994,-34.0534,116.5038,-33.3053
586573067,-2.00000,-2.00000,-0.52808,136.7405,103.4962,-108.0763,-0.28406,-0.19116,1.99994,-36.3511,109.9313,-30.4580
586574068,-2.00000,-1.62756,-0.81494,67.8321,139.2137,-92.4809,-0.27576,-0.19788,1.99994,-38.6260,103.3053,-27.5725
586575068,-1.88391,-0.28101,-0.23291,-11.7710,191.2595,-75.6031,-0.26697,-0.20605,1.99994,-40.8473,96.6031,-24.6565
586576068,-2.00000,0.83228,0.92969,-54.7863,241.0534,-61.6336,-0.25806,-0.21484,1.99994,-43.0229,89.8626,-21.7099
586577068,-1.89380,0.60547,0.98206,-77.8931,250.1298,-42.1298,-0.24841,-0.22375,1.99994,-45.1069,83.1374,-18.7557
586578067,-1.31934,-0.48315,0.46655,-102.1221,250.1298,-20.7786,-0.23816,-0.23242,1.99994,-47.0992,76.4351,-15.8015
586579067,-0.95459,-0.54138,1.83667,-107.1298,250.1298,-17.9466,-0.22742,-0.24170,1.99994,-49.0229,69.7863,-12.8550
586580067,-0.15698,0.35730,1.99994,-73.3969,250.1298,-31.8015,-0.21655,-0.25073,1.99994,-50.9160,63.1908,-9.9542
586581065,0.21594,0.22693,1.99994,2.4427,250.1298,-49.4962,-0.20618,-0.25964,1.99994,-52.7557,56.6641,-7.0992
586582065,-0.24353,-0.96204,1.99994,101.8779,199.4809,-74.4504,-0.19629,-0.26929,1.99994,-54.5649,50.2137,-4.3130
586583069,-0.02002,-1.47437,1.99994,167.7328,172.1298,-103.0687,-0.18628,-0.27917,1.99994,-56.3664,43.8397,-1.5573
586584068,0.31958,-0.95471,1.99994,167.6183,161.2061,-123.5267,-0.17603,-0.28931,1.99994,-58.1527,37.5191,1.1069
586585068,0.15271,-0.30212,1.99994,152.1603,161.5267,-138.5573,-0.16467,-0.29944,1.99994,-59.9084,31.2519,3.6489
586586068,0.55823,-0.07617,1.99994,173.8015,169.7176,-153.2977,-0.15234,-0.31055,1.99194,-61.6489,25.1527,6.0992
586587068,0.79089,-0.37000,1.99994,184.0992,146.8550,-152.3511,-0.14001,-0.32349,1.97839,-63.3969,19.2214,8.4122
586588067,0.26575,-0.77246,1.99994,116.9924,123.5954,-129.6412,-0.12866,-0.33765,1.96387,-65.1527,13.4198,10.6336
586589067,-0.03333,-0.49512,1.99994,10.7634,134.1374,-100.7634,-0.11804,-0.35193,1.94763,-66.8855,7.6870,12.7710
586590067,0.12317,0.30969,1.99994,-54.1069,146.9084,-76.5954,-0.10583,-0.36743,1.93066,-68.5802,2.0534,14.8244
586591067,0.30566,0.93909,1.99994,-70.8702,135.8779,-53.8397,-0.09326,-0.38440,1.91272,-70.1756,-3.4580,16.7786
586592068,0.60925,1.18652,1.99994,-75.6489,117.8855,-28.7710,-0.08118,-0.40173,1.89307,-71.6641,-8.8168,18.6260
586593067,0.96960,1.20532,1.99994,-93.6336,107.8702,-3.8321,-0.06860,-0.41870,1.87219,-73.0458,-14.0458,20.3435
586594067,1.12683,0.99243,1.99994,-123.6641,102.5725,14.3740,-0.05530,-0.43530,1.85095,-74.3282,-19.1679,21.9847
586595068,0.96179,0.71411,1.99994,-126.6412,85.1221,15.2901,-0.04211,-0.45239,1.82947,-75.4656,-24.1908,23.5038
586596067,0.73132,0.54297,1.99994,-75.1145,50.6565,-2.3435,-0.02917,-0.46948,1.80750,-76.4656,-29.0840,24.8855
586597067,0.79333,0.49963,1.99994,-18.3664,19.7786,-25.2366,-0.01660,-0.48706,1.78503,-77.3511,-33.7939,26.1679
586598067,0.99915,0.70984,1.99994,-12.8092,15.0076,-39.8397,-0.00317,-0.50574,1.76135,-78.0916,-38.3893,27.3893
586599067,1.29150,0.86414,1.99994,-33.4275,29.4198,-44.1756,0.01135,-0.52441,1.73669,-78.7023,-42.8779,28.5344
586600067,1.44702,1.29846,1.99994,-42.7099,27.2366,-46.2214,0.02551,-0.54285,1.71094,-79.1756,-47.2290,29.5954
586601067,1.19739,1.99994,1.99994,-39.1069,7.7252,-45.8321,0.04126,-0.56213,1.68433,-79.4580,-51.4351,30.5496
586602067,0.96741,1.99994,1.99994,-33.6031,-9.9695,-33.3893,0.05798,-0.58105,1.65723,-79.5344,-55.5038,31.4122
586603068,1.15686,1.99994,1.99994,-53.2061,-19.5878,-4.3588,0.07349,-0.59863,1.62964,-79.4275,-59.4122,32.2061
586604068,1.51379,1.99994,1.99994,-105.7176,-34.1756,33.1298,0.08923,-0.61597,1.60242,-79.1450,-63.1450,32.9313
586605067,1.52185,1.99994,1.99994,-138.7481,-59.1298,62.7023,0.10632,-0.63257,1.57532,-78.7099,-66.6489,33.5878
586606068,1.16626,1.99994,1.99994,-123.8015,-78.8015,80.7710,0.12415,-0.64844,1.54785,-78.1298,-69.9389,34.1679
586607067,1.16565,1.99994,1.99994,-110.5420,-79.9389,102.1603,0.14197,-0.66357,1.52075,-77.3740,-73.0229,34.7099
586608068,1.08301,1.99994,1.99994,-135.6794,-78.9313,133.5725,0.15906,-0.67834,1.49353,-76.4580,-75.9160,35.2061
586609068,0.50085,1.84631,1.98413,-167.8244,-81.6183,155.7099,0.17603,-0.69397,1.46655,-75.3588,-78.5725,35.6031
586610067,0.66333,1.43530,1.99994,-169.8321,-71.4122,154.6489,0.19312,-0.70935,1.43970,-74.0916,-80.9389,35.9237
586611068,0.86279,1.99994,1.99994,-157.7023,-76.4962,147.5191,0.21008,-0.72290,1.41345,-72.6489,-83.0763,36.1527
586612067,0.51343,1.99994,1.37805,-154.3053,-92.5802,151.4962,0.22742,-0.73572,1.38818,-71.0534,-85.0305,36.2824
586613067,0.48279,1.94897,1.14685,-159.7023,-101.6947,166.4046,0.24561,-0.74854,1.36292,-69.3588,-86.7328,36.3206
586614067,0.41040,1.00452,1.30542,-168.5038,-110.1832,180.1603,0.26404,-0.76050,1.33655,-67.5420,-88.1298,36.3206
586615067,0.29431,0.35156,1.12061,-164.2824,-114.7328,181.0534,0.28174,-0.77087,1.30933,-65.5725,-89.2137,36.2214
586616067,0.20898,0.47229,0.74316,-130.9160,-117.3969,168.3206,0.29858,-0.78076,1.28223,-63.4351,-90.0153,36.0076
586617067,-0.30054,1.36743,0.81653,-81.6183,-116.5802,160.1985,0.31519,-0.78992,1.25464,-61.1374,-90.5496,35.7252
586618068,-0.18433,0.84021,0.89539,-96.1145,-108.0687,171.6870,0.33057,-0.79724,1.22644,-58.7405,-90.8397,35.3817
586619068,-0.34277,-0.20312,0.68799,-94.4275,-104.7252,174.3511,0.34399,-0.80273,1.19971,-56.2443,-90.9008,34.9695
586620068,-0.57581,-0.97156,0.53589,-72.7176,-103.5649,164.3893,0.35657,-0.80774,1.17407,-53.6718,-90.7405,34.4656
586621067,-0.49402,-1.14734,0.60437,-77.5725,-98.0534,161.2290,0.36926,-0.81287,1.14966,-51.0305,-90.3664,33.9084
586622068,-0.44226,-1.06506,0.70569,-129.6870,-92.4656,176.3817,0.38049,-0.81702,1.12622,-48.3359,-89.7710,33.2901
586623067,-0.34460,-1.02673,0.86377,-182.8626,-84.7176,194.9389,0.39062,-0.81982,1.10120,-45.5878,-89.0076,32.5725
586624067,-0.19910,-1.08228,1.13501,-198.4504,-86.7786,203.4046,0.40112,-0.82080,1.07446,-42.8092,-88.0916,31.7939
586625067,-0.06396,-1.34521,1.07373,-194.0000,-100.9847,205.4885,0.41089,-0.82043,1.04736,-40.0076,-87.0382,30.9924
586626067,0.17078,-1.63428,0.84106,-201.0687,-113.5115,205.0916,0.42004,-0.82043,1.02148,-37.1908,-85.8855,30.1221
586627067,0.25061,-1.55164,0.75256,-217.4198,-122.5344,200.3206,0.42810,-0.81970,0.99707,-34.3435,-84.6565,29.1832
586628068,0.13904,-1.03503,1.22131,-212.0153,-128.2214,185.4656,0.43384,-0.81750,0.97241,-31.5038,-83.3359,28.2443
586629068,0.06946,-0.66150,1.99994,-167.7252,-129.1374,162.5954,0.43872,-0.81470,0.94727,-28.7405,-81.9542,27.3053
586630067,-0.03638,-1.00732,1.99994,-115.3435,-135.6412,142.8626,0.44360,-0.81104,0.92249,-26.0382,-80.5344,26.3588
586631067,-0.26660,-1.79187,1.01978,-91.4656,-139.8015,131.1069,0.44739,-0.80603,0.89844,-23.4046,-79.1069,25.4198
586632067,-0.54419,-2.00000,0.50244,-89.7786,-134.5725,121.6641,0.45056,-0.80054,0.87488,-20.8473,-77.6718,24.4656
586633067,-0.56067,-2.00000,0.82312,-108.9771,-123.1603,116.5267,0.45459,-0.79504,0.85120,-18.4122,-76.2366,23.5496
586634068,-0.15723,-1.58936,1.02271,-157.0534,-119.3969,125.4427,0.45764,-0.78894,0.82666,-16.0916,-74.8168,22.6565
586635067,0.02039,-0.39697,0.51917,-204.4580,-132.3740,144.4885,0.45996,-0.78247,0.80164,-13.8779,-73.4198,21.8092
586636068,-0.11877,0.40100,0.22961,-231.9924,-143.2595,166.6794,0.46265,-0.77637,0.77722,-11.7328,-72.0534,21.0229
586637068,-0.02332,0.82349,0.76758,-250.1374,-142.6489,191.6183,0.46472,-0.76990,0.75452,-9.6870,-70.6947,20.2672
586638068,-0.09741,0.87317,1.04578,-250.1374,-146.0458,212.8168,0.46643,-0.76282,0.73315,-7.7710,-69.3893,19.5954
586639068,-0.24365,0.25623,0.43665,-250.1374,-151.6336,211.5954,0.46826,-0.75671,0.71179,-5.9618,-68.1374,19.0076
586640068,-0.13513,-0.31848,0.22717,-195.0687,-152.2672,186.2137,0.47021,-0.75122,0.69092,-4.2366,-66.9160,18.4885
586641068,0.01624,-0.30029,0.25134,-141.3588,-159.2824,157.3511,0.47290,-0.74475,0.67163,-2.6107,-65.7023,18.0534
586642067,-0.35596,-0.42480,-0.24329,-106.2137,-166.6412,137.4580,0.47485,-0.73877,0.65405,-1.0916,-64.4885,17.6641
586643067,-1.75500,-1.63916,-1.53552,-60.8244,-185.9389,122.7099,0.47510,-0.73425,0.63513,0.3511,-63.3206,17.3664
586644067,-2.00000,-2.00000,-2.00000,2.9618,-190.4580,106.1450,0.47449,-0.73035,0.61523,1.7023,-62.2366,17.1298
586645068,-2.00000,-2.00000,-2.00000,33.7328,-163.0763,94.3664,0.47449,-0.72717,0.59595,2.9389,-61.1908,16.9771
586646068,-2.00000,-2.00000,-1.40735,-27.1145,-110.3053,90.3969,0.47498,-0.72461,0.57715,4.0992,-60.2061,16.9084
586647068,-1.41882,-2.00000,-0.71741,-140.2061,-54.1374,95.0076,0.47522,-0.72192,0.55798,5.1832,-59.2748,16.9160
586648067,-1.96216,-1.45276,-1.51050,-200.6183,-31.2977,102.1450,0.47461,-0.71936,0.53833,6.1832,-58.4198,16.9847
586649067,-2.00000,-1.74890,-1.68530,-197.6183,-14.9847,112.5344,0.47375,-0.71753,0.51892,7.0916,-57.6489,17.1145
586650068,-1.58997,-2.00000,0.08313,-203.3130,19.9313,123.0153,0.47327,-0.71631,0.49780,7.9084,-56.9542,17.2901
586651068,-0.40149,-2.00000,1.58044,-250.1374,36.3053,116.2443,0.47241,-0.71533,0.47742,8.6565,-56.3435,17.5267
586652068,-0.13647,-2.00000,1.99994,-250.1374,27.9389,80.6870,0.47119,-0.71362,0.45959,9.3282,-55.8321,17.7939
586653068,0.31482,-0.73438,1.99994,-190.4809,-1.1985,31.3511,0.46985,-0.71216,0.44116,9.8931,-55.3969,18.1069
586654068,0.68677,-0.10266,1.99994,-54.8626,-54.5038,-4.1679,0.46826,-0.71204,0.42163,10.3206,-55.0458,18.4809
586655067,0.78943,-1.35339,1.99994,16.9008,-103.6336,-16.2824,0.46692,-0.71155,0.40247,10.6565,-54.8092,18.8702
586656067,0.82166,-2.00000,1.99994,15.3893,-124.9466,-18.8321,0.46619,-0.71094,0.38428,10.9008,-54.6794,19.2748
586657067,0.54395,-2.00000,1.99994,8.0534,-131.0229,-26.8626,0.46594,-0.70996,0.36646,11.0534,-54.6489,19.6870
586658068,0.14380,-2.00000,1.42017,33.5725,-140.3817,-40.7328,0.46680,-0.70850,0.34863,11.0916,-54.6870,20.1145
586659068,-0.19751,-1.15015,0.53833,70.5573,-157.0840,-47.8779,0.46814,-0.70715,0.33118,11.0305,-54.8015,20.5191
586660068,-0.44934,-0.37341,-0.53088,62.9084,-162.4198,-34.8779,0.46936,-0.70532,0.31335,10.8702,-54.9924,20.9313
586661068,-0.52502,-0.58069,-1.15137,-6.7863,-143.1679,-5.6718,0.47046,-0.70288,0.29675,10.6565,-55.2443,21.3282
586662068,-0.60681,-1.33850,-1.40381,-71.0000,-121.0611,14.1985,0.47217,-0.70093,0.28052,10.3435,-55.5954,21.7099
586663067,-0.69800,-1.68408,-1.19739,-64.8626,-103.3359,6.0076,0.47876,-0.70081,0.24512,9.4351,-56.4122,22.4275
586664067,-0.71997,-1.41260,-0.98645,-18.9695,-98.0000,-16.2137,0.48181,-0.70264,0.22766,8.8702,-56.8550,22.7634
586665067,-0.75476,-1.11743,-1.60181,-0.8779,-95.4198,-27.5344,0.48511,-0.70630,0.21143,8.2290,-57.3511,23.0840
586666067,-0.74683,-1.05542,-2.00000,-9.9542,-84.4122,-28.8779,0.48901,-0.71069,0.19531,7.5267,-57.8931,23.3893
586667067,-0.65356,-0.90332,-1.88025,-0.2519,-68.5191,-36.2214,0.49243,-0.71509,0.17981,6.7710,-58.4275,23.6718
586668067,-0.41858,-0.81067,-1.11340,39.0382,-56.5420,-51.6794,0.49609,-0.71973,0.16504,6.0000,-58.9466,23.9313
586669067,-0.37036,-0.73584,-1.12952,79.2214,-53.9084,-67.4580,0.49988,-0.72461,0.15088,5.1985,-59.4504,24.1679
586670068,-0.58960,-0.40015,-1.64417,92.4885,-46.1450,-75.1069,0.50342,-0.72925,0.13660,4.3817,-59.9466,24.4198
586671067,-0.61890,-0.18323,-1.60376,72.9695,-26.2214,-70.3588,0.50708,-0.73389,0.12183,3.5344,-60.4351,24.6794
586672068,-0.36255,-0.42456,-0.96094,45.0382,-6.7786,-60.4046,0.51111,-0.73938,0.10767,2.6489,-60.8855,24.9313
586673068,-0.13684,-0.77783,-0.41150,43.3588,-1.6947,-58.1603,0.51514,-0.74500,0.09473,1.7634,-61.2748,25.1450
586674068,-0.03894,-0.74060,-0.32056,67.4046,-7.0687,-65.4122,0.51868,-0.75098,0.08179,0.8397,-61.6336,25.3282
586675068,0.05591,-0.25793,-0.30652,80.4046,-11.8092,-71.5802,0.52209,-0.75720,0.06860,-0.0687,-61.9389,25.5267
586676068,0.16235,0.38904,0.27234,67.6565,-9.3206,-68.6031,0.52539,-0.76270,0.05591,-0.9313,-62.2061,25.7328
586677068,0.41394,0.80457,1.19202,55.3969,-4.2443,-60.6412,0.52795,-0.76819,0.04285,-1.7710,-62.4351,25.9542
586678067,0.66626,0.76184,1.43530,62.4656,-10.5802,-54.1145,0.53052,-0.77368,0.03076,-2.6260,-62.6107,26.1221
586679068,0.62500,0.37500,1.06885,79.3817,-26.3282,-50.7710,0.53308,-0.77893,0.01941,-3.5038,-62.7557,26.2443
586680068,0.49951,0.10693,0.88977,88.9695,-38.1679,-49.4427,0.53552,-0.78442,0.00940,-4.3969,-62.8321,26.3588
586681067,0.45166,0.17529,0.89160,75.4733,-44.3206,-43.6641,0.53870,-0.78955,0.00110,-5.3053,-62.8397,26.4733
586682068,0.37415,0.43225,0.64795,50.7176,-51.1679,-33.9466,0.54224,-0.79395,-0.00671,-6.2366,-62.8015,26.5496
586683068,0.23865,0.70837,0.35083,45.7557,-59.4122,-27.4122,0.54468,-0.79736,-0.01453,-7.1679,-62.6565,26.5725
586684067,0.17664,0.66077,0.25476,58.5267,-64.3435,-23.4733,0.54810,-0.80017,-0.02258,-8.0763,-62.4275,26.5878
586685067,0.16626,0.16516,0.17224,57.4809,-62.5267,-17.2595,0.55261,-0.80408,-0.02966,-8.9695,-62.1145,26.5954
586686068,0.06970,-0.39124,0.05200,41.1221,-55.1527,-11.4504,0.55676,-0.80908,-0.03552,-9.8626,-61.7328,26.5954
586687068,0.00244,-0.42847,0.10840,37.3282,-44.9466,-13.4962,0.56116,-0.81323,-0.04077,-10.7252,-61.2748,26.5115
586688068,0.04492,0.15356,0.15698,53.7023,-38.8855,-22.1756,0.56567,-0.81653,-0.04639,-11.5802,-60.7099,26.3893
586689067,0.26587,0.74768,0.21887,72.6412,-33.9466,-28.2214,0.56921,-0.82092,-0.05029,-12.4198,-60.0458,26.2290
586690068,0.47705,0.88696,0.83069,80.6565,-27.4046,-26.4275,0.57324,-0.82544,-0.05334,-13.2519,-59.2672,26.0534
586691067,0.47363,0.54004,1.12903,75.2290,-29.6489,-18.2214,0.57776,-0.83008,-0.05774,-14.0458,-58.3664,25.8626
586692067,0.25781,0.03113,0.48364,65.2290,-40.9160,-10.5878,0.58154,-0.83569,-0.06262,-14.8168,-57.3740,25.6489
586693067,0.02686,-0.07996,0.09741,68.6641,-51.2672,-10.7176,0.58533,-0.84229,-0.06641,-15.5496,-56.3359,25.4046
586694068,0.31311,0.41125,0.70544,75.1527,-52.0000,-12.3053,0.58777,-0.84961,-0.06958,-16.2366,-55.2595,25.1527
586695068,0.82153,1.09741,1.62378,50.9695,-51.8321,0.2137,0.58923,-0.85693,-0.07324,-16.8473,-54.1069,24.8855
586696068,0.95605,1.38806,1.99994,5.8321,-57.4427,25.9695,0.59131,-0.86572,-0.07715,-17.3740,-52.8779,24.5725
586697068,0.84644,0.95654,1.73743,-18.6641,-68.1145,50.6718,0.59412,-0.87561,-0.07996,-17.8244,-51.5420,24.2290
586698068,0.66345,0.07971,1.00122,-20.7023,-82.3588,64.9313,0.59680,-0.88550,-0.08276,-18.1603,-50.1374,23.8855
586699068,0.48340,-0.29968,0.47253,-25.5191,-95.3740,69.5878,0.59863,-0.89539,-0.08594,-18.4122,-48.6794,23.5496
586700068,0.41626,0.30359,0.50732,-38.2977,-104.6718,71.8244,0.60168,-0.90540,-0.08923,-18.5725,-47.1832,23.1985
586701068,0.39148,1.09680,0.59827,-48.1221,-114.6718,79.0763,0.60535,-0.91528,-0.09326,-18.6565,-45.6412,22.8168
586702067,0.12195,0.83093,0.15845,-44.5649,-131.2137,91.2595,0.60889,-0.92529,-0.09595,-18.6183,-44.0305,22.3893
586703068,-0.22778,-0.62683,-0.36096,-25.5725,-140.2137,98.3130,0.61328,-0.93567,-0.09692,-18.4809,-42.3282,21.9542
586704068,-0.49060,-1.85815,-0.85291,-10.0916,-138.4885,94.0000,0.61719,-0.94580,-0.09851,-18.2443,-40.5573,21.5496
586705067,-0.91467,-1.95422,-1.92224,-18.9313,-133.2824,86.4046,0.61987,-0.95691,-0.10010,-17.8702,-38.7405,21.1450
586706068,-1.37488,-1.50000,-2.00000,-33.0611,-124.3130,81.7710,0.62292,-0.96863,-0.10181,-17.3740,-36.8626,20.7481
586707068,-1.55859,-1.28748,-2.00000,-25.5115,-113.1069,78.0229,0.62695,-0.97998,-0.10400,-16.7481,-34.9313,20.3053
586708068,-1.50867,-1.55505,-2.00000,-10.5725,-102.3969,74.1756,0.63110,-0.99146,-0.10510,-16.0000,-32.9389,19.8473
586709068,-1.53235,-1.82202,-2.00000,-11.3130,-89.9924,69.0992,0.63513,-1.00256,-0.10474,-15.1374,-30.8702,19.3511
586710067,-1.71838,-1.52051,-2.00000,-20.0763,-70.2137,60.9695,0.63879,-1.01196,-0.10535,-14.1603,-28.7252,18.8092
586711068,-2.00000,-1.25964,-2.00000,-21.5725,-46.8397,55.9924,0.64209,-1.02002,-0.10669,-13.0840,-26.5038,18.2366
586712068,-2.00000,-2.00000,-2.00000,-23.6641,-18.9389,60.1679,0.64526,-1.02844,-0.10657,-11.9008,-24.1908,17.6641
586713068,-2.00000,-2.00000,-2.00000,-44.2824,19.5115,66.2519,0.64807,-1.03625,-0.10571,-10.6260,-21.7939,17.0534
586714067,-1.52856,-2.00000,-2.00000,-72.3053,65.2519,63.5496,0.65027,-1.04260,-0.10449,-9.2443,-19.3740,16.3969
586715068,-1.15820,-1.63123,-1.77087,-82.2901,98.0000,55.4962,0.65271,-1.04834,-0.10266,-7.7863,-16.9237,15.6947
586716068,-0.73157,-0.07397,-1.52466,-81.2519,117.1374,57.3435,0.65491,-1.05396,-0.10083,-6.2519,-14.4351,14.9618
586717068,-0.03247,0.10339,-0.43945,-90.0534,121.5115,74.8626,0.65637,-1.05823,-0.09863,-4.6412,-11.9084,14.2137
586718067,0.32202,-0.97681,0.45459,-115.6947,102.0305,96.7786,0.65747,-1.06140,-0.09570,-2.9847,-9.3511,13.3969
586719068,0.46326,-2.00000,0.82397,-138.5191,73.6489,106.4275,0.65833,-1.06458,-0.09265,-1.2977,-6.7710,12.5267
586720067,0.51294,-2.00000,1.12561,-132.0229,39.2519,96.1527,0.65918,-1.06714,-0.08936,0.4198,-4.1374,11.5954
586721068,0.53760,-1.81787,1.37170,-101.5191,8.9389,77.8015,0.65967,-1.06873,-0.08618,2.1756,-1.4885,10.6336
586722068,0.60950,-0.71021,1.57971,-79.5954,-11.7634,68.6031,0.65979,-1.06958,-0.08362,3.9237,1.1756,9.6489
586723067,0.48315,-0.45642,1.31238,-67.2214,-26.5802,69.6947,0.65955,-1.06958,-0.08020,5.6641,3.8092,8.6412
586724067,0.15503,-1.38293,0.65869,-41.6870,-35.1679,67.5802,0.65894,-1.06885,-0.07495,7.3740,6.4275,7.6031
586725067,-0.14954,-2.00000,0.24268,-6.1756,-36.4122,53.2443,0.65808,-1.06726,-0.06885,9.0382,9.0076,6.5573
586726067,-0.32068,-2.00000,-0.25732,18.1679,-35.3740,31.7023,0.65723,-1.06531,-0.06348,10.6565,11.5878,5.4885
586727068,-0.73169,-2.00000,-1.74463,25.2977,-42.7099,15.3206,0.65552,-1.06360,-0.05957,12.2214,14.1298,4.4046
586728068,-1.33496,-1.24646,-2.00000,28.7634,-46.6565,11.0763,0.65222,-1.06104,-0.05518,13.7023,16.6107,3.3053
586729067,-1.36279,-1.37769,-2.00000,40.7939,-34.4656,14.7023,0.64844,-1.05823,-0.05005,15.0840,18.9847,2.2061
586730068,-1.01440,-2.00000,-1.71436,43.3817,-18.7328,19.4504,0.64526,-1.05591,-0.04578,16.3740,21.2443,1.1221
586731068,-1.16492,-2.00000,-2.00000,24.5420,-3.5649,21.6107,0.64185,-1.05310,-0.04297,17.5496,23.4351,0.0458
586732068,-1.40344,-2.00000,-2.00000,8.8321,22.5344,20.2443,0.63770,-1.05115,-0.04028,18.6107,25.5267,-1.0000
586733068,-1.13940,-1.81787,-1.99255,8.5038,54.9618,18.1679,0.63354,-1.05005,-0.03687,19.5725,27.4733,-2.0000
586734068,-0.86865,-2.00000,-1.65564,11.2672,69.9618,16.6718,0.62915,-1.04932,-0.03333,20.4885,29.2748,-2.9466
586735068,-0.87646,-2.00000,-1.74146,15.6794,69.4427,11.5649,0.62439,-1.04919,-0.03015,21.3435,30.9847,-3.8550
586736068,-0.72302,-2.00000,-1.35669,21.3664,68.7557,2.3511,0.61938,-1.04895,-0.02795,22.1298,32.5725,-4.7405
586737068,-0.31897,-2.00000,-0.49634,21.7557,70.7099,-6.8092,0.61389,-1.04797,-0.02563,22.8779,34.0305,-5.5802
586738067,-0.15210,-1.93250,0.01501,21.5038,66.1603,-11.5191,0.60999,-1.04675,-0.02258,23.5802,35.3817,-6.4122
586739068,-0.18518,-2.00000,0.05432,25.2137,58.4122,-11.3130,0.60657,-1.04541,-0.01782,24.2977,36.6107,-7.1832
586740067,-0.00281,-2.00000,-0.16992,24.1069,51.6794,-9.7634,0.60193,-1.04382,-0.01172,25.0382,37.7481,-7.8702
586741068,0.05847,-2.00000,-0.76807,15.3588,41.2748,-11.6183,0.59729,-1.04187,-0.00562,25.7405,38.8397,-8.5267
586742068,-0.27344,-1.56128,-1.17639,12.4733,30.6107,-17.7939,0.59412,-1.03918,0.00012,26.4046,39.8626,-9.1756
586743067,-0.49988,-0.87207,-1.18945,23.8702,22.0076,-21.3588,0.59180,-1.03528,0.00513,27.0458,40.7710,-9.7557
586744068,-0.65430,-1.22070,-1.34229,39.5649,14.4580,-20.4427,0.58911,-1.03113,0.01062,27.6412,41.5725,-10.2824
586745067,-1.05298,-2.00000,-1.87708,58.8244,11.7863,-25.6794,0.58643,-1.02734,0.01721,28.1603,42.3053,-10.7710
586746068,-1.37878,-2.00000,-2.00000,86.6870,26.7557,-44.1756,0.58325,-1.02209,0.02441,28.6336,43.0076,-11.2214
586747068,-1.32202,-2.00000,-2.00000,106.4046,57.4962,-64.4122,0.57898,-1.01587,0.03284,29.0153,43.6641,-11.6718
586748067,-1.12402,-1.36572,-1.53479,105.9313,89.2901,-75.0534,0.57410,-1.00903,0.04199,29.3282,44.2672,-12.1069
586749067,-0.96399,-0.91504,-1.45740,113.2595,123.0000,-74.5267,0.56873,-1.00061,0.05054,29.5267,44.7710,-12.5038
586750067,-0.55432,-1.43921,-0.84790,121.9160,132.2214,-73.6183,0.56213,-0.99146,0.05908,29.6183,45.1527,-12.8626
586751067,-0.34766,-1.78650,-0.00134,116.8626,129.3282,-72.0458,0.55554,-0.98145,0.06897,29.5649,45.4275,-13.2290
586752068,-0.18066,-1.98315,0.06067,100.4504,117.2366,-66.3282,0.54956,-0.97156,0.07922,29.3511,45.6412,-13.5878
586753067,0.09583,-2.00000,-0.57117,90.3511,96.8321,-61.7710,0.54297,-0.96143,0.09009,28.9924,45.7939,-13.9237
586754068,-0.02734,-1.95959,-0.69080,103.2137,76.5038,-68.0916,0.53479,-0.95020,0.10327,28.4504,45.8702,-14.2214
586755068,-0.19202,-1.35645,-0.13855,124.7939,67.1985,-79.4198,0.52625,-0.93921,0.11841,27.6947,45.8397,-14.4885
586756068,-0.16760,-1.27954,0.12842,126.0000,66.9924,-81.5496,0.51831,-0.92969,0.13428,26.7328,45.6489,-14.7557
586757068,-0.56946,-1.85498,-0.41443,115.1985,64.0611,-80.2977,0.51050,-0.92029,0.14966,25.5878,45.2901,-15.0382
586758068,-1.01697,-2.00000,-1.10437,126.1985,72.0153,-91.7328,0.50183,-0.90991,0.16455,24.2519,44.8092,-15.3130
586759068,-1.07068,-2.00000,-1.56030,152.6107,85.1450,-111.1985,0.49353,-0.90015,0.17847,22.7405,44.2366,-15.5573
586760067,-0.92505,-2.00000,-1.74744,163.0229,102.7328,-128.4962,0.48547,-0.89319,0.19189,21.0916,43.5649,-15.7786
586761067,-0.71106,-1.01343,-1.12463,156.1985,125.9847,-140.2214,0.47729,-0.88782,0.20630,19.3588,42.8015,-16.0000
586762068,-0.62122,0.14917,-0.69678,146.4809,138.8702,-138.4046,0.47021,-0.88318,0.22095,17.5573,41.9160,-16.2214
586763068,-0.57751,-0.14905,-0.76440,137.7252,143.6107,-123.5344,0.45801,-0.87646,0.25159,13.8321,39.8626,-16.4656
586764068,-0.45886,-1.19482,-0.51392,139.9771,146.2672,-114.1221,0.45105,-0.87354,0.27002,11.9160,38.7634,-16.5267
586765068,-0.41882,-1.28113,0.09143,147.6641,146.8168,-115.8015,0.44336,-0.87256,0.28992,10.0458,37.5954,-16.5725
586766068,-0.43896,-0.53625,0.33630,138.7939,142.7099,-113.7557,0.43665,-0.87329,0.30908,8.2061,36.3588,-16.5725
586767068,-0.47131,0.04688,0.00146,121.7023,135.0000,-104.1603,0.43127,-0.87427,0.32690,6.3969,35.0687,-16.5496
586768068,-0.47473,0.21973,0.41150,126.6336,133.5267,-97.7405,0.42639,-0.87573,0.34436,4.6794,33.7557,-16.5115
586769068,-0.07300,0.00220,1.98608,145.8779,145.2672,-97.9237,0.42261,-0.87830,0.36218,3.0763,32.4351,-16.4427
586770068,0.35168,-0.54346,1.99994,142.0458,153.8550,-95.6183,0.41870,-0.88159,0.38062,1.5725,31.1450,-16.3359
586771067,0.36157,-1.03296,1.99994,119.9618,155.0229,-90.8855,0.41431,-0.88501,0.40027,0.2061,29.8702,-16.2214
586772067,0.61072,-1.17944,1.99994,118.0840,155.6031,-92.7634,0.41089,-0.88928,0.42078,-0.9618,28.6412,-16.0992
586773067,1.40417,-1.16589,1.99994,127.8626,144.2061,-98.0840,0.40955,-0.89380,0.44128,-1.9542,27.4733,-15.9313
586774067,1.99994,-0.66089,1.99994,124.8931,113.8779,-101.2901,0.40906,-0.89819,0.46155,-2.7786,26.3588,-15.7252
586775065,1.99994,0.66370,1.99994,117.8015,68.3359,-100.3893,0.40955,-0.90173,0.48218,-3.4580,25.3206,-15.5038
586776068,1.89319,1.47205,1.99994,113.9008,22.2748,-87.6565,0.41150,-0.90552,0.50403,-3.9924,24.4046,-15.2901
586777067,1.47302,0.71179,1.99994,107.9542,-25.1679,-66.5038,0.41370,-0.91003,0.52771,-4.3435,23.6260,-15.0763
586778067,0.64417,-0.70520,1.35510,114.2824,-61.4351,-55.3206,0.41504,-0.91443,0.55286,-4.4656,22.9618,-14.8779
586779068,0.01074,-1.36987,0.77856,132.7405,-70.4275,-59.8244,0.41479,-0.91760,0.57800,-4.3511,22.4580,-14.7252
586780067,-0.45422,-0.83813,0.26343,135.3588,-59.5725,-66.6641,0.41443,-0.91858,0.60303,-4.0229,22.0687,-14.6107
586781068,-0.85083,0.13525,-0.40381,121.6031,-33.8779,-65.6260,0.41418,-0.91821,0.62927,-3.5267,21.8015,-14.5344
586782067,-1.18262,0.46448,-0.86584,111.5344,-1.0687,-56.7710,0.41443,-0.91785,0.65576,-2.8321,21.6718,-14.4962
586783067,-1.24121,-0.27771,-0.89795,97.1527,34.5420,-43.8626,0.41504,-0.91650,0.68250,-1.9466,21.7023,-14.5267
586784067,-0.97839,-1.38965,-0.54736,69.4198,67.8931,-32.7252,0.41467,-0.91345,0.71094,-0.8931,21.9160,-14.5878
586785067,-0.93811,-2.00000,-0.21411,46.7863,85.4351,-27.4733,0.41370,-0.91113,0.73987,0.2672,22.2977,-14.6947
586786067,-0.84802,-2.00000,0.10986,34.9389,89.7176,-24.2519,0.41248,-0.90881,0.76880,1.5420,22.7939,-14.8550
586787068,-0.46021,-2.00000,0.48779,13.3206,83.2061,-17.5420,0.41028,-0.90442,0.79846,2.9389,23.3740,-15.0611
586788068,-0.32556,-2.00000,0.63745,-26.8626,67.0305,-8.1985,0.40686,-0.89844,0.82837,4.4427,24.0458,-15.3053
586789068,-0.18457,-1.49866,1.04517,-63.1221,57.7099,0.3359,0.40356,-0.89209,0.85889,6.0229,24.8092,-15.5649
586790068,0.14380,-1.29639,1.99994,-70.1756,54.8473,4.1221,0.39990,-0.88623,0.88940,7.6489,25.6718,-15.8321
586791067,0.29211,-1.90942,1.99994,-52.8244,47.3130,0.9466,0.39563,-0.87976,0.91931,9.3359,26.5725,-16.1145
586792068,0.19690,-2.00000,1.99994,-36.0382,34.2061,-7.5420,0.39087,-0.87317,0.95007,11.0687,27.4656,-16.4351
586793067,-0.03430,-2.00000,1.24268,-31.6947,24.3359,-19.1527,0.38550,-0.86768,0.98169,12.8626,28.3511,-16.7634
586794068,-0.11536,-2.00000,1.04260,-26.1908,25.7328,-35.1985,0.37952,-0.86316,1.01257,14.7405,29.2519,-17.0916
586795067,-0.00220,-1.03516,1.64160,-7.7939,25.3282,-50.1450,0.37317,-0.85889,1.04309,16.6870,30.1756,-17.4046
586796067,0.10059,-0.34143,1.67029,12.0763,11.9847,-53.2595,0.36633,-0.85437,1.07312,18.6718,31.1221,-17.6947
586797068,0.01196,-0.43359,1.25391,12.6031,-2.7786,-43.4885,0.35938,-0.84924,1.10339,20.7252,32.0763,-17.8702
586798068,-0.03979,-0.86487,1.17761,-6.6565,-5.5496,-29.3664,0.35291,-0.84509,1.13428,22.8702,32.9618,-17.9771
586799067,0.09277,-0.98706,1.29272,-30.2824,-2.0763,-17.8931,0.34558,-0.84155,1.16565,25.1145,33.7405,-18.0687
586800068,0.06726,-0.72656,1.14832,-45.4656,-7.7176,-8.5420,0.33752,-0.83716,1.19690,27.4427,34.4656,-18.1298
586801068,-0.05859,-0.41455,0.87756,-46.1756,-18.4733,-0.6947,0.32983,-0.83215,1.22827,29.8397,35.1450,-18.1298
586802067,-0.18225,-0.39014,0.58948,-40.4885,-28.9160,6.1527,0.32251,-0.82654,1.26050,32.3282,35.7557,-18.0916
586803067,-0.33887,-0.85046,0.24255,-41.0916,-34.4656,10.8168,0.31360,-0.81995,1.29382,34.8855,36.2748,-18.0229
586804067,-0.46008,-1.43665,0.12561,-39.2061,-35.2595,7.6107,0.30286,-0.81250,1.32776,37.5115,36.7252,-17.9008
586805067,-0.54199,-1.73059,0.26587,-23.5649,-33.7405,-3.9389,0.29150,-0.80420,1.36292,40.1756,37.1298,-17.7634
586806068,-0.60803,-1.89612,0.35474,-10.0763,-30.1069,-14.2748,0.27954,-0.79456,1.40051,42.8779,37.4504,-17.6336
586807068,-0.74451,-2.00000,-0.01404,-14.3053,-25.8855,-17.0992,0.26746,-0.78418,1.44080,45.6336,37.7023,-17.4885
586808068,-0.87073,-2.00000,-0.83752,-21.3511,-22.2672,-19.2290,0.25500,-0.77417,1.48132,48.4198,37.8779,-17.3053
586809067,-0.99561,-1.90308,-1.30017,-19.0458,-17.7405,-25.9924,0.24133,-0.76355,1.52209,51.1985,37.9237,-17.1145
586810067,-1.04736,-1.47461,-0.95264,-17.6870,-10.3053,-30.0458,0.22620,-0.75183,1.56372,53.9695,37.8473,-16.9237
586811067,-0.98010,-1.57324,-0.52454,-27.7023,-1.5038,-27.4885,0.20935,-0.74036,1.60645,56.7557,37.6641,-16.7481
586812068,-0.94067,-1.77515,-0.51501,-40.0153,7.4962,-25.7252,0.19092,-0.72937,1.65063,59.5038,37.3817,-16.6107
586813067,-0.92053,-1.49719,-0.51501,-38.7023,17.6336,-31.8626,0.17261,-0.71729,1.69495,62.2214,36.9542,-16.4427
586814068,-0.77673,-0.96606,-0.21094,-24.4122,29.0000,-41.0611,0.15295,-0.70435,1.73987,64.9389,36.3664,-16.2519
586815067,-0.52258,-0.69849,0.02954,-11.5954,35.8779,-45.6336,0.13147,-0.69092,1.78528,67.6260,35.6489,-16.0305
586816067,-0.51758,-0.60779,0.03210,-4.2214,34.4733,-46.0534,0.10962,-0.67651,1.83044,70.2672,34.7939,-15.7939
586817068,-0.75269,-0.71143,0.01306,3.8321,29.0840,-44.4275,0.08765,-0.66150,1.87512,72.8550,33.7252,-15.5267
586818067,-0.76685,-1.23535,0.13940,10.2366,27.5878,-40.7786,0.06372,-0.64685,1.91870,75.3740,32.4656,-15.2366
586819067,-0.58643,-1.85486,0.32263,9.8397,27.7863,-37.1221,0.03821,-0.63245,1.96240,77.8321,30.9771,-14.9008
586820068,-0.51062,-1.83411,0.40039,4.0000,26.8397,-36.9542,0.01245,-0.61792,1.99994,80.2137,29.2290,-14.4962
586821068,-0.40918,-1.23865,0.75146,-5.6412,30.5725,-36.7710,-0.01392,-0.60303,1.99994,82.4809,27.2061,-14.0153
586822068,-0.26697,-0.97205,1.29431,-16.5344,35.6947,-32.4733,-0.04053,-0.58826,1.99994,84.7099,24.9160,-13.4656
586823068,-0.33875,-1.38123,1.28284,-20.1603,33.3664,-29.1145,-0.06714,-0.57434,1.99994,86.9313,22.3893,-12.8397
586824067,-0.51147,-1.88794,0.89392,-10.0153,26.8321,-35.7099,-0.09399,-0.56128,1.99994,89.0763,19.6412,-12.0992
586825067,-0.33447,-1.96558,1.05603,9.8855,25.9008,-52.2977,-0.12036,-0.54846,1.99994,91.0687,16.6260,-11.2748
586826068,-0.06128,-1.65442,1.65259,24.0153,24.2748,-68.3664,-0.14697,-0.53540,1.99994,92.8397,13.2824,-10.3435
586827067,-0.15674,-1.42517,1.67603,31.3511,14.6870,-75.8779,-0.17419,-0.52161,1.99994,94.5725,9.6260,-9.3206
586828068,-0.43225,-1.55640,0.85278,45.6260,-2.2901,-78.7939,-0.20093,-0.50757,1.99994,96.2824,5.6412,-8.1450
586829067,-0.49072,-1.73486,0.39709,64.1908,-8.8931,-82.5802,-0.22778,-0.49316,1.99994,97.9160,1.3588,-6.8092
586830067,-0.34790,-1.71448,0.90320,67.2519,-4.5115,-83.2672,-0.25525,-0.47900,1.99994,99.4351,-3.2672,-5.2595
586831067,-0.25635,-1.54700,1.45300,47.0305,3.2061,-76.7710,-0.28198,-0.46423,1.99994,100.7634,-8.2519,-3.5038
586832068,-0.19617,-1.19775,1.47852,25.9313,8.9237,-69.0534,-0.30786,-0.44897,1.99994,101.9084,-13.5802,-1.5573
586833068,-0.47998,-0.74695,0.82458,31.2519,2.5191,-67.7405,-0.33386,-0.43408,1.99994,102.9008,-19.2366,0.5420
586834068,-0.78076,-0.83264,0.13354,56.1985,-3.0382,-71.9771,-0.35938,-0.41919,1.99994,103.7252,-25.2366,2.8092
586835068,-0.54309,-1.42566,0.31201,71.0916,0.4046,-78.8092,-0.38330,-0.40527,1.99994,104.4046,-31.5878,5.2519
586836068,-0.17236,-1.58655,1.06030,66.6641,3.7863,-87.6565,-0.40662,-0.39111,1.99994,104.9313,-38.2672,7.8473
586837068,-0.03296,-1.02625,1.62634,67.9084,3.9389,-98.7939,-0.43030,-0.37610,1.99994,105.3053,-45.2595,10.5802
586838068,-0.11145,-0.54907,1.46375,89.7328,-2.8397,-107.9847,-0.45361,-0.36023,1.99994,105.5573,-52.5573,13.4504
586839067,-0.15039,-0.80701,1.03394,116.8855,-7.5038,-111.6641,-0.47546,-0.34485,1.99994,105.6565,-60.1221,16.5038
586840067,-0.04688,-1.41846,1.28674,121.0000,-4.3893,-108.5496,-0.49561,-0.33105,1.99994,105.5802,-67.9084,19.7099
586841067,0.12427,-1.92712,1.99994,91.4351,4.8321,-98.0458,-0.51440,-0.31689,1.99994,105.3282,-75.9237,23.0076
586842068,0.05786,-2.00000,1.99994,56.8168,8.7328,-88.9237,-0.53284,-0.30188,1.99994,104.9008,-84.1985,26.3740
586843068,-0.30933,-1.47632,1.99994,53.4275,-1.2519,-90.0992,-0.55115,-0.28784,1.99994,104.2824,-92.7099,29.8092
586844067,-0.17786,-0.70862,1.99994,67.7786,-6.3130,-95.8168,-0.56958,-0.27625,1.99994,103.4962,-101.3969,33.2977
586845067,0.37488,0.10876,1.99994,63.3817,-4.7328,-96.8397,-0.58728,-0.26660,1.99994,102.5115,-110.2290,36.8626
586846067,0.96155,0.70959,1.99994,44.9084,-12.2061,-93.0992,-0.60413,-0.25781,1.99994,101.2748,-119.2214,40.4809
586847068,1.57520,0.86279,1.99994,55.8779,-24.1756,-97.5649,-0.62109,-0.25195,1.99994,99.9924,-128.3511,44.1145
586848068,1.71924,1.01184,1.99994,103.2672,-41.5038,-113.7634,-0.63770,-0.24890,1.99994,98.6794,-137.6107,47.7863
586849068,1.36646,0.81641,1.99994,139.3893,-75.1908,-119.1832,-0.65356,-0.24646,1.99994,97.1679,-146.9847,51.4733
586850068,0.43787,-0.76880,1.99994,127.2214,-119.6794,-100.8931,-0.66833,-0.24548,1.99994,95.6183,-156.4580,55.1603
586851067,-0.22620,-2.00000,1.99994,100.0534,-137.8092,-85.7710,-0.68250,-0.24634,1.99994,94.1069,-165.9924,58.8092
586852068,0.98523,-2.00000,1.99994,80.3893,-117.8473,-83.3435,-0.69653,-0.24878,1.99994,92.6183,-175.5573,62.4198
586853068,1.99994,0.42163,1.99994,48.4504,-126.1145,-76.8702,-0.71033,-0.25256,1.99994,91.1603,-185.0916,66.0076
586854067,1.30261,1.99994,1.99994,7.2824,-170.7786,-52.0305,-0.72351,-0.25793,1.99994,89.7634,-194.5954,69.5649
586855067,0.90686,1.99994,1.99994,-21.1298,-194.4656,-11.9389,-0.73596,-0.26489,1.99994,88.4198,-204.0992,73.0534
586856067,1.00769,-0.11743,1.99994,-55.4809,-215.4351,24.5573,-0.74792,-0.27185,1.99994,87.1679,-213.5725,76.4962
586857067,0.32507,-2.00000,1.99994,-94.2214,-247.1374,33.3130,-0.75891,-0.27820,1.99994,85.9847,-222.9618,79.8855
586858067,-0.20642,-2.00000,1.99994,-94.1450,-250.1374,7.6794,-0.76880,-0.28406,1.99994,84.8702,-232.2595,83.1832
586859068,-0.26477,-0.37390,1.99994,-55.7252,-250.1374,-25.5954,-0.77820,-0.29028,1.99994,83.8168,-241.4504,86.3969
586860068,-0.19507,1.71655,1.91638,-19.0840,-250.1374,-40.3130,-0.78638,-0.29736,1.99994,82.8015,-250.1374,89.5191
586861067,0.01758,1.99994,1.48657,2.3359,-250.1374,-36.4733,-0.79309,-0.30493,1.99994,81.8397,-250.1374,92.5496
586862067,0.01428,0.90918,1.86206,26.3206,-250.1374,-33.4504,-0.80310,-0.32080,1.99994,79.9924,-250.1374,98.3740
586863068,-0.30005,-0.47180,1.99994,53.3740,-227.2824,-43.2061,-0.80518,-0.32935,1.99994,79.1145,-250.1374,101.1374
586864067,-1.01660,-0.78943,1.43030,59.8626,-216.2137,-54.4351,-0.80664,-0.33948,1.99994,78.2748,-250.1374,103.8015
586865068,-1.58130,-0.14429,0.12341,51.6031,-210.0687,-57.8168,-0.80774,-0.35010,1.99994,77.4733,-250.1374,106.3969
586866068,-0.81714,0.40173,1.15930,32.8550,-182.7099,-47.8015,-0.80835,-0.36108,1.99994,76.7405,-250.1374,108.9008
586867068,0.57898,0.59094,1.99994,-27.0916,-151.8321,-20.7786,-0.80859,-0.37390,1.99994,76.1069,-250.1374,111.3359
586868068,1.65271,0.93774,1.99994,-106.9771,-151.9771,14.1832,-0.80847,-0.38867,1.99994,75.6031,-250.1374,113.6870
586869068,1.60669,1.49353,1.99994,-144.6107,-189.6870,39.8015,-0.80786,-0.40479,1.99994,75.2290,-250.1374,115.9771
586870068,0.96423,1.55920,1.99994,-142.2824,-236.4427,55.6565,-0.80603,-0.42188,1.99994,74.9847,-250.1374,118.2061
586871067,1.40637,1.11011,1.99994,-145.3664,-250.1374,69.6107,-0.80371,-0.43945,1.99994,74.9008,-250.1374,120.3740
586872068,1.60278,0.95349,1.99994,-172.8855,-250.1374,84.7939,-0.80054,-0.45715,1.99994,74.9847,-250.1374,122.4809
586873068,0.85864,1.34778,1.99994,-182.1374,-250.1374,91.1374,-0.79614,-0.47546,1.99994,75.2137,-250.1374,124.5420
586874068,0.62292,1.99994,1.99994,-118.0076,-250.1374,73.1221,-0.79199,-0.49438,1.99994,75.5725,-250.1374,126.5802
586875068,0.54590,1.99994,1.99994,-17.0000,-250.1374,44.6412,-0.78748,-0.51245,1.99994,76.0687,-250.1374,128.6031
586876068,0.00647,1.99994,1.99994,15.7557,-250.1374,37.9084,-0.78223,-0.53052,1.99994,76.6870,-250.1374,130.5802
586877068,-1.24451,1.36438,0.07996,-26.7023,-250.1374,56.9389,-0.77576,-0.55005,1.98267,77.4122,-250.1374,132.5038
586878068,-1.73035,-1.75366,-0.61926,-22.2137,-250.1374,48.1527,-0.76770,-0.56958,1.94788,78.2519,-250.1374,134.3817
586879068,-0.48657,-0.38550,1.67871,-31.9084,-247.7634,39.5802,-0.75940,-0.58887,1.91162,79.2214,-250.1374,136.1756
586880067,-0.22009,1.64453,1.03735,-95.6412,-245.7252,63.3817,-0.75195,-0.60901,1.87476,80.2977,-250.1374,137.8855
586881068,-0.37366,1.99994,0.68823,-156.6641,-244.5038,104.1756,-0.74463,-0.62891,1.83752,81.4962,-250.1374,139.5420
586882067,0.14868,1.88403,1.99994,-191.3969,-240.7176,144.4351,-0.73669,-0.64746,1.79895,82.8168,-250.1374,141.1527
586883068,0.62427,0.11523,1.99994,-220.4122,-250.1374,171.9237,-0.72925,-0.66528,1.75867,84.3130,-250.1374,142.6565
586884068,0.57141,-0.82092,1.99994,-238.6641,-250.1374,174.5649,-0.72229,-0.68298,1.71765,85.9160,-250.1374,144.0916
586885067,0.74731,0.43701,1.99994,-215.8168,-250.1374,153.1145,-0.71484,-0.70215,1.67505,87.5802,-250.1374,145.4504
586886068,0.85425,1.99994,1.99994,-154.7405,-250.1374,129.9618,-0.70728,-0.72266,1.63171,89.3664,-250.1374,146.7176
586887068,0.66479,1.99994,1.99994,-89.6336,-250.1374,115.0992,-0.70068,-0.74353,1.58704,91.3588,-250.1374,147.8702
586888067,0.68750,1.99994,1.99994,-43.2824,-250.1374,104.1221,-0.69543,-0.76404,1.54065,93.6947,-250.1374,148.9237
586889067,0.32385,0.42517,1.99994,-24.3740,-250.1374,103.0382,-0.69055,-0.78381,1.49316,96.2214,-250.1374,149.8931
586890067,-1.17212,-1.59619,0.65930,-65.5649,-250.1374,111.8550,-0.68689,-0.80347,1.44495,98.8015,-250.1374,150.7557
586891067,-1.56104,-1.59265,0.64075,-135.5115,-250.1374,116.9313,-0.68433,-0.82263,1.39673,101.4122,-250.1374,151.5573
586892067,0.58936,0.54785,1.99994,-173.1908,-250.1374,124.1908,-0.68188,-0.84167,1.34900,104.0916,-250.1374,152.2748
586893068,1.90979,1.99994,1.99994,-208.7023,-250.1374,154.8931,-0.67883,-0.86096,1.30029,106.7710,-250.1374,152.9466
586894067,1.99994,1.99994,1.99994,-250.1374,-250.1374,207.1145,-0.67590,-0.87842,1.25012,109.3969,-250.1374,153.5725
586895067,1.99994,1.99994,1.99994,-250.1374,-250.1374,250.1298,-0.67432,-0.89392,1.19897,111.9237,-250.1374,154.1832
586896068,0.86609,1.99994,1.99994,-250.1374,-250.1374,250.1298,-0.67346,-0.90955,1.14929,114.3053,-250.1374,154.7557
586897067,-0.90564,0.53516,1.99994,-250.1374,-250.1374,250.1298,-0.67200,-0.92407,1.10181,116.5420,-250.1374,155.3053
586898067,1.09216,-0.80823,1.99994,-250.1374,-250.1374,250.1298,-0.66992,-0.93750,1.05457,118.6183,-250.1374,155.8092
586899067,1.99994,0.54419,1.99994,-250.1374,-250.1374,250.1298,-0.66748,-0.95032,1.00708,120.4733,-250.1374,156.2748
586900068,1.99994,1.99994,1.99994,-250.1374,-250.1374,250.1298,-0.66516,-0.96179,0.95874,122.0534,-250.1374,156.7405
586901068,1.25195,1.99994,1.99994,-250.1374,-250.1374,250.1298,-0.66248,-0.97290,0.90955,123.3435,-250.1374,157.2290
586902067,-1.05322,1.99994,1.86731,-209.4122,-250.1374,250.1298,-0.65930,-0.98462,0.86060,124.3588,-250.1374,157.7634
586903067,-1.79236,-1.79883,1.47278,-163.5420,-250.1374,250.1298,-0.65564,-0.99670,0.81226,125.1069,-250.1374,158.3053
586904068,-1.97180,-2.00000,1.35266,-175.3130,-250.1374,250.1298,-0.65149,-1.00854,0.76367,125.5649,-250.1374,158.8702
586905068,-2.00000,-2.00000,-0.62268,-190.1221,-250.1374,240.0534,-0.64661,-1.02124,0.71362,125.7481,-250.1374,159.4198
586906068,-2.00000,-1.62402,-1.36133,-183.3664,-250.1374,219.4580,-0.64062,-1.03613,0.66248,125.6870,-250.1374,159.9695
586907068,-2.00000,0.45813,-1.76794,-172.1603,-250.1374,220.4504,-0.63342,-1.05249,0.61182,125.4046,-250.1374,160.4885
586908068,-2.00000,0.03662,-2.00000,-182.6107,-250.1374,232.8244,-0.62573,-1.06873,0.56055,124.9160,-250.1374,160.9924
586909068,-2.00000,-1.22583,-2.00000,-210.0687,-250.1374,228.4885,-0.61707,-1.08594,0.50757,124.2519,-250.1374,161.4580
586910068,-2.00000,-2.00000,-2.00000,-225.7710,-250.1374,204.0229,-0.60803,-1.10510,0.45374,123.4275,-250.1374,161.8855
586911064,-2.00000,-2.00000,-2.00000,-210.0611,-250.1374,174.4962,-0.59949,-1.12549,0.39856,122.5038,-250.1374,162.3053
586912069,-2.00000,-2.00000,-2.00000,-141.3740,-250.1374,128.9237,-0.59045,-1.14758,0.34229,121.4962,-250.1374,162.6870
586913064,-2.00000,-2.00000,-2.00000,-59.8779,-250.1374,74.0382,-0.58093,-1.17200,0.28564,120.4046,-250.1374,163.0076
586914069,-2.00000,-1.25110,-2.00000,-61.8626,-250.1374,47.1221,-0.57214,-1.19775,0.22693,119.2519,-250.1374,163.2290
586915064,-2.00000,1.33069,-2.00000,-157.4351,-250.1374,67.6260,-0.56311,-1.22449,0.16589,118.0611,-250.1374,163.4275
586916064,-1.77075,1.73535,-2.00000,-238.7328,-250.1374,112.9466,-0.55200,-1.25256,0.10181,116.8244,-250.1374,163.5344
586917069,-2.00000,0.54907,-2.00000,-228.6870,-250.1374,136.9313,-0.54004,-1.28076,0.03979,115.6031,-250.1374,163.5420
586918064,-2.00000,-1.62329,-0.73279,-205.1221,-250.1374,148.4656,-0.52722,-1.30762,-0.01917,114.3893,-250.1374,163.4656
586919069,0.38672,-2.00000,1.58948,-250.1374,-208.8702,168.0916,-0.51282,-1.33301,-0.07983,113.1374,-250.1374,163.2901
586920068,1.99994,-0.95410,1.99994,-250.1374,-202.1756,179.7481,-0.49939,-1.35706,-0.14160,111.8397,-250.1374,163.0153
586921068,1.18750,1.99994,1.99994,-250.1374,-250.1374,191.5344,-0.48694,-1.38074,-0.20471,110.5038,-250.1374,162.6183
586922068,1.17529,1.99994,1.99994,-250.1374,-250.1374,216.5344,-0.47192,-1.40283,-0.26672,109.1374,-250.1374,162.1069
586923068,1.07764,0.85840,1.99994,-248.9389,-250.1374,216.8931,-0.45398,-1.42249,-0.32666,107.7405,-250.1374,161.4733
586924067,0.87085,-2.00000,1.99994,-108.6947,-250.1374,171.1908,-0.43518,-1.44055,-0.38513,106.3588,-250.1374,160.7099
586925068,1.26355,-2.00000,1.99994,-68.9771,-250.1374,125.2977,-0.41553,-1.45715,-0.44226,104.9313,-250.1374,159.7557
586926068,-0.38013,-2.00000,1.99994,-106.9695,-250.1374,97.2061,-0.39441,-1.47119,-0.49866,103.5878,-250.1374,158.6031
586927068,-2.00000,-0.90869,-0.09033,-65.1298,-250.1374,72.9466,-0.37073,-1.48328,-0.55359,102.2977,-250.1374,157.2366
586928068,-2.00000,-0.72461,-0.52405,55.0916,-250.1374,51.5344,-0.34595,-1.49255,-0.60657,100.8931,-250.1374,155.6336
586929068,-2.00000,-1.47559,-1.60986,97.1832,-250.1374,45.8321,-0.32141,-1.49976,-0.65808,99.4427,-250.1374,153.8321
586930068,-2.00000,-2.00000,-2.00000,12.3435,-250.1374,53.5573,-0.29700,-1.50696,-0.70752,98.0916,-250.1374,151.8244
586931068,-2.00000,-1.58093,-2.00000,-85.9389,-250.1374,51.7328,-0.27112,-1.51453,-0.75415,96.9160,-250.1374,149.6412
586932067,-2.00000,0.01880,-2.00000,-131.0382,-250.1374,51.6489,-0.24329,-1.52332,-0.79810,95.8321,-250.1374,147.2595
586933068,-2.00000,0.45264,-2.00000,-166.8015,-250.1374,78.7634,-0.21594,-1.53247,-0.84009,94.6947,-250.1374,144.6718
586934067,-2.00000,-0.20679,-2.00000,-207.1756,-250.1374,114.2214,-0.18921,-1.54126,-0.88074,93.6412,-250.1374,141.9084
586935068,-2.00000,-0.51550,-2.00000,-231.4580,-250.1374,136.6489,-0.16187,-1.55164,-0.92078,92.7634,-250.1374,139.0534
586936068,-1.35913,-0.52832,-1.25122,-250.1374,-250.1374,148.0916,-0.13428,-1.56396,-0.96021,92.0611,-250.1374,136.0840
586937068,-1.02319,0.61804,1.15125,-250.1374,-250.1374,148.8015,-0.10779,-1.57666,-0.99805,91.6183,-250.1374,133.0076
586938068,-0.89758,1.99994,1.99994,-244.4275,-219.6870,147.2443,-0.08191,-1.59155,-1.03540,91.3740,-250.1374,129.8473
586939068,0.78455,1.99994,1.99994,-233.3817,-176.0916,159.8473,-0.05640,-1.60852,-1.07385,91.4198,-250.1374,126.6489
586940068,0.97839,1.86414,1.99994,-250.1374,-186.9771,178.3969,-0.03247,-1.62708,-1.11194,91.8550,-250.1374,123.3893
586941068,0.46448,0.45532,1.99994,-250.1374,-234.3588,173.9389,-0.01086,-1.64783,-1.14868,92.6412,-250.1374,120.0992
586942068,1.99994,-0.15503,1.99994,-188.0305,-250.1374,145.6794,0.00977,-1.67065,-1.18518,93.7405,-250.1374,116.8092
586943068,1.99994,0.56885,1.99994,-174.4580,-250.1374,135.2137,0.02893,-1.69531,-1.22253,95.0611,-250.1374,113.5420
586944068,1.87512,1.22473,1.99994,-210.9466,-250.1374,152.8321,0.04663,-1.72009,-1.26099,96.6565,-250.1374,110.3282
586945068,0.91357,0.49500,1.99994,-206.0840,-250.1374,172.9008,0.06311,-1.74402,-1.29993,98.5954,-250.1374,107.1603
586946068,0.54712,-1.31348,1.99994,-165.0916,-250.1374,180.0687,0.07788,-1.76685,-1.33850,100.8779,-250.1374,104.0916
586947068,-0.21667,-2.00000,1.99994,-133.5878,-250.1374,168.6336,0.09082,-1.78821,-1.37598,103.5038,-250.1374,101.1298
586948068,-1.27112,-1.98511,1.99994,-112.8321,-250.1374,149.3740,0.10217,-1.80762,-1.41272,106.4275,-250.1374,98.2137
586949067,-1.74158,-1.20874,1.51501,-106.7405,-250.1374,135.1145,0.11304,-1.82397,-1.44922,109.5420,-250.1374,95.3435
586950068,-2.00000,-0.97131,-0.76941,-114.0458,-250.1374,130.5115,0.12329,-1.83704,-1.48523,112.8015,-250.1374,92.5191
586951067,-2.00000,-1.45251,-2.00000,-101.0000,-250.1374,117.1374,0.13208,-1.84546,-1.51990,116.1832,-250.1374,89.7328
586952067,-2.00000,-1.56726,-2.00000,-51.2672,-250.1374,83.7252,0.13989,-1.84924,-1.55298,119.6565,-250.1374,86.9618
586953068,-2.00000,-1.24963,-2.00000,-29.4427,-250.1374,58.8626,0.14746,-1.85010,-1.58411,123.1756,-250.1374,84.2290
586954068,-2.00000,-1.18909,-2.00000,-71.0992,-250.1374,62.1374,0.15491,-1.84790,-1.61206,126.6412,-250.1374,81.5191
586955067,-2.00000,-1.11145,-2.00000,-98.4198,-250.1374,67.8779,0.16113,-1.84131,-1.63745,129.9695,-250.1374,78.8321
586956068,-2.00000,-1.29956,-2.00000,-57.3511,-250.1374,61.3435,0.16663,-1.83008,-1.66089,133.1069,-250.1374,76.1374
586957068,-2.00000,-2.00000,-2.00000,-29.9618,-250.1374,59.9847,0.17285,-1.81531,-1.68213,136.0076,-250.1374,73.4351
586958068,-2.00000,-2.00000,-2.00000,-76.8626,-250.1374,74.1450,0.17993,-1.79724,-1.70032,138.6336,-250.1374,70.6947
586959064,-2.00000,-2.00000,-2.00000,-147.7099,-244.0992,83.1603,0.18616,-1.77625,-1.71631,140.9618,-250.1374,67.9618
586960069,-2.00000,-2.00000,-2.00000,-161.3206,-228.9084,77.6107,0.19177,-1.75354,-1.73083,143.0000,-250.1374,65.1832
586961068,-1.96790,-1.49597,-1.63110,-125.2214,-231.3435,65.0763,0.20142,-1.70325,-1.75439,146.0458,-245.5573,59.5725
586962068,-1.49963,-1.71350,-0.27649,-111.1832,-241.9695,58.8855,0.20496,-1.67651,-1.76257,147.0534,-238.1527,56.7481
586963067,-0.38025,-1.39868,1.54858,-152.5191,-228.3740,57.4962,0.20862,-1.65112,-1.76953,147.6641,-230.8626,53.9313
586964067,0.44580,-0.38049,1.99994,-204.4733,-204.5191,56.3969,0.21118,-1.62756,-1.77588,147.9237,-223.6870,51.1298
586965067,0.17407,-0.34265,1.99994,-225.2672,-221.7634,60.8397,0.21301,-1.60620,-1.78271,147.8931,-216.6489,48.3740
586966067,-0.49792,-0.81055,1.81616,-202.2595,-250.1374,57.9160,0.21509,-1.58777,-1.78906,147.6183,-209.7634,45.6260
586967068,0.10193,-0.28857,1.22083,-139.8015,-250.1374,39.4427,0.21558,-1.57190,-1.79358,147.0840,-203.0534,42.9313
586968068,0.95398,0.41248,1.99994,-102.8015,-250.1374,34.8550,0.21338,-1.55811,-1.79785,146.3588,-196.5038,40.2901
586969068,0.48816,0.28979,1.99994,-128.0840,-250.1374,54.8855,0.21008,-1.54614,-1.80188,145.4809,-190.1374,37.7557
586970068,-0.44971,-0.09558,0.73242,-136.2901,-250.1374,68.6412,0.20703,-1.53577,-1.80640,144.4885,-184.0000,35.3588
586971068,-1.35059,0.04834,-0.32971,-79.1145,-250.1374,58.3359,0.20361,-1.52832,-1.81287,143.4046,-178.0840,33.0840
586972068,-1.04138,-0.09497,1.10181,-33.1069,-250.1374,49.3664,0.19836,-1.52356,-1.82092,142.2443,-172.4198,30.9618
586973068,-0.78528,-0.35962,1.62793,-56.9618,-250.1374,50.2977,0.19250,-1.51978,-1.82861,141.0153,-166.9847,29.0229
586974067,-1.99316,-0.34448,-0.75696,-86.3969,-250.1374,51.8015,0.18652,-1.51648,-1.83643,139.7863,-161.7939,27.2672
586975067,-2.00000,-0.40991,-2.00000,-55.1527,-250.1374,36.9924,0.18140,-1.51318,-1.84460,138.5496,-156.8702,25.6947
586976068,-2.00000,-0.77539,-2.00000,-9.2824,-250.1374,17.7710,0.17798,-1.51074,-1.85229,137.2824,-152.1985,24.3359
586977068,-2.00000,-1.85059,-1.59399,0.3435,-250.1374,7.0076,0.17505,-1.50793,-1.85840,135.9542,-147.7481,23.1450
586978068,-1.86816,-2.00000,-0.11426,-6.2366,-250.1374,0.1527,0.17078,-1.50415,-1.86304,134.5420,-143.5420,22.1450
586979068,-1.91907,-2.00000,-0.67859,-6.3664,-250.1374,-3.4122,0.16541,-1.49927,-1.86816,133.0687,-139.5802,21.3359
586980068,-1.91626,-2.00000,-1.29028,16.9618,-250.1374,-10.7405,0.16174,-1.49207,-1.87378,131.5267,-135.8550,20.7023
586981068,-1.64880,-1.57507,-0.00610,63.3664,-250.1374,-26.2977,0.15967,-1.48279,-1.87732,129.8779,-132.3282,20.2366
586982068,-1.01782,-1.49207,1.34814,74.5649,-250.1374,-26.7099,0.15857,-1.47192,-1.87952,128.0763,-128.9695,19.8931
586983068,-0.99707,-2.00000,0.66113,33.2519,-250.1374,-12.4275,0.15906,-1.46008,-1.88135,126.1298,-125.7863,19.6794
586984068,-1.60571,-2.00000,-1.07104,15.2977,-250.1374,-16.3664,0.16040,-1.44714,-1.88232,124.0305,-122.7710,19.5725
586985068,-1.21301,-2.00000,-0.48450,55.1450,-250.1374,-52.3511,0.16333,-1.43286,-1.88147,121.7328,-119.9008,19.5496
586986067,-0.47583,-1.64966,0.85413,87.0763,-250.1374,-88.7023,0.16699,-1.41760,-1.87939,119.2366,-117.1298,19.5878
586987067,-0.90027,-0.61865,0.26318,75.4580,-250.1374,-94.3511,0.17041,-1.40125,-1.87598,116.5573,-114.4198,19.6870
586988068,-1.71118,-0.98108,-1.51904,63.2901,-250.1374,-82.9771,0.17480,-1.38501,-1.87122,113.6947,-111.7710,19.8244
586989068,-1.74780,-1.53992,-1.59741,69.5267,-250.1374,-79.1908,0.18054,-1.36975,-1.86511,110.5878,-109.1603,19.9695
586990068,-1.39539,-1.59668,-0.63232,70.1450,-250.1374,-82.1603,0.18689,-1.35510,-1.85693,107.2214,-106.5725,20.0916
586991068,-1.41882,-0.97498,-0.82605,53.0687,-250.1374,-80.2595,0.19238,-1.34131,-1.84741,103.7099,-103.9924,20.2061
586992068,-1.56042,0.31494,-1.58521,36.9466,-250.1374,-70.1145,0.19775,-1.32861,-1.83850,100.1679,-101.4122,20.3359
586993068,-1.35425,1.41858,-1.82776,35.1908,-250.1374,-54.0534,0.20312,-1.31702,-1.82886,96.5191,-98.8626,20.4580
586994068,-1.54700,1.11841,-1.99866,39.0229,-250.1374,-35.5954,0.20764,-1.30640,-1.81873,92.7176,-96.3359,20.5420
586995068,-1.65259,-0.15417,-2.00000,48.8855,-250.1374,-30.7557,0.21326,-1.29700,-1.80835,88.7710,-93.7710,20.6031
586996067,-1.28943,-0.72583,-1.21338,68.0687,-233.2290,-43.7786,0.21997,-1.28882,-1.79602,84.6870,-91.1756,20.6718
586997067,-1.23889,-0.60486,-0.66907,77.0458,-225.0076,-55.6031,0.22546,-1.28137,-1.78333,80.4885,-88.5573,20.7252
586998067,-1.16357,-0.78174,-0.72888,71.8626,-209.7481,-58.4198,0.23022,-1.27417,-1.77087,76.2137,-85.9084,20.7252
586999068,-1.04028,-1.22827,-0.80664,76.7405,-191.8626,-63.8931,0.23462,-1.26733,-1.75647,71.9160,-83.2061,20.6870
587000067,-0.94641,-1.06506,-0.70483,95.1527,-176.9695,-76.5802,0.23975,-1.26184,-1.74048,67.5267,-80.4122,20.6336
587001067,-0.73120,-0.16833,-0.38989,102.2290,-172.1069,-83.4656,0.24634,-1.25830,-1.72339,63.1221,-77.5573,20.5496
587002068,-0.58557,0.30981,-0.49170,90.2824,-180.3740,-74.2977,0.25281,-1.25720,-1.70471,58.7481,-74.6794,20.4275
587003068,-0.41248,0.04224,-0.31042,80.1603,-188.0458,-61.3359,0.25757,-1.25818,-1.68481,54.4275,-71.7863,20.2595
587004068,-0.15906,-0.34448,0.30505,89.3969,-196.7252,-57.6794,0.26196,-1.25916,-1.66492,50.1985,-68.8702,20.0382
587005068,-0.61719,-0.37439,-0.70215,104.9542,-225.4122,-62.4046,0.26672,-1.26050,-1.64490,46.0534,-65.8779,19.7710
587006068,-0.72534,0.08545,-1.05444,101.4427,-219.1145,-65.1908,0.27136,-1.26392,-1.62354,42.0229,-62.8321,19.4504
587007068,-0.55481,0.33398,-0.44580,104.1603,-202.4733,-67.4580,0.27612,-1.26904,-1.60168,38.1069,-59.7786,19.0916
587008068,-0.52795,0.31653,0.02698,104.9771,-190.7328,-67.4809,0.28003,-1.27454,-1.57922,34.3588,-56.7023,18.7099
587009068,-0.76318,0.81104,-0.37891,100.1221,-186.0763,-67.5267,0.28296,-1.28015,-1.55627,30.8015,-53.5725,18.2824
587010068,-0.73584,1.91284,-1.10669,95.0840,-177.0916,-64.0153,0.28503,-1.28589,-1.53369,27.4427,-50.3969,17.8244
587011068,-0.63245,1.99994,-1.24084,90.6565,-172.8321,-48.9389,0.28711,-1.29199,-1.51001,24.2824,-47.1908,17.3817
587012068,-0.89343,1.84387,-1.34680,90.9695,-186.0076,-25.9008,0.28992,-1.29871,-1.48486,21.3359,-43.9695,16.9160
587013068,-1.06226,0.68201,-1.76709,102.7863,-202.9389,-7.8855,0.29272,-1.30505,-1.46057,18.5878,-40.7634,16.4198
587014068,-1.37122,0.22058,-2.00000,121.5649,-215.6031,-3.2061,0.29529,-1.31165,-1.43518,16.0458,-37.5878,15.9008
587015068,-1.69580,0.60339,-2.00000,133.2595,-211.5878,-3.6947,0.29712,-1.31824,-1.40674,13.6947,-34.3969,15.3740
587016068,-1.59644,1.23743,-1.92456,132.8168,-187.8168,-0.6336,0.29883,-1.32434,-1.37781,11.5725,-31.1908,14.8092
587017067,-1.72522,1.62012,-1.80457,132.1985,-169.6947,7.4046,0.30090,-1.33081,-1.35010,9.6412,-27.9771,14.2214
587018068,-2.00000,0.57922,-2.00000,144.8244,-163.1985,18.6870,0.30286,-1.33679,-1.32190,7.9389,-24.7328,13.6412
587019068,-2.00000,-2.00000,-2.00000,167.2137,-149.7634,23.8550,0.30457,-1.34265,-1.29236,6.4275,-21.4733,13.0382
587020067,-2.00000,-2.00000,-2.00000,179.2061,-133.1679,9.4427,0.30664,-1.34924,-1.26270,5.1069,-18.2290,12.4275
587021068,-2.00000,-2.00000,-2.00000,158.2137,-125.2443,-15.9466,0.30835,-1.35571,-1.23315,3.9924,-15.0153,11.7710
587022067,-2.00000,-1.47864,-2.00000,106.6947,-102.0534,-28.1069,0.30957,-1.36096,-1.20276,3.0534,-11.8168,11.0916
587023068,-2.00000,0.61829,-2.00000,56.0229,-64.3664,-14.3588,0.31055,-1.36548,-1.17151,2.2824,-8.6183,10.3740
587024067,-1.46533,0.38074,-0.56299,31.7786,-38.5878,10.0382,0.31091,-1.36963,-1.14026,1.6794,-5.4504,9.6718
587025068,-1.47852,-0.80078,-0.32483,27.0992,-35.5420,24.4962,0.31079,-1.37305,-1.10999,1.2443,-2.3588,8.9542
587026068,-1.82483,-1.47986,-0.85168,26.1756,-32.7557,26.6489,0.31067,-1.37585,-1.08130,0.9313,0.6870,8.2137
587027068,-1.44995,-1.45105,-0.28821,19.6718,-13.6794,25.0687,0.31042,-1.37708,-1.05322,0.7176,3.6718,7.4427
587028068,-1.01440,-0.81531,0.51221,16.5954,-13.6183,24.0076,0.31104,-1.37708,-1.02490,0.5954,6.5878,6.6336
587029068,-1.14893,-0.08459,0.31421,41.2748,-47.3130,22.1985,0.31250,-1.37610,-0.99756,0.5649,9.4198,5.7939
587030068,-1.25183,-0.06738,0.15320,96.5878,-89.2519,18.2672,0.31311,-1.37439,-0.97217,0.6260,12.1527,4.9542
587031068,-1.15881,-0.92651,0.59241,137.7405,-119.2137,15.6947,0.31421,-1.37366,-0.94592,0.7710,14.8092,4.1450
587032067,-1.13403,-1.99170,0.98645,128.4275,-131.7176,18.0687,0.31506,-1.37329,-0.91895,0.9924,17.3893,3.3282
587033068,-1.30554,-2.00000,0.90686,95.4198,-133.9313,18.1985,0.31506,-1.37268,-0.89233,1.2824,19.8779,2.4809
587034067,-1.56885,-1.83325,0.44214,82.7328,-135.1985,11.7481,0.31543,-1.37292,-0.86633,1.6718,22.2748,1.6489
587035068,-1.85107,-1.32520,-0.48926,88.7099,-141.2290,8.2137,0.31726,-1.37317,-0.83997,2.1298,24.5496,0.8779
587036068,-2.00000,-1.79395,-1.84973,85.3053,-149.7481,13.5954,0.32080,-1.37158,-0.81226,2.6412,26.7023,0.1374
587037068,-2.00000,-2.00000,-2.00000,70.5115,-146.4198,16.6794,0.32422,-1.36853,-0.78540,3.1756,28.7710,-0.5878
587038068,-2.00000,-2.00000,-2.00000,64.9618,-133.5496,7.5191,0.32532,-1.36475,-0.76013,3.7099,30.7405,-1.2672
587039068,-2.00000,-2.00000,-1.67969,78.7023,-124.1069,-8.9466,0.32483,-1.36035,-0.73584,4.2290,32.5878,-1.9008
587040068,-2.00000,-1.85974,-1.75061,103.7481,-119.2290,-22.1374,0.32324,-1.35547,-0.71228,4.7023,34.3053,-2.4809
587041067,-2.00000,-1.57507,-2.00000,118.8855,-110.6031,-26.1679,0.32117,-1.35059,-0.68860,5.0916,35.9008,-3.0229
587042068,-2.00000,-1.59485,-2.00000,104.5344,-95.8779,-18.9389,0.31958,-1.34595,-0.66455,5.4046,37.3664,-3.5115
587043068,-2.00000,-1.65381,-2.00000,75.8855,-80.4046,-10.1527,0.31763,-1.34192,-0.64075,5.6412,38.6718,-3.9771
587044068,-2.00000,-1.48010,-2.00000,72.0611,-73.3206,-9.7099,0.31494,-1.33813,-0.61682,5.8321,39.7939,-4.3817
587045068,-2.00000,-1.24548,-2.00000,86.8092,-74.7099,-11.0687,0.31250,-1.33435,-0.59314,5.9618,40.7863,-4.7405
587046068,-2.00000,-1.25952,-2.00000,73.0076,-75.3817,0.0153,0.31030,-1.33032,-0.57068,5.9924,41.6412,-5.0763
587047068,-2.00000,-1.60156,-2.00000,20.3130,-72.6794,21.6183,0.30750,-1.32690,-0.54883,5.9542,42.3893,-5.3588
587048067,-2.00000,-1.84265,-2.00000,-22.4275,-65.5191,35.6947,0.30493,-1.32434,-0.52783,5.8931,43.0076,-5.5878
587049068,-1.95911,-1.72400,-1.92981,-22.0382,-66.0000,34.9008,0.30298,-1.32275,-0.50745,5.8244,43.4809,-5.8015
587050068,-1.98840,-1.44629,-2.00000,1.1145,-76.3817,28.2595,0.30164,-1.32104,-0.48694,5.7252,43.8397,-6.0153
587051067,-2.00000,-1.28418,-2.00000,13.8702,-85.8931,25.5649,0.30103,-1.31909,-0.46729,5.5802,44.0763,-6.2443
587052068,-2.00000,-1.41431,-2.00000,13.2061,-84.2290,25.5496,0.29968,-1.31738,-0.44910,5.4046,44.1679,-6.4885
587053067,-2.00000,-1.82129,-2.00000,12.3130,-74.2824,23.2290,0.29834,-1.31506,-0.43127,5.2137,44.1679,-6.7252
587054068,-2.00000,-2.00000,-2.00000,22.7786,-68.9542,15.6489,0.29834,-1.31226,-0.41248,5.0305,44.1298,-6.9695
587055068,-2.00000,-2.00000,-2.00000,45.4275,-62.8397,2.9313,0.29883,-1.30872,-0.39404,4.8092,44.0153,-7.1908
587056068,-2.00000,-2.00000,-2.00000,62.2672,-49.0000,-9.2519,0.29907,-1.30457,-0.37598,4.5496,43.8397,-7.4275
587057068,-2.00000,-2.00000,-2.00000,52.3206,-31.1374,-14.5038,0.29846,-1.30115,-0.35767,4.2672,43.6031,-7.6794
587058068,-2.00000,-1.52612,-2.00000,23.4198,-26.9618,-10.7863,0.29822,-1.29797,-0.33887,3.9466,43.3130,-7.9542
587059068,-2.00000,-0.92578,-2.00000,1.7939,-36.2595,-2.8626,0.29822,-1.29443,-0.31934,3.5802,42.9771,-8.2214
587060068,-2.00000,-0.83081,-2.00000,6.1069,-14.3435,-1.1985,0.29810,-1.29089,-0.30066,3.1832,42.5878,-8.4733
587061068,-2.00000,-1.07642,-2.00000,17.8397,34.7328,-2.8168,0.29980,-1.28271,-0.26489,2.1832,41.6718,-8.9542
587062068,-2.00000,-1.22424,-2.00000,-2.3740,62.6641,5.2672,0.30029,-1.27832,-0.24792,1.5573,41.1450,-9.2214
587063068,-2.00000,-1.08179,-2.00000,-30.6565,79.7252,16.4198,0.30029,-1.27344,-0.22986,0.8550,40.6107,-9.4962
587064064,-2.00000,-0.80957,-2.00000,-17.5191,125.7176,14.2901,0.30042,-1.26929,-0.21216,0.0763,40.0382,-9.7634
587065069,-2.00000,-0.84644,-2.00000,12.1603,176.4656,6.7099,0.30066,-1.26587,-0.19678,-0.7786,39.4427,-9.9695
587066068,-2.00000,-1.10669,-2.00000,23.6031,207.4656,0.5878,0.30029,-1.26245,-0.18274,-1.7176,38.8397,-10.1679
587067068,-2.00000,-1.25635,-2.00000,32.4122,228.6870,-6.8168,0.30042,-1.25818,-0.16809,-2.7252,38.2061,-10.4046
587068068,-2.00000,-1.32507,-2.00000,42.1450,244.0458,-13.6870,0.30151,-1.25366,-0.15234,-3.7863,37.5344,-10.6336
587069068,-1.90735,-1.40637,-2.00000,37.6870,250.1298,-17.4962,0.30286,-1.25012,-0.13599,-4.8855,36.8321,-10.8550
587070068,-1.73193,-1.68481,-1.81018,31.6718,250.1298,-20.2061,0.30371,-1.24707,-0.12158,-6.0382,36.0992,-11.0763
587071068,-1.38489,-1.93445,-1.02258,38.1908,250.1298,-24.7786,0.30444,-1.24316,-0.10889,-7.2214,35.3893,-11.2977
587072067,-1.11316,-1.81091,-0.33142,41.4809,231.0763,-28.5115,0.30554,-1.23865,-0.09448,-8.3969,34.7023,-11.5344
587073068,-1.15039,-1.48669,-0.28662,31.4198,204.2290,-27.3511,0.30737,-1.23376,-0.07947,-9.5649,34.0153,-11.7710
587074068,-1.09851,-1.20850,-0.42285,22.7939,183.5725,-24.3130,0.31067,-1.22913,-0.06616,-10.7176,33.3588,-12.0153
587075067,-0.79443,-0.89441,-0.10144,26.3511,171.8550,-24.2901,0.31506,-1.22449,-0.05334,-11.8321,32.7099,-12.2443
587076067,-0.66187,-0.53601,0.28894,36.4885,161.4198,-26.1221,0.31921,-1.21887,-0.04053,-12.9084,32.0687,-12.4656
587077068,-0.85986,-0.27441,-0.10095,45.4962,150.3588,-26.5878,0.32239,-1.21375,-0.02625,-13.9695,31.4809,-12.6794
587078068,-1.22375,-0.34753,-1.11450,50.3511,145.3206,-24.0840,0.32544,-1.20923,-0.01050,-14.9847,30.9466,-12.8931
587079068,-1.70947,-0.83862,-2.00000,46.2672,145.2137,-19.3740,0.32898,-1.20459,0.00525,-15.9695,30.4427,-13.1298
587080068,-1.93201,-1.24646,-2.00000,36.2290,155.1298,-16.0458,0.33167,-1.19971,0.02002,-16.9466,29.9618,-13.3740
587081068,-1.79260,-1.17761,-1.99097,33.7786,171.4122,-16.8855,0.33228,-1.19421,0.03418,-17.8931,29.4809,-13.5802
587082067,-1.76733,-0.87781,-1.70532,34.9542,187.3511,-17.7252,0.33301,-1.18774,0.04761,-18.8702,29.0229,-13.7786
587083067,-1.65369,-0.70117,-1.28870,24.8702,209.2977,-12.5649,0.33398,-1.18091,0.06006,-19.8779,28.5649,-13.9542
587084067,-1.38220,-0.70142,-0.67700,2.4046,233.5573,-2.3893,0.33472,-1.17432,0.07153,-20.8550,28.1221,-14.1298
587085067,-1.21436,-1.09167,-0.42639,-21.0000,250.1298,8.3969,0.33618,-1.16882,0.08252,-21.8168,27.6641,-14.2748
587086067,-0.95386,-1.89612,-0.20801,-28.8855,250.1298,11.9008,0.33704,-1.16443,0.09338,-22.7481,27.2061,-14.4351
587087067,-0.68652,-2.00000,0.25439,-15.4122,250.1298,2.4046,0.33655,-1.15955,0.10376,-23.6412,26.7481,-14.5725
587088068,-0.52893,-1.70422,0.52771,-2.6489,235.2901,-11.2137,0.33582,-1.15479,0.11475,-24.5420,26.2595,-14.7023
587089067,-0.42322,-0.89160,0.60254,-6.6718,214.5038,-15.3969,0.33411,-1.15088,0.12659,-25.4122,25.6947,-14.8168
587090067,-0.45569,-0.75061,0.70422,-11.2214,194.8321,-11.6336,0.33203,-1.14722,0.13660,-26.2137,25.0611,-14.8931
587091068,-0.42419,-1.05688,1.03943,-2.9618,183.5038,-10.6718,0.33057,-1.14368,0.14539,-26.9847,24.3893,-14.9237
587092067,-0.34326,-1.18140,1.44849,4.8550,180.2977,-13.1374,0.32922,-1.14087,0.15515,-27.7405,23.7023,-14.9084
587093067,-0.43433,-1.09131,1.59814,-1.4122,184.1069,-12.6870,0.32776,-1.13892,0.16394,-28.3893,22.9618,-14.8550
587094067,-0.45825,-0.87573,1.61206,-19.0534,196.8321,-7.5267,0.32629,-1.13757,0.17139,-28.8931,22.1832,-14.8244
587095067,-0.43982,-0.70276,1.14978,-33.9924,201.1832,0.6107,0.32593,-1.13611,0.17871,-29.3130,21.3588,-14.8092
587096067,-0.61975,-1.05298,0.33435,-35.0611,190.0763,8.6489,0.32727,-1.13440,0.18542,-29.6031,20.4962,-14.7634
587097068,-0.61279,-1.84668,0.41040,-26.5802,182.0534,10.7405,0.32849,-1.13269,0.19141,-29.7405,19.6336,-14.7252
587098068,-0.37744,-2.00000,1.05542,-27.1450,176.2061,6.3359,0.32947,-1.13110,0.19727,-29.7023,18.7481,-14.7023
587099067,-0.30310,-1.28540,1.28308,-47.0229,170.6870,4.0305,0.33240,-1.12976,0.20239,-29.5038,17.8855,-14.7023
587100067,-0.23926,-0.52393,1.33765,-69.9389,169.7328,9.2901,0.33655,-1.12817,0.20691,-29.1298,17.0611,-14.6794
587101067,-0.15991,-0.58289,1.58130,-83.3817,171.6489,19.6641,0.34106,-1.12634,0.21277,-28.5725,16.2748,-14.6565
587102068,-0.15051,-1.17920,1.49304,-90.7481,171.0611,26.7710,0.34509,-1.12402,0.21826,-27.8626,15.5191,-14.6489
587103068,-0.23120,-1.42688,1.00122,-90.9237,168.6870,24.2824,0.34888,-1.12134,0.22241,-27.0000,14.8168,-14.6412
587104068,-0.26318,-1.16125,0.82349,-88.5802,166.5420,19.0840,0.35266,-1.11829,0.22681,-25.9924,14.1908,-14.6183
587105068,-0.08313,-0.77771,1.16052,-92.3435,165.2443,19.5802,0.35645,-1.11462,0.23157,-24.8473,13.6183,-14.5954
587106068,-0.06165,-0.57678,1.41394,-97.0305,158.2977,24.4122,0.36096,-1.11047,0.23535,-23.5878,13.1069,-14.6031
587107068,-0.17163,-0.54236,1.56287,-86.7863,152.5954,25.7176,0.36646,-1.10620,0.23889,-22.2214,12.6412,-14.6260
587108068,-0.03125,-0.37927,1.99994,-65.3130,153.9542,21.6260,0.37183,-1.10046,0.24219,-20.7405,12.2290,-14.6260
587109067,0.15857,0.00818,1.99994,-57.2443,152.3817,20.4275,0.37524,-1.09375,0.24475,-19.1679,11.9084,-14.6031
587110067,0.19629,0.43091,1.99994,-68.7099,146.1603,27.7634,0.37708,-1.08838,0.24744,-17.5344,11.6794,-14.5802
587111067,0.27881,0.18237,1.99994,-68.3740,139.8092,38.1527,0.37976,-1.08301,0.25024,-15.8779,11.5496,-14.5496
587112067,0.25391,-1.17822,1.99994,-45.0000,123.8931,44.1221,0.38245,-1.07642,0.25232,-14.2290,11.5191,-14.5267
587113067,0.00842,-2.00000,1.99994,-23.4275,100.0458,42.1985,0.38391,-1.06921,0.25244,-12.5954,11.5420,-14.4962
587114068,-0.16125,-2.00000,1.66150,-17.9237,81.9237,31.2824,0.38403,-1.06189,0.25244,-11.0076,11.5954,-14.4580
587115068,-0.12122,-2.00000,1.79639,-25.9847,82.6565,18.7634,0.38330,-1.05408,0.25476,-9.4427,11.6412,-14.4275
587116067,-0.13818,-1.74072,1.99994,-45.8855,82.7939,16.3740,0.38184,-1.04529,0.25684,-7.9160,11.6947,-14.3817
587117067,-0.29163,-1.50781,1.90283,-62.2748,75.6107,22.4046,0.37903,-1.03552,0.25647,-6.4885,11.7939,-14.3282
587118068,-0.18433,-2.00000,1.99994,-62.4427,78.7328,26.7252,0.37500,-1.02588,0.25549,-5.2061,11.8855,-14.2672
587119067,0.03186,-2.00000,1.99994,-72.6183,86.0382,25.6565,0.37012,-1.01660,0.25415,-4.0382,11.9389,-14.2061
587120067,0.05127,-2.00000,1.99994,-106.5878,90.7863,24.3130,0.36548,-1.00610,0.25256,-2.9771,11.9695,-14.1450
587121067,-0.11987,-2.00000,1.53064,-121.6794,84.7710,19.7939,0.36145,-0.99475,0.25085,-2.0611,11.9466,-14.0916
587122067,-0.05371,-1.39270,1.40051,-93.1756,73.1832,10.8244,0.35706,-0.98462,0.24792,-1.3435,11.8397,-14.0382
587123067,0.25391,-1.14258,1.87756,-64.5649,55.1603,6.7023,0.35229,-0.97559,0.24475,-0.8092,11.6794,-13.9389
587124067,0.14148,-1.19958,1.70496,-68.1679,33.2824,9.7328,0.34705,-0.96631,0.24011,-0.4427,11.4580,-13.8015
587125068,-0.05334,-1.20239,1.54639,-79.4656,26.0916,11.6794,0.34167,-0.95728,0.23389,-0.1985,11.1450,-13.6183
587126067,0.15234,-1.01135,1.99994,-73.1450,31.7634,7.8626,0.33679,-0.94885,0.23010,-0.0687,10.6947,-13.4046
587127068,0.27795,-0.73608,1.99994,-63.5954,33.6565,4.8321,0.33215,-0.94055,0.22583,-0.0840,10.1374,-13.1756
587128067,0.12671,-0.59973,1.99994,-68.5115,35.5954,8.5725,0.32678,-0.93298,0.21924,-0.2824,9.4733,-12.9084
587129068,0.19629,-0.69446,1.99994,-81.7328,45.1450,16.4885,0.32043,-0.92737,0.21265,-0.6183,8.7099,-12.5649
587130067,0.34998,-1.05811,1.84241,-86.5191,43.0153,21.9313,0.31519,-0.92273,0.20593,-1.0229,7.8702,-12.1908
587131068,0.23596,-1.41467,1.25586,-73.2901,22.9542,19.0534,0.31079,-0.91846,0.19910,-1.4733,6.9237,-11.7786
587132068,0.22888,-1.41162,1.15637,-52.5954,-0.1069,10.4046,0.30627,-0.91455,0.19189,-1.9618,5.8473,-11.3511
587133068,0.46191,-1.17273,1.51245,-48.3588,-19.9389,6.2366,0.30261,-0.91150,0.18323,-2.4962,4.6794,-10.9008
587134068,0.43579,-1.01038,1.48303,-61.6641,-38.7023,9.0687,0.29980,-0.90881,0.17407,-3.0458,3.4656,-10.4198
587135068,-0.39868,-1.13318,-0.04639,-38.0229,-60.1985,3.1679,0.29663,-0.90637,0.16565,-3.6183,2.1985,-9.9237
587136068,-0.69360,-1.52698,-0.48145,-24.9237,-49.0458,-1.7252,0.29346,-0.90479,0.15613,-4.2137,0.8473,-9.3969
587137067,-0.85791,-1.87915,-0.71765,-42.4504,-24.8626,-1.0382,0.29077,-0.90381,0.14465,-4.8244,-0.5420,-8.8626
587138068,-0.95996,-1.82263,-0.89575,-67.8702,3.0000,0.5496,0.28845,-0.90222,0.13245,-5.4198,-1.9542,-8.2748
587139067,-0.96533,-1.45752,-1.02319,-74.5344,25.8626,-1.6718,0.28711,-0.90039,0.12146,-6.0153,-3.3893,-7.6489
587140068,-0.88452,-1.09033,-0.91455,-66.8321,41.6718,-4.8168,0.28564,-0.89868,0.11096,-6.6183,-4.8321,-7.0305
587141067,-0.76343,-0.89758,-0.56909,-67.5649,52.9542,-3.0687,0.28442,-0.89746,0.09900,-7.2366,-6.2672,-6.4198
587142067,-0.48950,-0.68665,0.01685,-87.1832,63.8244,4.1527,0.28406,-0.89746,0.08667,-7.8702,-7.6718,-5.7634
587143068,-0.13428,-0.45117,0.90369,-104.4275,70.7405,11.7099,0.28308,-0.89868,0.07532,-8.5573,-9.0458,-5.0763
587144068,0.23145,-0.43811,1.71753,-86.6794,68.6107,10.7863,0.28149,-0.89966,0.06470,-9.2519,-10.3511,-4.3740
587145068,0.43079,-0.77600,1.94800,-44.6641,54.7786,2.8244,0.28101,-0.89990,0.05273,-9.9466,-11.6183,-3.6641
587146067,0.36267,-1.36951,1.72449,-19.8244,34.3969,-3.5954,0.28088,-0.90027,0.03857,-10.6870,-12.8931,-2.9237
587147067,0.34778,-1.80127,1.52173,-17.0076,17.3511,-9.5496,0.28003,-0.90125,0.02502,-11.4962,-14.1450,-2.1450
587148067,0.29968,-1.83545,1.45654,-12.5954,2.6031,-20.1985,0.27747,-0.90271,0.01208,-12.3893,-15.3130,-1.3740
587149068,0.12708,-1.56396,1.42822,4.7557,-10.9847,-34.5954,0.27405,-0.90320,-0.00073,-13.3511,-16.4427,-0.6107
587150067,-0.00427,-1.27966,1.30249,22.5038,-19.8321,-45.2366,0.27100,-0.90320,-0.01294,-14.3664,-17.5802,0.1450
587151067,-0.18359,-1.19946,1.00110,16.0382,-19.0611,-45.0916,0.26843,-0.90405,-0.02710,-15.4504,-18.7405,0.8931
587152067,-0.30261,-1.17957,0.78772,-20.4427,-2.4656,-35.8244,0.26575,-0.90613,-0.04358,-16.6183,-19.9160,1.6336
587153067,-0.29260,-0.98328,0.81885,-58.4656,20.3206,-25.7557,0.26331,-0.90906,-0.06042,-17.8931,-21.0611,2.3893
587154067,-0.23376,-0.40405,1.17297,-70.4733,38.6947,-20.8779,0.26099,-0.91260,-0.07678,-19.2519,-22.1527,3.1374
587155068,0.09033,0.28809,1.78821,-58.0534,49.7863,-18.3435,0.25757,-0.91614,-0.09302,-20.7099,-23.2214,3.8779
587156067,0.38916,0.36951,1.99994,-40.8473,45.8397,-12.3511,0.25500,-0.91931,-0.11047,-22.2595,-24.2901,4.6260
587157067,0.40234,-0.28796,1.88660,-30.7557,29.1985,-5.8244,0.25415,-0.92285,-0.12793,-23.8931,-25.3817,5.3588
587158067,0.53552,-0.82007,1.99994,-20.7328,10.4427,-8.4809,0.25427,-0.92700,-0.14563,-25.5649,-26.4351,6.0458
587159067,0.66626,-0.72742,1.99994,-2.4962,-10.2443,-20.0840,0.25476,-0.93140,-0.16467,-27.2595,-27.4427,6.6870
587160065,0.52124,-0.50012,1.99994,17.5496,-31.3588,-30.7863,0.25574,-0.93542,-0.18372,-28.9695,-28.4351,7.3282
587161065,0.29370,-0.63232,1.99231,28.6718,-44.7786,-34.4275,0.25757,-0.93921,-0.20251,-30.6641,-29.3817,7.9389
587162065,0.17480,-1.24658,1.99994,24.8931,-42.6260,-31.7481,0.26099,-0.94727,-0.24109,-33.9924,-31.0992,9.0305
587163065,0.41589,-2.00000,1.99994,1.4656,-24.2061,-26.5267,0.26245,-0.95251,-0.25928,-35.5954,-31.8779,9.5420
587164069,0.67371,-2.00000,1.99994,-37.1908,-13.0763,-21.9924,0.26514,-0.95898,-0.27832,-37.1603,-32.5496,10.0000
587165068,0.29126,-1.24084,1.64038,-66.6947,-23.0687,-20.2748,0.26794,-0.96533,-0.29846,-38.6565,-33.1298,10.3969
587166067,-0.05273,-0.14172,0.74622,-70.1603,-38.9084,-18.6489,0.27100,-0.97168,-0.31726,-40.0916,-33.6107,10.7710
587167067,0.30322,0.03894,1.34570,-68.9924,-51.8626,-10.3359,0.27356,-0.97791,-0.33618,-41.4580,-33.9771,11.0992
587168067,0.45996,-0.50598,1.83533,-82.8473,-75.8092,2.5802,0.27466,-0.98401,-0.35498,-42.7557,-34.2595,11.3893
587169067,0.02563,-0.69556,1.16455,-92.5115,-101.5954,7.7252,0.27502,-0.99060,-0.37439,-44.0000,-34.4809,11.6183
587170067,-0.26050,-0.26465,0.72058,-75.1908,-104.4504,1.0305,0.27539,-0.99731,-0.39514,-45.2214,-34.5954,11.8321
587171067,-0.21606,0.23621,0.83362,-41.5344,-90.6031,-9.2214,0.27551,-1.00415,-0.41565,-46.4122,-34.5954,12.0000
587172067,-0.30542,0.37354,0.46375,-18.1527,-75.5878,-13.5267,0.27527,-1.01160,-0.43542,-47.5191,-34.5267,12.1374
587173067,-0.61572,0.03369,-0.37268,-14.3893,-63.7099,-10.9695,0.27661,-1.01990,-0.45520,-48.5496,-34.4046,12.2061
587174068,-0.60461,-0.44592,-0.72217,-17.2366,-46.7786,-10.7405,0.27820,-1.02905,-0.47546,-49.5344,-34.1985,12.2519
587175068,-0.29553,-0.41699,-0.18286,-17.3588,-27.8779,-17.8321,0.27917,-1.03833,-0.49548,-50.4733,-33.9008,12.2977
587176068,0.03711,0.25671,0.58203,-14.9771,-14.7023,-24.7481,0.27979,-1.04688,-0.51514,-51.3664,-33.5038,12.3282
587177068,0.25867,0.77808,0.87524,-17.4885,-16.2137,-19.0076,0.27954,-1.05493,-0.53564,-52.1908,-33.0382,12.3282
587178068,0.22498,0.33960,0.80713,-31.4733,-27.6489,0.2519,0.27942,-1.06299,-0.55750,-52.9389,-32.5191,12.2595
587179068,0.28162,-0.58215,1.09131,-49.1145,-33.5267,17.1679,0.28015,-1.07178,-0.57971,-53.6336,-31.9237,12.1985
587180068,0.45117,-0.88745,1.53662,-59.5038,-37.7023,22.3588,0.28186,-1.08105,-0.60278,-54.2977,-31.2214,12.1374
587181067,0.47607,-0.40759,1.57471,-64.3053,-48.9542,23.2366,0.28394,-1.09009,-0.62646,-54.9542,-30.4046,12.0305
587182068,0.50244,0.20496,1.64502,-68.0382,-61.8702,28.6107,0.28577,-1.09912,-0.64929,-55.5802,-29.5191,11.8855
587183067,0.59558,0.15686,1.87976,-72.6794,-72.9847,39.8702,0.28821,-1.10852,-0.67212,-56.1221,-28.5573,11.7863
587184067,0.42358,-0.54138,1.51013,-80.8092,-86.0916,49.3053,0.29126,-1.11841,-0.69556,-56.5878,-27.5038,11.6870
587185067,-0.05579,-1.17017,0.68103,-85.3435,-97.4427,49.2748,0.29431,-1.12939,-0.71912,-56.9695,-26.3435,11.5649
587186068,-0.38123,-1.38574,0.20544,-80.4885,-101.3282,42.5191,0.29761,-1.14160,-0.74146,-57.2672,-25.0916,11.3817
587187068,-0.41077,-1.30969,0.16235,-83.2672,-97.7710,38.7176,0.30127,-1.15393,-0.76221,-57.4809,-23.7328,11.1756
587188068,-0.41187,-1.10400,0.07544,-103.6870,-90.5115,41.5038,0.30505,-1.16626,-0.78369,-57.6031,-22.2290,10.9847
587189067,-0.45471,-0.87219,-0.15784,-120.8168,-81.1832,45.5496,0.30786,-1.17822,-0.80652,-57.6107,-20.5802,10.7557
587190067,-0.46875,-0.81531,-0.21924,-122.0534,-72.5191,48.0305,0.30957,-1.18958,-0.82959,-57.5115,-18.7939,10.4809
587191068,-0.44666,-1.01270,-0.20398,-120.2519,-65.2519,50.0382,0.31311,-1.20044,-0.85278,-57.3053,-16.8702,10.1603
587192067,-0.49695,-1.20850,-0.37415,-123.2748,-60.4580,50.8779,0.31775,-1.21167,-0.87646,-57.0076,-14.7939,9.8168
587193068,-0.58997,-1.11926,-0.54651,-118.2519,-57.7405,46.3893,0.32129,-1.22290,-0.89990,-56.6336,-12.5802,9.4122
587194067,-0.55103,-0.78149,-0.55225,-92.9008,-58.2977,34.7634,0.32373,-1.23315,-0.92334,-56.1985,-10.2595,8.9771
587195067,-0.52185,-0.73645,-0.40466,-59.7099,-60.8550,23.5573,0.32458,-1.24365,-0.94690,-55.7023,-7.8626,8.5267
587196067,-0.65698,-1.28870,-0.15430,-44.9466,-60.3893,18.9618,0.32483,-1.25403,-0.97021,-55.1298,-5.3893,8.0305
587197067,-0.96167,-1.86694,-0.22778,-52.9771,-55.7710,16.5496,0.32495,-1.26306,-0.99329,-54.4962,-2.8321,7.4580
587198067,-0.97693,-1.96338,-0.75452,-64.6794,-45.8626,10.2748,0.32434,-1.27148,-1.01758,-53.8397,-0.1603,6.8397
587199067,-0.62830,-1.35950,-0.18579,-64.4275,-27.7023,-0.4046,0.32300,-1.27905,-1.04321,-53.1908,2.6183,6.1832
587200067,-0.24939,-0.37512,1.11865,-64.0611,-16.1756,-4.8931,0.32227,-1.28503,-1.06763,-52.5344,5.5115,5.4885
587201067,-0.12708,0.20032,0.90967,-80.6870,-21.6870,5.2672,0.32166,-1.29028,-1.09167,-51.8702,8.4733,4.7405
587202067,-0.48535,-0.18091,-0.48413,-98.7710,-42.1221,22.3588,0.32056,-1.29529,-1.11560,-51.2214,11.5191,3.9618
587203067,-0.41162,-1.22644,-0.55566,-91.1908,-48.9695,28.4351,0.31848,-1.30005,-1.13879,-50.6031,14.6336,3.1679
587204068,-0.12378,-1.68408,0.75354,-77.9695,-53.0992,21.6870,0.31519,-1.30420,-1.16089,-50.0534,17.7786,2.3130
587205068,-0.10901,-1.06958,0.98486,-82.3511,-61.7023,14.7786,0.31287,-1.30908,-1.18225,-49.5649,20.9618,1.4198
587206067,-0.20862,0.07959,0.17566,-82.7710,-70.3969,11.9695,0.31189,-1.31299,-1.20312,-49.1450,24.1985,0.5038
587207068,-0.59729,0.71191,-0.28931,-64.6870,-76.2519,12.6183,0.31079,-1.31555,-1.22400,-48.8015,27.4962,-0.3817
587208068,-0.58813,0.18774,0.08630,-47.4656,-67.5954,15.1374,0.30933,-1.31848,-1.24585,-48.5649,30.8626,-1.2519
587209067,-0.46216,-0.88464,0.46545,-47.2366,-58.2290,16.1908,0.30774,-1.32153,-1.26685,-48.4275,34.2901,-2.1374
587210067,-0.67639,-1.58264,-0.00891,-55.1069,-58.0992,12.8855,0.30518,-1.32458,-1.28625,-48.3817,37.7023,-3.0458
587211067,-0.67627,-1.29834,-0.39893,-59.1832,-55.6489,4.3588,0.30261,-1.32739,-1.30566,-48.4275,41.1069,-3.9542
587212067,-0.61169,-0.50098,-0.59021,-59.5115,-60.3817,-0.7710,0.29932,-1.32947,-1.32617,-48.5878,44.5267,-4.8626
587213067,-0.80957,0.07544,-1.29468,-61.1145,-75.7176,2.4809,0.29431,-1.33240,-1.34631,-48.8702,48.0000,-5.7634
587214067,-1.12451,0.19409,-1.77515,-61.1298,-90.4962,10.4427,0.28894,-1.33643,-1.36438,-49.2977,51.4427,-6.6183
587215068,-1.28333,-0.28223,-1.56885,-55.1908,-95.9008,17.2290,0.28369,-1.34131,-1.38196,-49.8244,54.8702,-7.4809
587216067,-1.23547,-0.93494,-1.26343,-52.5878,-89.0153,19.5038,0.27783,-1.34766,-1.40051,-50.4580,58.2977,-8.3435
587217067,-1.20557,-1.22266,-1.27380,-44.5420,-73.4351,12.9237,0.27173,-1.35510,-1.41968,-51.1832,61.6794,-9.2061
587218067,-1.44336,-0.75940,-1.93274,-8.3282,-62.8168,-6.9542,0.26477,-1.36304,-1.43958,-52.0000,65.0076,-10.0687
587219067,-1.87585,-0.00635,-2.00000,40.2901,-62.0382,-27.6031,0.25757,-1.37122,-1.46069,-52.8855,68.3435,-10.9160
587220067,-2.00000,0.19678,-2.00000,69.7252,-63.1069,-39.1450,0.25037,-1.37952,-1.48193,-53.8168,71.6031,-11.7557
587221068,-2.00000,-0.41870,-2.00000,86.5878,-54.1145,-46.8244,0.24194,-1.38806,-1.50366,-54.8092,74.8015,-12.5802
587222068,-2.00000,-1.50928,-2.00000,104.6107,-31.9924,-58.9389,0.23303,-1.39771,-1.52649,-55.8702,77.9160,-13.3893
587223068,-1.93372,-1.92615,-2.00000,115.8397,-5.8931,-74.6336,0.22437,-1.40906,-1.54907,-56.9695,81.0229,-14.1450
587224068,-1.90063,-1.08545,-2.00000,97.1298,20.4504,-80.7863,0.21460,-1.42139,-1.57092,-58.0840,84.1221,-14.9008
587225068,-2.00000,0.25342,-2.00000,42.8550,56.9466,-64.8931,0.20569,-1.43359,-1.59265,-59.2214,87.1374,-15.6260
587226068,-1.76221,0.93286,-2.00000,-9.2672,95.2824,-35.9008,0.19897,-1.44678,-1.61475,-60.3588,89.9618,-16.3130
587227067,-1.64038,0.38611,-2.00000,-19.4046,104.6718,-11.7099,0.19202,-1.46033,-1.63684,-61.5038,92.5191,-16.9695
587228067,-1.55261,-0.63098,-2.00000,-3.3435,95.1374,-1.5573,0.18567,-1.47290,-1.65784,-62.6260,95.0382,-17.6412
587229067,-1.02002,-0.91858,-1.53040,2.3435,88.9389,-0.8473,0.18054,-1.48535,-1.67822,-63.7176,97.6183,-18.2977
587230068,-0.58325,-0.36780,-0.48022,-19.7786,79.5038,1.7634,0.17542,-1.49829,-1.69885,-64.7786,100.2595,-18.9313
587231068,-0.63232,0.37366,-0.60803,-38.2137,65.3511,5.8473,0.16980,-1.51013,-1.71997,-65.8092,102.9237,-19.5725
587232068,-0.82947,0.73291,-0.93909,-7.1527,47.3969,-0.4504,0.16394,-1.52087,-1.74036,-66.8473,105.5649,-20.2137
587233068,-0.88953,0.42834,-1.15845,49.5649,34.9389,-13.8702,0.15857,-1.53101,-1.76074,-67.9237,108.1908,-20.8702
587234068,-1.03833,-0.32190,-1.68799,66.6641,29.5954,-20.7405,0.15356,-1.53992,-1.78088,-69.0305,110.8168,-21.5267
587235067,-1.40247,-0.93250,-2.00000,48.8015,39.2214,-22.7863,0.14771,-1.54736,-1.79956,-70.1450,113.4351,-22.1756
587236068,-1.57275,-1.17139,-1.96143,42.3359,61.7099,-27.4046,0.14209,-1.55444,-1.81812,-71.3282,116.0687,-22.8397
587237067,-1.66260,-1.08069,-1.97913,52.1069,77.5344,-32.5573,0.13647,-1.56116,-1.83704,-72.6031,118.6947,-23.5496
587238068,-2.00000,-1.01428,-2.00000,53.5191,83.5420,-30.2672,0.13025,-1.56738,-1.85535,-73.9771,121.2824,-24.2824
587239068,-2.00000,-1.01978,-2.00000,38.1527,107.4122,-22.9466,0.12305,-1.57300,-1.87292,-75.4656,123.8473,-25.0534
587240068,-1.52979,-0.62305,-1.68872,12.4885,140.5573,-15.1374,0.11621,-1.57776,-1.89038,-77.0687,126.4275,-25.9084
587241067,-1.30457,-0.02026,-1.38403,-11.5420,144.9084,-5.1985,0.11023,-1.58203,-1.90820,-78.7863,129.0458,-26.8168
587242067,-1.71448,0.19861,-2.00000,-11.6870,125.6641,1.7863,0.10449,-1.58569,-1.92651,-80.6260,131.6870,-27.7405
587243068,-1.88916,-0.03467,-2.00000,18.8779,115.1908,-1.6794,0.09863,-1.58875,-1.94458,-82.5496,134.3282,-28.6870
587244068,-1.64465,-0.53345,-2.00000,40.7786,116.5038,-7.5420,0.09265,-1.59155,-1.96167,-84.5802,137.0000,-29.7252
587245067,-1.47095,-0.88098,-1.75916,30.2977,123.7023,-10.2901,0.08765,-1.59412,-1.97766,-86.7405,139.7023,-30.8244
587246067,-1.50684,-0.62988,-1.50427,25.7710,135.8550,-17.0153,0.08203,-1.59497,-1.99207,-89.0229,142.4733,-31.9695
587247067,-1.46057,-0.18555,-1.31348,50.3435,155.6336,-27.2748,0.07581,-1.59436,-2.00000,-91.4198,145.3282,-33.1450
587248068,-1.35559,-0.17615,-1.13306,63.2595,179.6336,-29.5573,0.07068,-1.59375,-2.00000,-93.9237,148.2977,-34.3893
587249068,-1.37231,-0.54102,-1.16772,41.2214,200.3740,-20.1069,0.06628,-1.59314,-2.00000,-96.5267,151.4198,-35.6870
587250067,-1.33118,-0.74768,-1.04199,11.8473,215.5191,-8.4962,0.06226,-1.59253,-2.00000,-99.2366,154.7176,-37.0382
587251067,-1.14368,-0.73352,-0.51660,-3.3817,217.3359,0.7863,0.05908,-1.59204,-2.00000,-102.0534,158.2214,-38.4351
587252067,-1.00403,-0.97192,0.01709,-11.2672,204.5496,11.1145,0.05725,-1.59119,-2.00000,-104.9313,161.9237,-39.8779
587253067,-0.80554,-1.25000,0.52649,-20.9008,189.1679,19.9313,0.05627,-1.59070,-2.00000,-107.7939,165.8015,-41.3740
587254068,-0.40002,-0.93555,1.21130,-34.5802,179.5573,24.2901,0.05554,-1.59119,-2.00000,-110.6183,169.9389,-42.8931
587255068,-0.35107,-0.16504,1.22302,-46.4198,158.9008,26.7023,0.05493,-1.59216,-2.00000,-113.4427,174.3740,-44.4504
587256067,-0.64160,0.27832,0.21594,-31.5115,131.0687,23.5115,0.05383,-1.59351,-2.00000,-116.2137,179.0916,-46.0458
587257067,-1.03455,0.21008,-1.02136,24.4809,100.1679,6.5649,0.05237,-1.59509,-2.00000,-118.8702,184.0992,-47.6794
587258067,-1.54004,-0.54956,-1.74548,82.9008,79.9389,-13.5191,0.05090,-1.59741,-2.00000,-121.3740,189.4275,-49.3282
587259067,-1.73511,-1.75110,-1.55225,99.1985,87.4275,-27.0611,0.04895,-1.59973,-1.99841,-123.7481,195.0458,-51.0229
587260068,-1.77161,-2.00000,-0.89758,88.6183,119.5573,-38.8855,0.04541,-1.60181,-1.98682,-125.9847,200.9847,-52.7328
587261067,-1.84192,-1.36414,-0.77673,90.9924,158.1069,-53.3206,0.03687,-1.60876,-1.95996,-129.8626,213.9008,-56.1832
587262068,-1.82983,-0.22754,-1.10596,109.1603,194.2901,-61.4580,0.03125,-1.61169,-1.94507,-131.4504,220.8015,-57.9313
587263067,-1.68555,0.07422,-1.24182,107.9389,223.5267,-51.1221,0.02539,-1.61462,-1.92932,-132.8168,227.9160,-59.7099
587264067,-1.23523,-0.86304,-0.34241,-9.5115,250.1298,9.1221,0.01819,-1.61829,-1.91248,-133.9542,235.3053,-61.4962
587265067,-0.99634,-1.54175,0.32178,-47.7252,241.1450,30.0840,0.00964,-1.62170,-1.89380,-134.8550,242.9847,-63.2977
587266067,-0.62390,-2.00000,1.11108,-38.5878,216.8550,32.7557,0.00134,-1.62451,-1.87317,-135.4962,250.1298,-65.0992
587267068,-0.13257,-1.81140,1.89221,-27.4351,191.4198,27.3435,-0.00708,-1.62720,-1.85083,-135.8550,250.1298,-66.9313
587268068,-0.05225,-0.37622,1.99994,-45.8702,168.2366,25.6412,-0.01550,-1.63074,-1.82690,-135.9389,250.1298,-68.8092
587269067,-0.35010,0.70203,1.15381,-65.3511,145.5038,30.3740,-0.02344,-1.63416,-1.80164,-135.7786,250.1298,-70.7099
587270067,-0.45972,0.47278,0.49731,-37.2824,128.1985,25.7405,-0.03271,-1.63733,-1.77502,-135.3664,250.1298,-72.5725
587271067,-1.30896,-0.86987,-0.69043,33.1145,89.0916,8.5725,-0.04236,-1.64050,-1.74658,-134.7176,250.1298,-74.3817
587272068,-2.00000,-2.00000,-2.00000,79.9466,45.2595,-7.5496,-0.05212,-1.64331,-1.71655,-133.8702,250.1298,-76.1603
587273064,-2.00000,-2.00000,-2.00000,78.8550,64.6183,-26.6565,-0.06299,-1.64563,-1.68542,-132.8168,250.1298,-77.9542
587274068,-2.00000,-2.00000,-1.55603,70.8779,136.1985,-49.4504,-0.07397,-1.64941,-1.65259,-131.5954,250.1298,-79.7710
587275068,-1.65723,-0.23657,-1.28906,73.8168,161.3740,-58.2214,-0.08459,-1.65466,-1.61670,-130.2137,250.1298,-81.5420
587276067,-2.00000,0.44312,-2.00000,84.8626,133.5267,-47.5496,-0.09558,-1.65930,-1.57703,-128.7023,250.1298,-83.2901
587277068,-2.00000,-1.17310,-2.00000,118.3588,135.0916,-41.8473,-0.10657,-1.66357,-1.53284,-127.0840,250.1298,-85.0305
587278068,-2.00000,-2.00000,-2.00000,134.0534,175.9542,-48.8168,-0.11804,-1.66736,-1.48584,-125.3511,250.1298,-86.7481
587279068,-2.00000,-2.00000,-2.00000,75.0076,232.1450,-56.3206,-0.13062,-1.67151,-1.43762,-123.4962,250.1298,-88.4122
587280068,-2.00000,-1.46472,-2.00000,-7.7023,250.1298,-63.6947,-0.14429,-1.67651,-1.38818,-121.5115,250.1298,-90.1145
587281067,-2.00000,1.35046,-1.31909,-27.2672,250.1298,-64.1069,-0.15906,-1.68176,-1.33691,-119.3740,250.1298,-91.9542
587282067,-2.00000,1.99994,-1.07642,7.9924,250.1298,-49.5115,-0.17590,-1.68701,-1.28430,-117.0916,250.1298,-93.8702
587283067,-2.00000,1.04700,-1.38928,29.6260,250.1298,-28.5802,-0.19409,-1.69202,-1.23096,-114.6718,250.1298,-95.7939
587284067,-2.00000,-1.05798,-1.49976,14.9618,250.1298,-10.2290,-0.21179,-1.69666,-1.17749,-112.0916,250.1298,-97.7176
587285067,-1.16138,-1.94470,-2.00000,-12.3969,250.1298,-4.4733,-0.22961,-1.70190,-1.12378,-109.3664,250.1298,-99.6031
587286067,-1.21838,-0.85291,-2.00000,-15.7176,250.1298,-8.2290,-0.24768,-1.70776,-1.06799,-106.4504,250.1298,-101.5420
587287067,-1.66785,0.52454,-0.95557,38.0840,250.1298,-14.0305,-0.26575,-1.71387,-1.01208,-103.3740,250.1298,-103.5878
587288067,-0.68677,0.45728,1.02917,108.9618,250.1298,-7.6641,-0.28491,-1.71863,-0.95642,-100.1527,250.1298,-105.7099
587289067,-0.83289,-0.68640,-0.16626,111.8321,203.9237,5.1603,-0.30603,-1.72119,-0.89929,-96.8397,250.1298,-107.8855
587290068,-2.00000,-1.71191,-2.00000,71.8550,178.4656,6.4275,-0.32886,-1.72217,-0.84131,-93.5191,250.1298,-110.0840
587291068,-2.00000,-1.97083,-2.00000,72.8244,191.0611,-18.8321,-0.35229,-1.72168,-0.78394,-90.1603,250.1298,-112.3511
587292068,-2.00000,-1.34302,-2.00000,113.7634,230.9618,-57.7710,-0.37537,-1.72009,-0.72644,-86.8244,250.1298,-114.6565
587293067,-2.00000,-0.02124,-2.00000,176.9618,250.1298,-101.0840,-0.39746,-1.71643,-0.66833,-83.5573,250.1298,-116.9771
587294067,-2.00000,0.64587,-2.00000,244.3588,250.1298,-124.7481,-0.41870,-1.71045,-0.60913,-80.4427,250.1298,-119.3130
587295067,-2.00000,-1.04199,-2.00000,250.1298,250.1298,-121.0458,-0.43982,-1.70215,-0.54883,-77.4962,250.1298,-121.6565
587296067,-2.00000,-2.00000,-2.00000,250.1298,250.1298,-131.5115,-0.46155,-1.69128,-0.48694,-74.7634,250.1298,-124.0153
587297068,-2.00000,-2.00000,-2.00000,250.1298,250.1298,-163.5267,-0.48340,-1.67749,-0.42273,-72.3053,250.1298,-126.3359
587298068,-2.00000,-2.00000,-2.00000,250.1298,250.1298,-179.6870,-0.50562,-1.66138,-0.35730,-70.1679,250.1298,-128.6336
587299068,-2.00000,-0.40698,-2.00000,182.0153,250.1298,-164.1832,-0.52820,-1.64294,-0.29150,-68.3664,250.1298,-130.9237
587300068,-2.00000,1.83447,-2.00000,123.2901,250.1298,-136.4733,-0.55176,-1.62134,-0.22522,-66.9389,250.1298,-133.2290
587301067,-2.00000,1.99707,-0.85864,129.5802,250.1298,-108.2901,-0.57629,-1.59790,-0.15698,-65.8779,250.1298,-135.5267
587302068,-2.00000,0.78479,-0.53723,115.4275,250.1298,-84.0305,-0.59985,-1.57446,-0.08655,-65.2061,250.1298,-137.8015
587303067,-1.61755,-0.09277,0.85193,64.0611,250.1298,-68.4885,-0.62219,-1.55042,-0.01550,-64.9313,250.1298,-140.0458
587304067,-1.09021,-0.01111,1.99994,22.9924,250.1298,-58.9389,-0.64478,-1.52588,0.05542,-65.1069,250.1298,-142.2595
587305067,-0.59680,0.57483,1.99994,15.0229,250.1298,-52.0840,-0.66797,-1.50208,0.12598,-65.6947,250.1298,-144.4427
587306065,-0.54346,0.87451,1.99994,54.7710,250.1298,-49.2595,-0.69067,-1.47998,0.19653,-66.6260,250.1298,-146.5649
587307069,-0.52380,1.83154,1.99994,137.5725,250.1298,-62.8779,-0.71216,-1.45911,0.26697,-67.8473,250.1298,-148.6107
587308067,1.17700,1.99994,1.99994,219.7557,250.1298,-75.8702,-0.73193,-1.43811,0.33826,-69.3740,250.1298,-150.5954
587309067,1.65393,1.99994,1.99994,250.1298,250.1298,-69.5573,-0.75146,-1.41724,0.40991,-71.1679,250.1298,-152.5191
587310068,-1.45154,-0.75964,1.68799,250.1298,250.1298,-67.1908,-0.77161,-1.39795,0.47961,-73.1756,250.1298,-154.3359
587311067,-2.00000,-2.00000,-0.81482,250.1298,250.1298,-91.9771,-0.79138,-1.38000,0.54761,-75.3282,250.1298,-156.0611
587312067,-2.00000,-2.00000,-1.63879,250.1298,250.1298,-125.0916,-0.81018,-1.36304,0.61572,-77.5954,250.1298,-157.7023
587313067,-2.00000,-2.00000,-2.00000,250.1298,250.1298,-145.9847,-0.82886,-1.34766,0.68433,-79.9389,250.1298,-159.2366
587314067,-2.00000,-2.00000,-1.31152,250.1298,250.1298,-145.7176,-0.84668,-1.33191,0.75256,-82.3206,250.1298,-160.6183
587315068,-2.00000,-2.00000,-0.11914,209.8779,250.1298,-133.2824,-0.86230,-1.31543,0.81946,-84.7099,250.1298,-161.8321
587316068,-2.00000,-1.41553,-2.00000,150.0382,250.1298,-116.9924,-0.87634,-1.30005,0.88293,-87.0534,250.1298,-162.8931
587317068,-2.00000,-1.54150,-2.00000,109.2290,250.1298,-107.5802,-0.88977,-1.28625,0.94373,-89.3206,250.1298,-163.7786
587318068,-2.00000,-2.00000,-2.00000,73.7328,250.1298,-93.6183,-0.90259,-1.27271,1.00513,-91.5115,250.1298,-164.4962
587319068,-2.00000,-2.00000,-1.82629,11.0611,250.1298,-78.2443,-0.91382,-1.25854,1.06519,-93.5878,250.1298,-165.0534
587320068,-2.00000,-0.25586,-0.50842,-4.8702,250.1298,-86.5496,-0.92310,-1.24365,1.12244,-95.5573,250.1298,-165.4351
587321068,-2.00000,1.99994,1.29382,106.8015,250.1298,-115.6489,-0.93152,-1.22864,1.17908,-97.3893,250.1298,-165.6336
587322068,-1.06055,1.99994,1.99994,241.1527,250.1298,-134.7863,-0.93848,-1.21423,1.23596,-99.1069,250.1298,-165.6412
587323068,-0.32605,1.39758,1.99994,250.1298,250.1298,-123.3664,-0.94385,-1.19922,1.29102,-100.6870,250.1298,-165.4504
587324068,-1.08801,-1.17090,1.99994,250.1298,250.1298,-116.8702,-0.94800,-1.18311,1.34460,-102.1374,250.1298,-165.0458
587325068,-1.01892,-2.00000,1.99994,250.1298,250.1298,-137.1527,-0.95129,-1.16675,1.39856,-103.5420,250.1298,-164.4504
587326067,-0.45422,-2.00000,1.99994,250.1298,250.1298,-167.3435,-0.95349,-1.14893,1.45044,-104.9313,250.1298,-163.6489
587327067,-0.84985,-2.00000,1.99994,250.1298,250.1298,-187.5954,-0.95361,-1.12952,1.49976,-106.2977,250.1298,-162.6412
587328067,-1.43750,-2.00000,1.99994,250.1298,250.1298,-170.5802,-0.95093,-1.10986,1.54822,-107.6336,250.1298,-161.4198
587329068,-1.77441,-2.00000,1.49280,223.5344,250.1298,-129.8473,-0.94629,-1.08801,1.59570,-108.9771,250.1298,-160.0611
587330068,-1.75537,-2.00000,-0.30310,124.1756,250.1298,-122.8779,-0.94043,-1.06433,1.64172,-110.3664,250.1298,-158.5191
587331067,-1.59094,-2.00000,1.67175,126.9542,250.1298,-165.0916,-0.93311,-1.04102,1.68701,-111.7863,250.1298,-156.8015
587332067,-1.46838,1.37793,1.99994,148.8244,250.1298,-195.8702,-0.92407,-1.01904,1.73071,-113.2366,250.1298,-154.9084
587333067,-1.33240,1.99994,1.65466,100.1756,250.1298,-169.6412,-0.91370,-0.99829,1.77209,-114.7176,250.1298,-152.9008
587334067,-2.00000,1.75012,-0.43750,62.4427,250.1298,-128.2443,-0.90234,-0.97864,1.81165,-116.2137,250.1298,-150.7786
587335068,-2.00000,-0.78320,-0.25403,99.2137,250.1298,-123.4809,-0.88989,-0.96008,1.84949,-117.6641,250.1298,-148.5878
587336068,-1.71899,-2.00000,0.05371,164.2443,250.1298,-151.9618,-0.87671,-0.94275,1.88538,-119.0305,250.1298,-146.3359
587337067,-2.00000,-2.00000,-0.65796,223.8473,250.1298,-188.1679,-0.86279,-0.92676,1.91797,-120.2824,250.1298,-144.0305
587338067,-2.00000,-0.55627,-2.00000,250.1298,250.1298,-212.5725,-0.84778,-0.91150,1.94775,-121.3817,250.1298,-141.7176
587339068,-2.00000,0.87378,-1.63660,250.1298,250.1298,-205.1527,-0.83228,-0.89673,1.97546,-122.2977,250.1298,-139.4046
587340068,-2.00000,1.24841,1.99994,221.4046,250.1298,-180.0687,-0.81714,-0.88354,1.99994,-123.0076,250.1298,-137.1221
587341067,-1.50989,0.71301,1.99994,168.0305,250.1298,-160.0534,-0.80078,-0.87292,1.99994,-123.4809,250.1298,-134.8702
587342067,-0.05786,0.08875,1.99994,143.1145,250.1298,-150.4962,-0.78271,-0.86365,1.99994,-123.6718,250.1298,-132.6641
587343067,0.74329,-0.15991,1.99994,107.1832,250.1298,-136.5954,-0.76453,-0.85535,1.99994,-123.5267,250.1298,-130.4733
587344067,0.35669,-0.37634,1.99994,65.1145,250.1298,-118.0382,-0.74658,-0.84827,1.99994,-123.0458,250.1298,-128.3282
587345067,0.65808,-1.11511,1.99994,40.2137,250.1298,-102.4656,-0.72839,-0.84180,1.99994,-122.2214,250.1298,-126.2214
587346065,1.79395,-2.00000,1.99994,28.3588,250.1298,-92.6183,-0.70984,-0.83569,1.99994,-121.0611,250.1298,-124.1756
587347065,1.99994,-2.00000,1.99994,39.9771,250.1298,-95.5954,-0.69116,-0.82910,1.99994,-119.5878,250.1298,-122.2061
587348069,1.99994,-2.00000,1.99994,66.4122,250.1298,-110.4580,-0.67236,-0.82104,1.99994,-117.8015,250.1298,-120.3282
587349067,1.99994,-0.67493,1.99994,84.3435,249.7557,-127.4580,-0.65442,-0.81299,1.99994,-115.7176,250.1298,-118.5344
587350067,1.99994,0.98621,1.99994,84.2443,205.0153,-130.7023,-0.63696,-0.80542,1.99994,-113.3588,250.1298,-116.8015
587351065,0.43091,0.26562,1.99994,76.6412,156.5191,-115.0916,-0.61890,-0.79773,1.99994,-110.7252,250.1298,-115.1145
587352069,-1.35510,-2.00000,1.99994,89.6412,120.2290,-108.3511,-0.60071,-0.79028,1.99994,-107.8321,247.8626,-113.4733
587353068,-2.00000,-2.00000,1.89929,112.1756,110.7863,-125.3053,-0.58362,-0.78223,1.99994,-104.6870,244.4733,-111.8779
587354068,-2.00000,-2.00000,0.46399,102.8168,135.7328,-152.2595,-0.56750,-0.77295,1.99994,-101.3206,241.3435,-110.3588
587355068,-1.77271,-1.31909,-0.09546,68.5191,188.6336,-174.9084,-0.55090,-0.76343,1.99994,-97.7863,238.4580,-108.8397
587356068,-1.24719,1.99994,0.52893,42.0840,246.2061,-175.4046,-0.53418,-0.75342,1.99994,-94.0840,235.8168,-107.2824
587357067,-1.77747,1.99994,0.59326,26.1374,250.1298,-148.7405,-0.51807,-0.74268,1.99994,-90.2824,233.3588,-105.7634
587358067,-2.00000,1.01318,-0.74915,19.9389,250.1298,-119.2443,-0.50342,-0.73108,1.99994,-86.4046,231.0687,-104.3130
587359067,-2.00000,-1.91467,-1.06506,30.9847,250.1298,-111.9695,-0.49011,-0.71875,1.99994,-82.4733,228.9160,-103.0000
587360067,-1.37793,-2.00000,-0.31006,48.9313,250.1298,-123.3740,-0.47827,-0.70618,1.99994,-78.4809,226.8931,-101.8321
587361067,-1.19385,-2.00000,0.12329,56.9847,250.1298,-137.4275,-0.45557,-0.67810,1.99994,-70.4351,223.2443,-99.4580
587362067,-1.58838,-2.00000,0.09656,67.4198,250.1298,-151.8855,-0.44458,-0.66357,1.99994,-66.4427,221.5496,-98.2595
587363067,-0.93811,0.45715,-0.37708,95.3282,250.1298,-162.1603,-0.43457,-0.64929,1.99994,-62.4580,219.9313,-97.0611
587364067,0.29761,1.94336,1.07544,104.8397,250.1298,-159.8092,-0.42651,-0.63452,1.99994,-58.4962,218.3664,-95.8550
587365068,0.37463,1.63171,1.99994,71.0458,250.1298,-145.3511,-0.41980,-0.61890,1.99994,-54.5725,216.8321,-94.6947
587366067,-0.30908,0.51917,0.81812,31.4580,250.1298,-137.2748,-0.41260,-0.60254,1.99994,-50.7099,215.3511,-93.5573
587367068,-1.10071,-0.26013,-0.32947,28.7252,250.1298,-141.8702,-0.40515,-0.58569,1.99994,-46.9237,213.8855,-92.4046
587368067,-0.89221,-0.41516,0.24548,60.1221,250.1298,-155.0382,-0.39795,-0.56848,1.99994,-43.2443,212.4122,-91.2290
587369067,-0.11218,0.44653,1.38928,68.1374,250.1298,-156.3588,-0.39099,-0.55188,1.99994,-39.6718,210.9084,-90.0763
587370067,-0.19629,1.78577,1.35449,45.2366,250.1298,-138.6260,-0.38477,-0.53601,1.99994,-36.1756,209.3740,-88.9389
587371067,-0.98706,1.99994,0.84143,33.8855,250.1298,-110.6947,-0.37952,-0.52014,1.99994,-32.8244,207.7863,-87.7786
587372067,-0.82251,0.91602,1.70557,42.7023,250.1298,-85.0305,-0.37512,-0.50476,1.99994,-29.6260,206.1450,-86.6107
587373067,-0.26721,-0.69214,1.99994,41.4504,250.1298,-67.5344,-0.37122,-0.48914,1.99994,-26.5496,204.4427,-85.4046
587374065,-0.46460,-1.51221,1.99994,17.5878,250.1298,-54.4885,-0.36768,-0.47253,1.99994,-23.5954,202.6489,-84.1908
587375065,-1.09546,-2.00000,1.73730,-4.9847,250.1298,-42.2901,-0.36523,-0.45654,1.99994,-20.7252,200.7252,-82.9618
587376065,-1.24023,-2.00000,1.87830,-3.9847,250.1298,-41.3282,-0.36389,-0.44141,1.99994,-17.9618,198.6718,-81.7099
587377069,-0.26904,-1.27625,1.96204,5.4275,237.9542,-51.9618,-0.36243,-0.42688,1.99994,-15.3206,196.5267,-80.4427
587378068,0.07056,0.05884,1.87512,-1.2214,213.3130,-63.9237,-0.36047,-0.41248,1.99994,-12.7939,194.2748,-79.1985
587379068,-0.27380,0.07617,1.97290,-9.0153,193.2366,-70.6947,-0.35901,-0.39795,1.99994,-10.3664,191.8473,-77.9542
587380068,-0.50037,-1.62756,1.99994,7.9695,187.4580,-82.5038,-0.35828,-0.38342,1.99994,-8.0229,189.2214,-76.6718
587381067,-1.09863,-2.00000,1.40881,42.0076,172.7099,-105.1069,-0.35803,-0.36804,1.99994,-5.7863,186.4275,-75.3511
587382067,-1.18677,-2.00000,0.97717,82.9389,179.4427,-140.1374,-0.35913,-0.35156,1.99994,-3.6947,183.4580,-74.0076
587383067,-0.75037,-1.63599,1.91028,119.3130,201.5496,-168.2290,-0.36023,-0.33496,1.99994,-1.8015,180.2977,-72.6412
587384067,-0.87610,-0.47827,1.82471,133.0840,204.2061,-168.3969,-0.36035,-0.31799,1.99994,-0.1298,176.9618,-71.2214
587385068,-1.24927,-0.56689,0.64014,122.0305,199.4504,-149.1374,-0.36035,-0.30090,1.99994,1.3511,173.3893,-69.7176
587386067,-1.63220,-1.04175,0.05115,97.7634,198.8015,-128.6183,-0.36145,-0.28503,1.99994,2.5954,169.5649,-68.1298
587387068,-1.73096,-1.71301,0.33130,65.7863,209.2595,-110.9466,-0.36389,-0.26941,1.99994,3.5878,165.5038,-66.4733
587388068,-1.28271,-2.00000,0.76514,28.4046,221.3435,-95.6107,-0.36670,-0.25342,1.99994,4.3511,161.2137,-64.7176
587389068,-1.06482,-2.00000,1.13147,-11.6031,221.3817,-88.4656,-0.36829,-0.23828,1.99994,4.8779,156.7023,-62.8779
587390068,-1.05579,-0.71240,1.56543,-44.8168,217.9618,-88.4275,-0.36780,-0.22314,1.99994,5.1298,151.9237,-60.9389
587391068,-0.94006,1.58826,1.73315,-68.5496,217.8473,-82.6565,-0.36633,-0.20850,1.99994,5.1221,146.8931,-58.9008
587392068,-0.49683,1.64355,1.77026,-65.4275,217.6718,-75.4427,-0.36462,-0.19543,1.99994,4.8931,141.6412,-56.7939
587393068,0.08948,0.13635,1.99994,-10.0000,208.2595,-88.2137,-0.36206,-0.18347,1.99994,4.4427,136.1679,-54.6183
587394068,-0.46875,-2.00000,1.59875,112.0076,145.9695,-140.0611,-0.35742,-0.17285,1.99994,3.7786,130.4733,-52.3740
587395068,-1.06421,-2.00000,0.39795,149.3969,131.9618,-166.3206,-0.35205,-0.16370,1.99994,2.9008,124.5420,-50.0076
587396067,-1.57166,-1.84521,-0.18152,215.5725,128.6641,-201.3206,-0.34717,-0.15527,1.99994,1.8473,118.3282,-47.5344
587397067,-1.34021,0.46887,0.09363,250.1298,137.4656,-221.7023,-0.34204,-0.14758,1.99994,0.6412,111.9847,-45.0000
587398068,-0.96155,1.61072,0.24573,250.1298,142.6260,-207.5038,-0.33594,-0.14148,1.99994,-0.7099,105.6947,-42.3740
587399068,-1.08093,0.99451,-0.40430,187.9313,151.1069,-174.6794,-0.32898,-0.13757,1.99994,-2.1985,99.3817,-39.6489
587400068,-1.30896,-0.17188,-0.56628,138.0305,171.0992,-152.9695,-0.32227,-0.13501,1.99994,-3.7939,92.9237,-36.8473
587401067,-1.37598,-0.87793,-0.17285,123.3511,186.5573,-147.4733,-0.31567,-0.13306,1.99994,-5.5038,86.3435,-34.0153
587402067,-1.13733,-1.04736,0.18176,105.9542,200.1832,-143.1221,-0.30884,-0.13306,1.99994,-7.3053,79.6718,-31.1603
587403067,-1.49109,-0.59558,0.07153,68.4885,200.0992,-131.7863,-0.30139,-0.13452,1.99994,-9.1679,72.9542,-28.2748
587404068,-1.98169,-0.01562,-0.56946,32.5496,197.3511,-117.7023,-0.29260,-0.13708,1.99994,-11.1145,66.2061,-25.3435
587405067,-1.30444,0.12048,-0.06848,23.8550,212.3511,-112.9924,-0.28333,-0.14111,1.99994,-13.1374,59.4656,-22.4198
587406068,-0.47302,0.06287,1.99994,42.8092,229.0229,-120.7252,-0.27380,-0.14600,1.99365,-15.1985,52.7405,-19.4962
587407068,0.05579,0.40173,1.99994,62.6489,241.1145,-131.7939,-0.26404,-0.15247,1.97388,-17.2977,46.0382,-16.5649
587408067,0.61487,1.31128,1.99994,48.6336,250.1298,-130.3740,-0.25476,-0.15930,1.95422,-19.4580,39.3511,-13.6412
587409067,0.90479,1.99414,1.99994,20.6947,249.5954,-116.5191,-0.24475,-0.16650,1.93506,-21.6412,32.7252,-10.7634
587410067,0.87012,1.58374,1.99994,20.9466,225.3053,-100.5420,-0.23547,-0.17554,1.91541,-23.8244,26.1908,-7.9084
587411067,0.76074,0.13074,1.99994,47.4198,180.3282,-91.7023,-0.22705,-0.18555,1.89502,-26.0000,19.7405,-5.0992
587412067,0.71265,-0.81787,1.99994,80.7023,125.4580,-98.7939,-0.21667,-0.19604,1.87451,-28.1908,13.4046,-2.3664
587413067,0.78845,-0.11963,1.99994,104.8702,86.7405,-113.2290,-0.20483,-0.20813,1.85364,-30.3588,7.2214,0.2901
587414067,1.26282,1.49341,1.99994,102.1832,82.2214,-116.9389,-0.19250,-0.22083,1.83167,-32.4427,1.2214,2.8626
587415067,1.77783,1.99994,1.99994,81.3435,82.7481,-104.7557,-0.17871,-0.23462,1.80957,-34.4351,-4.6107,5.3359
587416067,1.15918,1.81030,1.99994,71.5573,50.4046,-86.3817,-0.16455,-0.25049,1.78674,-36.3588,-10.3053,7.7023
587417067,0.42749,-0.27222,1.99994,88.3282,17.5344,-80.7099,-0.15002,-0.26782,1.76306,-38.1985,-15.7863,9.9771
587418067,0.39746,-1.46167,1.99994,89.0840,1.1985,-89.4046,-0.13416,-0.28577,1.73865,-39.8855,-21.0458,12.1756
587419067,0.30225,-0.49756,1.99994,28.8855,-10.0076,-88.4962,-0.11707,-0.30408,1.71375,-41.3588,-26.0611,14.2901
587420068,0.03503,1.85693,1.99994,-40.7405,-21.4351,-74.1679,-0.09912,-0.32410,1.68799,-42.6260,-30.8473,16.3282
587421067,-0.08716,1.99994,1.99994,-53.7863,-26.6489,-53.1374,-0.08032,-0.34412,1.66174,-43.6565,-35.3893,18.2595
587422068,0.43115,1.99994,1.99994,-43.6870,-16.8321,-24.0992,-0.06104,-0.36304,1.63599,-44.4504,-39.6565,20.0458
587423068,0.61438,1.99994,1.99994,-77.8779,-9.4733,10.1985,-0.04211,-0.38245,1.61047,-44.9924,-43.6412,21.6947
587424068,0.17480,1.92371,1.99963,-136.2824,5.0534,38.2748,-0.02417,-0.40344,1.58472,-45.2901,-47.3664,23.2519
587425068,0.00854,1.83093,1.64734,-147.3664,23.1527,47.0000,-0.00610,-0.42468,1.55920,-45.3740,-50.8244,24.6947
587426068,0.18896,1.96570,1.99994,-104.2061,17.2519,43.1832,0.01257,-0.44482,1.53381,-45.2519,-54.0305,26.0382
587427068,0.33215,1.80859,1.87366,-57.1298,-9.0916,40.8702,0.03015,-0.46362,1.50989,-44.9313,-56.9695,27.2901
587428068,0.16650,1.66736,1.99994,-33.7634,-26.1145,39.7176,0.04626,-0.48181,1.48645,-44.4809,-59.6412,28.4504
587429068,0.49170,1.72778,1.99994,-30.4962,-12.5191,38.3664,0.06213,-0.49988,1.46106,-43.9084,-62.0916,29.5115
587430068,1.19434,1.83057,1.99994,-46.0916,5.9542,41.6870,0.07812,-0.51733,1.43420,-43.1985,-64.3282,30.4656
587431068,0.98950,1.77344,1.99994,-65.9084,-9.6947,51.4885,0.09375,-0.53345,1.40698,-42.3740,-66.3588,31.3511
587432068,0.73914,1.53088,1.99994,-64.5496,-27.4122,59.1145,0.10864,-0.54797,1.38062,-41.4962,-68.1756,32.1908
587433067,1.28394,1.21167,1.99994,-62.7405,-40.8550,67.5878,0.12341,-0.56213,1.35474,-40.5573,-69.7863,32.9847
587434067,1.48218,0.97144,1.99994,-95.4962,-72.9008,86.0992,0.13806,-0.57629,1.32947,-39.5725,-71.1832,33.7023
587435067,0.85742,1.11072,1.99994,-132.1908,-120.4656,106.7328,0.15222,-0.58960,1.30432,-38.5496,-72.3969,34.3282
587436067,0.39551,1.25464,1.99994,-126.6489,-154.8702,118.0153,0.16760,-0.60120,1.27917,-37.5038,-73.4427,34.8397
587437067,0.37537,0.91589,1.99994,-98.2137,-167.2214,122.2977,0.18372,-0.61121,1.25464,-36.3969,-74.3359,35.2901
587438067,0.11084,0.34900,1.99994,-92.5038,-170.8397,127.7634,0.19849,-0.62012,1.23022,-35.2137,-75.0611,35.6718
587439067,-0.41223,0.14233,1.09924,-107.8397,-162.9924,132.3664,0.21265,-0.63013,1.20447,-34.0000,-75.6260,35.9618
587440068,-0.68262,0.47620,0.26013,-111.6947,-143.3282,130.1069,0.22778,-0.64050,1.17834,-32.8015,-76.0458,36.1374
587441067,-0.60718,0.76526,0.02100,-97.6794,-120.6260,123.4809,0.24268,-0.65002,1.15283,-31.5725,-76.3206,36.2595
587442067,-0.73450,0.83862,0.12793,-84.9924,-102.0000,117.6031,0.25574,-0.65906,1.12805,-30.2443,-76.4580,36.3282
587443068,-1.16382,0.84424,-0.09937,-85.2595,-91.2977,117.1756,0.26746,-0.66858,1.10413,-28.8244,-76.4809,36.3435
587444068,-1.50830,0.43823,-0.68030,-99.7328,-84.1145,124.7023,0.28003,-0.67896,1.08020,-27.3359,-76.3740,36.2672
587445068,-1.46631,-0.43738,-0.84216,-121.8015,-73.3206,135.7023,0.29272,-0.68872,1.05505,-25.7786,-76.1756,36.1374
587446068,-1.09326,-1.12341,0.07898,-144.4962,-56.6107,144.4733,0.30371,-0.69824,1.02966,-24.1450,-75.8931,35.9618
587447068,-0.53040,-1.36450,1.48755,-165.4962,-39.6794,153.4122,0.31384,-0.70862,1.00415,-22.4656,-75.5038,35.7557
587448068,0.23926,-1.00134,1.99994,-183.1298,-25.2137,160.9313,0.32434,-0.71875,0.97754,-20.6947,-75.0305,35.4962
587449068,0.70349,0.36121,1.99994,-197.8626,-15.0153,166.8397,0.33411,-0.72766,0.95190,-18.8473,-74.4962,35.1832
587450068,0.84009,1.19507,1.99994,-210.9160,-14.4962,180.7176,0.34326,-0.73584,0.92737,-16.9542,-73.9160,34.8702
587451068,0.79919,-0.24060,1.99994,-221.8702,-37.0382,199.1374,0.35217,-0.74475,0.90393,-15.0611,-73.2977,34.5344
587452068,0.53223,-2.00000,1.99994,-212.5802,-78.2824,194.3893,0.36084,-0.75354,0.88123,-13.1527,-72.6336,34.1985
587453068,0.64685,-2.00000,1.99994,-172.6183,-117.1145,157.2443,0.36963,-0.76038,0.85767,-11.2137,-71.9237,33.8473
587454068,1.06531,-0.65088,1.99994,-144.3130,-146.6183,123.3435,0.37659,-0.76575,0.83447,-9.2519,-71.2061,33.4885
587455067,1.18335,0.53943,1.99994,-151.9542,-174.9695,120.4809,0.38269,-0.77087,0.81213,-7.3130,-70.4809,33.1374
587456067,0.94739,0.27087,1.99994,-156.7939,-198.0229,132.3893,0.38916,-0.77600,0.78979,-5.4275,-69.7557,32.7863
587457067,0.51318,-0.79663,1.99994,-139.6107,-215.3893,139.7786,0.39490,-0.77954,0.76746,-3.5954,-69.0534,32.4198
587458067,-0.00818,-1.81519,1.17200,-133.4962,-224.8855,140.3664,0.39929,-0.78101,0.74548,-1.8015,-68.3511,32.0534
587459067,-0.51196,-1.87292,0.07654,-147.6794,-217.5267,137.1298,0.40271,-0.78076,0.72375,-0.1221,-67.6260,31.6794
587460068,-0.68213,-0.71838,-0.07666,-161.8015,-201.9084,134.6565,0.40491,-0.77954,0.70264,1.4504,-66.9084,31.2977
587461067,-0.59961,0.61890,-0.54431,-169.5115,-197.4122,140.0763,0.40686,-0.77625,0.66162,4.2366,-65.5496,30.5420
587462067,-0.77332,0.92371,-1.27588,-163.9771,-198.3817,148.4046,0.40857,-0.77405,0.64075,5.4580,-64.9466,30.1374
587463068,-1.05090,0.38586,-0.94568,-140.8702,-184.4427,148.0382,0.41138,-0.77136,0.62000,6.5649,-64.3893,29.7252
587464067,-0.94617,-0.74524,-0.25220,-129.9008,-160.3969,146.3511,0.41528,-0.76892,0.59839,7.5573,-63.8626,29.3206
587465067,-0.90942,-2.00000,-0.59143,-141.1374,-144.4122,145.3206,0.41968,-0.76672,0.57654,8.4504,-63.3588,28.9008
587466068,-1.20911,-2.00000,-1.24756,-130.2519,-134.9466,129.6718,0.42358,-0.76477,0.55408,9.2977,-62.8779,28.4580
587467067,-0.99768,-2.00000,-1.07104,-89.0000,-119.2748,105.0992,0.42676,-0.76355,0.53198,10.0916,-62.4198,28.0000
587468068,-0.58911,-1.47314,-0.72156,-70.2519,-112.8015,94.9160,0.43030,-0.76355,0.51062,10.8092,-61.9466,27.5420
587469068,-0.62329,-1.60718,-0.88232,-90.3664,-116.4351,100.0305,0.43372,-0.76367,0.48901,11.4580,-61.4733,27.1145
587470068,-0.51868,-1.78906,-0.75342,-109.5038,-113.5878,101.9160,0.43665,-0.76270,0.46692,12.0458,-61.0076,26.6947
587471068,-0.33704,-1.76599,-0.34644,-112.6794,-111.3817,95.2214,0.43970,-0.76099,0.44446,12.5649,-60.5878,26.2672
587472068,-0.31677,-1.76099,-0.24890,-113.5802,-111.1832,86.1679,0.44336,-0.75964,0.42249,13.0305,-60.2061,25.8473
587473067,-0.26477,-1.34644,-0.19678,-109.9771,-108.0611,76.3359,0.44678,-0.75867,0.40161,13.4733,-59.8321,25.4733
587474067,-0.24792,-0.53259,-0.14026,-99.2901,-106.2137,68.8092,0.44910,-0.75879,0.38184,13.8626,-59.4809,25.1450
587475067,-0.23914,-0.16479,-0.33862,-87.7023,-103.9618,65.4809,0.45081,-0.75952,0.36182,14.1679,-59.1298,24.8702
587476067,-0.25769,-0.48901,-0.45276,-68.2595,-101.0992,61.6107,0.45398,-0.75964,0.34143,14.3740,-58.8015,24.6336
587477068,-0.43970,-0.71423,0.15051,-35.7557,-96.0763,51.5802,0.45715,-0.76025,0.32263,14.4962,-58.5191,24.4351
587478068,-0.43982,-0.63208,1.06836,-13.7328,-87.5725,44.3206,0.45984,-0.76025,0.30676,14.5496,-58.2595,24.2977
587479068,-0.16833,-0.84009,1.26660,-16.7405,-81.8550,47.9389,0.46265,-0.76001,0.29236,14.5191,-58.0153,24.2061
587480067,-0.13062,-1.04810,0.82898,-22.3206,-88.1603,52.9237,0.46533,-0.76013,0.27710,14.3969,-57.7863,24.1298
587481068,0.06104,-0.87708,0.94751,-16.9695,-92.4580,52.0229,0.46912,-0.75964,0.26111,14.1908,-57.5878,24.0687
587482067,0.34460,-0.80127,1.40454,-21.5420,-103.7328,53.9008,0.47327,-0.75928,0.24500,13.9008,-57.4275,24.0534
587483067,0.10510,-1.15808,1.83423,-41.9160,-119.3817,60.4275,0.47620,-0.75989,0.22913,13.5802,-57.2901,24.0687
587484067,0.06787,-1.57812,1.99994,-51.3435,-121.4504,60.5191,0.47864,-0.76013,0.21387,13.2137,-57.1756,24.1374
587485067,0.42468,-1.85706,1.99994,-47.2824,-127.6870,54.8702,0.48096,-0.75964,0.19800,12.7786,-57.0534,24.2137
587486068,0.28052,-2.00000,1.99994,-40.8244,-148.6183,48.4198,0.48389,-0.75952,0.18237,12.3053,-56.9084,24.2977
587487068,-0.29846,-2.00000,1.09131,-20.3511,-172.8473,33.6947,0.48694,-0.76038,0.16772,11.8244,-56.7710,24.4046
587488068,-0.34509,-2.00000,0.81641,6.3130,-181.3664,12.6107,0.48914,-0.76111,0.15466,11.3053,-56.6565,24.5115
587489067,-0.16028,-1.14258,0.86377,13.3969,-185.4885,-2.9313,0.49084,-0.76160,0.14282,10.7481,-56.5725,24.6260
587490067,-0.20886,0.03625,0.72693,7.9313,-184.6718,-7.9237,0.49255,-0.76282,0.13184,10.1298,-56.4885,24.6947
587491067,-0.26685,0.44165,0.61658,6.9466,-175.7023,-2.7023,0.49426,-0.76331,0.12109,9.4885,-56.3817,24.7634
587492068,-0.39929,-0.20154,0.20532,5.5344,-165.7099,7.2290,0.49658,-0.76343,0.10889,8.8168,-56.2901,24.8092
587493068,-0.48438,-0.93188,-0.36694,1.9389,-150.8015,11.2748,0.49915,-0.76477,0.09656,8.1145,-56.2214,24.8473
587494068,-0.62268,-0.61145,-0.71094,-0.3130,-137.3053,8.0153,0.50110,-0.76721,0.08557,7.3969,-56.1679,24.9084
587495067,-0.57715,0.29749,-0.96216,-4.0763,-129.1069,9.6107,0.50269,-0.77002,0.07385,6.6641,-56.1298,24.9695
587496068,-0.46509,0.59021,-1.03320,-9.4504,-130.4504,20.3969,0.50403,-0.77197,0.06238,5.9084,-56.0763,25.0000
587497067,-0.52881,-0.01465,-0.61755,-5.0611,-133.5038,31.0840,0.50574,-0.77441,0.05127,5.1298,-56.0153,25.0305
587498068,-0.39075,-0.86523,-0.01685,6.9466,-130.8855,32.9008,0.50793,-0.77734,0.03979,4.3206,-55.9313,25.0611
587499068,-0.37732,-1.36646,-0.16626,6.3740,-128.4198,29.4427,0.51050,-0.78052,0.02966,3.5267,-55.8473,25.0458
587500067,-0.52881,-1.28662,-0.64844,-3.1069,-121.6870,23.0382,0.51367,-0.78430,0.02063,2.7481,-55.7634,25.0076
587501068,-0.44873,-0.76306,-0.46008,-1.4275,-109.5802,14.7099,0.51733,-0.78955,0.01074,1.9618,-55.6565,24.9618
587502067,-0.36011,-0.56140,-0.15308,4.8168,-103.3282,10.4351,0.52136,-0.79504,0.00073,1.1832,-55.5344,24.9160
587503068,-0.71912,-0.73889,-0.72888,5.1603,-108.4122,8.6718,0.52551,-0.79932,-0.00903,0.4351,-55.3893,24.8855
587504068,-1.29211,-0.75989,-1.80664,11.7176,-115.1221,3.7557,0.52991,-0.80273,-0.01794,-0.2824,-55.1908,24.8550
587505068,-1.42627,-1.06848,-1.71838,25.6794,-105.0153,-0.2748,0.53430,-0.80664,-0.02563,-1.0076,-54.9618,24.8321
587506068,-1.37000,-2.00000,-0.55933,27.9084,-87.0992,0.6336,0.53894,-0.81165,-0.03259,-1.7252,-54.7023,24.8244
587507067,-1.29260,-2.00000,-0.23425,18.0534,-68.9466,-1.7863,0.54468,-0.81641,-0.04016,-2.4504,-54.3969,24.8092
587508067,-1.03357,-1.93835,-0.72278,13.7557,-45.8931,-13.0305,0.55066,-0.82080,-0.04871,-3.1603,-54.0153,24.7786
587509067,-0.77173,-0.19739,-0.38647,5.3817,-17.6412,-18.5420,0.55811,-0.82654,-0.05725,-3.7939,-53.5649,24.7328
587510067,-0.19202,0.51526,0.89636,-26.1679,12.1527,-3.7023,0.56445,-0.83264,-0.06360,-4.3817,-52.9618,24.6031
587511067,0.21521,-0.27612,1.11987,-61.4580,12.5878,18.8626,0.56714,-0.83569,-0.06909,-4.9618,-52.3130,24.4580
587512068,0.10132,-1.35571,0.51562,-65.1908,-9.1221,24.9466,0.56885,-0.83728,-0.07800,-5.5573,-51.7176,24.3893
587513067,0.34167,-1.62012,1.07947,-46.0458,-25.7939,12.5115,0.57068,-0.83997,-0.08777,-6.1374,-51.0687,24.3282
587514068,0.85730,-0.69446,1.99994,-45.4962,-38.4504,1.3588,0.57324,-0.84436,-0.09399,-6.6947,-50.3206,24.2214
587515068,1.00024,0.77905,1.99994,-63.6489,-55.3511,3.7328,0.57617,-0.85059,-0.09814,-7.2366,-49.5115,24.0992
587516067,0.85791,1.59888,1.99994,-53.5802,-77.2519,10.9160,0.57886,-0.85681,-0.10376,-7.7328,-48.6718,23.9466
587517067,0.80798,1.00488,1.66406,-5.9618,-98.2137,13.1756,0.58167,-0.86328,-0.10840,-8.1908,-47.7863,23.7939
587518067,0.70715,-0.27319,1.10449,30.6870,-115.3130,9.5267,0.58447,-0.87073,-0.11255,-8.6489,-46.8321,23.6489
587519067,0.47717,-0.76038,0.55457,33.4656,-121.0534,2.1145,0.58740,-0.87769,-0.11755,-9.0611,-45.8092,23.4656
587520067,0.31104,-0.19006,0.24548,27.7481,-120.7557,-4.5344,0.59180,-0.88464,-0.12183,-9.4046,-44.6947,23.2748
587521067,0.06250,0.52087,-0.30615,34.7557,-127.5115,-5.6336,0.59741,-0.89270,-0.12573,-9.6947,-43.4885,23.0687
587522068,-0.36475,0.60083,-1.36133,51.8779,-139.6870,-1.9160,0.60291,-0.90234,-0.12891,-9.9160,-42.2061,22.8702
587523068,-0.75085,0.13013,-2.00000,62.6870,-141.3435,3.0992,0.60791,-0.91272,-0.13159,-10.0687,-40.8626,22.6794
587524068,-0.89575,-0.33850,-2.00000,48.5573,-125.8931,9.7481,0.61316,-0.92297,-0.13562,-10.1298,-39.4504,22.4962
587525068,-0.95337,-0.40552,-2.00000,19.3282,-101.6336,16.5344,0.61877,-0.93359,-0.14038,-10.0840,-37.9542,22.2824
587526068,-1.10339,-0.15027,-2.00000,24.4122,-62.4198,19.0916,0.62476,-0.94446,-0.14490,-9.9160,-36.3588,22.0611
587527068,-1.02515,-0.22644,-2.00000,40.0916,-42.8702,17.5878,0.63110,-0.95496,-0.15039,-9.5954,-34.6870,21.8244
587528068,-0.72681,-0.26611,-1.81104,39.6260,-20.9084,18.0916,0.63721,-0.96497,-0.15625,-9.1221,-32.9542,21.5420
587529068,-0.27368,-0.37341,-1.32031,30.4733,-6.2290,21.1756,0.64343,-0.97424,-0.16113,-8.5038,-31.1527,21.2061
587530068,0.01379,-0.82349,-0.93433,27.9542,-6.9466,24.0534,0.64868,-0.98267,-0.16431,-7.7863,-29.2977,20.8244
587531068,0.09595,-1.48022,-0.60327,33.9466,-17.5725,23.4427,0.65259,-0.99084,-0.16516,-7.0000,-27.3740,20.3969
587532068,0.06677,-1.74670,-0.50952,31.8702,-30.8550,21.3893,0.65710,-0.99780,-0.16479,-6.1374,-25.3435,19.9237
587533068,0.01270,-1.24280,-0.56006,9.5954,-38.3740,22.0916,0.66174,-1.00366,-0.16516,-5.2061,-23.2366,19.4122
587534068,0.00671,-0.16968,-0.39795,-20.3588,-40.7863,27.7252,0.66589,-1.00977,-0.16638,-4.2290,-21.0458,18.8397
587535068,0.14905,0.65613,0.07373,-39.5115,-39.9313,38.6565,0.66980,-1.01611,-0.16748,-3.2366,-18.8168,18.2214
587536068,0.31567,0.58032,0.49060,-45.6412,-40.8931,52.2824,0.67261,-1.02246,-0.16833,-2.2214,-16.5649,17.5573
587537068,0.30200,-0.21436,0.32349,-48.4122,-45.0153,63.9160,0.67407,-1.02844,-0.16992,-1.2290,-14.2824,16.8397
587538067,0.18591,-0.88525,-0.10938,-48.9389,-48.1374,67.8321,0.67468,-1.03296,-0.17065,-0.2672,-11.9771,16.0687
587539068,0.01270,-0.81519,-0.49878,-41.4427,-54.0076,63.4351,0.67444,-1.03589,-0.16956,0.6947,-9.6718,15.2519
587540067,-0.14209,-0.32397,-0.96936,-27.9389,-64.5573,58.3893,0.67395,-1.03833,-0.16858,1.6107,-7.3740,14.4046
587541067,-0.28210,0.09204,-1.33960,-12.3053,-76.5496,56.7328,0.67285,-1.04077,-0.16711,2.4351,-5.0763,13.5420
587542067,-0.36267,0.17810,-1.30469,-0.2061,-81.3511,58.5878,0.67163,-1.04236,-0.16479,3.1832,-2.7786,12.6565
587543067,-0.33130,-0.16528,-0.98792,-3.5115,-75.2443,64.7176,0.67065,-1.04285,-0.16272,3.8168,-0.5344,11.7023
587544067,-0.38940,-0.77295,-0.92383,-20.2519,-64.0305,72.6031,0.66846,-1.04297,-0.16101,4.3435,1.6489,10.7176
587545068,-0.55701,-1.39136,-1.26343,-29.4122,-51.3664,76.1756,0.66541,-1.04297,-0.15833,4.7863,3.7939,9.7176
587546067,-0.76929,-1.74768,-1.76855,-23.8626,-42.0992,73.2595,0.66223,-1.04224,-0.15393,5.1450,5.8702,8.6947
587547067,-0.93652,-1.83875,-2.00000,-15.5191,-37.3359,68.3282,0.65894,-1.04102,-0.14795,5.4198,7.8550,7.6718
587548067,-1.06360,-1.85095,-2.00000,-9.8931,-37.6718,64.0229,0.65576,-1.03918,-0.14124,5.5878,9.7634,6.6718
587549067,-1.11035,-1.80640,-2.00000,-2.4198,-39.0611,58.4275,0.65308,-1.03784,-0.13562,5.6794,11.5802,5.6718
587550068,-1.00330,-1.48926,-2.00000,9.2901,-40.4733,49.5420,0.65076,-1.03760,-0.13159,5.7405,13.3359,4.6565
587551068,-0.96411,-1.03394,-2.00000,22.1145,-40.0992,41.4122,0.64880,-1.03772,-0.12817,5.7481,15.0000,3.6412
587552068,-0.98572,-1.07727,-2.00000,31.0611,-30.9618,38.9618,0.64709,-1.03833,-0.12390,5.7328,16.5802,2.6260
587553068,-0.92639,-1.65613,-2.00000,33.2901,-13.2672,39.8855,0.64539,-1.03918,-0.11792,5.7023,18.0840,1.6107
587554068,-0.97314,-2.00000,-2.00000,31.1908,3.9542,38.2443,0.64355,-1.03992,-0.11035,5.6489,19.5344,0.6260
587555068,-1.20166,-1.83850,-2.00000,34.0534,18.8092,32.2595,0.64148,-1.04004,-0.10168,5.6031,20.9542,-0.3282
587556068,-1.30835,-1.58057,-2.00000,44.1450,32.8092,27.9008,0.63904,-1.04004,-0.09326,5.5878,22.3130,-1.2595
587557068,-1.15454,-1.78491,-2.00000,51.4885,42.8321,28.2443,0.63550,-1.04150,-0.08447,5.5802,23.6107,-2.1679
587558067,-0.96973,-2.00000,-2.00000,51.4885,46.8168,28.6718,0.63074,-1.04333,-0.07495,5.6107,24.8397,-3.0687
587559068,-0.84485,-2.00000,-1.62000,51.7099,49.9237,24.9924,0.62134,-1.04602,-0.05005,5.6947,27.0916,-4.8397
587560067,-0.69287,-1.95129,-1.08130,54.9389,54.8626,19.2137,0.61633,-1.04749,-0.03662,5.7328,28.1221,-5.6489
587561067,-0.61963,-1.88257,-0.84875,55.7405,58.0840,15.6947,0.61108,-1.04944,-0.02356,5.8168,29.0992,-6.3817
587562068,-0.64587,-2.00000,-0.73071,52.4656,60.1679,15.0229,0.60535,-1.05151,-0.01050,5.9084,30.0229,-7.0458
587563068,-0.65503,-2.00000,-0.62463,45.3817,61.2290,15.4504,0.59949,-1.05371,0.00293,6.0153,30.8931,-7.6565
587564068,-0.62366,-2.00000,-1.25879,36.4427,53.8244,13.3817,0.59314,-1.05615,0.01562,6.1374,31.6794,-8.2519
587565068,-0.72253,-2.00000,-2.00000,38.4427,43.1298,2.7710,0.58667,-1.05811,0.02832,6.2824,32.3893,-8.8168
587566068,-0.81555,-1.82764,-1.82227,55.4504,41.7252,-10.8321,0.58044,-1.05933,0.04211,6.4504,33.0076,-9.3130
587567068,-0.60571,-1.37073,-0.86182,61.8779,48.3588,-10.7939,0.57422,-1.05957,0.05640,6.6412,33.5878,-9.7405
587568068,-0.70776,-2.00000,-1.01611,44.5496,48.7481,2.2901,0.56799,-1.05957,0.06946,6.8168,34.1450,-10.1374
587569068,-1.29504,-2.00000,-2.00000,36.8092,51.0229,4.7176,0.56116,-1.05933,0.08264,6.9771,34.6641,-10.5267
587570068,-1.47803,-2.00000,-2.00000,55.6336,71.0534,-11.2595,0.55457,-1.05811,0.09644,7.1145,35.0916,-10.8931
587571067,-1.24170,-2.00000,-1.81384,68.4809,93.9160,-27.3740,0.54858,-1.05579,0.11133,7.2443,35.4504,-11.2443
587572067,-1.08667,-1.57483,-1.46484,58.9008,109.2290,-31.3664,0.54297,-1.05225,0.12744,7.3359,35.7405,-11.5802
587573068,-0.94690,-1.39978,-1.25732,51.9160,117.6336,-29.2443,0.53760,-1.04822,0.14490,7.3740,36.0000,-11.8855
587574068,-0.68823,-1.76575,-0.81079,60.1756,122.9924,-30.3969,0.53149,-1.04395,0.16309,7.3969,36.2214,-12.1603
587575067,-0.45276,-2.00000,-0.18054,70.5115,126.6870,-36.2824,0.52563,-1.03857,0.18103,7.3817,36.3740,-12.4198
587576068,-0.46716,-2.00000,0.20496,72.9695,126.2977,-43.9008,0.52112,-1.03296,0.19873,7.3130,36.4809,-12.6947
587577068,-0.58691,-1.73669,0.35046,67.2748,123.0916,-47.1298,0.51672,-1.02722,0.21704,7.1832,36.5878,-12.9924
587578067,-0.59644,-1.20435,0.31152,59.2214,116.2672,-42.0382,0.51245,-1.02136,0.23560,6.9695,36.6718,-13.2977
587579067,-0.49060,-1.34192,0.39880,58.5802,109.5115,-34.0305,0.50879,-1.01575,0.25403,6.6260,36.7328,-13.6336
587580067,-0.29785,-1.86938,0.84399,66.5496,103.7863,-30.4580,0.50415,-1.00952,0.27380,6.2214,36.7786,-13.9466
587581067,-0.22583,-2.00000,1.01514,69.7328,94.6947,-30.7176,0.49890,-1.00159,0.29443,5.7939,36.8168,-14.2519
587582068,-0.39111,-2.00000,0.61853,63.1908,84.1603,-32.0458,0.49426,-0.99316,0.31348,5.2901,36.8397,-14.5573
587583068,-0.59363,-2.00000,0.34290,62.0000,78.6794,-37.0382,0.49023,-0.98669,0.33276,4.7252,36.8626,-14.8779
587584068,-0.73181,-2.00000,0.40845,71.2824,76.0000,-44.6641,0.48608,-0.98242,0.35364,4.1145,36.8702,-15.2290
587585068,-0.73340,-2.00000,0.16528,78.2061,72.7099,-53.4504,0.48157,-0.97961,0.37537,3.4809,36.8550,-15.5802
587586068,-0.66187,-2.00000,-0.26086,78.4198,73.2519,-66.6031,0.47705,-0.97864,0.39697,2.8321,36.8702,-15.9160
587587068,-0.64001,-2.00000,-0.29529,77.7176,80.2443,-79.9389,0.47253,-0.97852,0.41724,2.1908,36.9008,-16.2443
587588068,-0.53870,-1.67249,-0.03271,76.6412,90.3359,-84.7939,0.46802,-0.97778,0.43640,1.6260,36.9389,-16.6183
587589068,-0.55066,-2.00000,-0.08154,77.5267,91.5344,-83.0916,0.46411,-0.97766,0.45483,1.1450,36.9695,-17.0000
587590067,-0.75085,-2.00000,-0.53845,87.7634,88.0076,-87.2901,0.45996,-0.97888,0.47302,0.7557,36.9695,-17.3511
587591067,-0.83582,-2.00000,-0.73364,99.2748,91.2595,-98.8397,0.45508,-0.98047,0.48938,0.4504,36.9542,-17.6489
587592068,-0.73816,-1.28137,-0.52759,97.4809,100.4809,-106.8702,0.45032,-0.98157,0.50635,0.2977,36.9008,-17.8855
587593068,-0.58301,-0.23254,-0.24438,88.3511,109.5267,-105.9771,0.44470,-0.98303,0.52466,0.3282,36.8473,-18.1069
587594068,-0.48022,0.26440,-0.15002,85.7252,112.2595,-97.7252,0.43823,-0.98376,0.54285,0.5344,36.8092,-18.3053
587595068,-0.31348,-0.10974,0.19312,86.8931,116.8015,-87.5267,0.43372,-0.98364,0.56055,0.9084,36.7939,-18.4962
587596068,0.06006,-0.81982,1.16711,81.3359,131.0763,-80.5649,0.43091,-0.98376,0.57898,1.4427,36.7405,-18.6794
587597068,0.37927,-0.91931,1.96619,68.8092,141.9542,-77.8168,0.42676,-0.98340,0.59729,2.0916,36.6412,-18.8397
587598068,0.38477,-0.29541,1.99994,56.5191,139.4885,-73.9924,0.42126,-0.98218,0.61450,2.8855,36.5420,-18.9695
587599067,0.39795,-0.05212,1.75415,54.0763,123.7328,-64.6794,0.41675,-0.97937,0.63171,3.8168,36.4580,-19.0992
587600067,0.54395,-0.47168,1.41675,55.9695,99.7710,-54.7405,0.41284,-0.97583,0.64893,4.8855,36.3435,-19.2061
587601067,0.75769,-0.78992,1.75989,54.5038,77.9389,-50.4198,0.40930,-0.97192,0.66663,6.0763,36.1908,-19.2901
587602067,0.82520,-0.75793,1.99994,50.4275,54.1756,-49.0000,0.40564,-0.96582,0.68433,7.3206,36.0153,-19.3435
587603067,0.59814,-1.02527,1.99994,44.5191,30.4733,-43.1908,0.40063,-0.95789,0.70203,8.5954,35.8168,-19.3969
587604068,0.24268,-1.70190,1.51135,44.6260,13.5115,-39.4885,0.39563,-0.94897,0.72034,9.9084,35.5802,-19.4427
587605067,-0.24463,-2.00000,0.75513,53.2672,7.0000,-45.2977,0.39111,-0.93921,0.73914,11.2672,35.3206,-19.4809
587606067,-0.61316,-2.00000,0.11060,58.0763,12.1145,-54.4122,0.38586,-0.92822,0.75818,12.6260,35.0382,-19.4962
587607067,-0.71692,-2.00000,-0.25989,55.7634,23.5802,-63.7252,0.38025,-0.91638,0.77747,13.9389,34.6947,-19.4962
587608068,-0.90222,-1.82617,-0.67554,55.9008,32.1527,-73.7634,0.37488,-0.90369,0.79761,15.1756,34.2977,-19.4733
587609068,-1.08264,-1.48230,-0.92529,60.3893,44.1985,-81.4275,0.36914,-0.89026,0.81860,16.3664,33.8855,-19.3969
587610068,-1.06030,-1.80676,-0.79602,58.1985,58.9389,-82.4885,0.36328,-0.87732,0.84009,17.4885,33.4656,-19.3130
587611068,-1.00171,-2.00000,-0.64209,42.8321,74.0763,-80.9924,0.35693,-0.86438,0.86108,18.5038,33.0076,-19.1832
587612067,-0.95068,-1.85559,-0.57727,30.5267,88.5573,-84.9695,0.34961,-0.85059,0.88196,19.4198,32.5115,-19.0458
587613067,-0.90674,-0.73853,-0.47717,28.8015,99.5496,-88.4885,0.34204,-0.83582,0.90247,20.2290,31.9542,-18.8779
587614068,-0.66602,-0.08081,-0.12256,24.7786,109.7481,-81.5191,0.33386,-0.82068,0.92383,20.9313,31.3969,-18.6870
587615067,-0.44983,-0.04175,0.16650,11.7481,111.8321,-67.6412,0.32642,-0.80652,0.94763,21.5344,30.8168,-18.4656
587616068,-0.31787,-0.28796,0.55640,1.3588,111.5725,-56.6412,0.31982,-0.79370,0.97205,22.0382,30.1603,-18.2137
587617068,0.07422,-0.48425,1.75696,1.6794,117.8092,-53.9160,0.31348,-0.78076,0.99744,22.4504,29.4580,-17.9542
587618067,0.37769,-0.53662,1.99994,8.6031,117.6718,-54.1450,0.30664,-0.76697,1.02307,22.8015,28.7099,-17.7023
587619067,0.29431,-0.89917,1.99994,15.0076,101.0687,-50.2672,0.29968,-0.75366,1.04785,23.0611,27.8855,-17.4427
587620067,0.12878,-1.48706,1.67004,22.0305,78.0000,-48.1985,0.29309,-0.74060,1.07300,23.2290,27.0076,-17.1450
587621067,0.24915,-1.49451,1.76416,32.7252,63.0534,-55.8702,0.28552,-0.72778,1.09924,23.3282,26.0687,-16.8473
587622068,0.44531,-0.88525,1.99994,36.0076,49.3435,-64.1756,0.27649,-0.71497,1.12769,23.4198,25.0687,-16.5267
587623067,0.37671,-0.66589,1.99994,27.1221,29.7710,-62.0763,0.26733,-0.70166,1.15723,23.5267,24.0305,-16.1908
587624067,0.15198,-1.15698,1.99994,23.4046,12.0916,-56.9313,0.25879,-0.68738,1.18567,23.6260,22.9389,-15.8550
587625067,-0.07239,-1.63855,1.80334,28.7328,4.1832,-58.5420,0.25012,-0.67310,1.21448,23.6947,21.7634,-15.5344
587626068,-0.32812,-1.50110,1.46838,28.8626,5.3206,-65.5802,0.24133,-0.65881,1.24658,23.7557,20.5038,-15.2443
587627068,-0.60120,-0.87219,0.99072,25.5878,9.8702,-70.9008,0.23218,-0.64453,1.28040,23.8092,19.1832,-14.9847
587628068,-0.65186,-0.46741,0.56006,30.3817,13.2443,-69.8244,0.22217,-0.63025,1.31531,23.8702,17.8168,-14.7328
587629068,-0.52319,-0.62439,0.46948,41.5191,15.0153,-65.9084,0.21167,-0.61536,1.35107,23.9237,16.3969,-14.4885
587630068,-0.55347,-1.07153,0.49744,50.5420,16.0992,-64.5725,0.20044,-0.60010,1.38733,23.9389,14.8855,-14.2214
587631068,-0.66992,-1.31909,0.54077,53.3053,22.7557,-66.4427,0.18884,-0.58435,1.42468,23.9389,13.2901,-13.9084
587632067,-0.60974,-1.16223,0.83411,50.1603,32.7176,-67.3130,0.17676,-0.56836,1.46387,23.9084,11.5954,-13.6183
587633067,-0.45850,-0.80603,1.16248,41.2748,39.4885,-64.2977,0.16296,-0.55237,1.50586,23.7634,9.7863,-13.3130
587634068,-0.20581,-0.48291,1.43542,30.7252,45.1069,-58.8779,0.14746,-0.53638,1.54883,23.5038,7.8626,-12.9618
587635067,0.07568,-0.42554,1.72278,24.6336,45.6794,-53.3206,0.13123,-0.52148,1.59033,23.1679,5.8015,-12.5191
587636067,0.21460,-0.73926,1.96741,21.8168,37.7786,-49.1221,0.11487,-0.50781,1.63110,22.7634,3.5878,-12.0076
587637068,0.32898,-1.05518,1.99994,20.7634,25.5038,-49.1679,0.09863,-0.49585,1.67224,22.2748,1.1985,-11.4275
587638067,0.36108,-1.03711,1.99994,24.9695,10.1374,-53.4962,0.08289,-0.48633,1.71423,21.7176,-1.3435,-10.7863
587639068,0.42517,-0.93872,1.99994,34.6489,-2.8702,-58.3282,0.06714,-0.47803,1.75598,21.1069,-4.0611,-10.0534
587640068,0.52026,-0.78296,1.99994,45.2748,-15.2748,-62.0458,0.05054,-0.47058,1.79736,20.5038,-6.9771,-9.1908
587641067,0.38049,-0.26355,1.99994,52.6565,-30.8855,-63.8473,0.03394,-0.46436,1.83923,19.9237,-10.0763,-8.2061
587642067,0.20520,0.35742,1.86133,52.6260,-44.3588,-60.0153,0.01746,-0.45972,1.88049,19.3893,-13.3435,-7.1374
587643068,0.07776,0.34167,1.37537,45.6718,-52.5115,-48.6565,0.00061,-0.45679,1.92029,18.9618,-16.7710,-5.9847
587644068,0.03406,-0.52234,1.61243,40.1298,-54.8931,-35.4275,-0.01587,-0.45581,1.95813,18.7023,-20.4122,-4.7252
587645068,0.01477,-1.32410,1.75806,35.2672,-57.0382,-28.3588,-0.03101,-0.45605,1.99512,18.6031,-24.2748,-3.3511
587646068,-0.28320,-1.21741,1.02454,25.6641,-61.6107,-27.8244,-0.04504,-0.45654,1.99994,18.6641,-28.2901,-1.8626
587647068,-0.60779,-0.47559,0.23413,17.6183,-58.8779,-29.1069,-0.06018,-0.45630,1.99994,18.9008,-32.4351,-0.2672
587648067,-0.56116,0.06543,0.37732,14.5267,-48.9847,-27.1832,-0.07556,-0.45544,1.99994,19.3130,-36.7481,1.4198
587649067,-0.24585,-0.13916,0.84766,9.0534,-43.1145,-20.4962,-0.09058,-0.45557,1.99994,19.8931,-41.2366,3.1374
587650068,-0.10596,-0.83936,0.96704,2.3969,-44.0840,-15.1679,-0.10571,-0.45605,1.99994,20.6412,-45.9084,4.9160
587651068,-0.16638,-1.36499,0.95532,2.4962,-44.6794,-17.4122,-0.12085,-0.45605,1.99994,21.5344,-50.7405,6.8015
587652068,-0.16541,-1.38635,0.92786,5.4656,-42.5725,-23.3359,-0.13525,-0.45605,1.99994,22.5802,-55.7176,8.7481
587653068,-0.23376,-1.18127,0.69873,2.7328,-45.2595,-24.4580,-0.14868,-0.45569,1.99994,23.7939,-60.8397,10.7252
587654068,-0.25916,-1.04248,0.59375,-1.3206,-49.6183,-21.0611,-0.16223,-0.45508,1.99994,25.1374,-66.1145,12.7710
587655068,-0.28442,-1.04773,0.78674,-2.7176,-55.5878,-16.6183,-0.17480,-0.45312,1.99994,26.5496,-71.5267,14.8855
587656068,-0.67432,-1.48499,0.59204,-7.4580,-67.1679,-10.7176,-0.18713,-0.45081,1.99994,28.0153,-77.0382,17.0534
587657067,-0.92053,-2.00000,0.00232,-35.5649,-66.6031,-5.6718,-0.21167,-0.44727,1.99994,30.9771,-88.4962,21.4580
587658068,-0.95703,-2.00000,0.22156,-48.6107,-57.4504,-12.1679,-0.22412,-0.44556,1.99994,32.4351,-94.4275,23.7481
587659068,-0.90820,-1.99829,0.31714,-54.2901,-44.2137,-19.0534,-0.23596,-0.44360,1.99994,33.8626,-100.4809,26.0763
587660068,-1.01819,-1.85193,0.13062,-54.1603,-35.5725,-23.6260,-0.24670,-0.44226,1.99994,35.2901,-106.6336,28.4275
587661068,-1.17993,-1.69861,-0.12183,-53.5802,-26.0229,-29.5802,-0.25720,-0.44177,1.99994,36.7176,-112.8779,30.8092
587662067,-0.90833,-1.36487,0.04797,-57.0229,-10.1603,-36.4198,-0.26721,-0.44189,1.99994,38.1221,-119.1908,33.1985
587663067,-0.32361,-1.17676,0.71118,-60.0382,2.1145,-40.9084,-0.27686,-0.44226,1.99994,39.5344,-125.5725,35.6107
587664067,0.21533,-1.07715,1.68616,-51.8092,4.7863,-44.8779,-0.28516,-0.44348,1.99994,40.9389,-132.0076,38.0076
587665067,0.44983,-0.83667,1.99994,-34.3282,-8.2519,-48.1985,-0.29272,-0.44507,1.99994,42.3664,-138.4580,40.3969
587666067,0.34375,-0.54004,1.33997,-22.0382,-31.0076,-47.8550,-0.30054,-0.44775,1.99994,43.8473,-144.8779,42.7481
587667067,0.25696,-0.31824,0.75647,-17.7557,-48.6183,-44.9618,-0.30750,-0.45215,1.99994,45.4122,-151.2748,45.0840
587668067,0.45007,0.12012,1.28088,-16.8855,-56.5496,-43.3282,-0.31616,-0.45728,1.99994,47.0534,-157.6565,47.3664
587669067,0.53369,0.87903,1.99994,-20.5038,-62.2290,-39.2748,-0.32617,-0.46350,1.99994,48.7634,-163.9771,49.5954
587670068,0.64014,1.48474,1.99994,-29.1298,-71.8397,-28.2748,-0.33423,-0.47021,1.99994,50.5496,-170.2214,51.8015
587671067,0.98792,1.00586,1.99994,-38.4962,-77.3206,-8.0153,-0.34216,-0.47583,1.99994,52.4198,-176.3817,53.9695
587672067,-0.18384,-1.32397,1.99994,-42.6260,-96.7634,14.0382,-0.35034,-0.48059,1.99994,54.3740,-182.4580,56.0763
587673067,-1.51697,-2.00000,1.29065,-51.7405,-112.2366,18.1679,-0.35803,-0.48511,1.99994,56.4122,-188.4198,58.1145
587674068,-0.32947,-2.00000,1.65222,-82.5802,-71.6641,1.1145,-0.36597,-0.49011,1.99994,58.5420,-194.2901,60.0916
587675067,1.01501,0.33386,1.99994,-123.5344,-39.6260,-12.1832,-0.37219,-0.49536,1.99994,60.7328,-200.0534,61.9847
587676067,0.94409,1.99994,1.99994,-150.2748,-46.5954,2.1298,-0.37854,-0.50085,1.99994,63.0229,-205.6718,63.8015
587677068,0.84924,1.77502,1.99994,-164.1603,-67.9313,38.0229,-0.38623,-0.50562,1.99994,65.4275,-211.1221,65.5649
587678067,0.82178,-1.23779,1.99994,-154.2977,-97.7939,55.9313,-0.39331,-0.51062,1.99994,67.9084,-216.4351,67.2443
587679067,0.58398,-2.00000,1.99994,-136.2214,-127.4275,42.6641,-0.39966,-0.51636,1.99994,70.4962,-221.6107,68.8855
587680067,0.91321,-1.90723,1.99994,-130.5649,-145.7786,22.6870,-0.40735,-0.52161,1.99994,73.1298,-226.6260,70.4809
587681067,0.82947,-0.44287,1.99994,-114.3969,-178.8321,7.2748,-0.41528,-0.52588,1.99994,75.7786,-231.5038,71.9771
587682068,0.10327,1.20972,1.99994,-67.9084,-207.9847,-4.2748,-0.42310,-0.52893,1.99994,78.4962,-236.2366,73.3893
587683067,0.47791,1.98962,1.99994,-29.4656,-191.5878,-6.5344,-0.43091,-0.53113,1.99994,81.2366,-240.8244,74.7481
587684068,0.64392,1.19995,1.99994,-38.3664,-179.1908,6.7252,-0.43774,-0.53235,1.99994,84.0382,-245.3130,76.0534
587685068,-0.52417,-0.46350,1.99994,-73.8779,-181.1985,19.5954,-0.44495,-0.53235,1.99994,86.8321,-249.6794,77.3435
587686068,-0.31519,-0.80933,1.99994,-85.0916,-144.2214,11.3053,-0.45215,-0.53198,1.99994,89.4656,-250.1374,78.5878
587687067,1.00171,0.59204,1.99994,-93.4275,-120.5420,4.8321,-0.45935,-0.53137,1.99994,92.0229,-250.1374,79.7939
587688067,1.26489,1.99994,1.99994,-141.7176,-145.2061,28.9008,-0.46704,-0.53003,1.99994,94.5344,-250.1374,80.9618
587689068,1.26770,1.99994,1.99994,-186.8015,-178.0305,67.3511,-0.47498,-0.52747,1.99994,96.9847,-250.1374,82.1069
587690068,1.42883,1.99994,1.99994,-192.6565,-218.9618,103.6641,-0.48303,-0.52405,1.99994,99.3435,-250.1374,83.2366
587691067,1.31763,0.81750,1.99994,-204.3206,-250.1374,135.9084,-0.49121,-0.52002,1.99994,101.5802,-250.1374,84.3817
587692068,0.87134,-0.58130,1.99994,-232.6260,-250.1374,156.5191,-0.49939,-0.51575,1.99994,103.7023,-250.1374,85.5573
587693068,0.16870,-1.09729,1.99994,-236.8092,-250.1374,159.1221,-0.50696,-0.51086,1.99994,105.7252,-250.1374,86.7481
587694067,0.07715,-0.65015,1.99994,-206.3359,-250.1374,146.0305,-0.51367,-0.50476,1.99994,107.5878,-250.1374,87.9924
587695067,0.37915,0.50781,1.99994,-157.2214,-250.1374,122.4733,-0.51941,-0.49866,1.99994,109.2901,-250.1374,89.2748
587696068,-0.36353,1.54675,1.89893,-111.1221,-250.1374,99.1069,-0.52466,-0.49390,1.99994,110.8092,-250.1374,90.5954
587697068,-0.98767,1.13708,1.40405,-91.5420,-250.1374,87.4046,-0.53003,-0.49011,1.99994,112.1450,-250.1374,91.9771
587698067,-0.94470,-0.79712,0.99011,-100.8168,-250.1374,82.9466,-0.53516,-0.48621,1.99994,113.2519,-250.1374,93.4351
587699068,-1.42456,-2.00000,0.62976,-105.2061,-250.1374,72.4733,-0.53943,-0.48291,1.99994,114.1679,-250.1374,95.0000
587700067,-1.29285,-2.00000,0.97412,-88.6641,-250.1374,47.7786,-0.54248,-0.48059,1.99994,114.9084,-250.1374,96.6565
587701068,-0.04614,-2.00000,1.99994,-98.9008,-227.4122,31.9008,-0.54370,-0.48022,1.99994,115.4733,-250.1374,98.3893
587702068,0.78760,0.64087,1.99994,-162.9084,-219.1603,52.4198,-0.54419,-0.48254,1.97864,115.8779,-250.1374,100.1985
587703067,0.66772,1.99994,1.99994,-230.9084,-243.0763,100.1756,-0.54504,-0.48755,1.94714,116.1298,-250.1374,102.0916
587704068,0.30933,1.37036,1.99994,-250.1374,-250.1374,146.8702,-0.54602,-0.49402,1.91370,116.2290,-250.1374,104.0687
587705068,0.21765,-1.02820,1.99994,-248.2061,-250.1374,168.5802,-0.54675,-0.50134,1.87891,116.2443,-250.1374,106.1221
587706068,0.29187,-2.00000,1.99994,-249.5496,-250.1374,163.0916,-0.54810,-0.51086,1.84375,116.2366,-250.1374,108.2519
587707068,0.27563,-0.84546,1.99994,-250.1374,-250.1374,147.1908,-0.55054,-0.52295,1.80774,116.2214,-250.1374,110.4962
587708068,-0.15234,0.67603,1.57544,-229.4504,-250.1374,129.9847,-0.55310,-0.53760,1.76782,116.1908,-250.1374,112.8092
587709068,-0.61707,0.74561,0.46924,-151.1756,-250.1374,105.5420,-0.55530,-0.55457,1.72510,116.1679,-250.1374,115.1450
587710068,-0.06995,-0.19604,1.42664,-82.0916,-250.1374,77.4656,-0.55676,-0.57227,1.68201,116.1527,-250.1374,117.4809
587711067,0.16638,-0.91992,1.99994,-74.5344,-250.1374,58.8626,-0.55835,-0.59106,1.63745,116.1450,-250.1374,119.8015
587712068,-1.46533,-1.35583,-0.14722,-105.1832,-250.1374,52.0000,-0.56006,-0.61072,1.59094,116.1603,-250.1374,122.1145
587713068,-2.00000,-2.00000,-2.00000,-98.2061,-250.1374,42.0992,-0.56104,-0.63049,1.54297,116.1756,-250.1374,124.4351
587714068,-0.98523,-2.00000,-0.64453,-59.0916,-250.1374,27.3053,-0.56116,-0.65002,1.49414,116.1832,-250.1374,126.7481
587715068,0.47998,-0.73315,1.81018,-81.1298,-250.1374,29.9695,-0.56091,-0.66943,1.44580,116.1603,-250.1374,129.0076
587716068,1.02563,1.55688,1.99994,-169.5344,-250.1374,60.3511,-0.56128,-0.68848,1.39661,116.0687,-250.1374,131.2137
587717067,1.08691,1.99994,1.99994,-229.9618,-250.1374,100.4962,-0.56201,-0.70740,1.34729,115.8931,-250.1374,133.3435
587718067,-0.04688,1.99994,1.99994,-245.3359,-250.1374,138.4809,-0.56238,-0.72656,1.29858,115.6336,-250.1374,135.4122
587719067,-1.12390,0.15588,1.17273,-250.1374,-250.1374,163.4427,-0.56177,-0.74524,1.24902,115.2519,-250.1374,137.3893
587720068,-0.19226,-1.34070,1.99994,-250.1374,-250.1374,164.6107,-0.55957,-0.76343,1.19873,114.6870,-250.1374,139.2748
587721067,0.76697,-0.65527,1.99994,-250.1374,-250.1374,154.1603,-0.55579,-0.78174,1.14893,113.9847,-250.1374,141.0534
587722067,1.10645,1.99994,1.99994,-250.1374,-250.1374,146.5038,-0.55078,-0.79883,1.10071,113.1603,-250.1374,142.7176
587723067,0.98303,1.99994,1.99994,-250.1374,-250.1374,141.5038,-0.54504,-0.81445,1.05237,112.1679,-250.1374,144.2595
587724068,0.35620,1.99994,1.99994,-162.1450,-250.1374,146.4046,-0.53882,-0.82971,1.00427,111.0000,-250.1374,145.6718
587725067,0.13892,-1.27673,1.99994,-111.4809,-250.1374,155.0458,-0.53186,-0.84485,0.95679,109.6794,-250.1374,146.9389
587726067,-0.53931,-2.00000,1.99994,-139.1145,-250.1374,147.5725,-0.52405,-0.86047,0.90857,108.1985,-250.1374,148.0153
587727067,-1.47046,-2.00000,0.96680,-158.8168,-250.1374,117.8626,-0.51562,-0.87549,0.85974,106.6107,-250.1374,148.9389
587728068,-1.68188,-1.72668,-0.12549,-125.3588,-250.1374,82.6565,-0.50525,-0.89038,0.81006,104.8779,-250.1374,149.6947
587729068,-1.39807,0.60950,-0.26440,-70.9847,-250.1374,62.6412,-0.49341,-0.90674,0.76147,102.9389,-250.1374,150.3053
587730068,-1.24341,1.26477,-0.18896,-50.4427,-250.1374,59.8779,-0.48071,-0.92468,0.71448,100.8931,-250.1374,150.7557
587731068,-1.35791,0.42419,-0.90234,-78.9542,-250.1374,64.2672,-0.46741,-0.94397,0.66589,98.9466,-250.1374,151.0534
587732068,-1.75305,-1.22888,-2.00000,-115.7786,-250.1374,60.5954,-0.45435,-0.96472,0.61523,97.1908,-250.1374,151.1985
587733068,-2.00000,-2.00000,-2.00000,-105.2824,-250.1374,35.7023,-0.44055,-0.98816,0.56274,95.4122,-250.1374,151.2595
587734067,-2.00000,-1.86121,-2.00000,-66.9542,-250.1374,4.9389,-0.42651,-1.01489,0.50867,93.5725,-250.1374,151.2519
587735068,-2.00000,-0.28357,-2.00000,-79.3817,-250.1374,0.6641,-0.41394,-1.04382,0.45447,91.7099,-250.1374,151.1832
587736068,-0.74670,1.57739,1.23071,-151.7328,-231.0916,30.1298,-0.40210,-1.07410,0.39832,89.8855,-250.1374,151.0763
587737067,1.26257,1.99994,1.99994,-206.8397,-165.1450,70.8473,-0.39026,-1.10522,0.33862,88.1298,-250.1374,150.9084
587738067,1.99994,1.99994,1.99994,-224.9466,-147.5191,109.5191,-0.37866,-1.13708,0.27600,86.4427,-250.1374,150.6870
587739068,1.99994,1.99994,1.99994,-250.1374,-209.6641,152.3359,-0.36743,-1.16968,0.21240,84.8550,-250.1374,150.4046
587740067,1.05664,1.36279,1.99994,-250.1374,-250.1374,172.7328,-0.35461,-1.20361,0.14856,83.3817,-250.1374,150.0763
587741067,1.99994,1.14502,1.99994,-250.1374,-250.1374,181.4198,-0.34021,-1.23755,0.08484,82.0076,-250.1374,149.7176
587742068,1.99994,1.22083,1.99994,-250.1374,-250.1374,196.4198,-0.32544,-1.26917,0.02112,80.7405,-250.1374,149.3053
587743068,1.99994,1.99994,1.99994,-250.1374,-250.1374,194.1527,-0.31042,-1.29895,-0.04272,79.5802,-250.1374,148.8321
587744067,1.99994,1.99994,1.99994,-250.1374,-250.1374,173.7863,-0.29541,-1.32800,-0.10547,78.4885,-250.1374,148.2672
587745067,1.78040,1.99994,1.99994,-166.3053,-250.1374,168.5878,-0.28027,-1.35461,-0.16931,77.4504,-250.1374,147.6031
587746067,0.32495,1.33496,1.77563,-115.6107,-250.1374,169.6641,-0.26636,-1.37830,-0.23364,76.4809,-250.1374,146.8244
587747068,-1.08179,-0.57141,1.51697,-108.2061,-250.1374,160.7252,-0.25354,-1.40027,-0.29602,75.5496,-250.1374,145.9618
587748068,-1.37292,-0.63953,1.45520,-84.7176,-250.1374,147.4656,-0.23938,-1.42078,-0.35754,74.6489,-250.1374,144.9771
587749068,-2.00000,-0.06445,-1.35974,-44.1985,-250.1374,142.1756,-0.22375,-1.43982,-0.41809,73.7710,-250.1374,143.8702
587750067,-2.00000,-0.07666,-2.00000,3.0687,-250.1374,140.6718,-0.20801,-1.45764,-0.47681,72.8931,-250.1374,142.6336
587751068,-2.00000,-0.31665,-2.00000,24.1221,-250.1374,141.5954,-0.19165,-1.47351,-0.53345,72.0076,-250.1374,141.2519
587752068,-2.00000,-0.72742,-2.00000,-54.2137,-250.1374,163.3817,-0.17456,-1.48840,-0.58948,71.1145,-250.1374,139.7252
587753067,-2.00000,-2.00000,-2.00000,-209.2748,-250.1374,206.6947,-0.15808,-1.50269,-0.64404,70.1832,-250.1374,138.0687
587754068,-2.00000,-2.00000,-2.00000,-250.1374,-250.1374,216.2061,-0.14124,-1.51440,-0.69641,69.2290,-250.1374,136.2290
587755068,-2.00000,-2.00000,-1.45251,-250.1374,-250.1374,186.0076,-0.12378,-1.52515,-0.74841,68.2519,-250.1374,134.2672
587756068,-1.47302,-0.90051,0.01440,-250.1374,-250.1374,168.9847,-0.08594,-1.54480,-0.84656,66.3511,-250.1374,129.9313
587757067,-2.00000,0.71069,-1.45349,-250.1374,-250.1374,174.8626,-0.06677,-1.55347,-0.89197,65.3817,-250.1374,127.5267
587758067,-1.71814,1.15051,-0.18213,-250.1374,-242.1221,181.3206,-0.04712,-1.56274,-0.93567,64.3817,-250.1374,124.9771
587759068,-0.10083,0.55225,1.99994,-250.1374,-244.3053,172.0916,-0.02698,-1.57263,-0.97852,63.3511,-250.1374,122.3282
587760068,0.59753,-0.34790,1.99994,-220.4275,-250.1374,152.3817,-0.00659,-1.58289,-1.01990,62.3435,-250.1374,119.5802
587761068,0.61902,-0.47644,1.99994,-163.7328,-250.1374,125.1832,0.01306,-1.59375,-1.05957,61.3740,-250.1374,116.7328
587762067,0.98340,-0.19385,1.99994,-94.8244,-250.1374,104.7328,0.03198,-1.60596,-1.09753,60.4962,-250.1374,113.7786
587763067,0.10657,-0.86145,1.99994,-53.0534,-250.1374,97.0992,0.04968,-1.61914,-1.13464,59.6947,-250.1374,110.8168
587764067,-1.22620,-1.99548,1.07117,-18.4580,-250.1374,86.0992,0.06641,-1.63257,-1.17188,58.9695,-250.1374,107.8321
587765068,-1.13110,-1.90039,1.12122,32.4809,-250.1374,59.7252,0.08191,-1.64612,-1.20874,58.3588,-250.1374,104.8015
587766068,-1.71545,-0.97522,1.55444,33.7099,-250.1374,48.4275,0.09656,-1.65930,-1.24500,57.8779,-250.1374,101.7176
587767068,-2.00000,-1.70508,-0.97058,-52.3435,-250.1374,74.0305,0.10974,-1.67297,-1.28125,57.5420,-250.1374,98.5802
587768068,-2.00000,-2.00000,-2.00000,-151.5191,-250.1374,103.2214,0.12134,-1.68811,-1.31702,57.3664,-250.1374,95.4198
587769064,-2.00000,-2.00000,-2.00000,-218.0305,-250.1374,110.1679,0.13062,-1.70374,-1.35327,57.3511,-250.1374,92.2366
587770069,-2.00000,-0.63538,-2.00000,-250.1374,-250.1374,106.9466,0.13831,-1.71948,-1.38892,57.5038,-250.1374,89.0229
587771064,-2.00000,1.73694,-1.39795,-250.1374,-250.1374,112.6412,0.14539,-1.73364,-1.42358,57.8473,-250.1374,85.7863
587772065,-2.00000,1.99994,-2.00000,-250.1374,-250.1374,141.8015,0.15076,-1.74561,-1.45898,58.4046,-250.1374,82.5344
587773069,-1.95642,1.92676,-2.00000,-250.1374,-250.1374,177.2672,0.15527,-1.75610,-1.49500,59.1832,-250.1374,79.2519
587774064,-1.51538,0.06006,-1.41711,-250.1374,-250.1374,191.1450,0.16003,-1.76575,-1.52966,60.1832,-250.1374,75.9466
587775069,-1.33679,-1.26929,-0.23718,-250.1374,-250.1374,174.3130,0.16382,-1.77429,-1.56262,61.3817,-250.1374,72.6031
587776068,-1.28650,-0.98560,0.23401,-187.6947,-250.1374,143.7863,0.16687,-1.78149,-1.59509,62.7481,-250.1374,69.2443
587777068,-1.09875,-0.17261,0.24500,-128.1450,-250.1374,121.9847,0.16992,-1.78748,-1.62695,64.3130,-250.1374,65.8626
587778068,-1.17249,-0.55127,1.03491,-89.7099,-250.1374,114.1603,0.17261,-1.79065,-1.65723,66.0687,-250.1374,62.4351
587779067,-1.16626,-2.00000,1.99994,-87.8244,-250.1374,110.3359,0.17566,-1.78955,-1.68652,67.9924,-250.1374,58.9847
587780067,-1.14648,-2.00000,1.99994,-119.0992,-250.1374,100.2137,0.18005,-1.78564,-1.71545,70.0229,-250.1374,55.5115
587781067,-1.18506,-2.00000,1.83728,-141.6794,-250.1374,77.8092,0.18433,-1.77869,-1.74207,72.1450,-250.1374,52.0458
587782067,-0.70093,-2.00000,1.99994,-127.6336,-250.1374,53.4122,0.18884,-1.76758,-1.76550,74.3511,-250.1374,48.5649
587783068,-0.75537,-1.89636,1.99994,-116.6031,-250.1374,43.7863,0.19446,-1.75330,-1.78687,76.5725,-250.1374,45.0992
587784068,-1.07373,-1.92883,1.45813,-124.7328,-250.1374,46.7710,0.20020,-1.73669,-1.80518,78.7863,-250.1374,41.6107
587785068,-1.20447,-1.63623,-0.39685,-121.8626,-250.1374,45.4580,0.20630,-1.71814,-1.82031,80.9466,-250.1374,38.1527
587786068,-2.00000,-1.15112,-1.42102,-100.2824,-250.1374,41.5267,0.21313,-1.69653,-1.83179,83.0382,-250.1374,34.7176
587787068,-2.00000,-0.62817,-1.99194,-42.1298,-250.1374,22.8550,0.21863,-1.67261,-1.84009,85.0534,-250.1374,31.3053
587788068,-2.00000,-0.11768,-2.00000,-20.7099,-250.1374,19.0840,0.22351,-1.64795,-1.84546,86.8702,-250.1374,27.9466
587789067,-2.00000,-0.45068,-2.00000,-6.9084,-250.1374,20.2061,0.22986,-1.62207,-1.84729,88.3817,-245.0534,24.6336
587790067,-2.00000,-2.00000,-2.00000,-10.7863,-250.1374,22.6489,0.23633,-1.59619,-1.84692,89.6870,-236.7710,21.4046
587791068,-2.00000,-2.00000,-2.00000,-50.9618,-250.1374,27.0153,0.24255,-1.57043,-1.84473,90.8550,-228.3817,18.2366
587792068,-2.00000,-2.00000,-2.00000,-126.5878,-250.1374,30.7328,0.24841,-1.54565,-1.83936,91.8550,-219.8931,15.1603
587793068,-2.00000,-2.00000,-2.00000,-180.0382,-216.0611,31.8168,0.25208,-1.52173,-1.83313,92.6641,-211.3511,12.1832
587794068,-2.00000,-1.67834,-2.00000,-190.4275,-156.9160,30.3206,0.25415,-1.49878,-1.82849,93.2672,-202.7710,9.3359
587795068,-2.00000,-1.00964,-1.51294,-212.8626,-103.1679,44.3588,0.25525,-1.47852,-1.82385,93.6794,-194.1832,6.6336
587796068,-0.90637,-1.24023,-0.53687,-250.1374,-70.4580,71.4504,0.25464,-1.46130,-1.81812,93.9466,-185.6489,4.1069
587797068,-1.06970,-2.00000,-0.09045,-250.1374,-86.2977,92.0611,0.25269,-1.44751,-1.81128,94.0992,-177.2061,1.7939
587798068,-0.31726,-2.00000,1.46094,-250.1374,-94.9389,79.7557,0.24878,-1.43628,-1.80396,94.1374,-168.8779,-0.2977
587799068,1.10242,-2.00000,1.99994,-225.1374,-139.9771,40.6947,0.24304,-1.42810,-1.79773,94.1527,-160.7023,-2.1450
587800068,0.72864,-1.72510,1.99994,-115.2672,-233.5649,-6.5344,0.23596,-1.42310,-1.79346,94.1908,-152.7176,-3.7557
587801067,0.09509,-1.03113,1.99994,-32.0458,-250.1374,-41.4580,0.22742,-1.42004,-1.79065,94.2290,-144.9542,-5.1221
587802068,0.81470,-1.47986,1.99994,-16.8397,-250.1374,-51.9008,0.21777,-1.41809,-1.78918,94.2366,-137.4504,-6.2443
587803067,0.32678,-2.00000,1.99994,-35.9924,-250.1374,-55.4351,0.20679,-1.41711,-1.78943,94.1603,-130.2672,-7.1298
587804067,-0.92834,-2.00000,1.56897,-8.7176,-250.1374,-79.5954,0.19507,-1.41650,-1.79126,94.0153,-123.4275,-7.8015
587805068,-0.40808,-2.00000,1.14099,60.2824,-250.1374,-115.8015,0.18262,-1.41614,-1.79407,93.7634,-116.9771,-8.2672
587806067,-0.51733,-1.34143,0.89050,63.9618,-250.1374,-128.2901,0.16980,-1.41577,-1.79712,93.3282,-110.9313,-8.5038
587807068,-1.29846,0.30762,-0.52991,-19.8779,-250.1374,-101.3435,0.15796,-1.41443,-1.80066,92.8244,-105.2824,-8.5344
587808067,-1.28699,0.43433,-1.34558,-92.7481,-250.1374,-62.3740,0.14734,-1.41187,-1.80396,92.3435,-100.0229,-8.4046
587809068,-1.43579,-0.47534,-1.01807,-98.3053,-250.1374,-39.9771,0.13806,-1.40735,-1.80591,91.7481,-95.1756,-8.1679
587810067,-1.27771,-0.96777,-0.67529,-64.8855,-250.1374,-42.6489,0.13025,-1.40027,-1.80652,91.0000,-90.7099,-7.8473
587811068,-1.42957,-0.52930,-1.67188,-44.8473,-250.1374,-47.7328,0.12402,-1.39172,-1.80542,90.0916,-86.5878,-7.4275
587812068,-2.00000,-0.09143,-2.00000,-46.8702,-250.1374,-44.4809,0.12000,-1.38159,-1.80273,89.0382,-82.8015,-6.9389
587813068,-2.00000,0.11780,-2.00000,-32.1298,-250.1374,-46.8244,0.11816,-1.36963,-1.79797,87.8321,-79.3817,-6.3969
587814068,-2.00000,-0.44934,-2.00000,13.3664,-250.1374,-57.8626,0.11768,-1.35693,-1.79004,86.4198,-76.2824,-5.8168
587815068,-2.00000,-1.72388,-2.00000,67.0076,-250.1374,-76.5038,0.11865,-1.34326,-1.77881,84.7939,-73.4122,-5.2214
587816068,-2.00000,-2.00000,-2.00000,94.8931,-250.1374,-96.7939,0.12024,-1.32800,-1.76465,82.9542,-70.7634,-4.6412
587817068,-2.00000,-2.00000,-2.00000,74.6794,-231.2748,-105.7099,0.12219,-1.31165,-1.74817,80.9008,-68.3282,-4.1450
587818068,-2.00000,-2.00000,-2.00000,26.5115,-185.7863,-110.0000,0.12598,-1.29529,-1.72949,78.6260,-66.0382,-3.7252
587819067,-2.00000,-1.59021,-2.00000,-0.1832,-129.9008,-116.5344,0.13049,-1.28003,-1.70959,76.1221,-63.8702,-3.3969
587820068,-1.88647,-0.40784,-2.00000,-4.1985,-94.4733,-117.1908,0.13452,-1.26575,-1.68811,73.4122,-61.8015,-3.1603
587821068,-1.86206,-0.05322,-2.00000,-13.0992,-83.5573,-106.1756,0.13806,-1.25244,-1.66431,70.5038,-59.8321,-3.0076
587822068,-1.74915,-0.39148,-2.00000,-22.7863,-71.4046,-97.2901,0.14172,-1.24109,-1.63928,67.4427,-57.9313,-2.9695
587823067,-1.41345,-0.77002,-2.00000,-12.2137,-64.2366,-101.2214,0.14575,-1.23181,-1.61182,64.2290,-56.0305,-3.0458
587824068,-1.05396,-0.60889,-1.83997,26.1069,-76.3435,-117.3740,0.15027,-1.22449,-1.58374,60.8779,-54.1679,-3.2443
587825067,-0.89453,0.15723,-1.16663,78.3664,-100.1145,-135.5496,0.15503,-1.22046,-1.55774,57.4427,-52.3817,-3.5496
587826068,-1.06262,0.79602,-1.17029,118.8702,-122.7405,-141.7939,0.15894,-1.21973,-1.53259,53.9618,-50.6412,-3.9695
587827067,-1.19202,0.85010,-1.08435,134.8550,-124.9160,-135.7023,0.16235,-1.22205,-1.50732,50.4580,-48.8931,-4.5038
587828068,-1.11963,0.25391,-0.64465,128.9618,-108.4504,-124.3511,0.16528,-1.22595,-1.48242,46.9695,-47.1374,-5.0763
587829068,-1.15735,-0.54407,-0.52332,113.1832,-93.3359,-114.7099,0.16858,-1.23096,-1.45789,43.5649,-45.3969,-5.7023
587830067,-1.22168,-0.77209,-0.83777,99.7405,-84.5496,-110.2595,0.17163,-1.23779,-1.43420,40.2901,-43.6412,-6.3740
587831067,-1.29211,-0.42725,-1.63037,84.6718,-85.3969,-104.8702,0.17432,-1.24573,-1.41138,37.1985,-41.8702,-7.0458
587832067,-1.57007,-0.22253,-2.00000,62.2290,-93.4656,-93.3969,0.17749,-1.25342,-1.38782,34.3130,-40.0840,-7.7557
587833067,-1.56543,-0.70093,-2.00000,49.7710,-97.5496,-83.0305,0.18042,-1.26147,-1.36487,31.6107,-38.2672,-8.5191
587834067,-1.24475,-1.50024,-1.24329,56.1221,-97.5267,-83.4580,0.18335,-1.26929,-1.34265,29.0458,-36.3817,-9.2595
587835068,-1.20239,-1.50513,-0.90271,66.5267,-100.4198,-94.8244,0.18677,-1.27600,-1.31946,26.6489,-34.4656,-9.9771
587836068,-1.29163,-0.34790,-1.73804,78.0840,-95.7099,-110.4580,0.18909,-1.28137,-1.29517,24.4351,-32.5267,-10.7023
587837068,-1.44312,0.67310,-2.00000,96.9160,-85.0153,-118.5267,0.19067,-1.28442,-1.27222,22.4275,-30.5344,-11.4504
587838068,-1.63257,0.43616,-2.00000,118.8779,-68.3588,-118.8015,0.19312,-1.28638,-1.24939,20.6565,-28.4580,-12.1756
587839068,-1.48169,-0.52271,-2.00000,136.8855,-45.0305,-119.8702,0.19690,-1.28845,-1.22583,19.0916,-26.3053,-12.9160
587840067,-1.32507,-1.00342,-1.84924,141.0305,-25.9008,-124.2672,0.20044,-1.28955,-1.20264,17.6794,-24.1069,-13.6565
587841067,-1.41528,-0.37781,-1.98865,129.4580,-5.6183,-128.2061,0.20349,-1.28931,-1.17932,16.4427,-21.8702,-14.3817
587842067,-1.23889,0.74646,-1.36267,113.5496,19.3206,-124.7863,0.20593,-1.28784,-1.15515,15.3817,-19.5725,-15.0534
587843068,-0.65149,1.54797,-0.21118,97.9542,36.8550,-111.6489,0.20740,-1.28503,-1.13086,14.4656,-17.2290,-15.7176
587844067,-0.22925,1.99994,0.25867,82.1145,29.7863,-94.7481,0.20911,-1.28113,-1.10706,13.6718,-14.8473,-16.3817
587845067,-0.16748,1.99994,-0.06238,72.8397,5.3511,-78.9466,0.21082,-1.27649,-1.08203,13.0076,-12.4275,-17.0305
587846067,-0.15369,1.50146,0.14294,68.0305,-20.0916,-63.6565,0.21240,-1.27173,-1.05774,12.4198,-9.9695,-17.6794
587847067,-0.01428,0.84399,0.87732,62.6947,-43.4275,-50.5649,0.21423,-1.26672,-1.03455,11.8779,-7.4962,-18.2824
587848067,0.03064,0.57874,1.20264,68.6641,-61.7176,-43.5573,0.21704,-1.25928,-1.01001,11.4351,-5.0153,-18.8473
587849068,-0.40210,0.88440,0.72107,91.5496,-80.5267,-42.1374,0.22034,-1.24927,-0.98560,11.0382,-2.5344,-19.3511
587850067,-0.71558,1.43604,0.17786,112.1527,-84.5649,-38.4427,0.22290,-1.23840,-0.96130,10.6641,-0.0382,-19.7786
587851067,-0.57349,1.56323,0.30017,111.0763,-71.9847,-26.7176,0.22473,-1.22729,-0.93677,10.2748,2.4580,-20.1221
587852067,-0.69592,0.94824,-0.33069,94.2824,-69.1374,-10.5954,0.22729,-1.21643,-0.91174,9.8702,4.9389,-20.4122
587853067,-1.36951,-0.07043,-2.00000,81.3817,-86.7710,0.1832,0.22937,-1.20544,-0.88416,9.4275,7.3817,-20.6489
587854067,-1.98950,-0.83850,-2.00000,76.3511,-91.8015,0.7176,0.23035,-1.19385,-0.85559,8.9542,9.8015,-20.7863
587855068,-1.81641,-1.35254,-2.00000,64.1069,-72.1908,1.3817,0.23157,-1.18201,-0.82837,8.4656,12.1832,-20.8779
587856068,-1.48938,-1.84302,-1.48926,28.4962,-50.1679,10.1298,0.23120,-1.15845,-0.77209,7.4427,16.9924,-20.8702
587857068,-1.77258,-1.79468,-1.75757,-8.7710,-32.2824,16.6336,0.23059,-1.14746,-0.74329,6.8702,19.3359,-20.7939
587858068,-1.96667,-0.69080,-2.00000,-19.4122,-5.1145,13.2977,0.22949,-1.13696,-0.71423,6.2748,21.6489,-20.6641
587859068,-1.53015,0.12793,-1.52051,-20.8244,32.1450,15.2672,0.22925,-1.12634,-0.68408,5.6641,23.9695,-20.4962
587860068,-1.30115,-0.57410,-1.20593,-33.9695,47.6260,26.0076,0.22961,-1.11682,-0.65369,5.0458,26.2519,-20.2672
587861068,-1.31189,-1.67224,-1.24243,-34.4580,43.2061,25.8855,0.22949,-1.10876,-0.62512,4.4580,28.4962,-20.0076
587862068,-1.02368,-1.73682,-0.63892,-0.9084,27.6718,6.9160,0.23010,-1.10181,-0.59814,3.9389,30.7328,-19.7481
587863068,-0.89746,-0.85803,0.03027,35.4885,4.2519,-13.8397,0.23108,-1.09521,-0.57166,3.5038,32.9542,-19.4885
587864068,-0.92444,-0.30933,0.20471,44.1908,-13.1298,-17.1908,0.23254,-1.08899,-0.54346,3.1756,35.1527,-19.2443
587865068,-1.06055,-0.87366,-0.09778,42.8168,-28.3511,-7.4427,0.23364,-1.08447,-0.51453,2.9542,37.3206,-19.0382
587866068,-1.25903,-2.00000,-0.70386,46.5420,-41.7405,-1.4122,0.23328,-1.08081,-0.48608,2.8702,39.4351,-18.8321
587867068,-1.29919,-2.00000,-1.16504,44.8931,-44.3435,-8.1374,0.23218,-1.07727,-0.45801,2.9389,41.5191,-18.6031
587868067,-1.42981,-1.45508,-1.46899,35.4580,-39.7328,-19.7786,0.23035,-1.07397,-0.43140,3.1374,43.6031,-18.3740
587869067,-1.66016,-0.23315,-2.00000,19.9924,-36.3588,-19.3282,0.22742,-1.07031,-0.40576,3.4733,45.6107,-18.1756
587870067,-1.89990,-0.14685,-2.00000,-4.6718,-35.4885,-2.9695,0.22437,-1.06714,-0.38110,3.9542,47.5115,-17.9924
587871067,-2.00000,-0.94849,-2.00000,-24.3435,-37.2519,13.0229,0.22156,-1.06567,-0.35828,4.5878,49.2672,-17.8092
587872067,-2.00000,-1.61401,-2.00000,-19.3130,-32.3969,12.2595,0.21826,-1.06458,-0.33594,5.3740,50.9008,-17.6260
587873068,-2.00000,-1.51392,-2.00000,5.0916,-7.2748,-3.8702,0.21472,-1.06250,-0.31421,6.3053,52.4198,-17.4656
587874068,-2.00000,-0.64160,-2.00000,28.4962,35.1832,-19.7939,0.21106,-1.06055,-0.29370,7.3511,53.8473,-17.3435
587875068,-2.00000,0.36072,-2.00000,30.8015,70.2290,-19.9847,0.20605,-1.05896,-0.27307,8.4962,55.1221,-17.2290
587876068,-2.00000,0.42664,-2.00000,23.2519,91.4351,-8.4504,0.20105,-1.05664,-0.25293,9.7252,56.2519,-17.1221
587877067,-2.00000,-0.50757,-2.00000,38.4733,122.1069,-6.2214,0.19678,-1.05286,-0.23413,11.0229,57.2137,-17.0305
587878068,-1.91650,-1.45935,-2.00000,65.2672,148.5267,-15.3511,0.19275,-1.04736,-0.21594,12.4122,57.9695,-16.9466
587879068,-1.54333,-1.73010,-1.55066,66.9389,152.9008,-22.9618,0.18909,-1.04077,-0.19922,13.8168,58.5267,-16.8244
587880068,-1.41370,-1.56348,-1.08911,49.8015,146.1374,-23.1450,0.18567,-1.03357,-0.18359,15.1756,58.8550,-16.6718
587881068,-1.16870,-1.43469,-0.49158,42.9084,137.8702,-21.1603,0.18164,-1.02576,-0.16711,16.4962,58.9771,-16.5267
587882068,-0.80933,-1.25293,0.25500,42.9466,129.9618,-20.3969,0.17847,-1.01782,-0.15088,17.7557,58.9160,-16.3969
587883068,-0.76538,-1.17114,0.57080,32.2137,115.6947,-16.0229,0.17542,-1.00867,-0.13501,18.9313,58.6412,-16.2519
587884067,-0.80103,-1.23267,0.74280,16.9389,104.5649,-9.9924,0.17236,-0.99780,-0.12012,20.0000,58.1527,-16.0458
587885068,-0.59607,-1.19678,1.36401,11.2672,99.3969,-8.0229,0.17065,-0.98730,-0.10645,20.9695,57.4427,-15.7710
587886068,-0.51697,-1.03357,1.65369,15.8397,88.7405,-10.0687,0.16907,-0.97803,-0.09277,21.8397,56.5344,-15.4656
587887068,-0.64319,-0.80237,1.44849,26.1298,75.5191,-13.0992,0.16821,-0.96948,-0.07996,22.5649,55.4427,-15.1603
587888068,-0.67432,-0.64526,1.23157,38.6565,65.0076,-15.0687,0.16772,-0.96008,-0.06799,23.1527,54.1603,-14.8015
587889068,-0.67993,-0.78162,1.11047,43.6412,56.4351,-13.4504,0.16711,-0.95020,-0.05762,23.5954,52.6870,-14.3664
587890068,-0.75903,-1.24915,0.99744,40.8321,46.8702,-9.8397,0.16809,-0.94031,-0.04895,23.8855,51.0382,-13.8855
587891068,-0.67883,-1.50024,0.90759,42.2977,38.9389,-10.7939,0.16919,-0.93066,-0.04053,24.0382,49.2443,-13.3893
587892068,-0.38550,-0.97095,0.67896,42.3740,30.1145,-14.8321,0.16943,-0.92163,-0.03223,24.0611,47.2901,-12.8321
587893067,-0.30664,0.07751,-0.43555,30.2595,11.1603,-12.2214,0.16968,-0.91321,-0.02429,23.9389,45.1832,-12.2214
587894067,-0.89404,0.63635,-2.00000,19.6947,-23.1756,-0.4504,0.16968,-0.90540,-0.01807,23.6947,42.9695,-11.5420
587895068,-1.51538,0.23914,-2.00000,30.1221,-39.2595,7.7939,0.17004,-0.89783,-0.01294,23.3282,40.6718,-10.8015
587896067,-1.60291,-0.47729,-2.00000,54.8626,-31.9237,5.4198,0.17151,-0.89099,-0.00891,22.8015,38.2519,-10.0229
587897067,-2.00000,-0.65393,-2.00000,65.6183,-27.0687,-0.5344,0.17346,-0.88513,-0.00464,22.1145,35.7252,-9.1756
587898067,-2.00000,-0.08752,-2.00000,69.7176,-1.6947,-8.3969,0.17566,-0.87927,0.00049,21.3282,33.1374,-8.2672
587899067,-2.00000,0.66785,-2.00000,93.2748,61.0916,-19.7557,0.17798,-0.87280,0.00464,20.4427,30.5038,-7.3206
587900068,-2.00000,0.63623,-2.00000,118.1069,129.1221,-23.5420,0.17944,-0.86731,0.00635,19.4351,27.8092,-6.3511
587901068,-2.00000,-0.41150,-2.00000,123.8702,180.4122,-20.3130,0.17993,-0.86365,0.00647,18.2748,25.0992,-5.3282
587902067,-2.00000,-1.38660,-2.00000,124.3435,219.0687,-22.6412,0.18018,-0.86023,0.00720,16.9847,22.3664,-4.2519
587903068,-2.00000,-1.71191,-2.00000,115.5573,250.1298,-25.4275,0.18140,-0.85608,0.00830,15.5573,19.5802,-3.1069
587904068,-1.49170,-1.56470,-1.23035,82.1832,250.1298,-19.5878,0.18323,-0.85315,0.00891,14.0153,16.7786,-1.9466
587905068,-0.80396,-1.39539,0.26587,47.4580,250.1298,-7.2519,0.18481,-0.85168,0.00867,12.3740,13.9924,-0.7786
587906068,-0.32739,-1.34216,1.59900,35.4504,250.1298,2.4962,0.18701,-0.85144,0.00757,10.6412,11.2366,0.4046
587907068,0.76147,-1.06897,1.99994,28.4656,250.1298,8.0229,0.19043,-0.85254,0.00562,8.8550,8.5420,1.5878
587908064,1.64380,-0.47729,1.99994,-1.3740,223.5267,16.1450,0.19446,-0.85376,0.00317,7.0382,5.9160,2.7786
587909064,1.50989,0.29297,1.99994,-25.9237,173.2519,23.2824,0.19897,-0.85486,0.00061,5.1832,3.3740,3.9542
587910065,1.57312,0.74829,1.99994,20.2519,116.1527,12.0763,0.20496,-0.85706,-0.00269,3.2824,0.8931,5.0992
587911069,1.46045,0.11035,1.99994,112.4809,39.4198,-8.7023,0.21191,-0.85962,-0.00647,1.3740,-1.4656,6.2214
587912068,0.63916,-1.32239,1.99994,159.5573,-38.9008,-21.7863,0.22046,-0.86108,-0.01074,-0.5038,-3.6947,7.3588
587913067,-0.02087,-2.00000,1.99994,161.0763,-77.2214,-31.1908,0.22974,-0.86230,-0.01453,-2.3817,-5.8015,8.4733
587914068,-0.47595,-1.74451,1.72742,169.9160,-77.9847,-44.5954,0.23804,-0.86438,-0.01733,-4.2366,-7.8015,9.5344
587915068,-0.82495,-0.97253,1.32935,188.4427,-68.2061,-52.1908,0.24622,-0.86682,-0.02051,-6.0687,-9.6489,10.5420
587916068,-1.18872,-0.48804,0.22827,180.5191,-51.5573,-43.8092,0.25476,-0.86951,-0.02466,-7.8550,-11.3282,11.4962
587917068,-1.74976,-0.58130,-1.04443,127.5878,-22.3817,-18.1069,0.26440,-0.87341,-0.02966,-9.5802,-12.8397,12.4275
587918068,-1.25305,-0.83691,-0.33643,-6.6260,78.2824,26.7405,0.27539,-0.87708,-0.03357,-11.2595,-14.1985,13.2748
587919068,-0.95972,-0.42920,0.16772,-21.2901,93.4122,32.3664,0.28735,-0.88062,-0.03662,-12.8473,-15.4046,14.0458
587920068,-0.67004,-0.00244,0.22083,-22.8779,87.4962,37.9466,0.29932,-0.88464,-0.04053,-14.3206,-16.4427,14.7328
587921068,-0.38513,0.12134,0.35657,-32.5115,71.4580,45.7939,0.31104,-0.88770,-0.04272,-15.7252,-17.2824,15.3511
587922068,-0.08667,0.02539,0.99609,-36.5954,56.1527,49.2748,0.32178,-0.89136,-0.04272,-17.0763,-17.9618,15.8702
587923068,0.36719,0.09375,1.99994,-17.7939,42.4885,44.0458,0.33215,-0.89526,-0.04187,-18.3969,-18.4962,16.3588
587924067,0.59717,0.00793,1.99994,18.5725,18.7023,37.5802,0.34204,-0.89893,-0.04089,-19.6489,-18.8473,16.7939
587925068,0.31348,-0.57910,1.99994,43.3588,-6.5649,37.6336,0.35059,-0.90186,-0.03943,-20.8702,-19.0229,17.1679
587926068,-0.04333,-1.05737,1.72498,42.3740,-17.0000,41.2519,0.35803,-0.90405,-0.03833,-22.0687,-19.0687,17.4656
587927068,-0.22827,-1.00867,1.29089,21.5344,-13.8931,45.9389,0.36487,-0.90588,-0.03833,-23.2824,-19.0382,17.6870
587928067,-0.35925,-0.88074,1.07446,-4.4733,-11.4885,53.0992,0.37146,-0.90808,-0.03735,-24.5496,-18.9237,17.8244
587929068,-0.48779,-1.03748,0.97815,-22.4198,-16.0076,61.1069,0.37671,-0.91125,-0.03625,-25.8473,-18.7176,17.9160
587930068,-0.46484,-1.40222,0.84180,-33.9847,-20.3893,66.6641,0.37988,-0.91467,-0.03601,-27.1374,-18.4351,18.0076
587931068,-0.23926,-1.37451,0.92700,-53.2748,-16.6489,67.6565,0.38232,-0.91772,-0.03430,-28.4656,-18.1679,18.0458
587932068,0.01001,-0.70251,1.33728,-75.9847,-11.1069,66.8397,0.38452,-0.92041,-0.03088,-29.8321,-17.9084,18.0458
587933068,0.25000,-0.07544,1.36499,-84.4275,-12.7252,68.3053,0.38599,-0.92444,-0.02893,-31.2061,-17.6336,17.9771
587934067,0.08484,0.15784,0.95398,-79.2214,-25.9771,71.9618,0.38745,-0.93066,-0.02844,-32.5420,-17.3282,17.8702
587935068,-0.24463,0.09131,0.51221,-72.2748,-39.4504,76.8550,0.38892,-0.93811,-0.03003,-33.8321,-17.0458,17.7634
587936068,-0.16370,-0.18103,0.34985,-69.2748,-41.1756,82.3053,0.39062,-0.94592,-0.03333,-35.0840,-16.7710,17.7099
587937067,-0.08167,-0.43347,0.51355,-70.2214,-39.6260,87.7481,0.39233,-0.95398,-0.03638,-36.3053,-16.5191,17.6794
587938068,0.02747,-0.36951,0.72888,-74.6718,-35.2901,93.2977,0.39355,-0.96338,-0.03857,-37.4656,-16.3053,17.6260
587939068,0.10425,0.04810,0.76733,-83.1298,-30.1145,100.7634,0.39563,-0.97485,-0.03943,-38.5115,-16.1145,17.5649
587940067,-0.15295,0.49512,0.53699,-100.8168,-25.8092,111.0840,0.39795,-0.98767,-0.04089,-39.3969,-15.9160,17.4962
587941067,-0.17651,0.61157,0.61279,-121.7710,-14.9160,123.4656,0.39929,-1.00085,-0.04504,-40.0916,-15.7176,17.4198
587942068,-0.05212,0.22546,0.85107,-132.8244,-15.9313,134.4656,0.40161,-1.01367,-0.05005,-40.5878,-15.5115,17.3130
587943068,-0.00989,-0.60767,0.80505,-130.1679,-29.1221,140.1603,0.40479,-1.02612,-0.05371,-40.8855,-15.2901,17.2290
587944068,0.04712,-1.55005,0.66333,-121.8626,-46.5802,138.9618,0.40723,-1.03833,-0.05750,-40.9847,-15.0840,17.1298
587945068,-0.09680,-1.93188,0.43652,-114.0916,-64.1527,131.2290,0.40979,-1.05029,-0.06177,-40.8626,-14.8550,17.0153
587946067,-0.27271,-1.57581,0.35120,-108.8015,-73.1374,122.1221,0.41296,-1.06177,-0.06592,-40.5725,-14.6031,16.8855
587947067,-0.35693,-1.12695,0.29395,-106.2519,-75.9160,118.2672,0.41663,-1.07190,-0.06982,-40.1450,-14.3282,16.7557
587948068,-0.55701,-1.15649,-0.01453,-104.4733,-77.0000,119.2366,0.41992,-1.08057,-0.07312,-39.5725,-14.0000,16.5802
587949068,-0.84998,-1.56995,-0.57690,-102.1069,-74.0763,119.2901,0.42273,-1.08789,-0.07532,-38.8550,-13.6107,16.3817
587950067,-1.08984,-1.90466,-1.20642,-104.7634,-65.6641,116.2748,0.42554,-1.09521,-0.07715,-38.0229,-13.1603,16.1985
587951068,-1.35254,-1.81543,-1.69128,-114.0992,-54.6641,111.7252,0.42883,-1.10266,-0.07874,-37.1145,-12.6565,15.9847
587952067,-1.55725,-1.45581,-1.92590,-121.2214,-41.4046,108.2061,0.43274,-1.10901,-0.08081,-36.1450,-12.0611,15.7405
587953067,-1.57019,-1.37988,-1.84998,-118.4351,-26.8397,107.1679,0.43726,-1.11401,-0.08313,-35.1450,-11.3817,15.4809
587954068,-1.52417,-1.78418,-1.55518,-110.1679,-13.2061,107.0687,0.44263,-1.11816,-0.08484,-34.1145,-10.6260,15.2443
587955068,-1.39917,-2.00000,-1.23621,-103.9389,2.6031,104.3893,0.45105,-1.12354,-0.08667,-32.0229,-8.8626,14.6794
587956067,-1.18506,-2.00000,-0.98706,-100.6412,18.7634,97.6565,0.45520,-1.12573,-0.08740,-31.0000,-7.8550,14.3435
587957068,-1.01941,-1.91077,-0.78662,-94.7557,29.1679,89.4962,0.45972,-1.12756,-0.08728,-29.9771,-6.7634,13.9847
587958067,-0.84692,-1.69299,-0.53064,-84.0458,32.5267,82.9008,0.46472,-1.12854,-0.08789,-28.9466,-5.6107,13.6107
587959067,-0.69006,-1.76965,-0.28442,-73.9924,28.8092,77.8779,0.46985,-1.12927,-0.08997,-27.9466,-4.3664,13.2137
587960067,-0.63831,-2.00000,-0.39111,-69.7405,20.0458,73.1679,0.47473,-1.13013,-0.09167,-27.0076,-3.0153,12.7939
587961068,-0.68408,-2.00000,-0.76355,-69.5191,11.5267,66.5038,0.47876,-1.13147,-0.09314,-26.1527,-1.6031,12.3511
587962068,-0.69592,-2.00000,-0.68311,-68.8931,11.0534,55.8473,0.48157,-1.13379,-0.09473,-25.3435,-0.1832,11.8855
587963068,-0.64209,-1.40308,-0.24915,-68.0992,15.5725,45.9847,0.48352,-1.13623,-0.09766,-24.6031,1.2595,11.3817
587964068,-0.72131,-0.60779,-0.39734,-71.5725,16.7710,45.9313,0.48486,-1.13916,-0.10193,-23.8702,2.7252,10.8702
587965067,-0.90466,-0.69714,-0.96973,-74.6489,16.6107,54.8321,0.48523,-1.14319,-0.10669,-23.1374,4.1832,10.3817
587966067,-0.96985,-1.41833,-1.11206,-70.4351,21.0458,61.3817,0.48474,-1.14783,-0.11182,-22.4198,5.6260,9.9008
587967067,-0.88818,-1.77625,-0.84363,-65.9847,30.3664,59.6718,0.48376,-1.15259,-0.11646,-21.7023,7.0458,9.3740
587968068,-0.86499,-1.31616,-0.75842,-68.3206,39.2595,54.6336,0.48291,-1.15833,-0.12109,-20.9924,8.4351,8.8168
587969068,-0.91211,-0.60413,-0.82886,-69.1374,47.4351,53.5191,0.48132,-1.16418,-0.12695,-20.2901,9.8015,8.2672
587970068,-0.90308,-0.56250,-0.73242,-63.5344,54.2061,58.4504,0.47754,-1.16895,-0.13354,-19.5649,11.0840,7.7023
587971067,-0.83667,-1.39722,-0.52832,-60.9237,60.0840,64.4962,0.47327,-1.17297,-0.14062,-18.8092,12.3206,7.1069
587972067,-0.80457,-2.00000,-0.32117,-65.8397,66.2595,63.6489,0.46899,-1.17688,-0.14758,-18.0305,13.5191,6.4733
587973067,-0.84412,-2.00000,-0.16968,-71.5573,71.1221,54.6489,0.46484,-1.18066,-0.15442,-17.2290,14.6565,5.8244
587974067,-0.82446,-1.63367,-0.07397,-74.6031,72.9924,45.6718,0.46033,-1.18420,-0.16187,-16.3969,15.7099,5.1756
587975067,-0.75134,-1.10596,0.03723,-77.4046,70.9160,45.1374,0.45508,-1.18591,-0.16907,-15.5802,16.6718,4.4885
587976068,-0.65576,-1.36877,0.22070,-80.7023,67.6641,51.0916,0.44910,-1.18579,-0.17554,-14.8092,17.5802,3.7786
587977068,-0.50793,-2.00000,0.52661,-81.9084,66.3206,53.9313,0.44287,-1.18555,-0.18262,-14.0687,18.4198,3.0840
587978068,-0.42261,-2.00000,0.71094,-72.0000,63.3740,46.6641,0.43811,-1.18457,-0.18958,-13.3817,19.1908,2.4046
587979068,-0.45142,-1.91284,0.62268,-46.4733,59.1756,30.5496,0.43408,-1.18274,-0.19714,-12.8015,19.9237,1.7252
587980067,-0.57947,-1.12329,0.40796,-24.6260,53.3130,18.1450,0.42993,-1.18005,-0.20508,-12.3435,20.6107,1.0611
587981068,-0.64490,-0.73328,0.34851,-20.1374,49.5267,16.8244,0.42578,-1.17615,-0.21338,-11.9924,21.2214,0.4351
587982068,-0.55505,-1.25671,0.61511,-10.9618,48.1221,17.0992,0.42236,-1.17139,-0.22107,-11.7710,21.7481,-0.1374
587983068,-0.53369,-2.00000,0.73755,20.2214,43.2366,5.6183,0.41919,-1.16577,-0.22729,-11.6870,22.2290,-0.6794
587984068,-0.61169,-2.00000,0.45117,49.4198,38.0763,-12.8168,0.41565,-1.15991,-0.23340,-11.7405,22.6718,-1.1756
587985068,-0.67480,-1.74780,-0.11707,49.8779,35.3740,-22.8779,0.41260,-1.15466,-0.23865,-11.9389,23.0840,-1.6260
587986068,-0.70813,-1.32031,-0.38306,28.5878,39.4046,-20.5725,0.41016,-1.14978,-0.24292,-12.2824,23.4885,-1.9924
587987068,-0.68274,-1.21741,-0.21985,12.4275,42.7710,-14.9924,0.40869,-1.14514,-0.24731,-12.7252,23.9008,-2.3130
587988068,-0.56177,-1.21362,-0.07361,13.2443,43.3359,-13.5802,0.40747,-1.14185,-0.25171,-13.2672,24.2824,-2.5878
587989068,-0.51819,-1.19690,-0.05664,16.2519,42.4656,-12.8321,0.40601,-1.13904,-0.25464,-13.9160,24.6412,-2.8244
587990068,-0.60046,-1.10278,-0.15955,4.1450,46.4504,-8.4733,0.40381,-1.13684,-0.25757,-14.6641,24.9924,-2.9771
587991068,-0.55957,-0.96240,-0.25195,-14.3053,56.4351,-2.5344,0.40088,-1.13672,-0.26111,-15.4427,25.3359,-3.0840
587992068,-0.51062,-0.88806,-0.25024,-14.9008,63.4351,-1.5115,0.39832,-1.13794,-0.26501,-16.2443,25.6718,-3.1756
587993068,-0.53870,-0.89087,-0.11719,4.3359,65.4351,-6.3588,0.39624,-1.14050,-0.26990,-17.0000,25.9924,-3.2443
587994068,-0.49268,-1.12183,0.00806,21.0229,67.5115,-10.8626,0.39307,-1.14417,-0.27710,-17.7328,26.3130,-3.3053
587995068,-0.58960,-1.48267,-0.07617,19.2824,67.9389,-12.0305,0.38940,-1.14990,-0.28601,-18.4351,26.6031,-3.3359
587996068,-0.71484,-1.66626,-0.24182,8.4504,69.4733,-12.9160,0.38525,-1.15674,-0.29382,-19.1298,26.8397,-3.3359
587997068,-0.61462,-1.43665,-0.15283,3.4885,73.0458,-16.8397,0.37915,-1.16455,-0.30164,-19.7557,26.9847,-3.2977
587998067,-0.59387,-0.99390,0.17590,6.3740,73.8931,-21.0916,0.37207,-1.17297,-0.31055,-20.2824,27.0534,-3.2595
587999068,-0.44043,-0.79126,0.33496,14.5267,74.6489,-24.1374,0.36548,-1.18140,-0.32129,-20.7328,27.0611,-3.1832
588000067,-0.20837,-0.84912,0.38611,24.5420,75.6183,-26.8855,0.35938,-1.18970,-0.33301,-21.1298,26.9924,-3.1221
588001067,-0.27930,-1.07495,0.55432,23.9771,73.8931,-27.5191,0.35266,-1.19824,-0.34631,-21.5191,26.8092,-3.0763
588002067,-0.22449,-1.26379,0.77710,18.9618,76.1679,-29.3359,0.34631,-1.20630,-0.36121,-21.8931,26.4885,-3.0153
588003067,-0.12866,-1.24036,0.85950,28.4046,75.3817,-37.3511,0.34082,-1.21277,-0.37659,-22.2595,26.0687,-2.9466
588004067,-0.15784,-1.04431,0.78967,55.6107,68.7710,-48.7099,0.33496,-1.21741,-0.39270,-22.6336,25.5802,-2.8779
588005067,-0.12915,-0.86328,0.82874,76.7557,60.9542,-55.0992,0.32983,-1.22070,-0.40918,-23.0076,25.0229,-2.8244
588006067,-0.16345,-0.90820,0.56897,73.3511,52.3130,-51.9008,0.32605,-1.22217,-0.42419,-23.3893,24.4046,-2.7863
588007067,-0.33313,-1.05432,0.31885,52.1145,50.3817,-43.6641,0.32202,-1.22205,-0.43835,-23.8244,23.7099,-2.7710
588008067,-0.44800,-1.35571,0.48889,33.5573,51.9618,-35.0534,0.31799,-1.22192,-0.45398,-24.3740,22.9237,-2.7786
588009068,-0.38318,-1.70959,0.66992,20.1832,55.0611,-28.9771,0.31482,-1.22156,-0.47058,-25.0382,22.0840,-2.8473
588010068,-0.45593,-1.53882,0.52698,1.1985,56.1450,-25.3817,0.31189,-1.22058,-0.48682,-25.7863,21.2366,-2.9313
588011068,-0.53918,-0.86829,0.19812,-21.4122,60.2672,-21.8550,0.30957,-1.21973,-0.50342,-26.6031,20.3588,-3.0305
588012067,-0.41504,-0.45422,0.15466,-36.3206,65.5649,-16.7557,0.30774,-1.21973,-0.52124,-27.5267,19.4656,-3.1527
588013067,-0.31421,-0.66687,0.26318,-36.2901,63.5191,-13.8244,0.30640,-1.22021,-0.53857,-28.5573,18.6183,-3.2901
588014067,-0.24426,-0.96741,0.35754,-17.2672,58.6183,-20.3588,0.30542,-1.22156,-0.55469,-29.6718,17.8397,-3.4656
588015067,-0.20093,-1.01782,0.21375,12.6183,53.0992,-33.8244,0.30396,-1.22302,-0.57104,-30.8702,17.1069,-3.6641
588016067,-0.31250,-0.99561,-0.00806,34.5573,51.7252,-45.0458,0.30298,-1.22424,-0.58704,-32.1069,16.3969,-3.8855
588017067,-0.43994,-0.99182,-0.04187,39.7939,55.5573,-49.6031,0.30298,-1.22607,-0.60193,-33.3740,15.7634,-4.1374
588018067,-0.31396,-0.88721,0.14514,37.0382,66.9924,-50.5191,0.30322,-1.22998,-0.61743,-34.7176,15.1985,-4.4122
588019068,-0.20215,-0.61890,0.45264,32.8779,78.2366,-50.3130,0.30286,-1.23560,-0.63379,-36.1069,14.6870,-4.6565
588020068,-0.22998,-0.37292,0.73218,25.8168,88.4580,-47.0153,0.30078,-1.24084,-0.65125,-37.5115,14.2443,-4.9008
588021068,-0.06799,-0.30664,1.22046,11.3511,99.8626,-38.5725,0.29822,-1.24585,-0.67029,-38.8931,13.9237,-5.1603
588022068,0.26819,-0.38330,1.80859,-11.9008,107.0382,-26.0153,0.29614,-1.25183,-0.68921,-40.2519,13.7099,-5.4351
588023068,0.40137,-0.44812,1.99994,-31.9160,102.9771,-15.1527,0.29419,-1.25928,-0.70911,-41.6260,13.6031,-5.7176
588024067,0.42346,-0.37622,1.99994,-26.0611,83.5725,-13.6947,0.29248,-1.26746,-0.73047,-43.0229,13.5878,-5.9695
588025067,0.64417,-0.27173,1.93237,8.7176,58.0992,-21.3511,0.29089,-1.27551,-0.75269,-44.4351,13.6412,-6.1908
588026067,0.67590,-0.36926,1.99994,36.3740,26.6641,-26.9695,0.28955,-1.28333,-0.77466,-45.8550,13.7557,-6.4046
588027067,0.70776,-0.80627,1.99994,33.2977,5.5191,-24.3511,0.28857,-1.29126,-0.79431,-47.2366,13.9466,-6.6412
588028067,0.71387,-1.46069,1.99994,23.1374,-4.7099,-21.5954,0.28748,-1.29919,-0.81409,-48.5802,14.2443,-6.8321
588029067,0.38550,-2.00000,1.99994,35.5038,-15.4580,-27.4275,0.28723,-1.30701,-0.83569,-49.9160,14.6565,-7.0000
588030067,0.14319,-2.00000,1.89783,55.1756,-25.5878,-39.8779,0.28760,-1.31580,-0.85767,-51.2137,15.1756,-7.1908
588031068,-0.21350,-1.75269,0.50305,52.0916,-34.0687,-48.4962,0.28760,-1.32471,-0.88037,-52.4733,15.8015,-7.4122
588032068,-0.45593,-1.13953,0.13916,25.5802,-29.0534,-47.5573,0.28699,-1.33325,-0.90393,-53.7099,16.5344,-7.6489
588033067,-0.22913,-0.90991,0.67285,-4.3817,-19.0000,-40.3511,0.28625,-1.34167,-0.92554,-54.8702,17.3740,-7.9237
588034068,-0.23853,-0.84302,0.65405,-18.5344,-23.4962,-34.6489,0.28625,-1.35022,-0.94763,-55.9389,18.3435,-8.2443
588035067,-0.53760,-0.70642,0.05359,-12.7939,-29.8015,-33.2214,0.28662,-1.35901,-0.97095,-56.9313,19.4046,-8.5878
588036068,-0.44580,-0.62756,0.10327,-11.4733,-17.8550,-29.7481,0.28699,-1.36768,-0.99353,-57.8168,20.5496,-9.0000
588037068,-0.17517,-0.49365,0.50391,-31.6412,-0.9389,-20.3206,0.28772,-1.37671,-1.01636,-58.5954,21.8168,-9.4809
588038067,-0.20959,-0.12305,0.37415,-49.0000,6.5496,-10.7023,0.28772,-1.38525,-1.04065,-59.2824,23.1908,-10.0000
588039068,-0.25452,0.19348,0.05432,-35.8931,6.0916,-7.2137,0.28699,-1.39233,-1.06567,-59.8702,24.6641,-10.5649
588040068,-0.20618,0.11658,0.00745,-11.1450,1.5573,-6.5573,0.28503,-1.39954,-1.09082,-60.3435,26.2595,-11.1985
588041067,-0.37439,-0.36780,0.15027,-9.4504,-2.2214,-1.8779,0.28247,-1.40759,-1.11707,-60.7328,27.9695,-11.9008
588042067,-0.55847,-1.11877,0.35840,-29.8092,-1.8702,6.6336,0.28064,-1.41516,-1.14441,-61.0763,29.7557,-12.6870
588043067,-0.27087,-1.92566,1.07239,-47.9008,7.0992,11.7176,0.27844,-1.42297,-1.17285,-61.3588,31.6031,-13.5344
588044067,0.14697,-2.00000,1.99994,-55.4275,14.5573,7.8779,0.27515,-1.43164,-1.20081,-61.5878,33.4885,-14.4351
588045067,0.16602,-1.34998,1.59546,-62.4580,6.8855,2.9542,0.27112,-1.43994,-1.22961,-61.7939,35.4351,-15.3588
588046067,-0.17188,-0.76514,0.29224,-72.6031,-10.1145,5.7786,0.26685,-1.44702,-1.26013,-62.0000,37.4656,-16.3053
588047068,-0.19177,-1.05823,0.03821,-76.3893,-22.9695,11.4427,0.26257,-1.45374,-1.29028,-62.1985,39.5649,-17.3130
588048067,-0.11597,-1.79504,1.23560,-73.1679,-55.4122,8.2672,0.25720,-1.46106,-1.31934,-62.3511,41.7405,-18.3435
588049067,-0.92188,-1.86035,0.08252,-66.9847,-76.5115,3.9313,0.25085,-1.46814,-1.34875,-62.4809,43.9313,-19.3893
588050068,-1.10925,-1.74854,-0.38318,-52.9008,-71.5649,-2.7405,0.24609,-1.47522,-1.37915,-62.6107,46.1527,-20.4275
588051068,-0.82861,-1.35474,0.15125,-38.1908,-55.6794,-9.5344,0.24255,-1.48230,-1.40820,-62.7863,48.4580,-21.5191
588052067,-0.91174,-0.94482,-0.75037,-30.7099,-55.4733,-12.8168,0.23779,-1.48914,-1.43518,-62.9924,50.8473,-22.6183
588053067,-1.78491,-0.97729,-2.00000,-26.7481,-75.5344,-11.7176,0.23291,-1.49512,-1.46204,-63.2214,53.3206,-23.7252
588054068,-2.00000,-1.40063,-2.00000,-11.2824,-78.7099,-16.0153,0.22815,-1.50000,-1.49084,-63.4656,55.8855,-24.8397
588055068,-2.00000,-1.99951,-2.00000,1.8931,-56.0000,-23.6718,0.21692,-1.50891,-1.54700,-64.0382,61.3053,-27.1374
588056068,-1.96960,-2.00000,-2.00000,-14.8626,-29.6489,-27.1069,0.21277,-1.51184,-1.57251,-64.3893,64.1756,-28.3130
588057068,-1.95068,-2.00000,-2.00000,-34.4656,1.1679,-32.9084,0.20923,-1.51343,-1.59668,-64.8168,67.1603,-29.4962
588058067,-1.82654,-0.92651,-2.00000,-27.4580,38.0076,-41.6718,0.20593,-1.51392,-1.62073,-65.3511,70.2595,-30.6412
588059068,-1.52429,-0.17480,-2.00000,-24.7863,77.8779,-40.0229,0.20300,-1.51416,-1.64343,-65.9542,73.4733,-31.8321
588060067,-1.31079,-0.51489,-2.00000,-43.3130,106.6107,-28.4122,0.19971,-1.51379,-1.66431,-66.6031,76.8397,-33.0534
588061068,-1.22815,-1.21899,-2.00000,-48.8626,117.9160,-24.3282,0.19507,-1.51294,-1.68530,-67.3130,80.2748,-34.2901
588062067,-0.92273,-1.42871,-1.79956,-33.5191,116.1832,-31.0840,0.19006,-1.51123,-1.70544,-68.1298,83.6260,-35.5267
588063068,-0.61035,-1.29199,-0.35986,-24.3664,104.4885,-35.1145,0.18628,-1.50891,-1.72241,-69.0305,87.1679,-36.7710
588064067,-0.67468,-1.30139,0.15466,-37.0916,87.8702,-27.9466,0.18335,-1.50684,-1.73767,-70.0000,91.0763,-38.0534
588065067,-0.48401,-1.14038,0.15759,-56.9389,82.1756,-18.6489,0.17957,-1.50439,-1.75232,-71.0229,95.1985,-39.3435
588066067,-0.14185,-0.38208,0.72974,-67.6870,81.6718,-15.1374,0.17529,-1.50098,-1.76733,-72.0840,99.4504,-40.6336
588067067,-0.12415,0.14478,1.14001,-70.7328,72.5420,-10.7634,0.17041,-1.49707,-1.78186,-73.1679,103.8244,-41.9466
588068067,-0.26135,-0.36279,0.88733,-73.2672,59.0840,-2.1374,0.16516,-1.49365,-1.79419,-74.2748,108.3511,-43.3130
588069067,-0.88513,-1.89832,-0.52661,-67.3511,26.0305,3.3893,0.15991,-1.49097,-1.80396,-75.4122,113.0382,-44.6947
588070067,-1.51538,-2.00000,-2.00000,-45.0840,-4.1298,-9.7557,0.15442,-1.48657,-1.81189,-76.6031,117.8702,-46.0992
588071067,-1.24646,-2.00000,-1.48938,-8.3282,-1.2290,-44.2061,0.14880,-1.48059,-1.81848,-77.8092,122.8779,-47.5191
588072067,-0.96582,-1.32874,-0.82373,16.4046,0.4885,-73.4885,0.14319,-1.47485,-1.82446,-79.0229,128.0305,-48.9618
588073068,-1.55823,0.08191,-2.00000,13.6260,-11.6412,-77.1603,0.13782,-1.46912,-1.82861,-80.2366,133.3588,-50.4122
588074068,-2.00000,0.08008,-2.00000,18.9313,-11.2366,-71.6107,0.13171,-1.46252,-1.83057,-81.4275,138.8855,-51.8550
588075067,-2.00000,-0.89734,-2.00000,49.7863,12.9847,-75.0840,0.12537,-1.45593,-1.83093,-82.5725,144.5878,-53.3130
588076067,-2.00000,-1.89661,-2.00000,64.5267,50.3359,-83.5267,0.11938,-1.44995,-1.82935,-83.6947,150.4427,-54.7863
588077068,-2.00000,-1.64880,-2.00000,50.8626,94.3053,-93.6031,0.11304,-1.44336,-1.82568,-84.8321,156.4733,-56.2595
588078068,-2.00000,-0.05664,-2.00000,38.9160,138.8321,-98.8931,0.10535,-1.43701,-1.81995,-85.9695,162.6641,-57.6870
588079068,-1.94031,1.41907,-2.00000,36.0382,179.0305,-90.5802,0.09656,-1.43262,-1.81494,-87.1069,169.0153,-59.0840
588080067,-1.38354,1.50085,-1.92712,29.3206,206.8244,-71.1679,0.08679,-1.42798,-1.81042,-88.2443,175.4809,-60.4351
588081067,-1.42761,0.17847,-1.60986,13.4504,213.0458,-49.2061,0.07764,-1.42273,-1.80334,-89.3817,182.0305,-61.7405
588082067,-1.44165,-1.71301,-1.11975,-11.6031,207.9313,-29.7634,0.06921,-1.41919,-1.79468,-90.5420,188.6641,-62.9695
588083068,-1.13721,-2.00000,-0.91309,-40.1450,187.4504,-17.8473,0.05994,-1.41736,-1.78662,-91.7481,195.3969,-64.1221
588084068,-0.83423,-2.00000,-0.32947,-56.2443,169.0992,-21.6641,0.05029,-1.41577,-1.77759,-92.9542,202.1908,-65.1985
588085067,0.04871,-0.87512,1.79468,-54.2519,166.2519,-33.9237,0.04041,-1.41394,-1.76782,-94.1374,209.0000,-66.1985
588086067,0.60730,1.59216,1.99994,-46.8244,140.3282,-34.2366,0.03137,-1.41272,-1.75793,-95.3206,215.8321,-67.1450
588087067,-0.29016,1.36987,-0.41003,-37.1298,80.1908,-20.6412,0.02332,-1.41296,-1.74719,-96.4427,222.7023,-68.0458
588088068,-1.55042,-0.76868,-2.00000,-3.7099,35.0458,-24.2824,0.01538,-1.41455,-1.73535,-97.4427,229.5954,-68.9160
588089067,-1.94299,-2.00000,-2.00000,47.6031,24.0763,-56.5344,0.00781,-1.41626,-1.72180,-98.3130,236.4885,-69.7481
588090067,-1.99902,-2.00000,-2.00000,80.2901,36.7176,-95.3969,0.00110,-1.41736,-1.70752,-99.0458,243.4198,-70.5420
588091068,-2.00000,-1.38562,-2.00000,89.9542,65.2901,-122.4198,-0.00574,-1.41858,-1.69189,-99.6107,250.1298,-71.2901
588092068,-2.00000,-0.03967,-2.00000,112.6031,107.0611,-134.0458,-0.01367,-1.42017,-1.67480,-100.0153,250.1298,-72.0076
588093068,-2.00000,0.70850,-2.00000,133.9771,153.0305,-129.4275,-0.02234,-1.42212,-1.65613,-100.2519,250.1298,-72.6794
588094068,-2.00000,0.35889,-2.00000,102.6947,205.4351,-105.1756,-0.03113,-1.42407,-1.63574,-100.3053,250.1298,-73.3359
588095068,-2.00000,-0.44006,-2.00000,25.8779,250.1298,-70.7481,-0.04089,-1.42480,-1.61462,-100.2214,250.1298,-73.9618
588096068,-2.00000,-0.56873,-2.00000,-31.4962,250.1298,-44.0305,-0.05151,-1.42358,-1.59204,-100.0305,250.1298,-74.6031
588097067,-2.00000,-0.08533,-2.00000,-53.7405,250.1298,-24.0000,-0.06287,-1.42078,-1.56848,-99.7710,250.1298,-75.2366
588098067,-1.60376,0.22461,-1.57886,-68.4275,250.1298,-1.7863,-0.07410,-1.41614,-1.54541,-99.4885,250.1298,-75.8321
588099067,-0.14368,0.36255,1.20251,-90.4656,250.1298,18.9237,-0.08496,-1.41077,-1.52026,-99.2214,250.1298,-76.4122
588100067,0.53027,0.61829,1.99994,-123.7557,250.1298,37.2137,-0.09595,-1.40479,-1.49170,-99.0153,250.1298,-76.9847
588101067,-0.26978,0.11060,0.58936,-130.5191,216.4885,46.1450,-0.10693,-1.39844,-1.46106,-98.9084,250.1298,-77.5344
588102068,-0.98987,-1.25195,-2.00000,-53.8015,169.2519,21.0916,-0.11841,-1.39172,-1.42847,-98.9542,250.1298,-78.0534
588103068,-1.75720,-2.00000,-2.00000,54.3130,129.0458,-28.6260,-0.12976,-1.38489,-1.39343,-99.1832,250.1298,-78.5496
588104068,-2.00000,-2.00000,-2.00000,94.3740,116.6794,-65.3893,-0.14075,-1.37817,-1.35620,-99.5725,250.1298,-79.0153
588105068,-2.00000,-1.98486,-2.00000,74.2214,136.4809,-80.5649,-0.15198,-1.37268,-1.31848,-100.1069,250.1298,-79.4733
588106068,-2.00000,-1.22705,-2.00000,78.3664,169.5496,-90.2290,-0.16357,-1.36865,-1.28088,-100.7863,250.1298,-79.9237
588107068,-2.00000,-0.57898,-2.00000,136.6718,193.5344,-105.3053,-0.17505,-1.36658,-1.24133,-101.5878,250.1298,-80.3435
588108067,-2.00000,-0.91772,-2.00000,177.8931,192.4885,-106.4962,-0.18665,-1.36487,-1.19983,-102.5038,250.1298,-80.7481
588109067,-2.00000,-2.00000,-2.00000,148.4885,207.2061,-89.9618,-0.19873,-1.36328,-1.15833,-103.5344,250.1298,-81.1450
588110068,-2.00000,-2.00000,-2.00000,101.2977,250.1298,-82.9847,-0.21094,-1.36377,-1.11670,-104.6336,250.1298,-81.5954
588111067,-2.00000,-1.97144,-2.00000,87.1145,250.1298,-94.9237,-0.22290,-1.36584,-1.07532,-105.7328,250.1298,-82.0840
588112068,-2.00000,0.08997,-2.00000,93.4962,250.1298,-110.0611,-0.23547,-1.36926,-1.03442,-106.8244,250.1298,-82.5725
588113068,-2.00000,1.78809,-2.00000,105.0153,250.1298,-112.6107,-0.24890,-1.37524,-0.99365,-107.8855,250.1298,-83.0229
588114068,-2.00000,1.72485,-2.00000,104.6336,250.1298,-99.0229,-0.26147,-1.38245,-0.95312,-108.8702,250.1298,-83.5038
588115068,-2.00000,-0.02466,-1.99646,80.4351,250.1298,-82.1908,-0.27405,-1.38989,-0.91223,-109.7252,250.1298,-84.0458
588116068,-1.82092,-1.41357,-0.42944,56.2443,250.1298,-82.0382,-0.28784,-1.39880,-0.87146,-110.4046,250.1298,-84.6641
588117068,-1.56592,-0.91345,0.08667,55.0687,250.1298,-92.9084,-0.30164,-1.40845,-0.83203,-110.9084,250.1298,-85.3282
588118067,-1.08081,0.94836,0.27454,71.9618,250.1298,-96.6565,-0.31445,-1.41748,-0.79248,-111.2366,250.1298,-86.0229
588119067,-0.53857,1.99994,1.60266,85.4962,250.1298,-75.5802,-0.32776,-1.42517,-0.75134,-111.3664,250.1298,-86.7481
588120067,0.00452,1.26965,1.99994,73.3664,250.1298,-33.6107,-0.34070,-1.43152,-0.70837,-111.2672,250.1298,-87.5496
588121067,0.38721,-0.42371,1.99994,57.3664,250.1298,-4.7481,-0.35315,-1.43689,-0.66370,-110.9389,250.1298,-88.4504
588122067,-0.21924,-1.01807,1.99994,82.7328,250.1298,-11.5344,-0.36536,-1.44104,-0.61646,-110.4351,250.1298,-89.4275
588123067,-1.11707,-0.76599,0.83008,121.7939,250.1298,-31.7634,-0.37695,-1.44299,-0.56665,-109.7939,250.1298,-90.4885
588124067,-1.44092,-0.65601,0.28198,129.0382,250.1298,-44.7939,-0.38904,-1.44275,-0.51453,-109.0382,250.1298,-91.6565
588125068,-1.69031,-1.13562,-0.08960,121.4351,250.1298,-54.0534,-0.40149,-1.44055,-0.45959,-108.2061,250.1298,-92.8855
588126067,-2.00000,-1.82593,-0.39062,136.9084,250.1298,-74.2977,-0.41394,-1.43579,-0.40332,-107.3664,250.1298,-94.2748
588127067,-2.00000,-1.99426,-0.77563,174.8473,250.1298,-105.9313,-0.42712,-1.42810,-0.34534,-106.5191,250.1298,-95.8779
588128068,-2.00000,-1.77234,-1.48499,200.7405,250.1298,-131.9008,-0.44043,-1.41821,-0.28601,-105.6641,250.1298,-97.5344
588129067,-2.00000,-0.97205,-1.87305,188.4733,250.1298,-141.0763,-0.45410,-1.40637,-0.22681,-104.8168,250.1298,-99.2061
588130068,-2.00000,0.57043,-1.83997,143.8626,250.1298,-129.5573,-0.46863,-1.39380,-0.16797,-104.0763,250.1298,-100.9847
588131067,-2.00000,1.36316,-2.00000,100.4122,250.1298,-97.2977,-0.48242,-1.38013,-0.10901,-103.4885,250.1298,-102.8855
588132067,-2.00000,0.82031,-1.93689,81.1908,250.1298,-63.4656,-0.49670,-1.36609,-0.05029,-103.0305,250.1298,-104.8702
588133067,-1.53442,0.33789,0.36157,92.2901,250.1298,-47.2672,-0.51038,-1.35254,0.00818,-102.7099,250.1298,-106.9237
588134068,-0.66382,0.86938,1.64490,98.9924,250.1298,-39.0611,-0.52319,-1.33887,0.06543,-102.5344,250.1298,-109.0229
588135067,-1.13489,1.51721,-0.64783,99.5115,250.1298,-28.2748,-0.53577,-1.32544,0.12061,-102.4809,250.1298,-111.1221
588136067,-2.00000,1.29260,-2.00000,143.8244,250.1298,-33.7863,-0.54834,-1.31226,0.17456,-102.5267,250.1298,-113.2519
588137068,-2.00000,-0.12573,-2.00000,220.2748,250.1298,-57.2977,-0.55945,-1.29883,0.22620,-102.6489,250.1298,-115.3588
588138067,-2.00000,-1.65759,-2.00000,250.1298,250.1298,-86.6870,-0.56836,-1.28589,0.27649,-102.8244,250.1298,-117.4504
588139067,-2.00000,-1.47644,-2.00000,250.1298,250.1298,-114.5191,-0.57678,-1.27502,0.32568,-103.0382,250.1298,-119.4733
588140067,-2.00000,-0.87305,-2.00000,250.1298,250.1298,-130.4885,-0.58582,-1.26660,0.37341,-103.2443,250.1298,-121.3740
588141067,-2.00000,-0.74390,-1.62866,250.1298,250.1298,-138.0229,-0.59375,-1.25989,0.41956,-103.3740,250.1298,-123.1756
588142067,-2.00000,-1.30078,-1.62439,250.1298,250.1298,-129.6641,-0.60059,-1.25330,0.46399,-103.4046,250.1298,-124.8855
588143068,-2.00000,-2.00000,-2.00000,217.5115,250.1298,-111.4656,-0.60840,-1.24707,0.50720,-103.3282,250.1298,-126.4809
588144068,-2.00000,-2.00000,-2.00000,191.6794,250.1298,-105.8855,-0.61621,-1.24182,0.54871,-103.0840,250.1298,-127.9084
588145068,-2.00000,-2.00000,-2.00000,194.4427,250.1298,-121.8473,-0.62354,-1.23779,0.58960,-102.6718,250.1298,-129.1756
588146068,-2.00000,-0.27478,0.41565,193.3893,250.1298,-140.2290,-0.63062,-1.23438,0.63037,-102.1145,250.1298,-130.2595
588147068,-2.00000,1.99994,1.07690,170.2824,250.1298,-135.0611,-0.63696,-1.23022,0.67029,-101.3969,250.1298,-131.1527
588148068,-2.00000,1.11621,-0.37793,158.6565,250.1298,-109.0000,-0.64270,-1.22375,0.70935,-100.5115,250.1298,-131.8550
588149067,-2.00000,-2.00000,-1.45837,173.4198,250.1298,-99.2519,-0.64844,-1.21460,0.74817,-99.4962,250.1298,-132.3740
588150068,-2.00000,-2.00000,-0.28357,206.1832,250.1298,-134.6489,-0.65417,-1.20459,0.78687,-98.3664,250.1298,-132.6870
588151068,-1.14893,-1.88831,1.99994,218.3893,250.1298,-191.4122,-0.65918,-1.19312,0.82532,-97.1603,250.1298,-132.8015
588152067,-0.96692,1.99994,1.99994,204.3206,250.1298,-207.9160,-0.66370,-1.17859,0.86414,-95.9466,250.1298,-132.7328
588153067,-1.22278,1.99994,1.31445,193.4656,250.1298,-174.7786,-0.66736,-1.15991,0.90369,-94.8092,250.1298,-132.4351
588154067,-1.81934,1.89038,1.03088,208.6947,250.1298,-131.0305,-0.67358,-1.11255,0.98657,-92.9771,250.1298,-131.2290
588155067,-1.91675,-1.41174,1.96008,226.2443,250.1298,-117.1908,-0.67505,-1.08411,1.02942,-92.3893,250.1298,-130.4198
588156068,-1.22803,-2.00000,1.99994,213.8244,250.1298,-124.3206,-0.67590,-1.05261,1.07385,-92.1221,250.1298,-129.4733
588157068,-0.87744,-1.29663,1.99994,181.1908,250.1298,-124.3664,-0.67639,-1.01880,1.12000,-92.2748,250.1298,-128.3588
588158068,-1.35913,-0.04944,1.99994,171.9313,250.1298,-113.9389,-0.67542,-0.98303,1.16748,-92.8626,250.1298,-127.0916
588159068,-1.61890,0.31543,1.99994,190.0153,250.1298,-101.9847,-0.67322,-0.94641,1.21533,-93.9084,250.1298,-125.7023
588160068,-1.51025,-0.01892,1.64673,206.1298,250.1298,-101.9466,-0.67029,-0.90955,1.26575,-95.4275,250.1298,-124.2137
588161068,-1.70898,-0.46228,1.99994,205.1527,250.1298,-112.8244,-0.66687,-0.87292,1.31799,-97.4427,250.1298,-122.6260
588162068,-1.13806,-1.42517,1.99994,175.1679,250.1298,-117.3740,-0.66321,-0.83838,1.36877,-99.9542,250.1298,-120.9084
588163068,-0.35681,-2.00000,1.99994,126.2137,250.1298,-116.6412,-0.65942,-0.80688,1.41785,-102.9313,250.1298,-119.0763
588164067,-0.54065,-1.43542,1.99994,120.5267,250.1298,-128.4351,-0.65466,-0.77783,1.46643,-106.3130,250.1298,-117.1527
588165067,-0.96167,-0.74023,1.99994,142.0000,250.1298,-129.6336,-0.64929,-0.75098,1.51331,-110.0687,250.1298,-115.1756
588166065,-0.53760,-2.00000,1.99994,104.8473,250.1298,-97.7405,-0.64417,-0.72815,1.55786,-114.1145,250.1298,-113.1450
588167069,0.25732,-2.00000,1.99994,42.3740,250.1298,-77.7634,-0.63940,-0.70959,1.60132,-118.3588,250.1298,-111.1298
588168068,0.97009,-1.28552,1.99994,25.7863,250.1298,-86.1908,-0.63464,-0.69519,1.64282,-122.7252,250.1298,-109.1069
588169068,1.28247,1.87109,1.99994,18.7557,250.1298,-86.6412,-0.62817,-0.68469,1.68164,-127.1756,250.1298,-107.0382
588170067,0.23621,1.99994,1.99994,19.9847,250.1298,-70.1985,-0.62170,-0.67749,1.71887,-131.5954,250.1298,-104.9618
588171067,-0.57837,1.96655,1.99994,84.0840,250.1298,-68.3893,-0.61560,-0.67407,1.75403,-135.8473,250.1298,-102.8015
588172067,0.09534,-0.91101,1.99994,155.2901,250.1298,-75.5878,-0.60840,-0.67432,1.78796,-139.8473,250.1298,-100.5954
588173065,-0.15247,-2.00000,1.99994,151.5878,241.7405,-81.5267,-0.60010,-0.67847,1.82031,-143.5802,250.1298,-98.3969
588174068,-1.78394,-2.00000,0.95178,145.6870,230.0916,-114.0611,-0.59094,-0.68640,1.84949,-146.9618,250.1298,-96.2061
588175068,-2.00000,-2.00000,-0.79517,219.1069,250.1298,-177.9389,-0.58289,-0.69727,1.87671,-149.9237,250.1298,-94.0000
588176067,-2.00000,1.98352,-0.91003,250.1298,250.1298,-217.1527,-0.57520,-0.71118,1.90234,-152.4122,250.1298,-91.8244
588177067,-1.17493,1.99994,-0.14929,250.1298,250.1298,-190.3282,-0.56592,-0.72668,1.92493,-154.3969,250.1298,-89.6870
588178067,-1.08032,0.81714,-0.17346,163.3435,250.1298,-137.8702,-0.55554,-0.74097,1.94690,-155.8550,250.1298,-87.5725
588179067,-2.00000,-2.00000,-0.38000,121.6183,250.1298,-117.1145,-0.54456,-0.75513,1.96960,-156.7939,250.1298,-85.5191
588180068,-2.00000,-2.00000,-0.18628,117.0840,250.1298,-118.9466,-0.53296,-0.76941,1.99207,-157.2061,250.1298,-83.5115
588181067,-1.89954,-0.33484,-0.02441,46.3511,250.1298,-113.9695,-0.52087,-0.78308,1.99994,-157.0763,250.1298,-81.5191
588182067,-1.14563,1.99994,1.35120,2.4504,250.1298,-81.2901,-0.50867,-0.79504,1.99994,-156.4351,249.3740,-79.5878
588183067,-0.93005,1.59888,1.99994,-19.5496,250.1298,-39.5038,-0.49524,-0.80554,1.99994,-155.2901,245.1145,-77.7252
588184067,-0.65247,-1.32385,1.99994,-9.1679,250.1298,-21.4198,-0.48010,-0.81580,1.99994,-153.6947,240.9771,-75.9084
588185065,-0.12610,-2.00000,1.99988,23.6641,250.1298,-36.2214,-0.46472,-0.82361,1.99994,-151.7099,236.9847,-74.1374
588186065,-0.54224,-2.00000,1.37732,37.3206,250.1298,-64.7099,-0.44861,-0.82935,1.99994,-149.3740,233.1221,-72.4046
588187069,-0.65417,-2.00000,1.99994,24.7481,250.1298,-84.6947,-0.43201,-0.83386,1.99994,-146.7176,229.3588,-70.7405
588188067,0.25452,-0.14221,1.99994,7.3588,250.1298,-90.8092,-0.41589,-0.83618,1.99994,-143.7634,225.7481,-69.1756
588189067,0.09009,1.39417,1.99994,-7.9771,250.1298,-80.8244,-0.39990,-0.83533,1.99994,-140.5420,222.3053,-67.7023
588190067,-0.39844,0.11658,1.87122,-15.4580,250.1298,-60.5344,-0.38489,-0.83203,1.99994,-137.1221,218.9542,-66.3053
588191067,-0.13916,-2.00000,1.99994,-19.6870,250.1298,-49.8244,-0.37048,-0.82690,1.99994,-133.5649,215.6718,-64.9542
588192068,-0.46570,-2.00000,0.83752,-45.1069,250.1298,-54.1679,-0.35632,-0.81946,1.99994,-129.8626,212.5267,-63.7023
588193068,-1.13184,-1.65613,-1.11804,-66.9847,250.1298,-67.0763,-0.34290,-0.81042,1.99994,-126.0458,209.5191,-62.5496
588194068,-1.43884,1.23450,-0.69788,-60.6183,250.1298,-73.3740,-0.33069,-0.80066,1.99994,-122.1756,206.5954,-61.4733
588195067,-1.04321,1.99994,0.94788,-53.9618,250.1298,-56.4046,-0.32031,-0.78967,1.99994,-118.2977,203.7405,-60.4656
588196067,-0.91785,1.20312,0.33948,-80.2290,250.1298,-22.4809,-0.31079,-0.77722,1.99994,-114.4504,200.9389,-59.5038
588197067,-1.63525,-0.49280,-1.71924,-111.7328,250.1298,0.3511,-0.30090,-0.76404,1.99994,-110.6718,198.1908,-58.6107
588198067,-1.91125,-0.94189,-1.91333,-105.2748,250.1298,-7.3893,-0.29163,-0.75049,1.99994,-106.9389,195.4733,-57.7786
588199067,-1.77441,0.21484,-1.00049,-91.0840,250.1298,-21.5420,-0.28430,-0.73718,1.99994,-103.2748,192.7710,-57.0076
588200067,-1.58740,1.67236,-0.80957,-107.1756,250.1298,-14.5573,-0.27832,-0.72412,1.99994,-99.6794,190.0687,-56.2748
588201067,-1.46899,1.99994,-0.38660,-114.9389,250.1298,4.7328,-0.27283,-0.71008,1.99994,-96.1679,187.3282,-55.5802
588202067,-1.41577,1.81274,0.12012,-89.7099,250.1298,23.0305,-0.26733,-0.69543,1.99994,-92.7328,184.5115,-54.8855
588203067,-1.08691,-0.51648,1.14453,-75.4275,250.1298,36.0382,-0.26172,-0.68042,1.99994,-89.4122,181.6107,-54.1756
588204067,-0.53943,-2.00000,1.99994,-79.6107,250.1298,33.6107,-0.25720,-0.66602,1.99994,-86.2137,178.6718,-53.4580
588205067,-0.01685,-2.00000,1.99994,-68.3359,250.1298,15.2061,-0.25220,-0.65247,1.99994,-83.1298,175.6641,-52.7405
588206067,0.17615,-0.92468,1.99994,-42.4809,250.1298,-1.0534,-0.24536,-0.63940,1.99994,-80.0916,172.5954,-52.0076
588207068,0.28455,-0.70081,1.99994,-7.8702,250.1298,-5.6260,-0.23840,-0.62695,1.99994,-77.0916,169.4427,-51.2672
588208067,0.57532,-1.99377,1.99994,24.9084,250.1298,-7.5038,-0.23132,-0.61462,1.99994,-74.1756,166.1908,-50.4809
588209067,0.85608,-2.00000,1.99994,23.7481,250.1298,-10.8168,-0.22339,-0.60168,1.99994,-71.3740,162.8779,-49.6412
588210067,0.64868,-2.00000,1.99994,-13.4427,220.1603,-14.5420,-0.21448,-0.58887,1.99994,-68.6947,159.5115,-48.7481
588211067,-0.04187,-2.00000,1.99994,-40.7481,175.5573,-20.4427,-0.20520,-0.57666,1.99994,-66.1145,156.1069,-47.7863
588212067,-0.24670,-2.00000,1.99994,-45.0076,146.1069,-28.9466,-0.19604,-0.56555,1.99994,-63.6260,152.6412,-46.7710
588213067,0.09460,-0.88220,1.99994,-47.9618,135.4046,-32.6794,-0.18567,-0.55579,1.99994,-61.2061,149.0916,-45.6794
588214067,-0.04492,0.16394,1.99994,-67.4809,136.0763,-24.7939,-0.17480,-0.54688,1.99994,-58.8550,145.4580,-44.4733
588215067,-0.75659,0.28174,1.99994,-98.4733,141.9008,-8.9008,-0.16479,-0.53748,1.99994,-56.6107,141.7634,-43.1832
588216067,-1.31323,-0.54358,0.82336,-108.5344,154.2977,2.2748,-0.15527,-0.52832,1.99994,-54.4580,138.0229,-41.8015
588217067,-1.70422,-1.59717,0.02271,-73.4046,164.6260,-3.8321,-0.14624,-0.52051,1.99994,-52.3740,134.2519,-40.3282
588218067,-1.53784,-1.98706,0.38025,-26.9313,182.3817,-19.4885,-0.13770,-0.51331,1.99994,-50.3664,130.4504,-38.7634
588219067,-1.09802,-1.80530,0.95862,-14.2824,196.7786,-23.8779,-0.12891,-0.50635,1.99994,-48.4198,126.5725,-37.1450
588220068,-1.38452,-1.47974,0.32336,-22.1527,190.5802,-18.4198,-0.12073,-0.50037,1.99994,-46.4962,122.6565,-35.4580
588221068,-1.48059,-0.89832,-0.23779,-11.4351,190.7863,-20.8702,-0.11328,-0.49658,1.99994,-44.5878,118.7481,-33.7405
588222068,-1.14929,-0.34790,0.47705,10.8702,197.4504,-29.6565,-0.10559,-0.49341,1.99994,-42.7023,114.7863,-31.9924
588223067,-0.88477,-0.77966,1.06958,6.4275,199.3511,-30.5573,-0.09851,-0.49036,1.99994,-40.8244,110.6260,-30.2137
588224068,-0.56287,-1.85620,1.31628,-18.5573,202.4809,-28.3664,-0.09216,-0.48828,1.99994,-38.9313,106.5344,-28.3969
588225067,-0.86353,-2.00000,1.37732,-22.2748,192.7634,-36.4809,-0.08521,-0.48645,1.99994,-37.0458,102.6794,-26.5725
588226068,-1.19580,-2.00000,1.20227,3.6947,185.3740,-55.8397,-0.07861,-0.48462,1.99994,-35.1679,98.8397,-24.7405
588227068,-0.84973,-2.00000,1.49133,33.7939,190.8550,-79.3893,-0.07288,-0.48279,1.99994,-33.2901,94.8779,-22.9237
588228068,-0.56104,-0.71191,1.99994,52.4427,195.7328,-96.6260,-0.06799,-0.48071,1.99994,-31.4427,90.8244,-21.1221
588229067,-0.35706,0.51831,1.99994,58.3740,201.3893,-100.5802,-0.06348,-0.47815,1.99994,-29.6336,86.7099,-19.3282
588230068,-0.09863,0.38293,1.99994,53.6183,201.9313,-90.2824,-0.05859,-0.47559,1.99994,-27.8931,82.5573,-17.5420
588231068,0.18787,-1.05432,1.99994,45.0458,199.6489,-76.6718,-0.05383,-0.47278,1.99994,-26.2366,78.3664,-15.7634
588232067,0.40930,-2.00000,1.99994,28.0687,189.2061,-68.4656,-0.04932,-0.46973,1.99994,-24.6718,74.1221,-14.0305
588233068,0.60779,-1.36243,1.99994,-0.6947,172.3664,-65.0611,-0.04443,-0.46729,1.98901,-23.2519,69.7786,-12.3206
588234067,0.73889,0.34766,1.99994,-24.2061,151.2290,-57.9695,-0.03931,-0.46472,1.96960,-21.9771,65.3511,-10.6412
588235068,0.70618,1.55591,1.99994,-42.7786,122.4656,-38.8702,-0.03381,-0.46204,1.95007,-20.8397,60.8473,-8.9771
588236068,0.70813,1.31360,1.99994,-63.1374,92.4046,-12.0916,-0.02759,-0.45984,1.92957,-19.8626,56.2977,-7.3511
588237068,0.12146,0.11633,1.85901,-72.6641,59.8473,3.9847,-0.02063,-0.45764,1.90845,-19.1145,51.6794,-5.7176
588238067,-0.87061,-0.88574,1.23193,-52.5725,40.9924,-3.3282,-0.01428,-0.45667,1.88672,-18.5725,47.0076,-4.0611
588239067,-1.47095,-1.11670,1.20667,-14.8550,47.0305,-25.5802,-0.00781,-0.45691,1.86328,-18.1985,42.2595,-2.4198
588240067,-1.71436,-0.99927,1.41394,9.2824,70.1756,-42.8855,0.00000,-0.45801,1.83887,-17.9771,37.4198,-0.8092
588241068,-1.58423,-0.71619,1.75305,16.2443,108.0916,-53.2443,0.00806,-0.45947,1.81409,-17.9313,32.5115,0.7786
588242068,-1.14514,-0.12195,1.99994,23.2366,152.6718,-62.9695,0.01624,-0.46057,1.78967,-18.0763,27.6031,2.3511
588243068,-0.58325,0.13708,1.99994,33.3435,187.1679,-68.2901,0.02441,-0.46167,1.76562,-18.3817,22.6794,3.8779
588244068,-0.33081,-0.25220,1.99994,37.2977,198.5038,-66.7939,0.03284,-0.46326,1.74121,-18.8473,17.7557,5.3969
588245068,-0.06433,-0.85962,1.99994,29.2443,190.6870,-60.2824,0.04199,-0.46484,1.71558,-19.4504,12.8473,6.8855
588246067,0.42969,-1.06104,1.99994,9.0916,170.0992,-52.2901,0.05066,-0.46655,1.68872,-20.1450,7.9542,8.3588
588247067,0.75671,-0.62720,1.99994,-13.7405,131.4580,-44.5344,0.05872,-0.46777,1.66187,-20.9466,3.0992,9.7939
588248067,1.40613,0.31421,1.99994,-20.4122,97.6260,-41.0534,0.06702,-0.46912,1.63525,-21.8626,-1.6794,11.1679
588249068,1.99994,1.49158,1.99994,-16.7557,70.3740,-37.1679,0.07568,-0.47107,1.60913,-22.8779,-6.3588,12.5038
588250067,1.99994,1.95776,1.99994,-25.4962,31.3359,-22.5267,0.08459,-0.47241,1.58496,-24.0076,-10.9542,13.7634
588251068,1.83459,1.31262,1.99994,-42.0076,-15.8473,-4.3817,0.09351,-0.47327,1.56140,-25.2214,-15.4809,14.9618
588252067,1.26270,0.37549,1.99994,-29.9618,-61.7099,-1.6641,0.10229,-0.47388,1.53772,-26.5038,-19.9084,16.0992
588253067,0.99731,0.05420,1.99994,4.6718,-96.7557,-13.4275,0.11938,-0.47925,1.48938,-29.3282,-28.3435,18.2748
588254067,0.78735,0.37207,1.99994,15.8550,-124.9237,-17.6718,0.12817,-0.48425,1.46619,-30.8550,-32.3664,19.3130
588255067,0.31482,0.96545,1.99994,-0.1985,-146.9771,-8.0534,0.13782,-0.48962,1.44348,-32.4427,-36.3130,20.3206
588256067,-0.12866,1.43445,1.99994,-12.7328,-149.5267,7.5267,0.14832,-0.49634,1.41968,-34.0763,-40.1527,21.2748
588257067,-0.19495,1.12830,1.99994,-21.2672,-131.8626,24.3969,0.15857,-0.50378,1.39502,-35.7252,-43.8779,22.1527
588258067,-0.30872,0.17688,1.54468,-40.0458,-110.6489,38.0305,0.16919,-0.51147,1.36841,-37.3359,-47.4504,22.9924
588259067,-0.64136,-0.46985,0.58093,-60.2672,-92.3130,43.0305,0.18079,-0.52112,1.34021,-38.8702,-50.8550,23.8015
588260068,-0.62964,-0.25281,0.16431,-68.8855,-73.4122,39.0382,0.19336,-0.53259,1.31360,-40.2824,-54.0840,24.5725
588261068,-0.37744,0.44226,0.22485,-70.9542,-65.0687,33.7405,0.20679,-0.54504,1.28882,-41.5725,-57.1450,25.2901
588262067,-0.30066,0.73608,0.19568,-69.0382,-67.8855,33.1221,0.22021,-0.55798,1.26355,-42.7252,-60.0229,25.9771
588263068,-0.38892,0.35828,0.20984,-58.4504,-74.9924,33.8473,0.23303,-0.57117,1.23853,-43.7176,-62.7099,26.6031
588264068,-0.44763,-0.29541,0.35938,-48.0382,-77.2595,32.7634,0.24573,-0.58435,1.21411,-44.4809,-65.2214,27.1908
588265068,-0.34509,-0.54150,0.81653,-50.9924,-65.7557,29.9084,0.25818,-0.59741,1.18921,-45.0076,-67.5267,27.7786
588266067,-0.14758,0.06006,1.27148,-61.4580,-47.8015,27.5954,0.27039,-0.61060,1.16492,-45.3130,-69.6260,28.3053
588267067,0.06592,0.93286,1.46936,-70.5725,-32.5954,31.8397,0.28259,-0.62451,1.14148,-45.3893,-71.5573,28.7786
588268067,0.29102,1.19189,1.54675,-76.2672,-27.8550,43.9542,0.29382,-0.63867,1.11670,-45.2366,-73.3282,29.2290
588269067,0.47693,0.67065,1.50183,-79.4885,-34.4122,56.9618,0.30396,-0.65186,1.08984,-44.9084,-74.9160,29.6336
588270067,0.48242,-0.07800,1.28210,-82.9389,-50.3282,63.6336,0.31299,-0.66443,1.06323,-44.4351,-76.3206,29.9924
588271067,0.40991,-0.32605,1.04724,-84.5344,-70.8855,61.2901,0.32153,-0.67712,1.03638,-43.8168,-77.5649,30.2748
588272067,0.37720,0.11621,1.01013,-78.6947,-92.2290,55.0000,0.32935,-0.68896,1.00903,-43.0687,-78.6718,30.5344
588273068,0.28113,0.72107,0.89856,-70.0382,-111.7099,53.3053,0.33679,-0.69995,0.98267,-42.2214,-79.6412,30.7710
588274068,0.17383,0.92346,0.67090,-67.2061,-119.6794,58.4351,0.34509,-0.71069,0.95654,-41.2977,-80.4656,30.9695
588275067,0.02161,0.61108,0.44727,-64.3130,-116.1298,64.9924,0.35278,-0.72058,0.93079,-40.3053,-81.1908,31.1069
588276068,-0.16199,0.01636,0.14587,-51.0611,-105.4809,66.1985,0.35876,-0.72876,0.90576,-39.2443,-81.8092,31.2061
588277067,-0.24768,-0.41504,-0.04395,-33.7328,-89.0687,60.7710,0.36389,-0.73499,0.88049,-38.1450,-82.3282,31.2443
588278068,-0.33142,-0.46765,-0.24609,-26.8473,-74.2977,54.9008,0.36865,-0.73999,0.85535,-37.0382,-82.7557,31.2061
588279068,-0.29785,-0.32178,-0.80457,-28.6336,-65.3511,51.8931,0.37341,-0.74377,0.83044,-35.9695,-83.0916,31.1450
588280068,-0.28723,0.07751,-0.92224,-24.9924,-61.3893,47.2061,0.37793,-0.74670,0.80444,-34.8931,-83.3359,31.0534
588281067,-0.56970,0.44299,-0.23853,-11.1069,-61.8244,42.5420,0.38184,-0.74927,0.77832,-33.7863,-83.4809,30.9160
588282067,-0.75159,0.16980,0.02686,-5.2290,-65.5420,44.9542,0.38574,-0.75220,0.75366,-32.6947,-83.5344,30.6947
588283067,-0.55957,-0.72632,0.32068,-17.0611,-57.5344,52.2901,0.39050,-0.75500,0.72986,-31.6031,-83.5191,30.4504
588284067,-0.22461,-1.58752,1.37927,-32.5573,-40.3664,54.6947,0.39648,-0.75671,0.70679,-30.5420,-83.4122,30.1756
588285068,0.20215,-1.43213,1.99994,-57.2290,-14.1985,52.2901,0.40271,-0.75732,0.68396,-29.5115,-83.2137,29.8855
588286068,0.89893,-0.04700,1.99994,-102.1069,12.3053,56.4809,0.40906,-0.75793,0.66101,-28.4809,-82.9389,29.5496
588287068,1.47217,1.57568,1.99994,-137.7634,14.9618,69.6336,0.41614,-0.75891,0.63757,-27.4504,-82.5802,29.1985
588288068,1.14343,1.95447,1.99994,-140.9084,-17.8779,88.5496,0.42151,-0.75903,0.61414,-26.4656,-82.1221,28.8092
588289067,0.98145,0.57336,1.99994,-128.9008,-62.9924,106.6794,0.42651,-0.75928,0.59045,-25.5038,-81.5573,28.3969
588290067,1.34753,-0.87695,1.99994,-125.1069,-100.7023,113.2061,0.43237,-0.76111,0.56641,-24.5725,-80.9237,27.9924
588291067,1.31445,-0.85669,1.99994,-124.9924,-142.1527,108.8092,0.43787,-0.76367,0.54431,-23.6412,-80.1908,27.6107
588292067,1.04773,0.52441,1.99994,-113.3664,-172.2061,99.6260,0.44360,-0.76526,0.52393,-22.7023,-79.3435,27.2443
588293068,0.85559,1.74780,1.99994,-94.6794,-189.4046,99.4275,0.44934,-0.76611,0.50378,-21.7786,-78.3817,26.8779
588294067,0.84692,1.43860,1.99994,-82.1832,-191.4962,109.3053,0.45544,-0.76733,0.48376,-20.8855,-77.3435,26.5420
588295067,0.35388,0.11621,1.99994,-81.8168,-188.9466,116.6107,0.46167,-0.76855,0.46399,-19.9924,-76.2137,26.2214
588296068,-0.16064,-1.43738,1.12256,-76.1374,-185.3053,111.8779,0.46704,-0.76953,0.44434,-19.0992,-74.9924,25.9389
588297068,-0.51953,-2.00000,-0.00610,-54.2366,-183.9084,93.4656,0.47217,-0.77026,0.42554,-18.2366,-73.6641,25.6489
588298068,-0.88062,-1.89539,-0.51465,-29.2061,-182.6031,72.2748,0.47681,-0.77087,0.40942,-17.3588,-72.2595,25.4198
588299068,-0.62061,-0.89917,-0.45959,-28.0153,-169.1832,63.4504,0.48218,-0.77234,0.39429,-16.4580,-70.7939,25.2290
588300068,-0.49463,-0.19946,-0.37317,-50.4046,-161.5496,71.3588,0.48779,-0.77466,0.37854,-15.5725,-69.2595,25.0840
588301068,-0.65002,-0.38501,-0.53967,-67.7939,-157.7786,83.3893,0.49243,-0.77759,0.36267,-14.7099,-67.6107,24.9695
588302068,-0.56201,-0.85217,-0.36096,-70.5038,-147.5267,87.6183,0.49683,-0.78101,0.34717,-13.8321,-65.8931,24.9008
588303067,-0.52026,-0.97717,-0.44580,-76.2214,-141.0840,86.9084,0.50220,-0.78467,0.33118,-12.9466,-64.1298,24.8321
588304068,-0.59058,-0.51025,-0.71704,-90.7405,-132.4504,86.1832,0.50745,-0.78870,0.31519,-12.0305,-62.2977,24.7481
588305068,-0.65637,0.07373,-0.77490,-97.3282,-127.7176,87.7023,0.51245,-0.79382,0.30115,-11.1298,-60.4198,24.6947
588306067,-0.65601,0.32068,-0.83313,-85.8855,-129.1221,89.1450,0.51672,-0.79956,0.28833,-10.2443,-58.4809,24.6565
588307068,-0.82666,0.44519,-1.16931,-65.4275,-134.9618,88.4351,0.52014,-0.80444,0.27673,-9.3282,-56.5038,24.6336
588308068,-1.57019,0.00513,-1.99683,-49.8702,-143.1756,92.5954,0.52332,-0.80798,0.26501,-8.3817,-54.4733,24.6107
588309068,-2.00000,-1.83362,-2.00000,-42.8397,-134.5725,102.6412,0.52563,-0.81104,0.25183,-7.4198,-52.4656,24.5649
588310068,-2.00000,-2.00000,-1.32788,-44.9008,-104.0229,108.3817,0.52734,-0.81458,0.23730,-6.4656,-50.4809,24.4885
588311068,-1.62036,-2.00000,-0.61316,-68.7176,-66.3664,100.9695,0.52991,-0.81958,0.22485,-5.5267,-48.4885,24.3893
588312068,-1.36621,-2.00000,-0.56567,-114.9389,-33.8779,90.4733,0.53394,-0.82520,0.21497,-4.5878,-46.4885,24.2824
588313068,-1.35620,-1.40442,-0.66870,-154.0763,-9.7786,90.7557,0.53809,-0.82996,0.20544,-3.6260,-44.5191,24.1908
588314068,-0.97180,-1.33972,-0.48572,-164.5496,3.1374,96.9847,0.54150,-0.83423,0.19568,-2.6794,-42.5725,24.1145
588315068,-0.24902,-2.00000,0.02649,-163.7099,1.2672,94.4580,0.54480,-0.83826,0.18677,-1.7863,-40.6489,24.0229
588316068,0.23938,-2.00000,0.98767,-148.6336,-40.4427,47.3435,0.54858,-0.84216,0.17883,-0.8855,-38.7786,23.9160
588317068,0.09619,-1.86438,0.62061,-97.1298,-73.8015,17.5802,0.55164,-0.84753,0.16956,0.0229,-36.9695,23.7786
588318068,0.06921,-1.07288,0.35974,-27.3435,-102.4504,-8.3511,0.55371,-0.85303,0.15906,0.9084,-35.2214,23.6565
588319068,0.04395,-0.34509,0.43042,14.2977,-114.7786,-19.6947,0.55640,-0.85742,0.14905,1.7634,-33.5115,23.4962
588320068,-0.47632,-0.19629,0.20825,16.3359,-115.9771,-15.2824,0.55896,-0.86072,0.14050,2.5649,-31.8626,23.3130
588321068,-0.80042,-0.67822,-0.45142,17.1298,-100.3511,-8.8626,0.56055,-0.86328,0.13208,3.3206,-30.2901,23.1221
588322068,-0.80457,-0.99939,-0.60474,33.7252,-79.5038,-9.7939,0.56128,-0.86621,0.12268,4.0305,-28.7939,22.9008
588323068,-0.87366,-0.67944,-0.75598,38.0611,-65.4427,-10.2901,0.56128,-0.86914,0.11328,4.7023,-27.3817,22.6718
588324067,-0.71472,-0.14099,-0.88074,4.8702,-43.1527,0.7863,0.56165,-0.87219,0.10376,5.3053,-26.0763,22.4504
588325067,-0.55872,0.02100,-0.88953,-43.5038,-29.7023,20.5191,0.56250,-0.87476,0.09497,5.8092,-24.9008,22.2366
588326068,-0.18909,-0.15430,-0.42920,-66.3893,-21.1985,32.8244,0.56274,-0.87671,0.08765,6.2519,-23.7786,22.0076
588327067,0.28186,-0.37280,0.54431,-59.5038,-24.1298,33.0229,0.56323,-0.87830,0.08154,6.6107,-22.7176,21.7939
588328068,0.39697,-0.74353,0.79138,-49.0382,-40.7481,30.0763,0.56396,-0.87964,0.07654,6.8931,-21.7634,21.5496
588329067,0.48792,-1.08960,0.72668,-44.1298,-52.6947,25.5725,0.56409,-0.88074,0.07166,7.1069,-20.9084,21.3053
588330067,0.60559,-0.93982,0.72717,-29.8473,-64.5725,15.8397,0.56299,-0.88171,0.06689,7.2214,-20.1145,21.0153
588331067,0.63574,-0.36450,0.71240,-2.1450,-77.3053,3.2977,0.56152,-0.88281,0.06238,7.2366,-19.3588,20.7023
588332067,0.62231,-0.00586,0.45459,26.5725,-89.9237,-5.0992,0.56152,-0.88391,0.05823,7.1527,-18.6794,20.4198
588333067,0.38660,-0.04382,-0.15845,42.2061,-100.6260,-7.7557,0.56250,-0.88440,0.05554,6.9847,-18.0687,20.1221
588334067,-0.07556,-0.12085,-0.75977,40.2290,-105.6489,-6.0153,0.56274,-0.88403,0.05518,6.7023,-17.4962,19.8015
588335067,-0.38330,-0.16736,-1.19324,28.5954,-101.8702,-1.6107,0.56238,-0.88367,0.05615,6.3435,-16.9771,19.4427
588336067,-0.57971,-0.16980,-1.47192,17.2214,-93.1145,3.1756,0.56287,-0.88416,0.05627,5.9313,-16.5115,19.0763
588337068,-0.70728,-0.06213,-1.54810,9.4427,-79.6489,7.9313,0.56348,-0.88513,0.05481,5.4733,-16.1069,18.7023
588338068,-0.58740,0.21301,-1.33020,1.9618,-61.3740,13.8855,0.56396,-0.88562,0.05432,4.9466,-15.7481,18.3282
588339068,-0.39270,0.55762,-1.18567,-10.5496,-44.8855,23.3893,0.56458,-0.88623,0.05603,4.3740,-15.3969,17.9389
588340068,-0.31042,0.73779,-1.31287,-19.4885,-33.7252,33.5954,0.56531,-0.88879,0.05713,3.7786,-15.0458,17.5496
588341068,-0.29480,0.61401,-1.51575,-10.0458,-29.9008,38.8931,0.56482,-0.89246,0.05798,3.1603,-14.7023,17.1450
588342067,-0.34473,0.29932,-1.61475,13.3740,-33.9847,38.2290,0.56458,-0.89624,0.05957,2.5420,-14.3740,16.7405
588343067,-0.43652,-0.04700,-1.54907,38.5038,-40.7023,33.8626,0.56409,-0.89978,0.06140,1.9237,-14.0611,16.3359
588344067,-0.41321,-0.51904,-1.33105,64.5115,-41.7023,26.9695,0.56311,-0.90393,0.06299,1.3053,-13.7405,15.9008
588345068,-0.39502,-0.95496,-1.01721,83.9237,-37.1756,18.6107,0.56299,-0.90857,0.06396,0.7099,-13.4122,15.4504
588346067,-0.32751,-1.05896,-0.86047,86.9466,-27.1603,11.2672,0.56348,-0.91296,0.06433,0.1756,-13.0916,15.0000
588347068,-0.23547,-0.94409,-0.79175,84.8092,-12.8550,4.5649,0.56445,-0.91809,0.06348,-0.3053,-12.7939,14.5725
588348068,-0.27393,-0.97766,-0.67957,88.1374,-1.3435,-1.9084,0.56519,-0.92383,0.06177,-0.6947,-12.5038,14.1527
588349068,-0.21130,-1.19336,-0.58264,94.7252,5.2901,-8.1985,0.56543,-0.92883,0.05994,-1.0076,-12.2290,13.7710
588350068,-0.24170,-1.28162,-0.72278,100.1527,0.4809,-14.4504,0.56421,-0.93298,0.05884,-1.2595,-11.9542,13.4198
588351067,-0.31897,-1.22034,-0.78687,100.7939,-6.2061,-18.8244,0.56433,-0.94080,0.06018,-1.7176,-11.4275,12.7328
588352067,-0.15601,-1.12830,-0.25269,95.2824,-6.7328,-20.1679,0.56567,-0.94409,0.06177,-1.9313,-11.1603,12.4046
588353067,-0.04907,-0.92700,0.14539,84.9695,-8.9542,-17.7328,0.56567,-0.94739,0.06372,-2.1221,-10.8473,12.1221
588354067,-0.09094,-0.48816,0.04395,71.0000,-10.4275,-12.0000,0.56592,-0.94958,0.06628,-2.3130,-10.4809,11.8550
588355067,-0.11768,0.03589,-0.09753,61.6183,-7.5954,-5.0916,0.56628,-0.95068,0.06970,-2.5115,-10.0992,11.5802
588356067,-0.12744,0.27271,-0.08569,57.1985,-1.6107,2.7099,0.56616,-0.95215,0.07324,-2.7252,-9.7176,11.2672
588357067,-0.13147,0.15283,-0.01428,48.7328,2.4427,12.2901,0.56653,-0.95459,0.07568,-2.9084,-9.3130,10.9847
588358068,-0.17688,-0.13086,-0.08533,38.0305,0.7176,21.2061,0.56763,-0.95679,0.07812,-3.0840,-8.8626,10.7099
588359068,-0.25208,-0.45520,-0.21191,34.4351,-2.7863,25.7023,0.56836,-0.95898,0.08032,-3.2443,-8.3969,10.4351
588360068,-0.24866,-0.75574,-0.10144,37.5344,-4.3053,25.4885,0.56836,-0.96057,0.08276,-3.3588,-7.9008,10.1145
588361068,-0.14783,-0.96326,0.22620,43.8092,-4.1756,22.8550,0.56812,-0.96130,0.08728,-3.4504,-7.3664,9.7634
588362068,-0.05188,-1.00134,0.38525,48.7023,-5.2443,20.2214,0.56995,-0.96289,0.09204,-3.5267,-6.7786,9.4122
588363067,-0.00952,-0.94580,0.26428,49.0687,-6.9313,19.0992,0.57300,-0.96472,0.09534,-3.5267,-6.1679,9.0305
588364067,-0.02368,-1.06934,0.12146,51.2824,-8.9847,18.0687,0.57471,-0.96570,0.09729,-3.4504,-5.5344,8.6260
588365067,-0.14111,-1.36060,0.01941,59.5344,-13.2901,14.2672,0.57568,-0.96533,0.09961,-3.3206,-4.8931,8.2137
588366067,-0.30505,-1.47583,-0.22278,67.7481,-19.6718,7.5954,0.57654,-0.96497,0.10364,-3.1221,-4.2137,7.7786
588367067,-0.52478,-1.35828,-0.58850,70.8550,-24.9771,1.2443,0.57739,-0.96436,0.10779,-2.8702,-3.4580,7.3130
588368067,-0.65710,-1.25659,-0.70569,67.1679,-21.4351,-1.9771,0.57825,-0.96387,0.11243,-2.5954,-2.6260,6.8092
588369067,-0.50867,-1.22498,-0.40308,56.0916,-9.0000,-1.0382,0.57910,-0.96338,0.11755,-2.3053,-1.7557,6.2672
588370065,-0.21082,-1.39905,-0.09375,44.3740,3.6565,3.2443,0.57996,-0.96289,0.12292,-1.9771,-0.8779,5.7099
588371069,0.18372,-1.85254,-0.06995,38.9924,13.1221,6.6260,0.58118,-0.96338,0.12927,-1.6107,0.0153,5.1145
588372068,0.53406,-1.90076,-0.07153,32.0992,19.2977,5.8321,0.58228,-0.96436,0.13647,-1.2061,0.9466,4.5038
588373068,0.58691,-1.05469,-0.03271,10.8397,18.0000,6.5954,0.58386,-0.96570,0.14355,-0.7939,1.9237,3.9008
588374068,0.56616,0.10181,-0.01648,-18.5573,10.4885,14.7939,0.58496,-0.96643,0.15076,-0.3588,2.9695,3.3435
588375067,0.53308,0.69946,-0.01331,-31.4351,-6.7328,26.7252,0.58484,-0.96753,0.15686,0.0992,4.0382,2.7710
588376067,0.36060,0.38867,-0.15247,-18.5267,-31.8168,36.0305,0.58484,-0.96899,0.16089,0.5573,5.0992,2.1527
588377068,0.22424,-0.64087,-0.23926,-0.8550,-50.5573,41.8015,0.58423,-0.96973,0.16528,1.0229,6.1603,1.5191
588378068,0.04272,-1.60120,-0.32202,0.3969,-58.1069,43.9924,0.58252,-0.97046,0.17078,1.5038,7.2366,0.9237
588379068,-0.25720,-1.58655,-0.67139,-5.6260,-53.1832,40.6336,0.58057,-0.97070,0.17480,2.0076,8.2901,0.3588
588380068,-0.61157,-0.83435,-1.22778,2.5573,-44.2290,34.6565,0.57776,-0.97131,0.17908,2.5649,9.3206,-0.1985
588381067,-0.90369,-0.50037,-1.75806,24.2672,-36.4198,32.9313,0.57458,-0.97327,0.18396,3.1298,10.3664,-0.7176
588382067,-1.06201,-1.10632,-2.00000,37.0687,-29.0534,36.7328,0.57239,-0.97534,0.18860,3.6870,11.3817,-1.2137
588383068,-1.24243,-2.00000,-2.00000,30.0763,-22.0916,40.3511,0.57104,-0.97668,0.19409,4.2214,12.3359,-1.6718
588384068,-1.25488,-2.00000,-2.00000,18.1679,-10.1221,36.6489,0.57056,-0.97705,0.19922,4.7252,13.2290,-2.1374
588385067,-1.06531,-2.00000,-2.00000,17.6412,4.1908,23.8855,0.56958,-0.97668,0.20435,5.2214,14.1298,-2.5649
588386068,-0.99817,-2.00000,-1.87976,25.5802,16.3740,10.4351,0.56750,-0.97644,0.21033,5.7405,15.0458,-2.9466
588387067,-1.04065,-1.63818,-1.80884,24.4504,27.6489,7.4351,0.56580,-0.97644,0.21753,6.2748,15.9160,-3.2824
588388068,-0.98755,-1.95520,-1.71948,5.3359,43.8702,14.5878,0.56482,-0.97571,0.22559,6.8092,16.6947,-3.6183
588389067,-0.79358,-2.00000,-1.32031,-9.9542,60.2443,17.8550,0.56372,-0.97449,0.23242,7.3282,17.4504,-3.9466
588390067,-0.67957,-2.00000,-0.99231,4.0611,66.7252,8.1756,0.56299,-0.97229,0.23889,7.8397,18.2061,-4.2443
588391068,-0.64978,-2.00000,-0.80737,31.9618,62.8168,-4.9542,0.56226,-0.96924,0.24597,8.3664,18.9542,-4.5496
588392067,-0.56738,-1.43103,-0.50183,42.3053,56.7023,-8.0534,0.56104,-0.96606,0.25342,8.8779,19.6641,-4.8550
588393068,-0.46765,-1.22070,-0.13831,28.3893,51.7786,1.4885,0.55981,-0.96375,0.26038,9.3435,20.3130,-5.1756
588394068,-0.33765,-1.59302,0.17761,10.7405,48.9084,12.5038,0.55859,-0.96143,0.26733,9.7405,20.9389,-5.4656
588395068,-0.25977,-2.00000,0.42908,10.6870,43.6107,14.0916,0.55725,-0.95837,0.27515,10.1145,21.5649,-5.7634
588396068,-0.26257,-2.00000,0.41150,20.3893,37.0687,8.1374,0.55615,-0.95508,0.28357,10.4733,22.2061,-6.0458
588397067,-0.23401,-2.00000,0.15723,15.2824,32.5420,4.3130,0.55505,-0.95129,0.29260,10.8092,22.8321,-6.3282
588398068,-0.20264,-1.74841,-0.10278,-0.5878,29.5802,4.5344,0.55408,-0.94727,0.30225,11.1145,23.4275,-6.6489
588399068,-0.22168,-1.55518,-0.07458,-1.4733,26.5344,2.7710,0.55322,-0.94263,0.31311,11.4198,24.0076,-6.9695
588400068,-0.21362,-1.73633,0.10071,16.3588,22.0534,-2.5420,0.55164,-0.93713,0.32507,11.7557,24.5344,-7.2672
588401067,-0.27100,-2.00000,-0.01282,31.4275,18.2214,-8.3740,0.54907,-0.93079,0.33728,12.1145,25.0382,-7.5649
588402068,-0.45068,-2.00000,-0.37854,30.3130,20.8244,-14.0153,0.54602,-0.92444,0.35107,12.4427,25.5420,-7.9008
588403068,-0.50488,-1.98572,-0.46130,20.6031,32.0229,-19.0992,0.54248,-0.91809,0.36572,12.7099,26.0382,-8.2901
588404068,-0.39246,-1.40906,-0.20618,15.2595,42.3511,-20.5878,0.53833,-0.91113,0.38098,12.9237,26.5344,-8.7252
588405067,-0.32568,-1.20654,-0.06335,16.2519,44.8244,-17.6260,0.53394,-0.90356,0.39661,13.0763,27.0153,-9.1527
588406067,-0.33484,-1.33716,-0.13220,17.4656,43.0382,-13.5954,0.52917,-0.89551,0.41333,13.1374,27.4809,-9.5725
588407067,-0.29431,-1.42749,-0.14099,12.5725,42.9008,-11.4198,0.52380,-0.88782,0.43335,13.0916,27.9084,-9.9542
588408067,-0.27844,-1.16614,0.15588,1.8855,44.0534,-11.3588,0.51892,-0.88049,0.45398,12.9618,28.3053,-10.3053
588409067,-0.31384,-0.74487,0.44360,-4.2672,41.4733,-11.0534,0.51416,-0.87280,0.47510,12.7481,28.6947,-10.6870
588410067,-0.31238,-0.64673,0.47192,1.5267,35.7405,-9.7939,0.50854,-0.86609,0.49731,12.4275,29.0305,-11.0611
588411067,-0.37634,-0.87793,0.38745,12.0305,28.7099,-9.2901,0.50232,-0.86011,0.51917,11.9771,29.2977,-11.4122
588412067,-0.35120,-1.01794,0.60706,16.1908,29.9008,-10.6031,0.49548,-0.85339,0.54175,11.4198,29.5191,-11.7634
588413067,-0.08154,-0.85925,1.19836,12.7939,38.2672,-11.6794,0.48804,-0.84546,0.56458,10.7863,29.6718,-12.0763
588414067,0.11548,-0.53674,1.50537,7.5649,41.4046,-10.2824,0.48059,-0.83850,0.58630,10.0840,29.7634,-12.3435
588415067,0.15161,-0.29211,1.41736,8.3664,38.5191,-7.0000,0.47363,-0.83362,0.60779,9.3282,29.7710,-12.5878
588416067,0.15918,-0.34717,1.22510,15.5191,30.2595,-3.4198,0.46790,-0.82935,0.63049,8.5191,29.7252,-12.8015
588417068,0.13782,-0.72510,1.10767,16.7481,18.0534,0.9389,0.46301,-0.82507,0.65417,7.6641,29.6260,-12.9771
588418068,0.13281,-1.10681,1.10327,9.8626,3.9771,4.0458,0.45789,-0.82092,0.67590,6.7863,29.4733,-13.1145
588419068,0.07739,-1.12634,1.09387,7.9542,-11.0534,2.8931,0.45154,-0.81812,0.69751,5.9160,29.2290,-13.2443
588420068,-0.05347,-0.93384,0.98547,14.0992,-23.6794,-0.0458,0.44568,-0.81702,0.72009,5.0534,28.8931,-13.3511
588421068,-0.17322,-0.83667,0.78125,18.7328,-28.9084,-1.1374,0.44153,-0.81689,0.74207,4.2519,28.4885,-13.4275
588422068,-0.32019,-0.84619,0.53210,16.7634,-27.0992,-0.1756,0.43823,-0.81799,0.76428,3.5496,28.0916,-13.4733
588423068,-0.43335,-0.85291,0.33643,11.3206,-19.7481,0.7481,0.43506,-0.82056,0.78662,2.9695,27.6870,-13.4962
588424068,-0.43726,-0.83777,0.27197,8.5267,-10.4351,0.0153,0.43188,-0.82300,0.80847,2.5344,27.2519,-13.4809
588425068,-0.46399,-0.83813,0.14917,11.9389,-5.2748,-2.1145,0.42957,-0.82556,0.82996,2.2443,26.7863,-13.4198
588426068,-0.48438,-0.80249,0.04224,17.5420,-2.3435,-4.1679,0.42639,-0.82898,0.85229,2.0992,26.2901,-13.3893
588427067,-0.42358,-0.71228,0.10303,18.4656,-0.9847,-4.0916,0.42273,-0.83252,0.87561,2.1221,25.8168,-13.3588
588428068,-0.37781,-0.67566,0.22974,13.5878,-1.6107,-0.9160,0.42126,-0.83643,0.89941,2.3130,25.3817,-13.3206
588429067,-0.32849,-0.76562,0.38245,9.9542,-3.1527,3.0611,0.42114,-0.84009,0.92310,2.7328,24.9389,-13.2443
588430068,-0.25269,-0.90857,0.54797,12.0458,-5.6412,5.2748,0.42053,-0.84314,0.94678,3.3511,24.4885,-13.1221
588431068,-0.24463,-1.02075,0.59692,14.0153,-9.4198,6.5191,0.41821,-0.84692,0.96960,4.1527,24.0382,-12.9695
588432068,-0.28223,-1.04468,0.52344,10.7863,-12.3893,7.6260,0.41492,-0.85095,0.99207,5.1069,23.5954,-12.8015
588433068,-0.31030,-0.98022,0.44812,6.9618,-14.5038,7.7252,0.41187,-0.85266,1.01624,6.2137,23.1756,-12.6794
588434068,-0.35278,-0.93164,0.36340,7.8855,-17.7710,6.1985,0.40942,-0.85229,1.04224,7.5191,22.7939,-12.5649
588435067,-0.41113,-0.94873,0.27942,12.8779,-21.6031,3.3053,0.40723,-0.85168,1.06970,8.9618,22.4275,-12.4580
588436068,-0.54468,-1.01233,0.21875,17.3435,-24.7252,0.4504,0.40466,-0.84973,1.09729,10.4809,22.0916,-12.3588
588437068,-0.79016,-1.07849,-0.19568,16.4504,-28.5344,-0.2595,0.40271,-0.84705,1.12695,12.0763,21.8244,-12.3206
588438068,-0.92371,-1.40918,-1.92285,10.3511,-40.0076,4.1985,0.40137,-0.84436,1.15820,13.7710,21.6107,-12.3435
588439068,-1.27698,-2.00000,-2.00000,2.5344,-49.7634,10.6336,0.40039,-0.84045,1.18994,15.5573,21.4809,-12.4198
588440067,-1.91443,-2.00000,-2.00000,-2.5038,-36.8855,13.0992,0.39880,-0.83582,1.22327,17.3664,21.4275,-12.5115
588441068,-1.73145,-2.00000,-1.80151,-10.0840,0.4504,15.0382,0.39648,-0.83069,1.25769,19.1756,21.4351,-12.5802
588442068,-1.58569,-2.00000,-2.00000,-26.0153,31.1527,16.2519,0.39417,-0.82556,1.29370,20.9695,21.4733,-12.7023
588443068,-2.00000,-2.00000,-2.00000,-30.8244,57.2672,10.1985,0.39148,-0.82031,1.32983,22.7557,21.5191,-12.8931
588444068,-1.96399,-2.00000,-2.00000,-17.8855,103.6336,-2.7252,0.38904,-0.81482,1.36487,24.5115,21.5878,-13.1069
588445067,-1.45837,-2.00000,-2.00000,-16.0153,141.5954,-13.0992,0.38599,-0.80945,1.40063,26.2366,21.6641,-13.3130
588446067,-1.21021,-2.00000,-1.43298,-21.6107,157.6183,-27.1069,0.38123,-0.80493,1.43604,27.9160,21.7099,-13.5267
588447068,-0.53894,-2.00000,-0.14465,32.7939,145.5954,-70.2824,0.37524,-0.80066,1.47058,29.5649,21.7328,-13.7405
588448067,-0.08325,-2.00000,0.31348,47.5191,133.0076,-80.0840,0.36829,-0.79688,1.50525,31.1985,21.7328,-14.0000
588449067,-0.06848,-1.64722,0.36487,46.3435,117.1832,-80.3053,0.35999,-0.79370,1.53931,32.8244,21.6794,-14.2672
588450067,-0.31140,-1.20435,0.38708,45.2672,104.3359,-73.5267,0.34180,-0.78662,1.60828,36.0382,21.3740,-14.8397
588451067,-0.48303,-1.48242,0.56946,44.4885,96.5878,-61.3893,0.33313,-0.78271,1.64209,37.6565,21.0687,-15.1679
588452067,-0.55615,-2.00000,0.84021,41.0076,100.6641,-52.2824,0.32385,-0.77917,1.67578,39.3053,20.6412,-15.5191
588453068,-0.34265,-2.00000,1.55432,36.9695,119.4733,-55.0229,0.31348,-0.77734,1.70874,40.9695,20.1145,-15.8702
588454068,-0.02039,-1.44299,1.98181,27.7099,135.0229,-61.0076,0.30212,-0.77637,1.73987,42.6947,19.4504,-16.2443
588455068,-0.05847,-0.76074,1.70789,15.3511,136.5115,-60.0000,0.29138,-0.77515,1.76990,44.4809,18.6260,-16.5954
588456068,-0.05688,-1.00989,1.74963,20.1908,132.8855,-60.0687,0.28052,-0.77490,1.79871,46.3359,17.6641,-16.9313
588457068,0.24670,-1.79822,1.99994,40.2519,123.8550,-67.6947,0.26855,-0.77527,1.82593,48.2290,16.5573,-17.2366
588458068,0.46997,-2.00000,1.99994,48.2748,101.3359,-77.4733,0.25610,-0.77527,1.85315,50.1374,15.2366,-17.4885
588459068,0.44727,-2.00000,1.99994,44.4504,72.3053,-87.2824,0.24426,-0.77551,1.87976,52.1221,13.6794,-17.7176
588460068,0.38354,-0.98218,1.99994,50.1756,51.9084,-91.8550,0.23193,-0.77612,1.90417,54.2061,11.9008,-17.8931
588461068,0.39722,-0.89050,1.99994,60.0382,38.9008,-82.8779,0.21887,-0.77649,1.92676,56.3435,9.9389,-18.0000
588462068,0.24304,-2.00000,1.99994,58.5802,26.4122,-67.5649,0.20593,-0.77588,1.94763,58.4962,7.7939,-18.0229
588463068,-0.20874,-2.00000,1.82507,56.5878,19.7405,-65.4351,0.19263,-0.77405,1.96741,60.6718,5.4275,-18.0076
588464068,-0.85400,-2.00000,0.73718,62.0687,22.4580,-80.9008,0.17871,-0.77344,1.98706,62.8702,2.8550,-17.9160
588465068,-0.90137,-1.49695,0.53918,64.3893,40.7099,-98.0611,0.16541,-0.77393,1.99994,65.0840,0.0611,-17.7328
588466068,-0.35913,-0.67419,1.35718,62.1221,60.0458,-105.4809,0.15283,-0.77246,1.99994,67.3130,-2.9008,-17.4427
588467067,-0.26245,-0.59583,1.82715,61.1221,58.9924,-105.3282,0.14050,-0.76807,1.99994,69.5267,-6.0229,-17.0840
588468067,-0.19043,-1.19055,1.64600,64.1908,55.2595,-105.1374,0.12854,-0.76208,1.99994,71.7252,-9.3282,-16.6489
588469067,-0.00293,-1.69507,1.66125,70.1527,54.1069,-111.3969,0.11584,-0.75610,1.99994,73.9084,-12.8168,-16.1069
588470067,0.16541,-1.28113,1.99719,72.0687,53.8168,-118.9084,0.10352,-0.74988,1.99994,76.0763,-16.4427,-15.4580
588471067,0.61438,-0.22815,1.99994,62.6565,53.7176,-115.9389,0.09216,-0.74194,1.99994,78.1603,-20.1603,-14.7405
588472068,0.63745,0.37048,1.99994,48.6947,34.6794,-98.4504,0.08081,-0.73193,1.99994,80.1145,-24.0229,-13.9466
588473068,0.51868,0.02002,1.99994,45.1603,15.0763,-79.0305,0.06958,-0.72021,1.99994,81.9389,-27.9847,-13.1069
588474067,0.68469,-0.54871,1.99994,49.3588,3.6489,-69.3969,0.05823,-0.70776,1.99994,83.6336,-32.0534,-12.2443
588475067,0.68884,-0.75842,1.99994,44.9695,-9.6565,-66.6718,0.04675,-0.69592,1.99994,85.1908,-36.2214,-11.3359
588476067,0.61035,-0.48962,1.99994,32.5725,-21.8702,-66.0382,0.03577,-0.68481,1.99994,86.7252,-40.4656,-10.3893
588477067,0.42078,-0.10461,1.99994,27.7328,-38.1985,-65.4122,0.02637,-0.67310,1.99994,88.1908,-44.7557,-9.3740
588478068,0.29688,-0.25916,1.87720,33.9771,-51.5191,-65.0229,0.01721,-0.66125,1.99994,89.4504,-49.0992,-8.3206
588479067,0.30750,-0.76904,1.71875,35.4809,-59.0916,-65.4962,0.00696,-0.64990,1.99994,90.4351,-53.4809,-7.2214
588480068,0.23389,-0.95459,1.59827,24.3664,-62.7252,-66.4351,-0.00391,-0.63855,1.99994,91.2519,-57.8931,-6.1069
588481068,0.14954,-0.57703,1.41357,11.4351,-62.0992,-66.8321,-0.01440,-0.62817,1.99994,92.0534,-62.3435,-4.9695
588482068,0.01160,-0.08142,1.10474,7.4122,-63.5802,-64.2672,-0.02515,-0.61853,1.99994,92.8550,-66.8244,-3.8015
588483068,-0.14783,0.12537,0.88074,11.0458,-65.0840,-58.3740,-0.03552,-0.60852,1.99994,93.6336,-71.3511,-2.6107
588484067,-0.41284,-0.00854,0.87378,12.1908,-66.3588,-49.3588,-0.04517,-0.59949,1.99994,94.5115,-75.9084,-1.3893
588485067,-0.93823,-0.62866,0.56348,4.2214,-71.2901,-37.4962,-0.05505,-0.59155,1.99994,95.4580,-80.4809,-0.1527
588486067,-1.10840,-1.92627,-0.21350,-4.5496,-72.8244,-26.0611,-0.06494,-0.58374,1.99994,96.2748,-85.0916,1.1221
588487068,-0.86877,-2.00000,-0.76343,-6.1527,-69.6489,-23.2672,-0.07532,-0.57629,1.99994,96.9542,-89.7481,2.4198
588488067,-1.12537,-2.00000,-0.48828,-9.2519,-63.8473,-32.5115,-0.08691,-0.56995,1.99994,97.6718,-94.4275,3.7634
588489067,-1.59863,-2.00000,0.12439,-24.4809,-45.5115,-44.5573,-0.09912,-0.56458,1.99994,98.3511,-99.1221,5.1145
588490067,-1.66260,-2.00000,-0.28394,-52.7939,-25.4427,-50.3130,-0.11108,-0.55957,1.99994,99.0305,-103.8473,6.5038
588491068,-1.23645,-2.00000,-0.79651,-75.8931,-2.3588,-54.7252,-0.12305,-0.55408,1.99994,99.6565,-108.6336,7.9084
588492068,-0.29199,-1.71704,1.07043,-79.1069,33.7939,-65.2901,-0.13525,-0.54956,1.99994,100.2366,-113.4580,9.3435
588493068,0.32043,-1.61072,1.99994,-81.2290,59.1450,-74.0229,-0.14734,-0.54565,1.99994,100.8092,-118.3053,10.7939
588494068,0.00073,-2.00000,1.99994,-97.3206,49.0534,-71.2137,-0.15955,-0.54175,1.99994,101.3817,-123.1603,12.2748
588495067,-0.36829,-2.00000,1.99994,-88.8321,32.9695,-75.1374,-0.17151,-0.53748,1.99994,101.9160,-128.0534,13.7634
588496068,0.01282,-2.00000,1.99994,-42.1450,28.1908,-97.2519,-0.18286,-0.53357,1.99994,102.3893,-132.9618,15.2748
588497067,1.27051,-1.77222,1.99994,-17.6336,25.2443,-115.6794,-0.19360,-0.53064,1.99994,102.7939,-137.8626,16.8244
588498067,1.99994,-0.08728,1.99994,-39.0000,3.3740,-113.2824,-0.20435,-0.52734,1.99994,103.1985,-142.7481,18.3511
588499067,1.99994,1.05627,1.99994,-53.1221,-46.4656,-98.0000,-0.21570,-0.52380,1.99994,103.6031,-147.5802,19.9084
588500067,1.99994,0.99500,1.99994,-40.4809,-91.7557,-81.1603,-0.22827,-0.52039,1.99994,104.0076,-152.4046,21.4656
588501067,1.98267,0.04419,1.99994,-34.1298,-146.1832,-68.3053,-0.24158,-0.51648,1.99994,104.3893,-157.2061,23.0305
588502067,1.10168,-0.78296,1.99994,-30.6489,-199.4351,-66.5496,-0.25464,-0.51184,1.99994,104.7710,-162.0153,24.5802
588503067,0.59094,-0.54590,1.99994,-15.0000,-234.6260,-74.7099,-0.26611,-0.50769,1.99994,105.1450,-166.8244,26.1374
588504065,0.14417,0.42603,1.99994,-11.2595,-250.1374,-76.3511,-0.27722,-0.50391,1.99994,105.5038,-171.5954,27.7023
588505069,-0.21057,0.96228,1.52466,-17.5115,-250.1374,-69.8779,-0.28931,-0.50024,1.99994,105.8244,-176.3282,29.2672
588506068,-0.46240,0.88708,1.05774,-3.8473,-246.6336,-68.4580,-0.30127,-0.49768,1.99994,106.1374,-181.0382,30.8321
588507067,-0.68298,0.45667,1.14502,24.1374,-213.3893,-72.5420,-0.31335,-0.49487,1.99994,106.4656,-185.7023,32.3817
588508067,-1.27002,-0.38293,0.47485,34.2901,-189.6489,-71.2748,-0.32617,-0.49072,1.99994,106.8015,-190.3130,33.9084
588509067,-2.00000,-1.39563,-1.00256,24.2061,-166.0305,-67.8779,-0.33911,-0.48645,1.99994,107.1298,-194.8626,35.4122
588510068,-1.94751,-1.50476,-0.84241,20.3282,-121.1298,-75.4580,-0.35205,-0.48401,1.99994,107.4733,-199.3817,36.9313
588511068,-0.88477,-0.36426,1.15540,19.9542,-73.0076,-85.7557,-0.36462,-0.48352,1.99994,107.8244,-203.8931,38.4580
588512068,0.23755,0.81384,1.99994,-1.0916,-52.0992,-78.9618,-0.37683,-0.48291,1.99994,108.2061,-208.3893,40.0076
588513067,0.76917,1.12378,1.99994,-32.4198,-61.8626,-57.5954,-0.38879,-0.48206,1.99994,108.6412,-212.8855,41.5344
588514067,1.06970,0.32861,1.99994,-47.3282,-81.9008,-38.0305,-0.39941,-0.48328,1.99994,109.1298,-217.3664,43.0611
588515068,1.34521,-0.99548,1.99994,-46.3664,-112.9008,-30.8702,-0.40918,-0.48767,1.99994,109.7023,-221.7786,44.6031
588516068,1.34521,-1.61670,1.99994,-39.1145,-161.9924,-36.8321,-0.41870,-0.49402,1.99994,110.3893,-226.1603,46.1832
588517067,1.11584,-0.92737,1.99994,-26.8092,-216.3588,-48.8931,-0.42749,-0.50134,1.99994,111.2366,-230.4809,47.7710
588518067,0.93359,0.46741,1.99994,-14.0153,-250.1374,-56.5267,-0.43481,-0.50916,1.99994,112.2748,-234.7481,49.3588
588519067,0.91052,1.30042,1.99994,-3.2443,-250.1374,-55.7328,-0.44165,-0.51770,1.99994,113.4962,-238.9389,50.9847
588520067,0.36658,1.13806,1.99994,6.6794,-250.1374,-51.9695,-0.44958,-0.52612,1.99994,114.9237,-243.0229,52.6641
588521067,-0.40869,0.32251,1.99994,7.4580,-250.1374,-47.3740,-0.45740,-0.53430,1.99994,116.5267,-247.0076,54.3740
588522067,-0.62976,-0.43860,1.24658,-5.6794,-239.8855,-44.3359,-0.46387,-0.54163,1.99994,118.2672,-250.1374,56.1221
588523067,-0.86548,-0.34033,0.78882,-20.1832,-210.2519,-45.3053,-0.46899,-0.54834,1.99994,120.1450,-250.1374,57.9389
588524067,-0.50195,0.44568,1.22290,-29.0076,-179.8931,-44.8855,-0.47388,-0.55554,1.99994,122.1527,-250.1374,59.8168
588525067,0.77942,1.08569,1.99994,-42.6565,-154.0305,-34.5191,-0.48059,-0.56250,1.99994,124.2748,-250.1374,61.7481
588526068,1.23145,1.15759,1.99994,-63.9542,-161.7023,-14.9313,-0.48914,-0.56946,1.99994,126.4733,-250.1374,63.6947
588527068,0.53821,0.84497,1.99994,-90.7176,-194.5115,6.2443,-0.49695,-0.57715,1.99707,128.7328,-250.1374,65.6489
588528068,0.01038,0.28516,1.69116,-117.4275,-220.8702,22.3664,-0.50330,-0.58533,1.98267,131.0534,-250.1374,67.6565
588529067,0.11743,-0.16931,1.99994,-127.7252,-222.6183,25.0076,-0.50928,-0.59412,1.96790,133.3893,-250.1374,69.6947
588530067,1.05103,0.08643,1.99994,-134.9695,-208.5115,21.9924,-0.51624,-0.60327,1.95264,135.7099,-250.1374,71.7710
588531067,1.99994,1.38220,1.99994,-162.8702,-204.6412,26.9466,-0.52380,-0.61267,1.93604,138.0153,-250.1374,73.8779
588532068,1.99994,1.99994,1.99994,-174.7405,-230.1069,35.6947,-0.53162,-0.62378,1.91858,140.3053,-250.1374,76.0153
588533068,1.75085,1.99994,1.99994,-127.1069,-250.1374,41.3130,-0.53882,-0.63672,1.89893,142.6107,-250.1374,78.1679
588534068,1.43958,1.79248,1.99994,-64.8626,-250.1374,46.0534,-0.54504,-0.65063,1.87683,144.9466,-250.1374,80.3511
588535068,0.91357,-0.55994,1.99994,-43.3206,-250.1374,46.7328,-0.55066,-0.66638,1.85498,147.3282,-250.1374,82.5420
588536068,0.22900,-1.19104,1.99994,-44.6718,-250.1374,38.3435,-0.55579,-0.68372,1.83350,149.7557,-250.1374,84.7481
588537068,-0.21973,0.27173,1.99994,-30.3969,-250.1374,24.7099,-0.56055,-0.70129,1.81116,152.2290,-250.1374,86.9542
588538068,-0.47803,1.99994,0.99438,4.7252,-250.1374,18.6718,-0.56543,-0.71838,1.78674,154.7710,-250.1374,89.1450
588539068,-0.54907,1.99994,0.01648,36.8626,-250.1374,25.7481,-0.56909,-0.73499,1.76050,157.3740,-250.1374,91.2824
588540067,-0.43799,1.34534,-0.29419,37.1756,-250.1374,42.3130,-0.57129,-0.75171,1.73376,160.0305,-250.1374,93.3664
588541067,-1.15674,-0.23438,-0.49817,-1.3206,-250.1374,55.3282,-0.57446,-0.76770,1.70667,162.6870,-250.1374,95.4275
588542068,-2.00000,-1.39514,-1.81006,-35.9695,-250.1374,54.8931,-0.57800,-0.78271,1.67969,165.3435,-250.1374,97.4733
588543068,-2.00000,-1.92017,-2.00000,-35.4962,-250.1374,40.2977,-0.58154,-0.79663,1.65283,168.0000,-250.1374,99.4733
588544068,-2.00000,-1.07971,-1.81921,-40.5573,-249.2443,27.4656,-0.58691,-0.80920,1.62634,170.6183,-250.1374,101.3817
588545067,-1.12341,0.50684,-0.26672,-90.2137,-219.2824,36.8931,-0.59338,-0.82043,1.59985,173.1527,-250.1374,103.2061
588546067,0.08337,1.39246,1.37732,-140.7328,-195.2443,61.4962,-0.59961,-0.83057,1.57288,175.5573,-250.1374,104.9313
588547068,0.82104,1.37671,1.99994,-149.3282,-190.0153,82.2672,-0.60632,-0.84045,1.54541,177.8244,-250.1374,106.5649
588548068,0.93506,1.49280,1.99994,-143.5496,-205.3588,96.5191,-0.61401,-0.85059,1.51721,179.9313,-250.1374,108.0916
588549068,0.44727,1.63428,1.99994,-137.8626,-239.8321,108.7328,-0.62146,-0.86035,1.48889,181.8473,-250.1374,109.5115
588550068,0.63940,0.53772,1.99994,-100.9542,-250.1374,112.2061,-0.62891,-0.86902,1.46118,183.5420,-250.1374,110.8473
588551068,1.11401,-1.09534,1.99994,-45.8855,-250.1374,100.8855,-0.64453,-0.88464,1.40637,186.0992,-250.1374,113.2824
588552067,0.93835,-1.67566,1.99994,-9.5878,-250.1374,80.2137,-0.65198,-0.89209,1.37891,186.9389,-250.1374,114.3969
588553068,0.33899,-0.43933,1.99994,22.4122,-250.1374,48.3435,-0.65991,-0.89954,1.35217,187.4580,-250.1374,115.4580
588554068,-0.16479,1.06091,1.99994,68.3435,-250.1374,19.2214,-0.66846,-0.90735,1.32483,187.6718,-250.1374,116.4809
588555067,-0.13159,1.07959,1.99994,94.2748,-250.1374,9.8092,-0.67700,-0.91504,1.29749,187.5954,-250.1374,117.4656
588556068,-1.02551,-0.24744,1.80359,67.1985,-250.1374,24.9618,-0.68530,-0.92346,1.27063,187.2137,-250.1374,118.3817
588557068,-2.00000,-2.00000,-0.03052,14.6183,-250.1374,45.1527,-0.69324,-0.93359,1.24280,186.5496,-250.1374,119.2748
588558067,-1.23450,-2.00000,1.64539,-23.1985,-250.1374,50.1298,-0.70044,-0.94470,1.21375,185.6336,-250.1374,120.1603
588559068,-0.38098,-1.04712,1.99994,-58.5649,-250.1374,55.2366,-0.70764,-0.95667,1.18420,184.4962,-250.1374,121.0611
588560067,-0.36841,0.81555,1.79333,-107.7405,-250.1374,84.6870,-0.71472,-0.97070,1.15356,183.1450,-250.1374,122.0229
588561068,0.07666,1.46021,0.71973,-139.0305,-250.1374,121.6260,-0.72083,-0.98645,1.12170,181.6031,-250.1374,123.0382
588562068,0.69019,0.87756,1.99994,-146.2824,-250.1374,146.4275,-0.72693,-1.00317,1.08838,179.8855,-250.1374,124.0992
588563068,0.52124,-0.33179,1.99994,-158.1221,-250.1374,156.3053,-0.73315,-1.02124,1.05334,178.0458,-250.1374,125.1527
588564068,-0.23425,-1.04785,1.99994,-163.1069,-250.1374,147.5725,-0.73828,-1.04175,1.01562,176.0840,-250.1374,126.2595
588565068,-0.71643,-0.23950,1.99994,-118.3435,-250.1374,115.0382,-0.74255,-1.06470,0.97522,174.0153,-250.1374,127.4504
588566068,-0.09314,1.11853,1.99994,-46.2214,-250.1374,82.3206,-0.74695,-1.08899,0.93396,171.8473,-250.1374,128.7481
588567067,0.85889,0.82642,1.99994,-10.5115,-250.1374,74.3588,-0.75232,-1.11389,0.89148,169.5725,-250.1374,130.0840
588568068,0.26331,-0.69531,1.99994,-8.8321,-250.1374,76.7405,-0.75757,-1.13843,0.84717,167.2290,-250.1374,131.4504
588569068,-0.76855,-1.67493,1.99994,5.4275,-250.1374,69.5573,-0.76196,-1.16309,0.80029,164.8168,-250.1374,132.8626
588570068,-1.08789,-2.00000,1.47180,25.5954,-250.1374,61.5496,-0.76453,-1.18958,0.75208,162.3588,-250.1374,134.3130
588571068,-1.21033,-2.00000,1.51477,14.6947,-250.1374,63.2290,-0.76636,-1.21692,0.70251,159.8702,-250.1374,135.7863
588572068,-0.92419,-2.00000,1.62988,-9.2443,-250.1374,69.4275,-0.76868,-1.24500,0.65015,157.3282,-250.1374,137.2595
588573068,-1.21387,-1.36206,1.12671,-19.2061,-250.1374,76.6260,-0.77112,-1.27307,0.59424,154.7252,-250.1374,138.7252
588574068,-1.63135,-0.54614,0.04309,-25.6260,-250.1374,84.8855,-0.77466,-1.30139,0.53589,152.0916,-250.1374,140.1450
588575068,-1.25879,-0.12708,-0.19055,-36.7023,-250.1374,84.2366,-0.77856,-1.32996,0.47729,149.4351,-250.1374,141.5038
588576068,-0.67896,-0.04822,0.29028,-37.2137,-250.1374,77.9389,-0.78259,-1.35718,0.41858,146.7328,-250.1374,142.7710
588577068,-1.17456,-0.17603,0.51306,-34.0840,-250.1374,67.6489,-0.78662,-1.38208,0.35913,143.9771,-250.1374,143.9389
588578068,-2.00000,-0.29993,-1.61133,-33.2290,-250.1374,57.9389,-0.78918,-1.40552,0.29871,141.1527,-250.1374,144.9695
588579068,-2.00000,-0.58972,-2.00000,-22.4427,-250.1374,48.2901,-0.79102,-1.42822,0.23596,138.2595,-250.1374,145.8855
588580068,-0.32739,-0.26196,1.96252,-29.6718,-250.1374,51.2214,-0.79199,-1.44983,0.17236,135.2977,-250.1374,146.6565
588581068,0.85193,0.39624,1.99994,-73.4580,-250.1374,74.9542,-0.79248,-1.47058,0.10913,132.2366,-250.1374,147.2672
588582068,0.61829,1.37256,1.99994,-96.6870,-250.1374,100.1450,-0.79224,-1.48950,0.04504,129.0840,-250.1374,147.7023
588583068,-0.00269,1.79468,1.99994,-118.0916,-250.1374,128.3282,-0.79053,-1.50500,-0.02100,125.8244,-250.1374,147.9771
588584068,0.62390,0.76575,1.99994,-182.0611,-250.1374,167.3817,-0.78748,-1.51855,-0.08765,122.4198,-250.1374,148.1145
588585067,1.28149,-0.13123,1.99994,-243.9695,-250.1374,189.0382,-0.78381,-1.53040,-0.15442,118.8550,-250.1374,148.0763
588586068,1.61243,0.82629,1.99994,-242.0382,-250.1374,180.4275,-0.77966,-1.54114,-0.22144,115.1069,-250.1374,147.8550
588587068,1.99994,1.99994,1.99994,-194.5573,-250.1374,162.2748,-0.77283,-1.55188,-0.28833,111.0916,-250.1374,147.4351
588588068,1.98926,1.99994,1.99994,-126.7634,-250.1374,151.8092,-0.76453,-1.56128,-0.35327,106.9313,-250.1374,146.8473
588589068,-0.27258,1.15698,1.99994,-44.5038,-250.1374,147.0840,-0.75500,-1.56995,-0.42017,102.8321,-250.1374,146.1221
588590067,-1.16431,-2.00000,1.99994,7.6794,-250.1374,143.0687,-0.74268,-1.58105,-0.49060,98.7099,-250.1374,145.2672
588591068,-1.23059,-2.00000,1.99994,7.8397,-250.1374,128.6565,-0.72803,-1.59473,-0.56152,94.5344,-250.1374,144.2519
588592068,-2.00000,-2.00000,1.99994,11.6870,-250.1374,102.6794,-0.71094,-1.60999,-0.63232,90.3206,-250.1374,143.0687
588593068,-2.00000,-2.00000,0.90552,46.0840,-250.1374,83.9237,-0.69092,-1.62756,-0.70154,86.1145,-250.1374,141.7328
588594068,-2.00000,-0.97546,-1.34766,56.8092,-250.1374,89.1985,-0.66785,-1.64600,-0.76929,81.9847,-250.1374,140.2595
588595068,-2.00000,-1.57068,-2.00000,14.3588,-250.1374,110.8168,-0.64319,-1.66504,-0.83643,78.0076,-250.1374,138.7023
588596068,-2.00000,-2.00000,-2.00000,-38.3664,-250.1374,117.9160,-0.61719,-1.68542,-0.90430,74.2061,-250.1374,137.0611
588597068,-2.00000,-2.00000,-2.00000,-61.1374,-250.1374,98.1756,-0.59058,-1.70581,-0.97119,70.5725,-250.1374,135.3282
588598068,-2.00000,-2.00000,-2.00000,-62.8855,-250.1374,66.1450,-0.56262,-1.72644,-1.03442,67.1603,-250.1374,133.4809
588599068,-2.00000,-2.00000,-2.00000,-44.9771,-250.1374,35.5878,-0.53357,-1.74768,-1.09509,64.0076,-250.1374,131.5649
588600068,-2.00000,-1.37061,-2.00000,-2.0916,-250.1374,15.3664,-0.50330,-1.76880,-1.15503,61.1145,-250.1374,129.5954
588601068,-2.00000,-1.89661,-2.00000,38.8015,-250.1374,8.5878,-0.47205,-1.78931,-1.21509,58.4885,-250.1374,127.5267
588602068,-2.00000,-2.00000,-2.00000,51.5649,-250.1374,2.4275,-0.44080,-1.80896,-1.27466,56.1832,-250.1374,125.3740
588603068,-2.00000,-2.00000,-2.00000,52.1679,-250.1374,-14.7863,-0.41174,-1.82800,-1.33228,54.1832,-250.1374,123.1298
588604068,-0.19177,-2.00000,0.76721,19.8168,-246.3282,-20.1221,-0.38513,-1.84595,-1.38843,52.4962,-250.1374,120.7710
588605068,1.68799,-0.92615,1.99994,-85.8626,-192.0534,7.5954,-0.35840,-1.86292,-1.44348,51.1069,-250.1374,118.3053
588606068,-0.65332,0.38916,1.99994,-207.1221,-236.2595,47.9847,-0.33179,-1.87927,-1.49731,50.0076,-250.1374,115.7634
588607068,-0.72546,0.96228,1.99994,-250.1374,-214.8550,82.7786,-0.30762,-1.89539,-1.55200,49.1908,-250.1374,113.0916
588608068,1.99994,1.99994,1.99994,-250.1374,-130.8550,110.0000,-0.28540,-1.91052,-1.60645,48.6641,-250.1374,110.3282
588609068,1.99994,1.99994,1.99994,-250.1374,-198.1069,143.6336,-0.26440,-1.92383,-1.65784,48.4427,-250.1374,107.4580
588610068,1.31726,1.99994,1.99994,-250.1374,-250.1374,190.9160,-0.24512,-1.93481,-1.70728,48.4809,-250.1374,104.4656
588611068,1.99994,1.99994,1.99994,-250.1374,-250.1374,212.8702,-0.22705,-1.94421,-1.75623,48.7481,-250.1374,101.3206
588612067,1.99994,1.99994,1.99994,-250.1374,-250.1374,206.7328,-0.20935,-1.95154,-1.80444,49.2519,-250.1374,98.0611
588613067,1.16956,1.99994,1.99994,-211.5420,-250.1374,207.4962,-0.19214,-1.95630,-1.85156,50.0000,-250.1374,94.7023
588614067,-0.18604,1.99994,1.99994,-204.6870,-250.1374,211.2748,-0.17725,-1.95813,-1.89685,50.9771,-250.1374,91.2595
588615067,-1.94910,1.99994,1.99994,-111.6641,-250.1374,208.6412,-0.16382,-1.95679,-1.94092,52.1450,-250.1374,87.6947
588616067,-2.00000,1.34070,1.31921,39.3740,-250.1374,196.9847,-0.15039,-1.95312,-1.98303,53.4885,-250.1374,83.9847
588617067,-2.00000,-1.88574,1.99994,121.9084,-250.1374,189.4046,-0.13770,-1.94800,-2.00000,54.9695,-250.1374,80.1908
588618068,-2.00000,-2.00000,0.19727,62.9237,-250.1374,183.1298,-0.12537,-1.94104,-2.00000,56.5573,-250.1374,76.3282
588619068,-2.00000,-2.00000,-2.00000,-88.5878,-250.1374,166.3435,-0.11328,-1.93152,-2.00000,58.2290,-250.1374,72.4046
588620068,-2.00000,-2.00000,-2.00000,-240.0305,-250.1374,154.6489,-0.10144,-1.92017,-2.00000,59.9771,-250.1374,68.4275
588621068,-2.00000,-1.53394,-2.00000,-250.1374,-250.1374,176.4733,-0.08960,-1.90759,-2.00000,61.7863,-250.1374,64.4046
588622068,-2.00000,-0.98535,-2.00000,-250.1374,-250.1374,211.9313,-0.07812,-1.89294,-2.00000,63.6183,-250.1374,60.3511
588623068,-2.00000,-0.19165,-0.65625,-250.1374,-250.1374,224.2977,-0.06616,-1.87659,-2.00000,65.4809,-250.1374,56.3053
588624068,-2.00000,0.64478,0.66736,-250.1374,-250.1374,242.3435,-0.05396,-1.86011,-2.00000,67.3664,-250.1374,52.2824
588625068,-2.00000,0.11414,0.82690,-250.1374,-250.1374,250.1298,-0.04236,-1.84375,-2.00000,69.2137,-250.1374,48.2748
588626067,-2.00000,-0.76270,0.10364,-250.1374,-250.1374,250.1298,-0.03101,-1.82678,-2.00000,70.9771,-250.1374,44.3359
588627067,-2.00000,-1.39172,-0.92395,-250.1374,-250.1374,219.1832,-0.01978,-1.80908,-2.00000,72.6718,-250.1374,40.4809
588628068,-2.00000,-2.00000,-1.72839,-193.2061,-250.1374,169.3435,-0.00842,-1.79126,-2.00000,74.3130,-250.1374,36.7099
588629068,-2.00000,-2.00000,-1.57629,-105.9389,-250.1374,130.9008,0.00244,-1.77344,-2.00000,75.8855,-250.1374,33.0076
588630068,-2.00000,-2.00000,-1.52319,-42.3206,-250.1374,96.9771,0.01270,-1.75525,-2.00000,77.3817,-250.1374,29.4733
588631068,-2.00000,-2.00000,-2.00000,0.4046,-250.1374,73.9466,0.02185,-1.73755,-2.00000,78.7939,-250.1374,26.0992
588632068,-2.00000,-2.00000,-2.00000,-21.8779,-250.1374,60.7786,0.02905,-1.72119,-2.00000,80.0840,-250.1374,22.9084
588633067,-2.00000,-2.00000,-2.00000,-101.1603,-250.1374,57.9924,0.03528,-1.70520,-2.00000,81.2672,-250.1374,19.9237
588634068,-2.00000,-2.00000,-2.00000,-213.3740,-250.1374,75.8931,0.04065,-1.68921,-2.00000,82.3435,-250.1374,17.1145
588635068,-2.00000,-2.00000,-2.00000,-250.1374,-250.1374,100.7176,0.04517,-1.67322,-2.00000,83.3053,-250.1374,14.4504
588636068,-2.00000,-2.00000,-2.00000,-250.1374,-250.1374,104.7634,0.04834,-1.65576,-2.00000,84.1908,-245.9542,11.9542
588637068,-2.00000,-2.00000,-2.00000,-250.1374,-250.1374,96.3664,0.05066,-1.63721,-2.00000,85.0229,-234.7405,9.6107
588638067,-2.00000,-1.07642,-2.00000,-250.1374,-250.1374,100.3206,0.05261,-1.61877,-2.00000,85.7252,-223.6718,7.3893
588639067,-2.00000,0.06335,-2.00000,-250.1374,-250.1374,114.4809,0.05408,-1.60034,-2.00000,86.3206,-212.7939,5.3206
588640068,-2.00000,-0.08582,-2.00000,-250.1374,-250.1374,118.0992,0.05554,-1.58105,-2.00000,86.7786,-202.0992,3.3969
588641068,-1.88855,-1.23145,-0.71375,-250.1374,-250.1374,89.3359,0.05652,-1.56067,-2.00000,87.1527,-191.5725,1.5954
588642068,-1.28430,-1.76587,0.35229,-169.2519,-250.1374,44.3206,0.05725,-1.53955,-2.00000,87.4122,-181.2290,-0.1145
588643067,-1.93762,-1.02380,-0.68518,-107.0916,-250.1374,7.9160,0.05750,-1.51929,-2.00000,87.5802,-171.0840,-1.7252
588644068,-2.00000,-0.52527,-1.49988,-77.8092,-250.1374,-4.3817,0.05640,-1.49927,-2.00000,87.6183,-161.1908,-3.2519
588645068,-2.00000,-1.89368,-0.83276,-81.5267,-250.1374,4.3435,0.05481,-1.47949,-2.00000,87.5420,-151.5573,-4.6870
588646067,-2.00000,-2.00000,-0.58020,-120.9771,-250.1374,11.7405,0.05322,-1.45996,-2.00000,87.3740,-142.1832,-6.0458
588647068,-2.00000,-2.00000,-2.00000,-153.0992,-250.1374,7.8473,0.05127,-1.44092,-2.00000,87.1145,-133.0382,-7.3053
588648064,-2.00000,-2.00000,-2.00000,-165.3359,-250.1374,0.6565,0.04956,-1.42285,-2.00000,86.7328,-124.1679,-8.4351
588649069,-2.00000,-2.00000,-2.00000,-177.4962,-250.1374,3.2977,0.04785,-1.40601,-2.00000,86.2214,-115.6107,-9.4504
588650064,-2.00000,-2.00000,-2.00000,-181.3359,-250.1374,11.8473,0.04504,-1.39111,-2.00000,85.5802,-107.3206,-10.3511
588651069,-2.00000,-2.00000,-2.00000,-157.1756,-250.1374,14.0076,0.03625,-1.36475,-2.00000,83.9695,-91.6260,-11.9160
588652064,-2.00000,-2.00000,-2.00000,-116.7939,-250.1374,-8.7557,0.03186,-1.35364,-2.00000,83.0611,-84.2748,-12.5649
588653065,-2.00000,-2.00000,-2.00000,-62.6565,-250.1374,-58.2901,0.02698,-1.34375,-2.00000,82.0611,-77.2519,-13.0763
588654065,-2.00000,-1.42932,-2.00000,-23.0916,-250.1374,-105.8092,0.02173,-1.33557,-2.00000,80.9389,-70.5344,-13.4733
588655069,-2.00000,0.59595,-2.00000,-35.0534,-236.9084,-121.7481,0.01562,-1.32898,-2.00000,79.7176,-64.1374,-13.7634
588656068,-2.00000,1.03162,-2.00000,-63.9237,-178.1908,-116.4962,0.00867,-1.32239,-2.00000,78.4427,-58.1069,-13.9618
588657067,-2.00000,0.40210,-2.00000,-56.4656,-114.9542,-114.9237,0.00159,-1.31616,-2.00000,77.1221,-52.4580,-14.1145
588658067,-2.00000,-0.59583,-2.00000,-38.0229,-85.8550,-112.5267,-0.00586,-1.31055,-2.00000,75.7328,-47.1298,-14.2061
588659067,-2.00000,-1.19983,-2.00000,-42.0458,-82.2290,-105.6183,-0.01392,-1.30627,-2.00000,74.2672,-42.1145,-14.2214
588660067,-1.93530,-0.64807,-2.00000,-43.2366,-71.1298,-101.0458,-0.02197,-1.30408,-1.98767,72.7176,-37.3893,-14.1603
588661068,-0.45398,0.81555,-1.22583,-37.2366,-71.9084,-91.6718,-0.02917,-1.30225,-1.96277,71.0534,-33.0000,-14.0840
588662067,-0.32776,1.73767,-1.04431,-36.3053,-110.3969,-70.9847,-0.03577,-1.29956,-1.93701,69.3053,-28.9084,-13.9771
588663067,-1.01318,1.12427,-2.00000,-11.3817,-146.1298,-57.8015,-0.04114,-1.29639,-1.91187,67.4656,-25.1069,-13.8321
588664067,-0.96045,-0.00610,-1.74341,38.6031,-145.4427,-67.0611,-0.04578,-1.29321,-1.88684,65.5344,-21.6031,-13.6565
588665068,-0.78003,-0.43164,-0.90967,61.4885,-143.3359,-85.9008,-0.05042,-1.29053,-1.86060,63.5038,-18.3740,-13.4656
588666068,-1.35120,0.15051,-1.92200,54.1298,-152.9542,-102.7023,-0.05420,-1.28784,-1.83362,61.3435,-15.4275,-13.2748
588667067,-2.00000,1.19250,-2.00000,74.9466,-155.4427,-119.5878,-0.05725,-1.28601,-1.80701,59.0534,-12.7252,-13.0763
588668068,-2.00000,1.52246,-2.00000,126.9466,-139.5267,-131.4351,-0.05933,-1.28467,-1.78064,56.6336,-10.2519,-12.8779
588669068,-2.00000,0.65662,-2.00000,146.5496,-121.3206,-127.1603,-0.05957,-1.28308,-1.75439,54.1221,-8.0229,-12.6641
588670067,-2.00000,-0.31909,-2.00000,117.8092,-98.7099,-110.7176,-0.05933,-1.28210,-1.72827,51.5344,-5.9924,-12.4198
588671067,-2.00000,-0.22656,-2.00000,83.6870,-72.3206,-93.5954,-0.05835,-1.28210,-1.70154,48.8626,-4.1221,-12.1832
588672067,-2.00000,0.38110,-2.00000,64.6718,-51.5191,-74.9542,-0.05505,-1.28284,-1.67432,46.1374,-2.4046,-11.9847
588673068,-2.00000,0.46436,-2.00000,60.6641,-16.7328,-56.0382,-0.05054,-1.28381,-1.64709,43.3893,-0.8397,-11.8168
588674068,-1.57495,0.24487,-2.00000,60.8244,20.9618,-40.5878,-0.04626,-1.28369,-1.62012,40.6489,0.6260,-11.6870
588675068,-1.39697,0.29480,-1.51123,40.8855,42.3893,-27.6565,-0.04248,-1.28308,-1.59192,37.9389,2.0076,-11.6031
588676068,-1.70508,0.65881,-2.00000,18.7481,56.2137,-24.0763,-0.03821,-1.28369,-1.56152,35.2901,3.3130,-11.5573
588677068,-1.51782,0.96362,-2.00000,37.4427,79.7557,-37.5878,-0.03308,-1.28491,-1.52991,32.7252,4.5573,-11.5649
588678068,-1.00134,0.24341,-0.23132,82.2977,93.4962,-55.1527,-0.02686,-1.28687,-1.49878,30.2443,5.8015,-11.6412
588679067,-0.82275,-1.69031,0.89026,110.5649,80.6336,-67.0305,-0.01990,-1.28955,-1.46790,27.8779,7.0305,-11.7710
588680067,-1.16650,-2.00000,0.73120,124.3740,55.2366,-82.1832,-0.01294,-1.29224,-1.43726,25.6336,8.2443,-11.9542
588681067,-1.24976,-2.00000,1.07861,139.0992,49.1832,-99.8550,-0.00732,-1.29443,-1.40710,23.5191,9.4733,-12.2137
588682068,-0.63794,-1.56921,1.99994,132.3435,63.1603,-103.1985,-0.00183,-1.29651,-1.37708,21.5573,10.7405,-12.5649
588683068,0.09888,-0.49133,1.99994,91.4656,61.1145,-84.6947,0.00464,-1.29944,-1.34680,19.7786,12.0382,-12.9924
588684068,0.19214,0.28113,1.99994,51.1450,26.9313,-57.4504,0.01050,-1.30322,-1.31641,18.1908,13.3664,-13.4809
588685068,-0.34021,0.42346,0.76062,38.9695,-25.2443,-36.2137,0.01660,-1.30652,-1.28638,16.7863,14.7481,-14.0076
588686068,-0.20972,-0.49878,0.56079,42.3435,-51.4122,-26.3969,0.02319,-1.30859,-1.25708,15.5573,16.1603,-14.5496
588687068,0.14795,-1.27112,1.97363,39.2137,-68.6641,-28.8779,0.03003,-1.30933,-1.22888,14.5115,17.5878,-15.1069
588688067,-0.38501,-0.61536,1.80420,36.7710,-97.0382,-39.1069,0.03711,-1.30945,-1.20239,13.6260,19.0229,-15.6794
588689067,-1.26001,0.53821,0.10742,57.6947,-115.3740,-51.7405,0.04419,-1.31018,-1.17542,12.8779,20.4809,-16.2519
588690067,-1.77258,0.91797,-0.90283,104.1374,-106.1756,-64.8168,0.05005,-1.31079,-1.14734,12.2290,21.9466,-16.8321
588691068,-1.74988,0.27759,-0.59705,143.8931,-69.5954,-73.2061,0.05566,-1.30969,-1.11963,11.6794,23.4198,-17.4122
588692068,-1.83740,-0.72205,-0.87988,149.6489,-42.0229,-73.6107,0.06250,-1.30786,-1.09290,11.2595,24.9160,-17.9695
588693068,-2.00000,-1.30823,-1.70776,139.3588,-22.0687,-72.6489,0.06970,-1.30505,-1.06714,10.9695,26.4351,-18.4885
588694068,-1.99316,-1.16846,-1.08960,145.9084,4.1832,-76.8321,0.07715,-1.30042,-1.04175,10.7557,27.9924,-19.0000
588695068,-1.61133,-0.66589,-0.13403,147.9313,19.8168,-74.9313,0.08618,-1.29431,-1.01538,10.5954,29.5649,-19.4580
588696067,-1.51648,-0.83093,-0.28186,118.3053,16.1374,-56.7863,0.09460,-1.28796,-0.98853,10.4733,31.1374,-19.8931
588697068,-1.68274,-1.68860,-0.61499,83.2901,2.3588,-38.1832,0.10266,-1.28015,-0.96252,10.3740,32.7328,-20.2977
588698068,-1.48181,-2.00000,-0.03625,59.7405,-3.3893,-33.1603,0.11121,-1.27039,-0.93738,10.3053,34.3282,-20.6489
588699068,-1.08264,-2.00000,0.76831,32.3053,-9.3282,-36.3435,0.11902,-1.26013,-0.91284,10.2824,35.9389,-20.9542
588700068,-1.15308,-1.43567,0.88062,13.1069,-21.7786,-42.9389,0.12720,-1.24963,-0.88867,10.2519,37.5725,-21.2290
588701068,-1.07935,-0.73608,1.18555,25.9924,-24.8931,-52.3053,0.13562,-1.23926,-0.86414,10.1908,39.2366,-21.4962
588702068,-0.73376,-0.37976,1.96643,48.2901,-23.0611,-58.3817,0.14380,-1.22888,-0.83960,10.1069,40.9466,-21.7176
588703067,-0.78589,-0.58728,1.78650,51.4733,-29.4198,-56.2137,0.15173,-1.21777,-0.81494,10.0153,42.6641,-21.9237
588704067,-1.03784,-0.99634,1.02100,49.7328,-32.6412,-54.9008,0.16052,-1.20508,-0.78979,9.9084,44.3817,-22.0916
588705068,-0.98743,-0.87976,1.03210,62.1985,-35.5191,-59.5878,0.16980,-1.19263,-0.76392,9.7863,46.1145,-22.2824
588706068,-0.80054,-0.39111,1.37598,70.4275,-50.2061,-59.2214,0.17871,-1.18188,-0.73694,9.6718,47.9008,-22.4656
588707068,-0.77368,-0.10327,1.12769,57.6947,-75.3664,-47.0153,0.18750,-1.17200,-0.70911,9.5649,49.7023,-22.6489
588708067,-0.96594,-0.14783,0.45801,36.8244,-101.7634,-30.8168,0.19641,-1.16260,-0.68250,9.4809,51.5344,-22.7939
588709067,-1.11035,-0.44531,0.24036,22.6565,-118.6031,-19.1221,0.20459,-1.15405,-0.65833,9.4580,53.4351,-22.9008
588710067,-1.34204,-1.13110,0.26782,11.0534,-131.1069,-11.0229,0.21191,-1.14685,-0.63477,9.5115,55.4122,-23.0000
588711068,-2.00000,-2.00000,-2.00000,-15.6489,-151.8015,-7.2519,0.21863,-1.14075,-0.61047,9.6718,57.4504,-23.0916
588712068,-2.00000,-2.00000,-2.00000,-9.6489,-128.2519,-34.0458,0.22546,-1.13464,-0.58704,9.9160,59.5191,-23.1603
588713068,-2.00000,-1.20129,-2.00000,6.0916,-97.0992,-63.7252,0.23157,-1.12744,-0.56409,10.2366,61.5954,-23.2061
588714068,-2.00000,0.16919,-2.00000,11.5191,-88.2824,-72.0611,0.23633,-1.11975,-0.54114,10.6260,63.7099,-23.2290
588715067,-2.00000,-0.16504,-2.00000,18.8702,-82.4504,-69.6565,0.24121,-1.11255,-0.51794,11.0763,65.8244,-23.2366
588716067,-2.00000,-1.11401,-2.00000,40.5802,-59.4122,-75.4275,0.24670,-1.10498,-0.49414,11.5954,67.9618,-23.2290
588717068,-2.00000,-1.74097,-2.00000,49.5038,-45.0153,-83.5115,0.25159,-1.09766,-0.46924,12.1756,70.1069,-23.1832
588718068,-2.00000,-1.45190,-2.00000,46.0076,-36.9466,-92.6718,0.25439,-1.08984,-0.44324,12.8015,72.2748,-23.0916
588719067,-2.00000,-0.36914,-2.00000,70.0229,-6.0229,-105.5115,0.25696,-1.08081,-0.41833,13.4198,74.4351,-22.9618
588720068,-2.00000,0.42981,-2.00000,100.7252,32.2137,-108.8015,0.25989,-1.07080,-0.39404,13.9771,76.5649,-22.8015
588721068,-2.00000,0.27527,-2.00000,80.1298,48.4046,-91.7786,0.26270,-1.05957,-0.36865,14.5038,78.6718,-22.6412
588722067,-2.00000,-0.63477,-2.00000,36.5725,69.6412,-72.6183,0.26465,-1.04822,-0.34277,14.9924,80.7328,-22.4580
588723068,-2.00000,-1.00317,-2.00000,32.5038,113.7252,-75.4046,0.26648,-1.03699,-0.31592,15.4122,82.7634,-22.2214
588724067,-2.00000,-0.34509,-2.00000,51.2290,140.5649,-89.2977,0.26868,-1.02686,-0.28845,15.7786,84.6489,-21.9313
588725067,-1.98376,0.62622,-2.00000,49.3282,145.7939,-92.1756,0.27039,-1.01697,-0.26184,16.0992,86.6031,-21.6336
588726067,-1.71655,1.22278,-2.00000,36.3893,142.8244,-81.2748,0.27173,-1.00647,-0.23511,16.3511,88.6336,-21.3435
588727068,-1.33142,0.97754,-1.55164,30.3206,140.7710,-66.7710,0.27148,-0.99585,-0.20898,16.5115,90.5420,-21.0458
588728068,-0.76367,0.04163,-0.52234,25.2977,139.7176,-56.7176,0.26953,-0.98486,-0.18335,16.6107,92.1450,-20.7176
588729068,-0.83044,-0.56372,-0.39746,25.6336,122.5878,-56.3664,0.26770,-0.97473,-0.15784,16.6336,93.3740,-20.3359
588730068,-1.01294,-0.00745,-0.66406,39.4046,105.9008,-63.2595,0.26819,-0.96606,-0.13306,16.5878,94.4198,-19.9389
588731068,-0.84363,1.13928,-0.97546,42.2824,89.4122,-61.6794,0.26880,-0.95837,-0.10791,16.5038,95.6336,-19.5191
588732067,-1.09216,1.72937,-1.64014,31.3511,64.8397,-46.8015,0.26831,-0.95142,-0.08105,16.3969,96.8092,-19.1145
588733068,-1.15112,1.19751,-1.92395,44.0840,52.5191,-33.8855,0.26721,-0.94519,-0.05371,16.2595,97.7863,-18.6947
588734067,-1.04712,0.04492,-1.70569,76.8015,49.9160,-32.3969,0.26538,-0.94006,-0.02734,16.0763,98.5878,-18.2595
588735067,-1.68225,-0.68335,-2.00000,89.0763,45.0916,-37.6718,0.26233,-0.93555,-0.00317,15.8626,99.1527,-17.7710
588736067,-2.00000,-0.37732,-2.00000,83.4733,65.2061,-47.1298,0.25928,-0.93176,0.01929,15.6336,99.5802,-17.2519
588737068,-2.00000,0.71008,-2.00000,86.1527,98.4351,-57.9237,0.25635,-0.92908,0.04150,15.4122,99.7786,-16.7176
588738067,-2.00000,1.60010,-2.00000,99.2137,124.8550,-63.1450,0.25317,-0.92725,0.06372,15.1908,99.8779,-16.1527
588739067,-2.00000,1.55212,-2.00000,121.4962,148.7710,-63.3435,0.24976,-0.92615,0.08508,14.9847,99.6794,-15.5267
588740068,-1.74609,0.82568,-2.00000,145.8244,166.8397,-63.5878,0.24487,-0.92444,0.10522,14.8092,99.0611,-14.8779
588741068,-1.66492,0.20361,-2.00000,150.9542,179.7328,-63.6031,0.23999,-0.92200,0.12573,14.6107,98.1527,-14.2137
588742068,-1.55334,0.11133,-2.00000,145.2977,197.7710,-64.1221,0.23523,-0.91919,0.14673,14.3588,97.0992,-13.4962
588743068,-1.24524,0.35657,-1.82007,149.4122,216.4427,-64.2214,0.23059,-0.91663,0.16553,14.0611,96.0534,-12.7481
588744068,-0.97913,0.66235,-0.79065,144.7023,228.8779,-56.2519,0.22595,-0.91504,0.18213,13.7405,94.8779,-11.9771
588745068,-0.85059,0.91675,-0.31567,112.1603,233.7328,-37.5344,0.22180,-0.91443,0.19873,13.3817,93.3206,-11.2137
588746068,-0.79700,0.93347,-0.29492,82.1298,231.6183,-18.0840,0.21899,-0.91370,0.21484,12.9695,91.4198,-10.4198
588747067,-0.39697,0.72888,0.70398,81.7557,235.1985,-8.9160,0.21667,-0.91235,0.22949,12.5115,89.2519,-9.5878
588748068,0.34741,0.57837,1.99994,84.9237,237.8168,-5.2214,0.21411,-0.91089,0.24268,11.9847,86.8244,-8.6794
588749067,0.73474,0.78674,1.99994,64.1985,226.8168,2.3969,0.21082,-0.91003,0.25623,11.4046,84.1221,-7.7328
588750067,0.65747,1.17957,1.99994,34.5191,201.9466,14.4809,0.20288,-0.90894,0.28125,10.0382,78.0382,-5.8092
588751068,0.60535,1.22498,1.40393,27.4198,168.7939,23.9389,0.20117,-0.90820,0.29102,9.2137,74.6565,-4.8168
588752068,0.40637,0.88550,1.21118,46.2366,133.9695,26.1374,0.20166,-0.90735,0.29895,8.2824,71.0534,-3.8092
588753068,0.33057,0.64233,1.99994,67.4656,109.8626,24.9847,0.20300,-0.90698,0.30750,7.2901,67.2672,-2.7939
588754068,0.37488,0.88550,1.99994,67.5573,90.4733,29.9695,0.20288,-0.90698,0.31787,6.2214,63.2977,-1.7328
588755068,0.09009,1.14111,1.46509,65.9084,71.7786,39.4885,0.20215,-0.90698,0.32581,5.0687,59.1756,-0.6489
588756068,-0.26770,1.06421,0.49500,89.0763,70.4504,42.1221,0.20264,-0.90698,0.33057,3.8550,54.9389,0.4580
588757068,-0.32092,0.63855,0.62439,112.1832,84.9237,40.9389,0.20337,-0.90796,0.33447,2.5954,50.5496,1.5725
588758068,-0.33630,0.13770,0.46912,108.6031,98.8397,40.5725,0.20496,-0.91016,0.33850,1.2977,46.0153,2.6718
588759068,-0.66943,0.09070,-0.37097,101.5954,103.7252,36.2290,0.20728,-0.91260,0.34241,-0.0382,41.3893,3.7481
588760067,-0.99744,0.26123,-0.96960,115.2366,105.6260,28.2443,0.21045,-0.91479,0.34546,-1.4275,36.7328,4.8092
588761068,-1.20850,0.38110,-0.86853,131.0687,107.5878,22.3130,0.21484,-0.91650,0.34778,-2.8397,32.0458,5.8626
588762067,-0.98755,0.23633,-0.65015,123.2137,117.3053,26.3588,0.21863,-0.91895,0.34985,-4.2595,27.3435,6.8779
588763067,-0.71399,0.16077,-0.20691,95.9237,131.2290,38.1908,0.22205,-0.92163,0.35168,-5.6718,22.6336,7.8779
588764068,-0.66187,0.27087,0.28748,73.0992,142.9008,52.2137,0.22656,-0.92395,0.35107,-7.0840,17.9466,8.8626
588765067,-0.43274,0.21387,0.96155,61.9695,161.5344,64.9008,0.23267,-0.92627,0.34888,-8.4885,13.3359,9.8550
588766067,-0.16736,-0.01306,1.75073,56.9389,178.0611,76.2824,0.23975,-0.92810,0.34656,-9.8626,8.8397,10.8092
588767068,-0.06445,-0.43005,1.88464,48.4198,182.5802,86.2214,0.24744,-0.92944,0.34314,-11.2137,4.4351,11.7405
588768067,-0.17334,-0.97266,1.89331,36.2824,176.5725,91.4809,0.25574,-0.93091,0.33875,-12.5496,0.1221,12.6107
588769068,0.00061,-1.36975,1.99994,33.6947,167.7023,85.7405,0.26428,-0.93237,0.33350,-13.8321,-4.0229,13.4198
588770067,0.51794,-1.39709,1.99994,39.9008,157.5115,73.5878,0.27319,-0.93359,0.32812,-15.0687,-7.9847,14.1679
588771068,0.86597,-1.34180,1.99994,35.0992,137.7405,66.3511,0.28174,-0.93372,0.32275,-16.2595,-11.7710,14.9084
588772068,1.12842,-1.23596,1.99994,15.8321,117.7863,65.6489,0.28955,-0.93384,0.31702,-17.4351,-15.3817,15.6412
588773068,1.45532,-0.59460,1.99994,-7.4733,103.2595,66.9389,0.29773,-0.93506,0.31116,-18.5954,-18.8015,16.3511
588774067,1.85339,0.63684,1.99994,-31.3130,88.8473,72.2595,0.30640,-0.93652,0.30371,-19.7710,-22.0153,16.9924
588775067,1.85852,1.54138,1.99994,-40.7710,53.0763,83.9542,0.31555,-0.93787,0.29443,-20.9695,-24.9847,17.6031
588776067,1.55896,1.20630,1.99994,-9.4580,-0.9160,94.5878,0.32446,-0.93994,0.28528,-22.1679,-27.7939,18.2061
588777067,1.34619,0.15283,1.99994,37.8244,-54.0763,98.0000,0.33228,-0.94263,0.27734,-23.3511,-30.4427,18.7557
588778068,0.82153,-0.25757,1.99994,42.3130,-100.2214,101.1221,0.33984,-0.94580,0.26880,-24.5344,-32.8931,19.2672
588779067,0.41040,0.10828,1.99994,20.6183,-116.0000,106.6641,0.34729,-0.94934,0.25806,-25.7176,-35.1374,19.7634
588780068,0.10120,0.40552,1.99994,25.0992,-115.1908,109.4885,0.35376,-0.95349,0.24780,-26.8550,-37.1832,20.2290
588781068,-0.24622,-0.18445,1.79822,52.3740,-113.8550,112.6489,0.35913,-0.95923,0.23804,-27.9160,-39.0534,20.6336
588782067,-0.50684,-1.25671,0.48596,60.1603,-104.4656,114.9847,0.36414,-0.96533,0.22644,-28.9313,-40.7328,21.0153
588783067,-0.83972,-1.62000,-0.59045,31.3588,-77.8092,115.0000,0.36914,-0.97144,0.21448,-29.8855,-42.2595,21.3588
588784068,-0.75073,-1.21191,-0.44373,-18.4656,-34.2595,117.1527,0.37317,-0.97876,0.20203,-30.7481,-43.6565,21.6336
588785067,-0.28271,-0.84253,0.41223,-56.7252,-2.4809,123.9237,0.37683,-0.98682,0.18738,-31.4962,-44.9084,21.8702
588786067,0.02332,-1.12451,0.88989,-64.3511,2.1908,130.4962,0.38013,-0.99548,0.17188,-32.1374,-46.0229,22.0458
588787068,0.24097,-1.57788,1.64441,-54.0153,1.5115,131.0229,0.38306,-1.00403,0.15649,-32.6794,-47.0153,22.1679
588788068,0.64905,-1.82153,1.99994,-56.2366,5.4198,130.0611,0.38635,-1.01160,0.14111,-33.1145,-47.8626,22.2595
588789068,0.93994,-1.98242,1.99994,-78.6107,-0.8244,133.3588,0.38867,-1.01880,0.12500,-33.4351,-48.5954,22.3282
588790068,0.91260,-1.94727,1.99994,-89.0076,-24.5038,134.3969,0.39062,-1.02539,0.10962,-33.6412,-49.2214,22.3206
588791067,0.97717,-1.77515,1.99994,-67.8168,-56.6336,127.9313,0.39209,-1.03052,0.09570,-33.7328,-49.7328,22.2824
588792067,1.24561,-1.81616,1.99994,-50.9695,-85.3893,122.7634,0.39294,-1.03516,0.08118,-33.7252,-50.1221,22.2290
588793067,1.46680,-1.83960,1.99994,-70.7710,-99.9924,125.5267,0.39429,-1.03955,0.06555,-33.6412,-50.4198,22.1221
588794068,1.59094,-1.54797,1.99994,-112.6870,-107.4656,135.8244,0.39575,-1.04333,0.04980,-33.4733,-50.6183,21.9389
588795068,1.11743,-1.48022,1.99994,-156.7557,-136.4962,154.1069,0.39722,-1.04639,0.03418,-33.1908,-50.7328,21.7252
588796067,0.28381,-2.00000,1.99994,-183.9160,-166.7863,170.1221,0.39868,-1.04907,0.01990,-32.8550,-50.7328,21.4962
588797068,0.17346,-2.00000,1.99994,-184.8855,-180.5954,173.2672,0.39990,-1.05151,0.00696,-32.4885,-50.6107,21.2595
588798068,0.31372,-2.00000,1.99994,-200.9389,-192.3282,174.2366,0.40112,-1.05359,-0.00769,-32.0840,-50.3817,21.0153
588799068,0.13989,-2.00000,1.99994,-240.8473,-210.0153,182.2443,0.40271,-1.05542,-0.02429,-31.6336,-50.0611,20.7481
588800068,-0.27368,-1.53040,1.29724,-250.1374,-223.4351,187.8550,0.40479,-1.05762,-0.04028,-31.1298,-49.6489,20.4733
588801068,-0.67859,-1.87256,0.61108,-227.1908,-224.0840,186.2595,0.40686,-1.06079,-0.05542,-30.5802,-49.1221,20.1832
588802067,-0.77173,-2.00000,0.28638,-209.5115,-210.5954,178.5649,0.40906,-1.06409,-0.07068,-29.9924,-48.4962,19.9008
588803068,-0.94238,-2.00000,-0.14404,-212.3206,-193.9847,167.4046,0.41052,-1.06726,-0.08594,-29.4198,-47.7863,19.6107
588804068,-1.11377,-2.00000,-0.74939,-207.0000,-178.5344,149.8702,0.41077,-1.07092,-0.10181,-28.8397,-47.0000,19.3282
588805068,-0.91443,-1.06494,-0.81372,-175.7252,-161.1985,129.2061,0.41089,-1.07483,-0.11792,-28.2672,-46.1298,19.0763
588806068,-0.85938,-1.26038,-0.63843,-143.9313,-155.8244,121.2214,0.41089,-1.07922,-0.13281,-27.7023,-45.1908,18.8321
588807067,-0.98181,-2.00000,-0.29309,-137.9924,-148.7328,123.0229,0.40906,-1.08374,-0.14783,-27.1221,-44.1679,18.6183
588808067,-0.89563,-2.00000,0.06360,-149.8015,-138.7863,118.8473,0.40649,-1.08899,-0.16382,-26.5573,-43.1069,18.4504
588809068,-0.75989,-2.00000,-0.12866,-161.3359,-131.3282,105.8855,0.40393,-1.09436,-0.17969,-25.9847,-42.0153,18.2748
588810068,-0.63123,-2.00000,0.06250,-164.6412,-126.9237,95.1145,0.40210,-1.09973,-0.19568,-25.4198,-40.9084,18.0840
588811068,-0.45789,-1.12939,0.42896,-173.1603,-132.4046,99.1679,0.40063,-1.10559,-0.21301,-24.8779,-39.7710,17.9237
588812067,-0.16724,-0.85229,0.35962,-203.9847,-139.2595,117.2214,0.39880,-1.11035,-0.23193,-24.3893,-38.6183,17.8015
588813067,-0.10583,-0.90173,0.27551,-235.4504,-149.5115,132.8779,0.39636,-1.11353,-0.25159,-23.9542,-37.4580,17.7328
588814067,-0.10706,-1.04297,0.53833,-239.6260,-152.4809,137.1985,0.39355,-1.11609,-0.27026,-23.5954,-36.3282,17.6718
588815068,0.08728,-1.39307,0.69409,-230.2672,-155.5573,137.1450,0.39001,-1.11877,-0.28809,-23.3359,-35.2290,17.6031
588816068,-0.20325,-1.45825,0.38464,-224.8397,-167.3130,135.8015,0.38538,-1.12158,-0.30505,-23.1374,-34.1298,17.5115
588817067,-0.45886,-1.12732,-0.17944,-216.0611,-173.3588,132.8550,0.38062,-1.12378,-0.32275,-23.0076,-33.0611,17.4198
588818067,-0.53625,-0.83508,-1.21606,-204.1221,-181.8855,130.8244,0.37744,-1.12524,-0.34131,-22.9847,-32.0076,17.3359
588819067,-1.08777,-0.91931,-2.00000,-187.0458,-200.2595,128.3511,0.37537,-1.12720,-0.35889,-23.0763,-30.9924,17.2214
588820068,-1.50574,-1.45337,-2.00000,-153.8702,-207.5878,120.7099,0.37390,-1.12891,-0.37622,-23.2519,-30.0076,17.0916
588821068,-1.69543,-2.00000,-2.00000,-122.0153,-198.8702,109.8626,0.37195,-1.12976,-0.39319,-23.4885,-29.0763,16.9389
588822068,-1.77649,-2.00000,-2.00000,-111.1221,-175.5878,100.6565,0.36938,-1.13086,-0.40967,-23.8015,-28.1679,16.7863
588823068,-1.91626,-2.00000,-2.00000,-112.6794,-147.3969,89.1603,0.36646,-1.13184,-0.42590,-24.1908,-27.2672,16.6412
588824068,-2.00000,-2.00000,-2.00000,-109.8702,-123.0534,68.8626,0.36389,-1.13269,-0.44299,-24.6565,-26.3893,16.5038
588825068,-2.00000,-2.00000,-2.00000,-94.9313,-88.7023,42.2901,0.36157,-1.13477,-0.46033,-25.1985,-25.5344,16.3359
588826064,-2.00000,-2.00000,-2.00000,-77.5115,-57.4351,20.2824,0.35974,-1.13794,-0.47742,-25.8092,-24.6870,16.1527
588827069,-1.86646,-2.00000,-2.00000,-67.3740,-40.0534,6.4275,0.35864,-1.14124,-0.49500,-26.4580,-23.8397,15.9313
588828064,-1.48730,-2.00000,-2.00000,-54.2290,-32.0763,-6.8702,0.35754,-1.14551,-0.51270,-27.1298,-23.0000,15.6947
588829069,-1.20715,-2.00000,-1.90674,-35.9084,-25.4351,-19.9313,0.35559,-1.15076,-0.53052,-27.8168,-22.1603,15.4351
588830068,-0.93201,-1.71094,-1.31018,-27.2595,-13.3893,-26.8168,0.35303,-1.15601,-0.54895,-28.5191,-21.3359,15.1603
588831068,-0.73096,-1.20947,-1.07458,-27.6489,-4.4809,-24.7099,0.35022,-1.16211,-0.56836,-29.2748,-20.4885,14.8931
588832067,-0.64465,-0.96313,-1.18896,-26.9237,-4.4885,-16.9466,0.34802,-1.16821,-0.58728,-30.0916,-19.6489,14.6031
588833067,-0.65515,-0.90002,-1.16479,-27.7405,-11.4427,-7.8626,0.34509,-1.17456,-0.60657,-30.9389,-18.8168,14.2977
588834067,-0.73389,-0.98291,-0.86450,-33.3511,-18.3969,0.0076,0.34094,-1.18164,-0.62598,-31.8168,-18.0000,13.9695
588835068,-0.81055,-1.23706,-0.37109,-41.1679,-21.0534,6.3664,0.33679,-1.18909,-0.64441,-32.6870,-17.1985,13.6336
588836068,-0.80627,-1.71436,-0.00586,-50.1832,-23.8397,12.6718,0.33276,-1.19727,-0.66284,-33.5878,-16.4351,13.3206
588837067,-0.77930,-2.00000,0.00085,-58.9084,-26.0992,14.9237,0.32874,-1.20605,-0.68237,-34.5344,-15.6718,13.0382
588838068,-0.79309,-2.00000,-0.14185,-62.1679,-22.5115,9.3893,0.32458,-1.21570,-0.70239,-35.5344,-14.9160,12.7634
588839068,-0.79065,-2.00000,-0.13196,-61.5802,-15.2977,0.4046,0.31982,-1.22595,-0.72266,-36.5496,-14.1603,12.5115
588840067,-0.61963,-1.80078,0.01367,-60.6641,-8.3435,-7.8168,0.31519,-1.23572,-0.74329,-37.5725,-13.4351,12.2595
588841067,-0.63647,-1.07886,-0.01843,-59.6107,-10.6565,-16.1756,0.31104,-1.24573,-0.76404,-38.6183,-12.7634,12.0076
588842067,-0.86926,-0.14246,-0.14526,-55.1527,-16.6947,-20.0611,0.30688,-1.25610,-0.78540,-39.6794,-12.1221,11.7786
588843067,-0.78186,-0.49792,0.13318,-41.8473,-18.7099,-14.0687,0.30286,-1.26648,-0.80798,-40.7099,-11.4733,11.5191
588844068,-0.91113,-2.00000,-0.29724,13.4351,-41.1221,-20.2137,0.29932,-1.27783,-0.83167,-41.7252,-10.8244,11.2672
588845068,-0.94336,-2.00000,-0.87756,32.0458,-39.3511,-37.0382,0.29639,-1.28979,-0.85571,-42.7176,-10.2061,11.0229
588846068,-1.03528,-0.81445,-1.06152,20.9389,-28.0611,-40.5420,0.29321,-1.30054,-0.87988,-43.6641,-9.6107,10.7939
588847067,-1.00061,-0.49377,-0.81311,-1.4046,-10.9618,-31.4122,0.29004,-1.30994,-0.90515,-44.5496,-9.0229,10.5725
588848067,-0.88208,-1.10962,-0.71228,-3.6260,-2.5115,-25.6260,0.28796,-1.31873,-0.93091,-45.4198,-8.4046,10.3435
588849068,-0.88257,-1.85339,-0.87793,6.7328,1.6031,-30.0229,0.28333,-1.33435,-0.98303,-47.1374,-7.0534,9.8244
588850068,-0.83789,-2.00000,-0.99536,0.3206,10.7939,-38.2672,0.28137,-1.34180,-1.00867,-47.9466,-6.3664,9.5725
588851067,-0.67822,-1.32336,-0.95227,-23.0153,26.0153,-43.4733,0.27954,-1.34973,-1.03430,-48.7634,-5.6565,9.2977
588852067,-0.65649,-0.20166,-0.65967,-37.6336,33.9313,-41.9695,0.27722,-1.35669,-1.05957,-49.6260,-4.8931,9.0000
588853068,-0.74548,0.12537,-0.28638,-29.7023,33.7176,-34.6641,0.27466,-1.36145,-1.08386,-50.5115,-4.0916,8.6794
588854067,-0.75427,-0.93994,0.10083,-11.8626,33.5267,-24.8931,0.27161,-1.36523,-1.10803,-51.4427,-3.2519,8.3206
588855067,-0.71497,-2.00000,0.39612,-4.3664,36.4198,-20.4046,0.26917,-1.36877,-1.13281,-52.4275,-2.3359,7.8855
588856067,-0.54272,-2.00000,0.59326,-12.8092,43.3053,-25.6947,0.26672,-1.37231,-1.15723,-53.4656,-1.3435,7.4427
588857067,-0.50684,-1.99487,0.51917,-20.2595,41.1908,-35.6641,0.26282,-1.37622,-1.18103,-54.5649,-0.3206,6.9771
588858067,-0.57922,-0.95496,0.34119,-14.4046,29.5573,-40.9237,0.25793,-1.38049,-1.20483,-55.7099,0.7481,6.4733
588859068,-0.50793,-1.09570,0.48547,-6.0382,16.8550,-37.5344,0.25293,-1.38477,-1.22925,-56.8931,1.8855,5.9389
588860067,-0.96399,-2.00000,0.62256,-16.1298,0.1374,-31.3893,0.24792,-1.38867,-1.25330,-58.1527,3.1069,5.3740
588861068,-1.22778,-2.00000,0.90125,-43.3206,2.2595,-33.6794,0.24133,-1.39258,-1.27673,-59.4656,4.3969,4.7863
588862068,-0.67200,-2.00000,1.54773,-65.5878,20.8855,-44.0000,0.23425,-1.39722,-1.29993,-60.8015,5.7252,4.1603
588863068,-0.81543,-2.00000,1.08191,-75.9313,13.0000,-51.7939,0.22778,-1.40222,-1.32422,-62.1832,7.0992,3.5191
588864068,-0.93091,-1.60303,0.33740,-73.5573,6.1298,-54.5038,0.22009,-1.40662,-1.34900,-63.6183,8.5496,2.8397
588865068,-0.52087,-1.18396,0.63696,-62.1527,2.6031,-58.0305,0.21094,-1.41113,-1.37280,-65.0916,10.0763,2.1298
588866068,-0.56396,-0.70447,0.55945,-61.7786,-11.3969,-58.7405,0.20142,-1.41589,-1.39587,-66.5954,11.6947,1.3969
588867067,-0.28943,-0.47461,0.06531,-68.5649,-16.9466,-56.5191,0.19312,-1.42126,-1.41895,-68.1221,13.3664,0.6565
588868068,-0.25378,-0.29529,-0.30457,-57.7863,-29.7176,-57.5420,0.18579,-1.42664,-1.44092,-69.6870,15.0840,-0.0992
588869067,-0.63464,-0.11804,-0.42896,-38.2137,-36.7328,-59.5038,0.17871,-1.43115,-1.46252,-71.2672,16.8779,-0.9008
588870068,-0.59229,0.14990,-0.37537,-35.9084,-26.9466,-57.8626,0.17212,-1.43652,-1.48486,-72.8015,18.7481,-1.6947
588871068,-0.73486,0.43262,-0.79590,-47.6107,-16.6565,-50.9008,0.16614,-1.44226,-1.50732,-74.3130,20.7176,-2.4733
588872068,-0.90515,0.50293,-1.37305,-51.3740,-3.9160,-44.1527,0.15991,-1.44727,-1.53003,-75.8473,22.7939,-3.2595
588873068,-0.82043,0.42188,-1.70862,-44.4733,6.8550,-40.9542,0.15356,-1.45239,-1.55200,-77.3588,24.9313,-4.0840
588874068,-0.84863,0.02612,-2.00000,-40.1679,11.0458,-38.2366,0.14648,-1.45776,-1.57361,-78.8015,27.1374,-4.8855
588875067,-0.83411,-0.19250,-2.00000,-43.0534,22.5878,-38.3206,0.13916,-1.46191,-1.59473,-80.2137,29.4504,-5.6641
588876067,-0.66052,0.18555,-1.36487,-49.2214,37.2824,-39.7939,0.13330,-1.46448,-1.61426,-81.5954,31.9008,-6.4351
588877068,-0.43616,0.70593,-0.88538,-55.0534,51.0687,-37.1832,0.12805,-1.46619,-1.63281,-82.9313,34.4733,-7.2061
588878067,-0.34265,0.88354,-0.74683,-54.5802,61.0229,-30.8931,0.12256,-1.46729,-1.64990,-84.2290,37.1756,-7.9695
588879067,-0.24194,0.63037,-0.63477,-45.2672,70.3893,-25.6718,0.11731,-1.46753,-1.66675,-85.5191,40.0458,-8.7481
588880068,0.00439,0.26123,-0.33704,-37.4198,78.0153,-22.5191,0.11267,-1.46777,-1.68335,-86.7863,43.0763,-9.5496
588881068,-0.11255,0.19690,-0.18860,-36.6565,72.9389,-21.0458,0.10889,-1.46826,-1.69861,-88.0000,46.2214,-10.3130
588882067,-0.46448,0.62610,-0.20850,-31.0000,62.8550,-21.6870,0.10498,-1.46936,-1.71179,-89.1985,49.4504,-11.0534
588883068,-0.42542,1.45020,0.07166,-17.5802,56.4046,-22.1450,0.10120,-1.47034,-1.72375,-90.3969,52.8473,-11.7863
588884067,-0.23718,1.64087,0.75610,-7.3817,48.7634,-12.2824,0.09790,-1.47192,-1.73535,-91.5954,56.4275,-12.5420
588885068,-0.50110,-0.61108,1.26868,-4.2824,33.8015,11.3740,0.09436,-1.47388,-1.74707,-92.7557,60.1756,-13.2824
588886068,-0.74622,-2.00000,0.88818,-7.6565,20.5802,19.8321,0.09045,-1.47473,-1.75903,-93.8855,64.0992,-14.0076
588887068,-0.69543,-2.00000,0.31250,-9.1527,20.5267,-1.5344,0.08655,-1.47473,-1.76990,-94.9924,68.1756,-14.7176
588888068,-0.96411,-0.88879,-0.42712,-11.2672,14.9008,-20.7481,0.08167,-1.47583,-1.78027,-96.0687,72.4122,-15.4046
588889068,-0.99744,-0.18469,-0.90063,-27.7863,11.1221,-10.8473,0.07605,-1.47742,-1.78992,-97.1374,76.7099,-16.0534
588890068,-0.70203,-1.60742,-0.49878,-53.5420,4.8855,5.8626,0.07153,-1.47888,-1.79773,-98.1679,81.0076,-16.6947
588891068,-0.60730,-2.00000,-0.32190,-59.2137,-0.2443,-1.1908,0.06714,-1.47998,-1.80469,-99.1374,85.5878,-17.3664
588892067,-0.84253,-1.73425,-0.79419,-53.1374,0.9466,-25.7252,0.06201,-1.48096,-1.81116,-100.0382,90.4885,-18.0382
588893068,-1.14893,0.01123,-1.45679,-57.9160,13.8397,-43.0229,0.05713,-1.48169,-1.81580,-100.8702,95.5649,-18.7252
588894068,-1.65344,1.13477,-1.93555,-58.2748,25.9618,-39.3282,0.05273,-1.48169,-1.81885,-101.6412,100.7405,-19.3969
588895067,-2.00000,-0.15137,-2.00000,-39.8855,22.9771,-18.0611,0.04797,-1.48157,-1.82129,-102.3359,106.0229,-20.0763
588896068,-2.00000,-2.00000,-2.00000,-18.8855,43.1527,-1.3359,0.04248,-1.48145,-1.82422,-103.0000,111.4122,-20.7634
588897068,-2.00000,-2.00000,-0.48633,-7.5573,78.7099,-13.3664,0.03784,-1.48145,-1.82703,-103.6031,116.9160,-21.4809
588898068,-1.91931,-2.00000,-0.79077,-13.0840,95.9618,-45.1603,0.03333,-1.48157,-1.82776,-104.1450,122.5267,-22.1985
588899068,-2.00000,0.55847,-2.00000,-31.1069,92.0229,-57.6718,0.02795,-1.48132,-1.82629,-104.6260,128.2214,-22.9160
588900068,-2.00000,1.60229,-2.00000,-39.6489,75.7710,-39.1603,0.02173,-1.48108,-1.82507,-105.0611,134.0153,-23.6336
588901068,-2.00000,-0.86755,-2.00000,-33.9008,66.9542,-21.5725,0.01550,-1.48071,-1.82532,-105.4198,139.9008,-24.3435
588902067,-1.57996,-2.00000,-1.42432,-37.9313,58.8473,-29.9237,0.00916,-1.48035,-1.82520,-105.6947,145.8702,-25.0458
588903068,-1.79346,-2.00000,-1.39697,-54.5573,58.5496,-58.7634,0.00244,-1.47815,-1.82361,-105.9313,151.8855,-25.7557
588904067,-2.00000,-1.49512,-1.67578,-63.0992,80.2977,-85.8931,-0.00549,-1.47424,-1.82153,-106.1679,157.9084,-26.4885
588905068,-1.66101,0.35205,-1.40100,-49.1527,117.3435,-96.6947,-0.01343,-1.47083,-1.81921,-106.4351,163.9847,-27.2366
588906068,-1.41138,0.92432,-1.31812,-23.0153,138.6489,-91.5115,-0.02112,-1.46936,-1.81555,-106.7023,170.1221,-28.0000
588907067,-1.56580,-0.03516,-1.95386,-4.5649,143.2824,-79.1679,-0.02893,-1.46826,-1.81140,-106.9618,176.2214,-28.7481
588908067,-1.68469,-1.12915,-2.00000,0.6794,145.9847,-70.6183,-0.03723,-1.46509,-1.80615,-107.2519,182.2901,-29.5038
588909067,-1.83252,-1.03271,-2.00000,-2.5878,140.0382,-66.7176,-0.04626,-1.46167,-1.79883,-107.6031,188.3359,-30.2137
588910067,-1.70996,-0.27869,-2.00000,-12.4122,136.3511,-57.0687,-0.05493,-1.45959,-1.79077,-107.9924,194.3740,-30.9084
588911068,-1.02148,0.15662,-0.25830,-19.6107,141.7176,-41.1527,-0.06348,-1.45715,-1.78198,-108.4275,200.3817,-31.5649
588912068,-0.56982,0.32581,0.64319,-30.2595,133.5496,-25.1527,-0.07227,-1.45459,-1.77246,-108.9542,206.3435,-32.1985
588913068,-1.15613,0.30188,-1.42505,-58.6336,109.5725,-11.7939,-0.08081,-1.45215,-1.76184,-109.5344,212.2290,-32.8397
588914068,-2.00000,0.00476,-2.00000,-77.0305,93.0992,-10.0763,-0.08972,-1.44873,-1.75159,-110.1603,218.0611,-33.4427
588915068,-2.00000,-0.46753,-2.00000,-59.7557,101.4733,-25.3893,-0.09961,-1.44556,-1.74243,-110.8168,223.8397,-34.0153
588916067,-2.00000,-1.18689,-2.00000,-37.2595,106.6260,-42.5115,-0.10901,-1.44434,-1.73169,-111.4809,229.5573,-34.5573
588917068,-2.00000,-2.00000,-2.00000,-27.4809,110.4580,-54.0916,-0.11768,-1.44421,-1.72009,-112.1374,235.2290,-35.0840
588918068,-2.00000,-2.00000,-2.00000,1.3359,136.6641,-73.0229,-0.12598,-1.44434,-1.70886,-112.7710,240.9008,-35.5878
588919068,-2.00000,-1.36426,-2.00000,45.3817,175.1756,-97.4351,-0.13293,-1.44568,-1.69690,-113.3511,246.5573,-36.0687
588920064,-2.00000,0.12671,-2.00000,65.9466,185.3435,-106.6336,-0.13867,-1.44714,-1.68481,-113.8550,250.1298,-36.5191
588921065,-2.00000,0.42004,-2.00000,78.4885,185.4656,-101.2824,-0.14404,-1.44763,-1.67163,-114.2901,250.1298,-36.9542
588922065,-2.00000,-0.67419,-2.00000,106.1985,231.0000,-100.1374,-0.14978,-1.44702,-1.65698,-114.6412,250.1298,-37.3817
588923068,-2.00000,-1.65686,-2.00000,110.8779,250.1298,-105.5344,-0.15576,-1.44531,-1.64307,-114.8702,250.1298,-37.7557
588924068,-2.00000,-1.27148,-2.00000,74.7099,250.1298,-110.9389,-0.16211,-1.44409,-1.62866,-114.9924,250.1298,-38.0992
588925068,-2.00000,0.38538,-2.00000,33.4733,250.1298,-111.7099,-0.16870,-1.44397,-1.61255,-115.0229,250.1298,-38.4275
588926068,-1.86890,1.91748,-2.00000,18.2443,250.1298,-103.0992,-0.17505,-1.44446,-1.59509,-115.0000,250.1298,-38.7176
588927068,-1.42151,1.80054,-1.18652,23.8092,250.1298,-87.2519,-0.18103,-1.44629,-1.57642,-114.9847,250.1298,-38.9542
588928067,-1.59631,0.07532,-0.73425,23.4809,250.1298,-70.6260,-0.18750,-1.44873,-1.55786,-114.9618,250.1298,-39.1527
588929067,-1.54236,-1.35559,-1.16345,3.5420,250.1298,-58.2214,-0.19507,-1.45117,-1.53943,-114.9008,250.1298,-39.3130
588930067,-1.45715,-0.72339,-0.99561,-30.5573,250.1298,-51.5344,-0.20264,-1.45398,-1.52014,-114.8015,250.1298,-39.4275
588931068,-1.29871,1.29919,0.32764,-59.4885,250.1298,-40.8855,-0.21057,-1.45715,-1.50098,-114.6565,250.1298,-39.4885
588932067,0.01099,1.99994,1.99994,-64.9389,250.1298,-18.4275,-0.21899,-1.46143,-1.48352,-114.4809,250.1298,-39.5038
588933067,0.42542,1.99994,1.99994,-53.0840,250.1298,6.0611,-0.22754,-1.46680,-1.46777,-114.2672,250.1298,-39.5038
588934067,-0.56372,0.96960,0.18140,-40.2595,230.1985,22.3817,-0.23755,-1.47192,-1.45190,-114.0000,250.1298,-39.4656
588935067,-1.45923,-0.18250,-2.00000,-16.4656,202.3664,16.1450,-0.24756,-1.47620,-1.43604,-113.7176,250.1298,-39.3740
588936068,-2.00000,-0.54932,-2.00000,19.6412,187.7252,-9.9771,-0.25659,-1.47986,-1.42078,-113.4504,250.1298,-39.2672
588937068,-2.00000,-0.29175,-2.00000,51.4733,182.6947,-39.1298,-0.26636,-1.48303,-1.40637,-113.2214,250.1298,-39.1679
588938068,-2.00000,0.86938,-2.00000,78.7939,187.5344,-63.0611,-0.27661,-1.48718,-1.39319,-113.0534,250.1298,-39.0840
588939068,-2.00000,1.77991,-2.00000,120.9008,238.7939,-80.0611,-0.28564,-1.49158,-1.37915,-112.9008,250.1298,-38.9924
588940068,-1.83655,1.87183,-1.53162,155.1374,250.1298,-84.5573,-0.29333,-1.49475,-1.36304,-112.7634,250.1298,-38.8779
588941068,-2.00000,1.11401,-2.00000,164.5344,250.1298,-73.0153,-0.30139,-1.49719,-1.34558,-112.6794,250.1298,-38.8015
588942068,-2.00000,-0.08667,-2.00000,173.5802,250.1298,-62.6641,-0.30981,-1.49841,-1.32605,-112.6489,250.1298,-38.7328
588943068,-2.00000,-0.98877,-2.00000,191.3817,250.1298,-60.4351,-0.31824,-1.49805,-1.30505,-112.6641,250.1298,-38.7023
588944068,-2.00000,-1.29797,-2.00000,158.4504,250.1298,-51.4351,-0.32544,-1.49622,-1.28357,-112.7176,250.1298,-38.7099
588945068,-2.00000,-0.39807,-1.85803,64.2366,250.1298,-27.5038,-0.33167,-1.49231,-1.25977,-112.8550,250.1298,-38.7557
588946068,-2.00000,0.83191,-1.46558,-2.5878,250.1298,-2.0840,-0.33740,-1.48669,-1.23169,-113.1374,250.1298,-38.9084
588947067,-2.00000,1.75281,-1.38611,6.4351,250.1298,6.8015,-0.34265,-1.48010,-1.20007,-113.5649,250.1298,-39.1756
588948067,-1.60779,1.82996,0.61108,18.2977,250.1298,13.4962,-0.34900,-1.47192,-1.16577,-114.1298,250.1298,-39.5267
588949067,-0.80981,1.10303,1.98059,-20.3664,250.1298,29.8015,-0.35693,-1.46326,-1.12891,-114.8626,250.1298,-39.9542
588950067,-0.95056,0.66895,0.95813,-73.3053,250.1298,42.1679,-0.37537,-1.44812,-1.04675,-116.9237,250.1298,-41.2214
588951067,-0.46094,1.64246,0.23584,-62.7710,250.1298,34.9313,-0.38538,-1.44238,-1.00269,-118.2901,250.1298,-42.0534
588952068,0.44775,1.99994,1.99994,19.7557,250.1298,18.0458,-0.39514,-1.43799,-0.95825,-119.8244,250.1298,-43.0000
588953067,0.49353,1.99994,1.99994,121.5802,250.1298,16.4809,-0.40540,-1.43494,-0.91443,-121.5115,250.1298,-44.0687
588954067,0.08301,1.99994,1.99994,196.1450,250.1298,31.6565,-0.41638,-1.43384,-0.87097,-123.3206,250.1298,-45.2748
588955065,-0.86865,0.14844,-0.03223,239.7634,249.8931,38.0992,-0.42822,-1.43665,-0.82751,-125.2290,250.1298,-46.6183
588956064,-2.00000,-0.72522,-2.00000,250.1298,218.6107,27.8702,-0.43970,-1.44336,-0.78516,-127.1832,250.1298,-48.0916
588957069,-2.00000,-0.75696,-2.00000,250.1298,231.6031,12.2824,-0.45093,-1.45288,-0.74512,-129.1145,250.1298,-49.6565
588958068,-2.00000,-0.60669,-2.00000,242.9542,250.1298,4.4962,-0.46289,-1.46509,-0.70703,-130.9313,250.1298,-51.2748
588959068,-2.00000,-0.02637,-2.00000,203.8321,250.1298,7.2748,-0.47461,-1.48010,-0.66980,-132.5802,250.1298,-52.9313
588960068,-2.00000,1.08716,-2.00000,137.8015,250.1298,21.8855,-0.48572,-1.49683,-0.63477,-134.0305,250.1298,-54.6565
588961068,-2.00000,1.37085,-2.00000,72.9618,250.1298,45.4504,-0.49780,-1.51489,-0.60291,-135.2366,250.1298,-56.4504
588962067,-2.00000,0.18140,-2.00000,41.1679,250.1298,67.3588,-0.51123,-1.53345,-0.57300,-136.1832,250.1298,-58.2977
588963068,-2.00000,-1.29077,-1.83228,27.1374,250.1298,83.8321,-0.52466,-1.55115,-0.54199,-136.8473,250.1298,-60.1908
588964068,-1.31226,-1.61609,1.43127,-20.0382,250.1298,103.4656,-0.53662,-1.56812,-0.51062,-137.1908,250.1298,-62.1069
588965068,-1.01013,-0.31201,1.46826,-72.6412,250.1298,122.7176,-0.54675,-1.58362,-0.48047,-137.2214,250.1298,-64.0534
588966068,-1.46741,1.35095,0.11511,-57.3588,250.1298,131.2214,-0.55566,-1.59668,-0.44934,-136.9542,250.1298,-66.0076
588967068,-0.91052,1.99994,1.60010,18.7939,250.1298,128.0687,-0.56396,-1.60718,-0.41626,-136.4046,250.1298,-68.0229
588968067,0.42517,1.99994,1.99994,78.2443,250.1298,125.2595,-0.57166,-1.61487,-0.38159,-135.6260,250.1298,-70.0992
588969067,1.32080,1.45715,1.99994,120.1756,250.1298,121.9542,-0.57983,-1.61938,-0.34399,-134.6565,250.1298,-72.2443
588970067,-0.36108,-0.95056,1.99994,185.7939,250.1298,105.0992,-0.58838,-1.62012,-0.30200,-133.5267,250.1298,-74.4580
588971065,-2.00000,-2.00000,-0.10400,243.2443,250.1298,67.8244,-0.59619,-1.61633,-0.25708,-132.2977,250.1298,-76.7176
588972065,-2.00000,-2.00000,-2.00000,250.1298,250.1298,20.9618,-0.60315,-1.60815,-0.21021,-131.0840,250.1298,-79.0000
588973065,-2.00000,-0.70203,-2.00000,250.1298,250.1298,-12.3282,-0.61108,-1.59644,-0.16016,-129.9695,250.1298,-81.3206
588974069,-2.00000,-0.11841,-1.17249,250.1298,250.1298,-15.8397,-0.62085,-1.58167,-0.10620,-129.0382,250.1298,-83.6947
588975068,-1.97888,-1.05994,-0.41235,250.1298,250.1298,-5.8702,-0.63098,-1.56519,-0.05029,-128.3664,250.1298,-86.1374
588976068,-2.00000,-2.00000,-2.00000,241.6336,250.1298,26.2366,-0.64111,-1.54724,0.00720,-127.9924,250.1298,-88.6412
588977068,-2.00000,-1.67383,-2.00000,153.7176,250.1298,47.6870,-0.65186,-1.52710,0.06592,-127.9389,250.1298,-91.0458
588978067,-2.00000,-0.91760,-2.00000,89.9313,250.1298,67.6031,-0.66199,-1.50574,0.12610,-128.2443,250.1298,-93.3740
588979068,-2.00000,-0.64807,-1.37976,74.8015,250.1298,82.5038,-0.67126,-1.48413,0.18799,-128.9237,250.1298,-95.7634
588980068,-2.00000,-0.59863,-0.40356,85.2519,250.1298,88.4198,-0.68005,-1.46240,0.25049,-129.9924,250.1298,-98.2748
588981068,-2.00000,-1.00684,-1.19641,78.7252,250.1298,91.1756,-0.68787,-1.44189,0.31287,-131.3969,250.1298,-100.7481
588982068,-2.00000,-1.79871,-1.19019,56.6336,250.1298,85.9389,-0.69458,-1.42395,0.37512,-133.0840,250.1298,-103.1450
588983067,-2.00000,-2.00000,0.69543,55.2595,250.1298,67.3435,-0.70129,-1.40833,0.43750,-135.0382,250.1298,-105.4504
588984068,-1.51172,-2.00000,1.99994,79.2290,250.1298,45.6947,-0.70764,-1.39441,0.49890,-137.2290,250.1298,-107.7176
588985068,-1.16077,-2.00000,1.99994,107.3206,250.1298,22.2061,-0.71313,-1.38330,0.55811,-139.5954,250.1298,-109.9237
588986067,-1.52551,-1.74170,1.99994,159.7405,250.1298,-7.7023,-0.71741,-1.37561,0.61719,-142.0763,250.1298,-112.0076
588987067,0.37512,-0.07056,1.99994,216.3969,250.1298,-27.8397,-0.72070,-1.37109,0.67615,-144.5954,250.1298,-113.9771
588988065,1.10718,0.04456,1.99994,211.3740,250.1298,-19.4198,-0.72424,-1.36987,0.73340,-147.0611,250.1298,-115.8244
588989069,-0.23792,-1.67529,1.99994,171.4122,250.1298,5.9389,-0.72791,-1.37231,0.78894,-149.4198,250.1298,-117.5496
588990067,-1.10242,-2.00000,1.99994,183.9160,250.1298,5.3817,-0.72986,-1.37842,0.84265,-151.6107,250.1298,-119.0916
588991068,-1.22046,-2.00000,1.99994,249.3435,250.1298,-28.1603,-0.73035,-1.38721,0.89441,-153.5496,250.1298,-120.4656
588992067,-1.28845,-2.00000,1.99994,250.1298,250.1298,-65.0458,-0.73022,-1.39917,0.94531,-155.1221,250.1298,-121.6718
588993067,-2.00000,-2.00000,1.99994,250.1298,250.1298,-71.3435,-0.72937,-1.41541,0.99475,-156.2901,250.1298,-122.7252
588994067,-2.00000,-2.00000,-0.20007,197.9771,250.1298,-55.6412,-0.72754,-1.43384,1.04309,-157.0000,250.1298,-123.6107
588995067,-2.00000,-2.00000,0.05188,146.6107,250.1298,-50.9466,-0.72473,-1.45325,1.09070,-157.2137,250.1298,-124.3511
588996068,-2.00000,-1.73718,1.99994,105.5802,250.1298,-48.3893,-0.72168,-1.47351,1.13757,-156.8779,250.1298,-124.9466
588997068,-2.00000,-2.00000,1.95544,42.0382,250.1298,-16.9695,-0.71790,-1.49255,1.18323,-155.9618,250.1298,-125.3817
588998067,-2.00000,-2.00000,-0.07593,-23.7099,250.1298,9.3969,-0.71277,-1.50940,1.22827,-154.4504,250.1298,-125.6718
588999068,-1.87292,-2.00000,0.83594,-17.8550,250.1298,-7.5725,-0.70691,-1.52454,1.27490,-152.3588,250.1298,-125.8626
589000067,-1.68054,0.67310,1.99994,41.5344,250.1298,-42.5420,-0.70081,-1.53735,1.32251,-149.7405,250.1298,-125.9542
589001067,-0.84888,1.99994,1.99994,75.8321,250.1298,-49.0382,-0.69470,-1.54663,1.37109,-146.5954,250.1298,-125.9618
589002067,-0.57336,1.05420,1.99994,87.3359,250.1298,-36.8779,-0.68896,-1.55176,1.41992,-143.0229,250.1298,-125.9466
589003065,-1.24683,-2.00000,1.99994,144.2366,250.1298,-47.0458,-0.68274,-1.55286,1.46960,-139.0840,250.1298,-125.8397
589004069,-1.82654,-2.00000,1.99994,229.9695,250.1298,-85.0534,-0.67542,-1.54956,1.52026,-134.8015,250.1298,-125.7252
589005068,-2.00000,-2.00000,-0.86694,250.1298,250.1298,-143.9695,-0.66833,-1.54150,1.57141,-130.2290,250.1298,-125.6336
589006068,-2.00000,-2.00000,-2.00000,250.1298,250.1298,-213.9924,-0.66248,-1.52844,1.62354,-125.4504,250.1298,-125.5878
589007067,-2.00000,-0.04956,-0.10193,250.1298,250.1298,-248.7710,-0.65723,-1.51111,1.67590,-120.5344,250.1298,-125.5725
589008067,-1.75549,1.99994,1.54077,250.1298,250.1298,-214.1450,-0.65247,-1.48901,1.72754,-115.5573,250.1298,-125.6336
589009067,-2.00000,-0.04724,-0.63464,170.4733,250.1298,-138.0305,-0.64819,-1.46277,1.77832,-110.6183,250.1298,-125.7710
589010067,-2.00000,-2.00000,-2.00000,99.8550,250.1298,-105.7176,-0.64490,-1.43372,1.82886,-105.7481,250.1298,-126.0000
589011067,-2.00000,-2.00000,-1.57849,72.1756,250.1298,-116.8092,-0.64258,-1.40247,1.88062,-100.9924,250.1298,-126.3435
589012067,-2.00000,-1.95337,-0.99182,27.9847,250.1298,-120.4427,-0.64075,-1.36938,1.93213,-96.3588,250.1298,-126.8321
589013068,-2.00000,0.92444,0.70532,-38.1603,250.1298,-101.3588,-0.63989,-1.33496,1.98169,-91.8931,250.1298,-127.4809
589014068,-1.22534,1.99994,1.99994,-68.8092,250.1298,-63.5191,-0.63940,-1.30005,1.99994,-87.6183,250.1298,-128.2366
589015067,-1.89294,1.05176,1.60132,-49.1298,250.1298,-32.3282,-0.63977,-1.26440,1.99994,-83.5496,250.1298,-129.1069
589016067,-2.00000,-1.94543,1.06946,3.0763,250.1298,-41.6489,-0.64160,-1.22839,1.99994,-79.6412,250.1298,-130.0687
589017067,-1.52209,-2.00000,1.99994,67.0611,250.1298,-90.1069,-0.64417,-1.19214,1.99994,-75.8855,250.1298,-131.1298
589018067,-1.46008,-1.78833,1.99994,111.2290,250.1298,-132.9618,-0.64734,-1.15564,1.99994,-72.2977,250.1298,-132.2595
589019067,-1.66248,-1.10510,1.87927,137.2443,250.1298,-153.7176,-0.65137,-1.12048,1.99994,-68.8321,250.1298,-133.4809
589020067,-0.90234,-0.82703,1.84338,215.4046,250.1298,-181.4733,-0.65662,-1.08728,1.99994,-65.4733,250.1298,-134.7481
589021067,-0.04993,0.05164,1.99994,250.1298,250.1298,-213.3053,-0.66199,-1.05542,1.99994,-62.1985,250.1298,-136.0229
589022065,-0.03601,0.85535,1.99994,250.1298,250.1298,-214.7405,-0.66736,-1.02576,1.99994,-58.9695,250.1298,-137.2595
589023069,-0.72241,0.71814,1.99994,175.5191,250.1298,-194.6412,-0.67407,-0.99792,1.99994,-55.7023,250.1298,-138.4275
589024068,-0.83850,0.53235,1.99994,181.6260,250.1298,-187.8473,-0.68201,-0.97241,1.99994,-52.4198,250.1298,-139.5115
589025068,0.41199,0.45325,1.99994,233.3588,250.1298,-182.3282,-0.68994,-0.94800,1.99994,-49.0916,250.1298,-140.5344
589026067,0.56018,-0.63562,1.99994,211.8779,250.1298,-151.4962,-0.69666,-0.92334,1.99994,-45.7176,250.1298,-141.4885
589027067,-1.61951,-2.00000,1.99994,139.6412,250.1298,-113.4351,-0.70190,-0.89856,1.99994,-42.3282,250.1298,-142.2977
589028065,-2.00000,-2.00000,1.06738,90.1985,250.1298,-96.7634,-0.70740,-0.87244,1.99994,-38.9466,250.1298,-142.9160
589029065,-1.60156,-1.08350,1.99994,57.2137,250.1298,-98.3359,-0.71326,-0.84473,1.99994,-35.5420,250.1298,-143.3359
589030063,-1.17090,0.81274,1.99994,22.6870,250.1298,-94.0153,-0.71948,-0.81543,1.99994,-32.1527,250.1298,-143.5878
589031066,-1.38745,0.62073,1.99994,-1.3588,250.1298,-75.7710,-0.72546,-0.78442,1.99994,-28.8168,250.1298,-143.6565
589032069,-0.25452,-1.19690,1.99994,-18.2443,250.1298,-56.9389,-0.73120,-0.75183,1.99994,-25.5420,250.1298,-143.5344
589033068,0.08142,-1.70715,1.99994,-28.7786,250.1298,-63.2824,-0.73718,-0.71741,1.99994,-22.3817,250.1298,-143.2443
589034068,-0.44983,-0.19397,1.99994,7.1756,250.1298,-94.8931,-0.74316,-0.68140,1.99994,-19.4046,250.1298,-142.7023
589035067,-0.25623,1.18335,1.99994,94.1298,250.1298,-130.3359,-0.74915,-0.64465,1.99994,-16.6489,250.1298,-141.9237
589036067,-0.10840,1.01428,1.99994,164.7405,250.1298,-144.0000,-0.75439,-0.60767,1.99994,-14.1450,250.1298,-140.9160
589037067,0.06714,-0.43591,1.99994,191.1679,250.1298,-139.3740,-0.75854,-0.57056,1.99994,-11.9160,250.1298,-139.7023
589038067,-0.96790,-2.00000,1.99994,213.5878,222.9084,-134.0840,-0.76282,-0.53271,1.99994,-9.9542,250.1298,-138.2672
589039067,-2.00000,-2.00000,0.09485,250.1298,181.6947,-151.0382,-0.76770,-0.49487,1.99994,-8.2672,250.1298,-136.6260
589040068,-2.00000,-2.00000,-2.00000,250.1298,194.5420,-201.1679,-0.77209,-0.45764,1.99994,-6.8779,250.1298,-134.7863
589041068,-2.00000,-2.00000,-2.00000,250.1298,250.1298,-246.4275,-0.77600,-0.42065,1.99994,-5.8015,250.1298,-132.7710
589042068,-2.00000,-0.37439,-0.05054,250.1298,250.1298,-241.0763,-0.78064,-0.38428,1.99994,-5.0153,250.1298,-130.5802
589043068,-2.00000,-1.20959,0.07581,249.6489,250.1298,-201.2824,-0.78491,-0.34790,1.99994,-4.5038,250.1298,-128.2366
589044068,-2.00000,-2.00000,-2.00000,203.6336,250.1298,-193.1298,-0.78918,-0.31226,1.99994,-4.2061,250.1298,-125.7786
589045068,-2.00000,-2.00000,-2.00000,234.0840,250.1298,-227.5344,-0.79480,-0.27966,1.99994,-4.0992,250.1298,-123.2061
589046068,-2.00000,-2.00000,0.03943,196.8015,250.1298,-250.1374,-0.80029,-0.24951,1.99994,-4.1985,250.1298,-120.5191
589047068,-1.51819,-2.00000,1.03699,82.7557,250.1298,-249.0992,-0.80408,-0.22083,1.99994,-4.4809,250.1298,-117.7099
589048068,-2.00000,-0.89978,1.11975,54.5573,250.1298,-240.6107,-0.80652,-0.19495,1.99994,-4.9084,250.1298,-114.8321
589049067,-2.00000,-1.02979,1.11914,125.5420,250.1298,-241.3588,-0.80847,-0.17163,1.99994,-5.4351,250.1298,-111.9160
589050067,-1.17810,-2.00000,1.99994,179.1374,250.1298,-250.1374,-0.81030,-0.15002,1.99994,-6.0611,250.1298,-108.9466
589051067,-0.07959,-1.69177,1.99994,163.4809,250.1298,-250.1374,-0.81152,-0.11279,1.99994,-7.5496,250.1298,-102.5725
589052067,-0.14941,0.12354,1.99994,109.2748,250.1298,-250.1374,-0.81140,-0.09644,1.99994,-8.3893,250.1298,-99.2519
589053065,0.39111,1.99994,1.99994,96.1450,250.1298,-250.1374,-0.81116,-0.08118,1.99994,-9.2824,246.6794,-95.8473
589054069,1.20044,1.99994,1.99994,211.2824,250.1298,-250.1374,-0.80957,-0.06714,1.99994,-10.2672,238.0153,-92.3511
589055068,0.95898,1.99994,1.99994,250.1298,250.1298,-250.1374,-0.80640,-0.05432,1.99994,-11.3282,229.1221,-88.7863
589056067,0.05432,0.08362,1.99994,250.1298,250.1298,-250.1374,-0.80225,-0.04358,1.99994,-12.4504,220.0076,-85.1679
589057068,-1.06128,-2.00000,1.99994,250.1298,211.0534,-250.1374,-0.79663,-0.03467,1.99994,-13.6641,210.7481,-81.4580
589058068,-1.80920,-1.48389,1.99994,250.1298,199.2366,-250.1374,-0.78821,-0.02722,1.99994,-15.0000,201.3511,-77.6565
589059067,-0.97290,-0.31848,1.99994,250.1298,210.8473,-250.1374,-0.77881,-0.02039,1.99994,-16.4809,191.8168,-73.7710
589060067,-0.35974,0.79846,1.99994,250.1298,222.6489,-250.1374,-0.76965,-0.01379,1.99994,-18.1221,182.1679,-69.8321
589061065,-0.43091,1.85083,1.99994,197.2824,250.1298,-237.0763,-0.75952,-0.00916,1.99994,-19.9160,172.4122,-65.8015
589062069,-0.34778,1.75061,1.99994,117.6183,250.1298,-207.0611,-0.74878,-0.00513,1.99994,-21.8550,162.5725,-61.6947
589063068,-0.67480,0.48608,1.99994,54.8168,250.1298,-190.2824,-0.73877,-0.00195,1.99994,-23.9695,152.6794,-57.5649
589064068,-0.88928,-0.23804,1.99994,57.1221,250.1298,-200.6870,-0.72766,-0.00098,1.99994,-26.2366,142.7710,-53.4122
589065067,-0.58911,0.69226,1.99994,103.4275,250.1298,-224.2366,-0.71509,-0.00134,1.99994,-28.6260,132.9847,-49.2366
589066068,0.11548,1.75146,1.99994,106.8015,250.1298,-225.6641,-0.70239,-0.00330,1.99994,-31.1298,123.2443,-45.0687
589067068,0.79321,1.99994,1.99994,72.8321,250.1298,-210.6641,-0.68970,-0.00806,1.99994,-33.7176,113.4275,-40.9313
589068067,1.71826,1.99994,1.99994,83.4275,250.1298,-206.6489,-0.67615,-0.01514,1.99994,-36.3740,103.5802,-36.8397
589069065,1.99994,1.99994,1.99994,141.0305,228.0534,-204.4275,-0.66125,-0.02405,1.99994,-39.0840,93.7710,-32.7939
589070069,1.75000,1.99994,1.99994,199.4809,172.6107,-183.3817,-0.64624,-0.03418,1.99994,-41.8168,84.0916,-28.7939
589071068,0.84619,1.99994,1.99994,233.1145,127.8244,-153.5573,-0.63135,-0.04651,1.99994,-44.5191,74.5573,-24.8702
589072068,0.95129,1.52161,1.99994,214.8321,108.0916,-127.7405,-0.61523,-0.06104,1.99994,-47.1374,65.1679,-21.0687
589073067,0.64050,0.91199,1.99994,164.7939,81.1298,-114.4962,-0.59827,-0.07776,1.99994,-49.6718,55.8931,-17.3893
589074068,-0.28442,1.91992,1.99994,156.1832,63.6565,-117.5038,-0.58167,-0.09680,1.99994,-52.0763,46.7328,-13.8321
589075068,-0.19250,1.99994,1.99994,196.7481,67.1221,-115.9160,-0.56421,-0.11646,1.99994,-54.3130,37.7252,-10.3969
589076067,0.00159,1.41309,1.99994,198.8168,69.6412,-95.3588,-0.54492,-0.13745,1.99994,-56.3511,28.9008,-7.0840
589077068,-0.62512,0.16724,1.90295,112.7023,87.8244,-64.9084,-0.52527,-0.16028,1.99994,-58.1603,20.2672,-3.9084
589078067,-0.81824,-0.17065,1.67725,15.7939,132.6183,-45.3817,-0.50439,-0.18335,1.99994,-59.7328,11.8321,-0.8626
589079067,-0.35046,0.61475,1.99994,-7.3511,173.3206,-49.4427,-0.48279,-0.20776,1.99994,-61.0687,3.6107,2.0763
589080065,0.09912,1.44702,1.99994,15.6718,179.0382,-56.6794,-0.46094,-0.23328,1.99994,-62.1603,-4.3893,4.8855
589081065,0.32922,1.55432,1.99994,22.5344,154.2977,-49.0611,-0.43774,-0.25830,1.99994,-63.0153,-12.1374,7.5496
589082069,0.86621,1.04956,1.99994,2.4809,132.3282,-34.0687,-0.41467,-0.28174,1.99994,-63.6412,-19.6260,10.0840
589083068,1.65247,0.95166,1.99994,-21.1603,127.3817,-32.8244,-0.39185,-0.30408,1.99994,-64.0382,-26.9008,12.4809
589084067,1.99994,1.99994,1.99994,-16.4885,129.9847,-50.8779,-0.36902,-0.32703,1.99994,-64.2137,-33.9313,14.7405
589085067,1.99994,1.99994,1.99994,12.2672,107.1985,-56.6565,-0.34644,-0.35046,1.99994,-64.1679,-40.6794,16.8779
589086065,1.69031,1.99994,1.99994,18.8931,62.4046,-32.2443,-0.32288,-0.37366,1.99994,-63.9313,-47.1145,18.9313
589087069,1.52002,1.99994,1.99994,6.4275,27.3740,-5.8092,-0.29846,-0.39648,1.99994,-63.5038,-53.2595,20.8702
589088068,1.99994,1.99994,1.99994,-9.6794,5.4504,9.8779,-0.27380,-0.41943,1.99994,-62.8779,-59.1679,22.7099
589089067,1.99994,1.99994,1.99994,-47.0611,-27.0305,32.8015,-0.24963,-0.44238,1.99994,-62.0305,-64.8015,24.4504
589090068,1.72791,1.99994,1.99994,-91.5344,-75.3206,70.4198,-0.22644,-0.46497,1.99994,-60.9618,-70.1374,26.1298
589091067,1.25867,1.99994,1.99994,-114.2748,-116.6489,113.7405,-0.20361,-0.48657,1.99994,-59.7099,-75.1908,27.7099
589092067,0.88367,1.99994,1.99994,-133.3664,-144.4046,150.7634,-0.18042,-0.50684,1.99994,-58.3053,-79.9389,29.1985
589093067,0.32581,1.05652,1.99994,-157.7863,-154.4885,168.5344,-0.15771,-0.52588,1.99994,-56.7328,-84.3740,30.5878
589094065,0.00256,0.68616,1.99994,-148.0992,-152.2748,163.0229,-0.13538,-0.54395,1.99994,-54.9695,-88.5420,31.8855
589095065,-0.01331,0.76111,1.73230,-96.2366,-153.6107,142.2748,-0.11328,-0.56079,1.99994,-53.0611,-92.4733,33.0916
589096068,-0.18188,0.99390,0.78198,-50.2824,-158.3664,120.6183,-0.09180,-0.57715,1.96265,-51.0305,-96.1374,34.2137
589097067,-0.56812,0.75476,-0.03552,-30.2901,-150.9542,104.2672,-0.07092,-0.59290,1.92346,-48.8931,-99.5267,35.2366
589098068,-1.24048,-0.15955,0.33093,-13.6794,-125.3435,85.9313,-0.05090,-0.60608,1.88342,-46.6718,-102.6794,36.1679
589099068,-1.12097,-1.84875,1.14185,-2.2214,-83.7557,68.6489,-0.03223,-0.61792,1.84204,-44.3664,-105.6183,37.0382
589100068,-0.46326,-2.00000,1.35205,-38.8626,-48.3206,61.0916,-0.01538,-0.63013,1.80078,-42.0076,-108.3359,37.8092
589101068,-0.39355,-0.58020,1.09534,-114.8702,-33.6336,67.4275,0.00024,-0.64075,1.75989,-39.6412,-110.8702,38.4962
589102067,0.13672,1.99994,1.86084,-170.7023,-13.8244,92.2519,0.01514,-0.65027,1.71802,-37.2595,-113.2137,39.1374
589103068,1.01160,1.99994,1.99994,-209.9389,-12.6718,139.9466,0.02991,-0.65881,1.67542,-34.8855,-115.3664,39.7557
589104067,1.43982,1.31445,1.99994,-250.1374,-50.0229,198.3893,0.04480,-0.66626,1.63208,-32.5573,-117.3511,40.3282
589105068,1.24585,0.78638,1.99994,-250.1374,-97.8397,234.5420,0.05945,-0.67273,1.58887,-30.3053,-119.2366,40.8702
589106068,1.03857,1.32825,1.99994,-250.1374,-138.3053,242.2748,0.07422,-0.67786,1.54626,-28.1603,-121.0305,41.3740
589107068,1.16223,1.36768,1.99994,-250.1374,-177.0534,233.3740,0.08911,-0.68164,1.50366,-26.1450,-122.7252,41.8321
589108068,0.84204,0.99683,1.99994,-212.7786,-226.6794,216.1145,0.10400,-0.68445,1.46118,-24.2672,-124.3130,42.2443
589109068,0.36035,0.67749,1.81030,-159.9771,-250.1374,195.5649,0.11816,-0.68640,1.41943,-22.5420,-125.8092,42.6183
589110067,-0.64758,0.12366,-0.33289,-84.5267,-250.1374,150.6718,0.13245,-0.68677,1.37878,-20.9466,-127.2443,42.9542
589111068,-1.06226,-0.59766,-0.96729,-45.0076,-238.2443,130.7863,0.14636,-0.68567,1.33875,-19.5115,-128.6031,43.2366
589112067,-1.52441,-1.24243,-1.98193,-26.1908,-219.2595,125.3435,0.15942,-0.68359,1.29797,-18.2595,-129.8626,43.4733
589113067,-2.00000,-1.87354,-2.00000,-47.4580,-201.2366,135.2901,0.17200,-0.68176,1.25635,-17.1756,-131.0534,43.6489
589114068,-2.00000,-2.00000,-2.00000,-81.5038,-167.0611,145.0153,0.18396,-0.68115,1.21533,-16.2290,-132.1603,43.7557
589115068,-2.00000,-1.53711,-2.00000,-97.4427,-126.6641,147.7176,0.19580,-0.68140,1.17480,-15.3893,-133.1908,43.7863
589116068,-1.31714,-0.75073,-2.00000,-102.2366,-93.8244,149.6565,0.20740,-0.68286,1.13269,-14.6718,-134.1985,43.7557
589117068,-1.09717,-0.35022,-2.00000,-111.5344,-89.0000,155.9618,0.21948,-0.68433,1.09009,-14.0916,-135.1756,43.7023
589118068,-1.42358,-1.13684,-2.00000,-117.1221,-90.0992,162.6794,0.23145,-0.68591,1.04797,-13.6336,-136.1374,43.6107
589119068,-1.25391,-2.00000,-2.00000,-100.9389,-74.7710,152.6641,0.24316,-0.68896,1.00562,-13.2595,-137.0305,43.4809
589120068,-1.11975,-2.00000,-2.00000,-66.7863,-65.2214,123.3817,0.25562,-0.69299,0.96216,-12.9313,-137.8626,43.3359
589121068,-1.18970,-2.00000,-2.00000,-30.5573,-60.9618,89.8550,0.26807,-0.69690,0.91956,-12.6412,-138.6336,43.1756
589122067,-1.12952,-2.00000,-2.00000,-7.4580,-54.5878,67.7099,0.27954,-0.70020,0.87817,-12.3664,-139.3588,43.0076
589123068,-0.92444,-2.00000,-2.00000,-5.6107,-39.9924,60.5878,0.29102,-0.70459,0.83582,-12.0992,-140.0611,42.8550
589124068,-0.69922,-2.00000,-1.92749,-20.2595,-22.7176,61.8702,0.30237,-0.70984,0.79285,-11.8855,-140.6947,42.6870
589125068,-0.67798,-2.00000,-1.87207,-35.7328,-16.6336,64.0611,0.31384,-0.71521,0.75012,-11.7023,-141.2901,42.4962
589126068,-0.84900,-2.00000,-2.00000,-38.6947,-17.2824,62.5878,0.32568,-0.72009,0.70959,-11.5344,-141.8244,42.2977
589127068,-1.12585,-2.00000,-2.00000,-29.7939,-18.3664,57.5038,0.33789,-0.72412,0.67017,-11.3893,-142.2672,42.1221
589128068,-2.00000,-1.51270,-1.87305,-20.0534,-19.3817,48.0153,0.35120,-0.72791,0.63208,-11.2748,-142.6260,41.9466
589129067,-2.00000,-0.27014,-1.20703,-21.9542,-6.3206,45.0611,0.36462,-0.73132,0.59741,-11.2061,-142.9008,41.7557
589130067,-1.96008,-1.48804,0.31262,-46.6260,35.8015,67.0153,0.37781,-0.73413,0.56360,-11.1756,-143.0611,41.5802
589131067,-1.99866,-2.00000,1.99994,-74.6031,76.0992,90.3969,0.39026,-0.73633,0.52917,-11.2214,-143.1374,41.4351
589132068,-2.00000,-2.00000,1.99994,-68.8702,94.0611,70.4427,0.40259,-0.73926,0.49426,-11.3282,-143.1069,41.3282
589133067,-1.16821,-2.00000,1.99994,-61.3206,157.5115,16.5038,0.41504,-0.74194,0.46130,-11.4733,-142.9924,41.1832
589134067,1.82922,0.34949,1.99994,-95.9466,222.6260,-9.8855,0.42712,-0.74475,0.43066,-11.6565,-142.7405,41.0229
589135067,1.99994,1.99994,1.99994,-182.2672,185.5420,27.0153,0.43982,-0.74805,0.39941,-11.8855,-142.3206,40.8779
589136067,1.99994,0.59692,1.99994,-250.1374,91.4809,93.4198,0.45251,-0.75000,0.36890,-12.1221,-141.7634,40.7176
589137067,1.99994,-2.00000,1.99994,-250.1374,-10.9924,110.8321,0.46521,-0.75073,0.34070,-12.3511,-141.0992,40.5420
589138067,1.99994,-2.00000,1.99994,-198.1145,-135.2748,77.9466,0.47876,-0.75208,0.31372,-12.5649,-140.3053,40.3511
589139065,1.99994,-1.88159,1.99994,-166.8702,-250.1374,60.7328,0.49170,-0.75452,0.28870,-12.7939,-139.3511,40.1603
589140069,1.44641,-0.39490,1.99994,-175.7023,-250.1374,62.5954,0.50366,-0.75720,0.26465,-13.0229,-138.2366,39.9237
589141068,1.59106,1.02209,1.99994,-145.5954,-250.1374,62.6641,0.51538,-0.75928,0.23950,-13.2366,-136.9924,39.6412
589142068,1.59741,1.60303,1.99994,-92.4504,-250.1374,60.3359,0.52661,-0.76074,0.21594,-13.4275,-135.6260,39.3130
589143068,-0.12756,0.92676,1.99994,-68.0916,-250.1374,59.8092,0.53650,-0.76282,0.19373,-13.5878,-134.1679,38.9771
589144068,-1.72327,-1.15613,0.20935,-50.2519,-250.1374,52.7786,0.54529,-0.76550,0.17151,-13.7252,-132.6107,38.6031
589145068,-1.92493,-2.00000,-0.93225,-16.2290,-250.1374,28.3893,0.55396,-0.76929,0.14905,-13.8168,-130.9389,38.1679
589146068,-2.00000,-1.04285,-0.11047,-19.0382,-250.1374,11.3664,0.56116,-0.77344,0.12659,-13.8702,-129.1603,37.7023
589147067,-1.61340,-0.15417,-1.36621,-76.8244,-250.1374,26.9542,0.56787,-0.77747,0.10571,-13.8626,-127.2748,37.1985
589148067,-1.45630,-0.17737,-2.00000,-140.5573,-250.1374,58.1679,0.57544,-0.78223,0.08545,-13.7634,-125.3435,36.6565
589149068,-1.63367,-0.08240,-0.90393,-196.0000,-230.8550,85.7557,0.58411,-0.78845,0.06396,-13.5802,-123.3359,36.0534
589150068,-1.06299,-0.36816,1.00024,-250.1374,-191.7328,122.9084,0.59204,-0.79468,0.04480,-13.2748,-121.1679,35.3511
589151068,-0.92163,-1.55310,0.54956,-250.1374,-176.8779,162.5496,0.60339,-0.80103,0.00745,-12.2901,-116.6107,33.7939
589152068,-0.68518,-1.79773,0.36841,-250.1374,-167.9466,165.7557,0.60876,-0.80542,-0.01184,-11.6336,-114.3130,33.0611
589153068,0.14600,-0.47192,1.67639,-250.1374,-162.8779,144.5115,0.61426,-0.81201,-0.02917,-10.8473,-111.9389,32.3588
589154068,0.52820,0.41931,1.99890,-250.1374,-191.3588,135.9466,0.62085,-0.81995,-0.04602,-9.9466,-109.4885,31.6336
589155067,0.73584,0.46045,1.42676,-250.1374,-217.0992,129.1756,0.62732,-0.82593,-0.06262,-8.9542,-106.9771,30.8855
589156068,0.54712,0.54834,1.99994,-250.1374,-235.7557,103.4427,0.63306,-0.83044,-0.07935,-7.8855,-104.3969,30.1298
589157067,0.53381,0.75684,1.99994,-157.1679,-250.1374,63.2824,0.63818,-0.83545,-0.09375,-6.7634,-101.7405,29.3893
589158067,1.03992,0.73547,1.99994,-94.9008,-250.1374,39.1450,0.64429,-0.84045,-0.10657,-5.5954,-98.9924,28.6641
589159068,0.99939,0.55054,1.63501,-96.0611,-250.1374,41.6794,0.65100,-0.84521,-0.11938,-4.3664,-96.1832,27.9618
589160067,0.63257,0.44019,1.26611,-113.3130,-250.1374,58.6641,0.65710,-0.84912,-0.13257,-3.0840,-93.3282,27.3053
589161068,0.26013,-0.29114,0.18127,-115.6565,-250.1374,78.4275,0.66272,-0.85217,-0.14392,-1.8244,-90.4580,26.6794
589162068,-0.70557,-0.77551,-2.00000,-100.7328,-250.1374,88.1069,0.66711,-0.85461,-0.15283,-0.5802,-87.5496,26.0840
589163068,-2.00000,0.13904,-2.00000,-81.1908,-250.1374,87.3435,0.67053,-0.85730,-0.16101,0.6489,-84.6183,25.5191
589164068,-2.00000,0.72668,-2.00000,-93.4427,-250.1374,99.5802,0.67419,-0.86023,-0.16931,1.8702,-81.6794,25.0000
589165068,-1.60681,-0.19800,-2.00000,-151.5344,-250.1374,126.1756,0.67859,-0.86316,-0.17859,3.0534,-78.7176,24.5038
589166068,-1.76587,-1.80615,-2.00000,-183.0153,-250.1374,137.0992,0.68237,-0.86560,-0.18738,4.2061,-75.7328,24.0534
589167068,-2.00000,-2.00000,-2.00000,-155.7786,-250.1374,117.8015,0.68420,-0.86670,-0.19531,5.2977,-72.7863,23.6183
589168068,-2.00000,-2.00000,-2.00000,-136.2748,-223.8092,94.9008,0.68518,-0.86731,-0.20374,6.3511,-69.8931,23.1832
589169068,-2.00000,-2.00000,-2.00000,-140.1527,-189.0992,80.9084,0.68591,-0.86768,-0.21240,7.3282,-67.0153,22.7557
589170068,-2.00000,-1.86475,-2.00000,-120.3130,-152.8473,66.3359,0.68665,-0.86755,-0.22009,8.2290,-64.1679,22.3130
589171068,-2.00000,-1.83057,-2.00000,-79.2366,-117.9466,48.6641,0.68811,-0.86731,-0.22632,9.0763,-61.3359,21.8626
589172068,-1.84058,-1.94250,-2.00000,-55.1756,-87.9847,34.4962,0.68994,-0.86694,-0.23169,9.8321,-58.5649,21.4275
589173067,-1.40649,-2.00000,-2.00000,-55.3206,-66.6947,26.8473,0.69104,-0.86670,-0.23706,10.5038,-55.8702,21.0153
589174067,-1.01221,-1.83508,-2.00000,-59.4046,-41.8168,21.6794,0.69104,-0.86572,-0.24231,11.0840,-53.2443,20.5573
589175068,-0.30688,-1.52576,-2.00000,-50.3359,-21.0840,16.1832,0.69092,-0.86475,-0.24573,11.5954,-50.6565,20.0916
589176068,0.16333,-1.89551,-2.00000,-30.4504,-19.5267,10.7557,0.69165,-0.86414,-0.24854,12.0382,-48.0763,19.6107
589177068,0.37476,-2.00000,-1.62817,-10.5191,-34.0916,2.2443,0.69263,-0.86365,-0.25183,12.3969,-45.5344,19.1069
589178068,0.33716,-2.00000,-2.00000,-4.5038,-60.3511,-9.9542,0.69312,-0.86365,-0.25439,12.6947,-43.0458,18.5725
589179068,-0.08484,-2.00000,-2.00000,-29.3130,-79.8397,-21.9847,0.69226,-0.86377,-0.25549,12.9160,-40.6260,18.0458
589180068,0.06616,-1.23071,-2.00000,-73.7481,-73.9542,-26.3969,0.69092,-0.86475,-0.25586,13.0992,-38.2901,17.5267
589181068,0.75720,0.46265,-0.66406,-98.4656,-58.1527,-20.2595,0.69092,-0.86694,-0.25696,13.2519,-36.0458,17.0076
589182068,0.93408,0.82629,-0.27771,-99.3130,-62.2061,-5.8473,0.69250,-0.87000,-0.25891,13.3893,-33.8550,16.4885
589183068,0.59216,0.29553,-1.08997,-103.0076,-71.3817,12.3817,0.69373,-0.87378,-0.25989,13.4733,-31.7252,15.9466
589184067,0.10791,-0.08630,-2.00000,-117.7786,-71.1527,27.4351,0.69348,-0.87781,-0.26111,13.5038,-29.6794,15.4122
589185068,-0.13306,0.31006,-2.00000,-129.2595,-56.2595,32.9466,0.69250,-0.88232,-0.26245,13.4885,-27.7023,14.8931
589186068,-0.41443,1.04883,-2.00000,-98.6183,-54.3740,26.2137,0.69141,-0.88696,-0.26367,13.4122,-25.8321,14.4198
589187067,-0.84436,1.11536,-2.00000,-5.2824,-71.6107,7.0687,0.69116,-0.89197,-0.26514,13.3053,-24.0916,13.9542
589188067,-0.86047,0.51831,-2.00000,80.2519,-78.0534,-13.4198,0.69067,-0.89844,-0.26538,13.1679,-22.4427,13.5115
589189068,-0.54590,0.13354,-2.00000,90.0382,-61.6183,-22.3817,0.68945,-0.90649,-0.26562,13.0229,-20.8626,13.0916
589190067,-0.43628,0.36316,-1.73267,68.0000,-27.6947,-28.6489,0.68860,-0.91541,-0.26709,12.8626,-19.3588,12.7099
589191067,-0.61060,0.91357,-1.78101,82.6107,1.5954,-41.0076,0.68848,-0.92310,-0.26917,12.6947,-17.9389,12.3664
589192068,-0.85486,1.19214,-1.99182,127.9771,13.4275,-49.6260,0.68848,-0.92981,-0.27100,12.5496,-16.6031,12.0458
589193068,-1.11353,0.21790,-2.00000,151.1832,13.7634,-37.8626,0.68860,-0.93628,-0.27271,12.4351,-15.3359,11.7252
589194068,-1.26208,-2.00000,-2.00000,119.8779,21.5420,-10.0000,0.68909,-0.94238,-0.27380,12.3206,-14.1298,11.4046
589195068,-1.13269,-2.00000,-1.75330,62.1908,39.3969,10.3664,0.68921,-0.94873,-0.27417,12.1985,-12.9542,11.1221
589196068,-0.66602,-2.00000,-0.67676,24.9466,54.8473,12.7634,0.68958,-0.95459,-0.27429,12.0992,-11.7939,10.8550
589197068,-0.34253,-1.93091,-0.02893,6.2366,53.4504,11.7405,0.68994,-0.96008,-0.27344,12.0229,-10.6641,10.5649
589198067,-0.16492,-0.50659,-0.10132,-9.2748,43.0229,20.1679,0.68970,-0.96558,-0.27148,11.9237,-9.5649,10.2519
589199067,-0.19080,-0.47705,-0.27991,-16.6183,33.2137,29.8092,0.68982,-0.97107,-0.26978,11.7939,-8.4733,9.9466
589200067,-0.24316,-1.62317,-0.06848,-13.2824,26.0534,29.7252,0.69006,-0.97534,-0.26831,11.6489,-7.3969,9.6260
589201067,-0.17871,-2.00000,0.36975,-1.6183,19.9084,14.0611,0.68994,-0.97876,-0.26733,11.5115,-6.3435,9.2443
589202067,-0.53552,-2.00000,0.10522,23.6565,10.3282,-13.5802,0.68970,-0.98193,-0.26624,11.3435,-5.3130,8.8321
589203068,-0.85327,-2.00000,-0.63611,61.0687,13.2290,-44.4885,0.68909,-0.98438,-0.26392,11.1145,-4.2672,8.4198
589204067,-0.71582,-1.39673,-0.79102,98.9008,26.7939,-67.0305,0.68774,-0.98694,-0.26172,10.8244,-3.1985,7.9847
589205067,-0.57104,-0.82996,-0.82690,118.3817,35.8702,-72.9618,0.68701,-0.99023,-0.26038,10.5115,-2.1069,7.4962
589206068,-0.58386,-0.68677,-0.81213,112.7176,44.2672,-66.6794,0.68689,-0.99390,-0.25854,10.1908,-1.0076,6.9618
589207068,-0.66833,-0.63477,-0.66943,101.3130,51.5115,-58.1527,0.68542,-0.99622,-0.25574,9.8550,0.1145,6.3817
589208067,-0.75305,-0.70300,-0.68994,97.5420,56.5038,-50.5038,0.68384,-0.99756,-0.25269,9.4809,1.2366,5.8092
589209067,-0.73535,-0.75488,-0.64490,92.1145,59.9237,-42.3969,0.68298,-0.99927,-0.25012,9.0840,2.3893,5.2595
589210067,-0.64966,-0.65137,-0.43555,77.9771,63.4198,-32.6107,0.68213,-1.00134,-0.24780,8.6641,3.5802,4.6641
589211067,-0.53540,-0.58337,-0.25549,60.2595,70.1221,-22.8244,0.68066,-1.00366,-0.24304,8.2214,4.7939,4.0305
589212067,-0.48376,-0.68542,-0.16089,49.0458,74.8702,-17.0534,0.67908,-1.00598,-0.23669,7.7252,6.0000,3.3664
589213067,-0.37878,-0.88354,0.35327,56.4122,80.9924,-19.7634,0.67761,-1.00745,-0.23157,7.2137,7.1985,2.6794
589214067,-0.05981,-1.11499,1.23853,75.4122,87.8168,-28.0000,0.67603,-1.00830,-0.22717,6.7023,8.4046,1.9847
589215067,0.17456,-1.33630,1.72302,83.9695,88.0992,-34.2672,0.67432,-1.00928,-0.22253,6.1527,9.6489,1.3435
589216067,0.21118,-1.51086,1.67383,85.1832,81.6565,-38.2214,0.67310,-1.00989,-0.21655,5.5573,10.9160,0.7252
589217068,0.27002,-1.52869,1.62744,95.8092,72.0382,-44.6718,0.67224,-1.01038,-0.20947,4.9237,12.1832,0.1450
589218067,0.34326,-1.33496,1.78455,108.2977,57.8015,-51.1450,0.67065,-1.01221,-0.20142,4.2672,13.4733,-0.4427
589219068,0.35681,-1.21216,1.83069,107.5344,40.6718,-51.7328,0.66870,-1.01501,-0.19299,3.6107,14.7710,-1.0763
589220067,0.32031,-1.29773,1.75415,96.3511,24.6870,-47.6031,0.66663,-1.01758,-0.18469,2.9924,16.1145,-1.7405
589221068,0.30383,-1.34131,1.79285,85.3435,12.1450,-43.9695,0.66345,-1.02026,-0.17529,2.4275,17.4885,-2.3969
589222067,0.31067,-1.20483,1.82520,79.4885,1.8550,-42.6947,0.66064,-1.02319,-0.16455,1.9313,18.8550,-3.0611
589223068,0.21570,-0.97083,1.60571,78.0382,-7.7634,-42.5573,0.65784,-1.02600,-0.15344,1.5191,20.2137,-3.7252
589224067,0.05359,-0.69604,1.28760,77.9618,-14.0611,-41.8626,0.65442,-1.02710,-0.14294,1.1603,21.5649,-4.3664
589225067,-0.08154,-0.48132,0.96814,77.5725,-17.0992,-39.8168,0.65027,-1.02771,-0.13281,0.8397,22.9313,-5.0076
589226067,-0.19812,-0.43311,0.61975,77.2366,-17.7023,-37.4122,0.64600,-1.02930,-0.12170,0.5954,24.2824,-5.6336
589227067,-0.25391,-0.50806,0.43384,79.2901,-14.8550,-36.1527,0.64258,-1.03088,-0.11047,0.4580,25.6031,-6.2672
589228067,-0.20911,-0.63391,0.35583,82.3359,-11.6718,-35.2824,0.63892,-1.03186,-0.09924,0.3588,26.9313,-6.8855
589229067,-0.14307,-0.75854,0.27063,79.1985,-10.1756,-32.4122,0.63428,-1.03308,-0.08850,0.2901,28.2519,-7.5191
589230067,-0.02258,-0.80225,0.15979,68.7023,-10.3664,-27.5191,0.62891,-1.03418,-0.07898,0.2977,29.5420,-8.1298
589231068,0.30933,-0.61658,-0.06677,56.1756,-11.8779,-22.9466,0.62390,-1.03430,-0.06921,0.3740,30.7786,-8.7023
589232067,0.52942,-0.17786,-0.38281,46.3588,-18.7939,-18.8550,0.61877,-1.03430,-0.05774,0.4962,31.9771,-9.2137
589233068,0.27673,0.12024,-0.88806,44.6260,-34.2672,-13.8779,0.61267,-1.03455,-0.04504,0.6489,33.1450,-9.6870
589234067,-0.08008,-0.12854,-1.37134,52.1069,-45.9237,-9.4809,0.60657,-1.03467,-0.03186,0.8244,34.2672,-10.1069
589235067,-0.32886,-0.68884,-1.61450,61.9847,-49.6031,-8.7939,0.60083,-1.03503,-0.01855,1.0305,35.3511,-10.4885
589236067,-0.52966,-1.02014,-2.00000,68.3359,-48.0611,-12.0305,0.59534,-1.03516,-0.00500,1.2672,36.4122,-10.8550
589237067,-0.53320,-0.99463,-2.00000,75.4733,-39.7252,-17.1450,0.59033,-1.03467,0.00830,1.4885,37.4427,-11.1832
589238068,-0.53845,-0.68591,-2.00000,90.6260,-26.3282,-23.9466,0.58557,-1.03296,0.02075,1.6641,38.4427,-11.4733
589239068,-0.64185,-0.33911,-2.00000,108.2443,-10.6336,-29.0229,0.58044,-1.03027,0.03467,1.8397,39.4198,-11.7405
589240068,-1.32434,-0.62402,-2.00000,108.7099,14.8626,-24.2977,0.57581,-1.02734,0.05090,2.0305,40.3588,-11.9847
589241068,-1.40674,-1.15112,-2.00000,106.3282,40.4351,-24.6718,0.57129,-1.02368,0.06799,2.2290,41.2366,-12.2214
589242068,-1.27271,-1.33411,-2.00000,95.1069,68.6718,-26.2366,0.56628,-1.01953,0.08508,2.3969,42.0534,-12.4275
589243067,-1.20972,-0.96423,-2.00000,68.4198,93.8855,-22.6870,0.56091,-1.01538,0.10303,2.5344,42.8015,-12.6641
589244067,-1.04688,-0.61060,-2.00000,51.4656,120.3817,-14.8702,0.55518,-1.01062,0.12244,2.6412,43.5344,-12.9237
589245067,-0.70776,-0.89417,-1.76514,55.8015,142.6489,-7.2748,0.54919,-1.00549,0.14124,2.7099,44.2443,-13.1908
589246067,-0.35486,-1.53369,-1.09985,62.8779,152.6336,-3.3359,0.54309,-1.00024,0.15857,2.7481,44.9008,-13.4580
589247067,-0.29626,-1.83276,-0.95459,61.1679,149.7328,-4.1145,0.53625,-0.99573,0.17542,2.7710,45.4580,-13.7405
589248067,-0.23621,-1.66455,-0.60217,54.7863,142.3740,-6.9695,0.52905,-0.99292,0.19287,2.7634,45.9542,-14.0763
589249067,0.26050,-1.43921,0.07446,48.0153,131.4809,-7.9771,0.52271,-0.99036,0.21082,2.7557,46.3817,-14.4351
589250067,0.65894,-1.43420,0.21411,51.6260,106.0382,-9.3511,0.51672,-0.98718,0.22974,2.7786,46.7634,-14.8168
589251067,0.44971,-1.40735,-0.04004,68.9924,74.2519,-15.4885,0.50378,-0.98157,0.27295,2.8702,47.3893,-15.6412
589252067,0.18188,-1.35498,-0.00513,80.4580,56.4198,-20.7481,0.49622,-0.97803,0.29590,2.8931,47.6031,-16.0611
589253067,-0.15051,-1.42969,-0.09045,69.3893,50.1145,-19.4046,0.48755,-0.97412,0.31860,2.8779,47.7405,-16.4809
589254067,-0.82654,-1.53552,-0.78711,54.9771,47.8779,-16.3435,0.47888,-0.96997,0.34131,2.8321,47.8015,-16.9237
589255068,-1.22314,-1.65039,-1.33020,65.4504,56.4656,-19.5573,0.46899,-0.96399,0.36438,2.7481,47.7863,-17.3740
589256067,-1.19348,-1.83093,-1.13623,89.9924,73.4351,-27.1679,0.45825,-0.95728,0.38879,2.6031,47.6794,-17.8092
589257067,-1.09705,-1.86743,-0.79749,97.5573,93.8931,-32.6107,0.44775,-0.95081,0.41626,2.3817,47.4962,-18.2519
589258068,-1.09326,-1.56909,-0.65491,88.1603,114.6260,-33.9466,0.43701,-0.94336,0.44360,2.0382,47.2137,-18.6870
589259067,-1.08423,-1.56238,-0.55884,82.7481,129.8321,-31.9160,0.42700,-0.93530,0.47021,1.5649,46.8397,-19.0916
589260068,-0.88721,-2.00000,-0.11389,80.1450,140.7863,-29.1145,0.41772,-0.92871,0.49939,0.9847,46.3817,-19.4656
589261068,-0.70398,-2.00000,0.33545,65.4656,141.7176,-27.1832,0.40930,-0.92334,0.52856,0.2824,45.8702,-19.8550
589262068,-0.55872,-2.00000,0.15308,43.4198,133.5115,-27.6412,0.40112,-0.91895,0.55640,-0.5038,45.2519,-20.2137
589263068,-0.31445,-2.00000,0.02722,30.2443,122.4198,-30.7557,0.39233,-0.91516,0.58435,-1.3130,44.5115,-20.5115
589264068,-0.07788,-1.10718,0.59814,27.8168,110.6947,-32.8244,0.38428,-0.91199,0.61304,-2.1221,43.6718,-20.7023
589265067,0.06555,-0.61499,1.17456,23.1603,99.6183,-27.8779,0.37610,-0.90881,0.64050,-2.9313,42.7328,-20.8321
589266067,-0.00183,-1.05334,1.09595,12.8931,90.3740,-17.7023,0.36755,-0.90576,0.66650,-3.6870,41.6718,-20.9466
589267067,-0.22485,-1.90125,0.73193,13.9847,85.0916,-15.1756,0.36035,-0.90308,0.69165,-4.3511,40.5191,-21.0305
589268068,-0.37488,-2.00000,0.64026,36.5878,85.1756,-26.3206,0.35437,-0.89917,0.71802,-4.9160,39.3130,-21.0840
589269068,-0.45142,-1.97620,0.60791,62.7099,85.5954,-40.2977,0.34753,-0.89429,0.74561,-5.3893,38.0305,-21.1298
589270067,-0.51880,-1.81567,0.17944,73.8321,82.4885,-46.1450,0.34070,-0.88965,0.77417,-5.7634,36.6870,-21.1832
589271068,-0.40271,-1.66418,-0.26294,75.8321,82.3359,-49.0076,0.33569,-0.88525,0.80469,-5.9771,35.2901,-21.2214
589272067,-0.23962,-1.09241,-0.13049,78.1221,85.2366,-55.0534,0.33154,-0.88110,0.83557,-6.0382,33.8473,-21.2443
589273068,-0.19824,-0.62280,0.20325,74.3817,87.0840,-57.0992,0.32605,-0.87634,0.86816,-5.9695,32.3740,-21.2748
589274068,-0.28589,-0.93030,0.19189,61.3588,85.8550,-50.4198,0.31873,-0.87109,0.90222,-5.7710,30.8779,-21.3359
589275068,-0.61536,-1.57495,-0.10461,49.4733,80.8168,-43.5496,0.31201,-0.86584,0.93640,-5.4504,29.3969,-21.4275
589276068,-0.87817,-1.88489,-0.33728,46.5649,80.6031,-43.6641,0.30579,-0.86035,0.97034,-5.0229,27.8855,-21.5344
589277068,-0.95178,-1.85535,-0.34314,46.9695,85.5344,-47.1908,0.29797,-0.85498,1.00415,-4.4885,26.3282,-21.6794
589278068,-0.94031,-1.59680,-0.13647,44.1908,94.8397,-49.4046,0.28906,-0.84961,1.03845,-3.8244,24.7328,-21.8244
589279068,-0.83435,-1.10962,0.05396,39.6031,104.5878,-49.1679,0.28027,-0.84277,1.07275,-3.0687,23.1374,-21.9466
589280068,-0.81274,-0.74744,-0.03516,38.9008,110.1374,-47.1450,0.27087,-0.83582,1.10596,-2.2366,21.5115,-22.0458
589281068,-0.74036,-0.84167,0.27222,42.7099,120.3282,-45.5878,0.26013,-0.82971,1.13916,-1.3588,19.8779,-22.1145
589282067,-0.44043,-1.25220,1.20447,43.3893,133.6031,-44.4962,0.24902,-0.82397,1.17407,-0.4656,18.2366,-22.1450
589283067,-0.20093,-1.59143,1.85535,30.9160,138.3740,-41.5267,0.23865,-0.81885,1.20874,0.4351,16.5802,-22.1374
589284067,-0.10608,-1.65051,1.99994,12.4580,135.5573,-38.0916,0.22937,-0.81360,1.24146,1.3359,14.9313,-22.0687
589285067,0.05469,-1.45837,1.99994,4.4962,130.7252,-37.9847,0.22034,-0.80835,1.27319,2.2672,13.2366,-21.9542
589286067,0.31628,-1.22192,1.99994,5.7786,121.0076,-39.0992,0.21069,-0.80347,1.30518,3.1985,11.5038,-21.7863
589287068,0.54614,-1.15857,1.99994,4.9237,101.8473,-37.9695,0.20178,-0.79871,1.33813,4.1298,9.7786,-21.5573
589288068,0.63159,-1.19910,1.99994,2.1450,75.9924,-35.9771,0.19360,-0.79504,1.37195,5.0763,8.0534,-21.2672
589289067,0.66040,-1.20349,1.99994,1.9237,50.6107,-35.6031,0.18579,-0.79260,1.40552,6.0534,6.3511,-20.8931
589290067,0.62610,-1.16089,1.99994,4.3588,27.1374,-36.8473,0.17883,-0.79016,1.43799,7.0840,4.7023,-20.4351
589291067,0.42761,-1.05286,1.99994,8.5344,5.1756,-38.4351,0.17273,-0.78772,1.46960,8.1832,3.0763,-19.9084
589292067,0.23035,-0.81079,1.99994,11.4275,-9.5420,-38.7023,0.16663,-0.78540,1.50208,9.3817,1.4656,-19.3511
589293067,0.08374,-0.58997,1.99994,7.0229,-16.6260,-35.3969,0.16064,-0.78369,1.53625,10.7099,-0.1069,-18.7328
589294067,-0.12756,-0.63782,1.58630,-3.1374,-18.4962,-29.3893,0.15491,-0.78223,1.57068,12.1603,-1.6260,-18.0534
589295067,-0.31641,-0.80957,1.09058,-8.4733,-16.8092,-25.5725,0.14844,-0.78040,1.60583,13.7328,-3.0763,-17.3588
589296067,-0.45801,-0.81104,0.70764,-7.0382,-15.0916,-25.2977,0.14111,-0.77783,1.64148,15.4427,-4.4580,-16.6260
589297067,-0.54126,-0.77197,0.50500,-7.4885,-11.9695,-24.3053,0.13342,-0.77466,1.67639,17.2595,-5.8015,-15.8397
589298068,-0.53064,-1.07104,0.41675,-12.2595,-7.8702,-20.1145,0.12500,-0.77014,1.71106,19.1756,-7.0992,-15.0458
589299067,-0.56030,-1.71887,0.14856,-17.0611,-6.0076,-15.9466,0.11548,-0.76404,1.74658,21.1679,-8.3435,-14.2672
589300067,-0.78528,-2.00000,-0.31555,-22.8321,-5.5115,-16.4122,0.10461,-0.75574,1.78320,23.2366,-9.5802,-13.4580
589301067,-1.01489,-2.00000,-0.51404,-33.3588,2.3282,-20.7099,0.09302,-0.74548,1.82104,25.3893,-10.8702,-12.6565
589302067,-0.96069,-1.81616,-0.34827,-44.9542,17.6947,-25.0229,0.08118,-0.73364,1.85840,27.5496,-12.2137,-11.8855
589303067,-0.86340,-1.45154,-0.14282,-52.6870,31.0611,-28.0076,0.06750,-0.72144,1.89526,29.6718,-13.6107,-11.1603
589304067,-0.80969,-1.29016,0.02002,-54.4885,40.5496,-29.1145,0.05237,-0.70935,1.93201,31.7634,-15.0611,-10.4427
589305068,-0.61499,-1.54602,0.20349,-54.3282,48.6870,-28.5344,0.03711,-0.69629,1.96875,33.7939,-16.5802,-9.7481
589306068,-0.38269,-1.90686,0.76233,-56.8473,59.1679,-30.1756,0.02112,-0.68152,1.99994,35.7786,-18.1908,-9.0458
589307067,-0.11389,-1.81873,1.57825,-54.9160,69.6718,-37.4885,0.00476,-0.66675,1.99994,37.7099,-19.9237,-8.3740
589308067,0.03735,-1.25940,1.87305,-43.1603,67.8931,-46.3359,-0.01233,-0.65271,1.99994,39.5649,-21.7939,-7.7710
589309067,0.15576,-0.67078,1.98010,-25.0153,59.1985,-52.3282,-0.03003,-0.63843,1.99994,41.3359,-23.8092,-7.2214
589310068,0.56860,-0.42383,1.99994,-3.8779,49.1832,-55.6107,-0.04785,-0.62390,1.99994,43.0229,-25.9924,-6.6718
589311067,0.84460,-0.64233,1.99994,8.2519,30.1450,-54.1221,-0.06592,-0.60974,1.99994,44.6641,-28.3893,-6.1145
589312067,0.82959,-1.01062,1.99994,4.2443,4.0611,-49.7176,-0.08411,-0.59656,1.99994,46.2977,-30.9924,-5.5420
589313067,0.72827,-1.02466,1.99994,-0.7252,-21.3130,-48.0534,-0.10278,-0.58484,1.99994,47.9695,-33.7939,-4.9542
589314068,0.45630,-0.71692,1.99994,2.5725,-44.4885,-48.3817,-0.12268,-0.57446,1.99994,49.6565,-36.8092,-4.3588
589315067,0.27332,-0.42151,1.93884,4.1298,-58.4580,-45.9847,-0.14380,-0.56494,1.99994,51.3969,-40.0916,-3.7481
589316068,0.13464,-0.37988,1.50598,-2.2366,-66.0076,-38.8855,-0.16455,-0.55627,1.99994,53.2366,-43.6031,-3.1145
589317068,-0.22656,-0.51880,0.98242,-11.6336,-69.3282,-31.1679,-0.18518,-0.54846,1.99994,55.1908,-47.3053,-2.4275
589318067,-0.47192,-0.67151,0.83008,-16.4351,-60.3893,-27.5725,-0.20581,-0.54065,1.99994,57.2901,-51.2137,-1.7023
589319067,-0.64832,-1.06909,0.95239,-12.7099,-47.1908,-26.4351,-0.22571,-0.53271,1.99994,59.4809,-55.3130,-0.9160
589320068,-0.91724,-1.67249,0.81470,-6.4962,-37.3740,-26.5420,-0.24463,-0.52502,1.99994,61.7634,-59.6031,-0.0534
589321068,-0.86462,-1.83923,0.72302,-2.5191,-24.9160,-31.3588,-0.26379,-0.51733,1.99994,64.1756,-64.0763,0.8855
589322068,-0.57202,-1.30457,1.00073,1.8092,-12.7710,-40.3893,-0.28284,-0.51013,1.99994,66.7176,-68.7252,1.9160
589323068,-0.24207,-0.61450,1.55774,4.7176,-4.0534,-46.4427,-0.30164,-0.50281,1.99994,69.3588,-73.5267,3.0916
589324067,0.09131,-0.50684,1.99994,2.7481,-5.6412,-44.1679,-0.32031,-0.49329,1.99994,72.0305,-78.4885,4.3588
589325067,0.13416,-1.18335,1.99994,1.5038,-21.2443,-38.6412,-0.33887,-0.48193,1.99994,74.7099,-83.5954,5.7405
589326067,0.03198,-2.00000,1.78333,5.7252,-39.9160,-39.4809,-0.35767,-0.47131,1.99994,77.3740,-88.8397,7.2519
589327068,0.06506,-2.00000,1.85120,11.8931,-54.0382,-48.5496,-0.37610,-0.46191,1.99994,80.0000,-94.2214,8.8855
589328068,0.14148,-1.68054,1.97717,14.6641,-66.0153,-57.9847,-0.39490,-0.45203,1.99994,82.6260,-99.7176,10.6565
589329068,0.11255,-0.75122,1.81250,13.2137,-78.9313,-60.5115,-0.41406,-0.44153,1.99994,85.2214,-105.3206,12.5725
589330068,0.05396,-0.16406,1.33179,11.3817,-89.3130,-55.7405,-0.43250,-0.43066,1.99994,87.7252,-111.0687,14.6260
589331068,-0.07141,-0.17004,1.16394,11.0992,-89.5267,-49.3588,-0.45154,-0.41980,1.99994,90.1069,-116.9389,16.8168
589332067,-0.48315,-0.67493,1.57141,8.4733,-81.1603,-43.1450,-0.47168,-0.40869,1.99994,92.2519,-122.9389,19.1221
589333068,-0.80396,-1.80957,1.60852,-0.7786,-71.3282,-34.8855,-0.49121,-0.39697,1.99994,94.1908,-129.0305,21.5038
589334068,-0.76770,-2.00000,1.49353,-11.7557,-56.9466,-33.0687,-0.50977,-0.38513,1.99994,96.0687,-135.1679,23.9618
589335068,-0.47290,-2.00000,1.99994,-15.0687,-37.7252,-45.3817,-0.52893,-0.37415,1.99994,97.8626,-141.3588,26.5115
589336067,0.10120,-0.84021,1.99994,-18.5954,-20.8321,-58.0153,-0.54810,-0.36292,1.99994,99.4885,-147.6489,29.1527
589337067,0.69067,0.35181,1.99994,-34.8550,-20.1908,-53.2366,-0.56470,-0.35046,1.99994,100.9542,-154.0305,31.8779
589338067,1.01404,0.00330,1.99994,-48.4580,-38.3359,-38.0611,-0.58118,-0.33789,1.99994,102.2824,-160.4885,34.6718
589339067,1.12415,-1.47485,1.99994,-46.5725,-64.4046,-28.9008,-0.59827,-0.32593,1.99994,103.4580,-167.0076,37.5038
589340067,1.11487,-2.00000,1.99994,-40.1679,-86.2748,-32.9160,-0.61450,-0.31519,1.99994,104.4733,-173.5878,40.3511
589341067,0.77002,-2.00000,1.99994,-41.9237,-113.2443,-44.6947,-0.63171,-0.30579,1.99994,105.3206,-180.2214,43.2137
589342067,-0.08789,-2.00000,1.99994,-56.3053,-143.8779,-53.2977,-0.64905,-0.29761,1.99994,106.0000,-186.9084,46.1069
589343068,-0.12646,-1.25586,1.99994,-73.7099,-146.2595,-53.0687,-0.66553,-0.29065,1.99994,106.5191,-193.6489,49.0534
589344067,0.89368,-0.74768,1.99994,-86.7099,-134.9695,-47.4198,-0.68140,-0.28589,1.99994,106.8855,-200.4351,52.0229
589345067,1.12402,-0.75012,1.99994,-105.7252,-148.1756,-41.0076,-0.69641,-0.28284,1.99994,107.1069,-207.2901,55.0000
589346064,0.95520,-0.68628,1.99994,-119.0229,-162.6870,-38.9771,-0.71021,-0.27979,1.99994,107.1756,-214.2214,57.9924
589347069,0.68750,-0.43762,1.99994,-119.8550,-179.0534,-38.0992,-0.72400,-0.27734,1.99994,107.0763,-221.2366,61.0000
589348068,0.10522,-0.39368,1.99994,-121.9771,-200.5420,-32.8855,-0.73730,-0.27649,1.99994,106.8397,-228.2672,64.0076
589349068,-0.22742,-0.51599,1.99994,-107.4046,-222.5344,-32.6183,-0.74939,-0.27637,1.99994,106.4885,-235.2595,66.9924
589350067,-0.62500,-0.60815,1.91248,-64.3130,-249.3511,-40.7405,-0.76025,-0.27600,1.99994,106.0153,-242.2595,70.0000
589351067,-0.45276,-0.43372,1.82202,-33.7099,-250.1374,-48.4275,-0.77747,-0.27844,1.99994,104.7252,-250.1374,76.0382
589352067,-0.11633,0.29663,1.53296,-39.6870,-250.1374,-49.3282,-0.78625,-0.28125,1.99994,103.9160,-250.1374,79.0382
589353068,-0.49756,0.77930,0.59180,-44.4885,-243.8092,-47.1832,-0.79504,-0.28577,1.99994,103.0000,-250.1374,82.0076
589354067,-0.55627,0.81934,0.84705,-16.9542,-219.3893,-52.4427,-0.80347,-0.29102,1.99994,102.0611,-250.1374,84.9542
589355068,-0.30042,0.32446,1.55225,12.6183,-203.4809,-54.3053,-0.81042,-0.29749,1.99994,101.1527,-250.1374,87.8779
589356067,-0.98572,-1.25891,0.54468,5.9084,-208.5725,-42.6031,-0.81653,-0.30603,1.99994,100.1756,-250.1374,90.7405
589357068,-2.00000,-2.00000,-0.85388,-16.5878,-208.2748,-37.1908,-0.82361,-0.31580,1.99994,99.0916,-250.1374,93.5191
589358068,-1.64124,-2.00000,-0.61328,-17.2595,-179.6870,-55.4046,-0.83118,-0.32690,1.99994,98.0305,-250.1374,96.2366
589359068,-0.00195,-0.45374,1.99994,-12.9771,-133.2977,-77.5573,-0.83777,-0.33936,1.99994,97.1298,-250.1374,98.8931
589360067,1.42126,1.81824,1.99994,-40.8015,-101.8931,-73.5115,-0.84241,-0.35339,1.99994,96.3893,-250.1374,101.4733
589361067,1.81592,1.99994,1.99994,-94.3664,-105.3893,-41.9237,-0.84570,-0.36951,1.99994,95.7328,-250.1374,103.9924
589362065,1.06104,1.25085,1.99994,-144.1985,-138.2061,-8.5344,-0.84839,-0.38672,1.99994,95.1221,-250.1374,106.4580
589363069,0.70520,-0.35889,1.99994,-149.6031,-169.9924,2.3359,-0.85022,-0.40552,1.99994,94.5344,-250.1374,108.8779
589364068,1.27527,-1.42358,1.99994,-127.0992,-212.7023,-5.7328,-0.85193,-0.42639,1.99994,93.9313,-250.1374,111.2443
589365067,1.99994,-0.85095,1.99994,-142.3740,-250.1374,-7.9847,-0.85388,-0.44897,1.99994,93.5191,-250.1374,113.5573
589366065,1.99994,1.67151,1.99994,-185.1221,-250.1374,1.3817,-0.85413,-0.47192,1.99994,93.3664,-250.1374,115.7939
589367069,1.99994,1.99994,1.99994,-192.1756,-250.1374,21.5115,-0.85278,-0.49573,1.99994,93.3359,-250.1374,117.9695
589368067,1.76880,1.99994,1.99994,-162.9618,-250.1374,50.9924,-0.85059,-0.51953,1.99994,93.3130,-250.1374,120.0687
589369067,1.11157,1.46973,1.99994,-130.4046,-250.1374,69.5191,-0.84790,-0.54297,1.99994,93.2137,-250.1374,122.1069
589370067,0.13220,-0.96240,1.99994,-114.8015,-250.1374,66.6641,-0.84473,-0.56506,1.99994,93.1908,-250.1374,124.0534
589371068,-0.52588,-1.17273,1.99994,-115.0382,-250.1374,48.8168,-0.84094,-0.58618,1.99994,93.3969,-250.1374,125.9084
589372067,-0.73157,0.70557,1.28271,-106.8321,-250.1374,29.6336,-0.83691,-0.60718,1.99994,93.8092,-250.1374,127.6565
589373067,-1.02002,1.99994,0.04187,-40.5878,-250.1374,24.7634,-0.83228,-0.62683,1.99994,94.2824,-250.1374,129.2977
589374067,-1.81787,1.38062,-0.68762,-47.6718,-250.1374,38.5802,-0.82690,-0.64539,1.99994,94.7405,-250.1374,130.7863
589375067,-2.00000,-0.86865,-2.00000,-89.7405,-250.1374,52.8855,-0.82080,-0.66357,1.99988,95.2824,-250.1374,132.1221
589376068,-2.00000,-1.95947,-2.00000,-111.2595,-250.1374,46.8931,-0.81494,-0.68152,1.96997,96.1221,-250.1374,133.2901
589377068,-1.77576,-0.71423,-0.15918,-112.6794,-250.1374,31.3130,-0.80908,-0.69922,1.94006,97.2137,-250.1374,134.2672
589378068,-0.57422,1.54346,1.63916,-142.2290,-234.8473,37.9160,-0.80334,-0.71643,1.90930,98.4198,-250.1374,135.0763
589379068,0.46777,1.99994,1.99994,-193.3893,-221.6489,70.3359,-0.79810,-0.73315,1.87781,99.7557,-250.1374,135.6794
589380068,0.65979,1.99994,1.99994,-223.7481,-235.7328,111.4198,-0.79370,-0.74963,1.84583,101.2595,-250.1374,136.0763
589381068,0.58862,1.21411,1.99994,-228.6870,-250.1374,139.7328,-0.78992,-0.76587,1.81213,102.9618,-250.1374,136.2901
589382068,0.74304,-0.32654,1.99994,-221.5649,-250.1374,142.0687,-0.78625,-0.78198,1.77637,104.8855,-250.1374,136.3282
589383067,0.86768,0.09778,1.99994,-195.1985,-250.1374,124.1145,-0.78198,-0.79944,1.73877,107.0458,-250.1374,136.2214
589384068,1.00696,1.64343,1.99994,-149.0687,-250.1374,105.4198,-0.77686,-0.81787,1.70007,109.3969,-250.1374,136.0153
589385067,0.74451,1.99994,1.99994,-110.7557,-250.1374,101.4046,-0.77100,-0.83533,1.66162,111.9389,-250.1374,135.7023
589386068,0.12000,1.47864,1.81665,-89.8931,-250.1374,104.2366,-0.76453,-0.85071,1.62366,114.7023,-250.1374,135.2443
589387067,-0.11792,0.28906,1.99994,-70.2824,-250.1374,96.2443,-0.75745,-0.86499,1.58496,117.6489,-250.1374,134.7023
589388067,0.16357,-0.13489,1.99994,-54.8779,-250.1374,79.0992,-0.75024,-0.87854,1.54773,120.6947,-250.1374,134.1069
589389067,-0.13501,-0.06970,0.63770,-59.1069,-250.1374,74.0305,-0.74341,-0.89111,1.51208,123.8397,-250.1374,133.5191
589390068,-2.00000,0.06775,-1.81384,-79.4504,-250.1374,82.3435,-0.73669,-0.90308,1.47632,127.1069,-250.1374,132.9389
589391068,-2.00000,-0.26318,-2.00000,-113.4275,-250.1374,102.3053,-0.72913,-0.91504,1.43945,130.4351,-250.1374,132.4046
589392068,-1.22546,-1.19360,-0.96118,-173.0076,-250.1374,129.3588,-0.72083,-0.92737,1.40149,133.8244,-250.1374,131.9389
589393067,-0.32312,-0.80688,1.15735,-227.8855,-250.1374,146.3588,-0.71216,-0.94019,1.36401,137.2214,-250.1374,131.5267
589394068,-0.15247,1.53247,1.99994,-250.1374,-250.1374,156.3893,-0.70410,-0.95312,1.32617,140.6718,-250.1374,131.1374
589395068,1.05969,1.99994,1.99994,-250.1374,-250.1374,179.3511,-0.69714,-0.96619,1.28833,144.1603,-250.1374,130.8015
589396068,0.53284,1.99994,1.99994,-250.1374,-250.1374,213.4656,-0.69019,-0.97949,1.25098,147.6260,-250.1374,130.5649
589397068,-1.21875,0.18030,1.26587,-250.1374,-250.1374,226.1985,-0.68298,-0.99316,1.21277,151.0382,-250.1374,130.4809
589398067,-0.75256,-2.00000,1.99994,-250.1374,-250.1374,199.7099,-0.67651,-1.00732,1.17188,154.3359,-250.1374,130.5496
589399067,0.60718,-1.39954,1.99994,-235.1679,-250.1374,153.6183,-0.67126,-1.02161,1.12891,157.5191,-250.1374,130.7557
589400067,1.42737,1.58887,1.99994,-214.6031,-250.1374,121.1832,-0.66821,-1.03503,1.08740,160.5649,-250.1374,131.0916
589401067,1.55811,1.99994,1.99994,-180.7481,-250.1374,114.8397,-0.66687,-1.04749,1.04736,163.4733,-250.1374,131.5496
589402067,0.52905,1.99994,1.99994,-130.8779,-250.1374,132.8702,-0.66528,-1.05969,1.00610,166.1985,-250.1374,132.0992
589403067,-0.45740,1.42163,1.99994,-111.0153,-250.1374,156.9008,-0.66394,-1.07178,0.96252,168.7176,-250.1374,132.7176
589404067,-0.73608,-1.05176,1.99994,-126.9466,-250.1374,172.2443,-0.66406,-1.08325,0.91687,170.9771,-250.1374,133.4198
589405067,-0.83044,-1.90039,1.99756,-134.5649,-250.1374,172.6870,-0.66614,-1.09412,0.86938,172.9847,-250.1374,134.2214
589406068,-1.13757,-1.46313,1.68188,-123.6489,-250.1374,170.5649,-0.66907,-1.10486,0.82275,174.7481,-250.1374,135.0840
589407067,-1.85266,-0.65125,0.40393,-112.3817,-250.1374,173.4046,-0.67102,-1.11621,0.77612,176.2672,-250.1374,136.0153
589408068,-2.00000,0.32312,-0.50781,-101.8855,-250.1374,171.7328,-0.67261,-1.12878,0.72729,177.4962,-250.1374,136.9924
589409067,-2.00000,0.27454,-0.92773,-103.6641,-250.1374,169.4809,-0.67590,-1.14185,0.67712,178.4733,-250.1374,137.9771
589410067,-1.73303,-1.74585,-1.21765,-124.0000,-250.1374,169.8321,-0.68030,-1.15466,0.62512,179.1908,-250.1374,138.9542
589411067,-2.00000,-2.00000,-2.00000,-132.2595,-250.1374,155.8779,-0.68262,-1.16809,0.57068,179.6565,-250.1374,139.9313
589412068,-2.00000,-2.00000,-2.00000,-128.9008,-250.1374,122.5115,-0.68347,-1.18286,0.51379,179.8855,-250.1374,140.9008
589413068,-2.00000,-2.00000,-2.00000,-148.0916,-250.1374,88.5725,-0.68469,-1.19849,0.45386,179.8855,-250.1374,141.8702
589414068,-2.00000,-1.39697,-0.88965,-187.0687,-250.1374,80.1450,-0.68628,-1.21472,0.39441,179.6947,-250.1374,142.8321
589415064,-2.00000,-0.17407,0.08386,-224.4580,-250.1374,102.2366,-0.68835,-1.23169,0.33435,179.3359,-250.1374,143.7634
589416068,-2.00000,-0.41992,-1.51550,-235.6336,-250.1374,126.6718,-0.69043,-1.25000,0.26990,178.7786,-250.1374,144.6565
589417067,-2.00000,-1.14148,-2.00000,-185.7023,-250.1374,123.0916,-0.69324,-1.26917,0.20435,177.9847,-250.1374,145.4962
589418067,-1.56079,-1.94214,-0.21960,-102.5649,-250.1374,92.9847,-0.69531,-1.28821,0.13599,176.9542,-250.1374,146.2901
589419067,-0.30994,-2.00000,1.99994,-68.1145,-250.1374,67.3359,-0.69678,-1.30786,0.06531,175.6947,-250.1374,147.0000
589420067,-0.63354,-1.95459,1.95557,-75.1145,-250.1374,53.7176,-0.69910,-1.32800,-0.00525,174.2061,-250.1374,147.6260
589421067,-1.55090,-1.36646,0.19275,-32.4275,-250.1374,28.4427,-0.70154,-1.34753,-0.07739,172.4962,-250.1374,148.1756
589422067,-1.52698,-1.28894,-0.41492,64.0000,-250.1374,-10.2061,-0.70398,-1.36658,-0.15198,170.5267,-250.1374,148.6489
589423068,-1.17273,-1.80420,0.48999,125.5649,-250.1374,-40.1908,-0.70642,-1.38440,-0.22766,168.2977,-250.1374,149.0305
589424068,-1.38049,-2.00000,0.40442,104.9313,-250.1374,-47.2214,-0.70789,-1.40198,-0.30200,165.8473,-250.1374,149.3130
589425068,-1.69275,-1.76611,-0.55310,50.0763,-250.1374,-41.2366,-0.70776,-1.41895,-0.37451,163.1603,-250.1374,149.5191
589426068,-2.00000,-1.09094,-1.56543,19.8626,-250.1374,-32.9542,-0.70544,-1.43384,-0.44775,160.2366,-250.1374,149.6641
589427067,-1.70911,-1.00610,-1.47900,5.6565,-250.1374,-21.8931,-0.70032,-1.44592,-0.52307,157.0611,-250.1374,149.6870
589428068,-1.29871,-0.23206,0.25610,-38.4656,-250.1374,-6.8702,-0.69360,-1.45435,-0.59827,153.6489,-250.1374,149.5420
589429067,-0.33557,0.78064,0.10535,-117.2901,-250.1374,28.6565,-0.68579,-1.46082,-0.67065,149.9313,-250.1374,149.2595
589430067,-0.86548,0.51941,-0.91650,-183.1221,-250.1374,71.5954,-0.67615,-1.46558,-0.74194,145.9008,-250.1374,148.8779
589431068,-2.00000,-1.28577,-2.00000,-186.9237,-250.1374,92.0382,-0.66406,-1.46826,-0.81299,141.5725,-250.1374,148.3740
589432068,-0.97998,-2.00000,-2.00000,-161.0611,-250.1374,76.0687,-0.64929,-1.47058,-0.88245,136.9542,-250.1374,147.7023
589433068,1.99994,0.43396,1.99994,-184.3053,-182.7939,42.8244,-0.63220,-1.47339,-0.94910,132.0763,-250.1374,146.8397
589434067,1.99994,1.99994,1.99994,-247.7328,-154.7328,40.0076,-0.61304,-1.47632,-1.01306,126.9695,-250.1374,145.8092
589435067,1.99994,1.99994,1.99994,-250.1374,-149.5038,72.4427,-0.59143,-1.48010,-1.07483,121.6870,-250.1374,144.6336
589436067,1.99994,1.99994,1.99994,-160.0763,-175.7405,94.5191,-0.56616,-1.48474,-1.13379,116.2901,-250.1374,143.3053
589437067,1.99994,0.34143,1.99994,-70.4809,-250.1374,105.6107,-0.53796,-1.48950,-1.19067,110.8015,-250.1374,141.8168
589438065,1.99994,-2.00000,1.99994,-88.9389,-250.1374,115.2061,-0.50818,-1.49426,-1.24731,105.2748,-250.1374,140.1679
589439069,1.99994,-1.04004,1.99994,-162.7176,-250.1374,108.6183,-0.47815,-1.50098,-1.30115,99.7252,-250.1374,138.3664
589440067,1.99994,1.99994,1.99994,-228.3664,-250.1374,124.0153,-0.44836,-1.50989,-1.35120,94.2443,-250.1374,136.4580
589441067,1.99994,1.99994,1.99994,-199.5649,-250.1374,175.6336,-0.41809,-1.52026,-1.39905,88.8473,-250.1374,134.3893
589442067,1.99994,1.99994,1.99994,-92.5802,-250.1374,233.4198,-0.38599,-1.53198,-1.44507,83.5878,-250.1374,132.1603
589443065,-0.92896,1.63049,0.81421,10.7328,-250.1374,250.1298,-0.35376,-1.54565,-1.48999,78.5267,-250.1374,129.8015
589444064,-1.33777,-2.00000,-0.21045,18.3130,-250.1374,250.1298,-0.32300,-1.56152,-1.53381,73.7252,-250.1374,127.3282
589445069,-2.00000,-2.00000,-1.25366,-48.9542,-250.1374,249.5038,-0.29260,-1.57959,-1.57581,69.2366,-250.1374,124.7481
589446064,-2.00000,-2.00000,-2.00000,-88.6794,-250.1374,213.0840,-0.26282,-1.60083,-1.61731,65.0916,-250.1374,122.0687
589447069,-2.00000,0.98779,-2.00000,-44.1756,-250.1374,177.6107,-0.23413,-1.62390,-1.65906,61.3435,-250.1374,119.3206
589448068,-2.00000,0.12439,-0.92249,35.8550,-250.1374,173.6260,-0.20630,-1.64636,-1.70068,58.0000,-250.1374,116.5115
589449068,-2.00000,-2.00000,0.38049,24.6489,-250.1374,190.9160,-0.17981,-1.66846,-1.74292,55.0916,-250.1374,113.6565
589450068,-2.00000,-2.00000,-2.00000,-91.1985,-250.1374,198.2061,-0.15552,-1.69153,-1.78540,52.6183,-250.1374,110.7710
589451068,-2.00000,-2.00000,-2.00000,-184.9313,-250.1374,170.1069,-0.13281,-1.71533,-1.82751,50.6183,-250.1374,107.9160
589452068,-2.00000,-2.00000,-2.00000,-205.0534,-250.1374,134.3511,-0.09180,-1.76099,-1.90906,48.0611,-250.1374,102.1908
589453068,-2.00000,-0.44153,0.93665,-237.9618,-250.1374,133.7634,-0.07178,-1.78149,-1.94934,47.4962,-250.1374,99.3282
589454068,-0.71753,1.22815,1.99994,-250.1374,-250.1374,167.9847,-0.05261,-1.80078,-1.98987,47.3511,-250.1374,96.4580
589455067,-1.30518,0.77246,1.99994,-250.1374,-250.1374,202.1145,-0.03394,-1.81812,-2.00000,47.5649,-250.1374,93.5802
589456067,-0.53076,-1.61365,1.99994,-250.1374,-250.1374,208.4351,-0.01575,-1.83252,-2.00000,48.1145,-250.1374,90.7252
589457068,1.57996,-2.00000,1.99994,-250.1374,-250.1374,192.7939,0.00232,-1.84363,-2.00000,48.9847,-250.1374,87.8702
589458068,1.43555,-2.00000,1.99994,-250.1374,-250.1374,175.3282,0.02124,-1.85156,-2.00000,50.1450,-250.1374,85.0305
589459068,0.61450,0.14429,1.99994,-250.1374,-250.1374,160.5954,0.04102,-1.85645,-2.00000,51.5496,-250.1374,82.2214
589460067,-0.04114,0.50586,1.99994,-250.1374,-250.1374,152.5344,0.05994,-1.85718,-2.00000,53.1527,-250.1374,79.4122
589461068,-0.65576,-1.13269,1.99994,-197.9618,-250.1374,151.3664,0.07825,-1.85376,-2.00000,54.9237,-250.1374,76.5725
589462068,-1.17627,-2.00000,1.99994,-151.9618,-250.1374,132.6718,0.09729,-1.84900,-2.00000,56.8168,-250.1374,73.6794
589463068,-2.00000,-1.23914,1.99994,-108.3817,-250.1374,110.9160,0.11719,-1.84216,-2.00000,58.8168,-250.1374,70.7481
589464068,-2.00000,-0.52087,1.99994,-134.9847,-250.1374,114.9466,0.13831,-1.83215,-2.00000,60.9160,-250.1374,67.7634
589465068,-2.00000,-0.27295,-0.04761,-214.8473,-250.1374,134.1985,0.16052,-1.81982,-2.00000,63.0763,-250.1374,64.7481
589466067,-2.00000,-0.44690,-0.77405,-237.4504,-250.1374,139.0153,0.18237,-1.80542,-2.00000,65.2748,-250.1374,61.7405
589467067,-2.00000,-1.44446,-1.23804,-204.1908,-250.1374,135.2137,0.20227,-1.78894,-2.00000,67.4733,-250.1374,58.7099
589468067,-2.00000,-2.00000,-2.00000,-194.1603,-250.1374,134.0305,0.22095,-1.77173,-2.00000,69.6183,-250.1374,55.6489
589469068,-2.00000,-2.00000,-2.00000,-175.4733,-250.1374,121.0611,0.23926,-1.75330,-2.00000,71.6565,-250.1374,52.5496
589470068,-2.00000,-2.00000,-2.00000,-109.2519,-250.1374,87.1298,0.25635,-1.73486,-2.00000,73.5344,-250.1374,49.4885
589471068,-2.00000,-2.00000,-2.00000,-83.1298,-250.1374,65.4351,0.27222,-1.71692,-2.00000,75.2443,-250.1374,46.4580
589472068,-2.00000,-2.00000,-2.00000,-140.5420,-250.1374,67.0840,0.28638,-1.69971,-2.00000,76.7786,-245.6031,43.4809
589473068,-2.00000,-1.21790,-2.00000,-187.4427,-250.1374,64.8550,0.29883,-1.68445,-2.00000,78.1603,-234.8092,40.5344
589474067,-2.00000,-0.25269,-2.00000,-171.6641,-250.1374,49.3740,0.30957,-1.67151,-2.00000,79.3511,-224.0000,37.6336
589475068,-2.00000,-0.69141,-1.98389,-174.2061,-250.1374,50.7634,0.31897,-1.66138,-2.00000,80.3740,-213.2214,34.7863
589476067,-2.00000,-1.49988,-2.00000,-217.3893,-250.1374,64.0153,0.32617,-1.65356,-2.00000,81.2214,-202.4885,32.0534
589477068,-2.00000,-1.25244,-2.00000,-221.9618,-250.1374,67.0840,0.33130,-1.64832,-2.00000,81.9008,-191.8092,29.4275
589478067,-2.00000,-0.69189,-2.00000,-192.8168,-250.1374,63.7634,0.33472,-1.64514,-2.00000,82.4198,-181.2137,26.9160
589479068,-2.00000,-0.35767,-2.00000,-193.6718,-250.1374,69.7557,0.33618,-1.64392,-2.00000,82.8015,-170.8015,24.5115
589480068,-2.00000,-0.09875,-2.00000,-182.8550,-250.1374,71.3206,0.33557,-1.64539,-2.00000,83.0687,-160.6412,22.1832
589481068,-2.00000,0.24622,-1.07947,-119.9084,-250.1374,57.2748,0.33374,-1.64856,-2.00000,83.2443,-150.7252,19.9466
589482068,-1.70056,-0.46094,-0.38452,-73.4046,-250.1374,49.8168,0.33215,-1.65234,-2.00000,83.3359,-141.0382,17.8244
589483068,-1.96118,-2.00000,-1.79504,-63.6412,-250.1374,45.5649,0.32898,-1.65515,-2.00000,83.3511,-131.5878,15.8397
589484068,-2.00000,-2.00000,-2.00000,-31.1221,-250.1374,18.4046,0.32495,-1.65698,-2.00000,83.3206,-122.4427,13.9237
589485067,-2.00000,-2.00000,-2.00000,30.3893,-250.1374,-31.3435,0.32080,-1.65857,-2.00000,83.2824,-113.6183,12.0992
589486068,-2.00000,-2.00000,-2.00000,66.8702,-250.1374,-73.5802,0.31726,-1.65833,-2.00000,83.2366,-105.1145,10.3359
589487068,-2.00000,-0.93066,-2.00000,59.3206,-250.1374,-89.9542,0.31396,-1.65576,-2.00000,83.1908,-96.8931,8.6183
589488068,-2.00000,-0.26685,-2.00000,31.3969,-250.1374,-89.5267,0.30945,-1.65125,-2.00000,83.1527,-88.9771,6.9389
589489067,-2.00000,-0.21863,-2.00000,15.9084,-237.0916,-86.8244,0.30457,-1.64380,-2.00000,83.0763,-81.3969,5.2977
589490068,-2.00000,-0.44348,-2.00000,22.3664,-195.5802,-85.6489,0.30029,-1.63354,-2.00000,82.9618,-74.1221,3.6718
589491068,-2.00000,-0.26392,-2.00000,37.5649,-174.7557,-84.0000,0.29651,-1.62073,-2.00000,82.8092,-67.1221,2.0687
589492068,-2.00000,0.56506,-2.00000,41.6565,-180.0382,-77.1221,0.29370,-1.60522,-2.00000,82.6183,-60.3740,0.4962
589493067,-2.00000,1.04114,-2.00000,38.7786,-199.3435,-60.4809,0.29224,-1.58777,-2.00000,82.3359,-53.8779,-1.0916
589494067,-1.77625,0.63281,-2.00000,50.2595,-213.2824,-43.7634,0.29028,-1.56812,-2.00000,81.9160,-47.5878,-2.7023
589495068,-1.29138,-0.22839,-0.80493,81.8779,-233.0305,-36.0611,0.28809,-1.54675,-2.00000,81.2977,-41.4733,-4.3206
589496068,-1.45715,-0.84143,-0.84692,104.3664,-250.1374,-36.9313,0.28638,-1.52368,-2.00000,80.4809,-35.5344,-5.9389
589497068,-1.79712,-0.73865,-2.00000,97.2443,-250.1374,-37.4122,0.28381,-1.50000,-2.00000,79.4198,-29.8015,-7.5649
589498068,-2.00000,-0.34180,-2.00000,68.5802,-250.1374,-34.0229,0.28198,-1.47754,-2.00000,78.1069,-24.2595,-9.1908
589499068,-2.00000,-0.13892,-2.00000,53.1908,-227.5344,-35.9924,0.28088,-1.45752,-2.00000,76.5344,-18.9008,-10.8321
589500067,-2.00000,-0.37231,-2.00000,71.2595,-180.0916,-48.9008,0.27893,-1.43933,-2.00000,74.6947,-13.6870,-12.4656
589501067,-1.95337,-0.70032,-2.00000,91.3282,-146.9695,-62.6183,0.27661,-1.42151,-1.97229,72.6260,-8.6107,-14.0534
589502068,-2.00000,-0.70789,-2.00000,82.5649,-129.6565,-67.7176,0.27441,-1.40503,-1.93298,70.3435,-3.6794,-15.6260
589503067,-2.00000,-0.77710,-2.00000,110.8168,-74.9084,-79.6947,0.27136,-1.39026,-1.89392,67.8321,1.1221,-17.1679
589504068,-2.00000,-1.01245,-2.00000,157.2061,-63.5878,-93.8397,0.26672,-1.37769,-1.85425,65.1298,5.8092,-18.7023
589505067,-1.96082,-0.63354,-2.00000,200.1069,-50.3130,-111.5038,0.26111,-1.36816,-1.81384,62.2977,10.3969,-20.1756
589506068,-1.28955,0.00073,-2.00000,219.4275,-32.3893,-118.7710,0.25586,-1.36194,-1.77246,59.3588,14.8779,-21.5878
589507067,-1.01892,0.49622,-1.81311,196.9389,-15.1908,-111.9771,0.25232,-1.35864,-1.73230,56.3588,19.2595,-22.9084
589508067,-1.30151,0.69629,-1.90674,160.7481,3.2977,-100.7099,0.25061,-1.35669,-1.69360,53.3817,23.5496,-24.1450
589509067,-1.16504,0.46716,-1.37695,146.0916,31.1908,-94.4733,0.24915,-1.35620,-1.65637,50.4885,27.7099,-25.2672
589510067,-0.78979,0.89221,-0.01880,151.7405,50.1221,-98.1832,0.24683,-1.35779,-1.62048,47.7176,31.7328,-26.3053
589511068,-0.62537,1.99994,0.09570,147.0305,38.1221,-96.0840,0.24475,-1.36157,-1.58423,45.0611,35.6336,-27.2366
589512068,-0.61536,1.99994,-0.13379,128.1298,14.4427,-72.5496,0.24207,-1.36743,-1.54944,42.5344,39.3969,-28.0229
589513067,-0.45923,1.99994,0.54065,110.8626,-17.7786,-38.2977,0.23755,-1.37378,-1.51733,40.1756,43.0000,-28.6412
589514067,0.03711,0.92090,1.61499,104.2137,-39.8473,-10.9924,0.23315,-1.37891,-1.48645,38.0076,46.4427,-29.1145
589515068,-0.28528,0.44885,1.60657,119.1298,-77.2443,0.2748,0.22974,-1.38403,-1.45593,36.0076,49.6870,-29.4733
589516067,-0.65222,0.69116,0.52344,152.7786,-103.4656,3.6489,0.22644,-1.38940,-1.42615,34.1679,52.7481,-29.7099
589517067,-0.31494,-0.16638,0.65161,170.5267,-101.6794,18.8702,0.22253,-1.39441,-1.39624,32.4733,55.6260,-29.8626
589518067,-1.12598,-2.00000,-0.37341,158.7023,-125.5725,36.3053,0.21741,-1.39905,-1.36609,30.8779,58.2824,-29.9237
589519068,-2.00000,-2.00000,-2.00000,152.7939,-143.0611,24.0076,0.21167,-1.40295,-1.33667,29.3664,60.7252,-29.9084
589520068,-2.00000,-2.00000,-2.00000,188.2824,-133.4351,-16.3740,0.20581,-1.40649,-1.30859,27.9466,62.9695,-29.8321
589521067,-2.00000,-2.00000,-2.00000,225.8015,-122.8702,-49.5496,0.20032,-1.40991,-1.28076,26.6336,65.0076,-29.7023
589522068,-2.00000,-2.00000,-2.00000,211.1832,-99.7557,-66.7939,0.19543,-1.41309,-1.25171,25.4046,66.8015,-29.5191
589523068,-2.00000,-2.00000,-2.00000,177.5725,-55.1527,-88.0229,0.19165,-1.41650,-1.22192,24.2595,68.4046,-29.2901
589524068,-2.00000,-2.00000,-2.00000,175.3282,8.6183,-114.1985,0.18811,-1.41858,-1.19385,23.2137,69.8321,-29.0229
589525068,-2.00000,-2.00000,-2.00000,182.2824,68.3893,-129.7634,0.18457,-1.41870,-1.16748,22.2672,71.0458,-28.7252
589526068,-2.00000,-1.56104,-2.00000,181.3206,110.7634,-136.1374,0.18079,-1.41797,-1.14062,21.3969,72.1069,-28.4580
589527068,-2.00000,-0.73547,-2.00000,195.8244,139.1145,-141.9695,0.17651,-1.41614,-1.11316,20.6031,73.0305,-28.1908
589528068,-2.00000,-0.21948,-1.56799,217.5725,158.0000,-140.1985,0.17297,-1.41284,-1.08484,19.8779,73.8168,-27.9160
589529068,-1.43591,-0.59363,0.44543,223.1374,155.0992,-127.3817,0.17053,-1.40784,-1.05457,19.1832,74.5038,-27.6565
589530068,-1.14648,-1.37988,0.95471,224.9160,117.5191,-110.2824,0.16797,-1.40210,-1.02246,18.4809,75.0763,-27.4504
589531068,-1.27686,-1.91223,0.42493,218.1374,70.0305,-91.2519,0.16577,-1.39600,-0.99084,17.7405,75.5573,-27.2824
589532067,-1.07520,-1.64673,0.49744,176.7252,40.3435,-69.1603,0.16418,-1.38904,-0.95947,16.9771,75.9313,-27.1221
589533068,-0.80408,-0.65198,1.03723,128.7176,27.5496,-51.9542,0.16296,-1.38147,-0.92688,16.1908,76.1985,-26.9924
589534068,-1.02319,0.06763,1.19836,110.0000,13.7863,-40.9466,0.16113,-1.37366,-0.89429,15.3740,76.4046,-26.9237
589535068,-1.34839,-0.42285,0.58655,97.1603,-0.9466,-27.7634,0.15930,-1.36597,-0.86255,14.5420,76.5649,-26.9008
589536067,-1.78931,-1.49231,-1.11719,62.9924,-13.9084,-15.9542,0.15894,-1.35864,-0.83215,13.6641,76.6565,-26.9008
589537067,-2.00000,-2.00000,-2.00000,34.6260,-27.0076,-16.1298,0.15845,-1.35327,-0.80176,12.7481,76.6794,-26.9389
589538068,-2.00000,-2.00000,-2.00000,43.2137,-15.7634,-35.4885,0.15710,-1.34900,-0.77124,11.8244,76.6336,-26.9771
589539067,-2.00000,-1.22852,-2.00000,84.3664,27.3206,-64.4122,0.15588,-1.34558,-0.74158,10.9008,76.5115,-27.0229
589540068,-1.93774,-0.23328,-2.00000,119.5802,58.4122,-80.6489,0.15552,-1.34351,-0.71301,9.9618,76.3206,-27.1069
589541068,-2.00000,0.15808,-2.00000,127.2214,69.8550,-75.3053,0.15491,-1.34180,-0.68628,9.0229,76.0840,-27.1985
589542067,-2.00000,-0.36462,-2.00000,137.2366,101.8168,-69.7863,0.15430,-1.34058,-0.66187,8.1374,75.8015,-27.2824
589543068,-2.00000,-1.03528,-2.00000,163.4733,152.0763,-75.7176,0.15417,-1.34033,-0.63879,7.3130,75.4275,-27.3817
589544067,-2.00000,-1.08850,-2.00000,178.8626,190.3817,-83.8931,0.15393,-1.34106,-0.61572,6.5954,74.9618,-27.4962
589545068,-2.00000,-0.31372,-2.00000,173.2748,209.1450,-85.9160,0.15332,-1.34375,-0.59363,6.0000,74.4580,-27.5725
589546068,-2.00000,0.25586,-1.86707,152.3359,214.4580,-74.3740,0.15344,-1.34766,-0.57373,5.5038,73.8931,-27.6336
589547068,-1.64648,0.05786,-0.73853,119.3053,216.5725,-54.0305,0.15332,-1.35034,-0.55542,5.1221,73.2290,-27.6794
589548067,-1.26294,-0.42004,-0.01086,86.9466,212.0229,-36.9924,0.15198,-1.35168,-0.53809,4.8779,72.4733,-27.7328
589549067,-1.18433,-0.87561,0.49707,65.3053,201.8321,-26.6336,0.15112,-1.35315,-0.52185,4.7328,71.6336,-27.7481
589550067,-0.72974,-1.04224,1.16443,55.7786,193.3130,-21.9542,0.15027,-1.35388,-0.50720,4.6718,70.7252,-27.7557
589551068,-0.33276,-0.65918,1.28772,46.7481,172.4809,-18.2137,0.15027,-1.35327,-0.49304,4.7099,69.7328,-27.7405
589552067,-0.44092,-0.06653,0.96973,40.3817,145.4809,-12.4122,0.15039,-1.34985,-0.46558,5.0153,67.4275,-27.5954
589553067,-0.31482,0.20264,1.14062,53.5802,125.1298,-9.1985,0.15027,-1.34619,-0.45410,5.1756,66.1527,-27.4885
589554067,-0.05737,-0.05688,1.61682,77.5420,108.5878,-8.3511,0.15063,-1.34106,-0.44507,5.3435,64.8092,-27.3588
589555068,-0.23682,-0.59839,1.26038,92.0076,87.5649,-8.2290,0.15125,-1.33508,-0.43567,5.5191,63.3969,-27.1679
589556068,-0.82959,-0.85583,0.19116,99.8931,70.0611,-11.4580,0.15173,-1.32727,-0.42542,5.6641,61.9160,-26.9313
589557068,-1.17126,-1.09387,-0.34131,108.9466,69.0992,-15.1374,0.15234,-1.31702,-0.41516,5.7634,60.3435,-26.6794
589558067,-1.22217,-1.43250,-0.21130,108.2977,76.5496,-17.2061,0.15454,-1.30615,-0.40442,5.7863,58.7252,-26.4122
589559068,-1.34119,-1.46826,-0.24988,93.2366,82.5267,-17.0076,0.15735,-1.29456,-0.39441,5.7405,57.0840,-26.0992
589560068,-1.33423,-1.17688,-0.57898,75.3206,90.7710,-15.0992,0.16016,-1.28149,-0.38489,5.5954,55.4504,-25.7481
589561068,-1.26416,-0.80652,-0.45483,58.0076,102.1450,-10.0840,0.16345,-1.26660,-0.37573,5.3511,53.8244,-25.3664
589562068,-1.16626,-0.82349,0.01184,35.3206,111.2519,1.6183,0.16638,-1.25024,-0.36621,4.9847,52.1832,-24.9924
589563068,-0.92712,-1.36218,0.05273,9.6031,113.0458,17.6794,0.16907,-1.23340,-0.35547,4.4809,50.5573,-24.5954
589564068,-0.94897,-1.88708,-0.74585,-8.3969,97.8779,28.7634,0.17200,-1.21680,-0.34314,3.8321,48.9847,-24.2137
589565068,-1.18066,-1.70679,-1.56299,-9.0000,79.8244,27.7176,0.17566,-1.19995,-0.33032,3.0382,47.4656,-23.8168
589566068,-1.00012,-1.07190,-1.36511,1.7557,75.1908,21.9466,0.18005,-1.18347,-0.31775,2.0916,46.0000,-23.3817
589567068,-0.87244,-0.73254,-0.90466,3.5802,71.6260,23.0382,0.18457,-1.16809,-0.30505,1.0000,44.5725,-22.9542
589568068,-1.20764,-0.99634,-1.15417,-4.1756,67.6947,29.1145,0.18909,-1.15393,-0.29236,-0.1985,43.1985,-22.5267
589569067,-1.46033,-1.50635,-1.38037,0.0458,79.1527,27.2672,0.19421,-1.14014,-0.27966,-1.4656,41.9084,-22.1069
589570068,-1.42615,-1.74377,-0.78137,16.7634,105.1603,15.6183,0.19983,-1.12793,-0.26819,-2.7863,40.6947,-21.6718
589571068,-0.97827,-1.73633,-0.06201,22.5267,134.0305,5.6565,0.20483,-1.11829,-0.25916,-4.1298,39.5725,-21.2290
589572068,-0.40601,-1.59399,0.33594,15.6031,151.7710,2.9466,0.20935,-1.11121,-0.25073,-5.4962,38.5267,-20.7710
589573068,-0.25012,-1.34583,0.47046,15.8550,145.1756,2.8244,0.21436,-1.10547,-0.24219,-6.8779,37.5115,-20.2977
589574068,-0.05737,-1.15686,0.57617,28.8931,127.3511,1.7328,0.21985,-1.10144,-0.23450,-8.2214,36.5649,-19.8168
589575068,0.11145,-1.23352,0.72852,41.3511,97.3588,2.0763,0.22510,-1.09900,-0.22791,-9.4885,35.7176,-19.3282
589576067,0.02698,-1.50586,0.77344,44.6260,59.0687,5.7252,0.22961,-1.09790,-0.22339,-10.6718,34.9466,-18.8168
589577068,0.15295,-1.57117,1.05066,38.0840,29.1756,10.5496,0.23328,-1.09814,-0.22034,-11.7557,34.1908,-18.2672
589578068,0.13855,-1.26538,1.05396,27.6718,2.8779,15.0076,0.23608,-1.10010,-0.21716,-12.7557,33.4580,-17.7023
589579068,-0.24963,-1.03271,0.61804,23.4656,-12.8168,19.0687,0.23901,-1.10364,-0.21460,-13.6489,32.8015,-17.1374
589580068,-0.41870,-1.35242,0.42566,25.7634,-8.8626,23.2672,0.24280,-1.10779,-0.21313,-14.3969,32.1985,-16.5954
589581068,-0.41711,-2.00000,0.26367,18.8321,3.2595,29.0611,0.24670,-1.11108,-0.21155,-14.9847,31.6107,-16.0916
589582068,-0.59607,-2.00000,-0.20569,3.3740,15.9160,29.9542,0.25085,-1.11353,-0.20923,-15.4427,31.0458,-15.5802
589583067,-0.71106,-2.00000,-0.79980,3.5496,27.9389,17.8626,0.25488,-1.11584,-0.20715,-15.7634,30.5344,-15.0458
589584068,-0.84814,-2.00000,-1.47424,21.5496,27.2443,0.9924,0.25806,-1.11792,-0.20667,-15.9542,30.0534,-14.5191
589585068,-1.06042,-1.48145,-1.98010,32.2443,16.1374,-4.1145,0.26099,-1.12085,-0.20764,-16.0382,29.6031,-14.0229
589586067,-0.98071,-1.77917,-1.74414,18.8473,10.8015,3.6489,0.26367,-1.12305,-0.20911,-16.0382,29.1908,-13.5573
589587068,-0.81055,-2.00000,-0.99817,-12.5038,13.9542,14.3359,0.26599,-1.12402,-0.21033,-16.0305,28.8244,-13.1221
589588068,-0.70703,-2.00000,-0.46619,-36.8473,23.7557,17.4046,0.26782,-1.12378,-0.21130,-16.0076,28.4656,-12.6718
589589068,-0.66187,-1.78235,-0.42603,-37.0305,35.4733,13.6336,0.26831,-1.12158,-0.21191,-15.9542,28.1069,-12.2137
589590068,-0.85913,-1.15308,-1.03992,-31.2137,40.8244,15.0763,0.26892,-1.11816,-0.21143,-15.8473,27.7557,-11.7786
589591068,-1.11096,-1.14319,-1.62000,-39.7863,48.8931,25.0382,0.27063,-1.11365,-0.21045,-15.7099,27.4275,-11.3969
589592067,-1.28406,-1.90039,-1.59192,-52.7634,56.2519,34.0534,0.27283,-1.10852,-0.20874,-15.6031,27.1145,-11.0534
589593068,-1.21521,-2.00000,-1.02356,-52.4504,62.4809,31.5954,0.27441,-1.10266,-0.20618,-15.5267,26.8321,-10.7557
589594068,-0.79968,-2.00000,-0.13538,-43.2214,67.7405,18.3740,0.27563,-1.09497,-0.20386,-15.5038,26.6336,-10.4733
589595068,-0.46057,-2.00000,0.20105,-49.7863,66.8321,9.3206,0.27661,-1.08569,-0.20081,-15.5496,26.4962,-10.2061
589596067,-0.38281,-1.40039,0.16833,-79.7099,68.4656,13.5649,0.27808,-1.07532,-0.19556,-15.7328,26.3588,-9.9618
589597067,-0.37061,-0.86511,0.10205,-103.3053,68.0840,23.7557,0.28076,-1.06506,-0.18921,-16.0611,26.2214,-9.7710
589598068,-0.24500,-1.07202,0.20007,-104.3817,64.9160,31.6947,0.28333,-1.05444,-0.18372,-16.5420,26.0840,-9.6412
589599068,-0.22668,-1.76782,0.28357,-98.7023,50.5725,36.2901,0.28467,-1.04407,-0.17896,-17.1603,25.9771,-9.5496
589600068,-0.40027,-2.00000,-0.15613,-102.4275,32.5802,37.1374,0.28577,-1.03394,-0.17432,-17.9466,25.8931,-9.4656
589601068,-0.48792,-1.99451,-0.43774,-109.1679,25.0916,32.5344,0.28662,-1.02368,-0.17004,-18.8855,25.7634,-9.3664
589602068,-0.51709,-1.05054,-0.21130,-103.2977,24.1374,24.3511,0.28674,-1.01465,-0.16516,-19.9847,25.5725,-9.2901
589603068,-0.49158,-0.36401,0.08362,-85.6870,26.2137,20.0611,0.28662,-1.00684,-0.16016,-21.2137,25.3740,-9.2214
589604067,-0.52759,-0.50818,-0.06506,-71.8397,29.0305,21.8626,0.28601,-1.00012,-0.15784,-22.5649,25.1221,-9.1832
589605067,-0.82202,-1.07166,-0.46826,-69.7099,35.9847,24.6260,0.28528,-0.99585,-0.15808,-24.0000,24.7939,-9.1756
589606067,-0.94885,-1.58875,-0.57812,-75.5649,52.0840,24.9389,0.28308,-0.99377,-0.15881,-25.5038,24.4122,-9.1985
589607067,-0.68408,-1.75378,-0.19287,-84.6336,69.9389,23.8244,0.27930,-0.99268,-0.15979,-27.0382,23.9542,-9.2595
589608068,-0.50635,-1.48193,0.33484,-92.9618,74.1145,24.5725,0.27478,-0.99341,-0.16260,-28.5496,23.4046,-9.3511
589609068,-0.26978,-1.11218,0.54041,-97.5496,68.5878,28.6107,0.27087,-0.99609,-0.16748,-30.0611,22.7328,-9.4275
589610068,-0.01868,-0.78845,0.48804,-100.5038,55.5954,32.8321,0.26721,-1.00134,-0.17346,-31.5496,21.9160,-9.4580
589611068,-0.18604,-0.60425,0.18262,-100.1679,33.0992,35.7328,0.26270,-1.00903,-0.18042,-32.9542,21.0305,-9.4885
589612067,-0.19836,-0.88647,0.07324,-91.5878,16.6489,36.1374,0.25720,-1.01770,-0.18970,-34.2672,20.0458,-9.4962
589613067,-0.21948,-1.51892,0.25073,-78.7328,1.9160,32.7023,0.25305,-1.02637,-0.20154,-35.4809,18.9618,-9.5191
589614067,-0.62842,-2.00000,0.02686,-68.1908,-8.2595,25.2595,0.24963,-1.03381,-0.21423,-36.6260,17.8168,-9.5878
589615068,-0.85144,-1.91357,-0.41052,-59.3893,-0.0992,14.6565,0.24512,-1.03967,-0.22681,-37.6489,16.6031,-9.6718
589616068,-0.92908,-1.28870,-0.64062,-53.9847,18.0153,5.9084,0.24060,-1.04504,-0.23987,-38.5038,15.3053,-9.7252
589617068,-0.93677,-0.64062,-0.59839,-57.1450,40.7786,4.7481,0.23645,-1.04968,-0.25183,-39.2443,13.9389,-9.7405
589618068,-0.83472,-0.36731,-0.48877,-68.1603,60.2672,11.1908,0.23279,-1.05396,-0.26245,-39.9160,12.5878,-9.7099
589619067,-0.84033,-0.54211,-0.54236,-79.9466,69.5344,20.8779,0.22937,-1.05823,-0.27380,-40.4885,11.2824,-9.6412
589620067,-0.76318,-1.04883,-0.37341,-87.7099,74.9695,29.0153,0.22742,-1.06079,-0.28552,-41.0000,9.9695,-9.5496
589621067,-0.55273,-1.45886,0.12573,-93.7023,75.7405,32.9237,0.22681,-1.06104,-0.29700,-41.4885,8.6489,-9.4275
589622067,-0.40137,-1.36426,0.49451,-102.1679,70.6260,34.3206,0.22754,-1.06042,-0.30762,-41.9313,7.3664,-9.2824
589623067,-0.34155,-0.91650,0.57959,-108.6489,61.8168,35.9542,0.23022,-1.05945,-0.31824,-42.3435,6.1298,-9.0916
589624068,-0.33350,-0.71606,0.82776,-106.0916,55.0076,38.5267,0.23303,-1.05713,-0.32922,-42.7786,4.9695,-8.9008
589625068,-0.48438,-1.50208,1.26465,-97.7939,48.6336,43.6260,0.23535,-1.05310,-0.33972,-43.2290,3.8855,-8.6947
589626068,-0.86426,-2.00000,1.13843,-96.0382,40.0229,45.7786,0.23730,-1.04797,-0.34924,-43.7405,2.9084,-8.4656
589627068,-0.89392,-2.00000,0.75500,-99.4122,41.6565,35.6260,0.24011,-1.04260,-0.35657,-44.3282,2.0458,-8.2137
589628068,-0.68848,-2.00000,0.87744,-100.8092,47.5038,18.0763,0.24414,-1.03735,-0.36377,-45.0153,1.2748,-7.9389
589629068,-0.64624,-1.79382,1.09753,-103.4885,45.7557,9.6489,0.24731,-1.03223,-0.37292,-45.8015,0.5878,-7.6107
589630068,-0.73376,-1.77893,0.79407,-108.3435,34.1832,11.9389,0.25037,-1.02698,-0.38123,-46.6641,0.0153,-7.2672
589631067,-1.13513,-2.00000,-0.32019,-106.4962,12.4962,12.4275,0.25330,-1.02234,-0.38794,-47.5878,-0.4275,-6.9237
589632068,-1.49292,-2.00000,-1.35583,-101.4198,-0.4962,5.5878,0.25574,-1.01831,-0.39587,-48.6565,-0.7252,-6.5878
589633067,-1.55615,-2.00000,-1.28186,-103.5038,2.1908,-2.8702,0.25916,-1.01379,-0.40491,-49.8550,-0.9466,-6.2672
589634068,-1.35022,-2.00000,-0.60754,-110.6718,18.1450,-9.4351,0.26245,-1.00952,-0.41443,-51.0992,-1.1145,-5.9389
589635067,-1.60022,-0.42126,-1.14844,-102.0611,44.2901,-12.5802,0.26440,-1.00659,-0.42468,-52.3740,-1.1985,-5.6107
589636067,-1.78015,-0.50012,-1.77441,-90.5115,67.5038,-9.5115,0.26685,-1.00500,-0.43372,-53.6718,-1.2061,-5.2901
589637067,-1.68530,-1.09814,-1.52991,-88.7328,96.4275,-7.3053,0.27014,-1.00488,-0.44458,-54.9924,-1.1679,-5.0153
589638068,-1.45605,-1.33374,-0.59631,-96.7634,122.9771,-8.1603,0.27380,-1.00586,-0.45862,-56.3053,-1.0687,-4.7710
589639067,-1.25745,-1.00366,0.60840,-104.9542,138.6489,-9.0076,0.27759,-1.00757,-0.47168,-57.5649,-0.9084,-4.5725
589640067,-1.12219,-0.77539,1.47656,-106.0000,142.6183,-4.3053,0.28088,-1.01074,-0.48535,-58.7786,-0.7099,-4.3893
589641067,-0.51697,-1.43848,1.99994,-106.0305,142.2977,6.7176,0.28394,-1.01526,-0.50037,-59.9389,-0.4885,-4.2290
589642067,0.08179,-2.00000,1.99994,-116.7176,131.9542,16.3817,0.28662,-1.02087,-0.51562,-60.9771,-0.2214,-4.1298
589643067,0.18640,-2.00000,1.99994,-131.5496,104.8321,16.8244,0.28918,-1.02771,-0.53186,-61.9084,0.0992,-4.0534
589644068,0.30835,-2.00000,1.99994,-132.7710,67.1450,9.0687,0.29260,-1.03674,-0.54834,-62.7634,0.4504,-4.0076
589645067,0.27173,-1.73560,1.99994,-118.5267,22.6947,-1.6336,0.29578,-1.04822,-0.56543,-63.5267,0.8168,-3.9618
589646067,0.06079,-1.19727,1.99994,-104.8779,-16.1679,-10.2824,0.29846,-1.06091,-0.58337,-64.1908,1.2061,-3.9313
589647067,0.15674,-1.23157,1.99994,-101.4809,-37.1832,-12.3893,0.30090,-1.07324,-0.60083,-64.7710,1.5954,-3.9008
589648067,-0.13745,-1.93433,1.46838,-95.5115,-53.1603,-16.4962,0.30310,-1.08435,-0.61792,-65.2901,2.0076,-3.8931
589649067,-0.76013,-2.00000,0.52625,-71.6794,-53.8855,-33.5573,0.30542,-1.09534,-0.63513,-65.8092,2.4427,-3.8473
589650067,-1.03198,-1.40686,-0.06006,-45.6107,-35.4809,-54.0611,0.30872,-1.10632,-0.65137,-66.3740,2.9084,-3.7863
589651067,-1.27930,-0.39856,-0.48877,-42.1603,-10.8779,-58.5496,0.31238,-1.11670,-0.66711,-66.9847,3.3817,-3.7023
589652067,-1.43884,-0.70740,-0.67407,-55.6870,15.1221,-45.2137,0.31519,-1.12610,-0.68323,-67.6107,3.8473,-3.6183
589653068,-1.22949,-1.83521,-0.52258,-64.1985,37.0305,-33.9237,0.32031,-1.14294,-0.71448,-68.9847,4.8397,-3.4198
589654067,-0.94434,-1.96558,-0.36621,-62.8473,47.0687,-37.2901,0.32227,-1.15100,-0.72852,-69.7405,5.4198,-3.3435
589655068,-0.89551,-0.92712,-0.42175,-71.6183,46.6947,-41.9313,0.32361,-1.15747,-0.74182,-70.5954,6.0763,-3.2672
589656067,-0.69727,-0.21606,-0.38904,-97.0076,43.8855,-32.7405,0.32556,-1.16150,-0.75305,-71.5420,6.7939,-3.2137
589657067,-0.31348,-0.31726,0.19739,-120.2519,38.5802,-18.4809,0.32727,-1.16504,-0.76440,-72.5496,7.5802,-3.2137
589658067,-0.26245,-0.41809,0.73877,-127.1603,25.6794,-12.8015,0.32776,-1.16833,-0.77600,-73.6031,8.4427,-3.3130
589659067,-0.41992,-0.37146,0.53687,-120.1527,14.2519,-14.7252,0.32703,-1.17078,-0.78748,-74.6794,9.4046,-3.4733
589660067,-0.70007,-1.00244,0.13013,-105.2977,10.3817,-16.4580,0.32617,-1.17346,-0.79785,-75.8092,10.5038,-3.6870
589661067,-0.81091,-2.00000,0.15564,-91.7099,16.8931,-20.3130,0.32629,-1.17725,-0.80664,-76.9924,11.7252,-3.9771
589662068,-0.51807,-2.00000,0.58704,-88.3282,33.0916,-33.1221,0.32690,-1.18030,-0.81665,-78.1985,13.0458,-4.3588
589663067,-0.50574,-0.61084,0.43713,-88.0076,39.2366,-45.0305,0.32678,-1.18237,-0.82703,-79.4122,14.4504,-4.8397
589664067,-0.73730,0.11658,-0.28149,-82.2137,37.8244,-44.1221,0.32617,-1.18506,-0.83704,-80.6260,15.9847,-5.4275
589665068,-0.60144,-0.36475,-0.28210,-79.3664,38.5344,-36.0076,0.32532,-1.18774,-0.84802,-81.7939,17.6412,-6.1298
589666068,-0.39307,-0.65442,0.13147,-92.3282,35.1450,-29.8168,0.32410,-1.19055,-0.85815,-82.9160,19.4427,-6.9389
589667068,-0.31421,-0.22668,0.14551,-120.6947,32.4733,-23.8550,0.32227,-1.19507,-0.86902,-84.0229,21.3206,-7.8321
589668067,-0.25977,0.24109,-0.04285,-145.3740,30.3511,-15.2901,0.32007,-1.20068,-0.88147,-85.1069,23.2290,-8.7939
589669067,-0.22778,0.34253,0.01685,-146.7023,27.7786,-7.0305,0.31787,-1.20715,-0.89502,-86.1603,25.2061,-9.8626
589670067,-0.23071,0.25647,0.20654,-132.2214,25.2443,-2.3969,0.31470,-1.21460,-0.90894,-87.1679,27.2443,-11.0229
589671068,-0.36218,0.16199,-0.08105,-126.8321,23.4046,0.7405,0.30981,-1.22327,-0.92310,-88.1069,29.3282,-12.2595
589672067,-0.47290,0.14893,-0.68494,-127.3740,28.8473,1.1832,0.30505,-1.23254,-0.93835,-89.0305,31.3740,-13.5344
589673068,-0.57593,0.35742,-0.93457,-114.2290,34.5191,-3.2366,0.30066,-1.24219,-0.95496,-89.9695,33.3664,-14.8550
589674067,-0.48340,0.55200,-0.60559,-94.5038,41.5496,-7.4885,0.29565,-1.25281,-0.97217,-90.8779,35.3588,-16.2214
589675067,-0.26294,0.44678,-0.32788,-88.9084,47.0458,-5.5878,0.29016,-1.26294,-0.99060,-91.7481,37.3817,-17.6260
589676068,-0.32275,0.26807,-0.56335,-98.2595,51.4275,-0.5038,0.28394,-1.27344,-1.01050,-92.5954,39.3893,-19.0534
589677067,-0.35718,0.29260,-0.68555,-108.1374,60.7863,3.4809,0.27734,-1.28467,-1.03125,-93.4198,41.3359,-20.4504
589678067,-0.24365,0.48438,-0.50830,-112.7634,68.3893,7.0534,0.27136,-1.29578,-1.05371,-94.2290,43.2061,-21.8550
589679067,-0.21423,0.74329,-0.48840,-113.2061,69.3359,11.4733,0.26477,-1.30725,-1.07617,-95.0534,45.0076,-23.2977
589680068,-0.23401,0.80225,-0.55554,-106.0458,67.7099,16.0611,0.25659,-1.31812,-1.09692,-95.8931,46.7863,-24.7634
589681067,-0.24036,0.48901,-0.32239,-90.7023,66.8168,18.0229,0.24719,-1.32751,-1.11816,-96.7176,48.5420,-26.2366
589682067,-0.31506,0.14050,0.04883,-75.4504,66.6336,16.3206,0.23804,-1.33582,-1.14124,-97.5420,50.2137,-27.7023
589683067,-0.29297,0.20581,0.01587,-65.4122,69.5649,12.7099,0.23022,-1.34216,-1.16455,-98.4046,51.8321,-29.1679
589684068,-0.31140,0.34814,-0.13269,-54.9771,74.2595,11.3969,0.22278,-1.34644,-1.18701,-99.2901,53.4046,-30.6489
589685068,-0.72461,-1.02234,-0.05676,-40.6107,74.6031,18.8855,0.21521,-1.34961,-1.20972,-100.1985,54.9847,-32.1374
589686068,-0.99329,-2.00000,0.08838,-34.5878,79.1756,19.1374,0.20667,-1.35120,-1.23206,-101.1069,56.5802,-33.5954
589687068,-0.41272,-2.00000,0.26575,-45.9847,94.8855,5.6565,0.19824,-1.35083,-1.25281,-102.0229,58.1985,-35.0382
589688068,-0.27136,-1.31787,0.53491,-69.6947,102.5267,-4.6183,0.19128,-1.34937,-1.27405,-102.9389,59.8321,-36.4351
589689068,-0.59619,-0.60291,0.54077,-92.0382,94.7176,2.2672,0.18494,-1.34802,-1.29431,-103.8702,61.5038,-37.8550
589690068,-0.36902,-1.12268,0.43127,-99.3053,85.5878,8.6641,0.18018,-1.34534,-1.31287,-104.8473,63.1832,-39.2977
589691068,-0.38379,-1.44861,0.16296,-84.4351,63.9237,1.6107,0.17725,-1.34082,-1.33215,-105.8779,64.8855,-40.7557
589692068,-0.51404,-1.35315,0.14465,-63.4962,53.0534,-14.7786,0.17358,-1.33643,-1.35034,-106.9313,66.6412,-42.2061
589693068,-0.19507,-1.06885,0.93274,-49.3817,60.3359,-29.5802,0.16931,-1.33167,-1.36829,-107.9924,68.4809,-43.6489
589694068,-0.29492,-0.63635,0.80249,-31.8397,57.2519,-38.9389,0.16553,-1.32483,-1.38489,-109.1069,70.4427,-45.0992
589695068,-0.83289,-0.23853,-0.33447,-4.9542,49.6794,-43.1603,0.16333,-1.31604,-1.40039,-110.2443,72.4885,-46.5191
589696067,-0.84692,-0.18774,-0.76416,19.4427,58.3588,-46.4275,0.16211,-1.30725,-1.41675,-111.4046,74.6412,-47.9313
589697067,-0.63843,-0.26709,-0.26221,23.3206,76.7710,-45.8168,0.16077,-1.29749,-1.43127,-112.6641,76.8931,-49.3206
589698067,-0.43408,0.00208,0.27795,7.2137,92.6412,-40.0992,0.15942,-1.28723,-1.44275,-114.0229,79.2519,-50.7176
589699068,-0.37305,0.53552,0.16846,-13.8321,92.6031,-28.7786,0.15723,-1.27649,-1.45276,-115.4809,81.7634,-52.1069
589700068,-0.47632,0.67468,-0.31653,-26.4122,85.4580,-14.0611,0.15442,-1.26550,-1.46313,-117.0305,84.5115,-53.4580
589701068,-0.59277,0.04626,-0.28186,-35.0458,82.0992,0.8473,0.15063,-1.25562,-1.47424,-118.6565,87.3511,-54.7176
589702067,-0.53308,-1.59119,0.17615,-52.2672,83.5267,15.4198,0.14624,-1.24695,-1.48682,-120.3359,90.1450,-55.9008
589703067,-0.43945,-2.00000,0.46960,-74.1832,84.0000,18.0992,0.14087,-1.23889,-1.49976,-122.0840,92.8931,-57.0153
589704067,-0.69226,-2.00000,0.22363,-80.4504,78.8779,1.9084,0.13464,-1.23181,-1.51196,-123.9008,95.7863,-58.0840
589705068,-0.71497,-0.29602,-0.11938,-64.1679,81.0840,-16.6107,0.12756,-1.22583,-1.52368,-125.7710,98.8473,-59.0916
589706067,-0.54126,0.27637,0.01929,-47.4122,83.6336,-19.8092,0.11780,-1.21985,-1.53479,-127.6794,102.0000,-60.0229
589707067,-0.63110,-1.15894,0.32190,-42.9924,80.6718,-12.2748,0.10706,-1.21533,-1.54504,-129.5802,105.2214,-60.8550
589708067,-1.02197,-2.00000,0.28101,-39.8015,76.4046,-11.1145,0.09717,-1.21216,-1.55518,-131.4504,108.5344,-61.5802
589709067,-1.79761,-2.00000,-0.86926,-35.9389,69.9160,-28.0382,0.08801,-1.20911,-1.56580,-133.2748,111.9771,-62.2061
589710068,-2.00000,-2.00000,-1.65503,-36.9771,86.4809,-60.1908,0.08008,-1.20728,-1.57483,-135.0229,115.6183,-62.7405
589711068,-1.12305,-0.87927,-0.66528,-41.4580,121.8931,-84.0534,0.07166,-1.20715,-1.58228,-136.6718,119.3817,-63.2824
589712068,-0.58813,1.08752,-0.16882,-59.9084,123.1527,-75.0229,0.06311,-1.20789,-1.58948,-138.2137,123.1679,-63.8168
589713067,-1.24146,0.55420,-1.44995,-86.4580,96.6260,-48.5344,0.05713,-1.20850,-1.59631,-139.6183,127.0305,-64.3053
589714067,-2.00000,-1.03430,-2.00000,-77.5573,78.3053,-40.8168,0.05212,-1.20789,-1.60083,-140.8779,131.0763,-64.7710
589715068,-2.00000,-1.84180,-2.00000,-42.7557,76.9466,-56.7405,0.04614,-1.20642,-1.60413,-142.0000,135.3130,-65.1908
589716068,-2.00000,-2.00000,-2.00000,-30.3511,81.9542,-69.0534,0.03979,-1.20581,-1.60767,-142.9313,139.6565,-65.5420
589717068,-2.00000,-2.00000,-2.00000,-29.8168,93.6489,-75.6412,0.03320,-1.20801,-1.61279,-143.6794,144.0687,-65.8092
589718068,-2.00000,-1.20544,-2.00000,-2.8168,122.0076,-91.4580,0.02673,-1.21252,-1.61914,-144.2519,148.5954,-66.0229
589719068,-2.00000,0.19482,-2.00000,30.6260,136.0153,-107.4198,0.02014,-1.21655,-1.62451,-144.6641,153.2901,-66.1832
589720068,-2.00000,0.46594,-2.00000,45.3588,139.6641,-112.7939,0.01489,-1.21912,-1.62964,-144.9389,158.1450,-66.2824
589721064,-2.00000,-0.57104,-2.00000,55.0687,168.6183,-118.3359,0.01050,-1.22070,-1.63367,-145.0916,163.1069,-66.3130
589722069,-2.00000,-1.40637,-2.00000,62.5802,210.2901,-132.1527,0.00354,-1.22205,-1.63586,-145.0992,168.1450,-66.2824
589723068,-1.93323,-1.22058,-1.85596,46.0992,237.8931,-143.4427,-0.00305,-1.22180,-1.63965,-145.0458,173.2061,-66.1679
589724068,-1.92126,-0.05286,-1.81348,9.7252,250.1298,-143.4733,-0.00696,-1.22412,-1.64575,-144.9237,178.3893,-65.9313
589725068,-1.78479,1.55505,-2.00000,-16.4504,250.1298,-130.9466,-0.01233,-1.22693,-1.64795,-144.8092,183.7557,-65.6947
589726067,-1.00012,1.99994,-1.50439,-25.1985,250.1298,-109.0076,-0.01917,-1.22607,-1.64893,-144.8168,189.0763,-65.5115
589727067,-0.32593,1.99994,-0.29138,-33.5802,250.1298,-87.3740,-0.02551,-1.22632,-1.65186,-144.9466,194.3282,-65.2443
589728065,-0.01831,1.99994,0.48193,-44.8397,250.1298,-68.9160,-0.03284,-1.22827,-1.65430,-145.1832,199.5802,-64.8779
589729069,0.28259,1.99994,0.94263,-50.1832,250.1298,-48.3359,-0.04016,-1.23010,-1.65601,-145.5496,204.8321,-64.4656
589730068,0.48572,1.99994,1.99994,-49.1679,250.1298,-26.4733,-0.04724,-1.23230,-1.65674,-146.0611,210.0916,-64.0000
589731067,0.93787,1.99994,1.99994,-42.0840,235.5725,-5.5191,-0.05554,-1.23474,-1.65796,-146.7328,215.3130,-63.5191
589732067,1.18372,1.99994,1.99994,-29.6107,213.1298,11.6641,-0.06323,-1.23706,-1.65979,-147.5878,220.4885,-63.0153
589733067,0.78796,1.99994,1.99994,-21.3893,183.4733,25.5496,-0.06970,-1.23743,-1.65942,-148.6565,225.6336,-62.5038
589734064,0.52673,1.70398,1.99994,-20.2519,161.8092,38.8779,-0.07532,-1.23755,-1.65906,-149.9695,230.7557,-61.9771
589735063,0.28064,0.72046,1.18616,-21.2748,136.9389,48.6870,-0.07922,-1.24084,-1.66138,-151.4962,235.8244,-61.4962
589736066,0.00000,0.14026,0.40442,-23.8397,117.8092,50.1527,-0.08191,-1.24731,-1.66479,-153.1832,240.8321,-61.0611
589737065,-0.12024,0.18835,0.88708,-24.0992,110.5802,47.8779,-0.08276,-1.25659,-1.66821,-154.9695,245.8168,-60.6336
589738065,-0.18042,-0.37988,1.28931,-25.7786,102.4733,54.5115,-0.08301,-1.26624,-1.67224,-156.8092,250.1298,-60.2672
589739069,-0.50818,-1.69995,0.35474,-38.4656,95.0763,64.0992,-0.08264,-1.27588,-1.67517,-158.6260,250.1298,-59.9389
589740067,-1.39783,-2.00000,-1.54578,-47.3511,89.0229,60.2977,-0.08020,-1.28821,-1.67590,-160.3435,250.1298,-59.6565
589741068,-2.00000,-2.00000,-2.00000,-36.0076,94.0305,48.3053,-0.07568,-1.30420,-1.67383,-161.9160,250.1298,-59.4351
589742068,-2.00000,-2.00000,-2.00000,-24.6412,98.3130,42.0305,-0.07031,-1.32056,-1.66748,-163.3359,250.1298,-59.3435
589743067,-2.00000,-2.00000,-2.00000,-30.0000,136.8855,27.4427,-0.06458,-1.33765,-1.65820,-164.5878,250.1298,-59.3435
589744068,-2.00000,-2.00000,-2.00000,-24.6641,200.7176,-6.0458,-0.05737,-1.35608,-1.64661,-165.5802,250.1298,-59.4427
589745068,-1.72351,0.13855,-1.88232,-6.5344,222.3664,-33.6641,-0.04956,-1.37549,-1.63318,-166.2595,250.1298,-59.6031
589746068,-2.00000,1.00269,-2.00000,13.1527,214.3588,-38.5115,-0.04150,-1.39697,-1.61804,-166.5725,250.1298,-59.8550
589747067,-2.00000,-0.09998,-2.00000,43.5267,212.1985,-40.7863,-0.03442,-1.41980,-1.59802,-166.5115,250.1298,-60.2290
589748068,-2.00000,-1.60852,-2.00000,66.7252,219.4122,-47.0611,-0.02734,-1.44348,-1.57495,-166.0687,250.1298,-60.8015
589749068,-2.00000,-2.00000,-2.00000,56.8244,234.9008,-56.1527,-0.01831,-1.46716,-1.54993,-165.2977,250.1298,-61.5573
589750068,-2.00000,-1.11877,-2.00000,52.5496,250.1298,-73.3817,-0.01062,-1.48828,-1.52148,-164.1374,250.1298,-62.4198
589751068,-2.00000,1.46204,-2.00000,84.9618,250.1298,-84.2290,-0.00610,-1.50623,-1.49011,-162.5802,250.1298,-63.2595
589752068,-1.95618,1.99994,-2.00000,99.0687,250.1298,-63.3053,-0.00684,-1.52429,-1.45276,-160.6794,250.1298,-63.9389
589753068,-2.00000,1.68616,-2.00000,74.0840,250.1298,-21.1985,-0.02405,-1.53748,-1.40649,-158.4733,250.1298,-64.4427
589754068,-2.00000,-0.87463,-2.00000,71.0000,250.1298,-1.1221,-0.07324,-1.58813,-1.30591,-153.3511,250.1298,-63.8168
589755068,-2.00000,-2.00000,-2.00000,95.8855,250.1298,-16.1908,-0.08386,-1.61462,-1.25696,-150.4809,250.1298,-63.6870
589756068,-2.00000,-1.58594,-2.00000,95.2977,250.1298,-40.6489,-0.09045,-1.63159,-1.20312,-147.4198,250.1298,-64.1908
589757068,-2.00000,0.59131,-1.76086,68.8397,250.1298,-51.1985,-0.09827,-1.63379,-1.14014,-144.2824,250.1298,-65.2137
589758068,-1.81982,1.99994,-1.37622,57.8855,250.1298,-45.5954,-0.10498,-1.62610,-1.07080,-141.3359,250.1298,-66.3053
589759068,-1.25671,1.75537,-1.16260,60.4504,250.1298,-31.5573,-0.10986,-1.61414,-0.99512,-138.7252,250.1298,-67.4504
589760067,-1.19788,-0.33606,-0.36023,49.1679,250.1298,-19.3969,-0.11511,-1.59497,-0.91199,-136.5725,250.1298,-68.7481
589761067,-1.20020,-1.67871,0.11145,34.6260,250.1298,-21.0687,-0.11938,-1.57190,-0.82336,-135.0305,250.1298,-70.2443
589762067,-1.10315,-0.84094,-0.85657,29.1069,250.1298,-30.4656,-0.12390,-1.54504,-0.73035,-134.1679,250.1298,-71.8779
589763067,-1.25708,1.06311,-1.50745,32.3969,250.1298,-30.2595,-0.13025,-1.51562,-0.63269,-134.0534,250.1298,-73.6260
589764067,-0.60364,1.99994,0.95068,47.6412,250.1298,-16.5267,-0.13708,-1.48816,-0.53296,-134.7863,250.1298,-75.4198
589765067,0.50427,1.99994,1.99994,61.2214,250.1298,8.4580,-0.14319,-1.46350,-0.43640,-136.3435,250.1298,-77.2748
589766067,-1.66077,-0.45837,-2.00000,95.8626,250.1298,30.1679,-0.15173,-1.43982,-0.34058,-138.6718,250.1298,-79.2137
589767065,-2.00000,-0.80176,-2.00000,139.0840,250.1298,5.3511,-0.16150,-1.41846,-0.24609,-141.7481,250.1298,-81.1832
589768065,-2.00000,-0.25476,-2.00000,136.8626,250.1298,-10.9237,-0.17273,-1.40076,-0.15466,-145.4809,250.1298,-83.1069
589769065,-2.00000,0.47778,-2.00000,112.2366,250.1298,-17.2366,-0.18713,-1.38904,-0.06543,-149.7863,250.1298,-84.9542
589770069,-2.00000,1.09241,-2.00000,121.5267,250.1298,-23.9466,-0.20312,-1.38257,0.02002,-154.5649,250.1298,-86.8550
589771068,-2.00000,1.59875,-1.92920,126.0382,250.1298,-22.5649,-0.22021,-1.37854,0.10120,-159.6183,250.1298,-88.7328
589772068,-2.00000,1.64636,-2.00000,79.8626,250.1298,-1.0382,-0.23938,-1.37805,0.18018,-164.8244,250.1298,-90.6031
589773067,-2.00000,0.83411,-2.00000,32.4733,250.1298,26.7328,-0.25916,-1.38098,0.25659,-170.0763,250.1298,-92.5267
589774067,-2.00000,0.25928,-0.55164,22.8473,250.1298,45.0458,-0.27917,-1.38721,0.33142,-175.3435,250.1298,-94.4198
589775067,-1.37329,0.40906,0.06152,20.1832,250.1298,63.4122,-0.30054,-1.39539,0.40430,-180.5344,250.1298,-96.2214
589776067,-0.89062,1.05615,0.21387,9.7557,250.1298,84.7481,-0.32202,-1.40515,0.47314,-185.4885,250.1298,-97.9160
589777067,0.11731,1.55786,1.99994,20.0992,250.1298,103.1221,-0.34290,-1.41626,0.53845,-190.0840,250.1298,-99.5115
589778065,0.72412,1.26880,1.99994,56.5725,250.1298,111.6870,-0.36243,-1.42883,0.60144,-194.2977,250.1298,-101.1221
589779069,-0.30908,-0.16016,1.99994,109.6718,250.1298,108.3817,-0.37988,-1.44397,0.66370,-198.1069,250.1298,-102.7557
589780068,-1.50671,-2.00000,0.24207,164.8321,250.1298,86.2977,-0.39673,-1.46033,0.72461,-201.4427,250.1298,-104.3740
589781068,-2.00000,-2.00000,-1.00061,197.2672,250.1298,59.2672,-0.41272,-1.47693,0.78308,-204.2595,250.1298,-105.9695
589782068,-2.00000,-2.00000,-2.00000,189.3664,243.5191,33.6489,-0.42590,-1.49353,0.84033,-206.5191,250.1298,-107.5191
589783067,-2.00000,-2.00000,-2.00000,189.7710,250.1298,-5.0000,-0.43787,-1.50989,0.89502,-208.2214,250.1298,-108.9771
589784068,-2.00000,-2.00000,-2.00000,231.8015,250.1298,-49.7481,-0.44958,-1.52649,0.94666,-209.3282,250.1298,-110.3206
589785068,-2.00000,-2.00000,-2.00000,243.5878,250.1298,-64.7099,-0.46045,-1.54297,0.99573,-209.8321,250.1298,-111.5802
589786068,-2.00000,-2.00000,-2.00000,181.5191,250.1298,-53.5573,-0.46985,-1.55823,1.04395,-209.7481,250.1298,-112.7405
589787068,-2.00000,-2.00000,-2.00000,147.0611,250.1298,-58.5267,-0.47900,-1.57227,1.09094,-209.1069,250.1298,-113.8092
589788068,-2.00000,-1.03784,-2.00000,167.3206,250.1298,-76.2137,-0.48792,-1.58447,1.13599,-207.9618,250.1298,-114.7405
589789068,-2.00000,-0.04675,-2.00000,159.9847,250.1298,-72.3740,-0.49573,-1.59412,1.18103,-206.3664,250.1298,-115.5191
589790068,-2.00000,-0.05139,-1.78369,134.0763,250.1298,-53.5191,-0.50208,-1.60181,1.22632,-204.3664,250.1298,-116.1527
589791068,-2.00000,-0.40295,-1.04016,152.8702,250.1298,-46.8244,-0.50671,-1.60840,1.27087,-202.0000,250.1298,-116.6489
589792068,-2.00000,-0.39197,0.06677,190.8702,250.1298,-53.0840,-0.50977,-1.61328,1.31665,-199.2824,250.1298,-116.9847
589793068,-2.00000,-0.07092,1.91028,199.5420,250.1298,-60.2290,-0.51062,-1.61658,1.36340,-196.2366,250.1298,-117.1145
589794068,-0.63843,0.21033,1.99994,191.2290,250.1298,-59.0229,-0.50879,-1.61890,1.40881,-192.8779,250.1298,-117.0382
589795067,1.30933,0.16467,1.99994,180.0534,250.1298,-45.1756,-0.50391,-1.61902,1.45300,-189.2443,250.1298,-116.7557
589796065,0.75903,-0.26294,1.99994,156.3359,250.1298,-27.6794,-0.49768,-1.61511,1.49658,-185.4122,250.1298,-116.2824
589797069,0.77954,-0.84167,1.99994,150.1603,250.1298,-24.8397,-0.49060,-1.60852,1.53979,-181.4122,250.1298,-115.5725
589798068,1.99994,-1.10547,1.99994,162.7481,250.1298,-29.4122,-0.48206,-1.60059,1.58350,-177.2748,250.1298,-114.6107
589799067,1.70898,-1.28503,1.99994,126.1221,250.1298,-17.9008,-0.47192,-1.59058,1.62756,-173.0305,250.1298,-113.3969
589800067,1.67834,-1.45874,1.99994,70.0458,250.1298,-0.8779,-0.46021,-1.57874,1.67065,-168.7252,250.1298,-111.9847
589801065,1.99994,-1.08667,1.99994,89.3664,250.1298,-5.0687,-0.44812,-1.56494,1.71313,-164.3969,250.1298,-110.3206
589802069,1.44031,-1.05847,1.99994,150.4885,250.1298,-14.4198,-0.43542,-1.54956,1.75598,-160.0305,250.1298,-108.3588
589803068,0.54553,-2.00000,1.99994,153.2137,250.1298,-5.4962,-0.42297,-1.53345,1.79761,-155.6489,250.1298,-106.2366
589804068,-0.79443,-2.00000,1.99994,110.6183,193.0840,10.0229,-0.40991,-1.51599,1.83740,-151.2595,250.1298,-104.1069
589805067,-1.55676,-2.00000,-0.10864,84.8168,168.9924,-1.7252,-0.39563,-1.49744,1.87634,-146.8244,250.1298,-101.9237
589806067,-1.33386,-2.00000,0.58118,80.1908,209.7176,-34.2901,-0.38049,-1.47852,1.91248,-142.3206,250.1298,-99.5725
589807068,-2.00000,0.11646,1.19556,49.7405,228.5496,-44.3969,-0.36511,-1.45898,1.94629,-137.7557,250.1298,-97.1069
589808068,-2.00000,1.06030,-2.00000,-18.5420,250.1298,-17.3893,-0.35022,-1.43909,1.97815,-133.1145,250.1298,-94.5954
589809068,-2.00000,-0.47571,-2.00000,-71.2366,250.1298,12.8168,-0.33630,-1.41858,1.99994,-128.3664,250.1298,-92.0840
589810068,-2.00000,-2.00000,-2.00000,-78.7481,250.1298,21.0382,-0.32227,-1.39844,1.99994,-123.5038,250.1298,-89.5878
589811068,-2.00000,-2.00000,-2.00000,-73.2901,250.1298,6.2366,-0.30798,-1.37878,1.99994,-118.5267,250.1298,-87.1450
589812068,-2.00000,-2.00000,-2.00000,-59.3053,250.1298,-25.9389,-0.29431,-1.35840,1.99994,-113.4275,250.1298,-84.7634
589813067,-2.00000,0.55908,-2.00000,-18.1298,250.1298,-48.2061,-0.28198,-1.33630,1.99994,-108.2214,250.1298,-82.4504
589814067,-2.00000,1.72729,-0.02344,10.0763,250.1298,-37.9618,-0.27051,-1.31213,1.99994,-102.9695,250.1298,-80.2443
589815067,-1.82703,0.26575,0.69397,0.5954,250.1298,-10.5954,-0.25916,-1.28613,1.99994,-97.6565,250.1298,-78.1298
589816067,-2.00000,-2.00000,-0.84314,19.4656,250.1298,-9.1298,-0.24792,-1.25928,1.99994,-92.2824,250.1298,-76.1603
589817068,-1.61841,-2.00000,0.78174,85.8931,250.1298,-43.8244,-0.23682,-1.23157,1.99994,-86.9084,250.1298,-74.2901
589818068,0.68640,-2.00000,1.99994,117.3435,250.1298,-73.0305,-0.22571,-1.20410,1.99994,-81.5954,250.1298,-72.5496
589819068,1.75818,-1.84363,1.99994,82.8626,250.1298,-70.6183,-0.21545,-1.17712,1.99994,-76.3817,250.1298,-70.9084
589820068,1.19873,-0.82666,1.99994,61.2214,250.1298,-59.8015,-0.20520,-1.14905,1.99994,-71.2901,250.1298,-69.3969
589821067,0.89795,-0.42126,1.99994,98.2443,250.1298,-60.5267,-0.19434,-1.11926,1.99994,-66.3435,250.1298,-68.0153
589822065,0.83252,-1.22766,1.99994,132.0763,250.1298,-65.2061,-0.18420,-1.08948,1.99994,-61.5725,250.1298,-66.7710
589823069,0.75562,-2.00000,1.99994,114.0992,250.1298,-62.5649,-0.17517,-1.06116,1.99994,-57.0458,250.1298,-65.6336
589824068,0.72217,-2.00000,1.99994,68.3130,250.1298,-61.7252,-0.16772,-1.03467,1.99994,-52.8321,247.6183,-64.5954
589825068,0.86401,-1.81750,1.99994,39.0763,250.1298,-64.3435,-0.16162,-1.00940,1.99994,-48.9237,244.5878,-63.6260
589826068,0.85815,-0.12964,1.99994,47.6336,250.1298,-66.6412,-0.15576,-0.98401,1.99994,-45.3435,241.5573,-62.7176
589827067,0.09351,0.22192,1.99994,67.3740,250.1298,-55.2519,-0.15112,-0.95764,1.99994,-42.1221,238.5191,-61.9160
589828067,-0.30078,-1.03601,1.99994,59.9084,250.1298,-34.8931,-0.14771,-0.93018,1.99994,-39.2519,235.4198,-61.1527
589829065,-0.45056,-2.00000,1.99994,26.3588,250.1298,-22.9237,-0.14465,-0.90295,1.99994,-36.7405,232.2137,-60.3969
589830064,-0.58435,-1.93103,1.99994,-3.8473,250.1298,-23.5725,-0.14197,-0.87708,1.99994,-34.5878,228.9466,-59.6794
589831069,-0.11523,-0.99402,1.99994,-12.6031,250.1298,-31.3130,-0.13965,-0.85205,1.99994,-32.8015,225.6336,-59.0382
589832067,0.56360,-0.00598,1.99994,-5.2366,250.1298,-34.1221,-0.13684,-0.82739,1.99994,-31.3740,222.2672,-58.4656
589833067,0.87549,0.00769,1.99994,0.5573,250.1298,-25.9618,-0.13501,-0.80322,1.99994,-30.2595,218.8244,-57.9237
589834067,1.07007,-1.08850,1.99994,-3.7481,250.1298,-14.3206,-0.13464,-0.77832,1.99994,-29.4351,215.3053,-57.4809
589835067,1.24255,-2.00000,1.99994,-10.9008,250.1298,-11.3359,-0.13440,-0.75500,1.99994,-28.8855,211.7099,-57.1145
589836067,1.23218,-2.00000,1.99994,-13.5115,239.0305,-19.3893,-0.13525,-0.73401,1.99994,-28.5878,208.0534,-56.7863
589837067,1.26709,-2.00000,1.99994,-11.4504,190.0687,-30.5344,-0.13562,-0.71350,1.99994,-28.4809,204.3359,-56.4885
589838067,1.46509,-1.61035,1.99994,-12.8931,147.9008,-32.9084,-0.13367,-0.69397,1.99994,-28.5496,200.5802,-56.2137
589839067,1.55579,-0.94226,1.99994,-26.0153,114.2290,-23.1145,-0.13110,-0.67529,1.99994,-28.8168,196.7863,-55.9160
589840067,1.33826,-1.06287,1.99994,-46.0992,89.3664,-9.6260,-0.12842,-0.65686,1.99994,-29.2443,192.9618,-55.6031
589841067,0.81152,-1.54883,1.99994,-55.1603,71.2137,-3.9237,-0.12415,-0.63867,1.99994,-29.8321,189.1145,-55.2519
589842065,-0.00244,-2.00000,1.99994,-46.9847,57.5649,-8.7252,-0.11780,-0.62097,1.99994,-30.6031,185.1985,-54.8626
589843065,-0.09521,-2.00000,1.99994,-26.0534,56.6260,-15.6336,-0.11145,-0.60400,1.99768,-31.5725,181.2137,-54.4275
589844065,0.54785,-2.00000,1.99994,-0.7328,76.1756,-28.8092,-0.10657,-0.58801,1.99609,-32.7557,177.1832,-53.9313
589845065,0.77295,-2.00000,1.99994,29.9389,64.5115,-65.2290,-0.10193,-0.57336,1.99585,-34.1145,173.1069,-53.3664
589846065,1.74536,0.17383,1.99994,88.7634,36.5191,-113.7710,-0.09668,-0.55969,1.99500,-35.6336,168.9695,-52.7176
589847069,1.99994,1.99994,1.99994,208.6031,-22.1527,-143.5496,-0.09155,-0.54626,1.99475,-37.2977,164.7557,-52.0000
589848068,0.35022,1.00537,1.01648,250.1298,-133.7176,-138.1069,-0.08826,-0.53503,1.99500,-39.0687,160.4580,-51.1985
589849067,-0.95471,-2.00000,-2.00000,250.1298,-237.5420,-116.9695,-0.08606,-0.52771,1.99231,-40.9313,156.0534,-50.2977
589850068,-2.00000,-2.00000,-2.00000,250.1298,-250.1374,-133.6641,-0.08435,-0.52380,1.98621,-42.8473,151.5115,-49.2977
589851068,-2.00000,-2.00000,-2.00000,250.1298,-250.1374,-185.3893,-0.08350,-0.52185,1.97925,-44.7786,146.8550,-48.2366
589852068,-2.00000,-1.53052,-2.00000,250.1298,-153.0992,-219.1298,-0.08411,-0.52039,1.97302,-46.7099,142.1527,-47.1450
589853067,-2.00000,1.97729,-2.00000,250.1298,-79.5267,-216.5496,-0.08545,-0.52100,1.96472,-48.6107,137.3511,-45.9847
589854068,-2.00000,1.99994,-2.00000,223.9008,-37.1908,-183.4580,-0.08728,-0.52405,1.95471,-50.4427,132.4275,-44.7863
589855068,-2.00000,-0.04382,-2.00000,172.7481,71.9618,-145.7481,-0.09216,-0.53210,1.93237,-53.7863,122.1374,-42.3053
589856068,-2.00000,-2.00000,-2.00000,114.1832,171.9847,-134.4809,-0.09412,-0.53638,1.91882,-55.2214,116.9160,-41.0076
589857068,-2.00000,-2.00000,-2.00000,90.7099,237.6641,-163.5115,-0.09753,-0.54089,1.90369,-56.4962,111.6870,-39.7252
589858068,-2.00000,-2.00000,-2.00000,108.3740,250.1298,-211.3740,-0.10071,-0.54602,1.88867,-57.6260,106.2290,-38.4122
589859067,-1.93750,1.88574,-1.31982,112.4885,250.1298,-223.8092,-0.10315,-0.55054,1.87366,-58.6183,100.5649,-37.0763
589860067,-0.42761,1.99994,0.11926,81.2214,250.1298,-186.9084,-0.10559,-0.55469,1.85840,-59.4656,94.8092,-35.7252
589861067,0.06543,1.99994,0.89746,61.4962,250.1298,-142.9924,-0.10815,-0.55920,1.84277,-60.1832,88.9695,-34.3588
589862067,1.06702,-0.01477,1.99994,87.4275,250.1298,-130.9160,-0.11121,-0.56311,1.82764,-60.7710,83.0763,-32.9618
589863065,1.99994,-1.51843,1.99994,111.8626,250.1298,-139.3282,-0.11377,-0.56628,1.81287,-61.2214,77.1145,-31.5420
589864064,1.79175,-0.65479,1.99994,94.3969,247.6183,-149.2901,-0.11609,-0.56873,1.79810,-61.5573,71.1374,-30.1221
589865064,1.21252,1.99994,1.48828,90.3817,181.7863,-154.4427,-0.11890,-0.57056,1.78296,-61.8168,65.1450,-28.7023
589866069,1.73279,1.99994,1.99994,115.0763,145.0992,-144.0153,-0.11987,-0.57190,1.76782,-62.0229,59.0916,-27.2366
589867068,1.68127,1.93054,1.99994,116.6489,93.9389,-118.0687,-0.11926,-0.57251,1.75317,-62.1679,53.0611,-25.7176
589868067,0.65503,-0.03418,1.99994,102.0153,41.9237,-99.7863,-0.11926,-0.57312,1.73853,-62.2672,47.0611,-24.1832
589869067,0.02429,-0.44836,1.00708,109.0763,36.7939,-104.5878,-0.11926,-0.57361,1.72363,-62.3359,41.0534,-22.6565
589870067,-0.09998,0.51221,0.64246,107.2443,61.9008,-111.3282,-0.11841,-0.57349,1.70825,-62.4046,35.0687,-21.1221
589871068,-0.21106,1.31860,0.93347,77.4885,91.9237,-99.5038,-0.11768,-0.57397,1.69336,-62.4885,29.1145,-19.5649
589872067,-0.40271,1.36072,0.22119,59.7634,101.6718,-78.8397,-0.11597,-0.57629,1.67883,-62.5802,23.2290,-18.0076
589873067,-0.88367,1.01660,-1.65112,63.4656,86.7786,-62.1603,-0.11340,-0.58081,1.66333,-62.6565,17.4351,-16.4504
589874068,-1.21924,0.44946,-2.00000,71.1374,86.2901,-54.8779,-0.10938,-0.58594,1.64612,-62.7252,11.7252,-14.8702
589875068,-1.17419,0.04504,-1.29565,68.8244,104.0000,-54.1985,-0.10364,-0.59106,1.62732,-62.7863,6.1069,-13.2595
589876068,-1.21606,0.37463,-0.74011,38.9389,128.1298,-47.6794,-0.09595,-0.59778,1.60742,-62.7786,0.6031,-11.6107
589877068,-1.33899,0.75122,-1.02039,5.7710,145.2901,-32.6565,-0.08533,-0.60718,1.58582,-62.6794,-4.7557,-9.9313
589878068,-1.40149,0.24634,-0.77771,4.1450,166.3817,-19.0153,-0.07275,-0.61780,1.56311,-62.4733,-9.9313,-8.2519
589879068,-0.88586,-1.09167,0.89478,14.5725,203.3130,-11.8550,-0.05823,-0.62866,1.53857,-62.1298,-14.8626,-6.5725
589880068,-0.24438,-1.99768,1.96289,-1.0305,229.9237,-9.0153,-0.04089,-0.64038,1.51257,-61.6565,-19.5878,-4.8702
589881067,-0.24475,-1.73035,1.72729,-33.7634,229.7023,-7.4504,-0.02295,-0.65247,1.48596,-61.0153,-24.1069,-3.1527
589882067,0.19946,-0.94861,1.99994,-33.5802,217.8473,-11.9924,-0.00415,-0.66394,1.45850,-60.2061,-28.3588,-1.4427
589883067,1.10840,-0.80298,1.99994,0.1374,192.1221,-20.5115,0.01685,-0.67383,1.43127,-59.2366,-32.3053,0.2824
589884067,1.52075,-2.00000,1.99994,18.0992,147.0382,-24.3588,0.03967,-0.68335,1.40479,-58.1069,-35.9695,2.0763
589885067,1.50269,-2.00000,1.99994,0.2214,101.6947,-30.1832,0.06201,-0.69287,1.38000,-56.8168,-39.3435,3.9237
589886067,1.58472,-2.00000,1.99994,-39.1450,67.8015,-38.5878,0.08337,-0.70081,1.35571,-55.3969,-42.4351,5.7481
589887068,1.54492,-1.71484,1.99994,-77.4809,40.6412,-46.8321,0.10583,-0.70703,1.33032,-53.8626,-45.2672,7.5496
589888068,0.87012,0.34351,1.99994,-86.1832,7.4885,-50.0458,0.12817,-0.71155,1.30566,-52.2366,-47.7939,9.2977
589889067,0.16199,1.16589,1.76990,-68.0763,-28.0687,-40.6718,0.15015,-0.71497,1.28186,-50.5573,-49.9924,11.0763
589890067,-0.25842,0.67407,1.02954,-70.2061,-48.3282,-18.3817,0.17224,-0.71838,1.25903,-48.8244,-51.8473,12.8321
589891067,-0.48340,-0.08215,0.87915,-107.7328,-47.3511,6.5344,0.19421,-0.72058,1.23706,-47.0534,-53.4046,14.5802
589892068,-0.69019,-0.16907,0.68372,-140.8397,-26.3664,20.6412,0.21606,-0.72119,1.21509,-45.2519,-54.6870,16.2672
589893068,-0.86035,0.53052,0.19275,-138.6107,-2.5496,22.5344,0.23730,-0.72070,1.19348,-43.4198,-55.7176,17.8855
589894068,-0.84485,1.43372,-0.21643,-114.7863,18.0763,22.9084,0.25684,-0.72021,1.17102,-41.6031,-56.4656,19.4198
589895068,-0.95947,1.72363,-0.12158,-103.4198,32.5344,32.9008,0.27563,-0.72009,1.14771,-39.8244,-56.9389,20.8702
589896068,-0.75342,0.80200,-0.00500,-118.1527,47.5115,49.8168,0.29333,-0.72021,1.12463,-38.1221,-57.1756,22.2137
589897068,-0.34790,-0.55859,0.28723,-134.8092,57.8321,57.1756,0.30969,-0.71936,1.10413,-36.5344,-57.1603,23.4427
589898067,-0.08972,-0.19666,1.28833,-92.2748,44.1221,26.6031,0.32520,-0.71619,1.08594,-34.9924,-56.9466,24.5344
589899068,0.29370,0.82666,1.99994,-87.0000,38.8473,24.4275,0.34058,-0.71338,1.06873,-33.5191,-56.5802,25.5115
589900067,0.45056,0.77429,1.99994,-109.6565,33.0382,41.4656,0.35681,-0.71301,1.05115,-32.1450,-56.0687,26.3359
589901067,0.50989,-0.05237,1.99994,-119.0458,22.6412,55.9695,0.37244,-0.71301,1.03198,-30.9008,-55.3664,26.9695
589902067,0.44360,-0.79297,1.99994,-97.9924,1.6107,55.5649,0.38733,-0.71338,1.01245,-29.7786,-54.4962,27.4351
589903067,0.39099,-1.06140,1.83398,-72.1450,-23.3664,47.5267,0.40186,-0.71375,0.99536,-28.7634,-53.4962,27.7634
589904068,0.27612,-0.71655,1.56885,-64.2519,-46.6794,42.3969,0.41541,-0.71667,0.97974,-27.8473,-52.4046,28.0382
589905067,-0.12390,-0.07800,1.99994,-70.5038,-59.1603,44.6718,0.42822,-0.72498,0.96375,-27.0305,-51.1908,28.1756
589906067,-0.70728,0.12732,1.99994,-87.5115,-69.1145,57.1832,0.44116,-0.73621,0.94861,-26.2748,-49.8702,28.1298
589907065,-1.14709,-1.06421,1.99994,-128.6412,-69.9771,84.5802,0.45520,-0.74829,0.93286,-25.5725,-48.4427,27.9160
589908064,-0.94177,-2.00000,1.99994,-173.4885,-58.0916,107.5344,0.46887,-0.76025,0.91650,-24.8702,-46.8931,27.5954
589909069,-0.72729,-2.00000,1.99994,-182.3969,-46.3359,104.3206,0.48230,-0.77295,0.90015,-24.1756,-45.2595,27.2214
589910068,-1.36072,-2.00000,1.40662,-183.4885,-53.6718,90.6107,0.49524,-0.78613,0.88489,-23.4656,-43.5649,26.8321
589911067,-1.51086,-1.77148,0.63696,-218.9847,-54.5267,90.3740,0.50757,-0.79858,0.86963,-22.7023,-41.7863,26.3893
589912068,-0.58545,-0.91284,1.33484,-250.1374,-41.1450,105.4351,0.52039,-0.81067,0.85339,-21.8702,-39.9695,25.8626
589913067,-0.14697,-1.21924,1.99994,-250.1374,-44.1832,115.6107,0.53308,-0.82092,0.83850,-20.9466,-38.1145,25.2519
589914067,-0.31848,-1.88171,1.99994,-250.1374,-59.2519,107.1374,0.54517,-0.82971,0.82495,-19.9389,-36.2061,24.5496
589915067,-0.32666,-1.87341,1.63452,-234.9160,-75.1069,83.8015,0.55603,-0.83862,0.81152,-18.8702,-34.2519,23.7710
589916067,-0.30493,-0.73767,0.98669,-186.8626,-88.2672,56.3206,0.56665,-0.84668,0.79773,-17.6947,-32.2824,22.9084
589917067,-0.18958,0.47314,0.88477,-142.8321,-94.1832,37.1298,0.57751,-0.85376,0.78381,-16.3206,-30.3130,22.0153
589918067,-0.30640,0.92273,0.84143,-105.4351,-102.1145,27.4809,0.58862,-0.86096,0.77002,-14.7863,-28.2977,21.0840
589919067,-0.51172,0.56897,0.86902,-74.5191,-105.7786,23.9771,0.59900,-0.86633,0.75500,-13.1221,-26.2137,20.0840
589920067,-0.18909,0.03479,1.42542,-48.2519,-91.9313,19.6794,0.60730,-0.86890,0.73999,-11.3435,-24.0840,19.0458
589921067,-0.17065,0.22839,1.50269,-40.2519,-81.0992,16.8855,0.61462,-0.86743,0.72473,-9.3969,-21.9542,18.0458
589922067,-0.54187,0.88367,0.67688,-54.7176,-76.2214,24.5344,0.62268,-0.87000,0.71228,-7.2595,-19.7634,17.2672
589923067,-0.23853,1.45544,0.73938,-69.7939,-63.9695,40.9237,0.62817,-0.87146,0.70386,-5.0687,-17.5725,16.3817
589924067,0.25989,1.41296,1.55627,-84.9924,-66.9542,65.9466,0.63171,-0.86523,0.69299,-2.9542,-15.5496,15.3359
589925067,0.26831,0.62073,1.50098,-116.3817,-86.3588,94.2366,0.63477,-0.85938,0.68201,-0.8473,-13.5878,14.2748
589926067,0.11169,-0.08936,0.83643,-141.0458,-107.4733,110.5115,0.63501,-0.85266,0.67383,1.2366,-11.6183,13.2366
589927068,0.06091,-0.14587,0.65100,-142.1679,-122.9542,111.1450,0.63354,-0.84412,0.66479,3.2443,-9.7099,12.2366
589928067,0.10242,0.41016,1.00342,-140.0534,-134.2061,108.2672,0.63318,-0.83960,0.65686,5.1908,-7.8244,11.3893
589929067,0.04126,0.91663,0.90222,-143.6260,-143.7557,109.5420,0.63318,-0.83582,0.64905,7.0534,-6.0153,10.4427
589930067,-0.30054,0.75244,0.16663,-132.6947,-149.0611,110.1603,0.63232,-0.82861,0.63892,8.7786,-4.3130,9.4046
589931068,-0.62048,-0.01758,-0.33276,-104.6870,-142.0611,104.2137,0.62964,-0.82092,0.62891,10.4275,-2.7099,8.4122
589932067,-0.70251,-0.90027,-0.40332,-81.2214,-123.8092,94.0611,0.62549,-0.81311,0.61841,11.9924,-1.1756,7.4885
589933068,-0.92102,-1.43591,-0.83118,-78.0840,-106.1908,86.9008,0.62097,-0.80591,0.60742,13.4885,0.2977,6.6565
589934067,-1.21655,-1.34924,-1.57275,-87.1832,-90.9084,83.0840,0.61597,-0.79883,0.59717,14.8931,1.6947,5.9084
589935067,-1.26099,-0.86768,-1.91541,-92.5267,-77.6947,81.8550,0.61072,-0.79309,0.58667,16.1527,3.0076,5.2672
589936067,-1.12036,-0.72144,-2.00000,-97.7252,-73.3206,86.4122,0.60486,-0.78931,0.57532,17.2977,4.2290,4.6641
589937068,-0.78125,-0.99536,-1.96338,-113.9008,-68.8626,93.8931,0.59912,-0.78552,0.56580,18.3664,5.3435,4.0840
589938067,-0.55994,-0.93164,-1.50769,-135.7328,-62.9618,96.8779,0.59351,-0.78174,0.55603,19.3511,6.3435,3.5344
589939067,-0.75891,-0.35144,-1.19775,-153.5802,-57.0076,97.3588,0.58704,-0.77820,0.54431,20.2519,7.2137,3.0611
589940067,-1.03381,0.12854,-1.21716,-157.9847,-46.9313,98.5496,0.57983,-0.77356,0.53210,21.0763,7.9924,2.6412
589941067,-1.15857,0.08362,-1.42993,-130.0382,-36.0992,93.5496,0.57312,-0.76843,0.51831,21.8321,8.6489,2.2290
589942065,-0.81030,-0.44666,-1.53357,-65.9313,-22.7710,76.0611,0.56799,-0.76501,0.50464,22.5267,9.1603,1.8473
589943069,-0.45300,-1.02856,-1.37512,-4.7939,-16.0687,54.8779,0.56299,-0.76257,0.49072,23.1450,9.5725,1.5267
589944068,-0.65491,-1.49988,-1.40430,17.1832,-17.0687,42.5496,0.55688,-0.75928,0.47546,23.7405,9.8473,1.2519
589945068,-0.89282,-1.73523,-1.57849,21.3817,-11.9160,34.2901,0.55005,-0.75562,0.46057,24.3206,9.9924,1.0000
589946067,-1.06116,-1.72107,-1.53662,43.4733,-6.7634,22.8626,0.54358,-0.75195,0.44556,24.9008,10.0153,0.7634
589947067,-1.05627,-1.71826,-1.16687,75.2748,-1.9618,11.8626,0.53748,-0.74805,0.42981,25.4351,9.9237,0.5725
589948067,-0.62585,-1.69702,-0.73560,86.7634,6.9160,6.4733,0.53198,-0.74316,0.41418,25.9008,9.7252,0.4351
589949067,-0.42310,-1.62524,-1.15979,74.2519,8.7252,5.9924,0.52649,-0.73730,0.39917,26.2824,9.4198,0.3282
589950067,-0.79346,-1.82544,-1.79333,61.1221,9.9771,5.3282,0.52173,-0.73022,0.38342,26.5420,8.9847,0.2290
589951067,-0.91113,-2.00000,-1.50537,61.7939,19.6107,-1.2443,0.51782,-0.72168,0.36731,26.6718,8.4427,0.1298
589952067,-0.73645,-2.00000,-1.04077,73.7328,26.2366,-15.3511,0.51331,-0.71277,0.35352,26.6718,7.7786,0.0763
589953067,-0.84045,-2.00000,-1.14124,89.7634,26.0534,-31.9847,0.50818,-0.70361,0.34277,26.4962,7.0076,0.0763
589954068,-0.83044,-2.00000,-1.18335,109.2595,33.3740,-46.6870,0.50391,-0.69434,0.33289,26.0992,6.1221,0.0840
589955068,-0.80176,-1.65320,-0.99963,126.1221,43.1908,-56.4962,0.50049,-0.68567,0.32056,25.4885,5.1069,0.1221
589956068,-0.94543,-1.36768,-1.37537,133.7786,51.1527,-62.0382,0.49695,-0.67688,0.30774,24.6794,3.9695,0.1908
589957068,-0.93469,-1.07495,-1.53906,135.5496,68.1908,-66.5573,0.48718,-0.65857,0.28491,22.5267,1.2290,0.3588
589958068,-0.78882,-0.89734,-1.04443,131.3206,87.3740,-67.8550,0.48096,-0.64905,0.27441,21.1221,-0.3511,0.4198
589959067,-0.63684,-0.90564,-0.50244,113.8855,105.6794,-62.9695,0.47449,-0.63879,0.26208,19.4962,-2.0534,0.4198
589960067,-0.55078,-1.04285,-0.09558,92.0000,116.8168,-54.5420,0.46912,-0.62903,0.24963,17.6641,-3.8550,0.3817
589961067,-0.16675,-1.08643,0.96655,83.6107,135.1527,-50.6107,0.46631,-0.62280,0.23901,15.6794,-5.6870,0.3740
589962067,0.43494,-0.72046,1.99994,85.8931,149.5878,-52.1221,0.46716,-0.62134,0.23059,13.5573,-7.5496,0.3740
589963067,0.70020,-0.21497,1.99994,84.9847,142.9466,-51.3817,0.46985,-0.62488,0.22351,11.3206,-9.4275,0.3588
589964067,0.87659,-0.02075,1.99994,90.3511,128.8702,-50.5496,0.47339,-0.63037,0.21753,8.9771,-11.3435,0.3130
589965067,1.21997,-0.07458,1.99994,111.4580,107.1298,-55.0687,0.47766,-0.63538,0.21228,6.5573,-13.2672,0.2748
589966067,1.47998,-0.18250,1.99994,130.3206,74.8550,-60.8092,0.48267,-0.64136,0.20776,4.0916,-15.1832,0.2443
589967067,1.42517,-0.26367,1.99994,138.5573,37.2061,-64.4275,0.48840,-0.64771,0.20361,1.6260,-17.0763,0.2519
589968068,1.28210,-0.39587,1.99994,143.8779,7.1908,-64.9542,0.49487,-0.65430,0.19788,-0.8168,-18.9160,0.2901
589969067,1.16687,-0.65918,1.99994,134.7863,-13.5420,-58.2214,0.50134,-0.66174,0.19263,-3.2443,-20.7176,0.3435
589970068,0.84717,-0.80884,1.99994,102.6336,-27.5420,-45.5496,0.50720,-0.67041,0.18982,-5.6260,-22.4427,0.4351
589971068,0.46204,-0.61401,1.99994,76.0992,-30.7786,-35.9389,0.51233,-0.68005,0.18689,-7.9313,-24.0992,0.5344
589972067,0.18750,-0.23206,1.53418,72.1603,-27.5267,-32.0763,0.51733,-0.68921,0.18323,-10.1450,-25.7176,0.6031
589973067,0.07825,-0.03687,1.09949,69.2137,-22.2214,-27.3740,0.52295,-0.69873,0.17993,-12.2595,-27.2595,0.6031
589974067,-0.01892,-0.09045,0.78113,54.0076,-17.1756,-20.0916,0.52832,-0.70972,0.17639,-14.2443,-28.7099,0.5725
589975065,-0.07385,-0.18359,0.56091,41.4427,-10.7405,-16.0611,0.53223,-0.72095,0.17188,-16.1069,-30.0840,0.5115
589976068,-0.03748,-0.12585,0.46338,45.5420,-6.0229,-19.4580,0.53442,-0.73218,0.16711,-17.8244,-31.3893,0.4046
589977068,-0.12097,-0.00378,0.41260,64.1298,-5.8168,-26.1985,0.53674,-0.74377,0.16150,-19.3817,-32.6336,0.2595
589978068,-0.19824,0.04797,0.37085,82.1603,-4.1374,-30.1527,0.53992,-0.75537,0.15576,-20.7939,-33.8092,0.0916
589979068,-0.21045,-0.09741,0.32178,83.3969,0.9695,-26.3969,0.54419,-0.76660,0.15088,-22.0229,-34.8473,-0.1374
589980068,-0.38977,-0.87634,0.11157,71.5649,4.7328,-16.0305,0.54919,-0.77795,0.14771,-23.1069,-35.7557,-0.3588
589981067,-0.71082,-2.00000,-0.24072,63.4275,6.8397,-8.6947,0.55493,-0.78918,0.14722,-24.0534,-36.5878,-0.5954
589982068,-0.91772,-2.00000,-0.45349,53.2748,14.5038,-11.2137,0.56177,-0.79907,0.14880,-24.9008,-37.3359,-0.8473
589983068,-0.82141,-2.00000,-0.06738,21.4504,33.2443,-16.6183,0.56738,-0.80725,0.15015,-25.6565,-38.0000,-1.1069
589984068,-0.29749,-0.74597,1.12866,-19.3435,63.1450,-15.6641,0.57043,-0.81262,0.14868,-26.3664,-38.6336,-1.3664
589985068,0.16602,0.14978,1.99994,-38.2137,79.2366,-9.0611,0.57202,-0.81689,0.14490,-27.0534,-39.2214,-1.6336
589986068,0.48035,-0.14185,1.99994,-33.3664,78.4122,-2.3969,0.57434,-0.82190,0.14111,-27.7481,-39.7557,-1.8779
589987067,0.74829,-1.21753,1.99994,-18.5420,70.9008,-2.4122,0.57776,-0.82764,0.13940,-28.4656,-40.1908,-2.0992
589988068,0.44775,-2.00000,1.99994,-7.4962,48.8244,-10.8397,0.58142,-0.83435,0.13977,-29.1756,-40.5344,-2.3435
589989068,0.29663,-2.00000,1.99994,-2.2519,28.8397,-26.2290,0.58643,-0.84180,0.14124,-29.8626,-40.8092,-2.5954
589990067,0.69849,-1.90515,1.99994,-2.5115,17.1298,-44.0000,0.59204,-0.84827,0.14270,-30.5038,-41.0840,-2.8702
589991065,0.98743,0.30298,1.99994,-16.9160,2.2519,-48.2672,0.59692,-0.85303,0.14282,-31.0763,-41.3282,-3.1908
589992069,1.20142,1.82251,1.99994,-38.6870,-13.4351,-32.0153,0.60022,-0.85730,0.14148,-31.6183,-41.5038,-3.5420
589993068,1.24646,1.55957,1.99994,-48.0153,-28.3282,-7.8015,0.60193,-0.86047,0.13855,-32.1603,-41.6031,-3.9160
589994067,1.13245,0.32141,1.99994,-53.3740,-40.6107,11.9618,0.60388,-0.86218,0.13513,-32.6870,-41.6489,-4.3511
589995068,0.91431,-0.49951,1.99994,-73.9008,-56.3664,24.8015,0.60706,-0.86450,0.13245,-33.1832,-41.6031,-4.7405
589996068,0.50256,-0.45581,1.69531,-100.8550,-75.4351,32.5038,0.61316,-0.87000,0.13074,-33.5954,-41.4275,-5.0763
589997068,0.17761,-0.20337,1.23376,-105.0305,-90.0000,35.5649,0.62158,-0.87793,0.13037,-33.8702,-41.1450,-5.4427
589998067,0.15735,-0.33337,1.43774,-92.3664,-102.6870,38.4504,0.62964,-0.88635,0.13135,-33.9924,-40.7557,-5.8626
589999067,0.16467,-0.44495,1.50256,-106.9924,-107.7786,45.3893,0.63684,-0.89270,0.13220,-34.0076,-40.2824,-6.3359
590000068,0.17798,-0.09692,1.11987,-146.2672,-101.8931,53.8244,0.64380,-0.89697,0.13159,-33.9008,-39.7099,-6.8092
590001068,0.16833,0.23340,0.90955,-154.6412,-83.9771,54.1298,0.65039,-0.89978,0.12927,-33.6947,-39.0611,-7.2824
590002067,0.01929,-0.09424,0.79028,-136.4885,-72.9389,50.9466,0.65552,-0.90149,0.12549,-33.4351,-38.3282,-7.7405
590003067,-0.08093,-0.84509,0.34656,-131.6107,-68.8473,52.0763,0.65991,-0.90320,0.12000,-33.1527,-37.4885,-8.1908
590004068,-0.26758,-1.07629,-0.03345,-144.9237,-66.4504,51.3893,0.66394,-0.90576,0.11487,-32.8092,-36.5344,-8.6794
590005067,-0.14771,-0.48462,0.08264,-158.1298,-54.6107,45.6183,0.66821,-0.91028,0.11035,-32.3588,-35.4885,-9.2061
590006067,0.09619,0.52905,1.09888,-161.8168,-45.6565,40.4046,0.67249,-0.91565,0.10559,-31.8092,-34.3740,-9.7786
590007067,0.32605,1.18005,1.67407,-144.6107,-55.4656,40.9466,0.67676,-0.92065,0.10205,-31.1679,-33.1908,-10.3664
590008068,0.83899,1.16980,1.88257,-126.1603,-66.6183,47.9466,0.68152,-0.92566,0.09949,-30.4046,-31.9160,-10.9313
590009068,1.15796,0.92554,1.99994,-126.0305,-82.8855,59.0763,0.68591,-0.93079,0.09644,-29.4962,-30.5267,-11.4733
590010067,1.17871,0.78979,1.77417,-131.3969,-103.1374,68.8779,0.68970,-0.93420,0.09314,-28.4733,-29.0382,-12.0153
590011067,0.95227,0.84729,1.22351,-118.0305,-131.9771,73.9313,0.69141,-0.93628,0.09045,-27.3817,-27.4504,-12.5649
590012067,0.81555,0.74365,0.75281,-76.7939,-165.2366,74.5802,0.69177,-0.93799,0.08789,-26.2214,-25.7557,-13.1221
590013067,0.40662,0.15295,-0.26062,-39.1527,-203.9542,76.7328,0.69189,-0.94006,0.08630,-25.0076,-23.9771,-13.6947
590014067,-0.53247,-0.81824,-2.00000,-47.4198,-234.2748,86.5191,0.69116,-0.94275,0.08521,-23.7328,-22.1603,-14.2366
590015067,-1.01855,-1.82703,-2.00000,-71.7099,-231.4427,93.8015,0.69067,-0.94519,0.08313,-22.3969,-20.3130,-14.7481
590016067,-1.45508,-2.00000,-2.00000,-71.0076,-222.3740,88.5038,0.69165,-0.94702,0.08179,-21.0000,-18.3740,-15.2366
590017067,-2.00000,-2.00000,-2.00000,-54.2748,-209.4656,72.0229,0.69324,-0.94946,0.08032,-19.5420,-16.3053,-15.7252
590018067,-2.00000,-2.00000,-2.00000,-43.8931,-170.0076,52.3664,0.69336,-0.95203,0.07922,-18.0076,-14.1679,-16.2061
590019068,-2.00000,-1.52771,-2.00000,-56.4809,-115.0382,46.0687,0.69287,-0.95374,0.07800,-16.4122,-11.9771,-16.6794
590020068,-2.00000,-2.00000,-2.00000,-91.3511,-56.3664,51.3435,0.69324,-0.95435,0.07715,-14.7863,-9.7328,-17.1145
590021068,-2.00000,-2.00000,-2.00000,-104.5649,-0.2595,46.0534,0.69434,-0.95374,0.07910,-13.1069,-7.4504,-17.5344
590022068,-2.00000,-2.00000,-2.00000,-78.3893,48.4733,25.7939,0.69543,-0.95227,0.08276,-11.3893,-5.1527,-17.9313
590023068,-1.55029,-2.00000,-2.00000,-56.9466,81.7099,8.2214,0.69592,-0.95129,0.08582,-9.6412,-2.8550,-18.2977
590024068,-0.84033,-1.68750,-2.00000,-67.4809,98.0229,5.3588,0.69531,-0.95081,0.08862,-7.9389,-0.5267,-18.6107
590025068,-0.27332,-0.59973,-1.97217,-78.7939,96.9389,10.5191,0.69385,-0.94946,0.09338,-6.2672,1.8168,-18.8702
590026068,0.28418,0.25171,-0.75488,-57.7557,81.8321,14.5038,0.69165,-0.94739,0.10010,-4.6107,4.1679,-19.0840
590027067,0.21790,-1.65613,-0.48340,0.4122,5.9160,27.8168,0.68884,-0.94458,0.10669,-2.9847,6.5038,-19.2366
590028068,-0.05200,-2.00000,-1.06873,-10.0687,-22.5038,29.9771,0.68616,-0.94092,0.11279,-1.4198,8.8092,-19.3359
590029068,-0.21521,-2.00000,-1.02917,-21.1374,-33.5725,17.7481,0.68335,-0.93774,0.11865,0.0916,11.0458,-19.3588
590030068,-0.34229,-1.70959,-0.99512,-12.0229,-34.4656,0.9542,0.67957,-0.93469,0.12305,1.5496,13.2290,-19.3130
590031067,-0.50574,-1.31531,-1.27844,10.5649,-34.6412,-8.8321,0.67432,-0.93152,0.12744,2.9618,15.3664,-19.2061
590032068,-0.80762,-1.82922,-1.94702,25.7176,-30.3282,-12.4275,0.66748,-0.92834,0.13208,4.3435,17.4198,-19.0687
590033068,-1.10461,-2.00000,-2.00000,17.1069,-9.8855,-17.6489,0.66040,-0.92566,0.13574,5.6718,19.3893,-18.8550
590034068,-1.17542,-2.00000,-2.00000,0.0153,23.5267,-27.1069,0.65308,-0.92261,0.13965,6.9160,21.2824,-18.5878
590035067,-1.04126,-1.46838,-2.00000,2.7023,53.1603,-37.3130,0.64502,-0.91846,0.14343,8.0916,23.0763,-18.2824
590036068,-0.88416,-0.96252,-1.96155,21.9313,66.5420,-41.7863,0.63635,-0.91406,0.14539,9.2366,24.7634,-17.9466
590037068,-0.69446,-0.72144,-1.71289,35.4580,70.4198,-37.9924,0.62695,-0.90857,0.14722,10.3359,26.3359,-17.5954
590038068,-0.45300,-0.81042,-1.29456,32.4427,77.0611,-29.1221,0.61646,-0.90173,0.14954,11.3740,27.7863,-17.2137
590039068,-0.26001,-0.96155,-0.67566,19.1069,84.4580,-21.3893,0.60535,-0.89441,0.15112,12.3130,29.0840,-16.7939
590040068,-0.22681,-0.68469,-0.20032,13.7099,81.4885,-18.6031,0.59460,-0.88696,0.15100,13.1603,30.2290,-16.3588
590041068,-0.24866,-0.28052,-0.15845,21.1145,67.9237,-16.5802,0.58423,-0.87854,0.15076,13.9695,31.2214,-15.9542
590042067,-0.28699,-0.33545,-0.27844,21.3511,53.9542,-9.9618,0.57361,-0.86926,0.15088,14.7176,32.0534,-15.5191
590043067,-0.30334,-0.75269,-0.06421,6.9389,48.4275,-2.0076,0.56384,-0.85986,0.15063,15.3740,32.7099,-15.0763
590044067,-0.01184,-0.97876,0.78796,-4.8702,56.1756,-0.1298,0.55481,-0.85120,0.15063,15.9466,33.2137,-14.6260
590045067,0.36206,-0.66602,1.75208,-4.6107,64.2748,-3.5344,0.54602,-0.84290,0.15063,16.4275,33.5802,-14.2137
590046067,0.42041,-0.23486,1.87793,1.2519,63.0305,-4.0458,0.53821,-0.83435,0.15088,16.8092,33.7863,-13.8244
590047067,0.43835,-0.26892,1.44446,11.6107,59.9084,-1.3969,0.53137,-0.82642,0.15222,17.0763,33.8473,-13.4427
590048068,0.53845,-0.68298,1.31677,25.9771,51.4504,-0.5649,0.52393,-0.81897,0.15430,17.2672,33.7405,-13.0763
590049067,0.62390,-1.07922,1.48535,40.0916,32.1221,-3.2901,0.51562,-0.81165,0.15466,17.3969,33.4733,-12.6870
590050068,0.65076,-1.21997,1.51184,54.6794,4.8168,-8.9618,0.50708,-0.80420,0.15491,17.4351,33.0687,-12.2748
590051068,0.42786,-1.15576,1.11890,69.4580,-26.1374,-14.6260,0.50000,-0.79749,0.15698,17.3740,32.5420,-11.8397
590052068,0.10901,-1.10791,0.59619,77.8855,-47.4656,-17.1221,0.49402,-0.79199,0.15894,17.2672,31.8931,-11.4275
590053067,-0.09351,-1.08704,0.32983,74.5725,-53.0534,-16.9237,0.48767,-0.78711,0.16235,17.0916,31.1221,-11.0687
590054067,-0.28394,-0.94507,0.16260,61.1832,-46.5878,-15.4962,0.48096,-0.78259,0.16772,16.8092,30.2519,-10.7099
590055067,-0.45239,-0.76282,-0.05042,47.3130,-32.1679,-13.8092,0.47400,-0.77820,0.17224,16.4733,29.2748,-10.3282
590056067,-0.58997,-0.75500,-0.25232,40.1985,-16.1450,-11.9237,0.46838,-0.77429,0.17676,16.1069,28.2137,-9.9389
590057065,-0.64417,-1.00061,-0.32263,35.4962,-0.6412,-8.6794,0.46375,-0.77258,0.18091,15.7023,27.1069,-9.5573
590058069,-0.57336,-1.22327,-0.39941,26.0305,10.7939,-4.7557,0.45410,-0.77161,0.19043,14.8321,24.6718,-8.8931
590059068,-0.52283,-1.14075,-0.61560,14.3130,13.6107,-1.2366,0.44922,-0.77051,0.19592,14.3511,23.3435,-8.5573
590060067,-0.42297,-0.90967,-0.55457,12.9160,11.1069,1.0000,0.44495,-0.76880,0.20117,13.8244,21.9847,-8.2061
590061068,-0.23328,-0.81885,-0.11938,21.6412,4.4885,3.4504,0.44080,-0.76746,0.20691,13.2595,20.5496,-7.8244
590062068,-0.10840,-0.97620,0.11511,22.9084,-3.8626,8.4504,0.43677,-0.76709,0.21216,12.6489,19.0763,-7.4809
590063067,-0.13330,-1.17847,0.04565,10.8015,-8.1145,13.6565,0.43298,-0.76599,0.21814,12.0076,17.5878,-7.1374
590064067,-0.21277,-1.23035,0.02966,0.3664,-6.0229,14.2137,0.42871,-0.76465,0.22571,11.3588,16.0611,-6.7939
590065067,-0.21143,-1.17480,0.17334,1.5191,-0.6031,9.2290,0.42432,-0.76318,0.23267,10.6870,14.5344,-6.4427
590066067,-0.24561,-1.12805,0.17871,10.3435,1.2748,1.8321,0.42163,-0.76099,0.23938,9.9771,13.0229,-6.0916
590067068,-0.39221,-1.14026,-0.14746,20.4580,-1.1832,-5.2824,0.42029,-0.75891,0.24670,9.1756,11.4962,-5.7176
590068068,-0.47461,-1.16101,-0.41711,27.7786,-1.8702,-11.3206,0.41870,-0.75720,0.25354,8.2977,9.9542,-5.3282
590069067,-0.44507,-1.12537,-0.38770,32.1679,-1.0382,-16.0000,0.41772,-0.75488,0.26038,7.3893,8.4046,-4.9389
590070067,-0.39148,-1.00378,-0.22229,36.1145,-0.6260,-18.3588,0.41699,-0.75232,0.26831,6.4427,6.8550,-4.5573
590071065,-0.31958,-0.82788,-0.12195,38.2901,-1.0000,-16.7710,0.41602,-0.75073,0.27747,5.4809,5.3282,-4.1832
590072069,-0.27100,-0.66699,-0.10999,33.0229,-0.4198,-10.4504,0.41516,-0.75085,0.28772,4.5038,3.8473,-3.7710
590073067,-0.24329,-0.61462,-0.05994,19.7176,3.4733,-0.9695,0.41504,-0.75146,0.29749,3.5267,2.3893,-3.3282
590074067,-0.19470,-0.67041,0.04248,5.6336,8.6031,7.8397,0.41504,-0.75232,0.30566,2.5725,0.9695,-2.8702
590075068,-0.19263,-0.76697,0.10229,-2.4733,10.6412,13.0916,0.41455,-0.75427,0.31396,1.6260,-0.4122,-2.4351
590076068,-0.22827,-0.89941,0.07446,-2.7176,9.2061,13.9924,0.41455,-0.75696,0.32410,0.7023,-1.7481,-1.9695
590077068,-0.24817,-1.02429,0.06665,3.7023,6.3206,10.6183,0.41492,-0.75867,0.33435,-0.1756,-3.0229,-1.4962
590078068,-0.25378,-1.09827,0.11963,13.0000,2.7328,4.7634,0.41528,-0.76025,0.34399,-1.0153,-4.2214,-0.9924
590079068,-0.23767,-1.12659,0.20337,21.1985,-0.8244,-1.0000,0.41638,-0.76257,0.35388,-1.8015,-5.3893,-0.4809
590080067,-0.22620,-1.13257,0.26123,27.3740,-4.4656,-5.1908,0.41833,-0.76636,0.36328,-2.5573,-6.5267,0.0000
590081067,-0.22021,-1.16321,0.26062,30.6947,-6.4962,-7.1985,0.42004,-0.77051,0.37256,-3.2214,-7.5802,0.4885
590082067,-0.22156,-1.22351,0.22998,28.1985,-6.5725,-6.5878,0.42163,-0.77478,0.38342,-3.8092,-8.5496,1.0076
590083067,-0.23804,-1.23694,0.17810,19.5344,-5.5725,-3.8626,0.42285,-0.77966,0.39490,-4.3359,-9.4504,1.5267
590084067,-0.24695,-1.12891,0.12524,9.2977,-4.1985,-0.6947,0.42419,-0.78430,0.40625,-4.8168,-10.3053,2.0305
590085067,-0.25818,-0.95422,0.08887,3.1145,-3.6336,1.4427,0.42639,-0.78821,0.41833,-5.2519,-11.1069,2.5344
590086067,-0.26746,-0.83618,0.10657,2.7634,-4.0534,2.1832,0.42859,-0.79187,0.43079,-5.6412,-11.8168,3.0458
590087067,-0.25745,-0.82251,0.14636,5.6947,-5.7328,2.0000,0.43152,-0.79639,0.44385,-5.9847,-12.4427,3.5802
590088067,-0.24524,-0.86230,0.15894,8.9084,-8.0000,1.0153,0.43506,-0.80139,0.45728,-6.3053,-12.9924,4.1145
590089067,-0.23987,-0.90210,0.16504,12.6870,-9.7023,-0.8626,0.43787,-0.80530,0.47168,-6.6336,-13.4733,4.6183
590090067,-0.22278,-0.90186,0.19080,17.5496,-10.2824,-3.1527,0.44043,-0.80872,0.48743,-6.9160,-13.9237,5.0916
590091067,-0.20422,-0.83496,0.19507,20.6336,-10.7481,-4.1603,0.44250,-0.81152,0.50391,-7.1756,-14.3282,5.5420
590092068,-0.23462,-0.76782,0.10352,18.7328,-12.0076,-2.2519,0.44446,-0.81384,0.52063,-7.4122,-14.6641,5.9771
590093067,-0.28601,-0.78271,-0.03540,12.7023,-13.2137,1.9237,0.44604,-0.81653,0.53821,-7.6489,-14.9008,6.4504
590094067,-0.30981,-0.86084,-0.09534,5.9695,-13.8321,6.1450,0.44678,-0.82007,0.55725,-7.8855,-15.0611,6.9771
590095067,-0.32874,-0.93518,-0.06213,1.0916,-14.5954,8.9924,0.44824,-0.82458,0.57629,-8.1221,-15.1756,7.4733
590096068,-0.34973,-0.98560,-0.02026,-1.3969,-15.1527,10.2748,0.44995,-0.82898,0.59546,-8.3435,-15.2595,7.9084
590097068,-0.36938,-1.04175,-0.01318,-1.6489,-14.5344,10.1832,0.45117,-0.83276,0.61646,-8.5649,-15.2519,8.2595
590098068,-0.39111,-1.11096,-0.03271,0.3817,-12.6565,8.5344,0.45203,-0.83679,0.63940,-8.7863,-15.1908,8.5725
590099068,-0.39685,-1.15454,-0.03870,4.1679,-9.9008,5.4275,0.45142,-0.84155,0.66174,-9.0000,-15.0687,8.8779
590100068,-0.37329,-1.13928,-0.03271,8.3435,-7.5649,1.8015,0.45044,-0.84717,0.68335,-9.1679,-14.8931,9.1679
590101067,-0.33655,-1.08044,-0.02551,11.2977,-6.4046,-1.0076,0.45142,-0.85266,0.70654,-9.2290,-14.6641,9.4504
590102065,-0.29480,-1.01392,0.00378,12.1450,-6.7023,-2.1756,0.45276,-0.85718,0.73083,-9.2137,-14.3282,9.6947
590103065,-0.25525,-0.94958,0.04333,10.6031,-8.4122,-1.5573,0.45374,-0.86194,0.75549,-9.1603,-13.9008,9.8702
590104065,-0.23914,-0.89868,0.06372,6.9084,-11.0458,0.5496,0.45544,-0.86755,0.78052,-8.9924,-13.3817,9.9924
590105069,-0.25208,-0.88660,0.07654,2.4198,-13.4733,3.3664,0.45813,-0.87354,0.80566,-8.6794,-12.7405,10.0687
590106067,-0.28125,-0.92480,0.08826,-1.3359,-15.1069,6.0153,0.46118,-0.88037,0.83044,-8.1756,-11.9924,10.1069
590107068,-0.31335,-0.97290,0.07568,-4.0229,-15.7252,7.8550,0.46411,-0.88818,0.85571,-7.4809,-11.1221,10.1374
590108067,-0.34082,-0.97131,0.04248,-5.4656,-15.4733,8.5725,0.46643,-0.89636,0.88184,-6.6031,-10.1221,10.1450
590109067,-0.35547,-0.92151,0.02136,-4.9847,-14.6565,8.4504,0.46924,-0.90417,0.90759,-5.5267,-9.0153,10.0763
590110068,-0.34460,-0.89734,0.03430,-3.3053,-13.8931,8.4656,0.47217,-0.91211,0.93262,-4.2519,-7.7710,9.9084
590111068,-0.31824,-0.96240,0.05286,-2.6489,-13.7481,9.3435,0.47412,-0.92102,0.95837,-2.8397,-6.4122,9.7023
590112068,-0.29773,-1.08252,0.05835,-4.5115,-13.9084,10.7405,0.47571,-0.93030,0.98621,-1.2672,-4.9695,9.4809
590113067,-0.28284,-1.16638,0.06152,-8.1832,-13.9618,11.7557,0.47717,-0.93823,1.01575,0.4656,-3.4427,9.2214
590114068,-0.27380,-1.17310,0.05920,-11.8015,-14.2977,12.0840,0.47852,-0.94556,1.04614,2.3435,-1.8397,8.9084
590115067,-0.27380,-1.15674,0.03772,-13.6870,-15.5038,11.9389,0.47986,-0.95459,1.07764,4.3206,-0.1221,8.5420
590116067,-0.27197,-1.07629,-0.02319,-13.8015,-17.7634,10.6565,0.48120,-0.96680,1.10986,6.3969,1.6870,8.1603
590117067,-0.27356,-0.61206,-0.68518,-14.4885,-24.7328,7.7557,0.48193,-0.97803,1.14331,8.6183,3.5954,7.6718
590118067,-0.42065,-0.10791,-2.00000,-17.1145,-43.3206,9.4275,0.48279,-0.98694,1.17737,10.9847,5.5725,7.1679
590119067,-0.96021,-0.10510,-2.00000,-22.9618,-55.2672,16.5267,0.48303,-0.99585,1.21423,13.4656,7.6947,6.7557
590120067,-1.40991,-0.36279,-2.00000,-32.1145,-35.1679,24.7863,0.48206,-1.00354,1.25378,16.0305,9.9084,6.4046
590121068,-1.24402,-1.00354,-1.54163,-50.3282,5.4885,38.5115,0.48059,-1.00989,1.29333,18.7176,12.2061,6.0382
590122067,-1.34851,-1.94250,-1.74634,-72.0840,39.4275,53.1298,0.47815,-1.01648,1.33362,21.4809,14.6031,5.6641
590123067,-1.71655,-2.00000,-2.00000,-75.7252,77.5115,53.6947,0.47473,-1.02319,1.37329,24.2519,17.0687,5.2901
590124067,-1.30725,-1.11450,-2.00000,-68.8015,133.9771,46.0916,0.47095,-1.02881,1.41382,27.0382,19.6107,4.9237
590125067,-0.90442,-0.31750,-2.00000,-85.8015,163.3282,51.2519,0.46655,-1.03320,1.45581,29.8244,22.1985,4.5725
590126068,-0.98352,-0.88818,-2.00000,-116.1832,157.7939,67.1985,0.46143,-1.03613,1.49854,32.6260,24.8321,4.2519
590127068,-0.77783,-2.00000,-1.39636,-105.2443,149.8473,68.6489,0.45471,-1.03784,1.54150,35.4351,27.4809,3.9542
590128068,-0.26672,-2.00000,1.13928,-63.2977,138.0458,49.4809,0.44678,-1.03796,1.58484,38.2672,30.1145,3.6489
590129068,0.07800,-2.00000,1.60815,-49.4351,125.2290,27.2443,0.43945,-1.03625,1.62988,41.0763,32.7023,3.3130
590130068,-0.10095,-2.00000,0.71118,-51.3817,117.0916,8.2137,0.43164,-1.03308,1.67578,43.8473,35.2290,2.9389
590131068,0.00256,-1.56018,1.36353,-25.0687,129.9695,-9.8321,0.42249,-1.02905,1.72192,46.5878,37.6794,2.5802
590132068,0.68213,-1.20886,1.99994,5.7710,140.7252,-19.2901,0.41309,-1.02368,1.76941,49.2977,40.0458,2.2061
590133067,0.53638,-2.00000,1.99994,14.5267,121.0382,-22.2290,0.40295,-1.01636,1.81653,51.9771,42.3664,1.8168
590134067,0.08643,-2.00000,1.70166,36.7252,98.6947,-35.4962,0.39148,-1.00757,1.86206,54.6183,44.6260,1.3817
590135068,0.40784,-2.00000,1.99994,74.9237,84.6718,-58.4275,0.37756,-0.99744,1.90576,57.2061,46.7634,0.8931
590136068,0.71570,-1.86646,1.99994,87.0763,62.6794,-72.1069,0.36157,-0.98633,1.94849,59.7328,48.7176,0.3969
590137067,0.47681,-0.62415,1.99994,82.8702,34.2824,-72.4733,0.34497,-0.97339,1.98975,62.2061,50.4656,-0.1450
590138067,0.15454,0.29468,1.28357,92.8550,9.2977,-63.9084,0.32666,-0.95776,1.99994,64.5954,51.9924,-0.7710
590139068,-0.04553,0.09937,0.50378,99.2061,-9.0000,-46.4962,0.30627,-0.94055,1.99994,66.9160,53.2595,-1.4962
590140067,-0.45300,-1.47791,0.47778,86.0763,-10.9084,-25.0000,0.28516,-0.92224,1.99994,69.1603,54.2443,-2.2672
590141067,-1.09485,-2.00000,0.67371,75.3053,-1.0916,-16.7099,0.26404,-0.90222,1.99994,71.3130,54.9313,-3.0687
590142068,-1.43640,-2.00000,0.08069,76.9695,18.0534,-29.0305,0.24219,-0.88000,1.99994,73.3740,55.2595,-3.9313
590143068,-1.44775,-1.79529,-0.80200,88.3130,39.7252,-48.6641,0.21936,-0.85730,1.99994,75.3435,55.1985,-4.8702
590144068,-1.28381,-0.64771,-0.77332,104.1221,63.6183,-58.9618,0.19470,-0.83569,1.99994,77.1832,54.7328,-5.8855
590145067,-0.62158,-1.08740,0.35107,111.2290,92.0534,-59.4351,0.16833,-0.81433,1.99994,78.8931,53.8550,-6.9160
590146067,-0.35107,-2.00000,0.84521,111.7405,97.8473,-64.1374,0.14136,-0.79321,1.99994,80.4733,52.5573,-7.9847
590147068,-0.65515,-2.00000,0.39636,128.0992,89.5038,-82.4580,0.11243,-0.77234,1.99994,81.9084,50.8473,-9.0916
590148068,-0.51611,-2.00000,0.66663,156.1069,87.4351,-105.8168,0.08179,-0.75220,1.99994,83.2061,48.6565,-10.2214
590149068,-0.11926,-2.00000,1.77344,154.7481,88.9313,-118.5878,0.05200,-0.73291,1.99994,84.4046,46.0000,-11.3130
590150068,0.15784,-2.00000,1.99994,118.8702,82.6031,-115.2748,0.02258,-0.71472,1.99994,85.4733,42.8855,-12.3740
590151068,0.12915,-0.87207,1.25940,99.6947,58.6641,-106.1603,-0.00623,-0.69666,1.99994,86.4351,39.2901,-13.3817
590152068,-0.44751,-0.20410,-0.17065,114.7863,27.8397,-97.4809,-0.03345,-0.68103,1.99994,87.2366,35.2290,-14.2519
590153068,-0.87732,-0.82129,0.18323,125.8092,22.3359,-87.3588,-0.06091,-0.66724,1.99994,87.9618,30.7634,-15.0458
590154068,-0.60010,-1.93176,1.99994,104.7481,45.4275,-77.1756,-0.08862,-0.65503,1.99994,88.6183,25.8397,-15.8015
590155068,0.01709,-2.00000,1.99994,68.2977,75.6870,-73.7099,-0.11633,-0.64490,1.99994,89.1450,20.4962,-16.4962
590156067,-0.38147,0.30127,1.18506,101.2748,81.7328,-93.4962,-0.14563,-0.63306,1.99994,89.6718,14.7099,-17.0534
590157068,0.41211,-0.28015,1.76599,149.4275,92.2824,-100.5878,-0.17480,-0.62244,1.99994,90.2061,8.4351,-17.2595
590158068,1.03040,-1.28210,1.99994,153.5878,80.6260,-101.2824,-0.23206,-0.61902,1.99994,90.9313,-5.5496,-16.2137
590159067,0.51086,-1.46362,1.99994,133.9466,39.2443,-101.7863,-0.26050,-0.62280,1.99994,91.3817,-13.1679,-15.3359
590160067,0.53784,-1.07678,1.99994,147.2977,14.8550,-110.4046,-0.28882,-0.62793,1.99994,91.9618,-21.0992,-14.2901
590161067,0.85657,-0.91992,1.99994,184.7176,-5.6947,-119.1679,-0.31531,-0.63574,1.99994,92.6489,-29.3359,-13.0000
590162067,0.69800,-1.43225,1.99994,185.2137,-27.4580,-112.1985,-0.33972,-0.64343,1.99994,93.4351,-37.9237,-11.4275
590163068,0.19373,-2.00000,1.99994,134.8397,-44.8702,-90.4809,-0.36267,-0.65161,1.99994,94.3206,-46.8550,-9.5954
590164068,-0.48792,-2.00000,0.41028,93.6489,-57.8702,-75.0916,-0.38293,-0.65955,1.99994,95.2595,-56.0840,-7.5420
590165068,-1.46338,-2.00000,-0.35486,93.1450,-55.8092,-84.8931,-0.39917,-0.66663,1.99994,96.4351,-65.4885,-5.3282
590166068,-2.00000,-2.00000,0.02466,93.0229,-34.2748,-106.9542,-0.41296,-0.67078,1.99994,97.8855,-75.0076,-2.9924
590167068,-1.53625,-2.00000,0.56055,62.9924,2.9160,-117.0840,-0.42419,-0.67236,1.99994,99.5191,-84.5878,-0.5115
590168067,-1.57983,-0.88318,0.67261,28.7328,27.8321,-113.5802,-0.43359,-0.67224,1.99994,101.2824,-94.2214,2.1145
590169068,-1.42224,-0.79016,0.79749,22.6794,54.6336,-112.0153,-0.44226,-0.66956,1.99994,103.1603,-103.8931,4.8931
590170067,0.17017,-1.18970,1.99994,43.2443,99.7328,-122.4809,-0.44983,-0.66565,1.99994,105.1221,-113.5344,7.8473
590171067,0.85718,-1.17114,1.99994,58.6107,104.1221,-136.7557,-0.45618,-0.66248,1.99994,107.1832,-123.0840,10.9542
590172068,0.54626,-0.50134,1.99994,53.7252,79.5649,-144.0000,-0.46130,-0.65955,1.99994,109.3206,-132.4962,14.2366
590173068,0.94775,0.03113,1.99994,63.3664,54.4122,-142.5573,-0.46509,-0.65784,1.99994,111.5267,-141.7557,17.7099
590174067,1.19800,-0.06091,1.99994,99.7863,10.1527,-138.9466,-0.46875,-0.65894,1.99994,113.8168,-150.8397,21.3359
590175067,1.46716,-0.33923,1.99994,130.8779,-30.0687,-135.0382,-0.47217,-0.66211,1.99994,116.2519,-159.7328,25.0458
590176067,1.46191,-0.25513,1.99994,134.1756,-69.4580,-127.9542,-0.47559,-0.66687,1.99994,118.8168,-168.4046,28.8550
590177067,1.12610,-0.67395,1.99994,118.1679,-91.8092,-112.7099,-0.47852,-0.67468,1.99994,121.5344,-176.8321,32.7786
590178067,0.92529,-2.00000,1.99994,80.1832,-92.0992,-89.8168,-0.48083,-0.68518,1.99994,124.3969,-184.9771,36.8015
590179067,-0.16565,-2.00000,1.99994,21.2748,-109.3817,-75.2901,-0.48315,-0.69592,1.99994,127.4046,-192.8550,40.9160
590180067,-0.74878,-2.00000,1.93042,-6.3206,-105.8473,-86.6565,-0.48499,-0.70618,1.99994,130.5725,-200.4885,45.0840
590181067,-0.48755,-1.71094,1.99994,4.4580,-92.1450,-109.6718,-0.48645,-0.71570,1.99994,133.8473,-207.8702,49.3053
590182068,0.02942,-0.77759,1.99994,-9.3359,-89.4504,-113.5038,-0.48816,-0.72498,1.99994,137.1985,-215.0000,53.5420
590183068,1.07385,-0.51367,1.99994,-56.8244,-86.4580,-103.9313,-0.48889,-0.73230,1.99994,140.5954,-221.8779,57.7328
590184067,1.16736,-0.05530,1.99994,-78.9389,-88.5038,-104.3893,-0.48938,-0.73572,1.99994,143.9466,-228.5115,61.8931
590185067,0.52197,-0.02551,1.99994,-59.0382,-83.8931,-113.2214,-0.48926,-0.73657,1.99994,147.2290,-234.9084,66.0076
590186067,0.55945,-0.91772,1.99994,-36.9847,-81.2824,-113.7710,-0.48645,-0.73572,1.99994,150.3893,-241.0840,70.0076
590187067,0.45129,-1.36157,1.99994,-23.4504,-100.5115,-113.3359,-0.48267,-0.73242,1.99994,153.3817,-247.0763,73.9008
590188067,0.55261,-0.13538,1.99994,4.5878,-119.4656,-122.5725,-0.47876,-0.72717,1.99994,156.2137,-250.1374,77.6947
590189067,1.99994,1.36328,1.99994,24.0000,-123.1985,-121.6412,-0.47510,-0.72083,1.99994,158.8702,-250.1374,81.3282
590190067,1.99994,1.86938,1.99994,4.9847,-165.5954,-100.3893,-0.47107,-0.71362,1.99994,161.3130,-250.1374,84.7786
590191065,1.99994,1.85339,1.99994,-9.8397,-224.1298,-80.5344,-0.46558,-0.70667,1.99756,163.4809,-250.1374,88.0076
590192064,1.99994,1.55481,1.99994,-4.8397,-250.1374,-69.6565,-0.45862,-0.70105,1.97388,165.3588,-250.1374,91.0076
590193069,1.58801,0.59961,1.99994,-44.4504,-250.1374,-47.0382,-0.45166,-0.69666,1.94934,166.9924,-250.1374,93.7710
590194068,0.74841,0.42261,1.99994,-127.6641,-250.1374,-21.6565,-0.44421,-0.69409,1.92371,168.4046,-250.1374,96.3740
590195068,0.53516,1.96252,1.99994,-149.1145,-250.1374,-15.4198,-0.43494,-0.69336,1.89502,169.5878,-250.1374,98.7634
590196068,1.99994,1.99994,1.99994,-104.5954,-250.1374,-14.5954,-0.42542,-0.69409,1.86279,170.6031,-250.1374,100.9160
590197067,1.99994,1.99994,1.99994,-93.0916,-250.1374,5.7481,-0.41565,-0.69800,1.82861,171.5267,-250.1374,102.8397
590198067,1.62427,1.60645,1.99994,-109.5725,-250.1374,29.3969,-0.40552,-0.70532,1.79175,172.3740,-250.1374,104.5649
590199067,0.80688,0.79736,1.99994,-93.3435,-250.1374,33.2366,-0.39636,-0.71460,1.75330,173.1450,-250.1374,106.1221
590200067,0.09924,0.48926,1.99994,-62.0382,-250.1374,24.9771,-0.38831,-0.72632,1.71326,173.8168,-250.1374,107.4733
590201068,-0.98425,0.46069,1.99994,-38.7023,-250.1374,17.3053,-0.38062,-0.73999,1.67029,174.4198,-250.1374,108.6031
590202068,-1.54834,0.59204,1.51929,-14.8931,-250.1374,17.9924,-0.37268,-0.75439,1.62439,174.9847,-250.1374,109.5878
590203067,-1.80334,0.31885,-0.30261,-10.4656,-250.1374,29.4962,-0.36523,-0.76941,1.57544,175.5496,-250.1374,110.4656
590204068,-1.99854,-0.44373,-1.58789,-32.2137,-250.1374,38.3817,-0.35889,-0.78625,1.52637,176.0382,-250.1374,111.1908
590205068,-2.00000,-1.03247,-2.00000,-49.1603,-250.1374,32.4733,-0.35278,-0.80237,1.47766,176.4275,-250.1374,111.7023
590206068,-2.00000,-0.63171,-2.00000,-55.5191,-250.1374,16.5954,-0.34631,-0.81689,1.42566,176.7252,-250.1374,112.0305
590207068,-2.00000,0.69861,-1.77161,-65.4962,-250.1374,3.1527,-0.34070,-0.83240,1.37195,176.8931,-250.1374,112.2137
590208068,-1.07581,1.79517,-0.55652,-79.2214,-250.1374,2.8779,-0.33630,-0.84497,1.31750,176.9084,-250.1374,112.1985
590209068,-0.15125,1.71045,-0.04065,-95.4122,-250.1374,20.9008,-0.33228,-0.85669,1.26233,176.7557,-250.1374,112.0458
590210067,-1.64319,0.89563,-0.23425,-97.2824,-250.1374,35.9160,-0.32812,-0.86951,1.20862,176.4275,-250.1374,111.7634
590211068,-2.00000,-0.10754,-0.92700,-71.0534,-250.1374,39.2061,-0.32251,-0.88049,1.15649,175.9313,-250.1374,111.3206
590212067,0.15320,-0.41785,1.00244,-44.3740,-250.1374,36.6565,-0.31531,-0.89160,1.10535,175.2214,-250.1374,110.7634
590213067,1.99994,1.21753,1.99994,-51.2748,-250.1374,39.5573,-0.30725,-0.90247,1.05469,174.2824,-250.1374,110.0763
590214067,1.99994,1.99994,1.99994,-80.7557,-250.1374,54.5038,-0.29944,-0.91370,1.00391,173.1298,-250.1374,109.2824
590215067,1.99994,1.99994,1.99994,-111.9618,-250.1374,86.6718,-0.29077,-0.92566,0.95337,171.7939,-250.1374,108.3817
590216067,1.04504,1.99994,1.78223,-110.1069,-250.1374,112.1832,-0.27942,-0.93860,0.90259,170.3053,-250.1374,107.4046
590217067,0.71533,0.88989,1.99994,-85.6565,-250.1374,119.5115,-0.26611,-0.95300,0.85107,168.6870,-250.1374,106.3282
590218067,1.71155,-0.80420,1.99994,-89.6718,-250.1374,121.0611,-0.25220,-0.96936,0.79871,166.9542,-250.1374,105.1908
590219067,1.78577,-0.29211,1.99994,-122.1908,-250.1374,119.9695,-0.23755,-0.98645,0.74731,165.1527,-250.1374,103.9924
590220068,1.20386,1.99994,1.99994,-131.8779,-250.1374,121.7328,-0.22119,-1.00281,0.69788,163.3359,-250.1374,102.7481
590221068,0.31396,1.99994,1.99994,-117.3969,-250.1374,139.3588,-0.20337,-1.01941,0.64856,161.5496,-250.1374,101.4351
590222068,-0.81860,1.99994,1.49329,-105.6489,-250.1374,169.1374,-0.18579,-1.03735,0.59851,159.8397,-250.1374,100.0153
590223068,-1.60840,-0.34937,1.58276,-100.5344,-250.1374,189.2901,-0.16809,-1.05493,0.54871,158.2519,-250.1374,98.5573
590224068,-2.00000,-2.00000,0.64783,-101.2519,-250.1374,186.7328,-0.15015,-1.07117,0.49927,156.7863,-250.1374,97.0840
590225068,-2.00000,-2.00000,-2.00000,-94.7710,-250.1374,161.2977,-0.13318,-1.08777,0.44946,155.4580,-250.1374,95.5954
590226068,-2.00000,-0.78662,-2.00000,-48.4885,-250.1374,125.0305,-0.11682,-1.10547,0.40027,154.3053,-250.1374,94.0229
590227068,-2.00000,1.63745,-2.00000,9.1298,-250.1374,99.1679,-0.10083,-1.12268,0.35010,153.2977,-250.1374,92.3740
590228068,-1.51025,1.31396,0.62952,-2.2672,-250.1374,109.0305,-0.08679,-1.13892,0.29810,152.4504,-250.1374,90.6947
590229068,-2.00000,-1.83716,-1.34058,-88.6641,-250.1374,138.4809,-0.07324,-1.15576,0.24670,151.7328,-250.1374,89.0076
590230068,-2.00000,-2.00000,-2.00000,-151.3893,-250.1374,128.0458,-0.06006,-1.17346,0.19580,151.1221,-250.1374,87.3130
590231068,-2.00000,-2.00000,-1.41260,-138.3817,-250.1374,92.4275,-0.04980,-1.19141,0.14465,150.5878,-250.1374,85.5878
590232068,-1.37659,-2.00000,1.99994,-125.8931,-250.1374,82.6336,-0.04175,-1.20898,0.09241,150.1145,-250.1374,83.8702
590233068,-1.13037,-1.23682,1.99994,-167.4122,-250.1374,98.5496,-0.03503,-1.22717,0.04016,149.7023,-250.1374,82.1679
590234068,-1.13940,1.09753,1.59827,-194.7099,-250.1374,117.0076,-0.02917,-1.24609,-0.01184,149.3130,-250.1374,80.5038
590235068,-1.04688,1.99994,1.66992,-163.7252,-250.1374,129.9618,-0.02429,-1.26477,-0.06494,148.9008,-250.1374,78.8702
590236068,-0.55615,1.49500,1.99994,-128.6031,-250.1374,142.7634,-0.02014,-1.28247,-0.12024,148.4809,-250.1374,77.2748
590237067,0.68848,-1.02234,1.99994,-108.8321,-250.1374,141.3664,-0.01660,-1.29822,-0.17810,148.0076,-250.1374,75.6947
590238068,0.21851,-1.74573,1.99994,-67.4580,-250.1374,119.2443,-0.01318,-1.31299,-0.23755,147.4427,-250.1374,74.1069
590239067,-0.56213,-1.42346,1.99994,-20.6794,-250.1374,93.5191,-0.00940,-1.32727,-0.29785,146.7634,-250.1374,72.4885
590240068,-0.37500,-0.99463,1.99994,18.2214,-250.1374,72.1985,-0.00574,-1.33936,-0.35889,145.9466,-250.1374,70.8626
590241068,-1.26929,-0.99451,1.99994,66.9008,-250.1374,52.0000,-0.00220,-1.34912,-0.42200,144.9542,-250.1374,69.2748
590242067,-1.71375,-2.00000,1.81470,77.2672,-250.1374,49.0305,0.00110,-1.35706,-0.48682,143.7863,-250.1374,67.6870
590243068,-1.35071,-2.00000,-1.52649,-6.9466,-250.1374,70.4504,0.00537,-1.36401,-0.55176,142.4122,-250.1374,66.0916
590244068,-2.00000,-2.00000,-2.00000,-97.3817,-250.1374,79.4351,0.01147,-1.36987,-0.61780,140.7634,-250.1374,64.4809
590245068,-2.00000,-2.00000,-2.00000,-117.9771,-250.1374,58.5496,0.01843,-1.37378,-0.68335,138.8397,-250.1374,62.8779
590246068,-2.00000,-1.29272,-2.00000,-129.2366,-250.1374,59.1985,0.02637,-1.37610,-0.74854,136.6641,-250.1374,61.3893
590247068,-2.00000,-1.17432,-0.64441,-179.9466,-250.1374,92.4351,0.03552,-1.37817,-0.81226,134.2672,-250.1374,59.9847
590248068,-2.00000,-0.96411,-0.62158,-245.0458,-250.1374,125.6641,0.04541,-1.37976,-0.87390,131.6107,-250.1374,58.4046
590249068,-2.00000,0.20935,-1.82251,-250.1374,-250.1374,131.4504,0.05713,-1.38049,-0.93616,128.6794,-250.1374,56.6870
590250068,-2.00000,1.08911,-2.00000,-225.3435,-250.1374,108.2214,0.07068,-1.38208,-0.99866,125.5191,-250.1374,54.9542
590251068,-2.00000,-0.21765,-1.92310,-92.2519,-250.1374,66.2977,0.08557,-1.38477,-1.05908,122.2290,-250.1374,53.2595
590252068,-0.55066,-2.00000,0.54785,20.9695,-250.1374,29.0687,0.10193,-1.38855,-1.11560,118.7939,-250.1374,51.6031
590253067,-1.89221,-2.00000,-1.59900,46.2672,-250.1374,11.4046,0.11841,-1.39307,-1.16870,115.2595,-250.1374,49.9466
590254068,-2.00000,-2.00000,-2.00000,66.4351,-250.1374,-9.7863,0.13525,-1.39795,-1.21924,111.6260,-250.1374,48.2824
590255068,-2.00000,-2.00000,-0.95691,129.7405,-250.1374,-42.3435,0.15295,-1.40356,-1.26733,107.9084,-250.1374,46.6031
590256067,-0.60852,-2.00000,1.59729,124.5573,-250.1374,-56.9924,0.17151,-1.40967,-1.31116,104.3282,-250.1374,44.9389
590257068,-0.83765,-2.00000,0.78296,18.4962,-250.1374,-47.0916,0.19019,-1.41650,-1.34998,100.9618,-250.1374,43.2901
590258068,-2.00000,-1.12061,-0.87927,-88.4809,-250.1374,-22.8550,0.23035,-1.43567,-1.41980,94.4580,-250.1374,39.9618
590259068,-1.79065,-0.97058,-0.51172,-127.9008,-250.1374,-1.1603,0.25244,-1.44678,-1.45349,91.3817,-250.1374,38.2137
590260068,-0.76550,-1.59009,1.48413,-147.6947,-250.1374,15.0229,0.27454,-1.45728,-1.48523,88.4809,-250.1374,36.3511
590261068,-0.36279,-2.00000,1.99994,-181.5038,-250.1374,25.5344,0.29724,-1.46741,-1.51465,85.7481,-250.1374,34.4046
590262067,0.71423,-1.35596,1.99994,-221.2672,-250.1374,30.9542,0.31836,-1.47644,-1.54028,83.2290,-250.1374,32.3893
590263068,0.77234,0.30713,1.99994,-234.2519,-250.1374,31.3969,0.33667,-1.48242,-1.55981,80.9237,-250.1374,30.4122
590264068,-0.24927,1.38696,1.43262,-174.8931,-250.1374,17.3130,0.35522,-1.48743,-1.57678,78.8321,-250.1374,28.6489
590265068,-0.33081,1.16626,1.99994,-77.3130,-250.1374,-4.3282,0.37488,-1.49316,-1.59448,77.0153,-250.1374,27.0611
590266068,-0.07227,0.40820,1.99994,-33.2443,-250.1374,-10.1603,0.39307,-1.49792,-1.61121,75.4733,-250.1374,25.5420
590267067,-1.09216,0.40967,0.80725,-53.1679,-250.1374,-5.5191,0.40808,-1.50195,-1.62659,74.1985,-250.1374,23.9695
590268067,-2.00000,0.81799,-0.50439,-56.4504,-250.1374,-4.0534,0.42065,-1.50488,-1.64160,73.1908,-250.1374,22.3969
590269068,-2.00000,0.76587,-0.58533,-14.4351,-250.1374,-9.3130,0.43054,-1.50500,-1.65503,72.4809,-250.1374,20.8473
590270068,-2.00000,0.84717,-0.38562,3.9313,-250.1374,-7.8855,0.43823,-1.50171,-1.67078,72.0305,-250.1374,19.3740
590271067,-2.00000,0.69849,-0.91187,-40.4122,-250.1374,14.8015,0.44934,-1.49670,-1.69604,71.7939,-250.1374,18.0229
590272068,-1.82178,-0.08813,-1.12549,-96.1756,-250.1374,40.9008,0.46448,-1.49646,-1.72339,71.7252,-250.1374,16.8321
590273068,-1.20776,-1.76184,-0.36719,-97.6412,-250.1374,49.5649,0.47852,-1.50317,-1.73828,71.8550,-250.1374,15.5420
590274068,-1.43958,-2.00000,0.58154,-44.5725,-250.1374,36.3130,0.49060,-1.50964,-1.74329,72.2748,-250.1374,13.9160
590275068,-1.74316,-2.00000,0.11487,-13.1145,-250.1374,14.4656,0.50439,-1.50989,-1.75061,73.0305,-250.1374,12.1527
590276068,-1.79175,-2.00000,-1.71362,-70.1985,-250.1374,0.3893,0.52002,-1.50623,-1.76111,74.0458,-250.1374,10.4733
590277067,-1.97449,-0.84155,-2.00000,-163.3740,-250.1374,-0.2595,0.53528,-1.50244,-1.76843,75.2443,-250.1374,8.9008
590278068,-1.34460,0.77698,-0.16931,-187.9695,-250.1374,7.5115,0.54846,-1.49878,-1.77026,76.5878,-250.1374,7.3282
590279067,-1.38281,-0.26379,1.99994,-169.3969,-250.1374,14.2748,0.56067,-1.49316,-1.76953,78.0305,-250.1374,5.7481
590280067,-1.85156,-1.45825,1.05945,-185.3282,-250.1374,21.7023,0.57275,-1.48535,-1.76941,79.5420,-247.7405,4.1985
590281068,-1.49316,-1.13831,0.63159,-231.0687,-250.1374,22.8168,0.58179,-1.47644,-1.76770,81.0763,-239.3359,2.7023
590282068,-0.84558,0.11133,1.50647,-250.1374,-250.1374,18.5191,0.58899,-1.46655,-1.76367,82.5954,-230.7481,1.2672
590283067,-0.42224,1.10852,1.48486,-236.0611,-250.1374,15.6489,0.59583,-1.45508,-1.76001,84.0916,-222.0229,-0.1069
590284067,-0.55591,1.65222,0.86597,-174.4733,-250.1374,12.9313,0.60059,-1.44202,-1.75671,85.5038,-213.1603,-1.4809
590285067,-0.54260,1.40356,0.31274,-105.2443,-250.1374,13.7939,0.60315,-1.42822,-1.75183,86.7710,-204.1908,-2.8855
590286068,-0.72961,0.48950,0.91980,-86.7939,-250.1374,23.3664,0.60376,-1.41370,-1.74585,87.9924,-195.1985,-4.2519
590287068,-1.04199,-0.83899,1.13000,-99.7863,-250.1374,36.2443,0.60168,-1.39929,-1.74011,89.1374,-186.2443,-5.5649
590288068,-1.85925,-0.98425,-0.03699,-78.8550,-250.1374,37.1069,0.59717,-1.38684,-1.73560,90.0534,-177.3817,-6.8397
590289068,-2.00000,-0.03662,-2.00000,-92.8702,-250.1374,42.0840,0.59155,-1.37622,-1.73230,90.6183,-168.6183,-8.0992
590290067,-2.00000,0.02881,-2.00000,-135.7176,-250.1374,58.7863,0.58472,-1.36584,-1.72900,90.9695,-159.9771,-9.3359
590291068,-2.00000,-1.03113,-2.00000,-154.1679,-250.1374,64.6336,0.57495,-1.35620,-1.72705,91.2061,-151.5115,-10.5649
590292068,-2.00000,-2.00000,-2.00000,-125.9771,-250.1374,47.3511,0.56433,-1.34814,-1.72729,91.2061,-143.2595,-11.7939
590293064,-2.00000,-2.00000,-2.00000,-96.4198,-250.1374,25.9389,0.55371,-1.34143,-1.72913,90.8855,-135.2061,-13.0382
590294069,-2.00000,-2.00000,-2.00000,-104.7863,-250.1374,12.1832,0.54199,-1.33594,-1.73352,90.2977,-127.4122,-14.3053
590295064,-2.00000,-2.00000,-2.00000,-125.2519,-250.1374,0.0305,0.53027,-1.33118,-1.74011,89.4733,-119.9160,-15.5802
590296065,-2.00000,-0.59753,-2.00000,-113.7557,-235.6183,-12.8473,0.51917,-1.32837,-1.74756,88.4809,-112.7328,-16.8931
590297069,-2.00000,-0.11365,-2.00000,-81.2977,-194.6870,-19.8702,0.50842,-1.32751,-1.75684,87.3435,-105.8855,-18.2290
590298064,-2.00000,-0.67139,-2.00000,-69.6565,-168.5878,-18.8092,0.49829,-1.32654,-1.76746,86.0687,-99.3511,-19.5802
590299065,-1.79834,-0.94604,-2.00000,-70.3053,-161.5802,-21.8397,0.48926,-1.32410,-1.77917,84.6489,-93.1450,-20.9084
590300065,-1.62720,-0.31201,-2.00000,-47.3511,-168.0534,-35.1908,0.48096,-1.32166,-1.79138,83.0992,-87.2748,-22.1985
590301065,-1.33398,0.58264,-2.00000,-18.3206,-181.2214,-44.8702,0.47339,-1.32129,-1.80396,81.4809,-81.7557,-23.4427
590302065,-1.26135,1.05469,-1.94385,-14.5573,-205.3893,-39.0992,0.46643,-1.32227,-1.81812,79.8397,-76.5878,-24.6794
590303069,-1.53894,0.84387,-2.00000,-17.2061,-228.3740,-25.7786,0.45850,-1.32251,-1.83203,78.2061,-71.7328,-25.8626
590304068,-1.62598,0.18250,-1.81360,-7.1527,-238.2748,-17.7252,0.45007,-1.32190,-1.84497,76.5878,-67.1679,-26.9542
590305067,-1.58167,-0.09485,-1.62781,4.0382,-239.3130,-15.6947,0.44238,-1.32031,-1.85779,74.9924,-62.9237,-27.9695
590306067,-1.80847,0.19128,-2.00000,6.9160,-239.8855,-11.3282,0.43542,-1.31750,-1.86987,73.4427,-58.9847,-28.9008
590307068,-1.99829,0.21790,-2.00000,-3.3206,-232.3282,2.6489,0.42896,-1.31299,-1.88293,71.9542,-55.3130,-29.7710
590308068,-2.00000,-0.49780,-2.00000,-24.5344,-222.2443,21.5725,0.42261,-1.30701,-1.89563,70.5191,-51.9160,-30.5420
590309068,-2.00000,-1.86414,-2.00000,-35.0229,-222.8092,33.3893,0.41577,-1.29944,-1.90540,69.0992,-48.7710,-31.1908
590310068,-2.00000,-2.00000,-2.00000,-24.8550,-228.0076,26.1527,0.40845,-1.29053,-1.91235,67.6641,-45.8702,-31.6870
590311067,-2.00000,-2.00000,-2.00000,-9.6031,-208.2595,0.4580,0.40112,-1.28088,-1.91772,66.1985,-43.2366,-32.0687
590312068,-2.00000,-1.02185,-2.00000,-4.1527,-163.4275,-25.5725,0.39368,-1.26990,-1.92188,64.6641,-40.8473,-32.3206
590313068,-2.00000,0.18896,-2.00000,-4.0840,-125.2290,-36.4122,0.38525,-1.25757,-1.92334,63.0534,-38.6794,-32.4427
590314068,-2.00000,-0.43970,-2.00000,13.6947,-96.7023,-39.6641,0.37695,-1.24500,-1.92322,61.3740,-36.7634,-32.4198
590315068,-2.00000,-2.00000,-2.00000,55.7405,-66.2290,-53.4198,0.36975,-1.23291,-1.92102,59.5649,-35.0992,-32.2977
590316068,-2.00000,-2.00000,-2.00000,91.3740,-53.7023,-73.3359,0.36292,-1.22107,-1.91504,57.6260,-33.6489,-32.0840
590317068,-2.00000,-2.00000,-2.00000,95.5878,-61.5420,-90.5802,0.35596,-1.20996,-1.90649,55.5496,-32.3435,-31.7863
590318068,-2.00000,-2.00000,-2.00000,88.7176,-43.9237,-104.9466,0.34973,-1.19971,-1.89600,53.3511,-31.1450,-31.3969
590319068,-1.84949,0.01208,-2.00000,87.1603,-5.2290,-107.6641,0.34424,-1.18860,-1.88330,51.0076,-30.0840,-30.9313
590320067,-1.02563,1.25745,-1.45337,64.9008,9.6260,-88.5344,0.34021,-1.17761,-1.86670,48.4962,-29.1985,-30.4046
590321067,-1.42151,0.90601,-2.00000,22.5802,12.8092,-57.5344,0.33704,-1.16663,-1.84680,45.8321,-28.4427,-29.7863
590322067,-1.63977,0.15796,-2.00000,-0.0687,40.4885,-39.8015,0.33350,-1.15540,-1.82471,43.0763,-27.7710,-29.0992
590323067,-1.17163,0.04285,-1.26050,-6.2824,84.3740,-36.3206,0.32922,-1.14636,-1.79980,40.2672,-27.1756,-28.3282
590324068,-0.55493,0.28223,-0.12939,-18.9237,102.9084,-33.3282,0.32605,-1.13904,-1.77393,37.3817,-26.6336,-27.5038
590325068,-0.60474,0.66956,-0.66821,-18.4351,74.6336,-28.3969,0.32471,-1.13196,-1.74561,34.4733,-26.0916,-26.6641
590326068,-0.86047,0.84656,-1.39099,19.7405,26.2061,-26.2443,0.32422,-1.12585,-1.71497,31.5649,-25.5420,-25.7939
590327067,-0.60352,0.31018,-0.57715,65.1374,-7.6412,-24.4580,0.32483,-1.12146,-1.68445,28.6718,-25.0305,-24.8550
590328067,-0.40515,-1.01575,0.59497,76.9771,-31.1908,-16.2443,0.32642,-1.11865,-1.65308,25.8321,-24.5038,-23.8702
590329067,-0.60596,-1.99524,0.53284,71.7252,-47.7252,-12.3130,0.32812,-1.11743,-1.62061,23.0840,-23.9008,-22.8855
590330068,-0.97656,-1.71924,-0.10535,79.6183,-51.4351,-19.7939,0.33142,-1.11597,-1.58826,20.4504,-23.1450,-21.8473
590331067,-1.24744,-1.11426,-0.55798,83.3588,-41.6107,-25.6183,0.33643,-1.11560,-1.55591,17.9389,-22.2595,-20.8092
590332068,-1.30359,-1.21863,-0.73669,65.1374,-19.4962,-22.7023,0.34167,-1.11658,-1.52295,15.5496,-21.2443,-19.7328
590333068,-1.54773,-1.95801,-1.26465,44.2366,-5.4198,-20.7863,0.34741,-1.11633,-1.48987,13.2748,-20.1221,-18.6107
590334068,-1.86243,-2.00000,-1.87158,44.2595,-0.0305,-29.7176,0.35291,-1.11584,-1.45825,11.1450,-18.9084,-17.4122
590335068,-1.86609,-2.00000,-1.71680,64.5420,2.0305,-49.0229,0.35864,-1.11670,-1.42773,9.1450,-17.5725,-16.1374
590336068,-1.73669,-2.00000,-1.38525,82.7099,3.7939,-67.7252,0.36450,-1.11841,-1.39807,7.2443,-16.1069,-14.7863
590337068,-1.58105,-1.47729,-1.08240,81.0611,11.1145,-75.1908,0.36951,-1.12000,-1.36938,5.4351,-14.4580,-13.4198
590338068,-1.34009,-0.63269,-0.64941,72.6565,17.3740,-71.1527,0.37402,-1.12097,-1.33972,3.6947,-12.6336,-12.0534
590339067,-1.01514,-0.33435,-0.18372,71.3588,21.6489,-60.9084,0.37830,-1.12109,-1.30957,2.0534,-10.7023,-10.5878
590340068,-0.83545,-0.55530,-0.01514,67.8015,21.7634,-48.6794,0.38245,-1.12061,-1.27881,0.4656,-8.6336,-9.0840
590341068,-0.80615,-0.87964,-0.14514,55.0458,20.2748,-38.0000,0.38660,-1.11926,-1.24573,-1.0763,-6.3511,-7.5802
590342068,-0.70325,-1.02551,-0.37561,39.4351,15.0687,-29.5954,0.39050,-1.11694,-1.21252,-2.5573,-3.8702,-6.0916
590343068,-0.73438,-1.07507,-1.04810,25.2748,-3.1908,-22.0687,0.39465,-1.11340,-1.17896,-3.9924,-1.2748,-4.5802
590344068,-1.06421,-1.11047,-2.00000,19.7252,-27.8473,-19.6718,0.39807,-1.10974,-1.14331,-5.4046,1.3664,-3.0611
590345068,-1.22437,-1.09314,-2.00000,26.6870,-34.4733,-25.4809,0.40088,-1.10608,-1.10754,-6.8244,4.0840,-1.5725
590346068,-0.99158,-0.84546,-1.47241,23.8550,-19.3130,-31.7099,0.40332,-1.10168,-1.06897,-8.2061,6.9924,-0.1985
590347068,-0.86670,-0.33838,-0.98450,-5.7405,1.2366,-29.3817,0.40552,-1.09729,-1.02869,-9.4962,9.9466,1.1298
590348068,-0.97900,0.05090,-1.33679,-33.6260,22.7634,-23.2290,0.40808,-1.09326,-0.99048,-10.7023,12.8626,2.3969
590349068,-1.04443,0.25220,-1.70996,-29.5954,46.9084,-22.9389,0.40894,-1.08936,-0.95117,-11.8473,15.8397,3.6031
590350068,-1.04529,0.14148,-2.00000,-15.9695,59.2443,-21.4122,0.40845,-1.08667,-0.91113,-12.9160,18.8321,4.7634
590351068,-1.12366,-0.24963,-2.00000,-26.1069,57.4275,-11.9084,0.40820,-1.08484,-0.87207,-13.9160,21.8321,5.8092
590352068,-1.01062,-0.34937,-2.00000,-47.6718,58.7099,-2.3893,0.40833,-1.08264,-0.83191,-14.8855,24.8702,6.6947
590353068,-0.46509,0.09705,-1.85571,-56.6107,67.8321,1.4962,0.40796,-1.08142,-0.79199,-15.8092,27.8550,7.4504
590354068,-0.12378,0.96960,-0.80469,-57.0382,70.8779,3.9084,0.40674,-1.08191,-0.75256,-16.6641,30.7405,8.1450
590355068,-0.32495,1.99994,-1.04346,-58.0992,67.2595,9.6870,0.40454,-1.08337,-0.71301,-17.4275,33.5496,8.7405
590356068,-0.45972,1.99994,-1.33423,-59.5878,76.4580,20.8931,0.40161,-1.08545,-0.67432,-18.0687,36.3130,9.2137
590357067,-0.37634,1.99994,-0.87329,-59.9695,91.1679,35.9695,0.39990,-1.08752,-0.63818,-18.6107,39.0000,9.5878
590358068,-0.29248,1.84985,-0.59094,-43.5496,93.2519,46.0458,0.39954,-1.08813,-0.60364,-19.0458,41.6336,9.8779
590359067,-0.23242,0.61230,-0.61816,3.6107,82.8779,42.1603,0.39539,-1.08899,-0.54041,-19.4885,46.4656,10.1298
590360068,-0.20276,0.24707,-0.55884,47.1221,66.6031,31.8015,0.39355,-1.08923,-0.51086,-19.5038,48.6718,10.0992
590361068,-0.03772,0.85010,-0.26685,49.0916,61.8779,30.6336,0.39209,-1.08875,-0.48145,-19.4122,50.7634,9.9847
590362067,0.05054,1.54602,0.01733,32.3740,60.9771,40.8626,0.38989,-1.08899,-0.45361,-19.2595,52.7023,9.7939
590363068,0.03149,1.66943,0.33643,38.3893,57.0076,52.3817,0.38635,-1.08997,-0.42786,-19.0458,54.4809,9.5267
590364068,0.07263,1.15918,0.67383,60.2366,47.4809,61.5267,0.38342,-1.09082,-0.40369,-18.7481,56.1221,9.1679
590365068,-0.16724,0.37256,0.41138,62.4504,35.9237,71.5191,0.38159,-1.09180,-0.38159,-18.4122,57.5802,8.7099
590366067,-0.53687,-0.66821,0.16956,40.1374,37.1527,84.3435,0.37903,-1.09326,-0.36157,-18.0687,58.8168,8.2137
590367067,-0.67639,-2.00000,0.51294,23.3893,44.1679,92.3893,0.37585,-1.09412,-0.34216,-17.7328,59.8321,7.7023
590368068,-0.64539,-2.00000,0.79773,30.9924,43.4809,85.3130,0.37305,-1.09375,-0.32336,-17.4122,60.6489,7.1527
590369067,-0.52209,-2.00000,0.25061,48.7557,34.0458,65.3588,0.37036,-1.09277,-0.30664,-17.1374,61.2519,6.5725
590370068,-0.38892,-0.22290,-1.15979,48.7405,20.3969,52.4733,0.36731,-1.09204,-0.29150,-16.9237,61.6336,5.9695
590371068,-0.22852,0.58167,-2.00000,22.9389,10.2061,61.1298,0.36426,-1.09045,-0.27661,-16.7939,61.8015,5.3740
590372067,-0.25757,-0.10193,-1.82239,3.5496,1.1908,75.0687,0.36121,-1.08801,-0.26270,-16.7557,61.7634,4.8092
590373068,-0.38684,-0.99072,-1.23560,10.6412,-5.5191,77.2290,0.35730,-1.08618,-0.25134,-16.7939,61.5267,4.2901
590374068,-0.79468,-1.18201,-1.89575,21.5344,-8.0992,73.7634,0.35291,-1.08447,-0.24109,-16.9160,61.1069,3.7710
590375068,-1.81165,-0.77393,-2.00000,12.0305,0.9084,77.4809,0.34827,-1.08276,-0.23047,-17.1221,60.4580,3.2519
590376068,-2.00000,-0.60510,-2.00000,-3.6336,42.0534,89.4733,0.34290,-1.08142,-0.22034,-17.4046,59.5649,2.7634
590377068,-1.98193,-0.68176,-2.00000,-8.6107,90.8397,98.8473,0.33777,-1.08093,-0.20984,-17.7557,58.4351,2.3511
590378068,-1.86865,-0.83301,-2.00000,1.4504,123.2748,100.4427,0.33386,-1.08154,-0.19971,-18.1450,57.0916,1.9771
590379068,-1.55725,-1.12708,-2.00000,24.9313,150.5496,92.5573,0.33057,-1.08228,-0.19104,-18.5725,55.5649,1.6183
590380068,-1.22607,-1.51245,-1.34570,43.6489,168.1756,82.7710,0.32751,-1.08325,-0.18323,-18.9695,53.8550,1.2901
590381068,-0.88074,-1.99976,-0.57373,38.0992,175.0229,77.0000,0.32373,-1.08569,-0.17542,-19.2977,51.9847,0.9924
590382068,-0.51611,-2.00000,0.10352,27.8015,171.8550,69.9847,0.31958,-1.08862,-0.16748,-19.6031,49.9237,0.7634
590383068,-0.37451,-2.00000,0.61145,39.1603,152.8244,59.3664,0.31567,-1.08984,-0.15894,-19.8931,47.6947,0.5878
590384068,-0.29761,-2.00000,0.97009,60.8626,127.4962,49.4656,0.31287,-1.08936,-0.14954,-20.1527,45.3511,0.5038
590385068,-0.14661,-2.00000,1.22717,66.8702,104.0229,42.9008,0.31067,-1.08862,-0.13965,-20.3969,42.8931,0.4885
590386068,-0.01123,-2.00000,1.89587,57.7863,95.8779,37.0000,0.30835,-1.08716,-0.13013,-20.6260,40.3435,0.5573
590387068,0.18640,-2.00000,1.99994,51.4427,97.0000,31.3893,0.30701,-1.08447,-0.12061,-20.8473,37.7252,0.6641
590388068,0.20825,-1.77344,1.99994,57.9237,87.4504,27.0305,0.30750,-1.08081,-0.11035,-21.0763,35.0153,0.8015
590389068,-0.01306,-1.90027,1.99994,79.5420,69.5038,22.7939,0.30957,-1.07568,-0.10022,-21.2824,32.2061,1.0153
590390068,-0.19043,-2.00000,1.80713,95.9008,51.8244,19.2901,0.31213,-1.06958,-0.09045,-21.4427,29.3588,1.2901
590391068,-0.21741,-2.00000,1.72888,77.7786,42.5573,19.7328,0.31531,-1.06384,-0.07959,-21.6031,26.5038,1.6107
590392067,-0.26868,-2.00000,1.45056,42.0229,32.7939,20.7405,0.31982,-1.05859,-0.06726,-21.7634,23.6183,1.9771
590393067,-0.36255,-1.83252,1.20459,31.3435,23.2366,18.5725,0.32483,-1.05237,-0.05615,-21.9084,20.6947,2.4046
590394068,-0.27344,-1.25891,1.28528,37.3206,14.5344,20.4656,0.33093,-1.04443,-0.04626,-22.0305,17.7557,2.9008
590395068,-0.24512,-1.16431,0.93567,16.6794,6.2290,32.3511,0.33789,-1.03381,-0.03491,-22.1908,14.8473,3.4504
590396067,-0.46155,-1.18994,0.16760,-27.3893,4.4809,47.3282,0.34619,-1.02136,-0.02283,-22.4275,11.9466,4.0534
590397068,-0.67432,-1.02356,-0.30664,-51.6718,7.9847,53.1603,0.35461,-1.00916,-0.01233,-22.7710,9.0763,4.7481
590398067,-0.62537,-0.86926,-0.21741,-40.6641,13.7481,48.6412,0.36169,-0.99780,-0.00232,-23.2366,6.2824,5.4885
590399067,-0.56152,-1.00452,-0.23755,-13.3206,15.4046,40.8473,0.36670,-0.98865,0.00720,-23.7634,3.5573,6.2824
590400067,-0.91235,-1.22131,-0.95618,5.1298,13.0992,35.1603,0.36951,-0.98315,0.01343,-24.3588,0.8702,7.0916
590401068,-1.26770,-1.47253,-1.77258,8.8779,20.0076,32.0000,0.37183,-0.98059,0.01575,-24.9695,-1.7634,7.9160
590402068,-1.29138,-1.66968,-1.78357,13.2672,36.6260,26.0534,0.37488,-0.98035,0.01599,-25.5344,-4.3206,8.7099
590403068,-1.16138,-1.60229,-1.23730,26.8702,51.8092,16.8321,0.37720,-0.98083,0.01562,-26.0305,-6.7710,9.4427
590404068,-0.95203,-1.14453,-0.88733,34.6718,61.5725,10.3282,0.37854,-0.97998,0.01428,-26.4580,-9.0992,10.1298
590405068,-0.79248,-0.56128,-0.80176,22.2672,69.7786,12.7099,0.37964,-0.97937,0.01196,-26.7786,-11.3206,10.7634
590406068,-0.71802,-0.51233,-0.69763,-2.8473,77.8321,23.5725,0.38110,-0.97949,0.01160,-26.9924,-13.4198,11.3588
590407068,-0.59680,-1.19543,-0.32996,-23.6336,86.4351,34.9771,0.38269,-0.97839,0.01257,-27.0840,-15.4046,11.9389
590408067,-0.52039,-2.00000,0.09937,-36.6641,89.2137,40.3588,0.38428,-0.97705,0.01221,-27.0458,-17.2595,12.4656
590409067,-0.50916,-2.00000,0.27710,-45.5420,86.7405,39.0763,0.38611,-0.97546,0.01160,-26.9237,-18.9389,12.8855
590410068,-0.43018,-2.00000,0.22119,-47.2137,81.8626,33.2672,0.38806,-0.97266,0.01233,-26.7023,-20.4962,13.2290
590411068,-0.35791,-1.26013,0.24609,-40.9695,75.5878,27.0687,0.39185,-0.96875,0.01501,-26.3969,-21.9618,13.5038
590412067,-0.17285,-0.47192,0.78809,-34.5649,71.3282,26.2290,0.39819,-0.96497,0.01819,-26.0229,-23.2977,13.7176
590413067,0.11487,-0.38708,1.54492,-34.0153,66.5191,32.5191,0.40552,-0.96130,0.02136,-25.6107,-24.4962,13.8779
590414068,0.26575,-0.98486,1.92529,-38.6870,60.5649,39.5344,0.41431,-0.95679,0.02515,-25.2137,-25.5420,14.0153
590415068,0.24500,-1.59241,1.93152,-38.6565,54.6565,38.9466,0.42480,-0.95044,0.02795,-24.8168,-26.4198,14.0916
590416068,0.13745,-1.74207,1.63269,-26.0687,44.2519,30.2290,0.43604,-0.94299,0.03125,-24.4046,-27.1069,14.1069
590417067,0.16003,-1.27283,0.96631,-3.1832,14.2366,14.5649,0.44763,-0.93579,0.03467,-23.9466,-27.6260,14.0763
590418068,0.13879,-0.72754,1.16260,2.4046,0.9924,9.8092,0.46008,-0.92834,0.03687,-23.5115,-27.9847,13.9847
590419068,0.18860,-0.76697,1.51233,5.5038,-7.8168,11.5115,0.47290,-0.92029,0.03943,-23.1221,-28.1603,13.8779
590420068,0.14197,-1.56738,1.63477,-7.9618,-13.3588,20.3817,0.48523,-0.91223,0.04260,-22.8015,-28.1679,13.7710
590421068,-0.01416,-1.95691,1.40869,-35.3969,-13.2290,27.5191,0.49622,-0.90479,0.04614,-22.5649,-27.9924,13.6336
590422068,-0.11853,-1.07715,0.79309,-55.7481,-9.1221,27.4733,0.50525,-0.89856,0.04919,-22.4198,-27.6718,13.4656
590423068,-0.04578,0.24316,0.44922,-63.8397,-3.6412,30.1985,0.51331,-0.89343,0.05090,-22.3511,-27.2748,13.3053
590424067,0.32581,0.80688,1.00818,-71.1527,0.7939,43.6031,0.52051,-0.88843,0.05298,-22.3130,-26.8473,13.1679
590425067,0.55872,0.46899,1.67358,-86.1985,-3.4733,63.3511,0.52698,-0.88452,0.05371,-22.2901,-26.3359,13.0076
590426067,0.32617,-0.55457,1.46228,-104.4351,-17.4427,80.5573,0.53333,-0.88159,0.05249,-22.3588,-25.6794,12.8321
590427067,0.03967,-1.68774,1.14417,-108.6031,-28.4275,84.7939,0.53943,-0.87805,0.05090,-22.5038,-24.8931,12.6489
590428068,0.11914,-1.90186,1.38452,-90.9466,-35.2748,73.7481,0.54553,-0.87476,0.04980,-22.6641,-23.9542,12.4427
590429067,0.32190,-1.03296,1.55688,-72.8168,-45.2672,61.4580,0.55066,-0.87280,0.05005,-22.8092,-22.8702,12.2061
590430067,0.17200,-0.38184,1.12561,-71.1985,-62.7710,62.5038,0.55481,-0.87158,0.05042,-22.9771,-21.6947,11.9542
590431067,-0.17822,-0.88770,0.63965,-74.1298,-74.5191,70.1985,0.55811,-0.87097,0.05017,-23.1679,-20.4198,11.6947
590432067,-0.43579,-1.92786,0.59119,-69.7863,-76.3893,69.8855,0.56018,-0.87012,0.04944,-23.4046,-19.0229,11.4198
590433067,-0.47229,-2.00000,0.54346,-67.2290,-71.8397,60.3511,0.56213,-0.86926,0.04761,-23.6718,-17.5649,11.1145
590434068,-0.44580,-2.00000,0.53137,-72.8931,-64.4122,49.1221,0.56348,-0.86865,0.04602,-23.9771,-16.0763,10.7710
590435068,-0.52808,-2.00000,0.54492,-79.9695,-60.5725,40.9542,0.56421,-0.86780,0.04541,-24.3664,-14.5573,10.4198
590436067,-0.44336,-1.65894,0.44421,-83.2443,-58.2061,37.2519,0.56409,-0.86621,0.04492,-24.8702,-13.0305,10.0763
590437067,-0.53931,-1.44299,-0.14038,-82.6794,-67.9160,37.9084,0.56262,-0.86377,0.04480,-25.4580,-11.5038,9.7252
590438067,-0.81433,-1.60547,-0.80737,-78.3511,-79.8626,37.4275,0.56067,-0.86121,0.04626,-26.1069,-9.9695,9.3511
590439067,-0.58728,-1.58606,-0.42297,-70.5344,-77.3893,31.6718,0.55872,-0.85950,0.04797,-26.8321,-8.4046,8.9542
590440067,-0.41003,-1.27209,-0.00049,-67.9237,-78.7405,27.2366,0.55823,-0.85901,0.04773,-27.6870,-6.8473,8.5573
590441067,-0.68884,-1.02234,-0.52051,-73.9924,-83.5802,29.4351,0.55957,-0.85876,0.04663,-28.6489,-5.3435,8.1450
590442067,-0.83032,-0.94226,-1.04761,-72.5267,-79.0992,31.6336,0.56067,-0.85840,0.04700,-29.6718,-3.8931,7.6947
590443067,-0.79358,-0.88184,-0.92285,-63.3969,-66.7099,30.6412,0.56079,-0.85913,0.04736,-30.7405,-2.4504,7.1908
590444068,-0.74097,-0.91431,-0.78308,-66.3893,-54.4885,32.0763,0.55884,-0.86035,0.04724,-31.8321,-1.0153,6.6794
590445068,-0.80371,-0.98792,-1.17651,-77.1298,-48.6565,35.0076,0.55542,-0.86243,0.04773,-32.9847,0.3893,6.1756
590446068,-1.01501,-1.06946,-1.58948,-75.8168,-47.4656,35.0611,0.55151,-0.86426,0.04834,-34.1985,1.7328,5.6870
590447068,-0.99146,-1.23511,-1.48633,-66.2519,-43.7405,31.9771,0.54626,-0.86584,0.04858,-35.4580,3.0153,5.1756
590448068,-0.86487,-1.42737,-1.26074,-63.8550,-41.2061,29.4809,0.53979,-0.86853,0.04797,-36.7328,4.2137,4.6641
590449068,-0.94458,-1.53259,-1.33203,-67.9618,-40.6107,28.2901,0.53418,-0.87158,0.04541,-37.9924,5.3282,4.1298
590450068,-0.93689,-1.44507,-1.25488,-68.4580,-34.8168,25.5344,0.53015,-0.87476,0.04114,-39.2366,6.4046,3.5649
590451068,-0.84888,-1.33948,-1.11206,-64.5954,-27.6565,21.7786,0.52625,-0.87817,0.03528,-40.4656,7.4275,2.9924
590452068,-0.91724,-1.36316,-1.22058,-61.5267,-20.3282,18.4122,0.52124,-0.88171,0.02942,-41.6641,8.3969,2.4122
590453068,-0.95312,-1.40295,-1.23840,-58.2290,-11.1832,14.0305,0.51624,-0.88416,0.02539,-42.8244,9.3053,1.8168
590454068,-0.87292,-1.36890,-1.07568,-53.6947,-3.4962,8.7557,0.51331,-0.88611,0.02246,-43.9313,10.0992,1.2519
590455068,-0.86475,-1.26562,-1.07520,-51.2672,-0.8931,4.3740,0.51123,-0.88965,0.01917,-44.9771,10.8092,0.7099
590456068,-0.90710,-1.12769,-1.17273,-47.3206,-0.4885,0.6718,0.50952,-0.89404,0.01428,-45.9313,11.4122,0.1985
590457068,-0.88953,-0.98584,-1.07715,-39.9924,-0.0687,-2.2137,0.50977,-0.89807,0.00891,-46.8321,11.9466,-0.2672
590458068,-0.93298,-0.72473,-1.36353,-39.4809,-4.4504,-1.9008,0.51172,-0.90540,0.00195,-48.4046,12.8855,-1.1679
590459067,-1.20374,-0.33594,-2.00000,-48.3817,-12.7634,3.1298,0.51135,-0.90906,-0.00146,-49.0840,13.2824,-1.6336
590460067,-1.42273,-0.28662,-2.00000,-53.1603,-8.0611,10.0992,0.51160,-0.91162,-0.00513,-49.6641,13.6183,-2.0840
590461067,-1.22156,-0.74219,-1.59875,-51.1756,11.9084,15.7405,0.51257,-0.91418,-0.00928,-50.1603,13.9084,-2.5267
590462067,-1.04187,-1.07104,-1.10718,-56.8092,29.6870,19.3740,0.51428,-0.91699,-0.01196,-50.5954,14.1374,-2.9542
590463067,-1.31433,-0.96448,-1.90186,-66.0992,42.1603,20.8397,0.51685,-0.91968,-0.01379,-50.9771,14.3359,-3.3969
590464067,-1.55164,-0.86938,-2.00000,-62.6031,62.1603,18.8092,0.51953,-0.92273,-0.01538,-51.2824,14.4809,-3.8702
590465067,-1.28918,-1.10583,-1.73547,-52.0763,86.3893,14.4275,0.52246,-0.92480,-0.01636,-51.5038,14.6107,-4.3511
590466067,-0.97400,-1.31433,-1.10535,-48.3588,97.6336,8.9618,0.52600,-0.92590,-0.01562,-51.6947,14.6870,-4.8321
590467067,-0.89709,-1.21277,-0.87207,-45.5191,97.3206,2.3130,0.52991,-0.92712,-0.01270,-51.8550,14.7405,-5.3130
590468067,-0.70911,-1.09546,-0.48254,-37.5878,95.4885,-3.7176,0.53516,-0.92737,-0.00989,-51.9771,14.7939,-5.8092
590469067,-0.44507,-1.11243,-0.01184,-33.9008,93.3282,-7.0687,0.54041,-0.92615,-0.00708,-52.0687,14.7863,-6.2977
590470067,-0.36975,-1.04919,0.22510,-36.0992,88.3588,-8.6336,0.54431,-0.92456,-0.00378,-52.0916,14.7023,-6.7710
590471067,-0.38208,-0.91602,0.28711,-34.9389,81.6183,-9.0763,0.54773,-0.92175,0.00061,-52.0992,14.5954,-7.2443
590472067,-0.37805,-1.06970,0.13538,-31.1145,72.4809,-7.2443,0.55005,-0.91821,0.00586,-52.1221,14.4809,-7.7023
590473067,-0.53674,-1.38428,-0.33630,-28.0992,61.4733,-6.8015,0.55200,-0.91504,0.00977,-52.1756,14.3282,-8.1527
590474065,-0.76208,-1.26062,-0.62524,-21.3817,56.8015,-12.6412,0.55408,-0.91150,0.01416,-52.1985,14.1298,-8.6031
590475065,-0.74438,-0.68274,-0.38647,-12.8550,62.2519,-20.2519,0.55554,-0.90698,0.02100,-52.1756,13.9008,-9.0305
590476069,-0.74219,-0.29529,-0.34204,-13.3435,67.3053,-20.6412,0.55713,-0.90320,0.02808,-52.1450,13.6641,-9.4351
590477068,-0.91333,-0.43909,-0.74341,-20.1985,72.9618,-15.6031,0.55811,-0.89990,0.03564,-52.1374,13.4427,-9.8473
590478067,-0.95081,-0.69031,-0.86890,-21.8397,85.4885,-14.1450,0.55835,-0.89600,0.04333,-52.1298,13.2366,-10.2214
590479067,-0.83752,-0.71338,-0.63989,-21.8779,99.6565,-15.8321,0.55945,-0.89148,0.05042,-52.1221,13.0382,-10.5802
590480067,-0.73364,-0.58447,-0.48010,-26.6336,108.8855,-15.1603,0.56116,-0.88586,0.05762,-52.1298,12.8702,-10.8931
590481067,-0.65234,-0.42017,-0.42371,-29.6412,112.0305,-11.8321,0.56140,-0.88049,0.06494,-52.1985,12.7328,-11.1908
590482067,-0.50562,-0.38733,-0.26257,-27.2748,111.3664,-8.0534,0.56030,-0.87415,0.07104,-52.3588,12.5802,-11.4427
590483067,-0.37659,-0.50098,-0.03552,-24.8321,107.7099,-5.5802,0.55847,-0.86658,0.07739,-52.6107,12.4122,-11.6641
590484064,-0.44348,-0.57031,0.12158,-21.9618,101.7710,-5.8321,0.55664,-0.85938,0.08472,-52.9924,12.2672,-11.8397
590485069,-0.61670,-0.60425,0.01624,-15.5267,94.4656,-7.4198,0.55554,-0.85229,0.09204,-53.5038,12.1374,-11.9466
590486068,-0.78894,-0.96069,-0.47668,-9.2595,86.0992,-7.5573,0.55481,-0.84509,0.09998,-54.1603,12.0534,-11.9924
590487068,-0.98218,-1.41211,-0.71387,-4.2290,85.1069,-11.0382,0.55334,-0.83826,0.10815,-54.9924,12.0305,-11.9466
590488067,-0.96155,-1.42188,-0.30444,1.7939,97.4198,-20.0687,0.55273,-0.83203,0.11523,-55.9924,12.0763,-11.7786
590489067,-0.83130,-1.21411,-0.01575,-4.7786,112.9695,-24.6031,0.55347,-0.82678,0.12073,-57.1603,12.1832,-11.4733
590490067,-0.99817,-1.15283,-0.22961,-32.2824,125.4580,-18.9313,0.55530,-0.82324,0.12549,-58.4809,12.3359,-11.0763
590491067,-1.04004,-1.07288,-0.43591,-55.6794,140.6260,-13.2366,0.55811,-0.82056,0.13049,-59.9160,12.5878,-10.5496
590492068,-0.77942,-0.83521,-0.04688,-53.9542,157.4427,-15.0153,0.56128,-0.81787,0.13672,-61.4809,12.9237,-9.8779
590493068,-0.55212,-0.60767,0.76489,-47.1756,165.3130,-17.2137,0.56299,-0.81482,0.14319,-63.1679,13.3435,-9.0458
590494068,-0.12756,-0.30908,1.68030,-54.1069,170.8702,-13.9084,0.56323,-0.81213,0.14917,-65.0000,13.8626,-8.0763
590495068,0.32117,0.10437,1.99994,-66.7863,171.2137,-7.2443,0.56299,-0.81104,0.15442,-66.9924,14.5038,-6.9389
590496067,0.62988,0.34875,1.99994,-69.7099,164.3282,-1.7634,0.56360,-0.81201,0.15918,-69.1908,15.2977,-5.6107
590497067,1.13330,0.26611,1.99994,-54.1527,152.9542,-0.8626,0.56421,-0.81445,0.16309,-71.5878,16.2290,-4.1145
590498067,1.38098,0.14624,1.99994,-27.9466,122.1756,-3.2595,0.56384,-0.81812,0.16553,-74.1908,17.2748,-2.4122
590499067,1.26453,0.17334,1.99994,-11.7786,80.4885,-3.9695,0.56189,-0.82349,0.16663,-76.9847,18.3740,-0.4962
590500065,1.13245,0.13989,1.99994,-7.4122,40.3588,-1.4885,0.55786,-0.82886,0.16602,-79.9618,19.5420,1.5954
590501065,0.86877,-0.01453,1.99994,-1.8092,7.4122,0.9542,0.55396,-0.83423,0.16504,-83.1145,20.7863,3.8931
590502069,0.61682,-0.18896,1.99994,7.1985,-16.5191,2.7176,0.54858,-0.84009,0.16479,-86.4427,22.0382,6.4275
590503068,0.20325,-0.28210,1.41162,10.4351,-33.4122,5.2519,0.53833,-0.84619,0.16541,-89.9237,23.2977,9.1908
590504068,-0.42102,-0.36780,0.31250,5.2748,-35.7328,9.1374,0.52173,-0.85278,0.16699,-93.5420,24.4885,12.1756
590505068,-0.70459,-0.43994,-0.19568,-2.7557,-15.6870,11.6794,0.49890,-0.85864,0.16687,-97.2824,25.5649,15.3359
590506068,-0.73071,-0.48486,-0.03430,-7.0000,11.0763,12.3588,0.46655,-0.85913,0.17175,-101.1298,26.5420,18.7023
590507068,-0.77954,-0.55396,-0.04382,-5.0000,31.5954,11.7176,0.41492,-0.84753,0.19006,-105.1985,26.7176,22.1603
590508067,-0.79761,-0.63611,-0.40137,1.2977,45.5115,10.2137,0.37634,-0.79822,0.16528,-109.6336,24.9542,25.4656
590509067,-0.77966,-0.92773,-0.69299,6.8244,53.0763,9.0000,0.35767,-0.76721,0.11926,-114.7023,23.7557,30.4427
590510067,-0.58997,-1.36572,-0.42529,6.8015,59.1450,7.8321,0.33362,-0.76428,0.11072,-120.3588,24.0916,35.5725
590511068,-0.33582,-1.49927,0.17798,-2.9160,58.7863,7.6183,0.31995,-0.75037,0.10144,-126.3206,24.3359,39.8244
590512068,-0.18799,-1.20398,0.48315,-16.6489,53.0000,9.3130,0.31934,-0.75012,0.08118,-132.4351,24.2748,43.7252
590513068,-0.19226,-0.85828,0.39954,-23.7786,44.3740,12.5496,0.31909,-0.75000,0.07593,-138.5649,24.4733,47.1069
590514068,-0.29468,-0.81580,0.24707,-25.7939,37.6641,17.1374,0.32263,-0.75220,0.07471,-144.6489,24.5038,50.1069
590515068,-0.27905,-0.98254,0.36963,-32.4733,37.2290,21.9313,0.33142,-0.75977,0.05859,-150.6031,24.4733,52.9618
590516068,-0.27307,-1.09155,0.52039,-43.9084,38.3359,24.6641,0.33948,-0.77026,0.05225,-156.3893,24.8321,55.7328
590517068,-0.32092,-1.02258,0.54077,-47.7863,40.5038,22.5878,0.34668,-0.78442,0.04932,-161.9389,25.1908,58.1450
590518068,-0.27161,-0.84998,0.67786,-34.6412,44.1221,15.4427,0.35181,-0.79956,0.04053,-167.1908,25.6489,60.4885
590519068,-0.20557,-0.78345,0.78125,-14.2977,44.4809,7.9466,0.35815,-0.81079,0.03479,-172.1832,26.2061,62.7481
590520068,-0.15710,-0.86792,0.66309,-4.0534,42.6794,4.3435,0.36902,-0.82300,0.02039,-177.0153,26.8473,64.9924
590521067,-0.13721,-0.92505,0.43945,-5.8855,38.5038,3.9771,0.38074,-0.84326,0.01013,-181.6107,27.7939,67.1679
590522068,-0.13025,-0.83911,0.42163,-12.4198,34.7176,5.5954,0.39539,-0.86072,0.00708,-185.8092,28.7176,68.9695
590523068,-0.04712,-0.72668,0.61035,-20.5725,30.6489,10.2366,0.41321,-0.87720,-0.00513,-189.5420,29.5802,70.5573
590524068,-0.07349,-0.68140,0.55408,-30.1527,23.1298,17.7481,0.42896,-0.89832,-0.01257,-192.8626,30.6870,72.0076
590525067,-0.16895,-0.72913,0.28809,-40.9771,18.9542,25.7710,0.44299,-0.91321,-0.01489,-195.8321,31.7634,72.9847
590526067,-0.19641,-0.25818,0.16870,-54.4275,19.2824,28.9237,0.45764,-0.92480,-0.02600,-198.4656,32.7252,73.7557
590527067,-0.60010,0.69128,-1.43091,-69.2290,6.1603,33.1069,0.46716,-0.93469,-0.02942,-200.8244,33.9466,74.4656
590528068,-2.00000,0.11023,-2.00000,-88.2595,-50.6336,52.2061,0.47339,-0.93494,-0.02893,-202.9542,34.9160,75.0687
590529068,-2.00000,-1.24219,-2.00000,-136.9313,-60.3435,72.3511,0.48279,-0.93811,-0.03467,-204.9160,35.4427,75.7557
590530068,-2.00000,-1.33960,-2.00000,-221.4962,48.8397,92.0992,0.49487,-0.94031,-0.04333,-206.7252,35.7557,76.2061
590531067,-1.82983,-0.04675,-0.10938,-250.1374,182.0763,120.3511,0.50952,-0.94080,-0.05103,-208.3969,36.2443,76.4427
590532067,-2.00000,1.10315,-1.17395,-250.1374,243.0840,158.1069,0.52490,-0.94080,-0.05505,-209.9313,36.8168,76.1527
590533068,-2.00000,1.59460,-2.00000,-250.1374,250.1298,185.7557,0.53833,-0.93604,-0.05872,-211.3435,37.2977,75.5496
590534068,-2.00000,1.99994,-2.00000,-250.1374,250.1298,207.3130,0.55176,-0.93152,-0.06335,-212.6336,37.4809,74.7710
590535068,0.08887,1.99994,0.81982,-250.1374,250.1298,232.1603,0.56641,-0.92859,-0.07275,-213.7634,37.4275,73.9389
590536067,0.66296,1.88159,1.60559,-250.1374,250.1298,247.5267,0.57959,-0.92676,-0.08459,-214.7252,37.2977,73.0000
590537067,1.35413,-0.17993,1.99994,-250.1374,250.1298,225.2672,0.59351,-0.92419,-0.09863,-215.4962,37.2290,71.8321
590538067,1.99994,-1.01111,1.99994,-178.5878,250.1298,176.1298,0.60632,-0.92737,-0.10986,-216.0611,37.4427,70.4122
590539067,1.99994,-1.32190,1.99994,-104.5267,224.9237,139.9618,0.61694,-0.93127,-0.11682,-216.4122,37.6336,68.5878
590540067,1.99994,-1.30835,1.99994,-68.3435,115.1298,111.2901,0.62793,-0.93420,-0.12378,-216.5038,37.5954,66.5191
590541065,1.99994,-0.29138,1.99994,8.5878,25.2214,74.6718,0.63745,-0.93896,-0.13208,-216.2824,37.4122,64.3664
590542069,1.18945,-0.44519,1.42468,85.7252,-59.7634,51.5038,0.64563,-0.94250,-0.13928,-215.8244,37.1756,62.2977
590543068,-0.30701,-2.00000,-0.34082,50.3359,-88.1145,60.9618,0.65283,-0.94714,-0.14563,-215.1603,36.9695,60.2748
590544067,-1.28650,-2.00000,0.28418,-89.8779,-34.7634,90.9847,0.65979,-0.95154,-0.15588,-214.2137,36.7023,58.1145
590545067,-1.65686,-2.00000,0.19336,-207.7176,52.2977,121.7557,0.66882,-0.95544,-0.17053,-212.9389,36.4427,56.0611
590546068,-2.00000,-2.00000,-1.01318,-229.8779,122.4962,135.0153,0.67639,-0.96411,-0.18127,-211.3053,36.5496,54.2137
590547068,-2.00000,1.59058,-2.00000,-244.5191,225.2137,176.9924,0.68054,-0.97583,-0.18420,-209.2519,36.8702,52.1527
590548068,-2.00000,1.59705,-2.00000,-250.1374,250.1298,234.6107,0.68481,-0.98157,-0.18835,-206.7863,36.9084,49.8855
590549068,-2.00000,-0.38708,-2.00000,-250.1374,250.1298,250.1298,0.68774,-0.98389,-0.19641,-203.9695,36.7252,47.6870
590550068,-0.55249,-2.00000,0.78503,-250.1374,250.1298,250.1298,0.68652,-0.98828,-0.20203,-200.8702,36.6107,45.6641
590551068,-0.05945,-1.39246,1.76440,-250.1374,250.1298,200.4885,0.68298,-0.98987,-0.20947,-197.5344,36.4504,43.6565
590552067,-0.07837,0.94312,0.59424,-235.6412,229.5954,168.8321,0.67896,-0.98901,-0.21802,-194.0229,36.3588,41.7099
590553068,-0.04944,1.35071,1.32275,-229.2519,225.2824,172.5420,0.67322,-0.98950,-0.22498,-190.3053,36.3359,39.8244
590554068,0.53601,-0.86853,1.99994,-185.0534,247.0229,170.2137,0.66565,-0.98889,-0.23035,-186.4046,36.3511,37.9618
590555067,1.60986,-2.00000,1.99994,-96.6641,250.1298,139.0305,0.65735,-0.98694,-0.23438,-182.3969,36.3511,36.0687
590556067,0.98157,-2.00000,1.99994,-43.7786,227.0687,104.9695,0.64795,-0.98438,-0.23828,-178.3282,36.3817,34.1450
590557068,0.60791,-2.00000,1.99994,-31.5038,202.9160,86.6947,0.63782,-0.98010,-0.23718,-174.2443,36.4504,32.2214
590558067,1.00757,-1.69604,1.99994,-36.8931,190.4122,79.7481,0.62854,-0.97534,-0.23669,-170.1374,36.4046,30.3206
590559067,1.01758,-1.58203,1.99994,-39.6641,134.3969,86.5267,0.60901,-0.96545,-0.23779,-161.7939,36.2824,26.6565
590560067,1.03833,-2.00000,1.99994,-38.4962,61.0458,94.3969,0.59814,-0.95752,-0.23462,-157.6183,36.0840,24.7557
590561068,0.24707,-2.00000,1.99994,-64.7710,-8.9313,105.1069,0.58801,-0.94812,-0.23608,-153.4656,35.6412,22.8931
590562067,-0.41565,-2.00000,1.38098,-125.6870,-34.3435,124.3130,0.57825,-0.93994,-0.23743,-149.3664,35.1756,21.0992
590563068,-0.82617,-2.00000,1.04272,-174.3053,-16.0534,138.2366,0.56726,-0.93408,-0.23743,-145.3130,34.7939,19.3435
590564068,-1.49060,-2.00000,0.31995,-190.9847,7.5420,142.1679,0.55469,-0.92725,-0.23462,-141.2977,34.3817,17.5649
590565067,-1.76721,-1.63916,-0.54797,-200.8779,45.5191,141.0076,0.54370,-0.91833,-0.23254,-137.3664,33.7939,15.8397
590566068,-2.00000,-1.18530,-1.31458,-217.1527,88.2901,139.3130,0.53357,-0.91040,-0.22998,-133.5573,33.1679,14.1450
590567067,-2.00000,-1.40771,-1.84399,-229.2672,135.9389,133.9466,0.52295,-0.90308,-0.22766,-129.8626,32.5649,12.4656
590568067,-1.56787,-1.44055,-1.03394,-215.4656,179.6718,117.2901,0.51245,-0.89685,-0.22485,-126.2824,32.0305,10.7786
590569067,-0.97229,-0.82031,-0.00757,-161.9389,188.4656,91.8779,0.50378,-0.89050,-0.22156,-122.7634,31.4504,9.0458
590570067,-0.60010,-0.29150,0.53442,-93.5878,176.4351,70.2519,0.49695,-0.88342,-0.22095,-119.2595,30.8473,7.3435
590571067,-0.18457,-0.58997,0.97437,-47.9771,159.8779,62.3740,0.48926,-0.87585,-0.21802,-115.8168,30.3206,5.7099
590572067,0.05969,-1.56738,1.41150,-31.6260,138.4351,64.6183,0.48242,-0.86963,-0.21350,-112.5038,29.6412,4.0763
590573067,0.17163,-2.00000,1.85559,-20.4962,113.1527,67.6947,0.47827,-0.86719,-0.21179,-109.2519,28.7328,2.4885
590574068,0.11499,-2.00000,1.83606,3.3435,79.9924,59.9542,0.47375,-0.86523,-0.20752,-105.9924,27.8550,0.9160
590575068,-0.17139,-2.00000,0.85535,26.8779,47.3740,41.5954,0.46875,-0.86292,-0.20239,-102.7328,26.9847,-0.7099
590576068,-0.54919,-2.00000,-0.10510,4.2214,37.3435,27.0153,0.46533,-0.86426,-0.20215,-99.4962,26.0992,-2.2519
590577068,-0.87903,-2.00000,-0.49377,-75.7710,47.3817,26.2672,0.46228,-0.86572,-0.20227,-96.2214,25.3817,-3.7252
590578068,-1.04456,-1.85864,-0.74988,-139.2443,69.3817,28.1679,0.45850,-0.86475,-0.19836,-92.8855,24.8779,-5.1603
590579068,-1.47339,-1.06665,-0.80847,-132.3206,84.7634,19.8321,0.45459,-0.86157,-0.19080,-89.6107,24.2901,-6.6260
590580067,-1.77075,-1.37354,-0.94189,-102.8931,95.7634,13.9847,0.45239,-0.85852,-0.18652,-86.4656,23.3664,-8.0763
590581068,-1.71655,-2.00000,-1.54700,-119.6718,111.9924,22.3740,0.45142,-0.85925,-0.18396,-83.3817,22.2672,-9.5115
590582067,-1.90442,-2.00000,-2.00000,-167.9847,128.3511,32.1145,0.44934,-0.86255,-0.17871,-80.2748,21.0840,-10.9771
590583068,-1.47339,-1.02295,-1.96130,-172.4580,157.9542,26.5649,0.44861,-0.86487,-0.17676,-77.0916,19.8397,-12.4198
590584068,-0.48096,0.69324,-0.22339,-112.5267,172.0153,13.9160,0.45227,-0.86792,-0.17834,-73.8397,18.7939,-13.7099
590585068,-0.17065,1.24414,0.21094,-45.4656,152.2901,13.0305,0.45593,-0.87268,-0.17773,-70.5115,18.0229,-14.8855
590586068,-0.33215,0.55042,-0.40063,-2.4656,131.2595,17.5267,0.45825,-0.87769,-0.17419,-67.0458,17.3588,-16.0611
590587067,-0.49902,-0.57275,-0.75854,27.3588,127.7481,12.4885,0.46118,-0.88367,-0.17029,-63.4275,16.5954,-17.2748
590588068,-0.42798,-1.50562,-0.42725,44.0000,137.8397,-2.5954,0.46423,-0.88916,-0.16907,-59.6336,15.6794,-18.4504
590589068,-0.21643,-1.37341,0.51355,58.9466,150.3588,-25.4275,0.46777,-0.89551,-0.17004,-55.7176,14.8397,-19.4885
590590068,-0.13245,-0.44287,1.10901,87.8168,152.1298,-45.1756,0.46997,-0.90588,-0.16907,-51.7405,14.2672,-20.4580
590591068,0.01331,0.17969,1.35632,103.8855,156.1145,-49.5878,0.47095,-0.91638,-0.16675,-47.6336,13.8092,-21.4885
590592068,0.31006,0.17078,1.99994,84.7863,166.8550,-37.3206,0.47412,-0.92529,-0.16699,-43.3206,13.2214,-22.5344
590593068,0.46716,-0.44006,1.99994,52.6260,162.7786,-15.7557,0.47827,-0.93518,-0.16919,-38.8168,12.6412,-23.4962
590594068,0.36768,-1.86584,1.99994,35.4962,138.9084,6.6947,0.48108,-0.94385,-0.16992,-34.1221,12.1908,-24.4275
590595067,0.33142,-2.00000,1.99994,37.8397,100.5725,18.6870,0.48376,-0.95288,-0.16956,-29.2137,11.7710,-25.2748
590596068,0.54688,-2.00000,1.99994,31.6794,63.7176,16.7176,0.48755,-0.96497,-0.17200,-24.0611,11.2977,-26.0534
590597067,0.54651,-2.00000,1.85022,-9.2290,35.8855,13.6412,0.49133,-0.97693,-0.17590,-18.6565,10.8931,-26.8550
590598067,0.15942,-0.91479,1.44653,-50.1298,17.1221,18.4122,0.49316,-0.98657,-0.17786,-13.0000,10.5725,-27.7099
590599067,-0.10999,-0.93701,1.40027,-44.0305,13.0382,19.8244,0.49451,-0.99438,-0.17920,-7.1450,10.2061,-28.5878
590600068,-0.20740,-2.00000,1.37231,-5.1603,14.1985,6.0916,0.49646,-1.00012,-0.18140,-1.1069,9.7405,-29.4427
590601068,-0.58972,-2.00000,0.60291,22.2061,17.9313,-21.2443,0.49805,-1.00415,-0.18396,5.0534,9.2443,-30.2366
590602067,-0.98816,-2.00000,-0.35559,21.6031,36.7786,-49.7252,0.49854,-1.00806,-0.18579,11.2748,8.8626,-31.0076
590603068,-0.91309,-0.98547,-0.29651,19.3969,65.0611,-70.4504,0.49976,-1.01038,-0.18823,17.4885,8.5420,-31.8092
590604067,-0.75073,-0.17041,0.71484,48.0076,78.2443,-76.1221,0.50232,-1.01099,-0.19385,23.6336,8.2290,-32.6183
590605068,-0.67065,-1.46899,1.47180,89.7786,70.0153,-64.9924,0.50403,-1.01172,-0.19910,29.6870,8.0229,-33.4580
590606067,-0.39697,-2.00000,1.40320,105.1832,55.6718,-53.9389,0.50415,-1.01184,-0.19958,35.6336,7.8626,-34.3588
590607067,-0.06580,-2.00000,0.95166,94.8092,46.2672,-58.4427,0.50403,-1.01221,-0.19727,41.4733,7.5344,-35.3053
590608067,0.25000,-0.51331,1.03210,76.0000,38.5573,-64.1985,0.50488,-1.01196,-0.19763,47.2214,6.9160,-36.2672
590609067,0.70105,1.27222,1.96436,53.3740,21.4733,-50.3053,0.50793,-1.00964,-0.20203,52.9084,6.1450,-37.1832
590610067,0.80957,0.66882,1.99994,40.5954,-13.4580,-25.5725,0.51270,-1.00720,-0.20740,58.4809,5.5267,-38.0458
590611067,0.33728,-1.34656,1.99994,46.7328,-52.6489,-13.7023,0.51685,-1.00537,-0.21008,63.9008,5.2366,-38.9084
590612067,-0.08374,-2.00000,1.29321,53.0992,-70.1221,-22.3282,0.51978,-1.00195,-0.20984,69.1527,5.0611,-39.7786
590613067,-0.22205,-2.00000,0.91101,47.1679,-65.7405,-42.6794,0.52222,-0.99756,-0.20837,74.2595,4.7786,-40.6107
590614068,-0.31238,-1.82593,0.52197,47.0229,-54.8855,-62.3359,0.52344,-0.99329,-0.20618,79.1679,4.3511,-41.4122
590615067,-0.37134,-0.43835,0.11865,64.8015,-50.2214,-69.4656,0.52515,-0.98950,-0.20361,83.7863,3.8473,-42.1679
590616068,-0.33228,-0.50647,-0.07373,80.4198,-49.5267,-61.7252,0.52588,-0.98584,-0.20044,88.0382,3.2366,-42.9008
590617067,-0.26245,-1.51086,-0.15588,72.8168,-45.4427,-50.1908,0.52588,-0.98120,-0.19763,91.9924,2.4809,-43.6107
590618067,-0.27295,-1.90466,-0.18555,49.3664,-39.0763,-45.0229,0.52808,-0.97498,-0.19495,95.6565,1.6489,-44.2672
590619068,-0.31873,-1.31860,0.03882,28.5802,-34.9771,-44.4275,0.53162,-0.96802,-0.19214,99.0076,0.8168,-44.8931
590620068,-0.41199,-0.48376,0.16309,16.4885,-40.0382,-41.2672,0.53528,-0.96118,-0.18835,102.0763,0.0305,-45.4351
590621068,-0.41333,-0.30701,-0.00696,8.6641,-48.0611,-32.0153,0.53906,-0.95361,-0.18372,104.8244,-0.7710,-45.8931
590622068,-0.43689,-1.57312,0.19519,2.4656,-50.8244,-20.0000,0.54285,-0.94556,-0.18042,107.2519,-1.6336,-46.2519
590623068,-0.80127,-2.00000,1.45935,-1.6718,-45.9237,-19.9542,0.54797,-0.93799,-0.17822,109.3511,-2.4885,-46.5191
590624068,0.02112,-2.00000,1.99994,6.6718,-16.8397,-45.0763,0.55298,-0.93140,-0.17383,111.1527,-3.2824,-46.7176
590625067,1.76733,-2.00000,1.99994,27.3511,6.2824,-81.3206,0.55518,-0.92529,-0.16577,112.6260,-4.0687,-46.8550
590626067,1.81421,0.22827,1.99994,42.2443,-31.8244,-98.8015,0.55530,-0.91907,-0.15649,113.8244,-4.8855,-46.9389
590627067,1.41064,0.73621,1.11755,56.7863,-94.4809,-92.5344,0.55640,-0.91260,-0.14819,114.7023,-5.7557,-46.9389
590628068,1.70874,-1.04724,1.79919,73.9924,-150.1145,-83.9237,0.55920,-0.90637,-0.14038,115.1908,-6.6565,-46.8550
590629068,1.65027,-2.00000,1.99994,67.9924,-211.2366,-80.4885,0.56213,-0.89990,-0.13257,115.2748,-7.4885,-46.6718
590630068,0.89478,-2.00000,1.99994,38.1756,-250.1374,-75.0305,0.56433,-0.89343,-0.12463,115.0382,-8.1527,-46.4046
590631068,0.14990,-2.00000,1.40515,36.9618,-250.1374,-71.9847,0.56812,-0.88647,-0.11511,114.4733,-8.7405,-46.0611
590632068,-0.16956,-2.00000,0.25085,77.8092,-250.1374,-85.4962,0.57373,-0.87720,-0.10498,113.5496,-9.3282,-45.6336
590633068,-0.97058,0.29431,-2.00000,107.9389,-250.1374,-102.4275,0.57898,-0.86609,-0.09619,112.3053,-9.9160,-45.0916
590634068,-2.00000,1.82495,-2.00000,117.8931,-250.1374,-101.6565,0.58301,-0.85474,-0.08765,110.7481,-10.4046,-44.4580
590635068,-2.00000,0.37610,-2.00000,146.2061,-250.1374,-102.2901,0.58765,-0.84338,-0.07874,108.8931,-10.8092,-43.7405
590636068,-2.00000,-1.89197,-2.00000,192.6565,-243.6107,-125.0000,0.59387,-0.83289,-0.06970,106.8168,-11.2366,-42.9466
590637068,-1.77832,-2.00000,-1.30212,218.1832,-188.9924,-159.6870,0.60083,-0.82324,-0.06030,104.4351,-11.6718,-42.0840
590638068,-1.84583,-1.31079,-1.71228,224.0611,-153.2366,-178.8702,0.60693,-0.81409,-0.05115,101.8015,-12.0382,-41.1221
590639067,-2.00000,-0.81763,-2.00000,232.5573,-125.8015,-181.6718,0.61035,-0.80591,-0.04346,98.9389,-12.2366,-40.0611
590640067,-2.00000,-0.74036,-2.00000,250.1298,-84.9008,-180.3740,0.61206,-0.79749,-0.03674,95.7939,-12.2977,-38.9084
590641067,-1.74756,-1.19861,-2.00000,250.1298,-71.2214,-172.8092,0.61292,-0.78979,-0.03040,92.3893,-12.3053,-37.7252
590642068,-1.26831,-1.94885,-2.00000,220.4733,-78.0763,-153.6870,0.61365,-0.78320,-0.02454,88.7710,-12.2901,-36.4885
590643068,-0.50330,-1.59265,-1.70471,152.5649,-84.2977,-138.8550,0.61597,-0.77795,-0.02026,85.0076,-12.2290,-35.1908
590644068,-0.12097,0.07507,-0.48071,120.9924,-101.1298,-131.5191,0.62000,-0.77393,-0.01746,81.1069,-12.1069,-33.8321
590645068,-0.13794,0.73682,-0.45862,114.6794,-120.9542,-117.1221,0.62390,-0.77075,-0.01392,77.0992,-11.9084,-32.4427
590646068,-0.33020,-0.08521,-0.63867,103.5954,-125.5725,-100.4275,0.62683,-0.76843,-0.01123,73.0382,-11.7176,-30.9695
590647067,-0.36987,-0.91663,-0.57495,87.2672,-108.3969,-93.9695,0.62878,-0.76709,-0.00903,68.9542,-11.5954,-29.4275
590648067,-0.42236,-0.88867,-0.70642,70.2977,-88.6794,-96.7634,0.63135,-0.76746,-0.00684,64.8473,-11.4885,-27.8244
590649067,-0.51965,-0.33887,-0.70837,66.3511,-74.6718,-104.1527,0.63452,-0.76831,-0.00500,60.7710,-11.3359,-26.1832
590650067,-0.37488,-0.26233,-0.08386,91.9542,-68.8626,-110.7252,0.63782,-0.76819,-0.00391,56.7405,-11.1298,-24.5038
590651067,-0.00427,-1.05811,0.86267,122.6641,-73.9466,-111.0916,0.64038,-0.76892,-0.00342,52.7557,-10.8931,-22.7710
590652068,0.38013,-1.71509,1.09778,123.2443,-93.3740,-109.7252,0.64160,-0.77100,-0.00330,48.8473,-10.6260,-21.0229
590653067,0.37952,-1.03162,0.42236,106.4198,-119.2366,-113.1527,0.64148,-0.77332,-0.00354,45.0229,-10.2977,-19.2519
590654067,0.22876,0.47351,0.04590,98.9771,-141.3664,-116.6336,0.64172,-0.77588,-0.00537,41.3053,-9.9237,-17.5191
590655067,0.38745,1.12244,0.43579,96.3053,-158.5420,-109.5344,0.64282,-0.77844,-0.00879,37.7252,-9.4885,-15.8092
590656067,0.29114,0.34509,0.47754,84.9008,-178.8626,-94.4962,0.64343,-0.78101,-0.01147,34.3206,-8.9542,-14.1221
590657067,-0.30347,-0.63452,-0.38330,74.1221,-193.4962,-86.4046,0.64368,-0.78333,-0.01233,31.0916,-8.3359,-12.4809
590658068,-0.72522,-0.90564,-1.01245,77.5191,-187.1679,-90.6565,0.64441,-0.78528,-0.01233,28.0611,-7.6794,-10.8702
590659067,-0.97095,-0.62720,-1.55591,88.8626,-176.0534,-98.4656,0.64502,-0.78711,-0.01221,25.2748,-6.9847,-9.2977
590660067,-1.28333,-0.07947,-2.00000,103.0000,-169.7557,-102.5191,0.64551,-0.79236,-0.01123,20.4733,-5.3511,-6.2748
590661067,-1.66370,0.17834,-2.00000,117.7557,-163.9771,-99.9466,0.64417,-0.79492,-0.01099,18.4504,-4.3893,-4.8550
590662068,-1.80127,-0.31470,-2.00000,110.4046,-143.7557,-89.8550,0.64185,-0.79797,-0.01111,16.6565,-3.4046,-3.5115
590663067,-1.60913,-0.68958,-2.00000,69.3740,-109.1298,-77.8321,0.63977,-0.80127,-0.01099,15.0916,-2.4046,-2.2290
590664068,-1.55066,-0.13733,-2.00000,25.9542,-76.4733,-69.3893,0.63806,-0.80408,-0.01050,13.7328,-1.3740,-1.0305
590665067,-1.48254,0.62732,-2.00000,0.9847,-49.8092,-59.3664,0.63525,-0.80676,-0.01038,12.6107,-0.3053,0.0687
590666068,-1.23145,0.71545,-2.00000,-24.2824,-29.6107,-41.0305,0.63306,-0.81030,-0.01086,11.7405,0.7710,1.0916
590667068,-1.00952,-0.16528,-2.00000,-55.6794,-19.5573,-17.2290,0.63269,-0.81409,-0.01208,11.1069,1.8321,2.0916
590668067,-0.72424,-1.20166,-1.66431,-75.6718,-14.5344,-4.7634,0.63306,-0.81750,-0.01392,10.6947,2.9389,3.0153
590669068,-0.30579,-1.22144,-1.02454,-72.9313,-16.1908,-10.7481,0.63428,-0.82068,-0.01501,10.4656,4.0458,3.8779
590670068,-0.06836,-0.40125,-0.54553,-48.8397,-29.2901,-24.4885,0.63574,-0.82410,-0.01611,10.4198,5.1145,4.7023
590671068,-0.00037,0.19067,-0.40723,-19.1527,-44.0840,-33.2443,0.63770,-0.82788,-0.01831,10.5496,6.1603,5.4809
590672067,0.06689,0.03748,-0.38879,-3.3817,-53.8702,-35.2443,0.64014,-0.83203,-0.01978,10.8702,7.1985,6.2137
590673067,0.01917,-0.45044,-0.40906,1.6870,-58.0153,-37.6183,0.64258,-0.83643,-0.01990,11.3435,8.2366,6.8931
590674068,-0.03162,-0.70349,-0.35852,6.7557,-56.8855,-44.4580,0.64465,-0.84094,-0.01990,11.9389,9.2672,7.5496
590675068,-0.20361,-0.04016,-0.62170,-4.2214,-56.3435,-45.9924,0.64563,-0.84534,-0.02087,12.6336,10.2519,8.1832
590676067,-0.58069,0.23572,-1.65088,-22.7786,-63.7252,-33.5191,0.64514,-0.84961,-0.02222,13.4046,11.1374,8.7786
590677067,-0.96619,0.33459,-2.00000,-40.4580,-72.2748,-18.4962,0.64294,-0.85339,-0.02332,14.2214,11.9313,9.3282
590678067,-1.31836,0.12341,-2.00000,-50.0763,-73.0840,-5.9160,0.64075,-0.85681,-0.02441,15.0534,12.6718,9.8626
590679068,-1.32190,-0.24915,-2.00000,-52.3664,-59.4962,1.3435,0.63892,-0.85938,-0.02600,15.8931,13.3664,10.3893
590680068,-1.17236,-0.35022,-2.00000,-62.1450,-40.0611,6.9389,0.63635,-0.86194,-0.02722,16.7481,14.0076,10.8702
590681067,-1.32764,0.04602,-2.00000,-82.3282,-18.6031,12.5954,0.63354,-0.86511,-0.02747,17.6031,14.5573,11.2977
590682068,-1.41589,0.63989,-2.00000,-93.6641,14.6718,16.3282,0.63062,-0.86853,-0.02759,18.4427,14.9847,11.6794
590683068,-1.14417,0.68872,-2.00000,-90.8702,49.8092,20.1450,0.62817,-0.87146,-0.02832,19.2443,15.3206,12.0382
590684068,-0.77112,0.16345,-1.71338,-88.3588,72.8626,24.7099,0.62561,-0.87427,-0.02942,20.0458,15.5725,12.3664
590685068,-0.54126,-0.17676,-1.42017,-93.3435,80.3359,27.7786,0.62158,-0.87720,-0.02954,20.8626,15.7405,12.6641
590686068,-0.35242,0.01050,-1.05383,-99.8702,80.2977,29.8321,0.61621,-0.88013,-0.02942,21.6870,15.7939,12.9160
590687068,-0.00623,0.20007,-0.23669,-98.4046,76.5496,33.5191,0.60986,-0.88391,-0.02905,22.4885,15.7634,13.1298
590688068,0.28247,0.01392,0.49609,-79.8397,61.3893,35.3817,0.60364,-0.88879,-0.02783,23.2290,15.6565,13.3130
590689068,0.34314,-0.18896,0.67529,-51.3511,37.8015,32.6794,0.59717,-0.89380,-0.02588,23.9237,15.4809,13.4656
590690068,0.26697,-0.23340,0.47192,-37.9008,15.7099,30.3740,0.58984,-0.89758,-0.02307,24.6031,15.2214,13.5802
590691068,0.12659,-0.38318,0.24561,-42.7634,2.3282,30.6412,0.58252,-0.90100,-0.02014,25.2290,14.8550,13.6260
590692067,0.02417,-0.66882,0.28430,-39.9542,-2.5954,26.8244,0.57556,-0.90381,-0.01917,25.7786,14.3893,13.6412
590693068,-0.00867,-0.78442,0.42773,-16.6641,-5.7634,16.1832,0.56897,-0.90503,-0.01904,26.2977,13.8550,13.6031
590694068,-0.18103,-0.77954,0.16479,5.6641,-10.7328,7.1908,0.56250,-0.90601,-0.01733,26.8092,13.2595,13.5420
590695068,-0.45984,-0.76465,-0.47192,5.8244,-9.1985,5.3893,0.55688,-0.90698,-0.01587,27.2824,12.6107,13.4198
590696067,-0.56030,-0.38647,-0.70776,-7.9160,3.7786,6.0458,0.55310,-0.90735,-0.01611,27.6947,11.9084,13.2748
590697067,-0.39001,0.30933,-0.36060,-15.6412,17.4580,7.2901,0.54871,-0.90686,-0.01562,28.0763,11.1221,13.0611
590698067,-0.12280,0.69653,0.10278,-14.5344,21.9466,13.4046,0.54309,-0.90503,-0.01282,28.4351,10.2672,12.8168
590699067,-0.06567,0.55652,-0.01648,-12.6947,13.3969,24.3969,0.53748,-0.90308,-0.00940,28.7481,9.3817,12.5725
590700068,-0.29053,0.25110,-0.72253,-14.8626,0.6794,35.2290,0.53198,-0.90198,-0.00574,29.0000,8.4733,12.2901
590701068,-0.49255,0.09937,-1.26526,-18.3588,-8.1221,42.5878,0.52698,-0.90015,-0.00110,29.1985,7.5191,11.9466
590702067,-0.49280,0.21472,-1.41589,-18.2519,-13.7099,47.2824,0.52148,-0.89722,0.00208,29.3282,6.5115,11.5420
590703067,-0.56726,0.71423,-1.08899,-13.8779,-14.4885,50.5802,0.51538,-0.89331,0.00452,29.3740,5.4809,11.0840
590704068,-0.61597,1.30981,-0.50195,-2.3359,-5.3053,53.4122,0.51050,-0.88855,0.00745,29.3664,4.4809,10.5496
590705068,-0.59131,1.22559,-0.41211,17.6260,6.2672,57.8473,0.50684,-0.88330,0.00952,29.2824,3.5038,9.9924
590706068,-0.67554,0.14392,-0.66406,37.4198,18.4580,62.2824,0.50330,-0.87720,0.01160,29.0992,2.5191,9.3817
590707068,-0.60522,-0.96533,-0.53284,48.5496,33.0076,59.2901,0.50085,-0.87073,0.01428,28.8550,1.5267,8.7481
590708067,-0.39893,-1.08630,-0.17920,53.5191,43.0534,48.1985,0.49951,-0.86462,0.01672,28.5802,0.5191,8.0763
590709068,-0.31970,-0.58643,-0.23157,65.3588,37.8779,36.0611,0.49817,-0.85986,0.01941,28.2672,-0.4656,7.3511
590710068,-0.32288,-0.39929,-0.36426,90.2137,21.5725,29.0458,0.49658,-0.85571,0.02246,27.8931,-1.4427,6.5802
590711067,-0.29163,-1.11548,-0.13806,114.5725,1.9313,28.5191,0.49414,-0.85120,0.02515,27.4504,-2.4351,5.8168
590712068,-0.31177,-2.00000,-0.09399,110.9466,-12.7557,32.4733,0.49243,-0.84668,0.02625,26.9389,-3.4122,5.0611
590713068,-0.47009,-2.00000,-0.28967,72.9466,-14.2290,37.0458,0.49133,-0.84351,0.02856,26.3588,-4.3740,4.2901
590714067,-0.70605,-2.00000,-0.51147,34.9008,-8.0076,36.8092,0.48987,-0.84167,0.03137,25.7252,-5.3053,3.4885
590715067,-0.87158,-1.50769,-0.75330,27.0229,0.9542,31.7023,0.48755,-0.83960,0.03076,25.0458,-6.2290,2.6718
590716068,-0.95276,-0.66040,-1.10681,32.7939,8.2824,30.9084,0.48474,-0.83667,0.02832,24.3130,-7.1679,1.8550
590717068,-1.06934,-0.77539,-1.51807,24.0992,16.5649,38.2672,0.48315,-0.83398,0.02600,23.5115,-8.0916,1.0229
590718068,-1.18811,-1.39966,-1.69385,5.3511,29.5725,43.8931,0.48364,-0.83179,0.02405,22.6718,-8.9924,0.1985
590719068,-1.27930,-1.68591,-1.64172,-1.2366,43.2977,38.2061,0.48608,-0.83032,0.02185,21.8092,-9.8397,-0.6336
590720067,-1.33862,-1.45862,-1.44226,13.8931,54.6641,25.5802,0.48938,-0.82983,0.01941,20.9237,-10.6947,-1.4504
590721068,-1.30457,-1.29492,-1.04578,36.6794,65.0992,18.1221,0.49280,-0.82996,0.01611,20.0458,-11.5420,-2.2290
590722068,-1.02393,-1.50488,-0.39502,43.2137,81.3969,20.6031,0.49622,-0.83057,0.01245,19.1756,-12.3664,-2.9847
590723068,-0.79272,-1.74658,-0.03235,30.7710,95.0763,27.5725,0.49890,-0.83081,0.00867,18.2901,-13.1832,-3.6794
590724067,-0.81177,-1.71277,-0.05420,19.2901,102.9924,30.5420,0.50134,-0.83081,0.00586,17.4580,-13.9466,-4.3282
590725068,-0.55750,-1.56592,1.26660,22.4656,117.3740,28.1832,0.50342,-0.83191,0.00476,16.6641,-14.6641,-4.9389
590726068,0.19751,-1.90637,1.99994,28.2061,132.8550,27.2366,0.50586,-0.83459,0.00403,15.8779,-15.3282,-5.5420
590727067,0.70068,-2.00000,1.99994,19.7863,118.0611,28.6031,0.50928,-0.83704,0.00220,15.1145,-15.9237,-6.1221
590728067,0.49329,-2.00000,1.99994,15.3588,80.8015,19.3817,0.51331,-0.83887,-0.00073,14.4046,-16.4427,-6.6947
590729067,0.49670,-1.93262,1.99994,45.6031,48.3359,-4.7710,0.51782,-0.84094,-0.00171,13.7252,-16.9237,-7.2137
590730067,0.98218,-1.33179,1.99994,78.5420,14.1221,-22.0305,0.52246,-0.84277,-0.00208,13.0840,-17.3817,-7.7023
590731065,1.11804,-1.80762,1.99994,76.9924,-34.2061,-20.1679,0.52673,-0.84363,-0.00342,12.4962,-17.7634,-8.1603
590732065,0.60083,-2.00000,1.99994,65.4580,-79.5649,-15.4504,0.53149,-0.84436,-0.00513,12.0000,-18.0229,-8.5649
590733069,0.26758,-2.00000,1.99994,58.7176,-96.3282,-15.9160,0.53613,-0.84521,-0.00684,11.5649,-18.1679,-8.9542
590734064,0.28552,-2.00000,1.99994,39.5038,-95.1832,-15.7710,0.54077,-0.84534,-0.00793,11.1679,-18.2366,-9.3053
590735069,-0.36255,-0.96936,0.81665,16.6947,-95.8397,-10.8015,0.54590,-0.84473,-0.00891,10.8321,-18.2061,-9.6107
590736064,-0.97974,-0.33154,-0.39514,3.9160,-90.0305,1.5496,0.55017,-0.84387,-0.00964,10.5802,-18.1298,-9.9008
590737069,-0.78625,-0.72363,-0.50586,-18.0458,-68.7252,18.0229,0.55359,-0.84326,-0.01025,10.3817,-18.0076,-10.2137
590738068,-0.79761,-1.49512,-0.48840,-55.6870,-49.2214,29.6336,0.55591,-0.84314,-0.01038,10.2137,-17.8092,-10.4885
590739067,-1.08154,-1.79492,-1.08875,-80.1603,-30.9008,28.7786,0.55688,-0.84265,-0.01025,10.0763,-17.5038,-10.7405
590740067,-0.99939,-1.45410,-1.38782,-75.3588,-14.9924,19.4046,0.55725,-0.84192,-0.00940,9.9466,-17.1145,-10.9695
590741067,-0.88159,-0.98376,-1.51929,-59.7710,-10.9542,12.1450,0.55823,-0.84131,-0.00806,9.8626,-16.6565,-11.1679
590742067,-0.96167,-0.62646,-1.68384,-56.1374,-9.3130,11.6412,0.56030,-0.83960,-0.00806,9.7939,-16.1450,-11.3511
590743067,-0.81616,-0.54602,-1.54053,-60.9771,-0.8626,15.0458,0.56323,-0.83740,-0.00952,9.7252,-15.6031,-11.4809
590744067,-0.60962,-0.87524,-1.08765,-62.8092,8.3588,18.0840,0.56702,-0.83508,-0.01160,9.6565,-14.9695,-11.5954
590745067,-0.66980,-1.25574,-0.83752,-59.7023,12.7176,17.6565,0.57068,-0.83289,-0.01245,9.6489,-14.2443,-11.7099
590746068,-0.77319,-1.12952,-1.05701,-54.0458,19.0076,12.7099,0.57361,-0.83154,-0.01123,9.6870,-13.4885,-11.8092
590747068,-0.91174,-0.75134,-1.34546,-52.8626,29.4275,9.0687,0.57581,-0.83020,-0.00916,9.6794,-12.6947,-11.9008
590748067,-0.89636,-0.67029,-1.10645,-58.3817,44.2061,9.8931,0.57861,-0.82898,-0.00745,9.6336,-11.8779,-11.9847
590749068,-0.61060,-0.73291,-0.38159,-58.7023,56.5420,10.5802,0.58167,-0.82715,-0.00513,9.5878,-11.0076,-11.9924
590750067,-0.49829,-0.78455,-0.08569,-50.7252,58.1985,9.0763,0.58350,-0.82446,-0.00171,9.5191,-10.0992,-11.9771
590751067,-0.47791,-0.81030,-0.22217,-43.2137,58.3282,6.8244,0.58398,-0.82202,0.00171,9.3969,-9.1527,-11.9618
590752068,-0.28796,-0.78174,0.03027,-38.6489,60.3893,6.1908,0.58398,-0.82031,0.00488,9.2366,-8.1679,-11.9695
590753068,-0.04053,-0.68066,0.60388,-37.5954,59.0992,8.3664,0.58374,-0.81909,0.00720,9.0305,-7.0992,-12.0458
590754068,0.13269,-0.57727,0.85425,-41.6107,50.7786,13.4580,0.58325,-0.81726,0.00964,8.7710,-5.9542,-12.1908
590755068,0.05322,-0.65527,0.61853,-41.4122,36.1298,18.1221,0.58228,-0.81494,0.01440,8.4580,-4.7557,-12.3969
590756068,-0.07654,-0.82532,0.40527,-31.3740,25.4809,17.9313,0.58057,-0.81250,0.02209,8.0992,-3.5802,-12.6107
590757068,-0.12817,-0.92639,0.39038,-25.1985,19.2977,15.6641,0.58008,-0.81128,0.02905,7.7176,-2.4809,-12.7710
590758068,-0.28137,-0.99500,0.25232,-28.5038,15.2519,14.5420,0.58081,-0.81165,0.03491,7.3282,-1.4275,-12.8168
590759068,-0.40002,-1.07275,0.15137,-27.0153,17.3588,11.6641,0.58118,-0.81262,0.04138,6.9160,-0.3969,-12.8092
590760068,-0.39624,-1.05774,0.32129,-14.9008,24.8855,5.1527,0.58191,-0.81458,0.04700,6.5115,0.5573,-12.7405
590761068,-0.37451,-0.95850,0.42004,-3.1450,32.2824,-0.6107,0.58545,-0.82227,0.05823,5.7710,2.2824,-12.4962
590762068,-0.38196,-0.88550,0.22913,0.1527,37.6794,-2.2748,0.58618,-0.82776,0.06274,5.3893,3.1145,-12.3511
590763067,-0.35583,-0.83728,0.14197,-0.5954,41.8626,-1.2366,0.58618,-0.83289,0.06580,5.0000,3.9389,-12.2137
590764067,-0.23425,-0.87341,0.35364,0.9084,42.5344,0.2595,0.58496,-0.83630,0.06982,4.6031,4.7634,-12.1145
590765068,-0.11816,-0.97510,0.55005,4.3817,37.1450,1.1374,0.58398,-0.83801,0.07397,4.1985,5.5344,-12.0076
590766068,-0.11475,-1.01733,0.54590,6.3282,27.8473,1.8702,0.58301,-0.83936,0.07605,3.8015,6.2214,-11.8473
590767067,-0.15869,-1.03137,0.51526,4.5038,20.0534,3.2901,0.58203,-0.84180,0.07825,3.3893,6.8015,-11.6412
590768068,-0.15710,-1.14099,0.57910,-2.3130,16.5878,5.5344,0.58203,-0.84521,0.08069,2.9771,7.2901,-11.3969
590769067,-0.19189,-1.27161,0.61633,-12.5573,15.6565,7.4733,0.58264,-0.84888,0.08105,2.5725,7.6565,-11.1527
590770068,-0.26074,-1.24231,0.52283,-20.9389,16.8015,7.6870,0.58374,-0.85217,0.08081,2.2137,7.9237,-10.8931
590771068,-0.30273,-1.08081,0.36340,-23.6565,19.5267,6.4656,0.58496,-0.85608,0.08093,1.9313,8.1145,-10.6183
590772068,-0.35034,-0.94800,0.23157,-23.7557,22.2290,5.9160,0.58508,-0.86084,0.08118,1.7099,8.2290,-10.3053
590773068,-0.33154,-0.93176,0.21985,-25.6183,25.2748,7.3511,0.58447,-0.86560,0.08105,1.5344,8.2748,-9.9695
590774068,-0.25781,-1.01501,0.32019,-29.7710,26.8244,10.0458,0.58350,-0.86975,0.08118,1.4046,8.2443,-9.6412
590775067,-0.19482,-1.10925,0.40662,-32.7099,26.3130,11.8550,0.58179,-0.87415,0.08142,1.3206,8.1374,-9.3359
590776067,-0.15601,-1.10754,0.45203,-30.1374,24.2672,11.0840,0.57996,-0.87842,0.08057,1.2824,7.9695,-9.0229
590777067,-0.16614,-1.02942,0.43396,-22.8779,20.5878,8.7252,0.57800,-0.88306,0.07947,1.2824,7.7099,-8.6870
590778067,-0.18945,-0.99536,0.36548,-17.4046,16.9084,6.9389,0.57642,-0.88855,0.07983,1.3053,7.3588,-8.3664
590779068,-0.23657,-1.01306,0.27832,-15.8397,13.9237,5.5115,0.57532,-0.89343,0.08020,1.3435,6.9160,-8.0534
590780067,-0.29773,-1.01001,0.19495,-13.6641,12.7023,2.7405,0.57458,-0.89783,0.07959,1.4198,6.3511,-7.7557
590781068,-0.33044,-1.00208,0.15710,-8.6718,13.0458,-1.0305,0.57300,-0.90332,0.07812,1.5573,5.7252,-7.4656
590782068,-0.35010,-1.03699,0.11987,-4.4809,13.8779,-3.6718,0.57019,-0.90942,0.07544,1.8015,5.0534,-7.1527
590783067,-0.36096,-1.07849,0.05774,-5.9695,15.9542,-3.7557,0.56738,-0.91541,0.07227,2.1679,4.3130,-6.8092
590784068,-0.34302,-1.03333,0.04199,-13.6412,19.8015,-1.6183,0.56482,-0.92175,0.06995,2.6336,3.4885,-6.4962
590785068,-0.28589,-0.91309,0.10986,-21.7710,23.9160,1.6794,0.56055,-0.92810,0.06970,3.2137,2.5725,-6.2061
590786068,-0.22412,-0.84619,0.20056,-24.8550,25.9084,5.2214,0.55505,-0.93384,0.06982,3.8779,1.6260,-5.9237
590787068,-0.18823,-0.87463,0.25525,-23.8168,25.3817,8.1221,0.55029,-0.93848,0.06812,4.6412,0.6412,-5.6489
590788068,-0.17688,-0.93994,0.26111,-22.8702,23.5267,9.7557,0.54565,-0.94214,0.06531,5.5115,-0.4046,-5.3817
590789067,-0.16724,-0.98438,0.28760,-22.5878,21.8550,9.5420,0.54016,-0.94409,0.06262,6.4504,-1.4733,-5.1527
590790068,-0.15234,-0.98865,0.36829,-19.4351,19.7481,6.9618,0.53345,-0.94495,0.06055,7.4275,-2.5344,-4.9771
590791068,-0.16516,-0.99841,0.38391,-11.3130,16.0000,2.5267,0.52661,-0.94580,0.05786,8.4275,-3.6183,-4.8779
590792068,-0.21765,-1.04590,0.27234,-1.8855,12.0763,-2.3435,0.52124,-0.94629,0.05457,9.4809,-4.7328,-4.8321
590793068,-0.28162,-1.08838,0.14648,2.8626,10.4656,-6.0382,0.51733,-0.94580,0.05225,10.5725,-5.9237,-4.8168
590794068,-0.29761,-1.07874,0.11096,1.1908,12.1908,-7.5802,0.51404,-0.94409,0.04993,11.6947,-7.1450,-4.8321
590795068,-0.27600,-1.01758,0.12439,-3.2443,14.9237,-7.1450,0.51099,-0.94141,0.04700,12.8702,-8.3740,-4.8550
590796068,-0.26819,-0.94141,0.12817,-6.4504,16.9237,-5.3817,0.50818,-0.93738,0.04468,14.0382,-9.6183,-4.8702
590797067,-0.25061,-0.87903,0.14893,-8.8626,18.9466,-2.6107,0.50562,-0.93347,0.04285,15.2137,-10.8397,-4.9237
590798067,-0.21021,-0.83765,0.21021,-13.3435,21.1603,1.0153,0.50269,-0.93018,0.04089,16.3817,-12.0153,-5.0229
590799067,-0.17346,-0.82593,0.28650,-18.6718,22.4656,4.5420,0.50012,-0.92590,0.03845,17.4885,-13.1527,-5.1374
590800068,-0.14282,-0.85376,0.35229,-19.7557,21.8779,6.2443,0.49841,-0.92114,0.03577,18.5573,-14.2748,-5.3282
590801067,-0.12244,-0.90698,0.39014,-14.8168,19.2137,5.2290,0.49695,-0.91736,0.03296,19.5802,-15.3740,-5.5649
590802067,-0.11804,-0.95203,0.40125,-7.8702,15.8168,2.4427,0.49573,-0.91357,0.03015,20.5267,-16.3817,-5.8779
590803067,-0.11487,-0.94189,0.38538,-1.3053,10.8779,-2.5878,0.49524,-0.90857,0.02747,21.3740,-17.2977,-6.1908
590804067,-0.12073,-0.95300,0.35278,-0.5878,8.8550,-3.5115,0.49512,-0.90491,0.02576,22.1527,-18.1527,-6.4504
590805067,-0.12048,-1.01257,0.33435,-0.4504,7.5496,-3.5344,0.49524,-0.90308,0.02502,22.8168,-18.9160,-6.6718
590806067,-0.11926,-1.04895,0.31836,-2.4198,7.0534,-2.8092,0.49780,-0.90186,0.02185,23.4198,-19.6489,-6.8244
590807067,-0.13269,-0.99353,0.27625,-6.7939,7.1603,-1.4504,0.50256,-0.90173,0.01782,23.9695,-20.2443,-6.9008
590808067,-0.14709,-0.88074,0.23767,-10.5115,7.4504,0.1527,0.50671,-0.90271,0.01648,24.4427,-20.6031,-7.0000
590809067,-0.15417,-0.82654,0.23389,-11.0229,7.3130,1.6718,0.50964,-0.90417,0.01807,24.8779,-20.9237,-7.1298
590810068,-0.15759,-0.88403,0.23926,-8.9237,6.5725,2.6107,0.51221,-0.90698,0.01929,25.3359,-21.2977,-7.2061
590811068,-0.16895,-0.97681,0.21277,-5.8473,5.3817,2.2443,0.51526,-0.91125,0.01929,25.8092,-21.6794,-7.2366
590812067,-0.18469,-1.01038,0.17542,-2.6336,4.4504,0.6183,0.51941,-0.91614,0.01941,26.3053,-21.9466,-7.2290
590813067,-0.18896,-0.99109,0.15784,0.0000,3.9313,-1.1679,0.52283,-0.92065,0.02039,26.7863,-22.0763,-7.2061
590814067,-0.19080,-1.00793,0.17603,1.1221,3.8015,-1.8779,0.52551,-0.92480,0.02271,27.2595,-22.2061,-7.1985
590815068,-0.18530,-1.09485,0.26184,0.3359,4.6870,-1.5802,0.52844,-0.92908,0.02490,27.7557,-22.3969,-7.1908
590816067,-0.16003,-1.17395,0.36292,-1.8092,6.1069,-1.3435,0.53198,-0.93347,0.02551,28.2366,-22.6107,-7.1985
590817067,-0.13489,-1.16711,0.38892,-4.2748,6.8092,-1.7023,0.53699,-0.93604,0.02551,28.6718,-22.7557,-7.2137
590818067,-0.12415,-1.09497,0.37073,-5.7557,5.9160,-2.2672,0.54260,-0.93738,0.02539,29.0916,-22.7939,-7.2672
590819067,-0.10925,-1.05078,0.38293,-6.1145,3.1527,-2.4046,0.54907,-0.93787,0.02454,29.5038,-22.7099,-7.3359
590820067,-0.08728,-1.08105,0.42200,-6.1450,-1.0840,-2.2290,0.55579,-0.93787,0.02197,29.9008,-22.5420,-7.4504
590821067,-0.08606,-1.12793,0.44067,-5.2366,-5.9237,-2.7634,0.56177,-0.93799,0.01978,30.2595,-22.2977,-7.6412
590822067,-0.10315,-1.11682,0.42017,-2.2366,-9.9237,-4.4427,0.56763,-0.93787,0.01892,30.6031,-21.9542,-7.9237
590823067,-0.12793,-1.05591,0.34778,1.1603,-12.3969,-6.1679,0.57312,-0.93628,0.01892,30.9466,-21.5038,-8.2977
590824067,-0.17310,-1.00427,0.22595,2.1527,-13.3053,-6.6794,0.57886,-0.93530,0.01990,31.2595,-21.0076,-8.8015
590825067,-0.21179,-0.99731,0.11145,0.4656,-12.5267,-5.9313,0.58289,-0.93604,0.02429,31.5115,-20.5038,-9.6031
590826067,-0.19910,-1.13879,0.09058,-1.9924,-10.5267,-4.1985,0.58447,-0.92871,0.02795,31.7176,-20.2137,-10.8550
590827067,-0.16565,-1.73425,0.55823,-2.6107,-5.7099,-1.6031,0.58838,-0.91675,0.02405,31.9313,-20.0458,-11.9084
590828067,-0.00012,-2.00000,1.77515,0.1298,5.1679,-2.4351,0.59277,-0.90881,0.01770,32.0916,-19.5954,-12.5344
590829068,0.46667,-2.00000,1.99994,3.4733,17.7863,-11.8626,0.59473,-0.90125,0.01587,32.1679,-18.8397,-12.9618
590830067,0.84680,-2.00000,1.99994,3.3740,20.4962,-27.0076,0.59570,-0.89453,0.01758,32.1908,-18.0992,-13.4504
590831068,0.94324,-1.86926,1.99994,2.1145,6.0000,-40.9695,0.59802,-0.88879,0.01685,32.1908,-17.5267,-14.1221
590832068,1.10388,-0.83179,1.99994,1.9084,-28.8397,-49.9542,0.60083,-0.88379,0.01477,32.1679,-16.9389,-14.8855
590833067,1.03723,-0.13806,1.64307,3.1298,-83.0000,-53.8550,0.60156,-0.87988,0.01477,32.1221,-16.2366,-15.7176
590834067,0.71130,-0.08606,1.50610,11.6107,-136.2901,-53.7328,0.60059,-0.87585,0.01514,32.0840,-15.5420,-16.6870
590835068,0.55933,-0.72729,1.84802,20.1832,-170.9389,-48.4733,0.59875,-0.87207,0.01538,32.0458,-14.9389,-17.7634
590836068,0.11230,-1.24133,1.29395,16.1908,-192.7710,-39.9008,0.59595,-0.86890,0.01514,32.0000,-14.3282,-18.8931
590837068,-0.69885,-0.80469,-0.24365,11.0916,-192.2366,-33.8321,0.59253,-0.86621,0.01526,31.9389,-13.6565,-20.0611
590838067,-1.19775,0.16223,-1.15283,12.8168,-158.1832,-27.9008,0.58997,-0.86328,0.01611,31.8015,-13.0153,-21.2672
590839068,-1.33936,0.55273,-1.30859,6.3511,-111.0763,-14.4656,0.58740,-0.86023,0.01648,31.5725,-12.3969,-22.5038
590840067,-1.52161,-0.01282,-2.00000,-11.3359,-77.4122,2.8626,0.58423,-0.85681,0.01672,31.2977,-11.7786,-23.8092
590841068,-1.78772,-0.97522,-2.00000,-21.3740,-57.3053,10.8244,0.58142,-0.85242,0.01721,30.9771,-11.1832,-25.1603
590842068,-1.53699,-1.62585,-2.00000,-15.0000,-34.6260,3.5038,0.57947,-0.84778,0.01843,30.6260,-10.6183,-26.4885
590843068,-0.86060,-1.65332,-1.17773,-13.7634,-15.7557,-8.1985,0.57776,-0.84338,0.01978,30.2519,-10.0687,-27.7328
590844068,-0.48486,-1.24341,-0.47363,-30.3588,-12.0458,-12.5344,0.57556,-0.83875,0.02051,29.8244,-9.5344,-28.9313
590845067,-0.33301,-0.84692,-0.40869,-41.8015,-15.7481,-11.8702,0.57385,-0.83398,0.02185,29.3206,-8.9924,-30.0916
590846067,-0.15918,-0.92737,-0.19592,-37.7557,-18.6565,-11.3359,0.57361,-0.82983,0.02344,28.7328,-8.4885,-31.2290
590847067,0.00488,-1.44617,0.17029,-35.5725,-20.5954,-12.0992,0.57397,-0.82642,0.02515,28.0916,-8.0153,-32.2901
590848067,0.11865,-1.74744,0.49744,-34.0992,-23.1679,-16.8321,0.57495,-0.82373,0.02747,27.3817,-7.5496,-33.2595
590849067,0.06995,-1.55554,0.52307,-21.3130,-33.3435,-24.4046,0.57544,-0.82019,0.02942,26.6412,-7.1069,-34.1527
590850067,-0.06519,-1.06958,0.34399,-3.2595,-46.1908,-30.9618,0.57507,-0.81628,0.02979,25.8473,-6.6947,-34.9389
590851067,-0.15576,-0.60803,0.32275,12.2672,-53.6870,-34.6565,0.57434,-0.81287,0.03015,24.9389,-6.3130,-35.6183
590852067,-0.24463,-0.54175,0.28833,20.4046,-56.0458,-33.9542,0.57422,-0.81128,0.03296,23.9237,-5.9924,-36.2061
590853068,-0.22974,-0.87549,0.23181,16.3130,-53.5496,-29.6260,0.57458,-0.81055,0.03625,22.8321,-5.7328,-36.7328
590854067,-0.26379,-1.20825,0.10571,5.9618,-52.7634,-26.0916,0.57507,-0.80884,0.03833,21.6870,-5.5191,-37.1832
590855068,-0.35315,-1.24438,-0.01538,-2.9008,-49.6489,-25.4504,0.57666,-0.80664,0.03894,20.5115,-5.3053,-37.5344
590856067,-0.22180,-0.95935,0.11707,-11.6870,-43.5954,-25.1527,0.57935,-0.80554,0.03992,19.2672,-5.1145,-37.7863
590857068,-0.14941,-0.64270,0.10791,-24.0534,-45.4351,-20.5573,0.58276,-0.80530,0.04187,17.9695,-4.9618,-37.9466
590858067,-0.22058,-0.65454,-0.26746,-35.1832,-54.6412,-12.5115,0.58557,-0.80542,0.04492,16.6336,-4.8397,-38.0153
590859067,-0.26465,-0.85437,-0.52539,-36.6641,-62.6870,-8.5649,0.58813,-0.80725,0.04736,15.3130,-4.7863,-37.9847
590860067,-0.32898,-1.10217,-0.54297,-26.8397,-66.4733,-11.2061,0.59045,-0.81030,0.04822,14.0305,-4.7939,-37.8855
590861067,-0.43689,-1.29614,-0.55823,-14.3664,-64.8397,-17.3740,0.59204,-0.81384,0.04956,12.7939,-4.8397,-37.7099
590862068,-0.56311,-1.26636,-0.60132,-4.7481,-58.3664,-23.3053,0.59485,-0.82056,0.05225,10.5038,-5.0687,-37.1603
590863067,-0.66431,-1.25867,-0.69421,1.7634,-47.6412,-26.5954,0.59497,-0.82361,0.05347,9.4656,-5.2824,-36.8015
590864067,-0.67615,-1.49719,-0.70544,3.1298,-32.6412,-28.0458,0.59436,-0.82471,0.05188,8.5420,-5.5420,-36.3359
590865067,-0.62305,-1.66785,-0.64331,0.2672,-20.2977,-30.6107,0.59497,-0.82764,0.05066,7.7634,-5.7710,-35.8244
590866067,-0.56445,-1.48877,-0.65674,-2.9542,-14.5038,-34.0305,0.59644,-0.83142,0.04993,7.0687,-5.9847,-35.3282
590867067,-0.48584,-1.18579,-0.68567,-7.3817,-14.6870,-35.4351,0.59729,-0.83264,0.04773,6.4885,-6.1985,-34.7939
590868067,-0.39502,-1.04749,-0.46533,-14.3435,-16.9618,-33.9008,0.59814,-0.83301,0.04773,6.0000,-6.4580,-34.1527
590869067,-0.27588,-1.14087,-0.03638,-20.8015,-19.3588,-31.0992,0.59875,-0.83362,0.04871,5.5878,-6.7557,-33.4580
590870067,-0.20496,-1.25659,0.17932,-25.1908,-23.4504,-29.5191,0.59851,-0.83350,0.04919,5.2595,-7.1069,-32.7405
590871065,-0.24219,-1.23584,0.02905,-26.6412,-28.6260,-29.7786,0.59937,-0.83411,0.05005,5.0000,-7.4962,-31.9924
590872069,-0.24524,-1.07703,-0.07129,-21.1908,-29.2519,-32.4198,0.60120,-0.83447,0.05005,4.8015,-7.9542,-31.2061
590873068,-0.15686,-0.78101,0.13049,-11.5878,-27.0153,-35.6718,0.60217,-0.83557,0.05078,4.7099,-8.4504,-30.3588
590874068,-0.09521,-0.56482,0.22644,-6.3359,-27.1221,-35.4122,0.60315,-0.83997,0.05286,4.7252,-8.9389,-29.5191
590875068,-0.11951,-0.63464,0.07117,-4.7710,-28.7557,-32.4122,0.60461,-0.84546,0.05469,4.8626,-9.4198,-28.6870
590876068,-0.17883,-0.89893,-0.03625,-2.0153,-29.0992,-30.8168,0.60547,-0.84912,0.05664,5.1069,-9.8855,-27.8702
590877068,-0.16394,-1.14685,0.05969,0.1450,-26.6947,-31.7023,0.60608,-0.85352,0.05750,5.4351,-10.2901,-27.0229
590878067,-0.14075,-1.18860,0.11475,-1.4275,-26.4427,-33.4198,0.60620,-0.85974,0.05847,5.8473,-10.7023,-26.1527
590879067,-0.16138,-1.03064,0.04187,-5.4427,-28.4809,-33.9542,0.60596,-0.86560,0.06140,6.3664,-11.1221,-25.2977
590880068,-0.13562,-0.87305,0.03601,-9.1679,-30.6107,-32.7481,0.60645,-0.87012,0.06238,6.9924,-11.5115,-24.4504
590881067,-0.12280,-0.80627,0.06470,-12.8779,-33.4351,-30.8473,0.60779,-0.87292,0.06128,7.7405,-11.8321,-23.6336
590882067,-0.15637,-0.77686,0.02795,-15.9542,-36.4809,-29.2443,0.60938,-0.87524,0.05981,8.6031,-12.1298,-22.8244
590883067,-0.20825,-0.72046,-0.06726,-15.6412,-39.3282,-28.5420,0.60938,-0.87756,0.05688,9.5878,-12.3893,-22.0153
590884067,-0.27002,-0.65552,-0.18665,-12.9847,-40.7863,-28.2137,0.60791,-0.87939,0.05200,10.6718,-12.6336,-21.1985
590885067,-0.31360,-0.60803,-0.30273,-11.0840,-39.3130,-27.5115,0.60620,-0.87927,0.04663,11.8321,-12.9313,-20.4351
590886067,-0.34290,-0.55322,-0.37769,-9.7557,-35.5954,-26.3511,0.60486,-0.87781,0.04285,13.0305,-13.3282,-19.7023
590887067,-0.33691,-0.54321,-0.37708,-8.5420,-30.6031,-24.4580,0.60266,-0.87488,0.03918,14.2290,-13.8092,-19.0305
