t_us,m1_ax_g,m1_ay_g,m1_az_g,m1_gx_dps,m1_gy_dps,m1_gz_dps,m2_ax_g,m2_ay_g,m2_az_g,m2_gx_dps,m2_gy_dps,m2_gz_dps
100131772,0.09985,-1.00610,-0.17810,-3.8855,-2.8015,-1.6718,0.63940,-0.81091,-0.00049,-2.9847,0.4427,0.1145
100132771,0.10693,-1.01538,-0.16333,-4.6107,-2.6794,-1.5573,0.64038,-0.81042,-0.00183,-3.0076,0.3969,0.1374
100133770,0.11816,-1.00024,-0.14954,-5.0153,-2.6412,-1.7023,0.64136,-0.80981,-0.00183,-3.0229,0.3740,0.1679
100134771,0.12109,-0.99353,-0.13135,-4.5344,-2.6718,-1.7786,0.64124,-0.81006,-0.00110,-3.0305,0.3435,0.2290
100135771,0.11731,-0.98730,-0.13354,-3.8015,-2.9389,-1.8702,0.64001,-0.81067,-0.00098,-3.0534,0.2824,0.2901
100136770,0.11047,-0.96375,-0.15540,-3.5496,-3.2214,-2.0153,0.63892,-0.81189,0.00000,-3.0992,0.1908,0.3511
100137771,0.10632,-0.94678,-0.16943,-3.2748,-3.2672,-1.9924,0.63892,-0.81311,0.00122,-3.1450,0.0916,0.4198
100138770,0.10498,-0.95740,-0.16187,-2.2290,-3.1374,-1.8855,0.63953,-0.81372,0.00183,-3.1679,-0.0076,0.4809
100139768,0.10596,-0.97107,-0.15479,-1.0000,-3.1450,-2.0153,0.64148,-0.81555,0.00220,-3.0916,-0.1603,0.5267
100140768,0.10815,-0.96008,-0.14966,-0.2901,-3.0763,-2.3130,0.64246,-0.81689,0.00293,-3.0305,-0.1985,0.5344
100141768,0.10950,-0.94336,-0.13220,0.2519,-2.8855,-2.3969,0.64258,-0.81824,0.00378,-2.9847,-0.2519,0.5420
100142771,0.10657,-0.93530,-0.13733,0.7863,-2.9160,-2.2901,0.64172,-0.81897,0.00513,-2.9237,-0.2977,0.5725
100143767,0.09668,-0.93665,-0.16821,1.5802,-3.0305,-2.1374,0.64148,-0.81946,0.00598,-2.8397,-0.3359,0.6031
100144771,0.09998,-0.94336,-0.17139,2.5878,-2.6870,-2.1450,0.64185,-0.81946,0.00549,-2.7252,-0.3817,0.6336
100145771,0.11328,-0.94910,-0.14966,3.5802,-2.3969,-2.2290,0.64185,-0.81897,0.00415,-2.6031,-0.4275,0.6260
100146771,0.11206,-0.95972,-0.14453,4.5420,-2.5496,-2.2901,0.64172,-0.81897,0.00342,-2.4962,-0.4504,0.6183
100147770,0.10620,-0.96228,-0.16138,5.2595,-2.7786,-2.4580,0.64172,-0.81982,0.00305,-2.4122,-0.4580,0.5954
100148770,0.10583,-0.95837,-0.16699,6.1374,-2.6031,-2.6260,0.64160,-0.82056,0.00281,-2.3053,-0.4962,0.5725
100149768,0.10449,-0.96826,-0.16162,7.0840,-2.3664,-2.6031,0.64209,-0.82092,0.00232,-2.1679,-0.5725,0.5573
100150768,0.10156,-0.99866,-0.17432,7.5496,-2.3588,-2.3969,0.64221,-0.82080,0.00220,-2.0611,-0.6336,0.5420
100151768,0.10181,-1.03101,-0.18396,7.1145,-2.3282,-2.1985,0.64197,-0.81982,0.00293,-1.9695,-0.6718,0.5191
100152772,0.11072,-1.04016,-0.16919,6.0916,-2.1450,-2.1679,0.64111,-0.81860,0.00342,-1.8702,-0.6947,0.4962
100153771,0.11719,-1.03027,-0.14722,5.4198,-2.0840,-2.2137,0.64026,-0.81775,0.00342,-1.7786,-0.7176,0.5115
100154771,0.11304,-1.01440,-0.15271,5.0229,-2.2977,-2.2061,0.64001,-0.81775,0.00342,-1.6794,-0.7176,0.5267
100155771,0.10742,-0.99487,-0.16504,4.4580,-2.3206,-2.1145,0.63977,-0.81799,0.00464,-1.5802,-0.7405,0.5420
100156771,0.11023,-0.98096,-0.14771,3.9237,-2.0763,-1.9695,0.64014,-0.81787,0.00647,-1.5115,-0.8092,0.5038
100157771,0.11853,-0.98853,-0.13599,3.7939,-2.0763,-1.8092,0.64038,-0.81775,0.00732,-1.4580,-0.8931,0.4427
100158770,0.11401,-1.02234,-0.14600,3.9847,-2.3130,-1.7023,0.64038,-0.81824,0.00830,-1.3893,-0.9771,0.3893
100159770,0.10510,-1.05518,-0.15295,3.6565,-2.4656,-1.7481,0.64050,-0.81946,0.00940,-1.3130,-1.0305,0.3664
100160770,0.10901,-1.05737,-0.14978,2.8092,-2.4351,-1.9237,0.64099,-0.82043,0.00964,-1.2672,-1.0763,0.3664
100161770,0.11792,-1.03491,-0.13599,2.4733,-2.3282,-2.1374,0.64111,-0.82068,0.01038,-1.2290,-1.1221,0.3435
100162770,0.12280,-1.01086,-0.12207,2.8321,-2.3206,-2.3206,0.63977,-0.82104,0.01025,-1.1985,-1.1985,0.2977
100163770,0.12012,-1.00037,-0.12622,2.8931,-2.6031,-2.3053,0.63904,-0.82153,0.00879,-1.1603,-1.2672,0.2519
100164768,0.11292,-0.98730,-0.14771,1.9389,-2.9771,-2.1679,0.64014,-0.82178,0.00745,-1.0840,-1.3359,0.2366
100165772,0.11206,-0.96960,-0.15369,1.0000,-3.1298,-2.0000,0.64148,-0.82141,0.00659,-1.0153,-1.3893,0.2061
100166771,0.11560,-1.03320,-0.16431,0.9389,-3.5954,-1.2290,0.64197,-0.82129,0.00696,-0.9618,-1.4351,0.1450
100167771,0.11011,-1.08423,-0.18677,0.1832,-3.7863,-1.0000,0.64172,-0.82141,0.00769,-0.9237,-1.4733,0.0992
100168770,0.11072,-1.08020,-0.18750,-1.7023,-3.7099,-1.1145,0.64221,-0.82117,0.00623,-0.8931,-1.5267,0.0763
100169771,0.11023,-1.04102,-0.18274,-3.6031,-3.5802,-1.1069,0.64368,-0.82104,0.00330,-0.8626,-1.5802,0.0763
100170770,0.10510,-1.02783,-0.19312,-4.5115,-3.5038,-0.7634,0.64490,-0.82141,0.00330,-0.8397,-1.6336,0.0916
100171770,0.10083,-1.05237,-0.20398,-4.8931,-3.2595,-0.4351,0.64636,-0.82141,0.00439,-0.8168,-1.6870,0.0992
100172770,0.10205,-1.08691,-0.20190,-5.8779,-2.9542,-0.3817,0.64880,-0.82068,0.00439,-0.8092,-1.6870,0.0992
100173770,0.11023,-1.10303,-0.18445,-7.7023,-2.7023,-0.5878,0.65173,-0.82031,0.00452,-0.7863,-1.6565,0.0840
100174770,0.12134,-1.08838,-0.14514,-9.3282,-2.5649,-0.9466,0.65405,-0.82007,0.00427,-0.7405,-1.6565,0.0763
100175768,0.12549,-1.03296,-0.11719,-10.0000,-2.7405,-1.5191,0.65442,-0.81982,0.00366,-0.7023,-1.6794,0.0611
100176768,0.11768,-0.95654,-0.12573,-9.4962,-3.1298,-1.9542,0.65405,-0.81921,0.00232,-0.6336,-1.7023,0.0382
100177772,0.10632,-0.91089,-0.14014,-8.2977,-3.3511,-1.8092,0.65430,-0.81848,0.00122,-0.5496,-1.7481,0.0382
100178771,0.10974,-0.92175,-0.14185,-7.2519,-3.4809,-1.2061,0.65454,-0.81775,0.00146,-0.4656,-1.8092,0.0534
100179771,0.12024,-0.97058,-0.14221,-6.6260,-3.7176,-0.6870,0.65442,-0.81738,0.00122,-0.4122,-1.8244,0.0840
100180770,0.12451,-1.02283,-0.14185,-6.0687,-3.9618,-0.5954,0.65393,-0.81677,0.00061,-0.3740,-1.8397,0.1221
100181770,0.12415,-1.04407,-0.14600,-5.7634,-4.1527,-0.9237,0.65308,-0.81592,0.00085,-0.3130,-1.8550,0.1298
100182770,0.11401,-1.03210,-0.16492,-5.8550,-4.3053,-1.1908,0.65247,-0.81543,0.00195,-0.2672,-1.8931,0.1221
100183770,0.10083,-1.02148,-0.18982,-6.4580,-4.2748,-1.0229,0.65198,-0.81543,0.00208,-0.2519,-1.9084,0.0916
100184770,0.09778,-1.02490,-0.19690,-7.5649,-3.9542,-0.6412,0.65112,-0.81494,0.00146,-0.2595,-1.8931,0.0916
100185770,0.10266,-1.02136,-0.17834,-8.6947,-3.4733,-0.5802,0.65076,-0.81372,0.00024,-0.2672,-1.9160,0.0916
100186770,0.10754,-0.99426,-0.15710,-9.2748,-3.1221,-0.9084,0.65125,-0.81262,-0.00061,-0.2977,-1.9466,0.0763
100187767,0.10962,-0.97620,-0.15308,-9.1145,-3.0382,-1.0458,0.65112,-0.81189,-0.00049,-0.3435,-1.9618,0.0229
100188772,0.10693,-0.98669,-0.15613,-8.7328,-3.0534,-0.8702,0.65076,-0.81128,-0.00061,-0.3817,-1.9847,-0.0153
100189771,0.10754,-1.00256,-0.15259,-8.5115,-3.0763,-0.7023,0.65100,-0.81104,-0.00098,-0.4046,-2.0229,-0.0229
100190770,0.11902,-0.99963,-0.13831,-8.3817,-3.1298,-0.7710,0.65137,-0.81091,-0.00073,-0.4580,-2.0458,-0.0076
100191770,0.12683,-0.99084,-0.12268,-7.8168,-3.3664,-0.8397,0.65100,-0.81140,-0.00073,-0.5115,-2.0076,-0.0076
100192770,0.12097,-1.00256,-0.12744,-6.8168,-3.8244,-0.8092,0.65088,-0.81274,-0.00171,-0.5420,-1.9542,-0.0382
100193768,0.10754,-1.02014,-0.16052,-6.3588,-4.2595,-0.8397,0.65076,-0.81372,-0.00208,-0.5725,-1.9389,-0.0840
100194768,0.10071,-1.02075,-0.17566,-6.6947,-4.1756,-1.0153,0.65063,-0.81372,-0.00220,-0.6336,-1.9618,-0.1221
100195768,0.10559,-1.00671,-0.15894,-7.2519,-3.8473,-1.2061,0.65088,-0.81299,-0.00220,-0.7099,-1.9618,-0.1374
100196766,0.10510,-0.99866,-0.15564,-7.4198,-3.7863,-1.2824,0.65100,-0.81201,-0.00244,-0.7863,-1.9237,-0.1450
100197771,0.09644,-1.00427,-0.18201,-7.4733,-3.8550,-1.2672,0.65186,-0.81201,-0.00293,-0.8702,-1.8702,-0.1603
100198771,0.09302,-1.00671,-0.19470,-7.8626,-3.5649,-1.2748,0.65295,-0.81226,-0.00256,-0.9313,-1.8244,-0.1603
100199770,0.09888,-0.99646,-0.17224,-8.5038,-3.1221,-1.2290,0.65320,-0.81165,-0.00171,-1.0000,-1.7939,-0.1450
100200770,0.10449,-0.97693,-0.15845,-9.1145,-3.0229,-1.0611,0.65320,-0.81177,-0.00122,-1.0611,-1.7634,-0.1450
100201768,0.10889,-0.96497,-0.14746,-8.9542,-2.9847,-0.7786,0.65320,-0.81250,-0.00122,-1.1221,-1.7328,-0.1756
100202771,0.11328,-0.97107,-0.13416,-8.1985,-3.0076,-0.5191,0.65295,-0.81177,-0.00159,-1.2214,-1.7176,-0.1985
100203771,0.11316,-0.98291,-0.13757,-7.6031,-3.2290,-0.3435,0.65222,-0.81140,-0.00244,-1.3206,-1.6870,-0.2061
100204770,0.11255,-0.99231,-0.14307,-7.7023,-3.5038,-0.1832,0.65210,-0.81177,-0.00256,-1.4046,-1.6489,-0.2137
100205770,0.11731,-0.99561,-0.13049,-7.9847,-3.6412,-0.1756,0.65247,-0.81177,-0.00244,-1.4733,-1.5878,-0.1908
100206767,0.11792,-0.99829,-0.12610,-7.6565,-3.9008,-0.3664,0.65247,-0.81189,-0.00171,-1.5496,-1.5420,-0.1679
100207768,0.10852,-1.00854,-0.14844,-6.8779,-4.1756,-0.6489,0.65112,-0.81226,-0.00024,-1.6336,-1.4962,-0.1603
100208768,0.10828,-1.02917,-0.15759,-6.5496,-4.1298,-0.8168,0.64929,-0.81274,-0.00012,-1.7099,-1.4427,-0.1450
100209772,0.11218,-1.03711,-0.14636,-7.1298,-4.0458,-1.0534,0.64880,-0.81213,-0.00073,-1.7786,-1.4122,-0.1527
100210771,0.11047,-1.01917,-0.15186,-7.7710,-4.1756,-1.4046,0.64832,-0.81213,-0.00110,-1.8473,-1.3969,-0.1527
100211771,0.10559,-0.99976,-0.17981,-7.7252,-4.2672,-1.6031,0.64807,-0.81323,-0.00012,-1.9237,-1.3740,-0.1298
100212770,0.10083,-0.99402,-0.18372,-7.1985,-3.9160,-1.5344,0.64807,-0.81384,0.00110,-2.0000,-1.3435,-0.1069
100213770,0.09985,-0.98877,-0.17236,-7.2366,-3.6031,-1.3893,0.64795,-0.81384,0.00024,-2.0687,-1.3053,-0.1069
100214770,0.10327,-0.98474,-0.17029,-7.8473,-3.5115,-1.0153,0.64832,-0.81458,-0.00122,-2.1450,-1.2824,-0.1298
100215767,0.11292,-0.99927,-0.15613,-8.4275,-3.3969,-0.4809,0.64905,-0.81531,-0.00134,-2.2214,-1.2824,-0.1527
100216772,0.11670,-1.01270,-0.13501,-8.4733,-3.3435,-0.2748,0.64954,-0.81506,-0.00012,-2.2824,-1.2672,-0.1832
100217770,0.11096,-1.00366,-0.14355,-8.1145,-3.5420,-0.4809,0.64917,-0.81506,0.00183,-2.3130,-1.2443,-0.1985
100218770,0.10168,-0.98840,-0.17493,-7.7328,-3.7099,-0.6336,0.64868,-0.81555,0.00305,-2.3435,-1.2290,-0.2061
100219768,0.10083,-1.00195,-0.17285,-7.2824,-3.5344,-0.4962,0.64917,-0.81567,0.00330,-2.3893,-1.2290,-0.1985
100220772,0.11133,-1.03247,-0.14856,-7.1985,-3.4275,-0.4962,0.64880,-0.81567,0.00366,-2.4427,-1.2290,-0.1756
100221771,0.11963,-1.04602,-0.13806,-7.3588,-3.5802,-0.8397,0.64709,-0.81653,0.00305,-2.4580,-1.2061,-0.1527
100222770,0.11829,-1.03625,-0.14368,-7.4809,-3.7710,-1.3893,0.64539,-0.81726,0.00256,-2.4504,-1.1756,-0.1527
100223770,0.11121,-1.01575,-0.15454,-7.3664,-3.7786,-1.7710,0.64490,-0.81738,0.00317,-2.4580,-1.1298,-0.1527
100224770,0.10303,-0.99854,-0.16760,-7.3969,-3.7405,-1.8092,0.64539,-0.81775,0.00391,-2.4809,-1.0840,-0.1603
100225768,0.10425,-0.98730,-0.17273,-7.8779,-3.6031,-1.6031,0.64502,-0.81885,0.00513,-2.5115,-1.0153,-0.1832
100226771,0.11414,-0.99463,-0.15442,-8.4198,-3.5115,-1.1832,0.64319,-0.81946,0.00525,-2.5496,-0.9542,-0.1756
100227770,0.11975,-1.00549,-0.13489,-8.8473,-3.6260,-0.9160,0.64197,-0.81873,0.00427,-2.5954,-0.8931,-0.1298
100228768,0.11816,-0.99707,-0.13965,-8.9695,-3.9008,-0.9237,0.64233,-0.81836,0.00415,-2.6260,-0.8168,-0.0840
100229766,0.11121,-0.97778,-0.15430,-8.6336,-3.9771,-0.9847,0.64258,-0.81885,0.00464,-2.6183,-0.7328,-0.0840
100230772,0.10376,-0.96387,-0.16199,-8.0153,-3.9160,-0.9313,0.64148,-0.81958,0.00562,-2.6107,-0.6641,-0.0992
100231771,0.09778,-0.95044,-0.16150,-7.4275,-3.8473,-0.9313,0.64026,-0.82031,0.00647,-2.6031,-0.5878,-0.0992
100232771,0.09607,-0.94751,-0.16089,-6.9008,-3.8626,-0.9084,0.64001,-0.82080,0.00769,-2.5878,-0.5115,-0.0687
100233770,0.10107,-0.98596,-0.16565,-6.3435,-3.8626,-0.6718,0.64136,-0.82104,0.00830,-2.5725,-0.4198,-0.0458
100234770,0.10645,-1.05322,-0.16785,-6.0000,-3.8397,-0.4962,0.64258,-0.82129,0.00732,-2.5725,-0.3053,-0.0305
100235770,0.10571,-1.07874,-0.16882,-6.5802,-3.7939,-0.9008,0.64233,-0.82178,0.00684,-2.5878,-0.2137,0.0000
100236770,0.10217,-1.03271,-0.17065,-7.9084,-3.7099,-1.4656,0.64282,-0.82227,0.00610,-2.6031,-0.1374,0.0305
100237770,0.10376,-0.97473,-0.16077,-8.8092,-3.4809,-1.4580,0.64441,-0.82263,0.00513,-2.5954,-0.0763,0.0458
100238770,0.10840,-0.96338,-0.14734,-8.7023,-3.3664,-0.9084,0.64563,-0.82349,0.00610,-2.5725,-0.0305,0.0611
100239770,0.10693,-0.98230,-0.14624,-8.3435,-3.4198,-0.5267,0.64709,-0.82397,0.00891,-2.5573,0.0000,0.1221
100240771,0.10730,-0.99084,-0.14807,-8.5191,-3.5191,-0.5115,0.64880,-0.82532,0.01270,-2.4733,0.0763,0.2214
100241770,0.11365,-0.99536,-0.13428,-8.7634,-3.5649,-0.4885,0.64966,-0.82581,0.01331,-2.4198,0.1374,0.2748
100242770,0.11584,-1.00342,-0.11938,-8.4122,-3.7939,-0.4809,0.64941,-0.82654,0.01367,-2.3817,0.1908,0.3435
100243770,0.10938,-1.00378,-0.13464,-7.5878,-4.2061,-0.7176,0.64856,-0.82715,0.01355,-2.3359,0.2672,0.4351
100244768,0.10461,-1.00208,-0.15344,-6.8931,-4.3206,-0.9466,0.64905,-0.82764,0.01343,-2.2595,0.3740,0.5573
100245771,0.10498,-1.00903,-0.15613,-6.7634,-4.2595,-0.9771,0.65002,-0.82764,0.01282,-2.2061,0.4809,0.6718
100246771,0.10376,-1.00513,-0.16125,-7.0229,-4.2595,-1.1527,0.65137,-0.82800,0.01184,-2.1679,0.5649,0.7710
100247771,0.10278,-0.98669,-0.17053,-7.1450,-4.1603,-1.4198,0.65173,-0.82874,0.01184,-2.1145,0.6412,0.8702
100248770,0.10315,-0.98376,-0.17004,-6.9008,-3.8931,-1.4122,0.65173,-0.82849,0.01257,-2.0382,0.7328,0.9695
100249770,0.10278,-1.00720,-0.17358,-6.7481,-3.7252,-1.1450,0.65161,-0.82837,0.01355,-1.9618,0.8321,1.0763
100250770,0.10376,-1.01733,-0.17822,-7.3969,-3.5802,-0.9618,0.65125,-0.82910,0.01257,-1.9084,0.9313,1.1679
100251770,0.10925,-0.99817,-0.15955,-8.5191,-3.3588,-0.7939,0.65039,-0.82947,0.01111,-1.8931,1.0229,1.2748
100252770,0.11609,-0.97131,-0.13721,-9.0458,-3.3206,-0.6031,0.64905,-0.82996,0.01074,-1.9084,1.1221,1.3817
100253768,0.11218,-0.95215,-0.14392,-8.4580,-3.5496,-0.4198,0.64917,-0.83020,0.01025,-1.9160,1.2061,1.4885
100254772,0.10608,-0.95483,-0.15637,-7.5191,-3.6947,-0.2214,0.64978,-0.83020,0.01062,-1.9160,1.2748,1.5725
100255771,0.11279,-0.98352,-0.15039,-7.2672,-3.7176,0.0153,0.65015,-0.83008,0.01208,-1.9237,1.3664,1.6718
100256771,0.11731,-1.03247,-0.14819,-7.4885,-3.9237,0.1221,0.64978,-0.82971,0.01367,-1.9542,1.4046,1.7786
100257771,0.11450,-1.06531,-0.15820,-7.7634,-4.2137,-0.2366,0.64905,-0.82910,0.01343,-2.0076,1.4427,1.8931
100258770,0.11633,-1.04749,-0.15491,-7.8550,-4.1908,-0.9924,0.64868,-0.82874,0.01160,-2.0534,1.5038,2.0000
100259768,0.11328,-1.00146,-0.14429,-7.4275,-4.1145,-1.6031,0.64856,-0.82825,0.00977,-2.0763,1.5725,2.1145
100260766,0.09949,-0.97144,-0.17053,-6.8626,-4.3130,-1.6641,0.64917,-0.82764,0.00952,-2.0687,1.6260,2.2290
100261769,0.08948,-0.97266,-0.19922,-6.8244,-4.2824,-1.2519,0.65002,-0.82739,0.00903,-2.0611,1.6870,2.3282
100262772,0.10132,-0.99304,-0.17810,-7.2748,-3.8168,-0.7863,0.65112,-0.82751,0.00781,-2.0382,1.7481,2.4122
100263770,0.11414,-1.00830,-0.15454,-7.5573,-3.6183,-0.6260,0.65198,-0.82788,0.00781,-2.0305,1.7863,2.4656
100264770,0.10706,-1.00952,-0.16370,-7.3435,-3.7176,-0.6947,0.65173,-0.82776,0.00818,-2.0305,1.7939,2.5115
100265770,0.10010,-1.00452,-0.18201,-7.2901,-3.6641,-0.6489,0.65051,-0.82715,0.00793,-2.0382,1.8015,2.5802
100266770,0.10425,-1.00757,-0.17078,-7.6183,-3.2901,-0.3053,0.64978,-0.82642,0.00647,-2.0229,1.8550,2.6565
100267770,0.11047,-1.01721,-0.15100,-8.2901,-3.1908,0.0000,0.65112,-0.82520,0.00476,-1.9771,1.9389,2.7176
100268770,0.11340,-1.01880,-0.15161,-8.8397,-3.3588,-0.0076,0.65393,-0.82410,0.00281,-1.9008,2.0076,2.7557
100269770,0.11877,-1.02307,-0.14771,-8.6870,-3.4351,-0.1832,0.65649,-0.82288,0.00134,-1.8168,2.0611,2.7863
100270770,0.11743,-1.02844,-0.14331,-8.0611,-3.5573,-0.5344,0.65796,-0.82068,0.00134,-1.7481,2.0992,2.8092
100271770,0.10840,-1.02478,-0.15564,-7.5573,-3.8550,-0.9160,0.65784,-0.81921,0.00146,-1.6794,2.1298,2.8397
100272770,0.10693,-1.01538,-0.16284,-7.6260,-3.9771,-1.1298,0.65723,-0.81812,0.00208,-1.6183,2.1603,2.8550
100273770,0.11548,-1.01672,-0.14221,-7.6489,-3.9237,-1.0916,0.65784,-0.81641,0.00171,-1.5420,2.2214,2.8702
100274768,0.12012,-1.02222,-0.12976,-7.3893,-4.0687,-1.1450,0.65833,-0.81458,-0.00049,-1.4580,2.2824,2.8779
100275767,0.11340,-1.01196,-0.15393,-7.0763,-4.3664,-1.3282,0.65881,-0.81250,-0.00195,-1.3740,2.3206,2.8779
100276768,0.10071,-1.00049,-0.18469,-6.9466,-4.3588,-1.3511,0.65942,-0.81042,-0.00183,-1.2977,2.3206,2.8550
100277772,0.09509,-1.00244,-0.19226,-7.1527,-3.9924,-1.0916,0.65930,-0.80981,-0.00244,-1.2061,2.3282,2.8092
100278771,0.10229,-1.02222,-0.18103,-7.7023,-3.5802,-0.6794,0.65942,-0.80981,-0.00500,-1.0992,2.3664,2.7557
100279770,0.11206,-1.04150,-0.15833,-8.4198,-3.3282,-0.4733,0.66003,-0.80981,-0.00757,-1.0229,2.3817,2.6870
100280770,0.11829,-1.03601,-0.13818,-8.8550,-3.2443,-0.7176,0.66028,-0.80920,-0.00818,-0.9618,2.3893,2.6107
100281770,0.11389,-1.00378,-0.14380,-8.8397,-3.4046,-1.1374,0.66052,-0.80798,-0.00793,-0.9160,2.4275,2.5191
100282767,0.10303,-0.97998,-0.16809,-8.5496,-3.6260,-1.2061,0.66064,-0.80701,-0.00842,-0.8550,2.4580,2.4275
100283771,0.10156,-0.98364,-0.17102,-8.4351,-3.6107,-0.9771,0.66003,-0.80652,-0.00891,-0.7786,2.4656,2.3282
100284771,0.11157,-0.99939,-0.14563,-8.4427,-3.5344,-0.8626,0.65991,-0.80615,-0.00940,-0.6794,2.4656,2.2290
100285770,0.12219,-1.00891,-0.12781,-8.1450,-3.7405,-1.0534,0.66101,-0.80481,-0.00977,-0.5954,2.4962,2.1298
100286770,0.12085,-1.00208,-0.12695,-7.4046,-4.0305,-1.4198,0.66150,-0.80322,-0.00964,-0.5420,2.5344,2.0534
100287768,0.10986,-0.98596,-0.13904,-6.9084,-4.2824,-1.5649,0.66138,-0.80176,-0.00903,-0.5191,2.5649,1.9771
100288772,0.09778,-0.97131,-0.16528,-7.1985,-4.4504,-1.3206,0.66077,-0.79993,-0.00793,-0.5115,2.5802,1.8550
100289771,0.09314,-0.97266,-0.17932,-7.7023,-4.4046,-0.7939,0.66016,-0.79810,-0.00598,-0.5267,2.5954,1.6947
100290770,0.09448,-0.99243,-0.17139,-7.9466,-4.1985,-0.3664,0.66113,-0.79614,-0.00378,-0.5649,2.5954,1.5115
100291770,0.09888,-1.01123,-0.15894,-8.0611,-3.9618,-0.2366,0.66199,-0.79407,-0.00146,-0.6260,2.5954,1.3282
100292768,0.10229,-1.01599,-0.15845,-8.2061,-3.8626,-0.3435,0.66223,-0.79211,0.00000,-0.7099,2.6260,1.1527
100293768,0.09717,-1.01746,-0.16797,-8.2214,-3.8244,-0.4504,0.66235,-0.79077,0.00122,-0.8397,2.6641,0.9847
100294772,0.09192,-1.01648,-0.17590,-8.4198,-3.6718,-0.5496,0.66272,-0.78955,0.00256,-0.9924,2.6947,0.7710
100295771,0.09753,-1.00806,-0.17249,-8.6031,-3.3588,-0.6794,0.66333,-0.78784,0.00439,-1.1603,2.7557,0.5344
100296770,0.11035,-1.00085,-0.14600,-8.1985,-3.0305,-0.8702,0.66357,-0.78625,0.00659,-1.3740,2.8473,0.2824
100297770,0.11584,-0.99927,-0.12695,-7.3206,-3.0840,-1.1450,0.66406,-0.78503,0.00671,-1.5725,2.9389,0.0382
100298771,0.11450,-1.00098,-0.13538,-6.7176,-3.3969,-1.3588,0.66479,-0.78394,0.00586,-1.8092,3.0153,-0.2137
100299770,0.11523,-1.00940,-0.14111,-6.7863,-3.6336,-1.2977,0.66479,-0.78271,0.00513,-2.0763,3.0763,-0.5038
100300770,0.11804,-1.02588,-0.13684,-7.3435,-3.8931,-1.0534,0.66455,-0.78186,0.00586,-2.3817,3.1145,-0.8702
100301770,0.11646,-1.01501,-0.13965,-8.1908,-4.2214,-1.0763,0.66479,-0.78125,0.00769,-2.7328,3.1374,-1.2824
100302770,0.11035,-0.99133,-0.13708,-8.0916,-4.3130,-1.1298,0.66565,-0.77966,0.00903,-3.1450,3.1679,-1.7023
100303771,0.10010,-0.97205,-0.15686,-7.9695,-4.4733,-1.0229,0.66748,-0.77734,0.00977,-3.6107,3.2061,-2.1603
100304770,0.09436,-0.97241,-0.17371,-7.9084,-4.4351,-0.7252,0.67078,-0.77563,0.01001,-4.1221,3.1985,-2.6336
100305770,0.09778,-0.99316,-0.16345,-7.9237,-4.1298,-0.4351,0.67358,-0.77368,0.01062,-4.6718,3.1527,-3.1756
100306768,0.10364,-1.02197,-0.15637,-7.8779,-4.0305,-0.3740,0.67554,-0.77100,0.01074,-5.2672,3.0840,-3.7863
100307768,0.09912,-1.03857,-0.17615,-7.6947,-4.1298,-0.6489,0.67834,-0.76831,0.01086,-5.9237,3.0153,-4.5115
100308772,0.09583,-1.02844,-0.17712,-7.4962,-3.9160,-1.0153,0.68152,-0.76538,0.01123,-6.6641,2.9313,-5.3130
100309771,0.10156,-0.99841,-0.15649,-7.5191,-3.6260,-1.2901,0.68494,-0.76221,0.01172,-7.4809,2.8244,-6.1985
100310771,0.10229,-0.97693,-0.15613,-7.4733,-3.6718,-1.2519,0.68896,-0.75891,0.01038,-8.3817,2.6718,-7.1679
100311771,0.10107,-0.98035,-0.16418,-7.3282,-3.6794,-1.0305,0.69409,-0.75574,0.00916,-9.3588,2.4962,-8.2290
100312770,0.10803,-1.00171,-0.15601,-7.2519,-3.5725,-0.8397,0.70032,-0.75208,0.00903,-10.4122,2.2748,-9.3664
100313771,0.11499,-1.02795,-0.15100,-7.3053,-3.5802,-0.8092,0.70764,-0.74707,0.00916,-11.5496,1.9542,-10.6336
100314770,0.11621,-1.04016,-0.15308,-7.4656,-3.6565,-0.8931,0.71509,-0.74121,0.00891,-12.8092,1.5344,-12.0458
100315770,0.11304,-1.02344,-0.14978,-7.8550,-3.7557,-1.0916,0.72253,-0.73438,0.00732,-14.1832,1.0458,-13.6183
100316770,0.11169,-0.99072,-0.14148,-8.1832,-3.8397,-1.1603,0.73108,-0.72595,0.00378,-15.7252,0.4427,-15.3435
100317770,0.11011,-0.98059,-0.14478,-8.0992,-4.0458,-0.9084,0.74146,-0.71558,-0.00159,-17.4504,-0.3206,-17.2443
100318770,0.10547,-1.00330,-0.15710,-7.8244,-4.2595,-0.6183,0.75415,-0.70325,-0.00818,-19.3893,-1.2366,-19.3664
100319770,0.10718,-1.03345,-0.16357,-7.9237,-4.2824,-0.6107,0.76819,-0.68848,-0.01624,-21.5420,-2.3053,-21.7176
100320767,0.11060,-1.04114,-0.16101,-8.3588,-4.2290,-0.8931,0.78333,-0.67200,-0.02380,-23.8931,-3.5649,-24.3130
100321768,0.10864,-1.02380,-0.15625,-8.6183,-4.1985,-1.2443,0.79932,-0.65466,-0.03113,-26.4809,-5.0000,-27.1679
100322768,0.10388,-0.99487,-0.15344,-8.3588,-4.1450,-1.5038,0.81653,-0.63562,-0.03882,-29.2977,-6.5954,-30.3359
100323768,0.10071,-0.98584,-0.15796,-7.7328,-4.0382,-1.4122,0.83521,-0.61621,-0.04468,-32.3206,-8.3740,-33.8779
100324768,0.09851,-1.00110,-0.16431,-7.5420,-3.8931,-1.1069,0.85583,-0.59937,-0.04736,-35.5420,-10.3588,-37.8321
100325772,0.10132,-1.01294,-0.15430,-7.9160,-3.6947,-0.9237,0.87891,-0.58533,-0.04871,-38.8779,-12.5267,-42.2443
100326771,0.10730,-1.00085,-0.14380,-8.2290,-3.6412,-1.0458,0.90295,-0.57275,-0.05139,-42.2290,-14.8473,-47.1145
100327771,0.10730,-0.97791,-0.14722,-7.8626,-3.6870,-1.1908,0.92883,-0.56201,-0.05579,-45.5954,-17.3206,-52.4351
100328770,0.10266,-0.97412,-0.15234,-7.0916,-3.7099,-1.1069,0.95703,-0.55176,-0.06177,-49.0229,-19.9542,-58.2061
100329770,0.10242,-0.98730,-0.15356,-6.7939,-3.7710,-0.8931,0.98657,-0.54163,-0.06934,-52.5115,-22.7786,-64.4504
100330770,0.10852,-1.00818,-0.15015,-7.1298,-3.8092,-0.7328,1.02002,-0.53247,-0.07642,-56.0305,-25.8092,-71.1374
100331770,0.11328,-1.02625,-0.14258,-7.6718,-3.8702,-0.7481,1.05847,-0.52234,-0.08252,-59.5725,-29.0458,-78.2824
100332768,0.11145,-1.03540,-0.14185,-7.9466,-3.9924,-0.8779,1.10083,-0.50964,-0.08875,-63.1985,-32.4885,-85.8244
100333766,0.10327,-1.02795,-0.14246,-7.9542,-4.0382,-1.0763,1.14697,-0.49438,-0.09387,-66.9542,-36.1450,-93.7557
100334769,0.10071,-0.99548,-0.14172,-7.9847,-4.0305,-1.2977,1.19678,-0.47595,-0.09827,-70.8779,-39.9924,-102.1603
100335768,0.10400,-0.93774,-0.13757,-7.8015,-4.0229,-1.5191,1.24939,-0.45508,-0.10449,-74.9160,-44.0763,-111.2290
100336772,0.10181,-0.89624,-0.13965,-6.5802,-4.2901,-1.4427,1.30359,-0.43396,-0.11316,-78.9695,-48.3817,-120.9847
100337771,0.09558,-0.91296,-0.17224,-4.8244,-4.8092,-0.9924,1.35925,-0.41345,-0.12427,-82.9313,-52.8550,-131.3817
100338771,0.09204,-0.97656,-0.21509,-3.6260,-5.1908,-0.4885,1.47546,-0.37219,-0.15540,-90.1374,-62.2672,-154.1450
100339770,0.09680,-1.03650,-0.22900,-3.0763,-5.1298,-0.4656,1.53296,-0.35144,-0.17334,-93.1145,-67.0840,-166.5115
100340770,0.09766,-1.06042,-0.23816,-2.7252,-5.0305,-0.8626,1.58972,-0.32983,-0.18994,-95.5115,-71.9237,-179.4733
100341770,0.08240,-1.05127,-0.25989,-2.5725,-4.7557,-1.3130,1.64551,-0.30688,-0.20715,-97.2214,-76.7557,-193.0076
100342770,0.06812,-1.02747,-0.27905,-2.8397,-4.1221,-1.4733,1.69849,-0.28320,-0.22363,-98.2061,-81.5344,-207.1221
100343768,0.07202,-1.02551,-0.28015,-3.2137,-3.0840,-1.3053,1.74792,-0.25671,-0.23987,-98.4962,-86.3053,-221.8779
100344768,0.08557,-1.05505,-0.26172,-3.7023,-2.0076,-1.1221,1.79346,-0.22632,-0.25732,-98.1145,-91.0382,-237.2061
100345768,0.09534,-1.07812,-0.23499,-4.5191,-1.1832,-1.3817,1.83350,-0.19189,-0.27478,-97.0763,-95.7099,-250.1374
100346772,0.10400,-1.06238,-0.20715,-5.7634,-0.8015,-1.8931,1.86731,-0.15259,-0.29285,-95.3740,-100.3359,-250.1374
100347770,0.11755,-1.04187,-0.18616,-6.8092,-0.7939,-1.9924,1.89478,-0.10754,-0.31104,-93.1069,-104.8473,-250.1374
100348770,0.13293,-1.05530,-0.15662,-7.0076,-1.0305,-1.6260,1.91443,-0.05334,-0.32642,-90.4122,-109.2137,-250.1374
100349768,0.14331,-1.05591,-0.12195,-6.9389,-1.5115,-1.6489,1.92749,0.00513,-0.33801,-87.4656,-113.5115,-250.1374
100350768,0.14368,-1.00610,-0.11328,-7.0305,-2.3282,-2.0229,1.94409,0.03271,-0.34766,-84.3511,-117.8702,-250.1374
100351767,0.13489,-0.95911,-0.13135,-6.8626,-3.1832,-1.9695,1.96057,0.03625,-0.35364,-81.0992,-122.0992,-250.1374
100352772,0.12683,-0.95349,-0.13257,-6.1756,-3.5725,-1.5115,1.96655,0.05212,-0.35571,-77.7099,-126.0763,-250.1374
100353771,0.12170,-0.96973,-0.12476,-5.3130,-3.8092,-1.2748,1.96594,0.07104,-0.35632,-74.1832,-129.6718,-250.1374
100354770,0.11658,-0.98462,-0.14514,-4.7099,-4.0992,-1.3664,1.96179,0.08557,-0.35437,-70.5267,-132.8244,-250.1374
100355770,0.10974,-1.01074,-0.17505,-4.2748,-4.2366,-1.3817,1.95471,0.10010,-0.35034,-66.7557,-135.5954,-250.1374
100356770,0.10498,-1.04492,-0.19189,-4.0458,-4.2290,-1.3817,1.94482,0.11133,-0.34412,-62.9466,-137.9313,-250.1374
100357770,0.09570,-1.05981,-0.21436,-4.3435,-4.2748,-1.4962,1.93213,0.11462,-0.33521,-59.1679,-139.7405,-250.1374
100358770,0.07886,-1.04651,-0.24792,-4.9008,-4.1756,-1.7252,1.91589,0.11328,-0.32629,-55.4122,-140.9618,-250.1374
100359768,0.07104,-1.02600,-0.27319,-5.1069,-3.6718,-1.8473,1.89758,0.10986,-0.31897,-51.6565,-141.6489,-250.1374
100360767,0.07544,-1.03247,-0.26135,-4.7099,-2.7634,-1.6641,1.87988,0.09949,-0.31226,-47.9084,-141.8015,-250.1374
100361772,0.08252,-1.06055,-0.23633,-4.7557,-2.0382,-1.4733,1.86218,0.08203,-0.30725,-44.1756,-141.4733,-250.1374
100362771,0.08740,-1.06995,-0.23474,-5.5878,-1.6031,-1.6565,1.84302,0.06335,-0.30493,-40.4351,-140.6718,-250.1374
100363771,0.09131,-1.04846,-0.23499,-6.2290,-1.1374,-2.0305,1.82349,0.04382,-0.30432,-36.7710,-139.4427,-250.1374
100364771,0.09656,-1.02173,-0.20837,-6.0458,-0.6031,-2.2672,1.80627,0.02063,-0.30603,-33.2290,-137.8626,-250.1374
100365770,0.10583,-1.01147,-0.16797,-5.4733,-0.4122,-2.2901,1.79089,-0.00525,-0.30884,-29.7481,-135.9389,-250.1374
100366770,0.11865,-1.01636,-0.15137,-5.1985,-0.7710,-2.2901,1.77759,-0.03259,-0.31470,-26.2901,-133.7099,-250.1374
100367767,0.12585,-1.02917,-0.14648,-5.0076,-1.3053,-2.3664,1.76892,-0.06262,-0.32495,-22.8626,-131.2061,-250.1374
100368771,0.12231,-1.03809,-0.14355,-4.8702,-1.8626,-2.5878,1.76587,-0.09656,-0.33777,-19.4351,-128.4504,-250.1374
100369771,0.11548,-1.03015,-0.16003,-4.9237,-2.4046,-2.8397,1.76648,-0.13123,-0.35327,-15.9542,-125.4962,-250.1374
100370770,0.10632,-1.02197,-0.18787,-4.9313,-2.6870,-2.8473,1.77002,-0.16150,-0.37061,-12.3740,-122.3435,-250.1374
100371770,0.10242,-1.02832,-0.19922,-4.8855,-2.5725,-2.5954,1.77771,-0.18774,-0.38904,-8.7023,-119.0687,-250.1374
100372767,0.10681,-1.04114,-0.19934,-5.1756,-2.3664,-2.3053,1.78809,-0.20862,-0.40820,-5.0076,-115.7481,-250.1374
100373772,0.10718,-1.04565,-0.20947,-5.9618,-2.2595,-2.1298,1.79822,-0.22461,-0.42505,-1.4122,-112.4046,-250.1374
100374770,0.10303,-1.03503,-0.21509,-6.9160,-2.0153,-2.0534,1.80640,-0.23853,-0.43848,1.9542,-109.0763,-250.1374
100375770,0.10034,-1.01831,-0.20447,-7.6489,-1.6412,-1.9466,1.81372,-0.25439,-0.44910,4.9695,-105.8397,-250.1374
100376768,0.09802,-1.01074,-0.18982,-7.9618,-1.3282,-1.7710,1.82117,-0.27673,-0.45789,7.6412,-102.7786,-250.1374
100377772,0.09900,-1.01953,-0.17114,-8.0382,-1.0000,-1.6489,1.82764,-0.30200,-0.46655,10.0534,-99.8931,-250.1374
100378770,0.10632,-1.03882,-0.14478,-8.1374,-0.7557,-1.7023,1.83240,-0.32605,-0.47400,12.1985,-97.1450,-250.1374
100379770,0.11316,-1.05762,-0.13074,-8.3053,-0.7939,-1.9542,1.83521,-0.35107,-0.48108,14.0763,-94.5649,-250.1374
100380770,0.11841,-1.05920,-0.12854,-8.4275,-0.9084,-2.4198,1.83508,-0.37756,-0.48718,15.6794,-92.1679,-250.1374
100381770,0.11780,-1.03857,-0.12122,-8.4046,-1.0534,-2.9313,1.83032,-0.40063,-0.49036,16.9924,-90.0076,-250.1374
100382770,0.11182,-1.00977,-0.12036,-8.2901,-1.3664,-3.2214,1.82275,-0.42188,-0.49365,18.0763,-88.0611,-250.1374
100383770,0.10620,-0.98975,-0.13220,-8.2137,-1.7634,-3.1527,1.81580,-0.44824,-0.49866,18.8550,-86.3206,-250.1374
100384770,0.10474,-0.99084,-0.12158,-8.0229,-1.9389,-2.8626,1.80811,-0.47534,-0.50244,19.2824,-84.7634,-250.1374
100385771,0.11096,-1.00171,-0.09851,-8.1069,-2.1221,-2.6031,1.79663,-0.50122,-0.50439,19.3359,-83.3817,-250.1374
100386770,0.11633,-1.00244,-0.09021,-8.5878,-2.3969,-2.4046,1.78308,-0.53040,-0.50537,18.9084,-82.1908,-250.1374
100387768,0.12000,-0.99414,-0.09070,-9.1603,-2.6947,-2.1679,1.76526,-0.55981,-0.50330,17.9466,-81.0229,-250.1374
100388772,0.11938,-0.98584,-0.10242,-9.5802,-3.0458,-1.8779,1.74438,-0.59448,-0.49512,16.4656,-79.9389,-250.1374
100389770,0.10938,-0.98413,-0.12793,-9.4733,-3.3511,-1.6565,1.72632,-0.63721,-0.48486,14.6107,-78.9924,-250.1374
100390770,0.09949,-0.98450,-0.16113,-8.9924,-3.4198,-1.6260,1.70813,-0.68152,-0.47131,12.4580,-77.9313,-250.1374
100391770,0.09351,-0.99414,-0.16797,-8.5038,-3.1374,-1.6183,1.68823,-0.72729,-0.45105,10.0382,-76.7176,-250.1374
100392770,0.08350,-1.00732,-0.14258,-8.5191,-2.8397,-1.6718,1.66724,-0.77087,-0.42871,7.3664,-75.3893,-250.1374
100393770,0.05444,-1.02783,-0.13550,-8.7252,-3.0992,-1.6336,1.64514,-0.80701,-0.40161,4.3893,-73.9695,-250.1374
100394768,0.01404,-1.32727,-0.35706,-11.7939,-5.4351,1.7328,1.62305,-0.83643,-0.36926,0.9847,-72.4885,-250.1374
100395768,-0.07544,-2.00000,-0.71985,-25.6489,-7.2443,9.9924,1.60193,-0.85669,-0.33582,-2.9695,-70.9542,-250.1374
100396771,-0.07739,-2.00000,-0.63611,-50.9924,-3.3893,16.7939,1.58313,-0.87195,-0.30078,-7.5802,-69.3893,-250.1374
100397771,0.04236,-2.00000,-0.23523,-79.8092,1.5954,14.9466,1.56763,-0.88965,-0.26660,-12.8855,-67.9008,-250.1374
100398771,0.03662,-2.00000,-0.17151,-103.2901,3.1450,9.5573,1.55212,-0.91174,-0.23462,-18.7939,-66.4046,-250.1374
100399771,-0.02661,-1.81091,-0.28430,-121.6565,6.4504,11.0534,1.53711,-0.93921,-0.20068,-25.1679,-64.7863,-250.1374
100400770,0.09460,-1.77356,0.28027,-139.3130,15.6947,19.5267,1.52527,-0.96899,-0.16821,-31.8321,-63.0916,-250.1374
100401770,0.39087,-2.00000,1.15381,-161.4427,19.1374,26.7557,1.51599,-1.00073,-0.13879,-38.6107,-61.2290,-250.1374
100402770,0.60620,-2.00000,1.45789,-184.2443,12.1603,26.2290,1.50818,-1.03308,-0.10852,-45.3969,-59.0687,-250.1374
100403770,0.71436,-2.00000,1.52209,-190.9542,2.2443,20.7023,1.49988,-1.06201,-0.07727,-52.1908,-56.5496,-250.1374
100404770,0.72754,-1.87476,1.57141,-183.6336,-9.5267,14.1221,1.49341,-1.08765,-0.04443,-59.0611,-53.7405,-250.1374
100405771,0.63684,-1.56970,1.40808,-178.7863,-24.7176,10.2672,1.48999,-1.11133,-0.01294,-66.0076,-50.6794,-250.1374
100406771,0.58264,-1.32410,1.26855,-181.5496,-39.2443,10.0458,1.48645,-1.13367,0.01807,-73.0229,-47.3053,-250.1374
100407771,0.61206,-1.31152,1.44604,-182.9160,-49.9618,11.5573,1.48254,-1.15625,0.05176,-80.0763,-43.6260,-250.1374
100408770,0.59888,-1.53101,1.46179,-177.3511,-59.8779,11.3053,1.47864,-1.17981,0.08459,-87.1374,-39.6718,-250.1374
100409771,0.34790,-1.72778,0.88525,-169.5878,-68.6794,8.0229,1.47363,-1.20520,0.11743,-94.1374,-35.4122,-250.1374
100410771,0.05249,-1.71838,0.23413,-167.8550,-69.4427,4.3053,1.46753,-1.23230,0.15027,-101.0153,-30.8321,-250.1374
100411771,-0.06287,-1.50708,-0.02258,-176.0076,-63.5267,3.8626,1.45935,-1.26221,0.18018,-107.7405,-25.8397,-250.1374
100412771,-0.06433,-1.30286,0.07117,-186.9466,-57.0076,7.3511,1.44995,-1.29358,0.20947,-114.2061,-20.4275,-250.1374
100413771,-0.01868,-1.19800,0.29053,-193.1603,-53.2290,10.5191,1.44189,-1.32446,0.23633,-120.3130,-14.6489,-250.1374
100414770,0.02344,-1.19666,0.28589,-191.3893,-52.8092,11.1145,1.43420,-1.35400,0.26025,-125.9695,-8.4427,-250.1374
100415771,-0.03235,-1.30432,0.02539,-184.6412,-53.5191,10.3893,1.42468,-1.38184,0.28381,-131.1221,-1.8321,-250.1374
100416771,-0.09912,-1.28369,-0.08154,-180.6641,-51.7481,8.1069,1.41138,-1.40808,0.30664,-135.7786,5.1603,-250.1374
100417770,-0.03491,-1.00867,0.14551,-180.1069,-49.0458,5.1756,1.39478,-1.43213,0.32764,-139.9695,12.4962,-250.1374
100418770,0.06934,-0.88342,0.34216,-174.5344,-49.5115,5.0916,1.37769,-1.45679,0.34875,-143.7023,20.1298,-250.1374
100419770,0.06580,-1.32129,0.25684,-162.2824,-52.9847,8.4580,1.35376,-1.47156,0.37781,-146.9847,27.8931,-250.1374
100420770,0.01794,-1.91272,0.11304,-155.1908,-54.3511,8.9847,1.32861,-1.47021,0.39685,-149.8550,35.1069,-250.1374
100421771,0.10791,-2.00000,0.31433,-158.7863,-51.1679,4.3130,1.30774,-1.46887,0.40430,-152.4427,42.3969,-250.1374
100422770,0.24878,-1.72168,0.70667,-166.2519,-49.8779,0.4504,1.28503,-1.46741,0.41724,-154.8015,50.1679,-250.1374
100423770,0.26233,-1.48364,0.81067,-172.7099,-54.2824,0.8473,1.26160,-1.45886,0.42700,-156.8855,58.1221,-250.1374
100424770,0.23706,-1.35828,0.63892,-176.9084,-59.8015,2.2977,1.23779,-1.44690,0.43518,-158.6947,66.1527,-250.1374
100425770,0.24194,-1.31970,0.51184,-178.5954,-63.4427,3.1603,1.21301,-1.43237,0.44458,-160.2443,74.1145,-250.1374
100426771,0.26233,-1.45618,0.51782,-180.5496,-67.0076,4.8092,1.18811,-1.41626,0.45300,-161.5420,81.7634,-249.6565
100427771,0.28137,-1.66345,0.47754,-184.8702,-72.5344,5.9695,1.16284,-1.39868,0.45874,-162.5954,89.1527,-234.1221
100428771,0.26685,-1.74280,0.38245,-187.6794,-77.8397,4.6947,1.13684,-1.37671,0.46130,-163.3893,96.3893,-219.1908
100429770,0.24841,-1.61096,0.32349,-186.9160,-80.6718,1.5115,1.11047,-1.35034,0.46204,-163.9084,103.4351,-204.8092
100430771,0.20959,-1.35742,0.24048,-182.1756,-81.8626,-1.5344,1.08337,-1.31982,0.45959,-164.1450,110.2214,-190.9084
100431770,0.15735,-1.15454,0.12048,-173.8626,-81.6107,-3.8779,1.05688,-1.28625,0.45410,-164.1527,116.7405,-177.4427
100432770,0.13647,-1.09875,0.03699,-164.9771,-80.0000,-5.7252,1.03149,-1.25085,0.44580,-163.9542,123.0000,-164.4198
100433770,0.15942,-1.21472,0.02319,-151.7099,-77.0229,-12.2366,1.00476,-1.21191,0.43384,-163.5191,129.0229,-151.8626
100434770,0.19324,-1.09680,0.03674,-145.0916,-76.4427,-17.9542,0.97461,-1.16919,0.42029,-162.8550,134.7710,-139.7710
100435770,0.20935,-0.83252,0.02209,-139.8855,-77.0763,-22.5649,0.94177,-1.12366,0.40588,-161.9847,140.1527,-128.1603
100436770,0.18445,-0.57715,-0.09448,-137.9160,-79.7252,-23.2748,0.90747,-1.07471,0.38953,-160.9618,145.2061,-116.9924
100437770,0.10120,-0.52490,-0.38733,-141.1679,-84.4046,-18.7863,0.83118,-0.97095,0.35010,-158.7252,154.2137,-95.9466
100438770,0.03284,-0.69934,-0.70923,-149.2901,-87.4733,-11.1069,0.79102,-0.91785,0.32922,-157.5802,158.0305,-86.1450
100439770,0.05139,-0.91272,-0.71802,-157.0229,-86.2519,-4.5420,0.75220,-0.86377,0.30798,-156.4427,161.3511,-76.8550
100440770,0.05249,-1.03418,-0.50427,-159.2519,-84.5649,-0.5878,0.71472,-0.80872,0.28552,-155.3511,164.2137,-68.0534
100441770,-0.03394,-0.96960,-0.62524,-162.0534,-86.1756,1.4351,0.67920,-0.75427,0.26257,-154.2672,166.6260,-59.7328
100442768,-0.14417,-0.74280,-0.89844,-167.1603,-85.2366,3.3817,0.64758,-0.70215,0.23889,-153.0916,168.5344,-51.9160
100443772,-0.12109,-0.61646,-0.73962,-168.6641,-78.9847,6.3817,0.61877,-0.65222,0.21423,-151.7710,169.9542,-44.6260
100444771,-0.00610,-0.72327,-0.39270,-165.3359,-73.8855,8.6947,0.58899,-0.60303,0.18921,-150.3130,170.9237,-37.8931
100445770,0.04553,-0.98901,-0.32471,-159.2977,-73.1527,7.7481,0.55920,-0.55457,0.16382,-148.7023,171.4351,-31.6718
100446770,0.02075,-1.22778,-0.50110,-151.6794,-73.3664,2.4275,0.53088,-0.50842,0.13599,-146.9160,171.4656,-25.9542
100447770,-0.01648,-1.30176,-0.64307,-142.7786,-71.6336,-4.8244,0.50244,-0.46558,0.10620,-144.9695,171.0611,-20.7405
100448770,-0.04761,-1.18750,-0.72266,-135.0916,-69.3893,-11.4733,0.47437,-0.42603,0.07617,-142.8244,170.2443,-16.0458
100449770,-0.03381,-0.98181,-0.73413,-128.1679,-66.7023,-16.2519,0.44836,-0.38916,0.04614,-140.4198,169.0229,-11.8931
100450770,0.04504,-0.91528,-0.59241,-120.5878,-63.5267,-17.9389,0.42419,-0.35339,0.01721,-137.8092,167.4122,-8.2901
100451770,0.10620,-1.01685,-0.45398,-115.2443,-61.7786,-17.7023,0.40137,-0.31787,-0.01135,-134.9847,165.4198,-5.2443
100452770,0.12366,-1.07227,-0.38538,-114.5344,-61.0840,-18.0382,0.38074,-0.28308,-0.04041,-131.9542,163.0305,-2.6947
100453770,0.11841,-0.90393,-0.23035,-116.4504,-60.3359,-19.2977,0.36279,-0.24951,-0.07019,-128.7634,160.2443,-0.6412
100454771,0.18958,-0.66406,-0.35791,-120.7023,-64.3511,-17.7176,0.34644,-0.21704,-0.09924,-125.3893,157.1145,0.9237
100455770,0.23877,-0.94641,-1.27502,-136.0382,-74.4962,-5.6641,0.33167,-0.18604,-0.12695,-121.8092,153.6794,1.9771
100456770,0.13904,-2.00000,-1.78101,-166.3817,-76.1221,17.1985,0.32031,-0.15674,-0.15344,-118.0611,149.9237,2.5420
100457771,0.24438,-2.00000,-0.90100,-204.5573,-66.3359,36.9924,0.31165,-0.12830,-0.17944,-114.1527,145.8244,2.6336
100458770,0.38159,-2.00000,-0.34094,-249.8321,-64.4275,37.7481,0.30347,-0.10107,-0.20471,-110.1069,141.4122,2.3053
100459770,0.25488,-2.00000,-0.97449,-250.1374,-64.0916,29.8397,0.29590,-0.07593,-0.22791,-105.9695,136.7557,1.5649
100460770,0.36023,-2.00000,-0.68701,-250.1374,-44.4046,36.0992,0.28918,-0.05237,-0.24756,-101.7328,131.8855,0.4122
100461770,0.64478,-2.00000,0.62793,-250.1374,-28.1374,56.0305,0.28357,-0.03137,-0.26526,-97.3664,126.8321,-1.1756
100462771,0.74622,-2.00000,0.96216,-250.1374,-32.5344,68.1603,0.27966,-0.01208,-0.28235,-92.9389,121.6183,-3.1832
100463770,1.05164,-2.00000,0.92310,-250.1374,-39.0687,63.1603,0.27686,0.00647,-0.29590,-88.4656,116.3740,-5.5725
100464771,1.49939,-2.00000,1.88757,-250.1374,-42.4885,49.6183,0.27551,0.02441,-0.30615,-83.9924,111.0382,-8.3359
100465770,1.68237,-2.00000,1.99994,-250.1374,-61.1603,32.4122,0.27588,0.04114,-0.31543,-79.5496,105.4733,-11.4351
100466771,1.56824,-2.00000,1.99994,-250.1374,-96.7710,13.4656,0.27795,0.05591,-0.32471,-75.1832,99.7328,-14.8321
100467770,1.28601,-2.00000,1.35193,-250.1374,-123.1374,0.7252,0.28247,0.06824,-0.33228,-70.8855,93.9084,-18.4809
100468770,1.21875,-2.00000,1.65198,-250.1374,-133.2519,-4.5878,0.28931,0.07825,-0.33716,-66.6718,88.0000,-22.3359
100469770,1.12573,-2.00000,1.52771,-250.1374,-145.5649,-12.4122,0.29712,0.08618,-0.34021,-62.5573,82.0153,-26.3511
100470770,0.62866,-2.00000,0.40918,-250.1374,-156.4046,-25.9542,0.30566,0.09143,-0.34180,-58.5573,75.9847,-30.5496
100471770,0.24182,-2.00000,-0.37915,-250.1374,-149.6183,-40.4427,0.31641,0.09351,-0.34155,-54.7252,69.9618,-34.9084
100472770,0.26807,-2.00000,-0.31860,-250.1374,-132.7481,-48.1450,0.32971,0.09229,-0.33875,-51.0229,63.9695,-39.3511
100473771,0.30994,-1.59192,-0.13904,-250.1374,-121.9160,-42.8550,0.34485,0.08813,-0.33496,-47.4351,57.9847,-43.8473
100474771,0.27576,-1.63220,-0.29309,-250.1374,-118.2366,-30.5954,0.36084,0.08130,-0.32935,-43.9924,52.0534,-48.3969
100475771,0.30798,-1.66125,-0.46790,-250.1374,-115.0611,-24.3740,0.37769,0.07251,-0.32129,-40.6718,46.1985,-52.9542
100476770,0.27783,-1.18225,-0.62988,-250.1374,-115.2061,-25.7176,0.39685,0.06238,-0.31177,-37.4351,40.4275,-57.4656
100477770,0.23865,-0.60999,-0.81311,-250.1374,-116.6107,-23.7023,0.41724,0.05054,-0.30261,-34.2519,34.7786,-61.9389
100478770,0.29150,-0.60486,-0.63232,-250.1374,-116.7863,-13.7023,0.43921,0.03784,-0.29443,-31.1374,29.2443,-66.3664
100479770,0.38745,-1.08154,-0.16138,-250.1374,-117.1374,-4.8626,0.46326,0.02478,-0.28687,-28.0916,23.8473,-70.7023
100480770,0.53284,-1.51721,-0.00427,-250.1374,-119.6870,-3.4122,0.48804,0.01196,-0.27966,-25.0840,18.5878,-74.8702
100481771,0.52771,-1.96228,-0.16650,-250.1374,-121.1756,-4.9695,0.51282,0.00000,-0.27173,-22.1298,13.4351,-78.8702
100482770,0.41711,-2.00000,-0.13977,-250.1374,-117.6947,-8.0840,0.53589,-0.01147,-0.26404,-19.2443,8.4046,-82.6718
100483770,0.36609,-2.00000,-0.16882,-250.1374,-115.5878,-16.0382,0.55688,-0.02319,-0.25647,-16.4351,3.5115,-86.3511
100484771,0.30249,-2.00000,-0.40613,-250.1374,-116.5267,-24.4656,0.57556,-0.03479,-0.24902,-13.7252,-1.2443,-89.8931
100485770,0.39270,-1.97107,-0.31030,-250.1374,-114.7786,-29.1908,0.59180,-0.04529,-0.24280,-11.1069,-5.8931,-93.1450
100486771,0.60791,-2.00000,-0.08594,-250.1374,-115.2824,-31.6336,0.60669,-0.05652,-0.23694,-8.5496,-10.4275,-96.0916
100487771,0.56006,-2.00000,-0.42957,-250.1374,-122.7023,-35.7634,0.61963,-0.06921,-0.23218,-6.0305,-14.8244,-98.8397
100488770,0.34546,-2.00000,-0.96204,-250.1374,-127.7328,-43.3817,0.62964,-0.08167,-0.22766,-3.5038,-19.1145,-101.4580
100489770,0.28564,-2.00000,-0.96924,-250.1374,-125.1221,-51.5725,0.63867,-0.09265,-0.22168,-1.0229,-23.3435,-103.9084
100490770,0.24902,-2.00000,-0.82654,-250.1374,-122.5191,-56.9008,0.64722,-0.10217,-0.21472,1.4351,-27.4733,-106.1908
100491770,0.12402,-2.00000,-1.08228,-250.1374,-121.5191,-58.8015,0.65466,-0.11035,-0.20764,3.8855,-31.4809,-108.2595
100492770,0.06079,-2.00000,-1.31067,-250.1374,-115.7481,-60.5496,0.66187,-0.11792,-0.20093,6.3588,-35.4046,-110.0840
100493770,0.10034,-2.00000,-1.04028,-250.1374,-105.5115,-64.9771,0.66858,-0.12415,-0.19385,8.8015,-39.2748,-111.7023
100494770,0.18372,-1.61450,-0.52905,-250.1374,-98.0992,-72.8015,0.67383,-0.12866,-0.18481,11.2061,-43.0840,-113.1450
100495770,0.36218,-0.73926,-0.40076,-250.1374,-97.9618,-81.4198,0.67847,-0.13269,-0.17505,13.5878,-46.7939,-114.4046
100496770,0.49976,-0.08386,-0.92957,-250.1374,-102.3740,-84.2137,0.68274,-0.13611,-0.16455,15.9008,-50.4122,-115.4733
100497768,0.50330,-0.42993,-1.32593,-250.1374,-102.1832,-76.2748,0.68640,-0.13855,-0.15381,18.1298,-53.9389,-116.3664
100498768,0.42920,-1.37451,-1.23291,-250.1374,-100.3817,-68.1221,0.69006,-0.14038,-0.14282,20.2901,-57.3969,-117.0763
100499771,0.27979,-1.58191,-1.19873,-250.1374,-101.2366,-72.1756,0.69409,-0.14246,-0.13123,22.3740,-60.7863,-117.6565
100500771,0.22693,-0.93469,-1.43640,-250.1374,-100.4580,-79.8244,0.69873,-0.14514,-0.11963,24.3969,-64.0763,-118.0687
100501770,0.23877,-0.47888,-1.51599,-243.8931,-93.8168,-77.1298,0.70471,-0.14856,-0.10693,26.3359,-67.2366,-118.3588
100502770,0.28369,-0.77576,-1.26855,-221.6565,-84.5725,-65.8473,0.71155,-0.15247,-0.09375,28.2214,-70.2290,-118.4962
100503770,0.40295,-1.28516,-1.13159,-214.6107,-77.5878,-59.0992,0.71875,-0.15674,-0.08203,30.1374,-73.0458,-118.4656
100504770,0.54724,-1.61511,-0.81812,-211.5115,-70.3282,-60.2519,0.72766,-0.16138,-0.07104,32.0687,-75.7176,-118.2824
100505770,0.64746,-1.71887,-0.42871,-200.1985,-68.0534,-68.8702,0.73804,-0.16553,-0.06042,34.0000,-78.1985,-117.9847
100506770,0.61267,-1.48132,-0.71094,-181.1374,-74.4656,-81.9618,0.74854,-0.16748,-0.05054,35.9618,-80.4656,-117.5573
100507768,0.54138,-1.45325,-1.30859,-156.4351,-80.4733,-90.3893,0.75916,-0.16711,-0.04150,37.9847,-82.5344,-117.0000
100508772,0.51440,-1.90845,-1.30896,-133.1527,-80.9008,-94.7023,0.76990,-0.16577,-0.03308,40.0153,-84.4122,-116.3130
100509771,0.54810,-2.00000,-1.17322,-116.4580,-83.9618,-99.2901,0.78003,-0.16418,-0.02454,41.9695,-86.1145,-115.4733
100510770,0.42883,-2.00000,-1.77087,-114.8702,-90.9389,-105.9466,0.79028,-0.16125,-0.01514,43.8244,-87.6489,-114.5420
100511770,0.18445,-2.00000,-2.00000,-124.5191,-85.3511,-115.6718,0.80090,-0.15723,-0.00513,45.5420,-89.0305,-113.5344
100512771,0.21094,-2.00000,-1.71008,-133.3969,-68.1221,-130.6565,0.81165,-0.15308,0.00403,47.1603,-90.2290,-112.4427
100513771,0.27051,-1.86267,-1.62268,-130.1298,-57.4733,-141.4656,0.82361,-0.14880,0.01282,48.6565,-91.2290,-111.2519
100514771,0.11353,-1.45374,-2.00000,-124.8092,-52.4809,-137.0153,0.83728,-0.14514,0.02222,49.9924,-92.0458,-109.9618
100515771,-0.01477,-1.74268,-2.00000,-135.7405,-42.7252,-128.2137,0.85120,-0.14209,0.03076,51.2290,-92.7099,-108.6336
100516770,0.13062,-1.45935,-1.38538,-157.2137,-34.3817,-131.8321,0.86450,-0.13953,0.03687,52.3817,-93.2366,-107.2137
100517771,0.30603,-0.28345,-1.02234,-169.1298,-38.3130,-143.0305,0.87878,-0.13708,0.04224,53.4809,-93.5954,-105.6336
100518771,0.24792,0.42957,-1.29333,-155.2519,-45.6489,-142.0992,0.89392,-0.13452,0.04907,54.5191,-93.7710,-103.9237
100519770,0.21802,-0.15771,-1.36963,-129.1450,-45.9542,-128.0763,0.90869,-0.13208,0.05603,55.4504,-93.7710,-102.0458
100520770,0.26843,-1.17700,-1.25659,-113.5573,-44.0153,-116.5038,0.92261,-0.12891,0.06189,56.2519,-93.6183,-100.0229
100521767,0.26123,-1.45288,-1.20496,-112.2290,-42.1450,-118.3740,0.93652,-0.12463,0.06714,56.9237,-93.3435,-97.9160
100522767,0.22571,-0.65125,-0.97595,-107.4885,-36.4733,-130.1069,0.95007,-0.11926,0.07166,57.4962,-92.8702,-95.7328
100523768,0.22693,0.32947,-0.78833,-85.0000,-30.9847,-136.5267,0.96289,-0.11377,0.07495,57.9618,-92.1679,-93.4809
100524768,0.15857,0.35986,-1.21167,-59.7863,-32.2443,-128.9389,0.97437,-0.10925,0.07764,58.2824,-91.3053,-91.1450
100525772,0.13525,-0.66455,-1.74854,-54.4962,-33.7939,-115.3435,0.98499,-0.10498,0.08044,58.4733,-90.3282,-88.7252
100526771,0.29370,-1.87830,-1.65002,-70.2061,-32.1832,-109.7634,0.99536,-0.10046,0.08264,58.5649,-89.2290,-86.2290
100527770,0.36841,-2.00000,-1.39709,-91.7939,-34.6412,-118.2061,1.00635,-0.09595,0.08447,58.5420,-87.9847,-83.6794
100528771,0.18896,-1.53833,-1.46045,-103.4656,-39.1221,-132.4885,1.01685,-0.08997,0.08643,58.4046,-86.5954,-81.0916
100529770,-0.01843,-0.70935,-1.61255,-99.7252,-38.3206,-137.8321,1.02612,-0.08264,0.08875,58.1527,-85.1145,-78.4733
100530770,-0.12915,-0.68298,-1.80945,-92.2366,-32.5802,-130.2824,1.03430,-0.07617,0.09094,57.8244,-83.6031,-75.8473
100531770,-0.13855,-1.24561,-1.97583,-94.6183,-23.4962,-121.4809,1.04224,-0.07007,0.09094,57.4122,-82.0229,-73.1908
100532770,0.01660,-1.67883,-1.77612,-101.1450,-11.3817,-122.1985,1.04919,-0.06396,0.08862,56.8931,-80.3664,-70.5115
100533770,0.23865,-1.76550,-1.36169,-99.7405,-0.9771,-130.4580,1.05505,-0.05811,0.08716,56.3282,-78.6565,-67.8092
100534768,0.30591,-1.66064,-1.33765,-92.6031,2.5649,-139.3053,1.06079,-0.05334,0.08679,55.7176,-76.9313,-65.1374
100535771,0.09302,-1.24414,-1.40430,-85.7328,4.3130,-148.0687,1.06580,-0.04968,0.08557,55.0382,-75.1985,-62.4885
100536771,-0.07593,-0.52637,-1.08423,-81.0305,7.3511,-155.8168,1.07361,-0.04175,0.08057,53.4962,-71.5649,-57.2595
100537771,-0.10999,-0.06274,-0.91748,-78.9542,5.3130,-157.6031,1.07739,-0.03674,0.07727,52.7023,-69.6336,-54.7252
100538770,-0.06946,-0.26953,-1.00293,-74.5878,2.2061,-154.1832,1.08130,-0.03247,0.07434,51.8855,-67.6565,-52.1832
100539770,-0.02075,-0.57654,-0.97656,-68.9466,1.3511,-156.4351,1.08618,-0.02747,0.07153,51.0840,-65.6565,-49.6565
100540770,0.00122,-0.11218,-0.85535,-65.3969,2.6031,-166.7786,1.09082,-0.02112,0.06738,50.3053,-63.6336,-47.1985
100541770,-0.07568,0.98792,-0.93176,-69.7328,1.7252,-172.7023,1.09485,-0.01465,0.06335,49.5496,-61.5649,-44.7863
100542770,-0.09375,1.67725,-0.91394,-72.2748,3.9542,-162.2214,1.09863,-0.00867,0.06006,48.8244,-59.4962,-42.3893
100543770,0.03003,1.20300,-0.72607,-68.7252,6.5038,-139.7710,1.10168,-0.00256,0.05737,48.1603,-57.4809,-40.0458
100544770,-0.06274,0.14160,-0.80005,-63.5496,5.3511,-123.2290,1.10291,0.00330,0.05627,47.5191,-55.5038,-37.7710
100545770,-0.19714,-0.27148,-1.01709,-65.2748,4.8092,-123.2901,1.10217,0.00903,0.05420,46.9160,-53.5344,-35.5420
100546770,-0.21277,0.57983,-1.15430,-74.5344,5.7328,-133.0076,1.10132,0.01575,0.05139,46.3206,-51.5267,-33.3435
100547771,-0.27576,1.75037,-1.17285,-79.7634,5.9924,-132.0916,1.10059,0.02283,0.04932,45.6794,-49.4504,-31.1679
100548771,-0.36670,1.99994,-1.23157,-78.5725,6.1603,-116.2290,1.09924,0.03064,0.04688,44.9695,-47.3206,-29.0153
100549770,-0.27551,1.27917,-1.24902,-71.8092,10.4885,-99.0000,1.09814,0.03931,0.04431,44.1603,-45.1450,-26.9160
100550770,-0.11365,0.23401,-1.17957,-63.8855,18.0000,-91.7786,1.09705,0.04749,0.04114,43.2214,-42.9389,-24.8931
100551770,-0.15112,-0.25378,-1.12183,-60.4046,24.9695,-96.1298,1.09558,0.05579,0.03772,42.1450,-40.7328,-22.9695
100552771,-0.29932,0.18372,-1.10803,-62.9695,30.7939,-104.1679,1.09534,0.06409,0.03528,40.9389,-38.5115,-21.1298
100553770,-0.28235,1.00452,-1.00757,-64.6412,36.9695,-104.8779,1.09595,0.07104,0.03210,39.6412,-36.3053,-19.3817
100554770,-0.11145,1.23877,-0.70776,-60.2519,41.5344,-93.2672,1.09729,0.07764,0.02734,38.2366,-34.1298,-17.7023
100555770,0.01819,0.60632,-0.26538,-53.7634,41.8015,-78.7405,1.09827,0.08435,0.02283,36.7863,-31.9924,-16.1069
100556770,0.10437,-0.28967,0.03552,-52.0458,37.2214,-73.3511,1.09802,0.09082,0.01697,35.3664,-29.8779,-14.5802
100557771,0.10034,-0.85010,-0.13574,-59.8702,28.5191,-78.0687,1.09851,0.09570,0.00977,33.9771,-27.7939,-13.1450
100558771,-0.00781,-0.72266,-0.41516,-76.4580,22.3588,-86.7328,1.09961,0.09912,0.00232,32.5954,-25.7710,-11.7863
100559771,-0.12219,0.04749,-0.41187,-95.9008,20.0992,-92.9466,1.10095,0.10217,-0.00647,31.2214,-23.8092,-10.5038
100560770,-0.14807,0.64404,-0.26416,-103.3740,20.3130,-90.4504,1.10266,0.10535,-0.01685,29.8550,-21.8855,-9.2595
100561770,-0.16638,0.33447,-0.24731,-97.8626,20.9237,-80.8015,1.10425,0.10986,-0.02820,28.4809,-20.0153,-8.0458
100562770,-0.40381,-0.30029,-0.31970,-92.7328,22.5802,-76.4198,1.10596,0.11499,-0.04065,27.0458,-18.2290,-6.8473
100563770,-0.56470,-0.19763,-0.33264,-99.4733,25.9084,-82.0458,1.10742,0.12000,-0.05249,25.5725,-16.5267,-5.6489
100564770,-0.43921,0.67297,-0.46838,-115.0153,27.6412,-86.8779,1.10840,0.12451,-0.06470,24.0687,-14.8931,-4.4962
100565770,-0.16589,1.02832,-0.03870,-114.7405,31.1145,-67.0534,1.10962,0.12842,-0.07678,22.5420,-13.3588,-3.3588
100566770,-0.08276,0.69910,0.18042,-110.8473,28.2672,-61.4122,1.11072,0.13196,-0.08801,21.0000,-11.9466,-2.2824
100567767,-0.12952,0.79211,-0.05969,-120.8092,22.8779,-62.1679,1.11145,0.13574,-0.09912,19.4351,-10.6412,-1.2672
100568772,-0.15112,1.27502,-0.20471,-137.2519,22.1298,-62.0763,1.11169,0.14062,-0.11035,17.8244,-9.4580,-0.2977
100569771,-0.11475,1.54321,0.12610,-141.0916,25.7252,-55.1603,1.11121,0.14587,-0.12073,16.2214,-8.4122,0.6183
100570770,-0.10474,1.12207,0.27307,-134.7634,25.2519,-43.5802,1.11060,0.15039,-0.12805,14.6107,-7.5191,1.4809
100571770,-0.19189,0.43616,-0.10400,-132.7863,21.9771,-36.0763,1.10986,0.15479,-0.13367,13.0076,-6.7634,2.2824
100572770,-0.22473,0.22034,-0.27869,-138.7023,23.1374,-36.7710,1.10950,0.15869,-0.14026,11.4198,-6.1221,2.9924
100573771,-0.14417,0.66748,0.00317,-147.4046,25.8931,-40.4427,1.10986,0.16113,-0.14795,9.8550,-5.6031,3.6107
100574770,-0.14087,1.18774,0.29651,-151.3969,24.0153,-38.9389,1.10999,0.16321,-0.15515,8.3282,-5.2137,4.1145
100575770,-0.21606,1.31360,0.31567,-150.6565,18.9847,-33.0687,1.10938,0.16553,-0.16162,6.8931,-4.9313,4.4809
100576770,-0.27209,1.24487,0.15674,-150.6870,15.0611,-28.4504,1.10852,0.16736,-0.16772,5.5573,-4.7176,4.7710
100577770,-0.31128,1.36218,0.07349,-154.9847,14.0992,-26.7939,1.10779,0.16980,-0.17395,4.3053,-4.5649,4.9924
100578770,-0.24890,1.88611,0.31909,-156.8092,16.9237,-26.8092,1.10669,0.17310,-0.18018,3.2061,-4.5191,5.0992
100579770,-0.08691,1.99994,0.73254,-144.4656,19.5115,-23.8473,1.10583,0.17590,-0.18591,2.2443,-4.5420,5.0687
100580770,-0.05432,1.99994,0.72595,-124.1450,16.7863,-14.6718,1.10522,0.17896,-0.19141,1.3893,-4.6260,4.9160
100581770,-0.16785,1.86755,0.34338,-113.9084,12.6260,-2.5191,1.10461,0.18274,-0.19690,0.6489,-4.7405,4.6412
100582770,-0.17090,1.50684,0.35901,-116.2595,13.0611,5.1069,1.10400,0.18579,-0.20178,0.0687,-4.8779,4.2672
100583770,-0.02747,1.60876,0.73718,-117.2443,13.1908,7.2443,1.10278,0.18848,-0.20496,-0.4427,-5.0305,3.8244
100584770,0.00769,1.77209,0.75806,-105.8168,7.7405,9.6107,1.10095,0.19153,-0.20691,-0.8931,-5.1832,3.2672
100585771,-0.15442,1.60559,0.39417,-88.4275,0.9771,14.9466,1.09900,0.19556,-0.20825,-1.2290,-5.3206,2.6107
100586771,-0.27588,1.34680,0.19482,-81.5802,-1.3435,19.7405,1.09583,0.19995,-0.20984,-1.4733,-5.4427,1.8321
100587771,-0.24854,1.32092,0.30762,-90.0229,-1.5649,22.8321,1.09167,0.20374,-0.20959,-1.6794,-5.5573,0.9847
100588770,-0.17737,1.34460,0.48291,-98.9389,-2.7634,26.0840,1.08704,0.20630,-0.20691,-1.8702,-5.6412,0.1069
100589770,-0.13367,1.23499,0.52844,-96.2901,-4.5038,29.1603,1.08191,0.20813,-0.20349,-2.0611,-5.7328,-0.8168
100590768,-0.16553,1.07556,0.40039,-86.6336,-5.8702,31.7176,1.07727,0.21082,-0.19922,-2.2443,-5.8473,-1.7863
100591768,-0.21021,1.07092,0.30164,-81.3130,-5.8855,34.1603,1.07336,0.21289,-0.19360,-2.4046,-5.9618,-2.7863
100592771,-0.15747,1.23938,0.44873,-80.7176,-5.1069,37.5649,1.06946,0.21399,-0.18799,-2.6031,-6.0611,-3.8168
100593771,-0.08167,1.28369,0.61938,-77.0763,-7.1527,42.6183,1.06592,0.21436,-0.18335,-2.8321,-6.1603,-4.8550
100594771,-0.10657,1.04065,0.46375,-68.5802,-12.6412,47.5191,1.06238,0.21289,-0.17834,-3.0763,-6.2443,-5.8550
100595771,-0.17383,0.70178,0.18420,-61.4885,-16.5649,49.8550,1.05847,0.20862,-0.17236,-3.3053,-6.3130,-6.8092
100596770,-0.20020,0.53845,0.14026,-61.3588,-16.9847,49.9618,1.05420,0.20337,-0.16748,-3.5344,-6.3664,-7.7328
100597770,-0.20776,0.56165,0.20288,-67.2519,-16.8779,50.7099,1.05127,0.19739,-0.16370,-3.7786,-6.3893,-8.6107
100598768,-0.22510,0.54700,0.18628,-73.0305,-16.6565,53.9466,1.04980,0.18994,-0.15991,-4.0229,-6.3511,-9.4046
100599771,-0.21362,0.38855,0.20581,-76.6870,-14.2595,58.6947,1.04846,0.18115,-0.15601,-4.2137,-6.2748,-10.1221
100600770,-0.16040,0.21533,0.27942,-83.5267,-11.3206,63.3435,1.04675,0.17163,-0.15259,-4.3435,-6.1756,-10.7710
100601771,-0.10352,0.19934,0.31555,-97.0763,-10.2977,67.5420,1.04504,0.16211,-0.14893,-4.4046,-6.0458,-11.3664
100602770,-0.01965,0.34912,0.42224,-111.0992,-10.8855,71.7939,1.04346,0.15271,-0.14551,-4.4198,-5.8931,-11.9008
100603771,0.10681,0.46863,0.66394,-117.7863,-13.3130,76.9389,1.04163,0.14343,-0.14197,-4.3817,-5.7099,-12.3740
100604770,0.18994,0.41370,0.82825,-119.2443,-19.3130,82.2595,1.04053,0.13464,-0.13879,-4.2137,-5.5115,-12.7405
100605768,0.18799,0.29797,0.79993,-122.1298,-27.7176,85.8321,1.03845,0.12610,-0.13623,-3.9237,-5.3130,-12.9695
100606768,0.12366,0.32080,0.74915,-127.6565,-35.5573,86.9466,1.03430,0.11755,-0.13354,-3.5725,-5.1069,-13.1374
100607766,0.02271,0.53943,0.72070,-132.4046,-42.0840,86.9389,1.03040,0.11096,-0.13147,-3.1527,-4.8855,-13.2595
100608769,-0.12830,0.86609,0.56799,-132.2901,-47.0458,87.1603,1.02698,0.10620,-0.12927,-2.6489,-4.6718,-13.3511
100609772,-0.22827,1.04016,0.49438,-120.7786,-46.9771,88.9924,1.02209,0.10254,-0.12524,-2.1298,-4.5267,-13.3740
100610771,-0.20398,0.84851,0.48914,-104.1603,-44.7710,92.8931,1.01660,0.10059,-0.12012,-1.6336,-4.4275,-13.3130
100611771,-0.23010,0.42261,0.32434,-94.5038,-44.2137,97.3053,1.01270,0.09949,-0.11536,-1.1374,-4.3893,-13.1679
100612770,-0.24988,0.07874,0.21973,-94.4962,-42.6947,99.8855,1.01074,0.09839,-0.11108,-0.6489,-4.3740,-12.9618
100613768,-0.20337,0.10400,0.33533,-96.9237,-40.6870,99.4351,1.00952,0.09692,-0.10669,-0.2214,-4.3969,-12.7176
100614768,-0.20288,0.40503,0.51477,-93.7176,-41.0076,99.0458,1.00757,0.09436,-0.10046,0.1221,-4.4656,-12.4122
100615768,-0.23694,0.72461,0.44946,-88.1985,-45.2672,101.4809,1.00586,0.09094,-0.09363,0.4198,-4.5496,-12.0611
100616768,-0.28064,0.82300,0.21960,-84.7634,-50.4885,108.5802,1.00476,0.08691,-0.08765,0.7328,-4.6183,-11.6489
100617768,-0.27954,0.43909,0.20862,-84.5496,-53.4733,119.9847,1.00464,0.08301,-0.08179,1.0611,-4.6718,-11.2061
100618768,-0.17847,-0.38708,0.40405,-84.1298,-55.3206,130.9084,1.00586,0.07935,-0.07593,1.3740,-4.7176,-10.7099
100619767,-0.09290,-1.20703,0.57349,-81.0840,-57.7023,134.0534,1.00696,0.07422,-0.07056,1.7023,-4.7557,-10.1908
100620772,-0.09534,-1.28723,0.65503,-78.5573,-59.5878,125.6794,1.00842,0.06812,-0.06494,2.0687,-4.7939,-9.6336
100621771,-0.14490,-0.57007,0.59131,-77.7099,-62.2214,114.5573,1.01001,0.06250,-0.05957,2.4504,-4.8321,-9.0534
100622771,-0.24365,0.02588,0.40259,-73.5954,-65.7939,112.1832,1.01135,0.05701,-0.05493,2.8244,-4.8397,-8.4656
100623771,-0.28040,-0.20703,0.28149,-62.3053,-67.9542,117.0229,1.01208,0.05212,-0.05078,3.2137,-4.7939,-7.8321
100624770,-0.20093,-1.04663,0.29260,-45.4962,-68.8321,117.6565,1.01282,0.04810,-0.04724,3.6336,-4.7176,-7.1603
100625770,-0.11951,-1.76575,0.35144,-29.6870,-70.2595,108.4427,1.01465,0.04504,-0.04370,4.0763,-4.6260,-6.4809
100626770,-0.12366,-1.87878,0.28101,-21.5191,-74.1450,94.0992,1.01685,0.04211,-0.04041,4.5496,-4.5191,-5.7786
100627771,-0.22705,-1.59802,0.00024,-21.5954,-79.6183,84.4351,1.01892,0.03894,-0.03674,5.0153,-4.3817,-5.0305
100628770,-0.37280,-1.34912,-0.38464,-31.5344,-84.0687,83.8779,1.02087,0.03589,-0.03284,5.4580,-4.2061,-4.2443
100629770,-0.43677,-1.21362,-0.56079,-46.7405,-83.7023,88.4046,1.02222,0.03369,-0.02930,5.9008,-4.0153,-3.4351
100630770,-0.31470,-1.10730,-0.39185,-57.0305,-79.0534,91.4809,1.02319,0.03137,-0.02441,6.3359,-3.7863,-2.6183
100631770,-0.19971,-0.98669,-0.27612,-59.1145,-75.4198,91.2824,1.02478,0.02795,-0.01880,6.7863,-3.5420,-1.7786
100632770,-0.25073,-0.96777,-0.30286,-57.8931,-72.7939,91.6718,1.02625,0.02441,-0.01428,7.2824,-3.2443,-0.9313
100633770,-0.32190,-1.05896,-0.28088,-64.2061,-70.9008,94.4427,1.02563,0.02209,-0.01001,7.7557,-2.8931,-0.0840
100634770,-0.33069,-1.07544,-0.20349,-79.6794,-70.7252,97.8321,1.02405,0.02185,-0.00232,8.6794,-2.1527,1.4809
100635770,-0.27344,-0.96118,-0.10010,-91.4198,-71.7939,99.4046,1.02417,0.02271,0.00134,9.0992,-1.7557,2.2290
100636770,-0.19678,-0.80359,-0.04443,-87.9008,-73.8244,98.0687,1.02502,0.02368,0.00513,9.4809,-1.3435,2.9847
100637770,-0.17566,-0.80664,-0.07141,-72.5038,-76.3817,96.6183,1.02637,0.02563,0.00977,9.8550,-0.9084,3.7557
100638770,-0.22559,-0.99854,-0.23999,-61.9160,-79.7863,96.3740,1.02759,0.02783,0.01440,10.1908,-0.4427,4.5115
100639770,-0.27112,-1.18591,-0.26917,-62.7939,-80.5038,96.2672,1.02917,0.02966,0.01709,10.4733,0.0382,5.2901
100640771,-0.16516,-1.37280,0.00208,-68.5725,-79.2290,96.3053,1.03162,0.03247,0.01892,10.6947,0.5344,6.0687
100641771,0.05286,-1.58423,0.12061,-73.5191,-80.3740,95.7557,1.03503,0.03650,0.02014,10.8779,1.0229,6.8092
100642770,0.12915,-1.72119,-0.00146,-75.2672,-83.5344,93.4962,1.03796,0.04102,0.02002,11.0458,1.5038,7.5267
100643770,0.10010,-1.53760,0.03662,-74.7634,-85.4656,88.0611,1.04163,0.04517,0.01965,11.1221,2.0000,8.2519
100644770,0.03125,-1.03918,-0.08679,-76.0076,-91.8168,82.6718,1.04651,0.04895,0.01807,11.1145,2.5038,8.9771
100645771,-0.20251,-0.75598,-0.68616,-78.0916,-102.3740,82.6794,1.04980,0.05225,0.01514,11.0458,2.9924,9.6718
100646770,-0.35095,-0.98669,-1.07349,-75.6794,-106.2290,85.8168,1.05298,0.05542,0.01270,10.9084,3.4656,10.3435
100647770,-0.27808,-1.44971,-0.86377,-67.0840,-103.1832,85.2901,1.05823,0.05945,0.01025,10.7099,3.9466,10.9924
100648770,-0.29077,-1.70679,-0.71399,-57.4656,-101.5954,78.3359,1.06323,0.06384,0.00793,10.4504,4.4122,11.6336
100649770,-0.44922,-1.51257,-1.04370,-52.4046,-99.4733,68.2977,1.06714,0.06714,0.00415,10.1374,4.8626,12.2443
100650771,-0.55017,-1.11816,-1.27734,-47.3206,-90.1298,62.0153,1.07104,0.07031,-0.00134,9.8244,5.3053,12.8550
100651771,-0.51636,-0.99121,-1.24438,-42.1221,-78.1374,62.2977,1.07422,0.07373,-0.00684,9.5038,5.7252,13.4733
100652771,-0.42688,-1.18091,-1.30249,-39.3817,-70.1985,64.3817,1.07690,0.07764,-0.01318,9.2061,6.1069,14.0687
100653771,-0.36279,-1.46167,-1.33728,-37.1985,-65.3740,63.3969,1.07971,0.08191,-0.01941,8.9771,6.4427,14.6031
100654771,-0.23035,-1.47375,-1.11780,-36.5802,-61.5649,58.3130,1.08179,0.08582,-0.02405,8.7328,6.7252,15.1374
100655770,0.00769,-1.10767,-0.85730,-39.8702,-61.2672,53.8321,1.08289,0.08887,-0.02930,8.4656,6.9313,15.6412
100656770,0.20129,-0.76599,-0.58435,-44.1221,-64.1679,55.2214,1.08350,0.09326,-0.03528,8.2214,7.0916,16.0916
100657771,0.33228,-0.82068,-0.24548,-46.7405,-68.9160,61.8855,1.08325,0.09937,-0.03870,7.9695,7.2595,16.4733
100658770,0.30969,-1.12317,-0.35474,-48.4809,-78.1603,66.3817,1.08228,0.10547,-0.04163,7.6947,7.4046,16.7863
100659770,0.10010,-1.24597,-0.91492,-46.4198,-86.7786,63.6489,1.08215,0.11133,-0.04468,7.4046,7.4809,17.0229
100660770,-0.03809,-1.03247,-1.36023,-42.5191,-89.5954,56.7328,1.08264,0.11731,-0.04663,7.0611,7.4885,17.1832
100661770,-0.08032,-0.77234,-1.48792,-38.5496,-89.5420,52.7634,1.08264,0.12378,-0.04883,6.6489,7.4809,17.2824
100662770,-0.12268,-0.81396,-1.49475,-35.3588,-89.7405,53.3053,1.08313,0.13000,-0.05334,6.1756,7.4580,17.3053
100663770,-0.12427,-1.07275,-1.46533,-31.6336,-87.4351,53.5725,1.08411,0.13538,-0.05945,5.6565,7.4046,17.2748
100664770,-0.08472,-1.35217,-1.36536,-25.2748,-81.3053,51.7252,1.08508,0.13953,-0.06458,5.1298,7.3206,17.1756
100665770,-0.12622,-1.46509,-1.52454,-20.3588,-75.3511,47.8855,1.08630,0.14258,-0.06958,4.6031,7.1908,17.0076
100666770,-0.25671,-1.24573,-1.94348,-17.9542,-69.2977,42.9542,1.08862,0.14587,-0.07581,4.0534,7.0305,16.7786
100667770,-0.32971,-0.85583,-2.00000,-17.3664,-61.8397,39.9695,1.09192,0.14941,-0.08154,3.5191,6.8550,16.5038
100668770,-0.27258,-0.63110,-2.00000,-16.2672,-54.1221,41.0458,1.09570,0.15283,-0.08691,3.0153,6.6794,16.1832
100669770,-0.15271,-0.73267,-1.82837,-12.8015,-49.1756,43.6260,1.09863,0.15564,-0.09216,2.5191,6.5115,15.8244
100670770,-0.03748,-1.00146,-1.54993,-7.4809,-46.7405,43.4198,1.10059,0.15771,-0.09753,2.0305,6.3206,15.4351
100671771,0.03894,-1.19653,-1.34741,-3.8473,-45.2290,40.4504,1.10376,0.16077,-0.10291,1.5649,6.0916,14.9847
100672770,0.04248,-1.16992,-1.23120,-5.1756,-44.2214,36.9160,1.10791,0.16504,-0.10779,1.1145,5.8321,14.5038
100673770,0.00781,-0.93542,-1.16138,-9.5267,-43.8931,34.6412,1.11084,0.16846,-0.11060,0.6718,5.5649,13.9695
100674770,0.00562,-0.69019,-1.12622,-11.5573,-44.4962,34.4275,1.11292,0.17126,-0.11230,0.2061,5.2748,13.3664
100675768,0.12903,-0.65027,-1.12561,-8.2443,-45.7863,35.8473,1.11584,0.17468,-0.11548,-0.2595,4.9466,12.6870
100676768,0.27197,-0.79236,-1.13159,-2.3817,-48.6641,36.6565,1.11914,0.17786,-0.11938,-0.7023,4.5878,11.9695
100677772,0.31653,-0.95435,-1.16785,1.3664,-53.6794,36.1679,1.12280,0.17993,-0.12109,-1.0992,4.2443,11.2137
100678771,0.26648,-1.02466,-1.43787,-0.9237,-60.7786,35.1832,1.12524,0.18201,-0.12048,-1.4733,3.8855,10.4122
100679771,0.10669,-0.98413,-1.85107,-4.5649,-65.8168,34.6641,1.12634,0.18359,-0.11865,-1.8321,3.5115,9.5649
100680770,-0.05933,-0.93933,-2.00000,-4.8397,-65.7099,35.1908,1.12756,0.18457,-0.11694,-2.1527,3.1450,8.6870
100681771,-0.19165,-0.91418,-2.00000,-3.5267,-61.9313,36.2366,1.12878,0.18494,-0.11523,-2.4198,2.8168,7.7939
100682770,-0.31396,-0.93738,-2.00000,-3.0687,-55.3206,37.5954,1.12939,0.18408,-0.11279,-2.6565,2.5420,6.8550
100683771,-0.36877,-0.98535,-2.00000,-4.8550,-45.9618,38.1527,1.12891,0.18311,-0.10986,-2.8550,2.2977,5.9084
100684770,-0.33704,-1.02051,-2.00000,-8.0763,-35.8015,37.7252,1.12781,0.18201,-0.10730,-3.0076,2.0763,4.9618
100685770,-0.30420,-1.03613,-2.00000,-11.7405,-27.7863,35.9084,1.12646,0.17932,-0.10486,-3.1450,1.9237,3.9924
100686770,-0.27539,-1.00708,-2.00000,-13.0763,-21.3817,32.6641,1.12439,0.17603,-0.10303,-3.2672,1.8397,3.0000
100687770,-0.22229,-1.00085,-2.00000,-10.7328,-16.1450,29.2977,1.12268,0.17346,-0.09973,-3.3817,1.8092,2.0153
100688767,-0.19617,-1.04993,-2.00000,-7.2519,-13.3359,26.7023,1.12158,0.17175,-0.09534,-3.4809,1.8321,1.0229
100689772,-0.19556,-1.08765,-2.00000,-5.5038,-12.5191,24.4885,1.11975,0.17004,-0.09241,-3.5878,1.9160,0.0458
100690771,-0.18860,-1.05432,-2.00000,-5.0305,-11.3969,22.7710,1.11743,0.16663,-0.08923,-3.6718,2.0305,-0.9084
100691771,-0.18115,-1.01428,-2.00000,-4.6412,-9.7405,22.7710,1.11548,0.16113,-0.08545,-3.7405,2.1603,-1.8244
100692771,-0.19348,-1.03442,-1.99060,-4.9160,-8.0687,24.3969,1.11377,0.15625,-0.08130,-3.8168,2.3435,-2.6641
100693770,-0.19385,-1.10498,-1.97742,-6.9313,-5.4504,26.6947,1.11194,0.15210,-0.07617,-3.9008,2.5954,-3.4504
100694770,-0.16333,-1.17810,-1.92627,-11.9084,-2.2595,28.7252,1.11060,0.14795,-0.07043,-4.0153,2.9008,-4.1298
100695770,-0.14490,-1.19189,-1.86694,-19.6183,-0.1298,29.6870,1.11011,0.14355,-0.06348,-4.1603,3.2519,-4.7252
100696770,-0.14954,-1.15405,-1.84058,-27.2290,0.6489,29.3511,1.10974,0.13831,-0.05676,-4.3511,3.6412,-5.2366
100697770,-0.14917,-1.14954,-1.83423,-32.4351,0.9389,28.3435,1.10986,0.13293,-0.05164,-4.5802,4.0382,-5.6489
100698770,-0.14417,-1.22168,-1.79358,-35.6183,1.8015,26.8244,1.10999,0.12830,-0.04749,-4.8015,4.4580,-5.9313
100699770,-0.11060,-1.28040,-1.67029,-39.4351,5.6794,19.7786,1.10962,0.12341,-0.04419,-5.0687,4.8931,-6.1221
100700770,-0.14221,-1.18164,-1.66394,-38.2977,8.6031,15.1298,1.10876,0.11816,-0.04077,-5.3435,5.3511,-6.1908
100701770,-0.17004,-1.01404,-1.68958,-35.4427,12.4351,10.7176,1.10864,0.11279,-0.03809,-5.6183,5.8244,-6.1450
100702768,-0.17566,-0.84497,-1.69458,-31.7176,16.6718,7.7939,1.10876,0.10742,-0.03540,-5.9008,6.3359,-6.0076
100703768,-0.14734,-0.80701,-1.64307,-29.1527,20.1603,7.3435,1.10730,0.10266,-0.03308,-6.1832,6.9008,-5.7557
100704768,-0.08606,-0.90796,-1.55322,-30.0153,22.0992,8.5420,1.10437,0.09851,-0.03137,-6.4427,7.4962,-5.4122
100705772,-0.00488,-1.01868,-1.40906,-34.5038,22.8779,9.6718,1.10156,0.09387,-0.02930,-6.6489,8.0992,-4.9847
100706770,0.05872,-1.00439,-1.24719,-41.5191,22.5344,10.2290,1.09900,0.08936,-0.02698,-6.8550,8.7099,-4.4733
100707770,0.06458,-0.86133,-1.15369,-48.9695,21.1603,11.2290,1.09656,0.08545,-0.02466,-7.0687,9.3282,-3.8702
100708770,0.02246,-0.65784,-1.15930,-55.7557,19.6183,13.1298,1.09387,0.08179,-0.02307,-7.3053,9.9542,-3.2061
100709770,-0.01123,-0.48291,-1.17639,-60.8855,19.3435,15.9771,1.09045,0.07861,-0.02246,-7.5496,10.5802,-2.4733
100710771,-0.00574,-0.43457,-1.11890,-63.4580,20.3130,19.1527,1.08679,0.07556,-0.02173,-7.7710,11.2061,-1.6718
100711771,0.02710,-0.48572,-1.01050,-62.8779,21.5573,20.7099,1.08191,0.07141,-0.02014,-8.0076,11.8550,-0.8321
100712771,0.07129,-0.50964,-0.90381,-59.1298,22.3893,19.3359,1.07739,0.06738,-0.01794,-8.2519,12.5115,0.0305
100713771,0.08936,-0.44373,-0.84204,-53.3359,22.3435,16.0916,1.07373,0.06445,-0.01575,-8.4885,13.1679,0.9084
100714770,0.04785,-0.34131,-0.84448,-46.7557,21.4275,13.0534,1.06946,0.06177,-0.01489,-8.7252,13.7786,1.8321
100715770,-0.00757,-0.30408,-0.89624,-39.4351,20.4351,11.1450,1.06519,0.05969,-0.01440,-8.9542,14.3664,2.7939
100716770,-0.02173,-0.36536,-0.92175,-31.7176,20.4198,9.9847,1.06091,0.05725,-0.01440,-9.1679,14.9695,3.7634
100717770,-0.01111,-0.43640,-0.85120,-25.2366,21.3817,8.6565,1.05652,0.05432,-0.01672,-9.3664,15.5573,4.7405
100718768,0.00964,-0.40002,-0.75378,-21.6412,22.1679,7.2137,1.05200,0.05237,-0.01880,-9.5038,16.0992,5.6794
100719772,0.02246,-0.29224,-0.74768,-20.5191,22.1832,7.4275,1.04761,0.05139,-0.01965,-9.5954,16.6336,6.5802
100720771,0.02661,-0.28870,-0.77673,-19.9618,22.6260,10.5802,1.04297,0.05066,-0.02173,-9.6718,17.1527,7.4733
100721770,0.04651,-0.41565,-0.75549,-20.2672,23.4580,14.7176,1.03809,0.04993,-0.02502,-9.7252,17.6260,8.3359
100722770,0.06299,-0.50952,-0.73914,-22.4733,23.0305,17.2137,1.03381,0.04968,-0.02820,-9.7634,18.0534,9.1756
100723770,0.05811,-0.46521,-0.76575,-26.0916,21.1527,17.8626,1.02930,0.05042,-0.02991,-9.7481,18.4733,9.9847
100724770,0.05579,-0.34998,-0.75012,-28.7863,19.1450,18.3435,1.02515,0.05200,-0.03223,-9.7023,18.8779,10.7786
100725770,0.07397,-0.32996,-0.64868,-28.9924,17.2519,19.9466,1.02173,0.05334,-0.03552,-9.6260,19.2366,11.5344
100726770,0.09412,-0.47815,-0.58496,-28.0153,14.6947,21.9466,1.01746,0.05371,-0.03882,-9.5191,19.5649,12.2519
100727771,0.08191,-0.69556,-0.62329,-27.2595,12.1985,22.4275,1.01270,0.05334,-0.04163,-9.3817,19.8550,12.9466
100728771,0.04919,-0.79346,-0.69238,-26.8168,11.1450,20.3511,1.00757,0.05273,-0.04321,-9.1832,20.0916,13.6107
100729770,0.00806,-0.68042,-0.78223,-26.1221,11.1374,17.0763,1.00208,0.05298,-0.04492,-8.9542,20.2824,14.2443
100730770,-0.04553,-0.50012,-0.89417,-24.1908,11.5878,15.2977,0.99402,0.05566,-0.05103,-8.4962,20.5420,15.4198
100731768,-0.07397,-0.43311,-0.97900,-21.5954,12.5344,15.8244,0.99121,0.05737,-0.05432,-8.2748,20.6336,15.9771
100732771,-0.07202,-0.50745,-1.00049,-19.5878,13.7710,17.2748,0.98914,0.05896,-0.05774,-8.0305,20.6794,16.4733
100733771,-0.08679,-0.61121,-0.99170,-19.6565,14.6260,17.9618,0.98645,0.06079,-0.06042,-7.7481,20.7176,16.9771
100734771,-0.15479,-0.57495,-1.01941,-22.7405,15.0153,17.4046,0.98413,0.06274,-0.06213,-7.4580,20.7252,17.4733
100735771,-0.23682,-0.38342,-1.05847,-27.0153,16.0840,17.3282,0.98242,0.06360,-0.06384,-7.1832,20.7328,17.9771
100736771,-0.25415,-0.20752,-1.03918,-30.3893,18.6183,19.8244,0.98047,0.06287,-0.06482,-6.9084,20.7557,18.4656
100737771,-0.19800,-0.23706,-0.88184,-31.5344,22.3282,25.0153,0.97900,0.06152,-0.06592,-6.6107,20.7710,18.9618
100738770,-0.10693,-0.43945,-0.63025,-31.7099,25.4427,29.8779,0.97815,0.06091,-0.06787,-6.3053,20.7863,19.4198
100739770,-0.01013,-0.56506,-0.47559,-32.5878,26.3893,31.5954,0.97693,0.05994,-0.07104,-5.9847,20.7939,19.8473
100740770,0.04810,-0.52490,-0.44080,-32.5115,25.7939,31.3130,0.97583,0.05835,-0.07532,-5.6489,20.8092,20.2595
100741770,0.08044,-0.46460,-0.38171,-29.8244,24.7863,31.6641,0.97485,0.05750,-0.07874,-5.2748,20.8015,20.6489
100742770,0.12573,-0.50537,-0.29712,-25.8168,22.4046,32.9237,0.97400,0.05725,-0.08289,-4.8855,20.7481,21.0305
100743768,0.15051,-0.61694,-0.27307,-22.0382,18.1679,33.3740,0.97363,0.05835,-0.08765,-4.5038,20.6412,21.3969
100744768,0.16272,-0.70752,-0.27429,-18.5725,13.9313,31.9695,0.97290,0.06030,-0.09131,-4.1450,20.5191,21.7099
100745772,0.18115,-0.74963,-0.22156,-15.2366,10.8473,29.6718,0.97266,0.06189,-0.09583,-3.8244,20.3740,21.9695
100746771,0.18347,-0.78833,-0.17725,-13.3511,7.9695,28.0076,0.97290,0.06396,-0.10022,-3.5344,20.1756,22.2137
100747771,0.16528,-0.85303,-0.24634,-14.4656,4.9847,27.4427,0.97229,0.06726,-0.10388,-3.2901,19.9008,22.4198
100748771,0.14783,-0.94177,-0.36646,-17.4580,3.0458,27.5038,0.97095,0.07007,-0.10815,-3.0687,19.5802,22.5649
100749771,0.14514,-1.01147,-0.43872,-20.5115,2.3969,27.2214,0.96948,0.07288,-0.11340,-2.8626,19.1756,22.6565
100750770,0.15027,-1.03027,-0.46277,-22.7176,2.0305,26.4351,0.96814,0.07605,-0.11902,-2.6565,18.7099,22.6870
100751770,0.13635,-1.02087,-0.49377,-24.6260,0.8779,25.6489,0.96741,0.07886,-0.12402,-2.4962,18.1756,22.6870
100752770,0.09998,-0.99243,-0.56555,-26.9389,-0.8473,25.0840,0.96741,0.08130,-0.12903,-2.3740,17.5649,22.6565
100753770,0.05396,-0.93506,-0.66016,-29.0534,-2.2595,24.4809,0.96692,0.08411,-0.13318,-2.2672,16.9008,22.6183
100754768,-0.00659,-0.81140,-0.74109,-30.0382,-2.8855,23.4122,0.96582,0.08679,-0.13831,-2.1679,16.1756,22.4962
100755768,-0.05164,-0.62061,-0.82336,-30.0076,-2.7481,22.4198,0.96582,0.08838,-0.14465,-2.0458,15.4198,22.3206
100756772,-0.05701,-0.50403,-0.89502,-28.8168,-1.7634,23.2977,0.96716,0.09021,-0.14954,-1.9160,14.6260,22.1374
100757771,-0.02930,-0.65173,-0.87451,-26.5038,0.1603,26.7710,0.96826,0.09265,-0.15210,-1.7786,13.7634,21.9618
100758771,0.01099,-0.95642,-0.77795,-25.8244,1.9695,29.7863,0.96826,0.09460,-0.15356,-1.6260,12.8473,21.7099
100759771,0.04297,-1.07385,-0.74170,-29.1298,2.4809,29.5496,0.96875,0.09644,-0.15515,-1.4275,11.9084,21.3740
100760771,0.05969,-0.89246,-0.79041,-34.5191,2.2824,27.9466,0.97034,0.09863,-0.15710,-1.2061,11.0000,21.0000
100761770,0.07031,-0.66211,-0.78882,-37.5725,2.3817,28.7634,0.97229,0.10156,-0.15845,-1.0076,10.0916,20.6107
100762770,0.08960,-0.62183,-0.69238,-37.0305,2.4351,31.8473,0.97498,0.10474,-0.15906,-0.8626,9.1908,20.2061
100763770,0.11523,-0.74622,-0.59924,-34.7786,1.5344,33.9847,0.97827,0.10742,-0.15894,-0.7252,8.2977,19.7481
100764771,0.12915,-0.89050,-0.57300,-32.3359,-0.0992,33.3359,0.98096,0.10950,-0.15833,-0.5802,7.4122,19.2214
100765770,0.11182,-0.94324,-0.60938,-29.8397,-1.9466,30.5115,0.98450,0.11060,-0.15588,-0.4122,6.5649,18.6870
100766770,0.07324,-0.89587,-0.68481,-26.4885,-3.5191,27.1527,0.98877,0.11084,-0.15369,-0.2595,5.7481,18.1450
100767770,0.04016,-0.81250,-0.77063,-22.4427,-4.5573,24.4733,0.99316,0.11169,-0.15271,-0.1603,4.9542,17.5649
100768770,0.02344,-0.76917,-0.83325,-18.0000,-5.0458,22.8397,0.99841,0.11328,-0.14978,-0.1374,4.1908,16.9618
100769770,0.02722,-0.80762,-0.85669,-13.1527,-5.0992,21.8244,1.00403,0.11462,-0.14600,-0.1603,3.4656,16.3435
100770770,0.03479,-0.90881,-0.86316,-9.0992,-4.9847,20.9771,1.00989,0.11523,-0.14319,-0.1679,2.7939,15.7252
100771770,0.02026,-0.98132,-0.88379,-8.1374,-4.8397,20.0840,1.01575,0.11499,-0.14075,-0.1908,2.1908,15.0534
100772770,-0.01477,-0.92358,-0.94641,-10.7939,-4.6412,19.3588,1.02136,0.11353,-0.13818,-0.2824,1.6412,14.3969
100773768,-0.07666,-0.76184,-1.01099,-14.1145,-3.9847,19.8550,1.02649,0.11047,-0.13538,-0.3969,1.1679,13.7557
100774767,-0.13684,-0.61743,-1.05518,-16.2595,-3.0382,22.2672,1.03113,0.10803,-0.13342,-0.4885,0.7405,13.1221
100775768,-0.15686,-0.56433,-1.15771,-17.9389,-2.3664,25.8779,1.03613,0.10645,-0.13123,-0.5878,0.3282,12.5191
100776768,-0.14941,-0.68579,-1.24207,-17.8626,-0.9466,30.0153,1.04065,0.10498,-0.12830,-0.6870,-0.0076,11.9160
100777768,-0.11047,-0.98108,-1.15820,-16.1603,1.7328,33.2824,1.04443,0.10291,-0.12585,-0.7634,-0.2977,11.3435
100778772,-0.07117,-1.21826,-1.02307,-16.2977,3.4809,33.4809,1.04797,0.10107,-0.12427,-0.8397,-0.5573,10.7634
100779771,-0.05615,-1.20813,-1.00452,-18.8168,3.8015,30.8397,1.05054,0.10059,-0.12317,-0.9237,-0.7863,10.2366
100780770,-0.03625,-1.06384,-1.05981,-20.2061,4.1985,28.3740,1.05200,0.09973,-0.12207,-1.0229,-0.9618,9.7634
100781770,-0.01379,-1.03247,-1.02209,-17.3130,5.6336,27.7328,1.05383,0.09937,-0.12109,-1.1603,-1.1221,9.3359
100782770,0.01721,-1.14600,-0.92249,-13.1298,6.5802,27.0687,1.05615,0.09985,-0.11926,-1.3359,-1.2672,8.9542
100783770,0.05029,-1.25391,-0.89111,-11.1985,6.2519,24.8473,1.05798,0.10034,-0.11743,-1.5038,-1.3893,8.6260
100784770,0.06592,-1.30554,-0.87097,-11.2137,5.6718,22.1985,1.05981,0.10193,-0.11646,-1.6641,-1.4885,8.3664
100785770,0.07068,-1.29431,-0.83032,-11.5344,5.2290,19.9313,1.06226,0.10303,-0.11560,-1.8626,-1.5191,8.1527
100786770,0.05774,-1.24011,-0.84741,-10.7252,4.4809,18.3511,1.06445,0.10352,-0.11536,-2.0992,-1.4809,7.9695
100787771,0.03540,-1.22571,-0.93933,-9.2901,3.9924,17.6947,1.06665,0.10400,-0.11499,-2.3435,-1.4275,7.8244
100788770,0.02637,-1.29980,-0.99377,-8.0687,4.5954,17.7557,1.06799,0.10425,-0.11389,-2.6107,-1.3206,7.7176
100789770,0.02405,-1.42883,-0.94189,-7.4427,5.7328,17.4046,1.06812,0.10388,-0.11157,-2.8550,-1.1679,7.6183
100790768,0.02319,-1.49731,-0.89014,-8.5573,6.1908,15.5420,1.06824,0.10303,-0.10840,-3.0840,-1.0153,7.5267
100791768,0.01575,-1.47009,-0.90515,-10.3435,6.2214,12.7557,1.06775,0.10229,-0.10449,-3.2824,-0.8168,7.4809
100792772,-0.00146,-1.43030,-0.89978,-10.3969,6.8626,10.2977,1.06738,0.10156,-0.10046,-3.5115,-0.5420,7.4580
100793771,-0.03271,-1.39905,-0.84192,-9.2366,7.7328,8.1221,1.06787,0.10156,-0.09802,-3.7710,-0.2595,7.4504
100794771,-0.04810,-1.28406,-0.79309,-9.3740,8.2290,5.4809,1.06787,0.10168,-0.09680,-4.0305,0.0153,7.4656
100795771,-0.03052,-1.08057,-0.82959,-10.4504,7.9924,3.2290,1.06726,0.10181,-0.09521,-4.2977,0.3282,7.4809
100796770,-0.01196,-1.02173,-0.84839,-7.7023,8.3359,3.6336,1.06775,0.10242,-0.09375,-4.5954,0.6794,7.4885
100797770,0.01099,-1.26440,-0.77332,-1.8397,9.1221,6.1221,1.06897,0.10217,-0.09265,-4.9542,1.0458,7.4809
100798770,0.03601,-1.56775,-0.71448,1.0076,9.1908,7.0611,1.06982,0.10120,-0.09082,-5.3588,1.3893,7.4962
100799770,0.06323,-1.65320,-0.71338,-1.0763,8.6412,5.4733,1.07019,0.10022,-0.08936,-5.7786,1.7786,7.5573
100800770,0.07715,-1.54346,-0.73376,-4.3893,7.7939,3.8015,1.07080,0.09912,-0.08875,-6.1603,2.2366,7.6183
100801770,0.05737,-1.43701,-0.71545,-5.3740,7.0458,3.7634,1.07227,0.09753,-0.08728,-6.5496,2.7328,7.6947
100802770,0.03784,-1.43506,-0.70288,-4.9847,6.0229,4.0916,1.07336,0.09583,-0.08484,-6.9695,3.2290,7.8092
100803770,0.04272,-1.51331,-0.75562,-5.0000,4.6718,3.4351,1.07483,0.09412,-0.08264,-7.3664,3.6947,7.9084
100804770,0.04199,-1.64783,-0.81250,-5.4046,3.6031,1.5878,1.07678,0.09302,-0.08154,-7.7405,4.1298,7.9771
100805771,0.03528,-1.73901,-0.81360,-5.5725,3.4122,-1.9618,1.07874,0.09229,-0.08057,-8.1069,4.5802,8.0763
100806771,0.03906,-1.70789,-0.82532,-5.4351,3.5038,-6.6489,1.08130,0.09143,-0.07996,-8.4656,5.0305,8.1832
100807770,0.04272,-1.62695,-0.91199,-4.7939,3.7557,-10.5191,1.08301,0.09094,-0.08044,-8.8168,5.4580,8.3206
100808770,0.04761,-1.61108,-0.99597,-2.7481,5.0229,-12.7863,1.08362,0.09021,-0.08203,-9.1450,5.9084,8.4885
100809770,0.05029,-1.63074,-0.98340,0.2443,7.3817,-14.9847,1.08423,0.08887,-0.08374,-9.4504,6.3740,8.6565
100810770,0.04834,-1.56873,-0.96204,1.5115,9.2061,-17.9466,1.08521,0.08679,-0.08386,-9.6870,6.8244,8.8397
100811770,0.03650,-1.44421,-1.03918,0.4504,9.9771,-20.2137,1.08582,0.08398,-0.08313,-9.8702,7.2595,9.0076
100812770,0.03015,-1.39563,-1.05981,-0.0840,11.5725,-20.5496,1.08569,0.08154,-0.08350,-9.9924,7.6947,9.1679
100813767,0.06140,-1.43762,-0.90918,-0.1145,13.9084,-20.2366,1.08447,0.08020,-0.08362,-10.0763,8.1374,9.3359
100814771,0.10083,-1.44153,-0.77197,-1.9160,14.4962,-20.9771,1.08215,0.07971,-0.08228,-10.1145,8.5802,9.5191
100815771,0.10889,-1.33472,-0.79834,-5.1298,13.2977,-22.8015,1.07959,0.07910,-0.08057,-10.1298,8.9924,9.6794
100816770,0.10522,-1.17920,-0.84814,-6.4427,12.7863,-24.4962,1.07654,0.07739,-0.07886,-10.1450,9.3740,9.8473
100817768,0.11560,-1.07861,-0.76465,-5.1603,13.4504,-25.3282,1.07385,0.07532,-0.07703,-10.1374,9.7557,10.0076
100818768,0.13062,-1.02502,-0.64966,-3.9695,13.1679,-25.9924,1.07202,0.07349,-0.07434,-10.1221,10.1298,10.1221
100819768,0.14075,-0.97937,-0.63550,-3.1069,11.4962,-26.8092,1.07007,0.07104,-0.07056,-10.1374,10.5038,10.2366
100820771,0.14343,-0.98230,-0.68982,-1.1374,9.6794,-27.0992,1.06848,0.06848,-0.06714,-10.1527,10.8702,10.3511
100821771,0.13855,-1.06848,-0.72681,1.8397,8.6870,-26.6260,1.06616,0.06604,-0.06470,-10.1374,11.2366,10.4427
100822771,0.12451,-1.14990,-0.74622,3.5649,8.0000,-26.5267,1.06250,0.06372,-0.06189,-10.0916,11.6336,10.4885
100823771,0.10339,-1.09888,-0.79138,2.5573,7.2901,-27.3588,1.05908,0.06128,-0.05896,-10.0458,12.0458,10.5191
100824771,0.07983,-0.95264,-0.84924,-0.0916,6.8473,-27.6718,1.05627,0.05762,-0.05713,-9.9618,12.4351,10.5344
100825771,0.05518,-0.87305,-0.87573,-1.9924,7.1603,-26.4198,1.05298,0.05396,-0.05566,-9.8626,12.8168,10.5496
100826771,0.05725,-0.93958,-0.85120,-2.2748,8.3588,-24.6412,1.04907,0.05127,-0.05481,-9.7328,13.1985,10.5573
100827770,0.08789,-1.10901,-0.83948,-2.1450,9.4198,-23.8168,1.03992,0.04907,-0.05518,-9.4198,13.9847,10.4885
100828770,0.10352,-1.30139,-0.88342,-2.4351,9.8855,-24.3588,1.03589,0.04761,-0.05627,-9.1832,14.3206,10.4656
100829770,0.09448,-1.40515,-0.92407,-3.4046,10.2824,-26.2977,1.03271,0.04578,-0.05762,-8.9237,14.5954,10.4733
100830770,0.10229,-1.21216,-0.90271,-5.6870,10.5344,-31.1374,1.02869,0.04553,-0.05823,-8.7252,14.8244,10.4733
100831770,0.12634,-1.17334,-0.89331,-4.1603,10.4122,-32.1221,1.02429,0.04663,-0.05896,-8.5725,15.0458,10.4885
100832768,0.14880,-1.25757,-0.83606,-0.8397,10.9237,-33.3511,1.02039,0.04700,-0.05969,-8.4275,15.2519,10.5267
100833772,0.16479,-1.32959,-0.74060,0.8779,11.7328,-36.0763,1.01758,0.04614,-0.05981,-8.2748,15.3817,10.6412
100834771,0.16479,-1.28101,-0.69788,-0.8702,11.8931,-39.6870,1.01562,0.04565,-0.05994,-8.1527,15.4656,10.8092
100835771,0.14258,-1.14124,-0.73486,-3.7939,11.4809,-42.8015,1.01392,0.04541,-0.06030,-8.0687,15.5115,11.0153
100836771,0.12378,-0.96655,-0.77026,-5.3893,11.4046,-44.9847,1.01355,0.04370,-0.06018,-8.0229,15.5191,11.2290
100837771,0.11682,-0.74536,-0.77576,-5.8779,11.2519,-46.6870,1.01404,0.04114,-0.05908,-8.0076,15.4962,11.4656
100838771,0.12292,-0.53101,-0.76965,-5.6183,10.6718,-47.1908,1.01465,0.03943,-0.05835,-8.0153,15.4504,11.7252
100839771,0.13892,-0.46313,-0.74255,-4.5267,9.7481,-45.4122,1.01550,0.03735,-0.05737,-8.0305,15.3740,12.0076
100840770,0.14258,-0.56543,-0.70886,-3.4809,8.4275,-42.3053,1.01660,0.03381,-0.05652,-8.0305,15.2748,12.3206
100841770,0.12622,-0.65723,-0.74292,-4.5420,6.7557,-40.2901,1.01917,0.03015,-0.05676,-7.9771,15.1527,12.6489
100842771,0.08972,-0.57751,-0.83691,-6.7557,5.6870,-39.7634,1.02185,0.02734,-0.05725,-7.8855,15.0076,13.0305
100843770,0.04993,-0.39062,-0.90137,-7.5420,5.7939,-38.9695,1.02295,0.02417,-0.05676,-7.7863,14.8626,13.4046
100844770,0.02136,-0.25964,-0.92773,-6.7328,6.4504,-36.7328,1.02393,0.02075,-0.05627,-7.6565,14.7252,13.7710
100845770,0.02075,-0.31860,-0.92139,-5.5725,7.4046,-33.2977,1.02625,0.01770,-0.05640,-7.4580,14.5802,14.1374
100846770,0.05713,-0.53137,-0.87329,-5.5802,8.5954,-30.6489,1.02881,0.01477,-0.05640,-7.1832,14.4122,14.5038
100847770,0.10022,-0.69885,-0.81238,-6.7176,9.6031,-30.6718,1.02893,0.01208,-0.05640,-6.8855,14.2595,14.8473
100848770,0.11707,-0.68604,-0.79907,-7.8779,10.0458,-32.8779,1.02673,0.01099,-0.05688,-6.5344,14.1450,15.1374
100849770,0.10181,-0.54895,-0.84375,-8.1985,10.1221,-34.8244,1.02429,0.01135,-0.05823,-6.1603,14.0382,15.3740
100850770,0.08215,-0.42908,-0.88867,-8.0534,10.1450,-34.8931,1.02209,0.01184,-0.05884,-5.7557,13.9084,15.5420
100851770,0.09668,-0.41492,-0.90186,-7.9466,10.1756,-33.3511,1.01965,0.01343,-0.05872,-5.3511,13.7481,15.6870
100852768,0.14160,-0.55518,-0.84827,-6.9771,10.4504,-31.1679,1.01794,0.01575,-0.05994,-4.9389,13.5496,15.7863
100853767,0.18970,-0.76697,-0.74988,-5.7252,10.5573,-30.0687,1.01709,0.01868,-0.06128,-4.5038,13.3206,15.8397
100854772,0.21423,-0.85034,-0.71606,-5.8244,9.9771,-31.0229,1.01587,0.02161,-0.06067,-4.0763,13.0992,15.8321
100855771,0.18042,-0.77234,-0.74207,-6.9771,9.1985,-32.2901,1.01367,0.02393,-0.05908,-3.6565,12.8702,15.7939
100856770,0.12537,-0.64966,-0.72375,-8.6260,9.1145,-32.2214,1.01111,0.02673,-0.05920,-3.2748,12.5878,15.7328
100857770,0.09375,-0.54626,-0.70361,-10.6260,8.6565,-31.4198,1.00830,0.02979,-0.06067,-2.9313,12.2366,15.6260
100858770,0.08826,-0.50732,-0.74280,-11.0153,7.7023,-30.8015,1.00635,0.03210,-0.06360,-2.6107,11.8473,15.4733
100859770,0.10913,-0.57214,-0.80017,-9.4809,6.9466,-30.5191,1.00562,0.03394,-0.06689,-2.3053,11.4427,15.3053
100860770,0.12195,-0.68811,-0.79749,-7.7481,6.8321,-30.9313,1.00427,0.03577,-0.06970,-2.0153,11.0305,15.1221
100861770,0.11731,-0.73608,-0.75513,-7.9008,6.7634,-32.2748,1.00391,0.03845,-0.07214,-1.7405,10.5878,14.9008
100862767,0.09900,-0.68140,-0.77478,-9.3053,6.3817,-33.7557,1.00488,0.04126,-0.07385,-1.4809,10.0992,14.6718
100863768,0.06799,-0.60791,-0.83630,-9.7481,6.4580,-34.4275,1.00525,0.04321,-0.07642,-1.2443,9.6107,14.4198
100864771,0.05261,-0.53857,-0.89563,-9.2672,7.3893,-34.7405,1.00537,0.04492,-0.07959,-1.0076,9.1603,14.1832
100865771,0.05835,-0.48120,-0.91211,-8.4427,8.9160,-34.6412,1.00671,0.04602,-0.08215,-0.7634,8.6947,13.9389
100866771,0.06775,-0.46106,-0.85645,-8.4885,10.5038,-34.0611,1.00952,0.04614,-0.08508,-0.4809,8.1908,13.6947
100867771,0.08191,-0.45007,-0.75598,-9.2824,11.6031,-33.3969,1.01184,0.04639,-0.08813,-0.1832,7.6489,13.4504
100868770,0.09692,-0.43396,-0.67554,-9.9542,11.8321,-32.8092,1.01257,0.04785,-0.09045,0.0763,7.0840,13.2137
100869770,0.09644,-0.40222,-0.65564,-10.7023,11.4427,-32.1374,1.01331,0.04980,-0.09363,0.3130,6.5191,12.9466
100870771,0.08777,-0.34961,-0.65063,-11.4656,11.0687,-31.2366,1.01392,0.05078,-0.09692,0.5344,5.9389,12.6336
100871770,0.08813,-0.26929,-0.62573,-12.0305,10.6565,-30.1450,1.01343,0.05127,-0.09973,0.7634,5.3282,12.3435
100872768,0.09375,-0.21399,-0.59973,-11.8473,9.7557,-28.3282,1.01221,0.05249,-0.10193,0.9695,4.6947,12.0534
100873768,0.10583,-0.25757,-0.58301,-11.1450,8.4427,-25.7176,1.01147,0.05334,-0.10352,1.1679,4.0534,11.7405
100874771,0.12695,-0.37073,-0.57483,-10.6031,7.0763,-23.2901,1.01208,0.05347,-0.10522,1.3817,3.3893,11.3740
100875771,0.12793,-0.46313,-0.56445,-10.3969,5.8473,-21.8931,1.01404,0.05322,-0.10730,1.6183,2.7252,10.9924
100876770,0.10840,-0.45398,-0.55017,-11.0687,4.8473,-21.4885,1.01587,0.05298,-0.10974,1.8550,2.0763,10.6260
100877770,0.08301,-0.34412,-0.56604,-12.5420,3.7252,-21.1527,1.01733,0.05322,-0.11108,2.0992,1.4046,10.2519
100878770,0.05981,-0.25720,-0.62219,-13.2290,2.6565,-19.7252,1.01892,0.05347,-0.11157,2.3740,0.7176,9.8244
100879770,0.06067,-0.31482,-0.69580,-12.5115,2.0534,-17.2595,1.02002,0.05420,-0.11230,2.6870,0.0458,9.3511
100880770,0.07751,-0.50500,-0.72266,-10.7710,2.3969,-15.2748,1.02026,0.05530,-0.11292,3.0382,-0.6183,8.8702
100881770,0.09521,-0.68823,-0.69800,-9.6260,3.1756,-15.2443,1.02087,0.05603,-0.11218,3.4122,-1.2443,8.4046
100882770,0.09070,-0.72522,-0.70398,-10.1832,3.5954,-16.9160,1.02197,0.05725,-0.11145,3.7634,-1.8550,7.9466
100883770,0.05835,-0.63867,-0.74658,-11.4504,3.9771,-18.4275,1.02307,0.05981,-0.11145,4.0992,-2.4351,7.4962
100884771,0.04285,-0.54968,-0.77856,-12.0153,4.8931,-18.5878,1.02454,0.06287,-0.11145,4.4198,-2.9771,7.0458
100885770,0.06580,-0.56616,-0.77112,-11.0916,6.1145,-17.5573,1.02625,0.06628,-0.11084,4.6718,-3.4962,6.5725
100886770,0.11133,-0.69666,-0.72998,-9.7328,7.0382,-16.5496,1.02820,0.06921,-0.10999,4.8702,-4.0076,6.0916
100887770,0.15601,-0.82825,-0.67371,-9.5420,7.3130,-16.7099,1.03027,0.07117,-0.10840,5.0076,-4.4962,5.5802
100888770,0.17688,-0.85010,-0.60767,-10.9542,6.9466,-18.0458,1.03259,0.07263,-0.10596,5.1069,-4.9695,5.0916
100889768,0.17993,-0.73462,-0.56445,-13.6489,5.9542,-19.5191,1.03503,0.07422,-0.10327,5.1679,-5.4046,4.6183
100890771,0.17371,-0.58435,-0.55786,-15.5878,4.5954,-19.8473,1.03638,0.07568,-0.10107,5.1679,-5.7863,4.1832
100891770,0.16138,-0.53223,-0.56580,-15.2824,3.2824,-19.0153,1.03723,0.07593,-0.09924,5.1145,-6.1221,3.7481
100892770,0.14880,-0.59143,-0.59290,-13.6183,2.0840,-18.3130,1.03931,0.07471,-0.09705,5.0000,-6.4504,3.3435
100893770,0.13745,-0.67236,-0.61865,-12.2977,1.2977,-18.6794,1.04150,0.07251,-0.09558,4.8626,-6.7634,2.9542
100894771,0.12158,-0.66760,-0.62329,-12.3130,0.9313,-20.0916,1.04297,0.07043,-0.09460,4.7176,-7.0382,2.5496
100895771,0.09241,-0.56384,-0.60339,-12.2977,0.9237,-21.5725,1.04529,0.06885,-0.09399,4.5954,-7.2443,2.1679
100896771,0.06030,-0.44849,-0.58545,-10.7939,1.1069,-22.2824,1.04822,0.06689,-0.09485,4.4733,-7.4046,1.8321
100897770,0.03479,-0.38123,-0.59302,-8.1221,1.5115,-22.3282,1.05054,0.06458,-0.09534,4.3130,-7.5115,1.5649
100898771,0.02649,-0.35242,-0.59216,-5.8015,2.2595,-22.1985,1.05225,0.06274,-0.09497,4.1832,-7.5878,1.2824
100899771,0.04553,-0.32507,-0.56226,-5.1908,2.9160,-21.9542,1.05457,0.06067,-0.09546,4.0992,-7.6489,1.0000
100900770,0.06763,-0.31799,-0.51404,-5.4351,2.9313,-21.0611,1.05701,0.05859,-0.09656,4.0611,-7.6870,0.7710
100901770,0.07214,-0.35974,-0.47192,-5.3664,2.3282,-19.6336,1.05823,0.05737,-0.09692,4.0229,-7.6870,0.5878
100902771,0.07019,-0.40808,-0.45898,-5.4351,1.3664,-18.2672,1.05859,0.05603,-0.09521,3.9771,-7.6183,0.4122
100903770,0.06787,-0.41370,-0.46436,-6.6260,0.3282,-16.9695,1.05872,0.05505,-0.09192,3.9695,-7.5115,0.2443
100904770,0.06934,-0.37317,-0.45740,-8.9313,-0.6260,-15.3588,1.05908,0.05554,-0.08826,4.0000,-7.3664,0.1221
100905770,0.07910,-0.34741,-0.41858,-10.8702,-1.5344,-13.1985,1.06018,0.05652,-0.08386,4.0305,-7.1985,0.0458
100906770,0.08875,-0.38123,-0.38440,-11.9313,-2.8321,-10.9695,1.06165,0.05737,-0.07935,4.0076,-7.0305,0.0076
100907770,0.08154,-0.44165,-0.39563,-12.6870,-4.4809,-9.4122,1.06262,0.05847,-0.07690,3.9389,-6.8168,-0.0229
100908770,0.06750,-0.47778,-0.40833,-13.3664,-5.7710,-8.7634,1.06323,0.05920,-0.07556,3.8550,-6.5649,-0.0076
100909770,0.06287,-0.47449,-0.40210,-13.7176,-6.8015,-8.6870,1.06421,0.05884,-0.07361,3.7405,-6.3053,0.0458
100910770,0.05066,-0.46802,-0.41187,-12.9771,-8.0458,-8.6718,1.06543,0.05725,-0.07056,3.6031,-6.0534,0.1145
100911770,0.03113,-0.49475,-0.46143,-11.2366,-9.3969,-8.5878,1.06738,0.05591,-0.06702,3.4580,-5.7939,0.1679
100912768,0.01025,-0.53894,-0.52869,-9.5115,-10.2595,-8.6183,1.06836,0.05554,-0.06335,3.3053,-5.4962,0.2595
100913771,-0.01453,-0.57471,-0.57129,-8.2672,-10.3893,-8.7481,1.06763,0.05505,-0.06091,3.1221,-5.1298,0.3893
100914771,-0.03345,-0.58691,-0.59875,-7.6565,-10.0840,-8.8473,1.06750,0.05481,-0.05969,2.9160,-4.7405,0.5267
100915771,-0.05750,-0.60071,-0.63623,-7.1145,-9.7023,-8.5267,1.06738,0.05469,-0.05786,2.6565,-4.3588,0.6870
100916770,-0.08081,-0.63647,-0.67773,-6.7405,-9.0305,-7.8626,1.06702,0.05383,-0.05591,2.3588,-3.9618,0.9160
100917770,-0.08325,-0.66248,-0.69995,-7.1145,-7.9313,-7.3053,1.06653,0.05237,-0.05554,2.0382,-3.5344,1.1756
100918768,-0.07581,-0.66455,-0.67053,-8.1527,-6.7328,-6.8779,1.06592,0.05066,-0.05615,1.7099,-3.0916,1.4656
100919772,-0.05713,-0.65234,-0.61841,-9.7405,-6.1298,-6.4198,1.06604,0.04895,-0.05725,1.3969,-2.6718,1.7863
100920771,-0.03821,-0.65466,-0.58789,-10.9695,-6.2519,-5.8244,1.06555,0.04749,-0.05884,1.0305,-2.2290,2.1145
100921771,-0.02490,-0.68188,-0.55872,-11.3282,-6.5115,-5.3511,1.06433,0.04724,-0.06018,0.6489,-1.7710,2.4809
100922770,-0.00244,-0.69482,-0.52100,-11.3893,-6.7328,-5.3588,1.06348,0.04688,-0.06067,0.2824,-1.3359,2.8779
100923770,0.01306,-0.67773,-0.49268,-11.2519,-7.3130,-5.6412,1.06299,0.04529,-0.06177,-0.0534,-0.9160,3.2901
100924770,0.01355,-0.64880,-0.48523,-10.7634,-8.1756,-5.8397,1.06262,0.04407,-0.06396,-0.4046,-0.4733,3.7328
100925768,0.01367,-0.63037,-0.48657,-9.7099,-9.0153,-5.7710,1.06030,0.04150,-0.06897,-1.0763,0.3664,4.6565
100926771,0.01294,-0.63586,-0.49573,-8.5420,-9.8626,-5.5344,1.05981,0.04102,-0.07043,-1.3817,0.7786,5.1450
100927771,0.01562,-0.64856,-0.51025,-7.8168,-10.5725,-5.3893,1.05981,0.04138,-0.07056,-1.7023,1.2061,5.6641
100928770,0.02344,-0.65637,-0.50537,-7.2977,-11.0840,-5.3664,1.06018,0.04187,-0.07068,-2.0153,1.6107,6.1756
100929770,0.03003,-0.65271,-0.49207,-6.9924,-11.6870,-5.4351,1.06042,0.04187,-0.07141,-2.2748,1.9847,6.6870
100930768,0.03381,-0.64465,-0.50903,-7.1069,-12.6260,-5.3053,1.06018,0.04236,-0.07251,-2.4962,2.3359,7.1985
100931768,0.02625,-0.65796,-0.56116,-7.7405,-13.8244,-4.7481,1.05981,0.04370,-0.07202,-2.7252,2.7099,7.7023
100932771,0.01270,-0.68677,-0.61536,-8.8626,-14.7939,-4.0382,1.05872,0.04370,-0.07007,-2.9542,3.1145,8.1908
100933771,0.00317,-0.69263,-0.65344,-9.9618,-15.3893,-3.6183,1.05774,0.04321,-0.06885,-3.1756,3.4962,8.6641
100934771,-0.00366,-0.66479,-0.68726,-10.2672,-15.7252,-3.4656,1.05676,0.04346,-0.06812,-3.3893,3.8626,9.0992
100935770,-0.00769,-0.64856,-0.72046,-9.6794,-15.8168,-3.0153,1.05542,0.04419,-0.06750,-3.5802,4.2290,9.4885
100936767,-0.01074,-0.68115,-0.74622,-8.9695,-15.7863,-2.1527,1.05481,0.04492,-0.06738,-3.7481,4.5954,9.8702
100937772,-0.01672,-0.73267,-0.77795,-8.9313,-15.8321,-1.5191,1.05481,0.04443,-0.06812,-3.9084,4.9466,10.2214
100938771,-0.02466,-0.75232,-0.82581,-9.2748,-15.8244,-1.6260,1.05444,0.04468,-0.06934,-4.0611,5.2824,10.5573
100939771,-0.03613,-0.73901,-0.87439,-9.0000,-15.5954,-2.2366,1.05347,0.04614,-0.06982,-4.2214,5.6031,10.8321
100940770,-0.05127,-0.72546,-0.90503,-7.8626,-15.1145,-2.8397,1.05225,0.04749,-0.06897,-4.3435,5.9237,11.0916
100941768,-0.06189,-0.73328,-0.92676,-6.8702,-14.5954,-3.2290,1.05212,0.04749,-0.06824,-4.4733,6.2519,11.3282
100942766,-0.06970,-0.76050,-0.93750,-6.7786,-13.9313,-3.4733,1.05347,0.04724,-0.06763,-4.6031,6.5725,11.5649
100943769,-0.07581,-0.78540,-0.93164,-7.4122,-13.0076,-3.7786,1.05420,0.04736,-0.06689,-4.7863,6.9084,11.7710
100944767,-0.07971,-0.78479,-0.93933,-8.1450,-11.9771,-4.1603,1.05408,0.04761,-0.06702,-4.9924,7.2519,11.9237
100945771,-0.07861,-0.77014,-0.95752,-8.4122,-10.6336,-4.3053,1.05420,0.04797,-0.06689,-5.2366,7.5649,12.0687
100946770,-0.06470,-0.75854,-0.94299,-8.3740,-8.9695,-4.1069,1.05530,0.04834,-0.06567,-5.4885,7.8168,12.1985
100947770,-0.04175,-0.74609,-0.89746,-8.4885,-7.7405,-3.6870,1.05627,0.04822,-0.06567,-5.7481,8.0611,12.3282
100948768,-0.02441,-0.73206,-0.87524,-9.0382,-7.5496,-3.1985,1.05750,0.04749,-0.06628,-6.0229,8.3130,12.4504
100949768,-0.01965,-0.72180,-0.87378,-9.5573,-7.7863,-2.7786,1.05847,0.04639,-0.06653,-6.2977,8.5573,12.5878
100950772,-0.01404,-0.70667,-0.83789,-9.6489,-7.7786,-2.6336,1.05786,0.04468,-0.06775,-6.5267,8.7634,12.6870
100951771,0.00232,-0.67285,-0.78223,-9.4580,-7.8779,-2.7710,1.05652,0.04236,-0.07007,-6.6794,8.9389,12.7328
100952770,0.01526,-0.65381,-0.75952,-8.8550,-8.4733,-2.7863,1.05481,0.04028,-0.07336,-6.7328,9.0534,12.7405
100953770,0.01758,-0.67639,-0.77039,-8.0076,-9.1908,-2.6412,1.05237,0.03906,-0.07776,-6.6794,9.0992,12.7252
100954770,0.01257,-0.70166,-0.79358,-7.4427,-9.6412,-2.7863,1.04944,0.03833,-0.08276,-6.5344,9.1069,12.6794
100955770,-0.01416,-0.69507,-0.83582,-7.2748,-9.9695,-3.2824,1.04541,0.03772,-0.08691,-6.3206,9.0611,12.6031
100956768,-0.04834,-0.68176,-0.88538,-7.1298,-9.8015,-3.5267,1.04126,0.03735,-0.08948,-6.0000,8.9618,12.4504
100957771,-0.06738,-0.69348,-0.91052,-7.2748,-9.0305,-3.1908,1.03748,0.03833,-0.09167,-5.5802,8.7939,12.2519
100958771,-0.07019,-0.72827,-0.87109,-7.7939,-7.5496,-2.5573,1.03296,0.04102,-0.09351,-5.0840,8.5802,12.0076
100959771,-0.04492,-0.74597,-0.73682,-10.3053,-4.8626,-1.8931,1.02869,0.04443,-0.09534,-4.5878,8.3206,11.7176
100960770,-0.03638,-0.72644,-0.70032,-11.2672,-4.0611,-1.6336,1.02527,0.04797,-0.09705,-4.0763,8.0229,11.3740
100961770,-0.02356,-0.71155,-0.66504,-11.9237,-3.6260,-1.1603,1.02222,0.05103,-0.09863,-3.5344,7.6870,10.9924
100962770,-0.00476,-0.70776,-0.61377,-12.3740,-3.8550,-0.7023,1.01941,0.05469,-0.09985,-3.0000,7.2824,10.5496
100963767,0.02307,-0.69299,-0.56372,-12.6336,-4.9466,-0.7176,1.01709,0.05957,-0.10022,-2.5344,6.8092,10.0611
100964772,0.04932,-0.66772,-0.52039,-11.9008,-6.6336,-1.1069,1.01562,0.06421,-0.10022,-2.1298,6.3053,9.5420
100965771,0.06128,-0.65515,-0.48401,-10.2901,-8.5802,-1.5573,1.01477,0.06775,-0.09875,-1.7405,5.7710,8.9924
100966770,0.06311,-0.65356,-0.48120,-8.7099,-10.5954,-1.9160,1.01416,0.06982,-0.09668,-1.3893,5.2519,8.4351
100967770,0.05676,-0.66028,-0.51306,-7.6947,-12.3435,-2.0992,1.01489,0.07153,-0.09570,-1.1221,4.7252,7.8626
100968770,0.04089,-0.67175,-0.56152,-7.2214,-13.5878,-2.0840,1.01685,0.07324,-0.09546,-0.9008,4.1756,7.3053
100969767,0.01953,-0.67993,-0.61096,-6.8855,-14.2443,-1.9771,1.01831,0.07227,-0.09473,-0.7252,3.5802,6.7634
100970768,-0.00354,-0.66687,-0.65833,-6.8779,-14.4275,-1.9084,1.01929,0.07056,-0.09412,-0.5649,2.9847,6.2061
100971768,-0.02649,-0.63892,-0.69775,-7.3282,-14.2519,-1.5725,1.02100,0.06946,-0.09460,-0.4122,2.4198,5.6412
100972772,-0.03613,-0.63635,-0.71436,-8.0840,-13.7939,-0.6489,1.02368,0.06750,-0.09473,-0.2901,1.8702,5.1069
100973771,-0.03687,-0.67200,-0.72998,-9.2443,-13.4198,0.5802,1.02661,0.06494,-0.09424,-0.1985,1.2901,4.5954
100974771,-0.03931,-0.73291,-0.75903,-10.5878,-13.2061,1.6794,1.03125,0.06250,-0.09497,-0.1221,0.7252,4.0840
100975771,-0.03369,-0.78015,-0.78918,-12.0153,-12.8397,2.2214,1.03699,0.06140,-0.09644,-0.0382,0.1679,3.6107
100976771,-0.02710,-0.77161,-0.78735,-12.8015,-12.2061,2.0916,1.04102,0.06104,-0.09863,0.0687,-0.3588,3.1832
100977771,-0.01978,-0.71204,-0.75806,-12.6412,-11.7176,1.5878,1.04358,0.06030,-0.10083,0.1985,-0.8702,2.8092
100978770,-0.01270,-0.65991,-0.75562,-11.9389,-11.8168,1.4122,1.04553,0.05908,-0.10254,0.3282,-1.3740,2.4733
100979771,-0.00745,-0.67200,-0.74951,-10.8244,-11.8473,1.6794,1.04700,0.05774,-0.10425,0.4809,-1.8855,2.1298
100980770,0.01404,-0.71521,-0.70593,-9.7710,-11.6565,1.5573,1.04810,0.05676,-0.10571,0.6260,-2.4046,1.7939
100981770,0.04565,-0.74536,-0.66296,-8.8092,-11.7176,0.9008,1.04932,0.05713,-0.10657,0.7634,-2.9084,1.4885
100982770,0.05811,-0.76843,-0.65576,-7.9695,-12.2748,0.2443,1.05103,0.05798,-0.10657,0.9084,-3.3664,1.2290
100983770,0.05164,-0.76672,-0.67126,-7.4885,-12.9542,-0.3740,1.05225,0.05884,-0.10547,1.0687,-3.8321,0.9695
100984770,0.04163,-0.72021,-0.70300,-7.7710,-13.7405,-0.8244,1.05310,0.05981,-0.10327,1.2214,-4.3053,0.7405
100985770,0.02283,-0.66882,-0.76990,-8.5725,-14.6107,-0.5649,1.05408,0.06104,-0.10193,1.3359,-4.7557,0.5267
100986770,-0.00110,-0.67017,-0.82739,-8.7863,-15.0076,0.3817,1.05457,0.06274,-0.10107,1.4275,-5.1679,0.3435
100987770,-0.00989,-0.69629,-0.83728,-8.5954,-14.7176,1.0992,1.05420,0.06519,-0.09875,1.5191,-5.5573,0.1756
100988768,-0.01245,-0.69788,-0.83875,-8.9771,-14.3588,1.4733,1.05261,0.06750,-0.09521,1.6031,-5.9542,-0.0229
100989766,-0.01782,-0.68982,-0.84448,-9.8702,-13.8321,2.0458,1.05103,0.06934,-0.09131,1.6336,-6.3359,-0.1908
100990769,-0.00830,-0.68738,-0.82910,-10.5267,-13.0000,2.7634,1.05017,0.07056,-0.08765,1.6107,-6.6641,-0.3130
100991771,0.00513,-0.68823,-0.81738,-10.5191,-12.4427,3.2443,1.05054,0.07056,-0.08484,1.5649,-6.9466,-0.4351
100992771,0.00818,-0.69312,-0.83838,-10.0382,-12.3053,3.3817,1.05225,0.06909,-0.08142,1.5267,-7.1756,-0.5802
100993770,-0.00281,-0.69617,-0.86182,-9.3130,-12.3053,3.1527,1.05383,0.06787,-0.07776,1.4351,-7.3435,-0.7252
100994770,-0.01245,-0.68860,-0.85217,-8.5191,-12.2977,2.6718,1.05579,0.06689,-0.07520,1.3206,-7.4656,-0.8550
100995770,0.01416,-0.67139,-0.85486,-8.1908,-12.5267,2.2061,1.05762,0.06531,-0.07288,1.1908,-7.5496,-0.9618
100996770,0.04224,-0.69153,-0.87708,-7.0229,-12.8244,2.0153,1.05896,0.06372,-0.07117,1.0458,-7.5725,-1.0687
100997770,0.05078,-0.74939,-0.88330,-4.8168,-12.8779,1.6107,1.06030,0.06213,-0.06982,0.9237,-7.5573,-1.1450
100998770,0.03210,-0.73816,-0.96667,-3.9924,-13.5649,0.4580,1.06201,0.06055,-0.06689,0.8015,-7.5344,-1.2061
100999770,-0.01404,-0.65125,-1.10681,-4.5954,-13.8321,-0.3740,1.06299,0.05933,-0.06384,0.6794,-7.4656,-1.2443
101000770,-0.03467,-0.59204,-1.15857,-5.1374,-12.5115,0.0840,1.06360,0.05823,-0.06311,0.5420,-7.3435,-1.2443
101001770,-0.02637,-0.62329,-1.10010,-4.2061,-10.4504,1.2901,1.06396,0.05688,-0.06201,0.4046,-7.1832,-1.2366
101002770,-0.01807,-0.68689,-1.06714,-3.7099,-9.1679,1.9160,1.06458,0.05542,-0.05884,0.2824,-6.9847,-1.1985
101003768,-0.02185,-0.68909,-1.10278,-5.0229,-8.0000,1.8702,1.06555,0.05396,-0.05664,0.1603,-6.7939,-1.1374
101004772,-0.02429,-0.65015,-1.07434,-6.8626,-5.8931,2.2290,1.06689,0.05298,-0.05566,0.0382,-6.6183,-1.0382
101005771,-0.01514,-0.60034,-1.01086,-8.4275,-4.0229,3.0611,1.06860,0.05249,-0.05493,-0.0763,-6.4198,-0.9237
101006770,-0.00842,-0.58801,-0.99451,-8.6183,-3.0153,4.2519,1.06970,0.05225,-0.05420,-0.1985,-6.1832,-0.7710
101007770,0.00012,-0.63416,-0.98315,-7.9695,-2.1603,5.2748,1.07068,0.05164,-0.05432,-0.3435,-5.9084,-0.5878
101008770,0.02466,-0.67920,-0.92749,-7.4656,-1.3893,5.7023,1.07166,0.05127,-0.05530,-0.4962,-5.6031,-0.3740
101009770,0.05640,-0.70105,-0.85425,-7.3053,-1.3740,5.7939,1.07214,0.05139,-0.05542,-0.6183,-5.3130,-0.1298
101010770,0.08069,-0.72083,-0.80627,-7.1908,-2.1069,5.9008,1.07251,0.05176,-0.05505,-0.7328,-5.0458,0.1527
101011770,0.09583,-0.75854,-0.76550,-6.3664,-2.9695,5.8702,1.07312,0.05164,-0.05396,-0.8473,-4.7405,0.4198
101012770,0.09973,-0.77454,-0.75562,-5.4580,-4.1679,5.2595,1.07385,0.05078,-0.05298,-0.9695,-4.4427,0.7176
101013768,0.08154,-0.75623,-0.78259,-4.8321,-5.3969,4.4427,1.07446,0.04968,-0.05310,-1.0840,-4.1221,1.0458
101014767,0.05713,-0.74536,-0.78796,-4.5878,-6.1374,3.9542,1.07446,0.04883,-0.05237,-1.1832,-3.8168,1.3664
101015771,0.05725,-0.75403,-0.79700,-4.8321,-6.7634,3.7786,1.07300,0.04883,-0.05090,-1.2977,-3.5038,1.6947
101016771,0.05969,-0.79456,-0.85999,-4.9924,-7.6565,3.9008,1.07031,0.04944,-0.05029,-1.4351,-3.1756,2.0305
101017770,0.04053,-0.85352,-0.94128,-4.8779,-8.0076,3.9084,1.06897,0.04944,-0.05078,-1.5649,-2.8321,2.3817
101018770,0.01355,-0.85120,-1.00500,-5.1221,-7.5191,3.1679,1.06738,0.04932,-0.05176,-1.7023,-2.4962,2.7481
101019771,-0.02100,-0.75488,-1.07520,-5.7863,-6.7176,2.2061,1.06543,0.04895,-0.05200,-1.8626,-2.1679,3.1221
101020770,-0.05347,-0.65576,-1.13989,-6.1908,-5.4504,2.3511,1.06470,0.04846,-0.05164,-2.0458,-1.8550,3.4733
101021770,-0.06140,-0.65405,-1.14246,-5.9008,-3.3969,3.6641,1.06360,0.04858,-0.05176,-2.2290,-1.5344,3.8092
101022770,-0.04504,-0.72510,-1.09998,-5.4046,-1.2061,4.7481,1.06055,0.04919,-0.05249,-2.6031,-0.9237,4.4198
101023768,-0.02161,-0.77686,-1.06433,-5.1679,0.6412,4.7481,1.06042,0.04822,-0.05249,-2.7863,-0.6412,4.6794
101024767,-0.00085,-0.78625,-1.01953,-5.0458,2.2595,4.3053,1.06030,0.04700,-0.05310,-2.9847,-0.3664,4.9160
101025768,0.02002,-0.77563,-0.95044,-5.3359,3.4275,4.1603,1.06018,0.04602,-0.05347,-3.2061,-0.0916,5.1908
101026771,0.03870,-0.76282,-0.89380,-6.1069,3.6489,4.3740,1.06055,0.04468,-0.05151,-3.4504,0.1832,5.4504
101027771,0.05591,-0.75818,-0.85962,-6.8779,3.1985,4.6107,1.06104,0.04431,-0.04846,-3.6641,0.4427,5.7176
101028771,0.07568,-0.76440,-0.83032,-7.0382,2.5954,4.6183,1.06177,0.04541,-0.04749,-3.8702,0.6794,6.0076
101029770,0.09058,-0.78430,-0.80176,-6.3740,1.9237,4.3359,1.06299,0.04639,-0.04834,-4.1145,0.9160,6.2977
101030771,0.09680,-0.80127,-0.77539,-5.7176,1.1603,3.8397,1.06433,0.04651,-0.05017,-4.3817,1.1679,6.5573
101031771,0.09827,-0.79285,-0.75757,-5.9542,0.2977,3.2748,1.06555,0.04626,-0.05188,-4.6336,1.4122,6.8168
101032770,0.09460,-0.76636,-0.76868,-6.7634,-0.7099,2.9313,1.06641,0.04651,-0.05457,-4.8931,1.6870,7.0840
101033770,0.07568,-0.74670,-0.80078,-7.0076,-1.6107,2.8855,1.06677,0.04688,-0.05676,-5.1756,1.9466,7.3664
101034770,0.04846,-0.74207,-0.82043,-6.3206,-2.1603,2.9237,1.06628,0.04578,-0.05664,-5.4427,2.1756,7.6641
101035768,0.02881,-0.74182,-0.86206,-5.8855,-2.8015,2.9924,1.06506,0.04492,-0.05566,-5.7023,2.3740,7.9389
101036771,0.01489,-0.77209,-0.93909,-6.0534,-3.3817,3.5878,1.06458,0.04468,-0.05518,-5.9389,2.5954,8.2061
101037771,0.00818,-0.85681,-0.98694,-6.4275,-3.2061,4.5649,1.06494,0.04395,-0.05542,-6.1756,2.8168,8.4427
101038770,0.00647,-0.92688,-0.98755,-7.0687,-2.3664,4.8015,1.06531,0.04285,-0.05469,-6.3893,3.0382,8.6947
101039771,0.00183,-0.90540,-1.00354,-8.0611,-1.3740,3.9771,1.06445,0.04175,-0.05408,-6.5649,3.2672,8.9237
101040771,-0.00732,-0.81824,-1.04810,-8.8626,-0.0763,3.1298,1.06287,0.03979,-0.05310,-6.7023,3.4885,9.1374
101041770,-0.00903,-0.77600,-1.04529,-8.5573,1.8626,3.1985,1.06067,0.03711,-0.05249,-6.8092,3.7252,9.3435
101042770,0.00977,-0.81519,-0.99927,-7.9313,3.6718,3.5267,1.05835,0.03589,-0.05273,-6.8779,3.9542,9.5038
101043770,0.03735,-0.87524,-0.97449,-7.9695,4.6336,3.1603,1.05664,0.03674,-0.05334,-6.9237,4.1756,9.6565
101044770,0.06592,-0.90295,-0.94141,-8.3740,5.2443,2.0458,1.05444,0.03784,-0.05469,-6.9542,4.3588,9.7939
101045770,0.09607,-0.88184,-0.86267,-8.3817,5.5954,0.7328,1.05200,0.03857,-0.05505,-6.9924,4.5344,9.8931
101046770,0.10779,-0.83118,-0.79114,-7.8931,5.0229,-0.2443,1.05115,0.03931,-0.05469,-7.0458,4.6794,9.9618
101047770,0.09534,-0.77185,-0.79504,-7.8550,3.5649,-0.7176,1.05054,0.04138,-0.05603,-7.1145,4.8168,10.0305
101048768,0.08569,-0.72827,-0.83081,-7.9466,2.4427,-0.5878,1.04858,0.04382,-0.05725,-7.1908,4.9542,10.0763
101049768,0.08887,-0.72925,-0.83386,-7.3969,1.9695,-0.0458,1.04614,0.04504,-0.05627,-7.2672,5.0840,10.1145
101050772,0.08545,-0.75623,-0.83655,-6.7176,1.5954,0.3969,1.04431,0.04578,-0.05505,-7.3740,5.2366,10.1603
101051771,0.06787,-0.75769,-0.87000,-6.8397,1.2214,0.4580,1.04285,0.04688,-0.05444,-7.5191,5.4046,10.2214
101052770,0.04822,-0.71069,-0.90173,-7.6107,1.3588,0.4427,1.04199,0.04712,-0.05383,-7.6947,5.5649,10.2977
101053771,0.03955,-0.65930,-0.89417,-8.1374,2.0382,0.9924,1.04175,0.04614,-0.05310,-7.8855,5.7405,10.3969
101054771,0.04578,-0.66382,-0.88086,-8.3206,2.6489,2.0840,1.04236,0.04541,-0.05273,-8.0992,5.9008,10.5038
101055771,0.05078,-0.72034,-0.88721,-8.4962,3.0763,2.9771,1.04456,0.04541,-0.05371,-8.3282,6.0382,10.6031
101056770,0.05591,-0.77795,-0.87866,-8.7939,3.7176,3.0611,1.04578,0.04529,-0.05481,-8.5802,6.1832,10.7405
101057770,0.06665,-0.78577,-0.85291,-9.5954,4.3130,2.4580,1.04663,0.04456,-0.05444,-8.8244,6.3588,10.9237
101058771,0.07202,-0.75525,-0.82153,-10.5344,4.6641,1.9008,1.04871,0.04395,-0.05383,-9.0305,6.5420,11.1603
101059770,0.07715,-0.73389,-0.79456,-11.0382,4.7328,1.7176,1.05029,0.04419,-0.05371,-9.2290,6.7328,11.4198
101060770,0.08301,-0.73669,-0.78357,-10.6260,4.6412,1.5573,1.05115,0.04370,-0.05383,-9.4351,6.9695,11.7099
101061770,0.08789,-0.74500,-0.77710,-9.6947,4.5267,1.0840,1.05176,0.04187,-0.05518,-9.6107,7.2290,12.0305
101062770,0.09558,-0.72852,-0.75989,-9.1679,4.4275,0.3359,1.05188,0.04016,-0.05640,-9.7557,7.4962,12.4198
101063770,0.09778,-0.69116,-0.72424,-9.1527,4.0840,-0.1450,1.05249,0.03943,-0.05640,-9.8855,7.7405,12.8397
101064771,0.09229,-0.64783,-0.70581,-9.4427,3.1832,-0.2137,1.05310,0.03931,-0.05579,-10.0305,8.0153,13.2519
101065770,0.08777,-0.62378,-0.71814,-9.3206,2.1374,0.2061,1.05347,0.03870,-0.05493,-10.1756,8.3206,13.6794
101066770,0.08948,-0.64807,-0.72986,-8.9084,1.3969,1.0763,1.05481,0.03796,-0.05383,-10.3282,8.6641,14.1450
101067770,0.09326,-0.69934,-0.74170,-9.0229,0.7863,1.9771,1.05664,0.03784,-0.05249,-10.4962,9.0229,14.6641
101068770,0.09167,-0.73828,-0.76453,-9.7634,0.2137,2.6260,1.05786,0.03760,-0.05188,-10.6718,9.3969,15.2061
101069770,0.08582,-0.74597,-0.79529,-10.8015,-0.1450,3.0763,1.05908,0.03711,-0.05200,-10.8473,9.7634,15.7863
101070770,0.08081,-0.73608,-0.82239,-11.7405,-0.1069,3.5649,1.06006,0.03723,-0.05237,-10.9847,10.1145,16.3817
101071770,0.07910,-0.73303,-0.83875,-12.2137,0.3206,4.0382,1.05994,0.03760,-0.05298,-11.1145,10.5191,17.0458
101072770,0.07886,-0.74304,-0.84253,-12.0763,0.9771,4.2214,1.05933,0.03699,-0.05334,-11.2595,10.9618,17.7405
101073771,0.08459,-0.75781,-0.83423,-11.6870,1.6947,3.9084,1.05920,0.03638,-0.05237,-11.4504,11.3969,18.4580
101074770,0.09192,-0.76465,-0.82690,-11.5115,2.1603,3.1908,1.05945,0.03589,-0.04993,-11.6565,11.8550,19.1832
101075770,0.09521,-0.77649,-0.81873,-11.2748,2.2901,2.4656,1.05969,0.03577,-0.04700,-11.8931,12.3359,19.9008
101076770,0.09717,-0.79382,-0.82227,-11.1069,2.1069,1.7328,1.05945,0.03625,-0.04504,-12.1603,12.8244,20.6641
101077771,0.09497,-0.79382,-0.82776,-10.7939,1.9695,0.8779,1.05920,0.03601,-0.04382,-12.5038,13.3511,21.4733
101078770,0.09290,-0.76819,-0.81128,-10.1908,1.9924,0.0305,1.05908,0.03564,-0.04211,-12.9084,13.9160,22.2748
101079770,0.08643,-0.73108,-0.81567,-9.9237,1.6947,-0.3893,1.05908,0.03455,-0.04053,-13.3588,14.4962,23.0611
101080770,0.06360,-0.70447,-0.85413,-10.2214,1.3664,-0.1527,1.05933,0.03381,-0.03809,-13.8550,15.1145,23.8779
101081770,0.04407,-0.67810,-0.87024,-10.7863,1.7176,0.3817,1.05969,0.03369,-0.03528,-14.4198,15.7634,24.7252
101082771,0.04089,-0.63599,-0.83667,-10.9160,2.5802,0.8931,1.06006,0.03247,-0.03357,-15.0153,16.4198,25.6183
101083770,0.04309,-0.60901,-0.81067,-10.4046,3.0840,1.6412,1.06067,0.03113,-0.03198,-15.6718,17.1145,26.5115
101084770,0.05005,-0.64648,-0.83215,-9.6565,3.2290,2.8550,1.06128,0.03015,-0.03064,-16.3740,17.8473,27.4351
101085770,0.06165,-0.73999,-0.83472,-9.2977,3.6107,4.0458,1.06250,0.02893,-0.02930,-17.0992,18.6336,28.4275
101086770,0.08105,-0.79797,-0.78564,-10.0687,4.0305,4.2595,1.06396,0.02747,-0.02637,-17.8702,19.4504,29.4656
101087770,0.10022,-0.77173,-0.74438,-11.4122,3.8779,3.6412,1.06592,0.02478,-0.02246,-18.6794,20.2977,30.5649
101088771,0.09778,-0.75012,-0.72656,-10.8015,3.0687,3.2366,1.06860,0.02161,-0.01855,-19.5420,21.1908,31.7176
101089771,0.10205,-0.79858,-0.71631,-9.9924,2.8092,3.0992,1.07153,0.01953,-0.01587,-20.4580,22.1450,32.9160
101090770,0.11377,-0.83838,-0.72083,-10.0840,2.4427,2.4885,1.07446,0.01746,-0.01343,-21.4046,23.1756,34.1298
101091770,0.11646,-0.85571,-0.73022,-10.3588,2.0000,1.6412,1.07764,0.01562,-0.01147,-22.4198,24.2901,35.4122
101092771,0.10120,-0.83899,-0.72974,-10.1985,1.5420,0.6565,1.08057,0.01440,-0.01013,-23.5191,25.4733,36.8092
101093771,0.06677,-0.78027,-0.72864,-9.7939,1.0992,-0.2443,1.08215,0.01270,-0.00867,-24.6870,26.7023,38.2977
101094770,0.04077,-0.70007,-0.72693,-9.4046,0.8702,-0.6336,1.08289,0.01025,-0.00793,-25.8702,27.9237,39.8168
101095771,0.03809,-0.63977,-0.72217,-8.6107,0.7786,-0.3435,1.08423,0.00745,-0.00696,-27.0687,29.1069,41.3588
101096770,0.05188,-0.69751,-0.72595,-6.1221,0.5038,0.8779,1.08594,0.00342,-0.00500,-28.2595,30.2901,42.9389
101097770,0.06396,-0.88672,-0.78320,-3.3053,-0.2137,2.1832,1.08765,-0.00195,-0.00281,-29.4275,31.5344,44.5725
101098770,0.04797,-1.05127,-0.85461,-2.3053,-0.6641,2.1298,1.09009,-0.00732,-0.00024,-30.5878,32.8397,46.2824
101099767,0.02673,-1.04810,-0.87048,-3.7481,-0.5420,0.7176,1.09265,-0.01111,0.00171,-31.7481,34.1756,48.0763
101100766,0.00793,-0.92993,-0.89551,-6.0534,-0.6641,-0.2137,1.09448,-0.01379,0.00232,-32.8855,35.5267,49.9466
101101769,-0.01379,-0.89050,-0.94568,-6.5496,-0.4198,0.4580,1.09583,-0.01721,0.00256,-34.0534,36.8855,51.8779
101102772,-0.01013,-0.99011,-0.97046,-5.4122,0.8550,1.3206,1.09668,-0.02063,0.00293,-35.2672,38.2443,53.8779
101103771,0.01660,-1.11987,-0.94446,-4.6412,2.8092,0.8397,1.09729,-0.02393,0.00391,-36.5191,39.6489,55.9313
101104771,0.03345,-1.16113,-0.90552,-6.0229,4.3511,-1.0687,1.09705,-0.02795,0.00500,-37.8321,41.0763,58.0687
101105771,0.03674,-1.10266,-0.88281,-8.2366,5.3282,-3.2137,1.09631,-0.03162,0.00513,-39.1756,42.5344,60.2672
101106770,0.04175,-1.04773,-0.85303,-9.0763,6.0076,-4.3969,1.09583,-0.03491,0.00586,-40.5267,44.0153,62.5420
101107770,0.05603,-1.05652,-0.82227,-8.3282,6.4580,-4.9389,1.09583,-0.03918,0.00879,-41.9084,45.4962,64.8931
101108770,0.07739,-1.08716,-0.79041,-7.0763,6.6183,-5.8397,1.09485,-0.04492,0.01233,-43.3588,47.0076,67.2977
101109770,0.09326,-1.06775,-0.75110,-6.6260,6.3893,-7.4198,1.09204,-0.05164,0.01624,-44.8779,48.5573,69.7786
101110770,0.09497,-0.98706,-0.71936,-6.8550,5.7557,-8.9008,1.08923,-0.05884,0.02014,-46.4046,50.1450,72.3511
101111770,0.09265,-0.91113,-0.70618,-6.6183,5.0305,-9.5649,1.08728,-0.06763,0.02405,-47.9466,51.7939,75.0305
101112770,0.09753,-0.89001,-0.70691,-5.7176,4.4809,-9.5115,1.08582,-0.07727,0.02759,-49.5496,53.4656,77.8168
101113768,0.09546,-0.90002,-0.70569,-4.9008,4.0916,-9.3740,1.08350,-0.08643,0.02942,-51.2137,55.1679,80.7328
101114768,0.08789,-0.87500,-0.69702,-4.9771,3.6489,-9.6718,1.08032,-0.09595,0.03186,-52.9389,56.9313,83.7634
101115768,0.08472,-0.80811,-0.69995,-5.7939,2.9237,-9.8092,1.07739,-0.10645,0.03564,-54.7176,58.6947,86.9313
101116767,0.07886,-0.79175,-0.71802,-6.1603,1.9771,-8.8397,1.07458,-0.11743,0.03906,-56.5649,60.4580,90.2595
101117772,0.07727,-0.87219,-0.73816,-5.7939,1.1908,-7.3130,1.07141,-0.12915,0.04236,-58.5496,62.2443,93.7863
101118771,0.08716,-0.97510,-0.75745,-5.4580,0.6641,-6.6107,1.06824,-0.14124,0.04456,-60.6794,64.0687,97.5344
101119770,0.09180,-1.03186,-0.79236,-5.6794,0.2672,-7.0000,1.06274,-0.16895,0.04834,-65.3206,67.8015,105.7099
101120770,0.08154,-1.04089,-0.83240,-6.1298,0.2672,-7.8550,1.05884,-0.18445,0.05078,-67.8550,69.6870,110.1603
101121770,0.06458,-1.01721,-0.84973,-6.3130,0.8473,-8.9084,1.05408,-0.19958,0.05176,-70.6107,71.5496,114.8931
101122770,0.05359,-0.97729,-0.86206,-6.0916,1.7176,-10.1832,1.04919,-0.21545,0.05090,-73.5573,73.3664,119.9084
101123770,0.05627,-0.96692,-0.88477,-5.3588,2.6794,-11.3893,1.04297,-0.23291,0.04907,-76.6870,75.1679,125.2519
101124770,0.06543,-1.00330,-0.88745,-4.1374,3.8092,-12.6947,1.03418,-0.25073,0.04761,-79.9618,76.9542,130.9008
101125770,0.08252,-1.03809,-0.86121,-2.9237,4.8702,-14.5038,1.02637,-0.26880,0.04736,-83.3969,78.6718,136.9084
101126770,0.10291,-1.02258,-0.84192,-2.5573,5.4122,-16.5496,1.02087,-0.28845,0.04602,-86.9847,80.3435,143.2824
101127770,0.11353,-0.95752,-0.82642,-2.9924,5.6031,-18.1069,1.01526,-0.30908,0.04333,-90.7634,81.9695,150.0611
101128770,0.12024,-0.85852,-0.80029,-3.6489,5.6565,-18.9771,1.00916,-0.33020,0.04126,-94.7176,83.5267,157.2214
101129770,0.12793,-0.75208,-0.78320,-3.8626,5.5344,-19.1069,1.00256,-0.35352,0.04028,-98.8015,85.0992,164.7481
101130771,0.13037,-0.69031,-0.78540,-3.6031,5.2901,-18.3893,0.99573,-0.37866,0.03796,-103.0382,86.5191,172.7252
101131770,0.13354,-0.67615,-0.78540,-3.4198,5.1679,-17.3282,0.98950,-0.40588,0.03516,-107.4504,87.9695,181.2137
101132770,0.14233,-0.65442,-0.77222,-3.9389,5.0153,-16.4656,0.98267,-0.43542,0.03369,-112.0153,89.5420,190.2290
101133770,0.14502,-0.60864,-0.76990,-4.9618,4.5802,-15.6565,0.97546,-0.46655,0.03271,-116.7481,91.0916,199.7634
101134770,0.14661,-0.58325,-0.77466,-5.5420,4.1145,-14.5191,0.96887,-0.49890,0.03113,-121.6718,92.4504,209.8092
101135770,0.15161,-0.58704,-0.77356,-5.3435,3.7176,-13.4656,0.96326,-0.53223,0.02820,-126.7863,93.5267,220.3969
101136770,0.15234,-0.59302,-0.77209,-4.5954,3.3053,-12.9466,0.95862,-0.56506,0.02527,-132.0763,94.3893,231.5802
101137770,0.15076,-0.59363,-0.77722,-3.8855,2.9160,-12.8779,0.95422,-0.59705,0.02271,-137.4809,95.2595,243.3588
101138770,0.14209,-0.59900,-0.78906,-3.1908,2.6031,-12.9466,0.94946,-0.62878,0.02002,-142.9542,96.3130,250.1298
101139770,0.12830,-0.62183,-0.81555,-2.3053,2.3893,-13.0229,0.94531,-0.65759,0.01599,-148.4962,97.2443,250.1298
101140770,0.11450,-0.66394,-0.86292,-1.4962,2.3359,-13.0534,0.94104,-0.68127,0.01086,-154.1603,97.9542,250.1298
101141770,0.09766,-0.71399,-0.90271,-1.0534,2.7634,-13.1450,0.93604,-0.69934,0.00671,-159.9771,98.5420,250.1298
101142770,0.08325,-0.72778,-0.91431,-1.1985,3.6947,-13.5649,0.93335,-0.71497,0.00269,-165.9771,98.8626,250.1298
101143771,0.07678,-0.70154,-0.90955,-1.6031,4.7557,-13.9084,0.93237,-0.73047,-0.00183,-172.1221,99.0992,250.1298
101144770,0.06738,-0.68103,-0.90369,-2.1832,5.7328,-13.7023,0.93066,-0.74707,-0.00549,-178.3130,99.1527,250.1298
101145770,0.06311,-0.67517,-0.88123,-2.9084,6.9313,-13.1985,0.92908,-0.76501,-0.00769,-184.3969,98.8702,250.1298
101146771,0.07617,-0.66504,-0.82349,-3.4427,8.1374,-12.8626,0.92798,-0.78271,-0.00842,-190.2290,98.5573,250.1298
101147770,0.09497,-0.66394,-0.76746,-3.5344,8.7405,-12.5573,0.92786,-0.79895,-0.00830,-195.7176,98.4885,250.1298
101148767,0.11060,-0.70325,-0.74231,-3.2137,8.6794,-12.0611,0.92871,-0.81348,-0.00867,-200.9008,98.4351,250.1298
101149771,0.12341,-0.76050,-0.71252,-2.7328,8.4427,-11.7405,0.93079,-0.82703,-0.01147,-205.8397,98.1221,250.1298
101150771,0.14038,-0.77954,-0.66553,-2.6565,7.9924,-11.8931,0.93494,-0.83911,-0.01514,-210.6183,97.5420,250.1298
101151770,0.15576,-0.75391,-0.63867,-2.9008,7.0076,-12.1527,0.94055,-0.85022,-0.01843,-215.3053,96.9008,250.1298
101152770,0.16223,-0.74658,-0.64221,-2.5649,5.7405,-12.0229,0.94568,-0.86255,-0.02258,-219.9313,96.2748,250.1298
101153771,0.17822,-0.78369,-0.66833,-1.8779,4.6718,-11.7786,0.95093,-0.87671,-0.02820,-224.4962,95.5649,250.1298
101154770,0.21716,-0.81274,-0.70837,-1.9847,4.1985,-12.0763,0.95825,-0.89087,-0.03687,-229.0305,94.5344,250.1298
101155770,0.25000,-0.79053,-0.65796,-2.0840,4.9695,-13.1985,0.96899,-0.90088,-0.05127,-233.6183,93.1832,250.1298
101156770,0.28027,-0.69653,-0.47961,-1.0840,6.2595,-15.0687,0.98279,-0.90723,-0.06860,-238.3588,91.5802,250.1298
101157770,0.27600,-0.50000,-0.37708,-0.1908,5.6260,-17.3817,0.99316,-0.91821,-0.08386,-243.3130,89.7252,250.1298
101158770,0.23486,-0.31433,-0.44153,1.1069,3.5725,-18.3053,0.99719,-0.94214,-0.09595,-248.3664,87.6565,250.1298
101159770,0.23352,-0.30884,-0.54358,3.1832,1.9313,-16.9695,0.99939,-0.97742,-0.10315,-250.1374,85.4504,250.1298
101160770,0.25110,-0.46106,-0.53845,6.3969,0.9160,-15.1908,1.00098,-1.01636,-0.10693,-250.1374,83.2061,250.1298
101161770,0.26343,-0.57312,-0.48450,9.2214,-0.8473,-15.3130,1.00305,-1.05518,-0.10889,-250.1374,80.9466,250.1298
101162770,0.24170,-0.50940,-0.53528,10.3206,-3.9618,-16.5649,1.00720,-1.08948,-0.10840,-250.1374,78.6718,250.1298
101163771,0.17212,-0.38953,-0.64673,10.3206,-6.8168,-15.9847,1.01270,-1.11475,-0.10889,-250.1374,76.3664,250.1298
101164771,0.11646,-0.31665,-0.75964,8.9160,-8.2137,-13.3893,1.01807,-1.12891,-0.11169,-250.1374,73.9466,250.1298
101165771,0.09253,-0.34045,-0.81555,8.0458,-7.8702,-9.9695,1.02307,-1.13171,-0.11548,-250.1374,71.3206,250.1298
101166770,0.08606,-0.45020,-0.82642,7.7099,-6.8015,-7.4427,1.02881,-1.12708,-0.12158,-250.1374,68.4504,250.1298
101167770,0.07410,-0.53064,-0.87732,7.0000,-5.9389,-6.6565,1.03516,-1.11731,-0.12817,-250.1374,65.2748,250.1298
101168770,0.05566,-0.53955,-0.91382,5.8626,-4.7328,-6.7786,1.04077,-1.10339,-0.13660,-250.1374,61.7252,250.1298
101169770,0.06311,-0.50195,-0.88684,3.8779,-3.1298,-6.6565,1.04553,-1.08740,-0.14929,-250.1374,57.8473,250.1298
101170770,0.09106,-0.47791,-0.80884,2.7405,-1.6489,-6.0992,1.05164,-1.06909,-0.16370,-250.1374,53.6718,250.1298
101171770,0.11719,-0.48096,-0.73682,4.1145,-0.8168,-6.1908,1.05969,-1.05029,-0.18091,-250.1374,49.1985,250.1298
101172770,0.13708,-0.47998,-0.69727,8.1603,-0.1145,-7.3817,1.06946,-1.03259,-0.20227,-250.1374,44.4656,250.1298
101173767,0.15515,-0.46960,-0.64612,12.8931,0.6718,-8.9771,1.08118,-1.01294,-0.22498,-250.1374,39.4351,250.1298
101174771,0.19153,-0.43213,-0.60242,16.0687,0.9542,-10.3282,1.09558,-0.99207,-0.24817,-250.1374,34.0840,250.1298
101175771,0.23022,-0.39758,-0.55334,18.9008,0.6260,-10.8626,1.11230,-0.96985,-0.27258,-250.1374,28.4504,250.1298
101176770,0.25671,-0.41284,-0.45605,22.4275,-0.0611,-10.7481,1.12866,-0.94092,-0.29663,-250.1374,22.5725,250.1298
101177770,0.27576,-0.43518,-0.38232,25.2443,-1.8321,-10.6336,1.14355,-0.90662,-0.31726,-250.1374,16.4504,250.1298
101178767,0.27502,-0.43079,-0.39026,26.3588,-4.7328,-10.2595,1.15405,-0.86865,-0.33374,-250.1374,10.0840,250.1298
101179766,0.26843,-0.41980,-0.44128,25.3435,-7.9237,-8.9466,1.16260,-0.82837,-0.34521,-250.1374,3.5038,250.1298
101180769,0.25940,-0.44104,-0.48767,22.8550,-10.9389,-6.5649,1.17285,-0.79272,-0.35010,-245.2061,-3.2214,250.1298
101181772,0.23364,-0.49426,-0.54236,19.6718,-13.8473,-3.9466,1.18433,-0.76392,-0.34863,-236.2977,-10.0000,250.1298
101182771,0.18726,-0.54761,-0.65271,16.2748,-16.4580,-1.7176,1.20288,-0.74805,-0.33154,-226.5802,-16.6565,250.1298
101183771,0.13025,-0.59973,-0.78210,12.9084,-17.8168,0.2290,1.22046,-0.73511,-0.31226,-215.9389,-22.8779,250.1298
101184771,0.08081,-0.64478,-0.87830,9.6336,-17.5573,1.9084,1.23108,-0.71289,-0.29944,-204.3817,-28.5420,250.1298
101185771,0.04858,-0.67432,-0.93665,7.3359,-16.0840,2.9771,1.23938,-0.67944,-0.28101,-192.1298,-33.7405,250.1298
101186771,0.03174,-0.70251,-0.97034,6.4733,-13.9313,3.3130,1.24524,-0.63257,-0.25696,-179.3893,-38.4962,250.1298
101187770,0.02234,-0.73718,-0.98755,6.9084,-11.5191,2.9847,1.25256,-0.58069,-0.22327,-166.4809,-42.8550,250.1298
101188770,0.01501,-0.77490,-0.99817,8.3588,-9.2977,1.9542,1.25696,-0.52283,-0.19116,-153.5954,-46.7099,250.1298
101189771,0.01501,-0.80090,-0.99048,10.1985,-7.1756,0.3053,1.26074,-0.46460,-0.15942,-141.0000,-50.0916,250.1298
101190770,0.02625,-0.82385,-0.94653,12.1527,-5.3740,-1.4427,1.26294,-0.40356,-0.12695,-128.8015,-52.9847,250.1298
101191770,0.04871,-0.84949,-0.90063,13.8473,-4.2672,-3.1145,1.26172,-0.34045,-0.09302,-117.0458,-55.3130,250.1298
101192768,0.06995,-0.86426,-0.86182,15.2672,-3.5878,-4.6031,1.26196,-0.28796,-0.05444,-105.7176,-57.0000,250.1298
101193768,0.04822,-0.86072,-0.78369,16.2672,-2.9313,-5.6641,1.25586,-0.23730,-0.02161,-94.7252,-57.9313,250.1298
101194772,0.02222,-0.84070,-0.69836,16.3740,-2.4122,-6.1679,1.24011,-0.18469,-0.00317,-84.0076,-58.2366,250.1298
101195771,0.21240,-0.76184,-0.56616,16.3817,-0.4122,-6.7405,1.21790,-0.14014,0.00806,-73.5802,-58.0840,250.1298
101196770,0.59302,-0.46130,-0.13879,20.8626,2.7481,-9.3588,1.19299,-0.10315,0.02380,-63.5344,-57.5038,250.1298
101197770,0.90857,0.01843,0.35388,35.1450,0.6641,-13.9389,1.16699,-0.07227,0.04260,-53.8702,-56.4046,250.1298
101198770,1.02014,0.59143,0.42297,57.9237,-8.1298,-19.9695,1.13623,-0.04346,0.05347,-44.4198,-54.7176,250.1298
101199770,0.89539,1.26379,0.20959,89.8397,-17.9695,-27.7023,1.09753,-0.01172,0.05225,-35.1908,-52.4885,250.1298
101200770,0.83496,1.82617,0.52637,137.1756,-20.6107,-35.9542,1.05701,0.01501,0.05103,-26.3893,-49.9084,250.1298
101201771,0.94629,1.78430,1.11804,192.6183,-26.0000,-39.8015,1.01721,0.03540,0.04907,-18.0840,-47.0458,250.1298
101202771,0.76367,1.07141,0.84558,235.0687,-43.4351,-39.9313,0.97595,0.05396,0.04395,-10.2366,-43.8931,250.1298
101203770,0.49951,0.44556,0.18152,250.1298,-56.5115,-43.3588,0.93591,0.06177,0.03271,-2.8015,-40.4885,250.1298
101204771,0.57544,0.44043,0.13525,250.1298,-57.5420,-50.3053,0.89319,0.05676,0.02234,4.2290,-36.6947,250.1298
101205770,0.67163,0.76282,0.37354,250.1298,-57.7939,-53.3817,0.84644,0.05139,0.01660,10.8779,-32.6947,250.1298
101206768,0.61047,1.02295,0.00769,250.1298,-64.1374,-50.2214,0.80225,0.03772,0.00317,17.2595,-28.6641,250.1298
101207771,0.57678,0.92090,-0.54529,250.1298,-68.3435,-41.0153,0.75842,0.01868,-0.01355,23.4656,-24.4046,250.1298
101208771,0.49353,-0.20752,-0.91675,250.1298,-75.4962,-21.7023,0.71362,0.00879,-0.02759,29.5038,-19.9924,250.1298
101209770,-0.04871,-1.52039,-2.00000,250.1298,-96.2061,-4.7252,0.67419,0.00159,-0.04944,35.3664,-15.6260,250.1298
101210770,-0.58813,-1.12854,-2.00000,229.4504,-104.8550,-7.1298,0.64429,-0.00427,-0.08130,41.0916,-11.3511,250.1298
101211770,-0.33179,0.61853,-2.00000,217.4504,-82.5649,-17.9847,0.62756,-0.00171,-0.12524,46.7328,-7.2824,250.1298
101212771,-0.05493,1.22205,-1.25781,250.1298,-67.1832,-10.6412,0.62561,-0.00208,-0.18188,52.3664,-3.6641,250.1298
101213771,-0.47375,-0.15894,-1.88928,250.1298,-71.1603,11.2290,0.62366,-0.02332,-0.23547,58.3359,-0.5725,250.1298
101214770,-0.81409,-1.60547,-2.00000,250.1298,-67.7328,20.6031,0.60632,-0.05664,-0.27173,65.0611,2.1450,250.1298
101215768,-0.53296,-1.71008,-2.00000,220.6718,-40.1069,11.2901,0.57312,-0.08508,-0.28296,72.7023,4.5725,250.1298
101216768,0.07495,-0.56116,-1.96582,250.1298,-16.8397,-14.4962,0.47827,-0.11243,-0.26709,89.4198,8.3130,250.1298
101217772,-0.21606,-0.94580,-2.00000,250.1298,-19.3817,-16.9237,0.42078,-0.10864,-0.24146,97.2137,9.8321,250.1298
101218770,-0.24719,-1.33386,-2.00000,250.1298,-8.9084,-17.5267,0.36084,-0.09143,-0.21094,103.8321,11.1221,250.1298
101219770,0.05811,-0.99170,-1.16101,250.1298,-1.7481,-20.4198,0.30518,-0.07788,-0.18115,108.9618,12.0458,250.1298
101220770,0.28430,-0.51221,-0.63782,248.3511,-9.2443,-22.5496,0.25574,-0.08105,-0.15393,112.6489,12.7939,250.1298
101221770,0.20825,-0.69653,-1.11694,250.1298,-16.8855,-18.9084,0.21118,-0.09985,-0.12964,115.1069,13.5420,250.1298
101222767,0.08240,-1.34509,-1.39563,250.1298,-13.9771,-14.6718,0.17273,-0.13171,-0.10889,116.6641,14.3282,250.1298
101223768,0.15137,-1.35999,-0.98047,250.1298,-8.3969,-15.4122,0.13916,-0.17566,-0.09497,117.6412,15.1069,250.1298
101224771,0.41992,-0.89270,-0.54736,245.2748,-12.8626,-11.3130,0.10840,-0.23914,-0.08655,118.3282,15.9008,250.1298
101225771,0.46875,-0.83301,-0.68652,213.7252,-27.9313,0.8168,0.07410,-0.32214,-0.07471,119.0382,16.7863,250.1298
101226771,0.33203,-1.08691,-1.06348,208.0687,-39.2824,7.5573,0.03503,-0.41760,-0.05396,120.0916,17.7557,250.1298
101227770,0.28198,-1.02686,-1.07825,226.6870,-40.2290,1.8855,-0.00586,-0.51782,-0.02356,121.5725,18.8931,250.1298
101228771,0.08777,-1.04163,-1.20679,240.4122,-43.6794,-2.1374,-0.05090,-0.61340,0.01990,123.3435,20.3740,250.1298
101229770,-0.30322,-1.28406,-1.90796,224.6260,-50.0229,-0.1679,-0.09949,-0.70325,0.07861,125.1908,22.3053,250.1298
101230770,-0.43811,-1.25842,-2.00000,200.9924,-46.8397,0.1603,-0.14648,-0.78528,0.15234,126.8321,24.7405,250.1298
101231771,-0.25049,-1.17358,-2.00000,207.2443,-29.2519,-3.5115,-0.18384,-0.85364,0.24023,127.9160,27.7557,250.1298
101232770,-0.10059,-1.45642,-1.54712,233.6947,-14.0229,-7.5573,-0.21350,-0.88989,0.32141,128.1603,31.3817,250.1298
101233770,-0.25757,-1.81274,-2.00000,246.1221,-10.7710,-12.1985,-0.23767,-0.88831,0.38220,127.2290,35.3893,250.1298
101234770,-0.45618,-1.77820,-2.00000,232.1985,-6.0458,-15.8779,-0.25537,-0.85852,0.42285,124.8244,39.5038,250.1298
101235770,-0.32764,-1.57983,-2.00000,207.4962,7.3969,-14.1374,-0.26990,-0.81006,0.44019,120.8626,43.4809,250.1298
101236770,-0.09119,-1.60498,-1.56665,191.4580,14.2214,-9.7099,-0.28357,-0.75916,0.43652,115.4275,47.1450,250.1298
101237770,-0.05945,-1.66052,-1.44519,190.7176,11.1221,-11.6412,-0.30066,-0.71289,0.40991,108.8855,50.2748,250.1298
101238768,-0.09851,-1.49548,-1.55371,197.2290,11.3359,-17.6031,-0.31860,-0.67981,0.36682,101.7023,52.6947,250.1298
101239768,-0.06580,-1.30908,-1.16980,195.7405,16.3282,-18.6107,-0.33472,-0.66467,0.31079,94.2748,54.3130,250.1298
101240772,0.02234,-1.07556,-0.60522,181.4656,18.6260,-15.9237,-0.34912,-0.66321,0.24719,86.9695,55.1374,250.1298
101241771,0.16528,-0.81689,-0.33533,173.0076,16.3282,-14.8397,-0.35669,-0.67590,0.18738,80.0763,55.1832,250.1298
101242771,0.27258,-0.90479,-0.37878,186.0153,12.4504,-15.3817,-0.35535,-0.69641,0.12805,73.9008,54.5267,250.1298
101243771,0.21936,-1.26562,-0.66711,206.2901,7.6641,-17.7786,-0.34424,-0.71655,0.07336,68.6107,53.2748,250.1298
101244771,0.13806,-1.36755,-0.84204,214.0687,4.1527,-22.3588,-0.32251,-0.73474,0.02734,64.2519,51.4733,250.1298
101245770,0.20874,-1.29004,-0.64905,205.9618,0.6794,-23.4885,-0.29492,-0.74768,-0.01526,60.7786,49.2137,250.1298
101246770,0.26062,-1.43457,-0.53845,190.6641,-6.4504,-18.8779,-0.26245,-0.75427,-0.05066,58.0382,46.4733,250.1298
101247768,0.15149,-1.72131,-0.83960,180.3969,-13.0000,-15.3130,-0.23010,-0.75537,-0.07947,55.8855,43.3053,250.1298
101248772,0.05029,-1.80432,-1.00232,178.4504,-9.9389,-16.9771,-0.20410,-0.75391,-0.10242,54.1450,39.6870,250.1298
101249770,0.01172,-1.72217,-0.87671,172.7252,-2.7252,-18.0687,-0.18469,-0.75183,-0.11450,52.6107,35.6336,250.1298
101250771,-0.08276,-1.57190,-1.00952,154.2824,0.0763,-16.1756,-0.17468,-0.74890,-0.12000,51.1374,31.2519,250.1298
101251770,-0.07458,-1.36438,-1.22632,135.7557,2.5802,-14.0382,-0.17322,-0.75024,-0.12158,49.5649,26.6031,250.1298
101252770,0.11584,-1.31750,-0.99670,132.7863,7.9924,-13.2748,-0.17810,-0.75549,-0.11816,47.7786,21.6870,250.1298
101253767,0.32019,-1.55286,-0.78821,142.3511,8.5267,-14.8855,-0.18604,-0.76270,-0.11365,45.7710,16.5725,250.1298
101254768,0.27588,-1.81018,-1.15637,151.0916,3.1908,-20.6870,-0.19421,-0.77466,-0.10693,43.6031,11.2901,250.1298
101255767,0.04321,-1.86731,-1.12988,161.4580,4.7405,-29.7023,-0.20215,-0.78821,-0.09888,41.3893,5.9542,250.1298
101256768,-0.13416,-1.56848,-0.20361,174.2748,13.3053,-42.3359,-0.20569,-0.80261,-0.09180,39.2595,0.6031,250.1298
101257768,-0.53613,-1.10632,0.31726,192.6336,12.5038,-56.4198,-0.20386,-0.81873,-0.08435,37.3053,-4.7481,250.1298
101258768,0.02588,-0.89819,-0.13525,216.8550,16.8779,-72.5802,-0.19946,-0.83167,-0.07788,35.5725,-10.0534,250.1298
101259772,0.73096,-0.77515,-0.29614,250.1298,30.9237,-100.8473,-0.19263,-0.84399,-0.06995,34.0458,-15.2977,250.1298
101260771,-0.01965,0.34253,1.66711,250.1298,50.1908,-149.4351,-0.18506,-0.85754,-0.05933,32.7176,-20.4504,250.1298
101261771,-0.66284,1.99994,1.99994,250.1298,34.3359,-225.9389,-0.18030,-0.87000,-0.04578,31.5649,-25.4885,250.1298
101262770,-0.88855,1.99994,-0.07275,250.1298,-3.6412,-250.1374,-0.17981,-0.88318,-0.02832,30.4733,-30.3969,250.1298
101263768,-0.69360,1.99994,-1.33240,250.1298,-9.1145,-172.2824,-0.18530,-0.89624,-0.00989,29.3359,-35.1527,250.1298
101264772,0.05688,0.47986,0.32593,250.1298,17.4656,-73.2977,-0.19482,-0.90808,0.01099,28.0382,-39.7557,250.1298
101265771,0.48633,-2.00000,1.99994,250.1298,28.0000,-74.8702,-0.20508,-0.92017,0.03333,26.5344,-44.1756,250.1298
101266770,-0.09180,-0.74695,1.56689,250.1298,-12.4962,-152.6870,-0.21411,-0.93201,0.05310,24.8015,-48.4198,250.1298
101267770,-1.63379,1.99994,-1.52283,250.1298,-41.3359,-199.9160,-0.21912,-0.94189,0.07288,22.8321,-52.5267,250.1298
101268770,-2.00000,1.99994,-2.00000,250.1298,-19.7328,-148.3435,-0.21826,-0.94922,0.09094,20.7176,-56.4809,250.1298
101269768,-0.79272,1.99994,-0.70459,250.1298,17.0153,-19.8626,-0.21057,-0.95630,0.10437,18.5115,-60.2977,250.1298
101270772,-0.68689,0.74121,-0.25586,250.1298,13.2061,90.1221,-0.19617,-0.96265,0.11560,16.2977,-64.0076,250.1298
101271770,-1.32800,-2.00000,-1.77026,250.1298,-3.4504,96.2214,-0.17676,-0.96655,0.12500,14.1298,-67.6183,250.1298
101272770,-1.21619,-2.00000,-2.00000,250.1298,10.9008,11.0458,-0.15356,-0.96924,0.13379,12.0382,-71.1527,250.1298
101273771,-1.21387,1.99994,-0.89062,250.1298,36.0305,-48.5191,-0.13171,-0.96973,0.14380,10.0076,-74.6183,250.1298
101274770,-0.81531,1.99994,-0.08911,250.1298,43.2824,-26.7252,-0.11304,-0.96899,0.15503,7.9695,-78.0229,250.1298
101275767,-0.36951,1.99994,-1.02222,250.1298,39.1985,24.5344,-0.09814,-0.96936,0.16675,5.8855,-81.3740,250.1298
101276771,-0.35657,-0.04749,-1.14380,250.1298,53.5115,54.0992,-0.08887,-0.97107,0.17566,3.7252,-84.6794,250.1298
101277771,-0.21985,-2.00000,-0.47156,250.1298,68.1374,28.3053,-0.08362,-0.97668,0.18213,1.4656,-87.9695,250.1298
101278770,-0.81274,-0.53699,-0.58521,250.1298,66.1756,-44.8626,-0.08118,-0.98669,0.18701,-0.8855,-91.2061,250.1298
101279770,-1.14697,1.99994,-0.47400,250.1298,75.6336,-88.7634,-0.07922,-0.99756,0.18921,-3.2061,-94.3740,248.4351
101280770,-0.61243,1.99994,0.26440,250.1298,91.7176,-73.5038,-0.07397,-1.00757,0.19043,-5.4275,-97.4733,239.9389
101281770,-0.60132,1.99994,0.83435,250.1298,97.6031,-28.0611,-0.06519,-1.01770,0.18701,-7.4733,-100.5344,231.4656
101282768,-0.40845,1.99994,1.38428,250.1298,104.5954,-1.0992,-0.05334,-1.02734,0.17896,-9.2748,-103.5344,223.0458
101283766,-0.08911,1.99994,1.99994,250.1298,106.0382,-7.6718,-0.03943,-1.03467,0.17078,-10.7710,-106.4275,214.6794
101284769,-0.36108,1.99994,1.97998,250.1298,92.1985,-11.3130,-0.02490,-1.04114,0.16296,-11.9542,-109.2137,206.4046
101285771,-0.76648,1.99994,0.51172,250.1298,73.6412,4.3588,-0.00989,-1.04797,0.15552,-12.8015,-111.9237,198.2595
101286771,-0.89294,1.99994,0.00928,250.1298,73.8855,37.4046,0.00293,-1.05457,0.14929,-13.3740,-114.5573,190.2748
101287771,-0.69531,1.99994,1.32959,250.1298,77.9542,69.6412,0.01184,-1.06177,0.14551,-13.8168,-117.0763,182.4198
101288770,-0.56006,1.99994,1.84729,250.1298,60.5038,82.1145,0.01758,-1.07068,0.14368,-14.1985,-119.4198,174.6641
101289770,-0.59570,1.99994,1.21851,250.1298,44.3664,92.2443,0.02002,-1.08105,0.14209,-14.5573,-121.5344,166.9771
101290768,-0.69849,1.99994,1.46826,250.1298,51.8015,116.0611,0.02148,-1.09338,0.14197,-14.9160,-123.3969,159.3740
101291772,-0.89880,1.99994,1.84973,250.1298,58.6718,136.1679,0.02380,-1.10657,0.14233,-15.3130,-124.9771,151.8473
101292770,-0.95850,1.99994,1.13757,250.1298,56.6336,133.7634,0.02808,-1.11926,0.14038,-15.7328,-126.2672,144.4885
101293770,-0.86560,1.99994,0.53613,250.1298,58.0305,124.2366,0.03577,-1.13098,0.13818,-16.1145,-127.2519,137.3511
101294768,-0.87964,1.99994,0.81714,250.1298,64.1908,124.6412,0.04749,-1.14136,0.13611,-16.3969,-127.9084,130.4733
101295768,-0.94971,1.99994,1.09509,250.1298,65.2824,126.1527,0.06384,-1.15137,0.13245,-16.5573,-128.2443,123.8550
101296768,-1.05652,1.99994,1.08911,250.1298,66.3359,122.6336,0.08276,-1.16077,0.12756,-16.5878,-128.2672,117.5725
101297772,-1.07776,1.99994,1.58069,250.1298,76.1603,120.3664,0.10193,-1.16992,0.12231,-16.5115,-127.9695,111.6412
101298771,-1.03638,1.16138,1.99994,250.1298,85.6565,120.1756,0.12073,-1.17969,0.11658,-16.3435,-127.3740,106.1527
101299771,-1.05322,0.78284,1.96472,250.1298,86.9084,112.5191,0.13696,-1.19177,0.11060,-16.0840,-126.5038,101.0611
101300770,-1.14648,1.65686,1.59790,250.1298,87.5725,99.5267,0.14929,-1.20569,0.10547,-15.7634,-125.3588,96.3588
101301770,-1.11902,1.99994,1.91138,250.1298,91.6260,95.2977,0.15857,-1.22156,0.10339,-15.4504,-123.9466,92.0382
101302770,-0.99438,1.99994,1.99994,250.1298,89.4427,102.5725,0.16443,-1.23889,0.10437,-15.1832,-122.2672,88.1450
101303767,-1.05078,1.99994,1.99994,250.1298,79.2214,115.7710,0.16699,-1.25708,0.10449,-14.9695,-120.3130,84.6870
101304771,-1.06616,1.99994,1.99994,250.1298,66.9389,133.3664,0.16956,-1.27637,0.10266,-14.7863,-118.0840,81.6260
101305771,-0.99890,1.99994,1.99994,250.1298,57.9160,150.2748,0.17529,-1.29651,0.10034,-14.6183,-115.6107,78.9542
101306770,-1.12207,1.71228,1.99994,250.1298,49.9466,157.2290,0.18433,-1.31641,0.09705,-14.4046,-112.9160,76.7176
101307770,-1.44287,1.99994,1.38037,250.1298,43.6718,155.6412,0.19690,-1.33521,0.09290,-14.0916,-110.0000,74.9389
101308770,-1.76050,1.99994,0.79285,250.1298,47.7634,158.9313,0.21265,-1.35315,0.09009,-13.6031,-106.9008,73.6718
101309770,-1.93384,1.99994,0.85986,250.1298,62.7634,171.9618,0.22937,-1.36951,0.08789,-12.9237,-103.6412,72.9008
101310770,-1.96753,1.99994,1.19897,250.1298,77.9847,188.9466,0.24414,-1.38416,0.08533,-12.0992,-100.2061,72.5802
101311770,-1.99121,1.99994,1.19348,250.1298,87.3664,201.3664,0.25586,-1.39746,0.08521,-11.1985,-96.6260,72.7328
101312770,-1.94128,1.55249,0.99719,250.1298,95.5344,202.0840,0.26355,-1.41028,0.08691,-10.2672,-92.9389,73.3130
101313770,-1.65015,1.87048,1.19702,250.1298,105.8244,192.6412,0.26733,-1.42236,0.08838,-9.3282,-89.1527,74.2748
101314770,-1.42761,1.99994,1.47180,250.1298,108.5954,189.2137,0.26685,-1.44373,0.09497,-7.6794,-81.1985,77.1603
101315770,-1.24768,1.99536,1.07849,250.1298,102.3969,199.7786,0.26465,-1.45251,0.09692,-6.9924,-77.0687,79.0229
101316771,-1.00769,1.37708,0.96472,250.1298,101.5496,211.3969,0.26306,-1.46045,0.09631,-6.3359,-72.8550,81.1221
101317771,-1.33423,1.26257,1.99994,250.1298,105.9695,217.6107,0.26343,-1.46680,0.09387,-5.6718,-68.5954,83.4275
101318771,-2.00000,1.61292,1.99994,250.1298,94.2061,223.8855,0.26599,-1.47070,0.09119,-4.9618,-64.3206,85.8626
101319771,-2.00000,1.99994,1.08533,250.1298,78.7481,233.8931,0.27112,-1.47217,0.08875,-4.1221,-60.0000,88.4427
101320771,-2.00000,1.99994,-0.15100,250.1298,94.4962,250.1298,0.27795,-1.47095,0.08459,-3.1450,-55.6718,91.1374
101321770,-1.05115,-0.39966,1.99994,250.1298,153.6565,250.1298,0.28284,-1.46704,0.07886,-2.0305,-51.3817,93.9313
101322770,0.05347,-2.00000,1.99994,250.1298,163.5267,250.1298,0.28430,-1.46191,0.07385,-0.7786,-47.1374,96.8015
101323768,-1.09534,-2.00000,1.99994,250.1298,112.7863,250.1298,0.28259,-1.45581,0.06934,0.5344,-42.9847,99.6870
101324771,-1.76489,0.51941,0.85437,250.1298,74.4046,201.7786,0.27625,-1.44812,0.06665,1.8168,-38.9313,102.4962
101325771,-1.77905,1.99994,-0.12646,250.1298,76.8702,203.9466,0.26562,-1.43994,0.06604,3.0305,-35.0076,105.1450
101326770,-1.44348,0.49219,1.35620,250.1298,90.6031,250.1298,0.25281,-1.43250,0.06580,4.1679,-31.2443,107.6794
101327770,-0.84485,-2.00000,1.99994,250.1298,83.9313,250.1298,0.23804,-1.42529,0.06543,5.1985,-27.6260,110.0763
101328767,-0.55811,-2.00000,1.99994,250.1298,60.7252,250.1298,0.22205,-1.41846,0.06628,6.1298,-24.1221,112.2901
101329766,-1.34656,-2.00000,1.45496,250.1298,56.8244,174.7328,0.20764,-1.41089,0.06799,6.9924,-20.7863,114.2595
101330769,-2.00000,0.82166,1.58350,250.1298,74.7710,116.3511,0.19531,-1.40186,0.06763,7.8168,-17.6107,115.9695
101331768,-2.00000,1.99994,1.26611,250.1298,96.1221,144.7252,0.18530,-1.39197,0.06580,8.6870,-14.6260,117.4656
101332768,-2.00000,1.90173,1.17151,250.1298,119.4198,227.2748,0.17725,-1.38074,0.06421,9.6183,-11.8168,118.7863
101333771,-1.80823,-2.00000,1.52136,250.1298,139.1756,250.1298,0.16943,-1.36707,0.06262,10.6260,-9.1832,119.9008
101334771,-1.70007,-2.00000,1.99994,250.1298,143.6260,239.8855,0.16162,-1.35132,0.06226,11.7252,-6.7634,120.8015
101335771,-2.00000,-2.00000,1.99994,250.1298,127.3969,197.5420,0.15234,-1.33606,0.06396,12.8702,-4.5573,121.4885
101336770,-2.00000,-0.81079,1.90527,250.1298,110.5496,198.5191,0.13977,-1.32068,0.06604,14.0305,-2.5496,121.9313
101337770,-0.66089,-2.00000,1.92322,250.1298,117.6336,243.9237,0.12415,-1.30542,0.06958,15.1298,-0.7252,122.1298
101338770,0.08850,-2.00000,1.99994,250.1298,125.7634,250.1298,0.10620,-1.29114,0.07422,16.1145,0.9160,122.0916
101339770,-0.79260,-2.00000,1.99994,250.1298,131.3359,235.8473,0.08679,-1.27661,0.07812,17.0000,2.4427,121.7634
101340768,-0.97388,-2.00000,1.99994,250.1298,122.9237,220.3588,0.06641,-1.26160,0.08215,17.8015,3.8244,121.1679
101341768,-0.90881,-2.00000,1.99994,250.1298,115.7786,236.0992,0.04688,-1.24744,0.08691,18.5420,5.0534,120.2977
101342768,-0.92908,-2.00000,1.99994,250.1298,122.9237,237.2366,0.03015,-1.23499,0.09106,19.2214,6.1298,119.1298
101343768,-0.11951,-2.00000,1.99994,250.1298,111.0840,203.8931,0.01648,-1.22131,0.09277,19.8473,7.1069,117.7252
101344772,1.13831,-2.00000,1.99994,250.1298,76.0916,185.9466,0.00623,-1.20569,0.09326,20.4962,8.0076,116.0611
101345771,0.60730,-2.00000,1.99994,250.1298,46.7786,183.5573,-0.00134,-1.19031,0.09375,21.1985,8.8168,114.1756
101346771,-0.54407,-2.00000,1.99994,250.1298,38.8015,165.2748,-0.00793,-1.17529,0.09387,21.9466,9.4962,112.1069
101347770,-0.00708,-2.00000,1.99994,250.1298,21.1756,146.3817,-0.01526,-1.16052,0.09534,22.7176,10.0763,109.8626
101348770,-0.62366,-2.00000,1.99994,250.1298,25.2443,125.6565,-0.02393,-1.14771,0.09717,23.4809,10.5878,107.4809
101349770,-0.40149,-2.00000,1.80212,250.1298,34.3588,75.7099,-0.03406,-1.13660,0.09851,24.1756,11.0534,104.9466
101350770,-0.50391,-2.00000,0.06775,250.1298,37.8244,71.4809,-0.04602,-1.12708,0.09998,24.7557,11.4733,102.2901
101351770,-1.26270,-2.00000,-0.01672,250.1298,55.5954,105.9466,-0.06006,-1.11938,0.10083,25.2290,11.8015,99.5038
101352767,-0.67432,-2.00000,1.99994,250.1298,83.9008,111.3511,-0.07507,-1.11292,0.10071,25.5802,12.0382,96.6260
101353772,0.31555,-2.00000,1.99994,250.1298,83.2214,88.7939,-0.08911,-1.10767,0.10022,25.8321,12.2443,93.6412
101354771,0.27698,-2.00000,1.99994,250.1298,64.0382,79.0382,-0.10083,-1.10364,0.09937,26.0229,12.4275,90.5573
101355770,0.50537,-2.00000,1.99994,250.1298,59.3588,79.4885,-0.10974,-1.10083,0.09717,26.1756,12.6031,87.4046
101356770,0.88794,-2.00000,1.99994,250.1298,62.8473,90.1985,-0.11682,-1.09766,0.09424,26.3588,12.7634,84.2901
101357770,0.79126,-2.00000,1.99994,250.1298,51.6718,108.7328,-0.12122,-1.09448,0.09143,26.5954,12.8702,81.2595
101358770,0.74890,-2.00000,1.99994,250.1298,30.4656,108.2290,-0.12329,-1.09180,0.08752,26.8779,12.9542,78.2595
101359770,1.14111,-2.00000,1.99994,250.1298,17.7099,88.6718,-0.12439,-1.08813,0.08362,27.1832,13.0458,75.3588
101360770,1.28210,-2.00000,1.99994,250.1298,9.1832,65.0153,-0.12659,-1.08447,0.08057,27.5115,13.1221,72.6031
101361770,1.02356,-2.00000,1.99994,250.1298,-1.2061,38.2519,-0.13135,-1.08203,0.07776,27.8473,13.1527,70.0382
101362768,0.89221,-2.00000,1.59290,250.1298,-10.0153,15.0763,-0.13843,-1.08057,0.07544,28.1450,13.1527,67.6336
101363772,0.86011,-2.00000,0.96533,250.1298,-11.7634,13.1221,-0.14807,-1.07898,0.07458,28.3282,13.1221,65.3588
101364771,0.81079,-2.00000,0.85071,250.1298,-5.6183,18.2290,-0.15991,-1.07751,0.07507,28.3511,13.0382,63.1985
101365770,0.85181,-2.00000,0.84778,250.1298,-0.6412,-1.0611,-0.17285,-1.07751,0.07458,28.2519,12.9237,61.1450
101366770,0.76819,-2.00000,0.18713,250.1298,-1.9237,-32.7328,-0.18384,-1.07837,0.07275,28.0382,12.7863,59.2214
101367768,0.52625,-2.00000,-0.44910,250.1298,0.3435,-40.4580,-0.19226,-1.07849,0.07056,27.7557,12.6260,57.4351
101368768,0.39294,-2.00000,-0.46265,250.1298,5.3359,-24.9618,-0.19897,-1.07715,0.06714,27.4504,12.4198,55.8244
101369771,0.42603,-2.00000,-0.33997,250.1298,8.7786,-14.7328,-0.20435,-1.07520,0.06396,27.1374,12.2214,54.3206
101370771,0.55261,-2.00000,-0.23535,250.1298,13.4809,-17.4733,-0.20874,-1.07214,0.06274,26.8473,12.0153,52.9466
101371771,0.53931,-2.00000,-0.08398,250.1298,19.5725,-28.3359,-0.21130,-1.06824,0.06189,26.5725,11.7863,51.7252
101372771,0.43494,-2.00000,-0.23242,250.1298,25.3359,-41.9695,-0.21338,-1.06409,0.06152,26.2901,11.5344,50.6870
101373771,0.40271,-2.00000,-0.46460,250.1298,32.6412,-49.0534,-0.21777,-1.05896,0.06262,25.9771,11.2672,49.8015
101374771,0.58838,-2.00000,-0.07996,250.1298,42.5725,-47.7863,-0.22461,-1.05383,0.06433,25.5802,11.0000,49.0076
101375770,1.04724,-2.00000,0.69495,250.1298,49.2672,-51.3664,-0.23267,-1.04993,0.06763,25.0534,10.7099,48.2443
101376770,1.37476,-2.00000,1.20654,250.1298,46.9542,-67.6183,-0.24304,-1.04663,0.07178,24.4046,10.3817,47.5191
101377770,1.30554,-2.00000,1.00684,250.1298,35.0916,-88.2290,-0.25525,-1.04346,0.07483,23.6641,10.0000,46.8244
101378770,1.03540,-2.00000,0.22253,250.1298,21.3664,-105.7252,-0.26697,-1.03992,0.07825,22.8092,9.6183,46.1298
101379768,0.93298,-2.00000,-0.17322,250.1298,14.9924,-115.0840,-0.27771,-1.03662,0.08154,21.8626,9.2595,45.4733
101380768,1.03821,-2.00000,0.17114,250.1298,12.7328,-117.4046,-0.28625,-1.03442,0.08325,20.8855,8.8931,44.8168
101381768,1.03162,-2.00000,0.42590,250.1298,7.6031,-120.3359,-0.29175,-1.03223,0.08411,19.9084,8.5038,44.1603
101382772,0.84741,-2.00000,0.05200,250.1298,2.3511,-127.7634,-0.29590,-1.02893,0.08496,18.9542,8.0992,43.5115
101383771,0.59167,-2.00000,-0.39490,250.1298,4.0534,-136.0382,-0.29895,-1.02527,0.08521,18.0534,7.6489,42.8931
101384770,0.41138,-2.00000,-0.44617,250.1298,11.5115,-138.6107,-0.30103,-1.02148,0.08472,17.1832,7.1450,42.2901
101385770,0.43530,-2.00000,-0.33130,230.3664,18.6947,-137.0611,-0.30322,-1.01819,0.08496,16.3511,6.5802,41.7176
101386770,0.50488,-2.00000,-0.11243,224.9695,23.3359,-138.2061,-0.30652,-1.01587,0.08667,15.5496,6.0076,41.1450
101387771,0.48633,-2.00000,0.00085,234.7634,23.3817,-145.4504,-0.31213,-1.01379,0.08789,14.7252,5.3893,40.5267
101388771,0.36755,-2.00000,-0.37048,241.7939,18.9618,-154.4351,-0.32019,-1.01208,0.08948,13.8473,4.7099,39.8702
101389770,0.20215,-2.00000,-0.68225,242.4504,17.5115,-159.6947,-0.32935,-1.01050,0.09119,12.9389,4.0000,39.1985
101390770,0.14978,-2.00000,-0.48022,234.7328,20.0076,-164.4198,-0.33777,-1.00952,0.09216,12.0229,3.2672,38.5038
101391770,0.18872,-2.00000,-0.31616,220.3282,20.9160,-172.0611,-0.34302,-1.00842,0.09424,11.0763,2.5115,37.7405
101392770,0.16248,-2.00000,-0.40051,213.2366,22.7786,-180.3893,-0.34668,-1.00745,0.09595,10.1221,1.7176,36.9389
101393771,0.06470,-2.00000,-0.43005,215.2977,29.0153,-186.9542,-0.34888,-1.00549,0.09656,9.2061,0.8931,36.1145
101394771,0.01062,-2.00000,-0.29175,211.7710,37.1832,-190.6718,-0.34827,-1.00293,0.09692,8.3359,0.0382,35.2901
101395770,0.18555,-2.00000,0.05823,196.6870,44.1450,-191.2214,-0.34607,-1.00098,0.09692,7.5420,-0.8244,34.4427
101396771,0.47363,-2.00000,0.64124,182.5038,47.0000,-192.1450,-0.34326,-0.99768,0.09558,6.8168,-1.6947,33.5649
101397771,0.54565,-2.00000,0.97424,175.4046,40.4656,-198.1145,-0.33997,-0.99438,0.09412,6.1527,-2.5878,32.6718
101398771,0.44458,-2.00000,0.66724,170.5344,27.6565,-206.3359,-0.33752,-0.99243,0.09448,5.5344,-3.4885,31.7939
101399771,0.35217,-2.00000,0.41504,169.3282,18.3740,-208.8550,-0.33594,-0.99036,0.09595,4.8931,-4.3817,30.9160
101400770,0.33325,-2.00000,0.71326,169.9847,13.2672,-207.4656,-0.33569,-0.98804,0.09863,4.2519,-5.2824,30.0153
101401770,0.37781,-2.00000,0.92310,167.8779,5.7023,-210.5573,-0.33704,-0.98572,0.10315,3.5954,-6.1832,29.0992
101402771,0.33081,-2.00000,0.60645,170.1374,-3.6565,-216.5878,-0.33838,-0.98560,0.10779,2.9389,-7.0458,28.1374
101403770,0.11328,-2.00000,0.09497,177.7710,-8.4122,-219.9237,-0.33875,-0.98816,0.11096,2.2672,-7.8702,27.1527
101404770,-0.04309,-2.00000,-0.19983,181.0611,-5.8015,-220.1756,-0.33813,-0.99097,0.11401,1.6183,-8.6489,26.1374
101405768,0.01160,-2.00000,-0.15515,178.8015,-0.0611,-219.8702,-0.33594,-0.99353,0.11670,0.9924,-9.3664,25.0611
101406768,0.12854,-2.00000,0.14502,177.7023,3.9618,-221.1679,-0.33264,-0.99341,0.11829,0.4122,-10.0382,23.8550
101407771,0.19617,-1.98523,0.35754,178.3740,3.3435,-224.5038,-0.32849,-0.99048,0.11963,-0.0916,-10.6412,22.6641
101408771,0.20483,-1.76221,0.18384,179.7710,-0.9008,-225.4580,-0.32263,-0.98828,0.12231,-0.5115,-11.1298,21.6031
101409771,0.13928,-1.95935,-0.08289,179.9847,-4.4275,-220.6031,-0.31604,-0.98718,0.12683,-0.8550,-11.5420,20.6565
101410771,0.07019,-2.00000,-0.11792,172.4046,-5.7176,-215.8855,-0.30945,-0.98669,0.13196,-1.1679,-11.9542,19.7634
101411771,0.05640,-2.00000,-0.09155,159.1908,-6.9695,-217.8168,-0.30420,-0.98767,0.13538,-1.4504,-12.3969,18.8931
101412771,0.04517,-2.00000,-0.20630,152.3053,-7.9237,-222.9084,-0.29846,-0.99451,0.13550,-1.9313,-13.2672,17.2443
101413770,0.02527,-2.00000,-0.35376,153.2977,-6.3130,-225.1908,-0.29773,-0.99927,0.13501,-2.1450,-13.6489,16.4198
101414770,0.04150,-2.00000,-0.28894,152.6870,-2.2137,-224.6718,-0.29712,-1.00391,0.13428,-2.3206,-13.9924,15.5802
101415770,0.13037,-2.00000,-0.01697,145.3206,0.7176,-225.0687,-0.29529,-1.00928,0.13232,-2.4580,-14.2901,14.7405
101416770,0.17004,-1.98584,0.00513,134.0153,-2.3282,-230.3664,-0.29248,-1.01575,0.12976,-2.4885,-14.5496,13.9084
101417770,0.04993,-1.43689,-0.25476,127.8397,-7.8168,-238.7405,-0.28967,-1.02209,0.12756,-2.3969,-14.7634,13.1374
101418770,-0.05786,-0.88501,-0.28442,129.2214,-10.6031,-242.7557,-0.28564,-1.02808,0.12683,-2.1832,-14.9313,12.4809
101419770,-0.06213,-0.70898,-0.08850,129.2443,-13.6336,-238.3206,-0.28003,-1.03381,0.12659,-1.8397,-15.0305,11.9618
101420771,-0.04907,-0.89050,-0.05420,122.5267,-19.2824,-230.2824,-0.27319,-1.03967,0.12659,-1.3511,-15.0534,11.5649
101421770,-0.02686,-1.00452,-0.18933,115.4656,-23.0763,-226.2595,-0.26501,-1.04529,0.12891,-0.7099,-14.9771,11.2290
101422770,-0.05908,-0.76233,-0.27600,114.9313,-22.7557,-226.9695,-0.25769,-1.05029,0.13281,0.0534,-14.8168,10.9542
101423770,-0.19336,-0.24121,-0.39795,116.0153,-20.7481,-227.3664,-0.25183,-1.05469,0.13684,0.9084,-14.5802,10.7405
101424768,-0.32983,0.14917,-0.63843,113.6107,-18.5725,-221.5496,-0.24744,-1.05872,0.14160,1.8092,-14.2366,10.5878
101425768,-0.40002,-0.08765,-0.87952,109.0076,-16.6489,-209.1679,-0.24536,-1.06323,0.14648,2.7176,-13.8244,10.4656
101426771,-0.39612,-0.78894,-1.06104,101.4046,-14.8321,-198.4504,-0.24487,-1.06763,0.15125,3.6031,-13.3359,10.3435
101427771,-0.32922,-1.22717,-1.04663,92.1298,-11.9160,-197.0992,-0.24426,-1.07117,0.15637,4.4580,-12.7634,10.2290
101428770,-0.24902,-1.04529,-0.77502,85.8473,-8.8015,-202.5878,-0.24316,-1.07361,0.16199,5.2901,-12.1069,10.1603
101429770,-0.28271,-0.47168,-0.65100,81.1679,-9.3740,-206.5038,-0.24121,-1.07556,0.16724,6.1298,-11.3511,10.0840
101430768,-0.43896,0.04871,-0.90759,74.7786,-11.5496,-203.3511,-0.23779,-1.07703,0.17297,7.0229,-10.4504,10.0000
101431768,-0.51025,0.18591,-1.17432,66.7939,-9.6489,-194.0840,-0.23352,-1.07715,0.17847,8.0076,-9.4122,9.9389
101432771,-0.42285,-0.13281,-1.15967,61.0305,-3.5191,-183.0305,-0.22803,-1.07678,0.18286,9.0992,-8.2748,9.9237
101433771,-0.25281,-0.67358,-1.10291,59.0916,2.4962,-175.7099,-0.22131,-1.07629,0.18750,10.2977,-7.0611,9.9847
101434771,-0.10803,-0.96912,-1.06824,60.1603,8.4275,-175.2061,-0.21619,-1.07446,0.19263,11.5649,-5.7328,10.0992
101435771,-0.09180,-0.76086,-0.73291,62.1145,14.9313,-178.6183,-0.21338,-1.07080,0.19702,12.8855,-4.2977,10.2137
101436771,-0.17566,-0.13269,-0.54041,58.6718,16.0076,-181.0076,-0.21277,-1.06726,0.20007,14.2595,-2.7634,10.3359
101437771,-0.32446,0.43665,-0.89807,53.6641,12.6336,-178.1985,-0.21472,-1.06360,0.20312,15.6794,-1.1221,10.4885
101438771,-0.36206,0.35217,-1.11340,56.7786,13.8931,-170.3664,-0.21814,-1.05933,0.20605,17.0916,0.6107,10.6718
101439770,-0.28076,-0.18274,-0.82593,64.1679,17.6565,-165.5649,-0.22192,-1.05481,0.20923,18.4733,2.3740,10.8931
101440770,-0.24902,-0.39917,-0.65955,66.6641,16.4504,-169.6260,-0.22656,-1.04968,0.21191,19.8473,4.1374,11.0916
101441770,-0.28186,0.01465,-0.97937,62.1374,12.5496,-176.9695,-0.23108,-1.04407,0.21289,21.1832,5.9237,11.2443
101442770,-0.33521,0.44617,-1.09717,59.9313,14.9924,-175.3969,-0.23450,-1.03870,0.21155,22.4733,7.7328,11.3893
101443771,-0.31177,0.27393,-0.86987,60.9084,20.5115,-163.9008,-0.23657,-1.03394,0.20959,23.7634,9.5267,11.5420
101444771,-0.31006,-0.11682,-0.99780,58.6641,22.8321,-153.9084,-0.23767,-1.02881,0.20837,25.0763,11.2748,11.6870
101445771,-0.39917,-0.22229,-1.28503,55.0153,26.6794,-150.2672,-0.23865,-1.02356,0.20654,26.3817,12.9847,11.7710
101446770,-0.43567,0.03552,-1.22522,52.1145,34.5344,-149.5420,-0.24121,-1.01843,0.20312,27.6641,14.6412,11.7939
101447770,-0.40723,0.43689,-1.00305,50.6336,41.0916,-146.5420,-0.24402,-1.01379,0.19739,28.8855,16.2137,11.8015
101448770,-0.35376,0.59216,-0.86035,49.8855,44.9008,-139.6336,-0.24500,-1.01135,0.19019,30.0611,17.6794,11.8244
101449770,-0.25293,0.38123,-0.64050,49.2443,48.4656,-131.7863,-0.24390,-1.01184,0.18188,31.2290,19.0458,11.8550
101450771,-0.14673,0.03320,-0.40076,48.5649,50.7710,-127.6794,-0.23901,-1.01770,0.16931,32.4504,20.2901,11.8550
101451770,-0.10950,-0.08960,-0.40356,48.6870,50.6947,-129.2137,-0.23071,-1.02966,0.15308,33.9389,21.4046,11.8397
101452770,-0.11194,0.02173,-0.43945,51.1298,51.2672,-131.7939,-0.22559,-1.04285,0.13916,35.9008,22.3664,11.9542
101453771,-0.03540,0.10657,-0.30078,54.0992,52.4580,-131.1145,-0.23010,-1.04993,0.13257,38.3817,23.1298,12.2595
101454771,0.09961,0.01733,-0.22510,56.7405,51.0763,-127.5649,-0.24292,-1.04578,0.13367,41.0840,23.7405,12.6870
101455770,0.15649,-0.22156,-0.21497,59.9008,48.2061,-124.1679,-0.25916,-1.03125,0.13818,43.5649,24.1756,13.1603
101456770,0.13794,-0.35925,-0.13806,60.1450,45.6794,-123.6794,-0.27515,-1.01172,0.14380,45.4580,24.4198,13.5649
101457770,0.07007,-0.19031,-0.14648,57.1756,42.8855,-125.6336,-0.28979,-0.99121,0.14954,46.6107,24.4580,13.8473
101458770,-0.00659,0.11096,-0.25818,55.6489,41.1908,-126.2366,-0.30273,-0.97290,0.15344,47.0611,24.3511,13.9618
101459770,-0.01648,0.21326,-0.22412,55.6641,41.9542,-122.9466,-0.31372,-0.95959,0.15613,47.0076,24.1603,13.9389
101460770,-0.00610,0.08447,-0.09961,53.3435,42.2366,-118.5420,-0.32336,-0.95178,0.15759,46.6412,23.9160,13.7786
101461770,-0.03320,0.01514,-0.23181,48.7786,40.0840,-117.4046,-0.33203,-0.94727,0.15723,46.1145,23.6336,13.5573
101462770,-0.06982,0.15259,-0.45996,46.7252,39.6336,-118.8321,-0.33923,-0.94482,0.15588,45.4962,23.3282,13.2824
101463770,-0.06946,0.32068,-0.46143,47.6031,41.6107,-118.6412,-0.34656,-0.94360,0.15332,44.8321,23.0305,12.9389
101464770,-0.09595,0.38611,-0.48352,47.4504,41.3969,-115.6260,-0.35339,-0.94275,0.15063,44.1679,22.7863,12.5191
101465770,-0.22327,0.32739,-0.80200,45.5344,38.4351,-111.0687,-0.35889,-0.94263,0.14819,43.5267,22.6183,12.0076
101466770,-0.38196,0.18225,-1.16138,44.1832,38.6336,-106.6794,-0.36377,-0.94263,0.14539,42.9618,22.5191,11.4351
101467770,-0.47876,0.05615,-1.23523,44.6489,44.2748,-103.3053,-0.36743,-0.94177,0.14221,42.5191,22.4809,10.7634
101468770,-0.52637,0.06909,-1.11890,44.2824,51.9771,-100.9695,-0.36719,-0.94080,0.14014,42.2290,22.5420,10.0534
101469770,-0.57458,0.24023,-1.02820,38.5878,59.2366,-97.9924,-0.36377,-0.93933,0.13940,42.1374,22.6489,9.3282
101470770,-0.61340,0.37878,-0.96423,29.8015,67.0840,-92.6412,-0.35986,-0.93652,0.13794,42.2595,22.7710,8.6183
101471770,-0.61377,0.36414,-0.91956,22.9389,75.7099,-86.3664,-0.35510,-0.93237,0.13501,42.5802,22.9237,7.9160
101472771,-0.56763,0.31506,-0.83899,20.1374,85.0992,-82.3359,-0.34888,-0.92725,0.13306,43.0534,23.1298,7.2290
101473771,-0.44958,0.35815,-0.59753,19.8168,93.8779,-80.9695,-0.34314,-0.92212,0.13293,43.5725,23.3511,6.5649
101474771,-0.32007,0.46021,-0.31812,20.3817,98.5420,-80.0229,-0.33936,-0.91724,0.13293,44.0992,23.5496,5.9389
101475771,-0.31628,0.53845,-0.25818,21.0000,97.8168,-77.8931,-0.33801,-0.91321,0.13306,44.6183,23.6947,5.3893
101476770,-0.40051,0.62219,-0.29333,21.7252,97.0229,-74.9084,-0.33948,-0.90918,0.13367,45.0687,23.7863,4.9084
101477770,-0.38232,0.75427,-0.03699,25.5038,100.8550,-71.4809,-0.34241,-0.90576,0.13464,45.3817,23.7863,4.4885
101478770,0.01855,0.92676,1.11047,45.6260,109.0382,-62.1908,-0.34619,-0.90442,0.13354,45.5802,23.7328,4.0763
101479770,0.03735,0.81079,1.11511,51.5420,104.0687,-55.3130,-0.35071,-0.90503,0.13098,45.6489,23.6260,3.6870
101480770,-0.06360,0.55579,0.77258,50.9084,97.9084,-47.3893,-0.35388,-0.90540,0.12976,45.6260,23.4733,3.3359
101481770,-0.07373,0.07300,0.55701,49.9389,95.0153,-38.7328,-0.35596,-0.90491,0.12793,45.4962,23.2290,3.0458
101482771,0.06689,-0.61169,0.76111,51.9924,94.5954,-31.7557,-0.35742,-0.90479,0.12463,45.2824,22.9084,2.7939
101483770,0.16211,-0.97949,1.09729,51.4275,91.1832,-32.1069,-0.35767,-0.90491,0.12122,45.0458,22.5038,2.5954
101484770,0.12927,-0.65820,1.08875,44.9924,84.2748,-38.8397,-0.35803,-0.90405,0.11694,44.7939,22.0229,2.4351
101485770,0.06628,-0.11926,0.87329,38.2290,80.1298,-42.4122,-0.35889,-0.90295,0.11316,44.4962,21.4656,2.3359
101486771,-0.02832,-0.05469,0.83191,36.9008,80.6718,-39.0992,-0.36011,-0.90222,0.10925,44.1908,20.8244,2.3435
101487770,-0.12073,-0.42224,0.75562,37.0000,81.8244,-36.6183,-0.36182,-0.90112,0.10461,43.8473,20.0916,2.4351
101488770,-0.12244,-0.73706,0.52234,36.0840,83.5191,-40.2595,-0.36536,-0.89954,0.10022,43.4504,19.2748,2.5573
101489770,-0.07007,-0.77417,0.57947,36.7634,87.5038,-47.1145,-0.37109,-0.89795,0.09631,42.9542,18.3817,2.7023
101490771,0.02173,-0.46460,0.99182,38.7252,90.5115,-53.6565,-0.37732,-0.89624,0.09290,42.3435,17.4275,2.8397
101491770,0.07239,-0.00989,1.12708,40.4885,87.0763,-55.6260,-0.38354,-0.89392,0.08960,41.6565,16.3740,2.9542
101492770,-0.08105,0.09436,0.81226,42.2824,80.8779,-49.9237,-0.38892,-0.89124,0.08765,40.8931,15.2595,3.0458
101493770,-0.26941,-0.13538,0.69983,42.2748,80.2748,-41.5725,-0.39185,-0.88879,0.08643,40.0916,14.1221,3.0687
101494770,-0.21765,-0.26404,0.89648,38.3664,83.1679,-35.7099,-0.39331,-0.88647,0.08508,39.2824,12.9847,3.0611
101495770,-0.07092,-0.45483,1.02893,33.7939,85.1985,-27.8550,-0.39331,-0.88367,0.08447,38.4275,11.8244,3.0534
101496770,-0.04285,-1.21960,1.29883,32.7023,88.5725,-15.2137,-0.39124,-0.87976,0.08313,37.5573,10.6183,3.0534
101497768,-0.02820,-1.98926,1.75537,28.9924,93.1374,-10.1450,-0.38928,-0.87524,0.08142,36.7023,9.3588,3.0611
101498772,-0.01892,-1.52271,1.99994,16.2443,95.7557,-21.6412,-0.38794,-0.87085,0.08105,35.8550,8.0992,3.0229
101499770,-0.04785,-0.24829,1.99994,3.7405,95.3053,-33.3282,-0.38599,-0.86670,0.08008,35.0000,6.7863,2.9389
101500770,-0.00952,0.28613,1.99994,-1.4656,91.0916,-29.6412,-0.38538,-0.86365,0.07800,34.0916,5.4198,2.8321
101501770,0.20557,-0.48169,1.99994,1.1756,85.2977,-17.6183,-0.38660,-0.86182,0.07727,33.1145,4.0153,2.7252
101502770,0.51550,-1.52515,1.99994,3.0534,78.8473,-16.7863,-0.38928,-0.86072,0.07715,32.0611,2.6336,2.5420
101503770,0.65088,-1.64355,1.99994,-0.6947,69.5038,-29.7481,-0.39221,-0.86096,0.07764,30.9618,1.2824,2.3282
101504770,0.54712,-0.93030,1.99994,-7.2137,55.9924,-41.2366,-0.39380,-0.86169,0.07910,29.8244,-0.0840,2.0763
101505770,0.29785,-0.26062,1.99994,-8.3893,43.6641,-39.2901,-0.39343,-0.86230,0.08093,28.6565,-1.4580,1.7557
101506770,0.09473,-0.31775,1.98975,-3.0076,39.6031,-25.8168,-0.39111,-0.86267,0.08228,27.4733,-2.7863,1.4198
101507770,0.04285,-0.84180,1.92566,-2.5038,40.6183,-13.1069,-0.38757,-0.86255,0.08350,26.3053,-4.0534,1.0611
101508770,0.06458,-1.09595,1.89722,-8.1145,42.5344,-9.7405,-0.38306,-0.86169,0.08459,25.1679,-5.2977,0.6641
101509770,0.08850,-0.86865,1.94324,-11.8244,45.4122,-12.9695,-0.37769,-0.86084,0.08447,24.0382,-6.5496,0.2366
101510770,0.13611,-0.64880,1.99994,-9.5954,48.7481,-13.6794,-0.36694,-0.85852,0.08618,21.8473,-8.8855,-0.5954
101511770,0.17676,-0.74023,1.99994,-9.2137,48.8855,-10.5496,-0.36243,-0.85864,0.08801,20.8092,-9.9924,-0.9771
101512770,0.21057,-0.85681,1.99994,-14.6641,47.0229,-9.7023,-0.35999,-0.85901,0.08875,19.8015,-11.0763,-1.3511
101513768,0.26685,-0.79834,1.99994,-22.1145,43.2748,-12.5344,-0.35913,-0.85876,0.08984,18.8015,-12.1069,-1.6947
101514768,0.29553,-0.83105,1.99994,-21.8092,37.3817,-14.8015,-0.35803,-0.85840,0.09131,17.7863,-13.0992,-2.0534
101515768,0.33887,-1.11646,1.98535,-10.2366,33.5878,-16.1145,-0.35657,-0.85803,0.09229,16.7557,-14.0305,-2.4427
101516768,0.44214,-1.30591,1.99994,4.1756,34.7328,-19.9771,-0.35535,-0.85791,0.09216,15.7176,-14.9389,-2.9008
101517768,0.57581,-1.16882,1.99994,10.7939,34.9237,-24.8244,-0.35376,-0.85706,0.09143,14.6718,-15.8168,-3.4122
101518766,0.60364,-0.89551,1.99994,10.2290,29.7634,-26.5802,-0.35095,-0.85571,0.09180,13.6641,-16.6870,-3.9084
101519769,0.54883,-0.83118,1.99994,12.3664,23.7023,-24.5573,-0.34717,-0.85498,0.09302,12.6870,-17.5496,-4.4046
101520772,0.50098,-1.06274,1.99994,17.3053,18.0458,-22.0458,-0.34241,-0.85498,0.09424,11.7481,-18.3664,-4.8931
101521771,0.47217,-1.37280,1.99994,21.2061,12.2977,-21.8702,-0.33679,-0.85547,0.09570,10.8855,-19.0992,-5.3969
101522770,0.47754,-1.49731,1.99994,21.5496,6.8702,-24.8092,-0.33154,-0.85657,0.09668,10.0687,-19.8015,-5.8626
101523771,0.52332,-1.34277,1.99994,19.3588,3.1756,-28.6031,-0.32800,-0.85742,0.09656,9.2595,-20.4962,-6.3053
101524770,0.58728,-1.20312,1.99994,16.4733,-1.8168,-29.3130,-0.32581,-0.85791,0.09558,8.4504,-21.1374,-6.7252
101525770,0.56726,-1.26587,1.99994,15.5115,-8.2137,-28.1527,-0.32507,-0.85889,0.09448,7.6565,-21.7557,-7.1221
101526770,0.48499,-1.40552,1.99994,16.4809,-12.2443,-28.4809,-0.32544,-0.86023,0.09253,6.8244,-22.3588,-7.5191
101527770,0.41870,-1.42688,1.86914,16.4580,-13.1985,-31.2748,-0.32544,-0.86218,0.09155,5.9618,-22.9466,-7.8779
101528770,0.38647,-1.36523,1.60962,16.7099,-13.2290,-33.8931,-0.32434,-0.86414,0.09155,5.0992,-23.4885,-8.2061
101529770,0.40771,-1.31250,1.57983,18.8473,-12.7481,-35.9695,-0.32239,-0.86499,0.09119,4.2672,-23.9618,-8.5191
101530770,0.48108,-1.22424,1.82434,22.1679,-12.6336,-38.1679,-0.31921,-0.86511,0.09131,3.4504,-24.3435,-8.8015
101531770,0.54211,-1.12451,1.99994,24.4275,-14.7557,-40.0153,-0.31506,-0.86523,0.09045,2.6107,-24.6794,-9.0000
101532770,0.53723,-1.00305,1.99994,24.5267,-18.7710,-41.4580,-0.31055,-0.86560,0.08887,1.8092,-24.9771,-9.1756
101533770,0.52136,-0.93896,1.79980,25.6794,-22.0992,-42.1450,-0.30554,-0.86572,0.08813,1.0458,-25.2214,-9.3130
101534770,0.57410,-1.10413,1.50977,30.9008,-22.9237,-41.4733,-0.29944,-0.86572,0.08838,0.3053,-25.3969,-9.3817
101535770,0.63623,-1.43787,1.38940,37.0534,-22.5191,-41.3511,-0.29321,-0.86633,0.08801,-0.3969,-25.4733,-9.3664
101536770,0.65100,-1.58374,1.42590,39.4504,-23.2519,-44.9160,-0.28845,-0.86707,0.08691,-1.0687,-25.4809,-9.2901
101537771,0.66162,-1.44910,1.43835,40.1985,-25.6565,-50.2366,-0.28540,-0.86768,0.08704,-1.7252,-25.4198,-9.1603
101538771,0.66272,-1.31958,1.44604,44.0611,-27.6489,-53.5802,-0.28308,-0.86792,0.08740,-2.3893,-25.3130,-8.9771
101539770,0.65747,-1.28625,1.55408,49.0687,-28.6870,-55.8779,-0.28137,-0.86755,0.08716,-3.0534,-25.1450,-8.7557
101540770,0.66089,-1.21826,1.59106,49.8626,-31.1374,-58.8092,-0.27930,-0.86719,0.08704,-3.7557,-24.8626,-8.5038
101541770,0.62708,-1.19458,1.45715,47.1756,-35.0305,-60.7023,-0.27686,-0.86731,0.08594,-4.4809,-24.4809,-8.2290
101542771,0.56787,-1.27075,1.38379,44.4351,-37.8015,-61.9237,-0.27478,-0.86768,0.08508,-5.1908,-24.0534,-7.9313
101543771,0.56299,-1.26758,1.43323,42.6412,-39.8855,-64.7863,-0.27246,-0.86780,0.08594,-5.8397,-23.6107,-7.5954
101544770,0.56506,-1.22681,1.32092,40.4198,-43.9084,-67.0916,-0.26868,-0.86816,0.08594,-6.4504,-23.1145,-7.2519
101545770,0.50354,-1.28027,1.10156,34.2901,-47.7405,-66.3130,-0.26306,-0.86841,0.08411,-7.0458,-22.5344,-6.9008
101546768,0.47998,-1.24792,1.16577,23.3588,-47.9160,-64.8550,-0.25732,-0.86829,0.08252,-7.5725,-21.8626,-6.4962
101547771,0.52649,-1.01855,1.37195,14.7023,-47.6183,-64.5115,-0.25244,-0.86853,0.08252,-8.0076,-21.1069,-6.0534
101548771,0.49365,-0.94055,1.25928,15.9084,-49.8702,-62.6794,-0.24854,-0.86890,0.08362,-8.4122,-20.3130,-5.6031
101549771,0.40833,-1.16370,1.04700,22.4275,-50.8397,-59.8092,-0.24585,-0.86938,0.08472,-8.8092,-19.5191,-5.1832
101550770,0.39465,-1.26489,1.07764,22.4351,-50.6183,-59.8321,-0.24426,-0.87036,0.08508,-9.2137,-18.7252,-4.7557
101551770,0.41919,-1.00330,1.17432,14.1908,-52.9160,-62.1069,-0.24377,-0.87292,0.08533,-9.6412,-17.9160,-4.3053
101552770,0.42224,-0.71960,1.20605,8.4351,-57.2061,-62.6870,-0.24536,-0.87683,0.08667,-10.1069,-17.0840,-3.8397
101553770,0.41333,-0.80981,1.23401,12.9313,-60.8702,-61.3893,-0.24756,-0.88086,0.08826,-10.6183,-16.2137,-3.3740
101554770,0.42358,-1.19580,1.17273,19.8168,-63.8550,-61.4275,-0.24890,-0.88538,0.08936,-11.1298,-15.2977,-2.9160
101555770,0.41614,-1.49634,1.01135,18.9160,-65.8168,-64.6031,-0.24939,-0.88977,0.08984,-11.6412,-14.3588,-2.4427
101556770,0.37415,-1.40381,0.89380,11.0840,-66.6947,-70.8244,-0.24805,-0.89478,0.09058,-12.1832,-13.4351,-1.9618
101557770,0.32727,-0.93628,0.72290,6.0229,-67.2443,-77.5191,-0.24585,-0.90100,0.09180,-12.7023,-12.5573,-1.4809
101558770,0.25085,-0.60291,0.41284,10.9771,-67.3664,-79.3206,-0.24426,-0.90759,0.09424,-13.1450,-11.6947,-0.9695
101559770,0.15161,-0.77319,0.19702,19.6947,-65.4885,-75.8473,-0.24353,-0.91333,0.09705,-13.4962,-10.8168,-0.4046
101560770,0.13123,-1.09595,0.20422,20.3359,-62.2824,-73.0687,-0.24390,-0.91785,0.09827,-13.7557,-9.9389,0.1756
101561770,0.17480,-1.11035,0.27344,14.1298,-59.8397,-74.3130,-0.24451,-0.92188,0.09912,-13.9771,-9.1069,0.7405
101562770,0.18567,-0.87085,0.33032,12.1069,-57.7939,-76.7634,-0.24536,-0.92676,0.10107,-14.1603,-8.3053,1.3130
101563771,0.15442,-0.64978,0.34570,16.6183,-55.8168,-77.3740,-0.24670,-0.93188,0.10278,-14.2672,-7.5420,1.9084
101564771,0.10266,-0.57288,0.20032,20.2595,-54.6183,-75.4809,-0.24817,-0.93579,0.10400,-14.3282,-6.8397,2.5038
101565771,0.08508,-0.66797,0.08496,18.5267,-52.2595,-72.0000,-0.25037,-0.93860,0.10596,-14.3359,-6.1679,3.0382
101566771,0.15369,-0.86609,0.24805,14.0763,-48.6183,-69.5344,-0.25269,-0.94128,0.10889,-14.3435,-5.5038,3.5267
101567770,0.23169,-1.00403,0.41614,12.4046,-47.1908,-70.5038,-0.25391,-0.94409,0.11194,-14.3282,-4.8473,3.9847
101568770,0.19678,-1.01123,0.30640,15.2901,-48.2061,-73.8015,-0.25403,-0.94592,0.11523,-14.2672,-4.2366,4.4198
101569770,0.12866,-0.93250,0.12756,17.2824,-47.7481,-76.3893,-0.25391,-0.94739,0.11780,-14.1450,-3.6565,4.8168
101570771,0.12256,-0.72620,0.12927,13.5649,-45.2519,-77.5496,-0.25305,-0.94934,0.11877,-13.9847,-3.1221,5.1679
101571770,0.10571,-0.45813,0.18652,8.8244,-43.6718,-77.3740,-0.25073,-0.95093,0.11951,-13.7863,-2.6489,5.5191
101572770,0.11560,-0.45740,0.13232,9.6489,-42.6641,-74.9160,-0.24792,-0.95178,0.12012,-13.5496,-2.2214,5.8168
101573770,0.17126,-0.83350,0.09851,15.0229,-39.9008,-71.7634,-0.24695,-0.95203,0.12048,-13.2748,-1.8321,6.0611
101574770,0.20447,-1.24023,0.24121,19.2061,-35.9160,-71.6870,-0.24719,-0.95227,0.12122,-12.9542,-1.4656,6.2595
101575770,0.24573,-1.26343,0.39954,17.5038,-33.6794,-75.4504,-0.24805,-0.95251,0.12341,-12.6031,-1.1298,6.3969
101576770,0.24695,-0.93262,0.35449,13.2443,-34.5191,-79.1603,-0.24951,-0.95349,0.12561,-12.2290,-0.8397,6.4275
101577770,0.18445,-0.61853,0.21460,14.2901,-35.6183,-80.2977,-0.25146,-0.95471,0.12708,-11.8397,-0.5649,6.3893
101578770,0.17590,-0.54114,0.16870,20.8779,-35.3206,-79.6031,-0.25354,-0.95496,0.12830,-11.4733,-0.3053,6.2901
101579770,0.20117,-0.71399,0.20789,25.2901,-35.5420,-78.1832,-0.25439,-0.95520,0.12927,-11.1145,-0.0916,6.1374
101580770,0.19507,-0.93481,0.25964,22.4962,-36.7634,-78.3053,-0.25391,-0.95605,0.13123,-10.7176,0.1069,5.9389
101581770,0.22009,-0.98828,0.33813,18.2443,-37.2366,-81.0763,-0.25330,-0.95703,0.13391,-10.2901,0.3130,5.6794
101582771,0.23279,-0.90332,0.39392,18.5954,-37.2977,-84.5344,-0.25354,-0.95789,0.13672,-9.8321,0.5191,5.3588
101583771,0.17017,-0.75037,0.31921,20.5573,-37.6641,-86.8397,-0.25305,-0.95837,0.13879,-9.3435,0.7481,4.9847
101584771,0.12708,-0.56616,0.18030,19.3893,-37.5267,-87.1908,-0.25159,-0.95850,0.14050,-8.8550,0.9695,4.5802
101585770,0.15173,-0.45935,0.15247,16.0611,-36.5038,-85.1374,-0.24951,-0.95789,0.14307,-8.3588,1.2214,4.1221
101586770,0.18335,-0.50391,0.25586,14.5649,-35.8550,-82.0534,-0.24744,-0.95654,0.14575,-7.8397,1.4809,3.6718
101587770,0.17041,-0.56958,0.28406,15.9237,-36.7710,-80.7786,-0.24707,-0.95593,0.14746,-7.2977,1.7328,3.2290
101588770,0.10974,-0.53625,0.17371,18.0611,-37.7481,-80.6718,-0.24829,-0.95667,0.14868,-6.7786,2.0153,2.8092
101589770,0.03967,-0.44470,0.09338,17.6336,-37.0458,-79.0534,-0.25000,-0.95740,0.14966,-6.2824,2.2977,2.3588
101590770,0.01013,-0.36475,0.08936,14.8168,-35.2824,-75.6870,-0.25159,-0.95850,0.14978,-5.7863,2.6031,1.8626
101591770,0.02515,-0.37756,0.06531,13.4885,-33.3206,-72.0382,-0.25256,-0.96008,0.15051,-5.2748,2.9466,1.3893
101592770,0.03796,-0.54260,0.04016,15.6260,-30.6718,-69.2748,-0.25330,-0.96118,0.15234,-4.7710,3.3206,0.9160
101593770,0.04382,-0.77039,0.09509,18.1298,-27.3435,-68.6336,-0.25330,-0.96167,0.15295,-4.2901,3.7023,0.4427
101594770,0.07324,-0.86023,0.16309,17.0153,-24.6870,-70.3893,-0.25171,-0.96191,0.15320,-3.8015,4.1145,-0.0382
101595770,0.09534,-0.83105,0.21533,13.7634,-22.9618,-72.3435,-0.25122,-0.96289,0.15271,-3.2824,4.5649,-0.4809
101596770,0.09143,-0.81018,0.34631,11.8779,-21.5267,-73.5878,-0.25159,-0.96338,0.15100,-2.7405,5.0229,-0.8855
101597771,0.09705,-0.76514,0.43323,11.8779,-21.4656,-75.3893,-0.25098,-0.96252,0.14893,-2.1832,5.4809,-1.2366
101598771,0.09070,-0.63293,0.37561,12.1756,-22.4504,-77.8473,-0.24951,-0.96179,0.14722,-1.6336,5.9084,-1.5802
101599771,0.08533,-0.44653,0.38367,11.2366,-22.4733,-79.0458,-0.24951,-0.96216,0.14673,-1.0840,6.3053,-1.9008
101600771,0.11047,-0.30310,0.47693,8.7557,-22.8397,-77.8779,-0.25134,-0.96289,0.14636,-0.5496,6.6947,-2.1985
101601771,0.10388,-0.30664,0.42078,6.0305,-25.0992,-74.3206,-0.25354,-0.96277,0.14526,-0.0687,7.0840,-2.4580
101602771,0.07275,-0.45190,0.33167,3.4962,-26.2061,-69.7328,-0.25562,-0.96216,0.14551,0.3511,7.4504,-2.7176
101603771,0.10168,-0.54932,0.47729,0.7252,-24.8931,-66.4122,-0.25806,-0.96155,0.14514,0.7023,7.7634,-2.9847
101604770,0.13611,-0.45105,0.61169,-2.0611,-25.2214,-64.7099,-0.26062,-0.96143,0.14404,1.0382,8.0305,-3.2290
101605770,0.09314,-0.28809,0.50793,-2.8473,-27.5420,-62.1450,-0.26221,-0.96143,0.14319,1.3435,8.2519,-3.4733
101606770,0.06311,-0.29773,0.45300,-5.0611,-28.8397,-53.7328,-0.26233,-0.96167,0.14050,1.5878,8.4656,-3.6794
101607770,0.07642,-0.26257,0.49377,-9.1069,-30.0840,-51.9084,-0.26221,-0.96191,0.13843,1.8092,8.6718,-3.8931
101608770,0.06848,-0.18713,0.42310,-11.3740,-31.9618,-51.1985,-0.26379,-0.96118,0.13489,2.1908,9.0000,-4.2977
101609770,0.05078,-0.21362,0.33374,-10.0611,-32.7099,-50.0687,-0.26575,-0.96155,0.13220,2.3588,9.0763,-4.4351
101610770,0.02209,-0.31091,0.19495,-8.3740,-32.7557,-48.7710,-0.26831,-0.96216,0.12793,2.5420,9.1374,-4.5420
101611770,-0.00842,-0.34253,0.03552,-9.1527,-31.7099,-47.9008,-0.27100,-0.96191,0.12317,2.7557,9.1756,-4.5802
101612770,0.00293,-0.26794,-0.00085,-11.7863,-29.0687,-46.9924,-0.27454,-0.96155,0.12024,2.9313,9.1679,-4.5954
101613770,0.04419,-0.17590,0.06921,-12.1908,-26.0000,-45.0076,-0.27917,-0.96118,0.11914,3.0458,9.1374,-4.6183
101614768,0.06860,-0.21606,0.14209,-8.8321,-23.7939,-41.2824,-0.28381,-0.96094,0.11841,3.1298,9.1298,-4.5954
101615772,0.08167,-0.36694,0.18811,-6.4580,-22.4504,-37.1145,-0.28796,-0.95996,0.11804,3.1985,9.1145,-4.5344
101616771,0.09863,-0.45374,0.20996,-7.8855,-21.9542,-34.2290,-0.29224,-0.95801,0.11841,3.2366,9.0763,-4.4427
101617770,0.10291,-0.37878,0.19580,-10.0534,-22.2443,-33.0305,-0.29553,-0.95618,0.11816,3.2366,9.0153,-4.3588
101618770,0.09302,-0.29041,0.17188,-9.0305,-22.9695,-31.5344,-0.29785,-0.95386,0.11658,3.1985,8.9313,-4.2519
101619770,0.07263,-0.41980,0.11963,-6.6412,-24.0611,-28.4885,-0.29980,-0.95032,0.11475,3.1527,8.8244,-4.1450
101620770,0.06323,-0.72449,0.05750,-7.0763,-24.5420,-25.8550,-0.30225,-0.94580,0.11292,3.0763,8.7176,-4.0305
101621770,0.09863,-0.94434,0.09961,-10.8321,-23.4275,-26.2672,-0.30518,-0.94202,0.11157,2.9771,8.6183,-3.9160
101622770,0.14294,-0.91980,0.19043,-15.1908,-21.9924,-29.4580,-0.30713,-0.93835,0.11182,2.8397,8.4885,-3.7863
101623771,0.13342,-0.75171,0.17810,-17.1145,-21.1527,-32.4962,-0.30933,-0.93494,0.11377,2.6947,8.2901,-3.6794
101624770,0.09424,-0.60925,0.09277,-17.1679,-20.0840,-33.4046,-0.31226,-0.93225,0.11584,2.5267,8.0840,-3.6031
101625770,0.08557,-0.54395,0.07458,-18.3206,-18.3206,-32.3817,-0.31555,-0.92969,0.11621,2.3130,7.8702,-3.5267
101626770,0.12109,-0.52393,0.14587,-20.8931,-16.9084,-30.6260,-0.31995,-0.92712,0.11548,2.0305,7.6412,-3.4962
101627770,0.16638,-0.52368,0.23132,-21.6260,-16.6107,-29.1069,-0.32507,-0.92383,0.11426,1.7099,7.4198,-3.5191
101628770,0.19177,-0.51648,0.30261,-19.4046,-16.9466,-28.0840,-0.33008,-0.92102,0.11316,1.3664,7.1679,-3.5878
101629770,0.18958,-0.46399,0.31641,-17.0305,-17.6489,-26.9771,-0.33545,-0.91907,0.11340,0.9924,6.8550,-3.6794
101630770,0.16467,-0.39331,0.26318,-16.3282,-18.2214,-24.9084,-0.34045,-0.91614,0.11523,0.6031,6.4809,-3.8397
101631770,0.15125,-0.39380,0.22876,-16.6260,-17.8855,-21.8092,-0.34412,-0.91260,0.11719,0.2061,6.0992,-4.0763
101632770,0.17383,-0.52344,0.26367,-16.4275,-16.8702,-18.6565,-0.34631,-0.90857,0.11804,-0.1908,5.7023,-4.3740
101633770,0.20435,-0.72925,0.31067,-15.7634,-16.2824,-16.8473,-0.34717,-0.90479,0.11755,-0.5802,5.2519,-4.6870
101634770,0.22498,-0.87292,0.34973,-16.4275,-16.2290,-17.0458,-0.34802,-0.90234,0.11646,-0.9618,4.7328,-5.0153
101635770,0.25000,-0.90283,0.44019,-18.8397,-16.3664,-18.1298,-0.34888,-0.90112,0.11511,-1.3664,4.1985,-5.3817
101636768,0.27454,-0.88831,0.53552,-21.4351,-17.4046,-18.9008,-0.34973,-0.90027,0.11365,-1.7786,3.6489,-5.7939
101637768,0.28491,-0.88171,0.55994,-22.4885,-19.3206,-19.6107,-0.35071,-0.89905,0.11414,-2.2061,3.0992,-6.2366
101638768,0.29028,-0.87354,0.56067,-21.9618,-21.0229,-20.9924,-0.35144,-0.89771,0.11523,-2.6336,2.5496,-6.7023
101639772,0.29419,-0.85339,0.57312,-20.9237,-22.4122,-22.8702,-0.35217,-0.89685,0.11548,-3.0763,1.9847,-7.1985
101640771,0.28625,-0.83582,0.54761,-20.0916,-23.9542,-24.6183,-0.35352,-0.89673,0.11658,-3.5267,1.4122,-7.7099
101641770,0.27136,-0.82349,0.48389,-19.2290,-25.0687,-26.0305,-0.35510,-0.89673,0.11841,-3.9389,0.8321,-8.2290
101642770,0.25549,-0.80396,0.45251,-17.8779,-25.1527,-27.1603,-0.35571,-0.89612,0.11963,-4.3130,0.2748,-8.7099
101643770,0.24060,-0.75513,0.44092,-16.5954,-24.9313,-27.8931,-0.35376,-0.89502,0.11987,-4.7176,-0.2672,-9.1527
101644770,0.22290,-0.68884,0.39258,-15.8855,-25.0534,-27.8092,-0.35144,-0.89453,0.11975,-5.1374,-0.7863,-9.5878
101645768,0.20203,-0.65222,0.32361,-15.6718,-25.2748,-26.7328,-0.35095,-0.89453,0.12012,-5.5344,-1.3053,-10.0076
101646772,0.17871,-0.63733,0.25757,-15.9618,-25.4580,-25.3511,-0.35095,-0.89441,0.12097,-5.9084,-1.8550,-10.4046
101647771,0.15320,-0.59436,0.19995,-16.6183,-25.4656,-24.3130,-0.35083,-0.89343,0.12268,-6.2672,-2.4198,-10.7710
101648771,0.13660,-0.52722,0.17773,-17.4656,-24.9389,-23.3053,-0.35156,-0.89160,0.12451,-6.6565,-2.9618,-11.1298
101649770,0.13611,-0.49609,0.19592,-18.3664,-23.8931,-21.7786,-0.35315,-0.88977,0.12439,-7.0763,-3.4885,-11.4504
101650770,0.14404,-0.52478,0.20325,-19.2595,-22.6412,-20.0153,-0.35559,-0.88892,0.12378,-7.5420,-4.0229,-11.7634
101651770,0.14844,-0.57800,0.18555,-19.9542,-20.9313,-18.7023,-0.35767,-0.88867,0.12378,-8.0229,-4.5802,-12.0611
101652770,0.14856,-0.61047,0.17615,-20.4504,-18.6336,-18.1221,-0.35864,-0.88855,0.12317,-8.5115,-5.1069,-12.3817
101653768,0.13586,-0.59229,0.16760,-21.0000,-16.4275,-17.9924,-0.35925,-0.88965,0.12195,-8.9695,-5.6031,-12.6947
101654767,0.13037,-0.53687,0.20361,-21.0992,-14.1069,-17.7176,-0.35913,-0.89185,0.12158,-9.4198,-6.0916,-12.9847
101655768,0.17505,-0.50757,0.35413,-19.8855,-11.5649,-16.8855,-0.35742,-0.89453,0.12146,-9.8931,-6.5496,-13.2595
101656768,0.24585,-0.57031,0.55823,-16.8855,-10.1527,-15.7328,-0.35461,-0.89648,0.12061,-10.3588,-7.0076,-13.5344
101657771,0.29712,-0.70264,0.67566,-13.0000,-10.7099,-15.2443,-0.35193,-0.89795,0.12024,-10.7786,-7.4580,-13.7863
101658771,0.31689,-0.80664,0.68506,-9.5115,-12.3588,-16.1145,-0.34912,-0.89966,0.12012,-11.1527,-7.8702,-13.9924
101659771,0.31323,-0.82812,0.69873,-6.6870,-13.9160,-17.9313,-0.34570,-0.90125,0.12122,-11.4809,-8.2366,-14.1374
101660771,0.30408,-0.79919,0.71973,-4.2595,-15.7863,-19.6565,-0.34167,-0.90308,0.12231,-11.8168,-8.5191,-14.1985
101661771,0.28577,-0.79980,0.68518,-1.3740,-18.2519,-20.7634,-0.33801,-0.90576,0.12146,-12.1527,-8.7176,-14.1908
101662771,0.25793,-0.85144,0.61462,1.3282,-20.3588,-21.7634,-0.33545,-0.90784,0.12109,-12.4733,-8.8702,-14.1374
101663771,0.23865,-0.89673,0.55151,2.1832,-21.3588,-23.1145,-0.33398,-0.90906,0.12231,-12.8092,-8.9618,-14.0382
101664771,0.21741,-0.89685,0.48755,0.1069,-21.6031,-24.3130,-0.33313,-0.91040,0.12231,-13.1756,-8.9924,-13.8931
101665771,0.18823,-0.82996,0.42993,-4.4351,-21.0305,-24.9618,-0.33142,-0.91235,0.12073,-13.5725,-8.9695,-13.7023
101666771,0.16003,-0.71118,0.38672,-9.0534,-19.9313,-24.9160,-0.32971,-0.91455,0.12061,-13.9847,-8.8779,-13.4656
101667770,0.12354,-0.61536,0.29126,-11.4046,-18.8244,-24.0000,-0.32800,-0.91565,0.12134,-14.3664,-8.7176,-13.1832
101668770,0.09521,-0.60486,0.17847,-11.2061,-17.0534,-22.2595,-0.32605,-0.91565,0.12073,-14.7481,-8.5267,-12.8550
101669770,0.10425,-0.64331,0.17688,-10.6870,-14.2901,-20.4656,-0.32483,-0.91516,0.12000,-15.1450,-8.2977,-12.4656
101670770,0.14038,-0.64417,0.26782,-11.7328,-11.9389,-19.1069,-0.32263,-0.91467,0.11938,-15.5420,-8.0458,-12.0305
101671770,0.16003,-0.59167,0.31787,-13.4351,-10.8855,-18.0000,-0.31970,-0.91431,0.11829,-15.9084,-7.7710,-11.5344
101672770,0.15112,-0.53674,0.32678,-13.3511,-9.9466,-16.8626,-0.31775,-0.91357,0.11780,-16.2595,-7.4809,-11.0458
101673768,0.14136,-0.52527,0.36609,-11.3664,-8.3817,-15.7328,-0.31628,-0.91333,0.11694,-16.6183,-7.1908,-10.5573
101674772,0.14771,-0.57434,0.41833,-9.5344,-6.9389,-14.6565,-0.31580,-0.91394,0.11609,-16.9847,-6.8931,-10.0687
101675771,0.18311,-0.67908,0.48682,-8.8626,-5.8244,-13.9389,-0.31543,-0.91455,0.11487,-17.3435,-6.6031,-9.5725
101676771,0.24597,-0.79382,0.61768,-8.7252,-5.1069,-14.2443,-0.31506,-0.91467,0.11255,-17.7252,-6.3511,-9.0458
101677770,0.30408,-0.83862,0.74316,-8.3969,-5.5725,-15.9847,-0.31506,-0.91589,0.11060,-18.1145,-6.1450,-8.4962
101678770,0.31897,-0.78369,0.76807,-7.6183,-7.3511,-18.4656,-0.31396,-0.91772,0.10889,-18.5191,-5.9847,-8.0076
101679768,0.30176,-0.71008,0.74561,-6.4580,-9.2977,-20.1450,-0.31274,-0.91931,0.10803,-18.9237,-5.8473,-7.5802
101680768,0.29321,-0.70068,0.72253,-6.1069,-11.1679,-20.3206,-0.31128,-0.92078,0.10730,-19.3130,-5.7405,-7.1527
101681768,0.29236,-0.73865,0.67493,-6.5115,-13.0687,-19.9542,-0.31055,-0.92029,0.10461,-19.7176,-5.6870,-6.7405
101682772,0.27356,-0.74512,0.59180,-6.3359,-14.6336,-20.2290,-0.30981,-0.91809,0.10144,-20.1145,-5.7099,-6.3817
101683771,0.23486,-0.69141,0.49402,-4.8092,-15.1756,-20.7863,-0.30823,-0.91638,0.10059,-20.4809,-5.7863,-6.1145
101684771,0.19031,-0.62158,0.40393,-3.2519,-14.6031,-20.4656,-0.30713,-0.91504,0.10181,-20.8168,-5.8931,-5.8855
101685770,0.15576,-0.57800,0.34216,-3.3664,-13.1679,-18.9389,-0.30566,-0.91455,0.10352,-21.1298,-6.0458,-5.6794
101686770,0.15088,-0.57727,0.32349,-5.2366,-11.2061,-16.8550,-0.30444,-0.91479,0.10474,-21.4504,-6.2443,-5.5191
101687770,0.16333,-0.61536,0.32458,-7.1069,-9.1069,-15.0229,-0.30396,-0.91504,0.10547,-21.7786,-6.4962,-5.4122
101688770,0.17053,-0.66211,0.33374,-7.4504,-7.0305,-14.0763,-0.30298,-0.91418,0.10645,-22.1145,-6.7710,-5.3740
101689770,0.17444,-0.67041,0.34204,-7.1221,-5.2137,-13.9847,-0.30249,-0.91296,0.10657,-22.4275,-7.0687,-5.3817
101690770,0.18274,-0.64111,0.35657,-7.2290,-3.7481,-13.8779,-0.30298,-0.91321,0.10681,-22.7405,-7.3893,-5.4504
101691770,0.19995,-0.60962,0.40295,-7.5573,-2.5954,-13.3282,-0.30322,-0.91443,0.10876,-23.0458,-7.7099,-5.5649
101692767,0.22656,-0.58923,0.47473,-7.4122,-1.8397,-12.7252,-0.30188,-0.91541,0.11011,-23.3053,-8.0153,-5.7328
101693767,0.24988,-0.59070,0.52332,-6.4351,-1.6489,-12.2443,-0.30005,-0.91516,0.11060,-23.5344,-8.3130,-5.9389
101694771,0.27356,-0.62646,0.54126,-5.0076,-1.6260,-11.7786,-0.29773,-0.91431,0.11108,-23.7557,-8.6107,-6.1985
101695770,0.31482,-0.67749,0.57739,-3.9008,-1.4580,-11.3740,-0.29517,-0.91382,0.11145,-23.9695,-8.9313,-6.4962
101696770,0.35461,-0.69690,0.62292,-3.5725,-1.7481,-11.2672,-0.29248,-0.91382,0.11169,-24.1298,-9.2672,-6.8168
101697770,0.36792,-0.67700,0.64172,-3.0382,-2.7023,-11.4046,-0.29041,-0.91431,0.11230,-24.2748,-9.6031,-7.1450
101698770,0.36340,-0.67688,0.63953,-1.4504,-3.8702,-11.2290,-0.28992,-0.91528,0.11255,-24.4198,-9.9008,-7.5115
101699770,0.35693,-0.73267,0.64099,-0.1069,-4.9237,-10.5267,-0.28943,-0.91626,0.11243,-24.5802,-10.1756,-7.9160
101700770,0.36121,-0.78845,0.66687,-0.6565,-5.8015,-9.9466,-0.28943,-0.91760,0.11243,-24.7252,-10.4580,-8.3206
101701770,0.37036,-0.77112,0.67993,-2.1603,-6.8550,-10.1221,-0.28992,-0.91931,0.11304,-24.8550,-10.7099,-8.7176
101702770,0.35608,-0.70728,0.62769,-1.8626,-7.9084,-10.6794,-0.29041,-0.92102,0.11328,-24.9618,-10.9466,-9.1069
101703770,0.32800,-0.66992,0.56152,0.5267,-7.9847,-10.9618,-0.29041,-0.92297,0.11377,-25.0534,-11.1832,-9.5344
101704770,0.31677,-0.67346,0.55969,2.1985,-7.1832,-10.7557,-0.28955,-0.92456,0.11511,-25.1527,-11.4046,-9.9695
101705770,0.32617,-0.69019,0.59460,1.1145,-6.6794,-10.2748,-0.28687,-0.92676,0.11694,-25.3130,-11.7710,-10.8244
101706770,0.34583,-0.71350,0.60693,-1.0763,-6.9008,-9.7786,-0.28430,-0.92847,0.11841,-25.3588,-11.9084,-11.2137
101707771,0.36938,-0.76147,0.62793,-1.3130,-7.1450,-9.4580,-0.28149,-0.93091,0.12024,-25.3893,-12.0076,-11.5802
101708770,0.38757,-0.79810,0.65271,-0.1298,-7.6947,-9.6260,-0.27930,-0.93250,0.12170,-25.4351,-12.0763,-11.9389
101709770,0.38586,-0.76086,0.62634,0.1603,-8.9160,-10.0840,-0.27698,-0.93335,0.12292,-25.4427,-12.1069,-12.2901
101710770,0.37915,-0.67188,0.60339,-0.3740,-10.1221,-10.0153,-0.27429,-0.93506,0.12451,-25.4122,-12.1527,-12.5878
101711770,0.38293,-0.61755,0.62170,-0.3664,-11.1832,-9.0382,-0.27283,-0.93726,0.12573,-25.3588,-12.1679,-12.8473
101712770,0.37146,-0.63806,0.60974,0.7176,-12.4809,-7.8092,-0.27197,-0.94019,0.12512,-25.3053,-12.1603,-13.0763
101713770,0.34619,-0.69995,0.54663,2.4504,-13.3282,-7.1832,-0.27063,-0.94373,0.12378,-25.2519,-12.1527,-13.2595
101714767,0.34058,-0.77197,0.51331,4.0611,-12.9847,-7.1069,-0.26917,-0.94666,0.12305,-25.2061,-12.1221,-13.4046
101715771,0.35278,-0.84619,0.53687,4.7786,-12.0763,-7.2290,-0.26782,-0.94946,0.12244,-25.1374,-12.0611,-13.5267
101716771,0.35632,-0.89307,0.55103,4.3969,-11.6489,-7.7481,-0.26685,-0.95288,0.12305,-25.0458,-11.9695,-13.6107
101717771,0.34375,-0.88623,0.54114,3.2290,-11.5115,-8.7023,-0.26587,-0.95654,0.12390,-24.9237,-11.8626,-13.6565
101718771,0.33850,-0.84790,0.55774,1.7328,-11.2137,-9.5420,-0.26453,-0.95935,0.12463,-24.7863,-11.7176,-13.6718
101719771,0.35645,-0.84448,0.60291,0.8168,-11.1603,-9.7634,-0.26318,-0.96155,0.12500,-24.6412,-11.5573,-13.6412
101720771,0.37268,-0.89453,0.64099,0.4962,-11.8626,-9.7710,-0.26233,-0.96387,0.12415,-24.4733,-11.3969,-13.5725
101721771,0.37500,-0.93774,0.65369,-0.3206,-13.0763,-10.2290,-0.26086,-0.96606,0.12292,-24.2672,-11.2366,-13.4580
101722771,0.37646,-0.92053,0.65710,-1.7710,-14.3511,-11.0153,-0.25952,-0.96814,0.12170,-24.0305,-11.0611,-13.3282
101723771,0.38074,-0.85413,0.67712,-2.8550,-15.5191,-11.5267,-0.25903,-0.96948,0.12036,-23.8015,-10.8626,-13.2290
101724771,0.37891,-0.79419,0.68274,-2.9847,-16.9237,-11.3893,-0.25867,-0.97070,0.11890,-23.5878,-10.6794,-13.1145
101725771,0.36560,-0.78357,0.63770,-2.2061,-18.4504,-10.8397,-0.25854,-0.97217,0.11719,-23.3435,-10.5038,-12.9618
101726771,0.35107,-0.81665,0.58386,-1.0687,-19.4122,-10.4809,-0.25867,-0.97339,0.11658,-23.0611,-10.3435,-12.7863
101727770,0.34241,-0.85242,0.57336,-0.3664,-19.7557,-10.7328,-0.25940,-0.97449,0.11682,-22.7557,-10.1756,-12.5802
101728770,0.34119,-0.85669,0.57373,-0.7863,-20.1298,-11.4351,-0.26062,-0.97620,0.11719,-22.4504,-9.9695,-12.4046
101729771,0.33008,-0.82288,0.55432,-1.9313,-20.5954,-12.2061,-0.26123,-0.97717,0.11768,-22.1603,-9.7863,-12.2366
101730770,0.30591,-0.77710,0.52502,-2.6947,-20.8779,-12.8092,-0.26172,-0.97656,0.11853,-21.8855,-9.6260,-12.0992
101731770,0.28333,-0.74805,0.46899,-3.0916,-20.9160,-13.1527,-0.26208,-0.97534,0.11951,-21.5878,-9.4885,-11.9924
101732770,0.26245,-0.75757,0.41650,-3.3588,-20.4427,-13.1527,-0.26208,-0.97400,0.12024,-21.2519,-9.3435,-11.9008
101733771,0.25610,-0.78174,0.40405,-4.2214,-19.6183,-13.1908,-0.26184,-0.97192,0.12280,-20.9008,-9.2214,-11.8244
101734770,0.26868,-0.76526,0.41626,-5.7710,-18.7786,-13.4809,-0.26147,-0.97021,0.12427,-20.5649,-9.1527,-11.7710
101735770,0.29553,-0.68677,0.51831,-6.6565,-17.4580,-13.1298,-0.26135,-0.96875,0.12354,-20.2519,-9.0916,-11.7710
101736770,0.30762,-0.69641,0.54224,-5.9542,-17.7557,-12.3435,-0.26233,-0.96692,0.12390,-19.9389,-9.0229,-11.7939
101737768,0.30518,-0.72913,0.51025,-5.4656,-18.6031,-11.7405,-0.26453,-0.96558,0.12512,-19.6260,-8.9542,-11.9008
101738772,0.29858,-0.74207,0.50134,-4.7939,-19.0992,-11.7710,-0.26721,-0.96436,0.12476,-19.3435,-8.8931,-12.0382
101739770,0.29749,-0.71265,0.53418,-4.0305,-19.5191,-12.3282,-0.26953,-0.96301,0.12415,-19.0916,-8.8550,-12.2366
101740770,0.29846,-0.69141,0.54883,-3.2290,-20.3206,-12.5878,-0.27100,-0.96252,0.12390,-18.8473,-8.8473,-12.4580
101741770,0.29370,-0.73315,0.53271,-2.2366,-21.0763,-12.4809,-0.27234,-0.96252,0.12305,-18.6107,-8.8702,-12.7252
101742770,0.27747,-0.79346,0.49207,-1.5267,-21.4122,-12.9313,-0.27344,-0.96252,0.12146,-18.3664,-8.9160,-13.0534
101743770,0.25793,-0.80469,0.42468,-1.5725,-21.0611,-14.1145,-0.27344,-0.96277,0.12012,-18.1298,-8.9847,-13.4122
101744770,0.24329,-0.78430,0.38147,-1.8702,-19.8626,-15.1069,-0.27344,-0.96313,0.11938,-17.8702,-9.0840,-13.7863
101745770,0.24414,-0.76208,0.39258,-2.2519,-18.2977,-15.6107,-0.27441,-0.96423,0.11938,-17.5802,-9.2290,-14.1908
101746770,0.25476,-0.73315,0.40503,-2.7939,-17.1527,-15.8397,-0.27515,-0.96631,0.11890,-17.2672,-9.3588,-14.6412
101747770,0.26233,-0.71790,0.41431,-3.0611,-16.2901,-15.6718,-0.27490,-0.96985,0.11841,-16.9008,-9.4809,-15.0992
101748770,0.27539,-0.71069,0.45361,-3.5954,-15.5420,-15.2595,-0.27527,-0.97424,0.11951,-16.4809,-9.5802,-15.5573
101749770,0.29590,-0.67493,0.49121,-4.6336,-15.3511,-14.8779,-0.27515,-0.97888,0.12268,-16.0305,-9.6947,-16.0153
101750770,0.30896,-0.62488,0.49207,-5.2366,-15.7405,-14.2595,-0.27380,-0.98389,0.12781,-15.5649,-9.8321,-16.4885
101751770,0.31604,-0.61401,0.49719,-4.6565,-16.0076,-13.1679,-0.27234,-0.98950,0.13208,-15.0611,-9.9466,-16.9618
101752770,0.32434,-0.64380,0.51685,-3.6336,-16.2748,-12.1221,-0.27039,-0.99524,0.13452,-14.4962,-9.9771,-17.4122
101753770,0.34119,-0.68127,0.52161,-2.8702,-16.6794,-11.5115,-0.26917,-1.00134,0.13708,-13.8779,-9.9695,-17.8244
101754767,0.37170,-0.72949,0.56042,-2.1221,-16.8473,-11.2595,-0.26770,-1.00793,0.13965,-13.2137,-9.9160,-18.2061
101755768,0.38647,-0.76648,0.61230,-1.8015,-17.7023,-11.6031,-0.26428,-1.01355,0.14221,-12.4962,-9.8168,-18.5344
101756767,0.35645,-0.73608,0.53809,-2.6947,-19.9847,-12.6412,-0.25989,-1.01843,0.14514,-11.7481,-9.6718,-18.7863
101757766,0.29810,-0.67712,0.37256,-3.9771,-22.1145,-13.2748,-0.25439,-1.02283,0.14673,-10.9924,-9.4580,-18.9847
101758769,0.25745,-0.69324,0.28882,-4.4427,-22.6412,-12.8473,-0.24878,-1.02795,0.14673,-10.1756,-9.1603,-19.1145
101759771,0.24365,-0.77417,0.28503,-4.5115,-22.3206,-12.3740,-0.24426,-1.03320,0.14722,-9.2977,-8.8015,-19.2214
101760771,0.23608,-0.82739,0.28528,-4.8397,-21.6489,-12.7405,-0.24036,-1.03674,0.14771,-8.3740,-8.3817,-19.2290
101761770,0.23755,-0.82214,0.30017,-5.8092,-20.2519,-13.3511,-0.23706,-1.03967,0.14868,-7.4351,-7.9084,-19.1450
101762770,0.23889,-0.77197,0.32080,-7.6031,-18.5038,-13.5191,-0.23413,-1.04309,0.15076,-6.4885,-7.3969,-19.0153
101763770,0.22253,-0.70117,0.28601,-9.2672,-17.0687,-13.2137,-0.23083,-1.04626,0.15137,-5.5267,-6.8244,-18.8702
101764770,0.20886,-0.65295,0.22278,-9.6031,-15.5344,-12.6183,-0.22754,-1.04895,0.15027,-4.5267,-6.1832,-18.6641
101765768,0.21997,-0.65637,0.24121,-8.4656,-13.6107,-12.0076,-0.22461,-1.05200,0.14941,-3.4962,-5.4733,-18.3969
101766767,0.25098,-0.67249,0.34619,-6.6870,-12.2137,-11.9695,-0.22205,-1.05493,0.14795,-2.4656,-4.7023,-18.0763
101767772,0.27954,-0.66931,0.43213,-5.1603,-12.3511,-12.2977,-0.21899,-1.05737,0.14587,-1.4275,-3.9084,-17.6718
101768771,0.28992,-0.67676,0.46521,-4.5802,-13.3053,-12.2901,-0.21594,-1.05908,0.14429,-0.3893,-3.0763,-17.2137
101769771,0.28662,-0.69751,0.46729,-4.7786,-14.2061,-12.0229,-0.21350,-1.06018,0.14429,0.6489,-2.1832,-16.7328
101770770,0.27258,-0.69556,0.44482,-4.8779,-14.7023,-11.9847,-0.21240,-1.06079,0.14514,1.7176,-1.2672,-16.2443
101771770,0.26050,-0.66919,0.41016,-4.9084,-14.6947,-11.9847,-0.21216,-1.06079,0.14478,2.7939,-0.3740,-15.7252
101772770,0.25256,-0.66260,0.37988,-4.8473,-14.3359,-11.6107,-0.21082,-1.05957,0.14417,3.8168,0.5115,-15.2061
101773770,0.24695,-0.69824,0.36450,-4.6183,-13.7863,-10.9542,-0.20935,-1.05884,0.14319,4.8092,1.3893,-14.6565
101774770,0.25134,-0.75439,0.36182,-4.9847,-13.0840,-10.3130,-0.20972,-1.05859,0.14246,5.8015,2.2595,-14.0916
101775770,0.25598,-0.80774,0.37268,-6.2824,-12.3664,-9.8321,-0.21106,-1.05762,0.14294,6.7710,3.1069,-13.5267
101776768,0.24353,-0.80518,0.35474,-8.0000,-12.0076,-10.0458,-0.21252,-1.05640,0.14294,7.6794,3.9313,-12.9542
101777768,0.20923,-0.72327,0.27832,-8.9237,-11.7710,-10.7252,-0.21460,-1.05530,0.14294,8.5496,4.7405,-12.3817
101778768,0.18152,-0.64490,0.21753,-8.6336,-10.7099,-10.8244,-0.21631,-1.05444,0.14404,9.3893,5.5191,-11.8092
101779768,0.18811,-0.63501,0.23975,-7.9160,-8.8092,-10.2443,-0.21765,-1.05286,0.14417,10.1756,6.2748,-11.2519
101780771,0.21326,-0.66589,0.30627,-7.2137,-7.0458,-9.8931,-0.21863,-1.05090,0.14209,10.9084,6.9847,-10.7176
101781770,0.23462,-0.68640,0.34827,-6.4809,-5.8550,-10.1679,-0.21985,-1.04846,0.14062,11.5954,7.6870,-10.2137
101782770,0.24365,-0.70081,0.37292,-5.3664,-4.8092,-10.5191,-0.22156,-1.04553,0.14050,12.2748,8.3359,-9.7099
101783770,0.24255,-0.71130,0.38257,-4.6107,-4.0687,-10.6718,-0.22314,-1.04224,0.13879,12.9237,8.9313,-9.2137
101784770,0.24268,-0.69177,0.35400,-4.9695,-3.8397,-10.6565,-0.22534,-1.03857,0.13623,13.5344,9.4962,-8.7252
101785770,0.24963,-0.64880,0.34521,-5.6947,-3.6412,-10.4122,-0.22839,-1.03528,0.13391,14.1145,9.9924,-8.2519
101786770,0.26721,-0.60815,0.38806,-5.7557,-3.4198,-10.0305,-0.23096,-1.03235,0.13171,14.6489,10.4198,-7.8092
101787770,0.27979,-0.59070,0.42798,-5.1756,-3.6260,-9.4427,-0.23376,-1.03052,0.13062,15.1603,10.8015,-7.3817
101788768,0.27625,-0.60083,0.42676,-5.2443,-4.0763,-8.5802,-0.23694,-1.02856,0.13062,15.6183,11.1298,-6.9695
101789772,0.27112,-0.62292,0.40454,-6.5344,-4.1374,-7.6107,-0.23901,-1.02563,0.13037,16.0458,11.3893,-6.5878
101790771,0.26733,-0.62598,0.38452,-8.1298,-3.7481,-6.8702,-0.23901,-1.02185,0.12878,16.4351,11.5649,-6.2443
101791771,0.26196,-0.59460,0.35583,-8.8244,-3.2595,-6.4504,-0.23853,-1.01758,0.12744,16.8015,11.7176,-5.9237
101792771,0.25781,-0.55713,0.33240,-7.9542,-2.6107,-6.0534,-0.23975,-1.01306,0.12659,17.1450,11.8626,-5.6336
101793771,0.25342,-0.54419,0.34326,-6.2672,-1.7328,-5.4580,-0.24243,-1.00879,0.12659,17.4733,11.9542,-5.3817
101794771,0.24280,-0.55493,0.40735,-5.0763,-0.7099,-4.6489,-0.24426,-1.00537,0.12610,17.7939,12.0000,-5.1832
101795771,0.23694,-0.58496,0.49329,-5.0534,-0.1679,-3.7099,-0.24487,-1.00305,0.12427,18.1221,11.9771,-4.9847
101796771,0.24109,-0.62708,0.51013,-5.5878,-0.4046,-3.0076,-0.24500,-1.00134,0.12292,18.4275,11.9237,-4.8244
101797770,0.23438,-0.65771,0.45715,-5.1221,-0.7328,-2.9618,-0.24585,-0.99963,0.12170,18.7023,11.8702,-4.7099
101798770,0.21936,-0.64087,0.41296,-3.9542,-0.5725,-3.5573,-0.24731,-0.99719,0.12122,18.9618,11.7786,-4.6031
101799770,0.21863,-0.57263,0.41199,-3.9466,-0.1450,-3.9313,-0.24878,-0.99414,0.12195,19.2061,11.6412,-4.4656
101800768,0.23340,-0.52734,0.46228,-4.9466,0.3282,-3.2672,-0.25000,-0.99158,0.12244,19.4275,11.4809,-4.3130
101801768,0.25525,-0.56287,0.55835,-5.4733,0.6947,-1.9618,-0.25146,-0.98987,0.12244,19.5725,11.3206,-4.1679
101802772,0.27869,-0.64685,0.61694,-5.4427,0.4275,-1.0305,-0.25354,-0.98840,0.12195,19.6794,11.1603,-4.0229
101803771,0.27673,-0.69104,0.57214,-5.6412,-0.4656,-1.0382,-0.25696,-0.98315,0.12256,19.8092,10.8473,-3.6565
101804771,0.24915,-0.64172,0.49402,-6.0687,-1.1221,-1.5725,-0.25818,-0.98059,0.12366,19.8321,10.7176,-3.4275
101805770,0.23853,-0.53357,0.46448,-6.6412,-1.2748,-1.6107,-0.25891,-0.97717,0.12292,19.8244,10.6336,-3.1756
101806768,0.25159,-0.46179,0.49194,-6.8168,-1.3969,-0.5344,-0.26013,-0.97461,0.12073,19.8092,10.5573,-2.9008
101807767,0.26318,-0.46741,0.54150,-6.1832,-1.7634,0.8473,-0.26221,-0.97241,0.11914,19.7710,10.4656,-2.6183
101808772,0.27026,-0.49768,0.56311,-5.2366,-2.0763,1.5420,-0.26428,-0.96985,0.11853,19.7252,10.3740,-2.2901
101809771,0.27368,-0.51611,0.54114,-4.4656,-2.0382,1.8015,-0.26758,-0.96765,0.11804,19.6489,10.2748,-1.9389
101810771,0.26208,-0.52881,0.49683,-4.1603,-1.7176,2.2290,-0.27209,-0.96484,0.11743,19.5267,10.1603,-1.5725
101811771,0.25244,-0.52942,0.46033,-4.6412,-1.2290,2.8244,-0.27612,-0.96204,0.11694,19.3664,10.0382,-1.2061
101812770,0.26001,-0.51880,0.44543,-5.3969,-0.8015,3.5496,-0.27869,-0.96033,0.11597,19.1832,9.9084,-0.8168
101813770,0.26953,-0.52185,0.46240,-5.2977,-0.5573,4.3130,-0.28052,-0.95837,0.11438,18.9695,9.7710,-0.4275
101814770,0.27563,-0.52527,0.49438,-4.6794,-0.5649,4.7557,-0.28296,-0.95605,0.11328,18.7328,9.6412,-0.0305
101815770,0.28064,-0.52966,0.51843,-4.4198,-0.6947,5.2824,-0.28662,-0.95337,0.11255,18.4885,9.5267,0.3664
101816770,0.29114,-0.57141,0.55212,-4.9389,-0.6794,6.3511,-0.29041,-0.95093,0.11316,18.2061,9.3893,0.7405
101817770,0.30652,-0.62268,0.58777,-6.0687,-0.6870,7.2519,-0.29260,-0.94861,0.11499,17.9160,9.2214,1.0916
101818770,0.31226,-0.62170,0.59155,-6.8931,-0.9542,7.3435,-0.29395,-0.94556,0.11609,17.6107,9.0229,1.4580
101819768,0.30823,-0.56995,0.56885,-6.6107,-1.1985,7.0992,-0.29517,-0.94299,0.11670,17.2748,8.8244,1.7863
101820768,0.30249,-0.52075,0.55981,-5.3740,-1.2824,7.2061,-0.29663,-0.94080,0.11658,16.9389,8.6260,2.0687
101821772,0.30212,-0.51123,0.56250,-4.1908,-1.5725,7.7939,-0.29858,-0.93872,0.11609,16.6183,8.3817,2.3359
101822770,0.31384,-0.55151,0.57031,-3.7786,-2.0153,8.6641,-0.30042,-0.93750,0.11536,16.2824,8.1069,2.5802
101823770,0.32971,-0.61755,0.61084,-3.8626,-2.3053,9.3435,-0.30151,-0.93640,0.11487,15.9466,7.8015,2.8244
101824770,0.33582,-0.64636,0.64075,-3.9160,-2.7481,9.2824,-0.30176,-0.93408,0.11523,15.6107,7.4656,3.0534
101825770,0.31641,-0.62439,0.60303,-3.5267,-3.3969,9.0153,-0.30237,-0.93164,0.11548,15.2748,7.1221,3.2137
101826770,0.28357,-0.61536,0.54639,-3.0000,-3.5878,9.5191,-0.30420,-0.93018,0.11536,14.9389,6.7634,3.3130
101827770,0.26807,-0.64978,0.53406,-3.2672,-3.1832,10.6565,-0.30652,-0.92908,0.11621,14.5954,6.3893,3.3664
101828770,0.27112,-0.69019,0.56531,-4.3130,-2.5649,11.5878,-0.30835,-0.92871,0.11829,14.2595,5.9924,3.3817
101829770,0.28479,-0.71362,0.61877,-5.1374,-1.9389,12.0229,-0.30969,-0.92896,0.11951,13.9389,5.5420,3.3664
101830770,0.30371,-0.73975,0.67761,-5.2366,-1.4656,12.2672,-0.30969,-0.92847,0.12012,13.6183,5.0916,3.3359
101831770,0.31799,-0.76733,0.71729,-5.2061,-1.3817,12.3511,-0.30872,-0.92688,0.12134,13.3130,4.6412,3.2672
101832770,0.32300,-0.77234,0.72314,-5.5725,-1.8168,12.1985,-0.30786,-0.92493,0.12195,13.0229,4.2061,3.1527
101833770,0.32361,-0.75903,0.72534,-6.0611,-2.4351,11.9466,-0.30737,-0.92261,0.12195,12.7405,3.7405,2.9771
101834770,0.32788,-0.74072,0.74878,-6.0305,-3.1832,11.6489,-0.30786,-0.92053,0.12231,12.4427,3.2366,2.7863
101835770,0.34485,-0.73450,0.79114,-4.7710,-3.9924,11.3588,-0.30896,-0.91858,0.12451,12.1145,2.7252,2.5573
101836771,0.37109,-0.77148,0.85718,-2.7863,-4.7863,11.2901,-0.30884,-0.91650,0.12659,11.7557,2.2443,2.3130
101837771,0.38977,-0.83533,0.92163,-1.5191,-5.8855,11.2519,-0.30847,-0.91443,0.12756,11.4275,1.8015,2.0305
101838771,0.38831,-0.87561,0.91516,-1.4427,-7.6489,10.8779,-0.30774,-0.91345,0.12842,11.1145,1.3664,1.6947
101839771,0.38074,-0.87415,0.85925,-1.8244,-9.2519,10.3053,-0.30676,-0.91333,0.12927,10.8168,0.9160,1.3359
101840771,0.37695,-0.85474,0.81873,-2.1679,-10.4427,9.9618,-0.30591,-0.91272,0.13086,10.5344,0.4656,0.9542
101841771,0.36755,-0.82422,0.79810,-2.3206,-11.4962,9.6718,-0.30505,-0.91174,0.13293,10.2443,0.0153,0.5802
101842771,0.35632,-0.78699,0.78638,-2.2977,-12.5115,9.4504,-0.30481,-0.91150,0.13391,9.9695,-0.4351,0.1908
101843771,0.35803,-0.79211,0.80835,-2.1450,-13.0916,9.7099,-0.30566,-0.91125,0.13354,9.7099,-0.8855,-0.2290
101844770,0.37683,-0.85706,0.84985,-2.3435,-13.6412,10.2061,-0.30615,-0.91052,0.13281,9.4351,-1.2977,-0.6794
101845770,0.38928,-0.90332,0.83862,-3.2137,-14.6947,10.0153,-0.30493,-0.91003,0.13269,9.1145,-1.7023,-1.1145
101846770,0.37952,-0.87109,0.77332,-4.1298,-15.9237,9.1298,-0.30420,-0.91077,0.13354,8.8244,-2.0916,-1.5573
101847770,0.35718,-0.79065,0.70825,-4.4733,-16.7863,8.3588,-0.30371,-0.91174,0.13464,8.5420,-2.4427,-2.0229
101848767,0.33362,-0.73596,0.67468,-3.8015,-17.3893,8.3511,-0.30286,-0.91296,0.13550,8.2443,-2.8015,-2.5038
101849768,0.32495,-0.74854,0.66174,-2.7634,-17.9847,8.8702,-0.30261,-0.91479,0.13525,7.9237,-3.1908,-2.9924
101850772,0.33813,-0.80811,0.67566,-2.0229,-18.3817,9.2595,-0.30261,-0.91577,0.13354,7.5725,-3.5954,-3.4809
101851771,0.34766,-0.85950,0.68005,-1.6260,-18.9160,8.8779,-0.30322,-0.91638,0.13184,7.2137,-3.9924,-3.9237
101852770,0.32751,-0.85168,0.60571,-1.3893,-19.7252,7.8092,-0.30359,-0.91736,0.13025,6.8550,-4.3817,-4.3435
101853770,0.28857,-0.80127,0.49902,-1.4198,-19.9313,6.9847,-0.30225,-0.91797,0.13025,6.4962,-4.7786,-4.7710
101854770,0.26208,-0.75378,0.45239,-1.9847,-19.1145,6.9237,-0.30042,-0.91785,0.13184,6.1298,-5.1756,-5.1832
101855770,0.26172,-0.75818,0.46716,-2.5573,-17.8473,7.5420,-0.29919,-0.91821,0.13318,5.7481,-5.5573,-5.5878
101856768,0.28259,-0.82458,0.51746,-2.8779,-16.5267,8.2672,-0.29785,-0.91846,0.13293,5.3740,-5.9237,-5.9389
101857768,0.31384,-0.89026,0.59167,-3.3969,-15.4198,8.3282,-0.29675,-0.91797,0.13196,5.0076,-6.3282,-6.2366
101858768,0.33154,-0.88379,0.62561,-4.4656,-15.1527,7.5954,-0.29626,-0.91821,0.13184,4.6107,-6.7481,-6.5267
101859768,0.32483,-0.82288,0.57703,-5.5420,-15.5573,7.0840,-0.29553,-0.91956,0.13257,4.1832,-7.1756,-6.8397
101860768,0.30859,-0.78027,0.53699,-6.1527,-15.7328,7.4809,-0.29456,-0.92078,0.13354,3.7634,-7.5954,-7.1298
101861772,0.30701,-0.76831,0.57825,-6.4809,-15.5649,8.2061,-0.29285,-0.92188,0.13489,3.3664,-8.0076,-7.3817
101862770,0.32837,-0.78418,0.63977,-6.1145,-15.8015,8.6947,-0.29114,-0.92297,0.13513,2.9847,-8.4046,-7.6107
101863771,0.33667,-0.88525,0.68103,-2.7099,-17.2290,8.3359,-0.29028,-0.92395,0.13513,2.5878,-8.7863,-7.7939
101864770,0.32056,-0.87329,0.64087,-2.0076,-17.7557,7.3969,-0.28845,-0.92456,0.13538,2.1832,-9.1450,-7.9542
101865771,0.30420,-0.84888,0.57874,-1.7863,-17.9084,6.8626,-0.28564,-0.92456,0.13574,1.7863,-9.5115,-8.1298
101866770,0.28613,-0.85583,0.54553,-1.2977,-17.6489,6.6641,-0.28418,-0.92432,0.13599,1.4504,-9.8397,-8.3206
101867771,0.28064,-0.88635,0.54016,-0.6183,-17.2595,6.3130,-0.28284,-0.92395,0.13599,1.1908,-10.1145,-8.4962
101868770,0.28003,-0.93298,0.51501,-0.3740,-17.0611,5.8397,-0.28076,-0.92346,0.13708,0.9160,-10.3740,-8.6336
101869770,0.26538,-0.96802,0.48206,-1.1145,-16.7405,5.2824,-0.27832,-0.92297,0.13660,0.6260,-10.6489,-8.7405
101870770,0.25623,-0.94165,0.46082,-2.8244,-15.9695,4.5420,-0.27698,-0.92261,0.13391,0.3206,-10.9008,-8.8550
101871768,0.26086,-0.87524,0.46155,-4.2519,-14.7710,4.2214,-0.27637,-0.92236,0.13330,0.0229,-11.1069,-8.9924
101872772,0.26379,-0.83801,0.48877,-4.8473,-13.5191,4.6107,-0.27576,-0.92188,0.13367,-0.2366,-11.2824,-9.1527
101873770,0.27783,-0.82971,0.53333,-5.0687,-12.4351,5.1298,-0.27454,-0.92139,0.13403,-0.4885,-11.4275,-9.2901
101874770,0.30188,-0.83984,0.57544,-4.9847,-11.8626,5.5267,-0.27258,-0.92163,0.13538,-0.7405,-11.5496,-9.4046
101875770,0.31372,-0.86548,0.60193,-4.8779,-11.9542,5.7099,-0.27161,-0.92212,0.13660,-0.9618,-11.6412,-9.5344
101876767,0.31958,-0.87061,0.62122,-5.1527,-12.5038,5.4962,-0.27173,-0.92224,0.13708,-1.1603,-11.7176,-9.6870
101877766,0.32837,-0.85144,0.64038,-5.2214,-13.3206,5.1145,-0.27136,-0.92285,0.13660,-1.3588,-11.7863,-9.9084
101878769,0.33606,-0.85608,0.65491,-4.4427,-14.3053,4.9466,-0.26990,-0.92371,0.13586,-1.5725,-11.8397,-10.1374
101879768,0.33337,-0.88110,0.65552,-3.6031,-15.3130,4.5878,-0.26807,-0.92371,0.13574,-1.7405,-11.8626,-10.3740
101880768,0.32581,-0.88354,0.63538,-3.4198,-16.1145,3.8473,-0.26697,-0.92346,0.13550,-1.8779,-11.8702,-10.6031
101881767,0.32019,-0.86267,0.60815,-3.8550,-16.4122,3.1985,-0.26550,-0.92395,0.13440,-2.0000,-11.8550,-10.8092
101882768,0.30969,-0.84412,0.59900,-4.4733,-16.2061,2.9618,-0.26392,-0.92529,0.13342,-2.0992,-11.8321,-11.0153
101883768,0.30139,-0.82886,0.58655,-5.0000,-15.8855,2.8321,-0.26282,-0.92749,0.13367,-2.1679,-11.7939,-11.2366
101884772,0.30310,-0.82214,0.56567,-5.0153,-15.4656,2.7710,-0.26208,-0.92957,0.13550,-2.2443,-11.7557,-11.4504
101885771,0.30603,-0.83179,0.56738,-4.7176,-14.9618,2.7939,-0.26172,-0.93188,0.13782,-2.3359,-11.7023,-11.6412
101886770,0.30566,-0.82812,0.57422,-4.9389,-14.7786,2.7099,-0.26147,-0.93420,0.13940,-2.4046,-11.6031,-11.8550
101887771,0.30627,-0.80859,0.57483,-5.5420,-14.8168,2.7099,-0.26099,-0.93579,0.14062,-2.4351,-11.4962,-12.0458
101888770,0.31189,-0.80188,0.60156,-5.9542,-14.6718,2.9924,-0.26001,-0.93823,0.14270,-2.4275,-11.4046,-12.2290
101889770,0.32446,-0.80664,0.66016,-6.0458,-14.4427,3.1832,-0.25842,-0.94153,0.14453,-2.4122,-11.3282,-12.4046
101890770,0.33447,-0.80200,0.69275,-5.9313,-14.6565,3.0458,-0.25732,-0.94519,0.14600,-2.3969,-11.2137,-12.5878
101891770,0.32874,-0.79431,0.67163,-5.7023,-15.3282,2.8473,-0.25610,-0.94934,0.14685,-2.3740,-11.0611,-12.7481
101892770,0.32141,-0.78979,0.64526,-5.6870,-15.9160,2.6947,-0.25415,-0.95276,0.14587,-2.2824,-10.8931,-12.8550
101893770,0.31458,-0.77747,0.63928,-5.7710,-16.4275,2.5191,-0.25171,-0.95544,0.14343,-2.1374,-10.6870,-12.9084
101894770,0.29626,-0.76843,0.63879,-5.4122,-17.0000,2.4275,-0.24976,-0.95801,0.14160,-2.0000,-10.4580,-12.9389
101895770,0.29077,-0.78516,0.64893,-4.8473,-17.2824,2.5802,-0.24780,-0.96082,0.14099,-1.8550,-10.2290,-12.9695
101896771,0.30603,-0.82397,0.68127,-4.3282,-17.1908,2.7405,-0.24500,-0.96375,0.14148,-1.6260,-9.9924,-12.9924
101897771,0.30505,-0.84070,0.68457,-4.3130,-17.2977,2.4733,-0.24231,-0.96570,0.14331,-1.3664,-9.7023,-13.0229
101898771,0.28809,-0.80286,0.64319,-5.1374,-17.3130,1.9847,-0.24084,-0.96655,0.14551,-1.1069,-9.3740,-13.0076
101899770,0.28943,-0.75879,0.61987,-6.0305,-16.7176,2.0076,-0.24060,-0.96777,0.14746,-0.8321,-9.0458,-12.9695
101900770,0.29919,-0.76379,0.62329,-6.1603,-16.1069,2.4275,-0.24072,-0.96997,0.14819,-0.5267,-8.7099,-12.9389
101901770,0.30042,-0.79456,0.61389,-5.8855,-15.9160,2.4962,-0.24072,-0.97302,0.14807,-0.1756,-8.3740,-12.9160
101902770,0.30872,-0.80530,0.60046,-6.0458,-15.8626,2.0916,-0.23987,-0.97705,0.14746,0.4962,-7.6947,-12.8397
101903770,0.32104,-0.78369,0.61780,-6.5038,-15.8321,1.5649,-0.23840,-0.97949,0.14697,0.8168,-7.3282,-12.7863
101904768,0.32239,-0.73596,0.63818,-6.6107,-16.1679,1.1069,-0.23877,-0.98267,0.14624,1.1374,-6.9084,-12.7176
101905768,0.31775,-0.69470,0.62598,-6.0840,-16.7481,1.0611,-0.24072,-0.98486,0.14636,1.4809,-6.5191,-12.6641
101906768,0.30896,-0.70093,0.60547,-5.3511,-17.2214,1.5496,-0.24158,-0.98633,0.14697,1.8779,-6.1679,-12.6107
101907772,0.30042,-0.73145,0.59009,-4.9389,-17.5191,1.9618,-0.24170,-0.98730,0.14819,2.2901,-5.8244,-12.5344
101908770,0.29614,-0.74548,0.56787,-4.7786,-17.7176,2.0534,-0.24146,-0.98816,0.14893,2.6794,-5.5115,-12.4504
101909770,0.28931,-0.75037,0.55994,-4.7023,-17.6641,2.1298,-0.24072,-0.98828,0.14893,3.0458,-5.2061,-12.3664
101910770,0.27673,-0.74500,0.55615,-4.9847,-17.6107,2.1679,-0.24084,-0.98743,0.14905,3.4122,-4.9084,-12.2977
101911770,0.26111,-0.71790,0.52197,-5.5344,-17.5496,2.1298,-0.24194,-0.98657,0.15051,3.7939,-4.6183,-12.2748
101912771,0.24780,-0.69861,0.49109,-5.9695,-17.0382,2.3130,-0.24316,-0.98645,0.15161,4.1832,-4.3282,-12.2595
101913771,0.23962,-0.72034,0.49402,-6.1450,-16.1679,2.7328,-0.24475,-0.98547,0.15198,4.5802,-4.0611,-12.2366
101914770,0.23499,-0.76208,0.49329,-6.3740,-15.4885,2.9313,-0.24622,-0.98413,0.15161,4.9618,-3.8397,-12.2290
101915770,0.23938,-0.78613,0.48792,-6.7023,-14.8168,2.7405,-0.24731,-0.98438,0.15076,5.3435,-3.6412,-12.2290
101916770,0.25342,-0.78101,0.51489,-6.8015,-14.0687,2.3664,-0.24890,-0.98474,0.15063,5.7252,-3.4809,-12.2824
101917770,0.26001,-0.74512,0.53760,-6.5573,-13.8015,1.9237,-0.24963,-0.98413,0.15002,6.1221,-3.3282,-12.3740
101918771,0.25623,-0.69873,0.52966,-5.9084,-13.9618,1.7023,-0.24866,-0.98303,0.14905,6.5191,-3.1832,-12.4962
101919770,0.25806,-0.68469,0.52979,-5.2672,-14.0611,1.9847,-0.24719,-0.98181,0.14905,6.9008,-3.0687,-12.5954
101920770,0.26746,-0.70752,0.55090,-5.1527,-14.2061,2.4962,-0.24634,-0.98108,0.14844,7.2595,-2.9924,-12.7176
101921770,0.27332,-0.73120,0.55334,-5.4275,-14.6641,2.6947,-0.24658,-0.98096,0.14685,7.6260,-2.9618,-12.9008
101922770,0.27100,-0.73584,0.53479,-5.5191,-15.0763,2.5649,-0.24768,-0.98083,0.14587,8.0000,-2.9389,-13.1527
101923768,0.26331,-0.72461,0.52234,-5.5725,-15.1679,2.4275,-0.24927,-0.98047,0.14612,8.3817,-2.9084,-13.4275
101924768,0.24951,-0.69739,0.50305,-6.0000,-15.1298,2.4504,-0.25037,-0.98035,0.14612,8.7328,-2.8855,-13.6870
101925768,0.23694,-0.67371,0.48254,-6.5725,-14.8855,2.8321,-0.25024,-0.98010,0.14575,9.0840,-2.8779,-13.9924
101926768,0.24133,-0.68079,0.49011,-6.8397,-14.2824,3.4427,-0.24988,-0.97961,0.14563,9.4733,-2.8702,-14.3588
101927772,0.25195,-0.70862,0.51050,-6.5267,-13.6870,3.7786,-0.25049,-0.97925,0.14563,9.8779,-2.8702,-14.7710
101928771,0.25281,-0.71936,0.51697,-5.8855,-13.3206,3.6412,-0.25110,-0.97925,0.14636,10.2977,-2.8855,-15.1985
101929770,0.24927,-0.69873,0.51392,-5.7710,-13.0763,3.4580,-0.25122,-0.97961,0.14771,10.7099,-2.8855,-15.6412
101930770,0.24878,-0.67371,0.51917,-6.1985,-12.8244,3.7252,-0.25110,-0.97961,0.14856,11.0992,-2.8931,-16.1069
101931770,0.25476,-0.66846,0.53174,-6.3969,-12.6565,4.2748,-0.25049,-0.98022,0.14880,11.5115,-2.9160,-16.6336
101932771,0.26746,-0.68372,0.55774,-6.0916,-12.5344,4.7863,-0.24951,-0.98120,0.15015,11.9237,-2.9313,-17.1679
101933771,0.27869,-0.70605,0.58521,-5.8702,-12.6870,5.1145,-0.24854,-0.98083,0.15247,12.3511,-2.9313,-17.6870
101934770,0.27722,-0.72510,0.57227,-5.9847,-13.2443,5.3359,-0.24805,-0.97961,0.15430,12.7939,-2.9160,-18.2061
101935770,0.26733,-0.74500,0.53748,-6.2748,-13.7176,5.5954,-0.24731,-0.97986,0.15540,13.2748,-2.8931,-18.7786
101936770,0.26416,-0.75781,0.53271,-6.9008,-13.7863,5.8550,-0.24609,-0.98132,0.15625,13.7634,-2.8550,-19.3817
101937770,0.27307,-0.75232,0.55420,-7.4885,-13.7786,5.9084,-0.24463,-0.98181,0.15747,14.2137,-2.8244,-19.9924
101938771,0.27429,-0.74036,0.55261,-7.2519,-14.0916,5.7863,-0.24280,-0.98096,0.15918,14.6718,-2.7863,-20.6336
101939771,0.26343,-0.74854,0.52625,-6.2595,-14.3588,5.6641,-0.24109,-0.97937,0.16052,15.1374,-2.7481,-21.2824
101940771,0.25928,-0.77063,0.50891,-5.8015,-14.2595,5.5420,-0.23999,-0.97815,0.16187,15.6031,-2.7023,-21.9466
101941771,0.26050,-0.77698,0.50562,-6.2672,-14.0229,5.3282,-0.23840,-0.97729,0.16272,16.0611,-2.6260,-22.5802
101942771,0.25610,-0.76929,0.49219,-6.8244,-13.9008,5.0840,-0.23657,-0.97656,0.16321,16.5038,-2.5344,-23.2366
101943771,0.25159,-0.76135,0.47400,-6.7634,-13.6183,4.8397,-0.23535,-0.97656,0.16223,16.9542,-2.4733,-23.8855
101944771,0.24915,-0.75671,0.46753,-6.2595,-13.1985,4.6718,-0.23474,-0.97681,0.16187,17.3893,-2.4351,-24.5420
101945771,0.24255,-0.74707,0.46216,-6.0763,-12.8015,4.6107,-0.23499,-0.97717,0.16248,17.7863,-2.3893,-25.1756
101946770,0.24341,-0.73315,0.47290,-6.4733,-12.2290,4.7557,-0.23523,-0.97742,0.16284,18.1985,-2.3359,-25.8092
101947770,0.25623,-0.72937,0.51025,-6.8168,-11.6489,5.0916,-0.23450,-0.97681,0.16345,18.6489,-2.2672,-26.4733
101948770,0.26318,-0.74658,0.52808,-6.6031,-11.5878,5.4580,-0.23462,-0.97607,0.16333,19.1145,-2.2061,-27.1527
101949770,0.26062,-0.76758,0.51843,-6.2748,-11.7481,5.6107,-0.23572,-0.97437,0.16284,19.5573,-2.1527,-27.8015
101950770,0.26416,-0.76575,0.53223,-6.2901,-11.6718,5.5267,-0.23596,-0.97107,0.16284,19.9695,-2.1145,-28.4656
101951770,0.27234,-0.74243,0.55640,-6.5267,-11.8321,5.3740,-0.23645,-0.96704,0.16284,20.3664,-2.0534,-29.1756
101952770,0.26990,-0.71741,0.54895,-6.6336,-12.3893,5.3664,-0.23755,-0.96313,0.16199,20.7710,-1.9924,-29.9084
101953771,0.26123,-0.71204,0.53467,-6.4656,-12.7557,5.5191,-0.23914,-0.95972,0.16064,21.1756,-1.9542,-30.6641
101954770,0.27148,-0.73218,0.54126,-6.2748,-12.6947,5.6947,-0.24084,-0.95679,0.15991,21.5573,-1.9237,-31.4427
101955770,0.28357,-0.76978,0.54651,-6.3740,-12.7099,5.8397,-0.24219,-0.95410,0.15979,21.9313,-1.9160,-32.2672
101956770,0.27515,-0.79846,0.54614,-7.0382,-12.8473,5.8702,-0.24304,-0.95081,0.15894,22.2748,-1.9389,-33.1298
101957770,0.26965,-0.78687,0.53833,-8.5573,-13.0000,5.8168,-0.24304,-0.94702,0.15649,22.6183,-1.9771,-34.0305
101958770,0.26978,-0.75122,0.52380,-9.7710,-13.0611,5.9847,-0.24316,-0.94299,0.15515,22.9771,-2.0305,-34.9924
101959771,0.26001,-0.73059,0.51672,-9.7099,-12.9924,6.3511,-0.24341,-0.93933,0.15527,23.3664,-2.0916,-35.9924
101960771,0.25452,-0.72192,0.52649,-9.2748,-12.7634,6.6947,-0.24402,-0.93579,0.15649,23.7405,-2.1374,-37.0840
101961771,0.26331,-0.72131,0.54297,-9.6412,-12.6947,7.1374,-0.24487,-0.93250,0.15796,24.0840,-2.1832,-38.1908
101962771,0.27563,-0.73645,0.56104,-10.3969,-12.7252,7.6183,-0.24573,-0.92908,0.15918,24.4122,-2.2824,-39.3511
101963770,0.28394,-0.75635,0.58118,-10.5649,-12.8473,7.7786,-0.24707,-0.92419,0.16089,24.7252,-2.4275,-40.5802
101964770,0.28027,-0.76160,0.57031,-10.2137,-13.1374,7.5191,-0.24878,-0.91870,0.16211,25.0000,-2.6031,-41.9160
101965771,0.27148,-0.75378,0.54358,-9.5496,-13.2366,7.2061,-0.25085,-0.91345,0.16174,25.2061,-2.8092,-43.3511
101966771,0.27185,-0.74121,0.54089,-8.9008,-13.0611,6.9618,-0.25269,-0.90771,0.16199,25.3282,-3.0687,-44.8931
101967770,0.27612,-0.73291,0.55566,-8.2519,-12.9542,6.8244,-0.25342,-0.90125,0.16248,25.3817,-3.3817,-46.5573
101968770,0.27881,-0.74976,0.55762,-7.5649,-13.1145,6.8321,-0.25305,-0.89453,0.16296,25.3588,-3.7557,-48.3511
101969770,0.28418,-0.77600,0.55969,-7.0534,-13.1298,6.7176,-0.25317,-0.88733,0.16577,25.2214,-4.1832,-50.2672
101970770,0.28467,-0.77405,0.56567,-6.9542,-13.1603,6.3282,-0.25391,-0.87952,0.16931,24.9466,-4.6718,-52.3740
101971770,0.27197,-0.74548,0.54175,-7.0229,-13.3588,6.0382,-0.25354,-0.87073,0.17151,24.5191,-5.2519,-54.6947
101972770,0.26038,-0.73657,0.50720,-6.9618,-13.3664,6.2672,-0.25281,-0.86157,0.17322,23.9237,-5.9466,-57.2061
101973768,0.26318,-0.75964,0.50867,-7.0382,-13.0000,6.7634,-0.25110,-0.85229,0.17505,23.1756,-6.7634,-59.9542
101974768,0.26880,-0.78101,0.53149,-7.5649,-12.7634,7.0458,-0.24866,-0.84302,0.17700,22.2824,-7.6870,-62.9542
101975772,0.26868,-0.78357,0.53760,-8.1985,-12.8015,7.0458,-0.24573,-0.83459,0.17981,21.2672,-8.7252,-66.2290
101976771,0.26501,-0.77539,0.53906,-8.5420,-12.7863,7.0229,-0.24084,-0.82715,0.18298,20.1298,-9.8779,-69.7710
101977771,0.26135,-0.76685,0.54321,-8.6183,-12.6947,7.0687,-0.23499,-0.81885,0.18530,18.8779,-11.1679,-73.6183
101978770,0.26416,-0.77014,0.53552,-8.5725,-12.7252,7.2290,-0.22900,-0.80957,0.18884,17.5420,-12.5954,-77.7710
101979770,0.26685,-0.78662,0.53552,-8.3511,-12.7939,7.2901,-0.22168,-0.79968,0.19312,16.1679,-14.1450,-82.2595
101980771,0.26721,-0.79260,0.54773,-8.0687,-12.9618,6.9542,-0.21240,-0.78894,0.19592,14.7328,-15.8168,-87.0840
101981770,0.27283,-0.77734,0.55042,-7.7176,-13.1603,6.3893,-0.20105,-0.77820,0.19714,13.2137,-17.6336,-92.2443
101982770,0.26965,-0.76636,0.54114,-7.1298,-13.4046,6.0763,-0.18884,-0.76697,0.19824,11.6336,-19.5649,-97.7939
101983770,0.25439,-0.76416,0.52100,-6.7328,-13.5802,5.8931,-0.17529,-0.75525,0.19885,10.0534,-21.6031,-103.7252
101984770,0.25427,-0.75989,0.50940,-6.6794,-13.3511,5.7634,-0.16101,-0.74255,0.19751,8.4809,-23.7710,-110.0382
101985768,0.26270,-0.77014,0.52271,-6.6107,-12.9008,5.8779,-0.14624,-0.72827,0.19446,6.8855,-26.0763,-116.6870
101986771,0.26221,-0.78516,0.53638,-6.7786,-12.6031,5.9695,-0.12988,-0.71313,0.19128,5.2901,-28.4733,-123.7099
101987770,0.26233,-0.77344,0.52759,-7.3969,-12.4962,5.9160,-0.11182,-0.69592,0.18774,3.7023,-30.9847,-131.0840
101988770,0.26001,-0.75171,0.51721,-7.8321,-12.2901,6.0840,-0.09314,-0.67615,0.18359,2.0840,-33.6183,-138.8168
101989770,0.26318,-0.74402,0.55066,-8.1221,-11.7863,6.9008,-0.07349,-0.65442,0.17932,0.4046,-36.3588,-146.8931
101990770,0.27759,-0.75232,0.57764,-8.0992,-11.8550,7.2519,-0.05273,-0.62988,0.17480,-1.3282,-39.1756,-155.3435
101991770,0.28271,-0.77246,0.59473,-8.0076,-12.2443,7.4351,-0.03076,-0.60327,0.17041,-3.1527,-42.0458,-164.1679
101992768,0.28113,-0.78052,0.58398,-7.9542,-12.8397,7.2595,-0.00732,-0.57629,0.16565,-5.0992,-44.9771,-173.3282
101993772,0.27100,-0.76746,0.56116,-7.6641,-13.2672,6.9160,0.01648,-0.55054,0.16089,-7.1756,-47.9466,-182.7939
101994770,0.24719,-0.77649,0.55115,-7.2443,-13.4122,6.9771,0.04077,-0.52734,0.15759,-9.3893,-50.9542,-192.5191
101995770,0.23938,-0.83630,0.55835,-7.5649,-13.1908,7.4885,0.06616,-0.50610,0.15540,-11.7557,-53.9695,-202.4656
101996770,0.25134,-0.90796,0.59827,-8.6870,-12.7939,7.8092,0.09155,-0.48669,0.15222,-14.2214,-57.0000,-212.6336
101997771,0.24695,-0.92029,0.62390,-10.2977,-12.8626,7.2672,0.11633,-0.47083,0.14856,-16.7099,-60.0000,-223.0305
101998770,0.23608,-0.87207,0.58154,-11.8092,-13.1985,6.4427,0.14099,-0.45886,0.14648,-19.1756,-62.9008,-233.6489
101999770,0.24487,-0.84619,0.55518,-12.5115,-12.9008,6.3435,0.16541,-0.45032,0.14563,-21.6183,-65.7176,-244.4885
102000770,0.25928,-0.84241,0.59558,-13.5496,-12.6412,6.4885,0.21692,-0.44263,0.14111,-26.3893,-71.2595,-250.1374
102001770,0.26208,-0.79639,0.61731,-15.6031,-13.2824,6.1679,0.24304,-0.44336,0.13794,-28.6412,-73.8550,-250.1374
102002770,0.25806,-0.74744,0.58411,-16.8168,-14.3053,5.9313,0.26965,-0.44775,0.13416,-30.8015,-76.2901,-250.1374
102003770,0.25623,-0.76404,0.58081,-15.6947,-14.6031,6.0305,0.29651,-0.45410,0.12988,-32.8702,-78.5573,-250.1374
102004770,0.25427,-0.78833,0.61316,-14.2901,-14.7099,5.7405,0.32422,-0.46106,0.12476,-34.8702,-80.6412,-250.1374
102005770,0.24207,-0.75513,0.57605,-14.5725,-15.5344,5.1985,0.35229,-0.46960,0.11963,-36.8015,-82.5038,-250.1374
102006770,0.22803,-0.71143,0.52087,-15.2595,-15.9389,5.2214,0.38013,-0.47925,0.11438,-38.6489,-84.1527,-250.1374
102007770,0.22498,-0.70349,0.51697,-14.6947,-15.7023,5.6260,0.40869,-0.48938,0.10852,-40.4427,-85.6031,-250.1374
102008767,0.21997,-0.71509,0.48962,-13.1679,-15.5725,5.7557,0.43787,-0.50122,0.10352,-42.1679,-86.8473,-250.1374
102009768,0.20947,-0.73779,0.43713,-11.9542,-15.2519,5.8092,0.46643,-0.51440,0.09888,-43.7710,-87.8473,-250.1374
102010771,0.20508,-0.76001,0.43848,-11.8550,-14.4122,5.8626,0.49377,-0.52795,0.09338,-45.2595,-88.5573,-250.1374
102011771,0.20605,-0.75647,0.45386,-12.5191,-13.7252,5.7634,0.52112,-0.54114,0.08789,-46.5954,-88.9542,-250.1374
102012771,0.20508,-0.74719,0.43396,-12.6336,-13.1679,5.6947,0.54834,-0.55359,0.08337,-47.7328,-89.0458,-250.1374
102013771,0.20447,-0.76331,0.43591,-11.8244,-12.2672,5.6947,0.57458,-0.56641,0.08020,-48.6794,-88.7863,-250.1374
102014771,0.20935,-0.77881,0.45483,-11.0763,-11.4656,5.4046,0.59985,-0.57874,0.07764,-49.4046,-88.2366,-250.1374
102015771,0.20898,-0.78601,0.44409,-10.5115,-11.0992,5.0763,0.62402,-0.59045,0.07617,-49.9847,-87.4122,-250.1374
102016771,0.21118,-0.82263,0.45679,-10.0000,-10.4885,5.0153,0.64587,-0.60010,0.07776,-50.4656,-86.2443,-250.1374
102017770,0.23560,-0.86755,0.53711,-9.8550,-9.6565,4.7405,0.66528,-0.60864,0.08313,-50.8626,-84.6947,-250.1374
102018770,0.25891,-0.86987,0.60205,-9.7328,-9.5267,3.9160,0.68298,-0.61792,0.09070,-51.1832,-82.7634,-250.1374
102019770,0.25659,-0.84680,0.60400,-9.0305,-10.0076,3.0840,0.69910,-0.62646,0.09741,-51.3664,-80.4962,-250.1374
102020770,0.25098,-0.83862,0.59961,-8.5420,-10.3664,2.7099,0.71423,-0.63501,0.10400,-51.3588,-77.8931,-250.1374
102021770,0.25342,-0.82898,0.60278,-9.0458,-10.8092,2.4809,0.72742,-0.64258,0.11267,-51.1069,-74.9618,-250.1374
102022770,0.25134,-0.80042,0.59583,-9.6718,-11.4885,2.1908,0.73718,-0.64539,0.12451,-50.6489,-71.6947,-250.1374
102023771,0.25305,-0.78052,0.60522,-9.7328,-12.0000,2.0763,0.74011,-0.63953,0.14221,-50.0992,-68.1374,-250.1374
102024770,0.26050,-0.79285,0.62537,-9.4733,-12.4733,2.2595,0.73694,-0.62988,0.16272,-49.6718,-64.3511,-250.1374
102025771,0.25537,-0.81360,0.61169,-9.3282,-13.1756,2.3740,0.73596,-0.62646,0.17932,-49.4580,-60.3588,-250.1374
102026771,0.24146,-0.81360,0.55957,-9.7557,-13.8244,2.3740,0.73901,-0.63123,0.18860,-49.2519,-56.1145,-250.1374
102027770,0.22827,-0.80493,0.52124,-10.6412,-13.9542,2.5649,0.74451,-0.64417,0.19092,-48.7710,-51.5802,-250.1374
102028770,0.21790,-0.80359,0.51208,-11.3053,-13.8015,2.8702,0.75269,-0.66418,0.18787,-47.7863,-46.7634,-250.1374
102029770,0.21082,-0.80750,0.48730,-11.4733,-13.7252,2.9695,0.76123,-0.68799,0.18103,-46.2214,-41.6718,-250.1374
102030770,0.20239,-0.82324,0.46069,-11.4504,-13.4427,2.9313,0.76953,-0.71521,0.17322,-44.0076,-36.3282,-250.1374
102031770,0.19849,-0.84314,0.46448,-11.7328,-12.8473,2.7328,0.77673,-0.74438,0.16516,-41.1450,-30.7481,-250.1374
102032768,0.19910,-0.84009,0.47107,-12.4275,-12.3282,2.3053,0.78052,-0.77319,0.15710,-37.5878,-25.0076,-250.1374
102033771,0.19397,-0.82275,0.45923,-13.2824,-11.9466,1.9618,0.78113,-0.80151,0.15210,-33.3282,-19.1756,-250.1374
102034767,0.18518,-0.81848,0.45166,-13.8855,-11.4122,1.9008,0.77710,-0.82556,0.15295,-28.4351,-13.2443,-250.1374
102035772,0.18286,-0.83289,0.46045,-14.0153,-10.7557,1.9542,0.76807,-0.84070,0.15942,-23.0534,-7.2061,-250.1374
102036771,0.19312,-0.86011,0.47876,-14.1908,-10.2366,2.0229,0.75647,-0.85120,0.16907,-17.3588,-1.0992,-250.1374
102037770,0.21399,-0.89209,0.52271,-14.8779,-9.8244,2.0763,0.74414,-0.86316,0.17761,-11.4504,4.9466,-250.1374
102038770,0.23047,-0.89331,0.57312,-16.2061,-9.8855,1.8321,0.73206,-0.87964,0.18225,-5.3511,10.8855,-250.1374
102039770,0.23108,-0.85364,0.58386,-17.7099,-10.5802,1.5344,0.71863,-0.89526,0.18420,1.0687,16.7863,-250.1374
102040770,0.22717,-0.82690,0.57458,-18.9847,-11.3664,1.7786,0.69983,-0.89551,0.17285,7.9313,22.6412,-250.1374
102041770,0.22961,-0.84155,0.58545,-20.1069,-11.9771,2.3359,0.67700,-0.88684,0.15076,15.1298,28.1756,-250.1374
102042770,0.23376,-0.86877,0.59241,-21.2290,-12.8092,2.5954,0.65454,-0.88367,0.13440,22.4198,33.0992,-250.1374
102043770,0.23291,-0.87097,0.56982,-22.3740,-13.8473,2.3588,0.63525,-0.88867,0.12927,29.7023,37.4351,-250.1374
102044770,0.22314,-0.83923,0.54456,-23.1832,-14.6794,1.8626,0.61914,-0.90234,0.13342,36.9771,41.4504,-250.1374
102045770,0.20569,-0.77673,0.52112,-23.4733,-15.2137,1.3588,0.60278,-0.91492,0.14270,44.2595,45.3206,-250.1374
102046770,0.18713,-0.72681,0.47009,-23.0305,-15.5420,1.3435,0.58374,-0.92261,0.15674,51.4580,48.9542,-250.1374
102047770,0.17456,-0.74292,0.42432,-21.8855,-15.2824,1.7939,0.55920,-0.92346,0.16931,58.4580,52.1985,-250.1374
102048770,0.17188,-0.79602,0.40698,-20.6107,-14.5649,1.9160,0.53320,-0.91504,0.16882,65.0916,54.9847,-250.1374
102049771,0.16809,-0.81396,0.38220,-19.5725,-13.7863,1.1985,0.50549,-0.89490,0.16016,71.2519,57.4122,-250.1374
102050770,0.15332,-0.77893,0.35632,-18.6412,-12.8092,0.2061,0.48010,-0.88037,0.14771,76.7328,59.1374,-250.1374
102051771,0.14355,-0.72668,0.35571,-17.7634,-11.5573,-0.3588,0.46008,-0.87000,0.13660,81.5573,60.1069,-250.1374
102052770,0.14648,-0.70300,0.35767,-17.0153,-10.4885,-0.3053,0.43945,-0.85095,0.13892,86.0611,60.6107,-250.1374
102053770,0.15955,-0.73718,0.35950,-16.3359,-9.6412,0.1450,0.41833,-0.83789,0.14380,90.2443,60.7252,-250.1374
102054770,0.17200,-0.84924,0.31836,-16.1603,-9.5420,0.7786,0.39343,-0.81763,0.15063,93.9924,60.3893,-250.1374
102055770,0.14807,-1.11450,0.10315,-19.3817,-10.7176,2.4809,0.36267,-0.77466,0.15637,97.0992,59.3511,-250.1374
102056770,0.13330,-1.46582,0.00598,-31.2824,-9.3664,5.6031,0.34180,-0.74951,0.14038,99.3740,57.4122,-250.1374
102057770,0.22852,-1.57422,0.39331,-54.1374,-5.3053,8.2366,0.33313,-0.74414,0.12744,100.9313,55.1145,-250.1374
102058771,0.33411,-1.28052,0.81226,-79.9847,-5.0916,9.6183,0.32166,-0.73047,0.13513,101.8397,52.6718,-250.1374
102059770,0.28784,-0.97021,0.66626,-97.7939,-9.7328,13.1603,0.30920,-0.71741,0.14954,102.2824,49.7099,-250.1374
102060770,0.20764,-0.99695,0.43530,-107.8397,-11.0611,20.2214,0.30847,-0.72192,0.15698,102.4504,46.0840,-250.1374
102061770,0.27441,-1.13147,0.69519,-122.2901,-9.2443,27.1908,0.32251,-0.76062,0.14502,102.6565,42.4504,-250.1374
102062771,0.40002,-1.02588,1.07214,-144.3053,-11.8473,31.6718,0.32715,-0.77698,0.14502,103.3511,39.5115,-250.1374
102063770,0.46399,-0.82129,1.22681,-160.8855,-18.8702,35.4427,0.32336,-0.76758,0.15442,104.4046,36.4198,-250.1374
102064770,0.50281,-0.81165,1.37354,-163.0687,-25.0763,39.0229,0.33167,-0.78821,0.14709,105.7710,32.6336,-250.1374
102065771,0.51001,-0.91028,1.44666,-158.7786,-31.4580,40.5954,0.33862,-0.80737,0.14014,107.5420,28.5344,-250.1374
102066770,0.43274,-0.92065,1.17041,-158.5038,-39.2290,40.0916,0.34680,-0.83533,0.12610,109.8550,24.3206,-250.1374
102067770,0.34900,-0.85327,0.89905,-161.3664,-44.1985,39.1679,0.35510,-0.86670,0.11169,112.9695,20.4122,-250.1374
102068771,0.34546,-0.83618,0.90454,-161.9771,-46.0840,38.4656,0.35669,-0.87939,0.10400,116.8168,16.6565,-250.1374
102069770,0.33728,-0.92798,0.84656,-158.4427,-48.4885,37.2290,0.35999,-0.89429,0.09277,121.1603,12.6870,-250.1374
102070770,0.25720,-1.05469,0.59521,-154.4962,-50.5267,35.0000,0.36621,-0.91040,0.08081,125.8855,8.3740,-250.1374
102071770,0.18445,-1.03992,0.42188,-155.4809,-49.5115,32.1756,0.37585,-0.93433,0.06628,131.0611,3.9771,-250.1374
102072770,0.14624,-0.85364,0.32849,-160.2595,-47.2901,30.5649,0.38281,-0.94788,0.05554,136.7634,-0.4351,-250.1374
102073770,0.10608,-0.69958,0.19348,-162.9008,-45.1985,31.4809,0.38525,-0.95410,0.04614,142.9313,-5.0458,-250.1374
102074770,0.09302,-0.70044,0.11365,-162.0305,-42.5038,33.7939,0.38855,-0.97534,0.03015,149.4351,-10.1450,-250.1374
102075770,0.11743,-0.73547,0.10913,-160.5649,-39.8855,35.3053,0.39355,-1.00574,0.00903,156.2443,-15.4809,-250.1374
102076770,0.12891,-0.73035,0.08801,-158.8473,-38.3664,36.0611,0.39551,-1.03552,-0.01331,163.3511,-20.8397,-250.1374
102077771,0.12183,-0.75854,0.06030,-156.7786,-37.3817,37.1908,0.39734,-1.05823,-0.03662,170.6870,-26.3206,-250.1374
102078771,0.12634,-0.85242,0.04346,-154.7710,-36.3893,38.3817,0.39783,-1.07568,-0.06152,178.1221,-32.0992,-250.1374
102079771,0.13208,-0.98792,0.00659,-151.6794,-35.1450,38.5267,0.39246,-1.09290,-0.08618,185.5420,-38.2595,-250.1374
102080771,0.13416,-1.15710,-0.01501,-148.8931,-33.3740,37.7176,0.38062,-1.11426,-0.10876,192.7634,-44.8779,-250.1374
102081771,0.14526,-1.28467,0.04773,-151.1527,-31.1145,36.2824,0.36426,-1.13989,-0.12976,199.7176,-51.9618,-250.1374
102082771,0.16785,-1.25085,0.14832,-158.2290,-29.3435,34.0687,0.34778,-1.16174,-0.14832,206.4427,-59.4885,-250.1374
102083770,0.18872,-1.06836,0.21362,-163.6565,-28.1298,31.3969,0.33728,-1.17273,-0.16284,212.9466,-67.4427,-250.1374
102084770,0.19226,-0.89502,0.22766,-163.6031,-27.1145,29.4733,0.33594,-1.16760,-0.17151,219.1374,-75.8244,-250.1374
102085770,0.18457,-0.84448,0.21985,-160.2824,-26.1374,28.9313,0.34387,-1.14893,-0.17346,224.8397,-84.5649,-250.1374
102086770,0.19421,-0.85352,0.26562,-158.7557,-25.4580,29.1527,0.36072,-1.12952,-0.16821,229.9084,-93.5573,-250.1374
102087770,0.22632,-0.82825,0.36792,-160.5725,-25.6947,29.5496,0.38635,-1.11011,-0.15784,234.4122,-102.6336,-250.1374
102088770,0.25818,-0.78076,0.44641,-160.8473,-26.8855,29.8397,0.42224,-1.08374,-0.14648,238.5267,-111.6260,-250.1374
102089768,0.25562,-0.77271,0.44470,-154.9924,-28.1985,29.6794,0.46631,-1.05200,-0.13745,242.2672,-120.4733,-250.1374
102090768,0.21460,-0.76624,0.39014,-146.5649,-28.8168,28.7328,0.51025,-1.01721,-0.12964,245.4198,-129.1527,-250.1374
102091772,0.16870,-0.70972,0.31702,-141.5496,-28.7863,27.6870,0.55054,-0.98486,-0.12061,247.8092,-137.7176,-250.1374
102092770,0.15100,-0.65015,0.27100,-138.9847,-28.0076,27.0534,0.58997,-0.95911,-0.11194,249.4275,-146.2366,-250.1374
102093771,0.18201,-0.64087,0.29712,-134.2061,-26.6183,26.0687,0.63110,-0.93176,-0.10596,250.1298,-154.6947,-250.1374
102094771,0.26770,-0.64392,0.16431,-127.7786,-26.9618,23.7405,0.67554,-0.89355,-0.10315,250.1298,-163.0458,-250.1374
102095771,0.27380,-1.03528,-0.78210,-128.9389,-32.8779,26.1527,0.72070,-0.85168,-0.10046,249.8702,-171.2824,-250.1374
102096770,-0.08350,-1.80334,-2.00000,-162.6260,-34.8015,37.6183,0.76135,-0.81201,-0.09229,248.1374,-179.3740,-250.1374
102097770,-0.11108,-2.00000,-1.43213,-226.0458,-8.4809,56.6031,0.82886,-0.75647,-0.05872,241.7863,-195.0687,-250.1374
102098770,0.98340,-2.00000,1.51062,-250.1374,27.4275,75.1374,0.85718,-0.74207,-0.03589,237.5954,-202.6183,-250.1374
102099771,1.55164,-2.00000,1.99994,-250.1374,24.7634,87.5573,0.88123,-0.73425,-0.01001,232.9313,-209.8626,-250.1374
102100770,0.52563,-2.00000,0.66504,-250.1374,10.6641,100.1298,0.90271,-0.72632,0.01392,227.9695,-216.6565,-250.1374
102101771,-0.07690,-2.00000,0.34143,-250.1374,28.9466,106.5191,0.92505,-0.71765,0.03491,222.6718,-223.0153,-250.1374
102102771,0.55713,-1.30725,1.99994,-250.1374,59.4656,105.3282,0.94824,-0.70898,0.05273,216.9695,-228.9008,-250.1374
102103771,1.44556,0.03284,1.99994,-250.1374,73.1603,115.8473,0.97144,-0.69897,0.06824,210.9237,-234.2061,-250.1374
102104771,1.99994,-0.59717,1.99994,-250.1374,54.6336,137.5573,0.99316,-0.69897,0.08521,204.5115,-238.9237,-250.1374
102105771,1.99994,-1.99695,1.99994,-250.1374,6.9847,140.2443,1.01001,-0.70471,0.10400,197.8168,-243.0534,-250.1374
102106771,1.99994,-2.00000,1.99994,-250.1374,-56.9160,114.7939,1.02539,-0.71594,0.12329,190.9466,-246.5954,-250.1374
102107771,1.99994,-1.37561,1.99994,-250.1374,-109.9313,92.6870,1.03894,-0.73865,0.14270,183.9313,-249.5496,-250.1374
102108771,1.99994,-1.14783,1.99994,-250.1374,-139.1145,92.5344,1.04895,-0.76221,0.16284,176.8244,-250.1374,-250.1374
102109770,1.99994,-1.51355,1.99994,-250.1374,-169.4122,97.3511,1.05957,-0.79041,0.18140,169.6336,-250.1374,-250.1374
102110770,1.99994,-1.65356,1.99994,-250.1374,-208.8626,89.4580,1.06921,-0.82507,0.19519,162.4046,-250.1374,-250.1374
102111770,1.49292,-1.74719,1.99994,-250.1374,-232.1221,80.0992,1.07922,-0.85852,0.20813,155.1832,-250.1374,-250.1374
102112770,0.87061,-1.71423,1.99994,-250.1374,-223.7405,73.9389,1.09253,-0.89514,0.21802,147.9924,-250.1374,-250.1374
102113771,0.37268,-1.33569,1.81775,-250.1374,-204.2214,73.2137,1.10645,-0.92908,0.22302,140.8931,-250.1374,-250.1374
102114771,0.12817,-1.22083,0.44360,-250.1374,-181.6794,81.5038,1.12048,-0.95667,0.22937,133.9237,-250.1374,-250.1374
102115771,0.28003,-1.40771,0.21289,-250.1374,-157.3053,92.0916,1.13196,-0.98657,0.23621,127.1298,-250.1374,-250.1374
102116771,0.39551,-1.23926,0.24866,-250.1374,-143.4275,92.4351,1.13806,-1.01782,0.24536,120.6718,-250.1374,-250.1374
102117771,0.42224,-1.60059,0.19824,-250.1374,-138.4962,100.7176,1.14185,-1.05005,0.25745,114.6260,-247.7328,-250.1374
102118771,0.72742,-2.00000,1.69409,-250.1374,-119.3206,107.3511,1.14478,-1.08240,0.26660,109.0000,-244.5191,-250.1374
102119771,1.21350,-2.00000,1.99994,-250.1374,-109.7328,101.6641,1.14722,-1.10730,0.27478,103.7786,-240.8321,-250.1374
102120771,1.32983,-1.59851,1.99994,-250.1374,-116.8397,92.2748,1.14685,-1.12280,0.28296,98.9466,-236.7634,-250.1374
102121771,1.17175,-1.48108,1.99994,-250.1374,-120.9466,89.2290,1.14417,-1.13110,0.28943,94.4580,-232.3359,-250.1374
102122770,1.33362,-1.63489,1.99994,-250.1374,-121.3282,85.5725,1.14526,-1.13501,0.29468,90.2290,-227.5649,-250.1374
102123770,1.68958,-1.93579,1.99994,-250.1374,-133.8015,81.8931,1.14880,-1.13635,0.29773,86.1908,-222.4885,-250.1374
102124770,1.74731,-2.00000,1.99994,-250.1374,-160.7481,77.2595,1.15137,-1.13318,0.29858,82.2366,-217.1908,-250.1374
102125771,1.58447,-2.00000,1.99994,-250.1374,-185.9771,66.0305,1.15332,-1.12708,0.29749,78.2595,-211.7939,-250.1374
102126770,1.49207,-2.00000,1.99994,-250.1374,-203.9771,52.9924,1.15381,-1.11658,0.29651,74.2290,-206.3435,-250.1374
102127771,1.23792,-1.94897,1.99994,-250.1374,-215.8244,48.5649,1.15332,-1.09998,0.29675,70.1298,-200.8779,-250.1374
102128771,0.97839,-1.77637,1.99994,-250.1374,-218.6489,51.1145,1.15344,-1.08801,0.29797,65.9847,-195.3588,-250.1374
102129771,0.99731,-1.93579,1.99994,-250.1374,-214.1450,52.9008,1.15161,-1.07483,0.30103,61.8626,-189.8321,-250.1374
102130770,1.03101,-2.00000,1.99994,-250.1374,-209.9160,53.8015,1.14832,-1.05530,0.30322,57.8168,-184.3817,-249.1985
102131770,0.91541,-2.00000,1.68054,-250.1374,-205.9618,48.6489,1.14685,-1.03442,0.30542,53.8626,-178.9237,-232.4580
102132771,0.84119,-2.00000,1.66309,-250.1374,-204.2748,35.3130,1.14502,-1.00891,0.31226,49.9924,-173.3817,-216.0000
102133771,0.78882,-1.79663,1.73608,-250.1374,-208.3511,24.7557,1.14233,-0.98035,0.32178,46.2366,-167.8015,-199.8473
102134771,0.62500,-1.48254,1.67603,-250.1374,-217.0000,23.4427,1.14160,-0.95081,0.33228,42.6260,-162.2061,-184.0763
102135771,0.51318,-1.57031,1.52429,-250.1374,-224.4046,20.6794,1.14148,-0.91785,0.34302,39.1527,-156.6183,-168.7634
102136771,0.47693,-1.30359,1.20483,-250.1374,-229.5267,10.4275,1.14124,-0.88049,0.35303,35.8168,-151.0458,-153.9084
102137770,0.29919,-0.73157,0.67981,-250.1374,-232.9695,1.9771,1.14099,-0.84082,0.36230,32.6107,-145.4733,-139.5802
102138771,0.15869,-0.65820,0.29590,-250.1374,-230.2137,5.5954,1.14050,-0.79895,0.37073,29.4733,-139.9389,-125.8092
102139770,0.24622,-1.44971,0.18738,-250.1374,-221.9313,16.9695,1.13879,-0.75586,0.38110,26.3359,-134.4962,-112.5649
102140770,0.36365,-2.00000,0.34094,-250.1374,-211.8702,22.6489,1.13586,-0.71460,0.39111,23.1832,-129.1145,-99.9008
102141771,0.38806,-2.00000,0.55725,-250.1374,-204.9542,14.6641,1.13281,-0.67432,0.39978,20.0229,-123.8092,-87.8855
102142771,0.29272,-1.18774,0.46033,-250.1374,-203.6183,1.6565,1.12976,-0.63464,0.40857,16.8626,-118.5725,-76.5267
102143771,0.11047,-0.16113,0.15027,-250.1374,-203.7481,1.0153,1.12451,-0.59753,0.41577,13.6870,-113.4504,-65.8397
102144771,0.03967,-0.49585,0.09973,-250.1374,-200.9160,13.3435,1.11804,-0.56335,0.42065,10.4885,-108.4580,-55.7939
102145771,0.14636,-1.81384,0.30042,-250.1374,-197.2443,21.1221,1.11145,-0.53040,0.42273,7.2748,-103.5878,-46.3969
102146770,0.35693,-2.00000,0.56250,-250.1374,-193.6336,9.4962,1.10608,-0.49988,0.42188,4.0763,-98.8779,-37.6641
102147771,0.56433,-2.00000,0.91846,-250.1374,-190.7481,-13.3206,1.10303,-0.47278,0.41907,0.9313,-94.3282,-29.6260
102148771,0.55835,-1.59900,0.90710,-250.1374,-194.2214,-29.1450,1.10022,-0.44788,0.41492,-2.0992,-89.9466,-22.3206
102149771,0.32446,-1.26025,0.18982,-250.1374,-201.7939,-31.1985,1.09729,-0.42590,0.40857,-4.9389,-85.7099,-15.7023
102150770,0.21741,-1.49011,-0.31311,-250.1374,-201.7405,-27.1985,1.09497,-0.40662,0.39966,-7.5420,-81.6336,-9.7634
102151771,0.38171,-1.97192,0.14014,-250.1374,-196.0305,-26.1450,1.09265,-0.38757,0.39038,-9.9084,-77.7099,-4.5191
102152770,0.49475,-2.00000,0.59607,-250.1374,-198.4809,-30.7863,1.09021,-0.36902,0.38074,-12.0611,-73.9847,0.0534
102153771,0.40002,-2.00000,0.22729,-250.1374,-207.5954,-39.5878,1.08765,-0.35217,0.36902,-14.0000,-70.4351,4.0076
102154771,0.11853,-1.70984,-0.16418,-250.1374,-209.6870,-49.5878,1.08472,-0.33704,0.35608,-15.6641,-67.0534,7.3282
102155771,-0.16980,-1.32483,-0.21069,-250.1374,-206.1069,-53.6947,1.08191,-0.32288,0.34351,-17.1145,-63.8626,10.0229
102156771,-0.40918,-1.60913,-0.69824,-250.1374,-207.5573,-48.0458,1.07935,-0.30847,0.33154,-18.3588,-60.8702,12.1069
102157771,-0.55383,-1.84900,-1.34009,-250.1374,-206.7786,-44.1145,1.07715,-0.29443,0.32056,-19.3511,-58.0611,13.5878
102158771,-0.43945,-1.18591,-1.10291,-250.1374,-196.2748,-50.9237,1.07654,-0.28125,0.30872,-20.1221,-55.3969,14.4046
102159771,-0.30640,-0.28784,-0.86011,-250.1374,-189.2290,-56.8473,1.07776,-0.26831,0.29651,-20.6870,-52.8855,14.6107
102160770,-0.59192,-0.31580,-1.67810,-250.1374,-190.4733,-47.8626,1.07910,-0.25525,0.28516,-21.0153,-50.5420,14.2977
102161770,-0.82532,-0.81213,-2.00000,-250.1374,-183.0916,-32.3130,1.08044,-0.24329,0.27283,-21.1069,-48.3969,13.5191
102162770,-0.58606,-0.72974,-1.27588,-250.1374,-173.0840,-20.3282,1.08301,-0.23242,0.26147,-20.9542,-46.4351,12.3130
102163770,-0.38647,-0.16724,-0.61670,-250.1374,-172.8473,-11.7252,1.08655,-0.22131,0.25159,-20.5725,-44.6412,10.6947
102164770,-0.41443,0.14026,-0.66919,-250.1374,-176.0992,-4.8550,1.08936,-0.20972,0.24207,-19.9847,-43.0076,8.6947
102165770,-0.54565,0.09033,-0.88147,-250.1374,-173.3435,-2.2824,1.09070,-0.19812,0.23279,-19.2137,-41.5420,6.3206
102166770,-0.69006,0.02002,-0.95593,-250.1374,-167.7863,-0.6947,1.09192,-0.18628,0.22327,-18.2672,-40.2595,3.5573
102167770,-0.67749,0.15686,-0.94446,-250.1374,-162.8931,0.8244,1.09338,-0.17444,0.21338,-17.1603,-39.1527,0.4809
102168771,-0.43542,0.36438,-0.54456,-250.1374,-155.9160,-0.5802,1.09473,-0.16382,0.20337,-15.9389,-38.1985,-2.8244
102169771,-0.18774,0.44397,-0.07483,-250.1374,-149.1374,-7.1603,1.09741,-0.15332,0.19519,-14.6107,-37.3511,-6.3588
102170770,-0.19568,0.61060,-0.11768,-250.1374,-145.7099,-17.8550,1.10229,-0.14233,0.18835,-13.1832,-36.6260,-10.0687
102171770,-0.35352,0.76904,-0.47253,-250.1374,-144.3435,-26.1450,1.10828,-0.13110,0.18237,-11.6794,-36.0153,-13.9618
102172771,-0.47852,0.84534,-0.81189,-250.1374,-144.2366,-27.9618,1.11377,-0.12073,0.17737,-10.1298,-35.5267,-18.0153
102173770,-0.43433,0.78174,-0.81824,-250.1374,-143.2977,-23.7634,1.11975,-0.11206,0.17139,-8.5496,-35.1603,-22.1756
102174770,-0.29968,0.66577,-0.47546,-250.1374,-143.1069,-21.8473,1.12708,-0.10425,0.16418,-6.9313,-34.8779,-26.3969
102175770,-0.34912,0.84204,-0.38135,-250.1374,-145.7328,-25.8168,1.13501,-0.09717,0.15723,-5.2901,-34.6489,-30.6260
102176770,-0.66052,1.35181,-0.79834,-250.1374,-146.8626,-29.4046,1.14209,-0.09021,0.15149,-3.6947,-34.5038,-34.8473
102177771,-1.11121,1.82300,-1.06262,-250.1374,-141.7252,-23.6031,1.14819,-0.08386,0.14648,-2.1450,-34.4504,-39.0153
102178771,-0.89014,1.60571,-1.10522,-250.1374,-132.1985,-7.3282,1.15295,-0.07935,0.14209,-0.6336,-34.4427,-43.1069
102179771,-0.52148,0.53821,-1.55774,-250.1374,-128.0992,8.5344,1.15625,-0.07654,0.13818,0.8168,-34.4504,-47.0992
102180771,-0.88464,0.09253,-1.75415,-250.1374,-123.1832,2.1069,1.15930,-0.07556,0.13367,2.1985,-34.4809,-50.9924
102181771,-1.18335,1.99994,-1.92603,-250.1374,-117.9008,-29.0382,1.16187,-0.07654,0.12915,3.4962,-34.5267,-54.7481
102182770,-1.12659,1.99994,-2.00000,-250.1374,-112.2214,-36.8092,1.16345,-0.07812,0.12598,4.7252,-34.5954,-58.3817
102183771,-0.84741,1.99994,-1.88574,-250.1374,-98.7176,8.2595,1.16394,-0.08008,0.12280,5.8855,-34.6641,-61.8626
102184771,-0.65527,0.93701,-0.92542,-250.1374,-87.2061,49.0611,1.16455,-0.08350,0.11816,6.9695,-34.7328,-65.1756
102185771,-0.84424,-0.06140,-0.96399,-250.1374,-87.0229,34.4962,1.16638,-0.08899,0.11340,7.9237,-34.8321,-68.3435
102186771,-1.09167,1.31396,-2.00000,-250.1374,-88.0229,2.4656,1.16687,-0.09583,0.10962,8.8244,-34.9389,-71.3359
102187770,-1.20349,1.99994,-2.00000,-250.1374,-72.8779,3.2595,1.16577,-0.10266,0.10706,9.6870,-35.0382,-74.1374
102188771,-0.97241,1.99994,-1.34827,-250.1374,-54.3969,24.5496,1.16504,-0.10999,0.10461,10.5191,-35.1298,-76.7557
102189770,-0.69666,1.99994,-0.82812,-250.1374,-53.5191,29.4504,1.16284,-0.11682,0.09973,11.2901,-35.2519,-79.1908
102190770,-0.75964,1.99994,-1.31775,-250.1374,-56.2901,26.8015,1.15918,-0.12305,0.09314,11.9771,-35.3969,-81.3969
102191770,-0.62720,1.72864,-1.15100,-250.1374,-43.5115,34.1145,1.15491,-0.12903,0.08826,12.5496,-35.5649,-83.3817
102192770,-0.41394,0.78296,-0.43958,-250.1374,-31.5573,41.3359,1.15039,-0.13489,0.08362,12.9847,-35.7405,-85.1374
102193770,-0.49402,0.81470,-0.58020,-250.1374,-35.4351,37.1374,1.14526,-0.14124,0.07812,13.2748,-35.9084,-86.6870
102194771,-0.66846,1.99994,-1.21875,-250.1374,-40.9695,27.4580,1.13599,-0.15247,0.06848,13.3969,-36.2137,-89.1756
102195771,-0.76794,1.99994,-1.11743,-250.1374,-36.6260,25.4122,1.13171,-0.15881,0.06262,13.2443,-36.3130,-90.1527
102196770,-0.53552,1.99994,-0.24658,-250.1374,-29.1145,34.1832,1.12781,-0.16650,0.05725,12.9695,-36.4046,-90.9160
102197770,-0.23328,1.99994,0.30273,-250.1374,-33.0687,51.0916,1.12500,-0.17529,0.05115,12.6412,-36.4809,-91.4885
102198767,-0.25342,1.99994,0.16858,-250.1374,-42.7252,62.6641,1.12146,-0.18555,0.04504,12.3053,-36.5573,-91.8931
102199772,-0.31885,1.99994,-0.09058,-250.1374,-44.7176,59.0763,1.11670,-0.19556,0.03906,11.9695,-36.5954,-92.1527
102200771,-0.33789,1.99994,-0.35107,-250.1374,-42.4733,51.6794,1.11255,-0.20496,0.03223,11.6565,-36.6031,-92.2595
102201770,-0.60217,1.99994,-0.80969,-235.0916,-44.4275,56.8626,1.10767,-0.21460,0.02649,11.3893,-36.5649,-92.2137
102202768,-0.85742,1.99994,-1.35413,-234.8855,-46.7328,68.1908,1.10107,-0.22400,0.02124,11.1298,-36.5115,-92.0229
102203768,-0.83130,1.99994,-1.48975,-237.8626,-43.2595,76.2137,1.09241,-0.23303,0.01404,10.8702,-36.4198,-91.7176
102204768,-0.74756,1.99994,-1.16052,-229.4733,-36.2748,85.7405,1.08215,-0.24133,0.00732,10.6183,-36.2901,-91.2901
102205766,-0.73206,1.99994,-0.98279,-217.3053,-30.9389,96.0382,1.07190,-0.24744,0.00281,10.3969,-36.1527,-90.7252
102206769,-0.77136,1.93738,-1.12683,-211.8855,-25.3664,100.6107,1.06042,-0.25183,-0.00024,10.1832,-36.0153,-90.0687
102207772,-0.76538,1.99994,-1.18103,-215.0611,-16.5420,103.0916,1.04871,-0.25427,-0.00305,9.9313,-35.8779,-89.3206
102208771,-0.70227,1.99994,-1.04858,-217.5115,-8.7939,111.8092,1.03845,-0.25598,-0.00562,9.6183,-35.7557,-88.4733
102209770,-0.61694,1.99994,-0.82288,-211.0382,-4.5191,123.6565,1.02917,-0.25830,-0.00781,9.2443,-35.6412,-87.4962
102210770,-0.45923,1.94336,-0.50500,-200.6794,-2.7939,130.6183,1.02112,-0.26099,-0.01038,8.8321,-35.5573,-86.4275
102211767,-0.31543,1.70117,-0.22046,-192.0916,-4.5115,132.1221,1.01318,-0.26257,-0.01331,8.4122,-35.5420,-85.2672
102212772,-0.30786,1.51147,-0.17896,-183.8779,-10.1145,130.9466,1.00488,-0.26221,-0.01599,7.9695,-35.5573,-84.0076
102213771,-0.33618,1.45923,-0.23621,-176.6107,-14.6870,128.9389,0.99683,-0.26135,-0.01819,7.4733,-35.6183,-82.6870
102214770,-0.32983,1.40271,-0.26013,-172.8397,-17.7176,129.5344,0.98889,-0.26062,-0.02087,6.9466,-35.7252,-81.2901
102215770,-0.33655,1.28162,-0.42786,-171.6794,-20.6870,131.3664,0.98193,-0.26062,-0.02356,6.3969,-35.8779,-79.8015
102216768,-0.39429,1.32556,-0.68689,-167.8092,-21.8550,131.7023,0.97656,-0.26208,-0.02466,5.8397,-36.0458,-78.2595
102217771,-0.39880,1.42651,-0.64136,-160.2443,-18.0687,133.9084,0.97095,-0.26440,-0.02417,5.2901,-36.2214,-76.6794
102218770,-0.29761,1.31189,-0.29956,-157.5725,-13.3435,141.3053,0.96558,-0.26709,-0.02332,4.7557,-36.4122,-75.0611
102219770,-0.24426,1.09082,-0.10059,-161.1221,-12.5802,149.9389,0.96118,-0.27051,-0.02380,4.2366,-36.5954,-73.4275
102220768,-0.27673,1.02808,-0.16992,-166.0153,-14.7557,156.2137,0.95764,-0.27380,-0.02649,3.7557,-36.7786,-71.7863
102221768,-0.28735,1.13538,-0.20898,-171.6794,-15.5878,161.9160,0.95618,-0.27637,-0.02979,3.3588,-36.9695,-70.1069
102222771,-0.26587,1.24084,-0.14856,-177.7634,-16.8244,168.9389,0.95569,-0.27893,-0.03271,3.0611,-37.1832,-68.4046
102223771,-0.23853,1.28845,-0.14600,-178.8550,-19.4275,175.1374,0.95520,-0.28125,-0.03601,2.8321,-37.4122,-66.6947
102224771,-0.15613,1.19934,-0.07251,-170.7099,-21.1756,179.6336,0.95557,-0.28284,-0.03894,2.6794,-37.6565,-64.9847
102225770,-0.09766,0.84534,0.03577,-157.1298,-22.9924,182.5496,0.95630,-0.28308,-0.04041,2.6260,-37.9084,-63.2595
102226770,-0.15601,0.50098,-0.08850,-145.9389,-26.4198,181.7710,0.95728,-0.28198,-0.04187,2.6336,-38.1908,-61.4962
102227770,-0.26282,0.45667,-0.37183,-138.7252,-28.8702,177.9008,0.95789,-0.28064,-0.04358,2.6489,-38.5038,-59.7328
102228770,-0.34143,0.55835,-0.49939,-131.9160,-28.7252,175.3969,0.95789,-0.27966,-0.04492,2.5954,-38.8168,-58.0076
102229768,-0.40625,0.55420,-0.55310,-124.8779,-28.5725,175.7023,0.95825,-0.27942,-0.04553,2.4885,-39.1145,-56.2748
102230768,-0.47083,0.52478,-0.68433,-119.7023,-28.9084,175.9924,0.95837,-0.27869,-0.04504,2.3664,-39.3893,-54.5573
102231771,-0.51953,0.61743,-0.77173,-118.4580,-28.0458,176.0382,0.95911,-0.27637,-0.04358,2.2519,-39.6565,-52.8473
102232771,-0.55322,0.81360,-0.70447,-122.3817,-25.5420,178.4046,0.96021,-0.27319,-0.04199,2.1603,-39.9084,-51.1603
102233770,-0.54456,0.95984,-0.60620,-129.4198,-23.1221,185.1756,0.96094,-0.26965,-0.04077,2.0534,-40.1603,-49.4656
102234770,-0.51550,0.84839,-0.64111,-135.5420,-21.7023,196.0916,0.96301,-0.26599,-0.03833,1.9313,-40.4198,-47.7557
102235770,-0.55017,0.53223,-0.71899,-139.1908,-20.3969,207.6794,0.96655,-0.26233,-0.03577,1.7786,-40.7099,-46.0458
102236768,-0.60474,0.39258,-0.74915,-142.0763,-18.8015,215.5878,0.97095,-0.25806,-0.03235,1.6183,-41.0076,-44.3435
102237768,-0.63843,0.63464,-0.77991,-145.1145,-18.6794,220.8092,0.97559,-0.25366,-0.02844,1.4580,-41.2901,-42.6718
102238771,-0.65735,0.91125,-0.73547,-146.2443,-19.3053,228.6412,0.98022,-0.25000,-0.02588,1.3130,-41.5573,-41.0382
102239770,-0.60522,0.84778,-0.54602,-143.0382,-19.9237,239.1985,0.98511,-0.24609,-0.02283,1.1679,-41.7939,-39.4046
102240770,-0.53894,0.48145,-0.38464,-135.5267,-21.8168,247.7481,0.98962,-0.24243,-0.01880,1.0076,-42.0000,-37.7786
102241770,-0.43713,0.04114,-0.33350,-126.0153,-23.2901,250.1298,0.99414,-0.23950,-0.01550,0.8321,-42.1679,-36.2214
102242770,0.02539,-1.54932,-0.26221,-90.9084,-21.3435,250.1298,0.99878,-0.23730,-0.01343,0.6336,-42.3282,-34.6794
102243770,-0.25623,-1.75989,-0.03418,-78.3588,-21.1374,242.1603,1.00330,-0.23572,-0.01233,0.3893,-42.4885,-33.1679
102244770,-0.19324,-0.96851,0.11938,-78.6718,-20.8855,225.4809,1.00806,-0.23364,-0.01172,0.1145,-42.6336,-31.6870
102245770,-0.13110,-0.71497,-0.14111,-72.7939,-26.8779,222.6870,1.01331,-0.23108,-0.01062,-0.1756,-42.7328,-30.2595
102246768,-0.34802,-2.00000,-0.65295,-58.1908,-33.2519,232.7328,1.01929,-0.22900,-0.01013,-0.4122,-42.7786,-28.8702
102247768,-0.42676,-2.00000,-1.04578,-63.9084,-35.3053,228.1832,1.02600,-0.22705,-0.00989,-0.6183,-42.7863,-27.5267
102248772,-0.30579,-2.00000,-1.00232,-91.0687,-33.2061,204.4580,1.03357,-0.22534,-0.00818,-0.8015,-42.7786,-26.2061
102249770,-0.18750,-2.00000,-0.72327,-112.0611,-30.8321,182.1679,1.04175,-0.22302,-0.00598,-0.9466,-42.7176,-24.8855
102250770,-0.27576,-1.16003,-0.66321,-107.0153,-29.3130,177.3206,1.04895,-0.21912,-0.00415,-1.0840,-42.5878,-23.5725
102251771,-0.41724,-1.16821,-0.74280,-95.8626,-25.1069,186.4427,1.05530,-0.21521,-0.00134,-1.2061,-42.3969,-22.2748
102252770,-0.42090,-1.75769,-0.60791,-103.8855,-18.9542,197.6107,1.06104,-0.21216,0.00256,-1.3130,-42.1756,-20.9771
102253770,-0.35046,-2.00000,-0.28113,-124.0611,-16.4962,199.9695,1.06604,-0.20996,0.00769,-1.4198,-41.9237,-19.6794
102254771,-0.23633,-1.55969,-0.28931,-133.6794,-20.9466,192.5802,1.07031,-0.20764,0.01318,-1.5573,-41.5878,-18.4198
102255770,-0.14526,-1.08569,-0.86121,-121.8473,-29.8244,191.5038,1.07446,-0.20520,0.01758,-1.6947,-41.1221,-17.1985
102256768,-0.25098,-1.46204,-1.40869,-105.0305,-36.4733,202.6870,1.07861,-0.20288,0.02173,-1.8168,-40.5802,-15.9924
102257768,-0.32935,-1.94482,-1.10596,-101.0611,-34.9847,210.2443,1.08289,-0.20093,0.02661,-1.9618,-39.9618,-14.8092
102258768,-0.14526,-1.87805,-0.43787,-107.0229,-33.1985,207.3893,1.08618,-0.19946,0.03259,-2.1069,-39.2748,-13.6412
102259768,-0.12878,-1.98560,-0.51514,-108.2595,-37.6489,205.5115,1.08862,-0.19739,0.03882,-2.2672,-38.5496,-12.5420
102260772,-0.39990,-2.00000,-1.29065,-104.5496,-39.6183,206.3664,1.09106,-0.19592,0.04395,-2.4351,-37.7557,-11.4656
102261770,-0.54810,-2.00000,-1.90295,-106.0000,-31.3359,199.6718,1.09351,-0.19482,0.04773,-2.6183,-36.9237,-10.4198
102262770,-0.43518,-2.00000,-1.88123,-114.5420,-18.2977,188.0763,1.09595,-0.19312,0.05090,-2.7863,-36.0763,-9.4122
102263770,-0.22046,-2.00000,-1.45642,-120.1985,-9.5725,182.7557,1.09814,-0.19128,0.05505,-3.0076,-35.1985,-8.4504
102264770,-0.07092,-2.00000,-0.99622,-114.6260,-7.0763,181.8626,1.09961,-0.18982,0.05811,-3.2977,-34.2977,-7.5267
102265770,0.00684,-2.00000,-0.75659,-107.0000,-8.1298,174.7252,1.10046,-0.18811,0.05945,-3.6260,-33.3969,-6.6794
102266770,-0.00354,-2.00000,-0.85510,-107.9542,-10.7023,161.0687,1.10254,-0.18701,0.06116,-3.9847,-32.5191,-5.8779
102267770,-0.09106,-2.00000,-1.09583,-112.0153,-12.8321,148.6183,1.10571,-0.18701,0.06384,-4.3893,-31.6031,-5.1145
102268770,-0.15503,-2.00000,-1.26990,-109.1374,-13.6565,142.3435,1.10815,-0.18750,0.06726,-4.8473,-30.6565,-4.3969
102269770,-0.11609,-2.00000,-1.28223,-99.3206,-13.1450,143.5496,1.11023,-0.18726,0.07031,-5.3206,-29.7252,-3.7786
102270770,-0.07617,-2.00000,-1.11572,-92.5802,-12.9160,145.4351,1.11292,-0.18713,0.07300,-5.8015,-28.8168,-3.2290
102271770,-0.04370,-2.00000,-0.90405,-95.6336,-12.8092,140.2443,1.11609,-0.18713,0.07593,-6.2901,-27.8931,-2.7252
102272770,-0.00940,-2.00000,-0.80505,-102.5725,-13.0076,129.9924,1.11865,-0.18713,0.07874,-6.7710,-26.9389,-2.2977
102273770,-0.11475,-2.00000,-0.92810,-108.5344,-13.7481,123.7481,1.12158,-0.18689,0.08032,-7.1603,-25.9695,-1.9542
102274770,-0.23389,-1.97363,-1.15332,-113.2595,-13.1298,123.6183,1.12622,-0.18640,0.08093,-7.4504,-25.0153,-1.6718
102275770,-0.18750,-1.74817,-1.26953,-115.6947,-10.7099,126.5878,1.13110,-0.18591,0.08118,-7.6489,-24.0840,-1.4580
102276771,-0.03186,-2.00000,-1.11365,-112.1221,-7.9466,132.1145,1.13489,-0.18530,0.08313,-7.7557,-23.1450,-1.3435
102277770,0.11328,-2.00000,-0.90320,-105.5344,-7.5496,135.8855,1.13794,-0.18445,0.08594,-7.7710,-22.1832,-1.2824
102278770,0.10266,-2.00000,-0.99316,-100.0840,-10.1679,129.9618,1.14026,-0.18335,0.08752,-7.7252,-21.1832,-1.2748
102279770,-0.03345,-2.00000,-1.30029,-97.9084,-11.7481,116.5496,1.14136,-0.18176,0.08862,-7.6183,-20.1756,-1.3664
102280770,-0.14014,-2.00000,-1.56067,-98.5802,-9.9847,107.7557,1.14124,-0.17969,0.08984,-7.4427,-19.1985,-1.5573
102281770,-0.15186,-1.93127,-1.57715,-95.5267,-5.0840,108.6260,1.14087,-0.17664,0.09143,-7.2137,-18.2366,-1.8244
102282770,-0.07373,-2.00000,-1.37769,-86.1374,0.9237,110.7863,1.14124,-0.17188,0.09338,-6.9313,-17.2748,-2.1985
102283770,0.02356,-2.00000,-1.18896,-76.8473,5.7481,105.5191,1.14172,-0.16650,0.09424,-6.6183,-16.3053,-2.6641
102284770,0.04236,-2.00000,-1.19714,-74.4275,8.2672,94.0458,1.14294,-0.16064,0.09375,-6.3130,-15.3435,-3.2061
102285770,0.00342,-2.00000,-1.28296,-76.1298,10.6565,83.5496,1.14514,-0.15527,0.09387,-6.0305,-14.4275,-3.8168
102286771,-0.01245,-2.00000,-1.26257,-77.1221,13.4580,78.3817,1.14624,-0.15076,0.09546,-5.7557,-13.5573,-4.4962
102287770,0.01294,-1.77539,-1.18567,-76.2901,15.2977,77.4351,1.14600,-0.14685,0.09583,-5.4962,-12.7328,-5.2366
102288770,0.09741,-1.75244,-1.10962,-72.7176,16.1832,78.5038,1.14551,-0.14368,0.09595,-5.2595,-11.9084,-6.0076
102289770,0.19128,-2.00000,-1.03613,-67.2061,16.5649,80.0305,1.14429,-0.14062,0.09839,-5.0382,-11.0534,-6.7863
102290770,0.23401,-2.00000,-0.99231,-64.6031,16.5954,79.6565,1.14246,-0.13757,0.10144,-4.8626,-10.2137,-7.5954
102291770,0.23132,-2.00000,-1.04712,-68.7405,16.1985,76.0382,1.14099,-0.13562,0.10291,-4.7099,-9.4122,-8.4427
102292770,0.20544,-2.00000,-1.11401,-75.2290,16.4656,71.5802,1.14001,-0.13464,0.10327,-4.4809,-7.8626,-10.1527
102293770,0.16321,-2.00000,-1.08972,-78.8092,17.5038,68.3282,1.14001,-0.13586,0.10266,-4.4427,-7.0840,-11.0000
102294771,0.14673,-1.75745,-1.01904,-78.1832,18.5954,65.2595,1.14026,-0.13623,0.10205,-4.4809,-6.3053,-11.8321
102295770,0.18750,-1.60938,-0.94934,-74.2366,19.0992,61.8779,1.14111,-0.13696,0.10120,-4.5420,-5.5420,-12.6260
102296771,0.23535,-1.68274,-0.89685,-69.4122,18.6260,58.8397,1.14246,-0.13782,0.09985,-4.6260,-4.7939,-13.3664
102297770,0.23743,-1.89221,-0.92810,-65.8931,16.9313,55.1450,1.14465,-0.13818,0.09875,-4.7328,-4.0534,-14.0534
102298770,0.18091,-1.99329,-1.10474,-63.8855,14.7328,49.5573,1.14758,-0.13843,0.09766,-4.8626,-3.2977,-14.6870
102299770,0.07190,-1.94312,-1.37720,-62.8702,13.3435,44.6336,1.15027,-0.13879,0.09631,-5.0076,-2.5191,-15.2901
102300770,-0.07190,-1.84644,-1.62781,-64.2443,13.9237,42.7786,1.15222,-0.13892,0.09375,-5.1985,-1.7405,-15.8550
102301770,-0.17639,-1.75024,-1.76331,-66.8626,17.1908,43.2595,1.15381,-0.13916,0.09033,-5.3664,-1.0000,-16.3664
102302770,-0.21704,-1.72888,-1.81458,-68.3817,22.4122,44.8015,1.15466,-0.13977,0.08630,-5.5344,-0.2977,-16.8550
102303770,-0.24341,-1.84570,-1.83618,-70.0611,28.7863,46.8244,1.15479,-0.13977,0.08350,-5.7481,0.4046,-17.2901
102304770,-0.25037,-1.97681,-1.78699,-74.3664,36.1450,47.4656,1.15479,-0.13940,0.08105,-5.9924,1.1069,-17.6870
102305770,-0.23010,-1.90955,-1.65356,-80.3893,43.2519,45.3817,1.15454,-0.13904,0.07898,-6.2672,1.8397,-18.0458
102306770,-0.20435,-1.67529,-1.51587,-84.6718,48.5954,42.1985,1.15393,-0.13855,0.07764,-6.5649,2.5802,-18.3740
102307768,-0.17078,-1.47791,-1.40698,-84.2443,51.9695,39.6947,1.15247,-0.13818,0.07642,-6.8626,3.3206,-18.6641
102308768,-0.11133,-1.44556,-1.26318,-77.7405,53.9695,37.4885,1.15051,-0.13855,0.07532,-7.1832,4.0534,-18.9313
102309771,-0.03723,-1.52917,-1.10315,-68.6718,54.4656,34.2137,1.14929,-0.13818,0.07471,-7.5420,4.7939,-19.1221
102310771,0.02136,-1.61719,-0.97302,-60.5878,53.9084,29.7863,1.14880,-0.13770,0.07336,-7.9542,5.5191,-19.2366
102311771,0.05725,-1.67212,-0.85083,-53.3359,53.0992,25.1603,1.14807,-0.13794,0.07166,-8.3969,6.2443,-19.2977
102312771,0.05457,-1.71667,-0.82983,-47.2672,51.6183,21.5420,1.14673,-0.13867,0.07031,-8.9008,6.9847,-19.3053
102313770,0.00610,-1.79431,-0.98669,-44.7939,50.0000,19.7481,1.14465,-0.13965,0.06958,-9.4504,7.7176,-19.2519
102314770,-0.05762,-1.83044,-1.12170,-45.9389,50.5267,18.3053,1.14185,-0.14038,0.07056,-10.0229,8.4275,-19.1221
102315770,-0.07922,-1.66455,-1.02100,-47.0229,53.6489,15.0382,1.13843,-0.14221,0.07202,-10.6336,9.1527,-18.9389
102316768,-0.07251,-1.30408,-0.84973,-46.7176,55.9924,10.9389,1.13440,-0.14563,0.07275,-11.3282,9.8779,-18.6794
102317768,-0.07751,-1.01819,-0.77075,-45.9847,56.3740,9.7939,1.13074,-0.14893,0.07324,-12.0687,10.6107,-18.3435
102318772,-0.04846,-1.02698,-0.72253,-45.8855,56.0153,12.1527,1.12756,-0.15234,0.07202,-12.8244,11.3359,-17.9237
102319771,0.00879,-1.21484,-0.68225,-45.0534,55.5496,13.9847,1.12451,-0.15637,0.06982,-13.5496,12.0458,-17.4580
102320771,0.04077,-1.33569,-0.68115,-40.8321,54.8931,12.1679,1.12073,-0.16174,0.06775,-14.2595,12.7557,-16.9466
102321770,0.01831,-1.26880,-0.75745,-33.5802,53.8168,7.7252,1.11633,-0.16785,0.06531,-14.9771,13.4580,-16.3817
102322770,-0.05273,-1.06970,-0.87048,-26.6718,52.7786,4.0153,1.11218,-0.17322,0.06201,-15.6718,14.1450,-15.7786
102323771,-0.09424,-0.85986,-0.91040,-23.2519,53.0153,2.8168,1.10864,-0.17725,0.05823,-16.3053,14.7939,-15.1603
102324770,-0.05872,-0.76367,-0.82568,-21.5725,54.6641,3.6794,1.10522,-0.17957,0.05505,-16.8626,15.3893,-14.5267
102325770,-0.00769,-0.85522,-0.72766,-18.0076,56.3740,4.7786,1.10168,-0.18164,0.05225,-17.3664,15.9389,-13.8702
102326771,0.00269,-1.03955,-0.73828,-13.0000,57.7328,4.5267,1.09778,-0.18311,0.05005,-17.8702,16.4580,-13.1908
102327770,-0.01843,-1.15051,-0.76416,-10.4885,59.5038,3.2443,1.09399,-0.18372,0.04797,-18.4198,16.9084,-12.4885
102328770,-0.03442,-1.09436,-0.71277,-13.6794,60.8092,2.4656,1.09021,-0.18323,0.04626,-18.9618,17.3206,-11.7786
102329770,-0.02551,-0.92578,-0.68066,-20.2366,59.9313,3.4504,1.08691,-0.18298,0.04468,-19.4656,17.6794,-11.0611
102330770,0.01050,-0.84558,-0.70764,-24.0534,57.6412,6.3893,1.08411,-0.18433,0.04236,-19.9389,17.9847,-10.3511
102331770,0.06250,-0.98547,-0.69849,-22.3664,55.9695,9.6412,1.08118,-0.18616,0.04089,-20.4351,18.2824,-9.6260
102332768,0.10168,-1.22949,-0.65381,-18.3435,54.9695,10.6260,1.07788,-0.18750,0.04053,-20.9313,18.5573,-8.9008
102333768,0.10571,-1.34912,-0.66614,-16.8168,53.9160,8.5573,1.07458,-0.18848,0.04004,-21.3969,18.8092,-8.1527
102334772,0.03601,-1.28711,-0.75366,-19.2672,52.7557,5.6031,1.07214,-0.18970,0.03784,-21.7939,19.0229,-7.4046
102335770,-0.08508,-1.15076,-0.87280,-23.5573,52.4733,3.6489,1.06958,-0.19019,0.03442,-22.1374,19.1985,-6.6641
102336770,-0.16553,-0.98779,-0.97192,-26.6489,54.1145,2.1374,1.06641,-0.19116,0.03247,-22.3817,19.3588,-5.9466
102337770,-0.17578,-0.81519,-0.93994,-25.9237,57.9389,0.3664,1.06262,-0.19336,0.03223,-22.5267,19.4809,-5.2595
102338770,-0.10852,-0.70264,-0.73438,-21.7939,62.6412,-0.9847,1.05811,-0.19531,0.03186,-22.5878,19.5725,-4.5725
102339767,-0.02063,-0.68298,-0.56470,-17.9237,65.0153,-1.2901,1.05359,-0.19739,0.03015,-22.5725,19.5954,-3.9160
102340768,0.01013,-0.73694,-0.55603,-16.5649,64.9008,-0.5267,1.04822,-0.20044,0.02734,-22.4962,19.5725,-3.2672
102341772,0.01355,-0.78162,-0.60632,-18.3893,64.1756,0.6260,1.04175,-0.20374,0.02527,-22.3359,19.5496,-2.6489
102342771,-0.00195,-0.72778,-0.64624,-21.5344,63.0763,1.7023,1.03564,-0.20728,0.02441,-22.1145,19.4733,-2.0840
102343771,-0.03967,-0.59277,-0.68933,-23.4046,61.5038,3.0611,1.02991,-0.21021,0.02417,-21.8244,19.3511,-1.5802
102344770,-0.05737,-0.49780,-0.69421,-22.5725,60.3817,5.6718,1.02344,-0.21143,0.02393,-21.5267,19.2137,-1.1374
102345770,-0.04773,-0.56848,-0.62122,-20.4656,59.8473,9.6183,1.01709,-0.21167,0.02148,-21.2061,19.0153,-0.7328
102346771,-0.03406,-0.76025,-0.55090,-20.3206,59.3206,13.1832,1.01208,-0.21118,0.01746,-20.8931,18.7481,-0.3664
102347770,-0.02051,-0.96069,-0.52332,-22.2519,59.0229,15.1450,1.00793,-0.20959,0.01416,-20.5878,18.4275,-0.0229
102348770,-0.01587,-1.09314,-0.48108,-24.0534,59.5573,15.0153,1.00476,-0.20764,0.01135,-20.2824,18.0611,0.2901
102349770,-0.02490,-1.09656,-0.44458,-23.9160,60.0534,12.7863,1.00317,-0.20593,0.01013,-19.9771,17.6412,0.6183
102350770,-0.04260,-1.01709,-0.50195,-21.3817,59.6489,9.6718,1.00208,-0.20483,0.00940,-19.6489,17.1298,0.9237
102351771,-0.05444,-1.00427,-0.61145,-17.0687,59.1450,7.1679,1.00012,-0.20361,0.00769,-19.3282,16.5878,1.1985
102352770,-0.03333,-1.13513,-0.63000,-11.9695,59.7634,4.9160,0.99719,-0.20227,0.00574,-19.0153,16.0153,1.4504
102353768,0.00647,-1.31689,-0.59619,-7.9847,60.3588,1.4198,0.99365,-0.20081,0.00391,-18.6641,15.4122,1.6718
102354768,-0.00134,-1.39294,-0.64807,-6.8779,60.1527,-3.5878,0.99023,-0.20007,0.00134,-18.2748,14.7328,1.8550
102355771,-0.09363,-1.24475,-0.79541,-9.3664,60.0763,-8.9466,0.98694,-0.19995,-0.00171,-17.8779,14.0382,2.0153
102356771,-0.22937,-0.89734,-0.94409,-13.2519,61.4733,-12.6641,0.98438,-0.19983,-0.00378,-17.4351,13.3359,2.1450
102357770,-0.32898,-0.58203,-1.04089,-15.8321,64.4733,-12.5191,0.98193,-0.19958,-0.00549,-16.9466,12.5878,2.2214
102358767,-0.35144,-0.53516,-1.00623,-15.9237,69.2214,-8.6031,0.97876,-0.19971,-0.00879,-16.4275,11.8092,2.2748
102359772,-0.27832,-0.73035,-0.72168,-14.7099,75.2672,-3.9847,0.97632,-0.19983,-0.01208,-15.8321,11.0153,2.3130
102360771,-0.15186,-0.90662,-0.37683,-15.8244,79.1374,-1.3740,0.97424,-0.19971,-0.01440,-15.1679,10.2137,2.3511
102361771,-0.06714,-0.91968,-0.22107,-20.0305,79.4122,0.0763,0.97229,-0.20044,-0.01660,-14.4427,9.4122,2.3969
102362771,-0.01941,-0.84302,-0.19641,-24.7939,78.2214,2.1985,0.97070,-0.20129,-0.01770,-13.6641,8.5802,2.4198
102363771,0.05237,-0.76306,-0.08704,-27.1450,77.2977,4.8626,0.96887,-0.20032,-0.01819,-12.8473,7.7176,2.3893
102364770,0.14050,-0.73340,0.07324,-27.1069,74.5038,6.9389,0.96655,-0.19922,-0.01880,-12.0305,6.8321,2.3130
102365770,0.17346,-0.74609,0.07361,-26.5878,68.4580,7.3511,0.96387,-0.19873,-0.01855,-11.2519,5.9389,2.1832
102366770,0.15845,-0.78687,-0.02307,-26.0840,62.0687,6.3664,0.96143,-0.19897,-0.01685,-10.4809,5.0382,2.0458
102367770,0.14917,-0.83618,-0.04175,-26.1145,57.5802,4.7023,0.95996,-0.19958,-0.01489,-9.7328,4.1221,1.8779
102368768,0.14941,-0.89136,0.00598,-26.8931,54.4427,3.1832,0.95874,-0.19971,-0.01318,-9.0000,3.1908,1.6489
102369768,0.16003,-0.95483,0.04309,-27.8550,52.3130,1.7481,0.95764,-0.19983,-0.01123,-8.2366,2.2748,1.3664
102370768,0.17053,-0.98743,0.08081,-27.5267,51.4046,0.0611,0.95752,-0.19910,-0.00854,-7.4580,1.3359,1.0229
102371772,0.15869,-0.87854,0.06055,-26.4809,49.9542,-2.2290,0.95801,-0.19751,-0.00525,-6.7252,0.3893,0.6565
102372771,0.15747,-0.86792,-0.01367,-27.0153,48.5191,-0.9160,0.95984,-0.19592,-0.00293,-6.0382,-0.5573,0.2443
102373771,0.15967,-0.96240,-0.05981,-27.6107,46.5038,1.0153,0.96301,-0.19397,-0.00146,-5.4122,-1.4733,-0.1756
102374770,0.12537,-1.01331,-0.12207,-29.3588,43.4275,1.5191,0.96692,-0.19165,0.00061,-4.8168,-2.3740,-0.6412
102375770,0.02808,-0.89001,-0.25439,-33.5267,39.7176,0.8626,0.97070,-0.18958,0.00366,-4.2443,-3.2595,-1.0992
102376770,-0.09119,-0.66895,-0.40857,-39.4962,37.2061,1.6107,0.97388,-0.18762,0.00671,-3.7023,-4.1374,-1.5115
102377770,-0.13538,-0.60071,-0.42639,-43.6489,37.9695,5.4580,0.97729,-0.18518,0.01111,-3.1908,-4.9924,-1.8397
102378770,-0.04980,-0.82080,-0.20093,-43.6718,41.5573,10.6107,0.98132,-0.18286,0.01599,-2.7252,-5.8321,-2.0992
102379771,0.07837,-1.16919,0.07275,-42.5115,43.9160,13.6412,0.98547,-0.18152,0.01941,-2.3282,-6.6489,-2.3282
102380770,0.13733,-1.37085,0.11365,-45.0076,42.6183,13.3511,0.99011,-0.18066,0.02258,-1.9695,-7.4275,-2.5191
102381770,0.14954,-1.35693,0.03320,-50.5191,40.2137,12.0153,0.99475,-0.18005,0.02551,-1.6183,-8.1374,-2.6947
102382771,0.18091,-1.27319,0.09937,-55.4580,38.1450,11.7405,0.99939,-0.17957,0.02820,-1.2672,-8.7939,-2.8244
102383770,0.22705,-1.24988,0.24939,-58.1145,34.3206,12.0305,1.00391,-0.17847,0.02954,-0.9389,-9.3817,-2.9389
102384771,0.23267,-1.29993,0.19031,-59.3969,27.4198,11.2901,1.00806,-0.17737,0.02917,-0.6489,-9.9160,-3.0382
102385771,0.17346,-1.35254,-0.03235,-60.3740,21.2290,8.9466,1.01184,-0.17590,0.03015,-0.3435,-10.4427,-3.1069
102386771,0.12805,-1.34143,-0.11853,-62.3511,19.0763,6.0840,1.01562,-0.17444,0.03259,-0.0153,-10.9389,-3.1374
102387770,0.13049,-1.26306,-0.06750,-66.2595,18.9008,4.1069,1.01929,-0.17346,0.03516,0.2901,-11.3664,-3.1603
102388770,0.14075,-1.19873,-0.05945,-70.1985,18.4046,3.6107,1.02258,-0.17236,0.03772,0.5496,-11.7634,-3.1527
102389771,0.15015,-1.17847,-0.11902,-71.5344,17.9160,3.5496,1.02612,-0.17041,0.03955,0.7939,-12.1298,-3.1221
102390771,0.16614,-1.17310,-0.13892,-69.5191,17.8321,3.1756,1.02869,-0.16797,0.04126,1.0076,-12.4809,-3.0840
102391771,0.18701,-1.15430,-0.10840,-67.3664,16.5802,2.7252,1.03296,-0.16602,0.04590,1.3511,-13.0916,-3.0992
102392771,0.18823,-1.14014,-0.14673,-67.6718,12.5191,3.0153,1.03564,-0.16602,0.04688,1.4885,-13.3053,-3.1069
102393770,0.16565,-1.16846,-0.26721,-69.5802,7.1145,3.8168,1.03748,-0.16626,0.04736,1.6336,-13.4656,-3.1145
102394770,0.12671,-1.16687,-0.37451,-71.1374,2.8931,3.7328,1.03943,-0.16736,0.04871,1.8244,-13.5802,-3.1221
102395770,0.05530,-1.00183,-0.46777,-72.4351,0.4962,2.0611,1.04102,-0.16943,0.04980,2.0229,-13.6489,-3.1679
102396770,-0.06018,-0.71655,-0.62354,-73.4580,-0.0458,0.7939,1.04211,-0.17114,0.05090,2.2519,-13.6947,-3.2595
102397770,-0.14685,-0.60535,-0.82495,-72.4122,2.1527,2.5802,1.04272,-0.17188,0.05200,2.4962,-13.7252,-3.3893
102398770,-0.16125,-0.82959,-0.94775,-68.9618,7.2137,6.2901,1.04321,-0.17078,0.05127,2.7634,-13.7557,-3.5496
102399770,-0.11035,-1.18494,-0.91150,-66.0458,13.6489,8.1145,1.04395,-0.16833,0.05017,3.0916,-13.7710,-3.7405
102400770,-0.01392,-1.34912,-0.78235,-66.3435,18.8550,6.5954,1.04517,-0.16638,0.04968,3.4275,-13.7863,-3.9542
102401770,0.06128,-1.27209,-0.65564,-67.6565,21.2366,4.2137,1.04639,-0.16382,0.04993,3.7328,-13.8092,-4.2061
102402771,0.10742,-1.11707,-0.56592,-66.9160,21.2595,3.0763,1.04663,-0.16028,0.05127,4.0153,-13.8397,-4.4809
102403770,0.15454,-1.01562,-0.51404,-63.6565,19.9695,3.1221,1.04626,-0.15613,0.05139,4.2595,-13.8550,-4.7939
102404770,0.19653,-1.00952,-0.46240,-59.6031,18.1832,3.1298,1.04590,-0.15198,0.04980,4.4351,-13.8321,-5.1374
102405770,0.21216,-1.00940,-0.42822,-56.8244,16.0229,1.7481,1.04590,-0.14844,0.04822,4.5267,-13.7710,-5.4427
102406770,0.19128,-0.94275,-0.43848,-54.6718,14.1069,-0.7405,1.04700,-0.14478,0.04626,4.5802,-13.7099,-5.7176
102407768,0.15039,-0.85999,-0.47095,-52.2595,13.2595,-2.6260,1.04968,-0.14148,0.04358,4.6260,-13.6260,-5.9771
102408768,0.12085,-0.82581,-0.48608,-49.9084,13.7252,-3.0153,1.05237,-0.13879,0.04077,4.6947,-13.5038,-6.2366
102409772,0.11316,-0.84436,-0.46875,-47.0229,14.7786,-2.6183,1.05457,-0.13611,0.03918,4.7786,-13.3588,-6.4885
102410770,0.12708,-0.86230,-0.44849,-42.6565,15.6489,-2.6412,1.05713,-0.13403,0.03833,4.8931,-13.2290,-6.7176
102411770,0.14502,-0.86816,-0.42395,-37.3053,15.7786,-2.8550,1.05945,-0.13281,0.03711,5.0076,-13.0763,-6.9313
102412770,0.16174,-0.88843,-0.38184,-33.3206,14.8168,-2.3969,1.06165,-0.13123,0.03540,5.0840,-12.8855,-7.0611
102413770,0.17371,-0.93030,-0.34326,-31.7786,12.5573,-1.1298,1.06335,-0.12927,0.03235,5.1374,-12.6641,-7.1603
102414770,0.17200,-0.96814,-0.35168,-31.6718,9.4504,0.0076,1.06348,-0.12769,0.03015,5.2137,-12.4198,-7.2290
102415770,0.14966,-0.93945,-0.45911,-32.1145,6.2519,0.2366,1.06274,-0.12683,0.02991,5.2901,-12.1527,-7.2824
102416770,0.09741,-0.88696,-0.63391,-31.7176,4.1450,0.4504,1.06152,-0.12622,0.03052,5.2901,-11.8855,-7.2977
102417770,0.05115,-0.90503,-0.79028,-30.5802,4.0916,1.3053,1.05994,-0.12573,0.03137,5.2290,-11.6183,-7.3053
102418770,0.03040,-0.97290,-0.87280,-29.9542,5.9160,1.9084,1.05811,-0.12610,0.03210,5.1298,-11.3359,-7.3130
102419771,0.03748,-1.02356,-0.85510,-30.2519,8.8244,1.6031,1.05737,-0.12756,0.03259,4.9924,-11.0611,-7.3282
102420770,0.07117,-1.04541,-0.80701,-31.3893,11.4504,1.0305,1.05750,-0.12866,0.03284,4.8168,-10.8015,-7.3206
102421770,0.09863,-1.09619,-0.76917,-31.9618,13.4351,0.9466,1.05688,-0.13013,0.03345,4.5878,-10.5420,-7.2672
102422770,0.11816,-1.17834,-0.71777,-31.3206,15.0153,0.6870,1.05664,-0.13269,0.03406,4.3130,-10.2443,-7.2137
102423767,0.13855,-1.21753,-0.66736,-30.1527,15.8244,-0.4351,1.05664,-0.13538,0.03333,4.0153,-9.9618,-7.1832
102424772,0.13782,-1.19751,-0.65393,-29.6947,15.3588,-1.8702,1.05627,-0.13855,0.03149,3.7405,-9.7099,-7.1221
102425771,0.11963,-1.14832,-0.65820,-30.0992,14.4275,-2.9466,1.05591,-0.14160,0.03003,3.4656,-9.4504,-7.0305
102426770,0.10547,-1.12073,-0.62622,-30.0229,13.9847,-3.5038,1.05481,-0.14465,0.02991,3.1985,-9.1908,-6.9618
102427770,0.09216,-1.14429,-0.60779,-29.2824,13.7863,-3.9771,1.05286,-0.14807,0.02991,2.9466,-8.9542,-6.8855
102428768,0.07678,-1.20605,-0.64392,-28.1298,14.1069,-4.7405,1.05078,-0.15076,0.02930,2.6947,-8.7252,-6.8092
102429768,0.07434,-1.27979,-0.65576,-26.6107,15.6031,-6.0382,1.04871,-0.15234,0.02917,2.4275,-8.4809,-6.7328
102430768,0.08484,-1.29932,-0.59253,-25.6641,17.5725,-8.0840,1.04736,-0.15320,0.02881,2.1221,-8.2214,-6.6336
102431768,0.08997,-1.23401,-0.49988,-25.9771,18.5802,-10.2443,1.04736,-0.15393,0.02856,1.8092,-7.9847,-6.5267
102432768,0.10303,-1.14600,-0.43274,-26.8702,18.2748,-11.5954,1.04810,-0.15466,0.02881,1.5344,-7.7634,-6.4198
102433768,0.11963,-1.13306,-0.39868,-26.8397,17.1069,-11.8702,1.04858,-0.15479,0.02783,1.2824,-7.5191,-6.3130
102434768,0.12170,-1.19702,-0.37537,-25.9466,15.7481,-12.1374,1.04907,-0.15442,0.02673,1.0458,-7.2290,-6.1985
102435771,0.11121,-1.20044,-0.37268,-26.2443,14.4046,-13.5038,1.04980,-0.15369,0.02649,0.8168,-6.9313,-6.0687
102436771,0.08691,-1.09680,-0.39294,-28.0916,13.4046,-14.9466,1.05078,-0.15259,0.02710,0.5649,-6.6641,-5.9084
102437771,0.06653,-1.01392,-0.42004,-30.1756,13.1450,-14.7023,1.05127,-0.15222,0.02808,0.3053,-6.3817,-5.7023
102438770,0.05676,-1.03210,-0.41577,-30.8092,13.9618,-13.2366,1.05005,-0.15198,0.02893,0.0305,-6.0840,-5.4656
102439770,0.06152,-1.07263,-0.37671,-29.9237,15.2901,-12.5649,1.04907,-0.15161,0.03003,-0.2443,-5.7710,-5.2290
102440770,0.07446,-1.06726,-0.38196,-28.7634,15.9847,-12.8550,1.04944,-0.15161,0.03162,-0.5191,-5.4580,-5.0000
102441770,0.08020,-1.10022,-0.40344,-27.1832,16.0076,-12.5649,1.04944,-0.15222,0.03333,-0.8092,-5.1450,-4.7634
102442770,0.09521,-1.18591,-0.36182,-25.7099,15.6107,-12.2595,1.04773,-0.15430,0.03345,-1.0992,-4.8397,-4.4962
102443770,0.12488,-1.21094,-0.27734,-25.2137,14.3435,-13.2901,1.04602,-0.15735,0.03271,-1.4122,-4.5267,-4.1679
102444770,0.14038,-1.15918,-0.23157,-25.6718,11.9618,-15.0305,1.04578,-0.15942,0.03369,-1.7099,-4.1985,-3.8244
102445770,0.12769,-1.10730,-0.25488,-26.0305,9.3511,-16.3511,1.04639,-0.16077,0.03455,-1.9924,-3.8702,-3.4733
102446768,0.10791,-1.08813,-0.30518,-25.7786,7.8626,-17.3969,1.04834,-0.16296,0.03381,-2.2595,-3.5649,-3.0916
102447768,0.09302,-1.06531,-0.36047,-26.0840,7.7252,-18.5420,1.05029,-0.16626,0.03333,-2.5038,-3.2824,-2.6794
102448772,0.07666,-1.03333,-0.39990,-27.1908,8.5649,-19.3511,1.05151,-0.17017,0.03247,-2.7252,-3.0076,-2.2519
102449770,0.05603,-0.99414,-0.41919,-28.2443,9.7099,-19.7405,1.05237,-0.17432,0.03149,-2.9466,-2.7405,-1.8092
102450770,0.03711,-0.94873,-0.44360,-28.2137,10.6336,-19.6183,1.05164,-0.17712,0.03174,-3.1603,-2.4809,-1.3664
102451770,0.02808,-0.93799,-0.45764,-27.1985,11.3282,-18.6412,1.04932,-0.17957,0.03284,-3.2977,-2.2366,-0.9160
102452770,0.04077,-0.97729,-0.43262,-25.9924,11.5954,-17.0916,1.04651,-0.18286,0.03381,-3.3893,-2.0000,-0.4809
102453768,0.06860,-1.03296,-0.38196,-24.7786,11.0000,-15.8092,1.04260,-0.18567,0.03406,-3.4809,-1.7710,-0.0763
102454766,0.08154,-1.07593,-0.35449,-23.8550,9.4504,-15.1527,1.03882,-0.18799,0.03320,-3.5344,-1.5420,0.3282
102455771,0.07458,-1.09131,-0.37354,-23.8779,7.6260,-15.1756,1.03503,-0.19055,0.03235,-3.5344,-1.3206,0.6870
102456771,0.06372,-1.04370,-0.41577,-24.6565,6.4809,-16.0687,1.03137,-0.19250,0.03088,-3.4885,-1.1374,0.9924
102457771,0.05750,-0.94946,-0.43188,-25.1145,6.4962,-17.3130,1.02893,-0.19324,0.02905,-3.4198,-0.9771,1.2672
102458771,0.06921,-0.92297,-0.41211,-25.0763,7.2137,-17.7481,1.02710,-0.19275,0.02747,-3.3282,-0.8168,1.5344
102459770,0.09265,-1.01477,-0.42969,-25.4733,7.6412,-17.6565,1.02466,-0.19128,0.02649,-3.1832,-0.6794,1.7863
102460770,0.10461,-1.11658,-0.48889,-26.0458,8.0229,-18.6031,1.02124,-0.18994,0.02612,-3.0076,-0.5725,2.0382
102461770,0.11316,-1.07983,-0.49524,-26.4198,9.0305,-21.1145,1.01794,-0.18896,0.02502,-2.8244,-0.5267,2.2443
102462770,0.11523,-0.90417,-0.43530,-26.8168,9.6336,-23.3588,1.01562,-0.18787,0.02405,-2.6107,-0.5038,2.3969
102463770,0.10645,-0.72656,-0.40259,-27.4809,8.8015,-23.5038,1.01343,-0.18677,0.02307,-2.3893,-0.5038,2.5267
102464770,0.10999,-0.65564,-0.40698,-27.6183,7.4504,-21.7328,1.01111,-0.18530,0.02148,-2.1832,-0.5115,2.6336
102465770,0.14185,-0.71301,-0.34729,-26.2214,6.8702,-19.5878,1.00842,-0.18420,0.02051,-1.9847,-0.5649,2.7481
102466770,0.17383,-0.79480,-0.29321,-24.7481,5.8779,-18.6565,1.00525,-0.18396,0.01965,-1.7863,-0.6565,2.8626
102467770,0.15234,-0.77820,-0.34253,-24.4427,4.0992,-18.9695,1.00232,-0.18408,0.02002,-1.6260,-0.7557,2.9695
102468770,0.10608,-0.66602,-0.40955,-25.5344,2.8702,-18.9924,1.00024,-0.18433,0.02124,-1.4733,-0.8626,3.0611
102469770,0.08362,-0.55591,-0.42749,-27.5496,2.3740,-17.5420,0.99902,-0.18494,0.02222,-1.2824,-1.0000,3.1603
102470770,0.08716,-0.55542,-0.42017,-28.6031,1.9618,-14.9695,0.99902,-0.18591,0.02380,-1.0458,-1.1450,3.2672
102471770,0.11780,-0.67371,-0.42041,-27.5038,1.6794,-13.0305,0.99902,-0.18738,0.02625,-0.8015,-1.2901,3.3588
102472768,0.14868,-0.82458,-0.40576,-25.1832,1.7481,-12.8397,0.99829,-0.18933,0.02856,-0.5344,-1.4580,3.4275
102473771,0.15381,-0.88269,-0.38062,-24.4656,1.7557,-14.3282,0.99854,-0.19153,0.02820,-0.2366,-1.6260,3.5038
102474771,0.13794,-0.79565,-0.40503,-26.4962,1.0687,-16.1832,0.99841,-0.19336,0.02747,0.1298,-1.8321,3.5802
102475770,0.11182,-0.67078,-0.46448,-29.1450,0.2901,-17.0229,0.99731,-0.19434,0.02686,0.5725,-2.0840,3.6183
102476771,0.10254,-0.59961,-0.49902,-29.9924,0.3206,-17.2748,0.99768,-0.19421,0.02490,1.0458,-2.3588,3.6412
102477771,0.10083,-0.55786,-0.49292,-28.3817,0.8855,-18.1221,0.99890,-0.19348,0.02332,1.5191,-2.6260,3.6641
102478770,0.08484,-0.50146,-0.49292,-26.7099,1.1679,-19.3130,0.99829,-0.19250,0.02283,1.9924,-2.8779,3.6489
102479770,0.06165,-0.44312,-0.55396,-27.2595,0.9542,-19.4656,0.99744,-0.19165,0.02271,2.4427,-3.1527,3.5878
102480770,0.03845,-0.43494,-0.60388,-28.5191,1.2519,-18.0534,0.99731,-0.19116,0.02246,2.8626,-3.4580,3.5038
102481770,0.03394,-0.45227,-0.58545,-29.0153,2.2443,-16.2137,0.99719,-0.19043,0.02185,3.2595,-3.7786,3.4046
102482770,0.02856,-0.43347,-0.57117,-28.8473,2.8168,-14.6641,0.99683,-0.18958,0.02222,3.6412,-4.1298,3.3053
102483770,0.00537,-0.39880,-0.59241,-28.3969,3.0458,-12.8550,0.99658,-0.18811,0.02393,3.9847,-4.5344,3.2061
102484770,-0.00354,-0.38660,-0.59045,-28.2290,3.7176,-10.5267,0.99561,-0.18652,0.02429,4.2824,-4.9542,3.1145
102485770,0.01648,-0.43152,-0.52905,-28.4733,4.5802,-7.8931,0.99524,-0.18518,0.02441,4.5573,-5.3511,3.0229
102486770,0.04309,-0.51819,-0.47107,-29.5267,4.7634,-5.9542,0.99622,-0.18372,0.02600,4.8092,-5.7405,2.9084
102487770,0.05627,-0.57141,-0.46899,-30.9618,4.3130,-5.4962,0.99731,-0.18274,0.02698,5.0382,-6.1603,2.8168
102488770,0.05310,-0.56018,-0.50281,-32.2214,3.7863,-6.0153,0.99829,-0.18188,0.02783,5.2519,-6.6107,2.7252
102489768,0.04517,-0.52893,-0.52881,-32.9618,3.6031,-6.3206,0.99878,-0.18066,0.02954,5.4504,-7.0840,2.6641
102490767,0.04260,-0.53210,-0.51965,-32.9618,3.6794,-6.1298,0.99963,-0.17981,0.03101,5.6107,-7.5420,2.6412
102491766,0.04895,-0.55872,-0.49658,-32.6107,3.7099,-6.0611,1.00366,-0.18164,0.03320,5.8397,-8.4122,2.5802
102492771,0.05798,-0.58789,-0.48157,-31.9466,3.6336,-6.1221,1.00549,-0.18262,0.03442,5.9542,-8.8168,2.5573
102493771,0.05237,-0.60376,-0.48328,-31.1603,3.4198,-6.1527,1.00684,-0.18347,0.03516,6.0534,-9.1832,2.5802
102494771,0.03809,-0.57361,-0.50403,-30.4122,3.2290,-6.1221,1.00793,-0.18335,0.03503,6.1374,-9.5496,2.6336
102495771,0.01392,-0.50354,-0.55273,-29.6565,3.0305,-5.7481,1.00952,-0.18250,0.03528,6.1985,-9.9237,2.7023
102496771,-0.01831,-0.44946,-0.60388,-28.4580,3.2595,-4.6565,1.01221,-0.18115,0.03650,6.2061,-10.2672,2.8168
102497770,-0.02783,-0.42932,-0.60718,-27.5954,4.2290,-3.1985,1.01514,-0.18018,0.03857,6.1985,-10.5496,2.9771
102498770,-0.01465,-0.42017,-0.56018,-28.2443,5.4122,-1.6031,1.01819,-0.17957,0.04114,6.1985,-10.8092,3.1527
102499770,0.01062,-0.42139,-0.49792,-30.4046,6.2824,0.3206,1.02026,-0.17883,0.04358,6.1985,-11.0534,3.3511
102500770,0.03638,-0.41968,-0.47656,-32.6794,6.5954,2.2137,1.02112,-0.17920,0.04553,6.1908,-11.3053,3.5420
102501771,0.04309,-0.41040,-0.49890,-33.3740,6.7405,3.8168,1.02148,-0.17908,0.04639,6.1756,-11.5420,3.7176
102502771,0.06763,-0.40442,-0.50598,-32.6870,7.0153,7.1756,1.02148,-0.17810,0.04626,6.1069,-11.7328,3.9084
102503771,0.09937,-0.43042,-0.42542,-32.4733,6.7176,9.0458,1.02209,-0.17712,0.04541,5.9924,-11.9084,4.1221
102504771,0.14001,-0.49146,-0.33325,-31.8397,5.6107,10.6031,1.02332,-0.17554,0.04468,5.8626,-12.1069,4.3511
102505770,0.15552,-0.59460,-0.29675,-30.1374,3.8244,11.6489,1.02393,-0.17395,0.04480,5.7481,-12.3053,4.5725
102506770,0.14941,-0.68384,-0.31641,-28.0687,2.3206,11.6336,1.02417,-0.17322,0.04492,5.6336,-12.5038,4.7939
102507770,0.13806,-0.70630,-0.35181,-26.5573,1.5191,10.8702,1.02466,-0.17236,0.04504,5.5191,-12.7099,5.0076
102508770,0.11682,-0.70361,-0.37573,-26.0153,1.0000,10.3206,1.02454,-0.17102,0.04517,5.3969,-12.9084,5.2214
102509770,0.10352,-0.73145,-0.39270,-26.2519,0.5420,10.1603,1.02466,-0.17004,0.04468,5.2672,-13.1069,5.4275
102510770,0.10254,-0.80652,-0.39856,-26.3817,0.2290,9.9008,1.02563,-0.16931,0.04456,5.1527,-13.2824,5.6183
102511771,0.10071,-0.90234,-0.38477,-26.0992,0.1985,9.0534,1.02673,-0.16821,0.04480,5.0840,-13.4427,5.7863
102512770,0.10229,-0.95471,-0.36975,-26.3130,0.2061,7.6107,1.02734,-0.16785,0.04346,5.0076,-13.5954,5.9618
102513771,0.09851,-0.93396,-0.37256,-27.4580,-0.0763,6.1679,1.02783,-0.16785,0.04187,4.9160,-13.7481,6.1298
102514771,0.08923,-0.87207,-0.38440,-28.9847,-0.5573,5.3893,1.02844,-0.16772,0.04236,4.8321,-13.9008,6.2977
102515771,0.07690,-0.78796,-0.38428,-30.0153,-0.9847,5.0916,1.02893,-0.16699,0.04309,4.7328,-14.0534,6.4198
102516771,0.06738,-0.68005,-0.35559,-30.0687,-1.3053,4.8855,1.02905,-0.16577,0.04297,4.6107,-14.1832,6.5267
102517770,0.07703,-0.58801,-0.32190,-29.4046,-1.8092,5.2061,1.02832,-0.16455,0.04333,4.4809,-14.3053,6.6183
102518770,0.08411,-0.59045,-0.31433,-28.2901,-2.7863,6.5344,1.02759,-0.16418,0.04370,4.3664,-14.4275,6.6870
102519770,0.07544,-0.65894,-0.32764,-27.4122,-3.8321,7.8244,1.02734,-0.16431,0.04285,4.2519,-14.5115,6.7328
102520770,0.07239,-0.67017,-0.34631,-27.3435,-4.5725,8.0992,1.02747,-0.16443,0.04089,4.1527,-14.5725,6.7252
102521770,0.06848,-0.60767,-0.36072,-27.4885,-5.0916,8.1603,1.02783,-0.16553,0.03845,4.0840,-14.6489,6.7023
102522770,0.05359,-0.56885,-0.37488,-26.7786,-5.6107,9.0534,1.02747,-0.16711,0.03662,4.0382,-14.7176,6.6794
102523770,0.03638,-0.58557,-0.40369,-25.3740,-6.1679,10.2519,1.02649,-0.16833,0.03601,4.0000,-14.7710,6.6183
102524770,0.02124,-0.60657,-0.43774,-24.4198,-6.5267,10.9847,1.02527,-0.16919,0.03564,3.9924,-14.8473,6.5038
102525770,0.02332,-0.61877,-0.44702,-24.4885,-6.4351,11.5649,1.02429,-0.16870,0.03552,4.0153,-14.9084,6.3817
102526770,0.03198,-0.64429,-0.43091,-24.9771,-6.4198,12.3588,1.02393,-0.16760,0.03540,4.0687,-14.9084,6.2672
102527770,0.02893,-0.67090,-0.43213,-25.2366,-6.8168,13.0076,1.02307,-0.16724,0.03564,4.1221,-14.8931,6.1603
102528770,0.01855,-0.66528,-0.47327,-25.4733,-7.3282,13.3053,1.02161,-0.16785,0.03577,4.1450,-14.9084,6.0458
102529770,0.00952,-0.64148,-0.50232,-25.6260,-7.3282,13.7328,1.02039,-0.16907,0.03467,4.1221,-14.9695,5.9237
102530770,0.00269,-0.61975,-0.50403,-25.8092,-7.2672,14.4198,1.01892,-0.17029,0.03369,4.0763,-15.0382,5.7786
102531768,-0.00269,-0.61572,-0.51782,-25.6336,-7.4351,15.3435,1.01685,-0.17114,0.03247,4.0458,-15.0687,5.6412
102532771,-0.00793,-0.65344,-0.55017,-24.7405,-7.5191,16.3435,1.01550,-0.17126,0.03149,4.0305,-15.0916,5.5115
102533771,-0.01062,-0.72058,-0.57788,-23.3206,-7.2137,17.1221,1.01501,-0.17175,0.03076,4.0229,-15.1450,5.3969
102534771,-0.00818,-0.76904,-0.60242,-22.0840,-6.7405,17.4733,1.01489,-0.17236,0.03052,3.9924,-15.2137,5.3130
102535770,-0.01843,-0.78259,-0.63086,-21.2214,-6.1985,17.6183,1.01550,-0.17285,0.03040,3.9313,-15.2519,5.2672
102536767,-0.03455,-0.79346,-0.64014,-20.4046,-5.3740,17.9389,1.01624,-0.17419,0.02991,3.8550,-15.2824,5.2901
102537766,-0.03760,-0.81848,-0.64929,-19.7939,-4.5038,18.3130,1.01611,-0.17505,0.03040,3.8015,-15.3206,5.3359
102538769,-0.03503,-0.87854,-0.65417,-19.1298,-3.4580,18.7252,1.01550,-0.17517,0.03210,3.7557,-15.3435,5.4046
102539767,-0.01733,-0.98096,-0.61328,-18.6947,-2.0687,18.9389,1.01562,-0.17554,0.03479,3.6794,-15.3359,5.5191
102540772,0.00879,-1.07996,-0.56238,-19.1450,-1.1145,18.5267,1.01721,-0.17676,0.03735,3.5496,-15.2977,5.6718
102541771,0.01404,-1.13403,-0.54773,-20.2824,-0.9160,17.5649,1.01917,-0.17822,0.03894,3.3893,-15.2366,5.8550
102542770,0.01013,-1.14197,-0.56372,-21.4962,-0.9542,16.4504,1.01941,-0.18005,0.04004,3.2214,-15.1450,6.0763
102543770,0.00879,-1.13721,-0.56116,-21.8321,-0.7405,15.5038,1.01929,-0.18298,0.04102,3.0611,-15.0229,6.3130
102544770,0.01538,-1.14502,-0.52588,-21.0916,-0.4885,14.5954,1.02002,-0.18616,0.04236,2.9084,-14.8550,6.5649
102545767,0.03186,-1.17236,-0.48706,-19.6641,-0.5573,13.6107,1.02185,-0.18884,0.04297,2.7634,-14.6412,6.8855
102546768,0.04675,-1.21838,-0.45166,-18.2214,-0.8855,12.5191,1.02454,-0.19128,0.04321,2.6031,-14.4122,7.2366
102547772,0.04993,-1.24341,-0.44214,-17.3511,-1.4427,11.0687,1.02698,-0.19312,0.04443,2.4122,-14.1832,7.6031
102548771,0.04163,-1.23108,-0.46350,-16.4275,-2.0382,9.3740,1.02869,-0.19556,0.04517,2.1832,-13.9237,8.0076
102549770,0.03149,-1.20837,-0.50098,-15.3740,-2.5115,7.8244,1.03040,-0.19897,0.04602,1.9695,-13.6183,8.4733
102550770,0.02271,-1.19824,-0.52490,-14.4427,-2.7023,6.6031,1.03198,-0.20227,0.04822,1.8092,-13.2672,8.9618
102551770,0.02136,-1.19910,-0.52954,-14.1069,-2.8168,5.5115,1.03357,-0.20605,0.04956,1.7099,-12.9008,9.4656
102552770,0.02197,-1.18835,-0.53577,-14.5496,-2.9466,4.4275,1.03455,-0.21021,0.04932,1.6336,-12.5191,9.9695
102553770,0.01379,-1.17468,-0.54443,-15.2290,-2.9542,3.5725,1.03455,-0.21350,0.04907,1.6107,-12.1527,10.4580
102554770,-0.00159,-1.14978,-0.57434,-16.1756,-2.8397,2.8015,1.03442,-0.21619,0.04846,1.6565,-11.8015,10.9160
102555770,-0.01086,-1.09924,-0.60193,-17.0000,-2.2595,2.1298,1.03369,-0.21741,0.04749,1.7634,-11.4351,11.3282
102556768,-0.00574,-1.03101,-0.59534,-17.6718,-1.4122,1.6565,1.03320,-0.21753,0.04590,1.9237,-11.0611,11.7023
102557768,0.00476,-0.97461,-0.56201,-17.7023,-0.7481,1.5573,1.03308,-0.21716,0.04480,2.1450,-10.7176,12.0153
102558771,0.01282,-0.95874,-0.54468,-16.9618,-0.7481,1.5954,1.03223,-0.21570,0.04346,2.3893,-10.4427,12.2901
102559771,0.02051,-0.96570,-0.56396,-15.9313,-1.0687,1.4046,1.03088,-0.21326,0.04236,2.6641,-10.1908,12.5420
102560771,0.03113,-0.97852,-0.55884,-14.9618,-1.1298,1.0076,1.02893,-0.21118,0.04211,2.9618,-9.9542,12.7557
102561771,0.03601,-0.96667,-0.52405,-14.3664,-1.2290,0.3359,1.02649,-0.20972,0.04187,3.2748,-9.7786,12.9008
102562770,0.01868,-0.91064,-0.52600,-13.8473,-1.8321,-0.5115,1.02478,-0.20764,0.04163,3.5573,-9.6641,13.0153
102563770,-0.00940,-0.84277,-0.56958,-13.0763,-2.2901,-1.0611,1.02441,-0.20337,0.04102,3.8015,-9.5954,13.0840
102564768,-0.02026,-0.82471,-0.59180,-11.9695,-1.9160,-0.8321,1.02368,-0.19861,0.03992,4.0229,-9.5420,13.0992
102565766,-0.01355,-0.86890,-0.55273,-11.0611,-0.9008,-0.2672,1.02295,-0.19531,0.03882,4.2137,-9.5115,13.0687
102566771,-0.00281,-0.90588,-0.49158,-11.1603,-0.0992,-0.1832,1.02319,-0.19336,0.03821,4.3817,-9.4962,13.0000
102567771,0.00146,-0.89185,-0.46143,-12.0153,0.1221,-0.5191,1.02271,-0.19189,0.03821,4.5191,-9.4809,12.9008
102568771,0.00024,-0.85706,-0.46155,-12.8092,0.0916,-0.5191,1.02222,-0.18933,0.03784,4.6260,-9.4580,12.7481
102569771,0.00903,-0.84595,-0.44775,-13.0916,0.1908,0.0153,1.02258,-0.18738,0.03650,4.7252,-9.4885,12.5573
102570771,0.02588,-0.86243,-0.40820,-13.1145,-0.0611,0.6183,1.02283,-0.18701,0.03503,4.8397,-9.5802,12.3282
102571771,0.03662,-0.87256,-0.38000,-13.2672,-0.9389,0.7634,1.02295,-0.18713,0.03333,4.9389,-9.6489,12.0916
102572771,0.04492,-0.85815,-0.35596,-13.2366,-1.9618,0.5649,1.02429,-0.18677,0.03198,5.0229,-9.6641,11.8931
102573770,0.05273,-0.84839,-0.31970,-12.7710,-2.8931,0.5649,1.02661,-0.18652,0.03064,5.1374,-9.6641,11.6794
102574770,0.05591,-0.86633,-0.30103,-12.2214,-4.0076,0.8626,1.02832,-0.18652,0.02954,5.2901,-9.6794,11.4427
102575770,0.05542,-0.88110,-0.33020,-11.8092,-5.2137,0.8626,1.03003,-0.18652,0.02869,5.4580,-9.6641,11.1603
102576770,0.05188,-0.86475,-0.36804,-10.9847,-6.0153,0.3817,1.03223,-0.18604,0.02734,5.6107,-9.6260,10.8626
102577771,0.05017,-0.83936,-0.37561,-9.8244,-6.5420,-0.0458,1.03333,-0.18567,0.02649,5.7481,-9.6031,10.5649
102578770,0.04248,-0.82788,-0.38818,-9.0229,-7.3969,-0.1374,1.03320,-0.18628,0.02686,5.8855,-9.5496,10.3130
102579770,0.03064,-0.82971,-0.41760,-8.7634,-8.3282,-0.1374,1.03259,-0.18713,0.02698,6.0305,-9.4962,10.0763
102580770,0.02734,-0.84851,-0.43970,-8.7557,-8.9466,-0.0840,1.03284,-0.18884,0.02661,6.1756,-9.4351,9.8397
102581770,0.02246,-0.88647,-0.46777,-8.8244,-9.4427,0.0534,1.03369,-0.18994,0.02637,6.3130,-9.3282,9.6260
102582770,0.00769,-0.90015,-0.52551,-9.3511,-9.7634,-0.0763,1.03430,-0.18970,0.02649,6.4504,-9.2137,9.4351
102583770,-0.00330,-0.85632,-0.56152,-10.0992,-9.3359,-0.3969,1.03491,-0.18896,0.02576,6.5954,-9.1069,9.2290
102584770,-0.00439,-0.79126,-0.55774,-10.6107,-8.6870,-0.3130,1.03540,-0.18835,0.02515,6.7634,-8.9542,9.0229
102585770,-0.00208,-0.74878,-0.56250,-10.6718,-8.3511,0.2748,1.03650,-0.18799,0.02661,6.9466,-8.7863,8.8473
102586770,0.00842,-0.75171,-0.57239,-10.0840,-8.1145,1.0611,1.03760,-0.18872,0.02686,7.1527,-8.6031,8.6794
102587768,0.02026,-0.78821,-0.56616,-9.2595,-7.9008,1.6718,1.03809,-0.18994,0.02466,7.3664,-8.4351,8.4962
102588768,0.02332,-0.81970,-0.56287,-8.6641,-8.0305,1.9160,1.03748,-0.19031,0.02234,7.5878,-8.2824,8.2977
102589767,0.01855,-0.82031,-0.58765,-8.2290,-8.4427,1.8397,1.03552,-0.19043,0.02039,7.8092,-8.1756,8.0916
102590768,0.01245,-0.81458,-0.59351,-7.4504,-8.4809,1.9466,1.03381,-0.18994,0.02209,8.2824,-7.9618,7.5802
102591768,0.01550,-0.81897,-0.56128,-6.8550,-8.2061,2.2061,1.03333,-0.18933,0.02307,8.5267,-7.8473,7.3359
102592768,0.01685,-0.81226,-0.54614,-6.7557,-8.1450,2.3130,1.03247,-0.18860,0.02258,8.7481,-7.7328,7.0687
102593772,0.00488,-0.81580,-0.55005,-6.7557,-8.0153,2.4809,1.03186,-0.18713,0.02136,8.9313,-7.6412,6.7328
102594770,0.00391,-0.85986,-0.55603,-6.8397,-7.6489,2.8397,1.03162,-0.18567,0.02014,9.0763,-7.5725,6.3893
102595771,0.03784,-0.91785,-0.57800,-7.1985,-7.3817,2.9008,1.03174,-0.18408,0.01953,9.2061,-7.5191,6.0840
102596770,0.07935,-0.95447,-0.59631,-7.6107,-7.4733,2.4809,1.03320,-0.18225,0.01880,9.3130,-7.4885,5.7939
102597770,0.09790,-0.95642,-0.59351,-8.1603,-8.2137,1.8626,1.03479,-0.18042,0.01782,9.3435,-7.4504,5.5191
102598771,0.07690,-0.88098,-0.64771,-9.1069,-10.0458,0.9008,1.03613,-0.17896,0.01746,9.3435,-7.4198,5.2366
102599770,0.02515,-0.74475,-0.78467,-9.3740,-11.8779,0.1069,1.03772,-0.17749,0.01721,9.3359,-7.3893,4.9695
102600770,0.00012,-0.67737,-0.84802,-7.9237,-11.7405,0.5878,1.03870,-0.17566,0.01685,9.3206,-7.3664,4.7099
102601770,0.01221,-0.73108,-0.79626,-5.9542,-10.5649,1.8321,1.03882,-0.17407,0.01709,9.2672,-7.3435,4.4962
102602768,0.00574,-0.78979,-0.78833,-4.9466,-10.0153,2.0916,1.03955,-0.17322,0.01746,9.1527,-7.3282,4.3282
102603771,-0.01770,-0.77393,-0.88428,-4.9466,-9.3969,1.5649,1.04016,-0.17322,0.01782,9.0382,-7.2672,4.1908
102604771,-0.03406,-0.76050,-0.95117,-4.9160,-7.4427,1.9084,1.04016,-0.17346,0.01709,8.9466,-7.1908,4.0763
102605771,-0.03491,-0.79114,-0.92078,-4.8931,-4.8855,2.9924,1.04041,-0.17322,0.01648,8.8626,-7.0992,3.9695
102606771,-0.01648,-0.79346,-0.89551,-5.5344,-3.2443,3.5038,1.04163,-0.17358,0.01660,8.7557,-7.0076,3.8855
102607770,-0.00745,-0.77173,-0.90491,-6.2901,-2.4962,3.7252,1.04456,-0.17383,0.01599,8.6489,-6.9313,3.8473
102608770,-0.00024,-0.78772,-0.89014,-6.7634,-1.8779,4.2748,1.04688,-0.17371,0.01611,8.5649,-6.8473,3.8702
102609770,0.01440,-0.83765,-0.85315,-7.0687,-1.4962,4.8779,1.04785,-0.17371,0.01599,8.4733,-6.7405,3.9237
102610770,0.02405,-0.88293,-0.82324,-7.6870,-1.4122,5.0687,1.04895,-0.17395,0.01526,8.3664,-6.6565,3.9771
102611768,0.03186,-0.88293,-0.80505,-8.8626,-1.3588,4.7939,1.04980,-0.17407,0.01489,8.2290,-6.5802,4.0382
102612767,0.03345,-0.84900,-0.78638,-9.1756,-1.1985,4.4656,1.04993,-0.17383,0.01440,8.0763,-6.5191,4.1145
102613768,0.02771,-0.82458,-0.77112,-8.2824,-1.0611,4.4198,1.04956,-0.17310,0.01392,7.9313,-6.4733,4.1908
102614772,0.02637,-0.83264,-0.76709,-7.5573,-0.9389,4.6718,1.04944,-0.17212,0.01306,7.7939,-6.4046,4.2366
102615771,0.03589,-0.86694,-0.76343,-7.5191,-0.8244,4.8626,1.04858,-0.17126,0.01184,7.6183,-6.3511,4.2824
102616770,0.05383,-0.90271,-0.76660,-7.3588,-0.7710,4.6718,1.04736,-0.17041,0.01025,7.4198,-6.3206,4.3435
102617770,0.04565,-0.92969,-0.78027,-6.7634,-0.8855,4.2290,1.04675,-0.16943,0.01001,7.2366,-6.3053,4.4122
102618770,0.01331,-0.91687,-0.81445,-6.9084,-0.9389,3.5420,1.04578,-0.16809,0.01074,7.0305,-6.3053,4.4580
102619770,-0.01270,-0.84741,-0.86462,-7.8244,-0.5344,2.9924,1.04517,-0.16724,0.01184,6.8015,-6.2977,4.4733
102620770,-0.02710,-0.80249,-0.87830,-8.0916,0.5802,3.3359,1.04541,-0.16687,0.01208,6.5420,-6.2901,4.4656
102621770,-0.02515,-0.83911,-0.85999,-7.9313,1.8931,4.3130,1.04504,-0.16589,0.01147,6.2977,-6.2824,4.4733
102622770,-0.02295,-0.90100,-0.86340,-8.2061,2.8244,4.8321,1.04480,-0.16431,0.01074,6.0458,-6.2748,4.4656
102623770,-0.03003,-0.90405,-0.88391,-9.1221,3.6870,4.5267,1.04443,-0.16333,0.01025,5.7939,-6.2595,4.4580
102624770,-0.02954,-0.84692,-0.87012,-10.0076,4.8397,4.2290,1.04260,-0.16260,0.01086,5.5344,-6.2290,4.4504
102625770,-0.02087,-0.80627,-0.82336,-10.2519,5.6870,4.6565,1.04126,-0.16162,0.01050,5.2748,-6.1985,4.4198
102626770,-0.01428,-0.82019,-0.79810,-10.1603,5.9313,5.4351,1.04053,-0.16040,0.00867,4.9847,-6.1450,4.3817
102627770,-0.00671,-0.87378,-0.78857,-9.9771,6.0687,6.0153,1.03943,-0.15967,0.00684,4.6794,-6.0763,4.2977
102628771,-0.00720,-0.91614,-0.78528,-10.1069,6.2137,5.9542,1.03857,-0.16003,0.00574,4.3359,-6.0076,4.2290
102629770,-0.02063,-0.90515,-0.80676,-10.3435,6.4504,5.3588,1.03894,-0.16052,0.00525,3.9847,-5.9695,4.1756
102630770,-0.03613,-0.85657,-0.82690,-10.3511,7.2366,4.8092,1.03894,-0.16064,0.00525,3.6412,-5.9237,4.1374
102631770,-0.03845,-0.82959,-0.80920,-9.8855,8.5878,4.8550,1.03931,-0.16077,0.00464,3.3130,-5.8550,4.0458
102632770,-0.02307,-0.87854,-0.76025,-8.7099,10.8550,4.9771,1.04004,-0.16150,0.00330,3.0229,-5.7939,3.9695
102633770,-0.01904,-0.88452,-0.74878,-8.7786,11.6641,4.5420,1.04041,-0.16296,0.00098,2.7481,-5.7557,3.8626
102634770,-0.02466,-0.87976,-0.74524,-9.2901,12.0763,4.3740,1.04041,-0.16443,-0.00049,2.4962,-5.7023,3.7405
102635770,-0.02844,-0.88403,-0.74719,-9.6718,12.3206,4.5420,1.03979,-0.16589,-0.00122,2.2977,-5.6336,3.6183
102636770,-0.02356,-0.88586,-0.72571,-10.1679,12.6412,4.7939,1.03857,-0.16748,-0.00220,2.1603,-5.5954,3.4885
102637768,-0.01294,-0.88354,-0.68054,-10.8855,12.9313,5.1603,1.03723,-0.16931,-0.00208,2.0534,-5.5725,3.3359
102638771,-0.00610,-0.87402,-0.67456,-11.7557,12.8321,5.4809,1.03540,-0.17053,-0.00146,1.9542,-5.5496,3.1450
102639771,-0.01746,-0.86560,-0.68896,-11.8855,13.0153,5.7939,1.03259,-0.17078,-0.00220,1.9008,-5.5267,2.9542
102640770,-0.02087,-0.86487,-0.68420,-12.0000,13.7176,6.0916,1.02930,-0.17126,-0.00342,1.8931,-5.5191,2.7328
102641770,-0.01306,-0.86182,-0.69312,-12.5420,14.3969,6.3435,1.02686,-0.17249,-0.00549,1.9008,-5.5267,2.4733
102642770,-0.00586,-0.87109,-0.68750,-12.4809,15.0840,6.4580,1.02637,-0.17358,-0.00720,1.8855,-5.5573,2.2061
102643770,0.01086,-0.88171,-0.65076,-11.7328,15.7405,6.1756,1.02686,-0.17493,-0.00708,1.8550,-5.5878,1.9389
102644770,0.03064,-0.88855,-0.61926,-10.8092,15.9466,5.6947,1.02710,-0.17590,-0.00671,1.8244,-5.6260,1.6794
102645770,0.04016,-0.90051,-0.61536,-10.4427,15.6794,5.3130,1.02747,-0.17651,-0.00562,1.8015,-5.6794,1.4275
102646770,0.05261,-0.91125,-0.59277,-10.5802,15.6107,5.0992,1.02783,-0.17664,-0.00427,1.7939,-5.7557,1.1832
102647770,0.06604,-0.90759,-0.54736,-11.1069,15.4580,4.8244,1.02734,-0.17627,-0.00427,1.7710,-5.8397,0.9466
102648770,0.07117,-0.87988,-0.53333,-11.6641,14.9237,4.4809,1.02722,-0.17615,-0.00439,1.7557,-5.9389,0.7176
102649768,0.07214,-0.85889,-0.54138,-11.7939,14.3053,4.4504,1.02771,-0.17688,-0.00452,1.7786,-6.0305,0.4809
102650768,0.07593,-0.86267,-0.52783,-11.7710,13.9313,4.7328,1.02820,-0.17725,-0.00427,1.8321,-6.1221,0.2824
102651772,0.09058,-0.86572,-0.49329,-11.9542,13.5038,4.9542,1.02905,-0.17651,-0.00220,1.8855,-6.1985,0.1069
102652770,0.10986,-0.84766,-0.46045,-12.2443,12.7099,4.9771,1.02991,-0.17627,0.00073,1.9389,-6.3053,-0.0534
102653770,0.12244,-0.83667,-0.44177,-12.3130,11.5267,5.2214,1.02856,-0.17639,0.00269,2.0000,-6.4122,-0.2137
102654770,0.10352,-0.86841,-0.45129,-11.8779,10.0305,5.7405,1.02722,-0.17627,0.00220,2.0687,-6.4962,-0.3588
102655770,0.06860,-0.91492,-0.47180,-11.3282,8.9008,5.9542,1.02710,-0.17639,0.00037,2.1374,-6.5573,-0.5038
102656770,0.05725,-0.92798,-0.47510,-11.6794,8.4580,5.7176,1.02747,-0.17676,-0.00061,2.2061,-6.5725,-0.6336
102657770,0.07031,-0.92993,-0.42749,-12.3740,8.5496,5.6794,1.02783,-0.17810,-0.00061,2.2595,-6.5725,-0.7328
102658770,0.09326,-0.95581,-0.36243,-12.6412,8.4122,5.8626,1.02795,-0.18030,-0.00061,2.3206,-6.5954,-0.8092
102659768,0.10083,-0.98047,-0.35486,-12.5649,7.6031,5.6336,1.02869,-0.18201,-0.00085,2.3893,-6.6489,-0.8473
102660772,0.08728,-0.97534,-0.39783,-12.7863,6.6183,4.9313,1.02942,-0.18274,-0.00159,2.4427,-6.6947,-0.9084
102661771,0.08032,-0.94580,-0.42053,-13.2061,6.0229,4.2748,1.02917,-0.18274,-0.00220,2.5267,-6.7252,-0.9389
102662771,0.09131,-0.94116,-0.39209,-13.1145,5.3359,4.0916,1.02820,-0.18347,-0.00378,2.6336,-6.7634,-0.9466
102663770,0.09961,-0.98132,-0.37732,-12.7939,3.8321,4.0229,1.02722,-0.18469,-0.00537,2.7405,-6.7786,-0.9618
102664771,0.09570,-1.01941,-0.39270,-12.3969,2.1069,3.4427,1.02576,-0.18579,-0.00464,2.8092,-6.8015,-0.9771
102665771,0.08459,-0.99194,-0.40344,-12.1985,0.8397,2.2290,1.02332,-0.18738,-0.00391,2.8550,-6.8550,-0.9924
102666770,0.06665,-0.91028,-0.41309,-12.1145,-0.0382,1.2901,1.02087,-0.18823,-0.00439,2.8855,-6.9542,-1.0000
102667770,0.04846,-0.86084,-0.43958,-11.9771,-0.7252,1.3664,1.01904,-0.18848,-0.00500,2.9084,-7.0305,-0.9847
102668767,0.04321,-0.87317,-0.47424,-11.6718,-1.0763,1.8855,1.01782,-0.18945,-0.00537,2.9313,-7.0840,-0.9618
102669768,0.05713,-0.92139,-0.49219,-11.2366,-1.0534,2.1527,1.01770,-0.19019,-0.00635,2.9847,-7.1679,-0.9237
102670772,0.06726,-0.96069,-0.50586,-11.2214,-1.1603,1.9924,1.01855,-0.19031,-0.00806,3.0534,-7.2824,-0.8931
102671767,0.05652,-0.95239,-0.52625,-11.8244,-1.4962,1.5649,1.01917,-0.19019,-0.00867,3.1145,-7.3817,-0.8473
102672772,0.04480,-0.88354,-0.54919,-12.9924,-1.8244,1.1221,1.01880,-0.18994,-0.00879,3.1908,-7.4504,-0.7939
102673771,0.03955,-0.81006,-0.55627,-13.6718,-1.9847,1.3130,1.01868,-0.18982,-0.00977,3.2748,-7.5115,-0.7405
102674771,0.03320,-0.79895,-0.54187,-13.2748,-2.0153,2.0687,1.01831,-0.18958,-0.01147,3.3282,-7.5878,-0.6336
102675771,0.02588,-0.82605,-0.54541,-12.4580,-2.1145,2.5267,1.01843,-0.19006,-0.01233,3.3664,-7.6641,-0.5115
102676771,0.01221,-0.84900,-0.56616,-11.8931,-2.0229,2.4885,1.01892,-0.19067,-0.01282,3.4122,-7.7176,-0.3740
102677770,-0.00110,-0.86694,-0.56030,-11.8015,-1.4809,2.4733,1.01892,-0.19116,-0.01318,3.4656,-7.7481,-0.2137
102678770,0.00220,-0.89417,-0.51990,-12.1145,-0.7939,2.7710,1.01831,-0.19177,-0.01196,3.5191,-7.7863,-0.0382
102679770,0.01233,-0.92920,-0.47583,-12.5878,-0.3969,3.0916,1.01697,-0.19177,-0.01172,3.5725,-7.8244,0.1374
102680768,0.02417,-0.95361,-0.44250,-12.8931,-0.2137,3.0611,1.01660,-0.19165,-0.01245,3.6260,-7.8321,0.3130
102681766,0.03821,-0.94897,-0.41895,-13.0687,-0.2519,2.6336,1.01782,-0.19177,-0.01294,3.6794,-7.8397,0.4885
102682771,0.04858,-0.93042,-0.40002,-13.1679,-0.5725,2.2901,1.01917,-0.19214,-0.01233,3.7099,-7.8702,0.6870
102683771,0.05750,-0.93799,-0.38074,-13.2977,-1.2672,2.3511,1.02051,-0.19299,-0.01013,3.7252,-7.9008,0.9160
102684770,0.06543,-0.96606,-0.37207,-13.6794,-2.3359,2.3740,1.02234,-0.19336,-0.00854,3.7099,-7.9313,1.1374
102685771,0.07397,-0.97620,-0.37378,-13.9924,-3.4809,1.9542,1.02380,-0.19275,-0.00806,3.6641,-7.9618,1.3969
102686771,0.08411,-0.95227,-0.36804,-13.8626,-4.4275,1.2366,1.02698,-0.19275,-0.00415,3.5115,-8.0763,1.9237
102687770,0.08801,-0.91382,-0.35522,-13.4198,-5.3206,0.6794,1.02930,-0.19324,-0.00269,3.4427,-8.1527,2.1527
102688770,0.08508,-0.88586,-0.36011,-13.0076,-6.3359,0.4427,1.03052,-0.19324,-0.00037,3.3740,-8.2137,2.3435
102689770,0.07703,-0.88403,-0.38855,-12.6031,-7.3511,0.4580,1.03198,-0.19189,0.00134,3.2748,-8.2672,2.5573
102690770,0.07434,-0.89880,-0.40271,-12.3435,-7.8931,0.4351,1.03418,-0.19043,0.00183,3.1756,-8.3053,2.8015
102691770,0.08179,-0.90076,-0.40881,-12.5191,-8.3588,0.1908,1.03540,-0.19031,0.00195,3.0916,-8.3664,3.0458
102692770,0.08154,-0.89392,-0.42993,-12.5573,-8.9771,-0.0763,1.03577,-0.19104,0.00134,3.0305,-8.4351,3.2366
102693770,0.06897,-0.88867,-0.47156,-12.4198,-9.7481,-0.2137,1.03589,-0.19177,0.00110,2.9924,-8.4962,3.4275
102694771,0.04688,-0.87012,-0.53162,-12.5649,-10.4198,-0.3206,1.03638,-0.19177,0.00146,3.0153,-8.5267,3.5802
102695770,0.02820,-0.83337,-0.58728,-13.2290,-10.7328,-0.2443,1.03772,-0.19116,0.00317,3.0840,-8.5649,3.7176
102696770,0.02100,-0.80664,-0.61755,-13.8702,-10.5802,0.2595,1.03906,-0.19092,0.00537,3.1603,-8.6107,3.8321
102697770,0.02014,-0.82141,-0.61719,-13.7405,-10.1298,1.0458,1.04150,-0.19141,0.00623,3.2137,-8.6336,3.9466
102698770,0.02441,-0.85107,-0.61755,-13.3206,-9.5573,1.5191,1.04443,-0.19165,0.00623,3.2443,-8.6336,4.0534
102699770,0.03149,-0.85986,-0.62134,-13.1298,-8.9008,1.6260,1.04529,-0.19165,0.00562,3.2672,-8.5954,4.1145
102700770,0.04041,-0.84851,-0.60950,-13.5115,-8.2443,1.7328,1.04395,-0.19116,0.00476,3.2824,-8.5344,4.1450
102701770,0.04797,-0.83679,-0.58740,-13.9542,-7.8702,2.0305,1.04309,-0.18970,0.00562,3.2901,-8.4733,4.2061
102702770,0.04919,-0.84473,-0.58325,-13.8168,-7.9084,2.2595,1.04333,-0.18835,0.00769,3.2901,-8.4275,4.2672
102703770,0.05042,-0.86133,-0.60095,-13.1908,-8.0611,2.0992,1.04309,-0.18738,0.00940,3.2672,-8.3511,4.2901
102704770,0.05615,-0.87500,-0.60229,-12.2595,-7.9695,1.6336,1.04236,-0.18665,0.01123,3.2061,-8.2366,4.3130
102705770,0.05627,-0.87500,-0.58606,-11.3206,-7.8855,1.0305,1.04224,-0.18555,0.01245,3.0992,-8.0992,4.3282
102706770,0.04956,-0.86841,-0.58386,-10.6183,-7.9695,0.5573,1.04285,-0.18481,0.01306,2.9771,-7.9466,4.3893
102707768,0.04175,-0.87354,-0.61194,-10.3969,-8.0916,0.4198,1.04395,-0.18518,0.01331,2.8244,-7.8092,4.5038
102708768,0.03735,-0.88733,-0.62781,-10.2519,-7.7023,0.5038,1.04480,-0.18555,0.01379,2.6565,-7.6565,4.6336
102709771,0.04614,-0.89673,-0.59363,-9.8779,-6.9466,0.5496,1.04468,-0.18542,0.01428,2.4656,-7.5191,4.7481
102710771,0.05591,-0.89587,-0.56458,-9.7176,-6.7328,0.6031,1.04419,-0.18457,0.01367,2.2519,-7.3511,4.8397
102711770,0.05042,-0.89429,-0.56165,-9.9542,-6.9389,0.8855,1.04382,-0.18420,0.01172,2.0076,-7.1527,4.9542
102712770,0.04810,-0.89343,-0.54712,-10.5573,-7.0305,1.3435,1.04419,-0.18481,0.00989,1.7481,-6.9771,5.1145
102713770,0.05249,-0.90027,-0.51929,-11.2748,-7.1221,1.8931,1.04565,-0.18567,0.00867,1.5191,-6.8168,5.3435
102714771,0.05225,-0.92236,-0.50854,-11.8397,-7.4275,2.2672,1.04651,-0.18677,0.00720,1.3130,-6.6565,5.6031
102715770,0.05212,-0.93213,-0.51758,-11.9237,-7.6565,2.0305,1.04651,-0.18799,0.00647,1.0534,-6.4809,5.8626
102716770,0.05420,-0.91248,-0.52344,-11.5573,-7.6641,1.3511,1.04590,-0.18933,0.00732,0.7710,-6.2519,6.1221
102717770,0.05664,-0.88733,-0.52026,-11.0763,-7.6641,0.8092,1.04541,-0.19177,0.00793,0.5115,-5.9695,6.3893
102718770,0.06079,-0.87830,-0.51575,-10.6489,-7.8550,0.4733,1.04529,-0.19373,0.00610,0.2901,-5.7099,6.6336
102719770,0.06470,-0.88000,-0.52222,-10.1527,-8.2672,0.0687,1.04529,-0.19373,0.00293,0.1374,-5.4885,6.8855
102720771,0.06616,-0.88770,-0.53894,-9.3511,-8.7557,-0.3740,1.04468,-0.19336,0.00122,0.0229,-5.2824,7.1756
102721770,0.05688,-0.89368,-0.55457,-8.4656,-9.2595,-0.7786,1.04309,-0.19348,0.00146,-0.0992,-5.0840,7.4504
102722767,0.04724,-0.87366,-0.56470,-8.1679,-9.6412,-1.1298,1.04163,-0.19373,0.00146,-0.2137,-4.8779,7.6947
102723771,0.04651,-0.84338,-0.57764,-8.5878,-9.9771,-0.9924,1.04004,-0.19409,-0.00049,-0.3435,-4.6947,7.8779
102724771,0.04590,-0.83813,-0.58618,-9.1221,-10.0916,-0.2901,1.03772,-0.19458,-0.00378,-0.4427,-4.4809,8.0305
102725771,0.04858,-0.84546,-0.59009,-9.6031,-9.9618,0.3588,1.03528,-0.19470,-0.00671,-0.4809,-4.2672,8.2214
102726771,0.05518,-0.84546,-0.60583,-9.9160,-9.7557,0.7328,1.03406,-0.19373,-0.00854,-0.5038,-4.0840,8.4046
102727770,0.05518,-0.84204,-0.64282,-10.1298,-9.6336,0.9771,1.03271,-0.19202,-0.01013,-0.5344,-3.9618,8.5191
102728770,0.04712,-0.82751,-0.67700,-10.1603,-9.3893,1.0229,1.03064,-0.19104,-0.01147,-0.5420,-3.8779,8.6336
102729770,0.04211,-0.80420,-0.68848,-9.8702,-9.1527,0.9237,1.02930,-0.19080,-0.01196,-0.5115,-3.7863,8.7557
102730770,0.04041,-0.79456,-0.69775,-9.3969,-9.1221,0.8855,1.02832,-0.19031,-0.01245,-0.4580,-3.6947,8.8626
102731770,0.04089,-0.81775,-0.69580,-8.5267,-9.0382,0.9084,1.02783,-0.18933,-0.01331,-0.4046,-3.6412,8.9542
102732770,0.05017,-0.85364,-0.68115,-7.5344,-8.8397,0.6718,1.02771,-0.18799,-0.01538,-0.4275,-3.6412,9.0534
102733770,0.06006,-0.87524,-0.68152,-6.9008,-8.7405,0.3053,1.02722,-0.18665,-0.01758,-0.5191,-3.6641,9.1679
102734770,0.05249,-0.87781,-0.70007,-6.8473,-8.6870,0.0458,1.02734,-0.18518,-0.01953,-0.6641,-3.6870,9.2901
102735770,0.04053,-0.85168,-0.72668,-7.0534,-8.4733,-0.1374,1.02869,-0.18372,-0.02087,-0.8779,-3.7176,9.4198
102736770,0.03992,-0.80957,-0.75793,-7.1603,-8.0763,-0.1298,1.03040,-0.18152,-0.02124,-1.1450,-3.7557,9.5802
102737768,0.04749,-0.79053,-0.77417,-7.0458,-7.5191,0.3435,1.03149,-0.17944,-0.02075,-1.4427,-3.8168,9.7557
102738768,0.06299,-0.80176,-0.76575,-6.9618,-7.0305,1.0153,1.03235,-0.17920,-0.01892,-1.7710,-3.8931,9.9542
102739772,0.06738,-0.81323,-0.77344,-6.9771,-7.0611,1.3740,1.03357,-0.17871,-0.01746,-2.1221,-3.9542,10.1756
102740771,0.05103,-0.81262,-0.82874,-6.9924,-7.3206,1.4733,1.03528,-0.17834,-0.01733,-2.4733,-4.0153,10.4046
102741771,0.03442,-0.81287,-0.87073,-6.9237,-6.9008,1.6870,1.03674,-0.17969,-0.01819,-2.8550,-4.0611,10.6183
102742770,0.03198,-0.82434,-0.85071,-6.7099,-5.8321,1.9771,1.03796,-0.18079,-0.01941,-3.2290,-4.0687,10.8321
102743771,0.02686,-0.83020,-0.82654,-6.4885,-4.9847,2.0153,1.03967,-0.18140,-0.02002,-3.5496,-4.0611,11.0458
102744770,0.01721,-0.81958,-0.83557,-6.2748,-4.2672,1.8244,1.04126,-0.18262,-0.02051,-3.8244,-4.0076,11.2977
102745770,0.02051,-0.81433,-0.83533,-6.0763,-3.0992,1.8015,1.04211,-0.18384,-0.02063,-4.0763,-3.9389,11.5954
102746770,0.03564,-0.84937,-0.79626,-5.6336,-1.7099,2.1603,1.04248,-0.18481,-0.02087,-4.3053,-3.8321,11.9389
102747771,0.05188,-0.90857,-0.77332,-5.4885,-0.9695,2.4046,1.04321,-0.18604,-0.02258,-4.5038,-3.6947,12.2748
102748770,0.05212,-0.92578,-0.79565,-6.0382,-0.8321,2.0611,1.04492,-0.18701,-0.02417,-4.6641,-3.5420,12.6412
102749770,0.03894,-0.88708,-0.80713,-6.6870,-0.6107,1.5420,1.04639,-0.18762,-0.02319,-4.8244,-3.4046,13.0458
102750770,0.03418,-0.84521,-0.78577,-6.8321,-0.2061,1.5725,1.04639,-0.18774,-0.02063,-4.9847,-3.2672,13.4733
102751768,0.03906,-0.84656,-0.75415,-6.5191,0.0916,2.0992,1.04529,-0.18799,-0.01965,-5.1756,-3.0992,13.9160
102752767,0.04590,-0.88074,-0.72620,-6.3130,0.2901,2.4809,1.04370,-0.18860,-0.01965,-5.3893,-2.9237,14.3817
102753772,0.05566,-0.91431,-0.69995,-6.4198,0.5420,2.4427,1.04236,-0.18921,-0.01868,-5.6183,-2.7176,14.8702
102754771,0.05530,-0.92578,-0.68811,-6.8244,0.6412,2.1145,1.04150,-0.18982,-0.01685,-5.8626,-2.5115,15.4046
102755771,0.04504,-0.90698,-0.69104,-7.2214,0.6947,1.6489,1.04028,-0.18994,-0.01611,-6.1298,-2.3511,15.9847
102756771,0.04028,-0.87183,-0.69360,-7.4427,0.7863,1.3053,1.03870,-0.18970,-0.01697,-6.4351,-2.1832,16.5802
102757771,0.03992,-0.85022,-0.68860,-7.3130,0.8321,1.2290,1.03748,-0.19067,-0.01868,-6.7939,-2.0076,17.1832
102758771,0.04187,-0.84741,-0.68018,-7.0611,0.7481,1.2595,1.03699,-0.19214,-0.02026,-7.1832,-1.8397,17.8168
102759770,0.04456,-0.84766,-0.67664,-6.8855,0.6183,1.2214,1.03748,-0.19275,-0.02148,-7.5878,-1.6870,18.4809
102760770,0.04858,-0.84326,-0.67944,-6.9084,0.5954,1.1832,1.03796,-0.19446,-0.02161,-8.0382,-1.5191,19.1756
102761770,0.04993,-0.82959,-0.69055,-7.1298,0.6565,1.2672,1.03821,-0.19763,-0.02039,-8.5267,-1.3053,19.9237
102762770,0.04895,-0.81921,-0.69958,-7.2366,0.7634,1.6107,1.04004,-0.20056,-0.01770,-9.0458,-1.0611,20.7252
102763770,0.04614,-0.81543,-0.71594,-7.3359,0.8092,2.0229,1.04187,-0.20386,-0.01392,-9.5725,-0.7863,21.5802
102764770,0.04272,-0.79248,-0.71680,-7.4351,1.2137,2.4962,1.04297,-0.20789,-0.01025,-10.0840,-0.4733,22.4885
102765770,0.04919,-0.78430,-0.69202,-7.6260,1.3053,2.7939,1.04443,-0.21191,-0.00745,-10.5878,-0.1145,23.4580
102766771,0.05090,-0.79578,-0.67664,-7.7557,1.1985,3.1374,1.04602,-0.21643,-0.00488,-11.1221,0.3053,24.4885
102767771,0.05127,-0.81641,-0.68811,-7.9008,1.0611,3.3053,1.04822,-0.22107,-0.00195,-11.7023,0.7786,25.5878
102768770,0.04761,-0.83875,-0.71240,-7.9466,1.1069,3.3969,1.05054,-0.22583,0.00061,-12.3130,1.2977,26.7634
102769770,0.04077,-0.84412,-0.71997,-8.0534,1.5191,3.3435,1.05249,-0.23071,0.00366,-12.9542,1.8626,28.0076
102770770,0.03870,-0.81848,-0.70471,-8.0458,2.0992,3.1527,1.05396,-0.23572,0.00781,-13.6107,2.4885,29.3511
102771770,0.03687,-0.79468,-0.69214,-7.7099,2.4275,3.2214,1.05530,-0.24023,0.01172,-14.3206,3.2137,30.7863
102772770,0.03308,-0.80652,-0.70459,-7.2748,2.4885,3.6794,1.05688,-0.24414,0.01660,-15.0992,4.0000,32.3435
102773770,0.03503,-0.84082,-0.71509,-7.1450,2.6794,4.1145,1.05957,-0.24829,0.02161,-15.9389,4.8397,34.0153
102774770,0.04150,-0.85754,-0.70105,-7.4580,3.0611,4.2214,1.06262,-0.25415,0.02673,-16.8473,5.7557,35.8321
102775770,0.04480,-0.84094,-0.67493,-7.9237,3.3511,4.1756,1.06567,-0.26233,0.03369,-17.8397,6.7557,37.7786
102776770,0.04053,-0.80859,-0.66003,-8.2366,3.4122,4.3053,1.06885,-0.27161,0.04224,-18.9389,7.8397,39.8550
102777770,0.03516,-0.79199,-0.65027,-8.4046,3.5649,4.8244,1.07312,-0.28113,0.05261,-20.1603,9.0153,42.1145
102778770,0.04236,-0.81763,-0.63086,-8.6260,3.8702,5.6794,1.08008,-0.29175,0.06445,-21.5038,10.2595,44.5649
102779770,0.05811,-0.86450,-0.60986,-9.0076,4.1145,6.2748,1.08862,-0.30298,0.07593,-22.9924,11.6031,47.2595
102780770,0.06323,-0.88257,-0.59961,-9.2290,4.1069,6.1756,1.09705,-0.31445,0.08789,-24.6641,13.0611,50.2137
102781770,0.05823,-0.85767,-0.59680,-9.1450,3.9924,5.7176,1.10657,-0.32812,0.10181,-26.5573,14.6412,53.4504
102782770,0.05261,-0.82483,-0.59460,-8.9389,3.7710,5.6031,1.13098,-0.36072,0.13159,-31.1374,18.1756,60.8321
102783770,0.05017,-0.81531,-0.58728,-8.8092,3.4885,5.9160,1.14148,-0.37817,0.14539,-33.8397,20.1069,65.0534
102784771,0.05688,-0.82410,-0.57812,-8.7863,3.1679,6.2443,1.15149,-0.39563,0.15918,-36.8550,22.1603,69.7023
102785771,0.06458,-0.83215,-0.56775,-8.6794,2.8931,6.2901,1.16101,-0.41309,0.17224,-40.1908,24.3130,74.7939
102786771,0.06213,-0.81628,-0.55688,-8.5038,2.6107,6.0916,1.16870,-0.43005,0.18237,-43.8397,26.5115,80.3359
102787771,0.05469,-0.77441,-0.56592,-8.4504,2.2672,5.9847,1.17554,-0.44592,0.19202,-47.7405,28.7939,86.3053
102788771,0.04187,-0.74121,-0.59131,-8.5267,1.9771,6.4504,1.18237,-0.46106,0.20203,-51.8321,31.1908,92.6870
102789770,0.03271,-0.74060,-0.59973,-8.7939,2.0000,7.3664,1.18884,-0.47632,0.21204,-56.0992,33.6870,99.4962
102790770,0.03674,-0.75574,-0.59570,-9.1756,2.1221,8.1832,1.19629,-0.49182,0.22205,-60.5191,36.2824,106.6947
102791770,0.03796,-0.76538,-0.60205,-9.3206,2.1985,8.6565,1.20520,-0.50793,0.23254,-65.0687,38.9847,114.3130
102792770,0.03174,-0.75574,-0.60767,-9.0992,2.4046,8.8550,1.21509,-0.52441,0.24426,-69.7023,41.8321,122.3817
102793770,0.02759,-0.72083,-0.60730,-8.9695,2.7023,9.0382,1.22595,-0.54016,0.25586,-74.3969,44.8550,130.8779
102794770,0.02124,-0.68103,-0.60742,-9.1908,2.9237,9.5802,1.23743,-0.55493,0.26746,-79.1908,48.0611,139.7786
102795770,0.01355,-0.66577,-0.59302,-9.2061,3.2443,10.4427,1.24890,-0.57007,0.27966,-84.1069,51.4351,149.1145
102796770,0.01184,-0.67285,-0.57581,-8.5420,3.5267,11.0840,1.26074,-0.58606,0.29199,-89.1985,54.9466,158.8626
102797770,0.00830,-0.69397,-0.57629,-7.3893,3.7176,11.4580,1.27332,-0.60339,0.30457,-94.4809,58.5496,169.0687
102798770,0.00891,-0.74854,-0.55408,-6.3740,4.1298,12.0611,1.28674,-0.62207,0.31763,-99.9924,62.2366,179.7863
102799770,0.02087,-0.82324,-0.50061,-6.4656,4.4427,12.7710,1.30066,-0.64246,0.33093,-105.7023,66.0305,191.0000
102800770,0.03101,-0.86841,-0.46729,-7.5802,4.2748,13.1298,1.31421,-0.66565,0.34387,-111.6794,69.9542,202.7328
102801770,0.03699,-0.87195,-0.46533,-8.7099,3.9542,13.1908,1.32629,-0.69067,0.35596,-117.9160,74.0000,215.0076
102802770,0.04443,-0.86646,-0.44922,-9.1527,3.9008,13.3435,1.33801,-0.71680,0.36670,-124.4198,78.0916,227.8855
102803771,0.05432,-0.87463,-0.41760,-9.2824,3.6947,13.5725,1.34937,-0.74316,0.37561,-131.1908,82.0992,241.3435
102804770,0.06653,-0.89294,-0.41626,-9.6565,2.9237,13.6565,1.36035,-0.76807,0.38306,-138.1603,86.2672,250.1298
102805770,0.07800,-0.91931,-0.43042,-10.3511,1.8855,13.5725,1.37061,-0.79260,0.38989,-145.2977,90.6412,250.1298
102806770,0.08752,-0.94067,-0.42822,-11.1069,0.9008,13.2824,1.37866,-0.81592,0.39526,-152.6107,95.0763,250.1298
102807770,0.09399,-0.94141,-0.42688,-11.2290,-0.0992,12.7099,1.38367,-0.83545,0.39697,-160.0611,99.4885,250.1298
102808768,0.09131,-0.92297,-0.44116,-10.6031,-1.0153,11.9771,1.38586,-0.85010,0.39612,-167.6336,103.8473,250.1298
102809771,0.08911,-0.90930,-0.44946,-9.6718,-1.5802,11.4962,1.38513,-0.85999,0.39270,-175.2824,108.1298,250.1298
102810771,0.08899,-0.93005,-0.45581,-8.9237,-2.0000,11.4504,1.38245,-0.86780,0.38489,-182.9847,112.3359,250.1298
102811770,0.08105,-0.98145,-0.46765,-8.3359,-2.3282,11.4809,1.37830,-0.87415,0.37402,-190.6947,116.4809,250.1298
102812770,0.07800,-1.02563,-0.48706,-8.1832,-2.5191,11.1527,1.37183,-0.87805,0.36096,-198.3511,120.5038,250.1298
102813767,0.08130,-1.04272,-0.51904,-8.4046,-2.6947,10.5802,1.36255,-0.87866,0.34546,-205.9084,124.3588,250.1298
102814772,0.08154,-1.04602,-0.53638,-8.5802,-2.7176,10.1069,1.35120,-0.87549,0.32812,-213.3588,128.0305,250.1298
102815770,0.07800,-1.03357,-0.54138,-8.9389,-2.8550,9.5954,1.33838,-0.86938,0.30920,-220.6260,131.5038,250.1298
102816768,0.07312,-1.00977,-0.55225,-9.7023,-3.0840,9.0992,1.32397,-0.86023,0.28784,-227.6870,134.7634,250.1298
102817768,0.06897,-1.00244,-0.56042,-10.4962,-3.1908,8.8473,1.30811,-0.84802,0.26453,-234.5115,137.8092,250.1298
102818766,0.07007,-1.02380,-0.53882,-10.7023,-2.9695,8.6794,1.29126,-0.83496,0.24121,-241.2595,140.5802,250.1298
102819769,0.07996,-1.05554,-0.50452,-10.5878,-2.7939,8.2366,1.27380,-0.82202,0.21680,-247.8931,143.0916,250.1298
102820772,0.08716,-1.07520,-0.48853,-10.4504,-2.8779,7.5115,1.25732,-0.80896,0.18982,-250.1374,145.3359,250.1298
102821771,0.08398,-1.08105,-0.47632,-10.1908,-3.1145,6.7710,1.24170,-0.79663,0.16296,-250.1374,147.3206,250.1298
102822771,0.07971,-1.05884,-0.46240,-10.1374,-3.4962,6.0000,1.22607,-0.78845,0.13684,-250.1374,149.0229,250.1298
102823770,0.08032,-1.03015,-0.45447,-9.9695,-4.0916,5.4733,1.21094,-0.78638,0.11084,-250.1374,150.4962,250.1298
102824770,0.08240,-1.03101,-0.45239,-9.5649,-4.8397,5.1832,1.19727,-0.78796,0.08533,-250.1374,151.7863,250.1298
102825770,0.08545,-1.05310,-0.44873,-9.1374,-5.5878,4.8321,1.18689,-0.79211,0.05896,-250.1374,152.9008,250.1298
102826767,0.08032,-1.05383,-0.45752,-9.2672,-6.4046,4.0840,1.17920,-0.79895,0.03296,-250.1374,153.8321,250.1298
102827772,0.06836,-1.01257,-0.48059,-9.8397,-7.0840,3.1908,1.17200,-0.80774,0.00818,-250.1374,154.6336,250.1298
102828770,0.06287,-0.96680,-0.48682,-10.2672,-7.3817,2.7252,1.16699,-0.81934,-0.01514,-250.1374,155.3359,250.1298
102829771,0.06128,-0.96118,-0.47839,-10.1298,-7.5725,2.7863,1.16418,-0.83215,-0.03564,-250.1374,155.9771,250.1298
102830770,0.05994,-0.99512,-0.47961,-9.8092,-7.8931,2.8626,1.16248,-0.84448,-0.05493,-250.1374,156.5420,250.1298
102831771,0.06091,-1.01489,-0.49438,-10.2748,-8.2595,2.5496,1.16199,-0.85645,-0.07263,-250.1374,157.0229,250.1298
102832770,0.06201,-1.00427,-0.49207,-11.0916,-8.4427,2.1145,1.16321,-0.86877,-0.09021,-250.1374,157.4046,250.1298
102833770,0.06458,-0.98340,-0.47083,-11.5115,-8.6794,1.7863,1.16516,-0.88110,-0.10840,-250.1374,157.7023,250.1298
102834770,0.06177,-0.95740,-0.47852,-11.5725,-9.3359,1.4580,1.16748,-0.89343,-0.12561,-250.1374,157.8931,250.1298
102835770,0.05078,-0.92444,-0.51099,-11.6718,-9.9618,1.0916,1.16919,-0.90845,-0.14270,-250.1374,157.9389,250.1298
102836768,0.04810,-0.90002,-0.52002,-11.7634,-10.1450,0.8626,1.17139,-0.92651,-0.16113,-250.1374,157.8702,250.1298
102837772,0.05310,-0.90381,-0.51367,-11.6947,-10.2977,0.8397,1.17334,-0.94702,-0.17920,-250.1374,157.7252,250.1298
102838771,0.04932,-0.92896,-0.52820,-11.5802,-10.7099,0.7252,1.17285,-0.96814,-0.19568,-250.1374,157.4275,250.1298
102839770,0.04736,-0.94641,-0.54541,-11.5038,-10.8626,0.2901,1.17078,-0.98645,-0.21240,-250.1374,156.9237,250.1298
102840770,0.04675,-0.92761,-0.53552,-11.6794,-10.7176,-0.2595,1.16882,-1.00220,-0.22913,-250.1374,156.2290,250.1298
102841767,0.03992,-0.89233,-0.50000,-11.9847,-10.5802,-0.4122,1.16711,-1.01917,-0.24573,-250.1374,155.3282,250.1298
102842772,0.03345,-0.87524,-0.47595,-12.5954,-10.7634,-0.0840,1.16589,-1.03979,-0.26196,-250.1374,154.1985,250.1298
102843771,0.02612,-0.88452,-0.46643,-13.3130,-10.9618,0.4198,1.16614,-1.05823,-0.27759,-250.1374,152.8626,250.1298
102844771,0.03381,-0.91077,-0.42896,-13.9389,-10.7786,0.8015,1.16418,-1.06909,-0.28943,-250.1374,151.3588,250.1298
102845771,0.05676,-0.93896,-0.36682,-14.5802,-10.7099,1.0076,1.15662,-1.07300,-0.29492,-250.1374,149.6183,250.1298
102846770,0.07812,-0.95386,-0.31799,-15.4275,-11.3053,1.0000,1.14258,-1.07043,-0.29822,-250.1374,147.5802,250.1298
102847770,0.09485,-0.93213,-0.31189,-16.5954,-12.5878,0.7099,1.12427,-1.06482,-0.30371,-250.1374,145.2061,250.1298
102848770,0.10803,-0.90881,-0.31946,-17.0534,-14.0458,0.5725,1.10254,-1.05774,-0.31262,-250.1374,142.4885,250.1298
102849770,0.11389,-0.92188,-0.32666,-16.6947,-15.7023,0.5267,1.07837,-1.04468,-0.32483,-250.1374,139.4122,250.1298
102850770,0.10718,-0.93884,-0.35010,-16.0916,-17.6412,0.0382,1.05396,-1.02185,-0.34265,-250.1374,135.9084,250.1298
102851770,0.09448,-0.92090,-0.37817,-15.7328,-19.4275,-0.9542,1.03027,-0.99023,-0.36511,-250.1374,131.9695,250.1298
102852770,0.08057,-0.87805,-0.38818,-15.5115,-20.6260,-1.8015,1.01184,-0.95898,-0.38684,-250.1374,127.5420,250.1298
102853770,0.03101,-0.85278,-0.37000,-15.2519,-21.2977,-1.9924,1.00073,-0.93738,-0.40601,-250.1374,122.6870,250.1298
102854771,-0.00684,-0.81042,-0.33899,-15.4885,-21.1756,-1.9847,0.99512,-0.92615,-0.41895,-250.1374,117.5954,250.1298
102855770,0.15869,-0.65234,-0.20264,-15.1221,-18.8168,-2.4122,0.99353,-0.92456,-0.42737,-250.1374,112.4656,250.1298
102856770,0.47217,-0.53882,0.06262,-10.2672,-17.1221,-1.7481,0.99414,-0.92957,-0.43689,-250.1374,107.1985,250.1298
102857770,0.65283,-0.53870,0.36768,0.8244,-19.1527,-1.2290,0.99927,-0.94287,-0.44788,-250.1374,101.7481,250.1298
102858770,0.51587,-0.01172,0.31897,12.9924,-26.9695,-8.0840,1.00854,-0.96204,-0.46094,-250.1374,96.2061,250.1298
102859770,0.29346,1.32812,0.07166,33.2901,-33.1527,-20.5954,1.01904,-0.98450,-0.47546,-250.1374,90.6565,250.1298
102860770,0.38635,1.99994,0.23401,72.8321,-33.8550,-23.0076,1.02979,-1.00964,-0.49194,-250.1374,85.1832,250.1298
102861771,0.40881,1.67041,0.44214,121.5649,-40.8702,-9.2061,1.03979,-1.03149,-0.51074,-246.0153,79.8550,250.1298
102862771,0.23035,0.20288,0.10742,150.5344,-54.0916,1.7710,1.04956,-1.04932,-0.53186,-231.9313,74.6260,250.1298
102863770,0.20117,-0.28821,-0.50134,154.8931,-62.3282,-3.8702,1.06628,-1.05542,-0.56616,-216.4198,69.3588,250.1298
102864770,0.19336,0.17029,-0.53540,167.9695,-60.0458,-12.7252,1.09351,-1.05347,-0.60718,-199.6565,63.9389,250.1298
102865770,0.06873,0.57190,-0.45862,195.0992,-57.2672,-11.7939,1.12744,-1.06641,-0.62756,-181.8550,58.3435,250.1298
102866770,-0.17358,0.66650,-0.94910,217.4046,-56.7863,-3.6412,1.15320,-1.08447,-0.62939,-162.7557,53.0992,250.1298
102867767,-0.30249,0.42859,-1.36365,223.5649,-51.1832,7.1527,1.15320,-1.08289,-0.63159,-142.1069,48.6336,250.1298
102868772,-0.09424,-0.12378,-1.10913,217.2366,-40.4733,17.4885,1.12317,-1.04468,-0.63782,-120.2290,44.8015,250.1298
102869770,0.17786,-1.35864,-0.86877,209.5496,-38.6870,29.5115,1.07007,-0.97290,-0.64734,-97.9542,40.8931,250.1298
102870770,0.07715,-2.00000,-1.50195,190.1374,-47.6870,36.6412,1.01160,-0.88953,-0.64795,-76.0840,36.5344,250.1298
102871770,-0.09119,-2.00000,-1.97864,158.1069,-48.1450,27.4427,0.93835,-0.76599,-0.62927,-55.3359,31.9924,250.1298
102872770,0.04541,-1.68933,-1.32690,140.2748,-37.6107,7.8855,0.85632,-0.61487,-0.60461,-36.3969,26.9847,250.1298
102873770,0.10291,-0.30640,-0.79468,148.8397,-36.4122,1.1221,0.78406,-0.47644,-0.57385,-19.5649,21.8015,250.1298
102874770,-0.11450,-0.55847,-1.22144,160.4046,-42.2901,13.0458,0.71216,-0.33936,-0.52954,-4.8244,16.8779,250.1298
102875770,-0.09399,-1.70337,-1.34668,156.7405,-38.4198,21.5420,0.63757,-0.19055,-0.46851,7.9008,12.0611,250.1298
102876771,0.34058,-2.00000,-0.57593,148.3969,-27.9542,11.1603,0.56592,-0.04553,-0.40417,18.8244,6.9847,250.1298
102877770,0.66248,-1.79700,0.04846,152.1374,-26.8702,-5.8931,0.50293,0.06848,-0.34827,28.1450,2.0000,250.1298
102878770,0.48975,-1.45447,-0.33191,167.9695,-38.0534,-15.1374,0.44653,0.15784,-0.28723,35.9313,-2.4656,250.1298
102879770,0.12903,-1.23572,-1.15381,177.9618,-47.9618,-17.3206,0.32434,0.30103,-0.16162,47.5496,-9.5878,250.1298
102880770,0.04114,-0.88245,-1.38831,174.0305,-49.6031,-15.3206,0.27051,0.33167,-0.10474,51.6718,-12.4733,250.1298
102881768,0.10754,-0.66675,-1.07397,165.4580,-50.7405,-9.7634,0.21765,0.34131,-0.05579,54.9313,-14.8855,250.1298
102882768,0.11963,-0.86548,-0.97705,163.1298,-55.3740,-4.1374,0.16785,0.32703,-0.01318,57.4809,-16.8550,250.1298
102883772,0.04517,-1.22717,-1.38428,165.2137,-57.8397,-1.4122,0.12756,0.28992,0.02124,59.4198,-18.5267,250.1298
102884771,-0.05127,-1.47131,-1.67017,163.6107,-51.9542,0.7786,0.09985,0.23438,0.04199,60.9847,-19.9237,250.1298
102885771,-0.05908,-1.50879,-1.53015,148.0534,-42.3664,4.8244,0.08521,0.15820,0.05530,62.5344,-20.9542,250.1298
102886771,-0.04150,-1.32800,-1.52515,123.3359,-37.7328,9.7405,0.07544,0.07190,0.06506,64.3969,-21.4809,250.1298
102887771,-0.06995,-1.11682,-1.73059,109.5344,-35.6260,13.0382,0.06287,-0.00989,0.07605,66.7252,-21.4656,250.1298
102888771,0.00696,-1.02429,-1.52698,115.8168,-29.7328,12.5954,0.04529,-0.07983,0.09021,69.5191,-20.9771,250.1298
102889771,0.14343,-1.09985,-1.11450,129.5420,-26.8473,9.6947,0.02051,-0.13208,0.10645,72.5115,-20.1374,250.1298
102890770,0.14429,-1.32239,-1.11768,134.3282,-31.0229,6.8015,-0.00757,-0.16724,0.12537,75.3664,-19.0840,250.1298
102891770,0.12915,-1.51904,-1.27625,128.7328,-34.6336,3.4733,-0.03552,-0.18652,0.14404,77.8015,-17.8626,250.1298
102892768,0.19214,-1.57520,-1.14600,128.1298,-33.2214,-1.9008,-0.06177,-0.19373,0.16382,79.5191,-16.5725,250.1298
102893772,0.17139,-1.76355,-1.64185,148.5115,-31.2824,-12.9695,-0.08228,-0.19849,0.18396,80.4275,-15.2366,250.1298
102894771,0.15942,-1.78210,-1.45740,152.5573,-20.2519,-18.0382,-0.09387,-0.21472,0.19971,80.6489,-13.7786,250.1298
102895770,0.34631,-0.88843,-0.21143,154.4046,-5.1908,-31.0000,-0.09412,-0.24866,0.21582,80.2290,-12.1527,250.1298
102896770,0.55554,1.90210,1.03564,167.1298,2.2672,-58.5649,-0.08606,-0.28882,0.23547,79.3130,-10.2977,250.1298
102897768,1.10645,1.99994,1.89172,233.6183,6.9924,-79.9389,-0.07532,-0.32556,0.25732,78.2214,-8.0916,250.1298
102898767,1.68909,1.99994,1.99994,250.1298,0.4885,-67.5191,-0.06897,-0.34265,0.28125,77.1145,-5.5954,250.1298
102899768,1.11243,1.76685,1.91675,250.1298,-28.6412,-44.8931,-0.06885,-0.33936,0.30261,75.9924,-3.0305,250.1298
102900768,0.36719,0.56409,0.95251,250.1298,-66.5802,-65.1145,-0.07166,-0.32751,0.32324,74.8244,-0.4656,250.1298
102901768,0.45728,1.99994,0.13794,250.1298,-99.2214,-119.5420,-0.07703,-0.30847,0.34973,73.5115,1.9466,250.1298
102902772,0.51514,1.99994,-0.20703,250.1298,-117.6870,-133.1832,-0.08215,-0.29016,0.37793,71.9618,4.0687,250.1298
102903771,0.09644,1.99994,-0.77368,250.1298,-125.9771,-80.3359,-0.08569,-0.27881,0.40234,70.1221,5.8931,250.1298
102904770,-0.68079,0.88013,-1.85559,250.1298,-123.6031,-24.6947,-0.08801,-0.27588,0.42395,67.9924,7.4733,250.1298
102905770,-1.09375,-0.14783,-2.00000,250.1298,-105.7252,-18.1069,-0.09106,-0.28052,0.44189,65.5649,8.8244,250.1298
102906770,-0.96667,1.99994,-2.00000,250.1298,-78.2519,-36.1374,-0.09583,-0.29309,0.45459,62.9008,9.8550,250.1298
102907768,-0.88586,1.99994,-2.00000,250.1298,-54.0305,-22.1679,-0.10315,-0.30859,0.45483,60.0992,10.3969,250.1298
102908771,-1.35913,1.54114,-2.00000,250.1298,-40.9466,37.5344,-0.11389,-0.32605,0.44324,57.3359,10.4198,250.1298
102909771,-2.00000,-2.00000,-2.00000,250.1298,-27.4885,83.1985,-0.12488,-0.35071,0.42749,54.7786,9.9237,250.1298
102910771,-1.84631,-2.00000,-2.00000,250.1298,8.6794,61.1374,-0.13513,-0.38037,0.40674,52.4733,8.8168,250.1298
102911771,-0.49060,0.61609,-1.71436,250.1298,34.4351,15.3053,-0.14636,-0.41162,0.38171,50.4198,7.0382,250.1298
102912770,-0.08679,1.99994,-0.96765,250.1298,23.5420,17.1832,-0.15894,-0.44336,0.35278,48.5725,4.6412,250.1298
102913770,-0.68298,0.82275,-2.00000,250.1298,12.7405,55.0992,-0.17322,-0.46924,0.32227,46.8168,1.5802,250.1298
102914770,-0.61096,-1.58606,-2.00000,250.1298,33.6794,69.9466,-0.18835,-0.49414,0.29028,45.0534,-2.1832,250.1298
102915770,0.21960,-2.00000,-0.87170,250.1298,59.3740,54.1756,-0.20312,-0.52039,0.25586,43.2977,-6.5496,250.1298
102916770,0.70398,-1.76318,0.45935,250.1298,57.8473,25.3893,-0.21643,-0.54187,0.22168,41.5038,-11.5038,250.1298
102917770,0.46948,-0.55005,0.21387,250.1298,40.3740,-4.3053,-0.22656,-0.56348,0.18909,39.6183,-16.9924,236.4427
102918768,0.19922,0.34473,-0.38159,250.1298,29.0611,-20.0153,-0.23193,-0.58960,0.15955,37.5649,-22.9389,221.8626
102919771,0.23438,0.24194,-0.47791,250.1298,21.9695,-10.5802,-0.23242,-0.61865,0.13501,35.2824,-29.2519,208.0382
102920771,0.60413,-0.73303,0.07849,250.1298,14.7710,4.8626,-0.23108,-0.64783,0.11340,32.7328,-35.8015,195.0992
102921771,1.12170,-1.78088,0.80176,250.1298,5.6947,0.8244,-0.22900,-0.67212,0.09180,29.9389,-42.4962,183.0305
102922770,1.19885,-2.00000,0.36841,250.1298,-9.2748,-20.3206,-0.22546,-0.68958,0.06885,27.0000,-49.2824,171.8244
102923770,0.11523,-1.40356,-1.01038,250.1298,-24.4962,-48.6107,-0.22144,-0.70312,0.04211,24.0000,-56.1069,161.4122
102924770,-0.92639,1.53662,-1.93591,250.1298,-25.1221,-67.5420,-0.21729,-0.71362,0.01428,21.0000,-62.9237,151.7786
102925770,-0.93298,1.99994,-2.00000,250.1298,-17.5115,-51.8092,-0.21204,-0.72388,-0.01013,17.9695,-69.6565,142.8702
102926768,-0.85303,1.99994,-2.00000,250.1298,-9.2824,1.2443,-0.20593,-0.73645,-0.03369,14.9008,-76.2061,134.6412
102927772,-0.83691,-0.24988,-2.00000,250.1298,6.9389,38.3664,-0.19946,-0.75159,-0.05383,11.8702,-82.5038,127.0763
102928770,-0.62976,-1.69275,-1.62732,250.1298,22.6489,26.2214,-0.19250,-0.76794,-0.06714,8.9313,-88.4427,120.1756
102929770,-0.63330,-0.24036,-1.70715,250.1298,28.9084,4.4962,-0.18408,-0.78540,-0.07727,6.1374,-93.9542,113.9160
102930770,-0.78223,1.81848,-1.96497,250.1298,32.6870,12.4351,-0.17371,-0.80273,-0.08582,3.5802,-98.9618,108.1908
102931770,-0.75305,1.99994,-2.00000,250.1298,39.2977,45.4580,-0.16235,-0.81592,-0.09290,1.3053,-103.4427,102.9771
102932770,-0.70312,0.98401,-2.00000,250.1298,48.1374,77.7328,-0.15088,-0.82483,-0.09863,-0.6641,-107.4122,98.2137
102933770,-0.77246,-0.87561,-2.00000,250.1298,55.2443,84.5344,-0.13708,-0.83411,-0.09949,-2.3053,-110.8473,93.9008
102934768,-0.79370,-1.12927,-2.00000,250.1298,63.3282,64.2824,-0.11841,-0.84656,-0.09485,-3.6183,-113.7176,89.9695
102935768,-0.68262,0.13379,-1.46863,250.1298,68.6107,42.4733,-0.09351,-0.86670,-0.08374,-4.7023,-115.9847,86.4580
102936771,-0.65381,0.98389,-1.20422,250.1298,70.0611,44.3664,-0.06567,-0.89343,-0.06580,-5.6718,-117.5573,83.4885
102937771,-0.61658,0.15796,-1.06567,250.1298,76.6947,63.3435,-0.04407,-0.91162,-0.05188,-6.5115,-118.3740,81.1679
102938770,-0.36279,-1.39636,-0.70728,250.1298,89.5573,71.5802,-0.03015,-0.91907,-0.04639,-7.1908,-118.4962,79.3969
102939770,-0.00757,-1.98804,-0.11731,250.1298,101.7176,59.2977,-0.01953,-0.92395,-0.04370,-7.6718,-118.0840,77.9389
102940770,0.24634,-1.08691,0.33313,250.1298,103.7405,39.9084,-0.00452,-0.94019,-0.03564,-8.0382,-117.2061,76.7176
102941770,0.39001,0.49939,0.52808,250.1298,98.2672,30.4656,0.01147,-0.96594,-0.02490,-8.3511,-115.7863,75.8092
102942770,0.51001,1.28027,0.73547,250.1298,89.2824,39.5878,0.02368,-0.99365,-0.01514,-8.5649,-113.8015,75.4275
102943770,0.48206,0.48975,0.79529,250.1298,75.9237,58.4580,0.03699,-1.02380,-0.00208,-8.6565,-111.2824,75.5267
102944768,0.30811,-0.76953,0.48340,250.1298,59.8244,64.6107,0.04932,-1.04639,0.00793,-8.4962,-108.1908,76.0687
102945768,0.11633,-0.95056,0.01746,250.1298,48.7863,50.2977,0.06091,-1.06470,0.01062,-8.0382,-104.5802,76.9695
102946766,-0.18408,-0.16223,-0.11255,250.1298,46.1450,33.4046,0.07373,-1.07812,0.00464,-7.2061,-100.5267,78.1756
102947769,-0.72192,0.57678,0.04541,250.1298,49.0611,30.5496,0.09131,-1.08459,-0.01099,-5.9389,-96.2366,79.6565
102948772,-1.01184,0.79370,-0.21387,250.1298,52.6412,39.3664,0.10962,-1.09155,-0.02966,-4.1985,-91.9160,81.3359
102949771,-0.93823,0.57239,-0.84863,250.1298,60.3282,51.0458,0.11572,-1.09644,-0.04456,-1.9466,-87.6718,83.1756
102950771,-0.71191,-0.17957,-0.75757,250.1298,75.6947,63.4885,0.11328,-1.10046,-0.05151,0.7939,-83.5038,85.1756
102951771,-0.21130,-1.16345,0.01526,250.1298,90.3588,70.4275,0.10510,-1.10217,-0.05212,3.9618,-79.3206,87.2748
102952770,-0.01843,-1.28394,0.35522,250.1298,90.7328,64.2366,0.08899,-1.09546,-0.04443,7.3435,-75.0763,89.4351
102953770,-0.12573,-0.62122,-0.07104,250.1298,82.7710,56.5496,0.07043,-1.08301,-0.02490,10.5420,-70.8092,91.5725
102954768,-0.27551,-0.31958,-0.54712,250.1298,76.2977,64.2290,0.05078,-1.06946,-0.00354,13.0611,-66.5038,93.6489
102955768,-0.57788,-1.05054,-0.29639,250.1298,74.0992,84.2214,0.03088,-1.05884,0.01758,14.5496,-62.1756,95.6947
102956771,-0.61230,-2.00000,-0.10706,250.1298,70.4046,90.9542,0.01099,-1.05151,0.03638,14.9771,-57.8397,97.6947
102957771,-0.40186,-2.00000,-0.45837,250.1298,69.7863,77.8092,-0.00989,-1.04529,0.04639,14.6260,-53.4351,99.6183
102958770,-0.39709,-2.00000,-0.49634,250.1298,78.5649,56.6183,-0.03015,-1.03931,0.05103,13.7939,-48.9924,101.3664
102959770,-0.84387,-1.29346,0.02917,250.1298,90.6183,32.7786,-0.05139,-1.03284,0.04907,12.7023,-44.5420,102.8702
102960768,-1.43787,0.21777,0.38794,250.1298,95.3817,20.0076,-0.07349,-1.02759,0.04211,11.5191,-40.1374,104.0763
102961768,-1.59790,0.05457,-0.46680,250.1298,96.0534,27.0687,-0.09412,-1.02161,0.03821,10.2748,-35.8321,104.9466
102962772,-1.19629,-1.70593,-0.79028,250.1298,115.9695,30.1679,-0.11401,-1.01465,0.03455,8.9466,-31.6641,105.4733
102963771,-0.86584,-2.00000,0.56592,250.1298,141.4122,8.4885,-0.13232,-1.01111,0.03235,7.5267,-27.6183,105.6565
102964771,-0.73779,-1.79761,1.89502,250.1298,148.1908,-29.1908,-0.14819,-1.00769,0.03467,6.0534,-23.6565,105.5267
102965771,-0.39087,0.96252,1.96167,250.1298,137.6718,-45.7252,-0.16199,-1.00256,0.03833,4.5344,-19.8015,105.0916
102966770,-0.12500,1.99994,1.71313,250.1298,130.9237,-26.5496,-0.17261,-0.99866,0.04260,3.0153,-16.1145,104.3817
102967768,-0.37439,1.07312,1.94006,250.1298,128.1145,8.1603,-0.18018,-0.99304,0.04675,1.5344,-12.5573,103.4198
102968768,-0.75085,-1.08740,1.07593,250.1298,114.1985,28.9466,-0.18384,-0.98608,0.05225,0.1298,-9.1374,102.2519
102969772,-1.03357,-1.45544,-0.40344,250.1298,102.1527,19.1145,-0.18408,-0.97961,0.05688,-1.1527,-5.8550,100.9160
102970771,-1.15686,-0.03320,0.09790,250.1298,109.0153,5.2290,-0.18274,-0.97180,0.05847,-2.2595,-2.7710,99.4351
102971770,-0.80518,1.03052,1.65735,250.1298,115.0992,13.4122,-0.17920,-0.96460,0.06018,-3.1832,0.0458,97.8092
102972771,-0.61780,0.54980,1.99994,250.1298,108.2366,39.7634,-0.17664,-0.95923,0.06055,-3.9237,2.6183,96.0382
102973770,-0.68787,-0.80225,1.99994,250.1298,107.2901,56.9542,-0.17700,-0.95410,0.05835,-4.4733,4.9237,94.1679
102974768,-0.87146,-1.13025,1.86682,250.1298,107.6031,49.0076,-0.17908,-0.95032,0.05481,-4.8550,6.9695,92.1756
102975772,-1.33740,0.13147,0.98340,250.1298,107.0763,29.3282,-0.18420,-0.94885,0.04980,-5.0992,8.7786,90.1145
102976770,-1.73621,1.87012,0.42932,250.1298,114.1069,17.8626,-0.20312,-0.94788,0.04297,-5.4046,11.5573,85.6947
102977771,-1.60388,1.99731,0.86157,250.1298,128.8855,31.6641,-0.21362,-0.94958,0.03784,-5.5344,12.4885,83.3435
102978770,-0.89099,-0.77393,1.82434,250.1298,142.0458,67.1145,-0.22449,-0.95081,0.03259,-5.6489,13.1450,80.8779
102979768,-0.27686,-2.00000,1.99994,250.1298,149.9389,83.1679,-0.23401,-0.95044,0.02673,-5.7710,13.5573,78.3359
102980768,-0.05322,-2.00000,1.99994,250.1298,150.7481,50.9008,-0.23975,-0.95044,0.02148,-5.8779,13.6947,75.7176
102981772,-0.15625,-1.13110,1.99994,250.1298,135.1527,8.7939,-0.24365,-0.95007,0.01636,-5.9771,13.5496,73.0687
102982771,-0.54602,1.11133,1.99994,250.1298,119.0992,14.7634,-0.24854,-0.94897,0.01013,-6.0992,13.1679,70.4198
102983770,-0.77783,-0.29565,1.61670,250.1298,121.7786,58.7710,-0.25281,-0.94885,0.00513,-6.2519,12.5573,67.8168
102984770,-0.43958,-2.00000,1.99994,250.1298,127.7328,74.3282,-0.25769,-0.94885,0.00146,-6.4198,11.7557,65.2443
102985770,0.25256,-2.00000,1.99994,250.1298,113.9389,45.6107,-0.26477,-0.94983,-0.00195,-6.6336,10.7710,62.7557
102986767,0.44421,-1.32300,1.99994,250.1298,85.0840,17.1145,-0.27356,-0.95325,-0.00488,-6.9160,9.6336,60.3130
102987772,-0.00195,-1.16150,1.99994,250.1298,63.4275,14.5573,-0.28467,-0.95813,-0.00598,-7.2748,8.3588,57.9466
102988771,-0.43225,-1.40063,1.99994,250.1298,51.0000,19.7481,-0.29736,-0.96338,-0.00500,-7.7634,6.9618,55.6183
102989770,-0.57373,-1.01355,1.99994,250.1298,49.8779,17.9313,-0.30969,-0.96802,-0.00391,-8.4122,5.4580,53.3282
102990770,-0.39221,-0.51257,1.99994,250.1298,56.1679,15.0000,-0.31958,-0.97205,-0.00232,-9.2061,3.8550,51.1450
102991767,-0.19434,-0.64587,1.99994,250.1298,57.3664,17.1145,-0.32629,-0.97668,-0.00061,-10.1069,2.1603,49.0763
102992772,-0.23267,-1.34265,1.99994,250.1298,53.3893,21.9084,-0.33142,-0.98096,0.00012,-11.1069,0.4656,47.1298
102993771,-0.40796,-1.52979,1.99994,250.1298,49.9618,20.4962,-0.33423,-0.98511,0.00110,-12.1679,-1.2443,45.3053
102994771,-0.47791,-0.78418,1.99994,250.1298,48.8702,16.7786,-0.33398,-0.99023,0.00293,-13.2366,-2.9695,43.6031
102995771,-0.44409,-0.29358,1.99994,250.1298,45.7252,21.8321,-0.33252,-0.99561,0.00476,-14.2519,-4.7176,42.0382
102996770,-0.42236,-0.87048,1.99994,250.1298,44.8321,33.3664,-0.33105,-1.00061,0.00732,-15.2137,-6.4885,40.6489
102997770,-0.26831,-1.67761,1.99994,250.1298,46.8779,34.8321,-0.33032,-1.00598,0.00940,-16.1221,-8.2366,39.4427
102998768,-0.04980,-1.57544,1.99994,250.1298,41.9618,21.7786,-0.32959,-1.01208,0.01184,-16.9771,-9.9313,38.4046
102999772,0.02905,-0.95544,1.99994,250.1298,31.2061,11.5038,-0.32910,-1.01782,0.01489,-17.8092,-11.5573,37.5038
103000771,0.03064,-0.89014,1.99994,250.1298,23.7405,14.2137,-0.33044,-1.02393,0.01709,-18.6183,-13.0992,36.7176
103001771,0.09766,-1.45129,1.99994,247.8931,17.6336,20.1832,-0.33215,-1.03040,0.02014,-19.4046,-14.6031,36.0305
103002770,0.14294,-1.92322,1.99994,244.4275,6.2366,18.7099,-0.33362,-1.03625,0.02332,-20.1450,-16.0458,35.4046
103003770,-0.05359,-1.70398,1.99994,234.8626,-4.5420,10.1450,-0.33374,-1.04211,0.02625,-20.8473,-17.4198,34.8473
103004770,-0.23657,-0.85486,1.99994,229.8473,-6.3435,2.5038,-0.33154,-1.04675,0.02893,-21.5267,-18.7481,34.3511
103005768,-0.18909,-0.20239,1.99994,235.5267,-8.3359,4.7863,-0.32690,-1.04932,0.03113,-22.1603,-20.0153,33.9389
103006772,-0.27832,-0.45459,1.99994,240.9847,-15.6107,16.5191,-0.31982,-1.05139,0.03345,-22.7099,-21.2214,33.5344
103007771,-0.39697,-1.18884,1.85840,237.4962,-17.8244,24.1756,-0.31116,-1.05273,0.03503,-23.1603,-22.3206,33.1527
103008771,-0.30066,-1.48914,1.88428,231.0916,-14.0992,19.4733,-0.30261,-1.05322,0.03552,-23.5038,-23.3206,32.8321
103009770,-0.26648,-1.48328,1.86292,230.5344,-12.9466,11.8931,-0.29504,-1.05493,0.03601,-23.7328,-24.2443,32.5878
103010770,-0.43384,-1.51355,1.48877,229.5725,-14.0992,6.9160,-0.28955,-1.05701,0.03699,-23.8702,-25.0992,32.3817
103011770,-0.54590,-1.39368,1.29395,225.7328,-10.9160,1.9466,-0.28638,-1.05969,0.03967,-23.9695,-25.8931,32.1832
103012770,-0.49109,-1.11304,1.36328,220.2214,-6.7252,-1.8550,-0.28540,-1.06360,0.04321,-24.0534,-26.6260,32.0000
103013770,-0.46509,-1.04224,1.37195,213.4122,-5.1221,-0.0382,-0.28638,-1.06665,0.04456,-24.1374,-27.2901,31.8244
103014770,-0.30029,-1.41602,1.57605,208.1527,-1.1450,4.8855,-0.28796,-1.06873,0.04504,-24.2366,-27.8702,31.6718
103015770,0.14673,-1.77112,1.99994,205.9084,4.7634,5.6107,-0.28931,-1.07117,0.04651,-24.3740,-28.3435,31.5115
103016771,0.50354,-1.59546,1.99994,203.6641,4.5954,0.8931,-0.28931,-1.07373,0.04773,-24.5191,-28.7252,31.3435
103017770,0.56946,-0.98560,1.99994,198.0382,-6.9542,-3.6794,-0.28711,-1.07556,0.04858,-24.6565,-29.0458,31.1679
103018770,0.44592,-0.57056,1.99994,191.3511,-24.8015,-1.1756,-0.28333,-1.07617,0.04871,-24.7557,-29.3053,31.0076
103019767,0.29675,-0.93005,1.94592,190.4733,-39.4885,7.6565,-0.27917,-1.07605,0.04822,-24.8015,-29.5038,30.8931
103020766,0.29675,-1.64478,1.78345,192.8931,-49.9466,10.5191,-0.27393,-1.07593,0.04724,-24.7863,-29.6107,30.8092
103021771,0.40491,-1.91418,1.81494,194.9542,-59.4122,1.4046,-0.26807,-1.07617,0.04675,-24.6794,-29.6489,30.7863
103022771,0.19507,-1.45972,1.35693,195.3664,-72.3588,-16.5267,-0.26367,-1.07703,0.04712,-24.4656,-29.6336,30.8244
103023771,-0.04590,-1.45544,0.99805,194.7786,-69.8092,-16.4122,-0.26135,-1.07788,0.04773,-24.1832,-29.5725,30.9008
103024770,-0.18738,-1.55444,0.46912,192.5649,-62.7557,-16.8550,-0.25989,-1.07825,0.05005,-23.8473,-29.4580,30.9618
103025771,-0.30493,-1.56128,0.12341,191.2672,-51.5191,-20.5802,-0.25940,-1.07874,0.05310,-23.4580,-29.2748,31.0229
103026770,-0.32520,-1.34131,0.09937,188.8092,-41.4351,-26.6794,-0.26111,-1.07861,0.05457,-23.0534,-29.0153,31.0687
103027770,-0.24097,-0.99805,0.03235,184.0153,-36.1679,-29.9466,-0.26367,-1.07800,0.05615,-22.6565,-28.7023,31.0611
103028770,-0.14783,-0.90735,0.07214,178.1145,-32.4046,-26.9542,-0.26538,-1.07654,0.05835,-22.2901,-28.3435,31.0000
103029770,-0.02124,-0.99121,0.44385,169.3664,-27.9542,-22.6260,-0.26636,-1.07397,0.05994,-21.9618,-27.9618,30.8702
103030770,0.09131,-0.90649,0.71765,159.4656,-26.7939,-20.8626,-0.26501,-1.07068,0.06104,-21.6718,-27.5496,30.6718
103031770,0.05151,-0.77820,0.50000,154.0687,-28.7481,-18.7405,-0.26160,-1.06812,0.06091,-21.4046,-27.1069,30.4809
103032770,-0.03577,-0.71790,0.29456,151.6031,-26.3435,-15.2977,-0.25696,-1.06604,0.05981,-21.1298,-26.6412,30.2290
103033771,0.07495,-0.47229,0.69177,152.1450,-18.4733,-14.6489,-0.25281,-1.06396,0.05701,-20.8244,-26.1832,29.8779
103034770,0.34753,-0.30518,1.19287,164.3282,-15.0840,-14.9695,-0.24963,-1.06238,0.05444,-20.4962,-25.7634,29.4885
103035770,0.45483,-0.71912,1.26672,182.8779,-19.4962,-13.3206,-0.24695,-1.06152,0.05359,-20.1832,-25.3664,29.0763
103036770,0.43323,-1.39697,1.36353,191.8931,-24.2901,-14.3588,-0.24658,-1.06140,0.05249,-19.9237,-24.9924,28.6260
103037770,0.49463,-1.53992,1.53064,186.6260,-29.9313,-23.1221,-0.24866,-1.06189,0.05151,-19.7176,-24.6412,28.0992
103038770,0.50110,-1.21973,1.48108,182.8779,-37.2977,-32.9847,-0.25171,-1.06262,0.05029,-19.5267,-24.3282,27.5344
103039770,0.40210,-1.07458,1.41980,189.0763,-42.7252,-37.6260,-0.25464,-1.06238,0.04907,-19.3664,-24.0382,26.9084
103040768,0.36902,-1.02612,1.36096,194.6794,-47.0000,-40.2748,-0.25647,-1.06189,0.04834,-19.2443,-23.7099,26.2061
103041771,0.44775,-0.76270,1.14185,188.3511,-51.9924,-41.6489,-0.25732,-1.06165,0.04688,-19.1908,-23.3969,25.4504
103042771,0.49695,-0.66003,0.82031,175.1679,-57.8779,-35.9618,-0.25708,-1.06067,0.04517,-19.1298,-23.1527,24.6565
103043771,0.48010,-1.26221,0.51526,169.8779,-62.8626,-24.4733,-0.25452,-1.05872,0.04480,-19.0305,-22.9313,23.8397
103044771,0.36707,-2.00000,0.16064,174.0076,-65.5802,-19.8855,-0.25073,-1.05579,0.04468,-18.9084,-22.7252,23.0305
103045771,0.18042,-2.00000,-0.11206,178.3282,-64.4962,-27.9542,-0.24646,-1.05310,0.04541,-18.7634,-22.5115,22.2672
103046770,-0.04053,-1.26831,-0.15161,174.5954,-61.9771,-38.2366,-0.24231,-1.05151,0.04614,-18.6031,-22.2977,21.5115
103047770,-0.20483,-0.60596,-0.24695,167.9771,-60.3664,-38.2290,-0.23962,-1.04980,0.04565,-18.3664,-22.1145,20.7405
103048767,-0.21826,-0.79736,-0.48840,168.7710,-55.9008,-31.0611,-0.23816,-1.04822,0.04456,-18.0763,-21.9237,19.9389
103049766,-0.16687,-1.48645,-0.49341,177.5802,-45.7176,-29.7557,-0.23767,-1.04712,0.04370,-17.7710,-21.7405,19.1374
103050769,-0.09900,-1.79968,-0.34509,182.3359,-35.0763,-39.2366,-0.23816,-1.04602,0.04480,-17.4733,-21.5725,18.3435
103051767,-0.12756,-1.45154,-0.58667,176.9847,-29.7176,-50.5573,-0.23889,-1.04517,0.04602,-17.1908,-21.4427,17.5038
103052772,-0.23840,-1.02661,-0.84839,169.8244,-23.6183,-52.7328,-0.23987,-1.04419,0.04565,-16.9466,-21.3282,16.6183
103053770,-0.11267,-1.08862,-0.64160,166.4275,-14.4046,-45.6489,-0.24158,-1.04370,0.04517,-16.7405,-21.2214,15.6870
103054770,0.19202,-1.62158,-0.39575,164.2977,-9.5496,-36.4351,-0.24182,-1.04309,0.04468,-16.5573,-21.1069,14.7176
103055770,0.36646,-2.00000,-0.32373,155.1145,-10.4122,-30.9771,-0.23975,-1.04077,0.04419,-16.3664,-20.9847,13.7023
103056771,0.48511,-2.00000,-0.04504,136.0992,-11.7863,-30.7863,-0.23706,-1.03723,0.04358,-16.1832,-20.8397,12.6641
103057771,0.51904,-1.93909,0.19824,117.4733,-16.8397,-32.3435,-0.23291,-1.03406,0.04236,-15.9847,-20.6641,11.5954
103058770,0.38599,-1.55310,-0.00671,109.3435,-24.4733,-31.1832,-0.22693,-1.03198,0.04126,-15.7099,-20.4809,10.5267
103059770,0.27710,-1.55896,-0.26514,107.0992,-28.8855,-26.9160,-0.22046,-1.03003,0.03992,-15.3511,-20.2672,9.4580
103060770,0.32898,-1.96704,-0.15710,103.1450,-29.0458,-23.3893,-0.21484,-1.02808,0.03906,-14.9313,-20.0382,8.3511
103061771,0.38794,-2.00000,-0.00317,95.4198,-30.4504,-27.2214,-0.21118,-1.02625,0.03943,-14.4962,-19.7863,7.1679
103062771,0.33411,-2.00000,-0.12512,91.6107,-32.4427,-38.4962,-0.20935,-1.02405,0.04004,-14.0305,-19.4962,5.9466
103063770,0.28479,-1.73682,-0.26746,95.0000,-30.2824,-48.3130,-0.20789,-1.02234,0.04163,-13.5878,-19.1298,4.6565
103064770,0.25488,-1.63928,-0.28943,100.7634,-25.3588,-51.2061,-0.20728,-1.02112,0.04468,-13.1603,-18.7252,3.3206
103065770,0.21362,-1.75195,-0.33337,103.8015,-21.4198,-51.5954,-0.20691,-1.01990,0.04785,-12.7176,-18.2824,1.9618
103066770,0.17505,-1.68323,-0.58582,102.6718,-19.9618,-54.9924,-0.20618,-1.01782,0.04993,-12.2901,-17.8092,0.5954
103067770,0.10291,-1.48621,-0.87207,104.7786,-17.7099,-58.2977,-0.20422,-1.01550,0.05078,-11.8779,-17.3130,-0.8092
103068770,0.00439,-1.43567,-1.00098,110.8626,-14.0687,-58.5115,-0.20178,-1.01379,0.05103,-11.4656,-16.7710,-2.2595
103069770,-0.06299,-1.41846,-0.99036,113.2901,-9.8015,-57.3359,-0.20007,-1.01184,0.05066,-11.0305,-16.1298,-3.7099
103070768,-0.09497,-1.27502,-0.90771,106.7710,-5.3893,-56.2061,-0.19861,-1.00952,0.05066,-10.5725,-15.4275,-5.1145
103071768,-0.09473,-1.08447,-0.81470,97.6947,0.2214,-54.7786,-0.19739,-1.00769,0.04944,-10.0687,-14.6870,-6.4809
103072768,-0.06628,-1.10767,-0.72571,94.0229,7.2519,-52.3053,-0.19922,-1.00732,0.04822,-8.9389,-13.0687,-9.1298
103073768,-0.03076,-1.33838,-0.68481,92.8855,14.7252,-50.6412,-0.20361,-1.00696,0.05029,-8.3893,-12.2137,-10.4427
103074768,0.02917,-1.53394,-0.62561,89.6870,22.1679,-51.6031,-0.21045,-1.00610,0.05188,-7.9160,-11.3588,-11.7405
103075768,0.16907,-1.52515,-0.28235,85.8397,29.6260,-55.0611,-0.21814,-1.00513,0.05420,-7.4962,-10.5344,-13.0153
103076772,0.33008,-1.38037,0.14929,84.4962,32.0611,-58.0534,-0.22437,-1.00476,0.05640,-7.0992,-9.7176,-14.2672
103077771,0.43579,-1.30347,0.34277,84.8168,28.7786,-58.4733,-0.22888,-1.00427,0.05701,-6.7405,-8.8702,-15.5267
103078770,0.50562,-1.36194,0.46545,85.8244,23.8702,-57.2519,-0.23254,-1.00281,0.05701,-6.3969,-8.0458,-16.8015
103079770,0.51929,-1.37329,0.56934,85.2137,17.6565,-57.6031,-0.23523,-1.00073,0.05750,-6.0611,-7.2443,-18.0763
103080771,0.46436,-1.16968,0.52991,83.5496,10.4733,-60.0000,-0.23633,-0.99829,0.05762,-5.7405,-6.4809,-19.3359
103081771,0.37280,-0.89319,0.39050,82.6947,4.2366,-61.7252,-0.23645,-0.99524,0.05762,-5.4351,-5.7557,-20.5954
103082770,0.30542,-0.76526,0.37329,82.2366,1.0153,-61.1756,-0.23596,-0.99194,0.05652,-5.1069,-5.0458,-21.8321
103083770,0.27649,-0.80457,0.35217,78.8321,-1.6565,-59.6107,-0.23584,-0.98938,0.05396,-4.7405,-4.3359,-23.0153
103084770,0.20300,-0.89917,0.14807,74.2672,-4.0687,-58.6641,-0.23718,-0.98596,0.05212,-4.3511,-3.6870,-24.1527
103085770,0.10620,-1.05103,-0.10474,71.3664,-3.7634,-57.7176,-0.24011,-0.98254,0.05054,-3.9313,-3.1527,-25.2748
103086771,0.04932,-1.16882,-0.19531,69.2443,0.2443,-56.6412,-0.24377,-0.98010,0.04919,-3.5267,-2.6718,-26.4122
103087771,0.02393,-1.16846,-0.16028,66.9847,4.6412,-55.1527,-0.24756,-0.97705,0.04858,-3.1603,-2.1908,-27.6336
103088770,-0.00525,-1.00049,-0.18970,63.4351,7.3817,-53.6489,-0.25256,-0.97375,0.04785,-2.8244,-1.7405,-28.8779
103089770,-0.06262,-0.77783,-0.32495,60.0687,9.1756,-50.6870,-0.25769,-0.97058,0.04736,-2.5267,-1.3359,-30.1298
103090770,-0.10059,-0.68188,-0.43176,59.0076,12.4962,-46.3435,-0.26099,-0.96802,0.04724,-2.2214,-0.9389,-31.4122
103091770,-0.07898,-0.74170,-0.37708,60.2748,17.1832,-42.1603,-0.26282,-0.96655,0.04736,-1.9008,-0.5344,-32.7405
103092770,-0.03406,-0.86462,-0.26355,59.7252,20.8092,-39.7786,-0.26416,-0.96545,0.04700,-1.5878,-0.1374,-34.0763
103093770,-0.04163,-0.90637,-0.27161,55.7252,22.3435,-39.2061,-0.26404,-0.96411,0.04639,-1.2595,0.2519,-35.3969
103094770,-0.08655,-0.90369,-0.34363,52.4504,24.6336,-39.0382,-0.26294,-0.96289,0.04565,-0.8855,0.6260,-36.7099
103095770,-0.03772,-0.96924,-0.10828,52.8092,31.2443,-38.0382,-0.26270,-0.96143,0.04382,-0.4656,0.9618,-37.9847
103096770,0.13538,-1.20898,0.57227,55.5878,39.1908,-35.9160,-0.26367,-0.95984,0.04163,-0.0611,1.3130,-39.2137
103097770,0.29089,-1.45581,1.15979,54.6412,40.7023,-35.5954,-0.26440,-0.95911,0.03931,0.3206,1.6718,-40.3893
103098770,0.33655,-1.42236,1.19775,49.9237,35.7634,-38.7710,-0.26685,-0.95984,0.03674,0.7023,2.0076,-41.4656
103099771,0.33423,-1.18640,1.04187,48.9847,30.8015,-42.5573,-0.27197,-0.96106,0.03491,1.0382,2.3588,-42.4427
103100770,0.35669,-1.01147,1.09192,53.7939,26.9466,-44.2061,-0.27661,-0.96289,0.03296,1.3130,2.7176,-43.3588
103101771,0.37317,-0.97327,1.14734,58.5649,19.7939,-44.2443,-0.28064,-0.96521,0.02966,1.5115,3.0534,-44.1527
103102770,0.31592,-1.02710,0.97278,59.3435,9.5649,-43.7405,-0.28442,-0.96826,0.02600,1.6412,3.3511,-44.8473
103103770,0.23816,-1.11304,0.81299,56.8550,2.3740,-42.7710,-0.28760,-0.97156,0.02332,1.7328,3.6260,-45.4046
103104770,0.20300,-1.13367,0.87634,53.2519,0.2061,-41.5344,-0.29126,-0.97424,0.02026,1.7939,3.9084,-45.7634
103105770,0.14612,-1.03918,0.88757,49.5344,-0.5496,-40.1298,-0.29443,-0.97717,0.01587,1.8244,4.2061,-45.9084
103106770,0.03003,-0.88232,0.66711,45.4733,-0.6489,-37.9008,-0.29688,-0.98108,0.01086,1.8321,4.5038,-45.8626
103107770,-0.06445,-0.78589,0.43201,40.9466,1.4809,-34.1298,-0.29919,-0.98450,0.00610,1.8473,4.7634,-45.6107
103108770,-0.07861,-0.80688,0.33984,36.0916,4.6718,-29.6870,-0.29968,-0.98682,0.00159,1.8779,5.0153,-45.1221
103109770,-0.04590,-0.93323,0.35559,31.9847,6.8092,-26.0458,-0.29968,-0.98840,-0.00183,1.9237,5.2672,-44.3893
103110770,-0.00415,-1.12402,0.36096,29.6260,6.9466,-24.2977,-0.30188,-0.99023,-0.00391,1.9771,5.5649,-43.4504
103111770,0.01465,-1.27271,0.30566,28.8092,6.3130,-24.7099,-0.30603,-0.99365,-0.00586,2.0611,5.8626,-42.3664
103112770,0.00061,-1.27832,0.27661,28.1450,6.8168,-26.4580,-0.31042,-0.99695,-0.00842,2.1298,6.1298,-41.0992
103113770,-0.01160,-1.15686,0.28015,26.9771,8.4656,-28.1374,-0.31458,-0.99927,-0.01062,2.1756,6.3740,-39.6718
103114770,-0.01440,-1.07715,0.28601,27.2290,10.9313,-28.4885,-0.31897,-1.00146,-0.01172,2.2137,6.6412,-38.0840
103115770,-0.02307,-1.13403,0.32935,30.0458,14.0458,-28.2977,-0.32324,-1.00244,-0.01221,2.2748,6.9466,-36.3893
103116770,-0.02014,-1.22046,0.41980,32.6031,17.0687,-29.1603,-0.32703,-1.00220,-0.01270,2.2901,7.2290,-34.6031
103117770,0.03369,-1.22888,0.60315,31.4122,19.6336,-30.7023,-0.32874,-1.00110,-0.01331,2.2672,7.4885,-32.7023
103118771,0.15771,-1.14636,0.95093,27.2977,21.0153,-31.7939,-0.32849,-1.00000,-0.01416,2.2366,7.7634,-30.6794
103119770,0.26929,-0.99963,1.30334,23.8626,18.7099,-32.3588,-0.32837,-0.99866,-0.01538,2.2137,8.0000,-28.5802
103120770,0.27393,-0.85376,1.36682,22.2061,12.1298,-32.0763,-0.32861,-0.99646,-0.01709,2.2290,8.1908,-26.4275
103121770,0.19666,-0.84937,1.16663,21.4656,4.9160,-29.6107,-0.32922,-0.99365,-0.01758,2.2977,8.3435,-24.2137
103122770,0.14062,-1.02625,1.06384,20.4275,0.7252,-25.5420,-0.33020,-0.99097,-0.01672,2.3817,8.4962,-21.9847
103123770,0.15479,-1.19727,1.14807,17.1985,-1.8473,-22.4046,-0.33215,-0.98877,-0.01672,2.4427,8.6107,-19.7939
103124770,0.17102,-1.20874,1.17932,13.3130,-5.2290,-21.0305,-0.33594,-0.98669,-0.01697,2.4351,8.6565,-17.6641
103125770,0.12610,-1.13611,1.07520,12.5954,-8.5115,-20.0916,-0.33984,-0.98413,-0.01648,2.3511,8.6183,-15.5649
103126770,0.07227,-1.10522,0.95178,14.8473,-9.6641,-18.7710,-0.34326,-0.98230,-0.01685,2.2366,8.5267,-13.5344
103127770,0.06116,-1.14478,0.91431,16.1908,-9.0840,-17.3130,-0.34692,-0.98132,-0.01746,2.1145,8.4198,-11.5496
103128770,0.07495,-1.21887,0.96973,14.4275,-8.7099,-16.6870,-0.34985,-0.97986,-0.01746,1.9847,8.2977,-9.6412
103129770,0.10144,-1.25403,1.03564,11.0763,-9.7710,-17.8779,-0.35193,-0.97852,-0.01624,1.8550,8.1603,-7.8015
103130770,0.12109,-1.24475,1.02185,9.5649,-12.0153,-20.2519,-0.35364,-0.97656,-0.01465,1.7099,7.9618,-6.0305
103131771,0.10742,-1.24951,0.95728,10.5344,-14.0992,-22.4198,-0.35425,-0.97412,-0.01404,1.5725,7.6870,-4.3435
103132771,0.06226,-1.22913,0.86902,10.1069,-15.7328,-24.1145,-0.35486,-0.97205,-0.01294,1.4962,7.3435,-2.7252
103133770,0.00928,-1.09583,0.74377,6.6412,-16.7710,-25.2977,-0.35608,-0.97070,-0.01172,1.5038,6.9771,-1.1450
103134770,-0.03052,-0.95947,0.60083,4.0153,-16.6641,-24.5725,-0.35767,-0.96960,-0.01013,1.5496,6.5725,0.4046
103135768,-0.02759,-1.04114,0.52954,5.2061,-14.6031,-21.2672,-0.35962,-0.96765,-0.00684,1.5573,6.1221,1.8473
103136771,0.02283,-1.35535,0.59509,7.9924,-11.1679,-17.1985,-0.36157,-0.96509,-0.00183,1.5573,5.6489,3.1985
103137770,0.08374,-1.65112,0.73718,8.0382,-8.3664,-15.3130,-0.36475,-0.96265,0.00269,1.5420,5.1679,4.4351
103138770,0.14355,-1.67407,0.89209,4.5038,-6.9618,-16.5802,-0.36792,-0.96094,0.00623,1.4733,4.6641,5.5649
103139770,0.18750,-1.43689,1.01904,1.0916,-7.2366,-19.1298,-0.36963,-0.95886,0.00928,1.3817,4.1298,6.5649
103140770,0.17896,-1.21631,1.10205,1.7099,-9.2214,-20.3588,-0.37109,-0.95691,0.01123,1.2748,3.5725,7.4656
103141770,0.15417,-1.23083,1.07202,4.0000,-12.9542,-20.0611,-0.37256,-0.95569,0.01245,1.1603,2.9924,8.2824
103142770,0.14197,-1.43909,0.93701,4.6107,-16.8855,-20.4046,-0.37256,-0.95361,0.01331,1.0534,2.4046,8.9771
103143770,0.14758,-1.65991,0.88269,4.4046,-18.7634,-23.3435,-0.37036,-0.95007,0.01477,0.9542,1.8397,9.5725
103144770,0.17346,-1.67651,0.93115,4.6565,-18.8855,-29.1374,-0.36829,-0.94775,0.01672,0.8626,1.2214,10.0534
103145770,0.14600,-1.45435,0.89636,5.3817,-18.9618,-35.0611,-0.36658,-0.94556,0.01733,0.7786,0.5115,10.4656
103146770,0.07068,-1.18188,0.74133,5.9542,-17.9847,-37.9847,-0.36523,-0.94275,0.01685,0.7023,-0.2137,10.7939
103147770,0.03870,-1.03943,0.66699,6.3740,-14.6412,-37.1985,-0.36499,-0.94055,0.01636,0.6718,-0.9313,11.0458
103148770,0.06946,-1.00793,0.78796,7.4656,-10.2366,-35.3817,-0.36426,-0.93774,0.01636,0.6489,-1.6260,11.2137
103149770,0.13831,-0.97839,0.97461,11.8855,-7.3740,-35.2290,-0.36292,-0.93555,0.01697,0.6031,-2.3282,11.3130
103150770,0.17896,-1.11304,1.04187,28.1450,-9.4733,-35.6107,-0.36243,-0.93494,0.01721,0.5344,-3.0611,11.3359
103151770,0.19409,-1.10046,1.16553,28.2443,-11.1985,-35.5115,-0.36267,-0.93408,0.01733,0.4351,-3.8244,11.2748
103152770,0.24011,-0.93420,1.30042,25.0153,-14.3130,-35.7405,-0.36133,-0.93262,0.01807,0.2977,-4.5649,11.1221
103153770,0.26099,-0.88330,1.24524,27.1603,-18.1145,-35.0229,-0.35864,-0.93152,0.01868,0.1374,-5.2519,10.8931
103154770,0.28052,-1.11414,1.12866,34.8473,-20.1603,-33.9695,-0.35571,-0.93054,0.01904,-0.0305,-5.9084,10.6336
103155771,0.31519,-1.39880,1.15759,39.8626,-20.4046,-34.8168,-0.35217,-0.93018,0.01855,-0.2137,-6.5420,10.3817
103156770,0.32605,-1.37134,1.19897,35.1908,-22.1069,-38.3282,-0.34766,-0.93030,0.01746,-0.3969,-7.1527,10.1298
103157770,0.29724,-1.07874,1.12671,27.8626,-25.1374,-41.3206,-0.34241,-0.93079,0.01721,-0.5420,-7.7481,9.8550
103158771,0.31250,-0.94995,1.14319,28.2672,-26.7939,-41.0763,-0.33777,-0.93127,0.01758,-0.6565,-8.3053,9.6107
103159770,0.34595,-1.13464,1.23450,34.1832,-28.5115,-39.3664,-0.33459,-0.93152,0.01819,-0.7557,-8.8015,9.3817
103160770,0.31201,-1.35742,1.18726,36.4656,-32.2901,-39.7863,-0.33179,-0.93115,0.01794,-0.8473,-9.2595,9.1679
103161770,0.25073,-1.30273,1.02063,33.3893,-35.8015,-43.2595,-0.32959,-0.92993,0.01746,-0.9160,-9.7328,8.9771
103162770,0.20667,-1.03845,0.96338,34.3664,-36.3359,-47.2519,-0.32837,-0.92944,0.01746,-0.9924,-10.1679,8.8244
103163771,0.15686,-0.86487,0.91858,43.0076,-35.8092,-49.6412,-0.32703,-0.92896,0.01733,-1.1145,-10.5038,8.6641
103164770,0.10181,-0.91956,0.72632,52.4656,-35.2824,-50.2137,-0.32483,-0.92798,0.01807,-1.2672,-10.7786,8.4504
103165770,0.06238,-1.08582,0.53271,54.9466,-33.8168,-50.3969,-0.32190,-0.92761,0.01904,-1.3893,-11.0229,8.2595
103166770,0.05591,-1.13977,0.48206,51.5802,-30.8931,-51.9237,-0.31885,-0.92725,0.01868,-1.5115,-11.2214,8.1145
103167770,0.09094,-1.08508,0.54956,50.3206,-27.5802,-53.9924,-0.31445,-0.92639,0.01794,-1.6107,-11.3893,7.9924
103168770,0.11694,-1.05371,0.61389,53.0382,-25.2824,-55.0840,-0.30518,-0.92456,0.01514,-1.7710,-11.6718,7.7328
103169770,0.12048,-1.04199,0.67590,54.6260,-23.8779,-55.0000,-0.30017,-0.92371,0.01270,-1.8244,-11.7939,7.6107
103170770,0.15015,-0.96350,0.77380,50.4809,-23.4275,-54.1374,-0.29761,-0.92285,0.01099,-1.8626,-11.9237,7.4885
103171770,0.19067,-0.86938,0.84705,43.6031,-24.5573,-52.1221,-0.29541,-0.92163,0.01135,-1.8931,-12.0458,7.3588
103172770,0.19080,-0.89124,0.82642,40.0229,-26.7710,-49.7939,-0.29224,-0.92004,0.01147,-1.9084,-12.1527,7.1908
103173771,0.18311,-1.00378,0.70435,40.6794,-28.5267,-48.8626,-0.28979,-0.91992,0.01111,-1.9313,-12.2672,6.9924
103174770,0.21594,-1.15161,0.66223,42.3893,-28.1527,-49.0305,-0.28821,-0.92053,0.01172,-1.9847,-12.3511,6.7634
103175771,0.26685,-1.25061,0.80103,41.0382,-27.0534,-50.0534,-0.28687,-0.92065,0.01343,-2.0840,-12.4046,6.5191
103176771,0.28833,-1.17236,0.89453,37.0687,-27.8626,-52.6718,-0.28540,-0.92017,0.01428,-2.2214,-12.4427,6.2519
103177770,0.27112,-0.97815,0.77637,35.3817,-29.9313,-55.8092,-0.28418,-0.91992,0.01428,-2.3740,-12.4733,5.9466
103178770,0.23438,-0.93323,0.59888,38.5878,-30.9008,-57.1527,-0.28333,-0.91968,0.01428,-2.5267,-12.4733,5.5802
103179770,0.21130,-1.07959,0.54065,41.8168,-30.7405,-57.5267,-0.28137,-0.91833,0.01331,-2.6718,-12.4580,5.2290
103180770,0.22986,-1.18494,0.57849,39.6870,-31.1527,-58.8397,-0.27869,-0.91797,0.01172,-2.8168,-12.4427,4.8855
103181770,0.27930,-1.15247,0.67041,33.6107,-32.2519,-60.4580,-0.27563,-0.91833,0.01074,-2.9542,-12.4275,4.5191
103182770,0.32068,-1.02515,0.81665,28.0000,-33.3359,-61.3969,-0.27197,-0.91821,0.01062,-3.0992,-12.4122,4.1069
103183770,0.32617,-0.82251,0.88977,24.5344,-35.0076,-61.5649,-0.26855,-0.91772,0.01062,-3.2443,-12.3893,3.6718
103184770,0.26416,-0.61035,0.72827,20.8931,-37.8550,-59.9847,-0.26624,-0.91772,0.01074,-3.3511,-12.3511,3.2443
103185770,0.17188,-0.52966,0.47021,15.5267,-39.6718,-55.8779,-0.26526,-0.91870,0.01038,-3.4351,-12.3053,2.7939
103186770,0.14380,-0.60229,0.38049,10.3206,-39.2519,-51.1221,-0.26404,-0.91919,0.00977,-3.5344,-12.2214,2.3282
103187770,0.17590,-0.71655,0.46069,7.8550,-38.4198,-48.1374,-0.26111,-0.91882,0.00879,-3.6412,-12.0763,1.8015
103188770,0.18970,-0.76001,0.54443,7.0229,-38.7252,-47.4427,-0.25818,-0.91797,0.00732,-3.7710,-11.9160,1.2061
103189770,0.16638,-0.71521,0.56018,6.2214,-39.5038,-47.6107,-0.25610,-0.91760,0.00659,-3.8855,-11.7481,0.5954
103190770,0.14185,-0.67517,0.52612,5.8092,-39.7023,-47.1069,-0.25391,-0.91809,0.00623,-3.9771,-11.5649,-0.0229
103191770,0.12402,-0.73108,0.46399,6.2061,-39.0153,-45.8626,-0.25146,-0.91846,0.00562,-4.0687,-11.3588,-0.7099
103192771,0.11682,-0.87305,0.41052,7.2901,-37.5649,-45.3893,-0.24792,-0.91846,0.00537,-4.1374,-11.1527,-1.4427
103193770,0.13049,-0.97815,0.38611,8.4885,-35.7481,-46.8779,-0.24402,-0.91821,0.00537,-4.1679,-10.9313,-2.1908
103194771,0.16235,-0.99756,0.41809,9.2290,-33.8702,-49.0687,-0.24109,-0.91809,0.00513,-4.1832,-10.6794,-2.9466
103195771,0.22266,-0.99719,0.54797,8.2595,-32.3053,-50.2214,-0.23828,-0.91809,0.00464,-4.1756,-10.4046,-3.7176
103196770,0.27600,-0.95068,0.64807,4.2977,-32.9160,-50.8702,-0.23657,-0.91907,0.00439,-4.1527,-10.0916,-4.5038
103197771,0.25061,-0.81091,0.50879,-0.4733,-36.2824,-51.7634,-0.23547,-0.92065,0.00452,-4.1527,-9.7405,-5.2901
103198771,0.17871,-0.70410,0.20374,-2.6183,-39.5573,-51.7176,-0.23474,-0.92249,0.00403,-4.1908,-9.3740,-6.0992
103199771,0.14026,-0.78296,0.07690,-1.9389,-40.0382,-50.1450,-0.23474,-0.92407,0.00342,-4.2366,-9.0153,-6.8702
103200771,0.13428,-0.95776,0.15625,-2.0153,-40.0458,-49.0992,-0.23450,-0.92468,0.00342,-4.2748,-8.6489,-7.5878
103201770,0.09583,-1.00439,0.11389,-4.3053,-41.8702,-50.2977,-0.23438,-0.92688,0.00452,-4.3206,-8.2290,-8.2137
103202770,0.00696,-0.89990,-0.10059,-5.4733,-42.6412,-52.3740,-0.23303,-0.93347,0.00488,-4.3435,-7.7939,-8.6641
103203770,-0.07751,-0.77563,-0.25024,-3.2443,-39.3359,-53.4733,-0.22974,-0.94238,0.00244,-4.3588,-7.3664,-9.0534
103204770,-0.11560,-0.71631,-0.27783,-0.0382,-33.4275,-53.2901,-0.22644,-0.94910,-0.00159,-4.3588,-6.9466,-9.5267
103205770,-0.14221,-0.73584,-0.34399,0.7023,-27.9160,-52.4733,-0.22351,-0.95215,-0.00635,-4.3511,-6.4962,-10.1145
103206770,-0.17603,-0.78540,-0.46216,-0.9237,-22.5496,-52.0382,-0.22253,-0.95349,-0.00903,-4.3740,-5.9618,-10.7481
103207770,-0.18091,-0.80566,-0.47864,-2.5573,-15.8779,-52.2977,-0.22241,-0.95459,-0.00952,-4.4046,-5.3588,-11.3969
103208767,-0.15552,-0.78052,-0.36511,-4.0458,-9.0229,-52.4427,-0.22314,-0.95276,-0.00720,-4.4198,-4.7252,-12.1298
103209772,-0.12268,-0.73816,-0.21204,-6.7099,-3.4504,-51.6183,-0.22778,-0.94556,-0.00269,-4.4733,-4.0916,-12.9924
103210771,-0.07080,-0.69177,-0.03406,-10.0534,1.1450,-50.1221,-0.23474,-0.93445,0.00049,-4.5954,-3.5267,-13.8015
103211770,0.02173,-0.64233,0.25488,-11.5802,5.6565,-48.6260,-0.24182,-0.92419,0.00220,-4.8015,-3.0153,-14.3817
103212771,0.13367,-0.61682,0.62097,-10.3359,8.7481,-47.4351,-0.24878,-0.92004,0.00110,-5.0458,-2.5725,-14.6718
103213770,0.22852,-0.61255,0.90161,-7.7481,8.7328,-46.7863,-0.25403,-0.92102,-0.00305,-5.2672,-2.1374,-14.7710
103214771,0.31641,-0.64270,1.08618,-4.5344,6.2061,-46.3817,-0.25757,-0.92566,-0.00867,-5.4122,-1.7023,-14.7252
103215771,0.40784,-0.73730,1.28357,-0.5649,1.9542,-46.1374,-0.25952,-0.93359,-0.01440,-5.4504,-1.2901,-14.5344
103216771,0.45984,-0.82007,1.39697,3.0534,-5.3206,-47.0305,-0.25916,-0.94434,-0.02002,-5.3664,-0.8855,-14.1756
103217770,0.42725,-0.73901,1.25232,5.7099,-14.9618,-49.8168,-0.25598,-0.95679,-0.02563,-5.1603,-0.4885,-13.6794
103218770,0.33691,-0.54224,1.00281,9.1756,-23.0153,-52.3588,-0.25183,-0.96826,-0.02954,-4.8855,-0.0763,-13.1374
103219771,0.26770,-0.44629,0.88452,12.9847,-27.5038,-52.1832,-0.24878,-0.97729,-0.03162,-4.6031,0.3511,-12.5802
103220771,0.22302,-0.54224,0.82690,14.4809,-30.2061,-49.7023,-0.24670,-0.98523,-0.03198,-4.3359,0.7634,-12.0153
103221770,0.16602,-0.74268,0.66443,12.9237,-31.8473,-47.3893,-0.24524,-0.99268,-0.03064,-4.0840,1.1374,-11.3817
103222770,0.09290,-0.89929,0.44604,10.2366,-31.0840,-46.6718,-0.24414,-0.99939,-0.02991,-3.8779,1.4809,-10.6794
103223771,0.01709,-0.93250,0.26782,7.9008,-28.0382,-47.0611,-0.24426,-1.00610,-0.02991,-3.7328,1.8015,-9.9542
103224771,-0.05237,-0.85120,0.11743,5.4351,-24.2824,-47.3740,-0.24524,-1.01270,-0.02991,-3.6336,2.0992,-9.2672
103225771,-0.08789,-0.77271,0.08167,2.7481,-19.9008,-46.5573,-0.24634,-1.01807,-0.03040,-3.5267,2.4198,-8.5878
103226771,-0.06360,-0.79370,0.21057,0.3435,-15.6565,-45.1985,-0.24841,-1.02136,-0.02942,-3.4046,2.7634,-7.9160
103227770,0.00403,-0.89087,0.37964,-0.5420,-12.6794,-44.8855,-0.25171,-1.02222,-0.02710,-3.2595,3.1603,-7.2901
103228770,0.05823,-0.96204,0.50854,-0.0076,-11.0458,-46.5802,-0.25378,-1.02112,-0.02563,-3.1145,3.6260,-6.7099
103229771,0.05774,-0.90894,0.54016,0.0992,-10.8550,-49.6031,-0.25598,-1.01782,-0.02356,-2.9771,4.1298,-6.1832
103230770,0.03186,-0.76245,0.44324,-0.4656,-11.6260,-51.9084,-0.26013,-1.01221,-0.02100,-2.8473,4.6565,-5.6718
103231770,0.02258,-0.67163,0.32703,0.2290,-12.1450,-51.9618,-0.26477,-1.00562,-0.01843,-2.6947,5.2061,-5.2061
103232771,0.04883,-0.72461,0.35425,2.4504,-11.8092,-50.4504,-0.26953,-0.99890,-0.01526,-2.5649,5.7481,-4.8015
103233770,0.10278,-0.81531,0.46216,3.4504,-12.1145,-49.3893,-0.27441,-0.99170,-0.01208,-2.4580,6.3053,-4.4504
103234770,0.12048,-0.82227,0.47229,2.4504,-13.7786,-49.1756,-0.27942,-0.98389,-0.00793,-2.3435,6.8855,-4.1145
103235770,0.07617,-0.78955,0.43738,1.0687,-14.9084,-48.5573,-0.28442,-0.97595,-0.00330,-2.2290,7.4809,-3.8015
103236770,0.00610,-0.77246,0.35864,-1.2366,-15.3130,-47.2824,-0.28955,-0.96948,-0.00098,-2.1298,8.0611,-3.5725
103237768,-0.09460,-0.76709,0.13367,-4.5038,-15.2977,-46.1756,-0.29407,-0.96448,0.00159,-2.0229,8.6336,-3.4427
103238768,-0.17456,-0.78723,-0.06335,-6.6183,-12.5267,-45.8244,-0.29797,-0.95959,0.00488,-1.9237,9.2137,-3.3664
103239771,-0.16687,-0.83545,-0.01819,-7.3969,-6.8321,-46.2901,-0.30127,-0.95520,0.00684,-1.8550,9.7634,-3.3282
103240770,-0.11707,-0.87793,0.18164,-8.1908,-1.0611,-47.5420,-0.30432,-0.95117,0.00757,-1.8168,10.2595,-3.3435
103241770,-0.08911,-0.86975,0.28528,-9.4198,2.7405,-49.5191,-0.30688,-0.94714,0.00806,-1.7634,10.6870,-3.3969
103242770,-0.08228,-0.83130,0.31165,-9.3282,6.2137,-51.5191,-0.30823,-0.94373,0.00891,-1.7023,11.0611,-3.5115
103243770,-0.05981,-0.78271,0.39514,-7.8931,9.8397,-53.1756,-0.30945,-0.94177,0.00964,-1.6718,11.4198,-3.6641
103244770,-0.01331,-0.70862,0.50916,-5.9466,12.1603,-54.4580,-0.31104,-0.94019,0.00903,-1.6870,11.7099,-3.8702
103245770,0.05396,-0.64246,0.65247,-4.0916,12.6031,-54.9313,-0.31189,-0.93884,0.00708,-1.6947,11.8931,-4.1069
103246768,0.13989,-0.60181,0.86694,-2.9237,11.5496,-54.6107,-0.31360,-0.93835,0.00574,-1.6870,11.9771,-4.3664
103247768,0.22388,-0.57544,1.10999,-1.9924,8.8855,-53.8855,-0.31641,-0.93799,0.00464,-1.7023,11.9618,-4.6489
103248771,0.28003,-0.52856,1.23608,-1.7634,4.5573,-53.3053,-0.31897,-0.93762,0.00305,-1.7252,11.8626,-4.8931
103249771,0.28198,-0.44067,1.21069,-2.4733,-0.3969,-52.7252,-0.32190,-0.93787,0.00110,-1.7710,11.6947,-5.1221
103250770,0.24231,-0.34131,1.10400,-3.2595,-4.8550,-51.8550,-0.32507,-0.93921,-0.00024,-1.8168,11.4504,-5.3282
103251770,0.20117,-0.26318,0.95752,-3.1450,-8.4122,-50.6947,-0.32703,-0.94055,-0.00110,-1.8779,11.1145,-5.5038
103252770,0.16211,-0.24048,0.84473,-1.9618,-10.8397,-49.3359,-0.32849,-0.94055,-0.00122,-1.9389,10.7099,-5.6489
103253770,0.12646,-0.26819,0.77808,-1.0763,-12.5878,-48.0534,-0.33008,-0.94019,-0.00085,-2.0305,10.2977,-5.7863
103254770,0.11145,-0.34839,0.70203,-1.5573,-13.8779,-46.3435,-0.33081,-0.94006,-0.00159,-2.1450,9.8473,-5.8702
103255770,0.11890,-0.48840,0.67041,-3.1832,-13.9160,-44.1374,-0.33069,-0.94006,-0.00244,-2.2595,9.3435,-5.8931
103256770,0.12988,-0.56104,0.68042,-5.3893,-13.2290,-43.0840,-0.33093,-0.94092,-0.00171,-2.3588,8.7786,-5.8550
103257770,0.09497,-0.43726,0.60327,-6.8168,-12.8092,-43.8397,-0.33142,-0.94116,-0.00061,-2.4656,8.1832,-5.7634
103258771,0.03235,-0.22253,0.47253,-6.7099,-11.8015,-43.9924,-0.33130,-0.94092,0.00024,-2.5649,7.5878,-5.6489
103259770,0.01440,-0.15637,0.47412,-6.7481,-9.6260,-41.3511,-0.33240,-0.94080,0.00159,-2.6336,7.0076,-5.5420
103260770,0.06714,-0.30347,0.62598,-8.9084,-7.7328,-37.4885,-0.33435,-0.93994,0.00146,-2.7023,6.4656,-5.4198
103261771,0.14307,-0.50439,0.73840,-11.9618,-7.7405,-35.6183,-0.33521,-0.93970,0.00159,-2.7710,5.9237,-5.2748
103262770,0.17346,-0.58105,0.77795,-12.8702,-8.5725,-36.8779,-0.33606,-0.94006,0.00452,-2.8550,5.3664,-5.1069
103263770,0.16223,-0.43970,0.80286,-12.4427,-9.4885,-39.7786,-0.33899,-0.93994,0.01172,-3.0000,4.3130,-4.6718
103264771,0.13123,-0.15393,0.77429,-12.5115,-11.0229,-41.4733,-0.33997,-0.93933,0.01282,-3.0611,3.8855,-4.4351
103265770,0.09912,0.04700,0.72363,-12.5573,-12.8321,-40.1985,-0.34094,-0.93835,0.01367,-3.1069,3.5038,-4.1985
103266770,0.09668,0.03943,0.75635,-11.2137,-13.9695,-37.2672,-0.34106,-0.93738,0.01489,-3.1603,3.1450,-3.9695
103267770,0.10095,-0.08887,0.84265,-8.2748,-15.0763,-35.0382,-0.34058,-0.93726,0.01697,-3.1985,2.8015,-3.7405
103268770,0.06384,-0.17102,0.84290,-5.8855,-16.6260,-34.0687,-0.34058,-0.93713,0.01929,-3.2595,2.4962,-3.5115
103269770,0.01440,-0.14697,0.77441,-5.7328,-17.4046,-32.5878,-0.34106,-0.93616,0.02136,-3.3282,2.1985,-3.2901
103270771,-0.00781,-0.11035,0.73157,-6.9542,-16.9695,-28.9924,-0.34131,-0.93542,0.02222,-3.4046,1.9237,-3.0763
103271770,-0.02026,-0.14307,0.68774,-8.0992,-16.3435,-23.9160,-0.34106,-0.93530,0.02197,-3.4809,1.6641,-2.8550
103272770,-0.04028,-0.22351,0.60583,-9.4427,-15.8092,-19.2214,-0.34082,-0.93481,0.02197,-3.5649,1.4046,-2.6641
103273770,-0.05200,-0.31128,0.54956,-11.0076,-14.6412,-15.7939,-0.33984,-0.93384,0.02319,-3.6565,1.1527,-2.4962
103274770,-0.04553,-0.41174,0.56543,-11.8931,-12.7786,-13.4809,-0.33862,-0.93225,0.02356,-3.7939,0.9160,-2.3511
103275770,-0.01465,-0.55017,0.64465,-11.9389,-10.6107,-11.9466,-0.33801,-0.93042,0.02295,-3.9313,0.6870,-2.2214
103276768,0.04407,-0.69214,0.73767,-12.6489,-8.7939,-11.6260,-0.33789,-0.92969,0.02271,-4.0611,0.3969,-2.1221
103277768,0.10803,-0.74158,0.82922,-14.1450,-7.3206,-13.0458,-0.33752,-0.93005,0.02234,-4.1985,0.0534,-2.0534
103278768,0.17786,-0.52283,1.01904,-12.4809,-6.5267,-18.2519,-0.33557,-0.93066,0.02271,-4.3359,-0.3282,-2.0076
103279768,0.16797,-0.46936,1.00513,-8.9084,-8.1908,-19.3206,-0.33301,-0.93164,0.02271,-4.4656,-0.7099,-1.9466
103280768,0.16980,-0.51477,0.95605,-5.4275,-10.1527,-19.4046,-0.33044,-0.93274,0.02307,-4.5878,-1.0611,-1.8473
103281768,0.18811,-0.57007,0.95056,-2.9695,-11.9695,-19.4275,-0.32825,-0.93408,0.02344,-4.6947,-1.4198,-1.7634
103282768,0.19104,-0.55322,0.94324,-2.1908,-14.1756,-19.4198,-0.32690,-0.93555,0.02173,-4.8015,-1.8244,-1.7176
103283772,0.15967,-0.47607,0.88159,-2.3359,-16.3130,-18.3664,-0.32507,-0.93701,0.01965,-4.8855,-2.2214,-1.7176
103284771,0.11548,-0.41248,0.82520,-2.7099,-17.1756,-15.7481,-0.32324,-0.93787,0.01843,-4.9542,-2.6031,-1.7328
103285770,0.08044,-0.39111,0.79065,-3.9924,-16.9618,-12.1679,-0.32214,-0.93787,0.01831,-5.0153,-3.0076,-1.7557
103286770,0.06152,-0.42993,0.74036,-6.1374,-16.4046,-8.3359,-0.32080,-0.93823,0.01794,-5.0687,-3.4122,-1.8092
103287768,0.06458,-0.52100,0.69385,-8.5267,-15.6107,-5.1603,-0.31860,-0.93811,0.01697,-5.0992,-3.8168,-1.9084
103288768,0.08606,-0.59106,0.70813,-10.6031,-14.5420,-3.5802,-0.31665,-0.93799,0.01733,-5.1374,-4.2366,-2.0153
103289768,0.10547,-0.58362,0.76245,-11.9008,-13.9008,-3.5267,-0.31482,-0.93823,0.01892,-5.1603,-4.6489,-2.1374
103290772,0.11169,-0.53662,0.80994,-12.0229,-13.8015,-3.9084,-0.31213,-0.93823,0.01978,-5.1756,-5.0382,-2.2824
103291771,0.12329,-0.53394,0.86804,-11.0458,-13.7481,-3.9237,-0.30933,-0.93860,0.01990,-5.1908,-5.4046,-2.4656
103292771,0.14941,-0.58838,0.92273,-9.3053,-13.8550,-4.0382,-0.30701,-0.93860,0.02039,-5.2061,-5.7481,-2.7023
103293770,0.16040,-0.65857,0.91956,-6.6412,-14.5038,-4.7863,-0.30579,-0.93726,0.02087,-5.1832,-6.0763,-2.9466
103294770,0.14868,-0.69495,0.86694,-3.5725,-15.1527,-6.0076,-0.30505,-0.93530,0.02136,-5.1221,-6.3740,-3.2443
103295770,0.14478,-0.69031,0.85364,-0.6794,-15.0763,-6.8092,-0.30396,-0.93347,0.02124,-5.0534,-6.6641,-3.5954
103296770,0.17468,-0.71313,0.94739,1.9847,-14.5267,-6.3435,-0.30322,-0.93237,0.02063,-4.9924,-6.9466,-4.0229
103297770,0.22241,-0.80078,1.06348,3.3969,-15.1756,-4.9313,-0.30383,-0.93164,0.02014,-4.9542,-7.2061,-4.4809
103298770,0.23499,-0.88586,1.08191,2.4733,-17.6412,-3.8931,-0.30444,-0.93115,0.02136,-4.9237,-7.4580,-4.9695
103299770,0.21338,-0.89014,1.01270,-0.4046,-20.5878,-3.6489,-0.30408,-0.93018,0.02393,-4.9160,-7.7099,-5.4962
103300770,0.18884,-0.84766,0.94714,-3.4504,-22.8168,-3.2748,-0.30310,-0.92822,0.02563,-4.9313,-7.9389,-6.0687
103301770,0.16833,-0.84534,0.94067,-5.4427,-24.3435,-2.2824,-0.30273,-0.92761,0.02686,-4.9542,-8.1298,-6.6641
103302770,0.16443,-0.88318,0.96216,-6.7557,-25.6641,-1.5496,-0.30200,-0.92810,0.02783,-5.0000,-8.2977,-7.2672
103303770,0.18469,-0.92725,0.98657,-7.4275,-26.7328,-1.5802,-0.30017,-0.92871,0.02832,-5.0840,-8.4504,-7.8931
103304770,0.19775,-0.94556,1.00049,-7.6718,-27.6718,-2.4351,-0.29810,-0.92993,0.02747,-5.1756,-8.6031,-8.5038
103305770,0.18347,-0.90393,0.97205,-7.3893,-28.7252,-3.9466,-0.29724,-0.93152,0.02625,-5.2519,-8.7786,-9.0992
103306767,0.15906,-0.83105,0.90820,-6.1679,-29.7023,-5.3817,-0.29736,-0.93311,0.02539,-5.3282,-8.9237,-9.6641
103307768,0.14453,-0.80273,0.86389,-3.9771,-30.3893,-6.0840,-0.29639,-0.93481,0.02454,-5.4351,-9.0076,-10.1908
103308766,0.15332,-0.85071,0.86560,-1.3969,-31.0840,-6.4046,-0.29443,-0.93640,0.02368,-5.5573,-9.0763,-10.6947
103309769,0.18298,-0.93152,0.89014,0.9695,-32.1069,-7.0992,-0.29260,-0.93726,0.02295,-5.7023,-9.1527,-11.1908
103310771,0.19995,-0.98462,0.91113,2.4198,-33.5344,-8.2977,-0.29126,-0.93860,0.02161,-5.8321,-9.2137,-11.6260
103311771,0.18091,-0.95984,0.89954,2.0763,-35.2443,-9.6947,-0.28992,-0.94055,0.01990,-5.9466,-9.3053,-11.9771
103312770,0.14368,-0.87463,0.84570,0.3206,-36.8168,-10.3893,-0.28870,-0.94238,0.01904,-6.0611,-9.3969,-12.2595
103313770,0.11304,-0.81702,0.78137,-1.7481,-37.8473,-9.7405,-0.28772,-0.94482,0.01868,-6.1603,-9.4351,-12.4885
103314770,0.11340,-0.83484,0.75500,-3.4275,-38.2214,-8.4351,-0.28687,-0.94800,0.01892,-6.2443,-9.4427,-12.7176
103315770,0.14246,-0.87878,0.76746,-4.3511,-38.4809,-7.7786,-0.28564,-0.95056,0.01880,-6.3053,-9.4275,-12.8702
103316770,0.16138,-0.89807,0.77686,-4.4580,-39.3893,-7.9313,-0.28418,-0.95203,0.01697,-6.3511,-9.4046,-12.9618
103317767,0.16394,-0.87878,0.76123,-5.0382,-40.9389,-8.2366,-0.28308,-0.95361,0.01550,-6.3969,-9.3740,-12.9924
103318766,0.16626,-0.83740,0.73975,-6.3206,-42.7405,-8.1756,-0.28162,-0.95667,0.01501,-6.4351,-9.3588,-12.9695
103319769,0.16614,-0.81714,0.69897,-6.8321,-44.7634,-7.8931,-0.27966,-0.95947,0.01379,-6.4656,-9.3511,-12.8626
103320772,0.15210,-0.84229,0.60229,-5.7023,-46.8473,-7.8550,-0.27844,-0.96082,0.01245,-6.5038,-9.3130,-12.7328
103321770,0.12695,-0.90771,0.49011,-3.5420,-48.2214,-8.3435,-0.27722,-0.96118,0.01221,-6.5496,-9.2901,-12.5802
103322770,0.09814,-0.96277,0.40918,-2.0305,-48.5725,-9.4580,-0.27527,-0.96191,0.01221,-6.5878,-9.2595,-12.4046
103323771,0.07068,-0.95691,0.35522,-1.9160,-48.1145,-10.9389,-0.27356,-0.96252,0.01196,-6.6107,-9.2137,-12.2290
103324770,0.04578,-0.90063,0.29871,-2.4504,-47.1374,-12.2061,-0.27283,-0.96277,0.01147,-6.6336,-9.1374,-12.0382
103325770,0.02368,-0.85474,0.23645,-2.4427,-45.5344,-12.8168,-0.27246,-0.96375,0.00977,-6.6565,-9.0382,-11.8321
103326770,0.01001,-0.85522,0.17932,-2.2443,-43.5038,-12.9313,-0.27258,-0.96582,0.00806,-6.6718,-8.9313,-11.6489
103327770,0.00342,-0.88525,0.13025,-2.7863,-41.5191,-12.8855,-0.27356,-0.96741,0.00720,-6.7099,-8.8473,-11.4809
103328770,0.00220,-0.90662,0.10010,-4.2061,-39.8244,-12.9618,-0.27393,-0.96875,0.00659,-6.7481,-8.7481,-11.2748
103329768,0.00073,-0.89783,0.09009,-5.6489,-38.3740,-13.2061,-0.27319,-0.97095,0.00562,-6.7557,-8.6412,-11.0763
103330772,0.00269,-0.87915,0.09509,-6.2977,-37.0687,-13.3282,-0.27258,-0.97339,0.00415,-6.7405,-8.5573,-10.8855
103331771,0.00647,-0.87463,0.09326,-6.4809,-35.9084,-13.1603,-0.27148,-0.97485,0.00305,-6.7023,-8.4656,-10.7176
103332770,0.00085,-0.87488,0.08521,-6.7786,-34.5878,-12.9924,-0.27075,-0.97559,0.00220,-6.6641,-8.3511,-10.5267
103333770,-0.00745,-0.86267,0.07825,-7.2519,-32.8550,-13.0916,-0.27051,-0.97607,0.00110,-6.6336,-8.2214,-10.3282
103334770,0.00867,-0.86462,0.09961,-7.0534,-30.4656,-13.2366,-0.26990,-0.97644,0.00073,-6.6260,-8.0458,-10.1298
103335770,0.03564,-0.90479,0.15833,-6.0000,-28.0305,-13.4733,-0.26953,-0.97705,0.00134,-6.5954,-7.8397,-9.9237
103336770,0.04773,-0.95044,0.20142,-4.9237,-26.3817,-14.2443,-0.26880,-0.97766,0.00122,-6.5267,-7.5954,-9.7176
103337770,0.05298,-0.94226,0.19580,-4.8473,-25.4809,-15.6794,-0.26721,-0.97742,0.00061,-6.4580,-7.3053,-9.4809
103338770,0.05103,-0.87341,0.18982,-5.0534,-24.6718,-17.2061,-0.26611,-0.97705,0.00073,-6.3817,-6.9847,-9.2519
103339770,0.05505,-0.80676,0.23694,-4.4580,-23.6947,-18.1450,-0.26599,-0.97754,0.00171,-6.2901,-6.6412,-9.0305
103340770,0.07397,-0.79944,0.30176,-3.4504,-23.0458,-18.2748,-0.26611,-0.97913,0.00232,-6.1832,-6.2519,-8.8015
103341770,0.08801,-0.86060,0.34827,-2.8244,-22.8321,-18.0000,-0.26599,-0.98035,0.00195,-6.0687,-5.8321,-8.5725
103342770,0.09021,-0.91174,0.36206,-3.2519,-22.7710,-18.2214,-0.26538,-0.98059,0.00049,-5.9160,-5.3893,-8.3664
103343768,0.08289,-0.88379,0.34985,-3.9847,-22.4275,-19.0000,-0.26379,-0.98096,-0.00085,-5.7481,-4.9313,-8.1832
103344767,0.06604,-0.81372,0.33740,-3.9542,-21.7328,-19.5267,-0.26147,-0.98071,-0.00098,-5.5802,-4.4351,-8.0153
103345772,0.06006,-0.75867,0.34106,-3.3053,-20.8473,-19.4275,-0.25964,-0.97986,-0.00012,-5.4122,-3.9389,-7.8244
103346771,0.06702,-0.74084,0.36243,-2.8702,-20.1985,-18.9313,-0.25903,-0.97913,0.00000,-5.2137,-3.4427,-7.6107
103347771,0.07715,-0.76489,0.38733,-2.9237,-19.8931,-18.3740,-0.25916,-0.97839,-0.00061,-5.0229,-2.9313,-7.4122
103348770,0.08679,-0.81604,0.39221,-3.3053,-19.8931,-18.1221,-0.25879,-0.97766,-0.00073,-4.8702,-2.4275,-7.2595
103349767,0.08069,-0.83997,0.36450,-3.8321,-19.9389,-18.5420,-0.25830,-0.97632,0.00000,-4.7023,-1.9618,-7.1756
103350771,0.06921,-0.80518,0.32971,-4.2977,-19.5267,-19.2366,-0.25806,-0.97534,0.00037,-4.5267,-1.4809,-7.1069
103351771,0.06812,-0.75928,0.32947,-4.6870,-18.5802,-19.2824,-0.25830,-0.97510,-0.00037,-4.4046,-0.9847,-7.0229
103352771,0.07397,-0.74719,0.35071,-5.5267,-17.6412,-18.5573,-0.25928,-0.97534,-0.00171,-4.3206,-0.5115,-6.9389
103353771,0.09229,-0.77258,0.35535,-6.7023,-16.8473,-17.6565,-0.26050,-0.97620,-0.00208,-4.2595,-0.0916,-6.8779
103354771,0.12769,-0.83765,0.39087,-7.2748,-15.7405,-17.0000,-0.26123,-0.97754,-0.00134,-4.1832,0.2901,-6.8321
103355771,0.15662,-0.88782,0.46814,-7.6336,-15.0153,-17.1908,-0.26172,-0.97986,-0.00208,-4.1069,0.6565,-6.7634
103356771,0.15479,-0.83740,0.47620,-8.6947,-15.7481,-18.3969,-0.26196,-0.98279,-0.00342,-4.0382,1.0153,-6.6718
103357770,0.13013,-0.71704,0.40332,-9.7939,-17.1221,-19.4504,-0.26245,-0.98584,-0.00488,-3.9542,1.3588,-6.5420
103358770,0.11133,-0.65417,0.38000,-9.5878,-17.7863,-19.3130,-0.26636,-0.99377,-0.00574,-3.7328,1.9160,-6.1145
103359771,0.11450,-0.69812,0.41516,-8.5038,-18.2901,-18.6107,-0.26697,-0.99817,-0.00330,-3.6260,2.2137,-5.7710
103360771,0.12622,-0.78320,0.40466,-7.8626,-19.2443,-18.4809,-0.26685,-1.00098,-0.00159,-3.4885,2.5267,-5.3435
103361770,0.11951,-0.82495,0.34631,-7.9542,-19.9847,-19.1832,-0.26685,-1.00354,-0.00195,-3.3511,2.7939,-4.8397
103362770,0.09363,-0.76208,0.30115,-8.3969,-19.7634,-20.3664,-0.26843,-1.00598,-0.00305,-3.2214,3.0229,-4.2366
103363770,0.06750,-0.62646,0.25671,-8.7176,-18.9160,-20.8473,-0.27197,-1.00781,-0.00281,-3.1069,3.2595,-3.5496
103364770,0.04517,-0.55493,0.21130,-8.5649,-17.7023,-19.6107,-0.27539,-1.00928,-0.00208,-3.0000,3.4962,-2.7939
103365770,0.04138,-0.60706,0.21558,-8.5115,-16.0916,-17.5191,-0.27734,-1.01086,-0.00110,-2.9084,3.7023,-1.9771
103366770,0.06470,-0.68677,0.24841,-9.0382,-14.6336,-16.3206,-0.27991,-1.01245,-0.00049,-2.8244,3.8779,-1.1298
103367771,0.08032,-0.71033,0.26709,-9.4885,-13.6641,-16.3130,-0.28333,-1.01343,-0.00024,-2.7023,4.0458,-0.2672
103368771,0.06934,-0.66528,0.28955,-9.7176,-12.8397,-16.8168,-0.28613,-1.01404,-0.00012,-2.5725,4.2061,0.6565
103369771,0.05688,-0.58276,0.32202,-9.8931,-12.0840,-16.9847,-0.28833,-1.01477,0.00000,-2.4046,4.3359,1.6336
103370770,0.06030,-0.53369,0.34277,-9.7710,-11.4809,-16.3664,-0.29016,-1.01428,-0.00049,-2.2290,4.4427,2.6183
103371770,0.07349,-0.55530,0.37976,-9.1908,-10.8244,-15.4046,-0.29236,-1.01270,-0.00110,-2.0458,4.5344,3.5802
103372770,0.09058,-0.59180,0.44287,-8.5878,-10.2977,-15.1679,-0.29468,-1.01111,-0.00073,-1.8321,4.5954,4.4809
103373768,0.10938,-0.58313,0.46692,-8.0076,-10.3359,-15.6107,-0.29626,-1.00903,-0.00122,-1.5954,4.6107,5.3588
103374768,0.12903,-0.56482,0.48926,-6.9618,-10.3130,-15.6183,-0.29761,-1.00586,-0.00183,-1.3740,4.5954,6.2214
103375772,0.16284,-0.57275,0.58215,-6.0687,-10.3053,-14.9237,-0.29907,-1.00208,-0.00073,-1.1679,4.5878,7.0458
103376770,0.19604,-0.55432,0.64441,-6.2824,-11.6031,-14.3206,-0.30103,-0.99780,-0.00012,-1.0000,4.5649,7.8015
103377770,0.18298,-0.47595,0.59326,-6.7023,-14.0153,-13.9924,-0.30273,-0.99304,0.00000,-0.8550,4.4885,8.4580
103378770,0.14917,-0.39221,0.54211,-6.1679,-15.6260,-13.2366,-0.30396,-0.98865,0.00195,-0.6870,4.3511,9.0382
103379770,0.14111,-0.38733,0.56653,-5.1298,-16.3130,-11.4733,-0.30554,-0.98499,0.00403,-0.5344,4.1985,9.5344
103380770,0.15295,-0.48792,0.60767,-4.6183,-17.0687,-9.1985,-0.30774,-0.98096,0.00574,-0.3893,4.0305,9.9389
103381770,0.16602,-0.60181,0.61841,-5.1374,-18.0153,-7.9313,-0.30945,-0.97607,0.00720,-0.2595,3.8473,10.2824
103382770,0.16016,-0.61023,0.60889,-5.9160,-18.7176,-8.3588,-0.30994,-0.97119,0.00842,-0.1603,3.6412,10.5191
103383771,0.13489,-0.51062,0.56921,-6.0305,-19.2824,-9.2824,-0.30981,-0.96692,0.00940,-0.0763,3.4046,10.6641
103384771,0.10498,-0.41260,0.50049,-5.3740,-19.7939,-9.1603,-0.30945,-0.96252,0.00916,-0.0076,3.1221,10.7328
103385771,0.08325,-0.40442,0.45081,-4.6794,-20.2366,-7.9542,-0.30896,-0.95813,0.00830,0.0305,2.8168,10.7099
103386771,0.07703,-0.45972,0.41309,-4.4275,-20.7557,-6.8779,-0.30981,-0.95435,0.00989,0.0458,2.5115,10.6031
103387770,0.07385,-0.51746,0.38330,-3.7786,-20.9924,-6.5038,-0.31140,-0.95056,0.01184,0.0153,2.2061,10.4198
103388771,0.06458,-0.53003,0.39807,-2.9466,-20.4580,-6.6031,-0.31189,-0.94629,0.01270,-0.0305,1.9084,10.1603
103389770,0.05225,-0.48547,0.41907,-2.8626,-19.7405,-6.3206,-0.31140,-0.94250,0.01294,-0.1069,1.5878,9.8092
103390770,0.02637,-0.44006,0.37134,-3.5496,-19.2214,-4.9466,-0.31055,-0.93982,0.01233,-0.1908,1.2137,9.3817
103391770,0.00500,-0.44958,0.30322,-4.1527,-17.9695,-2.7786,-0.30945,-0.93799,0.01135,-0.2901,0.8397,8.9313
103392770,0.01917,-0.51648,0.31067,-4.0992,-15.7023,-0.7786,-0.30847,-0.93640,0.01062,-0.4046,0.4885,8.4275
103393770,0.05383,-0.59277,0.37549,-3.7481,-13.6412,0.3206,-0.30811,-0.93555,0.00964,-0.5115,0.1527,7.9008
103394770,0.07495,-0.63000,0.44617,-3.6870,-12.4427,0.5267,-0.30713,-0.93420,0.00879,-0.6412,-0.2061,7.3206
103395770,0.07800,-0.63147,0.51660,-3.9466,-11.9084,0.4656,-0.30481,-0.93250,0.00903,-0.7710,-0.5878,6.7099
103396770,0.09412,-0.64832,0.57556,-3.9008,-11.6412,0.7176,-0.30249,-0.93201,0.00977,-0.8779,-0.9542,6.1069
103397770,0.13391,-0.71167,0.62903,-2.9542,-11.4809,1.0382,-0.30127,-0.93152,0.01074,-0.9695,-1.2977,5.4962
103398771,0.17358,-0.79211,0.67737,-1.5191,-11.8168,0.6565,-0.30054,-0.93091,0.01111,-1.0229,-1.6336,4.9160
103399770,0.19470,-0.82288,0.67615,-0.8626,-12.9924,-0.5954,-0.29919,-0.93152,0.01172,-1.0534,-1.9695,4.3359
103400770,0.18933,-0.79187,0.61987,-0.7252,-14.5115,-1.9389,-0.29761,-0.93188,0.01233,-1.0611,-2.2977,3.7405
103401770,0.16736,-0.73499,0.56775,-0.4198,-15.5649,-2.7557,-0.29590,-0.93237,0.01208,-1.0763,-2.5878,3.1527
103402771,0.16101,-0.70203,0.55652,0.2061,-15.8168,-2.6947,-0.29382,-0.93286,0.01196,-1.0840,-2.8855,2.5802
103403771,0.17505,-0.74609,0.55383,0.7099,-15.7099,-1.7863,-0.29187,-0.93225,0.01282,-1.0992,-3.1756,1.9924
103404770,0.18494,-0.84204,0.52795,0.4275,-15.5344,-0.8779,-0.28943,-0.93188,0.01453,-1.1298,-3.4504,1.3969
103405770,0.17749,-0.87488,0.47583,-1.1450,-15.2137,-1.0076,-0.28699,-0.93274,0.01392,-1.1679,-3.7023,0.8015
103406770,0.14465,-0.78381,0.39258,-3.2824,-14.7099,-1.7405,-0.28528,-0.93457,0.01233,-1.1832,-3.9542,0.2595
103407770,0.10852,-0.65332,0.32727,-4.6794,-13.5420,-1.6947,-0.28357,-0.93652,0.01282,-1.2214,-4.1832,-0.2519
103408770,0.14429,-0.67468,0.40808,-4.7176,-10.1527,1.1221,-0.28259,-0.93787,0.01440,-1.2748,-4.3664,-0.7634
103409770,0.17566,-0.78870,0.45203,-4.5725,-9.4198,1.7328,-0.28101,-0.93884,0.01538,-1.3282,-4.5191,-1.2672
103410770,0.18860,-0.83459,0.46057,-4.8321,-9.0382,0.9618,-0.27795,-0.94031,0.01599,-1.3588,-4.6641,-1.7557
103411770,0.18799,-0.77612,0.46216,-5.0763,-8.6947,-0.3130,-0.27539,-0.94263,0.01575,-1.3435,-4.7634,-2.2214
103412770,0.16992,-0.67346,0.45862,-4.8550,-8.5725,-0.8626,-0.27319,-0.94495,0.01465,-1.3053,-4.8244,-2.6794
103413770,0.15601,-0.61279,0.46912,-4.1832,-8.4427,-0.2748,-0.27051,-0.94751,0.01331,-1.2366,-4.8779,-3.1069
103414767,0.17175,-0.64954,0.53870,-3.1679,-7.9542,0.9847,-0.26721,-0.95056,0.01196,-1.1679,-4.9389,-3.5115
103415768,0.20605,-0.77625,0.64856,-1.9847,-7.6718,2.0840,-0.26465,-0.95227,0.01306,-1.0992,-4.9313,-3.8550
103416768,0.23267,-0.88904,0.70593,-1.4656,-8.1145,1.9847,-0.26331,-0.95337,0.01392,-1.0153,-4.8702,-4.1603
103417768,0.22888,-0.87512,0.67676,-1.7176,-9.0382,0.5878,-0.26196,-0.95459,0.01355,-0.9237,-4.7863,-4.4351
103418771,0.19775,-0.75159,0.61902,-1.8473,-9.6870,-0.7710,-0.26062,-0.95569,0.01331,-0.8397,-4.7099,-4.6794
103419771,0.17163,-0.65686,0.57690,-1.1908,-10.0305,-0.6947,-0.25964,-0.95667,0.01343,-0.7557,-4.6260,-4.8855
103420770,0.16919,-0.69543,0.56799,0.1374,-10.1221,0.5267,-0.25891,-0.95850,0.01428,-0.6870,-4.4962,-5.0458
103421770,0.18701,-0.81689,0.60547,1.2443,-10.0229,1.2595,-0.25806,-0.96033,0.01440,-0.6336,-4.3435,-5.1832
103422771,0.20374,-0.90527,0.64612,1.7099,-10.0229,0.6870,-0.25720,-0.96106,0.01318,-0.5878,-4.1450,-5.3053
103423770,0.20276,-0.90820,0.63220,1.6870,-10.2443,-0.5115,-0.25635,-0.96216,0.01233,-0.5267,-3.9313,-5.4275
103424770,0.18713,-0.85229,0.58374,1.5115,-10.2137,-1.2901,-0.25525,-0.96387,0.01282,-0.4656,-3.7099,-5.5115
103425770,0.17090,-0.78137,0.55359,1.1298,-9.8397,-1.3130,-0.25378,-0.96521,0.01489,-0.4046,-3.4656,-5.5878
103426770,0.16626,-0.73254,0.53406,0.4962,-9.5420,-0.7710,-0.25208,-0.96655,0.01514,-0.3435,-3.2290,-5.6412
103427770,0.17236,-0.73975,0.53259,0.3969,-9.2519,-0.0611,-0.24976,-0.96741,0.01392,-0.2748,-2.9847,-5.7023
103428770,0.19385,-0.80139,0.58069,1.0534,-8.7634,0.3588,-0.24731,-0.96814,0.01404,-0.2214,-2.7176,-5.7481
103429770,0.21985,-0.86169,0.64075,1.4809,-8.5725,0.1832,-0.24585,-0.96802,0.01501,-0.1679,-2.4275,-5.7557
103430771,0.21741,-0.86377,0.63989,1.0229,-9.0458,-0.4504,-0.24585,-0.96765,0.01575,-0.0840,-2.1221,-5.7328
103431771,0.19385,-0.80371,0.58569,0.3969,-9.4885,-1.0763,-0.24658,-0.96790,0.01538,0.0153,-1.7939,-5.7405
103432771,0.17871,-0.75232,0.55908,0.9389,-9.1832,-1.1069,-0.24634,-0.96777,0.01416,0.0992,-1.4885,-5.7710
103433771,0.17969,-0.77393,0.58350,2.6260,-8.5344,-0.6412,-0.24585,-0.96716,0.01282,0.1756,-1.2214,-5.7557
103434770,0.19373,-0.84778,0.62781,4.4351,-8.0153,-0.4351,-0.24609,-0.96594,0.01160,0.2519,-0.9389,-5.7481
103435771,0.21057,-0.91187,0.68555,5.5878,-7.7328,-1.0076,-0.24646,-0.96423,0.01099,0.3053,-0.6565,-5.7481
103436770,0.22839,-0.92517,0.73694,6.1374,-7.7634,-2.1298,-0.24707,-0.96252,0.01135,0.3740,-0.3740,-5.7863
103437770,0.24109,-0.88696,0.75061,6.7176,-8.2137,-3.3664,-0.24695,-0.96143,0.01135,0.4351,-0.1145,-5.8397
103438770,0.23303,-0.82825,0.71240,7.7405,-9.1145,-4.3969,-0.24695,-0.96094,0.01099,0.4656,0.1450,-5.9313
103439770,0.21204,-0.79346,0.64539,9.0916,-10.0611,-4.9389,-0.24731,-0.96033,0.01172,0.4885,0.3893,-6.0458
103440770,0.19617,-0.80432,0.60400,10.4580,-10.5573,-5.0916,-0.24756,-0.95886,0.01172,0.5191,0.6183,-6.1603
103441770,0.19409,-0.84766,0.60339,11.6718,-10.6565,-5.2290,-0.24780,-0.95813,0.01062,0.5344,0.8168,-6.2748
103442770,0.20447,-0.88977,0.62085,12.5878,-10.4733,-5.6183,-0.24768,-0.95862,0.01123,0.5267,1.0229,-6.4122
103443770,0.20630,-0.89233,0.61304,13.1527,-10.2901,-6.2824,-0.24744,-0.95874,0.01306,0.4885,1.2366,-6.5649
103444770,0.18518,-0.84631,0.55579,13.5878,-10.0153,-6.9695,-0.24744,-0.95740,0.01343,0.4580,1.4275,-6.7252
103445770,0.16748,-0.79834,0.49255,14.1756,-9.1298,-7.1221,-0.24817,-0.95557,0.01245,0.4427,1.5954,-6.9008
103446771,0.16980,-0.80530,0.48608,14.9466,-7.7099,-6.6641,-0.24951,-0.95544,0.01196,0.4351,1.7786,-7.0534
103447770,0.17688,-0.85620,0.52087,15.4046,-6.6718,-6.3740,-0.25073,-0.95642,0.01221,0.4046,1.9924,-7.2137
103448771,0.18750,-0.90137,0.53162,15.1679,-6.3511,-6.7023,-0.25195,-0.95654,0.01318,0.3893,2.1603,-7.3893
103449770,0.19556,-0.93933,0.51868,14.2061,-6.2901,-7.0992,-0.25305,-0.95654,0.01379,0.4122,2.2748,-7.5802
103450770,0.19238,-0.95422,0.53992,11.6412,-5.9924,-7.2901,-0.25452,-0.95715,0.01294,0.4580,2.3817,-7.7710
103451768,0.19702,-0.90015,0.58679,7.6031,-5.7786,-7.3435,-0.25574,-0.95642,0.01099,0.4504,2.4809,-7.9542
103452771,0.19507,-0.80762,0.58386,4.5496,-6.0534,-7.1832,-0.25671,-0.95557,0.00867,0.4046,2.5573,-8.1679
103453771,0.18335,-0.77625,0.57581,4.7786,-5.8931,-6.5649,-0.25854,-0.95508,0.00745,0.3588,2.6489,-8.3664
103454771,0.19482,-0.82080,0.63281,6.3664,-5.0916,-5.8779,-0.26379,-0.95544,0.00671,0.2137,2.8092,-8.7176
103455770,0.21899,-0.88623,0.71643,6.3588,-4.9160,-5.3740,-0.26477,-0.95483,0.00586,0.1298,2.8397,-8.9008
103456771,0.23682,-0.90771,0.78333,4.6718,-5.5496,-5.5573,-0.26538,-0.95374,0.00562,0.0305,2.8397,-9.0992
103457771,0.24084,-0.84326,0.82642,4.3282,-6.5115,-6.7252,-0.26636,-0.95251,0.00452,-0.0840,2.8321,-9.3282
103458770,0.23242,-0.75720,0.83911,7.0840,-7.4656,-8.1298,-0.26709,-0.95129,0.00269,-0.2290,2.8092,-9.5649
103459770,0.22009,-0.73962,0.81116,10.6489,-8.5420,-8.8092,-0.26807,-0.95032,0.00134,-0.3817,2.7634,-9.7786
103460770,0.21313,-0.78918,0.78723,12.4656,-9.4733,-9.0992,-0.26990,-0.94873,0.00134,-0.4962,2.7252,-9.9542
103461770,0.21985,-0.80530,0.77344,12.4198,-10.3511,-10.0916,-0.27173,-0.94690,0.00134,-0.6107,2.6336,-10.1527
103462770,0.22119,-0.77246,0.73584,13.3130,-11.0611,-11.4809,-0.27222,-0.94580,0.00098,-0.7557,2.5267,-10.3740
103463770,0.20300,-0.75659,0.68250,15.9771,-11.4580,-12.4122,-0.27148,-0.94470,0.00171,-0.8855,2.4351,-10.6031
103464770,0.19019,-0.74854,0.63232,17.9466,-11.4427,-12.7786,-0.27100,-0.94397,0.00269,-1.0076,2.3206,-10.8550
103465770,0.18176,-0.72693,0.58948,17.7328,-11.4351,-12.5420,-0.27026,-0.94373,0.00305,-1.1221,2.1756,-11.1145
103466770,0.17310,-0.70850,0.55444,16.7481,-11.3664,-11.9389,-0.26965,-0.94336,0.00330,-1.2214,2.0458,-11.3740
103467770,0.17603,-0.70996,0.55664,17.2061,-10.9084,-11.4962,-0.27014,-0.94348,0.00476,-1.3053,1.9237,-11.6336
103468770,0.17603,-0.71497,0.57104,18.9847,-10.5115,-11.6031,-0.26978,-0.94421,0.00635,-1.3664,1.8015,-11.8779
103469770,0.16162,-0.71643,0.54028,20.4962,-10.4809,-11.8550,-0.26929,-0.94568,0.00720,-1.4122,1.6947,-12.1221
103470770,0.15076,-0.72864,0.51172,21.0458,-10.1679,-11.9618,-0.26978,-0.94714,0.00708,-1.4504,1.6260,-12.3359
103471770,0.15027,-0.73633,0.51404,21.2977,-9.6260,-12.3359,-0.27087,-0.94800,0.00720,-1.4885,1.5725,-12.5344
103472770,0.14038,-0.73340,0.49268,22.6183,-9.2519,-13.2595,-0.27197,-0.94849,0.00793,-1.5649,1.5267,-12.7481
103473770,0.12683,-0.74622,0.44604,25.0840,-8.6107,-14.3511,-0.27185,-0.94885,0.00830,-1.6260,1.5267,-12.9389
103474770,0.13135,-0.77893,0.46460,27.1450,-7.2061,-15.2137,-0.27136,-0.94946,0.00940,-1.6794,1.5725,-13.0916
103475770,0.15942,-0.80310,0.57104,27.4809,-5.7939,-15.7710,-0.27161,-0.95020,0.01050,-1.7252,1.6107,-13.2290
103476770,0.18689,-0.78894,0.65308,26.5954,-5.5115,-16.3053,-0.27246,-0.95142,0.01074,-1.8168,1.6412,-13.3511
103477770,0.18677,-0.75342,0.64917,26.5573,-6.1450,-16.7557,-0.27417,-0.95288,0.01062,-1.9542,1.6947,-13.4580
103478770,0.17273,-0.77197,0.58313,27.1603,-6.9542,-16.5038,-0.27625,-0.95398,0.01001,-2.1145,1.7557,-13.5115
103479770,0.16223,-0.83875,0.56445,23.8626,-7.3588,-14.9847,-0.27856,-0.95471,0.00940,-2.2824,1.8168,-13.5267
103480770,0.19055,-0.86975,0.71985,15.0076,-7.3282,-12.6947,-0.27979,-0.95618,0.00867,-2.4351,1.8931,-13.5191
103481770,0.24951,-0.76770,0.87878,5.7863,-8.7252,-11.4198,-0.28003,-0.95789,0.00793,-2.5649,1.9771,-13.5038
103482770,0.22180,-0.62793,0.81042,4.3588,-11.6107,-11.0076,-0.28125,-0.95850,0.00818,-2.6718,2.0458,-13.4504
103483770,0.15967,-0.61096,0.67371,9.0611,-12.6336,-10.0534,-0.28271,-0.95898,0.00903,-2.7786,2.1298,-13.3511
103484770,0.15845,-0.67786,0.65955,9.8855,-12.3435,-8.1374,-0.28381,-0.96033,0.01013,-2.9008,2.2214,-13.2672
103485770,0.19580,-0.71472,0.77698,4.4809,-12.3969,-6.3359,-0.28442,-0.96191,0.01074,-3.0305,2.2672,-13.1603
103486770,0.24792,-0.68005,0.86902,-0.0153,-13.9618,-5.9160,-0.28528,-0.96289,0.00977,-3.1908,2.2824,-13.0305
103487770,0.26782,-0.69397,0.89001,4.1298,-15.6489,-6.5802,-0.28577,-0.96460,0.00842,-3.3664,2.2824,-12.8779
103488770,0.23120,-0.76526,0.79333,11.6565,-17.6412,-8.0992,-0.28564,-0.96765,0.00732,-3.5115,2.2672,-12.6870
103489771,0.17188,-0.78333,0.60645,14.6870,-19.0153,-9.6336,-0.28540,-0.97009,0.00623,-3.6260,2.2519,-12.4580
103490770,0.15930,-0.75830,0.56262,12.0763,-18.8931,-10.0611,-0.28503,-0.97205,0.00610,-3.7328,2.2366,-12.2214
103491770,0.19128,-0.73645,0.64392,8.8931,-18.3588,-9.9924,-0.28479,-0.97559,0.00781,-3.8550,2.1985,-11.9618
103492770,0.19971,-0.77209,0.67651,10.5573,-18.3740,-10.3893,-0.28491,-0.98047,0.00952,-3.9924,2.1374,-11.6718
103493770,0.18237,-0.84949,0.62085,14.2901,-18.0916,-11.3511,-0.28564,-0.98608,0.01001,-4.1069,2.0687,-11.3359
103494770,0.18506,-0.90137,0.60657,13.8321,-17.0992,-11.6718,-0.28638,-0.99207,0.00952,-4.1908,1.9847,-10.9466
103495770,0.19189,-0.86328,0.63208,7.1756,-16.8473,-11.1069,-0.28674,-0.99768,0.01013,-4.2672,1.8779,-10.4733
103496770,0.21277,-0.78162,0.69543,0.6947,-17.1298,-9.7786,-0.28748,-1.00281,0.01208,-4.3053,1.7786,-9.9084
103497770,0.25940,-0.78748,0.81030,-0.4809,-17.9618,-8.1756,-0.28870,-1.00842,0.01489,-4.2977,1.7328,-9.2519
103498770,0.27673,-0.83948,0.86218,2.1756,-20.0687,-7.7328,-0.28955,-1.01392,0.01770,-4.2519,1.7099,-8.5115
103499770,0.25757,-0.83044,0.83203,4.5878,-22.7863,-8.5496,-0.29065,-1.01929,0.01929,-4.1985,1.6641,-7.6947
103500770,0.25195,-0.75537,0.81567,3.8092,-25.1908,-9.0992,-0.29248,-1.02490,0.02063,-4.1221,1.6183,-6.8168
103501771,0.24866,-0.71729,0.81274,1.3893,-27.7252,-8.3969,-0.29419,-1.03027,0.02197,-4.0076,1.5725,-5.8626
103502771,0.21851,-0.74939,0.73022,0.3664,-30.2595,-7.7710,-0.29590,-1.03516,0.02405,-3.8702,1.5191,-4.8015
103503770,0.19299,-0.81531,0.62842,1.2290,-31.1527,-7.8550,-0.29761,-1.03931,0.02649,-3.7176,1.4809,-3.6794
103504770,0.18384,-0.84521,0.61047,1.1603,-30.2672,-8.5344,-0.29858,-1.04285,0.02930,-3.5038,1.4580,-2.5267
103505770,0.16064,-0.77979,0.58142,-0.2748,-29.3893,-9.4809,-0.29968,-1.04529,0.03137,-3.2443,1.4504,-1.3282
103506770,0.13623,-0.67761,0.49951,-0.8702,-28.3282,-9.8779,-0.30164,-1.04651,0.03149,-2.9466,1.4427,-0.0763
103507770,0.12671,-0.65027,0.43921,-0.5802,-26.7099,-8.9618,-0.30408,-1.04724,0.03235,-2.6107,1.4275,1.1908
103508770,0.12671,-0.70764,0.43896,-0.9313,-24.8931,-7.6031,-0.30615,-1.04749,0.03430,-2.2824,1.3969,2.4427
103509767,0.14258,-0.74707,0.44775,-2.8626,-23.7099,-6.9695,-0.30737,-1.04724,0.03638,-1.9542,1.3664,3.6870
103510766,0.15906,-0.74121,0.46082,-5.2137,-22.9771,-6.6641,-0.30774,-1.04614,0.03833,-1.6031,1.3130,4.8931
103511769,0.16748,-0.71875,0.49585,-6.6489,-22.4275,-6.3053,-0.30798,-1.04480,0.04004,-1.2366,1.2672,6.0611
103512767,0.16956,-0.67651,0.50208,-6.3206,-22.0992,-6.1145,-0.30835,-1.04382,0.04248,-0.8626,1.2366,7.1756
103513772,0.15833,-0.63550,0.48157,-5.1679,-21.9618,-5.7481,-0.30872,-1.04272,0.04553,-0.4733,1.2214,8.2214
103514771,0.14636,-0.62366,0.47595,-5.1679,-21.7023,-4.9313,-0.30908,-1.04004,0.04834,-0.0763,1.1832,9.2061
103515770,0.16260,-0.64673,0.53271,-5.2290,-21.0916,-4.0611,-0.30981,-1.03613,0.05066,0.3282,1.1069,10.1298
103516770,0.19434,-0.68994,0.60193,-4.0534,-20.9466,-3.7939,-0.31091,-1.03271,0.05127,0.7557,1.0229,10.9542
103517768,0.19336,-0.73877,0.60132,-2.2290,-21.7252,-4.0687,-0.31165,-1.02930,0.05103,1.1832,0.9313,11.6641
103518771,0.15967,-0.75977,0.52222,-1.2443,-22.7939,-4.7481,-0.31079,-1.02576,0.05176,1.6107,0.8168,12.2977
103519771,0.12622,-0.73120,0.42957,-1.0153,-23.1221,-5.4427,-0.30920,-1.02307,0.05359,2.0076,0.6947,12.8397
103520771,0.11145,-0.71179,0.41125,-0.8931,-22.3359,-5.5038,-0.30762,-1.02075,0.05603,2.3969,0.5725,13.2977
103521771,0.11572,-0.73242,0.43701,-0.9695,-21.1756,-5.2748,-0.30591,-1.01746,0.05737,2.7863,0.4504,13.6794
103522770,0.11609,-0.76392,0.44531,-0.5496,-19.9542,-5.4809,-0.30493,-1.01343,0.05798,3.1527,0.3130,13.9695
103523770,0.10315,-0.75854,0.42908,-0.3435,-18.5115,-6.1756,-0.30408,-1.01025,0.05920,3.5115,0.1679,14.1527
103524767,0.09094,-0.71472,0.41589,-0.9618,-16.7863,-6.5649,-0.30200,-1.00781,0.06055,3.8550,0.0076,14.2443
103525767,0.09180,-0.67542,0.41809,-1.4885,-15.1908,-6.3740,-0.29944,-1.00476,0.06128,4.1985,-0.1908,14.2824
103526768,0.10913,-0.65356,0.44714,-0.7634,-13.8855,-6.0229,-0.29822,-1.00049,0.06104,4.5420,-0.3740,14.2748
103527768,0.13867,-0.66089,0.52686,0.9313,-13.0992,-5.6641,-0.29761,-0.99634,0.05994,4.8855,-0.5496,14.1603
103528768,0.16785,-0.68970,0.61169,2.2901,-13.2824,-5.4275,-0.29639,-0.99292,0.05884,5.2137,-0.7481,13.9618
103529771,0.18481,-0.70959,0.66736,2.9618,-14.1527,-5.3511,-0.29443,-0.98999,0.05859,5.5267,-0.9237,13.7328
103530771,0.18823,-0.70203,0.68604,2.9695,-15.2901,-5.4122,-0.29211,-0.98865,0.05896,5.8321,-1.0840,13.4351
103531770,0.17871,-0.68738,0.64697,2.5725,-16.5115,-5.2672,-0.29004,-0.98804,0.05969,6.1450,-1.2290,13.0687
103532770,0.15820,-0.69373,0.59338,1.4580,-17.1603,-4.6641,-0.28821,-0.98669,0.05981,6.4809,-1.3969,12.6336
103533770,0.15540,-0.71069,0.60657,-1.0916,-16.9847,-3.6947,-0.28613,-0.98401,0.05884,6.8397,-1.5573,12.1374
103534770,0.17041,-0.69519,0.66345,-5.4733,-16.8931,-2.4809,-0.28418,-0.98218,0.05872,7.1756,-1.7176,11.6107
103535770,0.17688,-0.70032,0.67529,-4.4351,-16.6336,-2.2443,-0.28259,-0.98181,0.05884,7.4885,-1.8931,11.0763
103536770,0.18262,-0.70886,0.68945,-4.6183,-16.7786,-1.7252,-0.28149,-0.98120,0.05884,7.7863,-2.0840,10.5267
103537770,0.17664,-0.71692,0.67761,-6.8702,-17.7023,-0.8550,-0.28003,-0.97986,0.05969,8.0763,-2.2748,9.9542
103538770,0.17688,-0.73816,0.63110,-8.4656,-18.8931,-0.1221,-0.27832,-0.97803,0.06006,8.3435,-2.4427,9.3817
103539770,0.18250,-0.77478,0.62073,-7.2748,-19.3969,-0.1145,-0.27698,-0.97656,0.05994,8.6107,-2.6031,8.7863
103540770,0.17737,-0.77417,0.62183,-5.1145,-19.8015,-1.0611,-0.27502,-0.97534,0.05920,8.8473,-2.7786,8.1679
103541770,0.15430,-0.72705,0.56836,-3.9771,-20.2519,-2.0763,-0.27258,-0.97437,0.05859,9.0458,-2.9542,7.5496
103542770,0.13953,-0.69226,0.52771,-4.5878,-19.8931,-2.1679,-0.27051,-0.97388,0.05811,9.1985,-3.1450,6.9542
103543768,0.14551,-0.69849,0.53345,-6.0305,-18.9160,-1.6794,-0.26855,-0.97266,0.05664,9.3435,-3.3130,6.3511
103544768,0.14856,-0.73547,0.52563,-6.6641,-18.1221,-1.4351,-0.26624,-0.97058,0.05530,9.4962,-3.4656,5.7557
103545772,0.14380,-0.76306,0.48877,-6.5649,-17.3359,-1.7405,-0.26379,-0.96912,0.05347,9.6489,-3.5954,5.1679
103546770,0.13989,-0.75342,0.47986,-6.6947,-16.4046,-2.1450,-0.26184,-0.96899,0.05103,9.7863,-3.7252,4.5878
103547771,0.13867,-0.71338,0.48987,-7.3817,-15.8244,-2.2290,-0.26050,-0.96899,0.04944,9.8931,-3.8626,4.0458
103548770,0.14307,-0.68689,0.49487,-7.7023,-15.5802,-1.7176,-0.25903,-0.96985,0.04956,10.0076,-3.9924,3.5496
103549770,0.14587,-0.70825,0.51440,-7.4504,-15.3053,-0.9237,-0.25745,-0.97083,0.04919,10.1069,-4.1221,3.0611
103550767,0.14978,-0.73279,0.52991,-7.4656,-15.0000,-0.6031,-0.25635,-0.97070,0.04700,10.1832,-4.2519,2.5725
103551766,0.14172,-0.72803,0.49683,-7.5802,-14.8702,-0.7634,-0.25537,-0.96924,0.04382,10.2901,-4.3740,2.0992
103552771,0.11743,-0.71362,0.44177,-7.5038,-14.3817,-0.9466,-0.25317,-0.96814,0.03943,10.5420,-4.5725,1.2214
103553771,0.11096,-0.70020,0.43030,-7.5344,-13.1221,-1.0458,-0.25269,-0.96716,0.03870,10.6641,-4.6641,0.8092
103554771,0.13098,-0.69727,0.49255,-7.3282,-11.4580,-1.0763,-0.25171,-0.96521,0.03809,10.7634,-4.7252,0.4275
103555770,0.15479,-0.71692,0.57947,-7.0305,-10.4733,-1.0992,-0.25073,-0.96375,0.03650,10.8397,-4.7557,0.0763
103556771,0.16785,-0.73560,0.61536,-7.2748,-10.4962,-1.3511,-0.25073,-0.96289,0.03564,10.9160,-4.7710,-0.2748
103557770,0.16772,-0.72827,0.58972,-7.5573,-11.0382,-1.8321,-0.25122,-0.96118,0.03540,11.0000,-4.7939,-0.6565
103558770,0.15771,-0.70264,0.55176,-7.1450,-11.3664,-2.2290,-0.25171,-0.95984,0.03442,11.0916,-4.8321,-0.9924
103559770,0.14453,-0.68103,0.53662,-6.5725,-11.4580,-2.2519,-0.25195,-0.95898,0.03308,11.1756,-4.8550,-1.2824
103560770,0.13977,-0.66650,0.53943,-6.2595,-11.4198,-2.0382,-0.25232,-0.95740,0.03113,11.2595,-4.8779,-1.5878
103561770,0.14197,-0.67212,0.55286,-5.7328,-11.2061,-1.6641,-0.25220,-0.95618,0.02966,11.3130,-4.8779,-1.9084
103562770,0.14392,-0.70410,0.56689,-5.2290,-10.7252,-1.2977,-0.25171,-0.95544,0.02966,11.3359,-4.8550,-2.2290
103563770,0.13867,-0.73071,0.54443,-5.5115,-10.2824,-1.1221,-0.25183,-0.95544,0.02881,11.3206,-4.8473,-2.5496
103564768,0.12366,-0.72009,0.50928,-6.4885,-9.5802,-1.1985,-0.25183,-0.95508,0.02515,11.2672,-4.8702,-2.8855
103565768,0.11951,-0.69055,0.50732,-7.6489,-8.6870,-1.0992,-0.25195,-0.95361,0.02148,11.2137,-4.8626,-3.1908
103566768,0.13513,-0.69690,0.52405,-8.1527,-8.0611,-0.6260,-0.25208,-0.95227,0.02026,11.1832,-4.8321,-3.4733
103567768,0.14905,-0.73010,0.54016,-7.8702,-7.9008,-0.4122,-0.25220,-0.95166,0.01904,11.1527,-4.8092,-3.7252
103568772,0.15320,-0.73193,0.56201,-7.6489,-7.9084,-0.8092,-0.25244,-0.95093,0.01733,11.0840,-4.8015,-3.9771
103569771,0.16125,-0.69971,0.57812,-8.3511,-8.1832,-1.0687,-0.25208,-0.95032,0.01636,10.9924,-4.7863,-4.2061
103570770,0.16113,-0.67664,0.56091,-9.2672,-8.6336,-0.7252,-0.25085,-0.94995,0.01550,10.8855,-4.7710,-4.4198
103571770,0.14807,-0.67078,0.53345,-9.2824,-8.7252,-0.2595,-0.24902,-0.94861,0.01440,10.7710,-4.7405,-4.6183
103572770,0.14270,-0.67712,0.51050,-8.7252,-8.3206,0.0992,-0.24744,-0.94739,0.01355,10.6718,-4.6794,-4.7786
103573770,0.14612,-0.69836,0.50500,-8.3740,-7.5802,0.4809,-0.24670,-0.94592,0.01282,10.6107,-4.6183,-4.9389
103574770,0.14294,-0.71106,0.52917,-8.4733,-6.9084,0.6489,-0.24634,-0.94409,0.01270,10.5802,-4.5420,-5.0687
103575770,0.14893,-0.70471,0.57019,-8.6870,-6.3511,0.5802,-0.24561,-0.94312,0.01379,10.5954,-4.4580,-5.1832
103576770,0.16162,-0.71753,0.58533,-8.6794,-6.2519,0.6870,-0.24341,-0.94275,0.01465,10.6183,-4.3588,-5.2672
103577770,0.15942,-0.74683,0.58752,-8.0840,-6.2901,0.5649,-0.24158,-0.94153,0.01575,10.6412,-4.2061,-5.3282
103578770,0.15967,-0.74939,0.59558,-7.4580,-6.4046,-0.0763,-0.24133,-0.93994,0.01746,10.6489,-4.0153,-5.3588
103579770,0.16443,-0.74243,0.59058,-7.2824,-6.7252,-0.5191,-0.24194,-0.93860,0.01892,10.6412,-3.8244,-5.3969
103580770,0.16187,-0.76196,0.58057,-7.2595,-7.0840,-0.4962,-0.24304,-0.93665,0.01904,10.6412,-3.6031,-5.4351
103581770,0.15979,-0.76526,0.57996,-7.1374,-7.1832,-0.7710,-0.24377,-0.93518,0.01855,10.6336,-3.3588,-5.4580
103582770,0.15857,-0.73291,0.57605,-7.0305,-7.1756,-1.1298,-0.24451,-0.93481,0.01782,10.6107,-3.0916,-5.4885
103583770,0.15283,-0.70715,0.55249,-7.2901,-7.1221,-0.9313,-0.24561,-0.93372,0.01697,10.5573,-2.8168,-5.4885
103584771,0.15039,-0.70813,0.54102,-7.6641,-6.7710,-0.3588,-0.24731,-0.93164,0.01660,10.4809,-2.5420,-5.4962
103585770,0.15686,-0.71533,0.55164,-8.0611,-6.2977,0.0305,-0.24939,-0.93005,0.01648,10.3817,-2.2595,-5.5115
103586770,0.16699,-0.73254,0.56726,-8.1908,-6.0153,0.3511,-0.25134,-0.92908,0.01685,10.2672,-1.9695,-5.5420
103587770,0.17285,-0.76379,0.58484,-8.1908,-5.9771,0.5267,-0.25317,-0.92810,0.01648,10.1298,-1.6870,-5.6107
103588770,0.17371,-0.76965,0.58875,-8.3740,-6.2366,0.2977,-0.25354,-0.92627,0.01624,9.9542,-1.3817,-5.6565
103589770,0.16870,-0.75427,0.56934,-8.3969,-6.5802,-0.0229,-0.25391,-0.92407,0.01514,9.7481,-1.0916,-5.7023
103590770,0.16028,-0.74512,0.55542,-7.9008,-6.6107,-0.1908,-0.25500,-0.92346,0.01270,9.4962,-0.8015,-5.7634
103591767,0.15710,-0.74512,0.55542,-7.0992,-6.3740,-0.3817,-0.25586,-0.92285,0.01160,9.1908,-0.5344,-5.8473
103592772,0.15820,-0.74731,0.55090,-6.5496,-6.1069,-0.6260,-0.25720,-0.92139,0.01135,8.8626,-0.2824,-5.9466
103593771,0.15540,-0.75830,0.54297,-6.4275,-5.8550,-0.7481,-0.25830,-0.92004,0.01062,8.5420,-0.0611,-6.0534
103594770,0.16003,-0.77100,0.54053,-6.6794,-5.5344,-0.8092,-0.25830,-0.91907,0.00879,8.2290,0.1145,-6.1679
103595770,0.17273,-0.77808,0.54175,-7.0687,-5.2977,-0.8092,-0.25854,-0.91809,0.00745,7.9313,0.2824,-6.2824
103596770,0.17395,-0.79297,0.54907,-7.4962,-5.3053,-0.6183,-0.25952,-0.91687,0.00635,7.6412,0.4580,-6.4122
103597770,0.17310,-0.82117,0.55432,-8.2214,-5.5420,-0.3130,-0.26013,-0.91541,0.00537,7.3359,0.6412,-6.5420
103598770,0.18005,-0.82898,0.56238,-9.2214,-5.7176,-0.3282,-0.26038,-0.91382,0.00500,7.0153,0.7939,-6.6947
103599768,0.17932,-0.80078,0.57849,-9.8626,-5.8931,-0.6412,-0.26135,-0.91272,0.00500,6.6870,0.9160,-6.9084
103600768,0.16968,-0.76392,0.57251,-10.0000,-6.1527,-0.9618,-0.26294,-0.91162,0.00537,6.3359,1.0076,-7.1603
103601772,0.15759,-0.75989,0.53772,-9.6794,-6.3206,-0.9618,-0.26428,-0.91077,0.00464,6.0229,1.0916,-7.3969
103602771,0.14807,-0.78772,0.52258,-9.1450,-5.9313,-1.0305,-0.26489,-0.91138,0.00281,5.7099,1.1832,-7.5954
103603770,0.15015,-0.79968,0.53003,-8.7863,-5.3359,-1.5725,-0.26575,-0.91199,0.00256,5.3740,1.2595,-7.7939
103604771,0.15076,-0.78796,0.52124,-8.4351,-4.8779,-2.3206,-0.26709,-0.91174,0.00403,5.0076,1.3053,-8.0153
103605771,0.14868,-0.77576,0.52100,-7.7023,-4.3053,-2.8473,-0.26746,-0.91125,0.00391,4.6031,1.3359,-8.2214
103606771,0.15588,-0.76636,0.54822,-7.1756,-3.7634,-3.1374,-0.26758,-0.91028,0.00183,4.2061,1.3511,-8.4351
103607770,0.16187,-0.75183,0.56360,-7.4656,-3.7176,-3.2290,-0.26843,-0.90869,0.00110,3.8092,1.3130,-8.6412
103608771,0.16150,-0.73987,0.55786,-8.1298,-3.8855,-3.0840,-0.27014,-0.90808,0.00159,3.4046,1.2366,-8.8550
103609771,0.16614,-0.74072,0.57397,-8.5344,-3.8855,-2.8015,-0.27209,-0.90796,0.00183,2.9771,1.1527,-9.0611
103610771,0.17371,-0.75061,0.59204,-8.8855,-4.0305,-2.4733,-0.27405,-0.90698,0.00269,2.5115,1.0687,-9.2748
103611770,0.16895,-0.75525,0.57251,-9.3206,-4.4046,-2.2366,-0.27661,-0.90613,0.00464,2.0229,0.9771,-9.4809
103612770,0.15784,-0.74719,0.55798,-9.6947,-4.4122,-2.1374,-0.27856,-0.90576,0.00635,1.5267,0.8626,-9.6489
103613771,0.15784,-0.72754,0.57483,-10.1145,-4.0916,-2.0229,-0.27893,-0.90515,0.00586,1.0382,0.7176,-9.7786
103614771,0.16333,-0.72485,0.59045,-10.2519,-3.9237,-1.7634,-0.27954,-0.90491,0.00427,0.5496,0.5649,-9.8855
103615770,0.17371,-0.75854,0.60022,-9.8092,-3.8015,-1.6107,-0.28027,-0.90540,0.00293,0.0382,0.4122,-9.9847
103616770,0.18677,-0.80566,0.60620,-9.0763,-3.7634,-1.8779,-0.28015,-0.90637,0.00244,-0.4809,0.2443,-10.0840
103617770,0.18921,-0.82666,0.60156,-8.3282,-3.9008,-2.7176,-0.28088,-0.90674,0.00195,-0.9771,0.0687,-10.1908
103618770,0.18445,-0.79456,0.58936,-7.6565,-4.1145,-3.9084,-0.28210,-0.90674,0.00073,-1.4885,-0.1298,-10.2901
103619770,0.17859,-0.73853,0.58850,-6.9542,-4.2824,-4.7863,-0.28345,-0.90796,-0.00061,-1.9924,-0.3206,-10.3893
103620768,0.17664,-0.72058,0.59363,-6.2977,-4.4733,-4.8931,-0.28455,-0.91016,-0.00146,-2.4885,-0.5344,-10.4580
103621767,0.17615,-0.75586,0.58411,-5.8168,-4.6641,-4.6183,-0.28516,-0.91199,-0.00183,-2.9771,-0.7557,-10.4733
103622768,0.17090,-0.80383,0.56738,-5.8397,-4.6489,-4.5954,-0.28552,-0.91443,-0.00183,-3.4885,-0.9618,-10.4504
103623772,0.16602,-0.81897,0.55359,-6.5038,-4.4122,-4.9160,-0.28552,-0.91785,-0.00037,-3.9771,-1.1756,-10.4198
103624771,0.16003,-0.80334,0.53760,-7.1450,-4.1908,-5.1679,-0.28601,-0.92114,0.00183,-4.4275,-1.3893,-10.3588
103625770,0.15051,-0.77576,0.51453,-7.5725,-3.9924,-5.2061,-0.28662,-0.92358,0.00391,-4.8473,-1.5802,-10.2519
103626770,0.14783,-0.75085,0.51196,-8.0000,-3.5878,-5.0153,-0.28613,-0.92639,0.00647,-5.2214,-1.7328,-10.1145
103627770,0.15759,-0.74854,0.54736,-8.5191,-3.1450,-4.6489,-0.28577,-0.92920,0.00842,-5.5573,-1.8779,-9.9160
103628770,0.17126,-0.76965,0.58411,-8.9389,-3.1221,-4.3740,-0.28638,-0.93152,0.00891,-5.8931,-2.0076,-9.6718
103629770,0.17883,-0.80066,0.58704,-8.9466,-3.4733,-4.4275,-0.28723,-0.93408,0.00964,-6.2290,-2.1527,-9.3511
103630770,0.17590,-0.81592,0.56567,-8.6183,-3.7786,-4.8931,-0.28784,-0.93628,0.01086,-6.5649,-2.3435,-9.0000
103631770,0.16797,-0.80432,0.55103,-8.1527,-3.8168,-5.5344,-0.28821,-0.93860,0.01208,-6.8550,-2.5344,-8.6641
103632770,0.16589,-0.78699,0.54980,-7.9084,-3.7634,-5.9313,-0.28784,-0.94092,0.01221,-7.0763,-2.7023,-8.3511
103633770,0.16736,-0.78857,0.55322,-7.9313,-3.7481,-6.0382,-0.28699,-0.94238,0.01282,-7.2824,-2.8779,-8.0458
103634770,0.16724,-0.81396,0.55908,-7.9237,-3.7328,-6.1832,-0.28625,-0.94434,0.01379,-7.4962,-3.0687,-7.7023
103635768,0.16992,-0.85168,0.55530,-7.7786,-3.6718,-6.5802,-0.28613,-0.94653,0.01318,-7.6870,-3.2443,-7.3359
103636767,0.17261,-0.88879,0.54529,-7.6794,-3.5115,-7.1756,-0.28723,-0.94824,0.01245,-7.8473,-3.4198,-6.9466
103637772,0.17053,-0.89966,0.53943,-8.1603,-3.3588,-7.9771,-0.28845,-0.94836,0.01270,-7.9924,-3.6183,-6.5649
103638771,0.17090,-0.87488,0.53003,-9.2366,-3.3893,-8.7405,-0.28955,-0.94702,0.01257,-8.1298,-3.8244,-6.2061
103639770,0.17249,-0.84851,0.52136,-10.2748,-3.4885,-9.1298,-0.29016,-0.94653,0.01245,-8.2595,-4.0382,-5.8779
103640770,0.17236,-0.84900,0.52576,-10.6947,-3.5649,-9.3053,-0.29028,-0.94653,0.01392,-8.3664,-4.2443,-5.5802
103641770,0.17004,-0.85950,0.51697,-10.7634,-3.8092,-9.6947,-0.29065,-0.94580,0.01562,-8.4427,-4.4504,-5.3130
103642770,0.16272,-0.85767,0.48877,-10.7176,-3.9542,-10.3206,-0.29102,-0.94421,0.01758,-8.4809,-4.6718,-5.0840
103643768,0.15930,-0.84814,0.48120,-10.5267,-3.6641,-10.9008,-0.29089,-0.94275,0.02087,-8.4809,-4.9084,-4.9160
103644768,0.16589,-0.83765,0.49072,-10.3130,-3.2824,-11.3359,-0.29089,-0.94055,0.02307,-8.4656,-5.1450,-4.8092
103645771,0.16394,-0.82458,0.47705,-10.1756,-3.2443,-11.7099,-0.29077,-0.93811,0.02356,-8.4580,-5.3664,-4.7786
103646771,0.14978,-0.80640,0.44495,-9.9847,-3.1527,-12.1450,-0.29089,-0.93665,0.02393,-8.4656,-5.5802,-4.8092
103647770,0.14465,-0.78906,0.43799,-9.7176,-2.5802,-12.5649,-0.29065,-0.93567,0.02441,-8.4198,-5.7710,-4.9084
103648770,0.15039,-0.78748,0.45959,-9.4962,-1.9466,-12.8015,-0.28979,-0.93481,0.02588,-8.3282,-5.9389,-5.0763
103649770,0.15869,-0.79639,0.48157,-9.5038,-1.5191,-13.0076,-0.28906,-0.93433,0.02771,-8.2366,-6.1069,-5.2824
103650770,0.16370,-0.79211,0.49500,-9.7252,-1.2595,-13.4275,-0.28601,-0.93213,0.02954,-8.0916,-6.4275,-5.8626
103651770,0.15466,-0.75732,0.48950,-10.0992,-1.1679,-13.9695,-0.28418,-0.93164,0.03259,-7.9924,-6.5649,-6.2595
103652767,0.14014,-0.70410,0.47644,-10.3664,-0.9389,-14.2672,-0.28284,-0.93103,0.03516,-7.8550,-6.6718,-6.7099
103653768,0.14368,-0.67053,0.49683,-10.2824,-0.3206,-14.0305,-0.28162,-0.93018,0.03735,-7.7176,-6.7328,-7.2137
103654766,0.15173,-0.67322,0.53625,-10.0458,0.1298,-13.4580,-0.27954,-0.92798,0.03979,-7.5878,-6.7557,-7.7634
103655769,0.15186,-0.69299,0.55884,-9.6489,0.2824,-12.9771,-0.27820,-0.92493,0.04163,-7.4809,-6.7557,-8.3588
103656767,0.16113,-0.70667,0.58325,-9.0534,0.6641,-12.7176,-0.27710,-0.92285,0.04260,-7.4122,-6.7557,-9.0229
103657771,0.18018,-0.72815,0.65552,-7.9618,1.3511,-12.4198,-0.27551,-0.92151,0.04224,-7.3130,-6.7023,-9.7252
103658770,0.19336,-0.74280,0.71777,-7.1069,1.3588,-12.3282,-0.27441,-0.92041,0.04211,-7.1985,-6.6260,-10.5115
103659770,0.19275,-0.71790,0.71082,-6.7405,0.6107,-12.6107,-0.27319,-0.91956,0.04211,-7.1069,-6.5573,-11.3664
103660770,0.18762,-0.67810,0.69006,-6.4656,-0.1221,-12.8702,-0.27197,-0.91870,0.04224,-6.9924,-6.4733,-12.2748
103661770,0.18970,-0.66626,0.69128,-5.8931,-0.6794,-12.8321,-0.27124,-0.91772,0.04260,-6.8702,-6.3893,-13.1908
103662770,0.19690,-0.69849,0.70422,-4.8397,-1.2214,-12.7634,-0.27075,-0.91675,0.04285,-6.7634,-6.3282,-14.1450
103663770,0.20129,-0.74097,0.71716,-3.9313,-1.6870,-13.0076,-0.27136,-0.91687,0.04395,-6.7023,-6.2824,-15.1603
103664770,0.20044,-0.74963,0.73560,-3.6031,-2.2595,-13.7099,-0.27136,-0.91736,0.04517,-6.6794,-6.2290,-16.2519
103665770,0.18872,-0.72034,0.70239,-3.2061,-2.5115,-13.7405,-0.26990,-0.91711,0.04443,-6.6489,-6.1603,-17.3893
103666770,0.17798,-0.70715,0.67676,-2.4504,-2.5115,-13.4427,-0.26904,-0.91650,0.04370,-6.6489,-6.1450,-18.5954
103667770,0.18225,-0.71753,0.67651,-1.8931,-2.3817,-12.9924,-0.26868,-0.91614,0.04346,-6.7099,-6.1908,-19.8931
103668770,0.19214,-0.74194,0.69751,-1.5191,-2.4656,-12.6870,-0.26746,-0.91589,0.04358,-6.8168,-6.2901,-21.2366
103669770,0.19678,-0.76245,0.72449,-1.2137,-2.8321,-12.7252,-0.26538,-0.91589,0.04382,-6.9466,-6.4198,-22.6336
103670768,0.20068,-0.78284,0.73047,-1.1221,-3.4198,-12.8321,-0.26294,-0.91626,0.04456,-7.0916,-6.5878,-24.1145
103671772,0.20215,-0.80945,0.71741,-1.3817,-3.9008,-12.8550,-0.26025,-0.91711,0.04651,-7.2977,-6.8015,-25.7176
103672771,0.20825,-0.81616,0.72363,-2.1985,-4.1298,-13.0229,-0.25720,-0.91858,0.04736,-7.5573,-7.0916,-27.4122
103673770,0.21350,-0.77856,0.74365,-3.4580,-4.5115,-13.3893,-0.25330,-0.91956,0.04565,-7.8626,-7.4427,-29.2214
103674770,0.20813,-0.73950,0.73657,-4.2366,-5.3588,-13.4504,-0.24902,-0.91980,0.04468,-8.2137,-7.8397,-31.1832
103675768,0.21008,-0.76575,0.71680,-4.1145,-6.1450,-12.9237,-0.24524,-0.91980,0.04480,-8.5954,-8.3053,-33.2824
103676767,0.22437,-0.84692,0.73645,-4.2137,-6.6565,-12.2672,-0.24182,-0.91956,0.04541,-9.0305,-8.8321,-35.5344
103677768,0.23486,-0.89014,0.77234,-5.7176,-7.4351,-12.2443,-0.23767,-0.91907,0.04712,-9.5191,-9.3969,-37.9924
103678768,0.23718,-0.84155,0.77637,-7.6718,-8.5878,-12.7939,-0.23303,-0.91943,0.04895,-10.0305,-9.9771,-40.6260
103679771,0.23267,-0.75842,0.76379,-8.1221,-9.6031,-13.1145,-0.22864,-0.91968,0.04956,-10.5496,-10.6031,-43.4733
103680771,0.22266,-0.72949,0.74622,-6.9771,-10.4275,-12.7405,-0.22485,-0.91980,0.05103,-11.0687,-11.2748,-46.5725
103681771,0.21436,-0.77466,0.70459,-5.9084,-11.2443,-12.1298,-0.22180,-0.91943,0.05396,-11.5649,-11.9847,-49.9160
103682770,0.21362,-0.84119,0.65930,-5.9618,-11.8397,-12.0076,-0.21838,-0.91760,0.05701,-12.0382,-12.7023,-53.4885
103683770,0.22351,-0.86377,0.66821,-6.3969,-11.8092,-12.7099,-0.21350,-0.91467,0.06018,-12.5420,-13.4580,-57.3282
103684770,0.23901,-0.82983,0.70361,-6.0687,-11.7863,-13.8321,-0.20911,-0.91040,0.06482,-13.1069,-14.2672,-61.4504
103685770,0.23914,-0.78516,0.70178,-4.9695,-12.1985,-14.6336,-0.20447,-0.90454,0.07178,-13.7710,-15.1374,-65.8168
103686771,0.22546,-0.76489,0.67322,-4.1298,-12.7634,-14.8626,-0.19824,-0.89746,0.07886,-14.5191,-16.0611,-70.4351
103687770,0.21899,-0.75793,0.63342,-4.1069,-13.2901,-14.9237,-0.19055,-0.88940,0.08533,-15.3817,-17.0229,-75.3359
103688770,0.22058,-0.75745,0.59985,-4.0534,-13.6336,-15.0076,-0.18091,-0.88000,0.09192,-16.3435,-18.0076,-80.5344
103689770,0.22693,-0.77808,0.61426,-3.3664,-13.6412,-15.0153,-0.17017,-0.86804,0.09680,-17.4198,-19.0153,-86.0153
103690770,0.23792,-0.81165,0.65576,-3.1374,-13.9084,-14.8779,-0.15771,-0.85352,0.09998,-18.6031,-20.0763,-91.7023
103691770,0.23840,-0.82788,0.65320,-4.4122,-14.7634,-14.6641,-0.14282,-0.83752,0.10461,-19.9008,-21.1527,-97.6718
103692770,0.22107,-0.80078,0.61096,-6.6107,-15.6031,-14.4656,-0.12622,-0.81812,0.11182,-21.3740,-22.2290,-103.9618
103693770,0.20593,-0.74744,0.57898,-8.3435,-15.8779,-14.2137,-0.10828,-0.79590,0.11951,-23.0305,-23.2824,-110.5878
103694770,0.20569,-0.73169,0.56165,-8.9618,-16.0076,-13.5573,-0.08813,-0.77307,0.12585,-24.8931,-24.2901,-117.5038
103695767,0.21167,-0.77466,0.53357,-9.2748,-16.5115,-12.8321,-0.06604,-0.75232,0.12915,-26.9924,-25.2519,-124.6565
103696768,0.20203,-0.79236,0.48291,-10.5267,-17.4046,-12.9771,-0.04382,-0.73425,0.13037,-29.2748,-26.1221,-132.0916
103697771,0.16895,-0.71631,0.42627,-12.3206,-18.0916,-13.8321,-0.02222,-0.71887,0.13110,-31.6641,-26.9008,-139.8550
103698770,0.13135,-0.60974,0.38928,-13.0840,-18.0382,-14.1374,-0.00098,-0.70752,0.12964,-34.1374,-27.5954,-147.9542
103699771,0.11414,-0.59253,0.39038,-12.2061,-17.2061,-13.2443,0.01904,-0.70081,0.12451,-36.6107,-28.2061,-156.3817
103700770,0.12158,-0.67310,0.39832,-11.1450,-16.1603,-12.0687,0.03918,-0.69678,0.11731,-39.0534,-28.7099,-165.1298
103701770,0.12366,-0.75061,0.35815,-11.0229,-15.3893,-11.7710,0.06067,-0.69373,0.10828,-41.4504,-29.1527,-174.1374
103702770,0.10193,-0.73669,0.27795,-11.5267,-14.5344,-12.5420,0.08215,-0.69177,0.09753,-43.7634,-29.5954,-183.4198
103703770,0.07581,-0.64258,0.21680,-11.7328,-13.0611,-13.3893,0.10364,-0.68933,0.08618,-45.9695,-30.0305,-192.9847
103704770,0.06055,-0.57141,0.20923,-11.1603,-11.2748,-13.1832,0.12622,-0.68628,0.07422,-48.0458,-30.4198,-202.8779
103705770,0.06079,-0.57715,0.22571,-10.7481,-9.6947,-12.2443,0.14978,-0.68262,0.06152,-50.0458,-30.7634,-213.0992
103706770,0.07898,-0.62634,0.25159,-10.9160,-8.2290,-11.5191,0.17407,-0.67773,0.04968,-51.9847,-31.0763,-223.6336
103707770,0.10278,-0.67468,0.29968,-11.0611,-6.6794,-11.4275,0.19958,-0.67273,0.03906,-53.8779,-31.3588,-234.4504
103708770,0.11414,-0.68518,0.33704,-11.0534,-5.4580,-11.7634,0.22668,-0.66809,0.02991,-55.7405,-31.5725,-245.5496
103709770,0.10278,-0.63782,0.32019,-11.3817,-4.8168,-12.0687,0.25452,-0.66345,0.02246,-57.6031,-31.7405,-250.1374
103710770,0.08508,-0.56445,0.28760,-11.9466,-4.1756,-11.7634,0.28308,-0.66003,0.01562,-59.4656,-31.8550,-250.1374
103711770,0.08972,-0.52502,0.31470,-12.1450,-3.1221,-10.6794,0.31287,-0.65723,0.00903,-61.3435,-31.9160,-250.1374
103712770,0.11658,-0.54333,0.38928,-11.7405,-2.1908,-9.4427,0.34314,-0.65417,0.00342,-63.2748,-31.9237,-250.1374
103713770,0.15100,-0.59485,0.45361,-10.9771,-1.7481,-8.6870,0.37451,-0.65283,-0.00208,-65.2595,-31.8626,-250.1374
103714767,0.16968,-0.64392,0.48560,-10.4351,-1.7557,-8.4809,0.40588,-0.65393,-0.00793,-67.2748,-31.7176,-250.1374
103715768,0.16052,-0.65015,0.47852,-10.7328,-2.0305,-8.7023,0.43616,-0.65662,-0.01392,-69.2901,-31.4656,-250.1374
103716767,0.14368,-0.58972,0.42773,-11.7710,-2.3511,-9.1145,0.46472,-0.66089,-0.01941,-71.2977,-31.1221,-250.1374
103717768,0.13000,-0.49133,0.38306,-12.4504,-2.2977,-9.2748,0.49268,-0.66675,-0.02441,-73.2748,-30.6870,-250.1374
103718771,0.11926,-0.42224,0.39062,-12.0611,-2.0229,-8.8550,0.51953,-0.67432,-0.02942,-75.1985,-30.1679,-250.1374
103719771,0.11902,-0.42700,0.40869,-11.0687,-1.9771,-7.9466,0.54456,-0.68298,-0.03491,-77.0763,-29.5649,-250.1374
103720770,0.12842,-0.48364,0.41138,-10.2824,-1.9237,-7.0763,0.56775,-0.69250,-0.04236,-78.9084,-28.8550,-250.1374
103721770,0.12927,-0.50989,0.41943,-10.1908,-1.5496,-6.7863,0.58789,-0.70227,-0.05005,-80.6641,-28.0305,-250.1374
103722767,0.10730,-0.46204,0.40247,-10.5725,-1.2901,-6.6947,0.60620,-0.71082,-0.05811,-82.3359,-27.1374,-250.1374
103723767,0.07837,-0.40601,0.33923,-10.7786,-0.9389,-5.6794,0.62415,-0.71838,-0.06714,-83.9542,-26.1298,-250.1374
103724768,0.07202,-0.41040,0.31665,-10.5649,0.2443,-3.6718,0.64087,-0.72546,-0.07605,-85.5191,-25.0305,-250.1374
103725772,0.08752,-0.44971,0.37878,-10.5115,1.8244,-1.8397,0.65613,-0.73145,-0.08533,-87.0000,-23.8244,-250.1374
103726770,0.10059,-0.47986,0.43103,-10.7481,2.6565,-0.7099,0.66956,-0.73694,-0.09424,-88.3740,-22.5267,-250.1374
103727770,0.10120,-0.50378,0.43079,-10.7939,2.9924,0.0153,0.68323,-0.74280,-0.10168,-89.6260,-21.1374,-250.1374
103728770,0.09705,-0.51794,0.44434,-10.7710,3.7405,0.4809,0.69666,-0.74866,-0.10791,-90.7710,-19.6641,-250.1374
103729770,0.10022,-0.51355,0.48267,-10.9695,4.6107,0.7786,0.70752,-0.75476,-0.11340,-91.7557,-18.0763,-250.1374
103730770,0.10950,-0.51038,0.50806,-11.1374,5.1069,1.1145,0.71680,-0.76050,-0.11707,-92.5420,-16.3511,-250.1374
103731770,0.12219,-0.52576,0.55273,-10.7099,5.5802,1.3969,0.72571,-0.76587,-0.11890,-93.1145,-14.4733,-250.1374
103732770,0.14197,-0.54993,0.62097,-9.7863,5.8779,1.4580,0.73560,-0.77063,-0.12000,-93.4962,-12.4122,-250.1374
103733770,0.15723,-0.58325,0.65149,-8.6947,5.5420,1.5649,0.74597,-0.77393,-0.11853,-93.7405,-10.1603,-250.1374
103734770,0.16370,-0.62170,0.65906,-7.9771,5.0458,1.7863,0.75513,-0.77759,-0.11377,-93.8473,-7.7176,-250.1374
103735771,0.17090,-0.63501,0.68164,-7.9924,4.6718,1.9695,0.76245,-0.78357,-0.10779,-93.7939,-5.0687,-250.1374
103736771,0.17542,-0.62903,0.69678,-8.2595,4.1832,2.3130,0.76892,-0.79175,-0.09949,-93.5267,-2.1756,-250.1374
103737770,0.17468,-0.63464,0.69824,-8.2290,3.6870,2.9008,0.77539,-0.80054,-0.08765,-93.0153,0.9771,-250.1374
103738771,0.17627,-0.64392,0.71252,-8.1298,3.3511,3.3282,0.78186,-0.80664,-0.07397,-92.2595,4.4122,-250.1374
103739771,0.17725,-0.64062,0.71631,-8.4809,2.8244,3.5038,0.78821,-0.81250,-0.05847,-91.3053,8.1298,-250.1374
103740771,0.17297,-0.64795,0.68726,-8.9847,2.2366,3.7710,0.79517,-0.82239,-0.04150,-90.1450,12.1069,-250.1374
103741771,0.17249,-0.66931,0.67017,-9.2977,2.0458,3.9313,0.80212,-0.83643,-0.02454,-88.6641,16.4046,-250.1374
103742770,0.18042,-0.67273,0.68799,-9.3588,2.1221,3.6718,0.80798,-0.85437,-0.00647,-86.7176,21.0763,-250.1374
103743770,0.18506,-0.65820,0.69250,-9.0840,1.9084,3.3053,0.81287,-0.87476,0.01331,-84.2595,26.0992,-250.1374
103744770,0.18420,-0.65381,0.68005,-8.5420,1.7023,3.2061,0.81750,-0.89709,0.03137,-81.2748,31.5496,-250.1374
103745770,0.19299,-0.65845,0.69629,-8.0840,1.8397,3.2366,0.82019,-0.91907,0.05273,-77.7557,37.4656,-250.1374
103746770,0.20740,-0.66089,0.71692,-7.8473,1.8321,3.3206,0.82019,-0.96143,0.09570,-69.3740,50.0076,-250.1374
103747771,0.20996,-0.66553,0.70422,-7.6031,1.4733,3.4351,0.81934,-0.98389,0.10938,-64.6107,56.5191,-250.1374
103748771,0.20471,-0.66602,0.67920,-7.2977,1.1527,3.4809,0.81580,-1.00427,0.12146,-59.4198,63.2901,-250.1374
103749771,0.20410,-0.65906,0.66394,-6.9695,0.9771,3.5573,0.81030,-1.02344,0.13123,-53.8626,70.3893,-250.1374
103750771,0.20471,-0.66003,0.65454,-6.7939,0.7710,3.8244,0.80273,-1.04089,0.13757,-48.0153,77.5802,-250.1374
103751771,0.20886,-0.67529,0.65637,-6.9084,0.6489,4.1450,0.79272,-1.05591,0.14075,-41.9466,84.7328,-250.1374
103752770,0.21985,-0.69116,0.67334,-7.1527,0.5802,4.2901,0.77966,-1.07104,0.14111,-35.6641,91.8397,-250.1374
103753771,0.22986,-0.69739,0.67920,-7.2977,0.2824,4.2901,0.76331,-1.08496,0.14014,-29.1832,98.8855,-250.1374
103754771,0.18848,-0.67432,0.54675,-8.0382,-0.6641,4.2748,0.74451,-1.09558,0.13672,-22.5878,105.7939,-250.1374
103755771,0.09314,-0.72681,0.34583,-11.0534,0.1985,6.0840,0.72485,-1.10620,0.13147,-15.9466,112.4275,-250.1374
103756771,0.14050,-1.04175,0.60376,-19.5344,6.8473,11.6565,0.70483,-1.12061,0.12439,-9.3435,118.7481,-250.1374
103757770,0.39978,-1.32971,1.46045,-37.3817,14.4198,16.9389,0.67957,-1.12207,0.10352,-2.7863,124.6641,-250.1374
103758770,0.52954,-1.09778,1.95215,-60.2901,12.0458,17.3511,0.64893,-1.11389,0.06799,3.6107,129.8550,-250.1374
103759771,0.42688,-0.52881,1.59033,-75.9008,4.2137,17.3206,0.61621,-1.09277,0.02515,9.6260,133.9924,-250.1374
103760771,0.40576,-0.32800,1.33020,-81.2366,2.1221,24.6183,0.59180,-1.05457,0.00146,15.2214,137.0305,-250.1374
103761771,0.56458,-0.56824,1.85986,-89.6183,2.4504,35.9771,0.58130,-1.01611,-0.00049,20.4198,139.1069,-250.1374
103762771,0.76758,-0.65405,1.99994,-110.4580,-6.6412,43.5420,0.57935,-0.96899,0.00317,25.2977,140.7405,-250.1374
103763770,0.87036,-0.50879,1.99994,-129.0611,-23.0000,47.9924,0.58667,-0.93323,0.00439,29.5649,142.0076,-250.1374
103764770,0.85156,-0.50854,1.99994,-130.5802,-36.6031,52.7939,0.59656,-0.91895,-0.01904,32.8321,142.8702,-250.1374
103765770,0.80103,-0.60144,1.99994,-122.8244,-47.6031,56.2061,0.60852,-0.89233,-0.03381,34.7405,143.0687,-250.1374
103766770,0.67529,-0.62634,1.99994,-119.3893,-59.4580,58.5725,0.62134,-0.84998,-0.03308,35.3740,142.3282,-250.1374
103767770,0.52759,-0.66541,1.66272,-122.5420,-68.3130,60.9466,0.63708,-0.81714,-0.02551,35.1527,140.6565,-250.1374
103768770,0.48083,-0.74731,1.50720,-123.6641,-72.8626,61.5038,0.66736,-0.79639,-0.00134,34.3359,138.2443,-250.1374
103769770,0.43567,-0.90295,1.29492,-116.0305,-76.3969,58.9771,0.70703,-0.79834,0.00916,33.2443,135.5496,-250.1374
103770771,0.29968,-1.14636,0.87659,-105.6794,-77.7328,54.8550,0.74170,-0.79956,0.01245,32.2824,132.9313,-250.1374
103771770,0.16040,-1.28162,0.61169,-103.8855,-74.2290,50.0382,0.77258,-0.79053,0.00940,31.6870,130.2061,-250.1374
103772770,0.10779,-1.12549,0.45337,-111.9466,-68.8855,45.5649,0.80701,-0.79993,-0.01001,31.7252,127.2824,-250.1374
103773770,0.09302,-0.92957,0.25989,-119.2061,-62.9695,44.3969,0.84509,-0.82483,-0.03589,32.4122,124.1985,-250.1374
103774770,0.07495,-0.95850,0.20813,-120.9542,-56.0534,46.4122,0.87720,-0.84277,-0.06335,33.7634,120.9695,-250.1374
103775770,0.09570,-1.00391,0.25403,-122.6031,-49.8168,48.0076,0.90527,-0.86255,-0.09485,35.8702,117.3893,-250.1374
103776770,0.17883,-1.00049,0.37305,-125.7099,-45.1069,50.5878,0.93225,-0.89050,-0.13574,38.8779,113.5038,-250.1374
103777770,0.31079,-1.12695,0.69971,-131.0916,-42.3588,55.9542,0.94775,-0.90613,-0.17249,42.8321,109.6870,-250.1374
103778770,0.44263,-1.25195,1.05420,-139.2137,-43.9924,60.6412,0.95715,-0.92456,-0.20361,47.6031,105.5649,-250.1374
103779770,0.51172,-1.16833,1.15247,-144.6107,-49.5191,61.8473,0.96448,-0.95117,-0.23901,53.1756,100.8626,-250.1374
103780770,0.51538,-1.02783,1.15564,-143.1603,-54.9542,62.1756,0.96497,-0.97119,-0.27075,59.4351,95.7557,-250.1374
103781770,0.51819,-1.04346,1.31396,-140.1298,-59.0992,63.3359,0.95959,-0.98621,-0.30005,66.2824,90.2748,-250.1374
103782770,0.55676,-1.13538,1.42346,-140.2137,-64.6031,63.3435,0.95081,-1.00708,-0.33569,73.6947,84.4198,-250.1374
103783770,0.56384,-1.23352,1.35779,-139.6260,-70.7481,61.0229,0.93750,-1.02515,-0.36780,81.6718,78.1298,-250.1374
103784768,0.52380,-1.31140,1.28247,-136.3664,-75.0076,56.4275,0.92615,-1.05188,-0.39734,90.1069,71.3740,-250.1374
103785771,0.44995,-1.27319,1.11011,-132.0076,-78.1908,50.3740,0.91309,-1.07581,-0.43079,98.8550,64.1908,-250.1374
103786771,0.33264,-1.16321,0.79395,-127.5420,-80.1221,45.4885,0.89258,-1.08911,-0.45850,107.6641,56.5496,-250.1374
103787771,0.26489,-1.12781,0.61548,-125.6031,-78.8702,43.5954,0.87524,-1.12329,-0.48779,116.4656,48.3511,-250.1374
103788771,0.28723,-1.17224,0.63171,-125.8473,-76.2366,43.2824,0.85718,-1.16113,-0.52063,125.1145,39.6870,-250.1374
103789771,0.29272,-1.22083,0.58704,-123.7328,-74.6412,42.3893,0.83276,-1.18225,-0.54761,133.4962,30.5878,-250.1374
103790771,0.25720,-1.23926,0.47827,-119.2595,-72.6794,41.0916,0.80835,-1.19556,-0.57068,141.5649,21.0534,-250.1374
103791770,0.22559,-1.20618,0.43787,-117.5344,-70.0153,40.4656,0.78833,-1.20789,-0.59241,149.2748,11.0229,-250.1374
103792770,0.20557,-1.10999,0.40564,-118.5267,-68.0687,40.4504,0.77332,-1.21851,-0.60950,156.4885,0.5115,-250.1374
103793770,0.16919,-1.03455,0.36621,-117.7405,-66.9160,40.8092,0.75793,-1.22888,-0.61780,163.0763,-10.3969,-250.1374
103794770,-0.01062,-1.00940,0.07043,-118.8702,-68.0534,41.7634,0.74438,-1.24768,-0.61914,168.8855,-21.6489,-250.1374
103795770,0.31213,-1.78674,-0.48755,-164.9847,-49.3969,63.4962,0.73352,-1.27173,-0.61035,173.8702,-33.1298,-250.1374
103796770,0.92566,-2.00000,1.67468,-201.6183,-22.2519,80.0153,0.72290,-1.29419,-0.59363,178.1069,-44.7252,-250.1374
103797770,1.30969,-2.00000,1.99994,-247.1298,-15.9160,86.1527,0.71387,-1.31848,-0.57056,181.7023,-56.3130,-250.1374
103798771,1.14465,-1.96509,1.99994,-250.1374,-29.7634,90.3282,0.70764,-1.33936,-0.54175,184.7252,-67.8015,-250.1374
103799771,0.91809,-1.42847,1.99994,-250.1374,-35.1908,106.1374,0.70239,-1.35156,-0.50513,187.1450,-79.0153,-250.1374
103800770,1.30347,-1.51990,1.99994,-250.1374,-29.1679,129.4809,0.69763,-1.35974,-0.46094,188.7863,-89.8931,-250.1374
103801770,1.99994,-1.85791,1.99994,-250.1374,-34.9618,150.0076,0.69751,-1.36462,-0.41357,189.5115,-100.4198,-250.1374
103802770,1.99994,-2.00000,1.99994,-250.1374,-65.0382,164.2595,0.70752,-1.36340,-0.36877,189.3511,-110.5267,-250.1374
103803770,1.99994,-2.00000,1.99994,-250.1374,-106.3053,165.6412,0.72693,-1.35681,-0.33069,188.4046,-120.0458,-250.1374
103804770,1.99994,-2.00000,1.99994,-250.1374,-145.2137,153.4427,0.75061,-1.34473,-0.29443,186.7252,-128.8550,-250.1374
103805770,1.99994,-1.57605,1.99994,-250.1374,-172.3053,142.1908,0.77551,-1.32812,-0.25610,184.3588,-136.8931,-250.1374
103806770,1.82764,-1.53503,1.99994,-250.1374,-189.2290,141.2977,0.79871,-1.30920,-0.21667,181.3511,-144.1832,-250.1374
103807770,1.72229,-2.00000,1.99994,-250.1374,-208.6412,141.0534,0.81921,-1.28687,-0.17566,177.6412,-150.7557,-250.1374
103808771,1.51318,-2.00000,1.99994,-250.1374,-230.4275,130.3053,0.83728,-1.26001,-0.13367,173.1832,-156.6947,-250.1374
103809770,1.14856,-2.00000,1.99994,-250.1374,-237.2290,111.5878,0.85376,-1.23022,-0.09253,167.9313,-162.0076,-250.1374
103810771,0.94006,-2.00000,1.99994,-250.1374,-230.5420,94.9924,0.87109,-1.19702,-0.05273,161.8244,-166.6870,-250.1374
103811771,0.86353,-2.00000,1.68140,-250.1374,-225.3282,86.9389,0.89026,-1.15942,-0.01770,154.8168,-170.7252,-250.1374
103812771,0.64087,-2.00000,0.90918,-250.1374,-220.3053,85.5115,0.91162,-1.12000,0.01343,146.9542,-174.1527,-250.1374
103813771,0.41565,-2.00000,0.61072,-250.1374,-208.1450,84.0763,0.93591,-1.08191,0.04077,138.2672,-177.0153,-250.1374
103814771,0.42188,-1.43274,0.46606,-250.1374,-195.7023,84.0611,0.96094,-1.04700,0.06665,128.7710,-179.3053,-250.1374
103815771,0.43945,-1.42468,0.16931,-250.1374,-186.7710,92.0458,0.98474,-1.01953,0.09229,118.6260,-181.0458,-250.1374
103816771,0.50671,-2.00000,0.50769,-250.1374,-175.7557,102.8779,1.00671,-1.00110,0.11719,108.0611,-182.2366,-250.1374
103817771,0.77136,-2.00000,1.41663,-250.1374,-167.8321,104.1679,1.02539,-0.98767,0.14209,97.1756,-182.8702,-250.1374
103818771,1.00854,-2.00000,1.99994,-250.1374,-168.0305,97.9466,1.04138,-0.98083,0.16565,86.1069,-182.9160,-250.1374
103819771,1.11743,-1.81482,1.99994,-250.1374,-171.6641,97.2061,1.05566,-0.98193,0.18445,75.0458,-182.3969,-250.1374
103820770,1.20520,-2.00000,1.99994,-250.1374,-175.5573,102.9924,1.06677,-0.98889,0.19922,64.1832,-181.3206,-250.1374
103821771,1.29736,-2.00000,1.99994,-250.1374,-185.6260,103.4885,1.07483,-1.00366,0.21167,53.7176,-179.7328,-250.1374
103822771,1.27905,-2.00000,1.99994,-250.1374,-199.9008,95.1832,1.08167,-1.02649,0.22070,43.8550,-177.6565,-250.1374
103823770,1.26379,-2.00000,1.99994,-250.1374,-208.1756,85.7099,1.08972,-1.05444,0.22522,34.7252,-175.1221,-250.1374
103824771,1.26892,-2.00000,1.99994,-250.1374,-214.8244,77.6794,1.09973,-1.08752,0.22437,26.4733,-172.1679,-250.1374
103825771,1.16113,-2.00000,1.99994,-250.1374,-225.6794,69.4427,1.10828,-1.11987,0.21960,19.2061,-168.8473,-250.1374
103826771,1.12561,-2.00000,1.99994,-250.1374,-233.3664,61.7328,1.11414,-1.14734,0.21375,12.9695,-165.2443,-250.1374
103827771,1.14929,-2.00000,1.99994,-250.1374,-236.8779,56.7863,1.11682,-1.17322,0.20947,7.7252,-161.4580,-250.1374
103828771,1.01794,-2.00000,1.99994,-250.1374,-243.7710,53.0382,1.11560,-1.19653,0.20667,3.4580,-157.5191,-250.1374
103829771,0.81641,-2.00000,1.18494,-250.1374,-250.1374,49.0229,1.11133,-1.21436,0.20520,0.0763,-153.5038,-250.1374
103830770,0.69934,-2.00000,0.82422,-250.1374,-250.1374,45.2137,1.10474,-1.22656,0.20471,-2.4885,-149.3893,-250.1374
103831770,0.72046,-2.00000,1.06689,-250.1374,-248.8779,38.3969,1.09644,-1.23413,0.20422,-4.3740,-145.1832,-250.1374
103832771,0.77869,-2.00000,1.10999,-250.1374,-250.1374,26.9237,1.08936,-1.23828,0.20142,-5.7328,-141.0534,-250.1374
103833771,0.57764,-2.00000,0.83643,-250.1374,-250.1374,15.0458,1.08325,-1.23706,0.19568,-6.6947,-137.0305,-250.1374
103834771,0.20142,-1.80200,0.60449,-250.1374,-250.1374,5.9237,1.07544,-1.23022,0.18896,-7.3282,-133.1832,-250.1374
103835771,0.10364,-1.22205,0.35962,-250.1374,-246.4733,1.3588,1.06641,-1.21704,0.18091,-7.7023,-129.5496,-250.1374
103836771,0.11523,-1.02441,0.03882,-250.1374,-242.9084,1.5267,1.05627,-1.19678,0.17395,-7.9389,-126.0992,-250.1374
103837771,0.08118,-1.27173,-0.22119,-250.1374,-241.0687,3.8015,1.04468,-1.17273,0.16907,-8.1069,-122.8779,-250.1374
103838771,0.11450,-1.67700,-0.61926,-250.1374,-240.4656,4.8015,1.03259,-1.14417,0.16565,-8.2977,-119.8855,-238.8855
103839771,0.07312,-2.00000,-0.84558,-250.1374,-236.6870,5.5267,1.01843,-1.11084,0.16370,-8.5420,-117.1374,-220.8244
103840771,0.04089,-2.00000,-0.46582,-250.1374,-228.5267,4.5649,1.00256,-1.07373,0.16370,-8.8626,-114.6031,-203.3359
103841771,0.04102,-1.57153,-0.23877,-250.1374,-224.4046,0.1298,0.97009,-0.98718,0.17212,-9.8168,-110.0687,-169.9695
103842771,-0.08289,-1.06531,-0.64709,-250.1374,-222.9924,-1.3511,0.95422,-0.93970,0.18079,-10.5115,-107.9771,-154.1985
103843770,-0.11743,-1.23877,-0.91052,-250.1374,-214.5267,2.1145,0.93726,-0.89050,0.19043,-11.3588,-105.9389,-139.3893
103844770,-0.03760,-1.84558,-0.66699,-250.1374,-203.1221,2.5496,0.92065,-0.84131,0.20044,-12.3053,-103.8779,-125.4809
103845770,0.00220,-2.00000,-0.52637,-250.1374,-196.1679,-6.5802,0.90613,-0.79456,0.21057,-13.3435,-101.7481,-112.4504
103846770,0.04260,-2.00000,-0.55249,-250.1374,-190.3969,-22.0000,0.89319,-0.74829,0.22095,-14.4351,-99.5344,-100.3664
103847770,0.05176,-2.00000,-0.31421,-250.1374,-183.4504,-37.4656,0.88196,-0.70117,0.23022,-15.5725,-97.2672,-89.2443
103848771,0.01062,-1.95483,-0.27954,-250.1374,-181.1527,-51.2366,0.87268,-0.65564,0.23792,-16.7328,-94.9313,-79.0840
103849770,-0.01526,-1.49573,-0.59680,-250.1374,-181.2977,-60.2672,0.86584,-0.61292,0.24377,-17.8702,-92.4962,-69.8931
103850770,0.03894,-1.19592,-0.55457,-250.1374,-178.5878,-62.4656,0.86169,-0.57263,0.24890,-18.9237,-89.9618,-61.7176
103851771,0.17798,-1.24451,-0.21948,-250.1374,-175.9160,-60.5573,0.85864,-0.53564,0.25183,-19.8855,-87.3053,-54.5496
103852770,0.30115,-1.63867,-0.27649,-250.1374,-177.3282,-57.6260,0.85791,-0.50085,0.25061,-20.7634,-84.5038,-48.2977
103853770,0.21948,-1.93567,-0.43298,-250.1374,-177.2443,-57.5191,0.85828,-0.46875,0.24866,-21.5420,-81.5573,-42.8855
103854771,-0.15332,-1.36389,-0.34839,-250.1374,-176.0382,-63.1679,0.85950,-0.43848,0.24670,-22.2290,-78.4885,-38.2977
103855770,-0.48535,-0.01416,-0.76440,-250.1374,-177.0916,-67.2824,0.86279,-0.40894,0.24316,-22.8321,-75.2977,-34.5267
103856770,-0.59924,0.53259,-1.83496,-250.1374,-176.4198,-52.7328,0.86621,-0.37988,0.23755,-23.3511,-72.0000,-31.5420
103857770,-0.70093,-0.51086,-2.00000,-250.1374,-163.9924,-20.7405,0.87073,-0.35254,0.23169,-23.7634,-68.6260,-29.2824
103858770,-0.17334,-1.95667,-0.68848,-250.1374,-139.8321,7.6641,0.87830,-0.32764,0.22510,-24.0687,-65.1145,-27.6947
103859770,0.55444,-2.00000,0.87219,-250.1374,-126.9237,17.2824,0.88867,-0.30457,0.21753,-24.2595,-61.4656,-26.7099
103860770,0.10425,-2.00000,0.10999,-250.1374,-135.6870,18.7939,0.90125,-0.28357,0.20935,-24.3130,-57.7099,-26.2977
103861770,-0.55518,-1.75891,-0.75000,-250.1374,-119.8092,20.4962,0.91553,-0.26538,0.20056,-24.2443,-53.8626,-26.4275
103862770,0.06311,-0.46375,1.30164,-250.1374,-83.2824,30.6412,0.93140,-0.24963,0.19116,-24.0229,-49.9389,-27.0076
103863770,0.88623,0.34729,1.99994,-250.1374,-80.0916,54.2519,0.94678,-0.23499,0.18115,-23.6336,-45.9389,-28.0305
103864770,1.28430,-0.11963,1.99994,-250.1374,-113.3588,80.7710,0.96167,-0.22168,0.17151,-23.1069,-41.9237,-29.4580
103865770,1.74768,-1.48950,1.99994,-250.1374,-140.6489,88.6031,0.97644,-0.20862,0.16467,-22.4580,-37.8779,-31.2595
103866770,1.77966,-2.00000,1.99994,-250.1374,-161.5954,72.7634,0.99121,-0.19617,0.16040,-21.6870,-33.8168,-33.3893
103867770,1.47058,-2.00000,1.99994,-250.1374,-201.3893,50.1679,1.00562,-0.18481,0.15625,-20.8397,-29.7557,-35.8321
103868770,1.14001,-1.10352,1.99994,-250.1374,-243.9466,36.0611,1.01904,-0.17358,0.15247,-19.9618,-25.7328,-38.5344
103869771,1.01868,-0.55688,1.99994,-250.1374,-250.1374,33.4580,1.03186,-0.16296,0.14954,-19.0229,-21.7557,-41.4351
103870771,1.13306,-0.74438,1.99994,-250.1374,-250.1374,27.9008,1.04431,-0.15430,0.14722,-18.0382,-17.8321,-44.4885
103871771,0.66223,-1.27161,1.99994,-250.1374,-250.1374,17.7710,1.05737,-0.14746,0.14417,-17.0382,-14.0153,-47.6718
103872771,-0.04688,-1.88623,0.48059,-250.1374,-250.1374,6.3053,1.07007,-0.14075,0.13977,-16.0229,-10.3359,-50.9542
103873770,-0.19971,-1.61047,0.20068,-250.1374,-250.1374,-8.3130,1.08081,-0.13477,0.13477,-15.0305,-6.7786,-54.2901
103874770,-0.12720,-0.58740,0.83997,-250.1374,-224.6870,-18.5573,1.08862,-0.13049,0.12903,-14.0687,-3.3664,-57.6412
103875771,-0.24084,0.17188,0.84094,-250.1374,-217.9160,-18.9084,1.09399,-0.12646,0.12219,-13.1756,-0.1679,-60.9389
103876771,-0.55615,0.21863,-0.27844,-250.1374,-221.8931,-12.5954,1.09851,-0.12366,0.11438,-12.3588,2.8168,-64.1832
103877770,-0.65979,-0.33362,-1.11243,-250.1374,-215.5420,-5.0534,1.10327,-0.12207,0.10547,-11.6107,5.6031,-67.3435
103878770,-0.48950,-0.85657,-0.98071,-250.1374,-204.4733,-2.0305,1.10803,-0.12024,0.09644,-10.9313,8.1832,-70.3893
103879770,-0.34668,-0.58582,-0.22681,-250.1374,-196.5191,-6.5420,1.11182,-0.11890,0.08704,-10.3588,10.5649,-73.3588
103880770,-0.37329,0.51697,-0.07166,-250.1374,-197.9695,-12.7405,1.11414,-0.11780,0.07690,-9.9084,12.7863,-76.1985
103881771,-0.56055,1.47754,-0.65735,-250.1374,-193.7481,-9.5878,1.11633,-0.11792,0.06665,-9.6031,14.7863,-78.8626
103882771,-0.47473,1.26331,-0.23486,-250.1374,-169.6870,7.5115,1.11829,-0.12036,0.05627,-9.4122,16.5496,-81.3282
103883771,-0.08350,0.29919,1.12598,-250.1374,-146.5420,24.4427,1.11951,-0.12378,0.04468,-9.3053,18.1221,-83.6336
103884771,0.15833,-0.07202,1.75781,-250.1374,-144.3053,27.6107,1.12073,-0.12646,0.03149,-9.2672,19.5267,-85.7786
103885771,0.21704,0.64172,1.44312,-250.1374,-153.4198,19.3206,1.12219,-0.12903,0.01892,-9.2824,20.8168,-87.7557
103886771,0.32251,1.45020,1.44214,-250.1374,-158.6794,16.4275,1.12305,-0.13281,0.00830,-9.3282,22.0076,-89.5878
103887771,0.48071,1.23926,1.91907,-250.1374,-165.9924,26.5191,1.12292,-0.13757,-0.00208,-9.4427,23.0687,-91.1527
103888770,0.48291,0.44897,1.99994,-250.1374,-184.4198,36.6565,1.12122,-0.14307,-0.01270,-9.5954,24.0076,-92.5344
103889770,0.43359,0.09644,1.74426,-250.1374,-203.9466,34.8550,1.11780,-0.14978,-0.02222,-9.7252,24.8321,-93.8321
103890770,0.43079,0.31873,1.69080,-250.1374,-213.6336,25.3130,1.11389,-0.15771,-0.03125,-9.8168,25.5802,-94.9008
103891771,0.24280,0.54004,1.58630,-250.1374,-217.6031,18.8779,1.10718,-0.16577,-0.04028,-9.8702,26.2595,-95.6947
103892771,-0.09875,0.61084,1.11121,-250.1374,-219.0000,17.1908,1.09753,-0.17407,-0.04932,-9.8931,26.8779,-96.3817
103893771,-0.23254,0.88306,0.68799,-250.1374,-215.1298,16.2824,1.08728,-0.18237,-0.05774,-9.8702,27.3893,-97.0687
103894771,-0.05115,1.01343,0.81726,-250.1374,-205.8473,18.5191,1.07617,-0.19019,-0.06580,-9.8321,27.8168,-97.7023
103895770,0.13672,0.38660,1.21497,-250.1374,-200.3740,23.4275,1.06348,-0.19739,-0.07495,-9.7863,28.1298,-98.2061
103896767,0.12097,-0.36060,1.13940,-250.1374,-205.0916,19.7557,1.05042,-0.20386,-0.08423,-9.6947,28.3435,-98.5878
103897771,-0.03223,-0.19543,0.33997,-250.1374,-216.2366,3.8168,1.03796,-0.21021,-0.09326,-9.5573,28.4962,-98.8092
103898770,-0.31091,0.70447,-0.64539,-250.1374,-224.0382,-13.0916,1.02502,-0.21594,-0.10181,-9.4046,28.5725,-98.8321
103899770,-0.43079,1.29480,-1.18567,-250.1374,-220.5954,-20.9466,1.01172,-0.22046,-0.10815,-9.2824,28.5573,-98.7023
103900770,-0.29358,0.89734,-1.24072,-250.1374,-207.8550,-23.2977,0.99841,-0.22473,-0.11401,-9.2214,28.4580,-98.5878
103901770,-0.64661,0.55481,-0.61755,-250.1374,-192.1832,-35.3740,0.98511,-0.22961,-0.12012,-9.1908,28.2595,-98.5038
103902770,-1.45923,1.65149,-0.64075,-250.1374,-185.8397,-60.3511,0.97192,-0.23425,-0.12512,-9.1985,27.9847,-98.3053
103903770,-1.80127,1.99994,-2.00000,-250.1374,-179.7481,-73.6870,0.95911,-0.23779,-0.12903,-9.2137,27.6947,-97.9237
103904770,-1.26917,1.99994,-2.00000,-250.1374,-149.3282,-50.1221,0.94653,-0.23987,-0.13208,-9.2595,27.3511,-97.4733
103905770,-0.53113,1.74939,-0.56238,-250.1374,-112.7634,-18.6489,0.93481,-0.24158,-0.13525,-9.3893,26.9466,-96.9160
103906770,-0.23254,1.15906,0.64856,-250.1374,-115.2595,-20.7252,0.92395,-0.24548,-0.13818,-9.6031,26.4656,-96.2824
103907770,-0.33899,1.99994,-0.95508,-250.1374,-143.3206,-33.8473,0.91272,-0.25110,-0.14099,-9.8855,25.9466,-95.5573
103908770,-0.25964,1.99994,-1.48291,-250.1374,-143.7328,-14.7176,0.90161,-0.25598,-0.14355,-10.2290,25.3969,-94.7023
103909770,0.07910,1.99994,0.32385,-250.1374,-131.3893,12.4809,0.89172,-0.26025,-0.14490,-10.6183,24.8015,-93.6870
103910770,-0.14087,1.99994,0.90808,-250.1374,-146.6565,12.3588,0.88428,-0.26538,-0.14539,-11.0687,24.1603,-92.5344
103911770,-0.76477,1.99994,-0.96326,-250.1374,-174.1985,13.9160,0.87866,-0.27112,-0.14539,-11.5496,23.4809,-91.2977
103912768,-0.99426,1.99994,-2.00000,-250.1374,-167.6870,35.4122,0.87354,-0.27698,-0.14490,-12.0305,22.7786,-89.9847
103913771,-0.73706,0.35486,-0.91675,-250.1374,-141.7405,46.0076,0.86890,-0.28357,-0.14355,-12.4885,22.0916,-88.5725
103914771,-0.43201,0.30310,-0.38831,-250.1374,-133.2824,26.1756,0.86450,-0.28992,-0.14270,-12.9313,21.4122,-87.0382
103915771,-0.57202,1.68286,-1.31555,-250.1374,-138.3893,2.8244,0.86108,-0.29529,-0.14172,-13.3664,20.7176,-85.3817
103916770,-1.05798,1.99994,-1.73840,-250.1374,-128.7328,1.1603,0.85840,-0.30066,-0.13977,-13.7863,20.0076,-83.6183
103917770,-0.90833,1.99994,-0.89185,-250.1374,-105.9618,8.2901,0.85645,-0.30603,-0.13672,-14.1985,19.3053,-81.7481
103918770,-0.38342,1.99994,-0.06445,-249.2290,-96.0992,13.4733,0.85559,-0.31079,-0.13354,-14.6031,18.6183,-79.7786
103919770,-0.43066,1.99994,-0.34180,-242.0763,-107.6718,21.8168,0.85510,-0.31555,-0.13135,-15.0153,17.8931,-77.7328
103920770,-0.65942,1.64905,-1.36072,-238.7939,-119.4809,28.5878,0.85522,-0.31982,-0.12927,-15.4656,17.1374,-75.6336
103921770,-0.67664,1.55151,-1.89124,-227.7023,-120.1069,27.8397,0.85632,-0.32324,-0.12671,-15.9466,16.3740,-73.4351
103922768,-0.75537,1.99994,-1.63757,-215.2061,-117.2595,28.1908,0.85791,-0.32678,-0.12463,-16.4275,15.5878,-71.1221
103923772,-0.91455,1.99994,-1.53418,-212.8397,-118.3588,37.8626,0.85974,-0.32971,-0.12305,-16.9008,14.8244,-68.7328
103924771,-1.04956,1.99994,-1.77515,-210.2366,-114.6412,53.7099,0.86182,-0.33118,-0.12085,-17.3511,14.0687,-66.2748
103925771,-1.12488,1.99994,-1.76855,-200.7252,-100.1069,66.8015,0.86475,-0.33215,-0.11804,-17.7863,13.2672,-63.7405
103926771,-1.15735,1.85156,-1.76147,-197.5573,-83.4733,69.8702,0.86755,-0.33264,-0.11609,-18.1985,12.4351,-61.1221
103927770,-1.01819,1.92188,-1.98218,-201.6031,-53.6107,61.9847,0.87024,-0.33325,-0.11475,-18.5725,11.6031,-58.4351
103928770,-0.77344,1.99994,-1.44104,-191.2672,-40.4885,63.2901,0.87378,-0.33398,-0.11267,-18.9389,10.7939,-55.6947
103929770,-0.53247,1.99255,-0.68567,-179.6641,-34.3511,66.9313,0.87805,-0.33423,-0.10962,-19.3053,10.0229,-52.9160
103930770,-0.34900,1.99994,-0.11987,-173.5878,-35.8397,69.7939,0.88159,-0.33276,-0.10718,-19.6718,9.2443,-50.0992
103931768,-0.31213,1.99994,-0.00195,-172.1221,-42.6870,73.2519,0.88477,-0.33008,-0.10425,-20.0229,8.4504,-47.2595
103932768,-0.35474,1.99994,-0.28784,-162.5954,-49.0763,78.1145,0.88940,-0.32678,-0.10205,-20.4198,7.6718,-44.3969
103933772,-0.42993,1.97314,-0.52637,-140.6336,-51.3740,84.0687,0.89587,-0.32385,-0.10132,-20.8702,6.9008,-41.4885
103934767,-0.47437,1.62708,-0.50122,-126.7710,-51.1832,87.9084,0.90210,-0.32080,-0.09998,-21.3359,6.1527,-38.5649
103935771,-0.39783,1.70422,-0.40491,-130.0992,-52.1450,88.1908,0.90930,-0.31726,-0.09851,-21.7863,5.4427,-35.6336
103936771,-0.29736,1.98169,-0.34399,-131.1221,-53.7176,89.5115,0.91699,-0.31421,-0.09680,-22.2137,4.7634,-32.7252
103937770,-0.25476,1.91028,-0.21448,-121.8397,-53.4275,95.8550,0.92383,-0.31152,-0.09448,-22.6794,4.0763,-29.8397
103938770,-0.27136,1.46753,-0.22156,-115.4122,-53.4656,104.4962,0.93579,-0.30725,-0.08948,-23.6336,2.7557,-24.1374
103939767,-0.35620,1.15149,-0.58777,-117.1832,-55.1603,109.2519,0.94153,-0.30579,-0.08740,-24.0916,2.1374,-21.3435
103940772,-0.40894,1.22595,-0.94373,-119.9466,-54.2290,110.8550,0.94690,-0.30420,-0.08569,-24.5420,1.5267,-18.6031
103941770,-0.38391,1.40051,-0.94104,-119.5038,-50.7557,115.0000,0.95068,-0.30298,-0.08350,-24.9847,0.9466,-15.9466
103942770,-0.37939,1.38037,-0.87341,-117.5649,-49.2901,122.1679,0.95374,-0.30200,-0.08032,-25.4122,0.4046,-13.3664
103943770,-0.40393,1.26990,-1.01514,-117.3435,-48.7099,128.0153,0.95679,-0.30078,-0.07751,-25.8168,-0.1527,-10.8779
103944770,-0.39490,1.18872,-1.09851,-118.3893,-44.4809,131.6031,0.95935,-0.30054,-0.07568,-26.1756,-0.7405,-8.4962
103945767,-0.34595,1.06860,-0.86853,-119.7176,-36.7939,134.6794,0.96252,-0.30078,-0.07495,-26.4656,-1.3359,-6.2366
103946772,-0.30933,1.00830,-0.61084,-121.9237,-30.8015,136.4962,0.96533,-0.30005,-0.07507,-26.7023,-1.9389,-4.0992
103947771,-0.32166,1.10266,-0.58154,-121.9771,-27.9542,137.0458,0.96704,-0.29871,-0.07520,-26.8397,-2.5649,-2.1221
103948770,-0.29688,1.17773,-0.52087,-113.9924,-25.0229,138.1985,0.96936,-0.29663,-0.07593,-26.8702,-3.2214,-0.3359
103949770,-0.20105,1.05713,-0.29761,-96.9847,-23.0992,140.2824,0.97241,-0.29333,-0.07629,-26.7710,-3.9237,1.3053
103950767,-0.17859,0.83716,-0.23657,-80.1145,-26.3893,141.5496,0.97510,-0.28943,-0.07666,-26.5573,-4.6641,2.7710
103951772,-0.23145,0.78394,-0.36426,-72.6107,-32.0382,141.0611,0.97693,-0.28540,-0.07739,-26.2901,-5.4275,4.0763
103952771,-0.23840,0.88281,-0.44690,-70.0458,-35.8779,140.9389,0.97888,-0.28064,-0.07861,-25.9618,-6.2061,5.2061
103953771,-0.28101,0.89062,-0.52051,-63.7786,-37.7328,142.5954,0.98071,-0.27344,-0.08032,-25.5802,-6.9695,6.1679
103954771,-0.37903,0.78369,-0.71558,-56.3740,-37.3969,144.7328,0.98242,-0.26526,-0.08130,-25.1298,-7.7405,6.9847
103955770,-0.44653,0.71924,-1.06726,-56.1374,-34.1450,146.6489,0.98376,-0.25696,-0.08142,-24.6489,-8.5115,7.6412
103956770,-0.53064,0.73389,-1.29480,-61.3588,-26.5267,149.7328,0.98486,-0.24951,-0.08154,-24.1603,-9.2443,8.1450
103957770,-0.50916,0.75232,-1.09412,-66.2366,-14.7099,154.6718,0.98669,-0.24304,-0.08228,-23.6794,-9.9466,8.4962
103958770,-0.35364,0.76453,-0.72827,-70.0840,-4.9695,160.1298,0.98828,-0.23608,-0.08301,-23.1908,-10.6260,8.7481
103959770,-0.32556,0.74316,-0.51379,-71.3740,0.0229,165.1985,0.98950,-0.22827,-0.08337,-22.6870,-11.2519,8.8855
103960770,-0.53552,0.89758,-0.31519,-70.3588,2.6336,168.1679,0.99182,-0.22009,-0.08337,-22.1450,-11.8244,8.9008
103961770,-0.37976,1.40723,-0.29395,-71.2977,2.5267,170.3817,0.99426,-0.21204,-0.08289,-21.5954,-12.3282,8.8244
103962770,0.03564,1.80933,-0.85156,-77.7023,-2.4427,179.3511,0.99634,-0.20593,-0.08301,-21.0458,-12.7786,8.7252
103963770,-0.02856,1.30054,-0.81714,-71.3435,-2.0458,199.0076,0.99841,-0.20251,-0.08289,-20.5267,-13.1985,8.6031
103964770,0.11877,-0.14526,0.19507,-57.6183,4.1527,218.6412,1.00024,-0.20032,-0.08179,-20.0305,-13.5725,8.4275
103965770,0.15369,-1.06702,0.63281,-64.2901,-1.7863,223.0763,1.00183,-0.19885,-0.08057,-19.5191,-13.9008,8.1679
103966770,-0.11438,-1.21606,-0.05420,-85.6489,-13.3740,222.2748,1.00281,-0.19775,-0.07983,-18.9695,-14.1756,7.8397
103967767,-0.22205,-0.99597,-0.63635,-110.1298,-13.2901,224.5878,1.00354,-0.19751,-0.07874,-18.3969,-14.3893,7.4504
103968772,-0.19226,-0.69226,0.20471,-116.6260,-2.5191,231.2977,1.00415,-0.19873,-0.07764,-17.8244,-14.5573,7.0305
103969767,0.07617,-0.71777,1.09314,-120.1527,-3.5802,236.7023,1.00476,-0.20081,-0.07703,-17.2824,-14.7252,6.6183
103970771,0.20850,-0.99597,0.60059,-128.3130,-20.5954,237.3588,1.00684,-0.20337,-0.07678,-16.7405,-14.8931,6.1679
103971771,0.20251,-1.83826,-0.17993,-130.5420,-32.3740,235.7557,1.01001,-0.20508,-0.07629,-16.1756,-15.0458,5.6718
103972770,0.11743,-2.00000,0.03003,-126.7634,-31.2977,222.3130,1.01331,-0.20520,-0.07629,-15.6031,-15.1832,5.1221
103973771,0.15918,-2.00000,0.78564,-118.9160,-29.8855,203.2824,1.01624,-0.20471,-0.07727,-15.0382,-15.3282,4.5649
103974770,0.12695,-1.62415,0.65845,-119.1298,-39.7252,188.4809,1.01855,-0.20410,-0.07849,-14.4809,-15.4580,3.9695
103975770,-0.16846,-1.31396,-0.22876,-114.6794,-49.2443,182.1221,1.02051,-0.20361,-0.08032,-13.9237,-15.5954,3.3359
103976770,-0.28857,-1.25916,-0.82666,-101.3206,-46.0840,178.8550,1.02185,-0.20374,-0.08337,-13.3359,-15.7634,2.7176
103977770,-0.21912,-1.30298,-0.88232,-87.6260,-37.2137,178.2977,1.02246,-0.20410,-0.08801,-12.6870,-15.9084,2.0611
103978768,-0.22754,-1.76794,-0.74976,-82.0229,-32.1298,183.7481,1.02209,-0.20410,-0.09436,-12.0076,-16.0382,1.3588
103979768,-0.23962,-2.00000,-0.63135,-82.8779,-28.9084,185.9008,1.02100,-0.20386,-0.10034,-11.3206,-16.1756,0.6031
103980772,-0.20544,-1.94458,-0.54810,-80.5115,-25.7710,181.6107,1.02026,-0.20276,-0.10376,-10.5954,-16.3130,-0.1679
103981771,-0.23389,-1.55420,-0.54688,-75.0687,-22.9466,180.9618,1.02014,-0.20105,-0.10657,-9.8244,-16.4351,-0.9695
103982771,-0.21899,-1.62000,-0.51367,-73.7634,-20.1527,188.2290,1.01990,-0.19910,-0.10876,-9.0229,-16.5344,-1.7939
103983771,-0.18530,-1.98889,-0.40344,-74.5649,-18.8321,192.8702,1.01941,-0.19666,-0.11060,-8.1908,-16.6489,-2.6565
103984770,-0.13196,-2.00000,-0.31909,-70.3359,-19.1450,187.4809,1.01819,-0.19373,-0.11267,-7.3359,-16.7939,-3.5649
103985770,-0.10022,-2.00000,-0.39941,-61.2748,-21.1679,176.2137,1.01782,-0.18970,-0.11499,-6.4580,-16.9389,-4.4962
103986770,-0.13342,-2.00000,-0.45288,-49.5267,-22.3359,165.7328,1.01892,-0.18494,-0.11658,-5.5802,-17.0840,-5.4580
103987770,-0.11182,-2.00000,-0.57422,-46.3740,-25.0611,156.5496,1.02002,-0.17993,-0.11670,-4.7252,-17.2290,-6.4198
103988770,-0.19824,-2.00000,-0.92151,-59.7786,-29.4809,147.4733,1.02087,-0.17468,-0.11584,-3.9466,-17.3969,-7.3893
103989770,-0.29016,-2.00000,-0.99048,-77.5496,-27.4275,138.4198,1.02209,-0.17017,-0.11353,-3.2214,-17.5420,-8.3664
103990768,-0.16589,-2.00000,-0.55640,-80.7328,-18.6031,129.8473,1.02380,-0.16675,-0.11108,-2.5573,-17.6489,-9.3206
103991767,-0.10632,-2.00000,-0.37097,-67.1527,-13.7863,128.0458,1.02478,-0.16382,-0.10986,-1.9389,-17.7405,-10.2595
103992772,-0.25293,-2.00000,-0.71069,-58.4656,-12.4580,132.0687,1.02478,-0.16223,-0.10779,-1.3664,-17.8397,-11.1679
103993771,-0.29236,-2.00000,-0.82971,-66.0229,-8.0687,135.3588,1.02625,-0.16138,-0.10498,-0.8626,-17.9389,-12.0763
103994771,-0.14978,-2.00000,-0.42419,-81.4122,-3.2443,135.3435,1.02917,-0.16089,-0.10303,-0.4351,-18.0382,-13.0000
103995770,-0.03992,-2.00000,-0.13586,-91.7252,-5.4046,132.8092,1.03259,-0.16101,-0.10034,-0.0763,-18.1145,-13.9237
103996770,-0.02942,-1.74719,-0.19128,-85.9542,-11.0611,130.5954,1.03687,-0.16211,-0.09546,0.2366,-18.1374,-14.8321
103997770,-0.01758,-1.91418,-0.27588,-72.0229,-15.3893,129.8015,1.04150,-0.16479,-0.08972,0.5496,-18.1221,-15.7176
103998768,-0.04309,-2.00000,-0.34827,-65.2977,-19.2672,127.5954,1.04626,-0.16687,-0.08557,0.8626,-18.0611,-16.5725
103999767,-0.06458,-2.00000,-0.35522,-66.6947,-22.6947,118.8092,1.05139,-0.16821,-0.08386,1.1832,-17.9542,-17.3740
104000772,-0.01160,-2.00000,-0.40320,-64.3206,-26.0382,106.9847,1.05664,-0.17126,-0.08301,1.5038,-17.7863,-18.1527
104001771,-0.07764,-1.97998,-0.59851,-53.9618,-28.6107,101.3969,1.06079,-0.17590,-0.08093,1.8397,-17.5802,-18.9160
104002770,-0.20178,-2.00000,-0.71619,-43.5115,-27.4275,101.2519,1.06409,-0.18091,-0.07727,2.1908,-17.3511,-19.6412
104003770,-0.14111,-2.00000,-0.53259,-40.3206,-22.1603,97.6870,1.06775,-0.18494,-0.07361,2.5802,-17.0992,-20.3588
104004770,-0.02417,-2.00000,-0.28491,-36.5878,-17.9389,92.2748,1.07190,-0.18835,-0.07056,3.0076,-16.8168,-21.0611
104005770,-0.02515,-2.00000,-0.26013,-29.0000,-16.4198,88.2519,1.07507,-0.19043,-0.06787,3.4275,-16.5115,-21.7557
104006768,-0.07471,-2.00000,-0.38940,-23.0153,-16.3969,84.3969,1.07727,-0.19214,-0.06494,3.8015,-16.2214,-22.4046
104007772,-0.12366,-2.00000,-0.60022,-24.7481,-17.9237,80.8626,1.08032,-0.19495,-0.06213,4.1069,-15.9389,-22.9847
104008771,-0.15881,-2.00000,-0.87573,-33.6870,-21.1603,79.1450,1.08313,-0.19861,-0.06006,4.4275,-15.6336,-23.5267
104009771,-0.09998,-2.00000,-0.80273,-37.6794,-21.5725,77.4733,1.08508,-0.20203,-0.05786,4.7557,-15.3359,-24.0305
104010770,0.04175,-2.00000,-0.48633,-31.6031,-22.0305,72.5344,1.08765,-0.20422,-0.05530,5.0916,-14.9924,-24.4733
104011770,0.00757,-2.00000,-0.50195,-24.1450,-25.9389,64.3893,1.08936,-0.20605,-0.05298,5.4275,-14.6183,-24.8321
104012770,-0.12903,-2.00000,-0.70190,-26.2672,-28.3130,55.5954,1.08997,-0.20764,-0.04883,5.7252,-14.1908,-25.1908
104013767,-0.14001,-1.54150,-0.62549,-32.6565,-26.0382,49.8702,1.09082,-0.20886,-0.04358,5.9847,-13.7328,-25.5038
104014768,-0.08398,-1.13379,-0.44678,-32.6870,-24.5649,50.6794,1.09253,-0.21008,-0.03882,6.2061,-13.2748,-25.7328
104015772,-0.07727,-1.23621,-0.62756,-27.8550,-27.1450,55.0687,1.09412,-0.21179,-0.03381,6.3893,-12.8015,-25.8473
104016771,-0.09216,-1.52734,-0.95093,-23.8321,-29.8321,56.8702,1.09534,-0.21362,-0.02856,6.5115,-12.2901,-25.8931
104017771,-0.12085,-1.68982,-1.17627,-25.0763,-32.3053,55.7557,1.09680,-0.21545,-0.02295,6.5573,-11.7099,-25.8550
104018771,-0.21936,-1.60522,-1.46509,-34.6870,-35.9542,54.4962,1.09766,-0.21729,-0.01782,6.5267,-11.0611,-25.7405
104019770,-0.34912,-1.38928,-1.75354,-45.5649,-37.5802,54.2977,1.09790,-0.21960,-0.01416,6.4351,-10.3664,-25.5344
104020770,-0.43457,-1.25134,-1.83826,-47.6183,-33.7786,54.3588,1.09839,-0.22229,-0.01038,6.2519,-9.6489,-25.2443
104021770,-0.51050,-1.29199,-1.84692,-42.5191,-26.9160,54.2595,1.09851,-0.22473,-0.00671,6.0305,-8.8855,-24.8626
104022770,-0.57532,-1.38599,-1.85913,-40.3817,-18.3969,52.5115,1.09827,-0.22754,-0.00439,5.8092,-8.0840,-24.3511
104023770,-0.51953,-1.37805,-1.73499,-43.2672,-8.7328,49.0305,1.09839,-0.23145,-0.00195,5.5649,-7.2519,-23.6947
104024768,-0.38660,-1.35779,-1.53235,-45.1603,-1.0534,45.7176,1.09802,-0.23669,0.00012,5.2748,-6.3817,-22.8779
104025766,-0.29834,-1.41504,-1.44995,-43.2977,2.0305,42.7634,1.09729,-0.24207,0.00024,4.9847,-5.4885,-21.9542
104026771,-0.26343,-1.42224,-1.47498,-39.9924,1.9847,38.5878,1.09656,-0.24695,-0.00037,4.7405,-4.5802,-20.9160
104027771,-0.25989,-1.32471,-1.55005,-38.3817,0.0611,34.7023,1.09619,-0.25195,0.00000,4.5038,-3.6565,-19.7786
104028770,-0.28516,-1.21570,-1.63293,-40.5573,-2.0840,33.5573,1.09583,-0.25684,0.00171,4.2901,-2.7252,-18.5802
104029770,-0.28442,-1.14502,-1.57117,-44.7099,-2.0534,34.5725,1.09448,-0.26062,0.00354,4.0763,-1.7939,-17.3282
104030770,-0.26050,-1.08752,-1.41394,-46.6641,0.3359,35.4046,1.09277,-0.26282,0.00403,3.8473,-0.9008,-16.0153
104031770,-0.28516,-0.98193,-1.38232,-45.2366,3.8626,35.2061,1.09070,-0.26416,0.00476,3.6260,-0.0382,-14.6412
104032770,-0.32825,-0.83252,-1.40417,-41.7328,9.3817,34.9084,1.08887,-0.26526,0.00562,3.3893,0.8015,-13.1832
104033770,-0.29761,-0.72046,-1.31653,-37.3664,15.5878,35.3740,1.08813,-0.26648,0.00513,3.1527,1.6336,-11.6718
104034770,-0.22693,-0.74988,-1.21326,-32.3588,18.9084,36.2366,1.08557,-0.26550,0.00281,2.7099,3.2061,-8.6183
104035770,-0.20325,-0.85107,-1.18103,-26.7634,18.0229,35.0763,1.08411,-0.26379,0.00232,2.4962,3.9237,-7.0611
104036770,-0.21411,-0.86584,-1.18311,-19.6489,14.8702,30.6336,1.08325,-0.26099,0.00293,2.2366,4.5954,-5.4962
104037770,-0.23547,-0.83984,-1.23401,-12.1679,11.1527,25.7328,1.08203,-0.25635,0.00366,1.9618,5.2595,-3.9466
104038770,-0.28662,-0.88293,-1.30334,-7.8931,8.8702,23.0458,1.08105,-0.25122,0.00513,1.6870,5.9542,-2.4046
104039770,-0.30664,-0.95679,-1.31799,-8.7863,9.3511,22.0076,1.08093,-0.24744,0.00635,1.3740,6.6718,-0.8702
104040770,-0.31616,-0.97229,-1.39062,-12.8015,11.7634,21.4580,1.08167,-0.24451,0.00720,1.0458,7.3588,0.6718
104041770,-0.39758,-0.96265,-1.59192,-16.1221,15.9542,21.9618,1.08240,-0.24036,0.00903,0.7023,8.0153,2.1985
104042771,-0.49292,-0.92322,-1.76660,-18.5878,22.6718,23.2214,1.08228,-0.23584,0.00989,0.3359,8.6718,3.6870
104043771,-0.49866,-0.78137,-1.75232,-21.8855,30.6565,24.8550,1.08252,-0.23254,0.00940,-0.0229,9.3359,5.1527
104044771,-0.41626,-0.64148,-1.55786,-25.4275,36.9695,27.7863,1.08313,-0.23022,0.00867,-0.3969,10.0000,6.5725
104045771,-0.30090,-0.64197,-1.24670,-27.2061,40.0076,31.6183,1.08362,-0.22803,0.00806,-0.7939,10.6870,7.9237
104046770,-0.17578,-0.75623,-0.94373,-26.5649,39.5802,33.9771,1.08459,-0.22668,0.00757,-1.1832,11.3664,9.2290
104047770,-0.10229,-0.88293,-0.82422,-24.3664,36.3588,33.8092,1.08496,-0.22559,0.00562,-1.5573,12.0305,10.5344
104048770,-0.12427,-0.97229,-0.85815,-21.5344,32.8321,31.9008,1.08496,-0.22461,0.00427,-1.9008,12.7176,11.8244
104049770,-0.19348,-0.92419,-0.94238,-19.8168,30.5115,28.3664,1.08557,-0.22351,0.00342,-2.2366,13.4122,13.0382
104050768,-0.25891,-0.71655,-1.06482,-18.0000,29.7939,24.2901,1.08618,-0.22351,0.00195,-2.5802,14.0840,14.1756
104051768,-0.29150,-0.59387,-1.13611,-13.1908,31.5191,22.2595,1.08618,-0.22461,0.00061,-2.9008,14.7328,15.2748
104052772,-0.28137,-0.73328,-1.09131,-6.8931,35.0534,22.3511,1.08557,-0.22534,-0.00061,-3.2137,15.3664,16.3435
104053770,-0.25208,-0.97729,-1.05469,-3.4046,38.3359,21.9466,1.08374,-0.22559,-0.00220,-3.4885,15.9847,17.3588
104054768,-0.25940,-1.05615,-1.12671,-4.3130,40.4962,19.7863,1.08044,-0.22534,-0.00452,-3.7176,16.5573,18.2901
104055772,-0.35437,-0.89294,-1.25378,-8.4046,41.8397,17.6870,1.07715,-0.22583,-0.00720,-3.9008,17.0840,19.1298
104056771,-0.46484,-0.40979,-1.45251,-17.9618,45.3206,21.4504,1.07373,-0.22668,-0.01147,-4.0382,17.5573,19.9160
104057771,-0.40564,-0.47498,-1.28870,-18.1908,49.1374,26.8092,1.06873,-0.22620,-0.01685,-4.1145,17.9847,20.6489
104058770,-0.30078,-0.70251,-1.04785,-19.6336,52.3359,31.1374,1.06311,-0.22461,-0.02271,-4.1374,18.3588,21.2977
104059770,-0.22314,-0.85144,-0.96106,-25.1374,54.1450,33.3588,1.05798,-0.22205,-0.02917,-4.1221,18.6794,21.8244
104060770,-0.19287,-0.90833,-0.93225,-31.0992,56.4198,34.8779,1.05310,-0.21851,-0.03760,-4.0916,18.9237,22.2595
104061768,-0.16541,-0.91785,-0.85620,-34.6565,59.2824,36.0076,1.04907,-0.21472,-0.04700,-4.0687,19.0458,22.6107
104062768,-0.13184,-0.89209,-0.80249,-35.3511,60.5802,36.2443,1.04480,-0.21021,-0.05554,-4.0611,19.0687,22.8626
104063771,-0.08740,-0.87354,-0.76477,-33.9847,60.0534,35.5191,1.04016,-0.20496,-0.06482,-4.0611,19.0153,22.9924
104064771,-0.01709,-0.92090,-0.60828,-31.7023,58.6260,34.2672,1.03552,-0.19910,-0.07349,-4.0458,18.8855,23.0076
104065771,0.05664,-1.01709,-0.37585,-29.9695,55.8092,32.0000,1.03101,-0.19312,-0.08032,-4.0382,18.6794,22.9313
104066770,0.09888,-1.06055,-0.23987,-28.9847,51.4809,28.2366,1.02710,-0.18665,-0.08752,-4.0000,18.3969,22.7328
104067771,0.09302,-1.03918,-0.22827,-27.9542,47.2290,24.0916,1.02344,-0.17908,-0.09497,-3.9542,18.0534,22.4733
104068771,0.05530,-0.98022,-0.30066,-26.8626,44.2366,20.6870,1.02014,-0.17297,-0.10046,-3.9389,17.7099,22.1603
104069770,0.00513,-0.90356,-0.44995,-24.8779,42.3740,18.3511,1.01685,-0.16833,-0.10522,-3.9160,17.2595,21.7557
104070768,-0.05225,-0.83252,-0.60413,-21.5115,41.7939,16.9389,1.01440,-0.16467,-0.11182,-3.9008,16.6870,21.2290
104071772,-0.08447,-0.78674,-0.69312,-18.0687,42.3206,16.4275,1.01282,-0.16064,-0.11877,-3.9313,16.0611,20.5344
104072771,-0.08850,-0.77271,-0.68604,-15.0382,43.4885,16.6718,1.01050,-0.15649,-0.12549,-3.9924,15.3435,19.7481
104073771,-0.11646,-0.73547,-0.63318,-12.6565,44.1679,16.8779,1.00842,-0.15344,-0.13269,-4.0229,14.5420,18.9008
104074770,-0.20227,-0.58350,-0.65991,-11.6107,43.9771,16.4962,1.00684,-0.14978,-0.13831,-4.0229,13.6947,18.0229
104075770,-0.30725,-0.39551,-0.80725,-11.0153,43.9160,17.2290,1.00452,-0.14648,-0.14319,-4.0305,12.8092,17.0916
104076770,-0.36206,-0.41431,-0.92859,-9.4504,45.6336,20.8779,1.00134,-0.14490,-0.14880,-4.0305,11.8626,16.1145
104077770,-0.33862,-0.73547,-0.85486,-7.5344,49.1679,26.0382,0.99817,-0.14441,-0.15466,-4.0229,10.8397,15.0687
104078770,-0.27051,-1.10010,-0.66284,-8.2290,52.4275,28.5038,0.99561,-0.14417,-0.16040,-4.0153,9.7252,14.0153
104079770,-0.21350,-1.17908,-0.54663,-12.3588,54.0534,27.0382,0.99280,-0.14417,-0.16663,-4.0000,8.5725,12.9008
104080770,-0.18445,-0.99475,-0.50610,-17.5344,55.0076,25.2672,0.98999,-0.14429,-0.17175,-3.9542,7.3664,11.7634
104081770,-0.14697,-0.81470,-0.41040,-21.4122,56.1145,26.3359,0.98816,-0.14429,-0.17529,-3.8931,6.0840,10.6336
104082770,-0.07312,-0.82043,-0.27283,-23.3969,56.1756,29.2824,0.98645,-0.14478,-0.17834,-3.8550,4.7481,9.4885
104083770,0.00488,-0.98560,-0.19495,-23.9618,54.0916,31.2824,0.98499,-0.14636,-0.18079,-3.7710,3.3817,8.2672
104084770,0.05151,-1.19287,-0.17126,-23.9313,50.5496,31.1374,0.98523,-0.14819,-0.18359,-3.6260,1.9924,6.9924
104085770,0.06885,-1.31592,-0.13672,-24.4427,46.6489,29.2366,0.98792,-0.14966,-0.18604,-3.4427,0.5649,5.6870
104086767,0.06531,-1.28748,-0.12390,-26.0458,42.4580,26.7786,0.99023,-0.15076,-0.18689,-3.1908,-0.9008,4.3817
104087766,0.03491,-1.15076,-0.18237,-28.1527,38.5420,24.8931,0.99133,-0.15051,-0.18762,-2.8779,-2.3740,3.0534
104088771,-0.01001,-1.02051,-0.26294,-29.1527,36.0687,24.0534,0.99329,-0.14880,-0.18811,-2.5115,-3.8702,1.6412
104089771,-0.05615,-0.97229,-0.33252,-28.7405,35.1298,23.6565,0.99512,-0.14709,-0.18848,-2.1069,-5.3664,0.1832
104090771,-0.11560,-1.00720,-0.46509,-28.7863,34.6031,23.1985,0.99597,-0.14514,-0.18860,-1.6489,-6.8702,-1.2977
104091770,-0.18494,-1.08862,-0.68396,-31.1756,34.5420,22.7557,0.99719,-0.14331,-0.18884,-1.1450,-8.3893,-2.8015
104092770,-0.24512,-1.15894,-0.86975,-35.8092,35.7252,22.6031,0.99878,-0.14185,-0.18848,-0.5954,-9.8855,-4.3893
104093770,-0.29736,-1.11768,-0.92407,-41.8168,38.1069,22.3740,1.00012,-0.13977,-0.18738,-0.0534,-11.3130,-6.0305
104094770,-0.36230,-0.86377,-0.91809,-48.0687,40.4275,21.9771,1.00146,-0.13696,-0.18542,0.4809,-12.7099,-7.6718
104095770,-0.41650,-0.50891,-0.96216,-52.9160,42.6489,23.3893,1.00354,-0.13367,-0.18188,1.0382,-14.0840,-9.2672
104096770,-0.39966,-0.43066,-0.94470,-54.6412,46.4885,29.4275,1.00708,-0.13232,-0.17664,1.5878,-15.4046,-10.8244
104097768,-0.30017,-0.83899,-0.71375,-54.2443,51.6641,38.3740,1.01099,-0.13269,-0.17188,2.1450,-16.6947,-12.3740
104098766,-0.18127,-1.36011,-0.45251,-56.5802,54.6870,43.4656,1.01379,-0.13403,-0.16748,2.7099,-17.9389,-13.8626
104099769,-0.09753,-1.49072,-0.39172,-63.2595,54.3817,42.1908,1.01587,-0.13501,-0.16101,3.2443,-19.1069,-15.3053
104100771,-0.05078,-1.28857,-0.38000,-69.5573,53.0687,40.0076,1.01868,-0.13574,-0.15515,3.7634,-20.2061,-16.6794
104101771,-0.01831,-1.17590,-0.23413,-71.7023,51.2519,41.2214,1.02234,-0.13806,-0.15027,4.2824,-21.2137,-17.9695
104102770,0.01013,-1.28748,-0.12927,-72.1221,47.0153,43.1450,1.02454,-0.14197,-0.14417,4.7939,-22.1145,-19.1832
104103770,0.03162,-1.45789,-0.16528,-73.4809,41.5725,42.0534,1.02576,-0.14575,-0.13721,5.2824,-22.9542,-20.3282
104104770,0.05481,-1.53979,-0.13354,-74.8168,38.0076,37.6947,1.02747,-0.14917,-0.13110,5.7405,-23.7023,-21.3893
104105767,0.05505,-1.42053,-0.00024,-74.3588,35.8779,31.0763,1.02979,-0.15356,-0.12646,6.1908,-24.4046,-22.3893
104106772,0.02087,-1.11182,0.02686,-71.3511,33.5267,24.5725,1.03223,-0.15808,-0.12207,6.6412,-25.0916,-23.3130
104107771,-0.01929,-0.86023,-0.09937,-66.6718,31.4046,21.7634,1.03442,-0.16235,-0.11768,7.0992,-25.7099,-24.1450
104108770,-0.03345,-0.89172,-0.20679,-61.2672,30.6718,23.1679,1.03613,-0.16602,-0.11487,7.5344,-26.2519,-24.9084
104109771,0.00500,-1.12366,-0.23779,-55.7939,30.5496,25.0076,1.03711,-0.16919,-0.11316,7.9466,-26.7252,-25.5802
104110770,0.04895,-1.33606,-0.28455,-50.6107,29.5496,24.6794,1.03796,-0.17175,-0.11108,8.3664,-27.1832,-26.1679
104111770,0.04456,-1.42664,-0.38098,-46.9771,27.7939,23.0076,1.03870,-0.17419,-0.10876,8.7786,-27.5954,-26.6641
104112767,0.01294,-1.36877,-0.47327,-46.1527,26.5344,21.5267,1.03894,-0.17676,-0.10645,9.1679,-27.9466,-27.0611
104113771,-0.04431,-1.19739,-0.46924,-47.3817,26.5191,20.9237,1.03918,-0.17920,-0.10400,9.5267,-28.2443,-27.3664
104114771,-0.10657,-0.94470,-0.41809,-49.7939,27.0840,20.4885,1.03943,-0.18103,-0.10242,9.8702,-28.4962,-27.5878
104115770,-0.13770,-0.70105,-0.49219,-51.0687,27.3359,20.2977,1.03918,-0.18274,-0.10168,10.1679,-28.7252,-27.7252
104116770,-0.15173,-0.73169,-0.61670,-48.0687,28.3588,21.9618,1.03882,-0.18457,-0.10144,10.4656,-28.9389,-27.7634
104117770,-0.12268,-1.07251,-0.58643,-43.5115,30.7939,24.0458,1.03882,-0.18652,-0.10022,10.7634,-29.0916,-27.6794
104118768,-0.05884,-1.32727,-0.43335,-42.3435,32.4198,22.6794,1.03857,-0.18823,-0.09729,11.0153,-29.1679,-27.5267
104119772,0.00085,-1.24255,-0.31909,-44.0916,31.6031,18.8626,1.03857,-0.19006,-0.09314,11.2137,-29.1756,-27.3206
104120767,0.03699,-1.08264,-0.28467,-44.8779,29.1832,18.1527,1.03918,-0.19263,-0.09058,11.3740,-29.1374,-27.0153
104121772,0.03821,-1.15015,-0.28894,-43.2595,26.4275,21.3130,1.03931,-0.19519,-0.08899,11.5191,-29.0305,-26.6565
104122771,0.03113,-1.34082,-0.37646,-41.2748,23.9313,23.5725,1.03870,-0.19678,-0.08704,11.6565,-28.8473,-26.2061
104123770,0.03784,-1.49255,-0.50183,-39.8550,22.5954,23.2901,1.03833,-0.19788,-0.08582,11.8015,-28.6183,-25.6718
104124770,0.03467,-1.61658,-0.54260,-40.2214,22.3817,22.1603,1.03845,-0.19910,-0.08423,11.9160,-28.3511,-25.0458
104125771,0.01123,-1.64429,-0.52258,-43.3893,22.4427,20.0916,1.03870,-0.19922,-0.08081,12.0153,-28.0076,-24.3817
104126771,-0.00952,-1.51282,-0.49976,-46.8855,22.8244,16.8321,1.03784,-0.19824,-0.07642,12.0992,-27.6260,-23.6870
104127770,-0.00916,-1.34668,-0.45435,-47.6260,23.9542,13.7710,1.03613,-0.19788,-0.07202,12.1527,-27.1985,-22.9160
104128770,0.01489,-1.31104,-0.39355,-44.8015,25.0458,11.6565,1.03564,-0.19812,-0.06897,12.1679,-26.7481,-22.0534
104129770,0.03796,-1.40710,-0.37390,-40.0992,25.0382,9.3511,1.03589,-0.19861,-0.06738,12.1450,-26.2290,-21.1374
104130770,0.05554,-1.48547,-0.37024,-36.2977,24.1069,5.7634,1.03467,-0.20056,-0.06226,11.9008,-25.1374,-19.2824
104131770,0.07520,-1.44507,-0.33301,-34.4809,22.3969,1.5725,1.03418,-0.20117,-0.05933,11.6870,-24.5267,-18.2901
104132770,0.07727,-1.33264,-0.32397,-32.9771,19.5725,-1.4504,1.03406,-0.20178,-0.05530,11.4656,-23.9008,-17.2672
104133770,0.02380,-1.23267,-0.41199,-30.6260,16.2595,-2.6412,1.03430,-0.20264,-0.05164,11.2137,-23.2672,-16.2214
104134770,-0.08459,-1.06641,-0.54431,-28.8015,14.2824,-3.5725,1.03564,-0.20374,-0.04834,10.9542,-22.6107,-15.1527
104135770,-0.18994,-0.75879,-0.66370,-27.8092,14.2748,-4.3740,1.03748,-0.20557,-0.04590,10.7023,-21.9313,-14.0611
104136768,-0.25049,-0.57886,-0.81689,-25.6870,15.3130,-1.9008,1.03845,-0.20691,-0.04480,10.4656,-21.2595,-12.9237
104137771,-0.27258,-0.83252,-0.99109,-22.2901,17.3740,4.3969,1.03918,-0.20752,-0.04468,10.2137,-20.5954,-11.7328
104138770,-0.24414,-1.31531,-1.05396,-20.0000,21.3588,9.0305,1.04089,-0.20801,-0.04492,9.9313,-19.9389,-10.5344
104139770,-0.16260,-1.55518,-0.99377,-20.0763,26.0763,8.1603,1.04224,-0.20825,-0.04382,9.6565,-19.2672,-9.3359
104140770,-0.11414,-1.44678,-0.93738,-21.6336,29.3969,4.9542,1.04309,-0.20850,-0.04346,9.3893,-18.5496,-8.1450
104141770,-0.13977,-1.23694,-0.91870,-22.9160,31.4351,3.5649,1.04370,-0.20886,-0.04456,9.1374,-17.8550,-6.9542
104142770,-0.17029,-1.09717,-0.89038,-22.7023,33.3817,3.5878,1.04395,-0.20789,-0.04553,8.9084,-17.1985,-5.7786
104143770,-0.16223,-1.08398,-0.84424,-20.9466,35.3206,3.5267,1.04431,-0.20532,-0.04626,8.6489,-16.5649,-4.6183
104144770,-0.12378,-1.23669,-0.79346,-18.7634,36.7481,3.1221,1.04529,-0.20190,-0.04626,8.3664,-15.9389,-3.4885
104145770,-0.06372,-1.46265,-0.73425,-17.0305,37.6641,1.6107,1.04712,-0.19788,-0.04749,8.0763,-15.3053,-2.3664
104146770,-0.00378,-1.59412,-0.64954,-15.7557,38.3130,-1.3893,1.04907,-0.19373,-0.04858,7.7786,-14.6794,-1.2901
104147770,0.04565,-1.56714,-0.54797,-15.5878,38.5878,-4.5954,1.05005,-0.18982,-0.04858,7.4809,-14.0763,-0.2519
104148770,0.08740,-1.46326,-0.46082,-16.2443,38.0534,-6.3130,1.05066,-0.18567,-0.04919,7.1756,-13.4656,0.7557
104149767,0.12231,-1.42944,-0.42188,-16.1221,36.5344,-6.2519,1.05078,-0.18201,-0.05005,6.8321,-12.8473,1.7634
104150768,0.14758,-1.54724,-0.44348,-14.8244,34.3282,-5.5954,1.05017,-0.17957,-0.05066,6.4504,-12.2519,2.7557
104151772,0.15552,-1.72986,-0.47473,-13.8855,32.0534,-6.3130,1.04919,-0.17700,-0.05078,6.0840,-11.6718,3.7099
104152771,0.14172,-1.78894,-0.49072,-15.3282,29.6336,-9.1221,1.04907,-0.17383,-0.05078,5.7176,-11.0916,4.6183
104153771,0.09631,-1.63708,-0.51953,-19.7481,26.9466,-12.4733,1.04932,-0.17126,-0.05042,5.2977,-10.4962,5.4733
104154770,0.02771,-1.34998,-0.58215,-25.7481,24.5649,-14.4962,1.05005,-0.16968,-0.05078,4.8473,-9.9084,6.3053
104155770,-0.02307,-1.08667,-0.65332,-29.8092,23.7176,-14.5802,1.05066,-0.16833,-0.05078,4.4122,-9.3206,7.0992
104156770,-0.02185,-1.01733,-0.70679,-29.8931,24.5573,-12.8931,1.05115,-0.16760,-0.04944,3.9695,-8.7176,7.8779
104157770,0.00720,-1.17102,-0.75073,-28.7023,26.1450,-10.7405,1.05151,-0.16760,-0.04932,3.4504,-8.1069,8.6107
104158770,0.04541,-1.36731,-0.75391,-29.0840,28.1450,-10.1603,1.05261,-0.16638,-0.05029,2.8779,-7.4656,9.2977
104159770,0.08569,-1.41125,-0.71338,-30.4962,29.8244,-11.7939,1.05469,-0.16479,-0.05103,2.2824,-6.8168,9.9695
104160770,0.08386,-1.29089,-0.68335,-31.0687,30.2977,-14.0534,1.05652,-0.16418,-0.05164,1.6718,-6.1832,10.6183
104161768,0.04114,-1.14124,-0.70105,-30.5573,29.7405,-15.2366,1.05737,-0.16357,-0.05103,1.0763,-5.5267,11.2443
104162768,0.00208,-1.10303,-0.74817,-29.0687,29.0305,-15.0840,1.05750,-0.16284,-0.05066,0.4733,-4.8855,11.8397
104163772,-0.02026,-1.21436,-0.76294,-27.1756,28.8779,-14.7634,1.05786,-0.16333,-0.05029,-0.1527,-4.2290,12.4122
104164771,-0.01880,-1.36121,-0.73401,-26.7634,29.1908,-15.7863,1.05835,-0.16406,-0.05042,-0.8168,-3.5420,12.9695
104165770,0.00562,-1.42969,-0.70813,-28.3206,29.5344,-18.1832,1.05823,-0.16492,-0.05237,-1.5267,-2.8626,13.5038
104166770,0.01416,-1.41699,-0.71008,-30.6718,29.9237,-20.6718,1.05762,-0.16565,-0.05530,-2.2290,-2.1908,14.0076
104167768,0.00012,-1.32361,-0.69934,-33.1832,30.7786,-22.7328,1.05774,-0.16565,-0.05859,-2.8855,-1.5420,14.4504
104168768,-0.00342,-1.15100,-0.65466,-35.7405,31.7099,-24.2901,1.05896,-0.16589,-0.06238,-3.5191,-0.9389,14.8244
104169766,0.01733,-1.00793,-0.61926,-37.6641,31.8626,-24.4351,1.05994,-0.16516,-0.06653,-4.1298,-0.3435,15.1527
104170769,0.05078,-1.04041,-0.61255,-38.4046,31.0992,-22.7786,1.06006,-0.16357,-0.07056,-4.7023,0.2519,15.4275
104171771,0.06689,-1.20032,-0.58459,-38.5420,29.9389,-21.3206,1.06018,-0.16235,-0.07446,-5.2595,0.8015,15.6183
104172771,0.05981,-1.26135,-0.52759,-39.7176,28.4733,-21.8626,1.06006,-0.16089,-0.07898,-5.7863,1.3130,15.7557
104173771,0.03271,-1.15503,-0.54590,-42.9695,26.1679,-22.8397,1.05908,-0.15869,-0.08374,-6.2824,1.7481,15.8550
104174770,-0.01318,-1.06775,-0.65796,-46.7328,23.9466,-21.6718,1.05750,-0.15588,-0.08899,-6.7481,2.1450,15.9160
104175770,-0.04663,-1.09985,-0.77197,-48.9771,23.4046,-19.5115,1.05481,-0.15320,-0.09375,-7.1908,2.4962,15.9084
104176770,-0.05322,-1.09705,-0.81604,-49.2443,25.0382,-19.6870,1.05212,-0.15063,-0.09680,-7.6489,2.8092,15.8550
104177770,-0.04431,-0.96838,-0.76929,-48.2672,27.9924,-22.1145,1.05042,-0.14832,-0.09937,-8.1298,3.0534,15.7557
104178770,-0.02234,-0.86121,-0.66895,-46.3588,30.7939,-23.7481,1.04907,-0.14709,-0.10156,-8.6107,3.2519,15.5954
104179770,-0.00647,-0.93323,-0.57129,-43.6718,32.4198,-23.4733,1.04688,-0.14624,-0.10315,-9.0687,3.3817,15.4122
104180770,0.01135,-1.11243,-0.49976,-41.4427,33.0000,-23.4580,1.04443,-0.14526,-0.10535,-9.5191,3.4427,15.1756
104181770,0.04724,-1.20300,-0.45789,-40.2290,32.5725,-25.3206,1.04199,-0.14502,-0.10706,-9.9466,3.4427,14.9008
104182770,0.06116,-1.13708,-0.43750,-38.3206,31.1450,-28.1756,1.03967,-0.14526,-0.10852,-10.3435,3.4351,14.5802
104183770,0.05176,-0.98633,-0.41650,-34.6947,29.1832,-30.3893,1.03809,-0.14575,-0.11060,-10.6489,3.4046,14.1908
104184770,0.04810,-0.81396,-0.40601,-28.6794,25.4198,-30.8779,1.03699,-0.14709,-0.11292,-10.8626,3.3130,13.7176
104185770,0.06750,-0.90466,-0.42310,-27.2595,24.6718,-30.2137,1.03442,-0.14868,-0.11499,-11.0076,3.1374,13.1756
104186770,0.09412,-1.06006,-0.41724,-25.4656,25.0611,-30.5496,1.03076,-0.15063,-0.11646,-11.0611,2.8931,12.5420
104187770,0.10474,-1.16345,-0.41382,-23.8550,25.7405,-32.4351,1.02844,-0.15295,-0.11743,-11.0153,2.5878,11.8473
104188770,0.08765,-1.14136,-0.45959,-23.2824,25.8626,-34.9466,1.02673,-0.15405,-0.11877,-10.8626,2.2214,11.0840
104189770,0.07153,-1.04004,-0.48474,-23.3969,25.7786,-36.5038,1.02527,-0.15442,-0.11987,-10.6183,1.7863,10.2519
104190770,0.08936,-0.94495,-0.43359,-23.5954,25.3969,-36.7252,1.02393,-0.15491,-0.12048,-10.3359,1.3053,9.3130
104191770,0.11743,-0.90613,-0.35889,-22.8244,24.1298,-36.3893,1.02246,-0.15613,-0.12036,-10.0305,0.7557,8.2748
104192770,0.13306,-0.89233,-0.32971,-21.3359,22.0992,-36.6336,1.02173,-0.15698,-0.11926,-9.6565,0.1527,7.1908
104193770,0.12988,-0.84167,-0.37988,-20.5954,19.9008,-37.5038,1.02051,-0.15686,-0.11816,-9.2290,-0.4656,6.0840
104194770,0.09314,-0.76599,-0.47729,-21.2137,18.2977,-38.0687,1.01868,-0.15710,-0.11804,-8.7786,-1.1298,4.9542
104195768,0.06592,-0.69067,-0.56128,-22.5420,18.0763,-38.1374,1.01685,-0.15771,-0.11792,-8.2824,-1.8168,3.7863
104196771,0.05151,-0.60718,-0.61926,-23.4962,18.6794,-38.2290,1.01538,-0.15796,-0.11572,-7.7405,-2.5267,2.6107
104197771,0.02417,-0.52148,-0.65747,-23.1756,19.7023,-38.4046,1.01538,-0.15930,-0.11279,-7.1908,-3.2214,1.4351
104198771,0.00867,-0.44543,-0.70593,-22.2595,20.8931,-38.3511,1.01587,-0.16089,-0.11023,-6.6489,-3.9237,0.3053
104199770,-0.01038,-0.40564,-0.74255,-21.0763,22.2290,-37.6183,1.01587,-0.16223,-0.10828,-6.1221,-4.6107,-0.7863
104200770,-0.02332,-0.40967,-0.72656,-20.1985,23.6794,-36.3435,1.01599,-0.16455,-0.10620,-5.5573,-5.2824,-1.8015
104201770,-0.02185,-0.40979,-0.71960,-19.8931,24.5573,-35.0458,1.01538,-0.16699,-0.10376,-4.9847,-5.9389,-2.7252
104202770,-0.03442,-0.38196,-0.73462,-19.3511,25.0687,-33.8550,1.01440,-0.16956,-0.10046,-4.4275,-6.5802,-3.5802
104203768,-0.03979,-0.31677,-0.74170,-18.8397,25.7863,-32.6336,1.01428,-0.17249,-0.09656,-3.9084,-7.2137,-4.3588
104204772,-0.03137,-0.25671,-0.71448,-18.0992,26.7099,-30.7328,1.01465,-0.17603,-0.09314,-3.4046,-7.8015,-5.0458
104205771,-0.02148,-0.25513,-0.67822,-17.6031,27.3740,-28.2137,1.01440,-0.17993,-0.08960,-2.9466,-8.3053,-5.6489
104206771,-0.01086,-0.29919,-0.66541,-17.6107,27.7481,-25.7557,1.01428,-0.18347,-0.08655,-2.5115,-8.7634,-6.1527
104207770,-0.00391,-0.35999,-0.63220,-17.6031,28.1450,-23.7863,1.01526,-0.18726,-0.08435,-2.0916,-9.1756,-6.5267
104208768,0.00647,-0.39062,-0.58691,-17.4427,28.3206,-22.5573,1.01721,-0.19165,-0.08179,-1.7023,-9.5344,-6.8168
104209767,0.02759,-0.41956,-0.56262,-16.2748,28.0305,-21.4656,1.01978,-0.19678,-0.07739,-1.3282,-9.8550,-7.0076
104210768,0.05762,-0.51538,-0.54016,-14.1527,27.5420,-20.2443,1.02197,-0.20215,-0.07275,-0.9237,-10.1603,-7.1145
104211772,0.08557,-0.64221,-0.48718,-12.0458,27.0305,-19.6870,1.02258,-0.20703,-0.06921,-0.5038,-10.4427,-7.1298
104212771,0.10095,-0.69409,-0.43286,-11.1756,26.1450,-20.5344,1.02490,-0.21130,-0.06689,-0.1069,-10.6794,-7.0763
104213770,0.09045,-0.63440,-0.44470,-11.5191,24.8092,-21.9847,1.02832,-0.21460,-0.06482,0.2443,-10.8855,-6.9389
104214768,0.04871,-0.56543,-0.49292,-11.1374,23.7939,-22.6183,1.03003,-0.21777,-0.06348,0.5725,-11.0611,-6.7023
104215772,0.01758,-0.54700,-0.53455,-9.8473,23.6412,-22.5802,1.03064,-0.22168,-0.06299,0.9160,-11.1985,-6.3740
104216771,-0.00220,-0.53381,-0.57141,-9.0000,23.8550,-22.4580,1.03186,-0.22522,-0.06238,1.2366,-11.3130,-5.9542
104217770,-0.00769,-0.51184,-0.56030,-9.3740,24.4733,-21.8702,1.03369,-0.22681,-0.06018,1.5725,-11.3893,-5.4733
104218770,0.02576,-0.49609,-0.51050,-10.9084,24.9847,-20.4504,1.03418,-0.22729,-0.05811,1.9008,-11.4351,-4.9695
104219770,0.05249,-0.50195,-0.44165,-11.9237,25.1603,-18.4885,1.03430,-0.22766,-0.05603,2.2061,-11.4733,-4.4504
104220770,0.06250,-0.48938,-0.38831,-12.4733,24.8931,-16.9084,1.03540,-0.22827,-0.05298,2.4656,-11.4580,-3.8855
104221770,0.06226,-0.40332,-0.38708,-13.2672,24.1756,-15.8931,1.03601,-0.22803,-0.05139,2.7023,-11.3969,-3.2824
104222770,0.05054,-0.30933,-0.39368,-13.9389,23.3359,-14.4580,1.03601,-0.22693,-0.05054,2.9237,-11.3053,-2.6183
104223768,0.06091,-0.29773,-0.38367,-14.1298,22.6031,-12.3359,1.03699,-0.22546,-0.04932,3.1603,-11.1832,-1.9389
104224766,0.08789,-0.40332,-0.35327,-13.3664,21.8244,-10.2595,1.03821,-0.22424,-0.04907,3.4046,-11.0382,-1.2595
104225769,0.10449,-0.54053,-0.33899,-12.6260,20.8550,-9.5954,1.03906,-0.22363,-0.04968,3.6412,-10.8702,-0.5954
104226772,0.11023,-0.57520,-0.34619,-12.5267,20.0840,-10.3969,1.03674,-0.22217,-0.04871,4.0382,-10.5420,0.6870
104227770,0.10657,-0.50012,-0.33142,-13.0611,19.7176,-11.2061,1.03528,-0.22241,-0.04797,4.2443,-10.3282,1.3053
104228770,0.10144,-0.40222,-0.31018,-13.9084,19.3130,-10.7176,1.03345,-0.22229,-0.04736,4.4885,-10.0687,1.8702
104229768,0.10461,-0.38538,-0.29297,-13.8550,18.7099,-8.9008,1.03076,-0.22119,-0.04822,4.7557,-9.7710,2.3817
104230772,0.11890,-0.45203,-0.26343,-12.9466,17.9008,-7.0611,1.02844,-0.21924,-0.05017,5.0076,-9.4504,2.8550
104231771,0.13806,-0.52686,-0.22229,-12.0840,16.6870,-6.0763,1.02734,-0.21802,-0.05151,5.2366,-9.1221,3.3053
104232771,0.14746,-0.56226,-0.19434,-12.0000,14.7786,-5.6412,1.02710,-0.21692,-0.05115,5.4427,-8.7939,3.7176
104233770,0.13074,-0.55823,-0.21704,-12.6260,12.0916,-5.1069,1.02625,-0.21411,-0.05029,5.6107,-8.4427,4.0916
104234770,0.08643,-0.54883,-0.28235,-13.2443,9.4504,-4.2519,1.02490,-0.21045,-0.05115,5.7481,-8.0992,4.4427
104235770,0.04041,-0.55627,-0.34961,-13.2214,7.7786,-3.4351,1.02417,-0.20752,-0.05249,5.8550,-7.7328,4.7481
104236770,0.01050,-0.56787,-0.40051,-12.6565,7.2061,-3.0382,1.02332,-0.20520,-0.05249,5.9389,-7.3206,5.0153
104237770,-0.00488,-0.57654,-0.43530,-12.0458,7.4046,-2.8550,1.02234,-0.20312,-0.05176,5.9847,-6.9008,5.2901
104238770,0.00195,-0.61658,-0.44983,-11.5802,8.1832,-2.3511,1.02185,-0.20117,-0.05164,5.9847,-6.5038,5.5573
104239770,0.01782,-0.71338,-0.45142,-11.0992,9.0229,-1.5954,1.02222,-0.20020,-0.05188,5.9466,-6.0916,5.8092
104240770,0.02710,-0.81763,-0.45789,-10.9084,9.5344,-1.3511,1.02295,-0.19958,-0.05200,5.8931,-5.6718,6.0687
104241770,0.03833,-0.84668,-0.47913,-11.5954,9.6336,-1.9008,1.02332,-0.19885,-0.05322,5.8397,-5.2672,6.3053
104242770,0.05298,-0.80750,-0.48572,-12.4962,9.5115,-2.4733,1.02307,-0.19861,-0.05432,5.8015,-4.8550,6.5496
104243770,0.07422,-0.77637,-0.44568,-12.7176,9.2748,-2.5267,1.02258,-0.19897,-0.05371,5.7710,-4.4275,6.8092
104244770,0.09973,-0.78308,-0.37683,-12.3893,8.7023,-2.4809,1.02209,-0.19873,-0.05286,5.7176,-4.0153,7.0916
104245770,0.11182,-0.79114,-0.33252,-12.6336,7.5725,-2.9008,1.02222,-0.19824,-0.05225,5.6565,-3.5954,7.3817
104246770,0.10425,-0.75952,-0.35046,-13.8931,6.2137,-3.7634,1.02319,-0.19922,-0.05164,5.6412,-3.1679,7.6718
104247770,0.08118,-0.70007,-0.39490,-14.8092,5.3130,-4.6183,1.02417,-0.20154,-0.05176,5.6641,-2.7634,7.9695
104248770,0.05591,-0.64978,-0.42236,-14.2214,4.9771,-5.2290,1.02454,-0.20435,-0.05298,5.7099,-2.3817,8.2977
104249770,0.04395,-0.62805,-0.45068,-12.7557,4.6412,-5.6183,1.02417,-0.20691,-0.05432,5.8092,-2.0000,8.6260
104250770,0.03528,-0.63477,-0.48938,-11.6031,4.1069,-5.7786,1.02332,-0.20862,-0.05493,5.9237,-1.6183,8.9389
104251768,0.03198,-0.63818,-0.48840,-11.1985,3.8931,-5.8473,1.02222,-0.20947,-0.05627,6.0076,-1.2290,9.2290
104252771,0.03552,-0.60327,-0.45325,-11.3511,3.6947,-5.8244,1.02124,-0.20972,-0.05786,6.0840,-0.8550,9.5420
104253771,0.01868,-0.54016,-0.47034,-11.6107,3.0076,-5.3893,1.02124,-0.20959,-0.05786,6.1450,-0.5115,9.8397
104254771,-0.02039,-0.47815,-0.55139,-11.6565,2.5038,-4.3053,1.02222,-0.20886,-0.05603,6.1756,-0.1756,10.1298
104255770,-0.05371,-0.43042,-0.61340,-11.5954,2.9466,-2.6412,1.02271,-0.20764,-0.05493,6.1756,0.1832,10.4198
104256770,-0.06128,-0.41064,-0.62256,-12.0305,3.9771,-0.4962,1.02271,-0.20618,-0.05481,6.1527,0.5420,10.6794
104257770,-0.05054,-0.43811,-0.61011,-12.8931,4.9389,1.8931,1.02332,-0.20447,-0.05457,6.1069,0.9008,10.9237
104258770,-0.03613,-0.49280,-0.58862,-13.5038,5.7176,3.7634,1.02527,-0.20203,-0.05469,6.0534,1.2519,11.1374
104259770,-0.02307,-0.52209,-0.55786,-13.6870,6.4504,4.6870,1.02722,-0.19934,-0.05481,6.0000,1.5802,11.3435
104260768,-0.01257,-0.52795,-0.52905,-13.6565,7.0305,5.2672,1.02856,-0.19678,-0.05481,5.8931,1.8931,11.5191
104261768,-0.00183,-0.55798,-0.50439,-13.4962,7.2901,6.0229,1.03027,-0.19434,-0.05627,5.7634,2.2214,11.6947
104262766,0.02148,-0.61987,-0.46716,-13.0687,7.2443,6.5878,1.03223,-0.19238,-0.05847,5.6260,2.5420,11.8397
104263772,0.04529,-0.68091,-0.42834,-12.2519,6.6641,6.4733,1.03369,-0.19128,-0.05872,5.5038,2.8473,11.9695
104264771,0.04895,-0.70728,-0.41345,-11.3588,5.5038,5.7710,1.03467,-0.19080,-0.05908,5.3969,3.1069,12.0687
104265771,0.03662,-0.67383,-0.43262,-11.0534,4.0229,4.9847,1.03564,-0.19080,-0.06091,5.2595,3.3588,12.1527
104266771,0.01807,-0.60449,-0.46265,-11.2061,2.7405,4.8550,1.03650,-0.19189,-0.06311,5.1298,3.6031,12.1908
104267771,0.00659,-0.56567,-0.48853,-11.4504,1.8244,5.8092,1.03735,-0.19287,-0.06555,5.0153,3.8092,12.2061
104268770,0.00049,-0.57886,-0.51172,-11.5573,1.3053,7.2672,1.03796,-0.19287,-0.06897,4.9313,3.9924,12.2137
104269771,-0.00146,-0.60779,-0.52368,-11.4962,1.2214,8.4656,1.03723,-0.19312,-0.07361,4.9160,4.1450,12.1832
104270770,-0.00415,-0.60913,-0.55139,-11.8168,1.1603,9.3206,1.03625,-0.19299,-0.07800,4.9542,4.2824,12.1069
104271770,-0.02258,-0.60376,-0.59326,-12.3282,1.1069,10.4733,1.03564,-0.19263,-0.08130,5.0305,4.4275,12.0076
104272770,-0.04138,-0.62451,-0.62805,-12.8397,1.1985,11.9008,1.03516,-0.19226,-0.08484,5.1298,4.5496,11.9160
104273770,-0.05640,-0.65845,-0.65051,-13.0611,1.3511,13.0305,1.03479,-0.19202,-0.08813,5.2214,4.6412,11.7557
104274770,-0.07446,-0.68372,-0.67932,-13.0076,1.4427,13.5038,1.03345,-0.19055,-0.09180,5.3435,4.6947,11.5496
104275771,-0.09851,-0.69141,-0.74414,-12.9160,1.5496,13.5038,1.03247,-0.18750,-0.09595,5.4809,4.6947,11.2977
104276771,-0.12231,-0.71387,-0.79138,-12.4962,2.3969,13.5954,1.03125,-0.18408,-0.09827,5.5878,4.6336,11.0229
104277771,-0.12354,-0.75183,-0.79333,-12.4351,3.9313,13.7252,1.02917,-0.18005,-0.10107,5.6718,4.5038,10.6794
104278770,-0.10925,-0.78796,-0.77319,-12.5496,5.6794,13.7481,1.02856,-0.17578,-0.10510,5.7176,4.3435,10.2824
104279770,-0.09570,-0.82532,-0.76318,-12.5038,7.1756,13.6947,1.02869,-0.17163,-0.10828,5.7405,4.1527,9.8244
104280770,-0.08386,-0.85547,-0.77087,-12.2824,8.4962,13.6412,1.02759,-0.16858,-0.11035,5.7405,3.9313,9.3359
104281771,-0.07141,-0.88013,-0.75977,-12.1221,9.7099,13.7328,1.02588,-0.16675,-0.11108,5.7176,3.7023,8.8168
104282770,-0.05725,-0.89893,-0.73059,-12.3435,10.5191,13.9313,1.02478,-0.16443,-0.11072,5.6412,3.4351,8.2672
104283770,-0.04248,-0.92139,-0.70093,-12.5115,10.7023,14.2061,1.02417,-0.16211,-0.11084,5.5267,3.0992,7.7176
104284768,-0.04065,-0.94141,-0.69666,-12.5954,10.3282,14.1985,1.02368,-0.16138,-0.11218,5.3969,2.7099,7.1450
104285771,-0.04614,-0.95483,-0.70227,-12.4122,10.1374,13.9084,1.02515,-0.16125,-0.11353,5.2672,2.2748,6.5496
104286771,-0.04700,-0.97986,-0.69458,-12.0458,10.4275,13.5344,1.02759,-0.16150,-0.11414,5.1298,1.8397,5.9313
104287770,-0.04590,-1.01611,-0.68823,-11.8473,10.9542,13.0153,1.02917,-0.16125,-0.11377,4.9695,1.4275,5.3511
104288770,-0.04846,-1.04895,-0.70007,-12.0687,11.5267,12.2366,1.03076,-0.16138,-0.11365,4.7786,0.9847,4.8015
104289767,-0.05505,-1.06128,-0.72632,-12.4733,12.2443,11.1756,1.03296,-0.16211,-0.11438,4.5573,0.5344,4.2519
104290766,-0.05835,-1.05029,-0.73596,-12.5649,13.2672,10.0000,1.03516,-0.16272,-0.11462,4.3359,0.0763,3.6947
104291769,-0.04871,-1.03174,-0.70691,-12.1069,14.3817,9.0000,1.03662,-0.16406,-0.11389,4.1374,-0.3740,3.1832
104292772,-0.02832,-1.02368,-0.65051,-11.5954,15.2137,8.4122,1.03638,-0.16602,-0.11206,3.9466,-0.8092,2.7176
104293770,-0.01294,-1.01941,-0.58777,-11.6183,15.5038,8.0611,1.03625,-0.16858,-0.11121,3.7481,-1.2595,2.2977
104294771,0.01599,-0.99146,-0.54626,-12.2061,15.2824,7.7176,1.03796,-0.17151,-0.11133,3.5496,-1.6947,1.9389
104295770,0.04858,-0.93872,-0.54346,-12.4885,14.5878,7.4046,1.04089,-0.17395,-0.11133,3.4122,-2.0763,1.6336
104296770,0.06506,-0.90833,-0.54224,-11.3740,13.7481,7.3817,1.04370,-0.17651,-0.11121,3.2977,-2.3969,1.3817
104297770,0.06604,-0.90833,-0.57788,-10.0534,12.2748,7.3817,1.04553,-0.17981,-0.11096,3.1985,-2.6947,1.1450
104298770,0.03259,-0.91565,-0.66296,-9.4580,10.5496,7.1985,1.04675,-0.18311,-0.11060,3.1221,-2.9847,0.9008
104299770,0.00916,-0.90540,-0.70044,-9.8321,9.9160,6.7252,1.04785,-0.18555,-0.10974,3.0992,-3.2366,0.6947
104300770,0.02332,-0.87170,-0.65222,-10.3435,10.2290,6.1603,1.04810,-0.18774,-0.10840,3.1298,-3.4733,0.5420
104301770,0.03003,-0.85828,-0.58972,-10.0534,10.3130,5.8092,1.04700,-0.18945,-0.10681,3.1832,-3.7023,0.3969
104302770,0.01160,-0.84619,-0.62231,-9.8015,9.8321,5.3359,1.04614,-0.18982,-0.10413,3.2366,-3.9237,0.2519
104303770,-0.02356,-0.80042,-0.69568,-9.8015,9.9160,4.8397,1.04553,-0.18970,-0.10205,3.2748,-4.1450,0.1069
104304770,-0.04504,-0.74207,-0.71326,-10.1985,10.8015,4.8397,1.04468,-0.18994,-0.10132,3.2977,-4.3435,-0.0458
104305770,-0.05237,-0.72058,-0.70728,-10.5725,11.3206,5.7099,1.04480,-0.19019,-0.10071,3.3206,-4.5267,-0.2214
104306768,-0.06348,-0.74878,-0.71033,-10.7634,11.2290,6.8626,1.04541,-0.19006,-0.09900,3.3359,-4.6794,-0.4351
104307766,-0.04993,-0.75623,-0.68994,-11.2824,11.5649,7.5115,1.04578,-0.18945,-0.09570,3.3206,-4.8092,-0.6260
104308769,-0.02063,-0.73511,-0.60583,-11.4046,12.2824,8.0534,1.04639,-0.18909,-0.09302,3.2901,-4.9466,-0.7863
104309767,-0.00391,-0.72632,-0.53210,-11.5191,12.3282,8.9008,1.04712,-0.18970,-0.09143,3.2366,-5.0763,-0.9237
104310772,-0.00342,-0.73132,-0.54993,-12.2595,11.5115,9.9008,1.04785,-0.19006,-0.08923,3.1679,-5.1374,-1.0763
104311771,-0.00439,-0.74524,-0.56689,-12.8397,11.1374,10.5954,1.04895,-0.19043,-0.08655,3.1069,-5.1527,-1.2748
104312770,0.04431,-0.71912,-0.40259,-11.6565,10.4885,10.1145,1.04907,-0.19128,-0.08472,3.0534,-5.1679,-1.4580
104313770,0.03735,-0.70581,-0.40356,-11.1374,8.0840,9.7710,1.04834,-0.19202,-0.08362,2.9771,-5.1756,-1.5725
104314770,0.01746,-0.72314,-0.47534,-11.3511,5.6947,9.8931,1.04883,-0.19324,-0.08264,2.8779,-5.1908,-1.6489
104315770,0.01270,-0.75732,-0.50586,-11.4275,4.5802,10.0916,1.04993,-0.19531,-0.08105,2.7939,-5.1832,-1.7328
104316771,0.01453,-0.77197,-0.50208,-10.7252,4.1298,9.9618,1.05127,-0.19727,-0.08130,2.7252,-5.1374,-1.7863
104317770,-0.00488,-0.76917,-0.54541,-9.6183,3.4733,9.8321,1.05225,-0.19910,-0.08276,2.6794,-5.0840,-1.7786
104318770,-0.04553,-0.74194,-0.64429,-9.3664,3.0840,9.9771,1.05090,-0.20129,-0.08301,2.6336,-5.0076,-1.7481
104319770,-0.07312,-0.68701,-0.70081,-9.8092,3.8855,10.6031,1.04858,-0.20374,-0.08228,2.5878,-4.9237,-1.7481
104320770,-0.07031,-0.66272,-0.68750,-10.1908,5.2366,11.9389,1.04761,-0.20593,-0.08105,2.5420,-4.8702,-1.7634
104321770,-0.05859,-0.71204,-0.67981,-10.1527,6.0382,13.5191,1.04724,-0.20764,-0.07996,2.5115,-4.8244,-1.7557
104322768,-0.05249,-0.79065,-0.69910,-9.9084,6.4427,14.3664,1.04675,-0.20947,-0.07947,2.5344,-4.7939,-1.7252
104323772,-0.03906,-0.81995,-0.68738,-10.0305,7.1756,14.2672,1.04553,-0.21228,-0.07996,2.5954,-4.7786,-1.6489
104324771,-0.02429,-0.80969,-0.62561,-10.6031,7.8473,14.1221,1.04309,-0.21509,-0.08337,2.7786,-4.7786,-1.4427
104325771,-0.01440,-0.80627,-0.58704,-11.4733,7.7634,14.3359,1.04126,-0.21521,-0.08484,2.8626,-4.7939,-1.3740
104326771,-0.01221,-0.82190,-0.60437,-11.8397,7.2290,14.5649,1.03967,-0.21521,-0.08606,2.9160,-4.8321,-1.2977
104327770,-0.01074,-0.84790,-0.61255,-11.1756,7.1679,14.4504,1.03772,-0.21448,-0.08691,2.9695,-4.8855,-1.1985
104328770,-0.00647,-0.85291,-0.60107,-10.3817,7.2748,13.9542,1.03577,-0.21313,-0.08691,3.0382,-4.9542,-1.0763
104329770,-0.01233,-0.83191,-0.59827,-9.8015,7.1221,13.4809,1.03467,-0.21167,-0.08606,3.0916,-5.0458,-0.9847
104330768,-0.01245,-0.81909,-0.60205,-9.3282,6.9084,13.4962,1.03381,-0.21057,-0.08459,3.1603,-5.1298,-0.9084
104331768,-0.00049,-0.84827,-0.58704,-8.6641,6.8702,14.0534,1.03308,-0.21045,-0.08362,3.1985,-5.1908,-0.8244
104332768,0.00964,-0.91260,-0.55066,-8.0229,6.7481,14.5649,1.03333,-0.20959,-0.08350,3.2290,-5.2443,-0.7328
104333768,0.00781,-0.96338,-0.55615,-8.0611,6.1450,14.5802,1.03394,-0.20764,-0.08411,3.2672,-5.2977,-0.6336
104334772,-0.01538,-0.99207,-0.62598,-8.6718,5.3282,14.3435,1.03381,-0.20605,-0.08484,3.3435,-5.3359,-0.5267
104335771,-0.03503,-0.99597,-0.68982,-9.6718,5.2901,13.9924,1.03333,-0.20544,-0.08594,3.4275,-5.3817,-0.4122
104336770,-0.02332,-0.97827,-0.66541,-10.0992,6.2214,13.5496,1.03333,-0.20520,-0.08667,3.4885,-5.4504,-0.2901
104337770,-0.00891,-0.98291,-0.61755,-9.7405,6.7176,13.0840,1.03369,-0.20496,-0.08606,3.5420,-5.5038,-0.1603
104338770,-0.01880,-1.01245,-0.66809,-9.6107,6.3053,12.4962,1.03406,-0.20447,-0.08594,3.6107,-5.5344,-0.0534
104339770,-0.04285,-1.03186,-0.75159,-9.8244,6.4275,11.5954,1.03333,-0.20398,-0.08667,3.6489,-5.5496,0.0763
104340767,-0.04919,-1.02075,-0.74744,-10.0153,7.6718,10.5420,1.03198,-0.20386,-0.08728,3.7023,-5.5344,0.2061
104341772,-0.03674,-1.00549,-0.70117,-9.9618,8.7786,9.8168,1.03174,-0.20386,-0.08728,3.7710,-5.4885,0.3130
104342770,-0.03125,-1.00073,-0.67871,-9.4885,9.2748,9.2824,1.03137,-0.20349,-0.08691,3.8168,-5.4427,0.4046
104343770,-0.01990,-0.99292,-0.64526,-8.6031,9.9008,8.6336,1.03088,-0.20374,-0.08630,3.8397,-5.4046,0.5038
104344768,-0.00073,-0.98840,-0.59998,-8.0687,10.3511,8.1374,1.03149,-0.20471,-0.08521,3.8550,-5.3969,0.6641
104345771,0.00317,-1.00085,-0.60437,-8.7023,9.9847,8.0687,1.03198,-0.20569,-0.08411,3.8779,-5.4122,0.8244
104346771,0.00073,-1.00171,-0.63574,-10.0763,9.5038,7.9771,1.03149,-0.20667,-0.08386,3.9084,-5.4198,0.9771
104347770,0.01001,-0.98645,-0.62341,-10.6031,9.5038,7.7252,1.03101,-0.20801,-0.08337,3.9237,-5.3893,1.1221
104348771,0.01367,-0.99463,-0.59973,-9.9847,9.2824,7.5420,1.03113,-0.20874,-0.08264,3.9008,-5.3206,1.2977
104349770,0.00317,-1.01562,-0.61255,-9.6031,8.7023,7.3664,1.03113,-0.20813,-0.08191,3.8473,-5.2519,1.4733
104350770,-0.00024,-1.00354,-0.61719,-10.5496,8.4962,7.0076,1.03125,-0.20764,-0.07996,3.7710,-5.1908,1.6641
104351770,0.01074,-0.96533,-0.57593,-11.8702,8.7023,6.7405,1.03113,-0.20801,-0.07837,3.7023,-5.1221,1.8626
104352770,0.01404,-0.93604,-0.54468,-12.1679,8.5344,6.5420,1.03101,-0.20776,-0.07764,3.6260,-5.0229,2.0992
104353771,0.00513,-0.91589,-0.56030,-11.0840,8.0840,6.0076,1.03064,-0.20715,-0.07593,3.5267,-4.9008,2.3435
104354771,0.00317,-0.92163,-0.59534,-9.4351,7.7557,5.4275,1.03052,-0.20752,-0.07446,3.3969,-4.7634,2.5954
104355770,0.00183,-0.96851,-0.62073,-8.4962,7.4962,5.1527,1.03137,-0.20813,-0.07312,3.2214,-4.6336,2.8702
104356770,-0.00342,-1.01880,-0.64233,-8.9924,7.0153,4.8473,1.03210,-0.20801,-0.07080,3.0229,-4.4962,3.1603
104357770,-0.00891,-1.00989,-0.68127,-10.4656,6.5802,4.0687,1.03247,-0.20715,-0.06885,2.8092,-4.3435,3.5267
104358770,-0.02148,-0.95068,-0.70215,-10.9160,6.9542,3.2137,1.03308,-0.20630,-0.06763,2.5649,-4.1756,3.9237
104359767,-0.03345,-0.89429,-0.68896,-9.7405,8.0076,2.6412,1.03479,-0.20581,-0.06738,2.3130,-4.0000,4.3359
104360771,-0.04102,-0.86462,-0.69299,-8.5725,8.9389,2.5267,1.03735,-0.20569,-0.06775,2.0458,-3.7939,4.7710
104361771,-0.04553,-0.86475,-0.71558,-8.9847,9.7557,2.8244,1.04028,-0.20459,-0.06873,1.7863,-3.5573,5.2290
104362771,-0.02856,-0.88245,-0.69897,-10.2290,10.8168,3.1527,1.04199,-0.20227,-0.07043,1.5344,-3.3282,5.7023
104363770,0.00354,-0.89575,-0.63293,-10.6489,11.6107,3.0382,1.04297,-0.19983,-0.07202,1.2366,-3.0916,6.1527
104364770,0.02014,-0.88684,-0.58008,-10.0229,11.4427,2.5038,1.04456,-0.19885,-0.07312,0.9008,-2.8321,6.6031
104365770,0.02283,-0.86511,-0.57568,-9.3359,10.6336,2.1221,1.04639,-0.19824,-0.07312,0.5649,-2.5191,7.0305
104366770,0.02209,-0.84314,-0.56958,-9.3740,9.8931,2.2137,1.04846,-0.19629,-0.07251,0.2290,-2.1985,7.4198
104367770,0.03027,-0.82739,-0.52808,-9.8321,9.3588,2.6565,1.05066,-0.19458,-0.07190,-0.1145,-1.9008,7.7634
104368770,0.04443,-0.82703,-0.49500,-10.0611,8.6183,3.1145,1.05273,-0.19250,-0.07227,-0.4656,-1.6336,8.0840
104369768,0.04297,-0.85034,-0.50452,-9.6336,7.6794,3.3893,1.05432,-0.18958,-0.07312,-0.7786,-1.3893,8.3664
104370768,0.03284,-0.86853,-0.54102,-9.0534,6.9618,3.2824,1.05505,-0.18811,-0.07458,-1.0840,-1.1679,8.6183
104371771,0.03076,-0.86316,-0.55750,-8.7710,6.7023,3.1145,1.05627,-0.18726,-0.07568,-1.3893,-0.9466,8.8244
104372771,0.03528,-0.85559,-0.53528,-9.1069,6.4809,3.1985,1.05859,-0.18628,-0.07556,-1.6870,-0.7328,8.9542
104373771,0.03979,-0.85608,-0.51270,-9.6183,5.8626,3.2901,1.05969,-0.18542,-0.07654,-2.0000,-0.5344,9.0000
104374771,0.04517,-0.87207,-0.52466,-9.3435,4.9237,3.1679,1.05884,-0.18420,-0.07886,-2.2901,-0.3359,8.9771
104375771,0.03992,-0.90405,-0.56445,-8.5573,4.0458,2.8931,1.05811,-0.18140,-0.07996,-2.5573,-0.1679,8.9237
104376771,0.02869,-0.92981,-0.59143,-8.4122,3.6031,2.5725,1.05908,-0.17810,-0.08032,-2.8015,-0.0611,8.8168
104377770,0.01477,-0.90649,-0.61084,-9.4046,3.2824,2.1145,1.05994,-0.17529,-0.08179,-3.0458,0.0000,8.6565
104378771,-0.00159,-0.85352,-0.63367,-10.1221,3.1374,1.8779,1.05957,-0.17322,-0.08386,-3.2824,0.0382,8.4351
104379770,-0.01343,-0.82898,-0.65967,-9.9237,3.2519,2.1069,1.05872,-0.17212,-0.08569,-3.5038,0.0840,8.1450
104380770,-0.02161,-0.83752,-0.67395,-9.2901,3.7710,2.4580,1.05725,-0.17175,-0.08752,-3.6947,0.1527,7.8168
104381771,-0.01880,-0.85181,-0.67688,-9.0763,4.3664,2.6107,1.05554,-0.17126,-0.08826,-3.8855,0.2366,7.5038
104382770,-0.01367,-0.85913,-0.69299,-9.2443,4.6718,2.6183,1.05481,-0.17053,-0.08948,-4.0382,0.2901,7.1985
104383770,-0.00867,-0.87024,-0.69189,-9.2061,5.0076,2.5954,1.05493,-0.16956,-0.09045,-4.1527,0.3359,6.8626
104384770,0.00037,-0.86963,-0.66797,-9.1221,5.2672,2.3969,1.05444,-0.16858,-0.08899,-4.2595,0.4198,6.4885
104385770,0.00598,-0.86279,-0.65637,-8.9389,5.1679,2.2214,1.05347,-0.16833,-0.08740,-4.3740,0.5115,6.1069
104386770,0.00000,-0.86658,-0.67529,-8.9695,4.7939,2.1908,1.05322,-0.16882,-0.08813,-4.4733,0.5878,5.7405
104387770,-0.00439,-0.87476,-0.68738,-9.0992,4.7557,2.2137,1.05298,-0.16992,-0.08911,-4.5649,0.6565,5.3740
104388770,-0.00354,-0.87292,-0.68530,-9.5496,4.8779,2.1450,1.05273,-0.17090,-0.08936,-4.6412,0.7252,5.0305
104389770,-0.00903,-0.85449,-0.68848,-9.8855,5.0229,2.0458,1.05249,-0.17236,-0.08923,-4.6947,0.8092,4.7099
104390768,-0.01587,-0.84460,-0.69971,-9.6336,5.1756,2.0687,1.05151,-0.17395,-0.08801,-4.7634,0.9237,4.4427
104391766,-0.02466,-0.84937,-0.72083,-9.2901,5.3588,2.2137,1.05115,-0.17615,-0.08740,-4.8779,1.0382,4.1985
104392771,-0.02942,-0.85669,-0.72754,-9.4122,5.7557,2.3969,1.05078,-0.17896,-0.08838,-5.0153,1.1527,3.9695
104393771,-0.02295,-0.85303,-0.71228,-9.7176,6.2748,2.3893,1.04993,-0.18164,-0.08850,-5.1603,1.2901,3.7328
104394770,-0.01892,-0.85291,-0.69775,-9.2748,6.5802,2.2901,1.04944,-0.18445,-0.08777,-5.2901,1.4427,3.5573
104395770,-0.02612,-0.86182,-0.72034,-8.5802,6.6031,2.1221,1.04871,-0.18762,-0.08740,-5.3664,1.5725,3.4351
104396768,-0.03748,-0.87354,-0.75745,-8.2748,6.8244,2.0000,1.04883,-0.19006,-0.08655,-5.4275,1.6336,3.3664
104397767,-0.04260,-0.88416,-0.77466,-8.5649,7.3817,1.9160,1.04956,-0.19165,-0.08545,-5.5573,1.6718,3.3282
104398768,-0.04614,-0.88965,-0.78979,-8.8702,8.0000,1.8244,1.04956,-0.19250,-0.08569,-5.7328,1.7176,3.3282
104399766,-0.04590,-0.88977,-0.79382,-8.7710,8.9389,1.6107,1.04944,-0.19360,-0.08630,-5.9237,1.7328,3.3740
104400769,-0.04004,-0.87744,-0.78064,-8.8092,10.0382,1.3664,1.04919,-0.19482,-0.08618,-6.1221,1.7328,3.4809
104401772,-0.03711,-0.86548,-0.76196,-9.1527,11.0382,1.3664,1.04773,-0.19629,-0.08594,-6.3206,1.7176,3.6565
104402771,-0.03076,-0.84827,-0.75854,-9.7481,11.7634,1.4046,1.04639,-0.19812,-0.08679,-6.5191,1.7023,3.8626
104403771,-0.02100,-0.82837,-0.73950,-9.6870,12.5344,1.4046,1.04614,-0.20007,-0.08679,-6.7252,1.7023,4.0992
104404770,-0.01062,-0.82800,-0.70618,-9.0153,12.9466,1.4275,1.04639,-0.20178,-0.08643,-6.9466,1.7252,4.3740
104405770,-0.01233,-0.83875,-0.72314,-8.5878,12.6260,1.4580,1.04565,-0.20312,-0.08728,-7.1908,1.7328,4.7099
104406770,-0.02112,-0.84302,-0.74365,-8.6031,12.3817,1.4427,1.04395,-0.20422,-0.08789,-7.4351,1.7099,5.1069
104407770,-0.01965,-0.83325,-0.73999,-9.0840,12.4427,1.4351,1.04272,-0.20496,-0.08801,-7.6489,1.6794,5.5191
104408768,-0.02222,-0.82959,-0.72803,-9.1603,12.7099,1.5954,1.04236,-0.20605,-0.08850,-7.8473,1.6870,5.9695
104409768,-0.02441,-0.83215,-0.72546,-8.8702,13.2061,1.6107,1.04187,-0.20789,-0.08960,-8.0229,1.7557,6.4275
104410766,-0.02319,-0.82336,-0.73413,-8.5878,13.9466,1.4885,1.04126,-0.21008,-0.09045,-8.1756,1.8244,6.9237
104411769,-0.02258,-0.82568,-0.73425,-8.5878,14.7786,1.6107,1.04187,-0.21289,-0.09167,-8.2977,1.9008,7.4427
104412767,-0.02209,-0.83496,-0.75085,-9.2061,15.2519,1.8473,1.04224,-0.21619,-0.09253,-8.3969,1.9542,7.9695
104413771,-0.02588,-0.84351,-0.76025,-9.5496,15.6260,1.9924,1.04053,-0.21948,-0.09277,-8.4733,2.0000,8.4962
104414771,-0.02478,-0.85022,-0.76038,-9.5496,15.9008,1.9847,1.03821,-0.22205,-0.09338,-8.5496,2.0534,9.0382
104415771,-0.02783,-0.85608,-0.77332,-9.2366,16.0534,1.9695,1.03638,-0.22388,-0.09485,-8.5802,2.1221,9.5802
104416770,-0.03271,-0.85657,-0.77222,-9.0382,16.4122,1.9618,1.03357,-0.22485,-0.09692,-8.5573,2.1908,10.0840
104417770,-0.02942,-0.84717,-0.76196,-9.2366,16.9695,2.0076,1.02942,-0.22522,-0.09839,-8.4809,2.2290,10.5115
104418770,-0.03809,-0.85486,-0.78040,-9.4809,17.4275,2.2366,1.02539,-0.22632,-0.09937,-8.3511,2.2595,10.9084
104419770,-0.05212,-0.85999,-0.82104,-9.7710,18.2824,2.2061,1.02185,-0.22839,-0.10156,-8.1679,2.2443,11.2595
104420770,-0.04468,-0.86426,-0.81641,-9.4122,19.9389,2.0611,1.01819,-0.23010,-0.10547,-7.9237,2.2214,11.5649
104421770,-0.02588,-0.88428,-0.76953,-8.9160,21.5802,1.9237,1.01575,-0.23035,-0.10754,-7.6336,2.1756,11.8015
104422770,-0.00146,-0.89832,-0.71472,-8.8092,22.7252,1.6412,1.00928,-0.22827,-0.10901,-7.0076,1.9542,12.1298
104423770,0.03015,-0.88708,-0.64832,-9.0153,23.3130,1.1908,1.00598,-0.22778,-0.11023,-6.7023,1.7481,12.1985
104424770,0.05530,-0.86987,-0.58398,-9.0916,23.3282,0.9313,1.00183,-0.22681,-0.11304,-6.4046,1.4504,12.1985
104425770,0.07178,-0.86755,-0.53967,-8.9618,22.7634,0.8855,0.99841,-0.22498,-0.11597,-6.0992,1.0992,12.1603
104426770,0.08459,-0.86523,-0.52429,-8.9466,21.6412,0.8550,0.99634,-0.22302,-0.11621,-5.8092,0.7176,12.0840
104427770,0.09729,-0.86206,-0.51086,-9.0458,20.4046,0.9084,0.99438,-0.22156,-0.11462,-5.5420,0.2824,11.9695
104428770,0.10413,-0.85229,-0.47803,-9.0763,19.2061,0.9466,0.99268,-0.21997,-0.11401,-5.2748,-0.1832,11.7939
104429770,0.10535,-0.82715,-0.43054,-8.6718,18.0382,0.8931,0.99170,-0.21936,-0.11353,-5.0153,-0.6565,11.5954
104430767,0.10559,-0.80090,-0.40466,-8.3435,16.6565,1.0305,0.99146,-0.21936,-0.11157,-4.7405,-1.1298,11.3740
104431771,0.10229,-0.81506,-0.41309,-8.2061,15.2672,1.6565,0.99133,-0.21912,-0.11060,-4.4504,-1.6107,11.1374
104432771,0.09973,-0.87622,-0.42468,-8.1832,14.1145,2.3435,0.99121,-0.21924,-0.11011,-4.1603,-2.0611,10.8626
104433770,0.09241,-0.92773,-0.44324,-8.4656,12.9389,2.4504,0.99146,-0.21912,-0.10913,-3.9008,-2.5191,10.5649
104434770,0.07581,-0.92285,-0.46228,-8.6870,11.9084,1.8473,0.99194,-0.21912,-0.10852,-3.6412,-2.9924,10.2672
104435770,0.05725,-0.87793,-0.47473,-8.3282,11.0840,1.0992,0.99243,-0.21875,-0.10791,-3.3817,-3.4580,10.0076
104436770,0.03918,-0.85498,-0.49353,-7.6565,10.3435,0.9389,0.99268,-0.21802,-0.10522,-3.1450,-3.9160,9.7405
104437770,0.02380,-0.88416,-0.52832,-7.6489,9.6794,1.2824,0.99316,-0.21777,-0.10229,-2.9160,-4.3511,9.4656
104438770,0.02063,-0.92505,-0.55750,-8.3969,9.5038,1.3664,0.99548,-0.21741,-0.10181,-2.6718,-4.7710,9.1832
104439770,0.02405,-0.92920,-0.56274,-9.1145,9.7939,0.9084,0.99817,-0.21667,-0.10156,-2.4351,-5.1756,8.9237
104440770,0.02722,-0.89929,-0.56079,-9.0076,10.1832,0.3130,1.00049,-0.21704,-0.09985,-2.2290,-5.5649,8.7252
104441770,0.02393,-0.86584,-0.56030,-8.3206,10.3511,0.0076,1.00220,-0.21875,-0.09741,-2.0763,-5.9313,8.5649
104442770,0.02661,-0.81787,-0.54016,-8.8244,10.0840,0.4198,1.00293,-0.22034,-0.09534,-1.9847,-6.2443,8.4580
104443770,0.04236,-0.82092,-0.53040,-9.1298,9.6489,0.8168,1.00342,-0.22168,-0.09375,-1.9618,-6.5344,8.3740
104444770,0.05652,-0.83936,-0.50757,-8.3740,9.1756,0.8626,1.00415,-0.22302,-0.09265,-1.9924,-6.8397,8.3206
104445771,0.05908,-0.84521,-0.50208,-7.3588,8.4275,0.4885,1.00549,-0.22461,-0.09058,-2.0229,-7.1756,8.2977
104446770,0.04504,-0.82336,-0.53455,-6.9924,7.5802,0.0840,1.00757,-0.22668,-0.08813,-2.0611,-7.4885,8.3359
104447770,0.03540,-0.79175,-0.55835,-7.3282,7.2519,0.1221,1.01001,-0.22876,-0.08752,-2.1374,-7.7481,8.4656
104448770,0.04407,-0.78687,-0.54492,-7.6336,7.3053,0.7023,1.01294,-0.23035,-0.08655,-2.2519,-7.9618,8.6870
104449770,0.04871,-0.81592,-0.53882,-7.5725,7.0840,1.3206,1.01599,-0.23145,-0.08313,-2.3969,-8.1298,8.9771
104450771,0.04333,-0.83813,-0.56042,-7.2824,6.7710,1.4504,1.01929,-0.23279,-0.07898,-2.6107,-8.2595,9.3435
104451771,0.04150,-0.82886,-0.58301,-7.1221,6.5954,1.3206,1.02344,-0.23401,-0.07690,-2.8779,-8.3588,9.7939
104452771,0.04248,-0.81116,-0.56909,-7.2595,6.6260,1.5191,1.02820,-0.23486,-0.07520,-3.1603,-8.4122,10.3130
104453771,0.04578,-0.81335,-0.53650,-7.6336,6.3817,2.0534,1.03357,-0.23572,-0.07288,-3.4656,-8.4046,10.9237
104454771,0.04370,-0.83630,-0.54407,-7.9771,5.6107,2.4809,1.03918,-0.23682,-0.07153,-3.7863,-8.3664,11.5954
104455770,0.03625,-0.86780,-0.58325,-8.0458,5.0076,2.6107,1.04431,-0.23816,-0.07117,-4.0916,-8.2672,12.3588
104456770,0.03613,-0.89526,-0.59546,-7.7786,5.1527,2.4656,1.05005,-0.23999,-0.07202,-4.3817,-8.0687,13.1985
104457770,0.04138,-0.91296,-0.57251,-7.4580,5.5191,2.1374,1.05579,-0.24072,-0.07361,-4.6718,-7.8244,14.1298
104458771,0.03711,-0.91235,-0.58044,-7.7023,5.3893,1.6947,1.05994,-0.24072,-0.07483,-4.9542,-7.5649,15.1450
104459770,0.02820,-0.89587,-0.61951,-8.1603,5.2901,1.3130,1.06262,-0.24072,-0.07556,-5.2214,-7.2595,16.2443
104460770,0.02905,-0.86951,-0.61572,-8.2061,5.8321,0.9542,1.06494,-0.24048,-0.07629,-5.4733,-6.8779,17.3969
104461770,0.04492,-0.84521,-0.56604,-7.5649,6.4885,0.6565,1.06653,-0.23987,-0.07800,-5.7328,-6.4809,18.5954
104462771,0.06055,-0.84851,-0.54285,-6.7252,6.3511,0.5878,1.06775,-0.23889,-0.07922,-5.9847,-6.1221,19.8473
104463770,0.05957,-0.87354,-0.56104,-6.3817,5.6412,0.6718,1.06970,-0.23792,-0.07837,-6.2595,-5.7557,21.1374
104464770,0.06250,-0.87952,-0.56873,-6.8779,5.1145,0.6641,1.07129,-0.23633,-0.07751,-6.5802,-5.3740,22.4580
104465770,0.07324,-0.85535,-0.55847,-7.5420,4.7328,0.6870,1.07263,-0.23389,-0.07727,-6.9389,-5.0076,23.7099
104466770,0.07446,-0.84241,-0.55054,-7.3206,4.2443,0.9618,1.07324,-0.23181,-0.07654,-7.3053,-4.6794,24.9313
104467770,0.06812,-0.84460,-0.56323,-6.6641,3.6870,1.2137,1.07288,-0.22986,-0.07532,-7.6565,-4.3817,26.1450
104468768,0.05823,-0.84277,-0.58838,-6.4275,3.3282,1.3282,1.07471,-0.22852,-0.07312,-8.0305,-4.0992,27.3588
104469772,0.05225,-0.84314,-0.59888,-6.9618,3.3053,1.5573,1.07812,-0.22729,-0.07068,-8.4580,-3.8473,28.5191
104470771,0.05566,-0.85144,-0.58752,-7.6107,3.4733,1.8015,1.08154,-0.22595,-0.06958,-8.9237,-3.6412,29.6183
104471770,0.05737,-0.86560,-0.58044,-7.5802,3.4198,1.7328,1.08508,-0.22473,-0.06897,-9.4198,-3.5038,30.6565
104472770,0.05286,-0.87598,-0.60205,-7.0000,3.1374,1.3588,1.08740,-0.22351,-0.06848,-9.9313,-3.3969,31.6183
104473771,0.04858,-0.88147,-0.62317,-6.5115,2.9924,1.0000,1.08923,-0.22168,-0.06836,-10.4198,-3.2977,32.5344
104474770,0.04956,-0.87097,-0.61743,-6.6947,2.9847,0.7099,1.09229,-0.22009,-0.06799,-10.8702,-3.2137,33.3817
104475770,0.05481,-0.85229,-0.60083,-7.0076,2.8702,0.6489,1.09583,-0.21948,-0.06750,-11.3053,-3.0992,34.1374
104476768,0.05347,-0.85315,-0.60132,-6.9237,2.6031,0.8015,1.09900,-0.21838,-0.06689,-11.7176,-2.9618,34.8397
104477768,0.04431,-0.86121,-0.61389,-6.5420,2.5344,0.8244,1.10071,-0.21704,-0.06616,-12.1221,-2.8244,35.4885
104478768,0.04431,-0.85718,-0.61621,-6.2672,2.8321,0.7328,1.10242,-0.21655,-0.06519,-12.4885,-2.6794,36.0763
104479772,0.05078,-0.86060,-0.61560,-6.3511,3.0611,0.9313,1.10547,-0.21606,-0.06433,-12.8473,-2.5420,36.6412
104480767,0.04871,-0.88428,-0.62061,-6.7328,3.0382,1.3435,1.10815,-0.21521,-0.06287,-13.2061,-2.3664,37.1450
104481772,0.04712,-0.88806,-0.62280,-7.2748,3.0153,1.3664,1.11108,-0.21472,-0.06018,-13.5802,-2.1221,37.6107
104482771,0.05164,-0.85828,-0.61438,-7.5420,3.0458,1.0916,1.11548,-0.21509,-0.05676,-13.9695,-1.8015,38.0916
104483770,0.05469,-0.84070,-0.59460,-7.2748,3.0305,1.0458,1.12000,-0.21667,-0.05298,-14.3511,-1.4351,38.6031
104484770,0.06018,-0.85266,-0.58740,-6.9695,2.7786,1.1908,1.12341,-0.21948,-0.04871,-14.7786,-1.0076,39.1298
104485770,0.06482,-0.87476,-0.59424,-6.9389,2.4962,1.2366,1.12793,-0.22339,-0.04285,-15.2824,-0.4962,39.7099
104486770,0.06384,-0.88647,-0.59521,-7.1221,2.3435,1.0763,1.13489,-0.22852,-0.03552,-15.8321,0.0992,40.4046
104487770,0.06519,-0.87671,-0.59167,-7.1450,2.2977,0.7634,1.14197,-0.23486,-0.02747,-16.4427,0.7863,41.2061
104488770,0.05969,-0.85303,-0.59949,-6.9160,2.1527,0.5496,1.14771,-0.24194,-0.01917,-17.1450,1.5573,42.1374
104489770,0.05090,-0.83960,-0.61462,-6.5954,2.0763,0.7023,1.15234,-0.24976,-0.01062,-17.9237,2.4275,43.1832
104490771,0.05017,-0.85120,-0.61938,-6.4733,2.1603,1.1221,1.15686,-0.25940,-0.00159,-18.7557,3.4046,44.3817
104491770,0.05566,-0.87268,-0.60730,-6.4733,2.3206,1.3969,1.16187,-0.27075,0.00623,-19.6489,4.4885,45.7786
104492770,0.06506,-0.88293,-0.59521,-6.5802,2.3664,1.3588,1.16772,-0.28198,0.01233,-20.6107,5.6565,47.4122
104493771,0.06274,-0.88318,-0.59558,-6.6947,2.2519,1.2290,1.17310,-0.29272,0.01770,-21.6489,6.9313,49.2595
104494771,0.04663,-0.87842,-0.59851,-6.7481,2.1679,1.0840,1.17712,-0.30444,0.02393,-22.7405,8.2901,51.3282
104495771,0.03882,-0.86511,-0.60693,-6.5878,2.1603,0.8702,1.18018,-0.31604,0.03162,-23.8626,9.7481,53.6412
104496771,0.03699,-0.86511,-0.61731,-6.2290,2.1450,0.8168,1.18213,-0.32666,0.03931,-25.0458,11.2901,56.1603
104497771,0.04028,-0.89734,-0.60864,-6.1145,2.2519,0.9847,1.18445,-0.33777,0.04626,-26.3130,12.8779,58.9389
104498770,0.05664,-0.93018,-0.59485,-6.6565,2.2748,1.0076,1.18713,-0.34949,0.05261,-27.6641,14.4962,61.9542
104499770,0.05957,-0.92212,-0.59021,-7.2748,2.2366,0.6260,1.18774,-0.36145,0.05774,-29.0534,16.1679,65.2290
104500770,0.05737,-0.88623,-0.58142,-7.1298,2.4122,0.1985,1.18762,-0.37329,0.06213,-30.5115,17.8855,68.7481
104501770,0.05994,-0.85999,-0.58118,-6.5573,2.4885,0.1298,1.18860,-0.38550,0.06580,-32.0611,19.6412,72.5267
104502770,0.05701,-0.86780,-0.58594,-6.2443,2.3740,0.5267,1.18896,-0.39856,0.06934,-33.7176,21.3893,76.5878
104503770,0.06458,-0.88794,-0.58337,-6.7939,2.2748,0.8702,1.18848,-0.41248,0.07288,-35.4809,23.1756,80.9542
104504770,0.07214,-0.90515,-0.56628,-7.2595,2.1450,0.9542,1.18835,-0.42761,0.07544,-37.3588,25.0687,85.6260
104505770,0.07178,-0.90894,-0.55298,-7.1298,1.8550,0.6565,1.18945,-0.44507,0.07739,-39.3588,27.0305,90.6107
104506768,0.07117,-0.88379,-0.56458,-6.5878,1.5191,0.1756,1.19116,-0.46387,0.07898,-41.4504,29.0229,95.9237
104507768,0.06921,-0.87329,-0.56250,-5.7634,1.4504,0.0763,1.19214,-0.48425,0.07983,-43.6336,31.0305,101.5725
104508772,0.07349,-0.89868,-0.56860,-5.6794,1.1298,0.3511,1.19299,-0.50708,0.07959,-45.8397,33.0916,107.6107
104509771,0.06946,-0.93115,-0.60864,-6.3893,0.5267,0.5420,1.19385,-0.53174,0.07812,-48.0305,35.2137,114.0305
104510771,0.06274,-0.93298,-0.63208,-7.0992,0.4275,0.2366,1.19348,-0.55725,0.07751,-50.1985,37.3664,120.8779
104511770,0.07153,-0.89819,-0.61426,-6.9237,0.9237,-0.3359,1.19116,-0.58301,0.07837,-52.3969,39.5496,128.1832
104512770,0.07275,-0.87317,-0.59204,-5.8550,1.0916,-0.6107,1.18713,-0.60815,0.07837,-54.6489,41.7405,135.9618
104513768,0.06641,-0.88110,-0.61768,-5.4885,0.7405,-0.4580,1.18237,-0.63147,0.07703,-56.9695,43.9084,144.2290
104514768,0.06055,-0.89954,-0.64490,-6.4198,0.6183,-0.1221,1.17639,-0.65283,0.07556,-59.4198,46.0534,153.0458
104515768,0.06128,-0.89624,-0.62256,-7.5420,1.0611,-0.1450,1.16931,-0.67249,0.07495,-62.0305,48.1832,162.4198
104516772,0.07129,-0.86865,-0.59680,-7.3206,1.4046,-0.4962,1.16125,-0.69153,0.07373,-64.8550,50.2672,172.3282
104517771,0.06616,-0.86890,-0.60583,-5.8473,1.3206,-0.5725,1.14612,-0.72632,0.06738,-71.0382,54.3282,193.8015
104518771,0.05334,-0.90552,-0.63721,-5.2672,1.0763,-0.3053,1.13831,-0.74243,0.06323,-74.3969,56.2214,205.3511
104519771,0.05774,-0.93066,-0.64392,-6.2901,1.1679,-0.0534,1.12927,-0.75769,0.05811,-77.9237,58.0229,217.4046
104520771,0.06970,-0.92639,-0.61926,-7.5649,1.2672,-0.0534,1.11951,-0.77124,0.05249,-81.6412,59.7252,229.9924
104521771,0.07812,-0.91101,-0.59802,-7.6107,1.2137,-0.2748,1.10950,-0.78442,0.04529,-85.5344,61.3282,243.0916
104522770,0.07434,-0.90808,-0.61255,-6.7405,0.8321,-0.5191,1.09998,-0.79700,0.03650,-89.6031,62.8015,250.1298
104523770,0.06213,-0.90356,-0.63098,-6.2595,0.7786,-0.7863,1.09143,-0.80945,0.02820,-93.8626,64.1527,250.1298
104524770,0.06396,-0.88293,-0.62134,-6.7939,0.9466,-0.9618,1.08289,-0.82446,0.02112,-98.3282,65.4198,250.1298
104525770,0.07520,-0.86938,-0.60706,-7.5496,0.9160,-0.9237,1.07458,-0.84155,0.01514,-103.0229,66.5878,250.1298
104526770,0.07898,-0.88879,-0.60999,-7.5649,0.5725,-0.7481,1.06763,-0.85974,0.00928,-107.9237,67.6260,250.1298
104527768,0.07483,-0.91357,-0.62585,-6.8473,0.3893,-0.9466,1.06189,-0.87903,0.00317,-113.0076,68.5878,250.1298
104528768,0.07178,-0.90234,-0.62769,-6.2672,0.5267,-1.4733,1.05725,-0.90051,-0.00305,-118.3130,69.4656,250.1298
104529766,0.06848,-0.86841,-0.63086,-6.4962,0.6260,-1.7176,1.05505,-0.92529,-0.00940,-123.8473,70.2901,250.1298
104530769,0.06580,-0.85840,-0.64075,-7.0229,0.6336,-1.3130,1.05469,-0.95227,-0.01501,-129.5649,71.1069,250.1298
104531768,0.06885,-0.87756,-0.64417,-7.2901,0.8321,-0.8855,1.05432,-0.98145,-0.01855,-135.3588,71.9313,250.1298
104532767,0.07190,-0.89673,-0.64331,-7.0611,1.0611,-0.8550,1.05432,-1.01257,-0.02185,-141.2901,72.7786,250.1298
104533772,0.06665,-0.89355,-0.64832,-7.0000,1.1908,-1.1145,1.05505,-1.04395,-0.02539,-147.4504,73.6412,250.1298
104534771,0.06482,-0.86926,-0.64319,-7.3130,1.3740,-1.2290,1.05603,-1.07422,-0.02905,-153.8015,74.5420,250.1298
104535771,0.07129,-0.86560,-0.62622,-7.6107,1.4580,-0.8931,1.05640,-1.10315,-0.03271,-160.2595,75.5191,250.1298
104536771,0.07202,-0.89636,-0.62537,-7.8244,1.2137,-0.3969,1.05798,-1.13000,-0.03638,-166.7863,76.5725,250.1298
104537770,0.07019,-0.92444,-0.63843,-8.0458,0.9695,-0.3282,1.06091,-1.15552,-0.04126,-173.3511,77.7023,250.1298
104538770,0.06726,-0.91541,-0.64807,-8.1527,0.9466,-0.7481,1.06421,-1.17993,-0.04675,-179.9466,78.9542,250.1298
104539770,0.06433,-0.89612,-0.64172,-7.8321,1.1756,-1.0382,1.06787,-1.20203,-0.05249,-186.5649,80.3282,250.1298
104540770,0.06494,-0.89270,-0.63989,-7.6718,1.3282,-1.0305,1.07202,-1.22070,-0.06140,-193.2061,81.7557,250.1298
104541770,0.06128,-0.90063,-0.64307,-7.7405,1.4962,-0.9618,1.07458,-1.23865,-0.07739,-199.8473,83.1908,250.1298
104542770,0.06519,-0.91016,-0.63623,-7.9008,1.8931,-1.0611,1.07593,-1.26025,-0.10620,-206.4733,84.4733,250.1298
104543770,0.06689,-0.91711,-0.63928,-7.8244,2.1756,-1.3053,1.07593,-1.28577,-0.15100,-213.1298,85.4427,250.1298
104544768,0.05945,-0.92346,-0.64062,-7.4427,2.4198,-1.5878,1.07385,-1.31653,-0.20569,-219.9695,85.8321,250.1298
104545772,0.06335,-0.91711,-0.64331,-7.3817,2.5496,-1.8626,1.07104,-1.35718,-0.26233,-226.9847,85.4580,250.1298
104546771,0.06641,-0.91052,-0.63635,-7.3435,2.5954,-1.9618,1.06970,-1.40662,-0.31470,-233.9542,84.3053,250.1298
104547771,0.06628,-0.91138,-0.62231,-7.3969,2.4885,-1.9771,1.06995,-1.46021,-0.35706,-240.5725,82.4809,250.1298
104548771,0.06775,-0.90247,-0.62378,-7.4962,2.3435,-2.0611,1.07141,-1.51733,-0.39124,-246.6183,80.1221,250.1298
104549771,0.06616,-0.89124,-0.62805,-7.4656,2.3206,-2.1069,1.07434,-1.57593,-0.41968,-250.1374,77.3969,250.1298
104550770,0.07361,-0.89185,-0.62268,-7.4275,2.5573,-1.9771,1.07715,-1.63171,-0.44189,-250.1374,74.3817,250.1298
104551770,0.07996,-0.90625,-0.60461,-7.5038,2.7176,-1.7481,1.07983,-1.68420,-0.46094,-250.1374,71.0840,250.1298
104552770,0.07080,-0.90820,-0.60596,-8.0229,2.5573,-1.7481,1.08362,-1.73010,-0.47827,-250.1374,67.4580,250.1298
104553770,0.04810,-0.88477,-0.62146,-8.4962,2.5191,-1.8550,1.08704,-1.76685,-0.49133,-250.1374,63.5344,250.1298
104554770,0.02197,-0.82690,-0.59106,-8.1908,3.1679,-2.0992,1.09058,-1.80151,-0.49768,-250.1374,59.2595,250.1298
104555770,0.05457,-0.68311,-0.47949,-6.0534,4.7252,-2.9771,1.09644,-1.83752,-0.50171,-250.1374,54.4656,250.1298
104556771,0.13159,-0.52771,-0.32385,0.0611,5.9389,-3.8473,1.10413,-1.87024,-0.50476,-250.1374,49.2824,250.1298
104557770,0.18457,-0.48059,-0.20544,9.9466,5.7023,-4.2977,1.11316,-1.89746,-0.50562,-250.1374,43.8397,250.1298
104558770,0.19385,-0.47546,-0.21118,20.3282,3.7405,-5.4656,1.12476,-1.93127,-0.50952,-250.1374,38.1985,250.1298
104559770,0.17603,-0.39014,-0.24072,30.1679,1.7710,-7.7710,1.13428,-1.95679,-0.51611,-250.1374,32.4656,250.1298
104560770,0.17712,-0.29065,-0.20850,40.3053,-0.0763,-9.5115,1.14075,-1.96069,-0.51672,-250.1374,26.7176,250.1298
104561771,0.17725,-0.39246,-0.20093,51.6031,-3.0840,-9.0458,1.14734,-1.94617,-0.51428,-250.1374,20.8855,250.1298
104562770,0.14880,-0.74561,-0.35596,60.1298,-7.6870,-7.1832,1.15686,-1.91211,-0.50537,-250.1374,14.8779,250.1298
104563770,0.11584,-1.09375,-0.58423,61.6565,-10.7328,-6.2519,1.17212,-1.86670,-0.49219,-250.1374,8.6794,250.1298
104564770,0.12219,-1.22119,-0.60632,58.7939,-10.0992,-6.8244,1.19153,-1.80945,-0.48193,-250.1374,2.3893,250.1298
104565770,0.15039,-1.16699,-0.52466,55.9618,-8.7405,-7.6489,1.21619,-1.74243,-0.46887,-250.1374,-3.9466,250.1298
104566770,0.11353,-1.14685,-0.61731,53.6870,-9.3359,-6.5649,1.24292,-1.66699,-0.45996,-250.1374,-10.3130,250.1298
104567768,0.01758,-1.27161,-0.87256,47.4275,-10.3053,-3.7481,1.27795,-1.59631,-0.45764,-248.9542,-16.6336,250.1298
104568768,-0.03076,-1.37390,-1.02075,35.9389,-9.0305,-1.8626,1.32153,-1.53662,-0.44739,-241.7939,-22.7634,250.1298
104569772,-0.00012,-1.35889,-0.92468,25.6336,-6.2366,-2.0000,1.36780,-1.46997,-0.43750,-233.5267,-29.1145,250.1298
104570771,0.04199,-1.31799,-0.77844,21.9313,-4.6947,-3.3588,1.42139,-1.39099,-0.43469,-223.8550,-35.6641,250.1298
104571770,0.03906,-1.33411,-0.75476,23.6336,-4.5954,-5.1145,1.47327,-1.29919,-0.43298,-212.3893,-41.9313,250.1298
104572770,0.01428,-1.31433,-0.77563,25.0992,-3.8015,-7.5725,1.51636,-1.19995,-0.42847,-199.1221,-47.7481,250.1298
104573770,0.03052,-0.93811,-0.57129,25.6565,0.4427,-12.8702,1.54810,-1.09131,-0.41809,-184.4580,-53.3588,250.1298
104574770,0.05737,-0.78833,-0.47815,31.4733,1.4733,-14.7405,1.57007,-0.96094,-0.41199,-168.6947,-59.1298,250.1298
104575771,0.07471,-0.75989,-0.46619,40.9847,1.4885,-16.1450,1.59119,-0.82642,-0.41357,-152.0000,-65.0916,250.1298
104576770,0.07983,-0.79041,-0.44824,49.1145,1.0153,-17.1298,1.61096,-0.69299,-0.42212,-134.6183,-70.9924,250.1298
104577770,0.10242,-0.78406,-0.39270,52.5802,-0.1908,-17.5496,1.62341,-0.54541,-0.43408,-117.0458,-76.7481,250.1298
104578770,0.11902,-0.75635,-0.35901,53.5496,-2.7099,-16.8321,1.63525,-0.40637,-0.45691,-99.3206,-82.2901,250.1298
104579768,0.10376,-0.78625,-0.39746,54.5038,-5.9542,-14.8321,1.63708,-0.28625,-0.47913,-81.2977,-87.3969,250.1298
104580772,0.06812,-0.84802,-0.48633,54.9466,-8.4275,-12.4504,1.61780,-0.16760,-0.48889,-62.6260,-92.4809,250.1298
104581771,0.04700,-0.86523,-0.51453,54.4580,-8.7710,-10.5115,1.58411,-0.04797,-0.49695,-42.9847,-97.8779,250.1298
104582771,0.06567,-0.83386,-0.44971,53.9237,-7.6183,-9.0687,1.54053,0.07446,-0.50281,-22.2519,-103.5420,250.1298
104583771,0.09888,-0.86621,-0.36353,55.3893,-6.5878,-7.5344,1.49426,0.19202,-0.50537,-0.6794,-109.0382,250.1298
104584770,0.13196,-1.05920,-0.35815,58.0458,-6.7710,-6.1679,1.44043,0.30273,-0.49561,21.3740,-113.8550,250.1298
104585770,0.15491,-1.33789,-0.44629,58.7863,-7.8702,-6.1069,1.36609,0.42456,-0.46387,43.4580,-118.0229,250.1298
104586770,0.15649,-1.51709,-0.51501,56.8397,-9.0763,-8.4580,1.27673,0.54175,-0.41504,65.4351,-121.4504,250.1298
104587770,0.15112,-1.46533,-0.51477,55.3359,-10.1450,-13.1908,1.19556,0.60999,-0.36243,86.9924,-123.9771,250.1298
104588770,0.13074,-1.30042,-0.52173,57.7252,-11.6260,-18.0305,1.11768,0.65039,-0.30212,107.5954,-125.5344,250.1298
104589768,0.07568,-1.23438,-0.62000,61.7176,-13.2977,-20.8397,1.02991,0.69690,-0.23914,127.2061,-126.2901,250.1298
104590772,0.02185,-1.26770,-0.73462,62.5344,-13.5038,-22.1221,0.93848,0.74048,-0.18372,146.1985,-126.2061,250.1298
104591771,0.01001,-1.26489,-0.74487,59.5420,-11.5725,-23.3893,0.85132,0.75940,-0.12964,164.8244,-125.0687,250.1298
104592770,0.00696,-1.19836,-0.70276,56.0458,-9.0229,-24.4580,0.76514,0.76196,-0.07153,183.0611,-122.7099,250.1298
104593770,0.08569,-1.26807,-0.65320,54.6412,-5.8168,-23.7252,0.67737,0.76318,-0.00793,200.7405,-119.2901,250.1298
104594767,0.28076,-1.57068,-0.37146,56.3435,-0.5878,-22.5115,0.59680,0.74536,0.06140,217.7939,-114.9237,250.1298
104595772,0.43518,-1.09802,0.44287,60.6947,6.9389,-32.5038,0.51807,0.70862,0.14209,234.2443,-109.4198,250.1298
104596771,0.66785,1.41895,1.64062,86.0687,15.8092,-64.0534,0.43958,0.66382,0.24097,249.9695,-102.7099,250.1298
104597771,1.20093,1.99994,1.99994,177.1298,22.8855,-91.9160,0.36597,0.61780,0.35156,250.1298,-94.8397,250.1298
104598771,1.39783,1.99994,1.99994,250.1298,9.3130,-86.6031,0.29895,0.56250,0.46753,250.1298,-85.6412,250.1298
104599770,0.66736,1.66663,1.98950,250.1298,-26.1527,-76.8015,0.24329,0.51221,0.58423,250.1298,-74.9008,250.1298
104600770,0.39673,1.43994,1.28650,250.1298,-51.6107,-105.4046,0.21655,0.46582,0.70667,250.1298,-62.7176,250.1298
104601770,0.98169,1.99994,1.98914,250.1298,-66.5878,-148.8092,0.21851,0.41541,0.82996,250.1298,-49.2366,250.1298
104602767,1.17261,1.99994,1.99994,250.1298,-85.1298,-151.5802,0.22729,0.37134,0.93555,250.1298,-34.4656,250.1298
104603771,0.55811,1.99994,1.29041,250.1298,-114.3511,-118.5573,0.22388,0.31836,1.02136,250.1298,-18.1450,250.1298
104604771,-0.25366,0.43860,-0.87939,250.1298,-127.0611,-97.4656,0.18176,0.27783,1.07910,250.1298,-0.7863,250.1298
104605770,-0.30334,0.94226,-1.16663,250.1298,-109.8931,-100.6489,0.11121,0.24548,1.08704,250.1298,16.3664,250.1298
104606770,0.15515,1.99994,0.06958,250.1298,-87.0916,-103.7176,0.01355,0.18030,1.06494,250.1298,33.6870,250.1298
104607770,0.34497,1.99994,0.48816,250.1298,-82.8168,-76.6947,-0.10144,0.08289,1.02747,250.1298,51.1832,250.1298
104608770,-0.46045,1.66223,-1.61670,250.1298,-104.0534,-22.4046,-0.20056,-0.02124,0.98096,250.1298,68.1145,250.1298
104609768,-1.58606,-1.40295,-2.00000,250.1298,-118.4962,13.0000,-0.28101,-0.11755,0.93359,250.1298,83.9313,250.1298
104610768,-1.34045,-1.19507,-2.00000,250.1298,-91.7939,2.6260,-0.33582,-0.21423,0.87976,250.1298,98.2137,250.1298
104611771,-0.18726,1.12646,-1.12610,250.1298,-67.2443,-19.6183,-0.36414,-0.32227,0.82605,250.1298,110.6336,250.1298
104612771,-0.02222,1.79211,-0.48462,250.1298,-79.8626,-11.5649,-0.37598,-0.43481,0.77063,250.1298,121.0534,250.1298
104613770,-0.80554,0.40186,-2.00000,250.1298,-97.5573,9.6565,-0.37378,-0.53650,0.71826,250.1298,129.3969,250.1298
104614770,-0.88501,-0.65710,-2.00000,250.1298,-73.3664,11.8168,-0.33362,-0.66602,0.60364,250.1298,140.2290,250.1298
104615770,0.04773,-0.57312,-1.77441,250.1298,-33.5115,-1.6336,-0.29895,-0.69995,0.54309,250.1298,143.1069,250.1298
104616768,0.59558,-0.28674,-0.64600,250.1298,-23.9847,-18.2214,-0.26001,-0.72314,0.48096,250.1298,144.5191,250.1298
104617768,0.38269,-0.57935,-1.42444,250.1298,-32.4733,-36.5191,-0.21875,-0.74878,0.42004,250.1298,144.4351,250.1298
104618767,-0.02319,-1.03296,-2.00000,250.1298,-31.7252,-54.5573,-0.17578,-0.77979,0.35925,249.0916,142.8702,250.1298
104619768,-0.32544,-0.81152,-1.64758,250.1298,-28.1069,-64.2519,-0.13330,-0.81470,0.29651,240.7023,139.9008,250.1298
104620767,-0.24268,0.52649,-1.07288,250.1298,-35.0687,-70.5191,-0.08948,-0.85669,0.23425,232.0153,135.5420,250.1298
104621772,0.15271,1.99994,-0.68994,250.1298,-41.3053,-73.0992,-0.04602,-0.90002,0.16968,223.3435,129.8626,250.1298
104622771,0.34485,1.92786,-0.81177,250.1298,-45.1221,-63.3664,-0.00757,-0.94153,0.10339,214.8702,123.1298,250.1298
104623771,-0.07825,0.64697,-1.55750,250.1298,-46.9924,-50.6641,0.02222,-0.98206,0.03735,206.7481,115.3664,250.1298
104624770,-0.51880,0.37903,-2.00000,250.1298,-43.7710,-47.3206,0.04004,-1.01465,-0.02881,199.1069,106.4962,248.4351
104625771,-0.45911,1.47217,-2.00000,250.1298,-38.0916,-42.6260,0.04724,-1.03857,-0.09399,191.9847,96.6031,242.6031
104626771,-0.42029,1.93506,-2.00000,250.1298,-37.2519,-18.1450,0.04395,-1.05383,-0.15857,185.3588,85.8550,237.8244
104627770,-0.58020,1.16931,-2.00000,250.1298,-35.7634,9.0458,0.03198,-1.06042,-0.21887,179.0763,74.3893,234.0153
104628770,-0.56628,0.59521,-2.00000,250.1298,-27.2748,17.7481,0.01526,-1.05920,-0.27246,172.9466,62.2824,230.9924
104629770,-0.53772,0.71118,-2.00000,250.1298,-16.6947,16.9313,-0.00452,-1.05054,-0.32178,166.7328,49.5802,228.5496
104630770,-0.48950,1.34631,-1.65222,250.1298,-8.8931,17.3664,-0.02563,-1.03491,-0.36523,160.2748,36.4046,226.4962
104631770,-0.38367,1.77087,-1.59131,250.1298,-6.5115,21.9771,-0.04626,-1.01038,-0.40112,153.4580,22.9008,224.7252
104632767,-0.54211,1.20227,-2.00000,250.1298,-8.5420,30.5420,-0.06702,-0.98022,-0.43030,146.2137,9.2672,223.1374
104633772,-0.85168,0.20056,-2.00000,250.1298,-4.5802,35.3130,-0.08777,-0.94617,-0.45288,138.4885,-4.3206,221.6260
104634771,-0.79565,-0.07776,-2.00000,250.1298,10.9618,27.6641,-0.10913,-0.90503,-0.46973,130.2137,-17.7786,220.1527
104635770,-0.44910,0.47168,-1.92212,250.1298,27.5344,16.2977,-0.12781,-0.86719,-0.48108,121.4198,-30.9771,218.7786
104636770,-0.14441,0.73682,-1.01733,250.1298,37.8244,19.2824,-0.14209,-0.82996,-0.48889,112.3130,-43.7328,217.0076
104637768,-0.07410,0.03357,-0.72644,250.1298,38.6336,35.2443,-0.15979,-0.78418,-0.48621,102.9847,-55.7939,214.7634
104638768,-0.13293,-0.69934,-0.90491,250.1298,39.3588,45.1374,-0.17346,-0.73865,-0.48096,93.2977,-67.2824,212.1985
104639772,0.05823,-0.55090,-0.73035,250.1298,46.0687,43.7023,-0.18481,-0.69116,-0.47131,83.3282,-77.9237,209.3511
104640771,0.30737,0.00537,0.07703,250.1298,50.1221,40.5954,-0.19641,-0.64685,-0.45386,73.1450,-87.7405,206.2366
104641770,0.27820,0.36157,0.22498,250.1298,36.1985,40.4427,-0.20227,-0.60681,-0.43628,62.8244,-96.5649,202.6947
104642770,0.00635,0.45276,-0.81873,250.1298,14.8931,42.0840,-0.20691,-0.56702,-0.41357,52.4809,-104.3511,198.6947
104643770,-0.15210,0.06018,-1.27747,250.1298,7.8397,46.3511,-0.20825,-0.53113,-0.39062,42.1450,-111.0611,194.2595
104644770,-0.04431,-0.55847,-0.65100,250.1298,10.4733,46.2290,-0.20544,-0.49756,-0.36682,31.8397,-116.6870,189.4275
104645768,-0.10388,-0.59631,-0.56165,250.1298,5.7786,36.2519,-0.19824,-0.46497,-0.34253,21.5878,-121.2748,184.2290
104646767,-0.55383,-0.09485,-1.65295,250.1298,0.3053,24.9389,-0.18652,-0.43689,-0.31799,11.4351,-124.7863,178.7023
104647767,-0.91296,0.29480,-2.00000,250.1298,13.7099,23.4656,-0.17249,-0.41626,-0.29199,1.4656,-127.2824,172.8321
104648768,-0.86609,0.22388,-2.00000,250.1298,37.0687,31.6565,-0.15674,-0.40051,-0.26599,-8.2595,-128.8397,166.6107
104649771,-0.73499,-0.09009,-1.97266,250.1298,51.8168,41.0000,-0.14172,-0.39026,-0.23938,-17.7252,-129.4504,160.1527
104650771,-0.66211,-0.31384,-2.00000,250.1298,60.9542,46.9771,-0.12756,-0.38953,-0.21155,-26.8779,-129.1908,153.5496
104651770,-0.60486,-0.29846,-1.91528,250.1298,69.9924,50.7557,-0.11340,-0.39636,-0.18542,-35.6641,-128.1450,146.7252
104652770,-0.66138,-0.07715,-1.80481,250.1298,75.2214,56.2061,-0.10266,-0.40906,-0.16113,-44.0305,-126.3435,139.7099
104653768,-0.63672,0.20642,-1.85022,250.1298,78.8702,65.2672,-0.09399,-0.42798,-0.13733,-52.0000,-123.8702,132.5878
104654772,-0.55811,0.20935,-1.53259,250.1298,85.5344,77.4046,-0.08594,-0.45093,-0.11450,-59.5344,-120.8473,125.3664
104655771,-0.84729,-0.39331,-0.86743,250.1298,91.7405,87.7634,-0.07947,-0.47791,-0.09192,-66.6260,-117.3435,118.1221
104656771,-1.42932,-1.05078,-0.80945,250.1298,93.0382,87.5878,-0.07263,-0.50903,-0.07104,-73.2977,-113.4122,110.9313
104657771,-1.58191,-1.49243,-1.31824,250.1298,99.0534,82.2595,-0.06555,-0.54224,-0.05347,-79.5344,-109.1527,103.8168
104658770,-1.66553,-1.81592,-0.66821,250.1298,116.0916,79.4046,-0.05884,-0.57642,-0.03845,-85.3282,-104.6336,96.8779
104659770,-1.51978,-1.81494,1.05127,250.1298,133.5344,69.4885,-0.05237,-0.61047,-0.02515,-90.6565,-99.9008,90.1450
104660770,-1.02539,-1.82556,0.93408,250.1298,130.1450,47.6794,-0.04773,-0.64355,-0.01367,-95.5649,-95.0305,83.7252
104661770,-0.78308,-2.00000,-0.61084,250.1298,131.4427,21.1069,-0.04553,-0.67615,-0.00427,-100.0992,-90.1221,77.6489
104662770,-0.87268,-2.00000,0.18945,250.1298,156.4122,0.2672,-0.04565,-0.70776,0.00293,-104.2824,-85.2748,71.8855
104663770,-0.63721,-1.10364,1.99994,250.1298,178.2443,-27.8168,-0.04944,-0.73682,0.00684,-108.1679,-80.5038,66.4656
104664770,-0.16602,1.49939,1.99994,250.1298,154.0229,-47.8702,-0.05786,-0.76355,0.00793,-111.8244,-75.8397,61.4122
104665770,-0.79138,1.99994,1.70117,250.1298,121.3282,-45.6489,-0.07056,-0.78760,0.00684,-115.2595,-71.3740,56.6947
104666768,-1.22729,1.99994,0.80249,250.1298,127.6794,-17.1298,-0.08667,-0.80933,0.00403,-118.5191,-67.1832,52.2824
104667768,-0.37170,-0.95251,1.10742,250.1298,136.1985,16.4580,-0.10388,-0.82971,-0.00134,-121.6489,-63.3206,48.1679
104668771,-0.47864,-2.00000,0.67029,250.1298,115.5725,26.0763,-0.12207,-0.84741,-0.00903,-124.7023,-59.8168,44.3435
104669771,-1.18604,-2.00000,0.56482,250.1298,102.5496,12.8931,-0.14172,-0.86169,-0.01892,-127.6412,-56.7252,40.7863
104670771,-0.75623,-0.35583,1.81433,250.1298,117.7634,-1.3359,-0.16150,-0.87341,-0.03149,-130.4351,-54.0382,37.4580
104671770,-0.78137,0.81482,1.99994,250.1298,124.7863,13.2748,-0.18127,-0.88342,-0.04578,-133.1298,-51.7557,34.4046
104672767,-1.57788,-0.14429,1.35620,250.1298,110.9695,43.5420,-0.20129,-0.89075,-0.06006,-135.7252,-49.8931,31.6260
104673772,-1.62708,-1.03149,-0.43848,250.1298,118.2290,51.0305,-0.22046,-0.89648,-0.07434,-138.2214,-48.4809,29.1069
104674771,-1.25293,-1.08521,0.08618,250.1298,142.4198,37.0305,-0.23950,-0.90173,-0.08826,-140.6336,-47.5267,26.7939
104675770,-1.57227,-0.15979,1.12573,250.1298,152.2672,9.7328,-0.26038,-0.90674,-0.10034,-142.9618,-46.9847,24.6794
104676770,-2.00000,1.04407,0.38538,250.1298,145.2672,-5.6412,-0.28149,-0.91125,-0.11072,-145.2061,-46.8931,22.7328
104677770,-1.86389,-0.60364,-0.03381,250.1298,164.1756,23.3893,-0.30127,-0.91565,-0.11902,-147.3588,-47.2061,20.9008
104678768,-0.88635,-2.00000,1.99994,250.1298,209.6260,58.8473,-0.31897,-0.92017,-0.12598,-149.4351,-47.8702,19.1756
104679772,-0.01855,-2.00000,1.99994,250.1298,235.0305,35.8855,-0.33374,-0.92444,-0.13269,-151.4504,-48.8015,17.5420
104680771,0.34546,-1.48083,1.99994,250.1298,214.8015,-20.9695,-0.34656,-0.92859,-0.13818,-153.3817,-49.9771,15.9695
104681770,-0.07861,1.71094,1.99994,250.1298,183.5725,-34.6870,-0.35767,-0.93384,-0.14209,-155.2061,-51.3817,14.4427
104682770,-0.64404,1.26404,1.99994,250.1298,179.0382,1.1908,-0.36536,-0.93994,-0.14429,-156.9160,-52.9695,12.9771
104683770,-0.28491,-0.86914,1.99994,250.1298,175.9084,28.0534,-0.36963,-0.94629,-0.14575,-158.4885,-54.6870,11.5115
104684768,0.47241,-2.00000,1.99994,250.1298,146.9847,27.4809,-0.37012,-0.95349,-0.14722,-159.8931,-56.4656,10.0458
104685771,0.92383,-2.00000,1.99994,250.1298,106.0992,14.6107,-0.36792,-0.96252,-0.14771,-161.0840,-58.2672,8.6412
104686771,0.79529,-2.00000,1.99994,250.1298,68.8168,-10.2214,-0.36499,-0.97314,-0.14636,-162.0153,-60.0076,7.3130
104687770,0.10059,-0.90601,1.99994,250.1298,42.8397,-30.1450,-0.36035,-0.98486,-0.14417,-162.7252,-61.6641,6.0611
104688770,-0.67542,0.68799,1.99994,250.1298,34.9389,-23.6107,-0.35413,-0.99768,-0.14099,-163.2137,-63.2519,4.8626
104689767,-0.88171,0.90979,1.99994,250.1298,51.4275,0.3282,-0.34741,-1.01135,-0.13708,-163.4427,-64.7176,3.6947
104690772,-0.41504,0.23718,1.99994,250.1298,71.9924,16.2214,-0.34143,-1.02734,-0.13342,-163.4351,-66.0076,2.5802
104691771,-0.01270,-0.71216,1.99994,250.1298,69.0992,17.9237,-0.33630,-1.04529,-0.12805,-163.2137,-67.0840,1.5191
104692770,-0.13550,-1.60242,1.99994,250.1298,54.1298,14.4351,-0.33032,-1.06262,-0.12207,-162.7557,-67.9695,0.5191
104693770,-0.35132,-1.75354,1.99994,250.1298,46.9008,7.5878,-0.32275,-1.07922,-0.11560,-162.0611,-68.6336,-0.4351
104694767,-0.25439,-0.98438,1.99994,250.1298,43.9771,1.5267,-0.31519,-1.09546,-0.10840,-161.0687,-69.0687,-1.3511
104695772,0.00256,-0.31238,1.99994,250.1298,41.5038,4.5420,-0.30725,-1.11121,-0.10168,-159.8092,-69.2901,-2.1527
104696771,0.28345,-0.59546,1.99994,250.1298,43.1908,11.9084,-0.29736,-1.12549,-0.09290,-158.2748,-69.3588,-2.8550
104697770,0.45679,-1.33240,1.99994,250.1298,40.1145,8.8931,-0.28491,-1.13831,-0.08264,-156.4885,-69.2137,-3.4809
104698770,0.25427,-1.44324,1.99994,250.1298,30.2672,-6.9542,-0.27063,-1.15015,-0.07104,-154.5038,-68.8244,-3.9847
104699770,-0.07654,-0.81055,1.80457,250.1298,23.7481,-23.9771,-0.25537,-1.16138,-0.05750,-152.3359,-68.2137,-4.3664
104700768,-0.17334,0.10791,1.84448,250.1298,22.5878,-35.6107,-0.24194,-1.17236,-0.04480,-149.9847,-67.4046,-4.6565
104701766,-0.11792,0.71814,1.96887,250.1298,16.9618,-37.3511,-0.23193,-1.18384,-0.03296,-147.4656,-66.4275,-4.8702
104702769,-0.03552,0.59399,1.86377,250.1298,9.4046,-29.6107,-0.22461,-1.19556,-0.02222,-144.7634,-65.3206,-5.0076
104703771,0.14001,-0.69653,1.99994,250.1298,0.5267,-10.9924,-0.21924,-1.20801,-0.01367,-141.9313,-64.1069,-5.0763
104704771,-0.13440,-0.34363,1.53088,250.1298,-7.9542,-9.5878,-0.21570,-1.21997,-0.00757,-139.0000,-62.7557,-5.0763
104705770,-0.39294,0.58740,0.77551,250.1298,-7.9771,-6.6718,-0.21411,-1.23096,-0.00269,-136.0229,-61.3206,-5.0687
104706770,-0.45935,1.11401,0.60278,250.1298,0.4046,3.7863,-0.21326,-1.24170,0.00085,-133.0382,-59.8321,-5.0305
104707770,-0.52014,0.69568,0.40198,250.1298,5.0992,17.7786,-0.21228,-1.25256,0.00281,-130.0229,-58.3359,-4.9389
104708768,-0.57324,-0.05847,0.06873,250.1298,7.9160,22.2672,-0.21155,-1.26416,0.00354,-126.9695,-56.8244,-4.7710
104709772,-0.51550,-0.48401,0.09802,250.1298,13.3969,14.2595,-0.21057,-1.27539,0.00293,-123.9160,-55.3359,-4.5267
104710771,-0.48218,-0.44543,0.34302,250.1298,19.1527,1.0840,-0.20911,-1.28528,0.00061,-120.8626,-53.8779,-4.1603
104711770,-0.55652,-0.06531,0.43689,250.1298,21.8550,-8.4427,-0.20715,-1.30469,-0.00598,-114.7328,-51.0153,-2.9924
104712770,-0.62073,0.41931,0.42749,250.1298,24.3664,-11.5191,-0.20593,-1.31470,-0.00842,-111.6336,-49.6870,-2.1679
104713770,-0.54382,0.69653,0.48486,250.1298,28.9084,-7.5954,-0.20544,-1.32385,-0.01086,-108.5267,-48.4351,-1.1374
104714767,-0.38062,0.40710,0.61829,250.1298,33.5725,1.5725,-0.20642,-1.33240,-0.01282,-105.3893,-47.2214,0.0763
104715768,-0.18787,-0.09814,0.73376,250.1298,35.4046,8.7939,-0.20715,-1.34119,-0.01379,-102.1908,-46.0382,1.4504
104716772,-0.08167,-0.09363,0.74622,250.1298,33.4046,10.0916,-0.20508,-1.35217,-0.01294,-98.9008,-44.8397,2.9008
104717771,-0.14038,0.40002,0.73401,250.1298,29.0916,11.4809,-0.20520,-1.35400,-0.01062,-95.5191,-43.6183,4.2519
104718770,-0.28381,0.77612,0.51843,250.1298,22.6183,18.8702,-0.20471,-1.35339,-0.00903,-92.0992,-42.5802,5.9542
104719768,-0.42651,0.50793,0.05554,250.1298,18.0458,31.4351,-0.19971,-1.35889,-0.00854,-88.5725,-41.5954,7.9771
104720768,-0.22253,-0.53271,-0.23303,250.1298,20.6031,43.8244,-0.19458,-1.36182,-0.00757,-84.8779,-40.5954,10.0611
104721768,0.24341,-1.53638,0.00110,250.1298,27.3740,46.7176,-0.18884,-1.36255,-0.00610,-81.0305,-39.5267,12.1069
104722771,0.08948,-1.39990,0.52014,250.1298,29.3511,35.1221,-0.18372,-1.36145,-0.00415,-77.0687,-38.4656,14.0763
104723771,-0.30737,-0.16272,0.58887,250.1298,27.7176,19.4580,-0.18005,-1.35986,-0.00159,-73.0000,-37.4351,16.0229
104724770,-0.23145,0.54553,0.07581,250.1298,28.8931,21.0076,-0.17651,-1.35730,0.00073,-68.8244,-36.4580,17.9237
104725770,-0.12744,-0.31189,0.12280,250.1298,35.8779,37.3893,-0.17383,-1.35242,0.00281,-64.5878,-35.4809,19.7557
104726770,-0.15405,-1.45337,0.55798,250.1298,37.7328,41.2977,-0.17383,-1.34631,0.00610,-60.3359,-34.4962,21.4580
104727770,-0.22009,-1.67261,0.29028,250.1298,29.6641,29.1603,-0.17676,-1.34131,0.00928,-56.1145,-33.5267,23.0000
104728771,-0.29578,-1.65918,-0.33484,250.1298,23.3511,21.7328,-0.18213,-1.33582,0.01257,-51.9389,-32.6183,24.4122
104729770,-0.22656,-1.49988,-0.36084,250.1298,27.5267,18.2977,-0.18774,-1.32825,0.01770,-47.8779,-31.7176,25.6565
104730770,0.06128,-0.75317,0.09253,250.1298,33.5802,14.1527,-0.19299,-1.31921,0.02234,-43.9313,-30.8244,26.7099
104731770,0.01709,-0.10840,0.12842,250.1298,32.4809,17.1298,-0.19812,-1.31042,0.02502,-40.0840,-29.9313,27.5802
104732770,-0.37500,-0.24292,-0.12549,250.1298,32.9084,27.9389,-0.20325,-1.30103,0.02734,-36.3511,-29.0305,28.2824
104733770,-0.57617,-0.80676,-0.42041,250.1298,39.7557,33.3435,-0.20789,-1.29138,0.02930,-32.7176,-28.1679,28.8473
104734770,-0.56799,-1.19031,-0.54370,250.1298,50.7710,30.8397,-0.21094,-1.28162,0.03174,-29.1832,-27.3130,29.3206
104735770,-0.33887,-1.32458,-0.36475,250.1298,59.4733,26.9847,-0.21411,-1.27136,0.03503,-25.7023,-26.4275,29.6870
104736770,0.13818,-1.01074,-0.18323,249.1069,62.0992,22.4962,-0.21851,-1.26184,0.03760,-22.2824,-25.5191,29.9084
104737770,0.35645,-0.55176,-0.02771,244.3206,59.7634,22.7557,-0.22290,-1.25244,0.03906,-18.9008,-24.5878,30.0153
104738770,0.24023,-0.94263,0.14771,250.1298,56.3893,34.1832,-0.22803,-1.24353,0.03882,-15.5878,-23.6107,30.0153
104739770,0.17627,-2.00000,0.10657,250.1298,52.5954,47.9008,-0.23315,-1.23486,0.03870,-12.3588,-22.6107,29.9466
104740770,0.15845,-2.00000,-0.03430,241.0458,51.3664,48.4962,-0.23792,-1.22546,0.04028,-9.2366,-21.5954,29.7863
104741770,0.19946,-2.00000,0.01453,230.1985,52.7863,38.2366,-0.24304,-1.21704,0.04175,-6.2290,-20.5802,29.5344
104742770,0.23486,-1.56213,0.13892,228.0458,53.2443,29.2519,-0.24731,-1.20837,0.04260,-3.3053,-19.5725,29.1756
104743770,0.08118,-0.99988,-0.05615,230.9618,49.6489,28.3588,-0.24963,-1.19897,0.04346,-0.4504,-18.5649,28.7176
104744770,-0.16638,-1.09131,-0.52100,231.5649,47.3282,31.3359,-0.25159,-1.18933,0.04419,2.3359,-17.5344,28.1832
104745770,-0.06958,-1.84412,-0.61609,228.2748,52.7023,34.2443,-0.25427,-1.17896,0.04480,5.0916,-16.4427,27.6412
104746770,0.18677,-2.00000,-0.22241,226.2672,60.4427,30.6031,-0.25586,-1.16821,0.04443,7.8168,-15.3664,27.0916
104747770,0.18774,-2.00000,0.01953,229.2672,63.7863,14.0534,-0.25598,-1.15820,0.04211,10.5115,-14.3282,26.5344
104748770,0.02039,-2.00000,-0.31873,230.7557,64.6794,-7.1374,-0.25647,-1.14844,0.03845,13.1374,-13.3130,25.9389
104749770,-0.19885,-1.49695,-0.80896,229.9618,68.2443,-12.1374,-0.25891,-1.13904,0.03345,15.7099,-12.3130,25.3053
104750770,-0.35034,-1.60461,-0.97266,225.3588,75.0305,2.0840,-0.26306,-1.12976,0.02759,18.1985,-11.3511,24.6718
104751770,-0.21326,-2.00000,-0.66187,213.8473,84.0992,15.6794,-0.26855,-1.11926,0.02295,20.5344,-10.4885,24.0458
104752770,0.04407,-2.00000,-0.20752,203.4580,89.6489,17.1679,-0.27515,-1.10742,0.01892,22.7176,-9.7099,23.4122
104753770,0.05237,-2.00000,-0.17749,202.5420,89.2977,11.3817,-0.28162,-1.09558,0.01404,24.7328,-9.0229,22.7099
104754770,0.08069,-2.00000,-0.43213,202.3206,90.5496,6.1908,-0.28711,-1.08459,0.00854,26.5573,-8.4046,21.9924
104755770,0.44128,-1.49524,0.11279,192.0229,100.2290,6.1374,-0.29211,-1.07349,0.00305,28.2061,-7.8397,21.2672
104756770,0.93628,-1.26770,1.61401,175.7863,106.4809,11.7481,-0.29639,-1.06189,-0.00293,29.6947,-7.3359,20.5649
104757770,1.16760,-1.58545,1.99994,163.8168,91.9237,16.9466,-0.30042,-1.05054,-0.00903,31.0153,-6.9160,19.8550
104758770,0.98376,-2.00000,1.14124,168.9237,67.8931,16.3817,-0.30481,-1.03967,-0.01501,32.1756,-6.5878,19.1221
104759771,0.76672,-2.00000,0.23755,184.6870,56.7710,7.6183,-0.30884,-1.02942,-0.02185,33.1908,-6.3053,18.3588
104760771,0.83447,-2.00000,0.48877,192.5267,55.1679,-7.6412,-0.31213,-1.01843,-0.02881,34.0763,-6.0687,17.6107
104761771,0.93396,-1.59167,0.96118,192.2595,45.6718,-20.3588,-0.31555,-1.00757,-0.03528,34.8397,-5.8931,16.8626
104762770,0.68079,-0.74585,0.58435,198.8702,27.8550,-21.5115,-0.32031,-0.99744,-0.04150,35.4427,-5.7786,16.0992
104763770,0.34485,-1.07947,-0.25183,216.8397,20.9695,-12.4656,-0.32593,-0.98816,-0.04675,35.8702,-5.7023,15.3511
104764770,0.30530,-2.00000,-0.50354,233.9466,32.6183,-4.8092,-0.33093,-0.98059,-0.05151,36.1298,-5.6489,14.6107
104765770,0.46997,-2.00000,-0.11792,236.1221,49.2977,-7.8702,-0.33679,-0.97400,-0.05615,36.2519,-5.6412,13.8550
104766768,0.51770,-2.00000,0.12146,222.9237,57.1527,-20.2443,-0.34363,-0.96802,-0.06006,36.2443,-5.7099,13.0916
104767768,0.23340,-1.53381,-0.47827,211.0305,54.1985,-30.7557,-0.34924,-0.96228,-0.06311,36.0840,-5.8397,12.3511
104768771,-0.13281,-0.83167,-1.44092,212.9160,53.2672,-29.7481,-0.35254,-0.95703,-0.06677,35.7863,-6.0458,11.6641
104769771,-0.19543,-1.16663,-1.58679,221.9695,62.0687,-18.5115,-0.35388,-0.95227,-0.07117,35.3893,-6.2748,11.0382
104770770,0.02295,-2.00000,-0.87695,223.4427,71.7634,-10.0000,-0.35388,-0.94751,-0.07495,34.9084,-6.4809,10.4351
104771770,0.19836,-2.00000,-0.33203,216.1832,73.8092,-15.1298,-0.35327,-0.94312,-0.07861,34.3588,-6.6489,9.8473
104772770,0.16699,-2.00000,-0.51221,214.0611,72.8931,-27.9084,-0.35229,-0.93860,-0.08118,33.7634,-6.8321,9.3130
104773770,-0.06238,-2.00000,-1.02759,218.9160,77.3130,-33.5802,-0.35107,-0.93396,-0.08240,33.1603,-7.0382,8.8092
104774770,-0.20374,-2.00000,-1.17444,213.6107,89.8168,-29.6947,-0.35095,-0.92993,-0.08423,32.5267,-7.2672,8.3435
104775770,0.00696,-1.93005,-0.67578,196.5496,104.4656,-23.3435,-0.35193,-0.92566,-0.08545,31.8550,-7.5038,7.9008
104776770,0.34717,-1.98779,0.06006,185.7557,111.6412,-18.0076,-0.35352,-0.92126,-0.08594,31.1374,-7.7405,7.5267
104777770,0.58667,-2.00000,0.65698,187.8931,111.2672,-13.5267,-0.35388,-0.91699,-0.08691,30.3588,-7.9695,7.1527
104778770,0.66138,-2.00000,0.98730,186.5420,103.9084,-12.7863,-0.35400,-0.91211,-0.08704,29.5191,-8.1832,6.7786
104779770,0.57141,-2.00000,1.07666,168.7328,92.1450,-16.4427,-0.35474,-0.90735,-0.08618,28.6031,-8.3664,6.3588
104780770,0.45825,-2.00000,1.01233,142.1832,78.9008,-19.5344,-0.35437,-0.90234,-0.08545,27.6336,-8.5496,5.8779
104781771,0.44006,-1.99780,1.03015,133.5191,68.8168,-17.8702,-0.35327,-0.89636,-0.08374,26.5802,-8.7405,5.3664
104782771,0.47388,-2.00000,1.08069,146.6412,60.7023,-14.8244,-0.35266,-0.88989,-0.08118,25.4580,-8.9389,4.8168
104783771,0.42627,-2.00000,0.79810,159.0229,52.2824,-17.6794,-0.35205,-0.88403,-0.07983,24.3053,-9.1298,4.2290
104784771,0.30457,-2.00000,0.30432,156.4504,46.4885,-26.3282,-0.35095,-0.87939,-0.08081,23.1374,-9.3130,3.6107
104785771,0.21570,-2.00000,0.03748,146.5344,47.0229,-36.9313,-0.35034,-0.87512,-0.08130,21.9389,-9.4809,2.9466
104786771,0.19202,-2.00000,0.10413,145.5802,52.1832,-44.2748,-0.35022,-0.87036,-0.08044,20.6565,-9.6031,2.2443
104787770,0.15491,-2.00000,0.07898,154.9237,56.0916,-46.5954,-0.35071,-0.86475,-0.08020,19.3206,-9.7481,1.5115
104788770,0.02209,-2.00000,-0.14783,162.6641,58.4580,-46.4656,-0.35205,-0.85913,-0.07996,17.9618,-9.9237,0.7405
104789771,-0.12671,-2.00000,-0.32800,157.6794,61.9084,-48.3664,-0.35400,-0.85278,-0.07935,16.5344,-10.0992,-0.0916
104790770,-0.16736,-2.00000,-0.29968,146.1298,67.4198,-53.1832,-0.35510,-0.84546,-0.07886,15.0534,-10.2290,-1.0229
104791770,-0.09583,-2.00000,-0.09143,141.9313,73.5420,-57.1985,-0.35461,-0.83960,-0.07898,13.5267,-10.3588,-2.0229
104792770,-0.06018,-2.00000,0.04004,146.6183,77.1450,-59.1069,-0.35413,-0.83423,-0.08008,11.9542,-10.4962,-3.0763
104793770,-0.18286,-2.00000,-0.14551,150.6641,77.6107,-59.4656,-0.35449,-0.82910,-0.08276,10.2901,-10.6183,-4.1679
104794770,-0.38086,-2.00000,-0.42236,147.1221,80.1298,-58.6412,-0.35522,-0.82605,-0.08496,8.5649,-10.7023,-5.3053
104795770,-0.37708,-2.00000,-0.19641,141.7557,89.7481,-55.2290,-0.35535,-0.82373,-0.08618,6.8015,-10.7710,-6.4885
104796770,-0.09717,-2.00000,0.77869,142.5191,103.2977,-51.0000,-0.35486,-0.82166,-0.08740,5.0076,-10.8397,-7.6565
104797770,0.19946,-2.00000,1.73657,142.0229,109.0458,-53.4275,-0.35461,-0.82043,-0.08838,3.1985,-10.9008,-8.8015
104798771,0.31848,-2.00000,1.99994,131.1069,106.4046,-65.4885,-0.35510,-0.82043,-0.08936,1.4122,-10.9771,-9.9160
104799770,0.34998,-2.00000,1.99994,115.8779,102.1832,-78.2290,-0.35620,-0.82190,-0.09082,-0.3359,-11.0611,-10.9618
104800770,0.30298,-1.55286,1.99994,107.6336,95.7328,-81.6031,-0.35803,-0.82483,-0.09192,-2.0840,-11.1298,-11.9618
104801770,0.29333,-1.57898,1.99994,108.1221,84.8702,-75.1756,-0.36023,-0.82861,-0.09351,-3.8244,-11.1985,-12.9160
104802770,0.44055,-2.00000,1.99994,110.5191,71.4656,-65.6412,-0.36292,-0.83289,-0.09521,-5.5649,-11.2748,-13.7710
104803770,0.63684,-2.00000,1.99994,105.8397,62.4122,-61.8321,-0.36633,-0.83789,-0.09546,-7.2977,-11.3588,-14.5115
104804770,0.81689,-2.00000,1.99994,88.5115,54.3206,-70.1603,-0.36877,-0.84302,-0.09583,-8.9695,-11.4504,-15.1527
104805770,0.69946,-2.00000,1.99994,68.9313,41.6794,-83.7328,-0.37012,-0.84814,-0.09778,-10.5725,-11.5573,-15.6718
104806770,0.31531,-1.99609,1.62769,60.8779,32.7023,-86.6031,-0.37146,-0.85339,-0.09961,-12.0916,-11.6641,-16.0687
104807770,0.07056,-1.77185,1.12415,60.3206,34.7099,-76.3893,-0.37256,-0.86243,-0.09998,-14.8550,-11.8092,-16.4962
104808770,0.15015,-2.00000,1.32959,55.8550,43.0687,-66.0458,-0.37000,-0.86475,-0.09998,-16.0534,-11.8626,-16.5496
104809770,0.43628,-2.00000,1.85352,41.8092,48.4198,-68.0763,-0.36633,-0.86682,-0.09985,-17.1221,-11.9008,-16.5267
104810771,0.63000,-2.00000,1.99994,28.3588,47.3893,-81.0611,-0.36304,-0.86853,-0.09851,-18.0687,-11.8931,-16.4198
104811770,0.58447,-2.00000,1.99994,23.0611,41.7023,-96.0534,-0.36096,-0.87000,-0.09717,-18.9237,-11.8550,-16.2366
104812770,0.39526,-1.89331,1.87244,21.4351,34.3511,-104.5725,-0.35962,-0.87109,-0.09692,-19.7176,-11.7939,-16.0153
104813770,0.24890,-1.49890,1.41565,19.1756,28.9695,-101.4809,-0.35925,-0.87244,-0.09521,-20.4427,-11.7328,-15.7786
104814770,0.29663,-1.74524,1.35120,16.1527,27.0916,-92.0382,-0.36035,-0.87390,-0.09338,-21.1145,-11.6794,-15.5496
104815770,0.41370,-2.00000,1.71643,18.7328,26.4504,-85.9847,-0.36304,-0.87439,-0.09216,-21.7557,-11.6183,-15.3435
104816771,0.42480,-2.00000,1.99994,24.4733,23.3206,-87.5344,-0.36597,-0.87390,-0.09106,-22.3511,-11.5649,-15.2061
104817770,0.34473,-2.00000,1.99994,20.9542,19.5802,-93.2519,-0.36719,-0.87329,-0.09021,-22.9008,-11.5038,-15.1145
104818771,0.30933,-1.82861,1.99994,7.5725,20.7939,-96.4885,-0.36755,-0.87292,-0.08826,-23.4656,-11.4351,-15.0840
104819771,0.43860,-1.16736,1.99994,-5.2595,22.9237,-94.2595,-0.36816,-0.87256,-0.08630,-24.0229,-11.3817,-15.1069
104820771,0.56189,-1.09302,1.99994,-10.0611,17.6412,-88.4885,-0.36792,-0.87170,-0.08533,-24.5267,-11.3511,-15.2290
104821770,0.55713,-1.60815,1.99994,-8.4046,6.1908,-85.5878,-0.36743,-0.87048,-0.08398,-24.9847,-11.3359,-15.4351
104822770,0.56470,-2.00000,1.99994,-7.4580,-4.4122,-90.3588,-0.36707,-0.86914,-0.08289,-25.4351,-11.3206,-15.7023
104823770,0.63489,-2.00000,1.99994,-10.8702,-13.8550,-97.5115,-0.36768,-0.86865,-0.08228,-25.8855,-11.3664,-16.0000
104824770,0.61121,-1.97632,1.99994,-17.2061,-27.0458,-101.0458,-0.36890,-0.86926,-0.08081,-26.3359,-11.4656,-16.2977
104825770,0.38977,-1.73962,1.81934,-19.0611,-40.0840,-102.9924,-0.37012,-0.86963,-0.07898,-26.7786,-11.5725,-16.6260
104826770,0.15613,-1.45813,1.25391,-12.9618,-43.4504,-104.7176,-0.37231,-0.87000,-0.07739,-27.2061,-11.7023,-16.9924
104827770,0.09082,-1.39294,1.10815,-7.0458,-37.2977,-102.6412,-0.37402,-0.86987,-0.07629,-27.6412,-11.8473,-17.3817
104828768,0.10999,-1.59387,1.21338,-9.8550,-29.0916,-97.9466,-0.37366,-0.87048,-0.07605,-28.0687,-12.0153,-17.7939
104829766,0.15430,-1.57764,1.36511,-19.0611,-21.5420,-98.4580,-0.37292,-0.87280,-0.07581,-28.4885,-12.2137,-18.2519
104830769,0.26758,-1.17969,1.57556,-22.0382,-14.3359,-103.5115,-0.37183,-0.87500,-0.07385,-28.8779,-12.4427,-18.7328
104831767,0.39038,-0.94958,1.80774,-15.0916,-10.2672,-105.1450,-0.36914,-0.87695,-0.07214,-29.2366,-12.6870,-19.2443
104832771,0.45532,-1.06091,1.91040,-10.6107,-12.6183,-102.9924,-0.36597,-0.87939,-0.07178,-29.5802,-12.9237,-19.7710
104833771,0.67151,-1.31287,1.88928,-21.0611,-29.6336,-101.6565,-0.36292,-0.88257,-0.07178,-29.8855,-13.1908,-20.2672
104834771,0.67969,-1.51270,1.96423,-15.0611,-38.6489,-103.5191,-0.35901,-0.88647,-0.07129,-30.1145,-13.4885,-20.7252
104835771,0.55188,-1.61633,1.85645,-2.4733,-48.0458,-108.8244,-0.35449,-0.89136,-0.07080,-30.2672,-13.7634,-21.1527
104836770,0.36816,-1.38379,1.39197,2.3817,-55.8321,-115.3664,-0.35010,-0.89648,-0.07092,-30.3282,-14.0076,-21.5344
104837770,0.26318,-0.98779,1.18518,-0.5802,-55.8855,-118.3282,-0.34705,-0.90186,-0.07068,-30.3359,-14.2290,-21.8779
104838770,0.32385,-0.65698,1.44897,-3.6336,-51.9695,-118.4275,-0.34460,-0.90784,-0.06909,-30.2977,-14.4351,-22.2290
104839770,0.33301,-0.58716,1.59717,-2.0229,-52.0534,-116.6641,-0.34180,-0.91443,-0.06750,-30.2214,-14.6336,-22.5420
104840770,0.22913,-0.97961,1.30225,0.1908,-55.5115,-112.9695,-0.33887,-0.92114,-0.06677,-30.1298,-14.8168,-22.7939
104841771,0.14124,-1.46533,0.98059,-2.5573,-56.0840,-111.6336,-0.33533,-0.92822,-0.06628,-30.0076,-14.9847,-22.9771
104842771,0.13098,-1.40625,1.08643,-9.3588,-53.2137,-116.0763,-0.33057,-0.93555,-0.06531,-29.8702,-15.0992,-23.0687
104843771,0.11963,-0.72766,1.08313,-17.3053,-54.1298,-121.7939,-0.32520,-0.94336,-0.06433,-29.7023,-15.1603,-23.0305
104844770,-0.00623,-0.20288,0.70923,-18.1679,-56.2595,-120.0916,-0.31958,-0.95166,-0.06299,-29.4885,-15.1527,-22.9008
104845770,-0.11523,-0.37598,0.48987,-12.6336,-52.2672,-112.1985,-0.31348,-0.95972,-0.06177,-29.2595,-15.1069,-22.6947
104846770,-0.05029,-0.82202,0.66882,-8.4198,-42.9237,-107.0534,-0.30725,-0.96814,-0.06177,-29.0076,-15.0534,-22.3817
104847770,0.10547,-0.94836,0.97095,-9.9389,-34.7710,-108.7863,-0.30273,-0.97742,-0.06177,-28.7023,-14.9695,-21.9389
104848770,0.20972,-0.66968,1.16956,-11.7481,-30.5344,-113.2366,-0.29968,-0.98657,-0.06226,-28.3435,-14.8321,-21.3435
104849770,0.29993,-0.50208,1.29895,-6.8626,-30.0534,-113.0076,-0.29651,-0.99500,-0.06299,-27.9313,-14.6489,-20.6031
104850768,0.38086,-0.76440,1.37354,-1.1832,-33.8321,-108.1374,-0.29358,-1.00269,-0.06384,-27.4656,-14.4046,-19.7328
104851768,0.39099,-1.08716,1.46448,-2.9389,-41.2137,-105.6260,-0.29150,-1.01013,-0.06470,-26.9542,-14.1221,-18.7863
104852766,0.41663,-1.05481,1.60034,-9.5878,-49.9924,-108.8397,-0.28943,-1.01782,-0.06482,-26.3893,-13.8244,-17.7405
104853769,0.49219,-0.84839,1.70581,-10.8702,-58.3817,-112.7710,-0.28674,-1.02454,-0.06531,-25.8244,-13.5038,-16.6489
104854772,0.48145,-0.88733,1.75708,-5.0763,-65.3588,-113.4580,-0.28406,-1.03015,-0.06519,-25.2137,-13.1374,-15.4962
104855771,0.33130,-1.02002,1.64038,-3.0458,-71.1450,-114.1069,-0.28259,-1.03552,-0.06531,-24.5115,-12.7481,-14.2977
104856771,0.12244,-0.92749,1.18628,-9.7023,-75.5496,-116.3740,-0.28052,-1.04041,-0.06543,-23.7252,-12.3206,-13.0534
104857770,-0.04492,-0.66614,0.68835,-15.5038,-74.9313,-118.4962,-0.27771,-1.04333,-0.06458,-22.9008,-11.8779,-11.7557
104858770,-0.06934,-0.41089,0.57654,-11.0687,-69.1985,-120.0153,-0.27478,-1.04590,-0.06372,-22.0305,-11.4504,-10.4656
104859768,-0.00745,-0.24231,0.72205,-0.4427,-64.7328,-120.9237,-0.27209,-1.04810,-0.06299,-21.0992,-11.0153,-9.1985
104860767,0.00378,-0.26135,0.72327,6.1298,-65.5191,-119.4962,-0.27063,-1.04980,-0.06348,-20.0992,-10.5649,-7.8931
104861768,-0.03503,-0.46912,0.68958,6.3740,-67.2443,-116.8092,-0.27014,-1.05249,-0.06348,-19.0458,-10.0992,-6.6336
104862772,-0.01929,-0.61060,0.81860,4.9618,-67.2443,-116.8092,-0.26965,-1.05457,-0.06238,-17.9160,-9.6183,-5.4809
104863770,-0.03564,-0.54126,0.76599,6.2977,-68.6260,-119.4885,-0.27039,-1.05518,-0.06140,-16.7405,-9.1527,-4.4046
104864770,-0.17932,-0.37817,0.36938,10.2137,-70.2519,-121.7481,-0.27197,-1.05530,-0.06018,-15.5420,-8.6947,-3.4122
104865770,-0.29919,-0.24719,0.03589,13.9313,-67.1832,-121.8931,-0.27271,-1.05530,-0.05872,-14.3206,-8.2443,-2.4962
104866771,-0.31409,-0.21753,0.02246,15.8244,-60.2137,-119.8626,-0.27319,-1.05579,-0.05713,-13.0763,-7.7939,-1.7099
104867771,-0.31750,-0.31030,0.11450,14.6947,-53.5267,-116.7710,-0.27429,-1.05701,-0.05469,-11.8168,-7.3282,-1.0229
104868770,-0.32471,-0.35352,0.15674,10.7099,-47.3893,-115.0611,-0.27454,-1.05737,-0.05127,-10.5267,-6.8397,-0.4656
104869770,-0.27258,-0.24670,0.29358,7.6031,-40.1221,-114.4504,-0.27356,-1.05579,-0.04675,-9.2290,-6.3511,-0.0229
104870771,-0.16553,-0.11157,0.61755,6.4198,-33.2595,-112.4580,-0.27380,-1.05383,-0.04285,-7.9084,-5.8702,0.3130
104871770,-0.06628,-0.03235,0.86902,3.6260,-31.4580,-108.6718,-0.27576,-1.05286,-0.04077,-6.5954,-5.4122,0.5344
104872770,0.02148,0.03259,0.93042,-0.7557,-33.6336,-105.0153,-0.27783,-1.05237,-0.04004,-5.2901,-4.9618,0.6870
104873770,0.16089,0.03479,1.07336,-1.6489,-35.9618,-101.5573,-0.28003,-1.05188,-0.03870,-4.0000,-4.5115,0.7634
104874770,0.30798,-0.20105,1.48682,2.9695,-38.5725,-97.3511,-0.28259,-1.05090,-0.03687,-2.7176,-4.0687,0.7481
104875770,0.36682,-0.50037,1.79407,5.5802,-45.9466,-94.7786,-0.28528,-1.05066,-0.03528,-1.4504,-3.6565,0.6336
104876770,0.25830,-0.49341,1.54541,2.2290,-57.5878,-95.8550,-0.28870,-1.05103,-0.03491,-0.2290,-3.2824,0.4427
104877770,0.07251,-0.22266,1.08655,-0.5496,-65.7405,-97.5115,-0.29272,-1.05042,-0.03430,0.9389,-2.9237,0.1908
104878770,-0.01526,0.04553,0.86377,0.9466,-67.9924,-96.9771,-0.29578,-1.04919,-0.03308,2.0611,-2.5496,-0.1069
104879770,-0.02771,0.14795,0.83496,4.3359,-68.2214,-94.5191,-0.29858,-1.04773,-0.03259,3.1374,-2.1832,-0.4580
104880771,-0.01709,0.10339,0.79468,6.1069,-68.8092,-92.6183,-0.30127,-1.04578,-0.03296,4.1908,-1.8779,-0.8702
104881771,-0.02856,-0.06409,0.70166,8.2977,-68.7405,-91.7634,-0.30371,-1.04297,-0.03369,5.1756,-1.6107,-1.3130
104882771,-0.07874,-0.30286,0.63904,11.3740,-66.8092,-91.8626,-0.30627,-1.03992,-0.03430,6.1221,-1.3817,-1.7710
104883771,-0.11487,-0.42896,0.57068,11.6260,-64.1145,-92.6031,-0.30835,-1.03674,-0.03528,7.0382,-1.1756,-2.2366
104884770,-0.17810,-0.34802,0.39258,7.8015,-62.6794,-93.2061,-0.30872,-1.03381,-0.03552,7.9160,-1.0153,-2.7481
104885771,-0.26575,-0.14136,0.08374,4.9313,-61.3130,-92.8397,-0.30920,-1.03137,-0.03479,8.7328,-0.8626,-3.2977
104886770,-0.28931,0.01965,-0.08801,9.1985,-56.6183,-91.2595,-0.31116,-1.02869,-0.03455,9.4809,-0.7481,-3.8168
104887770,-0.26233,0.00366,0.07886,17.8244,-49.4656,-88.6412,-0.31323,-1.02722,-0.03394,10.1679,-0.6870,-4.3130
104888770,-0.23132,-0.09277,0.29626,21.4962,-43.8702,-86.5802,-0.31543,-1.02710,-0.03333,10.8092,-0.6565,-4.8244
104889770,-0.21448,-0.14551,0.34436,19.8931,-40.2061,-85.4198,-0.31873,-1.02771,-0.03394,11.4198,-0.6412,-5.3130
104890770,-0.16577,-0.20728,0.47791,19.0458,-35.4122,-84.4885,-0.32251,-1.02820,-0.03589,11.9542,-0.6183,-5.7863
104891768,-0.07471,-0.26099,0.71643,19.1908,-31.7405,-84.2366,-0.32568,-1.02856,-0.03943,12.4351,-0.6031,-6.1985
104892772,-0.02002,-0.25476,0.79663,19.2061,-32.0992,-84.9771,-0.32764,-1.02979,-0.04370,12.8550,-0.6107,-6.5191
104893771,0.03833,-0.18176,0.81555,19.2214,-34.1985,-85.9618,-0.32874,-1.03247,-0.04639,13.2366,-0.6260,-6.7023
104894771,0.18738,-0.11731,1.15649,19.7252,-35.1145,-85.6870,-0.32971,-1.03564,-0.04871,13.5802,-0.6412,-6.7328
104895771,0.39014,-0.12512,1.72510,19.5038,-38.1832,-84.1679,-0.33130,-1.03845,-0.05371,13.8779,-0.6641,-6.6336
104896771,0.48755,-0.11475,1.95154,18.0840,-47.1221,-82.9924,-0.33289,-1.04126,-0.05945,14.1832,-0.7023,-6.3969
104897770,0.39685,0.00928,1.65186,16.7863,-59.0229,-82.7252,-0.33423,-1.04480,-0.06360,14.5267,-0.7557,-6.0076
104898770,0.21912,0.22314,1.11548,16.6260,-68.6260,-81.9389,-0.33643,-1.04797,-0.06543,14.9084,-0.7710,-5.4351
104899770,0.06860,0.36780,0.65198,17.9084,-74.5267,-78.7328,-0.33813,-1.05005,-0.06726,15.3282,-0.7634,-4.6794
104900770,-0.00806,0.35608,0.42810,18.7634,-77.4351,-74.0534,-0.34021,-1.05127,-0.06860,15.7634,-0.7481,-3.7634
104901770,-0.01013,0.27075,0.40967,18.1527,-78.7099,-70.1756,-0.34314,-1.05139,-0.06909,16.2061,-0.7176,-2.7252
104902768,-0.02783,0.17175,0.38196,17.2137,-79.2901,-67.5573,-0.34705,-1.05005,-0.06946,16.6412,-0.6641,-1.6260
104903772,-0.12366,0.10449,0.18518,15.1298,-78.3893,-65.5038,-0.35168,-1.04773,-0.06873,17.0840,-0.6031,-0.4427
104904770,-0.24402,0.12292,-0.10803,10.6260,-74.4427,-63.4198,-0.35681,-1.04150,-0.06604,17.9008,-0.4580,2.1145
104905768,-0.31567,0.20374,-0.29358,5.2595,-67.5802,-60.5802,-0.35938,-1.03857,-0.06519,18.2443,-0.3893,3.4809
104906771,-0.35205,0.26917,-0.40527,0.9618,-61.1145,-56.7634,-0.36084,-1.03516,-0.06384,18.5725,-0.3282,4.8702
104907771,-0.39868,0.31506,-0.51624,-2.3817,-56.0840,-52.8092,-0.36194,-1.03027,-0.06201,18.8931,-0.2901,6.2748
104908770,-0.40588,0.35437,-0.53821,-5.6565,-50.9618,-48.8473,-0.36340,-1.02466,-0.06201,19.2214,-0.2824,7.6641
104909767,-0.35547,0.35852,-0.42932,-9.1145,-45.4885,-44.3282,-0.36511,-1.01941,-0.06372,19.5191,-0.2443,8.9924
104910768,-0.28552,0.31274,-0.23352,-12.5802,-40.0382,-39.4122,-0.36707,-1.01367,-0.06494,19.8092,-0.1756,10.2672
104911768,-0.19019,0.27014,0.04736,-15.4198,-34.4580,-35.1374,-0.36914,-1.00867,-0.06299,20.1450,-0.0840,11.6412
104912768,-0.08008,0.23962,0.36084,-16.7099,-30.0229,-31.3740,-0.37061,-1.00720,-0.05945,20.4962,-0.0763,13.1908
104913768,0.00928,0.22131,0.52832,-17.6336,-28.6947,-28.1298,-0.37097,-1.00745,-0.05737,20.8168,-0.1985,14.6718
104914768,0.09241,0.22400,0.62598,-17.9160,-29.4275,-25.5573,-0.37061,-1.00793,-0.05615,21.0992,-0.3817,15.9160
104915771,0.23413,0.15735,0.87915,-16.6260,-31.5191,-23.0000,-0.36890,-1.00793,-0.05725,21.3282,-0.5878,16.8244
104916771,0.35938,0.02893,1.14453,-15.4885,-37.7405,-21.1298,-0.36694,-1.00415,-0.05981,21.4809,-0.7176,17.2901
104917770,0.34521,-0.02185,1.11670,-15.2595,-48.4046,-21.2595,-0.36560,-0.99756,-0.05847,21.5954,-0.6412,17.4427
104918770,0.23193,0.11145,0.85583,-14.7252,-58.5115,-22.9618,-0.36560,-0.98865,-0.05127,21.6489,-0.4198,17.2977
104919770,0.10901,0.32251,0.62659,-13.4656,-64.4351,-23.2595,-0.36877,-0.97559,-0.04016,21.5649,-0.2672,16.8550
104920770,0.01440,0.43994,0.44226,-13.3435,-67.1756,-20.7405,-0.37476,-0.95654,-0.02930,21.2977,-0.3588,16.2214
104921770,-0.07117,0.42236,0.19739,-14.2824,-67.7252,-16.6718,-0.38257,-0.93408,-0.02368,20.8626,-0.7481,15.6489
104922770,-0.15686,0.32751,-0.05530,-15.3740,-65.4733,-12.7328,-0.39099,-0.91406,-0.02405,20.2748,-1.3130,15.3359
104923768,-0.22266,0.27466,-0.26233,-17.4275,-60.5802,-9.4504,-0.39880,-0.90027,-0.02625,19.6336,-2.0076,15.2824
104924768,-0.25696,0.31384,-0.36121,-20.1221,-53.8931,-5.9924,-0.40527,-0.89233,-0.02893,19.0229,-2.7557,15.3511
104925772,-0.26917,0.37500,-0.35083,-22.9084,-47.4733,-1.3817,-0.40955,-0.88916,-0.03394,18.4733,-3.5573,15.4809
104926771,-0.27185,0.35278,-0.36096,-25.6947,-42.8779,4.4656,-0.41016,-0.89050,-0.04175,17.9847,-4.4504,15.7176
104927771,-0.27405,0.22546,-0.44006,-27.6794,-39.4351,10.0305,-0.40735,-0.89563,-0.04944,17.5496,-5.3817,16.0305
104928771,-0.26819,0.09314,-0.47705,-28.3511,-35.2366,13.5725,-0.40210,-0.90369,-0.05542,17.1298,-6.3130,16.2977
104929770,-0.23938,0.04724,-0.41028,-29.0000,-30.2290,15.2672,-0.39502,-0.91150,-0.05969,16.7328,-7.2366,16.3664
104930770,-0.19934,0.04822,-0.28113,-30.0458,-25.0840,16.7481,-0.38818,-0.91724,-0.06299,16.3130,-8.1679,16.2443
104931770,-0.14026,-0.01392,-0.06738,-29.9695,-19.5878,18.8855,-0.38171,-0.92200,-0.06531,15.8473,-9.1374,16.0305
104932768,-0.04785,-0.13501,0.22339,-29.3282,-14.3511,20.6718,-0.37512,-0.92627,-0.06543,15.3511,-10.1145,15.7863
104933767,0.06604,-0.19678,0.53015,-29.4885,-10.7481,20.8550,-0.36829,-0.92932,-0.06458,14.8244,-11.0840,15.5038
104934768,0.16016,-0.14001,0.76697,-30.1069,-10.6718,19.7405,-0.36218,-0.93188,-0.06409,14.3130,-12.0305,15.1985
104935771,0.20447,-0.00049,0.83362,-30.5725,-14.8397,18.5573,-0.35693,-0.93469,-0.06348,13.8702,-12.9008,14.8550
104936771,0.22522,0.10596,0.79834,-29.9695,-21.0763,18.8092,-0.35254,-0.93774,-0.06152,13.4962,-13.6718,14.4046
104937771,0.25867,0.04761,0.86475,-26.8855,-26.8855,20.9008,-0.34900,-0.93933,-0.05859,13.1450,-14.3664,13.7863
104938771,0.27075,-0.14368,0.97766,-23.1908,-32.8168,23.3893,-0.34656,-0.93884,-0.05554,12.8168,-14.9847,12.9847
104939771,0.22717,-0.32153,0.94055,-20.9695,-38.3435,25.0534,-0.34497,-0.93628,-0.05359,12.5038,-15.5191,12.0534
104940770,0.16101,-0.44958,0.78564,-19.2977,-41.1603,26.3206,-0.34277,-0.93164,-0.05261,12.1756,-15.9618,10.9771
104941770,0.09082,-0.52783,0.61768,-17.4504,-40.6870,27.3206,-0.34070,-0.92615,-0.04993,11.8092,-16.3282,9.7786
104942770,0.01575,-0.49854,0.40930,-16.5344,-38.6565,27.4809,-0.33911,-0.92004,-0.04663,11.4198,-16.6107,8.4962
104943770,-0.04370,-0.39062,0.19446,-15.7710,-35.6565,27.0153,-0.33801,-0.91309,-0.04468,11.0229,-16.7939,7.1603
104944770,-0.06287,-0.32520,0.15112,-13.7710,-31.6260,26.6412,-0.33655,-0.90527,-0.04248,10.5725,-16.8931,5.7786
104945770,-0.06812,-0.34460,0.24744,-11.6031,-28.2443,26.0611,-0.33508,-0.89685,-0.03931,10.0763,-16.9160,4.3588
104946770,-0.06494,-0.44043,0.33752,-10.0916,-26.0534,25.2672,-0.33289,-0.88843,-0.03674,9.5344,-16.8473,2.9771
104947768,-0.00891,-0.66345,0.45349,-8.2824,-23.6565,24.8931,-0.33044,-0.88098,-0.03577,8.9618,-16.7176,1.6183
104948772,0.05151,-0.89954,0.54871,-6.7634,-21.9618,23.6412,-0.32898,-0.87476,-0.03467,8.3817,-16.5191,0.2595
104949771,0.02942,-0.89258,0.42542,-5.7252,-21.8931,20.0153,-0.32581,-0.87036,-0.03406,7.8321,-16.2672,-1.0916
104950770,-0.04004,-0.64954,0.15918,-3.5573,-21.1908,16.2366,-0.32166,-0.86731,-0.03406,7.3053,-15.9542,-2.3969
104951770,-0.08203,-0.46484,0.05334,0.2901,-18.0763,15.7252,-0.31860,-0.86462,-0.03284,6.7786,-15.5954,-3.6718
104952770,-0.08594,-0.48633,0.16040,3.4427,-14.2672,17.7176,-0.31628,-0.86292,-0.03137,6.2519,-15.2061,-4.9389
104953770,-0.09094,-0.60535,0.30127,4.6565,-11.4198,19.2595,-0.31421,-0.86304,-0.03174,5.7481,-14.7634,-6.1679
104954770,-0.11829,-0.73743,0.40491,4.5725,-8.5496,19.9389,-0.31152,-0.86414,-0.03235,5.2901,-14.2824,-7.3435
104955770,-0.08484,-0.88562,0.58740,3.9008,-3.6947,20.8626,-0.30737,-0.86548,-0.03357,4.8702,-13.7863,-8.4504
104956768,0.06140,-1.07654,0.93372,3.4580,2.0534,22.3740,-0.30334,-0.86719,-0.03601,4.5038,-13.2672,-9.4962
104957772,0.25403,-1.21606,1.37329,2.2824,5.4275,22.8244,-0.29944,-0.86890,-0.03833,4.1450,-12.7405,-10.4733
104958771,0.36877,-1.13354,1.62122,-1.0763,2.9084,20.6260,-0.29529,-0.87134,-0.04089,3.7939,-12.2137,-11.3740
104959770,0.36658,-0.84619,1.51379,-3.3053,-4.2977,16.9924,-0.29309,-0.87476,-0.04431,3.4962,-11.7023,-12.1756
104960768,0.31592,-0.67151,1.26172,-0.4351,-11.9313,15.4656,-0.29211,-0.87805,-0.04907,3.2214,-11.2443,-12.8855
104961768,0.28052,-0.83105,1.18970,4.9924,-17.2214,16.3893,-0.28992,-0.88074,-0.05420,2.9542,-10.8473,-13.4809
104962772,0.31433,-1.16223,1.29321,7.5191,-21.3664,16.6794,-0.28748,-0.88403,-0.05884,2.7176,-10.4885,-13.9847
104963771,0.37854,-1.32751,1.37073,6.1298,-27.3511,9.7786,-0.28674,-0.88818,-0.06360,2.5115,-10.1832,-14.4122
104964770,0.27722,-1.02612,1.21301,4.8550,-28.3664,5.7252,-0.28748,-0.89172,-0.06763,2.3053,-9.9313,-14.7786
104965770,0.14026,-0.67126,0.88867,3.2672,-28.0687,4.8244,-0.28992,-0.89417,-0.07068,2.0611,-9.7099,-15.1145
104966770,0.07556,-0.59119,0.65466,2.3969,-25.2519,8.0611,-0.29260,-0.89612,-0.07275,1.8168,-9.5115,-15.3740
104967768,0.13452,-0.85339,0.71155,2.1985,-21.3359,12.3282,-0.29395,-0.89746,-0.07373,1.5802,-9.3664,-15.5802
104968771,0.24451,-1.19043,0.86377,1.4351,-19.6947,13.3969,-0.29504,-0.89771,-0.07507,1.3206,-9.2672,-15.7023
104969770,0.29907,-1.28979,0.90417,-0.4046,-20.5267,10.6336,-0.29736,-0.89697,-0.07593,1.0382,-9.1832,-15.7481
104970770,0.27332,-1.06384,0.87720,-3.2595,-21.5802,7.0305,-0.29919,-0.89673,-0.07556,0.6947,-9.1069,-15.7328
104971771,0.20959,-0.67139,0.81409,-6.1298,-22.1450,5.8473,-0.30103,-0.89673,-0.07495,0.3130,-9.0382,-15.6947
104972770,0.13354,-0.43713,0.65662,-7.0305,-22.5573,8.5954,-0.30310,-0.89600,-0.07422,-0.0534,-9.0000,-15.6336
104973771,0.09351,-0.60168,0.55054,-5.3588,-21.2824,13.7023,-0.30444,-0.89478,-0.07397,-0.4198,-8.9618,-15.5267
104974770,0.17639,-1.08044,0.69543,-3.4885,-17.8779,17.5267,-0.30566,-0.89319,-0.07458,-0.7939,-8.8855,-15.3969
104975770,0.31726,-1.51233,1.03601,-3.9924,-14.9237,17.0076,-0.30664,-0.89197,-0.07605,-1.1908,-8.8015,-15.2519
104976770,0.39417,-1.56628,1.32483,-7.7481,-14.9237,12.2595,-0.30713,-0.89099,-0.07788,-1.5725,-8.7252,-15.0763
104977770,0.39478,-1.24158,1.37659,-12.7634,-17.5649,6.8168,-0.30823,-0.89038,-0.07874,-1.9084,-8.6183,-14.8855
104978770,0.34192,-0.91919,1.25891,-14.1603,-20.5496,4.8779,-0.30933,-0.88965,-0.07825,-2.2061,-8.4885,-14.7176
104979770,0.29248,-0.94775,1.14294,-11.1679,-22.3588,6.5344,-0.31018,-0.88818,-0.07690,-2.5038,-8.3435,-14.5573
104980770,0.31506,-1.28772,1.13660,-8.1832,-23.0916,8.1603,-0.31091,-0.88708,-0.07507,-2.8015,-8.1756,-14.3817
104981770,0.38940,-1.62122,1.24121,-8.0687,-23.6336,6.5420,-0.31055,-0.88672,-0.07434,-3.0687,-8.0076,-14.1756
104982770,0.42798,-1.64172,1.37170,-9.1908,-24.5725,1.4809,-0.30994,-0.88672,-0.07434,-3.2901,-7.8473,-13.9847
104983770,0.41956,-1.35999,1.43604,-9.1756,-25.7023,-3.6183,-0.30884,-0.88647,-0.07446,-3.5115,-7.6718,-13.8397
104984768,0.39380,-1.04907,1.40723,-8.3282,-26.7481,-5.2824,-0.30835,-0.88574,-0.07483,-3.7176,-7.4504,-13.7252
104985771,0.37732,-0.96008,1.37305,-7.3664,-27.6031,-3.4733,-0.30896,-0.88489,-0.07410,-3.9160,-7.2137,-13.6336
104986771,0.41980,-1.11780,1.40710,-7.0305,-28.7939,-1.3282,-0.31018,-0.88440,-0.07312,-4.1069,-6.9924,-13.5420
104987771,0.50989,-1.38733,1.51233,-6.8473,-31.0611,-1.2977,-0.31128,-0.88489,-0.07324,-4.2824,-6.7863,-13.4885
104988771,0.56921,-1.57935,1.64478,-6.6489,-34.9084,-4.1527,-0.31201,-0.88574,-0.07361,-4.4580,-6.5954,-13.4656
104989770,0.56580,-1.49988,1.68213,-7.7405,-40.2672,-9.0458,-0.31262,-0.88599,-0.07312,-4.6412,-6.4046,-13.4504
104990770,0.51123,-1.21167,1.55530,-9.6641,-45.8931,-12.7634,-0.31335,-0.88635,-0.07251,-4.8550,-6.1679,-13.4427
104991770,0.43115,-1.01025,1.35144,-10.0840,-49.8779,-12.9771,-0.31396,-0.88684,-0.07324,-5.0611,-5.9313,-13.4351
104992768,0.38794,-1.07654,1.18323,-8.2595,-51.4733,-11.1374,-0.31372,-0.88696,-0.07471,-5.2443,-5.7099,-13.4275
104993772,0.40137,-1.31812,1.06409,-6.1221,-51.6412,-10.4580,-0.31299,-0.88745,-0.07483,-5.4122,-5.5191,-13.3893
104994770,0.41138,-1.48120,0.99854,-5.6794,-51.3359,-12.7176,-0.31189,-0.88965,-0.07507,-5.5496,-5.3435,-13.3130
104995770,0.40430,-1.39746,1.01538,-6.9160,-51.0916,-16.9389,-0.31067,-0.89294,-0.07495,-5.6260,-5.1527,-13.2214
104996770,0.39465,-1.13513,1.01685,-9.0916,-52.2443,-20.1908,-0.30957,-0.89587,-0.07349,-5.6489,-4.9466,-13.1145
104997770,0.35828,-0.94983,0.93225,-10.3969,-54.6641,-20.3359,-0.30896,-0.89868,-0.07239,-5.6718,-4.7176,-12.9924
104998770,0.33484,-1.00342,0.84534,-10.1221,-56.8473,-18.5725,-0.30859,-0.90149,-0.07202,-5.7099,-4.4656,-12.8702
104999770,0.34558,-1.18652,0.80762,-9.8015,-58.6031,-17.7634,-0.30835,-0.90332,-0.07251,-5.7481,-4.1985,-12.7328
105000770,0.32910,-1.28967,0.76050,-11.0458,-60.7786,-19.1298,-0.30762,-0.90491,-0.07239,-5.7328,-3.9160,-12.5649
105001770,0.26526,-1.20288,0.63599,-13.5954,-62.9542,-21.7557,-0.30688,-0.90662,-0.07141,-5.6794,-3.5954,-12.3588
105002770,0.19128,-1.01526,0.46606,-15.3359,-63.6565,-23.4351,-0.30591,-0.91003,-0.06848,-5.5344,-2.9008,-11.9466
105003770,0.13074,-0.88379,0.29871,-15.8626,-62.4733,-23.2137,-0.30603,-0.91260,-0.06702,-5.4427,-2.5420,-11.7405
105004768,0.09753,-0.88843,0.17847,-15.9237,-59.7252,-21.9084,-0.30615,-0.91455,-0.06580,-5.3130,-2.1908,-11.5496
105005768,0.10425,-1.01245,0.12769,-16.5878,-56.2901,-20.9695,-0.30566,-0.91577,-0.06628,-5.1527,-1.8168,-11.3664
105006772,0.12695,-1.16223,0.14233,-17.8702,-52.8702,-21.2824,-0.30505,-0.91675,-0.06677,-4.9771,-1.3969,-11.2061
105007771,0.15112,-1.22302,0.22144,-19.2595,-49.8855,-23.0305,-0.30469,-0.91711,-0.06567,-4.7710,-0.9313,-11.0687
105008771,0.17236,-1.12769,0.30579,-20.8779,-48.0229,-25.3969,-0.30371,-0.91736,-0.06311,-4.5267,-0.4046,-10.9618
105009770,0.17700,-0.94763,0.34851,-22.3359,-47.2595,-26.8397,-0.30249,-0.91833,-0.06079,-4.2901,0.1527,-10.8931
105010770,0.16895,-0.82556,0.34338,-22.9237,-47.2443,-26.6336,-0.30200,-0.91956,-0.05957,-4.0534,0.6489,-10.8702
105011770,0.16040,-0.84692,0.29224,-22.3664,-47.5267,-25.5420,-0.30139,-0.92065,-0.05859,-3.8168,1.1221,-10.8626
105012770,0.14490,-0.96960,0.21155,-21.7939,-47.4733,-25.0229,-0.30115,-0.92078,-0.05762,-3.5954,1.6183,-10.9313
105013771,0.12830,-1.06567,0.19702,-21.6641,-45.9847,-26.0305,-0.30225,-0.92065,-0.05823,-3.3588,2.1145,-11.0229
105014771,0.13892,-1.06067,0.32056,-20.8168,-43.3206,-28.2137,-0.30334,-0.92029,-0.05920,-3.1450,2.5878,-11.1298
105015771,0.15686,-0.96973,0.42261,-17.9084,-41.6031,-30.9389,-0.30322,-0.92017,-0.05994,-2.9466,3.0153,-11.2672
105016771,0.11951,-0.87866,0.32642,-13.3511,-41.6947,-33.3740,-0.30200,-0.92090,-0.06104,-2.7328,3.4122,-11.4656
105017771,0.09033,-0.85437,0.18433,-10.0382,-41.2977,-34.8321,-0.30127,-0.92236,-0.06189,-2.5420,3.7634,-11.6947
105018770,0.12268,-0.84473,0.19617,-10.2824,-40.2290,-35.7634,-0.30176,-0.92529,-0.06274,-2.3664,4.0916,-11.9924
105019768,0.13245,-0.79333,0.29150,-11.3588,-40.2901,-37.0458,-0.30286,-0.92810,-0.06421,-2.1832,4.3740,-12.3435
105020771,0.11023,-0.72229,0.29724,-9.6947,-41.3130,-38.6565,-0.30408,-0.92944,-0.06653,-2.0076,4.6183,-12.7099
105021771,0.07532,-0.70435,0.24548,-5.2901,-41.2443,-39.3588,-0.30554,-0.93091,-0.06873,-1.8473,4.8168,-13.0305
105022771,0.04895,-0.71838,0.24353,-2.5038,-39.4580,-39.0229,-0.30750,-0.93262,-0.07007,-1.6565,4.9542,-13.3435
105023770,0.04724,-0.64905,0.20801,-4.2672,-37.4198,-38.3282,-0.30945,-0.93420,-0.07092,-1.4656,5.0305,-13.6947
105024770,0.03809,-0.54956,0.16370,-6.8473,-35.0153,-36.8321,-0.31104,-0.93567,-0.07166,-1.2901,5.0534,-14.0305
105025768,0.03638,-0.52588,0.20081,-7.2290,-32.1145,-34.7710,-0.31311,-0.93762,-0.07080,-1.1603,5.0229,-14.3511
105026768,0.05615,-0.56445,0.29333,-5.8931,-29.7252,-33.0916,-0.31592,-0.93933,-0.06921,-1.0763,4.9313,-14.6489
105027767,0.07324,-0.60022,0.37781,-5.8168,-28.9084,-32.0763,-0.31921,-0.93994,-0.06885,-1.0000,4.7863,-14.9466
105028766,0.10510,-0.57654,0.47058,-8.0076,-29.1145,-31.4580,-0.32129,-0.94043,-0.06934,-0.9313,4.5954,-15.2290
105029769,0.15918,-0.52795,0.57715,-9.6107,-30.2290,-30.8702,-0.32239,-0.94116,-0.06848,-0.8855,4.3817,-15.4962
105030767,0.18689,-0.50439,0.60486,-8.3282,-32.2977,-30.4656,-0.32349,-0.94189,-0.06787,-0.8473,4.1069,-15.7557
105031772,0.16736,-0.53015,0.56177,-5.2214,-34.2977,-30.1145,-0.32385,-0.94214,-0.06860,-0.7939,3.7939,-15.9542
105032771,0.14734,-0.57092,0.52039,-3.8244,-35.3130,-29.7634,-0.32349,-0.94275,-0.06873,-0.7710,3.4351,-16.1527
105033770,0.14856,-0.60852,0.50452,-4.3435,-35.5038,-29.0305,-0.32300,-0.94421,-0.06812,-0.7710,3.0382,-16.3206
105034770,0.14490,-0.66296,0.49048,-4.8244,-35.3359,-28.1221,-0.32251,-0.94604,-0.06714,-0.7557,2.6260,-16.4733
105035770,0.13306,-0.68750,0.43323,-4.9237,-34.9084,-27.7634,-0.32239,-0.94690,-0.06641,-0.7252,2.2137,-16.6183
105036770,0.12805,-0.66553,0.39319,-4.8321,-33.6718,-27.6412,-0.32202,-0.94739,-0.06519,-0.7176,1.7939,-16.7557
105037768,0.11902,-0.64331,0.44263,-5.4351,-32.2901,-26.9466,-0.32202,-0.94861,-0.06409,-0.7023,1.3511,-16.8626
105038772,0.09802,-0.63757,0.50598,-7.6718,-32.2214,-25.8779,-0.32178,-0.94983,-0.06470,-0.6870,0.9237,-16.9389
105039771,0.08203,-0.65308,0.46753,-10.2595,-33.5878,-25.0305,-0.31970,-0.95117,-0.06689,-0.6718,0.5115,-16.9771
105040770,0.07971,-0.70459,0.39746,-10.8397,-34.5344,-24.7405,-0.31787,-0.95251,-0.06958,-0.6336,0.1374,-16.9847
105041770,0.09265,-0.75403,0.39966,-10.1832,-34.6947,-25.2290,-0.31714,-0.95361,-0.07031,-0.5878,-0.2137,-16.9771
105042768,0.10608,-0.72668,0.39795,-10.7557,-35.1221,-26.3206,-0.31628,-0.95447,-0.06921,-0.5191,-0.5191,-16.9313
105043768,0.09692,-0.64709,0.36633,-11.8092,-35.4504,-26.9160,-0.31580,-0.95508,-0.06763,-0.4656,-0.7786,-16.8779
105044768,0.07288,-0.59204,0.37378,-11.8168,-34.6870,-26.7176,-0.31616,-0.95520,-0.06580,-0.4122,-1.0458,-16.8168
105045768,0.06165,-0.60022,0.38843,-10.6183,-33.3817,-25.9618,-0.31567,-0.95520,-0.06494,-0.3664,-1.2901,-16.7328
105046771,0.05737,-0.67383,0.33154,-9.4656,-32.2672,-24.9771,-0.31396,-0.95569,-0.06409,-0.3282,-1.4504,-16.6183
105047771,0.05762,-0.74341,0.28760,-9.5115,-30.8244,-24.3053,-0.31262,-0.95605,-0.06201,-0.2595,-1.5573,-16.4733
105048770,0.08252,-0.71887,0.32629,-10.8931,-29.2519,-24.4046,-0.31091,-0.95605,-0.05994,-0.1908,-1.6489,-16.3053
105049770,0.10303,-0.62292,0.37256,-11.7481,-28.5038,-24.5496,-0.30835,-0.95679,-0.05835,-0.1450,-1.7023,-16.1603
105050771,0.09778,-0.57703,0.42578,-10.8931,-28.0305,-23.9313,-0.30688,-0.95789,-0.05762,-0.0992,-1.7176,-16.0382
105051770,0.10425,-0.61133,0.50183,-10.2366,-27.5954,-23.0611,-0.30737,-0.95898,-0.05737,-0.0687,-1.7099,-15.9008
105052771,0.12671,-0.68018,0.52808,-10.8168,-27.7176,-22.5878,-0.30786,-0.95923,-0.05701,-0.0305,-1.6718,-15.7481
105053770,0.13159,-0.73596,0.48047,-11.5420,-28.1679,-22.8931,-0.30737,-0.95898,-0.05750,0.0000,-1.6412,-15.5420
105054770,0.12817,-0.75232,0.44482,-11.1908,-28.0534,-23.8321,-0.30652,-0.95825,-0.05701,0.0076,-1.6183,-15.3206
105055770,0.13049,-0.74561,0.47229,-10.0229,-27.7176,-24.6794,-0.30554,-0.95691,-0.05579,0.0153,-1.5802,-15.1221
105056770,0.11487,-0.72632,0.48730,-8.9084,-28.3588,-25.1527,-0.30591,-0.95679,-0.05505,0.0229,-1.5191,-14.9466
105057770,0.08789,-0.69031,0.42529,-8.3435,-29.7710,-25.4962,-0.30774,-0.95764,-0.05493,0.0611,-1.4580,-14.7939
105058770,0.06775,-0.63940,0.32849,-8.1985,-30.6947,-25.7710,-0.30847,-0.95752,-0.05469,0.0992,-1.3817,-14.6794
105059770,0.04858,-0.61328,0.26929,-7.3435,-30.4885,-25.6870,-0.30823,-0.95667,-0.05444,0.1298,-1.2824,-14.5496
105060770,0.02917,-0.62854,0.24414,-6.3435,-29.5420,-25.4504,-0.30786,-0.95581,-0.05457,0.1374,-1.1985,-14.4351
105061770,0.01233,-0.66516,0.20605,-6.3588,-28.1679,-25.1527,-0.30737,-0.95435,-0.05505,0.1298,-1.1374,-14.3206
105062770,-0.00232,-0.71741,0.16663,-7.0992,-26.0534,-24.8168,-0.30640,-0.95276,-0.05615,0.1145,-1.0687,-14.2290
105063770,-0.00293,-0.74646,0.15259,-7.7939,-23.1908,-24.9466,-0.30469,-0.95227,-0.05688,0.0992,-0.9924,-14.1832
105064770,-0.00134,-0.71472,0.13818,-8.2443,-20.3817,-25.5496,-0.30371,-0.95251,-0.05493,0.0916,-0.8931,-14.1527
105065770,-0.01538,-0.65063,0.10107,-8.5191,-18.0992,-25.9618,-0.30286,-0.95239,-0.05188,0.0916,-0.7786,-14.1374
105066770,-0.01770,-0.61890,0.09216,-8.4733,-15.9313,-25.7405,-0.30139,-0.95154,-0.04993,0.0611,-0.6718,-14.1603
105067770,0.01172,-0.64575,0.16138,-8.1679,-13.8473,-25.2366,-0.29980,-0.95081,-0.04846,0.0305,-0.5802,-14.2366
105068768,0.05322,-0.70935,0.26831,-7.7405,-12.4809,-25.0611,-0.29834,-0.94958,-0.04712,0.0153,-0.4885,-14.2824
105069768,0.08899,-0.75232,0.35486,-7.3740,-11.8931,-25.6794,-0.29749,-0.94800,-0.04602,0.0000,-0.3817,-14.3511
105070767,0.11255,-0.73083,0.40332,-7.1603,-11.7176,-26.7710,-0.29712,-0.94702,-0.04492,-0.0153,-0.2672,-14.4733
105071772,0.11707,-0.66040,0.42029,-6.9160,-11.6412,-27.5802,-0.29749,-0.94617,-0.04504,-0.0229,-0.1298,-14.6107
105072771,0.11182,-0.58081,0.41968,-6.5496,-11.5649,-27.7710,-0.29749,-0.94446,-0.04590,-0.0458,0.0000,-14.7557
105073770,0.11511,-0.52234,0.42920,-6.0305,-11.3282,-27.4580,-0.29602,-0.94189,-0.04565,-0.0840,0.1374,-14.9008
105074770,0.13391,-0.52332,0.46667,-5.2901,-10.9771,-26.6947,-0.29468,-0.93921,-0.04553,-0.1069,0.2901,-15.0916
105075770,0.16541,-0.61377,0.54089,-4.1908,-10.5573,-25.6489,-0.29468,-0.93787,-0.04626,-0.1527,0.4427,-15.3206
105076770,0.19788,-0.73181,0.62549,-3.4656,-10.5802,-25.1756,-0.29504,-0.93738,-0.04663,-0.2290,0.5878,-15.5878
105077771,0.21045,-0.73779,0.65906,-4.0076,-11.3282,-26.0611,-0.29456,-0.93579,-0.04626,-0.3053,0.6870,-15.8626
105078770,0.20190,-0.60339,0.64661,-4.8244,-12.3053,-27.4122,-0.29370,-0.93481,-0.04565,-0.3664,0.7710,-16.1450
105079770,0.20081,-0.47632,0.65234,-4.0687,-13.0000,-27.5878,-0.29443,-0.93506,-0.04517,-0.4198,0.8931,-16.4351
105080768,0.21997,-0.47778,0.69446,-2.0611,-13.9313,-26.6107,-0.29468,-0.93604,-0.04565,-0.4656,1.0534,-16.7481
105081768,0.24622,-0.56116,0.74207,-0.2366,-15.4733,-26.1374,-0.29456,-0.93750,-0.04700,-0.5038,1.2137,-17.0382
105082771,0.26196,-0.60278,0.75049,1.0687,-17.5725,-27.1069,-0.29529,-0.93884,-0.04846,-0.5038,1.3435,-17.3130
105083770,0.24561,-0.54309,0.70496,2.5878,-19.7939,-28.8397,-0.29553,-0.93958,-0.04895,-0.5344,1.4809,-17.5878
105084770,0.20032,-0.40857,0.61609,4.4046,-21.7252,-30.0153,-0.29565,-0.93994,-0.04980,-0.6107,1.6107,-17.8702
105085770,0.15320,-0.29126,0.50342,6.1298,-22.9695,-29.5725,-0.29626,-0.94006,-0.05127,-0.6870,1.6794,-18.1603
105086770,0.12341,-0.28210,0.40356,7.4733,-23.2595,-27.6031,-0.29700,-0.94128,-0.05139,-0.7252,1.7405,-18.4122
105087770,0.11218,-0.36804,0.34253,8.5573,-22.5344,-25.4733,-0.29785,-0.94324,-0.05115,-0.7328,1.7863,-18.6183
105088768,0.11047,-0.46436,0.32080,9.5802,-21.0382,-24.2595,-0.29871,-0.94543,-0.05090,-0.7252,1.8092,-18.7710
105089768,0.10535,-0.50562,0.29346,9.9924,-19.2214,-23.8397,-0.29968,-0.94788,-0.05042,-0.7405,1.8321,-18.9237
105090768,0.08179,-0.47998,0.24414,9.7481,-17.2290,-23.5344,-0.30066,-0.95068,-0.05054,-0.7557,1.8702,-19.0229
105091771,0.06152,-0.40808,0.20837,9.4275,-14.9160,-23.0000,-0.30139,-0.95325,-0.05078,-0.7863,1.9008,-19.0458
105092771,0.06824,-0.35242,0.21912,10.0305,-12.4504,-22.0763,-0.30261,-0.95569,-0.05042,-0.8550,1.9237,-18.9618
105093771,0.09021,-0.36951,0.26807,11.8168,-10.4275,-21.1298,-0.30457,-0.95764,-0.04956,-0.9695,1.9542,-18.8092
105094771,0.11072,-0.42566,0.31104,14.1985,-9.2672,-20.9466,-0.30627,-0.95947,-0.04907,-1.0840,2.0229,-18.5878
105095770,0.14722,-0.49829,0.39771,19.7786,-7.7634,-22.5954,-0.30774,-0.96106,-0.04810,-1.1908,2.1374,-18.3053
105096771,0.14551,-0.50525,0.44958,22.2672,-7.0000,-23.3969,-0.30945,-0.96191,-0.04712,-1.2824,2.2443,-17.9695
105097770,0.15698,-0.51575,0.51855,24.2290,-6.0000,-23.7328,-0.31091,-0.96216,-0.04797,-1.3588,2.3130,-17.5496
105098770,0.19983,-0.57544,0.61060,25.8244,-5.0763,-23.4427,-0.31152,-0.96228,-0.04797,-1.4122,2.3817,-17.0458
105099771,0.23450,-0.65955,0.67371,26.7557,-5.2595,-23.3588,-0.31311,-0.96521,-0.04700,-1.5115,2.5267,-15.9084
105100770,0.22766,-0.66711,0.61914,26.7099,-6.7557,-24.2595,-0.31421,-0.96606,-0.04700,-1.5573,2.6183,-15.2901
105101770,0.19385,-0.59338,0.50403,26.6260,-8.1374,-25.2290,-0.31506,-0.96667,-0.04651,-1.5802,2.7328,-14.6489
105102770,0.17151,-0.52698,0.48218,26.8015,-8.3206,-25.0916,-0.31641,-0.96704,-0.04614,-1.5954,2.8397,-13.9924
105103770,0.19055,-0.52625,0.56140,26.6489,-8.1374,-23.8931,-0.31799,-0.96667,-0.04517,-1.5878,2.9389,-13.3282
105104770,0.22119,-0.59167,0.61218,26.0229,-8.7252,-22.5038,-0.31934,-0.96570,-0.04431,-1.5420,3.0305,-12.6641
105105770,0.22485,-0.65894,0.58179,25.2672,-9.4962,-21.9389,-0.32056,-0.96509,-0.04492,-1.5038,3.1069,-12.0076
105106770,0.20752,-0.63818,0.52222,24.4275,-9.5649,-22.4580,-0.32068,-0.96497,-0.04590,-1.4656,3.1832,-11.3817
105107770,0.18445,-0.53516,0.45508,23.5344,-9.3053,-22.9084,-0.31921,-0.96423,-0.04700,-1.4198,3.2595,-10.7710
105108771,0.16040,-0.45605,0.38806,22.7863,-9.1145,-22.1603,-0.31812,-0.96338,-0.04724,-1.3588,3.3359,-10.1679
105109770,0.15381,-0.46912,0.36316,22.3893,-8.7557,-20.6183,-0.31763,-0.96228,-0.04651,-1.2977,3.3740,-9.6031
105110770,0.16943,-0.54395,0.38562,22.1374,-8.2137,-19.3435,-0.31677,-0.96033,-0.04602,-1.2519,3.4046,-9.0916
105111770,0.17664,-0.60181,0.41760,21.4198,-7.6947,-18.7786,-0.31604,-0.95837,-0.04456,-1.2290,3.4580,-8.6107
105112770,0.16382,-0.57898,0.42566,19.7863,-7.0763,-18.6336,-0.31641,-0.95728,-0.04224,-1.1985,3.5191,-8.1603
105113771,0.14844,-0.49915,0.41809,17.9771,-5.9466,-17.9466,-0.31726,-0.95715,-0.03992,-1.1679,3.5725,-7.7405
105114770,0.14978,-0.46533,0.43433,17.0916,-4.1603,-16.0153,-0.31799,-0.95752,-0.03760,-1.1679,3.6107,-7.3511
105115770,0.16699,-0.52637,0.47913,16.8397,-2.3893,-13.5420,-0.31787,-0.95801,-0.03601,-1.1679,3.6489,-7.0229
105116770,0.20789,-0.64429,0.56580,16.7176,-0.8168,-11.6489,-0.31689,-0.95813,-0.03601,-1.1679,3.6641,-6.7481
105117771,0.26843,-0.74329,0.68518,16.3130,0.0076,-10.9771,-0.31677,-0.95862,-0.03638,-1.1527,3.6794,-6.4656
105118771,0.30164,-0.75793,0.78003,15.7863,-0.6031,-11.5267,-0.31787,-0.95935,-0.03564,-1.1374,3.6947,-6.1603
105119770,0.30029,-0.66846,0.79761,15.2901,-2.3359,-12.6947,-0.31824,-0.96045,-0.03406,-1.1527,3.7328,-5.8550
105120770,0.28552,-0.56580,0.77161,16.0229,-4.0458,-13.2061,-0.31812,-0.96191,-0.03271,-1.1908,3.7557,-5.5725
105121771,0.27893,-0.56335,0.78503,18.0840,-5.0840,-12.7252,-0.31860,-0.96265,-0.03064,-1.2061,3.7863,-5.3282
105122770,0.29602,-0.64404,0.80762,19.9084,-6.0000,-12.2977,-0.31921,-0.96301,-0.02942,-1.2061,3.8015,-5.1069
105123770,0.30359,-0.73560,0.78101,21.0916,-7.1298,-12.5420,-0.31958,-0.96277,-0.02991,-1.2290,3.8092,-4.9237
105124768,0.27795,-0.77759,0.69312,21.6870,-7.9847,-13.3588,-0.31921,-0.96167,-0.02979,-1.2977,3.8092,-4.7405
105125768,0.24341,-0.74890,0.59912,22.2214,-7.6794,-14.1374,-0.31848,-0.96240,-0.02747,-1.3435,3.8092,-4.5573
105126772,0.21570,-0.68262,0.54065,22.7176,-6.4275,-14.2595,-0.31812,-0.96350,-0.02563,-1.3664,3.7786,-4.4046
105127771,0.20056,-0.63855,0.51624,22.9466,-4.7328,-13.4275,-0.31689,-0.96350,-0.02515,-1.3664,3.7252,-4.2748
105128770,0.20544,-0.66174,0.51721,22.6336,-3.1069,-12.0305,-0.31494,-0.96411,-0.02441,-1.3817,3.6870,-4.1450
105129770,0.22253,-0.74255,0.52136,21.9847,-1.6565,-10.7405,-0.31384,-0.96521,-0.02368,-1.3893,3.6489,-4.0382
105130770,0.23486,-0.82983,0.53235,21.2214,-0.3053,-10.0763,-0.31360,-0.96570,-0.02295,-1.3893,3.5725,-3.9542
105131770,0.24390,-0.85327,0.55994,20.0229,1.0076,-10.2519,-0.31335,-0.96570,-0.02185,-1.3969,3.4885,-3.8855
105132770,0.26013,-0.80286,0.61292,18.7863,2.1221,-10.6641,-0.31323,-0.96570,-0.02209,-1.4122,3.4046,-3.8321
105133770,0.27515,-0.74194,0.67664,18.3664,2.6031,-10.7328,-0.31238,-0.96680,-0.02332,-1.3969,3.2977,-3.7863
105134771,0.30164,-0.73645,0.71326,18.7557,2.3588,-10.4504,-0.31079,-0.96765,-0.02258,-1.3740,3.1756,-3.7710
105135771,0.35315,-0.82068,0.73804,19.3893,1.8244,-10.0992,-0.30994,-0.96790,-0.02051,-1.3588,3.0840,-3.7557
105136770,0.39392,-0.92737,0.78149,19.3053,0.9237,-10.4809,-0.31006,-0.96826,-0.02026,-1.3435,3.0076,-3.7405
105137770,0.39441,-0.92969,0.80090,17.9466,-0.6641,-12.0153,-0.31006,-0.96948,-0.02136,-1.3206,2.9084,-3.7252
105138770,0.37219,-0.82385,0.77869,16.4122,-2.3206,-13.5573,-0.30957,-0.97156,-0.02112,-1.2519,2.7786,-3.7099
105139770,0.34814,-0.74756,0.76086,16.0458,-3.4198,-13.5802,-0.30908,-0.97363,-0.02075,-1.1603,2.6260,-3.7252
105140771,0.33789,-0.75793,0.77295,16.0763,-3.9695,-12.5420,-0.30786,-0.97461,-0.02063,-1.0687,2.4809,-3.7252
105141770,0.33960,-0.78699,0.74963,14.8931,-4.7557,-11.6489,-0.30664,-0.97534,-0.02002,-0.9618,2.3435,-3.6870
105142770,0.33337,-0.80115,0.69739,13.2901,-5.2519,-11.1221,-0.30676,-0.97705,-0.01917,-0.8626,2.1908,-3.6183
105143770,0.32288,-0.79602,0.68616,12.5344,-5.0229,-10.8931,-0.30640,-0.97839,-0.01880,-0.7328,2.0687,-3.5725
105144770,0.31750,-0.77112,0.69373,12.8397,-4.6183,-10.8702,-0.30493,-0.97949,-0.01868,-0.6031,1.9618,-3.4809
105145768,0.31042,-0.75830,0.66577,13.3435,-4.7099,-10.6565,-0.30347,-0.98096,-0.01794,-0.4962,1.8779,-3.3664
105146768,0.30847,-0.77563,0.64270,13.5115,-4.6641,-10.4046,-0.30200,-0.98218,-0.01746,-0.3588,1.8321,-3.2595
105147768,0.32544,-0.79639,0.67590,13.5496,-4.4122,-10.6412,-0.30054,-0.98315,-0.01697,-0.1985,1.8168,-3.1527
105148768,0.33862,-0.80127,0.68860,13.8168,-4.7634,-11.4122,-0.29956,-0.98401,-0.01624,-0.0229,1.8473,-3.0229
105149772,0.32874,-0.80444,0.66553,14.3817,-5.3817,-12.2672,-0.29907,-0.98450,-0.01697,0.1679,1.8779,-2.8702
105150771,0.31433,-0.79126,0.65503,14.2824,-5.7939,-13.0458,-0.29907,-0.98499,-0.01843,0.3664,1.9084,-2.6947
105151771,0.30908,-0.75281,0.64954,13.3588,-6.1527,-13.4351,-0.29883,-0.98584,-0.01904,0.5725,1.9389,-2.5115
105152771,0.30371,-0.72437,0.63843,12.5573,-6.3893,-13.3053,-0.29834,-0.98682,-0.01941,0.8168,1.9771,-2.3511
105153771,0.30176,-0.73376,0.65320,12.8015,-6.2672,-12.9160,-0.29858,-0.98743,-0.02002,1.0763,2.0382,-2.2137
105154770,0.30835,-0.76746,0.68237,13.5420,-6.1908,-12.6260,-0.29858,-0.98792,-0.02014,1.3053,2.1069,-2.0916
105155770,0.30481,-0.79932,0.66321,13.9237,-6.6031,-12.4351,-0.29785,-0.98816,-0.02051,1.5191,2.1603,-1.9924
105156770,0.28516,-0.81921,0.62158,14.0305,-6.9542,-12.3893,-0.29846,-0.98779,-0.02100,1.7557,2.1832,-1.9008
105157770,0.27319,-0.80347,0.61194,14.0916,-6.8321,-12.7023,-0.29932,-0.98669,-0.02173,1.9924,2.2061,-1.7939
105158770,0.28076,-0.78101,0.64124,14.9924,-6.4046,-13.0534,-0.29932,-0.98584,-0.02209,2.2137,2.2214,-1.6718
105159770,0.30005,-0.79395,0.70435,16.4427,-6.0000,-13.3511,-0.29871,-0.98596,-0.02124,2.4351,2.2061,-1.5649
105160770,0.30994,-0.81580,0.76111,17.0687,-6.2061,-13.9695,-0.29785,-0.98718,-0.02039,2.6489,2.1450,-1.4885
105161768,0.30127,-0.81006,0.74841,16.5420,-7.1908,-14.9847,-0.29846,-0.98877,-0.01941,2.8473,2.0611,-1.3969
105162772,0.28784,-0.79968,0.66553,16.0763,-8.2748,-15.8779,-0.30090,-0.99060,-0.01794,3.0687,1.9771,-1.2824
105163771,0.28284,-0.82324,0.62952,16.5878,-8.4656,-16.4275,-0.30261,-0.99268,-0.01672,3.3053,1.8931,-1.1756
105164770,0.29089,-0.83740,0.66113,16.7939,-8.5115,-17.0840,-0.30322,-0.99402,-0.01575,3.4885,1.8244,-1.0229
105165771,0.29712,-0.80701,0.68921,15.9542,-9.0687,-17.6412,-0.30347,-0.99548,-0.01562,3.6412,1.7634,-0.8550
105166770,0.29749,-0.77185,0.70776,14.8092,-9.8015,-17.5267,-0.30371,-0.99841,-0.01660,3.8015,1.6718,-0.6260
105167770,0.28918,-0.76111,0.69458,14.1603,-10.4885,-16.9695,-0.30396,-1.00134,-0.01758,3.9924,1.5649,-0.3282
105168770,0.26428,-0.76868,0.62695,13.8779,-11.0611,-16.4122,-0.30444,-1.00366,-0.01868,4.1908,1.4504,0.0305
105169770,0.22803,-0.75488,0.54321,11.6412,-11.1832,-15.8473,-0.30493,-1.00598,-0.02014,4.4046,1.3282,0.4580
105170770,0.22339,-0.72559,0.59338,7.0534,-10.2214,-14.6412,-0.30518,-1.00854,-0.02100,4.6183,1.1908,0.9847
105171770,0.26440,-0.69958,0.71875,2.0153,-9.8626,-13.2061,-0.30518,-1.01111,-0.02173,4.8321,1.0687,1.5802
105172770,0.27002,-0.70764,0.71680,0.2977,-11.0763,-12.2214,-0.30615,-1.01294,-0.02209,5.0382,0.9618,2.2137
105173770,0.23975,-0.75134,0.63086,1.5344,-11.8168,-12.0687,-0.30811,-1.01416,-0.02185,5.2366,0.8702,2.8931
105174770,0.23608,-0.76892,0.63135,1.5649,-11.1374,-12.1756,-0.31006,-1.01501,-0.02136,5.4275,0.7863,3.6031
105175768,0.26892,-0.74719,0.77307,-1.3435,-10.4427,-11.7939,-0.31189,-1.01501,-0.02075,5.6183,0.6947,4.3359
105176771,0.31299,-0.70117,0.88892,-5.0000,-11.4733,-11.2824,-0.31299,-1.01477,-0.01990,5.8626,0.5725,5.0992
105177771,0.33484,-0.69092,0.93420,-4.8626,-13.1908,-11.1069,-0.31396,-1.01489,-0.01978,6.0992,0.4427,5.9008
105178770,0.33118,-0.71777,0.91577,-1.7939,-15.1908,-11.6565,-0.31531,-1.01514,-0.02039,6.3359,0.3130,6.7176
105179770,0.30444,-0.72839,0.82581,0.6107,-17.2901,-12.5038,-0.31641,-1.01550,-0.02124,6.5802,0.1985,7.5191
105180770,0.28406,-0.72632,0.76953,0.6489,-18.9695,-12.9695,-0.31665,-1.01501,-0.02258,6.8779,0.0840,8.3130
105181770,0.29382,-0.72583,0.78784,-0.0687,-20.1527,-13.2137,-0.31641,-1.01294,-0.02478,7.1985,-0.0458,9.0992
105182770,0.29553,-0.73376,0.80823,0.6794,-21.4656,-13.7405,-0.31592,-1.01062,-0.02686,7.5267,-0.1908,9.8702
105183770,0.27576,-0.72498,0.77234,1.8931,-22.4046,-14.6107,-0.31604,-1.00916,-0.02686,7.8626,-0.3664,10.6183
105184770,0.26440,-0.69629,0.75171,1.6947,-22.2595,-14.8931,-0.31604,-1.00879,-0.02612,8.2137,-0.5115,11.3359
105185771,0.25232,-0.65198,0.72766,-0.2977,-22.0153,-14.4656,-0.31519,-1.00891,-0.02600,8.5878,-0.6336,11.9847
105186770,0.24048,-0.60901,0.65747,-1.4198,-21.8244,-13.7176,-0.31433,-1.00867,-0.02490,8.9542,-0.7481,12.6031
105187770,0.24634,-0.60901,0.64270,-0.4427,-21.0305,-12.8321,-0.31433,-1.00659,-0.02246,9.3282,-0.8855,13.2061
105188770,0.26892,-0.62109,0.73022,0.1985,-20.3664,-12.0229,-0.31543,-1.00317,-0.01965,9.6947,-1.0534,13.8092
105189770,0.29590,-0.58582,0.81995,-1.0916,-21.0992,-11.4046,-0.31750,-1.00098,-0.01746,10.0382,-1.1985,14.3969
105190770,0.31262,-0.52832,0.84790,-2.6641,-22.9389,-10.5878,-0.31970,-0.99976,-0.01721,10.3664,-1.3359,14.9313
105191767,0.31848,-0.52100,0.85864,-2.6183,-24.7252,-9.4504,-0.32129,-0.99805,-0.01843,10.7252,-1.4962,15.3740
105192772,0.30444,-0.54895,0.82581,-1.5878,-26.6565,-8.6565,-0.32190,-0.99500,-0.01978,11.0916,-1.6870,15.7710
105193771,0.27979,-0.57507,0.74609,-0.6107,-28.3893,-8.2977,-0.32214,-0.99170,-0.02014,11.4504,-1.9084,16.1603
105194771,0.27539,-0.60254,0.73425,-0.2366,-29.0382,-7.9084,-0.32324,-0.98938,-0.01978,11.7863,-2.1374,16.4962
105195770,0.28699,-0.63464,0.79077,0.0458,-29.3817,-7.5191,-0.32422,-0.98694,-0.01892,12.0916,-2.3740,16.7710
105196768,0.28638,-0.65125,0.79114,0.9008,-30.2595,-7.5344,-0.32458,-0.98438,-0.01855,12.3969,-2.6031,16.9924
105197768,0.26746,-0.65161,0.72778,2.0458,-30.8397,-7.7023,-0.32446,-0.98132,-0.01721,13.0611,-3.0763,17.3282
105198768,0.24707,-0.65198,0.68811,2.2443,-30.6870,-7.5802,-0.32349,-0.97986,-0.01733,13.3969,-3.3053,17.4351
105199772,0.23022,-0.64197,0.63599,0.9008,-30.7481,-7.2366,-0.32227,-0.97827,-0.01770,13.7405,-3.5725,17.4733
105200770,0.21130,-0.64636,0.54578,-0.3893,-30.9695,-6.7099,-0.32056,-0.97754,-0.01697,14.0916,-3.8473,17.4580
105201770,0.20593,-0.68750,0.51160,-0.7176,-30.3435,-6.2366,-0.31897,-0.97620,-0.01550,14.4580,-4.0840,17.3969
105202770,0.21887,-0.71094,0.55762,-0.9466,-29.2443,-6.2366,-0.31750,-0.97412,-0.01392,14.8015,-4.3206,17.2977
105203770,0.22534,-0.67493,0.59888,-1.7786,-28.6260,-6.4351,-0.31567,-0.97205,-0.01172,15.1298,-4.5496,17.1756
105204771,0.22192,-0.61499,0.59131,-3.0229,-28.4198,-6.1527,-0.31323,-0.97046,-0.01062,15.4275,-4.7710,17.0000
105205770,0.21863,-0.59021,0.58826,-3.4885,-27.8931,-5.2977,-0.31152,-0.96912,-0.00977,15.7099,-4.9847,16.8168
105206770,0.22498,-0.59875,0.60144,-2.8092,-27.3511,-4.5573,-0.31067,-0.96753,-0.00806,15.9924,-5.1908,16.5954
105207770,0.23535,-0.62488,0.61218,-1.4198,-27.2061,-4.1603,-0.30994,-0.96533,-0.00781,16.2672,-5.3740,16.3664
105208770,0.24329,-0.65149,0.64539,-0.4198,-27.4275,-4.0840,-0.30945,-0.96313,-0.00793,16.5038,-5.5573,16.1069
105209770,0.25549,-0.64734,0.68555,-0.0382,-27.9924,-4.3282,-0.30896,-0.96155,-0.00696,16.7328,-5.7328,15.7939
105210770,0.26062,-0.62537,0.70825,0.2901,-28.7786,-4.4885,-0.30847,-0.96008,-0.00537,16.9466,-5.8855,15.5038
105211770,0.25330,-0.61621,0.70593,0.1527,-29.5267,-4.2137,-0.30786,-0.95935,-0.00415,17.1374,-6.0000,15.2519
105212771,0.24658,-0.63293,0.68872,-0.5496,-29.9847,-3.5954,-0.30701,-0.95911,-0.00452,17.2824,-6.0992,15.0382
105213770,0.23889,-0.65540,0.64795,-1.4809,-30.3893,-3.0534,-0.30640,-0.95874,-0.00635,17.4275,-6.1985,14.8244
105214770,0.22388,-0.66614,0.60120,-2.1985,-30.4809,-2.6412,-0.30554,-0.95874,-0.00903,17.5802,-6.2595,14.5802
105215770,0.22754,-0.66736,0.62048,-2.6489,-29.9008,-2.1756,-0.30420,-0.95862,-0.01099,17.7710,-6.3282,14.3130
105216767,0.24707,-0.65881,0.67297,-3.1679,-29.6870,-1.5878,-0.30371,-0.95813,-0.01147,17.9542,-6.4122,14.0763
105217766,0.24939,-0.64795,0.68555,-3.7099,-30.3588,-0.9237,-0.30383,-0.95679,-0.01208,18.1221,-6.5038,13.8702
105218769,0.24438,-0.64966,0.63672,-4.1603,-31.3817,-0.2901,-0.30371,-0.95544,-0.01306,18.2672,-6.5802,13.6718
105219771,0.24194,-0.68091,0.58240,-3.9084,-31.9008,0.2366,-0.30371,-0.95447,-0.01404,18.3969,-6.6489,13.4580
105220771,0.23047,-0.72266,0.54272,-3.4885,-32.1756,0.3817,-0.30322,-0.95386,-0.01428,18.5038,-6.7328,13.2214
105221771,0.21790,-0.73962,0.48315,-3.4809,-32.2977,0.0840,-0.30176,-0.95337,-0.01233,18.5954,-6.8321,12.9924
105222771,0.21008,-0.74231,0.43628,-3.6336,-31.7863,-0.2595,-0.29944,-0.95276,-0.01074,18.6870,-6.9160,12.7710
105223771,0.20239,-0.73511,0.42822,-3.7634,-30.5573,-0.5496,-0.29822,-0.95251,-0.01086,18.7863,-6.9542,12.5573
105224770,0.19080,-0.71655,0.39624,-4.0687,-29.2901,-0.7481,-0.29834,-0.95264,-0.01111,18.8931,-6.9542,12.3740
105225770,0.17566,-0.70715,0.32324,-4.4733,-27.7710,-0.7328,-0.29822,-0.95276,-0.01086,19.0000,-6.9618,12.2214
105226770,0.16895,-0.71570,0.29626,-4.5802,-25.5496,-0.5878,-0.29736,-0.95203,-0.01123,19.1221,-6.9618,12.0611
105227768,0.17639,-0.71521,0.32434,-4.6947,-23.3206,-0.6412,-0.29736,-0.95105,-0.01343,19.2519,-6.9466,11.8931
105228766,0.18677,-0.69788,0.34155,-4.9847,-21.8168,-0.7023,-0.29761,-0.94958,-0.01611,19.3511,-6.8855,11.7252
105229769,0.19543,-0.71375,0.36792,-4.9008,-19.6412,-0.1679,-0.29614,-0.94788,-0.01782,19.4275,-6.8015,11.5725
105230771,0.20203,-0.72339,0.37207,-5.2214,-18.7634,0.0305,-0.29346,-0.94775,-0.01855,19.4809,-6.7023,11.4275
105231771,0.19470,-0.72485,0.35815,-5.6565,-17.9237,0.1603,-0.29224,-0.94849,-0.01953,19.5115,-6.5573,11.3130
105232771,0.19141,-0.71973,0.36658,-6.1069,-16.7252,0.1985,-0.29211,-0.94849,-0.02039,19.5573,-6.3511,11.2214
105233770,0.19934,-0.71204,0.39990,-6.4656,-15.3588,0.3359,-0.29138,-0.94885,-0.02124,19.6336,-6.1221,11.1679
105234770,0.21094,-0.73413,0.44934,-6.3664,-14.0229,0.7099,-0.29065,-0.94910,-0.02209,19.7023,-5.8855,11.1374
105235770,0.23132,-0.78137,0.50708,-6.2595,-12.8779,0.9313,-0.29053,-0.94824,-0.02222,19.7557,-5.6336,11.1145
105236770,0.25073,-0.80627,0.56604,-6.5649,-12.0916,0.5802,-0.29102,-0.94641,-0.02209,19.7939,-5.3511,11.0992
105237770,0.26001,-0.77820,0.61511,-7.0458,-11.8321,-0.1985,-0.29150,-0.94434,-0.02234,19.8168,-5.0763,11.0916
105238768,0.26221,-0.73279,0.64734,-7.1527,-12.0916,-0.7557,-0.29102,-0.94263,-0.02283,19.8244,-4.7863,11.0763
105239772,0.26648,-0.72925,0.66907,-6.9466,-12.6641,-0.7786,-0.29077,-0.94092,-0.02246,19.8168,-4.5038,11.0534
105240771,0.27380,-0.77295,0.67847,-6.6718,-13.4351,-0.6718,-0.29126,-0.93872,-0.02173,19.7405,-4.2366,11.0076
105241771,0.27344,-0.81970,0.67761,-6.4504,-14.2137,-1.0000,-0.29248,-0.93616,-0.02209,19.6031,-3.9924,10.9313
105242770,0.27161,-0.82898,0.67004,-6.6412,-14.7176,-1.7023,-0.29443,-0.93408,-0.02185,19.4504,-3.7481,10.8397
105243770,0.26782,-0.80396,0.66431,-7.1069,-14.9313,-2.2061,-0.29663,-0.93140,-0.02136,19.2748,-3.5038,10.7176
105244770,0.25793,-0.77380,0.65088,-7.6489,-15.0611,-2.2595,-0.29871,-0.92822,-0.02124,19.0534,-3.3053,10.5802
105245770,0.25806,-0.76123,0.62207,-8.0992,-15.0305,-2.0000,-0.30103,-0.92517,-0.02100,18.8244,-3.1908,10.4427
105246768,0.26331,-0.78064,0.60693,-8.1069,-14.7481,-1.7405,-0.30359,-0.92236,-0.02173,18.5573,-3.1069,10.2595
105247768,0.26880,-0.80786,0.62415,-7.9771,-14.3359,-1.9160,-0.30530,-0.92053,-0.02283,18.2672,-3.0382,10.0076
105248772,0.28467,-0.81970,0.64783,-8.1374,-14.1679,-2.3664,-0.30554,-0.91956,-0.02405,17.9618,-2.9695,9.7176
105249771,0.29456,-0.82776,0.65894,-8.6794,-14.3511,-2.6947,-0.30664,-0.91833,-0.02490,17.5954,-2.9389,9.4427
105250770,0.28931,-0.82751,0.66541,-9.3817,-14.5420,-3.0229,-0.30847,-0.91699,-0.02539,17.1679,-2.9466,9.1679
105251770,0.28540,-0.80493,0.66284,-9.9695,-14.6031,-3.5115,-0.30945,-0.91589,-0.02515,16.7099,-3.0000,8.8321
105252768,0.28333,-0.79004,0.65222,-10.0916,-14.5420,-3.7786,-0.31018,-0.91479,-0.02429,16.2519,-3.1145,8.4504
105253767,0.28967,-0.81458,0.66760,-9.8626,-14.1756,-3.8092,-0.31128,-0.91272,-0.02478,15.7863,-3.2595,8.0458
105254768,0.31189,-0.85620,0.72424,-9.7710,-13.7176,-3.9847,-0.31238,-0.91040,-0.02551,15.3130,-3.4122,7.6641
105255771,0.32886,-0.87891,0.79126,-10.1374,-13.7023,-4.5267,-0.31287,-0.90820,-0.02527,14.8321,-3.6260,7.2824
105256771,0.33801,-0.86353,0.84412,-10.7557,-14.1527,-5.3817,-0.31323,-0.90625,-0.02539,14.3435,-3.8473,6.8779
105257771,0.34937,-0.82007,0.88330,-11.0534,-14.9847,-6.2366,-0.31384,-0.90430,-0.02661,13.8244,-4.0534,6.4427
105258770,0.35327,-0.79224,0.90906,-10.7023,-16.2901,-6.6870,-0.31445,-0.90271,-0.02759,13.2748,-4.2519,6.0305
105259770,0.35217,-0.80676,0.90088,-10.4122,-18.0763,-6.8015,-0.31470,-0.90186,-0.02795,12.7252,-4.4733,5.6336
105260770,0.35254,-0.83545,0.88281,-10.5878,-19.7939,-7.0305,-0.31470,-0.90161,-0.02966,12.1679,-4.7176,5.2595
105261770,0.34985,-0.83191,0.87988,-11.1221,-21.2290,-7.6183,-0.31458,-0.90112,-0.03113,11.6260,-4.9924,4.8855
105262770,0.34570,-0.79065,0.87366,-11.5802,-22.3893,-8.2137,-0.31433,-0.90027,-0.03162,11.0840,-5.2519,4.5420
105263770,0.33533,-0.74854,0.84851,-11.7710,-23.3511,-8.3435,-0.31494,-0.89929,-0.03235,10.5496,-5.4733,4.2443
105264770,0.32227,-0.72461,0.81311,-11.9084,-23.8855,-8.1298,-0.31494,-0.89929,-0.03259,10.0076,-5.6641,3.9542
105265770,0.31433,-0.70544,0.78455,-12.1374,-24.0687,-7.9618,-0.31445,-0.90027,-0.03345,9.4504,-5.8397,3.6718
105266770,0.30603,-0.67676,0.76501,-12.2901,-24.1832,-8.0000,-0.31396,-0.90063,-0.03430,8.9084,-6.0076,3.4198
105267770,0.30322,-0.65833,0.76599,-11.9695,-24.3130,-7.9847,-0.31372,-0.90039,-0.03479,8.4122,-6.1756,3.1679
105268770,0.30981,-0.66626,0.79163,-11.2137,-24.5725,-7.8931,-0.31433,-0.89917,-0.03601,7.9237,-6.3206,2.9084
105269770,0.30920,-0.68066,0.80054,-10.6183,-25.4046,-7.9237,-0.31506,-0.89758,-0.03625,7.4427,-6.4427,2.6641
105270768,0.29932,-0.67578,0.78223,-10.4504,-26.3588,-8.1679,-0.31458,-0.89648,-0.03381,6.9618,-6.5420,2.4046
105271771,0.29004,-0.65283,0.76562,-10.4885,-27.1145,-8.3282,-0.31287,-0.89478,-0.03125,6.4962,-6.5954,2.1908
105272771,0.28430,-0.64197,0.75818,-10.3359,-27.6489,-8.1450,-0.31140,-0.89294,-0.03052,6.0153,-6.6260,1.9771
105273770,0.28760,-0.65271,0.75061,-10.2214,-28.1603,-7.7176,-0.31067,-0.89148,-0.02991,5.5344,-6.6336,1.7786
105274770,0.28955,-0.68066,0.74255,-10.2519,-28.7481,-7.2672,-0.30981,-0.88940,-0.02954,5.0458,-6.6031,1.6031
105275770,0.28113,-0.70044,0.70837,-10.5496,-29.6565,-7.0840,-0.30859,-0.88696,-0.02966,4.5573,-6.5725,1.4198
105276767,0.26245,-0.69226,0.62695,-10.5725,-30.4733,-7.2137,-0.30847,-0.88464,-0.03027,4.0534,-6.5267,1.1756
105277772,0.25269,-0.69373,0.60193,-9.3206,-30.1298,-7.3206,-0.30945,-0.88257,-0.03101,3.5420,-6.4351,0.9160
105278771,0.26855,-0.72449,0.66479,-7.6947,-29.2061,-7.4427,-0.30969,-0.88159,-0.03052,3.0305,-6.3359,0.6870
105279770,0.27808,-0.75256,0.70215,-6.9160,-28.9695,-7.9695,-0.30957,-0.88147,-0.03088,2.5344,-6.2214,0.4351
105280770,0.26233,-0.75586,0.64343,-6.7405,-29.2137,-9.0687,-0.30945,-0.88147,-0.03210,2.0305,-6.0916,0.1527
105281770,0.24036,-0.74438,0.55725,-5.9618,-28.6718,-10.4733,-0.30933,-0.88147,-0.03333,1.5038,-5.9618,-0.1756
105282770,0.22314,-0.72839,0.51172,-4.6031,-27.3588,-11.9389,-0.30957,-0.88123,-0.03455,0.9847,-5.8397,-0.4809
105283770,0.21753,-0.71838,0.49231,-3.4504,-25.9160,-13.1298,-0.31018,-0.88062,-0.03552,0.4733,-5.7176,-0.7863
105284770,0.22571,-0.73254,0.50732,-2.8244,-24.5802,-13.8321,-0.31042,-0.87952,-0.03674,-0.0611,-5.5649,-1.0992
105285770,0.23694,-0.75293,0.55701,-2.8321,-23.4885,-14.3740,-0.31165,-0.87854,-0.03809,-0.6412,-5.4198,-1.4351
105286767,0.24438,-0.74634,0.58740,-2.9313,-22.8550,-14.9618,-0.31335,-0.87732,-0.03906,-1.2214,-5.2901,-1.8092
105287766,0.24426,-0.72009,0.57483,-2.6641,-22.4046,-15.3206,-0.31372,-0.87659,-0.04028,-1.8015,-5.1908,-2.2061
105288772,0.24915,-0.69373,0.58435,-2.3053,-21.6641,-15.2672,-0.31287,-0.87708,-0.04150,-2.3969,-5.1450,-2.6412
105289771,0.26477,-0.67126,0.63977,-2.2672,-21.1145,-14.9695,-0.31140,-0.87744,-0.04321,-3.0076,-5.1069,-3.0992
105290770,0.28162,-0.66785,0.69299,-2.1985,-21.2443,-14.6031,-0.31006,-0.87671,-0.04517,-3.6031,-5.0687,-3.6260
105291770,0.28943,-0.69226,0.71143,-1.8779,-21.8855,-14.5038,-0.30957,-0.87524,-0.04553,-4.1450,-5.0229,-4.1603
105292770,0.28894,-0.71899,0.71252,-1.2137,-22.4427,-14.9847,-0.30933,-0.87378,-0.04480,-4.6718,-4.9847,-4.7176
105293770,0.28516,-0.72595,0.70374,-0.5038,-22.8015,-15.9389,-0.30640,-0.87134,-0.04639,-5.7710,-4.9771,-5.9847
105294770,0.26904,-0.73462,0.68140,-0.0229,-23.0611,-16.7863,-0.30371,-0.86926,-0.04529,-6.2824,-5.0076,-6.7252
105295770,0.25159,-0.75952,0.66260,0.0305,-23.0458,-17.4656,-0.30115,-0.86743,-0.04346,-6.7328,-5.0687,-7.5191
105296770,0.25159,-0.77930,0.65796,0.0534,-22.5802,-18.3206,-0.29932,-0.86633,-0.04248,-7.1603,-5.1145,-8.3740
105297770,0.26721,-0.79089,0.68884,0.7405,-21.6718,-19.3053,-0.29773,-0.86511,-0.04248,-7.6031,-5.1298,-9.3435
105298771,0.28247,-0.77710,0.73389,1.2901,-21.0000,-20.3359,-0.29517,-0.86462,-0.04285,-8.0153,-5.1603,-10.4122
105299770,0.28174,-0.73511,0.75220,1.3206,-20.9771,-21.1298,-0.29150,-0.86462,-0.04272,-8.4122,-5.2443,-11.5420
105300771,0.27527,-0.69788,0.72925,1.1527,-21.4733,-21.4275,-0.28821,-0.86536,-0.04150,-8.8244,-5.3511,-12.7328
105301771,0.26904,-0.69604,0.69202,1.4275,-22.0534,-21.3053,-0.28540,-0.86560,-0.03857,-9.2290,-5.4580,-13.9771
105302771,0.26526,-0.71008,0.67395,1.9542,-22.5420,-21.3893,-0.28149,-0.86487,-0.03564,-9.6260,-5.5344,-15.3130
105303770,0.26941,-0.69983,0.66260,2.3359,-22.9847,-21.8702,-0.27686,-0.86438,-0.03479,-10.0229,-5.5878,-16.7405
105304770,0.26843,-0.67126,0.66052,2.6260,-23.2443,-22.3206,-0.27307,-0.86475,-0.03418,-10.3969,-5.6336,-18.2901
105305771,0.25769,-0.63806,0.65588,2.6718,-23.3511,-22.5649,-0.27087,-0.86584,-0.03345,-10.7481,-5.6489,-19.9466
105306771,0.24402,-0.61853,0.62146,2.8779,-23.2977,-22.6107,-0.26965,-0.86780,-0.03259,-11.0687,-5.6565,-21.7023
105307771,0.22498,-0.63110,0.55127,3.4198,-22.9924,-22.5267,-0.26758,-0.86987,-0.03040,-11.3664,-5.7023,-23.5802
105308771,0.20789,-0.65796,0.48792,3.9695,-22.1527,-22.6031,-0.26367,-0.87085,-0.02783,-11.6641,-5.7710,-25.6183
105309770,0.20154,-0.66333,0.46692,4.0382,-21.0992,-22.9160,-0.25879,-0.87073,-0.02600,-12.0305,-5.8550,-27.8550
105310770,0.20154,-0.63806,0.47522,3.2137,-20.2137,-23.0687,-0.25281,-0.86877,-0.02454,-12.4580,-5.9542,-30.2977
105311770,0.20593,-0.59973,0.50098,1.4809,-19.4962,-22.6794,-0.24487,-0.86597,-0.02368,-12.9466,-6.0687,-32.9771
105312770,0.20850,-0.56580,0.51843,-0.4275,-18.8931,-21.8550,-0.23645,-0.86340,-0.02344,-13.5496,-6.1908,-35.8626
105313770,0.20581,-0.54834,0.50073,-1.5725,-18.3053,-20.8702,-0.22815,-0.86011,-0.02319,-14.2824,-6.3588,-38.9847
105314771,0.20203,-0.54980,0.46606,-1.9542,-17.4427,-19.8626,-0.21753,-0.85693,-0.02258,-15.0992,-6.5496,-42.3588
105315770,0.20422,-0.55750,0.46436,-2.3740,-16.2901,-18.9008,-0.20520,-0.85522,-0.02258,-16.0076,-6.7634,-45.9618
105316770,0.20996,-0.55627,0.48669,-3.3588,-15.4275,-18.0382,-0.19312,-0.85498,-0.02319,-16.9924,-7.0000,-49.7481
105317770,0.21777,-0.54187,0.51270,-4.3206,-14.8626,-17.3511,-0.18091,-0.85583,-0.02454,-18.0153,-7.2214,-53.7252
105318770,0.23547,-0.52722,0.56897,-4.2366,-14.1908,-16.9313,-0.16858,-0.85730,-0.02661,-19.0305,-7.4427,-57.9237
105319770,0.25024,-0.51367,0.62793,-3.0611,-13.8092,-16.9084,-0.15698,-0.85999,-0.02832,-19.9847,-7.6489,-62.3435
105320770,0.23926,-0.49731,0.61548,-1.5802,-14.1603,-17.1221,-0.14478,-0.86499,-0.02979,-20.8855,-7.8397,-67.0000
105321770,0.20801,-0.49805,0.55103,-0.3817,-14.5038,-17.0992,-0.13293,-0.87073,-0.03149,-21.7099,-8.0076,-71.8244
105322770,0.18958,-0.54822,0.50867,0.4580,-14.1603,-16.6031,-0.12219,-0.87463,-0.03418,-22.3969,-8.1603,-76.8397
105323771,0.20251,-0.62573,0.50745,0.7863,-13.3359,-16.1679,-0.11157,-0.87646,-0.03711,-23.0000,-8.3359,-82.0916
105324770,0.21948,-0.65173,0.53540,0.6489,-12.3740,-16.3817,-0.10181,-0.87769,-0.04004,-23.6260,-8.5802,-87.5496
105325770,0.22510,-0.59009,0.57568,0.0992,-11.3817,-16.9160,-0.09167,-0.87805,-0.04248,-24.3511,-8.9084,-93.1450
105326770,0.22107,-0.50281,0.57922,-0.6412,-10.6718,-16.7099,-0.08191,-0.87708,-0.04358,-25.2290,-9.3130,-98.9618
105327768,0.20898,-0.47473,0.54614,-1.1450,-10.0840,-15.4580,-0.07251,-0.87598,-0.04370,-26.2901,-9.7786,-105.0153
105328772,0.20776,-0.51746,0.53650,-1.4275,-9.3511,-14.0382,-0.06201,-0.87488,-0.04395,-27.5649,-10.3511,-111.3206
105329771,0.22510,-0.56836,0.57373,-1.6260,-8.7710,-13.4198,-0.05029,-0.87280,-0.04578,-29.0153,-11.0611,-117.9008
105330770,0.23853,-0.56616,0.62463,-1.4504,-8.8092,-13.7023,-0.03735,-0.87012,-0.04761,-30.5954,-11.9008,-124.6947
105331767,0.23865,-0.50647,0.66565,-0.7405,-9.2977,-14.1832,-0.02380,-0.86780,-0.04993,-32.2748,-12.8626,-131.7023
105332772,0.23560,-0.45142,0.67688,0.1298,-10.0687,-13.9008,-0.01062,-0.86646,-0.05420,-34.0458,-13.9084,-138.9542
105333770,0.22449,-0.46240,0.65540,0.9008,-10.6870,-12.8015,0.00232,-0.86536,-0.05920,-35.8855,-15.0611,-146.4809
105334770,0.21045,-0.53125,0.62952,1.5649,-10.8244,-11.6794,0.01685,-0.86377,-0.06384,-37.7328,-16.3359,-154.2748
105335770,0.20703,-0.61243,0.61694,1.9924,-10.4351,-11.0916,0.03235,-0.86011,-0.06946,-39.5802,-17.6947,-162.3664
105336768,0.21216,-0.66919,0.62476,2.0000,-9.8931,-10.9008,0.04724,-0.85364,-0.07642,-41.4275,-19.1298,-170.7634
105337772,0.21106,-0.66858,0.63110,1.2137,-9.7328,-10.9924,0.06311,-0.84497,-0.08313,-43.3206,-20.6718,-179.4809
105338771,0.20325,-0.60144,0.61426,-0.2519,-10.0076,-11.0458,0.07947,-0.83472,-0.08960,-45.3130,-22.3359,-188.4733
105339770,0.19409,-0.52600,0.57886,-1.4122,-10.3511,-10.6336,0.09558,-0.82361,-0.09619,-47.3511,-24.1374,-197.7710
105340771,0.18457,-0.51038,0.57166,-1.3740,-10.4427,-9.7176,0.11316,-0.81116,-0.10303,-49.4275,-26.0840,-207.3817
105341771,0.18213,-0.55334,0.57788,-0.9084,-10.6107,-8.8779,0.13159,-0.79773,-0.10925,-51.6031,-28.1069,-217.2901
105342771,0.18506,-0.62207,0.57593,-0.7481,-10.8168,-8.3664,0.14990,-0.78394,-0.11523,-53.8779,-30.1832,-227.4504
105343771,0.18994,-0.67676,0.58374,-1.0458,-10.8397,-8.2824,0.16809,-0.76770,-0.12134,-56.2519,-32.3206,-237.8779
105344770,0.18518,-0.66321,0.57532,-1.4962,-10.8473,-8.7481,0.18652,-0.74805,-0.12561,-58.7557,-34.4885,-248.5344
105345770,0.16797,-0.59937,0.53296,-1.2061,-10.7328,-9.1985,0.20557,-0.72510,-0.12769,-61.4198,-36.7099,-250.1374
105346770,0.15344,-0.55725,0.49109,-0.0916,-10.1985,-9.0153,0.22705,-0.69861,-0.12891,-64.3206,-38.9466,-250.1374
105347770,0.14868,-0.56787,0.49756,0.9466,-9.3053,-8.3588,0.24988,-0.67126,-0.13037,-67.5420,-41.1450,-250.1374
105348768,0.15332,-0.59155,0.51331,0.7328,-8.8092,-7.8855,0.27124,-0.64612,-0.13281,-71.1374,-43.2748,-250.1374
105349772,0.16028,-0.60803,0.52405,-0.0763,-8.5573,-7.5573,0.28918,-0.62512,-0.13562,-75.0840,-45.3511,-250.1374
105350771,0.16882,-0.61548,0.55347,-0.8931,-8.3053,-7.2366,0.30383,-0.60925,-0.13940,-79.2977,-47.3969,-250.1374
105351771,0.17249,-0.59399,0.56323,-1.6031,-8.2901,-6.9237,0.31750,-0.59912,-0.14465,-83.7328,-49.4580,-250.1374
105352771,0.16333,-0.56165,0.53870,-2.1069,-8.4885,-6.2824,0.32971,-0.59314,-0.15015,-88.3053,-51.5573,-250.1374
105353770,0.15955,-0.55005,0.52539,-2.6336,-8.4275,-5.2061,0.33899,-0.58875,-0.15881,-92.9924,-53.8626,-250.1374
105354770,0.17395,-0.56763,0.55334,-3.1908,-8.2290,-4.0153,0.35181,-0.59595,-0.17285,-97.7481,-56.3206,-250.1374
105355770,0.18457,-0.59009,0.57715,-3.6183,-8.3817,-3.2214,0.36328,-0.60828,-0.18323,-102.4122,-58.5878,-250.1374
105356770,0.18286,-0.61133,0.59607,-3.4733,-8.5496,-2.7710,0.37061,-0.61255,-0.19409,-107.0534,-61.0000,-250.1374
105357770,0.17932,-0.61914,0.60327,-3.4198,-8.8473,-2.6107,0.38110,-0.61865,-0.20667,-111.6260,-63.4122,-250.1374
105358770,0.16492,-0.61230,0.56885,-3.2443,-9.2824,-2.4809,0.39368,-0.62671,-0.21606,-116.1450,-65.9008,-250.1374
105359770,0.15405,-0.62915,0.53894,-2.4198,-9.3664,-2.1145,0.41016,-0.63550,-0.22400,-120.6107,-68.3664,-250.1374
105360770,0.16418,-0.68628,0.52893,-1.7481,-9.3588,-1.5725,0.43115,-0.64246,-0.22754,-125.0076,-70.7634,-250.1374
105361771,0.17212,-0.74756,0.51965,-1.9237,-9.5649,-1.3359,0.45691,-0.64966,-0.22766,-129.3053,-72.9924,-250.1374
105362770,0.16895,-0.75464,0.48535,-2.6641,-9.9160,-1.7481,0.48730,-0.66089,-0.22400,-133.4656,-74.9924,-250.1374
105363770,0.13831,-0.72290,0.40173,-2.9847,-9.5267,-2.0916,0.52039,-0.67480,-0.21472,-137.2672,-76.6947,-250.1374
105364770,0.13086,-0.74121,0.37488,-3.3282,-8.7557,-1.7328,0.55627,-0.69336,-0.20056,-140.5954,-78.0076,-250.1374
105365770,0.13220,-0.76929,0.36914,-4.0000,-7.6947,-1.5496,0.59448,-0.71484,-0.18604,-143.3435,-78.8550,-250.1374
105366770,0.13794,-0.77112,0.37585,-4.9924,-6.5496,-1.7710,0.63416,-0.73767,-0.16992,-145.4198,-79.1908,-250.1374
105367768,0.14075,-0.74536,0.39355,-5.2214,-5.4198,-2.1908,0.67334,-0.76038,-0.15247,-146.8702,-78.9313,-250.1374
105368768,0.14368,-0.71985,0.40601,-4.7710,-4.5267,-2.4427,0.71191,-0.78296,-0.13672,-147.8092,-78.0992,-250.1374
105369772,0.15015,-0.71887,0.40662,-4.3053,-3.8473,-2.3893,0.74915,-0.80347,-0.12256,-148.3206,-76.7939,-250.1374
105370771,0.15564,-0.73633,0.41492,-4.0305,-3.2595,-2.3969,0.78333,-0.81958,-0.10876,-148.4198,-75.0076,-250.1374
105371771,0.16760,-0.75195,0.44165,-3.5115,-2.6794,-2.7328,0.84326,-0.85596,-0.05225,-148.2748,-72.7252,-250.1374
105372771,0.18079,-0.76074,0.47046,-2.7481,-2.3435,-3.2366,0.92542,-0.89697,0.02966,-147.8168,-69.3511,-250.1374
105373770,0.17896,-0.75842,0.48999,-2.0840,-2.1298,-3.7557,0.98877,-0.91760,0.08484,-146.7786,-64.3435,-250.1374
105374770,0.18140,-0.73901,0.47827,-1.9389,-1.9924,-4.0687,1.03076,-0.93213,0.11206,-145.4885,-58.1756,-250.1374
105375770,0.18774,-0.73511,0.43188,-2.9542,-1.6641,-3.5802,1.05212,-0.93237,0.10388,-144.2748,-51.4580,-250.1374
105376770,0.21008,-0.79297,0.51868,-5.5191,-0.0382,-1.9847,1.07178,-0.94299,0.09985,-143.2901,-44.7634,-250.1374
105377770,0.27783,-0.83740,0.75171,-10.7786,1.2137,-0.3282,1.09131,-0.95642,0.09351,-142.1679,-38.0382,-250.1374
105378770,0.30615,-0.77527,0.83337,-17.2595,-0.6260,0.5954,1.10339,-0.96411,0.07825,-140.7405,-31.0153,-250.1374
105379770,0.26489,-0.67346,0.68433,-20.8550,-3.5191,1.4351,1.12061,-0.98267,0.07678,-139.0153,-23.8473,-250.1374
105380770,0.25391,-0.64319,0.58948,-20.7634,-4.2214,3.0153,1.13354,-1.00146,0.06494,-136.8397,-16.3817,-250.1374
105381770,0.28967,-0.67090,0.71399,-21.1679,-3.9389,5.0534,1.14856,-1.03113,0.05188,-134.0687,-8.7328,-250.1374
105382770,0.32825,-0.66699,0.85071,-25.1985,-5.7176,6.8092,1.17053,-1.07568,0.03809,-130.4427,-0.9847,-250.1374
105383770,0.34827,-0.66284,0.87109,-28.7710,-8.7710,8.2977,1.18677,-1.12329,0.01355,-125.5420,7.0840,-250.1374
105384770,0.34583,-0.71729,0.84558,-28.0763,-11.0000,9.1832,1.19775,-1.16638,-0.00610,-119.2748,15.4351,-250.1374
105385771,0.31958,-0.75891,0.75769,-25.2443,-12.4809,8.9618,1.20728,-1.20435,-0.02026,-111.9237,23.8321,-250.1374
105386771,0.27148,-0.73511,0.62024,-24.1374,-13.5573,8.3969,1.21008,-1.23181,-0.03882,-103.9542,32.2290,-250.1374
105387771,0.23767,-0.67566,0.53870,-25.8397,-13.9237,8.4504,1.21021,-1.25244,-0.05176,-95.7023,40.5802,-250.1374
105388770,0.23584,-0.66016,0.53223,-27.5878,-13.9924,9.3053,1.20764,-1.26489,-0.06750,-87.4580,48.7481,-250.1374
105389770,0.24341,-0.73584,0.52344,-27.4656,-13.9313,10.2519,1.20398,-1.27197,-0.08325,-79.4198,56.6641,-250.1374
105390770,0.24902,-0.84631,0.52612,-26.8626,-13.1069,10.6031,1.19580,-1.28149,-0.12000,-64.1221,71.5573,-250.1374
105391771,0.24695,-0.87903,0.53784,-28.4351,-12.1527,10.2061,1.18762,-1.28223,-0.13599,-56.8550,78.8626,-250.1374
105392770,0.22180,-0.80066,0.47131,-31.5115,-11.8321,9.9160,1.18250,-1.28601,-0.15002,-49.9771,85.6870,-250.1374
105393771,0.17920,-0.73730,0.35889,-32.5573,-11.2901,10.7328,1.18030,-1.28943,-0.16833,-43.4656,92.1832,-250.1374
105394770,0.17444,-0.78772,0.33093,-30.9313,-9.5038,12.2214,1.17627,-1.29346,-0.16492,-37.3282,98.3206,-250.1374
105395770,0.22534,-0.93652,0.45544,-28.2977,-7.0992,13.3359,1.17395,-1.29773,-0.16479,-31.7557,103.2901,-250.1374
105396770,0.27649,-1.08289,0.60669,-26.8550,-6.3282,13.0000,1.17078,-1.30371,-0.17761,-26.6565,107.3817,-250.1374
105397770,0.29102,-1.10986,0.63086,-27.3511,-7.2824,10.9466,1.16833,-1.31421,-0.18555,-21.9542,110.9389,-250.1374
105398770,0.28223,-1.03760,0.59009,-27.3588,-7.9924,8.3206,1.15881,-1.31079,-0.19666,-17.6107,114.0992,-250.1374
105399770,0.27600,-0.98193,0.56970,-25.0534,-7.9771,6.2595,1.13293,-1.27942,-0.19800,-13.8321,116.4656,-250.1374
105400770,0.27588,-0.99475,0.56873,-22.1069,-7.9542,4.6336,1.08557,-1.19800,-0.18457,-10.7252,117.5878,-250.1374
105401770,0.28186,-1.02527,0.57422,-21.0534,-8.2748,2.7634,1.07202,-1.16675,-0.18005,-8.4122,116.8321,-250.1374
105402771,0.29163,-1.02649,0.59338,-21.3435,-8.6947,0.7557,1.09900,-1.16309,-0.17773,-6.9466,115.1908,-250.1374
105403771,0.29395,-0.98706,0.61267,-21.5649,-8.9771,-1.0382,1.11755,-1.11951,-0.14868,-6.0687,114.1527,-250.1374
105404770,0.27966,-0.91614,0.58557,-21.3511,-9.1908,-2.1374,1.16187,-1.11877,-0.11682,-5.5038,113.3282,-250.1374
105405770,0.25793,-0.86475,0.53149,-21.0000,-9.0305,-2.0305,1.22839,-1.15405,-0.09131,-4.8626,113.1908,-250.1374
105406770,0.24316,-0.84985,0.48181,-21.5802,-8.6412,-1.0763,1.26367,-1.15308,-0.05188,-3.7710,114.1756,-250.1374
105407771,0.23694,-0.84619,0.45740,-22.8321,-8.0687,-0.0840,1.26562,-1.11914,0.00220,-2.0916,115.5038,-250.1374
105408770,0.23535,-0.83850,0.46619,-23.8779,-7.5420,0.5038,1.28528,-1.15845,0.02014,0.3511,116.4122,-250.1374
105409770,0.23608,-0.82727,0.50488,-24.3740,-6.9771,0.7405,1.32788,-1.28308,0.00854,3.3969,117.7405,-250.1374
105410770,0.24329,-0.81799,0.54822,-24.7252,-6.5802,0.7939,1.34302,-1.38086,0.00305,6.8473,119.9389,-250.1374
105411770,0.25623,-0.82166,0.56531,-25.0305,-6.4275,0.6870,1.31921,-1.41345,-0.00037,10.9313,122.4809,-250.1374
105412770,0.27051,-0.83521,0.57654,-25.1908,-6.4122,0.2595,1.30237,-1.46094,-0.00806,15.8779,124.2366,-250.1374
105413770,0.32214,-0.78784,0.47400,-25.9695,-7.2672,-0.9695,1.30725,-1.54163,-0.04028,21.7176,125.5038,-250.1374
105414770,0.33728,-0.67664,0.04492,-29.0611,-9.0153,-1.7328,1.30420,-1.60791,-0.06592,28.2519,127.3511,-250.1374
105415770,0.24561,-0.61401,-0.09570,-39.2290,-4.6718,1.5878,1.28394,-1.63757,-0.07886,35.0382,129.4275,-250.1374
105416770,0.35645,-0.59009,0.94348,-64.2748,7.1527,10.6870,1.25439,-1.64246,-0.10657,41.6107,131.1069,-250.1374
105417770,0.64319,-0.35999,1.99994,-104.3359,7.9695,22.3893,1.21863,-1.63977,-0.13501,47.6031,132.0840,-250.1374
105418770,0.62842,-0.00024,1.62476,-141.4885,-7.2977,35.2977,1.17773,-1.62988,-0.16785,52.8015,132.3130,-250.1374
105419770,0.44666,-0.00586,0.51941,-158.4351,-15.9695,52.0458,1.12915,-1.61462,-0.20947,57.0305,131.9542,-250.1374
105420768,0.51917,-0.37415,0.85376,-170.5496,-9.8779,72.6947,1.07288,-1.61279,-0.25452,60.1679,130.8473,-250.1374
105421772,0.81067,-0.48535,1.99994,-206.1221,-12.0687,93.1450,1.00684,-1.62170,-0.30933,62.2595,128.8931,-250.1374
105422771,0.97791,-0.07935,1.99994,-250.1374,-33.6260,110.4733,0.93347,-1.63220,-0.36304,63.4122,125.8855,-250.1374
105423770,0.98547,0.15417,1.99994,-250.1374,-54.0076,126.3282,0.86621,-1.64478,-0.40527,63.8321,121.7176,-250.1374
105424771,1.04053,-0.21704,1.99994,-250.1374,-62.6718,139.1298,0.81421,-1.65527,-0.43298,63.8244,116.7405,-250.1374
105425770,0.94580,-0.68079,1.99994,-250.1374,-75.6107,145.0534,0.77722,-1.66077,-0.43921,63.6565,111.3359,-250.1374
105426770,0.64819,-0.75952,1.68604,-250.1374,-94.3893,144.5725,0.74866,-1.65894,-0.43445,63.5649,105.5420,-250.1374
105427771,0.54492,-0.72437,1.01221,-250.1374,-103.8550,142.6489,0.72327,-1.64038,-0.42297,63.5725,99.6718,-250.1374
105428771,0.65039,-1.06714,1.15271,-250.1374,-104.2366,140.1221,0.70203,-1.60913,-0.39929,63.5496,93.8473,-250.1374
105429771,0.59985,-1.63074,1.14368,-246.7176,-106.9924,133.2214,0.69409,-1.60095,-0.36731,63.3130,88.0382,-250.1374
105430771,0.37610,-1.86096,0.62305,-244.0000,-110.1374,123.1145,0.69861,-1.60852,-0.33386,63.0153,82.2519,-250.1374
105431770,0.19531,-1.66809,0.11450,-250.1374,-107.6718,117.0000,0.70081,-1.59412,-0.29761,62.7176,76.8931,-250.1374
105432770,0.13281,-1.36523,-0.11145,-250.1374,-98.9618,116.7557,0.70117,-1.57043,-0.25391,62.3893,71.9466,-250.1374
105433771,0.17810,-1.23950,-0.09961,-250.1374,-87.7099,119.0153,0.70605,-1.55103,-0.20837,61.8779,67.2290,-250.1374
105434771,0.22107,-1.35193,0.05298,-250.1374,-78.6947,121.1221,0.71277,-1.52686,-0.16382,61.1985,62.7710,-250.1374
105435771,0.19958,-1.43188,0.04138,-250.1374,-76.6565,122.1908,0.72083,-1.50317,-0.11975,60.4198,58.7710,-250.1374
105436771,0.14636,-1.24268,-0.23608,-250.1374,-78.7863,122.3130,0.72913,-1.48535,-0.07751,59.6183,55.2595,-250.1374
105437770,0.15833,-0.90454,-0.19116,-250.1374,-77.4427,122.6183,0.73621,-1.46497,-0.03723,58.8931,52.2595,-250.1374
105438770,0.30920,-0.76233,0.42456,-250.1374,-72.9542,123.8626,0.74280,-1.44250,0.00098,58.3053,49.6870,-250.1374
105439770,0.45020,-1.05811,0.88013,-241.9466,-73.7634,125.4885,0.74609,-1.41760,0.03394,57.7786,47.5725,-250.1374
105440770,0.42786,-1.69336,0.66431,-231.1527,-79.4427,125.6870,0.74792,-1.39075,0.06421,57.2137,45.8244,-250.1374
105441770,0.37402,-2.00000,0.37952,-232.2672,-80.8779,122.2748,0.74939,-1.36902,0.09070,56.6107,44.3664,-250.1374
105442770,0.40784,-2.00000,0.35107,-238.9313,-78.8779,115.1985,0.74609,-1.34961,0.11035,55.9847,43.1450,-250.1374
105443770,0.39612,-1.97485,0.24304,-240.7863,-78.6031,107.6565,0.73950,-1.33081,0.12695,55.3053,42.0840,-250.1374
105444768,0.33459,-1.74377,0.08984,-236.3969,-78.2977,104.5954,0.72888,-1.31653,0.14038,54.5725,41.1679,-250.1374
105445767,0.34937,-1.86279,0.19861,-234.7939,-75.6718,106.3893,0.71619,-1.30542,0.15051,53.8397,40.3588,-250.1374
105446772,0.42371,-2.00000,0.49268,-242.6565,-73.2595,108.5954,0.70593,-1.29346,0.15979,53.1069,39.6107,-250.1374
105447770,0.48462,-2.00000,0.65393,-250.1374,-73.1069,107.3206,0.69592,-1.28113,0.16260,52.3130,38.9618,-250.1374
105448771,0.48486,-1.99915,0.57019,-250.1374,-74.1908,103.7557,0.68530,-1.27051,0.16272,51.3740,38.3511,-250.1374
105449771,0.43054,-1.82996,0.42078,-250.1374,-74.3206,100.6718,0.67676,-1.25708,0.16296,50.2061,37.7328,-250.1374
105450771,0.42078,-1.70642,0.42004,-250.1374,-73.8550,98.4351,0.66968,-1.23962,0.16028,48.7863,37.0687,-250.1374
105451770,0.48401,-1.61938,0.54651,-250.1374,-75.4427,95.8397,0.66345,-1.22412,0.15479,47.0305,36.3435,-250.1374
105452770,0.50378,-1.59888,0.55603,-250.1374,-79.9008,91.9313,0.65674,-1.20813,0.14795,44.9008,35.5802,-250.1374
105453771,0.54028,-1.67932,0.53748,-246.4046,-82.7481,87.0611,0.64966,-1.19287,0.14014,42.3817,34.7099,-250.1374
105454771,0.32019,-1.38660,0.48730,-239.4427,-85.2672,79.4122,0.64307,-1.18091,0.13062,39.5038,33.7328,-250.1374
105455771,-0.26782,-0.47864,-0.66309,-240.1756,-90.6718,73.0229,0.63599,-1.16870,0.11987,36.3359,32.6641,-250.1374
105456770,-0.20483,-0.54688,-2.00000,-241.2824,-76.3969,88.8779,0.62878,-1.15967,0.10815,33.0153,31.4962,-250.1374
105457770,0.88977,-2.00000,-1.28540,-250.1374,-11.5344,126.5496,0.62170,-1.15466,0.09363,29.6183,30.1985,-250.1374
105458770,1.94775,-2.00000,1.99994,-250.1374,50.8397,172.0534,0.61523,-1.14917,0.07812,26.1679,28.8168,-250.1374
105459771,1.78174,-2.00000,1.99994,-250.1374,27.4504,198.8931,0.61060,-1.14539,0.06201,22.7786,27.3053,-250.1374
105460770,0.81262,-2.00000,0.62927,-250.1374,3.8092,182.6565,0.60718,-1.14453,0.04236,19.5267,25.7176,-250.1374
105461770,0.93079,0.33313,1.39807,-250.1374,59.7252,169.0153,0.60571,-1.14246,0.02222,16.4733,23.9924,-250.1374
105462770,1.99994,1.99994,1.99994,-250.1374,98.4275,208.7863,0.60706,-1.13977,0.00024,13.6336,22.1298,-250.1374
105463770,1.99994,0.25037,1.99994,-250.1374,48.1527,250.1298,0.60962,-1.13684,-0.02332,11.0153,20.1527,-250.1374
105464770,1.99994,-2.00000,1.99994,-250.1374,-42.9542,250.1298,0.61218,-1.13342,-0.04395,8.6336,18.0153,-250.1374
105465771,1.99994,-2.00000,1.99994,-250.1374,-114.1374,250.1298,0.61279,-1.12878,-0.06360,6.5496,15.6870,-250.1374
105466771,1.99994,-2.00000,1.99994,-250.1374,-186.8855,250.1298,0.61157,-1.12366,-0.08350,4.7481,13.1527,-250.1374
105467770,1.99994,-2.00000,1.99994,-250.1374,-250.1374,250.1298,0.60974,-1.11523,-0.10083,3.1832,10.3817,-250.1374
105468770,1.99994,-2.00000,1.99994,-250.1374,-250.1374,250.1298,0.60706,-1.10291,-0.11572,1.7939,7.3969,-250.1374
105469771,1.99994,-1.65283,1.99994,-250.1374,-250.1374,237.2290,0.60400,-1.09058,-0.12854,0.5191,4.1985,-230.6107
105470771,1.99994,-1.09839,1.99994,-250.1374,-250.1374,226.7710,0.59973,-1.07593,-0.14001,-0.6641,0.8092,-208.7023
105471770,1.94946,-2.00000,1.99994,-250.1374,-250.1374,230.9542,0.59485,-1.05908,-0.15002,-1.7634,-2.7557,-187.4885
105472770,1.59302,-2.00000,1.99994,-250.1374,-250.1374,216.0382,0.59021,-1.03931,-0.15796,-2.8015,-6.5115,-166.8550
105473770,1.31372,-2.00000,1.99994,-250.1374,-250.1374,177.2519,0.58508,-1.01343,-0.16479,-3.7939,-10.3664,-146.7634
105474771,0.53943,-2.00000,1.16443,-250.1374,-250.1374,135.1527,0.58093,-0.98682,-0.16772,-4.7023,-14.3053,-127.2290
105475771,0.16016,-2.00000,-0.49695,-250.1374,-250.1374,122.5038,0.57996,-0.96069,-0.16858,-5.5725,-18.4122,-108.4962
105476771,0.12097,-1.42639,-0.80396,-250.1374,-250.1374,153.7252,0.58191,-0.92969,-0.16907,-6.4122,-22.6260,-90.7252
105477771,0.35510,-2.00000,0.91357,-250.1374,-250.1374,193.9389,0.58398,-0.89441,-0.16675,-7.1985,-26.8168,-74.0305
105478771,0.87073,-2.00000,1.99994,-250.1374,-248.5496,208.5725,0.58472,-0.85730,-0.16467,-7.8931,-30.9695,-58.2290
105479771,1.40491,-2.00000,1.99994,-250.1374,-224.4046,213.0763,0.58398,-0.81885,-0.16077,-8.5267,-35.0611,-43.3511
105480770,1.99994,-2.00000,1.99994,-250.1374,-210.4733,222.1374,0.58240,-0.77808,-0.15491,-9.0992,-39.1450,-29.4427
105481770,1.99994,-2.00000,1.99994,-250.1374,-227.4046,222.8397,0.57935,-0.73535,-0.14819,-9.6565,-43.1603,-16.5496
105482770,1.99994,-2.00000,1.99994,-250.1374,-250.1374,214.9389,0.57654,-0.69031,-0.13989,-10.2595,-47.0840,-4.6565
105483770,1.99994,-2.00000,1.99994,-250.1374,-250.1374,212.7099,0.57507,-0.64355,-0.13245,-10.9542,-50.8855,6.2443
105484767,1.99994,-2.00000,1.99994,-250.1374,-250.1374,209.8321,0.57471,-0.59644,-0.12622,-11.7481,-54.5725,16.1527
105485771,1.99994,-2.00000,1.99994,-250.1374,-250.1374,189.2443,0.57678,-0.54883,-0.11792,-12.5954,-58.1374,25.0687
105486771,1.99994,-2.00000,1.99994,-250.1374,-250.1374,153.3282,0.58154,-0.50122,-0.10901,-13.5115,-61.5878,33.0687
105487770,1.99994,-2.00000,1.99994,-250.1374,-250.1374,114.6183,0.59937,-0.41199,-0.09546,-15.4504,-68.1145,46.3511
105488770,1.57593,-2.00000,1.99994,-250.1374,-250.1374,80.6641,0.61023,-0.37183,-0.08887,-16.4504,-71.1756,51.6489
105489770,0.87390,-2.00000,1.99994,-250.1374,-250.1374,66.2519,0.62317,-0.33582,-0.08167,-17.4122,-74.0534,56.0916
105490771,0.71118,-2.00000,1.99994,-250.1374,-250.1374,74.6794,0.63599,-0.30090,-0.07385,-18.3053,-76.7328,59.6565
105491770,0.53040,-2.00000,1.99994,-250.1374,-250.1374,79.1985,0.64758,-0.26929,-0.06689,-19.1450,-79.2214,62.3588
105492770,0.34216,-2.00000,1.97974,-250.1374,-250.1374,64.6412,0.65942,-0.24158,-0.06091,-19.9313,-81.5573,64.2290
105493770,0.44019,-2.00000,1.14294,-250.1374,-250.1374,51.9924,0.67163,-0.21643,-0.05457,-20.6031,-83.7481,65.2748
105494771,0.06641,-2.00000,1.99994,-250.1374,-250.1374,21.1756,0.68445,-0.19385,-0.04785,-21.1603,-85.7786,65.4733
105495771,-0.42078,-1.51440,1.99994,-250.1374,-250.1374,-1.6641,0.69617,-0.17029,-0.04163,-21.6183,-87.5725,64.8244
105496771,-0.55786,-0.60156,1.41943,-250.1374,-250.1374,1.5954,0.70789,-0.14600,-0.03503,-21.9160,-89.1298,63.4885
105497771,-0.36914,-1.33960,1.42334,-250.1374,-250.1374,8.1756,0.72229,-0.12512,-0.02759,-22.0153,-90.4962,61.5725
105498771,-0.30090,-1.56970,1.55103,-250.1374,-250.1374,-8.8473,0.73767,-0.10632,-0.01978,-21.8779,-91.7176,59.0000
105499771,-0.37793,-0.98706,1.37537,-250.1374,-250.1374,-31.9771,0.75342,-0.08923,-0.01257,-21.5038,-92.7405,55.7481
105500770,-0.40454,-1.24744,1.08533,-250.1374,-250.1374,-32.5191,0.76917,-0.07434,-0.00647,-20.8855,-93.5115,51.8550
105501771,-0.28052,-2.00000,1.03418,-250.1374,-250.1374,-19.5038,0.78516,-0.06079,0.00073,-20.0076,-94.1069,47.3359
105502771,-0.34387,-2.00000,1.11731,-250.1374,-250.1374,-26.6031,0.80029,-0.04834,0.00818,-18.9008,-94.5344,42.2443
105503770,-0.64832,-2.00000,0.88574,-250.1374,-250.1374,-57.2595,0.81494,-0.03748,0.01453,-17.6183,-94.7481,36.6107
105504771,-0.91077,0.20532,0.20251,-250.1374,-250.1374,-76.7328,0.82751,-0.02771,0.02002,-16.1527,-94.7557,30.4809
105505770,-0.95618,0.28577,-0.08105,-250.1374,-250.1374,-59.7939,0.83777,-0.01929,0.02417,-14.5344,-94.6031,23.8321
105506771,-0.82422,-2.00000,0.16711,-250.1374,-250.1374,-33.3893,0.84595,-0.01221,0.02710,-12.7939,-94.2824,16.7099
105507771,-0.76709,-2.00000,0.18042,-250.1374,-250.1374,-40.0076,0.85229,-0.00562,0.02747,-10.9695,-93.8092,9.1985
105508771,-0.78979,-2.00000,0.03186,-250.1374,-250.1374,-79.9313,0.85815,0.00012,0.02625,-9.0992,-93.2214,1.3435
105509771,-0.81580,-1.92615,0.28345,-250.1374,-250.1374,-118.9389,0.86414,0.00488,0.02429,-7.1985,-92.5496,-6.7863
105510771,-0.81714,-0.33582,0.57617,-250.1374,-250.1374,-131.6947,0.87146,0.01001,0.02173,-5.3053,-91.8092,-15.1374
105511771,-0.84692,-0.46680,0.24683,-250.1374,-250.1374,-122.4580,0.87964,0.01538,0.01880,-3.4504,-90.9847,-23.6489
105512771,-0.87439,-1.78223,-0.01086,-250.1374,-250.1374,-114.6870,0.88770,0.01953,0.01538,-1.6107,-90.1221,-32.3053
105513771,-0.71301,-2.00000,0.42090,-250.1374,-250.1374,-126.3130,0.89563,0.02246,0.01147,0.1908,-89.2290,-40.9924
105514771,-0.69189,-2.00000,0.87451,-250.1374,-250.1374,-153.8397,0.90356,0.02454,0.00732,1.9542,-88.2824,-49.6565
105515771,-1.26721,-1.57458,0.73413,-250.1374,-250.1374,-181.4656,0.91077,0.02478,0.00269,3.6565,-87.3282,-58.2290
105516771,-1.63098,0.07373,-0.00171,-250.1374,-250.1374,-195.7939,0.91626,0.02246,-0.00134,5.2977,-86.3588,-66.6031
105517771,-1.55164,0.60974,-0.79407,-250.1374,-250.1374,-186.3206,0.92078,0.01782,-0.00488,6.8855,-85.3511,-74.7786
105518771,-1.32471,-1.73950,-0.69446,-250.1374,-250.1374,-160.7481,0.92432,0.01038,-0.00903,8.4122,-84.2901,-82.8702
105519771,-1.23132,-2.00000,0.33813,-250.1374,-250.1374,-177.1832,0.92517,0.00305,-0.01416,9.8626,-83.2214,-90.8321
105520771,-2.00000,-1.59204,0.00085,-250.1374,-250.1374,-250.1374,0.92554,-0.00500,-0.01868,11.2519,-82.1527,-98.4046
105521771,-2.00000,1.99994,-2.00000,-250.1374,-250.1374,-250.1374,0.92712,-0.01648,-0.02136,12.6107,-81.0153,-105.5191
105522771,-2.00000,1.99994,-2.00000,-250.1374,-250.1374,-250.1374,0.92957,-0.02856,-0.02380,13.9466,-79.8244,-112.1985
105523771,-2.00000,0.09900,-2.00000,-250.1374,-250.1374,-165.4656,0.93298,-0.04150,-0.02698,15.2901,-78.6336,-118.4580
105524771,-2.00000,-2.00000,-1.42603,-250.1374,-250.1374,-149.8092,0.93750,-0.05603,-0.03198,16.6565,-77.4733,-124.2824
105525770,-2.00000,-0.53809,-2.00000,-250.1374,-250.1374,-249.5802,0.94312,-0.07141,-0.03809,18.0687,-76.2977,-129.6412
105526771,-2.00000,1.99994,-2.00000,-250.1374,-250.1374,-250.1374,0.94897,-0.08813,-0.04309,19.5267,-75.1221,-134.4962
105527771,-2.00000,1.99994,-2.00000,-250.1374,-222.7863,-217.6718,0.95471,-0.10535,-0.04639,21.0000,-73.9771,-138.8244
105528771,-2.00000,1.99994,-0.90625,-250.1374,-174.2290,-173.3282,0.95972,-0.12195,-0.04980,22.4885,-72.9008,-142.6183
105529771,-2.00000,1.99994,-2.00000,-250.1374,-178.2595,-177.8931,0.96289,-0.13794,-0.05371,23.9084,-71.8855,-145.9084
105530770,-2.00000,1.99994,-2.00000,-250.1374,-167.3893,-154.9313,0.96448,-0.15393,-0.05762,25.1908,-70.9084,-148.7252
105531771,-2.00000,-0.20471,-2.00000,-250.1374,-142.3435,-124.4198,0.96594,-0.16882,-0.06165,26.3435,-70.0229,-151.0458
105532771,-1.66968,-0.63660,-1.13574,-250.1374,-144.0458,-153.2519,0.96777,-0.18201,-0.06409,27.3588,-69.2443,-152.8550
105533770,-1.24768,1.99994,-1.59497,-250.1374,-167.5725,-196.9084,0.96924,-0.19458,-0.06726,28.1985,-68.5496,-154.1832
105534770,-1.28235,1.99994,-0.95654,-250.1374,-174.3893,-192.9466,0.97058,-0.20764,-0.07104,28.8702,-67.9466,-155.0458
105535770,-1.18225,1.99994,0.23169,-250.1374,-170.4351,-168.0153,0.97253,-0.22144,-0.07312,29.4122,-67.4427,-155.4351
105536770,-1.60095,1.99994,-0.78125,-250.1374,-181.1832,-171.9618,0.97571,-0.23560,-0.07617,29.8015,-67.0534,-155.3511
105537770,-2.00000,1.99994,-2.00000,-250.1374,-187.3130,-186.3588,0.97925,-0.24951,-0.08118,30.0611,-66.7328,-154.8244
105538770,-2.00000,1.99994,-2.00000,-250.1374,-168.8473,-185.1298,0.98413,-0.26355,-0.08472,30.2214,-66.4427,-153.8550
105539770,-1.82947,1.99994,-2.00000,-250.1374,-160.2290,-178.5420,0.99011,-0.27795,-0.08594,30.3206,-66.2519,-152.4427
105540770,-2.00000,1.99994,-2.00000,-250.1374,-167.2672,-164.0000,0.99524,-0.29285,-0.08765,30.3740,-66.1298,-150.5802
105541771,-2.00000,1.99994,-2.00000,-250.1374,-154.8092,-147.1832,0.99915,-0.30762,-0.08936,30.4122,-66.0153,-148.3130
105542771,-2.00000,1.99994,-2.00000,-250.1374,-123.5649,-125.8168,1.00171,-0.32251,-0.08972,30.4198,-65.9237,-145.6641
105543771,-2.00000,1.99994,-2.00000,-250.1374,-98.1298,-105.7863,1.00281,-0.33704,-0.08850,30.3435,-65.8397,-142.6260
105544770,-2.00000,1.99994,-2.00000,-250.1374,-80.6565,-103.4656,1.00232,-0.35144,-0.08569,30.1985,-65.7557,-139.2519
105545770,-2.00000,1.99994,-2.00000,-250.1374,-49.1145,-92.3893,1.00085,-0.36584,-0.08459,30.0153,-65.6718,-135.6031
105546770,-2.00000,1.99994,-2.00000,-250.1374,-19.3969,-61.0000,1.00061,-0.37939,-0.08411,29.8244,-65.5725,-131.6794
105547770,-2.00000,1.99994,-2.00000,-250.1374,-8.0229,-35.3664,1.00232,-0.39099,-0.08215,29.6641,-65.4504,-127.5267
105548768,-1.73083,1.99994,-2.00000,-250.1374,-0.6565,-28.7557,1.00403,-0.40100,-0.08105,29.5420,-65.2977,-123.1069
105549772,-1.15735,1.99994,-0.86719,-250.1374,9.2977,-37.7176,1.00598,-0.40906,-0.08167,29.4198,-65.0992,-118.4122
105550771,-0.89795,1.99994,0.54224,-250.1374,4.0076,-49.9237,1.00830,-0.41467,-0.08240,29.3282,-64.8550,-113.5344
105551771,-0.94727,1.99994,-0.02710,-250.1374,-18.0916,-52.3511,1.01001,-0.41870,-0.08130,29.2672,-64.5420,-108.5954
105552770,-1.20935,1.99994,-0.97961,-250.1374,-30.3435,-39.9160,1.01147,-0.42126,-0.08069,29.2595,-64.1832,-103.5649
105553770,-1.18738,1.99994,-0.60242,-242.4656,-24.0992,-21.7939,1.01282,-0.42310,-0.08069,29.2901,-63.7863,-98.4198
105554770,-0.96875,1.99994,-0.23535,-225.5802,-22.8855,-11.6870,1.01331,-0.42419,-0.08008,29.3053,-63.2977,-93.1908
105555770,-1.11792,1.99994,-0.88147,-213.8473,-29.0000,-11.8931,1.01270,-0.42444,-0.07971,29.3053,-62.7176,-87.9542
105556768,-1.43115,1.99994,-1.44019,-201.5420,-26.0687,-16.6031,1.01208,-0.42871,-0.07764,29.2595,-62.1221,-82.7939
105557767,-1.61169,1.99994,-1.23462,-191.3130,-13.6183,-16.4962,1.00842,-0.42664,-0.07642,29.0840,-61.6336,-78.0000
105558772,-1.56226,1.99994,-0.96326,-186.7863,-2.7863,-0.4809,1.00256,-0.41650,-0.07788,28.9618,-61.0534,-73.2137
105559770,-1.47546,1.99994,-1.05237,-178.2290,3.8473,26.9008,0.99854,-0.40918,-0.07703,28.9771,-60.2061,-68.0687
105560770,-1.40405,1.99994,-1.30042,-158.3664,9.9771,49.8244,0.99548,-0.40088,-0.07507,29.0458,-59.2595,-62.8702
105561770,-1.30078,1.99994,-1.40002,-139.7710,18.0382,60.5191,0.99426,-0.39062,-0.07373,29.1298,-58.2672,-57.7939
105562770,-1.23779,1.99994,-1.22559,-136.0076,25.4351,65.2672,0.99500,-0.37964,-0.07324,29.2214,-57.2443,-52.9084
105563768,-1.18384,1.99994,-0.99634,-142.1221,30.1221,72.6412,0.99707,-0.36841,-0.07349,29.3359,-56.1679,-48.1908
105564768,-1.07471,1.99994,-0.74207,-137.4275,35.7710,86.8321,1.00024,-0.35718,-0.07373,29.4580,-55.0687,-43.6565
105565766,-0.93323,1.99994,-0.48596,-115.4122,42.8015,107.7863,1.00439,-0.34534,-0.07410,29.5649,-53.9466,-39.3053
105566771,-0.88489,1.99994,-0.27026,-96.5725,49.2061,127.6641,1.00745,-0.33301,-0.07410,29.6260,-52.8397,-35.1145
105567771,-0.91357,1.99994,-0.22375,-98.5344,51.8321,135.9695,1.00867,-0.32007,-0.07434,29.6412,-51.6947,-31.1221
105568770,-0.88074,1.99994,-0.31738,-106.9389,53.0916,133.1985,1.00940,-0.30786,-0.07446,29.5878,-50.5191,-27.3511
105569770,-0.75500,1.99994,-0.14746,-102.7634,56.5267,131.0076,1.01050,-0.29675,-0.07349,29.4809,-49.3053,-23.8473
105570770,-0.55884,1.99994,0.60278,-88.9847,61.5802,135.2366,1.01160,-0.28455,-0.07178,29.3053,-48.0382,-20.5878
105571771,-0.35999,1.99994,1.35461,-77.5954,58.7099,144.3435,1.01208,-0.27234,-0.06970,29.0611,-46.7252,-17.5344
105572770,-0.31494,1.99994,1.36169,-75.6489,46.0000,153.5267,1.01172,-0.26111,-0.06787,28.7557,-45.3359,-14.6794
105573770,-0.36951,1.99994,1.01221,-77.3740,34.2977,161.6183,1.01172,-0.24963,-0.06506,28.4504,-43.8779,-12.0840
105574770,-0.34912,1.99994,0.93945,-72.6412,28.6489,168.4962,1.01294,-0.23767,-0.06189,28.1679,-42.4198,-9.6794
105575770,-0.29211,1.99994,0.94104,-65.0916,22.3969,173.2290,1.01428,-0.22668,-0.06165,27.9313,-40.9389,-7.4580
105576770,-0.35498,1.99994,0.58887,-62.4046,12.0611,179.8473,1.01562,-0.21741,-0.06116,27.7252,-39.3664,-5.3969
105577770,-0.47327,1.99994,0.25049,-59.9847,5.2519,195.8168,1.01660,-0.20911,-0.05872,27.5038,-37.6947,-3.5115
105578770,-0.51929,1.99994,0.34607,-56.3511,5.7557,218.3969,1.01733,-0.20129,-0.05798,27.2595,-35.9695,-1.7786
105579770,-0.56140,1.99994,0.59485,-55.8779,8.6031,234.7405,1.01697,-0.19348,-0.05933,27.0229,-34.2061,-0.2061
105580770,-0.59485,1.99994,0.58752,-60.0458,10.3206,239.2748,1.01575,-0.18555,-0.06250,26.7634,-32.4275,1.2137
105581767,-0.59143,1.99994,0.38623,-66.1069,12.4198,238.9237,1.01379,-0.17871,-0.06616,26.4733,-30.6031,2.5267
105582772,-0.61938,1.99994,0.23633,-70.4885,14.6107,240.1832,1.01147,-0.17249,-0.06873,26.1450,-28.7710,3.7252
105583770,-0.58716,1.99994,0.29468,-69.3893,16.4656,243.4427,1.00989,-0.16663,-0.07190,25.7634,-26.9008,4.8321
105584770,-0.50085,1.99994,0.48474,-61.5344,15.4656,250.1298,1.00818,-0.15796,-0.08142,24.8550,-23.1603,6.7786
105585767,-0.44812,1.79443,0.61060,-51.8397,11.4122,250.1298,1.00928,-0.15320,-0.08765,24.3511,-21.3053,7.6183
105586768,-0.33362,0.91125,0.85876,-48.1679,8.5725,250.1298,1.01111,-0.14880,-0.09473,23.8397,-19.4504,8.3893
105587768,-0.25012,0.98120,1.25269,-51.9160,4.4733,250.1298,1.01440,-0.14490,-0.10168,23.3817,-17.5954,9.1298
105588766,-0.32104,1.96094,1.19983,-59.0076,-5.5191,246.7557,1.01978,-0.14111,-0.10767,22.9618,-15.7939,9.8244
105589769,-0.47437,1.99994,0.58337,-61.1985,-16.7634,250.1298,1.02625,-0.13745,-0.11243,22.5267,-14.0840,10.5191
105590771,-0.60071,1.99994,0.30554,-51.7786,-20.6183,250.1298,1.03223,-0.13342,-0.11609,22.0611,-12.4351,11.1985
105591771,-0.58252,1.86377,0.62988,-42.6794,-21.0992,250.1298,1.03711,-0.12903,-0.11987,21.5649,-10.7786,11.8550
105592771,-0.51331,1.27368,0.80347,-44.9542,-26.5496,250.1298,1.04175,-0.12439,-0.12500,21.0153,-9.1298,12.4885
105593771,-0.55188,1.13379,0.59509,-50.0305,-33.8855,250.1298,1.04651,-0.12097,-0.13013,20.3969,-7.5344,13.1374
105594770,-0.60913,1.27539,0.39893,-48.1908,-35.9237,250.1298,1.05078,-0.11841,-0.13477,19.7405,-6.0153,13.7939
105595770,-0.56653,1.63074,0.36646,-42.4962,-33.7557,250.1298,1.05383,-0.11584,-0.13928,18.9924,-4.5878,14.4275
105596770,-0.56506,1.91040,0.33826,-38.3511,-32.9542,250.1298,1.05786,-0.11218,-0.14099,18.1450,-3.2519,15.0763
105597768,-0.63269,1.65247,0.23328,-34.0840,-35.1908,250.1298,1.06519,-0.10950,-0.14404,17.2214,-2.0076,15.7252
105598768,-0.63416,0.93921,-0.15283,-30.0763,-39.7634,250.1298,1.07312,-0.10889,-0.14905,16.2901,-0.7557,16.3282
105599768,-0.82898,0.46729,-0.50415,-24.0382,-42.2519,250.1298,1.08020,-0.10742,-0.15430,15.3511,0.4275,16.9084
105600768,-1.23560,0.82385,-0.33777,-17.1756,-41.7252,250.1298,1.08899,-0.10559,-0.15967,14.4122,1.5344,17.5344
105601767,-1.09595,1.99304,-0.34473,-21.2748,-43.1221,250.1298,1.09912,-0.10339,-0.16577,13.4580,2.5802,18.1679
105602768,-1.03015,1.99994,-0.85779,-25.7481,-48.2824,250.1298,1.10901,-0.10071,-0.17346,12.4885,3.5420,18.8092
105603771,-1.10388,1.42407,-0.69800,-2.4427,-42.2824,250.1298,1.11682,-0.09851,-0.18030,11.4809,4.3969,19.4351
105604771,-0.62842,-1.19153,-0.04480,17.0687,-30.7786,250.1298,1.12207,-0.09692,-0.18713,10.4504,5.1756,20.0229
105605770,-0.49097,-2.00000,0.00720,10.4580,-30.1374,250.1298,1.12695,-0.09448,-0.19397,9.4275,5.8931,20.5802
105606770,-0.78040,-1.98901,-0.28662,-10.1527,-30.6565,250.1298,1.13269,-0.09192,-0.19910,8.3893,6.5420,21.1145
105607768,-0.91125,-0.13354,-0.08643,-18.9237,-25.9924,250.1298,1.13806,-0.09033,-0.20227,7.3282,7.1374,21.5954
105608767,-0.77271,0.71301,0.08179,-9.0153,-27.1985,250.1298,1.14270,-0.08899,-0.20667,6.2290,7.6565,22.0076
105609772,-0.84290,-0.75366,-0.48999,5.3740,-37.6565,250.1298,1.14648,-0.08740,-0.21313,5.1450,8.0840,22.3282
105610771,-0.80481,-2.00000,-0.66479,17.0687,-38.6794,250.1298,1.14990,-0.08594,-0.21985,4.0992,8.4427,22.5725
105611770,-0.54126,-2.00000,-0.03455,13.6336,-35.0458,250.1298,1.15222,-0.08545,-0.22583,3.0840,8.7176,22.7481
105612770,-0.51526,-2.00000,0.52100,4.0611,-38.5344,250.1298,1.15259,-0.08484,-0.23145,2.1069,8.8626,22.8473
105613771,-0.71838,-0.87842,0.17126,-4.1298,-49.2824,250.1298,1.15198,-0.08313,-0.23645,1.1985,8.8931,22.8321
105614771,-0.98340,-0.61365,-0.43555,-5.1527,-52.8779,250.1298,1.15051,-0.08105,-0.24011,0.3817,8.8244,22.7023
105615770,-0.82300,-1.04675,-0.58691,-1.9237,-47.2137,250.1298,1.14795,-0.07922,-0.24304,-0.3359,8.6870,22.4656
105616770,-0.46167,-1.57764,-0.52332,0.7252,-42.4580,250.1298,1.14380,-0.07751,-0.24561,-0.9771,8.4656,22.0916
105617770,-0.35242,-2.00000,-0.44690,1.4504,-43.8626,250.1298,1.13843,-0.07593,-0.24707,-1.5649,8.1679,21.5725
105618770,-0.52686,-2.00000,-0.44360,-4.5115,-47.9084,250.1298,1.13208,-0.07507,-0.24646,-2.1221,7.8015,20.9237
105619770,-0.71606,-2.00000,-0.41516,-11.3664,-50.2595,250.1298,1.12537,-0.07520,-0.24487,-2.6489,7.3969,20.1679
105620770,-0.83789,-1.15540,-0.67322,-13.6107,-53.2672,250.1298,1.11914,-0.07568,-0.24292,-3.1374,6.9924,19.3130
105621768,-0.90417,-1.01685,-1.13953,-8.7328,-54.0840,250.1298,1.11304,-0.07654,-0.23914,-3.6107,6.6107,18.3359
105622768,-0.90173,-2.00000,-1.39282,-1.7863,-50.7939,250.1298,1.10730,-0.07800,-0.23352,-4.0229,6.2366,17.2595
105623771,-0.83484,-2.00000,-1.29504,0.8321,-44.6107,250.1298,1.10144,-0.08057,-0.22900,-4.3740,5.8855,16.0763
105624771,-0.72290,-2.00000,-0.96692,4.8168,-37.9542,250.1298,1.09644,-0.08484,-0.22693,-4.6412,5.5573,14.8092
105625771,-0.85327,-2.00000,-1.07422,8.9924,-36.6489,250.1298,1.09326,-0.08984,-0.22449,-4.7939,5.2595,13.4275
105626771,-0.91260,-2.00000,-1.22192,8.6794,-33.3053,250.1298,1.08911,-0.09436,-0.22119,-4.8168,5.0000,11.9313
105627770,-0.76038,-2.00000,-1.08923,9.3359,-27.4656,250.1298,1.08252,-0.09863,-0.21790,-4.7710,4.7710,10.3282
105628768,-0.59082,-2.00000,-0.81348,16.1679,-24.0611,250.1298,1.07556,-0.10229,-0.21387,-4.6947,4.6031,8.6947
105629771,-0.55969,-2.00000,-0.87415,23.5802,-25.3893,250.1298,1.06946,-0.10547,-0.20959,-4.5725,4.4656,7.0305
105630770,-0.63904,-2.00000,-1.22998,23.6412,-26.9084,247.4275,1.06409,-0.10986,-0.20630,-4.4351,4.3435,5.3511
105631770,-0.71289,-2.00000,-1.33423,18.1145,-23.4962,233.3817,1.05920,-0.11401,-0.20435,-4.2901,4.2214,3.6489
105632770,-0.73169,-2.00000,-1.12195,14.0916,-18.1450,225.6947,1.05493,-0.11719,-0.20251,-4.1374,4.1221,1.9466
105633770,-0.76855,-1.91321,-1.02734,17.6489,-14.8244,226.3282,1.05176,-0.12085,-0.19995,-3.9771,4.0458,0.2366
105634771,-0.82349,-2.00000,-1.09058,28.1527,-11.7099,229.1756,1.04895,-0.12500,-0.19727,-3.7786,3.9847,-1.4733
105635770,-0.80115,-2.00000,-1.01208,36.1908,-6.7786,228.7634,1.04688,-0.12952,-0.19495,-3.5420,3.9389,-3.1603
105636770,-0.55103,-2.00000,-0.79175,33.0840,-2.9008,222.6718,1.04602,-0.13452,-0.19373,-3.2748,3.8931,-4.8473
105637770,-0.29297,-2.00000,-0.60669,24.6870,-4.3282,212.4656,1.04578,-0.13916,-0.19360,-2.9542,3.8244,-6.5115
105638768,-0.21692,-2.00000,-0.56140,20.3206,-10.9389,202.7023,1.04626,-0.14355,-0.19348,-2.5573,3.7328,-8.1221
105639768,-0.28101,-2.00000,-0.72046,17.5038,-19.6336,195.2061,1.04749,-0.14758,-0.19299,-2.0763,3.6107,-9.6489
105640768,-0.41638,-2.00000,-0.88867,16.1450,-25.7023,189.9771,1.04822,-0.15125,-0.19287,-1.5496,3.4962,-11.0992
105641772,-0.49939,-2.00000,-1.04382,18.9466,-28.8015,186.5191,1.04724,-0.15625,-0.19128,-0.9771,3.4046,-12.4656
105642771,-0.53540,-2.00000,-1.23425,25.0992,-29.0153,182.5802,1.04590,-0.16174,-0.18921,-0.3511,3.2366,-13.7557
105643771,-0.53943,-2.00000,-1.37708,30.0992,-26.1679,177.9542,1.04517,-0.16589,-0.18579,0.2824,3.0153,-15.0076
105644771,-0.55676,-2.00000,-1.44324,29.9389,-21.3359,171.6183,1.04431,-0.16809,-0.18237,0.8855,2.7328,-16.1908
105645771,-0.60535,-2.00000,-1.51099,24.3282,-16.2519,161.9924,1.04407,-0.17065,-0.18103,1.4580,2.4351,-17.2672
105646770,-0.65686,-2.00000,-1.70276,19.3511,-11.7481,150.8321,1.04480,-0.17529,-0.18018,2.0153,2.1145,-18.1985
105647771,-0.72815,-2.00000,-1.89441,20.5573,-6.3282,142.5725,1.04700,-0.18066,-0.17993,2.5802,1.7710,-19.0076
105648771,-0.70581,-2.00000,-1.92700,24.1298,0.0763,139.8397,1.04993,-0.18579,-0.17749,3.1221,1.3740,-19.7023
105649770,-0.56580,-2.00000,-1.75879,24.1832,5.2137,136.8244,1.05298,-0.19080,-0.17419,3.6641,0.9160,-20.2901
105650770,-0.41467,-2.00000,-1.55139,20.2366,7.1145,135.3130,1.05664,-0.19470,-0.17126,4.1756,0.4656,-20.8168
105651770,-0.28418,-2.00000,-1.36462,16.7786,8.1679,134.6031,1.06152,-0.19751,-0.16846,4.6565,0.0229,-21.2443
105652771,-0.27014,-2.00000,-1.23022,13.1450,9.1603,130.8397,1.06604,-0.19934,-0.16602,5.1298,-0.4198,-21.5344
105653771,-0.33716,-2.00000,-1.21387,11.4885,10.2137,125.2748,1.06946,-0.20215,-0.16357,5.5649,-0.9008,-21.6870
105654770,-0.36584,-2.00000,-1.34241,9.4427,10.5725,121.6336,1.07275,-0.20740,-0.16125,5.9847,-1.3817,-21.6947
105655770,-0.31787,-2.00000,-1.48840,7.8397,11.0992,122.5115,1.07617,-0.21228,-0.15930,6.4122,-1.8550,-21.5649
105656767,-0.21863,-2.00000,-1.43420,10.6031,11.6489,124.3588,1.07886,-0.21558,-0.15723,6.7863,-2.3053,-21.3282
105657768,-0.16309,-2.00000,-1.47131,13.0076,8.9313,118.7023,1.08105,-0.21814,-0.15552,7.0763,-2.7405,-20.9847
105658768,-0.24304,-2.00000,-1.71692,12.8397,5.1603,103.7176,1.08228,-0.22058,-0.15393,7.3359,-3.1527,-20.5420
105659771,-0.39624,-2.00000,-1.91321,11.9160,4.8550,86.7328,1.08289,-0.22351,-0.15295,7.5954,-3.5420,-20.0229
105660771,-0.52136,-2.00000,-1.95410,11.9847,8.6260,75.1450,1.08472,-0.22607,-0.15210,7.8855,-3.8931,-19.4580
105661770,-0.58386,-2.00000,-1.87280,13.9008,14.7557,71.3969,1.08655,-0.22754,-0.15063,8.1832,-4.2137,-18.8168
105662770,-0.55920,-2.00000,-1.78406,16.7786,21.7557,71.4962,1.08838,-0.22778,-0.14893,8.4809,-4.4733,-18.0992
105663770,-0.50500,-2.00000,-1.74036,19.4122,28.5878,71.0000,1.09082,-0.22693,-0.14758,8.7786,-4.6870,-17.3664
105664770,-0.48975,-2.00000,-1.79956,17.4427,33.6107,67.6718,1.09302,-0.22534,-0.14661,9.0611,-4.8779,-16.5802
105665770,-0.51294,-2.00000,-1.96655,9.0763,36.4275,62.8244,1.09521,-0.22253,-0.14453,9.3130,-5.0153,-15.7557
105666770,-0.53711,-2.00000,-2.00000,-1.2061,38.6947,60.0992,1.09705,-0.21875,-0.14111,9.5038,-5.1069,-14.9160
105667771,-0.50391,-2.00000,-1.90869,-8.3588,41.6412,60.0611,1.09802,-0.21472,-0.13708,9.6260,-5.1603,-14.0611
105668771,-0.41663,-2.00000,-1.60120,-10.1908,44.5878,59.2901,1.09912,-0.21106,-0.13318,9.6794,-5.1603,-13.1756
105669770,-0.33704,-2.00000,-1.36340,-8.6641,46.5496,56.0840,1.09985,-0.20801,-0.12964,9.6565,-5.1221,-12.2748
105670770,-0.26562,-2.00000,-1.27673,-7.0992,48.4962,51.6947,1.09949,-0.20508,-0.12598,9.5649,-5.0611,-11.3588
105671770,-0.21411,-2.00000,-1.20996,-6.5344,50.8015,46.1603,1.09900,-0.20117,-0.12317,9.3893,-4.9237,-10.4427
105672770,-0.19055,-2.00000,-1.19324,-5.8473,51.6718,37.8397,1.09802,-0.19739,-0.12085,9.1603,-4.7252,-9.5191
105673770,-0.20178,-2.00000,-1.34644,-3.5802,50.1679,28.3053,1.09790,-0.19397,-0.11804,8.9084,-4.4656,-8.6107
105674770,-0.24377,-2.00000,-1.55444,1.4351,48.3359,21.5649,1.09961,-0.19055,-0.11597,8.6336,-4.1603,-7.7099
105675770,-0.27832,-2.00000,-1.59473,8.2748,48.3130,17.4427,1.10071,-0.18811,-0.11462,8.3588,-3.8015,-6.8015
105676771,-0.29932,-2.00000,-1.51746,11.8321,49.3130,12.6565,1.10144,-0.18677,-0.11475,8.0992,-3.4504,-5.8702
105677771,-0.36206,-1.72656,-1.51013,7.1298,50.4962,7.0916,1.10242,-0.18579,-0.11438,7.8473,-3.1221,-4.9618
105678771,-0.42334,-1.31897,-1.55640,-1.6870,53.7099,4.8626,1.10278,-0.18567,-0.11292,7.5954,-2.7481,-4.0992
105679770,-0.43628,-1.15845,-1.60400,-5.5954,59.2977,7.4198,1.09985,-0.18469,-0.11133,7.0992,-1.8550,-2.4046
105680771,-0.47156,-1.29907,-1.69934,-2.8779,65.5267,11.0076,1.09741,-0.18372,-0.11243,6.8244,-1.3817,-1.6412
105681770,-0.50378,-1.42883,-1.80811,-0.4427,71.5267,11.6107,1.09448,-0.18237,-0.11377,6.5267,-0.9389,-0.9542
105682770,-0.49341,-1.30908,-1.78577,-1.9847,76.6183,9.9695,1.09204,-0.18091,-0.11353,6.1679,-0.5115,-0.2901
105683770,-0.45679,-1.04382,-1.59546,-4.3511,79.8626,9.0916,1.09167,-0.17871,-0.11267,5.7863,-0.0687,0.3206
105684770,-0.40308,-0.87427,-1.40723,-3.5954,80.8244,9.9389,1.09192,-0.17566,-0.11243,5.4046,0.4122,0.8779
105685770,-0.35803,-0.94714,-1.33521,1.7557,80.9313,11.1145,1.09143,-0.17273,-0.11279,5.0305,0.9084,1.3588
105686770,-0.35425,-1.16028,-1.35205,8.1832,81.8397,10.3511,1.09192,-0.17078,-0.11267,4.6260,1.3740,1.8168
105687767,-0.35840,-1.29712,-1.35339,11.7099,84.4351,7.2977,1.09351,-0.16846,-0.11230,4.2519,1.8321,2.2901
105688772,-0.33484,-1.28931,-1.29114,11.1985,87.5954,3.8779,1.09521,-0.16516,-0.11255,3.9237,2.3206,2.7557
105689771,-0.30542,-1.18750,-1.18201,8.8855,90.2595,1.4885,1.09631,-0.16260,-0.11292,3.5954,2.8244,3.2214
105690770,-0.25110,-1.06494,-1.04016,7.8397,92.0840,0.1832,1.09595,-0.16187,-0.11304,3.2443,3.3053,3.6565
105691770,-0.17883,-1.00720,-0.92432,8.9084,92.4427,-0.1908,1.09583,-0.16125,-0.11230,2.9160,3.7939,4.0916
105692768,-0.14392,-1.08545,-0.88367,10.5420,90.8855,0.3359,1.09668,-0.15991,-0.10986,2.6031,4.2901,4.5038
105693768,-0.14795,-1.20972,-0.94189,9.7176,87.7405,0.4427,1.09717,-0.15869,-0.10742,2.2748,4.7863,4.8702
105694768,-0.20520,-1.24683,-1.08325,6.0076,83.7328,-0.5191,1.09583,-0.15796,-0.10718,1.9542,5.2824,5.1985
105695768,-0.29370,-1.21350,-1.23608,2.2061,80.9924,-1.9771,1.09387,-0.15723,-0.10706,1.6641,5.7786,5.5267
105696767,-0.34045,-1.08691,-1.28625,0.1603,81.5802,-4.2977,1.09229,-0.15710,-0.10706,1.4198,6.2672,5.8626
105697771,-0.36670,-0.82251,-1.16199,-0.1985,85.0763,-7.2214,1.08972,-0.15784,-0.10754,1.2214,6.7634,6.1756
105698770,-0.36401,-0.53625,-1.03821,-1.4427,88.9237,-8.3588,1.08752,-0.15820,-0.10815,1.0611,7.2595,6.4885
105699767,-0.33533,-0.48328,-1.09180,-3.2977,92.1069,-5.7023,1.08704,-0.15869,-0.10938,0.9389,7.7786,6.7710
105700767,-0.31970,-0.73950,-1.14392,-2.8244,96.0382,-1.6870,1.08606,-0.15869,-0.11133,0.8779,8.2595,7.0534
105701767,-0.28064,-0.95813,-1.11963,-1.9389,99.4885,-1.1679,1.08398,-0.15771,-0.11450,0.8702,8.7252,7.3511
105702768,-0.25049,-0.83081,-1.11719,-3.0000,100.5115,-3.9084,1.08203,-0.15723,-0.11609,0.8397,9.2137,7.7023
105703766,-0.24072,-0.49854,-1.04065,-4.3893,100.2137,-5.4504,1.08032,-0.15491,-0.11621,0.7405,9.6336,8.0153
105704771,-0.20056,-0.26538,-0.81262,-4.2137,99.4885,-3.3817,1.07886,-0.15222,-0.11731,0.5878,9.9466,8.2595
105705771,-0.14929,-0.30835,-0.60046,-3.0076,97.6336,0.9313,1.07727,-0.15063,-0.11719,0.3969,10.2061,8.3664
105706770,-0.12061,-0.55298,-0.57690,-2.8779,95.2748,4.0687,1.07520,-0.14929,-0.11597,0.1679,10.4275,8.4122
105707771,-0.11560,-0.78284,-0.60986,-3.6412,94.5496,4.3130,1.07275,-0.14758,-0.11658,-0.1221,10.6183,8.4427
105708771,-0.11023,-0.85779,-0.57825,-5.1527,94.9008,2.6031,1.07068,-0.14478,-0.11914,-0.4733,10.7710,8.4733
105709771,-0.12488,-0.75732,-0.60266,-8.1756,93.7557,0.9542,1.07031,-0.14185,-0.12207,-0.8473,10.8779,8.4962
105710771,-0.16016,-0.61475,-0.67371,-11.5802,91.4962,1.0534,1.07104,-0.13928,-0.12610,-1.2519,10.9313,8.4809
105711770,-0.15454,-0.54907,-0.68201,-14.0534,89.4885,2.5649,1.07239,-0.13757,-0.13159,-1.6641,10.9466,8.4427
105712770,-0.13489,-0.59155,-0.66125,-14.1985,87.3740,4.3435,1.07373,-0.13574,-0.13696,-2.0916,10.9084,8.3740
105713770,-0.15967,-0.69482,-0.71094,-13.6412,85.1069,5.3893,1.07446,-0.13379,-0.14124,-2.5191,10.8015,8.2595
105714770,-0.20325,-0.74585,-0.82751,-14.8244,83.9924,5.7176,1.07556,-0.13232,-0.14563,-2.9313,10.6565,8.0992
105715768,-0.26550,-0.70935,-0.90125,-17.0076,84.8015,6.2824,1.07715,-0.13123,-0.15015,-3.3053,10.4885,7.9084
105716768,-0.40674,-0.60352,-1.01245,-19.0076,85.5954,7.5725,1.07825,-0.12952,-0.15479,-3.6489,10.2672,7.6870
105717768,-0.58496,-0.55286,-1.37756,-21.8855,85.7710,10.7176,1.07776,-0.12842,-0.15906,-3.9771,9.9924,7.4275
105718772,-0.67432,-0.76099,-1.73596,-25.3359,89.9160,16.3359,1.07678,-0.12793,-0.16296,-4.3282,9.6870,7.1603
105719770,-0.61255,-1.20325,-1.57300,-27.1603,100.0305,21.4733,1.07666,-0.12708,-0.16614,-4.6641,9.3511,6.8702
105720770,-0.46655,-1.48328,-1.06677,-29.8321,110.0916,21.2214,1.07629,-0.12598,-0.16931,-4.9618,8.9695,6.5267
105721770,-0.36755,-1.32581,-0.81885,-36.0458,115.2366,16.5954,1.07581,-0.12512,-0.17346,-5.2366,8.5573,6.1298
105722770,-0.33594,-1.04504,-0.84558,-41.8931,118.4198,14.1450,1.07581,-0.12390,-0.17712,-5.4580,8.0763,5.7099
105723770,-0.26868,-1.02527,-0.75134,-44.2672,122.6718,15.7405,1.07556,-0.12158,-0.17932,-5.6412,7.5725,5.2366
105724770,-0.14014,-1.19055,-0.50708,-44.5420,125.2214,16.7252,1.07507,-0.11938,-0.18164,-5.8015,7.0458,4.7328
105725770,-0.04187,-1.30151,-0.34192,-43.5496,123.2748,13.9924,1.07507,-0.11865,-0.18457,-5.9313,6.5115,4.2061
105726770,0.00293,-1.27527,-0.24585,-41.0153,118.8397,9.2290,1.07581,-0.11890,-0.18628,-6.0229,5.9847,3.6718
105727770,0.03369,-1.15356,-0.09644,-38.1145,114.2137,5.5496,1.07642,-0.11890,-0.18701,-6.0687,5.4351,3.0916
105728770,0.05396,-1.02563,0.05420,-36.7786,109.3588,4.4504,1.07629,-0.11963,-0.18738,-6.0534,4.8855,2.4580
105729770,0.07312,-0.96130,0.09351,-38.2443,104.6107,5.3053,1.07410,-0.12146,-0.18726,-6.0000,4.3282,1.7939
105730767,0.09119,-0.98840,0.07642,-39.8550,101.4656,6.6718,1.07092,-0.12354,-0.18689,-5.9466,3.7557,1.0763
105731771,0.09326,-1.08264,0.08521,-39.1145,99.7710,7.3969,1.06726,-0.12537,-0.18652,-5.8702,3.1908,0.3053
105732771,0.08167,-1.16028,0.05383,-39.0458,97.7863,7.2214,1.06274,-0.12683,-0.18591,-5.7786,2.6336,-0.5038
105733771,0.03125,-1.14429,-0.02173,-42.6031,94.8702,6.7176,1.05823,-0.12805,-0.18530,-5.6565,2.1069,-1.3359
105734771,-0.08875,-0.98633,-0.11938,-48.4656,90.5420,6.3206,1.05505,-0.12817,-0.18396,-5.5038,1.6107,-2.1832
105735770,-0.19739,-0.78149,-0.32898,-54.4962,85.1756,7.6412,1.05261,-0.12744,-0.18213,-5.3282,1.1450,-3.0458
105736770,-0.27307,-0.84644,-0.66150,-58.7710,80.4198,12.8015,1.04968,-0.12695,-0.18018,-5.1374,0.7328,-3.9389
105737768,-0.38013,-1.27661,-0.90955,-60.1145,79.4351,19.0458,1.04639,-0.12683,-0.17908,-4.9313,0.3740,-4.8473
105738772,-0.41052,-1.63855,-0.81885,-60.1221,84.6260,20.3664,1.04211,-0.12585,-0.17834,-4.7557,0.0076,-5.7252
105739771,-0.32544,-1.55798,-0.54163,-62.5191,91.7557,17.0458,1.03711,-0.12427,-0.17834,-4.6412,-0.3664,-6.6107
105740771,-0.31274,-1.31738,-0.45435,-67.5496,95.8321,16.1221,1.03247,-0.12341,-0.17859,-4.5267,-0.6947,-7.4733
105741771,-0.34131,-1.30432,-0.54590,-72.9237,99.1374,19.5038,1.02783,-0.12256,-0.17676,-4.4046,-0.9313,-8.3359
105742770,-0.27429,-1.46790,-0.56128,-76.0687,103.6336,22.0687,1.02368,-0.12158,-0.17456,-4.3130,-1.1298,-9.1679
105743770,-0.14087,-1.68652,-0.32458,-74.7557,107.8321,21.1527,1.02051,-0.12170,-0.17334,-4.2748,-1.3435,-9.9542
105744770,-0.01257,-1.89453,-0.05688,-72.0916,107.2443,17.4580,1.01794,-0.12292,-0.17212,-4.3206,-1.5496,-10.6794
105745770,-0.00879,-1.93274,-0.01050,-70.3130,101.8015,11.3817,1.01562,-0.12463,-0.17090,-4.4275,-1.7252,-11.3664
105746770,-0.06213,-1.72791,-0.02734,-69.4275,96.7557,4.4733,1.01306,-0.12561,-0.16980,-4.5267,-1.8397,-12.0000
105747770,-0.03906,-1.48621,0.04822,-68.6565,94.4198,0.3206,1.01111,-0.12561,-0.16797,-4.6336,-1.9160,-12.5573
105748770,0.01941,-1.51233,0.18799,-66.0916,93.1374,0.0534,1.01025,-0.12634,-0.16711,-4.7481,-2.0000,-13.0458
105749770,0.07007,-1.74365,0.24121,-63.1985,91.4656,-0.4580,1.00952,-0.12781,-0.16797,-4.8779,-2.1069,-13.4885
105750770,0.09973,-1.87805,0.19031,-61.3664,90.0382,-3.9389,1.00891,-0.12976,-0.16956,-5.0076,-2.2290,-13.8931
105751770,0.09961,-1.79077,0.16553,-61.4580,89.1679,-8.6565,1.00928,-0.13281,-0.17041,-5.0992,-2.2977,-14.1985
105752770,0.11609,-1.54053,0.23718,-64.4275,87.5802,-11.5267,1.01013,-0.13586,-0.16943,-5.1985,-2.3282,-14.3740
105753770,0.16272,-1.34180,0.34888,-70.0840,83.3511,-10.5420,1.00989,-0.13806,-0.16846,-5.3053,-2.3435,-14.4656
105754770,0.15186,-1.25806,0.37756,-77.7481,76.5725,-7.8550,1.00989,-0.14062,-0.16785,-5.4275,-2.3740,-14.4809
105755770,-0.04114,-0.90894,0.13647,-88.0382,64.0916,-5.5725,1.01123,-0.14331,-0.16663,-5.5420,-2.4198,-14.4198
105756770,-0.07971,-1.06067,-0.02832,-89.5038,61.4198,0.4504,1.01245,-0.14636,-0.16528,-5.6641,-2.4275,-14.2672
105757770,-0.03308,-1.59900,0.00525,-91.8550,61.9771,7.9008,1.01306,-0.14954,-0.16345,-5.8168,-2.3817,-14.0229
105758770,0.04663,-1.89368,0.11475,-97.7405,62.7939,8.7786,1.01453,-0.15247,-0.16125,-6.0076,-2.3130,-13.7023
105759771,0.05396,-1.66919,0.10486,-104.2672,62.2824,4.7786,1.01733,-0.15466,-0.15918,-6.2137,-2.2595,-13.2977
105760770,-0.01233,-1.31836,0.04724,-108.0534,61.7176,3.0076,1.02197,-0.15735,-0.15759,-6.4427,-2.2214,-12.7863
105761771,-0.01392,-1.17273,0.12988,-108.6107,62.2519,4.3969,1.02698,-0.16064,-0.15540,-6.6565,-2.1450,-12.2061
105762771,0.10193,-1.26135,0.30139,-107.7252,61.3206,5.6947,1.03076,-0.16455,-0.15247,-6.8244,-2.0153,-11.5573
105763770,0.20398,-1.52222,0.38867,-106.3130,57.1374,5.1527,1.03455,-0.16809,-0.15063,-6.9618,-1.8702,-10.8550
105764770,0.21106,-1.72949,0.40356,-104.4580,51.5725,1.0534,1.03833,-0.17114,-0.14893,-7.0687,-1.7023,-10.0840
105765770,0.16528,-1.58936,0.33923,-102.2748,46.1450,-6.2443,1.04077,-0.17554,-0.14661,-7.1679,-1.5038,-9.2824
105766770,0.11609,-1.27637,0.18799,-98.8855,41.5878,-10.7863,1.04211,-0.18042,-0.14465,-7.2366,-1.2901,-8.4504
105767771,0.08154,-1.20837,0.01953,-94.6412,38.2977,-9.6031,1.04211,-0.18420,-0.14368,-7.2443,-1.0611,-7.6107
105768771,0.10303,-1.37268,-0.09412,-89.1832,37.1527,-7.8321,1.04102,-0.18689,-0.14185,-7.1679,-0.8092,-6.7634
105769770,0.15479,-1.50818,-0.15259,-81.3817,37.6183,-9.7023,1.03992,-0.18945,-0.13892,-6.9771,-0.5267,-5.9618
105770770,0.15283,-1.52734,-0.20251,-73.1985,38.2672,-13.7710,1.03882,-0.19104,-0.13623,-6.6718,-0.2366,-5.2443
105771770,0.10156,-1.44458,-0.25513,-68.9542,38.4733,-17.3893,1.03711,-0.19116,-0.13379,-6.2443,0.0305,-4.5878
105772770,0.06323,-1.31799,-0.27747,-69.0687,38.3511,-19.1527,1.03540,-0.19043,-0.13110,-5.7634,0.2901,-4.0076
105773770,0.03589,-1.22302,-0.27551,-71.4962,37.4275,-19.2519,1.03333,-0.18872,-0.12781,-5.2595,0.5573,-3.4962
105774770,0.00916,-1.12585,-0.32788,-73.8168,35.6412,-19.6718,1.03113,-0.18555,-0.12524,-4.7023,0.8015,-3.0687
105775768,-0.00891,-1.01904,-0.47058,-72.0229,34.0916,-20.8550,1.02808,-0.18091,-0.12354,-4.1298,1.0229,-2.7634
105776768,-0.04163,-0.99524,-0.60547,-65.4122,34.2977,-21.3817,1.02173,-0.17065,-0.12085,-3.0458,1.4351,-2.4046
105777772,-0.03455,-1.03638,-0.55457,-58.3740,37.3130,-21.1450,1.01794,-0.16589,-0.12097,-2.5649,1.6489,-2.3664
105778771,0.02820,-1.02173,-0.35535,-53.7099,40.7634,-21.0305,1.01440,-0.16101,-0.12085,-2.1527,1.8321,-2.4046
105779771,0.10095,-1.01685,-0.18677,-48.4809,42.6718,-20.1069,1.01099,-0.15674,-0.11975,-1.8244,2.0076,-2.4580
105780771,0.15515,-1.14819,-0.16199,-41.7328,42.6489,-18.3969,1.00879,-0.15332,-0.11829,-1.5267,2.1374,-2.5420
105781771,0.18384,-1.35828,-0.21301,-34.8015,41.6794,-17.6107,1.00781,-0.15161,-0.11743,-1.2443,2.2595,-2.6794
105782771,0.23474,-1.49695,-0.24158,-30.4885,39.8626,-18.8779,1.00635,-0.15161,-0.11804,-0.9847,2.3588,-2.8550
105783770,0.29028,-1.51196,-0.21899,-29.0382,36.7939,-21.4962,1.00513,-0.15210,-0.11816,-0.7328,2.4733,-3.0611
105784770,0.31946,-1.48450,-0.14709,-28.0153,32.7786,-24.7252,1.00427,-0.15283,-0.11804,-0.4809,2.5725,-3.2824
105785771,0.31226,-1.45154,-0.13977,-26.1527,28.4656,-28.5420,1.00427,-0.15320,-0.11853,-0.2061,2.6336,-3.4885
105786770,0.24707,-1.44543,-0.24768,-24.4122,25.1679,-32.1298,1.00476,-0.15295,-0.11865,0.0916,2.6565,-3.7023
105787770,0.17468,-1.47668,-0.38062,-24.6794,24.5649,-35.0000,1.00476,-0.15356,-0.11804,0.4046,2.6489,-3.8702
105788771,0.16077,-1.53369,-0.43420,-24.7634,26.4504,-37.2137,1.00464,-0.15454,-0.11719,0.7405,2.6107,-4.0229
105789771,0.16711,-1.64185,-0.48303,-22.3893,28.3130,-39.0305,1.00452,-0.15491,-0.11670,1.0916,2.5649,-4.1679
105790771,0.14490,-1.71411,-0.57776,-19.4885,29.3664,-41.3511,1.00391,-0.15417,-0.11768,1.4275,2.5344,-4.2672
105791770,0.12256,-1.59900,-0.58167,-18.6718,30.4809,-44.3893,1.00208,-0.15344,-0.11890,1.7405,2.4962,-4.3206
105792770,0.12927,-1.30493,-0.48096,-20.2443,30.7634,-46.6565,0.99927,-0.15405,-0.11877,2.0076,2.4351,-4.3282
105793770,0.13940,-1.08118,-0.40491,-21.9618,29.2977,-46.0916,0.99670,-0.15552,-0.11902,2.2061,2.3282,-4.2595
105794770,0.13037,-1.08459,-0.37268,-22.0840,27.3130,-44.1450,0.99573,-0.15747,-0.12073,2.3588,2.1603,-4.0916
105795770,0.11243,-1.11389,-0.38513,-21.4275,25.7405,-44.3969,0.99573,-0.15979,-0.12207,2.4656,1.9313,-3.8702
105796768,0.08643,-0.99683,-0.50916,-21.4809,24.3893,-46.5344,0.99548,-0.16187,-0.12231,2.5267,1.6718,-3.5878
105797768,0.05652,-0.89429,-0.68005,-21.4122,23.9618,-46.7710,0.99561,-0.16333,-0.12219,2.5725,1.4046,-3.2214
105798772,0.04260,-0.95117,-0.71472,-19.5038,25.3282,-44.9084,0.99634,-0.16455,-0.12256,2.5878,1.1450,-2.7863
105799771,0.04541,-0.98340,-0.62952,-16.9771,27.1374,-44.3817,0.99805,-0.16626,-0.12390,2.5649,0.8855,-2.2901
105800770,0.03308,-0.83984,-0.61511,-15.6565,27.5267,-45.1603,0.99915,-0.16833,-0.12500,2.5420,0.5878,-1.7176
105801770,0.00818,-0.72632,-0.69922,-14.4351,27.2748,-43.6336,0.99878,-0.17065,-0.12500,2.5344,0.2595,-1.0687
105802770,0.01147,-0.88269,-0.78223,-11.6412,27.7099,-39.2824,0.99976,-0.17346,-0.12476,2.5344,-0.0763,-0.3206
105803770,0.04944,-1.22156,-0.82617,-8.3893,28.9466,-36.0382,1.00122,-0.17603,-0.12463,2.5573,-0.4198,0.5038
105804770,0.08765,-1.47607,-0.84082,-7.1756,30.4198,-36.7176,1.00220,-0.17847,-0.12451,2.5573,-0.7328,1.3435
105805770,0.08850,-1.49841,-0.85229,-8.9771,31.6565,-40.1985,1.00317,-0.18054,-0.12402,2.5115,-1.0153,2.2443
105806770,0.05591,-1.38806,-0.88416,-12.2061,32.9313,-43.2443,1.00500,-0.18237,-0.12268,2.4580,-1.2901,3.2137
105807770,0.04712,-1.34985,-0.91235,-14.5954,35.3053,-44.5115,1.00635,-0.18420,-0.12048,2.4046,-1.5496,4.2214
105808770,0.08887,-1.45837,-0.87903,-14.4809,39.0611,-45.6412,1.00684,-0.18579,-0.11865,2.3053,-1.7863,5.2443
105809768,0.16895,-1.59534,-0.75525,-11.8931,43.3206,-49.0229,1.00854,-0.18665,-0.11682,2.1756,-1.9847,6.3282
105810768,0.25085,-1.57971,-0.61218,-9.0916,46.1221,-54.8321,1.01160,-0.18652,-0.11414,2.0229,-2.1374,7.4656
105811771,0.28015,-1.37024,-0.51965,-8.0382,46.5191,-60.7557,1.01575,-0.18616,-0.11206,1.8702,-2.2672,8.6489
105812770,0.27686,-1.06995,-0.45129,-8.5420,45.3053,-64.4809,1.01941,-0.18628,-0.10938,1.6870,-2.3740,9.8092
105813770,0.28687,-0.81543,-0.35071,-8.5420,43.3435,-65.5649,1.02161,-0.18616,-0.10596,1.4504,-2.4351,10.9924
105814771,0.28772,-0.69971,-0.26685,-7.2748,40.2824,-64.9618,1.02393,-0.18616,-0.10339,1.1756,-2.4122,12.2519
105815770,0.26868,-0.67981,-0.28259,-6.8550,36.6183,-63.9618,1.02661,-0.18677,-0.10083,0.8626,-2.3588,13.5420
105816770,0.23486,-0.63440,-0.32593,-9.0382,33.8702,-62.7863,1.02917,-0.18665,-0.09875,0.5038,-2.2901,14.8321
105817768,0.18237,-0.51184,-0.31177,-13.8015,32.2595,-60.5115,1.03271,-0.18591,-0.09656,0.0992,-2.1756,16.0763
105818768,0.13452,-0.37183,-0.31970,-19.6641,30.8244,-56.3053,1.03723,-0.18420,-0.09448,-0.3511,-2.0153,17.3130
105819768,0.09119,-0.33740,-0.40955,-23.5267,29.4962,-50.4809,1.04224,-0.18237,-0.09399,-0.8397,-1.8321,18.5573
105820767,0.06592,-0.45557,-0.49878,-24.3664,29.0992,-44.6794,1.04761,-0.18103,-0.09351,-1.3511,-1.6183,19.7863
105821768,0.06189,-0.62329,-0.51526,-24.5420,29.2977,-40.5802,1.05286,-0.17957,-0.09241,-1.8931,-1.3435,20.9847
105822772,0.04980,-0.68140,-0.46594,-26.1985,29.1374,-39.0153,1.05823,-0.17859,-0.09094,-2.4275,-1.0153,22.1527
105823771,0.06335,-0.62170,-0.40845,-28.1221,28.3511,-38.9618,1.06396,-0.17786,-0.09033,-2.9466,-0.6794,23.2824
105824771,0.12817,-0.66602,-0.38269,-27.1450,27.3893,-38.3130,1.07019,-0.17712,-0.08997,-3.4885,-0.3130,24.4122
105825771,0.18298,-0.94287,-0.36792,-23.2061,26.8244,-37.7634,1.07654,-0.17676,-0.08875,-4.0458,0.0916,25.5344
105826770,0.22083,-1.15979,-0.31506,-19.8626,27.2824,-41.2061,1.08203,-0.17615,-0.08582,-4.6031,0.5649,26.6107
105827770,0.25171,-1.02576,-0.27136,-18.4885,27.6260,-48.5878,1.08667,-0.17554,-0.08252,-5.1603,1.0992,27.6489
105828768,0.23669,-0.75159,-0.30469,-15.9771,27.0153,-54.4733,1.09180,-0.17529,-0.07959,-5.7252,1.6641,28.6412
105829772,0.20190,-0.69141,-0.36169,-10.8626,26.2748,-56.0382,1.09753,-0.17554,-0.07654,-6.2672,2.2748,29.5725
105830770,0.20093,-0.83032,-0.35388,-5.8931,25.9389,-56.2214,1.10229,-0.17578,-0.07385,-6.7863,2.9695,30.4427
105831771,0.22742,-0.92505,-0.32434,-3.8473,24.9542,-57.7176,1.10645,-0.17529,-0.07251,-7.2672,3.7405,31.2824
105832771,0.23193,-0.88098,-0.34875,-3.7023,22.9847,-59.5267,1.11096,-0.17395,-0.07324,-7.7099,4.5496,32.0763
105833770,0.21387,-0.77136,-0.38367,-3.5038,21.1603,-59.7634,1.11560,-0.17297,-0.07471,-8.0840,5.4198,32.7939
105834770,0.19507,-0.66650,-0.40356,-4.3130,19.8855,-58.0153,1.11987,-0.17297,-0.07690,-8.3740,6.3359,33.4580
105835768,0.16577,-0.57104,-0.41931,-7.8168,18.9466,-55.1069,1.12244,-0.17358,-0.08081,-8.5878,7.3053,34.0916
105836771,0.16406,-0.42810,-0.40186,-13.5496,18.7405,-52.4504,1.12280,-0.17383,-0.08533,-8.7557,8.2977,34.6718
105837771,0.17712,-0.23743,-0.35400,-18.6489,18.5573,-50.0992,1.12256,-0.17346,-0.09021,-8.8626,9.3435,35.1679
105838770,0.16101,-0.14282,-0.31519,-20.7863,17.7176,-46.6794,1.12122,-0.17285,-0.09509,-8.8779,10.3817,35.5725
105839770,0.15186,-0.18481,-0.35803,-21.5649,15.9237,-42.7710,1.11755,-0.17126,-0.09827,-8.7939,11.4122,35.8626
105840770,0.14282,-0.27905,-0.45630,-21.6031,13.6412,-39.7023,1.11157,-0.16943,-0.10156,-8.6031,12.4275,36.0687
105841770,0.13318,-0.36743,-0.50854,-20.4427,11.8397,-37.9542,1.10449,-0.16748,-0.10510,-8.3282,13.3740,36.1527
105842770,0.10657,-0.36230,-0.52173,-18.2443,10.2519,-37.8244,1.09839,-0.16479,-0.10876,-7.9618,14.2901,36.0840
105843770,0.05371,-0.24231,-0.53625,-15.4427,9.0000,-38.5344,1.09192,-0.16113,-0.11389,-7.5420,15.1221,35.8855
105844768,0.02893,-0.16284,-0.61365,-13.2443,8.3969,-37.8550,1.08313,-0.15588,-0.11914,-7.1374,15.8244,35.5573
105845771,0.03333,-0.33008,-0.69971,-10.8931,9.3664,-35.0305,1.07300,-0.15051,-0.12354,-6.7634,16.3969,35.0916
105846771,0.06323,-0.63770,-0.72742,-9.3206,11.9313,-33.4885,1.06262,-0.14624,-0.12720,-6.3664,16.9008,34.5420
105847771,0.10120,-0.72620,-0.74890,-10.0305,14.8473,-35.9084,1.05347,-0.14185,-0.13110,-5.9313,17.2901,33.8855
105848770,0.08386,-0.53381,-0.79126,-12.5878,16.8931,-39.2290,1.04602,-0.13696,-0.13562,-5.5115,17.5573,33.0992
105849770,0.01562,-0.24622,-0.84717,-16.8779,17.9160,-39.8015,1.03979,-0.13147,-0.13965,-5.1221,17.6947,32.2137
105850770,-0.02942,-0.04419,-0.88379,-21.3893,18.5267,-36.9466,1.03406,-0.12598,-0.14343,-4.7786,17.6947,31.2214
105851770,-0.00781,-0.03882,-0.86841,-24.0458,19.4580,-32.3359,1.02734,-0.12158,-0.14709,-4.4962,17.5802,30.1527
105852768,0.04395,-0.20654,-0.78857,-23.8473,20.6412,-28.0611,1.02026,-0.11780,-0.15161,-4.2672,17.3740,28.9847
105853771,0.07422,-0.35840,-0.68689,-22.6336,21.6107,-25.9924,1.01404,-0.11511,-0.15686,-4.1069,17.0840,27.7176
105854771,0.08179,-0.29272,-0.61047,-22.6107,22.4656,-25.7023,1.00854,-0.11365,-0.16138,-3.9771,16.7023,26.4122
105855770,0.08972,-0.05054,-0.51331,-23.3511,23.7786,-24.5191,1.00366,-0.11414,-0.16443,-3.9008,16.2443,25.0611
105856771,0.11890,0.14136,-0.36621,-22.1069,25.1527,-21.1679,0.99976,-0.11560,-0.16699,-3.8702,15.7252,23.6870
105857770,0.16077,0.12305,-0.24280,-16.5954,25.2977,-17.4504,0.99646,-0.11707,-0.17004,-3.8855,15.0840,22.2977
105858768,0.20447,-0.09985,-0.22253,-8.8321,23.8626,-15.3359,0.99463,-0.11987,-0.17395,-3.9008,14.3817,20.8779
105859772,0.25098,-0.35388,-0.18494,-3.0840,22.2824,-15.8244,0.99451,-0.12305,-0.17883,-3.9084,13.6412,19.4427
105860771,0.30652,-0.42761,-0.01135,-0.0916,20.5496,-18.6412,0.99451,-0.12561,-0.18298,-3.8931,12.8397,18.0153
105861770,0.34814,-0.33081,0.10803,2.5725,16.5191,-21.6260,0.99402,-0.12891,-0.18701,-3.8397,11.9695,16.5878
105862770,0.31165,-0.31262,-0.02429,6.1908,10.0458,-21.9771,0.99316,-0.13391,-0.19214,-3.7328,11.0305,15.2214
105863770,0.22668,-0.49500,-0.33044,7.7939,3.9313,-19.8702,0.99243,-0.14026,-0.19458,-3.5573,10.0840,13.8779
105864770,0.17627,-0.67847,-0.56750,4.6870,0.8321,-18.0840,0.99207,-0.14526,-0.19543,-3.3130,9.1145,12.5191
105865770,0.16675,-0.70251,-0.58142,-0.0840,0.7405,-17.6260,0.99231,-0.14880,-0.19690,-3.0305,8.0992,11.1985
105866770,0.15845,-0.59814,-0.52148,-3.2061,1.1298,-17.5802,0.99280,-0.15234,-0.19836,-2.6947,7.0305,9.9542
105867770,0.10474,-0.46997,-0.57104,-4.9924,1.1527,-16.4046,0.99231,-0.15613,-0.19897,-2.3359,5.9542,8.8015
105868770,0.03503,-0.39783,-0.70129,-9.0992,1.8015,-13.3511,0.99194,-0.16016,-0.19873,-1.9695,4.8473,7.6870
105869770,0.00708,-0.40784,-0.79639,-16.3511,3.8092,-9.0992,0.99280,-0.16370,-0.19983,-1.5954,3.7252,6.6183
105870771,0.02844,-0.47693,-0.77002,-22.4656,6.6794,-5.6794,0.99316,-0.16650,-0.20081,-1.1756,2.6260,5.5954
105871771,0.05859,-0.51355,-0.71265,-23.6260,8.5802,-4.9618,0.99292,-0.16919,-0.20093,-0.7099,1.5344,4.6183
105872770,0.05774,-0.46826,-0.69421,-20.6565,9.3740,-6.0458,0.99426,-0.17456,-0.20251,0.3969,-0.7023,2.8702
105873770,0.05835,-0.37964,-0.67163,-18.1603,9.7099,-6.5191,0.99524,-0.17529,-0.20325,0.9618,-1.8244,2.0840
105874770,0.09509,-0.31799,-0.61072,-17.8473,9.8473,-5.1756,0.99524,-0.17566,-0.20215,1.5115,-2.9313,1.3359
105875770,0.14685,-0.33411,-0.49683,-17.5267,9.6794,-2.9924,0.99463,-0.17627,-0.20020,2.0534,-4.0229,0.6336
105876770,0.16394,-0.36096,-0.42603,-15.5954,8.5725,-1.8855,0.99414,-0.17664,-0.19788,2.6183,-5.1069,0.0000
105877770,0.12842,-0.32715,-0.47839,-12.5344,6.8855,-1.7481,0.99414,-0.17615,-0.19666,3.1908,-6.1908,-0.6031
105878768,0.09460,-0.29053,-0.50720,-10.0611,6.4580,-0.6489,0.99304,-0.17590,-0.19666,3.7634,-7.2519,-1.1679
105879772,0.11938,-0.34595,-0.36877,-9.8168,7.1527,2.3282,0.99158,-0.17676,-0.19666,4.3740,-8.2672,-1.7176
105880771,0.17896,-0.49561,-0.17969,-11.5954,6.7634,5.6718,0.99060,-0.17810,-0.19666,5.0076,-9.2672,-2.2595
105881771,0.21484,-0.64612,-0.13123,-13.6718,4.5878,7.5344,0.98901,-0.17944,-0.19641,5.6565,-10.2595,-2.7939
105882770,0.19849,-0.73999,-0.22205,-14.4046,2.1603,7.8397,0.98816,-0.18066,-0.19409,6.3359,-11.2137,-3.3206
105883770,0.15491,-0.77917,-0.34436,-13.8321,0.7328,7.5344,0.98828,-0.18176,-0.19153,7.0229,-12.1145,-3.8015
105884770,0.12915,-0.77502,-0.43127,-12.4275,0.3664,7.0840,0.98926,-0.18311,-0.19031,7.7252,-12.9695,-4.2595
105885770,0.13733,-0.77930,-0.41443,-9.4733,0.6718,6.5802,0.99036,-0.18384,-0.18872,8.4122,-13.7863,-4.7176
105886770,0.19812,-0.89465,-0.26758,-2.7557,-0.2443,4.2290,0.99194,-0.18359,-0.18750,9.0763,-14.5573,-5.1908
105887770,0.18005,-0.88599,-0.28638,-0.5878,-1.4733,1.8244,0.99438,-0.18237,-0.18542,9.7023,-15.3130,-5.6412
105888768,0.15698,-0.78979,-0.31897,1.1298,-2.0763,-0.7023,0.99658,-0.18115,-0.18213,10.2901,-16.0382,-6.0763
105889771,0.14832,-0.70044,-0.33228,3.3740,-2.4122,-2.0534,0.99866,-0.18018,-0.17896,10.8015,-16.7176,-6.5115
105890771,0.14783,-0.71350,-0.32703,6.4198,-2.8855,-2.1603,1.00159,-0.17908,-0.17554,11.2519,-17.3511,-6.9313
105891771,0.15698,-0.78320,-0.29785,8.5573,-3.5802,-2.2214,1.00537,-0.17810,-0.17273,11.6794,-17.9008,-7.3359
105892771,0.15942,-0.80884,-0.28174,8.5115,-4.7252,-2.7099,1.00952,-0.17737,-0.17090,12.0763,-18.3969,-7.7252
105893770,0.13391,-0.76733,-0.33679,7.3282,-6.2672,-2.9695,1.01392,-0.17737,-0.16711,12.3969,-18.8473,-8.1145
105894770,0.07495,-0.70593,-0.44519,6.9313,-7.3893,-2.3740,1.01855,-0.17773,-0.16089,12.6260,-19.2443,-8.4733
105895768,0.01099,-0.66199,-0.55310,7.5878,-7.5191,-1.0992,1.02356,-0.17737,-0.15479,12.8168,-19.5496,-8.8015
105896766,-0.02246,-0.65125,-0.61731,8.8550,-6.6641,0.4580,1.02954,-0.17676,-0.15027,13.0000,-19.7252,-9.1145
105897769,-0.01917,-0.69141,-0.59399,10.2443,-5.1985,2.0534,1.03601,-0.17664,-0.14575,13.1985,-19.8397,-9.4046
105898772,0.00610,-0.75073,-0.50757,10.5802,-3.9847,3.0916,1.04150,-0.17700,-0.14124,13.3817,-19.9160,-9.6565
105899770,0.02844,-0.78174,-0.44458,9.6031,-3.6565,3.4046,1.04614,-0.17822,-0.13794,13.5573,-19.9160,-9.8550
105900771,0.02917,-0.80127,-0.46936,8.0382,-4.1756,3.5344,1.05017,-0.17993,-0.13525,13.7252,-19.8626,-10.0229
105901770,0.01428,-0.85547,-0.55530,6.3511,-4.6794,3.9847,1.05371,-0.18201,-0.13245,13.8626,-19.7252,-10.1221
105902770,0.00232,-0.94189,-0.62305,4.4809,-4.5344,4.3588,1.05737,-0.18372,-0.13037,14.0000,-19.5191,-10.1832
105903770,-0.00220,-0.99683,-0.66089,2.2137,-4.0153,3.9847,1.06079,-0.18469,-0.12817,14.1298,-19.2366,-10.1908
105904770,-0.00476,-0.98779,-0.68689,-0.3664,-3.2443,3.1603,1.06372,-0.18542,-0.12549,14.2443,-18.9084,-10.1298
105905768,-0.00818,-0.95044,-0.68774,-2.9160,-1.9771,2.7481,1.06665,-0.18591,-0.12305,14.3206,-18.5573,-10.0000
105906766,-0.01074,-0.91760,-0.66931,-5.2824,-0.2977,2.8931,1.06946,-0.18640,-0.11926,14.3511,-18.1527,-9.8473
105907769,-0.01123,-0.87683,-0.66150,-7.5954,1.5191,3.0611,1.07239,-0.18689,-0.11462,14.3664,-17.6718,-9.6947
105908772,-0.00598,-0.83203,-0.66064,-9.2137,3.3664,3.1374,1.07520,-0.18762,-0.11194,14.3511,-17.1832,-9.5191
105909771,0.01331,-0.81177,-0.61792,-9.3206,5.1374,3.2061,1.07800,-0.18799,-0.11121,14.3053,-16.7176,-9.2672
105910771,0.05127,-0.81421,-0.52197,-8.4275,6.2366,3.0992,1.08008,-0.18750,-0.11047,14.2443,-16.2366,-8.9389
105911771,0.08936,-0.81213,-0.42358,-7.8321,6.0229,2.7634,1.08057,-0.18738,-0.11060,14.1527,-15.7023,-8.6031
105912770,0.10645,-0.79272,-0.37195,-7.9313,4.6412,2.5267,1.07996,-0.18799,-0.10999,14.0076,-15.1374,-8.2672
105913771,0.09424,-0.75183,-0.36938,-8.0534,2.9008,2.4733,1.08044,-0.18860,-0.10852,13.8473,-14.5573,-7.8931
105914771,0.05774,-0.69800,-0.40491,-7.8473,1.4427,2.6718,1.08105,-0.18945,-0.10852,13.6641,-13.9924,-7.4580
105915771,0.03101,-0.66394,-0.45898,-7.9237,0.7405,3.4198,1.08020,-0.19055,-0.10828,13.4351,-13.4122,-7.0229
105916771,0.03186,-0.68970,-0.48193,-8.4962,0.8855,4.8473,1.07861,-0.19092,-0.10693,13.1985,-12.8550,-6.5954
105917771,0.04822,-0.76965,-0.43433,-9.2595,1.5802,6.2672,1.07727,-0.19189,-0.10547,12.9237,-12.3206,-6.1527
105918770,0.07373,-0.83337,-0.36511,-10.3893,2.0000,6.7634,1.07617,-0.19299,-0.10474,12.5954,-11.8015,-5.6565
105919771,0.09241,-0.84851,-0.33582,-11.6031,1.7176,6.4962,1.07446,-0.19373,-0.10449,12.2366,-11.2901,-5.1069
105920771,0.10144,-0.85193,-0.32141,-12.5267,1.0000,6.2977,1.07202,-0.19434,-0.10425,11.8931,-10.7863,-4.5420
105921770,0.10742,-0.86719,-0.29443,-13.3053,-0.2214,6.2824,1.07031,-0.19519,-0.10535,11.5725,-10.2901,-3.9618
105922770,0.10901,-0.87854,-0.27979,-13.9008,-2.1298,5.9695,1.06897,-0.19641,-0.10571,11.2519,-9.8168,-3.3588
105923768,0.10608,-0.86829,-0.28662,-13.9084,-4.2824,5.1908,1.06726,-0.19775,-0.10510,10.9695,-9.3664,-2.7557
105924771,0.09705,-0.83850,-0.27197,-13.1221,-6.0763,4.3359,1.06470,-0.20007,-0.10620,10.6947,-8.9160,-2.1527
105925771,0.08594,-0.79651,-0.26428,-12.2977,-7.7252,3.7786,1.06250,-0.20215,-0.10803,10.4198,-8.4809,-1.5267
105926771,0.07129,-0.76001,-0.30835,-11.7023,-9.1221,3.7710,1.06128,-0.20325,-0.10815,10.1298,-8.0458,-0.8779
105927770,0.05872,-0.77319,-0.36108,-10.9237,-9.7481,4.4122,1.05994,-0.20410,-0.10730,9.8397,-7.6183,-0.1985
105928770,0.05920,-0.83337,-0.39526,-10.1908,-9.8779,5.1603,1.05859,-0.20483,-0.10669,9.5420,-7.1985,0.4733
105929768,0.06299,-0.89844,-0.41772,-9.8168,-10.1145,5.5496,1.05664,-0.20496,-0.10657,9.2214,-6.7634,1.1145
105930768,0.06409,-0.93359,-0.42297,-10.2214,-10.5725,5.4885,1.05420,-0.20447,-0.10608,8.9084,-6.3282,1.7786
105931772,0.06250,-0.93164,-0.40845,-11.3664,-11.2595,5.3511,1.05212,-0.20300,-0.10498,8.5954,-5.8855,2.4962
105932771,0.05310,-0.92102,-0.40662,-12.6794,-12.2901,5.4046,1.05066,-0.20203,-0.10376,8.2595,-5.4504,3.2214
105933771,0.02649,-0.92419,-0.43713,-13.6260,-13.3359,5.5420,1.04980,-0.20190,-0.10376,7.8931,-5.0382,3.9389
105934770,-0.00134,-0.93945,-0.47070,-14.1908,-13.7863,5.4809,1.04944,-0.20166,-0.10461,7.4885,-4.6107,4.6794
105935771,-0.00171,-0.94312,-0.49353,-14.6718,-13.5954,5.0687,1.04944,-0.20105,-0.10498,7.0992,-4.1450,5.4046
105936770,0.01819,-0.94507,-0.48706,-14.4198,-13.1069,4.6412,1.04919,-0.20032,-0.10510,6.7405,-3.6794,6.1298
105937770,0.04163,-0.94849,-0.45947,-13.5267,-13.0458,4.1374,1.04944,-0.19995,-0.10559,6.3893,-3.2137,6.8702
105938770,0.05188,-0.90894,-0.49573,-12.7405,-14.1603,3.1908,1.04956,-0.19958,-0.10461,6.0076,-2.7634,7.6031
105939770,0.03931,-0.84277,-0.58984,-11.4275,-15.7023,2.2672,1.04895,-0.19958,-0.10303,5.5802,-2.3206,8.3130
105940770,0.02393,-0.82446,-0.65027,-9.3893,-16.7405,2.0916,1.04871,-0.19983,-0.10144,5.1756,-1.8855,8.9847
105941768,0.01343,-0.86621,-0.66284,-7.7710,-17.4885,2.2977,1.04846,-0.20032,-0.10083,4.7863,-1.4351,9.6641
105942768,-0.00574,-0.89832,-0.68481,-7.6260,-18.1527,2.0992,1.04749,-0.20068,-0.10059,4.4122,-0.9771,10.3740
105943772,-0.03406,-0.87292,-0.71851,-8.4656,-18.0534,1.5496,1.04614,-0.19995,-0.09961,4.0534,-0.5267,11.0611
105944771,-0.06274,-0.82166,-0.72668,-9.3817,-16.8244,1.4504,1.04504,-0.19922,-0.09875,3.7176,-0.0916,11.7176
105945771,-0.08301,-0.77991,-0.74329,-10.3817,-15.0382,2.0000,1.04468,-0.19861,-0.09924,3.3740,0.3664,12.3511
105946771,-0.09119,-0.76746,-0.77161,-11.3588,-12.9618,2.9542,1.04578,-0.19824,-0.10132,3.0229,0.8473,12.9313
105947771,-0.07874,-0.78821,-0.76392,-12.4198,-10.9466,3.9695,1.04736,-0.19788,-0.10266,2.6794,1.3359,13.5038
105948771,-0.05066,-0.81372,-0.72571,-13.2672,-9.7481,4.6718,1.04907,-0.19666,-0.10327,2.3511,1.8244,14.1069
105949771,-0.02478,-0.82983,-0.68445,-13.3130,-9.7099,4.9466,1.05054,-0.19409,-0.10547,2.0229,2.3359,14.7252
105950771,-0.00537,-0.82617,-0.64514,-12.9008,-10.5649,4.9466,1.05188,-0.19202,-0.10669,1.6947,2.8550,15.3435
105951770,0.00586,-0.79700,-0.61853,-12.5267,-11.9695,4.8550,1.05396,-0.19116,-0.10571,1.3588,3.3969,15.9160
105952770,0.00305,-0.74939,-0.60571,-11.7634,-13.3359,4.7481,1.05664,-0.18896,-0.10596,1.0229,3.9389,16.4351
105953770,-0.01807,-0.71008,-0.58850,-10.2977,-14.2519,4.7786,1.05933,-0.18616,-0.10754,0.6641,4.4962,16.9237
105954768,-0.04224,-0.72290,-0.58606,-8.8626,-14.8779,5.0687,1.06116,-0.18445,-0.10925,0.2672,5.0763,17.4122
105955768,-0.03882,-0.80359,-0.66003,-8.9084,-15.7481,5.6031,1.06238,-0.18262,-0.11108,-0.1603,5.6183,17.8779
105956772,-0.03833,-0.91138,-0.80371,-11.2672,-16.9771,6.1603,1.06311,-0.18115,-0.11316,-0.5802,6.1603,18.3130
105957771,-0.08630,-0.93579,-0.98511,-16.0000,-18.4122,6.0687,1.06348,-0.18030,-0.11414,-0.9618,6.7252,18.6565
105958771,-0.16284,-0.80444,-1.18274,-20.5267,-18.9237,5.1908,1.06360,-0.18030,-0.11499,-1.3206,7.2519,18.9160
105959770,-0.21460,-0.63257,-1.29163,-21.3359,-17.1908,4.8855,1.06311,-0.18115,-0.11719,-1.6489,7.7481,19.1069
105960770,-0.22510,-0.57898,-1.24451,-20.0992,-13.8397,6.2824,1.06274,-0.18213,-0.12036,-1.9237,8.2290,19.2366
105961770,-0.21399,-0.63196,-1.13782,-21.5344,-10.7099,8.6260,1.06177,-0.18237,-0.12427,-2.1221,8.6718,19.3282
105962770,-0.20020,-0.66272,-1.11060,-25.9695,-8.3893,10.2672,1.05933,-0.18140,-0.12830,-2.2443,9.0534,19.3282
105963770,-0.19495,-0.61719,-1.14099,-28.6794,-5.8244,10.7557,1.05603,-0.18018,-0.13306,-2.3206,9.4046,19.2214
105964768,-0.19263,-0.55554,-1.15808,-27.1069,-3.0992,10.9618,1.05078,-0.17871,-0.13843,-2.3664,9.7328,19.0153
105965771,-0.19519,-0.51318,-1.16931,-23.8397,-1.2748,11.3511,1.04468,-0.17676,-0.14368,-2.3511,10.0153,18.7252
105966771,-0.17932,-0.48511,-1.12012,-21.8931,0.0229,11.9084,1.03918,-0.17395,-0.14880,-2.3206,10.2519,18.2977
105967771,-0.12280,-0.46558,-0.95007,-21.7710,1.0153,12.4962,1.03357,-0.16980,-0.15344,-2.2672,10.4122,17.7710
105968770,-0.06311,-0.48816,-0.77112,-21.3206,0.8321,13.1603,1.02856,-0.16553,-0.15649,-2.1985,10.5344,17.1527
105969770,-0.04822,-0.56140,-0.73718,-19.4122,-0.3130,13.4733,1.01941,-0.15662,-0.16028,-2.0687,10.6183,15.7405
105970770,-0.07153,-0.61902,-0.79968,-16.9466,-0.7099,13.1603,1.01526,-0.15344,-0.16187,-2.0534,10.5573,14.9466
105971770,-0.09644,-0.58923,-0.82910,-15.7252,-0.0076,12.6260,1.01196,-0.14978,-0.16382,-2.0229,10.4580,14.0916
105972770,-0.10193,-0.50574,-0.82129,-15.7023,0.6260,13.0153,1.00842,-0.14636,-0.16638,-1.9924,10.3282,13.1908
105973770,-0.09216,-0.50427,-0.79211,-15.3664,0.7481,14.8702,1.00415,-0.14368,-0.16858,-1.9466,10.1679,12.2748
105974770,-0.05969,-0.62427,-0.71790,-14.3282,0.7557,17.0229,1.00061,-0.14087,-0.17029,-1.9313,9.9618,11.3435
105975770,-0.01477,-0.74963,-0.65100,-13.7786,0.3359,17.8931,0.99841,-0.13818,-0.17126,-1.9313,9.7252,10.4046
105976770,-0.01074,-0.79639,-0.68628,-14.3817,-0.9695,17.7328,0.99658,-0.13623,-0.17126,-1.9237,9.4656,9.4351
105977770,-0.04932,-0.79663,-0.81738,-16.1221,-2.3359,17.8168,0.99487,-0.13672,-0.17163,-1.9084,9.2290,8.4809
105978770,-0.10193,-0.77393,-0.95508,-18.1985,-2.7557,18.3053,0.99353,-0.13904,-0.17236,-1.8931,8.9924,7.5267
105979768,-0.13660,-0.73865,-1.01965,-18.9924,-1.7405,18.6794,0.99341,-0.14136,-0.17249,-1.8702,8.7405,6.6336
105980768,-0.13232,-0.73718,-0.99060,-18.2824,0.3359,19.0153,0.99500,-0.14453,-0.17200,-1.8168,8.4733,5.7786
105981772,-0.10999,-0.80884,-0.89893,-17.1221,2.5954,19.4733,0.99670,-0.14783,-0.17212,-1.7710,8.1908,4.9313
105982770,-0.09119,-0.88635,-0.83044,-17.1832,4.2824,19.3511,0.99780,-0.15100,-0.17249,-1.7252,7.9313,4.0992
105983770,-0.07397,-0.90173,-0.81348,-18.2672,5.6794,18.6489,0.99890,-0.15466,-0.17188,-1.6565,7.6794,3.2672
105984770,-0.05786,-0.90137,-0.79932,-19.1221,6.9008,18.2366,0.99963,-0.15845,-0.17102,-1.5496,7.4122,2.4809
105985770,-0.04187,-0.92407,-0.77527,-19.1298,7.4962,18.0687,1.00000,-0.16248,-0.16992,-1.3893,7.1069,1.7634
105986770,-0.02222,-0.93945,-0.74976,-18.6412,7.2672,17.5115,1.00183,-0.16687,-0.16858,-1.2137,6.7786,1.1221
105987770,-0.01233,-0.91760,-0.71924,-18.4427,6.4580,16.6412,1.00464,-0.17090,-0.16821,-1.0382,6.4351,0.4351
105988770,-0.01294,-0.87830,-0.68188,-18.7481,5.4427,16.1069,1.00659,-0.17444,-0.16870,-0.8550,6.0916,-0.2595
105989770,-0.01709,-0.85144,-0.66577,-19.2748,4.4504,16.1527,1.00830,-0.17700,-0.16907,-0.6794,5.7252,-0.9466
105990770,-0.02332,-0.85938,-0.66638,-19.4733,4.0076,16.6870,1.00989,-0.17859,-0.16870,-0.5115,5.3359,-1.5954
105991770,-0.02576,-0.89075,-0.65747,-19.3435,4.2672,17.1603,1.01086,-0.18091,-0.16858,-0.3206,4.9008,-2.2366
105992768,-0.02454,-0.89807,-0.65320,-18.8244,4.7328,17.0763,1.01172,-0.18298,-0.16882,-0.1374,4.4275,-2.8702
105993772,-0.02820,-0.87170,-0.65759,-17.9466,4.8931,16.7023,1.01245,-0.18445,-0.16809,0.0305,3.9695,-3.5115
105994771,-0.02783,-0.85132,-0.67310,-17.4198,4.4504,16.6489,1.01355,-0.18591,-0.16638,0.2214,3.4962,-4.1298
105995770,-0.02625,-0.86621,-0.73462,-17.7634,3.3053,16.9389,1.01611,-0.18726,-0.16553,0.4275,3.0000,-4.7328
105996770,-0.02905,-0.90381,-0.80115,-18.2672,2.5115,17.0305,1.01892,-0.18799,-0.16455,0.6565,2.5115,-5.3053
105997770,-0.02612,-0.93091,-0.80518,-18.4885,2.8015,16.5878,1.02222,-0.18787,-0.16174,0.8855,2.0534,-5.8168
105998770,-0.03320,-0.92957,-0.78674,-18.7634,3.5573,15.8931,1.02625,-0.18799,-0.15820,1.1298,1.6412,-6.2824
105999770,-0.05713,-0.91431,-0.82214,-19.3359,4.4046,15.4809,1.02942,-0.18896,-0.15527,1.3969,1.2519,-6.7252
106000770,-0.07996,-0.90344,-0.87659,-19.9237,5.9924,15.4962,1.03174,-0.18958,-0.15247,1.6794,0.8473,-7.1603
106001770,-0.08240,-0.89954,-0.86694,-20.2137,8.4351,15.6412,1.03430,-0.18933,-0.14917,1.9542,0.4046,-7.5496
106002771,-0.06653,-0.88965,-0.82458,-20.1145,10.4580,15.5573,1.03687,-0.18970,-0.14734,2.2214,-0.0153,-7.8931
106003770,-0.04980,-0.88464,-0.78845,-19.2748,11.4656,15.2748,1.03857,-0.19031,-0.14539,2.5115,-0.3817,-8.1832
106004770,-0.02661,-0.90991,-0.72644,-18.1374,11.8779,14.9847,1.04004,-0.19031,-0.14246,2.7863,-0.7176,-8.4504
106005770,0.00403,-0.96423,-0.64697,-17.5649,11.5954,14.7176,1.04175,-0.19019,-0.13916,3.0687,-1.0382,-8.6794
106006770,0.01855,-1.00647,-0.60718,-18.0305,10.4427,14.1221,1.04382,-0.19080,-0.13477,3.3664,-1.3588,-8.8473
106007770,0.01550,-0.98120,-0.62012,-19.2214,9.1069,13.0840,1.04578,-0.19141,-0.13184,3.6565,-1.6336,-8.9924
106008770,0.00378,-0.90637,-0.65002,-20.0992,8.2519,12.2366,1.04736,-0.19153,-0.13074,3.9466,-1.8855,-9.1221
106009771,-0.01331,-0.84656,-0.68250,-20.3282,7.9237,12.1527,1.04822,-0.19202,-0.12878,4.2214,-2.1374,-9.2672
106010770,-0.02209,-0.83533,-0.71460,-20.4656,7.9618,12.6718,1.04895,-0.19263,-0.12646,4.4962,-2.3664,-9.3893
106011770,-0.01453,-0.86694,-0.71655,-20.8931,8.4122,13.2672,1.04980,-0.19299,-0.12488,4.7710,-2.5802,-9.4962
106012770,0.00427,-0.89685,-0.68347,-21.4656,8.9389,13.4275,1.04980,-0.19299,-0.12415,5.0611,-2.7405,-9.5573
106013770,0.01208,-0.87366,-0.65588,-21.7557,9.0763,12.9466,1.04968,-0.19336,-0.12378,5.3511,-2.8550,-9.6031
106014770,0.00293,-0.80591,-0.65442,-21.3435,8.9542,12.4122,1.04968,-0.19446,-0.12463,5.6183,-2.9771,-9.6489
106015770,-0.00916,-0.72998,-0.65234,-19.8855,8.9618,12.1985,1.04944,-0.19604,-0.12610,5.8702,-3.0840,-9.7099
106016770,-0.02747,-0.67285,-0.64478,-16.7710,9.0153,12.0534,1.04907,-0.19727,-0.12744,6.1374,-3.1603,-9.7863
106017770,-0.04016,-0.64709,-0.66431,-12.3817,9.0611,11.7099,1.04895,-0.19763,-0.12842,6.3740,-3.2214,-9.8397
106018770,-0.02808,-0.67737,-0.69128,-7.7634,9.4504,11.5573,1.04785,-0.19775,-0.12903,6.5878,-3.2748,-9.8626
106019770,-0.00696,-0.77026,-0.67932,-3.7786,10.1679,11.5267,1.04602,-0.19702,-0.13000,6.8015,-3.3206,-9.8168
106020768,-0.01746,-0.92786,-0.76123,0.7634,10.4198,9.8855,1.04407,-0.19531,-0.13062,7.0076,-3.3511,-9.7786
106021768,-0.05298,-0.91357,-0.86182,1.2214,10.9847,8.7405,1.04211,-0.19275,-0.13037,7.1832,-3.3664,-9.7786
106022768,-0.05298,-0.87158,-0.88269,0.9618,12.7557,8.2595,1.04065,-0.19006,-0.13000,7.3206,-3.3740,-9.7863
106023772,-0.03027,-0.87427,-0.82703,0.5725,14.5496,8.6870,1.03918,-0.18921,-0.12988,7.4046,-3.3817,-9.7939
106024771,-0.02808,-0.93469,-0.80359,-0.6031,15.3130,9.3664,1.03796,-0.18896,-0.12927,7.4504,-3.3969,-9.7634
106025770,-0.04102,-0.98474,-0.85193,-3.7405,15.6336,9.8015,1.03699,-0.18823,-0.12830,7.4809,-3.4275,-9.6870
106026770,-0.04858,-1.00000,-0.88611,-8.0382,16.7481,10.4046,1.03601,-0.18774,-0.12720,7.4809,-3.4504,-9.5954
106027770,-0.04236,-0.99634,-0.85754,-11.8244,18.4580,11.2290,1.03467,-0.18713,-0.12573,7.4504,-3.4885,-9.5038
106028770,-0.03723,-0.97437,-0.82812,-14.3053,19.6641,11.8855,1.03394,-0.18616,-0.12366,7.3969,-3.5496,-9.3969
106029770,-0.05139,-0.92896,-0.85754,-16.1069,20.1603,12.2290,1.03345,-0.18542,-0.12256,7.3130,-3.6183,-9.2901
106030771,-0.07007,-0.87561,-0.89026,-17.0382,21.0916,12.4733,1.03223,-0.18506,-0.12292,7.2061,-3.7252,-9.1756
106031771,-0.05847,-0.85645,-0.83997,-16.3664,22.8397,12.6870,1.03137,-0.18445,-0.12268,7.0611,-3.8321,-9.0687
106032771,-0.03015,-0.89673,-0.76807,-14.5420,24.0382,12.6794,1.03186,-0.18359,-0.12305,6.8702,-3.9313,-8.9313
106033771,-0.02368,-0.95056,-0.77112,-12.9695,24.1985,11.9771,1.03296,-0.18335,-0.12366,6.6947,-4.0153,-8.7710
106034771,-0.03564,-0.93494,-0.81873,-12.2137,24.4962,10.4962,1.03345,-0.18335,-0.12341,6.5573,-4.0992,-8.5954
106035770,-0.03259,-0.86890,-0.80090,-11.2290,26.0153,9.3359,1.03357,-0.18384,-0.12292,6.4275,-4.1756,-8.4046
106036770,-0.00452,-0.85950,-0.70117,-9.5267,27.9542,9.3817,1.03418,-0.18530,-0.12280,6.2824,-4.2137,-8.1603
106037770,0.03918,-0.93591,-0.59424,-7.9847,29.3053,9.9389,1.03516,-0.18628,-0.12268,6.1221,-4.2137,-7.8626
106038768,0.07703,-1.02502,-0.54724,-8.0229,29.6107,10.0305,1.03638,-0.18640,-0.12158,5.9542,-4.2137,-7.5420
106039772,0.08862,-1.05896,-0.55725,-9.6794,29.3206,9.7023,1.03760,-0.18689,-0.12012,5.7710,-4.2214,-7.2137
106040771,0.08472,-1.03333,-0.57373,-11.6565,28.8779,9.3817,1.03796,-0.18689,-0.11877,5.5649,-4.1985,-6.8550
106041771,0.09229,-0.98938,-0.55762,-12.5191,28.4885,9.2977,1.03796,-0.18665,-0.11804,5.3359,-4.1221,-6.4809
106042770,0.11707,-0.98657,-0.50610,-12.0840,27.7786,9.5954,1.03894,-0.18713,-0.11755,5.0763,-4.0687,-6.1069
106043771,0.14539,-1.02856,-0.43201,-11.4504,26.6947,9.8015,1.04028,-0.18762,-0.11719,4.7786,-4.0305,-5.7252
106044771,0.16736,-1.04688,-0.34863,-11.4580,25.3893,9.2214,1.04102,-0.18823,-0.11694,4.4656,-3.9695,-5.3206
106045770,0.17249,-0.99963,-0.29285,-11.6870,23.9466,7.9695,1.04163,-0.18872,-0.11633,4.1603,-3.8550,-4.8473
106046770,0.15955,-0.94067,-0.29871,-10.9313,22.3740,6.9389,1.04333,-0.18811,-0.11462,3.8626,-3.6794,-4.3359
106047770,0.14319,-0.93079,-0.33899,-9.0611,21.0840,6.3893,1.04578,-0.18701,-0.11194,3.5191,-3.4885,-3.7939
106048770,0.13953,-0.95862,-0.34961,-7.2366,20.1756,5.9008,1.04761,-0.18726,-0.10950,3.1374,-3.3053,-3.2214
106049770,0.14636,-0.98621,-0.33936,-6.5725,18.9847,5.2061,1.04871,-0.18774,-0.10754,2.7481,-3.0916,-2.6489
106050770,0.14966,-1.00208,-0.35852,-6.8473,17.2748,4.5954,1.04993,-0.18689,-0.10571,2.3588,-2.8244,-2.0611
106051770,0.14050,-1.01453,-0.39600,-7.1374,15.7176,4.2519,1.05078,-0.18591,-0.10364,1.9466,-2.5115,-1.4733
106052770,0.13611,-1.00708,-0.40796,-7.5496,14.8321,4.0763,1.05139,-0.18652,-0.10107,1.4809,-2.1603,-0.8626
106053770,0.13965,-0.96338,-0.41272,-8.7481,14.0611,4.0840,1.05298,-0.18811,-0.09863,1.0076,-1.7863,-0.2290
106054770,0.11865,-0.92346,-0.46167,-10.5802,12.6794,4.6794,1.05444,-0.18933,-0.09644,0.5420,-1.4046,0.4122
106055770,0.08276,-0.93799,-0.54614,-12.9466,11.1679,5.9389,1.05566,-0.19006,-0.09546,0.0611,-1.0305,1.0611
106056770,0.06628,-0.97205,-0.58276,-15.9466,10.5725,7.0840,1.05725,-0.19019,-0.09558,-0.4046,-0.6641,1.7252
106057770,0.07532,-0.98450,-0.52625,-18.3206,10.7634,7.5344,1.05908,-0.18958,-0.09583,-0.8626,-0.2748,2.3817
106058770,0.10181,-0.98608,-0.45483,-19.2366,10.8092,7.4809,1.06079,-0.18982,-0.09595,-1.3130,0.1603,3.0382
106059771,0.10986,-0.99707,-0.45007,-19.3206,10.2443,7.3053,1.06299,-0.19031,-0.09656,-1.7863,0.5878,3.6947
106060771,0.10315,-0.99463,-0.46460,-19.6870,9.9695,6.8550,1.06567,-0.18982,-0.09766,-2.2443,0.9924,4.3435
106061770,0.10803,-0.94629,-0.47192,-20.5496,9.8092,6.1069,1.06738,-0.18896,-0.09717,-2.6870,1.3588,4.9924
106062770,0.10376,-0.89075,-0.48889,-20.0992,9.3130,5.3588,1.06897,-0.18921,-0.09595,-3.1221,1.7252,5.6260
106063770,0.08777,-0.86072,-0.52441,-17.7634,8.3511,4.5344,1.07104,-0.18982,-0.09485,-3.5344,2.1221,6.2137
106064770,0.07397,-0.84900,-0.56079,-14.5344,7.4122,3.5802,1.07153,-0.18921,-0.09424,-3.9389,2.5344,6.7863
106065770,0.06628,-0.84949,-0.57141,-11.9771,6.6336,2.8244,1.07080,-0.18823,-0.09521,-4.3511,2.9695,7.3359
106066770,0.07068,-0.84692,-0.56116,-10.5115,6.0229,2.3130,1.07288,-0.18738,-0.09937,-5.1603,3.8168,8.4122
106067770,0.07507,-0.84314,-0.55176,-9.3893,5.4198,1.9924,1.07373,-0.18713,-0.09998,-5.5573,4.2443,8.9466
106068770,0.07080,-0.85107,-0.57898,-8.3817,4.9389,1.8702,1.07410,-0.18713,-0.10144,-5.9618,4.6870,9.5115
106069770,0.06274,-0.87805,-0.63147,-7.5649,4.8168,2.0153,1.07471,-0.18726,-0.10327,-6.3588,5.1221,10.0687
106070770,0.05518,-0.91528,-0.67554,-7.6031,5.0076,2.2748,1.07520,-0.18701,-0.10522,-6.7634,5.5496,10.5954
106071770,0.05359,-0.93823,-0.71960,-8.9695,5.1450,2.5573,1.07532,-0.18628,-0.10718,-7.1832,5.9771,11.1298
106072770,0.05139,-0.93811,-0.75049,-10.6794,5.3817,2.7786,1.07556,-0.18567,-0.10913,-7.5725,6.3740,11.6565
106073770,0.05554,-0.90576,-0.73376,-11.5802,5.9618,2.6718,1.07690,-0.18640,-0.11084,-7.9542,6.7786,12.1908
106074770,0.06250,-0.84827,-0.72937,-11.7176,6.2595,2.3969,1.07739,-0.18689,-0.11157,-8.3282,7.2290,12.7252
106075770,0.04956,-0.79663,-0.77869,-11.8855,6.2366,2.3664,1.07556,-0.18726,-0.11230,-8.6947,7.7023,13.2824
106076770,0.04407,-0.77283,-0.80811,-12.2137,6.7710,2.6947,1.07373,-0.18787,-0.11304,-9.0611,8.1527,13.7939
106077770,0.06042,-0.78589,-0.78125,-11.9313,7.6183,3.1145,1.07288,-0.18848,-0.11340,-9.4580,8.5802,14.2977
106078770,0.07227,-0.84729,-0.76758,-10.5191,7.8855,3.3664,1.07153,-0.18860,-0.11450,-9.8626,8.9924,14.7939
106079770,0.07715,-0.92395,-0.78577,-8.9008,7.9695,3.1069,1.07068,-0.18970,-0.11633,-10.2137,9.4046,15.2901
106080768,0.08264,-0.95911,-0.76941,-8.2443,8.4427,2.4580,1.06995,-0.19141,-0.11865,-10.5267,9.7710,15.7481
106081771,0.08899,-0.93103,-0.72034,-9.0458,8.8702,1.8473,1.06799,-0.19275,-0.12183,-10.8015,10.0687,16.1450
106082771,0.08459,-0.88342,-0.70312,-10.2595,8.8092,1.7176,1.06433,-0.19495,-0.12573,-11.0305,10.3435,16.4885
106083771,0.07019,-0.87439,-0.71960,-10.7176,8.7634,1.8779,1.05933,-0.19702,-0.12976,-11.1985,10.6107,16.7328
106084771,0.06018,-0.89026,-0.73889,-10.7252,9.0992,1.7481,1.05334,-0.19824,-0.13416,-11.2977,10.7863,16.9084
106085771,0.05786,-0.90173,-0.74304,-10.8473,9.6183,1.2977,1.04590,-0.19885,-0.13806,-11.3130,10.8779,16.9771
106086770,0.06189,-0.89160,-0.72998,-11.6107,9.9542,0.7023,1.03748,-0.19885,-0.14209,-11.2366,10.8931,16.9389
106087770,0.07202,-0.85461,-0.69971,-12.5267,10.0153,0.1679,1.02930,-0.19897,-0.14746,-11.0763,10.8244,16.8321
106088770,0.08386,-0.80359,-0.66504,-12.7710,9.7328,-0.1832,1.02136,-0.19788,-0.15320,-10.7786,10.6489,16.6183
106089770,0.08972,-0.76965,-0.65173,-12.0382,9.1374,-0.1908,1.01404,-0.19507,-0.15942,-10.3893,10.3969,16.2519
106090768,0.08740,-0.77429,-0.65320,-10.7863,8.4809,0.0611,1.00647,-0.19226,-0.16589,-9.9466,10.0763,15.7557
106091771,0.08215,-0.79492,-0.66394,-9.8168,7.8550,0.2443,0.99792,-0.18909,-0.17029,-9.4656,9.6641,15.1679
106092770,0.07312,-0.80139,-0.68103,-9.4580,7.3206,0.2595,0.98962,-0.18408,-0.17407,-8.9466,9.1374,14.4962
106093770,0.06006,-0.79077,-0.70020,-9.5420,6.9847,0.2901,0.98254,-0.17773,-0.17798,-8.4122,8.5344,13.7252
106094771,0.04456,-0.76208,-0.73022,-9.7405,6.9084,0.2595,0.97620,-0.17151,-0.17896,-7.8855,7.8779,12.8321
106095771,0.03015,-0.71936,-0.75610,-9.6489,7.3588,0.1985,0.97046,-0.16663,-0.17944,-7.3969,7.1298,11.8702
106096770,0.02795,-0.69312,-0.76697,-9.5344,8.2595,0.4351,0.96472,-0.16260,-0.18127,-6.9313,6.2824,10.8550
106097770,0.03662,-0.72156,-0.76990,-9.6031,9.1908,1.1145,0.95947,-0.15955,-0.18213,-6.4809,5.3969,9.8015
106098770,0.04932,-0.78687,-0.75964,-9.8168,10.0382,1.5954,0.95532,-0.15723,-0.18237,-6.0534,4.5191,8.6794
106099770,0.06445,-0.81262,-0.73022,-10.1603,10.7252,1.3282,0.95190,-0.15588,-0.18225,-5.6489,3.6107,7.5344
106100770,0.07544,-0.77112,-0.69238,-10.6336,11.0076,0.8092,0.94983,-0.15527,-0.18213,-5.2824,2.6336,6.3893
106101771,0.07776,-0.70715,-0.66284,-10.9771,10.7710,0.8473,0.94946,-0.15527,-0.18262,-4.9084,1.6107,5.2366
106102770,0.08191,-0.67688,-0.63892,-10.7099,10.2290,1.5038,0.95007,-0.15662,-0.18225,-4.5115,0.5496,4.0534
106103771,0.09180,-0.69263,-0.61682,-10.0229,9.6260,2.1985,0.95142,-0.15930,-0.18140,-4.1145,-0.5191,2.8397
106104770,0.09583,-0.72583,-0.59851,-9.4351,9.0305,2.4962,0.95300,-0.16309,-0.18140,-3.6870,-1.5725,1.6489
106105770,0.09070,-0.74084,-0.59814,-9.2748,8.4122,2.3664,0.95471,-0.16724,-0.18164,-3.2061,-2.6260,0.5038
106106770,0.08069,-0.73303,-0.61792,-9.2519,7.9618,2.1679,0.95703,-0.17200,-0.18030,-2.6947,-3.6794,-0.6260
106107770,0.07324,-0.73926,-0.62659,-8.8473,7.9695,2.2748,0.96008,-0.17749,-0.17810,-2.1450,-4.6718,-1.7405
106108770,0.07178,-0.76660,-0.62170,-8.2748,8.1069,2.4580,0.96362,-0.18372,-0.17651,-1.5649,-5.6412,-2.8321
106109770,0.07031,-0.78235,-0.61804,-8.0534,8.1679,2.3817,0.96741,-0.18958,-0.17444,-0.9466,-6.6031,-3.9008
106110768,0.06824,-0.77527,-0.61694,-8.3817,8.1298,2.1908,0.97156,-0.19385,-0.17200,-0.2901,-7.5420,-4.8931
106111771,0.06885,-0.76709,-0.60754,-8.7939,8.1603,2.2214,0.97498,-0.19727,-0.16968,0.3817,-8.4351,-5.8244
106112770,0.06763,-0.76160,-0.58191,-9.1298,8.1679,2.3817,0.97729,-0.20068,-0.16699,1.0458,-9.2901,-6.7176
106113771,0.06226,-0.74573,-0.55798,-9.4351,7.9771,2.5115,0.98035,-0.20337,-0.16345,1.7176,-10.1298,-7.5725
106114770,0.05286,-0.72815,-0.55115,-9.6336,7.6489,2.7710,0.98547,-0.20471,-0.16003,2.3893,-10.9237,-8.3893
106115770,0.04651,-0.70862,-0.53589,-9.1679,7.6718,3.0076,0.99060,-0.20557,-0.15771,3.0687,-11.6641,-9.1450
106116770,0.05383,-0.69006,-0.50281,-7.3053,7.9008,3.0611,0.99512,-0.20605,-0.15588,3.7405,-12.3893,-9.8550
106117770,0.06909,-0.69641,-0.47058,-4.2748,7.9389,3.0153,0.99878,-0.20569,-0.15417,4.4198,-13.0458,-10.5038
106118770,0.07446,-0.73657,-0.46350,-1.4733,7.3817,2.9466,1.00073,-0.20508,-0.15161,5.0840,-13.6412,-11.1221
106119770,0.07471,-0.78467,-0.48303,0.1298,6.4733,2.6870,1.00244,-0.20410,-0.14819,5.7252,-14.1832,-11.6947
106120770,0.07849,-0.81909,-0.51196,0.7176,5.5496,2.3053,1.00439,-0.20361,-0.14429,6.3359,-14.7176,-12.2443
106121770,0.08154,-0.85425,-0.52185,1.5802,4.9466,1.9008,1.00635,-0.20337,-0.13867,6.9237,-15.2214,-12.7481
106122770,0.08447,-0.88513,-0.52478,2.7863,4.4580,1.2595,1.00903,-0.20190,-0.13306,7.4580,-15.6794,-13.1908
106123770,0.07776,-0.89282,-0.55127,3.2519,4.0076,0.6183,1.01184,-0.20044,-0.12891,7.9695,-16.0992,-13.5649
106124770,0.06299,-0.88879,-0.58020,1.9924,3.8397,0.5573,1.01416,-0.19958,-0.12512,8.4580,-16.4580,-13.8702
106125770,0.05945,-0.89050,-0.59546,-0.7252,4.0458,1.1069,1.01550,-0.19885,-0.12207,8.9237,-16.7405,-14.1298
106126770,0.06409,-0.90686,-0.60022,-3.3206,4.3435,1.8321,1.01599,-0.19861,-0.11951,9.3664,-16.9618,-14.3053
106127770,0.06201,-0.92871,-0.61633,-4.8702,4.5344,2.2595,1.01746,-0.19824,-0.11633,9.7710,-17.1298,-14.4580
106128770,0.05566,-0.92676,-0.63672,-5.7405,4.7328,2.2214,1.01965,-0.19812,-0.11304,10.1527,-17.2901,-14.5344
106129771,0.04504,-0.88403,-0.64941,-6.8092,4.8550,1.9924,1.02100,-0.19897,-0.10986,10.4809,-17.4275,-14.5649
106130770,0.04004,-0.83044,-0.64160,-7.6870,4.9618,2.0534,1.02271,-0.20044,-0.10718,10.7481,-17.5344,-14.5344
106131770,0.04333,-0.81116,-0.62793,-7.5954,4.9084,2.3282,1.02502,-0.20154,-0.10559,10.9771,-17.5725,-14.4580
106132771,0.04614,-0.82471,-0.62964,-6.3206,4.8550,2.2672,1.02637,-0.20215,-0.10400,11.1298,-17.5649,-14.3130
106133771,0.05310,-0.83911,-0.64758,-4.7099,4.9695,1.7176,1.02686,-0.20300,-0.10266,11.2672,-17.4962,-14.1221
106134771,0.05408,-0.84399,-0.66736,-3.5267,5.2214,1.1374,1.02722,-0.20435,-0.10242,11.3893,-17.3588,-13.8779
106135770,0.04468,-0.85791,-0.68665,-2.9771,5.3969,0.9008,1.02954,-0.20557,-0.10339,11.4885,-17.1756,-13.5573
106136770,0.03674,-0.87756,-0.72815,-2.8931,5.5420,0.7863,1.03259,-0.20630,-0.10327,11.5496,-16.9847,-13.1985
106137770,0.03369,-0.88745,-0.75464,-2.7405,6.1527,0.6183,1.03455,-0.20667,-0.10217,11.5649,-16.7405,-12.8244
106138770,0.04041,-0.87817,-0.73376,-2.6947,7.1832,0.4122,1.03625,-0.20630,-0.10095,11.5573,-16.4427,-12.4198
106139770,0.04724,-0.85852,-0.71094,-2.9389,7.8626,0.3893,1.03772,-0.20508,-0.09924,11.5267,-16.0992,-11.9542
106140770,0.03979,-0.85120,-0.72729,-3.3969,8.0534,0.5725,1.03943,-0.20410,-0.09839,11.4885,-15.7023,-11.4427
106141770,0.03198,-0.85864,-0.75977,-4.0305,8.3588,0.8015,1.04150,-0.20361,-0.09912,11.4046,-15.2748,-10.8779
106142770,0.02966,-0.87439,-0.77087,-4.5725,8.9542,0.9695,1.04321,-0.20264,-0.09961,11.2519,-14.8244,-10.2901
106143770,0.02991,-0.88293,-0.77148,-4.9160,9.4580,0.8702,1.04419,-0.20190,-0.09839,11.0687,-14.3511,-9.6641
106144770,0.03479,-0.88428,-0.77234,-4.8931,9.8397,0.5878,1.04443,-0.20105,-0.09705,10.8550,-13.8626,-9.0305
106145770,0.04224,-0.89282,-0.75952,-4.6641,10.2519,0.3664,1.04529,-0.19873,-0.09644,10.6031,-13.3282,-8.3969
106146770,0.04871,-0.89636,-0.74414,-4.7176,10.6412,0.1450,1.04639,-0.19580,-0.09607,10.3053,-12.7328,-7.7710
106147770,0.05298,-0.88440,-0.74023,-4.8931,10.9618,-0.1069,1.04797,-0.19397,-0.09595,9.9847,-12.0992,-7.1527
106148768,0.05261,-0.87415,-0.74976,-4.8855,11.2366,-0.2290,1.04993,-0.19299,-0.09595,9.6489,-11.4351,-6.5038
106149771,0.04956,-0.87878,-0.75610,-4.5115,11.6718,-0.2290,1.05127,-0.19165,-0.09546,9.2824,-10.7481,-5.8321
106150770,0.04700,-0.87952,-0.75891,-4.2061,12.0611,-0.3511,1.05225,-0.18994,-0.09424,8.8855,-10.0687,-5.1069
106151770,0.04651,-0.86584,-0.75781,-4.4580,12.3817,-0.4504,1.05359,-0.18848,-0.09302,8.4504,-9.3893,-4.3817
106152768,0.04883,-0.86768,-0.73267,-5.9313,12.7634,0.0153,1.05396,-0.18762,-0.09277,7.9466,-8.6641,-3.6260
106153768,0.06335,-0.90344,-0.75024,-6.3511,12.6718,0.2443,1.05310,-0.18726,-0.09326,7.4122,-7.9160,-2.8550
106154768,0.06812,-0.97668,-0.81238,-7.4733,12.2519,0.5878,1.05237,-0.18701,-0.09351,6.8626,-7.1832,-2.0611
106155771,0.04248,-1.03687,-0.89124,-10.2824,11.8473,0.7405,1.05273,-0.18616,-0.09253,6.3206,-6.4351,-1.2519
106156771,0.00879,-0.98499,-0.96008,-14.0458,12.0534,0.0687,1.05334,-0.18616,-0.09045,5.7786,-5.6641,-0.4656
106157770,-0.00610,-0.85938,-0.96130,-15.5420,13.5115,-0.6947,1.05322,-0.18799,-0.08850,5.2519,-4.8931,0.3282
106158770,0.00488,-0.80115,-0.90796,-14.4809,15.4275,-0.5344,1.05334,-0.18945,-0.08716,4.7634,-4.0840,1.1679
106159770,0.02478,-0.83618,-0.86206,-13.6641,17.0458,0.2977,1.05432,-0.19104,-0.08704,4.2672,-3.2748,2.0458
106160770,0.03857,-0.87927,-0.83887,-14.8779,18.2290,0.8015,1.05505,-0.19348,-0.08667,3.7557,-2.4351,2.9084
106161770,0.04834,-0.85754,-0.81201,-16.4046,19.4504,0.4733,1.05750,-0.19739,-0.08447,2.7786,-0.6183,4.6947
106162770,0.07080,-0.80151,-0.76013,-15.9542,20.5878,-0.0153,1.05945,-0.19873,-0.08276,2.3435,0.3206,5.6565
106163770,0.09558,-0.77307,-0.70398,-13.7939,21.0153,-0.0916,1.06055,-0.20032,-0.08020,1.8855,1.2672,6.6718
106164768,0.11243,-0.79968,-0.64636,-11.7023,20.6107,0.2977,1.06128,-0.20203,-0.07825,1.3969,2.2672,7.7252
106165767,0.13245,-0.83142,-0.59021,-11.2901,19.7099,0.4504,1.06213,-0.20435,-0.07703,0.8931,3.3130,8.8397
106166771,0.15076,-0.82898,-0.53882,-11.5802,18.5802,0.2061,1.06287,-0.20752,-0.07507,0.3817,4.3359,10.0153
106167771,0.16467,-0.83044,-0.48950,-11.1145,17.5115,0.0611,1.06348,-0.21143,-0.07202,-0.1298,5.3359,11.2672
106168770,0.16968,-0.85339,-0.46399,-10.1145,16.3740,0.0763,1.06360,-0.21558,-0.06885,-0.6718,6.3740,12.5878
106169771,0.15613,-0.86633,-0.46631,-9.4962,15.1679,-0.0916,1.06372,-0.22021,-0.06506,-1.2748,7.4656,14.0305
106170771,0.14746,-0.84045,-0.46838,-9.6336,14.1756,-0.3893,1.06519,-0.22632,-0.05981,-1.9618,8.5802,15.6031
106171771,0.14868,-0.81799,-0.44934,-9.6870,13.2595,-0.3053,1.06677,-0.23511,-0.05408,-2.7328,9.7405,17.3511
106172770,0.14404,-0.83740,-0.42700,-9.1679,12.1145,0.0305,1.06873,-0.24670,-0.04810,-3.5954,10.9237,19.2824
106173770,0.13879,-0.86902,-0.44031,-8.5573,10.7328,0.0229,1.07043,-0.25879,-0.04077,-4.5802,12.1374,21.4351
106174770,0.13318,-0.88806,-0.47168,-8.2748,9.5725,-0.2901,1.07043,-0.27136,-0.03223,-5.7023,13.4046,23.8779
106175770,0.12842,-0.89502,-0.49719,-8.6412,8.7481,-0.5496,1.06982,-0.28577,-0.02356,-6.9618,14.7252,26.6260
106176770,0.12231,-0.88220,-0.52637,-9.3969,7.9771,-0.7252,1.06995,-0.30237,-0.01514,-8.3740,16.0840,29.6947
106177770,0.10303,-0.84619,-0.56873,-9.9237,7.2595,-0.9695,1.07092,-0.31946,-0.00598,-9.9771,17.5038,33.1145
106178770,0.08447,-0.80359,-0.60510,-9.6947,7.0229,-1.1908,1.07239,-0.33752,0.00574,-11.7786,18.9847,36.9313
106179770,0.07312,-0.78845,-0.61841,-8.9313,7.1527,-1.1145,1.07471,-0.35803,0.01855,-13.8168,20.5496,41.1985
106180770,0.06482,-0.79883,-0.61389,-8.6031,7.3588,-0.8855,1.07715,-0.38196,0.03076,-16.1298,22.1985,45.9618
106181770,0.06543,-0.81006,-0.60254,-9.0840,7.4809,-0.7099,1.07959,-0.40784,0.04370,-18.7863,23.9237,51.2214
106182770,0.07446,-0.81323,-0.58167,-9.6947,7.6565,-0.6489,1.08167,-0.43469,0.05652,-21.7405,25.7328,57.0687
106183771,0.08276,-0.81067,-0.55615,-9.6870,7.7557,-0.6641,1.08350,-0.46289,0.06885,-24.9924,27.6565,63.5115
106184771,0.08398,-0.80505,-0.55310,-9.3969,7.5420,-0.6641,1.08484,-0.49316,0.08240,-28.5725,29.7099,70.5954
106185770,0.07544,-0.80554,-0.58203,-9.6412,7.0916,-0.3893,1.08618,-0.52441,0.09729,-32.4885,31.8779,78.3511
106186771,0.06506,-0.82092,-0.60486,-10.4198,6.8931,0.1679,1.08777,-0.55530,0.11218,-36.6718,34.1527,86.8092
106187771,0.06702,-0.83533,-0.58984,-11.2214,6.9771,0.6336,1.08875,-0.58618,0.12439,-41.0840,36.5649,95.9542
106188771,0.08081,-0.83313,-0.54810,-11.6870,7.0840,0.8397,1.08911,-0.61670,0.13318,-45.7099,39.0916,105.7786
106189770,0.09668,-0.82935,-0.50720,-11.7328,6.9542,1.0687,1.08960,-0.64575,0.13940,-50.4885,41.7481,116.2977
106190770,0.10510,-0.83557,-0.49341,-11.6336,6.4656,1.3206,1.08936,-0.67310,0.14307,-55.3817,44.5191,127.4733
106191770,0.11035,-0.83777,-0.49744,-11.7634,5.8244,1.4046,1.08801,-0.69922,0.14441,-60.3511,47.3969,139.3130
106192770,0.11951,-0.83228,-0.49963,-12.0153,5.1527,1.3282,1.08728,-0.72571,0.14319,-65.3664,50.3588,151.7786
106193770,0.12439,-0.83325,-0.49792,-11.7176,4.3511,1.0992,1.08838,-0.75281,0.14148,-70.3817,53.3969,164.8397
106194771,0.12134,-0.84229,-0.50183,-10.7328,3.4656,0.5802,1.09119,-0.77917,0.14185,-75.3588,56.5115,178.4351
106195770,0.12012,-0.84668,-0.51172,-9.7786,2.7252,-0.1069,1.09534,-0.80493,0.14343,-80.2672,59.6947,192.5649
106196770,0.11523,-0.84741,-0.52063,-9.8168,2.1756,-0.5267,1.10071,-0.83142,0.14453,-85.1069,62.9542,207.2290
106197770,0.10327,-0.84070,-0.54138,-10.8092,1.7710,-0.6183,1.10791,-0.85852,0.14526,-89.9160,66.2824,222.4580
106198768,0.08423,-0.80713,-0.58228,-11.6794,1.5954,-0.7099,1.11609,-0.88464,0.14673,-94.7099,69.6718,238.2595
106199771,0.06628,-0.76074,-0.60938,-11.5649,1.9237,-0.6412,1.12329,-0.90930,0.14917,-99.4809,73.1527,250.1298
106200771,0.06091,-0.74463,-0.62000,-11.0763,2.3511,-0.0229,1.12952,-0.93298,0.15186,-104.2824,76.6870,250.1298
106201771,0.06018,-0.76965,-0.62122,-10.8092,2.6183,0.9618,1.13574,-0.95569,0.15442,-109.1603,80.1145,250.1298
106202770,0.07336,-0.79602,-0.59546,-10.9008,2.8473,1.6489,1.14148,-0.97620,0.15698,-114.1298,83.5649,250.1298
106203770,0.09692,-0.80469,-0.55432,-11.0000,2.8397,1.9847,1.14563,-0.99280,0.15881,-119.1908,86.9924,250.1298
106204770,0.10840,-0.81934,-0.53003,-10.7557,2.3893,2.2824,1.14844,-1.00696,0.16040,-124.3664,90.4962,250.1298
106205770,0.10400,-0.82837,-0.53955,-10.3282,1.7710,2.2824,1.15063,-1.01868,0.16235,-129.6947,94.0534,250.1298
106206770,0.09705,-0.82227,-0.55261,-9.8397,1.4351,1.9771,1.15222,-1.02673,0.16431,-135.1298,97.5878,250.1298
106207770,0.09448,-0.82361,-0.56189,-9.7328,1.1908,1.7863,1.15283,-1.03162,0.16443,-140.6489,101.0534,250.1298
106208768,0.09106,-0.84143,-0.57129,-9.7939,0.9695,1.6565,1.15210,-1.03418,0.16296,-146.2366,104.4504,250.1298
106209768,0.09436,-0.85242,-0.56433,-9.6107,0.9847,1.1679,1.15088,-1.03455,0.16040,-151.8702,107.7481,250.1298
106210767,0.10205,-0.84363,-0.54736,-9.0992,1.1069,0.5420,1.14844,-1.03210,0.15454,-157.5802,110.9466,250.1298
106211772,0.10339,-0.83447,-0.53760,-8.4885,1.0534,0.2061,1.14539,-1.02710,0.14612,-163.3206,114.0534,250.1298
106212771,0.10852,-0.81995,-0.54004,-8.1603,0.8931,0.1298,1.14221,-1.01978,0.13525,-169.0687,117.0611,250.1298
106213771,0.10889,-0.79675,-0.53772,-7.8702,0.7176,0.3588,1.13879,-1.01147,0.12195,-174.8168,119.9084,250.1298
106214770,0.09033,-0.76648,-0.52881,-7.0534,0.6031,0.7634,1.13489,-1.00366,0.10632,-180.5420,122.6031,250.1298
106215770,0.07568,-0.72107,-0.52661,-4.9847,0.7481,0.9237,1.12854,-0.99353,0.08826,-186.2290,125.0992,250.1298
106216770,0.07739,-0.68994,-0.50525,-1.3053,1.3130,0.9466,1.12024,-0.98059,0.06848,-191.7939,127.3664,250.1298
106217770,0.09753,-0.69666,-0.43225,2.3435,2.1603,1.1450,1.11108,-0.96521,0.04614,-197.1450,129.4504,250.1298
106218770,0.13098,-0.73181,-0.34265,4.8244,2.4046,1.3893,1.10095,-0.94800,0.02515,-202.2137,131.3740,250.1298
106219770,0.14795,-0.76953,-0.33862,6.5878,1.3893,1.2214,1.09119,-0.93140,0.00537,-206.9160,133.0840,250.1298
106220771,0.13867,-0.82300,-0.41943,9.1145,-0.0076,0.7023,1.08301,-0.91736,-0.01562,-211.1756,134.5649,250.1298
106221770,0.12744,-0.90332,-0.47839,11.8626,-0.8779,0.0076,1.07690,-0.90491,-0.03674,-214.9924,135.8397,250.1298
106222771,0.12378,-0.95178,-0.49231,12.7939,-1.7099,-0.8550,1.07214,-0.89221,-0.05872,-218.3740,136.9313,250.1298
106223770,0.12720,-0.92419,-0.47473,12.0458,-2.4351,-1.8244,1.06824,-0.87976,-0.07959,-221.3282,137.8931,250.1298
106224770,0.13440,-0.85962,-0.42603,11.7252,-2.8015,-2.5038,1.06445,-0.86719,-0.09863,-223.8473,138.6947,250.1298
106225770,0.13293,-0.83521,-0.39148,12.5420,-3.0611,-2.4809,1.06079,-0.85364,-0.11682,-225.9160,139.3206,250.1298
106226770,0.11279,-0.86426,-0.43530,12.6718,-3.5344,-1.8473,1.05945,-0.84216,-0.13293,-227.5115,139.7863,250.1298
106227770,0.09485,-0.90149,-0.50220,11.1679,-3.4885,-1.1145,1.05981,-0.83386,-0.14795,-228.6718,140.0229,250.1298
106228770,0.09875,-0.92188,-0.51392,8.9313,-3.0611,-0.5038,1.06055,-0.82568,-0.16406,-229.5038,140.0305,250.1298
106229770,0.10413,-0.94165,-0.51282,7.4504,-3.2748,0.0000,1.06152,-0.81726,-0.18079,-230.0611,139.8321,250.1298
106230770,0.09229,-0.96069,-0.55164,6.8168,-4.2901,0.2366,1.06165,-0.81030,-0.19763,-230.3588,139.4122,250.1298
106231770,0.08655,-0.94727,-0.56982,6.1756,-4.7786,0.0916,1.06104,-0.80518,-0.21460,-230.4580,138.7786,250.1298
106232770,0.10266,-0.90833,-0.52722,5.1985,-4.6107,-0.0534,1.05945,-0.80310,-0.23059,-230.3664,137.9695,250.1298
106233770,0.11499,-0.89429,-0.48730,4.6031,-4.6947,0.0916,1.05542,-0.80273,-0.24622,-230.0763,136.9466,250.1298
106234770,0.12183,-0.91846,-0.50354,4.1756,-5.1679,0.2443,1.04907,-0.80249,-0.26245,-229.6183,135.6870,250.1298
106235768,0.11719,-0.94287,-0.55945,3.4809,-5.5496,0.0458,1.04211,-0.80176,-0.28003,-229.0305,134.1069,250.1298
106236772,0.10107,-0.93945,-0.58301,3.2366,-5.3740,-0.4733,1.03638,-0.80164,-0.29858,-228.3511,132.1527,250.1298
106237770,0.09888,-0.90186,-0.56738,3.5115,-5.1679,-1.0611,1.03198,-0.80359,-0.31604,-227.5115,129.8702,250.1298
106238770,0.10828,-0.87170,-0.54321,3.8702,-5.3893,-1.1527,1.02747,-0.80676,-0.33032,-226.4351,127.3053,250.1298
106239770,0.12463,-0.89917,-0.52075,3.6489,-5.8779,-0.5420,1.02295,-0.81091,-0.34131,-225.0840,124.4962,250.1298
106240770,0.14038,-0.95496,-0.50366,2.8015,-6.3817,0.0458,1.01892,-0.81543,-0.35144,-223.3969,121.4733,250.1298
106241770,0.14453,-0.98328,-0.51428,1.7634,-7.0076,0.0229,1.01465,-0.81897,-0.36035,-221.3206,118.2443,250.1298
106242770,0.13757,-0.97803,-0.57910,0.9084,-7.7252,-0.3053,1.01062,-0.82385,-0.36890,-218.8626,114.7863,250.1298
106243770,0.11719,-0.98999,-0.65198,0.5573,-8.1985,-0.2214,1.00781,-0.83203,-0.37903,-216.0229,111.0916,250.1298
106244770,0.10474,-1.00745,-0.69641,-0.4656,-8.4275,-0.0611,1.00562,-0.84229,-0.39111,-212.7481,107.2290,250.1298
106245770,0.10388,-0.98633,-0.70667,-2.3130,-8.5573,-0.1679,1.00366,-0.85315,-0.40308,-208.9695,103.1603,250.1298
106246770,0.10876,-0.94897,-0.66589,-3.6718,-8.3969,-0.3893,1.00195,-0.86084,-0.41650,-204.6794,98.9008,250.1298
106247770,0.11914,-0.91699,-0.63489,-4.1908,-8.3893,-0.6183,1.00073,-0.86157,-0.43372,-199.8626,94.4351,250.1298
106248770,0.11255,-0.90588,-0.65356,-4.0229,-8.4733,-0.7099,1.00024,-0.85718,-0.45520,-194.4427,89.6947,250.1298
106249768,0.10156,-0.90442,-0.68323,-4.1985,-8.1450,-0.7405,1.00024,-0.85254,-0.47864,-188.4046,84.6565,250.1298
106250768,0.10010,-0.88904,-0.68530,-4.7252,-7.4580,-0.8015,0.99719,-0.85193,-0.50024,-181.7710,79.2672,250.1298
106251766,0.10352,-0.88501,-0.67590,-4.7252,-7.0916,-0.7328,0.99036,-0.85681,-0.51880,-174.5496,73.4962,250.1298
106252769,0.10474,-0.91663,-0.69739,-4.1221,-7.2137,-0.4580,0.98071,-0.86609,-0.53284,-166.7786,67.4122,250.1298
106253772,0.08679,-0.96985,-0.70227,-3.4885,-7.1450,-0.1985,0.96826,-0.87854,-0.54053,-158.5649,61.0916,250.1298
106254771,0.07507,-1.02173,-0.67139,-3.6260,-6.6565,-0.1527,0.95325,-0.89099,-0.54333,-150.0305,54.4962,250.1298
106255771,0.22205,-1.09790,-0.55872,-2.8779,-4.6641,-0.5496,0.93738,-0.89880,-0.54321,-141.3359,47.6412,250.1298
106256770,0.52454,-0.98303,-0.17188,1.0076,-1.5115,-4.5115,0.92017,-0.90063,-0.54102,-132.5267,40.5725,250.1298
106257770,0.62097,-0.32178,0.17139,10.1756,-2.9618,-14.2290,0.89856,-0.89294,-0.53906,-123.6412,33.2977,250.1298
106258770,0.41260,1.34680,0.30823,29.9542,-5.3969,-31.3206,0.87512,-0.88257,-0.54199,-114.8550,25.6947,250.1298
106259770,0.50684,1.99994,0.82410,86.1450,0.7023,-45.0000,0.82007,-0.86035,-0.54944,-98.1374,9.8473,250.1298
106260770,0.80200,1.99994,1.48157,181.3893,1.4275,-38.5878,0.79346,-0.85608,-0.55408,-90.1527,1.5802,250.1298
106261770,0.51892,0.60742,0.90125,250.1298,-19.5191,-25.2977,0.76697,-0.85559,-0.55920,-82.3893,-7.0153,250.1298
106262767,0.14661,-0.80664,-0.09583,250.1298,-37.5649,-35.6489,0.73169,-0.83362,-0.56250,-74.9466,-16.0000,250.1298
106263772,0.27234,0.37256,0.09863,250.1298,-41.5573,-66.9466,0.69751,-0.80249,-0.57056,-67.9542,-25.4275,250.1298
106264771,0.44788,1.99994,0.77161,250.1298,-42.9695,-82.8321,0.66882,-0.77722,-0.58105,-61.4198,-34.7481,250.1298
106265770,0.28577,1.99994,0.32739,250.1298,-53.1985,-68.8473,0.64246,-0.75159,-0.58594,-55.3664,-43.9542,250.1298
106266768,-0.12280,1.28406,-0.99561,250.1298,-59.9160,-43.6031,0.61975,-0.72070,-0.59424,-49.7863,-53.4046,250.1298
106267768,-0.19690,0.18054,-1.38892,250.1298,-50.1145,-28.4275,0.59705,-0.68225,-0.60254,-44.5115,-63.0076,250.1298
106268772,0.06482,0.34814,-0.68591,250.1298,-36.7557,-27.1298,0.58105,-0.64368,-0.61353,-39.5344,-73.0611,250.1298
106269770,0.13123,0.83423,-0.38196,250.1298,-38.2366,-25.9237,0.57605,-0.61133,-0.63220,-34.8397,-83.1679,250.1298
106270770,-0.28967,0.19629,-1.58289,250.1298,-53.9618,-9.8702,0.56946,-0.57373,-0.64026,-30.3740,-92.8779,250.1298
106271770,-0.89783,-0.66858,-2.00000,250.1298,-61.3969,7.9160,0.56348,-0.53088,-0.64233,-26.1221,-102.7176,250.1298
106272770,-0.67932,-0.21021,-2.00000,250.1298,-43.0229,9.7786,0.56665,-0.49805,-0.65405,-22.0229,-112.6031,250.1298
106273768,0.09363,1.03601,-0.55078,250.1298,-28.5191,3.8244,0.57129,-0.46533,-0.65759,-17.9542,-122.0534,250.1298
106274767,0.28735,0.74561,-0.53418,250.1298,-35.0687,14.1298,0.58081,-0.42371,-0.66418,-13.8626,-131.0687,250.1298
106275772,-0.05054,-1.48242,-1.91589,250.1298,-41.2137,31.3664,0.59656,-0.35876,-0.68164,-9.8473,-139.7099,250.1298
106276770,-0.22949,-2.00000,-2.00000,250.1298,-29.3053,24.9542,0.59888,-0.26074,-0.68115,-6.2824,-148.1908,250.1298
106277770,0.06494,-1.68848,-1.50793,250.1298,-15.2748,-1.2061,0.59045,-0.16858,-0.67737,-3.3664,-157.4962,250.1298
106278770,0.05676,0.06091,-1.50366,250.1298,-20.6489,-18.1298,0.58252,-0.09949,-0.67358,-0.6641,-167.0687,250.1298
106279770,-0.28564,0.35120,-2.00000,250.1298,-25.1298,-15.5191,0.57349,-0.04346,-0.65735,2.2137,-176.3359,250.1298
106280770,-0.24451,-0.52258,-1.82800,250.1298,-14.6489,-9.5267,0.56616,-0.00110,-0.64355,5.3740,-184.9466,250.1298
106281770,-0.13647,-1.16077,-1.15442,250.1298,-7.0916,-10.7634,0.56042,0.02979,-0.62610,8.7252,-192.7023,250.1298
106282768,-0.05676,-0.82812,-0.80334,250.1298,-5.0000,-18.4046,0.55151,0.05603,-0.59851,12.2519,-199.5420,250.1298
106283771,0.16614,0.10315,-0.60254,250.1298,-1.8092,-24.7023,0.54065,0.08081,-0.56763,16.0229,-205.6489,250.1298
106284771,0.22046,0.14355,-0.63599,250.1298,0.2672,-18.1069,0.53235,0.10620,-0.53247,20.0534,-211.0916,250.1298
106285770,-0.23560,-1.02600,-1.80054,250.1298,-9.5878,2.0076,0.52527,0.12842,-0.48975,24.1756,-215.7634,250.1298
106286770,-0.06799,-0.57336,-1.52991,250.1298,-9.7481,3.6336,0.52002,0.13354,-0.44177,28.1908,-219.5267,250.1298
106287768,0.15125,-0.31519,-0.91589,250.1298,-12.4885,9.4122,0.51501,0.11743,-0.38782,32.0229,-222.1832,250.1298
106288772,0.00793,-0.67590,-0.91455,250.1298,-19.0916,16.3740,0.50769,0.08313,-0.32666,35.8168,-223.5802,250.1298
106289771,-0.25159,-0.84387,-1.36084,250.1298,-20.1832,15.3435,0.50024,0.02588,-0.25989,39.8397,-223.6947,250.1298
106290770,-0.36926,-0.46436,-1.56653,250.1298,-12.5191,12.1069,0.49133,-0.04700,-0.18567,44.3969,-222.3359,250.1298
106291768,-0.30127,-0.28894,-1.46375,250.1298,-3.5649,16.3359,0.47546,-0.12402,-0.09839,49.6794,-219.4656,250.1298
106292768,-0.22705,-0.87573,-1.63232,250.1298,-0.6565,23.6107,0.45203,-0.20544,0.00610,55.6565,-215.2748,250.1298
106293768,-0.27637,-1.68909,-2.00000,250.1298,1.2443,23.2443,0.42554,-0.24390,0.10657,61.9695,-210.1221,250.1298
106294768,-0.25952,-1.79419,-2.00000,250.1298,9.8397,13.1069,0.40881,-0.25366,0.19666,67.8244,-204.0153,250.1298
106295768,-0.13098,-1.23035,-1.53381,250.1298,19.3664,3.0916,0.39355,-0.28992,0.29053,72.9847,-196.3130,250.1298
106296766,-0.08325,-0.78076,-1.14636,250.1298,21.9771,2.1985,0.36853,-0.32397,0.38342,77.1603,-187.1679,250.1298
106297769,-0.11890,-0.85742,-1.24500,250.1298,22.6183,8.9771,0.34656,-0.34790,0.46948,80.2443,-176.7863,250.1298
106298771,-0.11768,-1.18323,-1.17737,250.1298,28.4427,13.4809,0.31787,-0.35339,0.53357,82.4885,-164.9008,250.1298
106299771,-0.03174,-1.12610,-0.78772,250.1298,36.4122,9.7176,0.27979,-0.33850,0.58643,83.5649,-151.9084,250.1298
106300770,0.07239,-0.76221,-0.50537,250.1298,39.3664,4.7634,0.23816,-0.32507,0.62842,83.1603,-138.3511,250.1298
106301771,0.12585,-0.66760,-0.42810,250.1298,36.4198,5.6794,0.18506,-0.30603,0.64612,81.2595,-124.5878,250.1298
106302770,0.17004,-0.84497,-0.44031,250.1298,30.1679,9.6870,0.13171,-0.29114,0.65735,77.7557,-111.0611,250.1298
106303770,0.22583,-0.88696,-0.42017,250.1298,23.6031,10.8168,0.07666,-0.29297,0.65454,72.8702,-97.8092,250.1298
106304770,0.31458,-0.76941,-0.26208,250.1298,18.4198,9.7176,0.02161,-0.31018,0.63379,66.9466,-85.0153,250.1298
106305770,0.30566,-0.85352,-0.23035,250.1298,12.3359,10.7176,-0.02393,-0.34058,0.61426,60.2595,-72.7176,250.1298
106306770,0.10718,-1.13635,-0.61279,250.1298,6.0840,13.1221,-0.06653,-0.38037,0.58630,53.2137,-60.8626,250.1298
106307768,-0.07324,-1.22729,-0.99536,249.5420,6.1450,13.8931,-0.09705,-0.43799,0.55603,46.1374,-49.5954,250.1298
106308771,-0.07166,-1.04077,-0.91260,233.1374,12.8168,14.4275,-0.11157,-0.50830,0.53162,39.3206,-38.9237,250.1298
106309771,-0.00012,-0.93066,-0.74365,222.1527,18.3664,17.3435,-0.12329,-0.57739,0.49829,33.1450,-28.7557,250.1298
106310770,-0.03198,-1.01941,-0.89954,220.8931,20.6794,20.0076,-0.13245,-0.64355,0.46155,27.8015,-19.2061,250.1298
106311770,-0.08350,-1.08667,-1.01221,222.2290,25.1145,19.6870,-0.14343,-0.69641,0.41797,23.3969,-10.3511,241.6794
106312770,-0.02856,-0.98279,-0.80054,220.1374,30.9313,17.8473,-0.15527,-0.74670,0.37012,19.9389,-2.2977,227.4504
106313770,0.23010,-0.89917,-0.62866,217.2977,33.0992,17.7023,-0.16345,-0.79639,0.32385,17.4351,4.8397,213.9542
106314770,0.53271,-1.32532,-0.45679,222.4046,34.2672,20.8702,-0.17688,-0.83276,0.27637,15.8702,11.0992,201.2748
106315768,0.47131,-2.00000,0.10999,239.2824,36.1374,19.7405,-0.18408,-0.87524,0.23401,15.0000,16.2595,189.4733
106316768,0.27417,-1.69519,0.44055,250.1298,37.1985,-4.5038,-0.18787,-0.91248,0.19250,14.7786,20.6031,178.5420
106317772,0.61731,0.26917,0.92444,250.1298,51.2519,-43.8397,-0.19653,-0.93506,0.15381,15.0458,24.1527,168.4427
106318767,1.91907,0.13782,1.99994,250.1298,81.4885,-65.8397,-0.20410,-0.95605,0.11597,15.5649,26.6336,159.1145
106319771,1.39783,0.93689,1.99994,250.1298,52.8015,-130.8168,-0.21399,-0.96814,0.07520,16.2595,28.1221,150.6489
106320771,-1.28308,1.99994,1.28821,250.1298,-23.8168,-250.1374,-0.22131,-0.97766,0.04041,16.9542,28.5496,143.1145
106321770,-1.13562,1.99994,-2.00000,250.1298,-51.4351,-250.1374,-0.22827,-0.98584,0.00671,17.5344,28.0076,136.4656
106322770,0.42236,1.99994,-1.45398,250.1298,-28.5802,-145.1298,-0.23792,-0.98926,-0.02637,17.9160,26.4885,130.7481
106323770,0.82227,0.16919,1.99994,250.1298,-2.9847,41.2214,-0.24561,-0.99365,-0.05176,18.0076,23.9847,125.8321
106324770,0.78821,-2.00000,1.99994,250.1298,-37.2214,75.2748,-0.25525,-0.99792,-0.07800,17.8702,20.6412,121.7023
106325770,-1.40857,-2.00000,0.06836,250.1298,-82.0534,-81.6565,-0.26575,-1.00293,-0.10132,17.4427,16.4962,118.3359
106326770,-2.00000,1.82129,-2.00000,250.1298,-65.4656,-204.3588,-0.27625,-1.00708,-0.11792,16.7099,11.5954,115.6412
106327768,-2.00000,1.99994,-2.00000,250.1298,-11.2061,-132.2366,-0.28857,-1.01038,-0.13379,15.7328,6.0763,113.5802
106328767,-1.93921,1.99994,-1.57593,250.1298,42.7328,56.7863,-0.29919,-1.01343,-0.14563,14.4275,-0.0153,112.0305
106329766,-0.79785,-0.98181,-1.51404,250.1298,44.0000,187.0458,-0.30969,-1.01208,-0.15564,12.8855,-6.5344,110.9389
106330769,-1.61426,-2.00000,-2.00000,250.1298,18.7634,183.2366,-0.32019,-1.01001,-0.16479,11.1603,-13.3893,110.2137
106331772,-2.00000,-1.81787,-2.00000,250.1298,24.8092,101.3588,-0.32739,-1.00684,-0.17126,9.2519,-20.5649,109.8321
106332770,-2.00000,1.99994,-1.75476,250.1298,38.7557,43.8092,-0.33447,-0.99988,-0.17798,7.1603,-27.9008,109.7405
106333770,-1.55640,1.99994,-0.43542,250.1298,47.4504,71.3817,-0.33923,-0.99475,-0.18298,4.8779,-35.2595,109.8626
106334770,-0.46497,1.99994,-0.19873,250.1298,46.7786,145.0076,-0.34229,-0.98816,-0.18616,2.4733,-42.5420,110.1145
106335770,-0.76880,0.33899,-0.18457,250.1298,54.4122,187.3740,-0.34644,-0.98071,-0.18677,0.0229,-49.6947,110.4733
106336770,-0.80859,-2.00000,0.21191,250.1298,79.3053,153.8855,-0.34900,-0.97595,-0.18481,-2.4351,-56.6565,110.7939
106337768,-1.02112,-0.94495,0.51404,250.1298,93.8168,54.3206,-0.35205,-0.97009,-0.18286,-4.7939,-63.2901,111.0687
106338772,-1.58704,1.99994,0.15369,250.1298,95.9695,-17.4885,-0.35535,-0.96558,-0.17786,-7.0305,-69.5573,111.2214
106339771,-1.18628,1.99994,-0.54749,250.1298,96.0000,-2.3435,-0.35754,-0.96191,-0.17102,-9.1298,-75.3893,111.1832
106340770,-1.01758,1.99994,0.10071,250.1298,98.3740,63.3511,-0.36023,-0.95667,-0.16309,-11.0458,-80.7099,110.9466
106341767,-0.69409,1.99994,1.42908,250.1298,95.3893,103.8626,-0.36243,-0.95288,-0.15259,-12.8015,-85.5191,110.4580
106342767,-0.55261,1.99994,1.21936,250.1298,75.5573,88.9618,-0.36462,-0.94995,-0.14233,-14.3664,-89.7634,109.7328
106343771,-1.41565,1.99994,0.48938,250.1298,63.9084,77.4275,-0.36462,-0.94714,-0.13037,-15.7252,-93.4122,108.8168
106344771,-1.97729,1.99994,-0.04492,250.1298,69.1298,100.8473,-0.36072,-0.94470,-0.11609,-16.8855,-96.4504,107.6947
106345770,-2.00000,1.99994,-0.94873,250.1298,76.0687,147.4351,-0.35437,-0.94250,-0.10144,-17.9008,-98.9008,106.3359
106346770,-2.00000,1.99994,-1.16687,250.1298,88.2443,206.7023,-0.34619,-0.94092,-0.08496,-18.8244,-100.8244,104.8092
106347770,-1.92017,1.99994,0.00159,250.1298,102.6870,248.1679,-0.33728,-0.93921,-0.07031,-19.6794,-102.2061,103.2061
106348768,-1.77124,1.99994,0.88074,250.1298,105.7481,250.1298,-0.32776,-0.93884,-0.05725,-20.4504,-103.0534,101.5573
106349768,-2.00000,1.99994,0.05249,250.1298,101.4962,234.1145,-0.31726,-0.93958,-0.04199,-21.1908,-103.4122,99.8321
106350768,-2.00000,1.99994,-0.46863,250.1298,113.7634,231.7863,-0.30725,-0.94092,-0.02844,-21.9160,-103.3053,98.1069
106351768,-2.00000,1.99994,0.43420,250.1298,132.5420,250.0076,-0.29370,-0.94873,-0.01343,-22.6336,-102.8015,96.3969
106352768,-1.97559,1.99994,0.73438,250.1298,133.4198,250.1298,-0.27710,-0.96033,0.00208,-23.3435,-101.8931,94.7176
106353771,-2.00000,1.99994,0.39441,250.1298,127.6031,250.1298,-0.26306,-0.97119,0.01318,-23.9771,-100.5115,93.1756
106354770,-2.00000,1.99994,0.40295,250.1298,129.3893,250.1298,-0.25171,-0.98242,0.02051,-24.5420,-98.7176,91.7252
106355770,-1.96887,1.99994,0.03796,250.1298,131.8931,250.1298,-0.24280,-0.99219,0.02429,-25.0458,-96.6412,90.3206
106356770,-1.99451,1.99994,-0.20569,250.1298,135.9237,250.1298,-0.21716,-1.02234,0.03296,-25.9160,-92.1450,87.6870
106357767,-2.00000,1.19958,0.49146,250.1298,147.8473,250.1298,-0.20569,-1.03418,0.03394,-26.1679,-89.6565,86.6031
106358771,-2.00000,0.57812,1.65735,250.1298,160.4580,250.1298,-0.19446,-1.04602,0.03284,-26.2977,-87.0229,85.6336
106359771,-2.00000,1.13965,1.99994,250.1298,164.2443,250.1298,-0.18433,-1.05579,0.02856,-26.2672,-84.2901,84.7099
106360770,-2.00000,1.99994,0.71716,250.1298,159.9389,250.1298,-0.17419,-1.06506,0.02588,-26.0611,-81.5649,83.8397
106361768,-2.00000,1.42725,0.22290,250.1298,171.5573,250.1298,-0.16309,-1.07556,0.02319,-25.6718,-78.8702,83.0000
106362772,-2.00000,-1.08630,1.55811,250.1298,188.4122,250.1298,-0.15344,-1.08350,0.02075,-25.0840,-76.1221,82.2214
106363771,-1.65332,-2.00000,1.99994,250.1298,188.2748,250.1298,-0.14441,-1.09082,0.02026,-24.3588,-73.3511,81.4580
106364770,-1.69385,-0.82849,1.99994,250.1298,171.4656,250.1298,-0.13782,-1.09607,0.01685,-23.5573,-70.5802,80.6565
106365768,-2.00000,0.94446,1.71899,250.1298,161.4504,250.1298,-0.13171,-1.09961,0.01294,-22.7863,-67.8855,79.8321
106366772,-2.00000,1.32776,1.99994,250.1298,167.0840,250.1298,-0.12427,-1.10229,0.01001,-22.0840,-65.3130,78.9618
106367771,-2.00000,-0.48511,1.99994,250.1298,165.8015,250.1298,-0.11731,-1.10266,0.00403,-21.4656,-62.8626,78.0229
106368770,-1.76099,-2.00000,1.99994,250.1298,157.5573,250.1298,-0.10974,-1.10278,-0.00208,-20.9389,-60.5267,76.9389
106369768,-1.81177,-2.00000,1.93127,250.1298,156.8168,250.1298,-0.10144,-1.10205,-0.00891,-20.4962,-58.2748,75.7405
106370772,-1.98706,-2.00000,1.99994,250.1298,158.8473,250.1298,-0.09192,-1.10034,-0.01758,-20.1679,-56.1832,74.4122
106371771,-2.00000,0.15833,1.78845,250.1298,152.9695,250.1298,-0.08167,-1.09961,-0.02576,-19.9847,-54.2901,72.9695
106372770,-2.00000,1.02002,1.27844,250.1298,151.6412,250.1298,-0.07361,-1.10010,-0.03357,-19.9160,-52.5496,71.4198
106373770,-2.00000,-0.43030,1.65051,250.1298,162.1527,250.1298,-0.06616,-1.10254,-0.04138,-19.9466,-50.9618,69.7328
106374768,-2.00000,-2.00000,1.99994,250.1298,171.5954,250.1298,-0.05896,-1.10547,-0.05054,-20.0611,-49.5115,67.9389
106375772,-2.00000,-2.00000,1.81860,250.1298,175.7710,250.1298,-0.05298,-1.10840,-0.06152,-20.2748,-48.2061,66.0305
106376771,-2.00000,-2.00000,1.36133,250.1298,187.0153,250.1298,-0.04626,-1.11438,-0.07166,-20.6183,-47.0763,64.0534
106377771,-2.00000,-2.00000,1.99268,250.1298,213.8855,250.1298,-0.03992,-1.12146,-0.07959,-21.0458,-46.0687,62.0076
106378771,-0.69397,-2.00000,1.99994,250.1298,235.7481,250.1298,-0.03516,-1.12915,-0.08582,-21.5649,-45.1832,59.9618
106379770,-0.92346,-2.00000,1.99994,250.1298,233.1374,250.1298,-0.03052,-1.13611,-0.09143,-22.1756,-44.3969,57.9084
106380767,-1.65881,-1.64661,1.99994,250.1298,216.6565,250.1298,-0.02576,-1.14001,-0.09827,-22.7939,-43.6718,55.8244
106381771,-1.25916,-2.00000,1.99994,250.1298,200.1069,250.1298,-0.02124,-1.14380,-0.10535,-23.3817,-43.0611,53.7099
106382771,-1.14539,-2.00000,1.99994,250.1298,205.9847,250.1298,-0.01709,-1.14880,-0.11316,-23.9084,-42.5191,51.5420
106383771,-0.67126,-2.00000,1.99994,250.1298,189.2061,250.1298,-0.01233,-1.15503,-0.12134,-24.3511,-42.0153,49.3817
106384771,0.29480,-2.00000,1.99994,250.1298,135.7786,204.2672,-0.00671,-1.16138,-0.12708,-24.6870,-41.5573,47.2137
106385770,0.14392,-2.00000,1.99994,250.1298,101.3969,207.3893,-0.00085,-1.16821,-0.13220,-24.9160,-41.1298,45.0992
106386770,-0.67590,-2.00000,1.99994,250.1298,103.1908,234.3511,0.00391,-1.17432,-0.13647,-25.0534,-40.7023,43.0382
106387770,-0.22766,-2.00000,1.99994,250.1298,99.0382,222.5496,0.00671,-1.17834,-0.13879,-25.0992,-40.2595,41.0305
106388768,0.11255,-2.00000,1.99994,250.1298,78.4504,196.5344,0.00879,-1.18237,-0.14026,-25.0916,-39.8092,39.0763
106389768,-0.94409,-2.00000,1.99994,250.1298,68.4275,179.0305,0.01062,-1.18689,-0.13977,-25.0153,-39.3282,37.1603
106390768,-1.27893,-2.00000,1.99994,250.1298,77.6412,145.3893,0.01160,-1.19055,-0.13916,-24.9084,-38.8092,35.3130
106391768,-0.86865,-2.00000,1.87354,250.1298,90.3817,133.4962,0.01294,-1.19446,-0.13916,-24.8015,-38.2824,33.5573
106392771,-1.07642,-2.00000,1.99994,250.1298,101.3359,163.8626,0.01440,-1.19800,-0.13953,-24.6718,-37.6870,31.8473
106393771,-0.98022,-2.00000,1.99994,250.1298,112.2519,180.3282,0.01477,-1.20154,-0.14014,-24.4809,-36.9924,30.1756
106394771,-0.46155,-2.00000,1.99994,250.1298,103.6412,168.8473,0.01477,-1.20642,-0.13977,-24.2366,-36.2214,28.5267
106395771,-0.55322,-2.00000,1.99994,250.1298,87.0000,169.7481,0.01477,-1.21008,-0.13928,-23.9618,-35.3740,26.9160
106396770,-0.46716,-2.00000,1.99994,250.1298,98.0916,183.4580,0.01538,-1.21313,-0.13916,-23.6336,-34.4351,25.3893
106397770,0.19336,-2.00000,1.99994,250.1298,116.4504,192.2748,0.01501,-1.21729,-0.13843,-23.1985,-33.4427,24.0000
106398770,0.63354,-2.00000,1.99994,250.1298,104.2901,196.1069,0.01282,-1.22131,-0.13721,-22.6641,-32.3664,22.7710
106399768,0.57056,-2.00000,1.99994,250.1298,82.6489,187.3282,0.01062,-1.22400,-0.13757,-22.0305,-31.2366,21.6641
106400771,0.72009,-2.00000,1.99994,250.1298,68.7786,166.1298,0.00842,-1.22583,-0.13953,-21.3511,-30.0229,20.6336
106401771,0.94141,-2.00000,1.99994,250.1298,51.6107,143.7328,0.00464,-1.22717,-0.14124,-20.6641,-28.7176,19.6641
106402770,0.84009,-2.00000,1.99994,250.1298,34.7557,124.1527,-0.00037,-1.22925,-0.14197,-19.9542,-27.3511,18.7557
106403770,0.95081,-2.00000,1.99994,250.1298,25.0611,97.8931,-0.00635,-1.23157,-0.14124,-19.1679,-25.9084,17.9084
106404768,1.33923,-2.00000,1.99994,250.1298,15.9466,65.1374,-0.01282,-1.23401,-0.14001,-18.3435,-24.4275,17.1374
106405772,1.41064,-2.00000,1.99994,250.1298,-4.2901,35.2977,-0.01965,-1.23608,-0.14026,-17.4885,-22.9237,16.4504
106406770,1.16589,-2.00000,1.99994,250.1298,-24.5649,4.0458,-0.02612,-1.23657,-0.14111,-16.6183,-21.4122,15.8321
106407770,1.01428,-2.00000,1.99994,250.1298,-27.0458,-29.5496,-0.03198,-1.23608,-0.14160,-15.7099,-19.8855,15.2519
106408770,0.88452,-2.00000,1.99994,250.1298,-26.8931,-50.8397,-0.03809,-1.23560,-0.14221,-14.7634,-18.3053,14.6870
106409768,0.70435,-2.00000,1.99994,245.8626,-35.0000,-51.9847,-0.04395,-1.23535,-0.14270,-13.7863,-16.7023,14.1221
106410772,0.72925,-2.00000,1.70703,237.8473,-35.7328,-45.3664,-0.04993,-1.23376,-0.14270,-12.7634,-15.1145,13.5725
106411771,0.93884,-2.00000,1.99994,242.5344,-28.4198,-43.5267,-0.05676,-1.23169,-0.14319,-11.7023,-13.5496,13.0229
106412770,0.98914,-2.00000,1.99994,236.6794,-29.3359,-46.5191,-0.06372,-1.23035,-0.14441,-10.6183,-12.0000,12.4656
106413770,0.73193,-2.00000,1.99994,208.0458,-34.7939,-48.8473,-0.07117,-1.22925,-0.14514,-9.5420,-10.4809,11.8702
106414771,0.77637,-2.00000,1.74329,188.9313,-31.0840,-42.2672,-0.07703,-1.23218,-0.14514,-8.4656,-9.0076,11.2443
106415770,1.42151,-2.00000,1.99994,192.7863,-21.3664,-29.5267,-0.08691,-1.22827,-0.14282,-7.4198,-7.5496,10.3435
106416770,1.88000,-2.00000,1.99994,197.8244,-24.3664,-28.1450,-0.09888,-1.22119,-0.14111,-6.4504,-6.2519,9.5954
106417770,1.75781,-2.00000,1.99994,195.3053,-47.4275,-49.0611,-0.10645,-1.22180,-0.14062,-5.5191,-4.9924,9.1450
106418770,1.41235,-2.00000,1.99994,199.0611,-75.4427,-75.7328,-0.11511,-1.22205,-0.13953,-4.6183,-3.7863,8.7176
106419770,1.07239,-2.00000,1.58936,211.5267,-94.2443,-90.7328,-0.12390,-1.22241,-0.14099,-3.7405,-2.6870,8.2443
106420770,1.22253,-2.00000,1.98596,231.4198,-111.1221,-118.7405,-0.13232,-1.22205,-0.14490,-2.8779,-1.7023,7.7481
106421770,0.96912,-2.00000,1.54419,227.7939,-126.8473,-141.0000,-0.14099,-1.22083,-0.14868,-2.0534,-0.8244,7.2672
106422770,0.42700,-2.00000,0.51648,222.7863,-134.6336,-153.6183,-0.14917,-1.22021,-0.15015,-1.2672,-0.0382,6.8550
106423770,0.07642,-2.00000,-0.17578,219.4351,-126.2977,-155.5573,-0.15649,-1.21863,-0.15051,-0.4733,0.6718,6.5267
106424770,0.01367,-2.00000,-0.29675,206.7634,-110.3969,-152.4885,-0.16345,-1.21716,-0.15100,0.3588,1.2901,6.2672
106425770,0.08459,-2.00000,-0.20349,184.8092,-97.5191,-149.7634,-0.17114,-1.21619,-0.15295,1.2137,1.8244,6.0916
106426770,0.03186,-2.00000,-0.19507,171.2672,-91.8168,-149.0229,-0.18005,-1.21362,-0.15430,2.0611,2.2595,5.9618
106427770,-0.12036,-2.00000,-0.56140,167.7023,-90.0153,-148.8702,-0.18896,-1.20972,-0.15479,2.8855,2.6260,5.9084
106428771,-0.25195,-2.00000,-0.93311,159.4122,-86.6183,-146.8931,-0.19653,-1.20544,-0.15601,3.7252,2.9466,5.8855
106429771,-0.21582,-2.00000,-0.69128,142.7939,-79.2901,-145.2519,-0.20288,-1.19995,-0.15576,4.5496,3.2137,5.9237
106430771,-0.10266,-2.00000,-0.22803,130.1374,-75.1985,-147.9008,-0.20837,-1.19312,-0.15442,5.3664,3.4504,6.0229
106431771,-0.08606,-2.00000,-0.22961,130.6718,-75.2061,-151.5878,-0.21301,-1.18616,-0.15393,6.2214,3.6183,6.1756
106432771,0.04053,-2.00000,-0.09998,136.5267,-67.8168,-154.7786,-0.21777,-1.17810,-0.15295,7.0840,3.7328,6.3588
106433771,0.45825,-2.00000,0.93054,139.5725,-54.0382,-159.9771,-0.22217,-1.16943,-0.15247,7.9237,3.8626,6.5496
106434771,0.80737,-2.00000,1.94763,130.8931,-52.1450,-171.0305,-0.22559,-1.16089,-0.15295,8.7252,3.9847,6.7634
106435771,0.92346,-2.00000,1.97546,115.9008,-64.9160,-188.4351,-0.22827,-1.15186,-0.15308,9.5191,4.0458,7.0153
106436771,0.93103,-2.00000,1.21960,112.9542,-83.2977,-208.9389,-0.22998,-1.14258,-0.15198,10.3053,4.0611,7.2824
106437771,0.88232,-2.00000,0.63354,130.6641,-97.9847,-224.2519,-0.23230,-1.13354,-0.15027,11.0611,4.0611,7.5344
106438771,0.76965,-1.77832,0.68994,150.9084,-112.8397,-226.9237,-0.23621,-1.12354,-0.14868,11.7710,4.0382,7.7634
106439771,0.38574,-1.88892,0.71692,155.7099,-134.3130,-223.1603,-0.24036,-1.11304,-0.14709,12.3740,4.0153,7.9542
106440771,0.00024,-2.00000,-0.06750,151.8168,-155.8779,-220.3053,-0.24414,-1.10449,-0.14600,12.8626,3.9847,8.1069
106441770,-0.10876,-2.00000,-0.89136,156.1298,-159.0534,-219.4046,-0.24841,-1.09692,-0.14575,13.2672,3.9313,8.1832
106442770,-0.19092,-2.00000,-0.83752,168.5954,-147.0992,-220.7786,-0.25305,-1.08948,-0.14587,13.6031,3.8321,8.1756
106443770,-0.42578,-1.71448,-1.12158,167.0382,-139.1603,-228.6489,-0.25793,-1.08264,-0.14502,13.8321,3.7023,8.1145
106444770,-0.76221,-0.32275,-2.00000,152.4580,-135.1908,-232.7023,-0.26233,-1.07617,-0.14429,13.9618,3.5573,8.0305
106445771,-1.00940,-0.04553,-2.00000,149.9084,-120.0611,-218.7863,-0.26550,-1.07019,-0.14502,13.9847,3.3817,7.9160
106446771,-0.89441,-1.32788,-2.00000,159.4809,-98.2137,-199.9924,-0.26917,-1.06494,-0.14539,13.9084,3.1450,7.7328
106447770,-0.55713,-2.00000,-2.00000,162.0992,-85.1603,-195.7328,-0.27307,-1.05969,-0.14478,13.7252,2.8473,7.5191
106448770,-0.44446,-2.00000,-2.00000,150.9695,-78.4351,-205.1985,-0.27661,-1.05432,-0.14502,13.5038,2.4962,7.2977
106449770,-0.51904,-2.00000,-2.00000,129.2366,-67.0687,-218.2519,-0.27991,-1.04822,-0.14575,13.2443,2.1145,7.0916
106450770,-0.56653,-1.54260,-1.62268,107.4962,-55.5496,-227.6412,-0.28247,-1.04138,-0.14600,12.9466,1.6947,6.8702
106451770,-0.66345,-0.38220,-1.59375,103.4198,-49.0611,-224.8321,-0.28381,-1.03516,-0.14624,12.5954,1.2214,6.6641
106452770,-0.63281,-0.68542,-1.75476,111.7481,-41.9313,-211.0458,-0.28931,-1.02515,-0.14539,11.6718,0.1603,6.2824
106453770,-0.32654,-1.96863,-1.44812,115.4198,-32.9618,-199.8931,-0.29175,-1.02063,-0.14526,11.1603,-0.4351,6.0992
106454770,-0.10840,-2.00000,-0.69800,110.5344,-30.2137,-202.0763,-0.29297,-1.01672,-0.14526,10.6412,-1.0916,5.9313
106455770,-0.12170,-2.00000,-0.21387,98.4656,-37.8397,-218.1374,-0.29370,-1.01196,-0.14587,10.0840,-1.7710,5.7939
106456770,-0.19189,-1.37170,-0.19714,90.6870,-48.7176,-236.6031,-0.29346,-1.00684,-0.14600,9.4809,-2.4962,5.6947
106457770,-0.27356,-0.00854,-0.11560,99.5115,-55.6107,-240.0763,-0.29211,-1.00232,-0.14453,8.8550,-3.2977,5.6336
106458770,-0.33679,-0.05017,0.02905,113.1679,-62.2595,-225.4733,-0.29004,-0.99829,-0.14294,8.2443,-4.1527,5.5649
106459770,-0.18958,-1.07239,-0.34375,110.5420,-72.1298,-211.2824,-0.28760,-0.99402,-0.14099,7.6718,-5.0000,5.5038
106460770,0.12097,-1.57007,-1.14050,97.2366,-79.9389,-215.0000,-0.28418,-0.98926,-0.13940,7.1221,-5.8321,5.4504
106461770,-0.05811,-1.13281,-1.54883,100.0992,-81.7939,-229.3817,-0.28101,-0.98535,-0.13843,6.6183,-6.6718,5.4580
106462770,-0.71033,-0.18628,-2.00000,112.0382,-84.6031,-240.1298,-0.27930,-0.98218,-0.13623,6.1527,-7.5191,5.4733
106463770,-1.23962,0.80847,-2.00000,110.8626,-85.5496,-238.3206,-0.27795,-0.97900,-0.13245,5.6947,-8.3817,5.4733
106464770,-1.40515,0.92261,-2.00000,99.7252,-71.4656,-221.0840,-0.27612,-0.97668,-0.12952,5.2443,-9.2214,5.4580
106465770,-1.26538,-0.04797,-2.00000,89.6489,-50.4198,-200.3359,-0.27478,-0.97375,-0.12720,4.8168,-10.0153,5.4198
106466768,-1.07397,-1.07690,-2.00000,87.0992,-34.6336,-192.9695,-0.27380,-0.97070,-0.12415,4.4351,-10.7939,5.3511
106467767,-0.99072,-1.07068,-2.00000,88.7405,-21.1374,-201.2443,-0.27173,-0.96851,-0.12134,4.1069,-11.5878,5.2366
106468766,-1.06506,-0.05396,-2.00000,87.1145,1.0382,-208.8244,-0.26929,-0.96497,-0.11987,3.7557,-12.3588,5.0763
106469771,-1.05725,1.01587,-2.00000,76.9008,18.3359,-202.8397,-0.26709,-0.96082,-0.11951,3.3817,-13.0611,4.8855
106470770,-0.88025,1.34058,-2.00000,68.5420,21.3511,-187.2901,-0.26416,-0.95691,-0.11975,3.0076,-13.7176,4.6565
106471770,-0.69666,0.53821,-2.00000,78.4733,22.8550,-172.0534,-0.26038,-0.95251,-0.11963,2.6489,-14.3664,4.3664
106472771,-0.53577,-0.64368,-1.92505,92.9695,25.2672,-168.6718,-0.25574,-0.94897,-0.11792,2.3359,-15.0076,4.0153
106473770,-0.40991,-1.07275,-1.99658,95.0076,21.7863,-176.8702,-0.25134,-0.94641,-0.11548,2.0534,-15.6260,3.5878
106474770,-0.45459,-0.86719,-2.00000,90.0000,20.1679,-183.5038,-0.24756,-0.94360,-0.11255,1.7786,-16.1832,3.0840
106475770,-0.53333,-0.39807,-1.44043,83.1450,26.9008,-184.5191,-0.24426,-0.94092,-0.10962,1.5420,-16.7023,2.5115
106476771,-0.45557,0.13354,-0.79626,78.4198,32.3969,-182.7099,-0.24084,-0.93933,-0.10522,1.3359,-17.1908,1.8855
106477771,-0.40979,0.23901,-1.04260,81.4275,33.3435,-178.3817,-0.23657,-0.93835,-0.09998,1.1603,-17.6183,1.1832
106478771,-0.44910,-0.31750,-1.21130,86.3664,39.8473,-172.1298,-0.23193,-0.93616,-0.09558,1.0229,-17.9389,0.4198
106479770,-0.33630,-0.75842,-0.68140,78.8397,48.9542,-173.0763,-0.22766,-0.93274,-0.09131,0.8779,-18.1908,-0.3817
106480770,-0.21899,-0.30322,-0.54358,66.7099,46.5573,-183.1679,-0.22363,-0.93042,-0.08740,0.7405,-18.3969,-1.2519
106481771,-0.35693,0.40649,-0.99463,69.2824,38.4656,-189.9160,-0.21838,-0.92847,-0.08435,0.6107,-18.5115,-2.1908
106482770,-0.52478,0.61230,-1.18823,80.2137,35.2290,-187.1985,-0.21252,-0.92627,-0.08228,0.4885,-18.5344,-3.1985
106483770,-0.55640,0.41443,-1.18970,83.8015,34.3130,-179.6718,-0.20715,-0.92285,-0.07983,0.3969,-18.4427,-4.2443
106484770,-0.55884,0.05701,-1.33777,79.9313,33.9084,-172.3664,-0.20300,-0.91809,-0.07581,0.3206,-18.2443,-5.3511
106485770,-0.62109,-0.13049,-1.43408,73.3740,37.3206,-169.1756,-0.19910,-0.91394,-0.07251,0.2672,-17.9618,-6.5115
106486770,-0.73718,0.09619,-1.42126,70.0763,44.3206,-169.5420,-0.19458,-0.91089,-0.07129,0.1756,-17.6107,-7.7557
106487770,-0.90332,0.54211,-1.69763,70.4733,50.8321,-168.3053,-0.19043,-0.90820,-0.07239,0.0687,-17.2061,-9.0305
106488770,-1.10767,0.96179,-2.00000,65.9466,58.8092,-162.1527,-0.18628,-0.90662,-0.07458,-0.0611,-16.7405,-10.3664
106489770,-1.14941,1.31165,-1.88953,52.2443,70.0076,-152.9466,-0.18250,-0.90613,-0.07556,-0.2595,-16.2366,-11.7328
106490770,-0.98645,1.50354,-1.47852,40.7252,79.2519,-143.3817,-0.17969,-0.90527,-0.07642,-0.5267,-15.6565,-13.1145
106491770,-0.85413,1.25342,-1.26196,40.1298,84.4046,-133.2977,-0.17664,-0.90491,-0.07922,-0.8321,-15.0153,-14.5267
106492770,-0.79114,0.77039,-1.12866,40.8244,89.6489,-124.9618,-0.17236,-0.90588,-0.08276,-1.1450,-14.3359,-15.9389
106493770,-0.71924,0.58667,-1.03894,34.1374,95.0687,-119.1145,-0.16614,-0.90759,-0.08606,-1.4504,-13.5725,-17.3588
106494770,-0.65454,0.68689,-0.97021,25.5267,100.8244,-112.2519,-0.15869,-0.91028,-0.08960,-1.7710,-12.7023,-18.7328
106495770,-0.59839,0.68762,-0.73962,21.6489,106.2519,-102.1756,-0.15137,-0.91370,-0.09229,-2.0687,-11.7405,-20.0916
106496770,-0.48242,0.45703,-0.53320,23.0229,108.5725,-92.4351,-0.14368,-0.91833,-0.09412,-2.3130,-10.7023,-21.3740
106497770,-0.41821,0.27087,-0.57568,25.5878,107.1985,-87.9008,-0.13574,-0.92407,-0.09607,-2.4809,-9.5649,-22.5649
106498770,-0.59460,0.38074,-0.34802,25.3893,107.3969,-88.1145,-0.12842,-0.92883,-0.09717,-2.5496,-8.3511,-23.6718
106499770,-0.89062,0.85144,0.23315,18.5267,108.2977,-89.2901,-0.12183,-0.93335,-0.09741,-2.5267,-7.0611,-24.6870
106500770,-0.94421,1.39368,0.51160,9.1832,108.7481,-86.5725,-0.11646,-0.93799,-0.09729,-2.4656,-5.7023,-25.6260
106501768,-0.45667,1.21826,1.10278,10.0305,117.1679,-75.3130,-0.11230,-0.94312,-0.09619,-2.3893,-4.2977,-26.4885
106502771,0.08179,0.21448,1.99994,12.4733,121.9084,-61.9695,-0.10938,-0.94897,-0.09485,-2.2672,-2.8015,-27.3053
106503771,-0.08411,-0.80237,1.99878,6.2443,108.4809,-57.5038,-0.10803,-0.95459,-0.09485,-2.0763,-1.2595,-28.0153
106504770,-0.44043,-1.08472,0.56738,-2.1756,94.3664,-64.0000,-0.10815,-0.95984,-0.09680,-1.8168,0.2824,-28.6260
106505770,-0.39209,-0.44580,0.17493,0.2443,100.5573,-74.9084,-0.10791,-0.96497,-0.09875,-1.5038,1.8168,-29.1221
106506771,-0.23547,0.70081,1.47070,7.8321,110.3359,-80.1908,-0.10767,-0.96985,-0.10022,-1.1603,3.3817,-29.5191
106507771,-0.38159,1.63367,1.77502,7.1221,97.1985,-74.5420,-0.10791,-0.97546,-0.10266,-0.8168,4.9237,-29.8015
106508771,-0.60205,1.35938,0.97791,7.7557,83.6412,-58.1069,-0.10889,-0.98145,-0.10693,-0.4656,6.4122,-29.9924
106509770,-0.28699,0.12146,1.20911,12.7481,90.5878,-45.0763,-0.11023,-0.98669,-0.11182,-0.1298,7.8015,-30.0840
106510771,0.02039,-0.47266,1.93872,19.5802,96.0305,-49.7557,-0.11194,-0.99231,-0.11572,0.2137,9.1221,-30.0534
106511771,-0.32556,0.25854,1.17114,24.9542,83.1298,-65.2137,-0.11475,-0.99805,-0.11890,0.5573,10.3969,-29.9008
106512771,-0.79785,1.28809,-0.07947,31.2061,76.6565,-69.3588,-0.11841,-1.00281,-0.12231,0.9008,11.5725,-29.6565
106513770,-0.67200,1.36804,0.25000,37.3053,87.6718,-54.7863,-0.12183,-1.00757,-0.12695,1.2824,12.6260,-29.3435
106514770,-0.48914,0.45435,1.14282,40.5878,94.0534,-35.9618,-0.12488,-1.01245,-0.13159,1.6718,13.5802,-28.8931
106515771,-0.63940,-0.91980,1.00452,43.7252,91.4656,-26.7176,-0.12854,-1.01672,-0.13428,2.0458,14.4504,-28.3435
106516771,-0.64966,-1.66211,0.81604,42.6107,104.0153,-34.2672,-0.13318,-1.02063,-0.13611,2.4198,15.2366,-27.7099
106517771,-0.45435,-0.99231,1.99994,41.8550,132.9542,-51.2519,-0.13818,-1.02466,-0.13733,2.7939,15.9237,-27.0534
106518770,-0.27185,0.43201,1.99994,36.0534,145.5496,-60.6336,-0.14294,-1.02893,-0.13953,3.1527,16.5191,-26.3282
106519770,-0.26355,1.36987,1.99994,24.5267,137.7863,-53.0153,-0.14722,-1.03381,-0.14343,3.4809,17.0229,-25.5038
106520770,0.07751,0.93433,1.99994,25.4122,133.2290,-35.7252,-0.15234,-1.03943,-0.14771,3.7939,17.4427,-24.5878
106521770,0.64355,-0.06421,1.99994,34.8244,120.5878,-29.9847,-0.15894,-1.04565,-0.15234,4.0611,17.7328,-23.6031
106522770,0.68994,-0.39331,1.99994,32.7939,90.6183,-36.2977,-0.16638,-1.05298,-0.15723,4.3053,17.8855,-22.4885
106523770,0.49524,0.12207,1.99994,13.2672,63.0382,-42.2672,-0.17419,-1.06189,-0.16089,4.5573,17.9160,-21.2214
106524771,0.58167,1.00989,1.99994,-2.1603,46.7252,-39.6565,-0.18347,-1.07129,-0.16248,4.8092,17.8702,-19.8015
106525770,0.54163,1.28235,1.99994,0.9008,25.6794,-25.2672,-0.19348,-1.08008,-0.16309,5.0687,17.7328,-18.1679
106526771,0.17761,0.50073,1.99994,11.0840,6.5954,-4.4122,-0.20361,-1.08826,-0.16382,5.3664,17.5038,-16.3359
106527771,-0.02222,-0.43750,1.99994,9.7786,9.8473,8.8015,-0.21497,-1.09570,-0.16516,5.7328,17.2366,-14.3206
106528771,0.09839,-0.38269,1.99994,-8.8168,21.1679,8.9389,-0.22583,-1.10107,-0.16565,6.1298,16.9466,-12.1756
106529771,0.01746,0.54919,1.99994,-31.5420,12.5802,6.4275,-0.23547,-1.10413,-0.16467,6.5420,16.5725,-9.8779
106530770,-0.37988,1.13782,1.26624,-36.3282,3.4733,12.3511,-0.24438,-1.10669,-0.16235,6.9695,16.0840,-7.4504
106531770,-0.42603,0.75854,1.35718,-26.7557,11.0076,23.4275,-0.25256,-1.10779,-0.15894,7.4351,15.5038,-4.9084
106532770,-0.13953,-0.11926,1.99994,-21.6260,18.6794,30.9160,-0.26001,-1.10645,-0.15405,7.9160,14.8702,-2.2366
106533767,0.05188,-0.92371,1.99994,-29.0305,16.1450,31.0687,-0.26697,-1.10498,-0.14941,8.4275,14.2061,0.5344
106534772,0.08655,-0.97412,1.99994,-39.7328,15.9924,21.7099,-0.27405,-1.10315,-0.14636,8.9771,13.5191,3.3740
106535771,0.08203,-0.31323,1.99994,-38.9313,20.5496,11.2748,-0.28040,-1.09949,-0.14294,9.5649,12.8092,6.2214
106536770,0.09851,0.19080,1.99994,-27.7634,23.8931,10.8321,-0.28503,-1.09412,-0.13904,10.1756,12.0840,9.0763
106537770,0.19702,-0.11047,1.99994,-17.6489,25.6412,21.4809,-0.28857,-1.08777,-0.13477,10.8473,11.3130,11.9008
106538770,0.45825,-0.89746,1.99994,-17.5191,24.5573,30.4580,-0.29309,-1.08044,-0.13159,11.5267,10.5344,14.6565
106539770,0.65491,-1.25708,1.99994,-21.1527,15.2519,28.3130,-0.29944,-1.07336,-0.13062,12.1832,9.7023,17.3359
106540770,0.60901,-1.02441,1.99994,-16.6565,1.7023,19.6031,-0.30554,-1.06665,-0.13013,12.8244,8.7786,19.9084
106541768,0.45764,-0.58301,1.99994,-8.1145,-8.8626,13.4275,-0.30933,-1.05872,-0.12781,13.4504,7.7634,22.2824
106542768,0.37073,-0.35193,1.99994,-4.8779,-16.1374,14.1832,-0.31287,-1.04944,-0.12354,14.0687,6.7481,24.3893
106543768,0.39880,-0.50293,1.99994,-7.1756,-20.9618,18.1374,-0.31714,-1.03845,-0.11865,14.6641,5.7557,26.2214
106544771,0.49060,-0.84351,1.99994,-8.7863,-23.0534,18.2519,-0.32190,-1.02576,-0.11475,15.2061,4.7786,27.7710
106545771,0.54688,-1.07678,1.99994,-4.7710,-25.1756,12.1603,-0.32581,-1.01221,-0.11145,15.6641,3.8015,29.0687
106546771,0.46021,-1.15039,1.99994,1.4351,-29.4275,5.4275,-0.32959,-0.99854,-0.10754,16.0305,2.8092,30.1527
106547770,0.33679,-1.04419,1.99994,-1.0305,-31.0992,2.7023,-0.33459,-0.98438,-0.10339,16.2595,1.7405,31.0611
106548770,0.39172,-0.70129,1.99994,-11.1374,-29.9618,3.7176,-0.34229,-0.96021,-0.09521,16.4198,-0.5725,32.3206
106549770,0.52197,-0.38916,1.99994,-13.5878,-32.4198,6.9695,-0.34631,-0.95044,-0.09241,16.4122,-1.7863,32.7023
106550770,0.55652,-0.45605,1.99994,-4.7405,-38.8473,11.5038,-0.34888,-0.94250,-0.09094,16.3511,-3.0229,32.9466
106551770,0.50244,-0.73450,1.99994,1.7863,-45.4809,14.7634,-0.34937,-0.93616,-0.09009,16.2443,-4.2901,33.0229
106552768,0.41272,-0.87476,1.99994,-1.8321,-50.8931,15.9542,-0.34839,-0.93140,-0.08765,16.0763,-5.5725,32.8931
106553772,0.33057,-0.82861,1.99994,-11.6260,-55.2824,16.0611,-0.34668,-0.92749,-0.08435,15.8779,-6.8092,32.5649
106554771,0.35022,-0.78906,1.99994,-15.7252,-56.1450,15.9847,-0.34570,-0.92273,-0.08203,15.6718,-8.0076,32.0458
106555771,0.67273,-1.30127,1.99994,2.8626,-56.7786,12.8626,-0.34497,-0.91809,-0.08020,15.4351,-9.1908,31.4275
106556770,0.59460,-1.51404,1.99994,4.1298,-64.5344,9.1603,-0.34290,-0.91479,-0.07874,15.1298,-10.4046,30.6794
106557770,0.49829,-1.50415,1.99994,-1.9084,-72.9618,4.9695,-0.34009,-0.91248,-0.07849,14.7634,-11.6260,29.8015
106558770,0.43469,-1.35938,1.89062,-1.4351,-78.1450,0.6412,-0.33691,-0.91174,-0.07922,14.3588,-12.8244,28.7863
106559771,0.39587,-1.19165,1.87708,6.7710,-81.9771,-4.0000,-0.33362,-0.91028,-0.08008,13.9389,-13.9771,27.6947
106560770,0.36670,-1.07007,1.79382,12.9313,-87.1985,-7.0382,-0.33020,-0.90857,-0.07971,13.5420,-15.1069,26.5344
106561770,0.31372,-1.15601,1.59485,12.1374,-91.9237,-6.5267,-0.32581,-0.90710,-0.07764,13.1450,-16.2137,25.3053
106562771,0.30322,-1.37817,1.41321,7.3969,-92.5115,-5.5038,-0.32068,-0.90540,-0.07617,12.7023,-17.2672,23.9847
106563770,0.33215,-1.54626,1.28503,5.5191,-89.6489,-7.4427,-0.31604,-0.90430,-0.07495,12.2443,-18.2519,22.6107
106564770,0.27466,-1.53162,1.02820,7.8855,-86.6412,-12.6183,-0.31116,-0.90344,-0.07239,11.7786,-19.2137,21.1908
106565770,0.12744,-1.34851,0.66565,11.1985,-83.6870,-17.8321,-0.30554,-0.90283,-0.07043,11.3206,-20.1298,19.7710
106566770,0.05457,-1.11780,0.53809,11.0229,-78.8244,-20.7863,-0.30103,-0.90173,-0.06958,10.8702,-20.9542,18.3435
106567770,0.12268,-0.88623,0.77014,8.3969,-73.5344,-22.1603,-0.29700,-0.89978,-0.06909,10.4275,-21.6794,16.8931
106568770,0.22644,-0.70361,1.09888,9.2061,-71.0763,-23.6947,-0.29175,-0.89807,-0.06897,9.9847,-22.3664,15.4351
106569770,0.28174,-0.61304,1.24646,14.0687,-71.6947,-25.5496,-0.28613,-0.89832,-0.06909,9.5496,-23.0153,13.9695
106570770,0.29175,-0.61646,1.24902,18.2901,-72.8244,-26.4198,-0.28125,-0.89929,-0.06897,9.0840,-23.6031,12.5420
106571770,0.28735,-0.63806,1.20984,18.0916,-73.9008,-25.9771,-0.27686,-0.90015,-0.06921,8.6412,-24.1069,11.1603
106572770,0.30298,-0.55359,1.19641,14.8244,-74.9466,-25.3435,-0.27295,-0.90137,-0.06995,8.1985,-24.5420,9.8015
106573768,0.39478,-0.44873,1.28674,14.3893,-76.0840,-24.0534,-0.26892,-0.90222,-0.06970,7.7786,-24.8931,8.4733
106574772,0.51135,-0.49353,1.38806,18.5420,-78.8855,-21.7176,-0.26465,-0.90247,-0.07007,7.3664,-25.2061,7.1908
106575770,0.50891,-0.61133,1.41382,22.1527,-83.7176,-19.4962,-0.26001,-0.90259,-0.07202,6.9771,-25.4656,5.9542
106576770,0.44238,-0.62048,1.36487,20.0763,-88.9847,-18.2443,-0.25586,-0.90430,-0.07312,6.6107,-25.6565,4.7557
106577770,0.42578,-0.55737,1.28540,15.9389,-93.1145,-17.0534,-0.25232,-0.90710,-0.07336,6.2519,-25.7328,3.6489
106578770,0.35303,-0.53589,1.22888,16.1450,-95.7634,-16.4275,-0.24866,-0.90979,-0.07324,5.9008,-25.7481,2.6489
106579770,0.24036,-0.49768,1.17871,21.0763,-96.9237,-17.9084,-0.24451,-0.91296,-0.07410,5.5573,-25.7023,1.7252
106580770,0.34229,-0.17688,1.39771,24.6260,-94.7252,-21.6107,-0.23914,-0.91626,-0.07581,5.1985,-25.5878,0.8931
106581770,0.39807,0.38208,1.60840,23.4885,-98.5649,-22.6565,-0.23401,-0.91895,-0.07764,4.8473,-25.4122,0.1450
106582770,0.27734,-0.01294,0.84497,24.4580,-113.1069,-10.7023,-0.22913,-0.92139,-0.07983,4.5115,-25.1985,-0.5573
106583770,0.22717,-1.86267,-0.40234,29.6947,-122.6794,8.3359,-0.22351,-0.92444,-0.08215,4.1832,-24.9695,-1.1832
106584770,0.22559,-2.00000,-0.59119,32.7328,-117.2748,9.5191,-0.21777,-0.92810,-0.08533,3.8550,-24.6641,-1.7023
106585770,0.22437,-2.00000,0.02649,24.5115,-110.3130,-14.0382,-0.21313,-0.93127,-0.08948,3.5954,-24.2824,-2.1069
106586770,0.03430,-1.00110,-0.14014,10.8015,-113.6641,-33.0534,-0.20935,-0.93396,-0.09326,3.3969,-23.8702,-2.4122
106587770,-0.31531,-0.09460,-0.75012,6.1756,-111.2214,-25.1832,-0.20447,-0.93640,-0.09619,3.2214,-23.4122,-2.6412
106588770,-0.35461,-0.50415,-0.51343,6.2137,-92.4656,-10.7405,-0.19849,-0.93896,-0.09924,3.0687,-22.9084,-2.8473
106589770,-0.02148,-1.09497,0.07141,4.0458,-74.0153,-8.3359,-0.19348,-0.94092,-0.10291,2.9389,-22.3588,-3.0076
106590770,0.10840,-1.42480,-0.01685,0.3969,-68.8092,-15.4504,-0.19019,-0.94226,-0.10693,2.8321,-21.7863,-3.1374
106591770,0.06360,-1.62366,-0.34778,4.0229,-66.9847,-23.6718,-0.18665,-0.94373,-0.11023,2.7481,-21.2061,-3.2290
106592770,0.19556,-1.76892,-0.19775,16.1679,-62.2214,-29.7176,-0.18262,-0.94495,-0.11279,2.6641,-20.6183,-3.2901
106593770,0.30579,-1.74622,0.18689,27.4504,-61.1069,-32.7481,-0.17883,-0.94519,-0.11377,2.5954,-20.0000,-3.3817
106594771,0.40271,-1.52930,0.61572,30.2366,-64.0458,-34.0916,-0.17529,-0.94519,-0.11426,2.5115,-19.3435,-3.4962
106595770,0.59119,-1.34033,1.08362,30.4275,-68.7557,-33.4351,-0.17261,-0.94543,-0.11609,2.4351,-18.6565,-3.6107
106596770,0.61536,-1.61633,1.14771,37.5496,-77.1679,-30.2137,-0.16992,-0.94507,-0.11816,2.3664,-17.9618,-3.7023
106597770,0.36011,-2.00000,0.47412,43.4580,-87.8931,-30.8321,-0.16736,-0.94434,-0.11951,2.3130,-17.2290,-3.8015
106598770,0.14832,-1.96460,-0.14722,40.9160,-91.5115,-36.5573,-0.16541,-0.94373,-0.12061,2.2748,-16.4962,-3.9389
106599770,0.14343,-1.75940,-0.15027,33.2290,-90.0840,-39.9160,-0.16296,-0.94385,-0.12134,2.2214,-15.7710,-4.1298
106600768,0.18188,-1.81897,0.02844,27.2366,-90.6489,-39.7634,-0.16016,-0.94519,-0.12073,2.1221,-15.0687,-4.3740
106601771,0.15613,-1.90747,-0.00488,23.5954,-93.3435,-42.8015,-0.15881,-0.94678,-0.11987,2.0000,-14.3664,-4.6336
106602771,0.08984,-1.84912,-0.19739,20.8779,-92.6260,-48.4733,-0.15869,-0.94690,-0.12000,1.8702,-13.6718,-4.9618
106603770,0.07019,-1.92798,-0.33167,17.5496,-86.3053,-51.1450,-0.15869,-0.94604,-0.12061,1.7252,-12.9542,-5.3282
106604770,0.06946,-2.00000,-0.35938,14.3664,-77.3130,-54.0992,-0.15918,-0.94580,-0.12195,1.5573,-12.2366,-5.7328
106605771,0.04028,-1.80786,-0.42566,16.8550,-69.6794,-60.6870,-0.15967,-0.94617,-0.12354,1.3817,-11.5115,-6.1679
106606771,-0.04102,-1.44556,-0.65503,25.0687,-64.2366,-66.7328,-0.16064,-0.94580,-0.12378,1.1679,-10.7863,-6.6412
106607770,-0.13269,-1.25806,-0.78027,33.9695,-58.9237,-68.3511,-0.16223,-0.94531,-0.12329,0.9389,-10.0992,-7.1450
106608770,-0.14148,-1.22668,-0.69543,38.6260,-54.3969,-67.8473,-0.16296,-0.94482,-0.12402,0.7023,-9.4580,-7.6641
106609770,-0.09460,-1.23816,-0.58228,39.9847,-51.5115,-67.0687,-0.16333,-0.94397,-0.12463,0.4733,-8.8168,-8.1756
106610770,-0.07886,-1.33130,-0.54565,39.8931,-49.0458,-66.3282,-0.16455,-0.94348,-0.12390,0.2443,-8.1527,-8.7176
106611770,-0.01343,-1.36902,-0.28552,38.3817,-42.3817,-67.0305,-0.16602,-0.94263,-0.12402,0.0076,-7.4962,-9.2824
106612770,0.11694,-1.28699,0.15747,34.8855,-35.5267,-67.8779,-0.16699,-0.94202,-0.12439,-0.2443,-6.8855,-9.8244
106613770,0.15503,-1.21240,0.34314,27.9313,-32.9084,-66.9542,-0.16760,-0.94214,-0.12415,-0.4962,-6.3206,-10.3740
106614770,0.12708,-1.24084,0.32751,19.3206,-32.0687,-65.1374,-0.16785,-0.94226,-0.12366,-0.7557,-5.7634,-10.9542
106615770,0.17444,-1.36121,0.43311,15.8397,-30.6107,-64.5573,-0.16736,-0.94299,-0.12390,-1.0382,-5.2290,-11.5573
106616770,0.28540,-1.55493,0.64893,18.2290,-31.6641,-65.3053,-0.16724,-0.94385,-0.12476,-1.3359,-4.7176,-12.1527
106617770,0.32568,-1.60864,0.73022,18.4198,-37.7939,-68.1679,-0.16809,-0.94531,-0.12463,-1.6489,-4.2137,-12.7557
106618771,0.31079,-1.37720,0.73157,15.2824,-45.6183,-71.9466,-0.16907,-0.94727,-0.12476,-2.0000,-3.7252,-13.3511
106619770,0.30200,-1.12024,0.74475,14.7176,-52.4122,-73.4962,-0.17102,-0.94885,-0.12622,-2.3664,-3.2595,-13.9084
106620767,0.20825,-1.11157,0.68140,18.1756,-58.2366,-72.4427,-0.17432,-0.95068,-0.12769,-2.7481,-2.8321,-14.4275
106621768,0.07031,-1.29761,0.43738,20.6489,-62.2901,-71.9466,-0.17798,-0.95386,-0.12891,-3.1756,-2.4504,-14.8702
106622768,-0.00061,-1.45361,0.17883,20.2519,-62.3130,-73.6641,-0.18164,-0.95862,-0.13025,-3.6031,-2.1145,-15.2061
106623768,-0.01941,-1.48694,0.11157,19.5496,-58.9389,-76.9389,-0.18494,-0.96448,-0.13208,-4.0534,-1.7786,-15.4122
106624772,-0.02893,-1.33411,0.09241,19.8168,-55.3130,-81.5420,-0.18848,-0.97156,-0.13440,-4.5344,-1.4275,-15.5115
106625771,-0.07544,-1.10608,-0.04651,20.8397,-52.5802,-84.8473,-0.19226,-0.97900,-0.13745,-5.0000,-1.0840,-15.4351
106626770,-0.12720,-0.99963,-0.14368,19.4580,-48.5420,-84.6794,-0.19641,-0.98645,-0.14160,-5.4504,-0.7481,-15.1908
106627770,-0.12183,-1.03796,-0.05322,14.6260,-43.4198,-82.2748,-0.20093,-0.99329,-0.14551,-5.8702,-0.4656,-14.7557
106628770,-0.08411,-1.09497,0.03357,9.7786,-39.7405,-80.7634,-0.20557,-0.99902,-0.14807,-6.2290,-0.1908,-14.1221
106629771,-0.08142,-1.05688,-0.03662,8.0840,-37.5496,-80.9695,-0.21021,-1.00378,-0.14990,-6.5191,0.0840,-13.3282
106630771,-0.09155,-0.90491,-0.07483,8.2901,-34.4580,-81.5038,-0.21484,-1.00781,-0.15161,-6.7481,0.3664,-12.3588
106631771,-0.05127,-0.68433,0.05176,7.2824,-31.0534,-80.5878,-0.21912,-1.01086,-0.15295,-6.8931,0.6947,-11.2366
106632771,0.02625,-0.52686,0.28735,4.8550,-29.0840,-77.4504,-0.22314,-1.01294,-0.15369,-6.9160,1.0840,-9.9771
106633770,0.09949,-0.52917,0.52185,2.7786,-29.4427,-73.4122,-0.22620,-1.01477,-0.15332,-6.8321,1.4885,-8.5954
106634771,0.14941,-0.66907,0.70093,3.3206,-31.1603,-70.5954,-0.22839,-1.01624,-0.15259,-6.6565,1.8702,-7.1145
106635771,0.18042,-0.86829,0.84314,6.4656,-33.7863,-69.4885,-0.23035,-1.01575,-0.15137,-6.3588,2.2443,-5.6107
106636770,0.17078,-0.94641,0.82202,6.8397,-38.7710,-69.9618,-0.23230,-1.01355,-0.14954,-5.9771,2.6260,-4.0611
106637770,0.09253,-0.72595,0.59021,2.0382,-45.1450,-71.5802,-0.23474,-1.01172,-0.14648,-5.5115,3.0305,-2.4885
106638771,0.01050,-0.34607,0.36450,-1.5267,-49.1832,-72.2901,-0.23694,-1.00989,-0.14172,-4.9924,3.4504,-0.9466
106639771,-0.04065,-0.15735,0.31165,0.7634,-50.0458,-70.1985,-0.23999,-1.00818,-0.13721,-4.4198,3.8855,0.5649
106640771,-0.09216,-0.30530,0.32263,3.6947,-49.4809,-66.2290,-0.24329,-1.00586,-0.13269,-3.8168,4.3206,2.0153
106641770,-0.10742,-0.61011,0.26746,1.5420,-47.8397,-62.9771,-0.24500,-1.00220,-0.12805,-3.1985,4.7557,3.3893
106642770,-0.08740,-0.85120,0.22754,-3.6947,-44.4733,-61.7481,-0.24805,-0.99792,-0.12390,-2.5954,5.1527,4.6718
106643767,-0.07703,-0.82031,0.22546,-8.6412,-40.8626,-63.0000,-0.25220,-0.99353,-0.11938,-2.0229,5.5038,5.8702
106644766,-0.10132,-0.47693,0.15881,-10.9237,-38.7863,-64.8092,-0.25684,-0.98499,-0.11023,-1.0000,6.0840,7.8244
106645769,-0.14441,-0.10022,0.07874,-10.9084,-38.1298,-63.5038,-0.26111,-0.98157,-0.10620,-0.5725,6.3206,8.6107
106646772,-0.13757,0.01306,0.15222,-11.2519,-37.7557,-57.9695,-0.26526,-0.97815,-0.10315,-0.2214,6.5267,9.2748
106647771,-0.04614,-0.14648,0.40381,-12.7481,-37.9313,-51.4122,-0.26819,-0.97498,-0.10046,0.0916,6.6794,9.8397
106648771,0.04834,-0.37329,0.64075,-13.5344,-39.5954,-47.4733,-0.27161,-0.97180,-0.09644,0.3740,6.7328,10.2672
106649770,0.06958,-0.49597,0.70020,-13.0687,-42.2214,-46.4733,-0.27466,-0.96826,-0.09338,0.6031,6.6947,10.5573
106650771,0.01733,-0.45654,0.53821,-12.9313,-44.8779,-46.2901,-0.27722,-0.96497,-0.09216,0.7710,6.5802,10.7023
106651771,-0.06787,-0.33740,0.29883,-13.8015,-46.0458,-44.7481,-0.28027,-0.96155,-0.09033,0.8397,6.4351,10.7405
106652771,-0.09656,-0.28601,0.21838,-15.2748,-45.0229,-41.4580,-0.28308,-0.95825,-0.08801,0.8321,6.2366,10.6641
106653770,-0.04333,-0.40271,0.29333,-15.9618,-43.8473,-37.7786,-0.28479,-0.95508,-0.08691,0.8015,5.9771,10.4733
106654770,0.02698,-0.64514,0.39307,-15.1908,-43.7786,-35.6870,-0.28613,-0.95178,-0.08667,0.7634,5.6870,10.1603
106655768,0.06226,-0.85034,0.51660,-14.7176,-44.0992,-35.9389,-0.28772,-0.94934,-0.08630,0.7023,5.3206,9.8015
106656768,0.06580,-0.83813,0.60217,-17.9771,-45.2443,-37.8702,-0.28833,-0.94788,-0.08521,0.6336,4.9008,9.3588
106657772,0.02454,-0.56604,0.48352,-24.1908,-47.7634,-39.8092,-0.28735,-0.94592,-0.08362,0.5191,4.4122,8.8397
106658770,-0.05762,-0.24194,0.27173,-27.1603,-49.5191,-39.9313,-0.28564,-0.94397,-0.08264,0.3893,3.9160,8.2443
106659770,-0.09802,-0.14258,0.18311,-25.1069,-49.3282,-37.6412,-0.28406,-0.94226,-0.08301,0.2290,3.4046,7.5878
106660770,-0.07568,-0.27979,0.19189,-23.1450,-48.8397,-34.5420,-0.28296,-0.94055,-0.08276,0.0305,2.8321,6.9008
106661770,-0.06641,-0.41272,0.16956,-24.4962,-49.3893,-32.7786,-0.28247,-0.93909,-0.08044,-0.1679,2.2061,6.1985
106662767,-0.09570,-0.36621,0.09302,-27.0000,-49.7176,-32.4504,-0.28186,-0.93896,-0.07825,-0.3740,1.6107,5.4885
106663771,-0.12085,-0.21790,0.01819,-27.2824,-48.5573,-31.3130,-0.28040,-0.93970,-0.07776,-0.6107,1.0000,4.7557
106664771,-0.14111,-0.11487,-0.03870,-25.3206,-46.4580,-28.2443,-0.27832,-0.94006,-0.07861,-0.8855,0.3511,4.0076
106665771,-0.16931,-0.06860,-0.08838,-23.8702,-44.5420,-24.3282,-0.27698,-0.94043,-0.07910,-1.1832,-0.3359,3.2443
106666770,-0.18713,-0.05273,-0.15930,-25.0992,-43.2290,-20.4885,-0.27551,-0.94092,-0.07886,-1.4885,-1.0305,2.4962
106667770,-0.19043,-0.10254,-0.21570,-26.9542,-41.8244,-16.9237,-0.27417,-0.94165,-0.07898,-1.8015,-1.7176,1.7710
106668768,-0.18665,-0.21289,-0.20581,-27.3893,-39.8397,-14.4885,-0.27283,-0.94214,-0.07874,-2.1145,-2.3740,1.0611
106669767,-0.18347,-0.28479,-0.20117,-27.7710,-37.8168,-13.6489,-0.27014,-0.94214,-0.07788,-2.4122,-3.0153,0.3588
106670766,-0.20654,-0.29944,-0.26233,-29.2366,-35.7863,-13.1603,-0.26855,-0.94287,-0.07739,-2.7328,-3.6412,-0.3130
106671769,-0.23669,-0.29651,-0.32117,-31.0687,-32.6412,-12.2061,-0.26819,-0.94470,-0.07751,-3.0229,-4.2290,-0.9466
106672772,-0.22437,-0.29541,-0.29602,-31.4962,-28.0763,-11.0763,-0.26648,-0.94641,-0.07703,-3.3053,-4.7405,-1.5802
106673771,-0.18506,-0.33936,-0.23608,-29.3664,-23.5954,-9.9389,-0.26416,-0.94763,-0.07581,-3.6107,-5.2519,-2.1832
106674770,-0.14502,-0.43140,-0.18079,-25.8244,-19.8626,-8.9313,-0.26184,-0.94922,-0.07532,-3.9542,-5.7863,-2.7252
106675767,-0.09583,-0.51306,-0.05176,-23.1221,-16.5573,-8.2977,-0.25940,-0.95093,-0.07483,-4.2977,-6.2901,-3.2290
106676772,-0.05200,-0.54895,0.12256,-21.8473,-14.7176,-7.9924,-0.25720,-0.95325,-0.07361,-4.6107,-6.7099,-3.7252
106677771,-0.03992,-0.55945,0.19751,-20.5191,-14.8397,-8.0458,-0.25500,-0.95557,-0.07263,-4.8931,-7.0763,-4.1985
106678770,-0.04358,-0.55627,0.21191,-17.9313,-15.0305,-8.7328,-0.25354,-0.95764,-0.07251,-5.1221,-7.3893,-4.6260
106679770,-0.02698,-0.54224,0.32056,-15.3206,-14.1527,-9.7176,-0.25171,-0.95947,-0.07214,-5.3053,-7.6489,-4.9847
106680770,-0.00024,-0.55396,0.46741,-15.0382,-13.7481,-10.1527,-0.24988,-0.96204,-0.07153,-5.4733,-7.8550,-5.3206
106681767,0.01111,-0.60278,0.50464,-16.8702,-14.5267,-10.0840,-0.24939,-0.96497,-0.07312,-5.6031,-7.9924,-5.6641
106682772,0.01453,-0.63696,0.49207,-18.4198,-14.7557,-10.3511,-0.24866,-0.96704,-0.07422,-5.6718,-8.0687,-6.0000
106683771,0.02356,-0.60327,0.54248,-18.6947,-13.9695,-10.9847,-0.24719,-0.96948,-0.07324,-5.6794,-8.0687,-6.2901
106684770,0.03308,-0.52234,0.58057,-18.7023,-13.9313,-10.8855,-0.24609,-0.97388,-0.07263,-5.6489,-8.0229,-6.5191
106685770,0.03650,-0.46021,0.56482,-18.9084,-14.9237,-9.4656,-0.24500,-0.97974,-0.07263,-5.5573,-7.9084,-6.6794
106686767,0.05457,-0.45776,0.58533,-18.7328,-15.9237,-7.3282,-0.24377,-0.98547,-0.07288,-5.4275,-7.7405,-6.7328
106687768,0.09729,-0.52954,0.63525,-17.2977,-16.9771,-5.3511,-0.24329,-0.99036,-0.07300,-5.2595,-7.5191,-6.7099
106688772,0.12329,-0.63098,0.63013,-14.9389,-18.4580,-4.3893,-0.24280,-0.99475,-0.07288,-5.0687,-7.2443,-6.6489
106689771,0.09399,-0.63196,0.53687,-13.1069,-19.7252,-5.2061,-0.24219,-0.99841,-0.07312,-4.8702,-6.9237,-6.5420
106690770,0.07910,-0.61658,0.47522,-13.6718,-19.3511,-4.9160,-0.24292,-1.00073,-0.07300,-4.6565,-6.6107,-6.3511
106691771,0.05151,-0.64062,0.40479,-14.2748,-18.4656,-4.6260,-0.24500,-1.00232,-0.07263,-4.4198,-6.2748,-6.0992
106692770,0.03491,-0.65881,0.36816,-14.8168,-16.8397,-4.9695,-0.24561,-1.00403,-0.07288,-4.1527,-5.9389,-5.8168
106693770,0.05762,-0.69519,0.39978,-15.5191,-14.7099,-5.1298,-0.24585,-1.00574,-0.07300,-3.8626,-5.6107,-5.5038
106694770,0.09998,-0.76270,0.53723,-16.7634,-12.6641,-4.9008,-0.24707,-1.00635,-0.07336,-3.5344,-5.2901,-5.1908
106695770,0.13770,-0.79102,0.69360,-18.7939,-12.0687,-5.0458,-0.24768,-1.00610,-0.07336,-3.2214,-4.9542,-4.8626
106696770,0.16931,-0.76941,0.73767,-20.2595,-13.0763,-5.4275,-0.24768,-1.00525,-0.07263,-2.9160,-4.6107,-4.4962
106697770,0.18591,-0.74353,0.73596,-19.8626,-14.2824,-5.7405,-0.24805,-1.00354,-0.07068,-2.5725,-4.2748,-4.1145
106698770,0.18909,-0.68005,0.79431,-18.4580,-15.3740,-6.3511,-0.24768,-1.00195,-0.06946,-2.2061,-3.9771,-3.7863
106699771,0.19019,-0.58728,0.82361,-17.5267,-17.5420,-6.6412,-0.24683,-1.00146,-0.06995,-1.8321,-3.6870,-3.4809
106700770,0.17969,-0.58691,0.77368,-16.4809,-20.1756,-5.6107,-0.24670,-1.00061,-0.07019,-1.4733,-3.4046,-3.2061
106701770,0.16492,-0.69214,0.76172,-14.7405,-21.5954,-4.3817,-0.24731,-0.99805,-0.06909,-1.1145,-3.1298,-2.9237
106702770,0.16113,-0.76038,0.78406,-13.3282,-22.0305,-4.4046,-0.24878,-0.99487,-0.06750,-0.7481,-2.8550,-2.6870
106703770,0.14551,-0.74792,0.75232,-12.6794,-22.1832,-4.8931,-0.24890,-0.99207,-0.06567,-0.3893,-2.6031,-2.5267
106704770,0.12402,-0.71423,0.72607,-12.5267,-21.5573,-4.9466,-0.24817,-0.98999,-0.06360,-0.0611,-2.3817,-2.4427
106705768,0.12695,-0.68860,0.74634,-12.7176,-20.7023,-4.7252,-0.24829,-0.98804,-0.06201,0.2519,-2.1679,-2.4046
106706767,0.13782,-0.71106,0.71423,-12.7481,-20.8473,-4.3130,-0.24817,-0.98560,-0.06189,0.5725,-1.9695,-2.4046
106707766,0.13123,-0.80444,0.63367,-12.4198,-21.4656,-4.0687,-0.24817,-0.98328,-0.06311,0.9084,-1.7710,-2.4733
106708769,0.12695,-0.87207,0.61243,-12.5496,-21.5267,-4.8626,-0.24841,-0.98132,-0.06384,1.1832,-1.5725,-2.5954
106709771,0.12891,-0.84082,0.63123,-13.2824,-21.5954,-6.1221,-0.24915,-0.97900,-0.06445,1.4198,-1.3664,-2.7939
106710770,0.11340,-0.77625,0.62073,-13.8244,-21.9466,-6.4809,-0.24976,-0.97668,-0.06458,1.6336,-1.2137,-3.0229
106711770,0.09436,-0.72412,0.58801,-14.2519,-21.9466,-6.0305,-0.24939,-0.97510,-0.06433,1.8244,-1.1145,-3.3053
106712770,0.09119,-0.67505,0.55542,-14.4046,-21.2824,-5.3893,-0.25024,-0.97278,-0.06360,1.9847,-1.0000,-3.6489
106713770,0.08276,-0.65320,0.49438,-13.9618,-20.5496,-4.5191,-0.25269,-0.97070,-0.06262,2.1069,-0.9084,-4.0382
106714770,0.06372,-0.67810,0.44128,-13.2137,-19.3359,-3.5649,-0.25366,-0.96838,-0.06238,2.1908,-0.8855,-4.4733
106715770,0.07397,-0.71863,0.50671,-12.1603,-17.1145,-3.0534,-0.25330,-0.96570,-0.06238,2.2748,-0.9237,-4.9160
106716770,0.14307,-0.79150,0.68250,-9.6565,-14.8321,-2.9313,-0.25330,-0.96399,-0.06396,2.3435,-0.9771,-5.3969
106717770,0.21533,-0.89685,0.82397,-5.9084,-14.3511,-3.4962,-0.25354,-0.96265,-0.06580,2.3588,-1.0382,-5.8931
106718767,0.22510,-0.93372,0.81592,-2.7786,-15.8702,-5.3740,-0.25342,-0.96106,-0.06665,2.3511,-1.1145,-6.4427
106719772,0.19971,-0.86682,0.71045,-1.1985,-17.8397,-7.5954,-0.25305,-0.95972,-0.06860,2.3435,-1.2366,-7.0687
106720771,0.17224,-0.77991,0.62280,-0.6031,-19.3511,-8.7634,-0.25269,-0.95825,-0.07068,2.3359,-1.3740,-7.7328
106721770,0.15186,-0.74695,0.59851,0.0763,-20.4427,-8.9771,-0.25195,-0.95642,-0.07092,2.2748,-1.5267,-8.3740
106722770,0.14771,-0.76953,0.61694,1.2901,-21.2214,-9.1069,-0.25122,-0.95410,-0.07043,2.1756,-1.6794,-9.0305
106723767,0.15942,-0.83789,0.65674,2.5344,-21.5802,-9.1756,-0.25073,-0.95227,-0.07080,2.0611,-1.8626,-9.7176
106724768,0.16956,-0.89380,0.67932,2.4733,-21.7939,-9.4504,-0.25098,-0.95154,-0.07141,1.9313,-2.0992,-10.4427
106725767,0.16064,-0.86060,0.65698,1.5802,-21.9237,-10.1069,-0.25073,-0.95056,-0.07214,1.7863,-2.3588,-11.1985
106726771,0.13782,-0.77161,0.61755,1.2977,-21.8702,-10.3588,-0.24988,-0.94910,-0.07288,1.6107,-2.6031,-11.9771
106727771,0.11865,-0.72998,0.59998,1.7786,-21.8779,-9.4427,-0.24951,-0.94775,-0.07312,1.4427,-2.8550,-12.7786
106728771,0.11768,-0.77368,0.61255,2.1527,-22.4122,-7.9542,-0.24939,-0.94678,-0.07410,1.2672,-3.1145,-13.5878
106729771,0.13513,-0.84900,0.65393,2.3817,-23.3282,-7.0229,-0.24902,-0.94592,-0.07458,1.0840,-3.3817,-14.4427
106730771,0.14612,-0.89111,0.69324,2.6107,-24.6641,-7.0916,-0.24841,-0.94519,-0.07373,0.8855,-3.6489,-15.2824
106731770,0.12451,-0.85803,0.65588,2.6336,-26.4046,-7.8626,-0.24829,-0.94446,-0.07397,0.6870,-3.9160,-16.1069
106732770,0.07739,-0.77783,0.53857,2.5878,-27.7176,-8.3588,-0.24841,-0.94348,-0.07556,0.4580,-4.1908,-16.9313
106733770,0.04297,-0.73779,0.46362,2.3282,-27.3588,-7.7634,-0.24719,-0.94287,-0.07727,0.2137,-4.4427,-17.7939
106734770,0.06848,-0.79761,0.50854,1.3588,-25.7023,-6.3664,-0.24573,-0.94250,-0.07898,-0.0382,-4.7176,-18.6947
106735770,0.13159,-0.93396,0.61853,0.0534,-24.3359,-5.3053,-0.24536,-0.94189,-0.08118,-0.2977,-4.9771,-19.5802
106736770,0.17542,-1.06079,0.70068,-1.2214,-24.2824,-5.3588,-0.24475,-0.94116,-0.08240,-0.5954,-5.2214,-20.4504
106737770,0.19275,-1.07825,0.68469,-3.2366,-25.4122,-6.4809,-0.24329,-0.93982,-0.08301,-0.9008,-5.4733,-21.3053
106738770,0.16565,-0.96973,0.58179,-5.7405,-27.1450,-7.6183,-0.24231,-0.93799,-0.08459,-1.2137,-5.7252,-22.1985
106739771,0.11755,-0.83484,0.48901,-7.3053,-28.2595,-7.7023,-0.24219,-0.93677,-0.08594,-1.5573,-5.9924,-23.1145
106740770,0.11218,-0.78540,0.47241,-7.5878,-28.4733,-6.6260,-0.24097,-0.93579,-0.08643,-1.9160,-6.2672,-24.0611
106741770,0.13232,-0.83948,0.51892,-7.2366,-28.2595,-5.4122,-0.23987,-0.93591,-0.08704,-2.5802,-6.7176,-25.8702
106742770,0.15259,-0.92444,0.55151,-6.7252,-28.0229,-5.1145,-0.23901,-0.93616,-0.08789,-2.9466,-6.9389,-26.7176
106743770,0.15881,-0.96460,0.50696,-6.0229,-27.5878,-5.8626,-0.23804,-0.93604,-0.08801,-3.3435,-7.1374,-27.5878
106744770,0.13770,-0.94446,0.43115,-5.1450,-26.5573,-6.8855,-0.23743,-0.93567,-0.08838,-3.7405,-7.3282,-28.4427
106745770,0.12036,-0.90100,0.39673,-4.5344,-25.0611,-7.4046,-0.23633,-0.93652,-0.08911,-4.1450,-7.5267,-29.2977
106746768,0.12097,-0.89880,0.40259,-4.3969,-24.0458,-7.0840,-0.23450,-0.93860,-0.09033,-4.5267,-7.7023,-30.1298
106747766,0.13257,-0.95557,0.42480,-4.6947,-23.7634,-6.6718,-0.23230,-0.93982,-0.09021,-4.8931,-7.8779,-30.9542
106748769,0.15552,-1.02344,0.48779,-4.6641,-23.6412,-7.0305,-0.23022,-0.94031,-0.08936,-5.2595,-8.0305,-31.7786
106749768,0.17090,-1.05212,0.55212,-4.4733,-23.8550,-8.1603,-0.22888,-0.94128,-0.09009,-5.6412,-8.1527,-32.5878
106750771,0.16028,-1.01758,0.54114,-5.2748,-24.4733,-9.2977,-0.22815,-0.94312,-0.09033,-5.9847,-8.2901,-33.3511
106751770,0.13550,-0.95776,0.48230,-7.0840,-24.7023,-9.6489,-0.22693,-0.94519,-0.08972,-6.2977,-8.4427,-34.0458
106752770,0.11523,-0.92786,0.43420,-9.0611,-24.2214,-9.1756,-0.22571,-0.94775,-0.09082,-6.6260,-8.5878,-34.6718
106753770,0.11084,-0.97021,0.40161,-10.2824,-23.4580,-8.3130,-0.22620,-0.95154,-0.09253,-6.9695,-8.7176,-35.2366
106754770,0.13330,-1.08130,0.41272,-10.5191,-22.4275,-7.8397,-0.22717,-0.95557,-0.09375,-7.3206,-8.8244,-35.7634
106755768,0.18054,-1.18835,0.50598,-10.0382,-21.3359,-8.4580,-0.22754,-0.95959,-0.09509,-7.6565,-8.9008,-36.2519
106756771,0.20923,-1.19751,0.59314,-9.5191,-21.4351,-10.3740,-0.22778,-0.96362,-0.09692,-7.9924,-9.0076,-36.6489
106757771,0.18506,-1.10522,0.54126,-9.1679,-23.1374,-12.5420,-0.22766,-0.96777,-0.09912,-8.3282,-9.1298,-36.9466
106758770,0.13977,-1.00671,0.41345,-8.7023,-24.5878,-13.8244,-0.22815,-0.97192,-0.09973,-8.6489,-9.2443,-37.1679
106759767,0.11560,-0.97131,0.34363,-8.0687,-24.7786,-14.3435,-0.22888,-0.97681,-0.09949,-8.9084,-9.3282,-37.3282
106760767,0.11035,-0.97913,0.30896,-7.3817,-24.5038,-15.0916,-0.22864,-0.98267,-0.10010,-9.1069,-9.4046,-37.3740
106761772,0.10205,-0.99866,0.24377,-6.3893,-23.9771,-16.3664,-0.22827,-0.98865,-0.10132,-9.2748,-9.4580,-37.3053
106762771,0.07690,-1.00940,0.15930,-5.4580,-22.6107,-17.8702,-0.22852,-0.99500,-0.10254,-9.4046,-9.5038,-37.0916
106763771,0.05127,-0.98315,0.07971,-5.7328,-20.1908,-19.0840,-0.22815,-0.99988,-0.10425,-9.4962,-9.5344,-36.7634
106764770,0.03552,-0.92249,0.01160,-7.4962,-17.1221,-19.5573,-0.22705,-1.00305,-0.10571,-9.5267,-9.5191,-36.3359
106765770,0.02588,-0.86499,-0.00891,-9.3969,-13.7328,-19.2901,-0.22571,-1.00635,-0.10632,-9.4809,-9.4122,-35.8092
106766768,0.03455,-0.84119,0.01208,-10.2290,-10.5496,-18.7939,-0.22363,-1.01038,-0.10718,-9.3969,-9.2748,-35.2214
106767771,0.05396,-0.84729,0.04553,-9.8931,-7.9771,-18.3969,-0.22192,-1.01453,-0.10791,-9.2824,-9.1527,-34.5344
106768771,0.07715,-0.86938,0.12146,-9.2519,-5.7481,-18.1679,-0.22192,-1.01709,-0.10767,-9.1374,-9.0687,-33.7634
106769771,0.10999,-0.85156,0.23706,-9.6107,-4.1145,-18.3130,-0.22363,-1.01917,-0.10730,-8.9695,-8.9771,-32.9313
106770770,0.13232,-0.77563,0.31763,-10.5802,-3.5725,-18.5573,-0.22498,-1.02148,-0.10791,-8.8015,-8.8321,-32.0458
106771770,0.13269,-0.70605,0.34229,-10.8550,-3.6336,-18.3893,-0.22534,-1.02393,-0.10950,-8.6031,-8.6336,-31.0687
106772770,0.13477,-0.69116,0.35840,-10.3511,-3.5802,-17.8473,-0.22473,-1.02625,-0.11060,-8.4046,-8.4046,-30.0305
106773770,0.14722,-0.71045,0.39526,-9.8397,-3.3359,-17.4962,-0.22363,-1.02881,-0.11035,-8.1832,-8.1756,-28.9389
106774770,0.16150,-0.73962,0.45715,-9.1298,-3.1221,-17.5115,-0.22375,-1.03308,-0.10925,-7.9313,-7.9542,-27.7786
106775770,0.18140,-0.78149,0.52222,-7.9008,-3.2443,-17.8092,-0.22473,-1.03796,-0.10815,-7.6870,-7.7176,-26.5267
106776767,0.18945,-0.80005,0.55225,-6.7481,-3.8931,-18.4885,-0.22510,-1.04272,-0.10620,-7.4580,-7.5038,-25.1679
106777772,0.17090,-0.75500,0.54980,-6.0229,-4.7557,-19.4198,-0.22534,-1.04773,-0.10449,-7.2137,-7.2595,-23.6794
106778771,0.15735,-0.67529,0.54456,-5.5496,-5.3053,-19.9771,-0.22656,-1.05273,-0.10449,-6.9542,-6.9618,-22.0916
106779771,0.15247,-0.62988,0.54529,-4.6641,-5.7023,-19.8702,-0.22791,-1.05798,-0.10535,-6.6794,-6.6565,-20.3893
106780770,0.14893,-0.64636,0.53931,-2.9618,-6.0458,-19.6107,-0.22864,-1.06299,-0.10608,-6.4122,-6.3435,-18.5725
106781768,0.15137,-0.69250,0.51038,-0.9466,-6.2977,-19.7099,-0.22974,-1.06628,-0.10571,-6.1298,-6.0458,-16.6336
106782766,0.14746,-0.71594,0.48608,0.4885,-6.0992,-20.2214,-0.23083,-1.06848,-0.10413,-5.8397,-5.7252,-14.5649
106783769,0.14001,-0.67419,0.46875,1.0458,-5.7023,-20.8397,-0.23108,-1.07043,-0.10339,-5.5496,-5.4122,-12.4351
106784772,0.13245,-0.60864,0.44739,1.8626,-5.2137,-20.9160,-0.23059,-1.07141,-0.10352,-5.2443,-5.0916,-10.2366
106785771,0.13721,-0.60913,0.44043,3.5649,-4.5573,-20.1603,-0.22998,-1.07153,-0.10205,-4.8855,-4.7786,-8.0000
106786771,0.16211,-0.67041,0.47729,5.4809,-3.7099,-19.4046,-0.22986,-1.07141,-0.10059,-4.4809,-4.4733,-5.7328
106787770,0.18689,-0.70483,0.52869,6.5954,-3.4733,-19.4580,-0.22937,-1.07080,-0.10107,-4.0153,-4.1527,-3.4733
106788771,0.19678,-0.68152,0.53870,6.9695,-3.9008,-19.9771,-0.22876,-1.06921,-0.10095,-3.4885,-3.8168,-1.2290
106789770,0.19690,-0.65747,0.54016,7.5191,-4.3817,-20.1527,-0.22888,-1.06726,-0.09937,-2.9237,-3.4962,0.9924
106790770,0.19910,-0.65698,0.55872,8.1908,-4.6412,-20.0840,-0.22949,-1.06567,-0.09753,-2.3206,-3.2137,3.1908
106791771,0.20325,-0.67139,0.57947,8.5649,-4.9618,-19.9771,-0.22998,-1.06372,-0.09521,-1.6794,-2.9389,5.3664
106792770,0.20862,-0.71094,0.59558,8.5344,-5.2748,-19.8321,-0.22986,-1.06042,-0.09448,-0.9924,-2.6565,7.4809
106793770,0.21729,-0.75220,0.62012,8.1985,-5.4733,-19.9008,-0.22998,-1.05603,-0.09424,-0.2672,-2.3740,9.5496
106794770,0.22583,-0.77417,0.65527,8.0916,-5.6947,-20.1603,-0.23157,-1.05139,-0.09192,0.4733,-2.0840,11.5115
106795770,0.23376,-0.77844,0.67261,7.9695,-6.3282,-20.3511,-0.23267,-1.04761,-0.08838,1.1756,-1.8244,13.3588
106796770,0.23804,-0.75854,0.67773,7.5496,-7.2748,-20.4351,-0.23303,-1.04333,-0.08655,1.8626,-1.5954,15.0840
106797770,0.23328,-0.68494,0.68945,6.9160,-8.4885,-20.7176,-0.23560,-1.03821,-0.08569,2.5191,-1.3969,16.6947
106798770,0.23047,-0.59656,0.72058,7.0763,-9.7405,-20.7557,-0.23926,-1.03333,-0.08496,3.1527,-1.2595,18.1756
106799770,0.24109,-0.57300,0.77527,7.9313,-11.0229,-20.2061,-0.24182,-1.02832,-0.08447,3.7634,-1.1603,19.5115
106800770,0.24683,-0.60571,0.81274,8.7023,-12.6565,-19.6031,-0.24304,-1.02295,-0.08337,4.3588,-1.0611,20.6794
106801770,0.23364,-0.63892,0.77319,8.9160,-14.7328,-19.4351,-0.24377,-1.01746,-0.08276,4.9237,-0.9771,21.7176
106802770,0.20459,-0.66357,0.66370,8.9618,-16.5191,-19.3664,-0.24500,-1.01074,-0.08252,5.4198,-0.9618,22.6183
106803770,0.17590,-0.68518,0.57568,9.1832,-17.1603,-19.2748,-0.24683,-1.00269,-0.08191,5.8473,-1.0305,23.4046
106804770,0.16223,-0.67444,0.54004,9.2977,-17.0153,-19.3359,-0.24927,-0.99487,-0.08093,6.2443,-1.1298,24.0687
106805770,0.15454,-0.65234,0.52100,9.0000,-16.7176,-19.0992,-0.25122,-0.98779,-0.07971,6.6031,-1.2366,24.5649
106806770,0.15088,-0.66699,0.49231,8.1908,-16.3893,-18.3282,-0.25183,-0.98145,-0.07849,6.8855,-1.3511,24.8931
106807770,0.15247,-0.70007,0.45825,7.1679,-15.7710,-17.6794,-0.25159,-0.97510,-0.07788,7.0840,-1.4809,25.0611
106808768,0.15039,-0.69592,0.43176,6.3969,-14.8931,-17.6107,-0.25012,-0.96863,-0.07837,7.2290,-1.6565,25.1374
106809767,0.15063,-0.66248,0.41699,5.9847,-13.8550,-17.6412,-0.24878,-0.96265,-0.07812,7.3664,-1.8550,25.1221
106810771,0.15393,-0.62927,0.42419,5.4962,-12.9466,-17.3435,-0.24841,-0.95703,-0.07727,7.4885,-2.0611,25.0000
106811771,0.16089,-0.60168,0.44995,4.8473,-12.2672,-16.8244,-0.24854,-0.95203,-0.07654,7.5649,-2.2519,24.7481
106812771,0.17664,-0.60706,0.48499,4.6183,-11.7328,-16.1145,-0.24829,-0.94714,-0.07581,7.6336,-2.4504,24.3588
106813770,0.19556,-0.65515,0.53870,5.0305,-11.1145,-15.4962,-0.24817,-0.94226,-0.07446,7.6870,-2.6641,23.8855
106814770,0.21057,-0.68945,0.59680,5.5496,-10.6260,-15.4656,-0.24744,-0.93762,-0.07251,7.7176,-2.8855,23.3206
106815770,0.21558,-0.68030,0.64551,6.0382,-10.4198,-15.7557,-0.24536,-0.93323,-0.07080,7.7405,-3.0840,22.7023
106816767,0.21826,-0.66138,0.66626,6.4427,-10.8092,-15.7634,-0.24365,-0.92859,-0.07031,7.7557,-3.2595,21.9924
106817767,0.22449,-0.65088,0.67175,7.0763,-11.5649,-15.6260,-0.24268,-0.92468,-0.06995,7.7405,-3.4427,21.2443
106818771,0.22900,-0.63538,0.68787,8.1756,-12.5954,-15.7099,-0.24072,-0.92090,-0.06897,7.6947,-3.6183,20.4275
106819771,0.23218,-0.62146,0.70374,9.6260,-13.8855,-15.8626,-0.23755,-0.91675,-0.06860,7.6260,-3.7710,19.5649
106820771,0.23352,-0.63013,0.70007,11.1679,-15.4504,-15.9084,-0.23340,-0.91296,-0.06934,7.5573,-3.8855,18.6794
106821770,0.22717,-0.64136,0.67041,12.8321,-16.8168,-16.1527,-0.22925,-0.91077,-0.07104,7.5191,-3.9389,17.7634
106822770,0.21777,-0.64404,0.64844,14.7328,-17.4046,-16.5496,-0.22583,-0.91016,-0.07104,7.4656,-3.9466,16.8092
106823770,0.20776,-0.62720,0.62207,16.4046,-17.1908,-16.7252,-0.22205,-0.90918,-0.06970,7.3893,-3.9084,15.8244
106824770,0.19604,-0.60864,0.58545,16.5267,-16.9389,-16.5496,-0.21875,-0.90857,-0.06885,7.2977,-3.8168,14.8244
106825770,0.18762,-0.60974,0.54651,17.2672,-16.4733,-16.2290,-0.21594,-0.90869,-0.06812,7.2137,-3.6870,13.8244
106826770,0.18384,-0.63428,0.53125,18.2061,-15.9008,-15.9237,-0.21326,-0.90796,-0.06799,7.1298,-3.5038,12.8168
106827770,0.18469,-0.64673,0.53308,18.4351,-15.6183,-15.7023,-0.21118,-0.90674,-0.06799,7.0534,-3.2748,11.8168
106828770,0.19360,-0.63513,0.54712,17.8626,-15.5878,-15.3969,-0.20923,-0.90588,-0.06787,6.9695,-3.0382,10.8321
106829771,0.19690,-0.62512,0.55920,17.2595,-15.9466,-14.8244,-0.20691,-0.90588,-0.06738,6.8550,-2.7786,9.8702
106830770,0.18738,-0.63147,0.53210,17.0534,-16.5649,-14.1450,-0.20483,-0.90710,-0.06665,6.6718,-2.4809,8.9695
106831770,0.17566,-0.64526,0.47803,17.0382,-16.8168,-13.5115,-0.20325,-0.90906,-0.06641,6.4427,-2.1679,8.0687
106832768,0.17139,-0.66272,0.47083,16.8702,-16.1908,-12.9160,-0.20190,-0.91016,-0.06702,6.1679,-1.8397,7.1756
106833768,0.18237,-0.66980,0.51489,16.2672,-15.3053,-12.4656,-0.20117,-0.91101,-0.06799,5.8397,-1.5267,6.3282
106834772,0.19373,-0.66516,0.55933,15.7099,-14.7786,-12.1221,-0.20142,-0.91187,-0.06824,5.4504,-1.2061,5.5420
106835771,0.19263,-0.66553,0.58386,15.6336,-14.6718,-11.8168,-0.20117,-0.91321,-0.06860,5.0229,-0.8855,4.8550
106836771,0.18726,-0.68542,0.56897,15.7939,-14.8931,-11.4809,-0.20007,-0.91516,-0.07153,4.5725,-0.5802,4.1985
106837771,0.18213,-0.71924,0.51685,15.6718,-15.3435,-11.1832,-0.20093,-0.91858,-0.07764,3.5878,-0.0229,2.9313
106838770,0.17688,-0.74353,0.46094,15.1908,-15.7939,-11.0992,-0.20142,-0.92090,-0.07935,3.0916,0.1832,2.3817
106839770,0.17285,-0.74158,0.43640,14.5954,-16.0229,-11.2519,-0.20129,-0.92358,-0.08203,2.6183,0.3588,1.8550
106840770,0.16602,-0.71924,0.41919,14.0534,-16.2214,-11.3969,-0.20081,-0.92664,-0.08533,2.1679,0.5115,1.3435
106841770,0.14917,-0.69202,0.39490,13.4962,-16.0534,-11.2443,-0.19873,-0.92969,-0.08752,1.7252,0.6565,0.8626
106842770,0.13513,-0.67749,0.38623,12.5420,-15.1527,-10.6641,-0.19629,-0.93237,-0.08936,1.2901,0.8092,0.4198
106843770,0.13623,-0.69006,0.38452,11.1450,-13.7863,-9.7252,-0.19495,-0.93481,-0.09131,0.8931,0.9389,0.0382
106844768,0.13843,-0.71655,0.37024,9.8244,-12.4580,-8.8550,-0.19421,-0.93762,-0.09351,0.5344,1.0611,-0.3130
106845766,0.13477,-0.70935,0.34790,8.7328,-11.2595,-8.5267,-0.19275,-0.94006,-0.09521,0.2061,1.1374,-0.6489
106846769,0.13135,-0.66370,0.34900,7.9618,-10.0840,-8.2901,-0.19067,-0.94202,-0.09644,-0.1221,1.1908,-0.9542
106847767,0.13379,-0.62988,0.38379,7.4885,-9.1145,-7.6107,-0.18909,-0.94312,-0.09680,-0.4198,1.2443,-1.2366
106848771,0.14990,-0.63147,0.42896,7.1374,-8.5267,-6.6870,-0.18750,-0.94373,-0.09656,-0.7023,1.2901,-1.5115
106849770,0.16638,-0.65100,0.45349,6.8779,-8.3130,-6.0382,-0.18640,-0.94495,-0.09753,-0.9847,1.3282,-1.7863
106850770,0.16772,-0.67041,0.43872,6.8473,-8.1908,-5.7328,-0.18665,-0.94653,-0.09863,-1.2672,1.3588,-2.0611
106851770,0.16138,-0.67859,0.40820,6.9008,-7.7710,-5.5878,-0.18774,-0.94800,-0.09851,-1.5802,1.3817,-2.3206
106852771,0.15710,-0.66724,0.40259,6.5878,-6.9695,-5.3435,-0.18835,-0.94934,-0.09790,-1.8931,1.4198,-2.5802
106853771,0.16968,-0.65906,0.43127,5.7557,-6.0382,-4.6718,-0.18811,-0.95068,-0.09680,-2.1832,1.4580,-2.8244
106854770,0.20715,-0.68445,0.48279,4.5725,-5.3053,-3.5725,-0.18762,-0.95203,-0.09546,-2.4656,1.4885,-3.0840
106855770,0.23694,-0.73987,0.53528,3.2901,-5.0687,-2.5115,-0.18799,-0.95312,-0.09485,-2.7328,1.4962,-3.3817
106856770,0.24902,-0.76855,0.56860,1.7252,-5.1603,-2.0305,-0.18933,-0.95386,-0.09460,-2.9924,1.4809,-3.6718
106857768,0.24939,-0.73535,0.57788,-0.0687,-5.3359,-1.8855,-0.19080,-0.95459,-0.09448,-3.2595,1.4733,-3.9695
106858768,0.23279,-0.69409,0.59509,-1.4275,-5.3969,-1.3206,-0.19226,-0.95508,-0.09399,-3.5038,1.4733,-4.2672
106859771,0.23157,-0.72058,0.61035,-2.1374,-5.5115,-0.0687,-0.19373,-0.95605,-0.09326,-3.7405,1.5038,-4.6107
106860771,0.25366,-0.80396,0.62573,-2.4351,-5.4504,1.0229,-0.19507,-0.95752,-0.09326,-3.9618,1.5496,-4.9542
106861771,0.27832,-0.85168,0.67346,-2.7023,-5.1527,0.9847,-0.19580,-0.95813,-0.09375,-4.1908,1.6336,-5.3206
106862771,0.29419,-0.83020,0.71887,-2.9237,-5.1985,0.2595,-0.19653,-0.95764,-0.09399,-4.4046,1.7252,-5.7023
106863770,0.29565,-0.79785,0.71680,-2.8550,-5.9237,-0.0992,-0.19763,-0.95667,-0.09460,-4.5802,1.7939,-6.0840
106864770,0.28943,-0.78931,0.69043,-2.6260,-6.6870,-0.0763,-0.19946,-0.95581,-0.09534,-4.7710,1.8779,-6.4733
106865770,0.29150,-0.79199,0.69788,-2.4656,-7.1221,-0.1527,-0.20081,-0.95544,-0.09497,-4.9771,1.9695,-6.8855
106866768,0.30225,-0.80005,0.72742,-2.5496,-7.7099,-0.3740,-0.20142,-0.95532,-0.09399,-5.1756,2.0763,-7.3435
106867768,0.30737,-0.82739,0.75049,-2.5496,-8.7099,-0.5191,-0.20178,-0.95593,-0.09351,-5.3893,2.1985,-7.8168
106868771,0.30615,-0.85522,0.74390,-2.8931,-9.8931,-0.7328,-0.20239,-0.95752,-0.09241,-5.5878,2.2977,-8.2977
106869770,0.29382,-0.85767,0.70459,-3.7176,-10.8092,-0.9389,-0.20349,-0.95935,-0.09204,-5.7176,2.3969,-8.7557
106870770,0.27173,-0.84839,0.64990,-4.5496,-11.3130,-0.9084,-0.20532,-0.96057,-0.09167,-5.8092,2.4962,-9.1756
106871770,0.25635,-0.83740,0.59924,-5.0763,-11.2672,-0.6794,-0.20654,-0.96155,-0.08972,-5.9008,2.5954,-9.5878
106872770,0.25281,-0.83606,0.58923,-5.1374,-10.6718,-0.3588,-0.20630,-0.96326,-0.08777,-6.0000,2.7099,-10.0305
106873770,0.25732,-0.84937,0.60413,-5.0840,-10.0992,-0.1145,-0.20630,-0.96497,-0.08594,-6.0763,2.8092,-10.4733
106874770,0.26465,-0.87024,0.63184,-5.0992,-9.7252,-0.0763,-0.20740,-0.96606,-0.08350,-6.1145,2.9084,-10.8626
106875770,0.27100,-0.88721,0.66284,-5.2443,-9.7099,-0.3130,-0.20959,-0.96802,-0.08289,-6.1527,3.0305,-11.1985
106876770,0.27539,-0.89783,0.67004,-5.3435,-10.0763,-0.7634,-0.21179,-0.97021,-0.08411,-6.2214,3.1679,-11.5038
106877767,0.27246,-0.90247,0.66626,-5.3740,-10.6947,-1.3664,-0.21350,-0.97156,-0.08521,-6.2595,3.3053,-11.8015
106878772,0.26697,-0.89148,0.67188,-5.5038,-11.3588,-2.0611,-0.21545,-0.97302,-0.08557,-6.2672,3.4275,-12.0763
106879771,0.26917,-0.89636,0.68494,-5.5496,-12.1756,-2.4809,-0.21765,-0.97522,-0.08508,-6.2824,3.5420,-12.3282
106880770,0.26868,-0.92688,0.68518,-5.7099,-13.0763,-2.7481,-0.21997,-0.97778,-0.08472,-6.3053,3.6183,-12.4809
106881771,0.25623,-0.95178,0.66394,-5.8092,-13.9008,-3.1985,-0.22290,-0.98096,-0.08435,-6.3435,3.6641,-12.5649
106882770,0.24573,-0.95300,0.63501,-5.8015,-14.2824,-3.8855,-0.22656,-0.98413,-0.08337,-6.3740,3.7023,-12.5954
106883770,0.23523,-0.93420,0.60693,-5.8626,-14.4198,-4.4504,-0.23022,-0.98694,-0.08350,-6.3893,3.7252,-12.5649
106884770,0.21838,-0.90247,0.58337,-6.0229,-14.4656,-4.8855,-0.23303,-0.98938,-0.08447,-6.4046,3.7099,-12.4656
106885767,0.21265,-0.86694,0.56482,-6.1908,-14.4504,-5.1756,-0.23486,-0.99182,-0.08533,-6.4198,3.6794,-12.3282
106886766,0.21484,-0.86438,0.56750,-6.0153,-14.3435,-5.1756,-0.23645,-0.99414,-0.08594,-6.4198,3.6336,-12.1450
106887771,0.21362,-0.89307,0.56921,-5.9771,-14.5191,-5.2595,-0.23804,-0.99622,-0.08521,-6.4122,3.5420,-11.9237
106888771,0.21082,-0.91003,0.54883,-6.4351,-14.8015,-5.7405,-0.23938,-0.99792,-0.08435,-6.3817,3.4351,-11.6641
106889771,0.20471,-0.90393,0.52710,-7.0992,-14.9466,-6.2977,-0.24109,-0.99890,-0.08472,-6.3206,3.2977,-11.3435
106890771,0.19690,-0.88818,0.51489,-7.6336,-14.8092,-6.6947,-0.24341,-1.00012,-0.08508,-6.2366,3.1298,-10.9771
106891771,0.19263,-0.86279,0.51050,-7.9924,-14.5496,-6.9695,-0.24487,-1.00110,-0.08545,-6.1221,2.9389,-10.5802
106892771,0.19189,-0.83704,0.50439,-8.1679,-14.2214,-7.0763,-0.24561,-1.00122,-0.08484,-6.0229,2.7176,-10.1603
106893771,0.19128,-0.83459,0.51147,-8.1221,-13.7710,-6.9695,-0.24585,-1.00085,-0.08386,-5.9466,2.4809,-9.7099
106894771,0.19836,-0.83435,0.55090,-8.1832,-13.1221,-7.0458,-0.24548,-1.00122,-0.08350,-5.8550,2.2443,-9.2366
106895771,0.21753,-0.82275,0.61316,-8.0916,-12.6947,-7.2977,-0.24597,-1.00208,-0.08240,-5.7176,1.9924,-8.7481
106896770,0.22791,-0.82007,0.65564,-7.7710,-13.0076,-7.5038,-0.24744,-1.00354,-0.08215,-5.5573,1.7252,-8.2443
106897770,0.22668,-0.81799,0.64905,-7.5496,-13.9618,-7.7710,-0.24976,-1.00623,-0.08325,-5.3893,1.4809,-7.7176
106898770,0.22815,-0.79907,0.64185,-7.3053,-14.7939,-8.1908,-0.25171,-1.00977,-0.08459,-5.2214,1.2672,-7.1527
106899768,0.22986,-0.77185,0.66003,-7.0916,-15.6489,-8.4809,-0.25232,-1.01245,-0.08643,-5.0458,1.0534,-6.5573
106900766,0.22546,-0.75977,0.65442,-7.0916,-16.8397,-8.4198,-0.25293,-1.01465,-0.08643,-4.8397,0.8397,-5.9160
106901769,0.21448,-0.75488,0.62268,-7.2137,-17.9008,-8.2366,-0.25366,-1.01733,-0.08411,-4.6183,0.6260,-5.2137
106902771,0.20996,-0.74048,0.61743,-7.1832,-18.1221,-8.1145,-0.25500,-1.01965,-0.08240,-4.4122,0.4198,-4.4122
106903771,0.21265,-0.70679,0.63220,-7.3893,-18.0076,-7.9160,-0.25671,-1.02161,-0.08191,-4.1985,0.2519,-3.5420
106904770,0.20618,-0.67676,0.62671,-7.6412,-18.0305,-7.3511,-0.25818,-1.02295,-0.08179,-3.9771,0.0687,-2.6107
106905771,0.20264,-0.68164,0.61426,-7.7557,-18.0687,-6.4733,-0.26050,-1.02405,-0.08093,-3.7557,-0.1069,-1.6565
106906770,0.21094,-0.70911,0.61072,-7.9618,-18.1679,-5.6565,-0.26270,-1.02454,-0.07983,-3.5344,-0.2672,-0.6718
106907767,0.21313,-0.71570,0.60901,-8.4427,-18.5191,-5.3130,-0.26416,-1.02417,-0.07837,-3.3511,-0.4427,0.3740
106908771,0.21497,-0.69385,0.61267,-8.6641,-18.9160,-5.2672,-0.26550,-1.02344,-0.07581,-3.2061,-0.6336,1.4809
106909771,0.22046,-0.67493,0.64014,-8.5267,-19.2061,-5.0992,-0.26709,-1.02173,-0.07336,-3.0840,-0.8321,2.5954
106910771,0.22095,-0.68225,0.66052,-8.3053,-19.7099,-4.6565,-0.26880,-1.01941,-0.07104,-2.9847,-1.0000,3.6794
106911770,0.21936,-0.70898,0.64771,-8.3206,-20.2443,-4.2519,-0.26941,-1.01697,-0.06848,-2.9008,-1.1985,4.7328
106912770,0.21582,-0.73083,0.62988,-8.3588,-20.4962,-4.0916,-0.26953,-1.01477,-0.06628,-2.7939,-1.4275,5.7023
106913770,0.21460,-0.73218,0.63196,-8.2443,-20.4885,-4.1832,-0.26990,-1.01270,-0.06604,-2.6489,-1.6641,6.6412
106914770,0.22327,-0.71448,0.66077,-7.7786,-20.4809,-4.2901,-0.26965,-1.00989,-0.06677,-2.4962,-1.8550,7.5344
106915768,0.23242,-0.69543,0.70056,-7.1679,-20.8626,-4.2214,-0.26880,-1.00671,-0.06750,-2.3588,-2.0305,8.3817
106916766,0.23828,-0.70264,0.73071,-6.6489,-21.7405,-3.9008,-0.26758,-1.00391,-0.06836,-2.1908,-2.2290,9.1450
106917771,0.24780,-0.73853,0.75110,-6.2824,-22.8244,-3.6183,-0.26538,-1.00208,-0.06897,-1.9847,-2.4427,9.8244
106918771,0.25049,-0.76660,0.75964,-5.9924,-24.0458,-3.7481,-0.26331,-1.00085,-0.06860,-1.7328,-2.6641,10.4580
106919770,0.24268,-0.76147,0.76245,-5.8626,-25.1985,-4.2137,-0.26233,-0.99963,-0.06714,-1.4504,-2.8931,11.0076
106920770,0.23108,-0.73767,0.75269,-5.8626,-26.3588,-4.4733,-0.26160,-0.99792,-0.06543,-1.1450,-3.1374,11.4962
106921770,0.22180,-0.72278,0.74219,-5.7176,-27.2672,-4.4046,-0.26086,-0.99573,-0.06421,-0.8397,-3.3740,11.8931
106922768,0.21790,-0.70947,0.74243,-5.6641,-27.9695,-4.2824,-0.26038,-0.99329,-0.06421,-0.5344,-3.6336,12.1908
106923772,0.21570,-0.70483,0.73254,-5.6870,-28.7023,-4.0229,-0.25867,-0.99011,-0.06458,-0.2672,-3.8931,12.3969
106924771,0.20911,-0.72217,0.69385,-5.6107,-29.5954,-3.6260,-0.25574,-0.98669,-0.06506,-0.0229,-4.1679,12.5344
106925771,0.19910,-0.73560,0.63367,-5.4962,-30.4198,-3.4275,-0.25403,-0.98291,-0.06543,0.2290,-4.4427,12.6031
106926770,0.18665,-0.72827,0.57922,-5.5802,-30.9771,-3.3817,-0.25305,-0.97876,-0.06409,0.4656,-4.7023,12.6031
106927770,0.17786,-0.72375,0.54504,-5.7252,-31.1145,-3.1527,-0.25122,-0.97412,-0.06213,0.6641,-4.9618,12.5344
106928770,0.17334,-0.72668,0.52722,-5.9313,-30.9542,-2.9084,-0.24841,-0.97034,-0.06140,0.7863,-5.2290,12.4351
106929770,0.16492,-0.71936,0.50220,-6.3053,-30.6183,-2.8397,-0.24548,-0.96729,-0.06287,0.8779,-5.4962,12.2977
106930771,0.15198,-0.71667,0.45618,-6.7328,-30.0229,-2.6641,-0.24341,-0.96362,-0.06506,0.9389,-5.7481,12.1145
106931770,0.13647,-0.73364,0.40735,-7.1527,-28.9542,-2.3588,-0.24194,-0.96045,-0.06519,1.0000,-5.9847,11.8779
106932771,0.13196,-0.74707,0.38818,-7.6718,-27.3511,-2.2519,-0.23950,-0.95789,-0.06470,1.0840,-6.2137,11.5496
106933770,0.14062,-0.74390,0.40820,-8.1069,-25.6412,-2.2824,-0.23682,-0.95532,-0.06384,1.1679,-6.4427,11.1527
106934770,0.15369,-0.73767,0.46509,-8.1985,-24.2214,-2.2595,-0.23376,-0.95105,-0.06140,1.3435,-6.7863,10.2366
106935770,0.17456,-0.73047,0.53027,-8.0992,-23.4275,-2.2443,-0.23242,-0.94922,-0.06165,1.4275,-6.9008,9.7557
106936770,0.19470,-0.74182,0.57715,-7.6718,-23.3435,-2.1145,-0.23047,-0.94714,-0.06165,1.5191,-7.0076,9.2443
106937770,0.20593,-0.78333,0.60034,-7.0611,-23.8168,-1.9847,-0.22791,-0.94519,-0.06177,1.6336,-7.0916,8.6718
106938768,0.21582,-0.81409,0.61621,-6.5649,-24.4580,-2.2824,-0.22546,-0.94360,-0.06201,1.7252,-7.1374,8.0687
106939768,0.21948,-0.78979,0.63000,-6.3282,-25.3359,-3.0534,-0.22375,-0.94238,-0.06238,1.7557,-7.1527,7.4580
106940768,0.21179,-0.73706,0.63489,-6.0229,-26.3206,-3.6107,-0.22278,-0.94177,-0.06201,1.7328,-7.1374,6.8321
106941772,0.20752,-0.71838,0.63452,-5.6641,-27.1756,-3.5115,-0.22107,-0.94226,-0.06177,1.6794,-7.1145,6.1908
106942771,0.20459,-0.73914,0.61548,-5.6412,-27.8550,-3.0992,-0.21875,-0.94312,-0.06335,1.6183,-7.0534,5.5344
106943771,0.19409,-0.77124,0.58582,-5.9466,-28.0840,-2.8473,-0.21802,-0.94348,-0.06506,1.5344,-6.9542,4.9237
106944770,0.18823,-0.78748,0.56555,-6.3740,-27.7481,-2.8626,-0.21765,-0.94299,-0.06531,1.4275,-6.8321,4.3282
106945770,0.19336,-0.77515,0.56506,-6.8321,-27.0763,-2.9466,-0.21716,-0.94287,-0.06494,1.2901,-6.7023,3.7176
106946770,0.19812,-0.74390,0.57764,-7.3130,-26.6031,-2.8626,-0.21692,-0.94470,-0.06482,1.1069,-6.5649,3.1145
106947770,0.20190,-0.73218,0.57153,-7.7023,-26.5954,-2.3817,-0.21631,-0.94641,-0.06494,0.8855,-6.4427,2.5573
106948771,0.20203,-0.75525,0.54077,-8.0534,-26.8397,-1.7405,-0.21497,-0.94727,-0.06604,0.6641,-6.3282,2.0229
106949770,0.20068,-0.77478,0.52295,-8.3435,-26.8473,-1.5344,-0.21350,-0.94861,-0.06799,0.4351,-6.2137,1.5038
106950770,0.20874,-0.77332,0.52576,-8.4351,-26.6947,-1.6641,-0.21265,-0.95007,-0.07043,0.1908,-6.0916,1.0305
106951770,0.21033,-0.77576,0.52222,-8.4275,-26.7328,-1.6412,-0.21191,-0.95105,-0.07349,-0.0763,-5.9542,0.5878
106952770,0.20239,-0.78125,0.51025,-8.5649,-26.7710,-1.5496,-0.21118,-0.95251,-0.07617,-0.3588,-5.7863,0.1527
106953770,0.20044,-0.77295,0.51331,-8.7023,-26.3282,-1.6183,-0.21057,-0.95398,-0.07776,-0.6412,-5.6336,-0.2519
106954770,0.21313,-0.77393,0.55957,-8.0992,-25.0611,-1.7023,-0.20911,-0.95532,-0.07886,-0.8855,-5.5191,-0.6183
106955768,0.20996,-0.79395,0.54309,-7.7557,-25.0916,-1.8168,-0.20679,-0.95691,-0.08020,-1.0992,-5.4198,-0.9847
106956768,0.19873,-0.82092,0.49280,-7.6870,-25.3435,-1.9771,-0.20532,-0.95850,-0.08081,-1.3053,-5.2824,-1.3282
106957768,0.19116,-0.83704,0.45642,-7.7710,-25.2443,-2.2672,-0.20374,-0.95984,-0.08167,-1.4962,-5.0916,-1.6336
106958768,0.18469,-0.81116,0.45068,-7.9389,-24.9084,-2.7863,-0.20239,-0.96021,-0.08313,-1.6794,-4.8855,-1.9008
106959772,0.17712,-0.77124,0.45288,-7.8931,-24.4122,-2.9924,-0.20215,-0.95984,-0.08423,-1.8855,-4.7099,-2.1450
106960771,0.17847,-0.77502,0.45679,-7.7863,-23.6794,-2.5573,-0.20117,-0.95996,-0.08484,-2.1069,-4.5573,-2.3588
106961771,0.17798,-0.81104,0.45630,-8.0611,-22.7939,-2.0687,-0.19958,-0.95972,-0.08618,-2.3053,-4.4122,-2.5878
106962771,0.16870,-0.81787,0.43250,-8.9008,-22.0000,-2.1145,-0.19873,-0.95935,-0.08813,-2.4809,-4.2519,-2.8244
106963770,0.15820,-0.79211,0.39685,-9.5344,-21.1450,-2.3359,-0.19836,-0.95862,-0.08838,-2.6489,-4.0534,-3.0305
106964770,0.15369,-0.77307,0.39734,-9.5038,-20.1221,-2.3588,-0.19775,-0.95764,-0.08887,-2.7939,-3.8397,-3.2595
106965770,0.16150,-0.76672,0.43103,-9.2061,-19.2901,-2.3206,-0.19666,-0.95667,-0.08972,-2.9160,-3.6412,-3.4809
106966770,0.16992,-0.76831,0.46289,-8.9466,-18.9847,-2.3359,-0.19604,-0.95618,-0.08911,-3.0229,-3.4427,-3.7176
106967770,0.16882,-0.77808,0.47314,-8.8473,-18.9466,-2.4504,-0.19592,-0.95691,-0.08862,-3.1069,-3.2366,-3.9618
106968770,0.16675,-0.78540,0.46887,-8.7634,-18.7099,-2.6565,-0.19641,-0.95776,-0.08887,-3.1756,-3.0305,-4.2519
106969770,0.15930,-0.78418,0.45190,-8.5496,-18.2901,-2.8626,-0.19739,-0.95862,-0.08850,-3.2824,-2.8168,-4.5496
106970768,0.14807,-0.77527,0.43091,-8.4733,-17.6031,-2.9466,-0.19763,-0.95984,-0.08850,-3.4351,-2.5802,-4.8244
106971768,0.14307,-0.75647,0.42737,-8.7328,-16.6870,-2.9237,-0.19727,-0.96008,-0.08936,-3.6031,-2.3359,-5.1145
106972772,0.14697,-0.74072,0.44800,-8.9695,-15.7710,-2.7481,-0.19727,-0.95898,-0.08911,-3.7481,-2.0534,-5.4351
106973771,0.16223,-0.75220,0.49658,-8.9313,-14.9847,-2.4275,-0.19702,-0.95837,-0.08838,-3.8931,-1.7710,-5.8015
106974771,0.18164,-0.77991,0.54675,-8.9313,-14.6794,-2.2214,-0.19653,-0.95886,-0.08777,-4.0611,-1.4885,-6.1908
106975770,0.18652,-0.78967,0.55920,-9.1679,-15.0153,-2.3817,-0.19641,-0.95898,-0.08740,-4.2519,-1.1985,-6.6107
106976770,0.17896,-0.77417,0.54138,-9.3893,-15.5725,-2.6870,-0.19580,-0.95923,-0.08752,-4.4656,-0.8931,-7.0229
106977768,0.17151,-0.75781,0.52063,-9.3282,-15.9695,-2.7481,-0.19470,-0.95972,-0.08716,-4.6641,-0.5802,-7.4580
106978772,0.16431,-0.75220,0.51843,-9.0840,-16.0992,-2.6031,-0.19385,-0.95923,-0.08630,-4.8626,-0.2595,-7.9160
106979771,0.16907,-0.75305,0.54419,-8.8397,-15.9466,-2.4427,-0.19348,-0.95837,-0.08582,-5.0687,0.0763,-8.3893
106980770,0.18250,-0.76648,0.57605,-8.7023,-15.7710,-2.2824,-0.19324,-0.95789,-0.08545,-5.2672,0.4122,-8.8855
106981770,0.18469,-0.78394,0.58569,-8.7786,-15.7099,-2.2366,-0.19299,-0.95752,-0.08521,-5.4198,0.7252,-9.4046
106982770,0.17798,-0.78503,0.55225,-9.0763,-15.7176,-2.4046,-0.19214,-0.95728,-0.08557,-5.5725,1.0840,-9.9618
106983768,0.17358,-0.77502,0.51416,-9.2214,-15.4656,-2.5954,-0.19104,-0.95667,-0.08557,-5.7405,1.4351,-10.5649
106984771,0.17664,-0.76428,0.51111,-9.3053,-15.1145,-2.7023,-0.19006,-0.95532,-0.08521,-5.9008,1.7786,-11.1985
106985771,0.18054,-0.74414,0.53027,-9.3282,-15.0458,-2.8626,-0.18945,-0.95312,-0.08484,-6.0305,2.1298,-11.8168
106986771,0.18298,-0.72449,0.54053,-9.2061,-15.3359,-2.9542,-0.18884,-0.95142,-0.08289,-6.1298,2.4962,-12.4656
106987770,0.18689,-0.72705,0.53931,-8.9618,-15.5573,-2.8397,-0.18823,-0.94983,-0.08142,-6.2366,2.8702,-13.1756
106988768,0.18188,-0.74561,0.53088,-8.7710,-15.7099,-2.6336,-0.18884,-0.94824,-0.08057,-6.3740,3.2672,-13.9084
106989768,0.17114,-0.74841,0.49756,-8.9084,-15.6794,-2.5878,-0.18945,-0.94666,-0.07874,-6.5191,3.6565,-14.6412
106990768,0.16125,-0.72827,0.46790,-9.1527,-15.2366,-2.5496,-0.18958,-0.94446,-0.07788,-6.6718,4.0611,-15.4046
106991771,0.15723,-0.69849,0.47925,-9.2672,-14.4351,-2.4122,-0.19019,-0.94189,-0.07812,-6.8244,4.4504,-16.2137
106992771,0.16187,-0.68054,0.51111,-9.1985,-13.8702,-2.0076,-0.19104,-0.93994,-0.07861,-6.9771,4.8321,-17.0840
106993771,0.16663,-0.69800,0.52319,-9.0992,-13.7481,-1.4122,-0.19202,-0.93921,-0.07800,-7.1298,5.2214,-17.9847
106994771,0.16895,-0.73730,0.52393,-9.1527,-13.7634,-1.0229,-0.19385,-0.93811,-0.07666,-7.2595,5.6183,-18.9313
106995770,0.17444,-0.76257,0.54578,-9.1985,-13.5725,-1.0992,-0.19531,-0.93530,-0.07520,-7.3817,6.0382,-19.9084
106996770,0.17932,-0.75854,0.56885,-9.1374,-13.5954,-1.4046,-0.19653,-0.93164,-0.07349,-7.4809,6.4962,-20.9389
106997768,0.17627,-0.73718,0.58301,-8.9771,-13.8321,-1.6794,-0.19836,-0.92822,-0.07178,-7.6031,6.9542,-22.0229
106998771,0.16760,-0.70654,0.57715,-8.9695,-14.4046,-1.8244,-0.20032,-0.92444,-0.07056,-7.7634,7.4122,-23.1450
106999771,0.15393,-0.69080,0.54456,-8.8244,-14.9542,-1.7328,-0.20264,-0.91956,-0.06909,-7.9160,7.8855,-24.3435
107000770,0.14807,-0.70569,0.52246,-8.5496,-15.1069,-1.4580,-0.20544,-0.91492,-0.06750,-8.0534,8.3511,-25.6107
107001770,0.15308,-0.72961,0.53259,-8.3359,-14.8931,-1.3206,-0.20935,-0.91248,-0.06641,-8.1756,8.8015,-26.9924
107002767,0.15845,-0.72876,0.54443,-8.3893,-14.8550,-1.4504,-0.21277,-0.91101,-0.06567,-8.2901,9.2214,-28.4656
107003772,0.15405,-0.70142,0.52295,-8.4275,-15.0458,-1.5420,-0.21533,-0.90906,-0.06396,-8.3588,9.6641,-30.0458
107004771,0.14087,-0.67285,0.49951,-8.3282,-15.0840,-1.3435,-0.21814,-0.90747,-0.06274,-8.4046,10.1221,-31.7176
107005771,0.13354,-0.65784,0.48132,-8.4427,-14.9695,-0.8931,-0.22046,-0.90686,-0.06201,-8.4504,10.5573,-33.4885
107006770,0.13501,-0.66455,0.46985,-8.6107,-14.7176,-0.3130,-0.22217,-0.90735,-0.06042,-8.5115,10.9237,-35.3435
107007770,0.13538,-0.68042,0.46594,-8.6870,-14.4962,0.0840,-0.22302,-0.90771,-0.05762,-8.5954,11.2443,-37.2977
107008770,0.13135,-0.68030,0.45911,-8.6565,-14.2595,0.1603,-0.22278,-0.90723,-0.05249,-8.6870,11.5115,-39.3588
107009770,0.12537,-0.66321,0.44055,-8.6412,-13.9924,0.1985,-0.22205,-0.90674,-0.04675,-8.8626,11.7405,-41.5267
107010770,0.12256,-0.65027,0.43091,-8.6336,-13.4198,0.4656,-0.22119,-0.90686,-0.04211,-9.1298,11.9389,-43.8015
107011770,0.12659,-0.64282,0.44202,-8.7481,-12.7786,0.8473,-0.21985,-0.90649,-0.03772,-9.4809,12.1069,-46.1603
107012767,0.13049,-0.63538,0.44543,-8.7939,-12.3435,1.1679,-0.21777,-0.90637,-0.03271,-9.8779,12.2290,-48.6336
107013772,0.13135,-0.63953,0.44604,-8.4351,-11.9542,1.4962,-0.21606,-0.90637,-0.02734,-10.3435,12.3206,-51.2061
107014771,0.13367,-0.66272,0.46191,-7.8321,-11.4809,1.8168,-0.21399,-0.90540,-0.02344,-10.8626,12.3435,-53.8855
107015771,0.14771,-0.69543,0.49939,-7.3893,-11.0076,2.1145,-0.21057,-0.90393,-0.02002,-11.4504,12.2824,-56.7023
107016771,0.16492,-0.71936,0.53210,-7.3359,-10.9771,2.2901,-0.20740,-0.90149,-0.01611,-12.0840,12.1679,-59.6641
107017771,0.16235,-0.71033,0.53528,-7.4733,-11.3588,2.2061,-0.20496,-0.89880,-0.01343,-12.7710,11.9847,-62.7481
107018770,0.15161,-0.67200,0.51245,-7.3969,-11.6947,2.0305,-0.20154,-0.89587,-0.01111,-13.4427,11.7099,-65.9466
107019770,0.14954,-0.65393,0.50134,-6.9466,-11.6031,2.2595,-0.19739,-0.89185,-0.00818,-14.0840,11.3893,-69.3206
107020770,0.15015,-0.68176,0.51355,-6.6947,-11.4122,2.7786,-0.19324,-0.88635,-0.00476,-14.6794,11.0000,-72.8855
107021771,0.15601,-0.71619,0.51550,-7.0076,-11.3435,3.0382,-0.18872,-0.88000,-0.00012,-15.2595,10.5420,-76.6565
107022771,0.16541,-0.72375,0.51721,-7.3130,-11.0992,2.9084,-0.18372,-0.87292,0.00427,-15.8397,10.0687,-80.5802
107023771,0.16907,-0.70081,0.53516,-7.3359,-10.7099,2.6947,-0.17749,-0.86462,0.00671,-16.4122,9.5954,-84.7328
107024770,0.16797,-0.66785,0.53894,-7.2748,-10.5649,2.7939,-0.17065,-0.85620,0.00891,-16.9466,9.1145,-89.0763
107025770,0.17249,-0.66199,0.52502,-7.1069,-10.5191,3.3359,-0.16357,-0.84839,0.01270,-17.4885,8.6107,-93.5344
107026770,0.18030,-0.69043,0.52795,-6.7405,-10.3740,3.9389,-0.15369,-0.84204,0.01929,-18.0382,8.1298,-98.1756
107027770,0.18921,-0.71973,0.54431,-6.3817,-10.3511,4.1450,-0.14185,-0.83704,0.02881,-18.5267,7.7405,-103.0229
107028770,0.19702,-0.72974,0.53687,-6.1679,-10.5954,4.0840,-0.13013,-0.83179,0.03699,-18.9084,7.4962,-108.0305
107029771,0.19202,-0.73279,0.52417,-5.9618,-10.7557,4.0840,-0.11011,-0.81653,0.04578,-19.5649,7.2977,-118.3969
107030770,0.18713,-0.72791,0.52405,-6.0458,-10.6794,4.1374,-0.10352,-0.80627,0.04712,-20.0229,7.2595,-123.7863
107031771,0.18799,-0.72168,0.52405,-6.2290,-10.4198,4.2901,-0.09875,-0.79309,0.04541,-20.6489,7.2366,-129.3435
107032771,0.18604,-0.73401,0.53137,-6.2519,-10.0534,4.5038,-0.09351,-0.78052,0.04248,-21.4885,7.2137,-135.0534
107033771,0.18506,-0.75195,0.54041,-6.3893,-9.7481,4.5496,-0.08826,-0.76978,0.03943,-22.4962,7.1679,-140.9542
107034770,0.18701,-0.76318,0.55188,-6.5725,-9.4733,4.4962,-0.08240,-0.76074,0.03552,-23.6260,7.1069,-147.0534
107035770,0.19373,-0.76855,0.57373,-6.7176,-9.2137,4.4504,-0.07483,-0.75439,0.03003,-24.8168,7.0305,-153.3282
107036770,0.20557,-0.76440,0.60999,-6.8321,-9.1298,4.3740,-0.06592,-0.74963,0.02441,-26.0840,6.9771,-159.7481
107037770,0.21204,-0.75281,0.62695,-7.0458,-9.6107,4.3282,-0.05603,-0.74487,0.01929,-27.4275,6.9389,-166.3130
107038768,0.20898,-0.75073,0.61609,-6.9771,-10.3053,4.4504,-0.04419,-0.74072,0.01624,-28.8550,6.9084,-173.0458
107039768,0.20300,-0.75769,0.60132,-6.7176,-10.8626,4.5344,-0.02905,-0.73767,0.01599,-30.4275,6.9008,-179.9008
107040771,0.19800,-0.75293,0.59338,-6.5573,-11.1603,4.4733,-0.01294,-0.73206,0.01562,-32.1603,6.9924,-186.8321
107041771,0.19495,-0.74792,0.59460,-6.3664,-11.3282,4.5267,0.00208,-0.72437,0.01331,-34.0687,7.1985,-193.7863
107042771,0.19214,-0.75134,0.59473,-6.2214,-11.5191,4.6718,0.01550,-0.71667,0.00818,-36.2214,7.4809,-200.7939
107043771,0.19202,-0.75269,0.59265,-6.2977,-11.5878,4.7405,0.02905,-0.70959,0.00122,-38.6260,7.7786,-207.8779
107044770,0.19080,-0.75024,0.58081,-6.4733,-11.6489,4.7863,0.04297,-0.70361,-0.00732,-41.1985,8.0305,-215.0992
107045770,0.18359,-0.75452,0.55774,-6.5191,-11.7710,4.8626,0.05481,-0.69617,-0.01697,-43.8779,8.2061,-222.4504
107046770,0.17993,-0.76221,0.53674,-6.5573,-11.7939,4.8397,0.06665,-0.68823,-0.02722,-46.6641,8.2519,-229.9389
107047770,0.18579,-0.76782,0.53943,-6.5344,-11.5267,4.7405,0.07898,-0.68225,-0.03723,-49.5115,8.2214,-237.5038
107048770,0.19580,-0.77283,0.56860,-6.4351,-11.1908,4.6412,0.09094,-0.67627,-0.04712,-52.3893,8.1679,-245.1603
107049771,0.20215,-0.76477,0.58630,-6.5267,-11.1069,4.4809,0.10449,-0.67236,-0.05737,-55.2137,8.0153,-250.1374
107050770,0.19568,-0.74255,0.56555,-6.7939,-11.2672,4.4046,0.11938,-0.67102,-0.06934,-57.8473,7.7176,-250.1374
107051770,0.18518,-0.73108,0.52942,-6.9160,-11.2366,4.6031,0.13440,-0.66870,-0.08105,-60.3053,7.3206,-250.1374
107052770,0.18774,-0.73962,0.51526,-6.7939,-10.9008,4.9160,0.14990,-0.66724,-0.09180,-62.6260,6.8855,-250.1374
107053770,0.19031,-0.75098,0.53870,-6.5344,-10.5725,5.0534,0.16675,-0.66907,-0.10376,-64.7481,6.4580,-250.1374
107054770,0.16162,-0.75708,0.55029,-6.2977,-10.8244,5.0992,0.18384,-0.67322,-0.11584,-66.5878,6.0153,-250.1374
107055771,0.09460,-0.76257,0.52466,-6.2748,-11.2366,5.2366,0.19995,-0.67651,-0.12695,-68.1450,5.5725,-250.1374
107056771,0.05603,-0.80591,0.54236,-6.1908,-10.6641,5.7557,0.21570,-0.68066,-0.13721,-69.4351,5.1374,-250.1374
107057771,0.07422,-0.88232,0.60828,-6.6794,-10.0229,6.3206,0.23132,-0.68640,-0.14661,-70.4275,4.7328,-250.1374
107058771,0.08386,-0.93506,0.58093,-7.8244,-10.8855,6.2748,0.24634,-0.69177,-0.15442,-71.0534,4.4198,-250.1374
107059771,0.07935,-0.90564,0.44189,-9.0992,-12.1450,5.2824,0.26123,-0.70056,-0.16248,-71.2061,4.2290,-250.1374
107060771,0.08118,-0.79895,0.34973,-9.6489,-12.3664,4.0687,0.27795,-0.71411,-0.17224,-70.8092,4.1756,-250.1374
107061771,0.06079,-0.66431,0.32080,-10.5649,-12.5420,3.5191,0.29590,-0.73108,-0.18079,-69.6641,4.3588,-250.1374
107062771,0.01611,-0.55420,0.26990,-13.6794,-13.0916,4.4733,0.31165,-0.74548,-0.18616,-67.6718,4.8321,-250.1374
107063771,0.00342,-0.55652,0.29358,-18.0076,-12.4656,7.0534,0.32544,-0.75317,-0.18811,-65.0076,5.5954,-250.1374
107064771,0.02405,-0.62305,0.34949,-21.5802,-11.6260,9.4046,0.33887,-0.75720,-0.18811,-61.9847,6.5649,-250.1374
107065770,0.00635,-0.64087,0.27100,-22.2672,-11.3053,10.2672,0.35181,-0.76025,-0.18726,-58.8397,7.6718,-250.1374
107066770,-0.02588,-0.57837,0.14819,-21.1603,-9.9924,10.5802,0.36365,-0.76428,-0.18591,-55.7023,8.8702,-250.1374
107067771,-0.02466,-0.48218,0.15845,-21.2443,-7.6031,12.0076,0.37476,-0.76843,-0.18774,-52.5573,10.1527,-250.1374
107068771,-0.00012,-0.40649,0.26318,-23.1069,-5.8550,14.4885,0.38403,-0.77258,-0.19409,-49.3282,11.4885,-250.1374
107069771,0.03149,-0.40686,0.32617,-23.2290,-5.1985,16.9389,0.38989,-0.77795,-0.20154,-45.9542,12.8397,-250.1374
107070770,0.06152,-0.54211,0.40051,-19.4733,-4.2366,18.4427,0.39282,-0.78418,-0.20752,-42.3969,14.2214,-250.1374
107071770,0.09167,-0.71460,0.45508,-15.6794,-3.5267,18.3511,0.39526,-0.79272,-0.21118,-38.8397,15.6031,-250.1374
107072770,0.10388,-0.80701,0.42590,-14.5344,-3.5420,17.2214,0.39734,-0.80151,-0.21252,-35.4504,16.9924,-250.1374
107073770,0.10730,-0.82300,0.41052,-15.3206,-3.5878,16.0687,0.39795,-0.80627,-0.21069,-32.2824,18.4122,-250.1374
107074770,0.11560,-0.79773,0.43420,-15.8397,-3.7099,15.0458,0.39856,-0.81079,-0.20654,-29.2824,19.9084,-250.1374
107075770,0.10242,-0.77441,0.42456,-14.2061,-4.2824,13.9924,0.39795,-0.81665,-0.19934,-26.3740,21.5038,-250.1374
107076770,0.09448,-0.82153,0.42871,-11.3969,-4.0534,13.4198,0.39746,-0.82568,-0.18738,-23.6031,23.0458,-250.1374
107077770,0.12195,-0.94580,0.51770,-11.0000,-3.2977,13.5649,0.39636,-0.83752,-0.17139,-20.7252,24.4885,-250.1374
107078770,0.14807,-1.05908,0.54578,-13.7786,-3.6336,13.5573,0.39819,-0.84595,-0.17249,-17.2977,25.8015,-250.1374
107079770,0.15369,-1.09595,0.46741,-15.7786,-4.1908,12.6412,0.40625,-0.85718,-0.18347,-14.6947,27.0763,-250.1374
107080770,0.13904,-1.04407,0.39514,-15.1527,-3.8931,10.9542,0.41394,-0.87402,-0.18701,-12.8855,28.6107,-250.1374
107081771,0.10632,-0.91089,0.35535,-14.1527,-3.2290,9.3893,0.41284,-0.87891,-0.18262,-11.1221,30.6031,-250.1374
107082771,0.07776,-0.77612,0.31653,-14.3206,-2.9237,9.0687,0.40857,-0.87512,-0.17749,-9.2214,32.1908,-250.1374
107083771,0.07080,-0.75012,0.31897,-14.9771,-2.3740,9.9618,0.41003,-0.87805,-0.18396,-7.2748,33.0916,-250.1374
107084770,0.09070,-0.81714,0.39539,-14.9847,-1.3359,10.4580,0.40918,-0.88599,-0.19019,-5.2137,33.8550,-250.1374
107085770,0.10876,-0.87378,0.42480,-13.7786,-0.8321,9.5573,0.40808,-0.89954,-0.19434,-2.9924,34.6336,-250.1374
107086770,0.06873,-0.85815,0.31079,-12.3664,-0.0534,7.5191,0.41125,-0.91199,-0.20142,-0.5420,35.4275,-250.1374
107087771,0.07471,-0.80945,0.33777,-13.7099,0.8855,7.7557,0.41455,-0.91760,-0.20813,2.1450,36.2214,-250.1374
107088770,0.08740,-0.78821,0.37292,-14.0000,1.1069,8.4275,0.41882,-0.92419,-0.21301,4.9924,36.9008,-250.1374
107089771,0.09387,-0.83020,0.37524,-13.1298,0.9466,9.0992,0.42603,-0.93140,-0.22229,7.9466,37.4275,-250.1374
107090770,0.09888,-0.90100,0.39319,-13.0000,0.9924,9.5038,0.43445,-0.93762,-0.23279,10.9466,37.9160,-250.1374
107091770,0.10413,-0.92578,0.40820,-14.9466,0.9618,9.5725,0.45203,-0.95398,-0.25952,13.8397,38.4046,-250.1374
107092771,0.09497,-0.89099,0.38110,-17.8855,0.7405,9.5496,0.45862,-0.96436,-0.26782,16.0992,39.3282,-250.1374
107093771,0.07495,-0.83411,0.35132,-19.5573,0.9847,9.4351,0.45422,-0.95325,-0.25623,18.3969,39.9466,-250.1374
107094771,0.07690,-0.79553,0.33557,-19.1069,1.7023,9.3359,0.46057,-0.94873,-0.25623,21.0763,39.6947,-250.1374
107095771,0.10388,-0.83630,0.32861,-18.0458,2.5038,9.7634,0.47217,-0.95752,-0.25012,23.9771,38.9847,-250.1374
107096771,0.13647,-0.93738,0.36865,-18.5725,3.2901,10.3740,0.48560,-0.95837,-0.24133,26.9466,38.1374,-250.1374
107097771,0.15735,-0.99402,0.42859,-20.2061,3.6718,10.2137,0.49487,-0.94446,-0.22839,29.9542,37.2672,-250.1374
107098771,0.14600,-0.97095,0.42993,-20.8397,3.7099,9.4275,0.50525,-0.93213,-0.21216,32.9389,36.3130,-250.1374
107099770,0.12964,-0.94446,0.42261,-19.7710,4.4427,9.1221,0.50659,-0.89868,-0.18542,35.7481,35.1374,-250.1374
107100771,0.13855,-0.96106,0.47144,-18.8015,5.5725,9.4275,0.51489,-0.88037,-0.17017,38.1374,33.2519,-250.1374
107101771,0.16260,-0.97461,0.50427,-19.6031,5.8626,9.6870,0.53052,-0.88245,-0.17358,40.0382,31.3282,-250.1374
107102771,0.18945,-0.97351,0.49719,-21.0687,5.6718,9.6031,0.51282,-0.82471,-0.16125,41.3740,29.9008,-250.1374
107103771,0.20850,-0.94836,0.54309,-21.4809,5.8626,8.8015,0.49194,-0.77612,-0.15076,42.0611,27.8015,-250.1374
107104771,0.21326,-0.89111,0.60864,-20.6947,5.6947,7.4885,0.47839,-0.74561,-0.15308,41.9924,24.8931,-250.1374
107105771,0.20532,-0.86975,0.61523,-19.6794,4.8321,6.8244,0.45178,-0.69592,-0.15088,40.9924,21.2748,-250.1374
107106771,0.20959,-0.94629,0.62537,-19.1985,4.1145,7.0687,0.44751,-0.69458,-0.16980,39.2977,16.8855,-250.1374
107107771,0.23364,-1.05042,0.66516,-18.9695,3.5115,6.7099,0.44153,-0.69006,-0.18616,36.9771,12.7634,-250.1374
107108771,0.24817,-1.07715,0.66260,-17.7863,2.4580,5.0534,0.42273,-0.65967,-0.17786,34.4504,8.4580,-250.1374
107109771,0.23059,-1.02441,0.60742,-15.6260,1.3511,3.0000,0.42590,-0.65576,-0.17627,32.2901,3.5649,-250.1374
107110771,0.20105,-0.93909,0.57385,-13.7481,0.8626,1.6031,0.44409,-0.67712,-0.18335,30.8244,-1.4427,-250.1374
107111770,0.18762,-0.86841,0.55505,-13.0763,0.6412,1.2137,0.47095,-0.72607,-0.18726,30.0229,-6.0534,-250.1374
107112770,0.18701,-0.87366,0.54321,-12.7328,0.6870,1.5725,0.50488,-0.80652,-0.19263,29.8244,-10.2366,-250.1374
107113770,0.13782,-0.87720,0.44653,-12.7176,0.2519,1.4427,0.53015,-0.87952,-0.20142,30.0611,-14.1450,-250.1374
107114770,-0.02515,-0.83118,-0.17310,-16.8702,-1.7023,2.2595,0.53381,-0.91602,-0.20117,30.8015,-18.0305,-250.1374
107115770,-0.05579,-1.04065,-0.55371,-31.2443,6.6641,9.8779,0.54004,-0.96643,-0.21692,32.2443,-22.2748,-250.1374
107116770,0.32068,-1.47180,0.66553,-62.9008,27.7710,23.4427,0.55103,-1.03491,-0.24951,34.3359,-26.4427,-250.1374
107117770,0.75476,-1.52478,1.99994,-107.6641,37.8931,34.3893,0.54919,-1.08179,-0.27490,36.8168,-30.3053,-250.1374
107118770,0.73804,-0.92883,1.99994,-151.6565,26.9542,41.1069,0.54395,-1.11133,-0.29834,39.6412,-34.2366,-250.1374
107119770,0.46948,-0.30798,1.33020,-181.5802,18.9008,53.3282,0.54797,-1.14124,-0.32288,42.9542,-38.5420,-250.1374
107120770,0.57056,-0.23083,1.71118,-206.1450,25.5496,74.7863,0.55859,-1.16638,-0.34436,46.8473,-43.1679,-250.1374
107121770,1.08411,-0.35327,1.99994,-240.5725,24.2443,97.7481,0.57324,-1.18909,-0.36145,51.3435,-47.9466,-250.1374
107122770,1.39929,-0.41638,1.99994,-250.1374,2.0382,116.2290,0.59058,-1.21045,-0.37488,56.3817,-52.7863,-250.1374
107123770,1.47632,-0.60571,1.99994,-250.1374,-24.0534,129.6031,0.60999,-1.22339,-0.38220,61.8779,-57.6489,-250.1374
107124770,1.59241,-0.79968,1.99994,-250.1374,-44.5267,137.5954,0.65369,-1.23267,-0.38721,73.9313,-67.3511,-250.1374
107125770,1.50110,-0.76660,1.99994,-250.1374,-67.5038,140.8168,0.67651,-1.22546,-0.38379,80.3511,-72.1069,-250.1374
107126770,1.23425,-0.65601,1.99994,-250.1374,-90.5496,141.4962,0.70093,-1.21301,-0.37671,86.9924,-76.7252,-250.1374
107127770,1.10413,-0.79700,1.99994,-250.1374,-105.6565,141.3206,0.72559,-1.19604,-0.36670,93.7634,-81.2137,-250.1374
107128770,1.06970,-1.33630,1.99994,-250.1374,-115.1756,138.6412,0.75098,-1.17029,-0.35229,100.5420,-85.5649,-250.1374
107129771,0.96716,-1.89014,1.99994,-250.1374,-124.1374,129.3817,0.77808,-1.14087,-0.33679,107.2366,-89.7710,-250.1374
107130771,0.73962,-1.98950,1.99994,-250.1374,-132.5038,115.6336,0.80945,-1.11072,-0.32092,113.8321,-93.7786,-250.1374
107131770,0.52905,-1.73254,1.69373,-250.1374,-134.2824,104.9847,0.84302,-1.07910,-0.30090,120.4198,-97.5649,-250.1374
107132770,0.41663,-1.64014,1.20728,-250.1374,-130.5954,101.9618,0.87341,-1.04944,-0.27783,126.9542,-101.1374,-250.1374
107133770,0.34155,-1.79407,0.90710,-250.1374,-122.7786,102.7023,0.89966,-1.01868,-0.25366,133.3130,-104.5573,-250.1374
107134771,0.25061,-1.69409,0.60095,-250.1374,-117.2901,102.1145,0.92432,-0.98071,-0.23145,139.3664,-107.8244,-250.1374
107135770,0.07227,-1.22766,0.16626,-250.1374,-113.3282,102.6947,0.94714,-0.93433,-0.21094,144.9237,-110.9313,-250.1374
107136771,0.06006,-1.07227,0.16040,-250.1374,-104.9618,111.4351,0.96606,-0.88611,-0.18970,149.7481,-113.9084,-250.1374
107137771,0.40698,-1.61206,1.00000,-250.1374,-92.5573,125.0229,0.98181,-0.84204,-0.16772,153.6794,-116.7786,-250.1374
107138771,0.74878,-2.00000,1.84448,-250.1374,-89.5267,130.7863,0.99524,-0.80286,-0.14478,156.5649,-119.4962,-250.1374
107139771,0.80884,-2.00000,1.86401,-250.1374,-95.9466,124.5496,1.00549,-0.77136,-0.12036,158.3817,-122.0076,-250.1374
107140770,0.71130,-1.63953,1.50806,-250.1374,-103.2290,117.6565,1.01306,-0.74854,-0.09595,159.2214,-124.3053,-250.1374
107141771,0.65833,-1.45166,1.47083,-250.1374,-106.5878,117.4885,1.01917,-0.73169,-0.07471,159.1221,-126.4122,-250.1374
107142771,0.76428,-1.69373,1.72290,-250.1374,-110.8092,118.6107,1.02429,-0.72009,-0.05396,158.1145,-128.2824,-250.1374
107143771,0.89917,-2.00000,1.89661,-250.1374,-118.0916,114.7023,1.03052,-0.71143,-0.03503,156.2672,-130.0229,-250.1374
107144771,0.93738,-2.00000,1.99994,-250.1374,-125.3893,105.0229,1.03735,-0.70325,-0.02051,153.5649,-131.6641,-250.1374
107145771,0.85742,-2.00000,1.99994,-250.1374,-131.8626,93.0458,1.04541,-0.69775,-0.00525,149.9847,-133.1450,-250.1374
107146771,0.68176,-1.96802,1.75317,-250.1374,-137.3282,84.7557,1.05701,-0.69482,0.01001,145.5496,-134.4504,-250.1374
107147771,0.54834,-1.65198,1.41577,-250.1374,-139.2519,83.6260,1.07336,-0.69763,0.02368,140.2901,-135.5420,-250.1374
107148771,0.53345,-1.74377,1.29358,-250.1374,-138.5038,86.3740,1.08899,-0.71155,0.03809,134.3130,-136.3130,-250.1374
107149771,0.53699,-2.00000,1.18616,-250.1374,-139.2748,87.3893,1.09912,-0.73535,0.05261,127.7786,-136.7252,-250.1374
107150771,0.51929,-2.00000,1.08777,-250.1374,-140.4427,84.6489,1.10742,-0.76550,0.06250,120.8626,-136.8321,-250.1374
107151771,0.50378,-2.00000,1.15161,-250.1374,-141.3588,79.9924,1.11584,-0.79626,0.06592,113.7710,-136.6336,-250.1374
107152771,0.45435,-1.96814,1.13745,-250.1374,-143.5344,74.9389,1.12476,-0.82349,0.06396,106.6641,-136.1679,-250.1374
107153771,0.36768,-1.61951,0.90149,-250.1374,-145.3282,71.7405,1.13428,-0.84460,0.05835,99.5038,-135.4122,-250.1374
107154771,0.27637,-1.54175,0.61475,-250.1374,-144.9466,70.0305,1.14355,-0.86072,0.05164,92.2443,-134.3740,-250.1374
107155771,0.23804,-1.59399,0.43103,-250.1374,-142.6641,66.9542,1.15125,-0.87585,0.04517,84.8626,-133.0916,-250.1374
107156771,0.21667,-1.47375,0.27991,-250.1374,-141.0916,61.4122,1.15710,-0.89014,0.03882,77.3588,-131.6947,-250.1374
107157771,0.13818,-1.31519,0.15234,-250.1374,-140.2824,57.8473,1.16052,-0.90222,0.03210,69.7557,-130.1985,-250.1374
107158771,0.09875,-1.46545,0.05737,-250.1374,-138.5191,58.7481,1.16113,-0.91370,0.02588,62.0840,-128.5649,-250.1374
107159770,0.17224,-1.83057,0.04968,-250.1374,-134.4351,60.1832,1.16016,-0.92554,0.01965,54.4046,-126.8015,-250.1374
107160771,0.29224,-2.00000,0.18347,-248.1832,-129.2901,57.3359,1.15979,-0.94067,0.01270,46.7939,-124.9466,-250.1374
107161770,0.21423,-1.98315,0.06165,-242.5038,-128.0611,50.3206,1.16028,-0.95911,0.00317,39.4351,-122.9771,-250.1374
107162770,0.04919,-1.70923,-0.23376,-243.9008,-126.6489,45.8015,1.15906,-0.97852,-0.00830,32.4733,-120.8779,-250.1374
107163770,0.03735,-1.51440,-0.28809,-250.1374,-122.2366,44.7023,1.15552,-0.99719,-0.01929,26.0000,-118.6794,-250.1374
107164770,0.07043,-1.59399,-0.00793,-250.1374,-116.5496,44.0076,1.15051,-1.01477,-0.03088,20.1145,-116.3893,-250.1374
107165771,0.13208,-1.88354,0.07336,-245.8550,-113.7481,39.0000,1.14404,-1.03064,-0.04333,14.8702,-114.0153,-250.1374
107166771,0.13110,-2.00000,-0.07056,-231.9466,-111.0000,29.9313,1.13611,-1.04504,-0.05591,10.2519,-111.5573,-250.1374
107167770,0.12024,-2.00000,-0.03821,-218.4198,-106.4885,18.7023,1.12817,-1.05786,-0.06775,6.2672,-109.0534,-250.1374
107168770,0.10181,-1.83765,-0.12256,-213.2824,-104.2519,8.0305,1.12146,-1.06702,-0.07898,2.9237,-106.5649,-250.1374
107169770,0.07617,-1.44019,-0.08997,-210.8779,-101.6260,3.0229,1.11462,-1.07178,-0.09009,0.1908,-104.1069,-250.1374
107170770,0.14478,-1.23145,0.15430,-210.5649,-99.1908,2.4275,1.10669,-1.07373,-0.09949,-1.9618,-101.6641,-250.1374
107171770,0.28784,-1.36304,0.45422,-206.5725,-97.0916,4.2366,1.09741,-1.07263,-0.10681,-3.5344,-99.2977,-250.1374
107172770,0.38940,-1.65381,0.57568,-202.3435,-97.3740,4.2061,1.08691,-1.06824,-0.11316,-4.5954,-97.0305,-250.1374
107173771,0.37891,-1.61511,0.61487,-202.1832,-97.9618,0.8015,1.07458,-1.06140,-0.11804,-5.2137,-94.8397,-250.1374
107174770,0.15540,-1.00781,0.46240,-209.4656,-101.7481,-3.6489,1.06006,-1.05066,-0.12097,-5.4962,-92.7099,-250.1374
107175770,-0.20312,-0.28650,-0.13013,-215.0382,-105.8702,-2.2977,1.04456,-1.03638,-0.12146,-5.5191,-90.6107,-250.1374
107176770,-0.28760,-0.56921,-0.63074,-208.8550,-103.2748,9.4504,1.02893,-1.02039,-0.12036,-5.3282,-88.5649,-250.1374
107177770,-0.24634,-1.47241,-1.02258,-217.7634,-98.7481,21.9924,1.01367,-1.00085,-0.12048,-4.9695,-86.5954,-243.7099
107178770,-0.20300,-1.84473,-0.42407,-250.1374,-85.5038,31.8397,0.99841,-0.97668,-0.12097,-4.4809,-84.6794,-230.7710
107179770,0.23645,-1.72229,1.37036,-250.1374,-70.5802,46.7176,0.98413,-0.94897,-0.12134,-3.8931,-82.7863,-218.1832
107180770,0.41626,-1.34985,1.59570,-250.1374,-76.2824,61.0763,0.97302,-0.91809,-0.12244,-3.2748,-80.9084,-205.9695
107181771,-0.05688,-1.14111,0.11426,-250.1374,-80.1374,73.3893,0.96362,-0.88477,-0.12280,-2.6565,-78.9924,-194.0611
107182770,0.11084,-1.21680,0.28528,-250.1374,-58.5954,88.9389,0.95459,-0.85205,-0.12097,-2.0840,-77.0763,-182.4809
107183770,0.79089,-1.60437,1.99994,-250.1374,-48.8931,114.0534,0.94702,-0.82068,-0.11963,-1.5954,-75.3053,-171.3511
107184770,1.00488,-1.62292,1.99994,-250.1374,-73.8397,131.2214,0.94141,-0.78809,-0.11853,-1.1832,-73.5725,-160.7481
107185770,1.04517,-1.02161,1.99994,-250.1374,-101.6718,132.7099,0.93640,-0.75610,-0.11450,-0.8550,-71.7939,-150.6641
107186770,1.21326,-1.06458,1.99994,-250.1374,-108.0611,132.0534,0.93213,-0.72607,-0.11047,-0.6183,-69.9924,-141.0382
107187770,1.23022,-1.65405,1.99994,-250.1374,-121.3740,130.1145,0.92822,-0.69727,-0.10571,-0.4962,-68.1756,-131.8168
107188770,0.95361,-1.82654,1.99994,-250.1374,-145.3664,122.4962,0.92310,-0.67029,-0.09961,-0.4656,-66.3893,-123.1298
107189770,0.85071,-1.67493,1.99994,-250.1374,-152.8015,113.0992,0.91809,-0.64453,-0.09290,-0.5115,-64.6031,-114.9771
107190770,1.01660,-1.59851,1.99994,-250.1374,-152.7176,101.2061,0.91492,-0.62122,-0.08545,-0.6641,-62.8321,-107.3130
107191770,0.78857,-1.46436,1.99994,-250.1374,-164.4198,82.4046,0.91345,-0.59961,-0.07971,-0.8931,-61.0458,-100.1527
107192771,0.32410,-1.62292,0.82666,-250.1374,-169.8244,67.1145,0.91296,-0.57935,-0.07605,-1.1298,-59.2519,-93.5344
107193771,0.27905,-2.00000,0.82129,-250.1374,-159.0534,63.8397,0.91333,-0.56165,-0.07361,-1.3435,-57.4427,-87.4809
107194771,0.35120,-2.00000,1.28479,-250.1374,-154.2061,60.6565,0.91467,-0.54529,-0.07336,-1.5115,-55.6641,-81.9389
107195771,0.21851,-1.13208,1.00574,-250.1374,-156.7939,49.0153,0.91565,-0.52881,-0.07495,-1.5954,-53.8779,-76.9008
107196771,-0.01013,-0.08582,0.51465,-250.1374,-154.4046,41.8168,0.91602,-0.51270,-0.07605,-1.5878,-52.0916,-72.3817
107197771,-0.25354,-0.02698,0.11462,-250.1374,-146.9847,48.5420,0.91577,-0.49805,-0.07642,-1.5115,-50.3282,-68.3664
107198771,-0.35059,-0.48853,-0.31519,-250.1374,-141.3817,61.0992,0.91492,-0.48413,-0.07617,-1.3588,-48.5649,-64.8855
107199771,-0.28259,-1.02808,-0.56799,-250.1374,-137.5802,73.3130,0.91296,-0.46948,-0.07507,-1.1756,-46.8092,-61.9466
107200771,-0.21594,-1.65723,-0.54846,-250.1374,-133.3817,81.9313,0.91040,-0.45471,-0.07483,-0.9847,-45.0305,-59.5115
107201770,-0.14453,-1.78735,-0.38867,-250.1374,-124.4504,79.0534,0.90869,-0.44080,-0.07690,-0.7939,-43.2366,-57.5420
107202770,0.00293,-1.04553,0.36218,-250.1374,-107.7939,68.3740,0.90857,-0.42773,-0.07947,-0.6183,-41.4656,-56.0763
107203771,0.09644,0.02209,1.34680,-250.1374,-95.8550,65.2595,0.90894,-0.41602,-0.08142,-0.4046,-39.7328,-55.0992
107204771,0.13623,0.49316,1.66846,-250.1374,-93.9160,75.6489,0.90991,-0.40540,-0.08374,-0.1679,-38.0458,-54.6183
107205771,0.34351,-0.08435,1.65417,-250.1374,-94.1069,88.9924,0.91260,-0.39490,-0.08582,0.0840,-36.4198,-54.5878
107206771,0.65186,-1.31396,1.83765,-250.1374,-95.2748,92.9008,0.91602,-0.38403,-0.08801,0.3740,-34.8550,-54.9618
107207771,0.78650,-2.00000,1.99994,-250.1374,-104.6183,84.1221,0.91907,-0.37390,-0.09058,0.7176,-33.3664,-55.7176
107208770,0.69116,-2.00000,1.90857,-250.1374,-122.9847,66.5420,0.92188,-0.36426,-0.09229,1.1374,-31.9466,-56.8855
107209770,0.59473,-0.94263,1.96460,-250.1374,-140.2901,53.5038,0.92371,-0.35413,-0.09241,1.6183,-30.6260,-58.4885
107210770,0.60193,-0.27234,1.99994,-250.1374,-153.1679,54.1374,0.92383,-0.34375,-0.09326,2.1756,-29.4122,-60.4809
107211770,0.56543,-0.67725,1.99994,-250.1374,-164.6336,60.9618,0.92188,-0.33374,-0.09375,2.8397,-28.3206,-62.8779
107212770,0.45007,-1.59436,1.66833,-250.1374,-171.6107,60.8092,0.91919,-0.32410,-0.09167,3.5954,-27.2672,-65.6641
107213770,0.36658,-1.99487,1.15076,-250.1374,-172.2290,50.7023,0.91760,-0.31482,-0.08777,4.4427,-26.1985,-68.8244
107214770,0.23035,-1.51611,0.90869,-250.1374,-170.7710,37.4885,0.91638,-0.30627,-0.08081,5.3969,-25.1298,-72.2977
107215770,-0.04004,-0.35986,0.76367,-250.1374,-171.4351,27.1221,0.91504,-0.29834,-0.07166,6.5344,-24.0305,-76.1221
107216771,-0.27368,0.64404,0.43433,-250.1374,-174.0763,26.9389,0.91406,-0.29175,-0.06201,7.9237,-22.8244,-80.2824
107217770,-0.45056,0.58948,-0.17285,-250.1374,-177.1527,38.9389,0.91345,-0.28503,-0.05286,9.5954,-21.5038,-84.6947
107218770,-0.54309,-0.49329,-0.83765,-250.1374,-167.8626,55.9924,0.91272,-0.27661,-0.04443,11.5115,-20.0916,-89.3817
107219770,-0.45044,-0.09863,-0.60486,-250.1374,-157.1679,54.9847,0.91479,-0.26099,-0.03088,15.7710,-17.0305,-99.4962
107220770,-0.51147,0.43640,-0.64258,-250.1374,-147.8931,57.8855,0.91589,-0.25281,-0.02747,17.9542,-15.4351,-104.7405
107221770,-0.65930,0.63696,-0.92078,-250.1374,-136.8244,67.5649,0.91711,-0.24329,-0.02563,20.0153,-13.9008,-110.0687
107222770,-0.65137,0.39673,-0.89355,-250.1374,-122.7710,82.4122,0.91846,-0.23364,-0.02441,21.8321,-12.4504,-115.4122
107223771,-0.42432,-0.09192,-0.44031,-250.1374,-111.0153,96.0916,0.91968,-0.22632,-0.02478,23.3740,-11.1221,-120.7252
107224771,-0.14050,-0.47607,0.07703,-250.1374,-106.9695,101.2901,0.92053,-0.22156,-0.02637,24.6718,-9.8855,-125.9771
107225771,0.02686,-0.61572,0.43469,-250.1374,-109.2595,97.4809,0.92126,-0.21802,-0.02905,25.7328,-8.7176,-131.1221
107226771,0.06946,-0.54932,0.61292,-250.1374,-114.5954,90.6718,0.92261,-0.21521,-0.03259,26.4733,-7.6336,-136.1298
107227771,0.07019,-0.38550,0.75085,-250.1374,-119.3664,85.8321,0.92627,-0.21350,-0.03699,26.8779,-6.6336,-140.9542
107228770,0.13159,-0.27930,1.00940,-250.1374,-122.8092,83.5115,0.93274,-0.21350,-0.04272,26.9695,-5.7481,-145.5649
107229770,0.24207,-0.38232,1.15637,-250.1374,-126.7023,81.5649,0.94189,-0.21533,-0.04895,26.8244,-5.0000,-149.9313
107230770,0.25903,-0.76746,0.95300,-250.1374,-131.3893,78.3053,0.95264,-0.21899,-0.05603,26.4504,-4.3740,-154.0534
107231770,0.12817,-1.09949,0.65149,-250.1374,-133.5725,72.4504,0.96509,-0.22473,-0.06323,25.8397,-3.8168,-157.8702
107232770,0.08875,-0.97754,0.74268,-250.1374,-131.5954,65.4046,0.97852,-0.23206,-0.07202,25.0305,-3.3588,-161.3359
107233771,0.16650,-0.41809,0.93323,-250.1374,-132.8626,59.2748,0.99231,-0.24084,-0.08191,24.0611,-3.0229,-164.4122
107234770,0.07373,0.18481,0.72058,-250.1374,-139.5344,55.5954,1.00598,-0.25061,-0.08984,22.9847,-2.7786,-167.1069
107235771,-0.05505,0.24109,0.53162,-250.1374,-143.2443,57.0458,1.01892,-0.26245,-0.09753,21.7634,-2.6260,-169.3740
107236771,-0.04639,-0.25256,0.47925,-250.1374,-145.7557,60.0916,1.03125,-0.27612,-0.10620,20.4122,-2.5954,-171.2366
107237771,-0.12036,-0.69690,0.18591,-250.1374,-149.7557,57.5725,1.04309,-0.29041,-0.11389,18.9542,-2.6641,-172.6947
107238770,-0.23877,-0.54053,-0.18591,-250.1374,-149.6107,46.8321,1.05518,-0.30566,-0.12012,17.4046,-2.8092,-173.7405
107239771,-0.31738,-0.01135,-0.23022,-250.1374,-143.5954,36.7328,1.06738,-0.32166,-0.12512,15.8397,-3.0382,-174.3282
107240770,-0.38611,0.34131,-0.14929,-250.1374,-138.2519,34.5496,1.08044,-0.33777,-0.12842,14.3740,-3.3053,-174.4656
107241771,-0.53296,0.50354,-0.58899,-250.1374,-139.1374,38.3664,1.09363,-0.35327,-0.13037,13.0229,-3.5954,-174.2519
107242771,-0.69849,0.48340,-1.17737,-250.1374,-138.3740,45.1374,1.10657,-0.36792,-0.13098,11.8168,-3.8855,-173.6565
107243771,-0.66455,0.26074,-1.29041,-250.1374,-131.5573,51.9771,1.11938,-0.38232,-0.12976,10.8015,-4.1145,-172.6870
107244771,-0.56262,0.02112,-0.98926,-250.1374,-123.6565,56.0840,1.13086,-0.39722,-0.12805,10.0382,-4.2290,-171.3359
107245771,-0.50659,-0.01001,-0.68213,-250.1374,-119.3588,57.7939,1.13989,-0.41223,-0.12512,9.5420,-4.2519,-169.6641
107246771,-0.49414,0.22815,-0.49792,-250.1374,-116.5573,60.1832,1.14722,-0.42676,-0.11865,9.3282,-4.1603,-167.6870
107247771,-0.47852,0.50574,-0.24097,-250.1374,-112.1603,64.2366,1.15247,-0.44055,-0.11084,9.3817,-3.9313,-165.4122
107248770,-0.33398,0.59961,0.01428,-250.1374,-106.7405,66.1069,1.15515,-0.45288,-0.10315,9.6870,-3.5038,-162.8702
107249771,-0.23315,0.45679,0.01624,-250.1374,-105.5191,63.4885,1.15588,-0.46313,-0.09497,10.2061,-2.9008,-160.0840
107250771,-0.40576,0.29468,-0.44922,-250.1374,-110.4733,57.0687,1.15479,-0.47180,-0.08667,10.8626,-2.1450,-157.0992
107251771,-0.50171,0.37415,-0.77222,-250.1374,-112.2443,49.8397,1.15308,-0.47852,-0.07715,11.5725,-1.2214,-153.9084
107252771,-0.35852,0.48621,-0.48511,-250.1374,-110.5649,45.2290,1.15125,-0.48303,-0.06653,12.2672,-0.1145,-150.5420
107253770,-0.29492,0.38208,-0.15735,-250.1374,-111.6565,42.5191,1.14832,-0.48523,-0.05603,12.9237,1.1450,-146.9924
107254770,-0.35583,0.16748,-0.38867,-250.1374,-115.2748,39.9084,1.14404,-0.48486,-0.04578,13.5191,2.5344,-143.3053
107255771,-0.42419,0.15430,-0.74719,-250.1374,-113.0687,37.7405,1.13904,-0.48169,-0.03674,14.0153,4.0534,-139.4504
107256770,-0.41113,0.47339,-0.58069,-250.1374,-104.9008,38.3969,1.13416,-0.47632,-0.02942,14.3282,5.6794,-135.4962
107257771,-0.39429,1.03137,-0.51501,-250.1374,-102.0763,41.5878,1.12854,-0.47034,-0.02307,14.4122,7.3969,-131.4504
107258771,-0.58411,1.38892,-1.14099,-250.1374,-106.7099,48.2137,1.12109,-0.46448,-0.01685,14.2595,9.1908,-127.3206
107259770,-0.75208,1.21729,-1.86401,-250.1374,-106.9847,56.9618,1.11353,-0.45837,-0.01233,13.8244,11.0382,-123.1069
107260771,-0.76025,0.81763,-2.00000,-250.1374,-101.1298,63.9160,1.10596,-0.45190,-0.00903,13.1145,12.9313,-118.8321
107261771,-0.73181,0.60498,-1.78442,-250.1374,-94.4046,67.1221,1.09619,-0.44568,-0.00708,12.1450,14.8626,-114.5878
107262771,-0.70276,0.72021,-1.62195,-250.1374,-88.7557,67.6336,1.08350,-0.44031,-0.00598,10.9695,16.7939,-110.3435
107263770,-0.70032,0.83179,-1.52808,-250.1374,-79.8244,68.5954,1.06970,-0.43616,-0.00476,9.6031,18.7023,-106.1679
107264770,-0.68713,0.77014,-1.49768,-250.1374,-68.2061,69.9847,1.05664,-0.43237,-0.00464,8.0534,20.5725,-102.0611
107265771,-0.66858,0.66077,-1.64526,-250.1374,-57.0382,70.3206,1.04492,-0.42859,-0.00623,6.3664,22.4351,-98.0305
107266771,-0.63013,0.58142,-1.73804,-250.1374,-47.1603,68.6870,1.03625,-0.42480,-0.00867,4.5802,24.3130,-94.0687
107267771,-0.50183,0.59363,-1.52502,-246.0534,-38.7481,64.9847,1.02954,-0.42078,-0.01233,2.7328,26.1756,-90.1908
107268771,-0.34790,0.57703,-1.04553,-233.4198,-34.9008,62.3817,1.02332,-0.41614,-0.01770,0.8473,27.9542,-86.3664
107269770,-0.24036,0.45544,-0.68945,-226.4809,-37.1908,62.5420,1.01794,-0.41260,-0.02344,-1.0229,29.6641,-82.6031
107270770,-0.19556,0.30273,-0.61572,-227.0382,-42.2672,64.6260,1.01367,-0.40991,-0.02832,-2.8626,31.3435,-78.9160
107271770,-0.19958,0.18591,-0.67383,-228.6183,-45.0229,66.6794,1.00977,-0.40686,-0.03320,-4.6718,32.9771,-75.2977
107272770,-0.20776,0.15247,-0.68945,-226.9389,-44.0305,67.8931,1.00488,-0.40369,-0.03967,-6.4046,34.5573,-71.7481
107273771,-0.22644,0.23450,-0.64856,-225.8397,-42.0534,68.4656,0.99976,-0.40027,-0.04700,-8.0763,36.1298,-68.2824
107274770,-0.27173,0.46460,-0.76013,-229.1374,-42.2214,68.9084,0.99414,-0.39746,-0.05249,-9.7023,37.6947,-64.8779
107275770,-0.33643,0.71155,-1.01611,-231.9008,-43.0305,70.0611,0.98840,-0.39526,-0.05725,-11.2443,39.2061,-61.5420
107276770,-0.38538,0.79236,-1.18176,-228.8015,-41.7328,71.6794,0.98389,-0.39270,-0.06421,-12.6489,40.6565,-58.3206
107277770,-0.37659,0.67908,-1.15857,-220.7634,-38.3588,72.8168,0.98083,-0.38965,-0.07056,-13.9618,42.0687,-55.1603
107278767,-0.35596,0.50183,-1.10681,-213.8397,-35.3969,73.2061,0.97937,-0.38611,-0.07666,-15.2137,43.4504,-52.0687
107279768,-0.37341,0.44116,-1.13184,-211.8626,-32.6412,73.3893,0.97839,-0.38330,-0.08496,-16.4122,44.7710,-49.0534
107280772,-0.40210,0.54333,-1.16882,-213.0840,-28.4504,74.7099,0.97693,-0.38049,-0.09387,-17.5649,46.0076,-46.1221
107281771,-0.44250,0.70911,-1.24365,-214.2290,-23.2443,77.9466,0.97559,-0.37683,-0.10339,-18.6718,47.1221,-43.2214
107282770,-0.48926,0.80579,-1.35168,-214.5191,-17.3969,83.0229,0.97388,-0.37305,-0.11414,-19.7710,48.1069,-40.3511
107283770,-0.47864,0.79871,-1.38635,-216.2214,-11.1221,88.7710,0.97253,-0.37061,-0.12634,-20.8855,48.9389,-37.5496
107284768,-0.38989,0.70288,-1.19885,-219.2366,-4.8092,94.2443,0.97083,-0.36926,-0.13843,-21.9847,49.6336,-34.7863
107285766,-0.26404,0.57300,-0.86255,-221.6489,-0.5725,98.0916,0.96802,-0.36853,-0.14929,-23.0687,50.2519,-32.0229
107286769,-0.14111,0.50256,-0.53748,-220.5725,1.0458,99.4733,0.96472,-0.36707,-0.16028,-24.0763,50.7634,-29.2748
107287772,-0.03882,0.52466,-0.24573,-214.6183,0.9389,98.9924,0.95996,-0.36536,-0.17017,-25.0000,51.1450,-26.6031
107288771,0.02966,0.62402,-0.03564,-205.1756,-1.2443,97.7863,0.95496,-0.36438,-0.17834,-25.8626,51.4122,-24.0076
107289771,0.02405,0.74194,-0.01428,-194.7634,-6.3130,96.6031,0.95093,-0.36377,-0.18616,-26.6489,51.5725,-21.4962
107290770,-0.04333,0.84546,-0.22253,-185.2061,-12.9924,95.5038,0.94824,-0.36353,-0.19458,-27.3435,51.6489,-19.0534
107291770,-0.11389,0.83972,-0.45007,-175.6107,-18.0534,95.3588,0.94678,-0.36133,-0.20398,-27.9695,51.6336,-16.6794
107292770,-0.15881,0.69434,-0.53833,-166.9466,-20.6794,95.8855,0.94543,-0.35706,-0.21289,-28.5115,51.5344,-14.3740
107293771,-0.23010,0.53528,-0.67603,-161.3588,-22.7252,96.1603,0.94470,-0.35181,-0.21924,-28.9924,51.3435,-12.0992
107294770,-0.38208,0.48157,-1.03345,-159.7786,-23.6260,96.3588,0.94543,-0.34583,-0.22510,-29.4275,51.0611,-9.8702
107295768,-0.52051,0.50061,-1.39392,-160.8397,-19.5802,98.3206,0.94556,-0.33960,-0.23096,-29.8168,50.7252,-7.6947
107296771,-0.55444,0.51001,-1.49109,-163.3588,-10.7405,102.5649,0.94373,-0.33301,-0.23621,-30.1985,50.2824,-5.5878
107297771,-0.54089,0.52588,-1.44006,-166.5573,-1.6947,107.6412,0.94287,-0.32764,-0.24158,-30.5954,49.6947,-3.5191
107298771,-0.54187,0.61133,-1.40454,-168.8244,5.5115,111.8244,0.94275,-0.32300,-0.24426,-31.0458,49.0153,-1.5420
107299771,-0.52942,0.80981,-1.30652,-167.7863,12.0153,114.6489,0.94116,-0.31775,-0.24573,-31.5420,48.2519,0.3588
107300771,-0.45923,0.98523,-1.07007,-160.7328,17.6641,117.1450,0.93994,-0.31433,-0.24695,-32.0763,47.4275,2.1832
107301771,-0.38708,0.95117,-0.90491,-149.0000,19.5573,119.8550,0.94031,-0.31213,-0.24670,-32.6260,46.5191,3.9618
107302770,-0.38647,0.69946,-0.96204,-137.7939,18.1450,121.9389,0.94202,-0.30969,-0.24524,-33.1450,45.5649,5.6718
107303770,-0.37744,0.45996,-0.98389,-131.0153,17.6947,121.8931,0.94482,-0.30701,-0.24304,-33.6260,44.5420,7.2824
107304770,-0.32324,0.40735,-0.82178,-126.3130,18.6107,120.0916,0.94885,-0.30444,-0.24072,-34.0840,43.5115,8.7634
107305770,-0.31958,0.46448,-0.69690,-119.8092,18.6489,118.5420,0.95410,-0.30225,-0.23804,-34.4885,42.4198,10.1221
107306770,-0.38354,0.47864,-0.78735,-112.5115,18.0916,119.0687,0.96045,-0.30054,-0.23340,-34.8015,41.2824,11.3740
107307770,-0.43286,0.39343,-0.88000,-108.4122,19.9466,122.1527,0.96667,-0.29944,-0.22742,-35.0153,40.0992,12.5420
107308770,-0.42371,0.27722,-0.81580,-110.0153,23.2977,126.7634,0.97253,-0.29919,-0.22253,-35.1374,38.9313,13.6107
107309770,-0.39978,0.24036,-0.71741,-114.5725,25.5954,131.0000,0.97815,-0.29956,-0.21790,-35.1450,37.7939,14.5344
107310771,-0.39722,0.27100,-0.70544,-116.5802,25.9618,134.3435,0.98291,-0.30017,-0.21313,-35.0458,36.6718,15.3282
107311771,-0.41577,0.29163,-0.76648,-115.0000,25.8473,137.3588,0.98572,-0.30127,-0.20801,-34.8168,35.5038,15.9542
107312771,-0.43591,0.26611,-0.80420,-113.4733,26.0763,140.8321,0.98669,-0.30310,-0.20276,-34.4198,34.3206,16.4046
107313771,-0.41797,0.23438,-0.76794,-114.8473,26.9008,144.2214,0.98657,-0.30505,-0.19751,-33.8702,33.1527,16.6870
107314771,-0.37854,0.24280,-0.66016,-115.8550,28.0840,146.5573,0.98657,-0.30750,-0.19312,-33.1832,32.0305,16.7634
107315770,-0.40857,0.31750,-0.59106,-112.0534,28.8779,147.1603,0.98657,-0.31018,-0.18933,-32.3359,30.9237,16.6336
107316771,-0.49304,0.50525,-0.71497,-105.3359,29.1221,147.1603,0.98596,-0.31482,-0.17859,-30.1298,28.6565,15.7863
107317770,-0.45190,0.67712,-0.98193,-100.7863,30.6412,149.8855,0.98596,-0.31628,-0.17322,-28.7786,27.5420,15.0992
107318771,-0.19507,0.49976,-1.10278,-98.9313,35.0687,157.9695,0.98706,-0.31677,-0.16870,-27.3206,26.4427,14.2595
107319770,-0.04919,-0.34644,-0.70593,-93.6031,41.4198,170.2672,0.98804,-0.31641,-0.16455,-25.7634,25.2901,13.2595
107320770,0.04468,-1.77673,0.06726,-83.2366,46.7710,181.0076,0.98706,-0.31592,-0.15967,-24.1450,24.0840,12.1298
107321770,0.14771,-2.00000,0.17188,-85.3511,43.7252,178.4809,0.98523,-0.31592,-0.15442,-22.4733,22.8702,10.8779
107322770,-0.04285,-2.00000,-0.31006,-97.8855,39.4046,162.8015,0.98376,-0.31543,-0.14929,-20.7710,21.7023,9.5267
107323770,-0.18384,-0.83728,-0.21106,-103.1908,42.5038,151.6794,0.98132,-0.31335,-0.14368,-19.0687,20.5573,8.0763
107324770,0.03625,-0.39893,0.23206,-98.6031,43.0153,154.1832,0.97791,-0.31104,-0.13843,-17.4046,19.4122,6.5496
107325770,0.18469,-1.17957,-0.10901,-96.7634,31.5191,162.4962,0.97656,-0.30945,-0.13440,-15.7557,18.2366,4.9542
107326770,0.07080,-2.00000,-0.60583,-104.5725,23.3817,162.6260,0.97656,-0.30872,-0.13147,-14.1069,17.0534,3.2901
107327770,0.21204,-2.00000,-0.06714,-116.7939,27.1985,152.2595,0.97729,-0.30835,-0.13074,-12.4504,15.9084,1.5954
107328770,0.32495,-2.00000,0.52661,-128.1985,25.5802,135.5344,0.97900,-0.30737,-0.13171,-10.8092,14.8092,-0.1069
107329770,-0.06213,-1.73169,-0.07556,-130.0382,14.4046,123.4122,0.98096,-0.30688,-0.13232,-9.1832,13.7099,-1.7634
107330770,-0.40918,-0.86267,-1.01343,-126.1069,12.7023,121.3664,0.98279,-0.30688,-0.13184,-7.5573,12.5954,-3.4046
107331770,-0.38147,-0.53394,-0.94165,-123.0916,23.7176,129.3664,0.98474,-0.30676,-0.13147,-5.9389,11.4351,-5.0153
107332767,-0.14172,-0.82654,-0.21936,-126.2137,32.7099,139.6412,0.98608,-0.30579,-0.13135,-4.3588,10.2214,-6.5649
107333768,0.09448,-1.37183,0.15796,-129.7634,32.4351,145.0763,0.98694,-0.30383,-0.13184,-2.8550,8.9695,-8.0534
107334771,0.10461,-1.85449,0.10535,-126.0611,29.1679,143.8092,0.98657,-0.30249,-0.13342,-1.4046,7.6794,-9.4962
107335771,-0.06262,-1.84692,-0.08191,-120.0840,27.2901,138.2595,0.98499,-0.30249,-0.13562,-0.0076,6.3664,-10.8779
107336771,-0.18579,-1.37805,-0.37646,-120.4656,25.5191,135.3893,0.98279,-0.30371,-0.13782,1.3359,5.0153,-12.1985
107337771,-0.25696,-0.93103,-0.68079,-126.9160,22.3053,138.4733,0.97961,-0.30627,-0.14062,2.6565,3.6183,-13.4656
107338770,-0.14832,-1.05615,-0.51453,-125.5649,23.3740,145.0992,0.97742,-0.30920,-0.14465,3.9618,2.1679,-14.6870
107339770,0.10132,-1.75244,-0.01636,-112.2748,24.3282,147.6031,0.97705,-0.31201,-0.14746,5.2595,0.6336,-15.8779
107340771,0.18213,-2.00000,0.17322,-100.0458,21.2366,141.9695,0.97693,-0.31458,-0.14941,6.5725,-0.9389,-17.0229
107341770,0.16064,-2.00000,0.02820,-102.7328,18.0992,131.0076,0.97632,-0.31702,-0.15186,7.8855,-2.5420,-18.1069
107342770,0.17676,-2.00000,0.02576,-110.1679,19.3893,120.1832,0.97583,-0.31958,-0.15479,9.2137,-4.1527,-19.1527
107343771,0.20374,-2.00000,0.14600,-107.0763,20.4885,112.7939,0.97607,-0.32092,-0.15784,10.6107,-5.7557,-20.1527
107344771,0.18323,-1.96851,-0.02930,-94.6336,17.5115,109.2748,0.97668,-0.32043,-0.16089,12.0229,-7.3511,-21.0992
107345770,0.15271,-2.00000,-0.33936,-85.8397,13.3511,107.9542,0.97742,-0.31860,-0.16492,13.4275,-8.9389,-21.9924
107346771,0.12000,-2.00000,-0.47461,-92.2824,9.8702,103.7252,0.97717,-0.31531,-0.16870,14.8015,-10.5191,-22.8550
107347770,0.08081,-2.00000,-0.46130,-109.6183,6.8321,95.5267,0.97668,-0.31055,-0.16919,16.1221,-12.0534,-23.6641
107348770,0.03259,-1.84106,-0.55432,-120.7176,4.8397,88.6260,0.97607,-0.30603,-0.16760,17.3817,-13.5420,-24.4427
107349770,-0.05444,-1.44495,-0.75854,-114.8779,6.0611,87.6947,0.97571,-0.30151,-0.16663,18.5420,-14.9695,-25.1603
107350770,-0.11987,-1.56799,-0.97278,-105.0458,10.3664,91.2290,0.97632,-0.29590,-0.16565,19.5954,-16.3359,-25.8397
107351770,-0.10669,-1.84644,-1.02405,-106.0153,16.3130,94.6107,0.97852,-0.28955,-0.16345,20.5115,-17.6107,-26.4962
107352771,-0.00232,-1.96179,-0.73071,-113.4580,22.4275,94.4733,0.98181,-0.28320,-0.16101,21.2595,-18.8015,-27.1374
107353770,0.20386,-1.57141,-0.09839,-99.9924,24.2366,83.3817,0.98657,-0.27686,-0.15857,21.8397,-19.9008,-27.7176
107354770,0.15442,-1.45508,-0.38623,-85.8855,18.7863,78.7939,0.99377,-0.27112,-0.15515,22.2824,-20.9084,-28.2443
107355771,0.08911,-1.49121,-0.62122,-81.4733,15.0305,76.5573,1.00110,-0.26465,-0.15198,22.6031,-21.8244,-28.7328
107356771,0.10828,-1.58337,-0.65637,-84.5115,11.8244,73.5878,1.00732,-0.25818,-0.14917,22.7786,-22.6336,-29.1832
107357770,0.10083,-1.71619,-0.86670,-85.3435,6.8092,68.4656,1.01404,-0.25281,-0.14612,22.8168,-23.3359,-29.5496
107358770,-0.02197,-1.93921,-1.22827,-83.0153,3.8626,63.0916,1.02087,-0.24902,-0.14355,22.6870,-23.9237,-29.8092
107359771,-0.12988,-2.00000,-1.37964,-87.4809,6.7634,59.0076,1.02710,-0.24695,-0.14087,22.3969,-24.4198,-29.9924
107360771,-0.17761,-1.75806,-1.27393,-99.9924,12.9160,56.5344,1.03296,-0.24536,-0.13782,21.9771,-24.8168,-30.1145
107361771,-0.18799,-1.28137,-1.17017,-109.5344,19.1145,56.3206,1.03821,-0.24377,-0.13489,21.4427,-25.1221,-30.1679
107362770,-0.16064,-1.04175,-1.07361,-107.9313,25.2443,59.7099,1.04260,-0.24243,-0.13245,20.7710,-25.3359,-30.1527
107363770,-0.10205,-1.20923,-0.87573,-101.9160,29.9237,65.2443,1.04626,-0.24194,-0.13000,19.9924,-25.4656,-30.0992
107364770,-0.02966,-1.39478,-0.75500,-103.0611,30.2672,67.9924,1.05029,-0.24207,-0.12720,19.1374,-25.4809,-29.9771
107365768,0.01917,-1.30286,-0.72729,-107.3130,27.6641,66.3359,1.05530,-0.24329,-0.12537,18.2443,-25.3740,-29.7939
107366772,0.04333,-1.10522,-0.66528,-104.1679,24.4504,62.6947,1.06165,-0.24414,-0.12561,17.3511,-25.2137,-29.5725
107367771,0.01196,-1.04492,-0.70215,-92.7023,20.6870,59.1374,1.06799,-0.24390,-0.12573,16.4580,-25.0000,-29.2901
107368771,-0.07849,-1.14648,-0.91309,-81.6336,17.8397,55.5573,1.07263,-0.24341,-0.12463,15.5649,-24.7176,-28.9466
107369771,-0.14160,-1.20496,-1.06372,-77.8550,18.8550,51.0382,1.07617,-0.24341,-0.12354,14.6870,-24.3740,-28.5344
107370770,-0.15295,-1.12170,-0.99561,-77.0611,23.1374,46.1756,1.07983,-0.24402,-0.12329,13.8321,-23.9542,-28.0763
107371770,-0.15869,-0.99512,-0.92944,-72.2214,27.3130,42.0382,1.08313,-0.24438,-0.12146,12.9924,-23.4580,-27.6107
107372770,-0.17786,-0.96387,-0.98730,-63.3130,30.7176,39.9237,1.08508,-0.24438,-0.11768,12.1450,-22.8855,-27.1450
107373768,-0.19165,-0.99744,-1.03430,-57.1221,33.6183,39.5496,1.08667,-0.24426,-0.11572,11.2824,-22.2672,-26.6412
107374771,-0.18457,-0.84937,-1.03259,-56.9847,35.0916,39.0687,1.08862,-0.24463,-0.11487,10.4046,-21.5802,-26.0992
107375771,-0.15112,-0.60425,-0.99268,-56.8626,35.4275,39.8550,1.09155,-0.24536,-0.11230,9.5038,-20.8550,-25.5115
107376771,-0.10657,-0.66125,-0.90259,-51.1221,35.6794,43.6565,1.09558,-0.24548,-0.10913,8.5573,-20.0840,-24.9160
107377770,-0.10693,-1.03271,-0.88452,-42.4733,35.6260,47.0916,1.09961,-0.24426,-0.10608,7.5802,-19.2672,-24.2901
107378770,-0.15735,-1.26160,-0.99927,-37.0000,36.4198,45.5573,1.10303,-0.24329,-0.10315,6.5649,-18.3893,-23.6641
107379770,-0.19421,-1.12598,-1.07629,-35.3969,39.9542,40.8397,1.10669,-0.24329,-0.10046,5.4962,-17.4351,-23.0000
107380770,-0.19153,-0.87842,-0.98242,-32.3664,45.4809,37.3206,1.11133,-0.24329,-0.09814,4.4198,-16.4275,-22.2901
107381770,-0.14990,-0.79211,-0.83215,-23.5191,50.1603,35.3893,1.11658,-0.24304,-0.09656,3.3435,-15.3817,-21.5115
107382770,-0.07434,-0.90442,-0.71228,-11.2977,52.8779,33.1069,1.12109,-0.24353,-0.09595,2.2595,-14.2901,-20.6641
107383770,0.02600,-1.10254,-0.55408,-2.0458,53.6641,29.8702,1.12476,-0.24561,-0.09558,1.1832,-13.1679,-19.7863
107384770,0.13049,-1.19385,-0.35205,2.6870,52.1298,25.3664,1.12732,-0.24817,-0.09509,0.1069,-12.0534,-18.8473
107385770,0.20532,-1.09949,-0.20911,7.9695,47.9618,20.2824,1.12891,-0.25073,-0.09497,-0.9618,-10.9084,-17.8626
107386770,0.22278,-1.00159,-0.20874,16.2672,42.2290,16.9313,1.13074,-0.25256,-0.09363,-2.0382,-9.7099,-16.8473
107387770,0.15820,-1.09790,-0.37341,22.7328,35.9771,16.7863,1.13220,-0.25342,-0.09058,-3.1145,-8.4809,-15.8015
107388770,0.04688,-1.35291,-0.65637,20.3435,30.7557,18.9847,1.13293,-0.25391,-0.08862,-4.1985,-7.1985,-14.7328
107389770,-0.03564,-1.53162,-0.88782,7.5191,28.6260,21.4427,1.13501,-0.25549,-0.08765,-5.2290,-5.8702,-13.6641
107390768,-0.05566,-1.51953,-0.91223,-6.9695,30.4885,22.6947,1.13757,-0.25793,-0.08691,-6.1908,-4.5115,-12.5649
107391772,-0.04907,-1.37622,-0.83020,-13.6336,34.1450,22.2901,1.13940,-0.26013,-0.08691,-7.0916,-3.1221,-11.4351
107392770,-0.08325,-1.21423,-0.85864,-13.7252,37.0000,21.5802,1.14087,-0.26196,-0.08606,-7.9237,-1.7252,-10.2519
107393770,-0.11670,-1.12378,-0.91870,-16.0534,39.5191,22.2901,1.14209,-0.26355,-0.08362,-8.6794,-0.3053,-9.0382
107394770,-0.08472,-1.08569,-0.85620,-23.6412,41.3053,23.6641,1.14343,-0.26501,-0.08008,-9.3893,1.1374,-7.8626
107395770,-0.01257,-1.08264,-0.71790,-28.9847,41.0153,23.8550,1.14368,-0.26697,-0.07739,-10.0534,2.6031,-6.7328
107396768,0.03931,-1.14478,-0.67822,-26.7786,37.9924,22.2061,1.14258,-0.26953,-0.07568,-10.6412,4.0687,-5.6260
107397771,0.02576,-1.22180,-0.75012,-20.2366,34.3740,19.2290,1.14050,-0.27209,-0.07446,-11.1450,5.5038,-4.5649
107398771,-0.03003,-1.13708,-0.83484,-16.1527,32.2214,15.6336,1.13782,-0.27417,-0.07324,-11.6031,6.8702,-3.5954
107399770,-0.08923,-0.84143,-0.89465,-15.4962,32.1603,13.1298,1.13403,-0.27612,-0.07288,-12.0305,8.1527,-2.7328
107400771,-0.12866,-0.60095,-0.90857,-14.1679,34.0534,13.6489,1.12891,-0.27686,-0.07361,-12.4198,9.4046,-1.9466
107401770,-0.14868,-0.63623,-0.92480,-10.6336,36.9618,16.3893,1.12427,-0.27637,-0.07458,-12.7710,10.5878,-1.2519
107402770,-0.16467,-0.85681,-0.97717,-7.7863,39.8015,18.7023,1.11987,-0.27563,-0.07556,-13.0992,11.6794,-0.6947
107403770,-0.15588,-1.02820,-1.02844,-8.9389,42.1298,19.2214,1.11572,-0.27429,-0.07715,-13.4198,12.7176,-0.2672
107404768,-0.11792,-1.08936,-0.99243,-11.2214,43.6947,18.9542,1.11267,-0.27344,-0.07947,-13.7099,13.7481,0.1145
107405771,-0.08594,-1.13293,-0.92383,-10.2977,43.4046,18.5725,1.11011,-0.27234,-0.08215,-13.9542,14.7099,0.4122
107406771,-0.08313,-1.17834,-0.94006,-6.9466,41.3740,17.7481,1.10669,-0.26978,-0.08533,-14.1221,15.5878,0.5725
107407771,-0.10010,-1.22290,-0.98523,-4.6107,39.5802,16.7557,1.10254,-0.26648,-0.08972,-14.2214,16.4351,0.6107
107408771,-0.11646,-1.24744,-0.98718,-4.4885,39.2519,15.3740,1.09778,-0.26282,-0.09607,-14.2519,17.2748,0.5954
107409771,-0.13989,-1.23853,-1.01660,-4.2137,40.0458,13.2137,1.09265,-0.25977,-0.10010,-14.1832,18.0992,0.5496
107410770,-0.18152,-1.21216,-1.13464,-2.3435,41.9542,10.4046,1.08667,-0.25635,-0.10205,-14.0687,18.8321,0.4580
107411770,-0.22351,-1.18298,-1.26819,-0.0763,45.4122,7.6718,1.08057,-0.25281,-0.10522,-13.9771,19.4733,0.3053
107412770,-0.23450,-1.14050,-1.28125,1.0229,50.2901,5.3511,1.07446,-0.24988,-0.10986,-13.9084,20.0305,0.0153
107413770,-0.20679,-1.07507,-1.14771,1.4885,54.8397,3.3435,1.06152,-0.24780,-0.11963,-13.8550,20.9618,-0.6641
107414770,-0.21301,-1.05261,-0.97363,3.4122,57.0611,1.8244,1.05566,-0.24683,-0.12390,-13.8397,21.3359,-1.0153
107415768,-0.26062,-1.15747,-0.97925,5.9542,55.9618,1.0000,1.05090,-0.24597,-0.12769,-13.8244,21.6718,-1.3588
107416772,-0.30457,-1.32788,-1.20264,5.1298,53.6565,0.5649,1.04651,-0.24622,-0.13184,-13.7939,21.9237,-1.6718
107417770,-0.33691,-1.39575,-1.32556,-0.7786,53.2366,0.0382,1.04211,-0.24780,-0.13708,-13.7710,22.0687,-1.9618
107418770,-0.33862,-1.23242,-1.24744,-9.7634,54.2595,-0.8779,1.03699,-0.25012,-0.14233,-13.7252,22.1298,-2.2214
107419768,-0.35144,-0.95874,-1.19678,-16.9084,54.9466,-0.5802,1.03174,-0.25281,-0.14624,-13.6183,22.1069,-2.4580
107420768,-0.38599,-0.89307,-1.20911,-20.4504,56.6107,2.7328,1.02551,-0.25598,-0.14954,-13.4580,22.0000,-2.6641
107421768,-0.38989,-1.05420,-1.19092,-25.7405,59.8702,7.2901,1.01929,-0.25952,-0.15320,-13.2901,21.8168,-2.8092
107422768,-0.37085,-1.13171,-1.14575,-36.4046,63.4427,9.8702,1.01392,-0.26233,-0.15735,-13.1069,21.5649,-2.9160
107423768,-0.35596,-0.93506,-1.08289,-48.1985,66.2595,9.9466,1.00879,-0.26489,-0.16113,-12.8855,21.2595,-3.0229
107424768,-0.31189,-0.66602,-0.90942,-53.3206,68.6183,10.3130,1.00403,-0.26782,-0.16443,-12.6336,20.8931,-3.1374
107425768,-0.23901,-0.61365,-0.68091,-51.6336,68.8931,12.5344,1.00037,-0.27100,-0.16846,-12.3740,20.4656,-3.2290
107426772,-0.17981,-0.77271,-0.54443,-48.5725,66.8092,14.8779,0.99792,-0.27368,-0.17224,-12.1221,19.9771,-3.3130
107427771,-0.11743,-0.92432,-0.44495,-46.8931,64.4809,14.8626,0.99622,-0.27527,-0.17566,-11.8550,19.4351,-3.3817
107428770,-0.06165,-0.91138,-0.33594,-44.1832,62.7405,12.1298,0.99390,-0.27637,-0.17773,-11.5191,18.8473,-3.4504
107429771,-0.06274,-0.82080,-0.31226,-38.0916,60.7023,9.1450,0.99036,-0.27710,-0.17883,-11.1298,18.2290,-3.5115
107430770,-0.11609,-0.81970,-0.42859,-32.5267,58.5344,8.2824,0.98633,-0.27734,-0.18066,-10.6794,17.5878,-3.5954
107431770,-0.14819,-0.93030,-0.52832,-32.5191,57.6336,9.4198,0.98230,-0.27649,-0.18347,-10.2137,16.9160,-3.6718
107432770,-0.11938,-1.02563,-0.51562,-37.3969,57.7023,10.2901,0.97937,-0.27502,-0.18616,-9.7023,16.2214,-3.7405
107433770,-0.06128,-1.04651,-0.42932,-40.8550,57.7863,9.8321,0.97693,-0.27368,-0.18811,-9.1832,15.5038,-3.8244
107434770,-0.04114,-1.00610,-0.35803,-40.8626,56.9389,8.4504,0.97314,-0.27173,-0.18933,-8.6947,14.7634,-3.9542
107435767,-0.09143,-0.88049,-0.36926,-40.9160,55.0611,7.3435,0.96924,-0.26892,-0.18982,-8.2061,14.0000,-4.1145
107436768,-0.13086,-0.70251,-0.40784,-43.7405,53.3664,7.8779,0.96521,-0.26599,-0.18982,-7.7023,13.2137,-4.2824
107437772,-0.11182,-0.63538,-0.39441,-47.2977,52.1450,10.8626,0.96179,-0.26331,-0.18872,-7.2290,12.4122,-4.4504
107438770,-0.06250,-0.81067,-0.33875,-47.8244,50.8855,14.8092,0.96057,-0.25989,-0.18726,-6.8015,11.5878,-4.6260
107439770,-0.02454,-1.05664,-0.39319,-45.8626,48.8550,16.3511,0.96021,-0.25671,-0.18677,-6.3969,10.7481,-4.8473
107440770,-0.03760,-1.11816,-0.54016,-43.8779,47.4198,14.7481,0.96045,-0.25452,-0.18640,-6.0305,9.8702,-5.0992
107441770,-0.07410,-0.96521,-0.63538,-44.4809,47.4427,12.7176,0.96167,-0.25232,-0.18567,-5.6947,8.9695,-5.3588
107442770,-0.10120,-0.77808,-0.69360,-46.6947,47.8931,12.7099,0.96289,-0.25037,-0.18567,-5.3817,8.0611,-5.6183
107443770,-0.13123,-0.76721,-0.78491,-47.6260,48.1221,14.4046,0.96399,-0.24939,-0.18506,-5.0840,7.1527,-5.8855
107444771,-0.13916,-0.95959,-0.88550,-47.6718,49.2366,15.9008,0.96436,-0.24866,-0.18298,-4.7710,6.2519,-6.1221
107445771,-0.11633,-1.19312,-0.88123,-49.3664,51.7328,15.8092,0.96301,-0.24792,-0.18054,-4.4656,5.3664,-6.3435
107446770,-0.07471,-1.26062,-0.74658,-53.5191,54.6107,13.9237,0.96191,-0.24792,-0.17847,-4.1527,4.4656,-6.5649
107447770,-0.01514,-1.13599,-0.57019,-57.7634,56.5344,11.9389,0.96204,-0.24866,-0.17664,-3.8550,3.5420,-6.7710
107448770,0.02148,-0.99573,-0.45081,-60.1374,56.7252,11.7786,0.96265,-0.25000,-0.17480,-3.5725,2.6031,-6.9771
107449770,0.03992,-0.95471,-0.43359,-61.4427,55.4427,13.1450,0.96362,-0.25146,-0.17297,-3.3053,1.6794,-7.1908
107450770,0.06299,-1.00867,-0.48511,-63.1756,53.1908,14.7634,0.96460,-0.25220,-0.17029,-3.0305,0.7557,-7.4427
107451768,0.08752,-1.10425,-0.51453,-65.6794,50.7634,15.6183,0.96570,-0.25220,-0.16748,-2.7405,-0.1527,-7.6947
107452772,0.12231,-1.17480,-0.47400,-67.5878,48.4427,15.1374,0.96753,-0.25195,-0.16577,-2.4275,-1.0534,-7.9542
107453770,0.14331,-1.17493,-0.41345,-68.3130,45.8397,13.5191,0.97009,-0.25122,-0.16406,-2.0992,-1.9771,-8.2290
107454770,0.12585,-1.08752,-0.40222,-69.6336,43.0305,11.8473,0.97168,-0.25012,-0.16162,-1.7710,-2.9084,-8.5191
107455770,0.08972,-0.92932,-0.45349,-72.7176,40.8015,11.0000,0.97266,-0.24902,-0.16077,-1.3969,-3.8092,-8.8321
107456770,0.05457,-0.81543,-0.53625,-74.9695,39.7481,11.5115,0.97412,-0.24768,-0.16064,-0.9389,-4.6947,-9.1221
107457770,0.03247,-0.86145,-0.61707,-74.0229,40.0153,12.8550,0.97546,-0.24658,-0.15967,-0.4504,-5.5878,-9.4351
107458770,0.02417,-1.00269,-0.64465,-70.4198,41.4122,13.1756,0.97729,-0.24536,-0.15906,0.0382,-6.5191,-9.7786
107459770,0.02881,-1.03625,-0.59888,-66.5267,43.3511,11.0305,0.97888,-0.24329,-0.15808,0.4962,-7.4504,-10.1756
107460768,0.03479,-0.90601,-0.54688,-63.2748,44.7863,8.1069,0.97974,-0.24048,-0.15613,0.9084,-8.3740,-10.5954
107461768,0.03064,-0.80933,-0.52368,-60.3893,45.5191,7.1603,0.97998,-0.23718,-0.15417,1.2901,-9.2595,-11.0229
107462768,0.03796,-0.89880,-0.54199,-59.0534,45.6489,8.2366,0.98010,-0.23401,-0.15271,1.6718,-10.0992,-11.4656
107463771,0.06042,-1.08142,-0.57483,-59.7252,45.8626,8.8092,0.98132,-0.23181,-0.15186,2.0153,-10.9466,-11.9160
107464771,0.08154,-1.12915,-0.54565,-60.0534,46.6336,6.5725,0.98340,-0.23083,-0.15100,2.3206,-11.7710,-12.3511
107465771,0.09790,-0.94690,-0.44543,-56.9160,47.4809,2.2672,0.98523,-0.22961,-0.14966,2.6183,-12.5420,-12.8092
107466771,0.10242,-0.68823,-0.34985,-50.6489,47.2290,-0.8550,0.98779,-0.22852,-0.14758,2.8855,-13.2672,-13.2901
107467770,0.10693,-0.56250,-0.28540,-44.6641,45.8931,-0.8473,0.99060,-0.22827,-0.14429,3.1527,-13.9695,-13.7481
107468770,0.14832,-0.59766,-0.19983,-41.2061,44.1450,0.8397,0.99219,-0.22888,-0.14172,3.4122,-14.6565,-14.1679
107469770,0.20532,-0.71045,-0.10681,-38.4580,41.7786,2.0763,0.99353,-0.23047,-0.13953,3.6947,-15.3053,-14.5573
107470771,0.21716,-0.82544,-0.09924,-34.0076,38.3588,1.9542,0.99536,-0.23230,-0.13770,3.9771,-15.8702,-14.9313
107471771,0.16882,-0.86230,-0.23145,-28.5344,34.4656,0.7786,0.99670,-0.23438,-0.13806,4.2595,-16.3893,-15.2824
107472771,0.08899,-0.80298,-0.42712,-24.3817,31.5420,-0.1298,0.99707,-0.23669,-0.13965,4.5115,-16.8855,-15.6031
107473771,0.01477,-0.74316,-0.58264,-22.7405,30.1832,0.5191,0.99683,-0.23950,-0.14111,4.7328,-17.3588,-15.8779
107474771,-0.04883,-0.75513,-0.68103,-23.4733,30.0382,2.2824,0.99646,-0.24182,-0.13965,4.9389,-17.7557,-16.1145
107475770,-0.11792,-0.78113,-0.76636,-25.5878,30.7863,3.6947,0.99731,-0.24316,-0.13660,5.1679,-18.0916,-16.2672
107476770,-0.17322,-0.81482,-0.87000,-27.5115,32.7863,5.0458,0.99963,-0.24365,-0.13611,5.3664,-18.3969,-16.3740
107477770,-0.20117,-1.00208,-0.97180,-27.4733,36.0305,7.5496,1.00195,-0.24353,-0.13721,5.4885,-18.6565,-16.4504
107478770,-0.18738,-1.28906,-0.99353,-25.6794,40.8702,9.1069,1.00378,-0.24304,-0.13672,5.5420,-18.8626,-16.4885
107479771,-0.12659,-1.39221,-0.87341,-23.2061,46.4733,7.1374,1.00549,-0.24231,-0.13501,5.5725,-19.0305,-16.4580
107480770,-0.06506,-1.25488,-0.70312,-21.9008,50.2519,3.8168,1.00781,-0.24097,-0.13416,5.5496,-19.1374,-16.3053
107481770,-0.02881,-1.14490,-0.62195,-22.6260,51.0382,3.2672,1.01001,-0.23901,-0.13403,5.4656,-19.2061,-16.0840
107482770,0.01318,-1.23743,-0.58423,-23.3817,50.7634,4.5725,1.01208,-0.23718,-0.13318,5.3282,-19.2443,-15.8397
107483767,0.08508,-1.37939,-0.49609,-21.8244,50.7939,3.4656,1.01501,-0.23547,-0.13123,5.1069,-19.2290,-15.5878
107484771,0.14099,-1.41125,-0.39893,-17.9008,50.2824,-0.6260,1.01770,-0.23267,-0.12817,4.8092,-19.1527,-15.2824
107485770,0.12537,-1.31274,-0.38245,-14.9847,48.1298,-5.0000,1.01941,-0.22925,-0.12524,4.4351,-19.0534,-14.9008
107486771,0.07983,-1.12927,-0.38330,-15.8321,45.7481,-7.3817,1.02197,-0.22644,-0.12317,3.9771,-18.9389,-14.4504
107487770,0.15234,-0.96692,-0.13708,-19.7939,42.5344,-5.3359,1.02405,-0.22498,-0.12170,3.4580,-18.8015,-13.9237
107488770,0.18274,-1.09375,-0.11755,-15.7328,39.7557,-4.3969,1.02527,-0.22437,-0.11938,2.8855,-18.6260,-13.3435
107489770,0.15771,-1.17395,-0.20581,-9.3206,37.0687,-5.8321,1.02625,-0.22388,-0.11658,2.2901,-18.4046,-12.7328
107490768,0.10535,-1.09778,-0.28442,-5.1374,35.2061,-8.1450,1.02710,-0.22278,-0.11511,1.6489,-18.1069,-12.0992
107491768,0.06177,-0.97522,-0.32971,-5.0000,33.2901,-8.4885,1.02856,-0.22314,-0.11377,0.9771,-17.7786,-11.4122
107492772,0.05347,-1.01013,-0.38550,-6.6947,31.1756,-6.2061,1.03137,-0.22559,-0.11218,0.3282,-17.4427,-10.6947
107493771,0.06165,-1.22375,-0.42468,-7.4351,30.0458,-4.0611,1.03516,-0.22791,-0.11157,-0.3053,-17.0916,-9.9160
107494770,0.03748,-1.33557,-0.47449,-7.5191,29.9084,-5.4733,1.03894,-0.22937,-0.11157,-0.9313,-16.6870,-9.0916
107495770,-0.02393,-1.17078,-0.60156,-8.2595,30.3359,-8.9542,1.04138,-0.23059,-0.11304,-1.5496,-16.2366,-8.2443
107496770,-0.06091,-1.00977,-0.68738,-9.6870,32.1679,-9.3359,1.04224,-0.23315,-0.11414,-2.1374,-15.7710,-7.3740
107497768,-0.00854,-1.14148,-0.55420,-11.2595,35.4427,-6.1221,1.04211,-0.23669,-0.11279,-2.7023,-15.3053,-6.5038
107498767,0.11902,-1.40015,-0.26770,-12.3359,37.9466,-4.5344,1.04224,-0.23987,-0.11121,-3.2290,-14.8244,-5.5954
107499766,0.21826,-1.49927,-0.07373,-12.0916,37.2290,-7.0153,1.04248,-0.24280,-0.11157,-3.7481,-14.3282,-4.6565
107500769,0.21509,-1.43677,-0.06799,-10.6794,33.7939,-10.6870,1.04285,-0.24622,-0.11218,-4.2443,-13.7786,-3.7557
107501767,0.15979,-1.34412,-0.16956,-9.2901,29.4656,-12.9924,1.04346,-0.24976,-0.11157,-4.7099,-13.2137,-2.8931
107502771,0.12622,-1.31128,-0.26270,-8.2366,25.6412,-13.8397,1.04382,-0.25244,-0.11145,-5.1298,-12.6794,-2.0611
107503771,0.13135,-1.38745,-0.26160,-7.7176,22.6183,-14.0763,1.04468,-0.25452,-0.11230,-5.5344,-12.1527,-1.2214
107504771,0.13745,-1.47803,-0.21558,-8.6718,19.7786,-15.3893,1.04480,-0.25623,-0.11230,-5.8931,-11.6107,-0.3817
107505771,0.09619,-1.42322,-0.25574,-10.6260,17.0840,-18.4046,1.04370,-0.25745,-0.11206,-6.2061,-11.0305,0.4198
107506770,0.02380,-1.25378,-0.38184,-12.1985,15.9466,-20.9618,1.04248,-0.25830,-0.11243,-6.4656,-10.4504,1.2214
107507770,-0.02747,-1.15100,-0.48914,-13.4198,16.7176,-20.9237,1.04211,-0.25952,-0.11194,-6.6794,-9.9084,1.9847
107508770,-0.03259,-1.17065,-0.52344,-14.6336,18.3053,-19.4580,1.04211,-0.26111,-0.11206,-6.8473,-9.3511,2.7023
107509770,-0.00098,-1.22900,-0.49524,-14.6947,19.4351,-18.6412,1.04065,-0.26270,-0.11194,-7.0153,-8.7786,3.3664
107510768,0.02368,-1.24915,-0.46118,-13.2366,19.2137,-19.1374,1.03918,-0.26404,-0.11072,-7.1679,-8.2137,3.9695
107511771,0.01917,-1.18774,-0.46350,-11.1679,17.8626,-20.4046,1.03735,-0.26416,-0.10791,-7.4427,-7.1679,5.1069
107512771,0.00757,-1.07446,-0.50708,-9.5038,16.2137,-21.1603,1.03601,-0.26392,-0.10522,-7.5649,-6.6489,5.6183
107513771,-0.00513,-1.01758,-0.57812,-8.6641,14.8397,-20.5725,1.03442,-0.26367,-0.10217,-7.6489,-6.1069,6.0840
107514771,-0.02673,-1.05774,-0.70837,-8.7863,13.9389,-19.7634,1.03284,-0.26318,-0.10071,-7.7023,-5.5573,6.4962
107515770,-0.05774,-1.11816,-0.89343,-9.6031,14.2977,-20.1450,1.03174,-0.26343,-0.10083,-7.7099,-5.0229,6.8626
107516770,-0.09180,-1.13635,-0.97632,-12.2901,16.9771,-21.1374,1.02991,-0.26428,-0.10168,-7.6870,-4.5115,7.1756
107517770,-0.09363,-1.11707,-0.89160,-18.1679,20.8473,-21.3588,1.02686,-0.26440,-0.10303,-7.6412,-4.0000,7.4198
107518770,-0.05994,-1.10278,-0.80493,-24.7710,23.6260,-20.5420,1.02393,-0.26440,-0.10315,-7.5802,-3.5420,7.6183
107519770,-0.03003,-1.16882,-0.80530,-28.0992,25.2748,-19.1145,1.02100,-0.26428,-0.10327,-7.4885,-3.1298,7.7939
107520770,-0.00354,-1.30737,-0.80273,-29.1069,26.8092,-17.8779,1.01794,-0.26379,-0.10425,-7.3893,-2.7481,7.9237
107521770,0.01111,-1.38245,-0.75647,-31.8473,27.5191,-17.3893,1.01611,-0.26306,-0.10474,-7.3130,-2.4046,7.9847
107522770,0.00720,-1.30603,-0.70105,-37.3053,26.8779,-17.2443,1.01526,-0.26257,-0.10510,-7.2595,-2.0916,8.0076
107523770,0.02185,-1.18030,-0.64233,-42.5573,25.7176,-16.3588,1.01428,-0.26221,-0.10632,-7.2366,-1.8092,8.0076
107524770,0.05872,-1.16797,-0.54272,-44.5649,25.2366,-14.9084,1.01318,-0.26135,-0.10864,-7.2061,-1.5649,7.9695
107525770,0.09326,-1.21899,-0.45667,-43.9542,25.1679,-14.9924,1.01294,-0.26074,-0.11145,-7.1603,-1.3588,7.9313
107526770,0.10315,-1.17126,-0.44568,-43.3130,25.1756,-17.4656,1.01343,-0.26074,-0.11389,-7.1069,-1.1908,7.8550
107527770,0.09827,-1.05676,-0.43872,-43.8855,25.4580,-20.1298,1.01294,-0.25989,-0.11658,-7.0687,-1.0229,7.7710
107528771,0.10950,-1.03601,-0.39099,-44.7634,25.4962,-21.2519,1.01086,-0.25842,-0.11951,-7.0382,-0.8626,7.7099
107529771,0.13037,-1.13501,-0.33289,-44.9618,24.3588,-21.8550,1.00806,-0.25757,-0.12268,-6.9695,-0.7481,7.6183
107530770,0.15503,-1.22644,-0.29578,-45.6565,21.9618,-23.3130,1.00549,-0.25769,-0.12671,-6.8550,-0.6870,7.4809
107531770,0.16101,-1.23120,-0.30139,-47.5191,18.6183,-24.8702,1.00305,-0.25781,-0.13123,-6.6870,-0.6489,7.3053
107532770,0.12390,-1.15979,-0.36292,-49.8702,15.0076,-25.4351,1.00037,-0.25806,-0.13721,-6.4733,-0.6107,7.1527
107533770,0.07324,-1.02441,-0.44531,-52.5344,12.4046,-24.8244,0.99622,-0.25879,-0.14319,-6.2214,-0.5802,7.0229
107534770,0.02222,-0.90161,-0.49854,-55.5878,11.2748,-22.8550,0.99146,-0.25891,-0.14807,-5.9542,-0.5802,6.8855
107535770,-0.01514,-0.85425,-0.51416,-58.8855,11.5038,-20.1298,0.98779,-0.25818,-0.15259,-5.6489,-0.6336,6.7328
107536770,-0.01123,-0.86572,-0.52405,-61.9160,12.4504,-17.8626,0.98523,-0.25708,-0.15601,-5.2977,-0.7328,6.5725
107537770,0.01831,-0.93457,-0.53662,-64.3130,13.4351,-16.4046,0.98328,-0.25598,-0.15845,-4.9542,-0.8550,6.4046
107538768,0.05701,-1.05737,-0.55139,-66.2824,13.8931,-15.7405,0.98132,-0.25513,-0.15991,-4.6412,-1.0000,6.2061
107539771,0.09253,-1.14355,-0.55823,-67.4885,13.5420,-16.8015,0.97961,-0.25403,-0.15979,-4.3511,-1.2061,5.9771
107540771,0.11438,-1.11609,-0.54468,-66.9695,12.3817,-19.8244,0.97827,-0.25208,-0.15869,-4.0763,-1.4580,5.7405
107541771,0.11780,-1.02026,-0.53113,-64.1908,10.6412,-23.6183,0.97620,-0.25024,-0.15857,-3.8244,-1.7328,5.5267
107542770,0.09155,-0.91968,-0.55017,-60.0840,8.7176,-27.4351,0.97449,-0.24915,-0.15894,-3.6031,-2.0000,5.3511
107543770,0.06091,-0.81409,-0.58472,-56.4733,7.7405,-31.0534,0.97327,-0.25000,-0.15979,-3.4122,-2.2824,5.2137
107544770,0.05493,-0.72705,-0.58472,-54.0687,8.2061,-33.7099,0.97253,-0.25232,-0.15967,-3.2443,-2.5954,5.0611
107545770,0.05469,-0.69104,-0.57983,-52.3435,9.4046,-35.1908,0.97290,-0.25427,-0.15796,-3.0992,-2.9389,4.9237
107546770,0.04211,-0.66724,-0.59729,-50.5573,10.9008,-36.1145,0.97302,-0.25610,-0.15820,-2.9771,-3.3130,4.7863
107547770,0.02905,-0.61841,-0.62000,-49.0916,12.4580,-36.4046,0.97241,-0.25842,-0.15869,-2.8626,-3.7099,4.6718
107548770,0.02783,-0.54578,-0.61621,-48.9313,13.6794,-35.5649,0.97217,-0.26086,-0.15784,-2.7176,-4.1145,4.5878
107549770,0.04590,-0.44653,-0.55603,-49.9695,14.1221,-33.8702,0.97205,-0.26428,-0.15588,-2.5649,-4.4809,4.5344
107550770,0.08557,-0.34033,-0.45496,-50.7023,13.3282,-31.7557,0.97192,-0.26868,-0.15430,-2.3817,-4.8397,4.4809
107551770,0.12134,-0.29456,-0.38232,-49.9160,11.0763,-29.3511,0.97144,-0.27222,-0.15417,-2.1756,-5.1908,4.4275
107552770,0.12781,-0.33154,-0.39355,-48.0763,7.9695,-27.1145,0.97119,-0.27417,-0.15356,-1.9313,-5.5573,4.3588
107553770,0.10437,-0.39062,-0.46436,-46.4580,5.0687,-25.6565,0.97168,-0.27502,-0.15247,-1.6718,-5.9237,4.2977
107554770,0.05688,-0.40649,-0.54651,-45.5420,3.0611,-25.0458,0.97253,-0.27576,-0.15100,-1.3664,-6.2748,4.2443
107555770,0.00195,-0.37427,-0.60986,-44.2214,2.2443,-25.0458,0.97253,-0.27527,-0.14978,-0.9847,-6.6489,4.1603
107556770,-0.02856,-0.31091,-0.65039,-41.8015,2.5191,-25.3969,0.97253,-0.27466,-0.14905,-0.5802,-7.0687,4.0611
107557770,-0.03577,-0.24146,-0.67676,-39.0534,3.3740,-25.5267,0.97290,-0.27515,-0.14795,-0.1756,-7.4504,3.9313
107558770,-0.02527,-0.22498,-0.69434,-36.7710,4.5496,-24.8015,0.97339,-0.27356,-0.14636,0.2137,-7.8092,3.7252
107559770,-0.00195,-0.29480,-0.71082,-34.6870,5.8397,-23.4962,0.97351,-0.27026,-0.14417,0.6107,-8.1756,3.4962
107560770,0.00830,-0.41992,-0.71008,-32.0153,7.1145,-22.5191,0.97388,-0.26733,-0.14233,1.0229,-8.5496,3.2366
107561770,-0.00696,-0.50562,-0.72192,-29.8168,7.7405,-22.4580,0.97498,-0.26526,-0.14062,1.4046,-8.9237,2.9160
107562770,-0.04456,-0.48157,-0.77332,-29.3588,7.6947,-22.7252,0.97668,-0.26331,-0.13879,1.7634,-9.2977,2.5191
107563770,-0.08228,-0.35974,-0.81104,-30.5802,7.7710,-22.3053,0.97937,-0.26147,-0.13708,2.1221,-9.6641,2.0992
107564770,-0.08826,-0.22534,-0.78247,-31.7252,8.4733,-20.6336,0.98218,-0.25940,-0.13464,2.4885,-10.0076,1.6794
107565768,-0.06738,-0.19714,-0.72131,-31.3435,9.1450,-17.8473,0.98523,-0.25647,-0.13208,2.8244,-10.3130,1.2901
107566771,-0.04895,-0.29858,-0.70349,-30.1145,9.4275,-15.0153,0.98877,-0.25391,-0.13025,3.0916,-10.5725,0.8626
107567771,-0.04065,-0.42871,-0.69788,-29.3435,9.9008,-13.2672,0.99170,-0.25195,-0.13025,3.3206,-10.8168,0.4275
107568770,-0.03259,-0.45850,-0.66663,-30.0992,10.4427,-12.8092,0.99451,-0.25012,-0.13074,3.5038,-11.0534,-0.0153
107569770,-0.03198,-0.39172,-0.64795,-31.5267,10.2137,-12.3740,0.99744,-0.24866,-0.13025,3.6718,-11.2672,-0.4275
107570770,-0.03577,-0.33459,-0.64966,-32.0534,9.4885,-11.0305,1.00037,-0.24805,-0.12854,3.8244,-11.4580,-0.8168
107571770,-0.02686,-0.34375,-0.63208,-30.7481,8.9924,-9.3740,1.00354,-0.24768,-0.12646,3.9389,-11.6565,-1.1603
107572770,-0.01758,-0.40222,-0.59583,-27.9847,8.7786,-8.3588,1.00647,-0.24792,-0.12427,4.0229,-11.8397,-1.4198
107573770,-0.02966,-0.46301,-0.60120,-25.0992,8.5802,-8.2366,1.00964,-0.24841,-0.12256,4.0763,-11.9771,-1.6336
107574770,-0.07336,-0.47107,-0.62793,-22.9542,8.9237,-8.7939,1.01294,-0.24890,-0.12122,4.1221,-12.0840,-1.8168
107575770,-0.11658,-0.36108,-0.61072,-21.3359,10.2901,-9.8550,1.01562,-0.24951,-0.12012,4.1450,-12.1603,-1.9924
107576770,-0.13708,-0.18860,-0.59436,-18.2595,11.7939,-10.5115,1.01855,-0.25049,-0.11975,4.1756,-12.2061,-2.0840
107577770,-0.14209,-0.12256,-0.59424,-12.3969,13.1374,-9.8702,1.02148,-0.25159,-0.11816,4.1985,-12.2214,-2.1145
107578770,-0.11133,-0.22095,-0.56604,-5.9389,14.3817,-8.4198,1.02405,-0.25232,-0.11621,4.2214,-12.2290,-2.0840
107579770,-0.06311,-0.36401,-0.47888,-1.8168,15.0992,-7.3969,1.02649,-0.25269,-0.11475,4.2595,-12.2061,-2.0153
107580770,-0.02600,-0.42139,-0.37512,0.1221,14.8397,-7.2214,1.02881,-0.25342,-0.11267,4.2824,-12.1298,-1.9084
107581770,-0.00452,-0.38147,-0.31714,2.7786,13.7634,-7.3206,1.03137,-0.25354,-0.10950,4.2824,-12.0534,-1.7557
107582770,-0.01465,-0.32251,-0.31177,7.3206,12.2824,-6.8244,1.03406,-0.25317,-0.10779,4.2595,-12.0000,-1.5649
107583770,-0.03271,-0.30774,-0.35767,11.3130,10.9084,-5.3435,1.03552,-0.25403,-0.10669,4.2290,-11.9695,-1.3359
107584770,-0.03711,-0.41333,-0.43726,12.5344,9.5038,-2.6565,1.03589,-0.25574,-0.10522,4.1756,-11.9389,-1.0763
107585770,-0.03625,-0.66418,-0.53845,9.7252,7.9847,0.5878,1.03625,-0.25793,-0.10486,4.1145,-11.8855,-0.7786
107586770,-0.03455,-0.91003,-0.60767,3.2748,7.0916,2.7176,1.03662,-0.25952,-0.10461,4.0687,-11.8092,-0.4885
107587770,-0.02600,-0.96155,-0.57214,-3.4656,7.7176,2.4351,1.03625,-0.26013,-0.10425,4.0229,-11.7176,-0.2214
107588770,-0.03394,-0.80310,-0.51514,-6.7023,8.6718,0.6031,1.03528,-0.26074,-0.10474,3.9924,-11.6107,0.0458
107589770,-0.08093,-0.62439,-0.55615,-6.5038,9.0763,-0.2290,1.03467,-0.26147,-0.10596,4.0000,-11.4885,0.3435
107590767,-0.12073,-0.60059,-0.65076,-7.0916,9.5725,1.1527,1.03442,-0.26208,-0.10669,4.0382,-11.3511,0.6412
107591768,-0.11060,-0.72656,-0.65881,-10.3817,10.8779,3.2824,1.03418,-0.26221,-0.10645,4.0763,-11.1908,0.9084
107592771,-0.06042,-0.85266,-0.56714,-13.6107,12.1908,3.6183,1.03455,-0.26208,-0.10608,4.0840,-11.0305,1.1450
107593771,-0.02808,-0.85669,-0.48999,-12.9160,12.5420,1.5420,1.03528,-0.26160,-0.10583,4.0611,-10.8473,1.3893
107594771,-0.06470,-0.73511,-0.48804,-9.0687,12.0534,-1.1679,1.03516,-0.26074,-0.10718,4.0534,-10.6489,1.6489
107595770,-0.12915,-0.53870,-0.54956,-6.4809,11.6565,-2.2977,1.03479,-0.25903,-0.10938,4.0687,-10.4656,1.8702
107596770,-0.15833,-0.38660,-0.60486,-6.2672,11.8855,-0.8168,1.03406,-0.25708,-0.11072,4.0763,-10.2901,2.0611
107597768,-0.13440,-0.41675,-0.59497,-5.4427,12.7176,2.2061,1.03320,-0.25537,-0.11230,4.0458,-10.0916,2.2290
107598771,-0.08813,-0.60669,-0.54846,-2.1756,13.4733,4.2977,1.03271,-0.25476,-0.11426,3.9695,-9.8702,2.3817
107599771,-0.07532,-0.76355,-0.54846,1.0305,13.4122,4.1374,1.03284,-0.25476,-0.11548,3.8855,-9.6489,2.5191
107600771,-0.09375,-0.75391,-0.58972,0.7099,13.0305,3.2748,1.03296,-0.25415,-0.11670,3.8015,-9.4580,2.6260
107601771,-0.09875,-0.65479,-0.57678,-2.3053,13.1832,3.8626,1.03320,-0.25317,-0.11877,3.7099,-9.2977,2.6947
107602770,-0.07251,-0.60278,-0.49487,-4.2977,13.5573,5.7176,1.03308,-0.25110,-0.12012,3.6107,-9.1679,2.7252
107603770,-0.03857,-0.64478,-0.43213,-3.4046,13.3359,7.3206,1.03296,-0.24854,-0.12000,3.4962,-9.0382,2.7481
107604770,-0.02502,-0.73096,-0.45532,-1.5038,12.4580,7.7176,1.03430,-0.24597,-0.12097,3.3588,-8.8931,2.7710
107605770,-0.03394,-0.78076,-0.50513,-0.8473,11.8473,7.1832,1.03540,-0.24316,-0.12195,3.2214,-8.7252,2.7786
107606770,-0.03662,-0.77454,-0.50220,-1.7557,11.7328,6.6412,1.03625,-0.23926,-0.12158,2.9542,-8.4656,2.7099
107607771,-0.02258,-0.77002,-0.48804,-3.2595,11.2137,6.9160,1.03674,-0.23779,-0.12317,2.8092,-8.3588,2.6718
107608771,-0.01245,-0.80652,-0.48901,-4.2214,10.2519,7.5954,1.03687,-0.23669,-0.12537,2.6412,-8.2672,2.6336
107609771,-0.00098,-0.83240,-0.46423,-4.3053,9.7023,7.6794,1.03577,-0.23682,-0.12585,2.4809,-8.1679,2.5573
107610770,0.01270,-0.79285,-0.41553,-4.0076,9.3511,7.1756,1.03455,-0.23755,-0.12476,2.2977,-8.0687,2.4962
107611770,0.00964,-0.71753,-0.39905,-4.0687,8.4504,7.0611,1.03442,-0.23828,-0.12488,2.0916,-7.9847,2.4427
107612770,0.00732,-0.68640,-0.42505,-4.9771,7.1527,8.1145,1.03503,-0.23987,-0.12732,1.9008,-7.9008,2.3969
107613771,0.00793,-0.74170,-0.44434,-6.7099,5.8855,10.0382,1.03589,-0.24158,-0.12866,1.7405,-7.8244,2.3664
107614771,-0.00061,-0.80347,-0.44299,-9.0687,4.6260,11.4809,1.03674,-0.24304,-0.12866,1.6183,-7.7557,2.2748
107615771,-0.00464,-0.78113,-0.47864,-11.5267,3.1985,12.1069,1.03784,-0.24438,-0.12903,1.5344,-7.6565,2.1679
107616771,-0.02222,-0.76709,-0.54211,-13.2214,1.9542,13.4885,1.03772,-0.24548,-0.12976,1.4580,-7.5573,2.0687
107617771,-0.02356,-0.87146,-0.55432,-14.7328,1.6794,16.0534,1.03638,-0.24670,-0.13049,1.3969,-7.4351,2.0229
107618771,0.00415,-0.98340,-0.51501,-17.1985,1.9008,17.7481,1.03528,-0.24780,-0.13110,1.3817,-7.3130,1.9695
107619771,0.03052,-0.88452,-0.45471,-20.7405,1.7863,16.9237,1.03430,-0.24866,-0.13123,1.3817,-7.2061,1.9084
107620771,0.02808,-0.88867,-0.46106,-19.2824,1.1679,17.0458,1.03296,-0.25024,-0.13062,1.3893,-7.1221,1.8321
107621770,0.03406,-0.98071,-0.46570,-16.9389,0.2443,16.9313,1.03223,-0.25195,-0.13062,1.4122,-7.0611,1.7786
107622771,0.06165,-1.07996,-0.46082,-14.9237,-0.9237,15.7710,1.03186,-0.25281,-0.13074,1.4275,-6.9542,1.6794
107623770,0.07678,-1.16797,-0.44336,-13.1145,-2.5267,13.9389,1.03052,-0.25403,-0.12988,1.4351,-6.8397,1.5802
107624770,0.06152,-1.20801,-0.45508,-11.5420,-4.3969,11.6183,1.02893,-0.25562,-0.12903,1.4427,-6.7405,1.4733
107625770,0.03210,-1.17810,-0.50891,-10.5649,-5.9160,9.4198,1.02820,-0.25647,-0.12842,1.4275,-6.5878,1.3359
107626770,0.00769,-1.13977,-0.58789,-10.9847,-6.6412,8.2672,1.02869,-0.25806,-0.12683,1.3893,-6.4122,1.2061
107627771,-0.00513,-1.15979,-0.64001,-12.0382,-6.4122,8.2061,1.03027,-0.25952,-0.12573,1.3435,-6.2366,1.1069
107628771,-0.00891,-1.20581,-0.65918,-12.9771,-5.7634,7.9008,1.03149,-0.26025,-0.12537,1.3359,-6.0840,1.0534
107629770,-0.01367,-1.20581,-0.68372,-14.1374,-5.2137,6.8931,1.03162,-0.26160,-0.12329,1.3588,-5.9389,0.9924
107630770,-0.02332,-1.16138,-0.69958,-16.0153,-4.7863,5.9847,1.03113,-0.26416,-0.12085,1.4046,-5.7863,0.9771
107631770,-0.02661,-1.10901,-0.68433,-17.8855,-4.5420,5.6489,1.03149,-0.26611,-0.12012,1.4351,-5.6183,0.9618
107632767,-0.02637,-1.06726,-0.64099,-18.6870,-4.5573,5.4351,1.03271,-0.26636,-0.12061,1.4504,-5.4275,0.9618
107633768,-0.03406,-1.01306,-0.62427,-18.6947,-5.1450,4.8015,1.03381,-0.26697,-0.12048,1.4809,-5.2137,0.9771
107634768,-0.05481,-0.94153,-0.68298,-18.2443,-6.2290,4.0458,1.03516,-0.26782,-0.12000,1.5115,-4.9924,1.0076
107635771,-0.08362,-0.90894,-0.76196,-17.0763,-6.8092,3.8779,1.03625,-0.26819,-0.12012,1.5344,-4.7939,1.0382
107636771,-0.08728,-0.96094,-0.78540,-15.5191,-6.2824,4.3664,1.03662,-0.26831,-0.11938,1.5573,-4.5649,1.0992
107637770,-0.07336,-1.04077,-0.77747,-14.8015,-5.5038,4.5954,1.03674,-0.26794,-0.11792,1.5649,-4.2901,1.2443
107638770,-0.06824,-1.06506,-0.77563,-15.1603,-4.7557,4.1908,1.03833,-0.26733,-0.11633,1.5573,-4.0000,1.4198
107639770,-0.06262,-1.03882,-0.77051,-15.9618,-3.8321,3.8855,1.04016,-0.26636,-0.11426,1.5115,-3.6947,1.6107
107640770,-0.06628,-1.01331,-0.74548,-16.6031,-2.8092,4.0992,1.04126,-0.26562,-0.11328,1.4351,-3.3969,1.7863
107641770,-0.07300,-0.99585,-0.73206,-17.3511,-2.1603,4.3740,1.04150,-0.26526,-0.11389,1.3282,-3.0992,1.9847
107642768,-0.06909,-0.98669,-0.74622,-17.9466,-1.8931,4.4656,1.04199,-0.26477,-0.11462,1.2061,-2.8015,2.2519
107643772,-0.04993,-1.02002,-0.72632,-17.9237,-1.5267,4.4656,1.04321,-0.26440,-0.11462,1.0992,-2.4885,2.5725
107644771,-0.01794,-1.06970,-0.66040,-17.7023,-1.2748,3.9160,1.04492,-0.26404,-0.11377,0.9542,-2.1756,2.9313
107645770,0.00562,-1.07642,-0.60107,-17.5802,-1.6489,2.6489,1.04639,-0.26306,-0.11169,0.7634,-1.8473,3.3206
107646768,0.01025,-1.02905,-0.60510,-17.8321,-2.5802,1.1603,1.04614,-0.26208,-0.11084,0.5802,-1.4809,3.7176
107647771,-0.00598,-0.97900,-0.64978,-17.6565,-3.3435,0.2290,1.04504,-0.26160,-0.11145,0.3969,-1.1145,4.1374
107648771,-0.03101,-0.95764,-0.68213,-16.8855,-3.5649,-0.2595,1.04443,-0.26147,-0.11182,0.1908,-0.7634,4.5496
107649771,-0.03882,-0.94263,-0.69153,-16.1069,-3.4198,-0.6412,1.04309,-0.26160,-0.11133,-0.0229,-0.4351,4.9084
107650770,-0.04004,-0.93176,-0.67773,-15.5649,-3.3282,-0.8473,1.04175,-0.26233,-0.11035,-0.2366,-0.0840,5.2672
107651770,-0.04211,-0.92590,-0.65051,-15.2137,-3.4198,-0.8168,1.04077,-0.26270,-0.11169,-0.4275,0.2519,5.6107
107652770,-0.05066,-0.90747,-0.64172,-15.2519,-3.8473,-0.6183,1.03967,-0.26184,-0.11597,-0.5802,0.5802,5.9389
107653768,-0.08057,-0.87939,-0.67468,-15.7481,-4.4198,-0.1374,1.03918,-0.26074,-0.12048,-0.7252,0.9160,6.2214
107654772,-0.10449,-0.87170,-0.72412,-16.0992,-4.4733,0.6870,1.03833,-0.26074,-0.12354,-0.8855,1.2366,6.4809
107655771,-0.10864,-0.89355,-0.75342,-15.8702,-3.9313,1.5496,1.03625,-0.26099,-0.12610,-1.0458,1.5802,6.7252
107656771,-0.10986,-0.93542,-0.75977,-15.5878,-3.3359,2.2366,1.03333,-0.26086,-0.12891,-1.2061,1.9542,6.9542
107657770,-0.11023,-0.98523,-0.77246,-15.9924,-2.9542,2.7252,1.03113,-0.26001,-0.13196,-1.3664,2.2977,7.1221
107658770,-0.10974,-1.01099,-0.79602,-16.8550,-2.5267,2.8321,1.02905,-0.25879,-0.13525,-1.4733,2.5802,7.2061
107659770,-0.10413,-0.99524,-0.79089,-17.2824,-1.6947,2.5725,1.02661,-0.25708,-0.13831,-1.5420,2.8473,7.2443
107660770,-0.08545,-0.99231,-0.76538,-16.9389,-0.9313,2.5649,1.02539,-0.25586,-0.14087,-1.6260,3.0992,7.2672
107661768,-0.06763,-1.05188,-0.76160,-16.1756,-0.6718,2.8779,1.02478,-0.25525,-0.14319,-1.7252,3.3206,7.2748
107662766,-0.05164,-1.12756,-0.76184,-15.4122,-0.4809,2.6794,1.02441,-0.25354,-0.14490,-1.8015,3.5344,7.2366
107663769,-0.02771,-1.16016,-0.73047,-14.8473,-0.0916,1.6870,1.02454,-0.25122,-0.14624,-1.8702,3.7481,7.1450
107664771,-0.00854,-1.16626,-0.69971,-14.5954,-0.0382,0.6641,1.02515,-0.24939,-0.14722,-1.9008,3.9389,7.0305
107665771,-0.00879,-1.16821,-0.71130,-14.6107,-0.3511,-0.2061,1.02502,-0.24780,-0.14746,-1.9313,4.0687,6.9008
107666770,-0.01392,-1.15125,-0.72827,-14.5649,-0.2595,-1.2443,1.02332,-0.24634,-0.14917,-1.9466,4.1527,6.7252
107667768,-0.00916,-1.12317,-0.72168,-14.4809,0.2977,-2.2290,1.02161,-0.24475,-0.15161,-1.9389,4.1603,6.5115
107668767,-0.00562,-1.12195,-0.71790,-14.6718,0.6565,-2.7557,1.02026,-0.24365,-0.15283,-1.8931,4.1450,6.2672
107669768,-0.00244,-1.15686,-0.72375,-15.1908,0.8626,-3.0458,1.01794,-0.24207,-0.15417,-1.8550,4.0992,6.0153
107670766,0.00818,-1.18945,-0.71118,-15.7634,1.1756,-3.6412,1.01538,-0.24036,-0.15564,-1.8244,4.0458,5.7481
107671769,0.01831,-1.18091,-0.67969,-16.2519,1.3817,-4.6641,1.01331,-0.23962,-0.15649,-1.7939,3.9618,5.4351
107672772,0.02124,-1.11804,-0.65649,-16.7786,1.2290,-5.8397,1.01184,-0.23914,-0.15771,-1.7481,3.8397,5.0992
107673771,0.01562,-1.04053,-0.63757,-16.9542,0.8855,-6.6641,1.01135,-0.23779,-0.15796,-1.7328,3.7023,4.7557
107674771,-0.00757,-0.99304,-0.62793,-16.5954,0.3588,-7.1603,1.01111,-0.23596,-0.15735,-1.7405,3.5344,4.3740
107675771,-0.03564,-0.97034,-0.63489,-15.6336,0.0000,-7.8397,1.01050,-0.23474,-0.15698,-1.7481,3.3282,3.9466
107676770,-0.05115,-0.94214,-0.65833,-14.4885,-0.0763,-8.9313,1.00964,-0.23486,-0.15747,-1.7634,3.0992,3.5191
107677770,-0.06641,-0.90393,-0.68372,-13.6107,0.0992,-9.9389,1.00964,-0.23608,-0.15784,-1.7939,2.8550,3.1374
107678770,-0.07715,-0.86707,-0.69226,-13.6031,0.5191,-10.3588,1.01013,-0.23816,-0.15771,-1.8244,2.6183,2.7634
107679770,-0.08252,-0.83862,-0.69250,-14.3130,0.9695,-10.1450,1.00940,-0.24023,-0.15881,-1.8244,2.3740,2.3817
107680770,-0.08179,-0.83887,-0.68372,-14.9847,1.5267,-9.4580,1.00879,-0.24292,-0.15942,-1.8092,2.1221,1.9924
107681770,-0.06506,-0.85876,-0.67615,-15.4122,2.1756,-8.7710,1.00842,-0.24585,-0.16003,-1.7710,1.8779,1.5954
107682767,-0.04785,-0.87830,-0.64966,-15.2519,2.9466,-8.3664,1.00745,-0.24829,-0.16003,-1.7176,1.6336,1.2061
107683767,-0.02722,-0.87964,-0.59448,-15.1756,3.5344,-8.2595,1.00635,-0.25110,-0.15869,-1.6641,1.3740,0.8473
107684771,0.00000,-0.87292,-0.53040,-15.5954,3.5649,-8.0916,1.00623,-0.25342,-0.15735,-1.6183,1.1069,0.5038
107685771,0.01733,-0.88232,-0.49780,-16.5038,2.6641,-7.8244,1.00720,-0.25500,-0.15686,-1.5802,0.8473,0.1756
107686771,0.02515,-0.89954,-0.50220,-17.1908,1.3893,-7.8321,1.00745,-0.25623,-0.15601,-1.5038,0.5878,-0.1679
107687771,0.02820,-0.90564,-0.49573,-17.0076,0.3588,-8.4427,1.00708,-0.25757,-0.15417,-1.3740,0.3206,-0.5267
107688770,0.02380,-0.87573,-0.49194,-16.2290,-0.6183,-9.6260,1.00720,-0.25940,-0.15332,-1.1985,0.0611,-0.9084
107689768,0.02124,-0.84790,-0.50244,-15.1374,-1.4656,-10.5496,1.00671,-0.26050,-0.15283,-1.0000,-0.1679,-1.2748
107690766,0.02686,-0.87122,-0.49548,-14.3435,-2.0076,-10.8168,1.00500,-0.26123,-0.15247,-0.7863,-0.3740,-1.6336
107691769,0.04053,-0.92578,-0.47168,-14.3740,-2.4275,-10.9771,1.00330,-0.26184,-0.15271,-0.5496,-0.5878,-1.9771
107692767,0.05408,-0.95081,-0.47803,-15.1145,-3.0916,-11.6031,1.00293,-0.26270,-0.15295,-0.3130,-0.8397,-2.3206
107693772,0.04834,-0.92407,-0.53125,-15.6336,-3.8397,-12.4962,1.00317,-0.26306,-0.15222,-0.0840,-1.0840,-2.6489
107694771,0.02185,-0.88306,-0.57251,-15.2519,-4.1756,-13.1679,1.00366,-0.26245,-0.15112,0.1069,-1.3206,-2.9313
107695770,0.00195,-0.83313,-0.57922,-14.7939,-4.1832,-13.7481,1.00488,-0.26172,-0.14990,0.2595,-1.5496,-3.2137
107696770,-0.00696,-0.77002,-0.58447,-14.9695,-4.3206,-14.2214,1.00647,-0.26086,-0.14746,0.3969,-1.7710,-3.4733
107697770,-0.01782,-0.69666,-0.60022,-15.9008,-4.5420,-14.5496,1.00854,-0.26050,-0.14514,0.5115,-1.9847,-3.7176
107698767,-0.02429,-0.63330,-0.61292,-16.6565,-4.4733,-14.5573,1.01038,-0.26123,-0.14343,0.6031,-2.2137,-3.8931
107699766,-0.02905,-0.60474,-0.61768,-16.5878,-4.1679,-14.3511,1.01172,-0.26294,-0.14160,0.6641,-2.4427,-4.0153
107700769,-0.03125,-0.60486,-0.63623,-16.2137,-3.8397,-14.0763,1.01440,-0.26440,-0.13940,0.6794,-2.6718,-4.1221
107701771,-0.03320,-0.59998,-0.64648,-16.2214,-3.4198,-13.8855,1.01770,-0.26501,-0.13684,0.6412,-2.8931,-4.1908
107702771,-0.03284,-0.56799,-0.63184,-16.6260,-3.0992,-13.6183,1.02136,-0.26526,-0.13525,0.6031,-3.0687,-4.2061
107703770,-0.02527,-0.52576,-0.61951,-17.1603,-3.1603,-13.0229,1.02576,-0.26562,-0.13403,0.5802,-3.2061,-4.1908
107704770,-0.01990,-0.50671,-0.61072,-17.2901,-3.4427,-12.0611,1.02905,-0.26672,-0.13208,0.5802,-3.3282,-4.1374
107705767,-0.01367,-0.50806,-0.59973,-17.0763,-3.6870,-11.1450,1.03528,-0.26855,-0.13025,0.6107,-3.5496,-4.0000
107706768,-0.01160,-0.49854,-0.58398,-16.8779,-3.8702,-10.4351,1.03723,-0.26929,-0.12939,0.6412,-3.6412,-3.8931
107707772,-0.02002,-0.46899,-0.57739,-17.3053,-4.1527,-9.7252,1.03955,-0.26917,-0.12830,0.6718,-3.6947,-3.7481
107708771,-0.03125,-0.45129,-0.59839,-18.0229,-4.5878,-8.6412,1.04211,-0.26831,-0.12842,0.6794,-3.7252,-3.5878
107709771,-0.03723,-0.48486,-0.63318,-18.3053,-4.9542,-7.2901,1.04407,-0.26660,-0.12927,0.6947,-3.7405,-3.4504
107710771,-0.03845,-0.54724,-0.65662,-18.1221,-5.0840,-6.3053,1.04553,-0.26489,-0.12903,0.6794,-3.7405,-3.3206
107711770,-0.04114,-0.58203,-0.65906,-18.0000,-5.0763,-6.0687,1.04749,-0.26404,-0.12817,0.6565,-3.7099,-3.1908
107712770,-0.04895,-0.56067,-0.66895,-18.3817,-5.2366,-6.2061,1.04883,-0.26270,-0.12854,0.6336,-3.6565,-3.0458
107713770,-0.06030,-0.53674,-0.68628,-18.7176,-5.3435,-5.8702,1.04944,-0.26001,-0.12927,0.6031,-3.6183,-2.9008
107714770,-0.06604,-0.56506,-0.70142,-18.7023,-5.2672,-5.0382,1.05054,-0.25696,-0.12988,0.5496,-3.6107,-2.7786
107715770,-0.07031,-0.62329,-0.73218,-18.4198,-5.0305,-4.4809,1.05212,-0.25452,-0.13269,0.4656,-3.5878,-2.6641
107716770,-0.08093,-0.63867,-0.77344,-18.2901,-4.4504,-4.7710,1.05334,-0.25208,-0.13611,0.3664,-3.5344,-2.5802
107717770,-0.09534,-0.56897,-0.80212,-18.5878,-3.5115,-5.4275,1.05420,-0.24927,-0.13721,0.2901,-3.4580,-2.4809
107718768,-0.10437,-0.46509,-0.80640,-19.2137,-2.4580,-5.3130,1.05566,-0.24646,-0.13660,0.1985,-3.3969,-2.3893
107719768,-0.10645,-0.41956,-0.81396,-19.7634,-1.6183,-3.9847,1.05688,-0.24487,-0.13550,0.0763,-3.3130,-2.3130
107720768,-0.10010,-0.47498,-0.82275,-19.5496,-0.6794,-2.2137,1.05676,-0.24316,-0.13513,-0.0687,-3.1985,-2.2748
107721772,-0.08569,-0.56958,-0.81055,-18.8168,0.4885,-1.2214,1.05627,-0.24048,-0.13501,-0.2443,-3.0763,-2.2214
107722770,-0.07837,-0.60303,-0.77612,-18.5115,1.5954,-1.2443,1.05542,-0.23877,-0.13440,-0.4427,-2.9542,-2.1603
107723770,-0.08679,-0.54419,-0.74902,-19.4427,2.1221,-1.3435,1.05457,-0.23706,-0.13501,-0.6718,-2.8244,-2.0840
107724771,-0.09607,-0.46338,-0.74316,-20.7481,2.2366,-0.5115,1.05505,-0.23499,-0.13525,-0.9084,-2.6565,-2.0000
107725770,-0.08777,-0.46423,-0.73120,-20.7328,2.4275,1.1527,1.05566,-0.23413,-0.13440,-1.1679,-2.4809,-1.9313
107726770,-0.06311,-0.55115,-0.70471,-19.4122,2.6947,2.5267,1.05530,-0.23450,-0.13489,-1.4351,-2.2824,-1.8473
107727770,-0.04883,-0.62708,-0.68506,-18.4427,2.6336,2.7481,1.05505,-0.23486,-0.13647,-1.7328,-2.0840,-1.7405
107728770,-0.05603,-0.60938,-0.69653,-19.0763,2.1908,2.2595,1.05481,-0.23535,-0.13721,-2.0382,-1.8473,-1.5878
107729770,-0.07202,-0.53284,-0.73035,-20.4656,1.7710,2.3282,1.05493,-0.23596,-0.13708,-2.2977,-1.5802,-1.4122
107730770,-0.08252,-0.50769,-0.76050,-20.9618,1.7252,3.4733,1.05469,-0.23755,-0.13696,-2.5344,-1.3053,-1.2061
107731771,-0.08228,-0.57227,-0.78967,-20.1298,2.0458,4.7939,1.05188,-0.23950,-0.13757,-2.7863,-1.0382,-1.0229
107732771,-0.08020,-0.66370,-0.80957,-18.8779,2.7939,5.2443,1.04858,-0.24133,-0.13892,-3.0382,-0.7710,-0.8626
107733770,-0.07202,-0.69336,-0.79944,-18.7557,3.9084,4.8702,1.04578,-0.24329,-0.14001,-3.3053,-0.4656,-0.7252
107734770,-0.05933,-0.65125,-0.76038,-19.9160,5.0687,4.6641,1.04248,-0.24609,-0.14050,-3.5878,-0.1450,-0.5954
107735770,-0.04883,-0.60303,-0.71301,-21.0687,6.0305,5.2748,1.03906,-0.24988,-0.14099,-3.8397,0.1527,-0.4198
107736770,-0.03857,-0.61121,-0.68115,-20.8702,6.7481,6.3817,1.03552,-0.25244,-0.14038,-4.0534,0.4427,-0.2519
107737770,-0.02734,-0.67468,-0.64270,-19.5496,7.3588,7.2137,1.03296,-0.25452,-0.13892,-4.2519,0.7328,-0.0763
107738768,-0.01123,-0.73584,-0.59021,-18.7939,7.5649,7.4885,1.03186,-0.25696,-0.13916,-4.4351,1.0382,0.0916
107739768,0.00867,-0.76453,-0.54468,-19.3664,7.0153,7.6260,1.03027,-0.25977,-0.14026,-4.5954,1.3282,0.2595
107740768,0.02808,-0.78394,-0.51257,-20.4351,5.8015,8.0382,1.02747,-0.26270,-0.14050,-4.7252,1.5878,0.4046
107741771,0.04980,-0.80884,-0.47791,-20.8855,4.3893,8.4809,1.02441,-0.26465,-0.13977,-4.8321,1.8168,0.5420
107742771,0.06372,-0.81970,-0.43445,-20.6412,2.9160,8.5267,1.02209,-0.26599,-0.13892,-4.9160,2.0458,0.6565
107743771,0.06787,-0.81018,-0.41125,-20.2977,1.2748,8.3206,1.02100,-0.26721,-0.13855,-4.9924,2.2901,0.7786
107744770,0.06921,-0.81421,-0.42126,-20.0534,-0.4885,8.3664,1.02063,-0.26721,-0.13757,-5.0763,2.5115,0.9084
107745770,0.06458,-0.85437,-0.44141,-19.9389,-2.1832,8.6641,1.01990,-0.26672,-0.13611,-5.1679,2.7176,1.0305
107746770,0.05713,-0.89648,-0.46472,-20.1221,-3.6947,8.6794,1.01965,-0.26685,-0.13599,-5.2748,2.9389,1.1298
107747770,0.04456,-0.90906,-0.49963,-20.2366,-5.0076,8.1908,1.01904,-0.26672,-0.13574,-5.3740,3.1985,1.2519
107748768,0.02051,-0.90063,-0.54932,-19.8015,-6.1145,7.4962,1.01855,-0.26697,-0.13477,-5.4504,3.4351,1.3817
107749772,-0.00708,-0.89526,-0.59912,-18.9618,-6.7939,6.9160,1.01807,-0.26794,-0.13416,-5.5191,3.6336,1.4885
107750771,-0.02478,-0.90088,-0.63477,-18.4885,-6.9466,6.4962,1.01672,-0.26819,-0.13342,-5.5573,3.8244,1.6031
107751771,-0.03101,-0.91260,-0.66736,-18.7710,-6.7634,6.1756,1.01404,-0.26721,-0.13257,-5.5878,4.0534,1.6870
107752771,-0.05188,-0.92017,-0.72485,-19.3130,-5.8015,5.3206,1.01099,-0.26636,-0.13245,-5.6107,4.2824,1.7634
107753770,-0.04553,-0.90283,-0.75659,-19.3588,-5.2977,4.9771,1.00867,-0.26587,-0.13342,-5.6183,4.4809,1.8168
107754770,-0.03821,-0.88855,-0.78174,-19.7099,-4.9084,5.0534,1.00623,-0.26599,-0.13489,-5.6031,4.6336,1.8321
107755770,-0.02722,-0.89160,-0.75354,-20.2824,-4.3664,5.4885,1.00354,-0.26660,-0.13611,-5.5573,4.7863,1.8397
107756770,-0.01062,-0.90295,-0.69983,-20.9618,-4.1145,5.8855,1.00073,-0.26599,-0.13684,-5.4504,4.9237,1.8244
107757768,-0.00989,-0.91016,-0.68091,-21.5649,-4.3893,6.0153,0.99780,-0.26501,-0.13745,-5.3359,5.0305,1.7710
107758772,-0.01599,-0.91199,-0.69226,-21.7023,-4.5649,5.9237,0.99548,-0.26526,-0.13904,-5.2366,5.0687,1.6870
107759771,-0.01428,-0.91882,-0.69080,-21.1679,-4.2443,5.6718,0.99414,-0.26636,-0.14148,-5.1679,5.0763,1.6107
107760770,-0.00562,-0.93884,-0.66504,-20.5115,-3.7099,5.3511,0.99304,-0.26672,-0.14355,-5.0763,5.0534,1.5115
107761770,0.01025,-0.97021,-0.63782,-20.3969,-3.4580,4.9771,0.99207,-0.26660,-0.14453,-4.9771,4.9924,1.3817
107762770,0.02356,-0.98865,-0.61035,-20.7328,-3.5649,4.3053,0.99048,-0.26562,-0.14490,-4.8855,4.9084,1.2366
107763770,0.03040,-0.96313,-0.58289,-20.8779,-3.9160,3.2595,0.98901,-0.26575,-0.14490,-4.7939,4.7786,1.1145
107764767,0.02490,-0.91235,-0.58215,-20.3130,-4.6489,2.2901,0.98877,-0.26636,-0.14441,-4.6794,4.5878,1.0153
107765771,0.00989,-0.88098,-0.61304,-19.4122,-5.6183,1.8473,0.98901,-0.26599,-0.14380,-4.5725,4.3740,0.9008
107766771,0.00159,-0.88318,-0.64575,-18.9466,-6.5038,1.8855,0.98962,-0.26611,-0.14478,-4.4809,4.1450,0.7863
107767770,0.00159,-0.90796,-0.65222,-19.0000,-7.1679,2.0992,0.99011,-0.26624,-0.14734,-4.3893,3.8855,0.6718
107768770,0.00244,-0.92334,-0.65479,-19.4733,-7.7710,2.0992,0.99011,-0.26562,-0.14966,-4.2977,3.5878,0.5573
107769770,-0.00330,-0.90857,-0.67554,-19.8168,-8.1450,1.8626,0.98914,-0.26465,-0.15112,-4.1603,3.2672,0.4504
107770770,-0.01514,-0.87744,-0.69604,-19.7939,-8.0153,1.6947,0.98767,-0.26318,-0.15186,-4.0076,2.9542,0.3969
107771770,-0.02698,-0.84985,-0.71301,-19.7176,-7.5344,1.7710,0.98730,-0.26208,-0.15210,-3.8855,2.6641,0.4046
107772770,-0.03406,-0.82825,-0.74329,-19.9618,-6.9924,1.9084,0.98779,-0.26123,-0.15247,-3.8015,2.3817,0.4504
107773770,-0.04065,-0.80750,-0.76672,-20.1527,-6.3130,1.8931,0.98938,-0.26013,-0.15271,-3.7557,2.0687,0.4885
107774770,-0.04456,-0.78870,-0.75098,-19.7252,-5.5038,1.6641,0.99060,-0.25916,-0.15247,-3.7023,1.7328,0.5496
107775770,-0.04456,-0.76147,-0.74170,-18.9695,-5.0840,1.2366,0.99170,-0.25842,-0.15259,-3.6794,1.3969,0.6336
107776770,-0.04993,-0.74792,-0.74377,-17.8931,-4.7634,1.0763,0.99292,-0.25708,-0.15271,-3.7252,1.0840,0.7557
107777767,-0.04358,-0.77356,-0.71069,-16.8473,-4.1374,1.3053,0.99377,-0.25500,-0.15308,-3.8015,0.7786,0.9389
107778771,-0.02490,-0.80432,-0.67188,-16.3435,-3.6718,1.4656,0.99524,-0.25317,-0.15320,-3.8702,0.4733,1.1527
107779771,-0.02222,-0.79944,-0.66162,-16.2595,-3.4962,1.3969,0.99768,-0.25134,-0.15247,-3.9695,0.1756,1.3817
107780770,-0.02454,-0.77222,-0.65869,-16.0534,-3.2137,1.4504,1.00049,-0.24963,-0.15308,-4.1298,-0.0992,1.6183
107781770,-0.02209,-0.75842,-0.64978,-15.5191,-2.9924,1.8168,1.00183,-0.24792,-0.15527,-4.3053,-0.3817,1.8550
107782768,-0.02625,-0.76062,-0.65369,-15.1069,-3.0916,2.2748,1.00220,-0.24744,-0.15698,-4.4962,-0.6794,2.1069
107783768,-0.02832,-0.77222,-0.65820,-15.1145,-3.2137,2.7023,1.00220,-0.24768,-0.15747,-4.6870,-1.0000,2.3664
107784768,-0.02710,-0.78442,-0.64612,-15.5420,-3.3130,2.9771,1.00159,-0.24854,-0.15857,-4.8626,-1.3359,2.5802
107785772,-0.02551,-0.78821,-0.63110,-15.6870,-3.3588,3.0229,1.00098,-0.24902,-0.16028,-5.0153,-1.6870,2.7634
107786771,-0.02222,-0.79346,-0.62891,-15.0382,-3.3130,2.9237,1.00134,-0.24854,-0.16211,-5.1298,-2.0458,2.8931
107787771,-0.02283,-0.80701,-0.64258,-14.1221,-3.0992,2.8015,1.00171,-0.24817,-0.16455,-5.2290,-2.4122,2.9618
107788771,-0.02197,-0.81787,-0.65198,-13.5954,-2.6107,2.6947,1.00171,-0.24707,-0.16724,-5.3130,-2.7710,2.9847
107789770,-0.01807,-0.82397,-0.64734,-13.1832,-2.0534,2.6565,1.00244,-0.24536,-0.17017,-5.3664,-3.1221,2.9847
107790770,-0.01819,-0.83130,-0.64172,-12.5191,-1.6947,2.6031,1.00281,-0.24341,-0.17200,-5.3893,-3.4733,2.9466
107791770,-0.01904,-0.83765,-0.64014,-11.6870,-1.4122,2.4962,1.00293,-0.24146,-0.17334,-5.3969,-3.7863,2.8626
107792770,-0.01453,-0.84570,-0.63196,-10.9466,-1.1374,2.4275,1.00378,-0.23962,-0.17542,-5.3588,-4.0611,2.7557
107793768,-0.00867,-0.85645,-0.61804,-10.6718,-0.9847,2.4580,1.00476,-0.23755,-0.17627,-5.3282,-4.3588,2.6107
107794771,-0.00757,-0.85791,-0.61267,-10.8779,-0.9847,2.4122,1.00452,-0.23560,-0.17615,-5.3435,-4.6489,2.4504
107795771,-0.01221,-0.84521,-0.61084,-11.0076,-0.9313,2.2290,1.00317,-0.23438,-0.17554,-5.4122,-4.9084,2.2824
107796771,-0.01477,-0.83496,-0.60852,-10.8244,-0.7634,2.1069,1.00232,-0.23279,-0.17432,-5.5038,-5.1221,2.1145
107797770,-0.01367,-0.84814,-0.60986,-10.5191,-0.6183,2.1908,1.00232,-0.23059,-0.17224,-5.6260,-5.3282,1.9389
107798770,-0.01050,-0.87549,-0.60242,-10.2672,-0.4046,2.2290,1.00281,-0.22852,-0.17090,-5.7863,-5.5420,1.7710
107799767,-0.00366,-0.88452,-0.58350,-10.0534,-0.1298,1.9160,1.00391,-0.22717,-0.17114,-5.9924,-5.7328,1.6031
107800767,0.00012,-0.86694,-0.57568,-9.6718,-0.0534,1.4733,1.00500,-0.22620,-0.17053,-6.2595,-5.8931,1.4351
107801768,-0.00500,-0.84900,-0.58606,-9.1069,-0.1756,1.3282,1.00562,-0.22559,-0.16956,-6.5496,-5.9924,1.3206
107802768,-0.00977,-0.84021,-0.58618,-8.5954,-0.1450,1.4275,1.01147,-0.22742,-0.16492,-7.2137,-6.2061,1.1985
107803772,-0.00708,-0.82959,-0.57764,-8.2824,-0.0840,1.5344,1.01440,-0.22778,-0.16187,-7.5725,-6.3053,1.1679
107804771,-0.00562,-0.82556,-0.57825,-7.8626,-0.1374,1.6260,1.01782,-0.22852,-0.16077,-7.9618,-6.3435,1.1679
107805770,-0.00793,-0.83704,-0.58325,-7.2748,-0.1756,1.7023,1.02100,-0.22937,-0.15942,-8.4046,-6.3664,1.1908
107806770,-0.00891,-0.84949,-0.58411,-6.8473,-0.0840,1.6412,1.02307,-0.23047,-0.15747,-8.8321,-6.3435,1.2595
107807770,-0.00830,-0.85315,-0.57788,-6.7405,0.0992,1.4885,1.02502,-0.23218,-0.15515,-9.2519,-6.2901,1.3893
107808770,-0.00598,-0.85327,-0.57166,-6.7176,0.2519,1.3435,1.02673,-0.23389,-0.15332,-9.6718,-6.2366,1.5344
107809770,-0.00476,-0.85449,-0.57422,-6.4809,0.2748,1.1908,1.02832,-0.23511,-0.15283,-10.0992,-6.1603,1.7099
107810770,-0.00635,-0.85596,-0.57996,-6.1832,0.2595,1.0000,1.02954,-0.23596,-0.15234,-10.5191,-6.0458,1.9084
107811770,-0.00659,-0.85059,-0.57874,-6.0840,0.2366,0.8015,1.03137,-0.23706,-0.15112,-10.9542,-5.9389,2.1450
107812770,-0.00659,-0.82703,-0.57153,-6.1374,0.1756,0.5878,1.03394,-0.23804,-0.14966,-11.4046,-5.8397,2.4046
107813770,-0.00891,-0.79675,-0.56006,-6.0382,0.0992,0.5344,1.03638,-0.23914,-0.14734,-11.8550,-5.7176,2.7099
107814770,-0.01233,-0.80383,-0.55688,-5.6336,-0.0992,0.9008,1.03882,-0.24023,-0.14392,-12.2977,-5.5344,3.0305
107815770,-0.00793,-0.84961,-0.57764,-5.5496,-0.4198,1.3664,1.04150,-0.24121,-0.14038,-12.6870,-5.2901,3.3588
107816767,-0.00635,-0.88745,-0.60632,-6.1298,-0.6870,1.5115,1.04358,-0.24231,-0.13721,-13.0458,-5.0076,3.6718
107817772,-0.01379,-0.88171,-0.61658,-6.9237,-0.7710,1.2443,1.04431,-0.24280,-0.13489,-13.4122,-4.7176,3.9924
107818771,-0.02441,-0.82642,-0.63623,-7.4122,-0.8168,0.8015,1.04529,-0.24316,-0.13379,-13.7863,-4.3969,4.3511
107819770,-0.03784,-0.76160,-0.64307,-6.9618,-0.4733,0.5573,1.04651,-0.24377,-0.13354,-14.1679,-4.0382,4.6947
107820768,-0.03369,-0.73254,-0.60864,-6.0153,0.1908,0.7099,1.04773,-0.24487,-0.13318,-14.4885,-3.6641,5.0534
107821768,-0.02075,-0.74585,-0.58801,-5.3969,0.4427,1.0534,1.04907,-0.24658,-0.13318,-14.7634,-3.2824,5.4427
107822768,-0.02051,-0.77161,-0.61157,-5.2901,0.3053,1.1679,1.05005,-0.24792,-0.13293,-15.0458,-2.8626,5.8550
107823767,-0.02087,-0.78052,-0.63440,-5.1679,0.3740,1.0076,1.05066,-0.24976,-0.13147,-15.3435,-2.3664,6.2290
107824772,-0.01562,-0.77820,-0.62109,-4.7099,0.5802,0.9313,1.05029,-0.25146,-0.13049,-15.6107,-1.8321,6.5649
107825771,-0.01440,-0.77417,-0.62427,-4.2290,0.2672,1.0611,1.04895,-0.25244,-0.13013,-15.8244,-1.2748,6.8855
107826771,-0.01611,-0.78076,-0.64062,-3.5878,-0.1221,1.3893,1.04773,-0.25330,-0.12952,-16.0076,-0.6718,7.2137
107827771,-0.01465,-0.79065,-0.63977,-3.3282,-0.2748,1.7023,1.04724,-0.25391,-0.12805,-16.1756,-0.0534,7.5344
107828770,-0.01379,-0.78821,-0.64160,-3.5878,-0.4122,1.9237,1.04688,-0.25427,-0.12683,-16.3664,0.5649,7.8321
107829770,-0.01697,-0.79285,-0.66235,-3.8931,-0.6031,2.2366,1.04675,-0.25500,-0.12524,-16.5954,1.1679,8.1145
107830770,-0.02002,-0.81116,-0.67603,-3.9847,-0.4885,2.4962,1.04736,-0.25623,-0.12317,-16.8168,1.7786,8.4351
107831768,-0.02100,-0.81677,-0.66321,-3.9695,-0.1450,2.4198,1.04810,-0.25635,-0.12158,-17.0229,2.3969,8.7557
107832772,-0.02258,-0.79688,-0.66675,-4.1221,-0.1145,2.1374,1.04785,-0.25586,-0.12012,-17.2443,3.0000,9.0687
107833770,-0.03052,-0.78821,-0.68054,-4.2061,-0.1985,2.1374,1.04688,-0.25562,-0.11902,-17.4885,3.5878,9.3969
107834770,-0.03101,-0.80127,-0.67908,-4.2290,-0.1374,2.1985,1.04529,-0.25525,-0.11853,-17.7710,4.1985,9.6947
107835770,-0.03064,-0.81238,-0.67871,-4.0840,-0.0534,2.0153,1.04431,-0.25427,-0.11853,-18.0687,4.8321,9.9924
107836770,-0.04565,-0.82068,-0.68872,-3.8168,-0.0611,1.7557,1.04578,-0.25391,-0.11804,-18.3664,5.5115,10.3359
107837770,-0.05347,-0.81616,-0.71924,-3.9237,0.0000,1.5420,1.04724,-0.25464,-0.11743,-18.6412,6.2214,10.7405
107838770,-0.05579,-0.80151,-0.73462,-4.0305,0.4122,1.4962,1.04785,-0.25488,-0.11621,-18.9084,6.9084,11.1679
107839770,-0.05286,-0.79651,-0.71619,-3.9618,1.0076,1.7252,1.04858,-0.25500,-0.11353,-19.1756,7.5649,11.6183
107840768,-0.04822,-0.79187,-0.70288,-4.0992,1.3664,2.0153,1.04858,-0.25537,-0.11218,-19.4885,8.2290,12.0687
107841766,-0.05212,-0.76746,-0.69287,-4.4504,1.6107,2.1679,1.04761,-0.25549,-0.11218,-19.8321,8.8931,12.5496
107842769,-0.04663,-0.73779,-0.68713,-4.8244,1.7786,2.4580,1.04736,-0.25513,-0.11182,-20.1603,9.5649,13.0382
107843772,-0.04224,-0.74792,-0.67883,-4.8015,1.8321,3.1298,1.04749,-0.25500,-0.11121,-20.4580,10.2519,13.5496
107844771,-0.03760,-0.78369,-0.67542,-4.9008,1.7023,3.6641,1.04578,-0.25525,-0.11145,-20.7405,10.9237,14.0992
107845770,-0.02722,-0.80762,-0.68372,-5.1374,1.5038,3.7939,1.04431,-0.25562,-0.11279,-21.0382,11.5573,14.6565
107846771,-0.03113,-0.82166,-0.68250,-5.2824,1.4046,3.7481,1.04456,-0.25635,-0.11304,-21.3588,12.1985,15.2290
107847770,-0.03931,-0.81433,-0.68958,-5.5649,1.4046,3.6031,1.04456,-0.25732,-0.11255,-21.6641,12.8550,15.8244
107848770,-0.04871,-0.79846,-0.70996,-5.7099,1.5038,3.6260,1.04456,-0.25757,-0.11169,-22.0229,13.5038,16.4885
107849770,-0.05664,-0.80493,-0.72607,-5.7176,1.9160,3.9237,1.04529,-0.25854,-0.11060,-22.4275,14.1374,17.1985
107850770,-0.05225,-0.81885,-0.71924,-5.6183,2.7099,4.0687,1.04639,-0.26160,-0.10938,-22.8550,14.7939,17.9160
107851770,-0.04773,-0.81323,-0.68860,-5.3053,3.4885,3.8015,1.04736,-0.26526,-0.10767,-23.2748,15.4809,18.6718
107852770,-0.04248,-0.79602,-0.66541,-5.0000,3.9084,3.5420,1.04846,-0.26807,-0.10522,-23.7176,16.1756,19.4580
107853771,-0.04285,-0.79590,-0.66125,-4.8168,3.9695,3.6260,1.05054,-0.27026,-0.10193,-24.1756,16.9160,20.3130
107854771,-0.04272,-0.81580,-0.66296,-4.7252,3.9695,3.8244,1.05237,-0.27307,-0.09741,-24.6565,17.6794,21.2290
107855770,-0.03198,-0.84692,-0.67017,-4.6794,3.9084,4.0000,1.05383,-0.27698,-0.09241,-25.2137,18.4962,22.2443
107856770,-0.02734,-0.88281,-0.67102,-4.6260,3.8244,4.0763,1.05640,-0.28210,-0.08789,-25.8244,19.3664,23.3435
107857768,-0.02234,-0.88550,-0.66504,-4.8473,3.8397,3.8397,1.06006,-0.28809,-0.08301,-26.4580,20.2672,24.5420
107858772,-0.01758,-0.85303,-0.65234,-5.1679,3.9847,3.7099,1.06409,-0.29456,-0.07874,-27.1374,21.2214,25.8855
107859771,-0.01782,-0.83276,-0.62939,-5.5725,4.2519,4.1069,1.06836,-0.30164,-0.07373,-27.8779,22.2137,27.3893
107860770,-0.01611,-0.84363,-0.60840,-6.0534,4.4962,4.7557,1.07166,-0.30957,-0.06885,-28.6947,23.2748,29.0153
107861770,-0.00977,-0.87000,-0.59131,-6.2901,4.6260,5.0840,1.07422,-0.31836,-0.06604,-29.5496,24.3893,30.7481
107862770,-0.00342,-0.88647,-0.59143,-6.3435,4.4580,4.9160,1.07690,-0.32727,-0.06335,-30.4733,25.5420,32.6489
107863770,-0.00330,-0.88525,-0.58191,-6.0382,4.2061,4.4885,1.08020,-0.33655,-0.05981,-31.4656,26.7176,34.7557
107864770,-0.00220,-0.86902,-0.57190,-5.7023,3.6641,3.9924,1.08435,-0.34802,-0.05542,-32.5115,27.9466,37.0687
107865770,-0.00781,-0.85535,-0.58545,-5.3053,2.9008,3.6641,1.08911,-0.36133,-0.04944,-33.6107,29.2366,39.5725
107866770,-0.01636,-0.85815,-0.59668,-4.9008,2.3893,3.4885,1.09497,-0.37634,-0.04187,-34.8244,30.5802,42.3053
107867770,-0.01367,-0.86609,-0.59412,-4.6183,2.3664,3.3206,1.10095,-0.39331,-0.03369,-36.1832,32.0000,45.3282
107868770,-0.01392,-0.87720,-0.58630,-4.4046,2.5573,3.2443,1.10693,-0.41113,-0.02515,-37.7099,33.4885,48.6565
107869768,-0.02258,-0.87646,-0.59753,-4.4885,2.7557,3.1756,1.11353,-0.42969,-0.01550,-39.3969,35.0382,52.2901
107870767,-0.02881,-0.85388,-0.60803,-4.6641,3.0687,3.1679,1.11987,-0.44873,-0.00439,-41.2137,36.7023,56.2748
107871768,-0.02283,-0.82520,-0.60449,-4.9847,3.3206,3.3893,1.12512,-0.46802,0.00732,-43.1985,38.4809,60.6565
107872772,-0.00696,-0.81506,-0.58374,-5.3282,3.3588,3.9160,1.12878,-0.48767,0.01758,-45.4046,40.3359,65.4351
107873771,-0.00574,-0.82532,-0.55066,-5.5649,2.9389,4.3664,1.13196,-0.50720,0.02856,-47.8244,42.2595,70.6031
107874770,-0.01062,-0.82092,-0.53040,-5.6718,2.2214,4.4046,1.13477,-0.52673,0.04004,-50.4275,44.2366,76.1985
107875768,0.01831,-0.79578,-0.51282,-5.4656,1.7328,4.2977,1.13599,-0.54663,0.05029,-53.2595,46.2672,82.2824
107876771,0.07019,-0.80554,-0.46619,-4.0611,1.4198,4.3893,1.13562,-0.56726,0.05920,-56.3053,48.3435,88.8473
107877771,0.11047,-0.84680,-0.41333,-1.5954,0.4962,4.1221,1.13391,-0.58801,0.06775,-59.5725,50.4504,95.8931
107878771,0.08923,-0.81091,-0.49146,0.1069,-2.0763,2.8244,1.13208,-0.60730,0.07666,-63.0611,52.5649,103.4122
107879771,0.00720,-0.68750,-0.68311,0.4733,-4.7786,1.6489,1.13000,-0.62598,0.08521,-66.8015,54.7023,111.4656
107880770,-0.03052,-0.60791,-0.78271,0.6718,-5.3740,2.0992,1.12610,-0.64441,0.09277,-70.7863,56.9008,120.0763
107881770,0.00195,-0.67725,-0.72314,2.3969,-4.6794,3.6947,1.11975,-0.66089,0.09863,-75.0076,59.1450,129.2290
107882770,0.03162,-0.82788,-0.64832,4.6260,-4.5191,4.5038,1.11121,-0.67505,0.10278,-79.3969,61.3969,138.8931
107883770,-0.02002,-0.87488,-0.80212,2.5420,-4.8397,3.6565,1.10242,-0.68701,0.10461,-83.9313,63.6870,149.0382
107884770,-0.04260,-0.82617,-0.85535,-0.9008,-3.5115,4.6794,1.09338,-0.69727,0.10315,-88.6107,66.0076,159.6107
107885770,-0.03784,-0.84778,-0.86829,-3.4809,-2.2137,6.6031,1.08191,-0.70605,0.09875,-93.3435,68.3435,170.6107
107886770,-0.04419,-0.90955,-0.88416,-4.9847,-1.6336,7.7176,1.06848,-0.71326,0.09167,-98.0916,70.7176,182.0000
107887771,-0.04211,-0.90857,-0.88342,-6.1374,-1.0076,7.3664,1.05566,-0.71851,0.08325,-102.8779,73.0916,193.7328
107888770,-0.02808,-0.86584,-0.81885,-7.0229,-0.2137,6.9847,1.04382,-0.72205,0.07300,-107.6336,75.4809,205.7863
107889770,-0.00989,-0.86926,-0.73499,-7.7634,0.1832,7.3817,1.03125,-0.72485,0.06006,-112.3664,77.8931,218.1603
107890770,0.00916,-0.92920,-0.70923,-8.0611,-0.1221,7.8015,1.01782,-0.72864,0.04443,-117.0840,80.3053,230.8321
107891770,0.01733,-0.99023,-0.72119,-7.5038,-0.3664,7.3817,1.00562,-0.73364,0.02808,-121.7786,82.6183,243.7710
107892770,0.01941,-1.00256,-0.71021,-6.3130,-0.2061,6.1908,0.99548,-0.74158,0.01221,-126.4885,84.9695,250.1298
107893767,0.02100,-0.96765,-0.68286,-4.9389,-0.2061,4.8550,0.98669,-0.75415,-0.00305,-131.2824,87.4046,250.1298
107894772,0.03101,-0.93225,-0.68213,-3.7023,-0.7099,4.0305,0.98022,-0.77161,-0.01611,-136.1679,89.7328,250.1298
107895771,0.04578,-0.95667,-0.68652,-2.6031,-1.2366,3.9237,0.97668,-0.79309,-0.02869,-141.1374,91.7863,250.1298
107896770,0.05566,-1.01855,-0.66772,-2.2519,-1.6260,3.8397,0.97534,-0.81824,-0.04187,-146.1756,93.7786,250.1298
107897770,0.04688,-1.03259,-0.67896,-3.0992,-2.2214,3.2366,0.97437,-0.84717,-0.05432,-151.3359,95.8321,250.1298
107898768,0.01624,-0.99683,-0.74902,-4.4046,-2.7939,2.7481,0.97217,-0.87891,-0.06763,-156.6489,97.9008,250.1298
107899768,-0.00830,-0.97021,-0.81348,-5.5038,-2.5496,2.9695,0.96545,-0.94482,-0.09534,-167.7481,101.7405,250.1298
107900772,-0.01086,-0.96033,-0.80469,-6.3740,-1.5496,3.5344,0.95959,-0.97607,-0.11023,-173.6183,103.4962,250.1298
107901771,0.00269,-0.93323,-0.76038,-7.3435,-0.7863,3.8473,0.95129,-1.00537,-0.12573,-179.7176,105.1069,250.1298
107902771,0.02136,-0.90417,-0.73450,-7.8626,-0.5573,4.0229,0.94153,-1.03076,-0.14160,-186.0382,106.5344,250.1298
107903771,0.03650,-0.92114,-0.70996,-7.1450,-0.4504,4.2214,0.92981,-1.05237,-0.15942,-192.5420,107.7405,250.1298
107904770,0.05066,-0.95996,-0.68567,-5.9389,-0.4351,3.9924,0.91699,-1.07166,-0.17896,-199.1527,108.7252,250.1298
107905770,0.05286,-0.96838,-0.68726,-5.3359,-0.8244,3.2672,0.90283,-1.08813,-0.19934,-205.8702,109.4656,250.1298
107906770,0.03894,-0.93994,-0.71399,-5.1298,-1.3893,2.3817,0.88672,-1.10156,-0.22009,-212.6718,109.9466,250.1298
107907770,0.02356,-0.91150,-0.73486,-4.0611,-1.6718,1.6641,0.87024,-1.11304,-0.24097,-219.4962,110.1374,250.1298
107908770,0.01196,-0.90698,-0.74365,-2.3053,-1.6794,1.1527,0.85303,-1.12292,-0.26245,-226.2519,110.0076,250.1298
107909770,0.00537,-0.91077,-0.75684,-1.3359,-1.4809,0.7481,0.83447,-1.12891,-0.28381,-232.8702,109.5725,250.1298
107910768,0.00708,-0.90979,-0.75452,-1.4275,-0.9466,0.4733,0.81616,-1.12769,-0.30432,-239.2443,108.7939,250.1298
107911768,0.01367,-0.91077,-0.74402,-1.9160,-0.4351,0.4275,0.79895,-1.12048,-0.32422,-245.3130,107.6718,250.1298
107912767,0.01184,-0.92908,-0.75012,-2.3435,-0.1756,0.6489,0.78650,-1.11731,-0.34314,-250.1374,106.2672,250.1298
107913768,0.00598,-0.93262,-0.76367,-2.9924,0.0840,0.7405,0.77747,-1.11597,-0.36182,-250.1374,104.4504,250.1298
107914768,0.02905,-0.83777,-0.73584,-3.6031,0.8550,0.3359,0.76526,-1.10339,-0.37634,-250.1374,102.4427,250.1298
107915768,0.06067,-0.62927,-0.62354,-2.3435,1.8931,-0.1985,0.75366,-1.08325,-0.38367,-250.1374,100.3435,250.1298
107916771,0.08081,-0.52087,-0.48938,3.2595,2.2137,0.6718,0.74719,-1.06494,-0.38721,-250.1374,98.0992,250.1298
107917771,0.09021,-0.64014,-0.43115,11.6412,1.6031,2.3206,0.74634,-1.05066,-0.39075,-250.1374,95.5649,250.1298
107918770,0.09192,-0.77234,-0.41907,19.6641,0.9847,1.9466,0.74854,-1.03674,-0.39307,-250.1374,92.7023,250.1298
107919770,0.11023,-0.71399,-0.36499,26.9924,0.9084,-0.8855,0.75183,-1.02246,-0.39294,-250.1374,89.6794,250.1298
107920770,0.12671,-0.57739,-0.30591,36.0916,0.1298,-3.4504,0.75891,-1.01160,-0.39233,-250.1374,86.6107,250.1298
107921770,0.11694,-0.55603,-0.29199,48.1603,-1.4733,-4.6870,0.77295,-1.01123,-0.39282,-250.1374,83.5496,250.1298
107922770,0.11218,-0.63330,-0.30750,60.7405,-3.1679,-6.0611,0.79077,-1.01904,-0.39099,-250.1374,80.5344,250.1298
107923770,0.13135,-0.73462,-0.30615,71.3817,-4.3053,-7.9771,0.80688,-1.02454,-0.38611,-250.1374,77.3969,250.1298
107924770,0.13281,-0.81934,-0.28333,79.5267,-5.5725,-10.0992,0.82300,-1.03027,-0.38245,-250.1374,74.0763,250.1298
107925770,0.11060,-0.92908,-0.32825,86.1374,-7.7634,-11.7176,0.84229,-1.04102,-0.37732,-250.1374,70.5878,250.1298
107926770,0.06445,-1.18311,-0.55847,88.5725,-11.3588,-11.2443,0.86560,-1.05872,-0.36914,-250.1374,66.9237,250.1298
107927770,-0.01147,-1.50952,-0.86096,82.2443,-14.0763,-8.9847,0.88831,-1.07959,-0.36389,-250.1374,63.0763,250.1298
107928770,-0.05054,-1.56250,-0.95374,69.3588,-13.5725,-8.3511,0.90430,-1.09692,-0.36523,-250.1374,59.0229,250.1298
107929770,-0.03979,-1.21802,-0.83411,61.1527,-10.6107,-10.3588,0.91187,-1.10669,-0.37537,-250.1374,54.6641,250.1298
107930770,-0.06421,-0.85254,-0.74316,64.0992,-7.8626,-11.5344,0.91113,-1.11072,-0.39648,-250.1374,49.9771,250.1298
107931770,-0.12390,-0.78625,-0.79480,69.8244,-5.8626,-9.7405,0.90540,-1.11450,-0.42102,-250.1374,44.8168,250.1298
107932768,-0.13049,-0.93762,-0.84424,67.9313,-3.5267,-6.4962,0.89478,-1.10803,-0.45386,-250.1374,38.9237,250.1298
107933772,-0.05078,-1.10229,-0.74890,61.2672,-0.7710,-4.7939,0.88550,-1.10852,-0.49438,-250.1374,32.5573,250.1298
107934771,0.04688,-1.18628,-0.56934,61.0840,0.6565,-6.4122,0.87988,-1.13538,-0.51489,-250.1374,25.9542,250.1298
107935770,0.06958,-1.16772,-0.51782,70.7099,-0.6336,-10.8702,0.87219,-1.16064,-0.52478,-250.1374,18.3053,250.1298
107936770,0.01367,-1.06104,-0.62366,82.2901,-2.8015,-15.2137,0.86243,-1.17493,-0.53870,-250.1374,9.7023,250.1298
107937770,-0.02637,-0.92188,-0.63538,87.5038,-3.1832,-16.9924,0.85120,-1.18152,-0.54944,-250.1374,0.3893,250.1298
107938770,0.01477,-0.81995,-0.45435,87.2519,-2.4275,-16.6260,0.84277,-1.18201,-0.55969,-250.1374,-9.5191,250.1298
107939770,0.09058,-0.86646,-0.31982,88.6183,-2.9771,-15.8244,0.83691,-1.18286,-0.57373,-250.1374,-19.8321,250.1298
107940770,0.10242,-1.13086,-0.40100,93.3969,-4.8550,-15.3664,0.83020,-1.17615,-0.59094,-250.1374,-30.1603,250.1298
107941768,0.04993,-1.46643,-0.58362,94.2901,-6.3053,-15.3282,0.82349,-1.16187,-0.60364,-250.1374,-40.3206,250.1298
107942771,0.00244,-1.57092,-0.69592,85.6412,-6.8321,-15.7481,0.81689,-1.14221,-0.61487,-250.1374,-50.3664,250.1298
107943771,-0.00781,-1.37317,-0.64905,72.9389,-6.8244,-15.8168,0.81079,-1.11951,-0.62109,-250.1374,-60.2977,250.1298
107944771,0.00964,-1.12720,-0.51355,65.4809,-7.3130,-14.6718,0.80481,-1.08997,-0.62476,-250.1374,-70.4275,250.1298
107945770,0.00513,-1.06726,-0.49121,65.0382,-9.1832,-12.7710,0.80139,-1.05566,-0.63123,-250.1374,-80.3817,250.1298
107946770,-0.04199,-1.17432,-0.63000,65.2595,-11.1603,-11.2290,0.80493,-1.02759,-0.62952,-239.2137,-89.9389,250.1298
107947770,-0.07654,-1.31897,-0.73499,60.7634,-11.2290,-10.3435,0.81018,-0.99609,-0.62048,-226.0076,-98.9466,250.1298
107948770,-0.06604,-1.48096,-0.73486,53.3511,-10.3511,-9.7786,0.81567,-0.96265,-0.60718,-212.0076,-107.5954,250.1298
107949770,-0.06470,-1.65637,-0.78918,48.2519,-10.3664,-10.2061,0.82605,-0.93701,-0.59045,-197.2595,-115.8244,250.1298
107950770,-0.09766,-1.71497,-0.89758,46.9160,-9.9237,-12.8244,0.84875,-0.93616,-0.57312,-181.7252,-123.5115,250.1298
107951770,-0.12268,-1.52332,-0.90356,46.2061,-7.6641,-17.0153,0.90405,-0.96790,-0.55444,-165.0229,-130.4427,250.1298
107952770,-0.12402,-1.18140,-0.81055,44.8092,-4.9466,-19.9924,0.97034,-0.99768,-0.53271,-146.6183,-135.9313,250.1298
107953770,-0.10291,-0.96436,-0.71521,44.2977,-3.1221,-20.0840,0.98767,-0.98706,-0.50098,-126.5496,-139.4885,250.1298
107954768,-0.05835,-1.02612,-0.64380,45.2824,-1.9924,-18.6260,0.94775,-0.92432,-0.45654,-105.9389,-141.6794,250.1298
107955768,-0.01282,-1.24219,-0.59521,46.4427,-1.3511,-18.4885,0.88855,-0.82910,-0.41516,-86.3282,-143.6565,250.1298
107956767,0.00830,-1.34546,-0.57666,46.8092,-1.3282,-20.8779,0.83936,-0.72888,-0.37561,-68.5725,-145.9924,250.1298
107957772,-0.00781,-1.23792,-0.57385,46.6641,-2.1450,-23.9389,0.80139,-0.63025,-0.32812,-52.7863,-148.6107,250.1298
107958771,-0.02795,-1.06360,-0.57727,46.4733,-3.4427,-25.0305,0.76526,-0.54004,-0.27490,-38.8550,-151.2824,250.1298
107959770,-0.02893,-0.99304,-0.58813,46.7710,-4.8550,-23.7634,0.73254,-0.46960,-0.21716,-26.6183,-153.8168,250.1298
107960770,-0.02014,-1.04492,-0.56604,47.7863,-5.7176,-22.1450,0.70447,-0.41370,-0.16223,-15.8015,-156.0076,250.1298
107961770,-0.00330,-1.08752,-0.51587,48.4504,-5.9008,-22.1145,0.68054,-0.37219,-0.10791,-6.0992,-157.6489,250.1298
107962770,-0.00562,-1.02197,-0.47046,49.4198,-5.6260,-23.5954,0.65662,-0.34155,-0.05359,2.7176,-158.6412,250.1298
107963770,-0.01794,-0.89197,-0.45044,52.0153,-5.0687,-25.1985,0.62671,-0.31116,-0.00427,10.7863,-158.9008,250.1298
107964770,-0.00964,-0.83887,-0.44690,56.3664,-4.4885,-25.5802,0.59412,-0.28552,0.04358,18.1298,-158.5115,250.1298
107965770,0.01672,-0.96948,-0.44128,60.3588,-4.4656,-24.8473,0.55713,-0.26648,0.08923,24.7481,-157.6489,250.1298
107966770,0.04797,-1.17603,-0.45081,60.9924,-5.3893,-24.7634,0.51477,-0.25269,0.13354,30.7099,-156.5496,250.1298
107967767,0.06238,-1.28760,-0.46960,58.5802,-6.8931,-26.1985,0.47009,-0.24365,0.17908,36.1374,-155.3435,250.1298
107968771,0.04932,-1.24841,-0.51355,55.2137,-8.4351,-28.2214,0.42529,-0.23901,0.21509,41.2443,-153.9771,250.1298
107969770,0.02332,-1.14258,-0.55969,52.7939,-9.0687,-29.2290,0.38013,-0.23669,0.24731,46.4656,-152.1069,250.1298
107970770,0.01318,-1.07056,-0.56897,51.0382,-8.5267,-28.9466,0.33215,-0.23254,0.28125,51.8397,-149.7023,250.1298
107971770,0.02649,-1.03589,-0.54785,49.1832,-7.2977,-28.3664,0.28174,-0.23022,0.31079,57.1908,-146.9771,250.1298
107972770,0.07373,-1.02136,-0.50049,47.5038,-6.0076,-28.0763,0.23108,-0.23230,0.33838,62.5344,-144.0305,250.1298
107973770,0.14258,-1.05127,-0.50928,45.4962,-5.4733,-28.0611,0.18054,-0.23364,0.36133,67.9618,-140.9084,250.1298
107974771,0.15649,-1.24890,-0.39954,46.5802,-3.8092,-28.4198,0.13293,-0.23889,0.37793,73.3359,-137.7405,250.1298
107975770,0.28345,-0.99475,0.14563,50.1298,1.7557,-36.0534,0.09131,-0.25085,0.38611,78.6336,-134.5725,250.1298
107976770,0.77454,1.01672,1.27844,65.8550,11.1985,-60.9847,0.05322,-0.26489,0.38806,84.0153,-131.3664,250.1298
107977770,1.63574,1.99994,1.99994,136.7405,16.5649,-86.7405,0.01917,-0.28064,0.38708,89.5115,-128.1679,250.1298
107978770,1.99994,1.99994,1.99994,250.1298,-0.1450,-83.2061,-0.01038,-0.29395,0.38135,94.9542,-125.0305,250.1298
107979770,1.36475,0.55420,1.57471,250.1298,-36.6183,-70.4351,-0.03369,-0.30481,0.37244,100.1298,-122.0305,250.1298
107980770,0.55212,0.03406,0.23401,250.1298,-67.4733,-104.1450,-0.04956,-0.31274,0.36243,104.9084,-119.2443,250.1298
107981770,0.48279,1.99994,-0.35059,250.1298,-89.9847,-165.7863,-0.05957,-0.31348,0.35034,109.1374,-116.6641,250.1298
107982768,0.46985,1.99994,-0.46265,250.1298,-102.5954,-180.3817,-0.06323,-0.30957,0.34106,112.6336,-114.3435,250.1298
107983772,0.09119,1.99994,-0.65039,250.1298,-108.1374,-140.4504,-0.05847,-0.30066,0.33142,115.1908,-112.4351,250.1298
107984771,-0.38562,1.19922,-1.28625,250.1298,-103.9313,-111.9084,-0.04675,-0.28943,0.32056,116.6183,-110.8244,250.1298
107985771,-0.60144,1.68140,-1.93298,250.1298,-89.7176,-116.6718,-0.03101,-0.28320,0.30957,116.8168,-109.5725,250.1298
107986770,-0.68713,1.99994,-2.00000,250.1298,-68.9008,-113.0305,-0.01245,-0.27551,0.28748,115.7634,-108.7710,250.1298
107987770,-0.88501,1.99994,-2.00000,250.1298,-46.2366,-79.4351,0.00781,-0.27820,0.25745,113.4885,-108.3053,250.1298
107988770,-0.95886,1.99994,-2.00000,250.1298,-27.1679,-31.9542,0.02563,-0.30481,0.22437,110.1908,-108.3664,250.1298
107989771,-1.22803,0.45984,-2.00000,250.1298,-20.5496,12.1679,0.03772,-0.33862,0.18433,106.3588,-108.9847,250.1298
107990770,-1.30103,-0.99219,-2.00000,250.1298,-10.8702,32.5802,0.04492,-0.36499,0.14136,102.2748,-110.0076,250.1298
107991770,-0.53992,0.47314,-2.00000,250.1298,5.1527,21.8244,0.04614,-0.38574,0.09692,97.9542,-111.4580,250.1298
107992770,0.08081,1.99994,-1.09998,250.1298,6.2214,12.3817,0.04077,-0.41199,0.04895,93.4504,-113.4046,250.1298
107993770,-0.31067,1.74011,-2.00000,250.1298,-2.9695,26.5573,0.03003,-0.43884,0.00098,88.9924,-115.7863,250.1298
107994770,-0.80359,-0.25403,-2.00000,250.1298,5.2214,40.2366,0.01636,-0.45593,-0.04089,84.8321,-118.3817,250.1298
107995770,-0.36499,-0.95215,-2.00000,250.1298,26.9084,28.0687,-0.01575,-0.48730,-0.11841,77.3206,-123.8626,233.2443
107996770,0.53906,-0.08496,-1.20752,250.1298,35.4198,1.5344,-0.03442,-0.50220,-0.15222,73.8550,-126.6870,215.1221
107997770,0.93518,0.47656,-0.52991,250.1298,27.9618,-18.0763,-0.05127,-0.52478,-0.18079,70.4122,-129.5267,197.9847
107998770,0.74854,-0.00830,-0.67578,250.1298,13.0916,-31.0076,-0.06409,-0.55444,-0.20532,66.8550,-132.3206,181.9695
107999770,0.29858,-0.47839,-1.63611,250.1298,-2.2977,-40.2061,-0.07324,-0.59265,-0.22546,63.0916,-135.0000,167.1527
108000767,-0.07861,-0.32019,-2.00000,250.1298,-11.3740,-40.8702,-0.08008,-0.65723,-0.24731,59.1603,-137.5496,153.5802
108001768,-0.12891,0.33179,-2.00000,250.1298,-13.5191,-37.6489,-0.08569,-0.74426,-0.27673,55.4733,-139.9237,141.0763
108002771,-0.22083,1.12671,-2.00000,250.1298,-14.7786,-36.9466,-0.09705,-0.83472,-0.31201,52.5344,-141.9313,129.6031
108003771,-0.54895,1.36121,-2.00000,250.1298,-12.6031,-32.4504,-0.12256,-0.92822,-0.35632,50.5954,-143.6641,119.3282
108004770,-0.91443,0.92859,-2.00000,250.1298,0.1069,-19.7252,-0.14661,-1.01184,-0.41638,49.7405,-145.5573,110.1756
108005770,-0.97412,0.79846,-2.00000,250.1298,24.1374,-7.1832,-0.15588,-1.06421,-0.47961,49.8702,-147.5267,101.9313
108006770,-0.67932,1.53845,-2.00000,250.1298,44.7557,-0.8168,-0.16101,-1.08801,-0.52368,50.6565,-149.2977,94.9847
108007770,-0.52051,1.79871,-2.00000,250.1298,50.3893,11.4427,-0.15845,-1.08997,-0.54175,51.6031,-151.1603,89.6565
108008768,-0.75781,0.94226,-2.00000,250.1298,49.9847,29.3053,-0.14465,-1.07019,-0.53418,52.1603,-153.0305,85.6565
108009768,-0.84973,0.37195,-2.00000,250.1298,57.4122,37.7863,-0.12488,-1.03772,-0.50476,51.8473,-154.6336,82.7710
108010768,-0.56372,0.70605,-2.00000,250.1298,67.7099,37.3817,-0.09961,-0.99915,-0.46216,50.4351,-155.6947,80.8397
108011772,-0.30884,1.10669,-1.74927,250.1298,69.6107,39.2977,-0.07166,-0.96362,-0.41333,47.8702,-156.0840,79.8550
108012771,-0.26355,0.76172,-1.81860,250.1298,65.4122,46.0992,-0.04004,-0.94153,-0.36353,44.2748,-155.7939,79.7634
108013770,-0.16772,-0.03369,-2.00000,250.1298,65.9924,50.8168,-0.00720,-0.92749,-0.31897,39.8779,-154.8321,80.4427
108014771,1.03906,-1.13062,-1.69849,250.1298,86.5878,49.1832,0.02502,-0.91772,-0.28455,34.9466,-153.2672,81.9008
108015770,0.78455,-1.87109,-0.60010,250.1298,91.7405,35.2901,0.05664,-0.91064,-0.25745,29.6870,-151.2137,84.0611
108016771,-0.87231,-0.82458,0.23511,250.1298,87.4198,-7.9160,0.08484,-0.90320,-0.23572,24.2214,-148.6947,86.8397
108017770,-1.82153,1.99994,-0.29260,250.1298,79.4580,-59.4275,0.11096,-0.90112,-0.22034,18.6641,-145.7939,90.0992
108018770,-0.94434,1.99994,-2.00000,250.1298,74.7557,-81.2214,0.13733,-0.90271,-0.21130,13.1527,-142.6031,93.6641
108019770,0.15698,1.99994,-0.66174,250.1298,98.9695,-71.4504,0.16211,-0.90173,-0.20752,7.8015,-139.1603,97.4733
108020767,0.37292,1.99994,1.89075,250.1298,95.2290,-58.9160,0.18445,-0.90466,-0.20898,2.5573,-135.6107,101.5573
108021771,-0.99463,1.99994,-0.19482,250.1298,42.0382,-50.7099,0.20349,-0.91504,-0.21936,-2.6107,-132.0840,105.8015
108022771,-1.57458,1.99994,-2.00000,250.1298,43.5725,-36.6031,0.21716,-0.93103,-0.23584,-7.6107,-128.6260,110.0305
108023771,-1.25317,1.99994,-1.28125,250.1298,101.2672,-33.7176,0.22339,-0.95337,-0.25427,-12.2443,-125.2824,114.1298
108024770,-1.38416,1.99994,1.99994,250.1298,133.4198,-37.2214,0.22119,-0.98108,-0.27600,-16.2519,-122.0458,118.0687
108025768,-1.29688,1.99994,1.16064,250.1298,93.1145,-16.8015,0.21338,-1.00696,-0.29883,-19.4351,-118.9008,121.7863
108026772,-2.00000,1.99994,-2.00000,250.1298,79.3282,32.4809,0.20227,-1.02734,-0.32288,-21.8244,-115.8244,125.2214
108027771,-2.00000,1.99994,-0.79980,250.1298,150.1527,102.8473,0.18701,-1.04675,-0.34534,-23.5496,-112.8397,128.3359
108028770,-1.25952,1.99994,0.96252,250.1298,166.8015,143.9542,0.16541,-1.06750,-0.35986,-24.6947,-109.9618,131.0763
108029770,-2.00000,1.99994,-1.71582,250.1298,124.9008,148.4962,0.13696,-1.08557,-0.36646,-25.1527,-107.0611,133.4809
108030771,-2.00000,1.99994,-2.00000,250.1298,139.8015,127.9084,0.10510,-1.09595,-0.36487,-24.8702,-104.0458,135.6183
108031771,-1.64099,1.99994,0.86780,250.1298,179.9771,109.9695,0.07166,-1.09583,-0.35608,-24.0153,-100.8626,137.4733
108032770,-1.75806,1.99994,0.84290,250.1298,169.2519,139.0611,0.03857,-1.08813,-0.34412,-22.8931,-97.5267,138.9389
108033767,-2.00000,1.99994,-2.00000,250.1298,153.8779,179.1221,0.00842,-1.07593,-0.32886,-21.8168,-94.0611,139.9389
108034768,-2.00000,0.72363,-2.00000,250.1298,185.8855,177.6183,-0.01965,-1.05957,-0.31079,-21.0076,-90.4962,140.4580
108035768,-1.40100,0.40088,0.70959,250.1298,224.7710,143.7634,-0.04517,-1.04309,-0.29187,-20.6565,-86.8702,140.4809
108036772,-1.41528,1.99994,1.21436,250.1298,222.4809,102.0153,-0.06848,-1.02686,-0.27234,-20.8092,-83.1985,140.0458
108037770,-2.00000,1.99994,0.01489,250.1298,217.9313,78.9160,-0.08960,-1.01172,-0.25183,-21.4580,-79.5115,139.2061
108038770,-2.00000,1.99994,0.72974,250.1298,246.7710,92.0382,-0.10791,-0.99829,-0.22937,-22.5878,-75.7863,137.9695
108039770,-1.05603,1.99994,1.99994,250.1298,250.1298,123.9618,-0.12561,-0.98621,-0.20789,-24.1527,-72.0305,136.3435
108040768,-0.60132,1.99994,1.99994,250.1298,250.1298,141.6947,-0.14062,-0.97778,-0.18835,-26.0687,-68.2595,134.3282
108041767,-0.71301,1.99994,1.99994,250.1298,230.6260,137.0611,-0.15234,-0.97461,-0.17029,-28.2061,-64.4427,131.8931
108042772,-1.04541,1.99994,1.99994,250.1298,206.9771,135.4809,-0.16309,-0.97229,-0.15430,-30.3817,-60.5496,129.0992
108043770,-1.52795,1.99994,1.70764,250.1298,198.5878,151.8779,-0.17126,-0.96948,-0.13684,-32.5496,-56.5878,126.0534
108044770,-1.49121,1.99994,1.99994,250.1298,188.1298,177.1298,-0.17664,-0.96741,-0.12085,-34.7405,-52.6107,122.7405
108045770,-1.26416,1.99994,1.99994,250.1298,166.4427,207.2061,-0.18054,-0.96460,-0.10852,-36.9389,-48.6336,119.1374
108046767,-1.47290,1.99994,1.99994,250.1298,150.1603,235.7405,-0.18347,-0.96301,-0.09875,-39.1298,-44.7099,115.2672
108047772,-1.68945,1.99994,1.99994,250.1298,151.0000,245.0534,-0.18628,-0.96399,-0.09302,-41.2824,-40.8702,111.1603
108048767,-1.92847,1.99994,1.99994,250.1298,157.2748,239.4122,-0.18823,-0.96643,-0.08826,-43.3435,-37.1145,106.8244
108049771,-2.00000,1.99994,1.05090,250.1298,163.6260,235.7557,-0.19006,-0.96851,-0.08496,-45.2519,-33.4580,102.2901
108050771,-2.00000,1.99994,0.50159,250.1298,181.3511,233.6794,-0.19250,-0.97046,-0.08362,-47.0000,-29.9542,97.6260
108051771,-2.00000,1.99994,1.01331,250.1298,201.3206,236.2443,-0.19495,-0.97388,-0.08301,-48.6031,-26.6565,92.8397
108052771,-2.00000,1.99994,1.28540,250.1298,205.5344,248.3817,-0.19861,-0.97632,-0.08374,-50.0916,-23.5954,87.9237
108053770,-2.00000,1.19275,0.72424,250.1298,198.8779,250.1298,-0.20349,-0.97852,-0.08643,-51.4733,-20.7252,82.9084
108054770,-2.00000,0.96753,-0.00293,250.1298,199.4275,250.1298,-0.20813,-0.98145,-0.09094,-52.7252,-18.0611,77.8397
108055768,-1.96729,1.48657,0.33569,250.1298,213.9695,247.6412,-0.21240,-0.98572,-0.09644,-53.8168,-15.6489,72.7939
108056772,-2.00000,1.60181,1.99994,250.1298,229.6641,250.1298,-0.21716,-0.99255,-0.10229,-54.7557,-13.5191,67.7786
108057771,-2.00000,1.99994,1.99994,250.1298,227.4809,250.1298,-0.22302,-1.00037,-0.10889,-55.5344,-11.6336,62.7939
108058771,-2.00000,1.99994,1.14880,250.1298,242.1908,250.1298,-0.23010,-1.00928,-0.11670,-56.1450,-9.9466,57.9084
108059770,-2.00000,1.99994,1.99994,250.1298,250.1298,250.1298,-0.23694,-1.01929,-0.12390,-56.5725,-8.4809,53.1374
108060768,-0.39258,-0.55945,1.99994,250.1298,250.1298,250.1298,-0.24377,-1.02966,-0.12952,-56.8397,-7.2443,48.5420
108061768,-0.24512,-2.00000,1.99994,250.1298,250.1298,250.1298,-0.25110,-1.04089,-0.13391,-57.0076,-6.2672,44.1756
108062771,-1.50049,-2.00000,1.99994,250.1298,216.0153,250.1298,-0.25854,-1.05225,-0.13892,-57.0763,-5.5115,40.0687
108063771,-1.87805,1.99994,1.72974,250.1298,193.5191,250.1298,-0.26709,-1.06396,-0.14392,-57.0534,-4.9237,36.2137
108064771,-1.63831,1.99994,1.99994,250.1298,192.6107,250.1298,-0.27588,-1.07617,-0.14685,-56.9542,-4.5344,32.5802
108065770,-0.58032,-1.40356,1.99994,250.1298,164.2595,250.1298,-0.28394,-1.08813,-0.14905,-56.8015,-4.3130,29.2214
108066768,-0.37195,-2.00000,1.99994,250.1298,126.6336,250.1298,-0.29065,-1.10120,-0.15027,-56.6183,-4.2290,26.1679
108067768,-0.85388,-2.00000,1.99994,250.1298,116.5496,250.1298,-0.29639,-1.11511,-0.15234,-56.3969,-4.2672,23.3893
108068768,-1.86182,-2.00000,1.99994,250.1298,110.3359,217.7634,-0.30139,-1.12878,-0.15576,-56.1069,-4.4122,20.8779
108069772,-2.00000,0.29199,1.34692,250.1298,123.5649,207.9771,-0.30603,-1.14209,-0.15894,-55.7557,-4.6565,18.6336
108070771,-2.00000,0.89270,1.89917,250.1298,161.6412,238.9695,-0.31018,-1.15503,-0.16174,-55.3206,-4.9847,16.6565
108071770,-1.38525,-0.88379,1.99994,250.1298,188.7252,250.1298,-0.31335,-1.16711,-0.16394,-54.8015,-5.3740,14.9695
108072768,-1.30737,-2.00000,1.99994,250.1298,182.2519,250.1298,-0.31494,-1.17798,-0.16516,-54.1832,-5.7786,13.5420
108073772,-2.00000,-2.00000,1.99994,250.1298,162.2977,246.7405,-0.31604,-1.18933,-0.16675,-53.4580,-6.1756,12.3740
108074771,-2.00000,-2.00000,1.99994,250.1298,164.6336,232.4885,-0.31653,-1.20154,-0.16943,-52.6260,-6.6031,11.4427
108075770,-2.00000,-1.84644,1.99994,250.1298,189.4580,249.0840,-0.31665,-1.21252,-0.17090,-51.6794,-7.0611,10.7634
108076768,-0.20007,-2.00000,1.99994,250.1298,216.1985,250.1298,-0.31873,-1.21814,-0.16943,-50.6641,-7.6031,10.3130
108077772,0.94983,-2.00000,1.99994,250.1298,205.5496,250.1298,-0.31628,-1.22876,-0.17212,-49.5725,-8.2748,10.3130
108078771,-0.54224,-2.00000,1.99994,250.1298,170.8092,250.1298,-0.31189,-1.24072,-0.17517,-48.2595,-8.7023,10.4198
108079770,-1.01160,-2.00000,1.99994,250.1298,138.5802,250.1298,-0.31030,-1.24573,-0.17322,-46.8168,-8.9542,10.4198
108080770,-0.84009,-2.00000,1.99994,250.1298,147.2595,250.1298,-0.30713,-1.25000,-0.17090,-45.3206,-9.1908,10.6107
108081768,-0.33691,-2.00000,1.99994,250.1298,163.2824,249.2290,-0.30298,-1.25256,-0.16821,-43.7405,-9.4198,11.0458
108082771,1.22241,-2.00000,1.99994,250.1298,121.6031,206.2519,-0.29675,-1.25403,-0.16565,-42.0229,-9.6260,11.6489
108083771,1.10327,-2.00000,1.99994,250.1298,64.1679,196.0076,-0.28943,-1.25562,-0.16272,-40.1908,-9.7634,12.3435
108084771,0.01807,-2.00000,1.99994,250.1298,48.6489,209.5344,-0.28186,-1.25720,-0.15894,-38.2443,-9.8321,13.1374
108085770,0.28882,-2.00000,1.99994,250.1298,41.9771,188.0458,-0.27417,-1.25769,-0.15637,-36.1832,-9.8015,13.9542
108086770,0.82764,-2.00000,1.99994,250.1298,31.8473,153.1679,-0.26636,-1.25732,-0.15540,-33.9924,-9.6947,14.8092
108087768,0.44995,-2.00000,1.99994,250.1298,18.8931,137.6336,-0.25952,-1.25623,-0.15234,-31.6794,-9.5267,15.6412
108088771,-0.11133,-2.00000,1.99994,250.1298,9.5344,119.5496,-0.25427,-1.25476,-0.14819,-29.2748,-9.2672,16.4275
108089771,-0.33191,-2.00000,1.99994,250.1298,4.1145,105.0458,-0.25024,-1.25354,-0.14478,-26.8092,-8.9313,17.1756
108090771,-0.61963,-2.00000,1.99994,250.1298,15.3206,112.0229,-0.24597,-1.25232,-0.14221,-24.3130,-8.5267,17.8855
108091770,-0.25745,-2.00000,1.99994,250.1298,45.3206,119.5038,-0.24255,-1.24890,-0.14026,-21.8015,-8.0534,18.5420
108092770,0.48596,-2.00000,1.99994,237.3359,46.5878,114.8626,-0.24011,-1.24438,-0.13721,-19.2977,-7.4962,19.0916
108093768,0.16736,-2.00000,1.99994,225.4046,17.8550,113.7786,-0.23730,-1.23645,-0.13049,-14.3359,-6.1832,19.9542
108094768,-0.21069,-2.00000,1.99994,221.0534,18.7481,119.5496,-0.23682,-1.23267,-0.12793,-11.9237,-5.4427,20.2595
108095767,0.10315,-2.00000,1.99994,215.5573,39.1908,123.4427,-0.23669,-1.22803,-0.12622,-9.6031,-4.6641,20.4580
108096768,0.67603,-2.00000,1.99994,204.1069,33.8626,131.8092,-0.23608,-1.22363,-0.12476,-7.3130,-3.7939,20.5802
108097768,1.62048,-2.00000,1.99994,188.8092,11.8015,147.4275,-0.23596,-1.21973,-0.12244,-5.0763,-2.8855,20.6412
108098768,1.99994,-2.00000,1.99994,183.1145,-16.9924,152.0076,-0.23633,-1.21521,-0.12109,-2.9237,-1.9313,20.6336
108099772,1.87988,-2.00000,1.99994,186.0840,-69.9771,145.9084,-0.23645,-1.21057,-0.11987,-0.8473,-0.9542,20.5267
108100771,0.96460,-2.00000,1.99994,167.4733,-127.7023,136.0458,-0.23669,-1.20654,-0.11877,1.2137,0.0687,20.3282
108101771,0.31433,-2.00000,1.49744,158.5649,-137.9618,121.1985,-0.23682,-1.20312,-0.11914,3.2443,1.0840,20.0992
108102770,0.68616,-2.00000,1.99994,176.5802,-117.1450,95.3664,-0.23730,-1.20068,-0.11951,5.2290,2.1221,19.8779
108103770,1.24475,-2.00000,1.99994,187.0153,-119.2901,54.5649,-0.23828,-1.19812,-0.11816,7.1756,3.1985,19.6718
108104770,0.96094,-2.00000,1.99994,176.4656,-141.6031,16.9542,-0.23865,-1.19604,-0.11621,9.0840,4.2977,19.4351
108105770,0.41931,-2.00000,1.99994,163.6641,-136.8702,-13.6183,-0.23938,-1.19336,-0.11450,10.9695,5.3664,19.1908
108106770,0.36267,-2.00000,1.99994,167.7405,-106.3282,-32.7863,-0.24048,-1.18970,-0.11438,12.7939,6.3664,18.9695
108107767,0.40112,-2.00000,1.99994,171.7252,-97.0305,-39.7710,-0.24048,-1.18457,-0.11621,14.5420,7.3130,18.7786
108108771,0.11694,-2.00000,0.46289,166.7939,-108.3053,-41.3130,-0.23975,-1.17908,-0.11792,16.2519,8.2061,18.6412
108109770,0.18848,-2.00000,-0.01392,164.2519,-110.3664,-45.6565,-0.23962,-1.17346,-0.11975,17.9313,9.0534,18.5344
108110770,0.57056,-2.00000,1.31262,173.4580,-106.6794,-52.5420,-0.24097,-1.16650,-0.12158,19.5344,9.8321,18.4046
108111770,0.65161,-2.00000,1.99994,170.8931,-115.5725,-53.3817,-0.24365,-1.15820,-0.12268,21.0611,10.5267,18.2443
108112770,0.55176,-2.00000,1.99994,142.7634,-128.9237,-47.1298,-0.24683,-1.14905,-0.12415,22.5191,11.1679,18.1221
108113770,0.59058,-2.00000,1.99994,125.3740,-127.7481,-31.1679,-0.24939,-1.13904,-0.12671,23.9084,11.7252,17.9847
108114770,0.94409,-2.00000,1.99994,127.2214,-116.3817,-15.1221,-0.25293,-1.12817,-0.12976,25.1908,12.1374,17.7863
108115768,1.41028,-2.00000,1.99994,130.2214,-112.6031,-16.2137,-0.25842,-1.11658,-0.13354,26.3359,12.4046,17.4885
108116772,1.55920,-2.00000,1.99994,128.0687,-134.6412,-33.0000,-0.26489,-1.10559,-0.13806,27.3664,12.5344,17.1145
108117771,1.09424,-2.00000,1.42725,123.4656,-174.8244,-53.7328,-0.27234,-1.09619,-0.14307,28.2824,12.5420,16.7176
108118770,0.70398,-2.00000,0.54688,142.3053,-198.4504,-67.5496,-0.28064,-1.08777,-0.14868,29.0534,12.4198,16.3053
108119770,0.91528,-2.00000,1.14331,187.9695,-211.6489,-69.9237,-0.28992,-1.07996,-0.15332,29.7099,12.1603,15.8550
108120770,0.89758,-2.00000,1.26929,218.8473,-233.2443,-75.7634,-0.29956,-1.07239,-0.15723,30.2901,11.7557,15.4122
108121770,0.38074,-2.00000,-0.08862,211.8931,-250.1374,-98.2672,-0.30884,-1.06506,-0.16223,30.7786,11.2214,14.9847
108122770,-0.14832,-2.00000,-1.21362,200.8244,-244.6641,-134.1069,-0.31641,-1.05859,-0.16846,31.1374,10.5267,14.5878
108123770,-0.29944,-2.00000,-1.13306,211.9084,-214.4351,-154.7557,-0.32397,-1.05237,-0.17334,31.3664,9.7176,14.2061
108124770,-0.43262,-2.00000,-1.77295,227.4656,-193.7710,-149.6412,-0.33179,-1.04614,-0.17627,31.4809,8.7863,13.8473
108125771,-0.80750,-2.00000,-2.00000,235.3893,-179.9847,-137.0458,-0.33948,-1.03979,-0.17786,31.4962,7.7405,13.5420
108126770,-0.84521,-2.00000,-2.00000,231.5802,-156.2672,-137.8092,-0.34668,-1.03394,-0.17786,31.4351,6.5649,13.2824
108127771,-0.56335,-2.00000,-2.00000,223.9237,-132.1603,-148.9313,-0.35229,-1.02930,-0.17749,31.2748,5.2901,13.0763
108128770,-0.41235,-2.00000,-2.00000,218.0153,-120.7634,-157.9466,-0.35730,-1.02441,-0.17700,31.0229,3.9771,12.9160
108129770,-0.37036,-2.00000,-1.99194,214.4733,-116.3282,-162.2290,-0.36121,-1.01819,-0.17517,30.6870,2.6489,12.7939
108130770,-0.24158,-2.00000,-1.86047,217.9389,-107.9084,-155.9008,-0.36401,-1.01111,-0.17358,30.2824,1.2672,12.6947
108131770,-0.11914,-2.00000,-1.57007,213.3664,-96.9771,-142.6947,-0.36560,-1.00342,-0.17249,29.7939,-0.1527,12.6260
108132770,0.00867,-2.00000,-1.08777,193.7710,-87.1603,-136.3435,-0.36572,-0.99500,-0.17029,29.2519,-1.5802,12.5725
108133770,0.31543,-2.00000,-0.80554,174.8473,-83.1145,-144.7481,-0.36560,-0.98511,-0.16846,28.6641,-2.9924,12.5420
108134771,0.49048,-2.00000,-0.75525,175.4275,-84.0229,-160.2595,-0.36572,-0.97510,-0.16797,28.0534,-4.4122,12.5344
108135770,0.42017,-2.00000,-0.18225,184.4733,-86.3053,-171.5267,-0.36511,-0.96631,-0.16846,27.4275,-5.8321,12.5191
108136770,0.51160,-2.00000,0.55969,177.5115,-96.8015,-174.3130,-0.36365,-0.95947,-0.16882,26.7863,-7.2290,12.4885
108137771,0.77429,-2.00000,0.64050,157.8092,-117.5573,-167.3359,-0.36206,-0.95288,-0.16858,26.1145,-8.5802,12.4046
108138771,0.88635,-2.00000,0.26355,147.6107,-138.2214,-161.5496,-0.35925,-0.94568,-0.16895,25.3817,-9.8931,12.2672
108139770,0.82666,-2.00000,0.24402,160.6718,-150.4275,-168.6870,-0.35608,-0.93884,-0.16785,24.6107,-11.1603,12.0687
108140770,0.46606,-2.00000,-0.43103,175.7863,-168.8321,-184.9542,-0.35425,-0.93274,-0.16602,23.8321,-12.3511,11.8397
108141770,-0.31030,-2.00000,-2.00000,176.6107,-186.4733,-199.3817,-0.35303,-0.92603,-0.16553,23.0382,-13.4656,11.5725
108142771,-0.88806,-1.52441,-2.00000,179.1527,-182.8397,-205.2824,-0.35144,-0.91882,-0.16406,22.1908,-14.5420,11.2519
108143771,-0.81873,-1.23889,-2.00000,195.9466,-161.2443,-204.5954,-0.34912,-0.91223,-0.16113,21.2824,-15.5802,10.8397
108144770,-0.70728,-1.71680,-2.00000,213.5191,-146.2824,-200.5115,-0.34668,-0.90576,-0.15845,20.3435,-16.5573,10.3511
108145770,-1.39465,-2.00000,-2.00000,201.5115,-119.2977,-203.5573,-0.34436,-0.89966,-0.15759,19.3664,-17.4656,9.8092
108146771,-1.48010,-2.00000,-2.00000,187.8779,-91.1908,-203.5954,-0.34155,-0.89490,-0.15747,18.3664,-18.3206,9.1908
108147771,-1.46863,-2.00000,-2.00000,178.0840,-66.8855,-199.4351,-0.33862,-0.89026,-0.15613,17.3359,-19.1221,8.4733
108148771,-1.34180,-1.83276,-2.00000,170.8397,-48.8092,-197.3435,-0.33582,-0.88489,-0.15479,16.2595,-19.8550,7.6260
108149771,-1.06653,-1.54333,-2.00000,166.4656,-34.6718,-196.1832,-0.33301,-0.88025,-0.15393,15.1527,-20.5496,6.7405
108150771,-0.78015,-1.62537,-2.00000,163.7557,-21.8092,-191.7786,-0.33203,-0.87622,-0.15295,14.0382,-21.1908,5.8397
108151771,-0.52759,-1.99951,-2.00000,158.8550,-12.1603,-188.0153,-0.33252,-0.87256,-0.15100,12.9237,-21.8168,4.8855
108152771,-0.29138,-2.00000,-1.77332,154.1985,-8.1298,-189.1679,-0.33130,-0.87000,-0.14929,11.7710,-22.4351,3.8397
108153770,-0.23010,-2.00000,-1.55322,155.9618,-7.0000,-192.6336,-0.32910,-0.86804,-0.14844,10.5878,-23.0229,2.7252
108154770,-0.43494,-2.00000,-1.17285,161.1832,-7.4275,-197.2595,-0.32715,-0.86633,-0.14758,9.3817,-23.5420,1.5649
108155770,-0.60217,-2.00000,-1.01233,159.2137,-12.5725,-204.1908,-0.32520,-0.86462,-0.14685,8.1527,-24.0153,0.3893
108156770,-0.63318,-1.41479,-1.13147,151.8473,-19.0076,-209.6794,-0.32349,-0.86304,-0.14771,6.9389,-24.4504,-0.7863
108157768,-0.67651,-1.09924,-0.79968,150.7634,-20.8321,-209.9771,-0.32178,-0.86255,-0.14941,5.7252,-24.8702,-1.9466
108158772,-0.50415,-1.26379,-0.35071,152.6641,-23.1603,-209.4351,-0.31909,-0.86304,-0.15125,4.5191,-25.2595,-3.0763
108159771,-0.06921,-1.55273,-0.39209,149.3664,-28.2366,-211.1603,-0.31616,-0.86328,-0.15405,3.3588,-25.6107,-4.1985
108160770,0.13379,-1.48718,-0.52881,139.6336,-34.3817,-216.3282,-0.31311,-0.86365,-0.15686,2.2519,-25.9084,-5.3206
108161770,-0.21619,-0.65344,-1.08008,129.0611,-46.3435,-223.6565,-0.30981,-0.86426,-0.15906,1.2061,-26.1603,-6.4656
108162770,-0.89282,0.19690,-2.00000,127.3664,-62.5725,-221.2595,-0.30640,-0.86438,-0.16040,0.2290,-26.3435,-7.5954
108163770,-1.41638,-0.15759,-2.00000,136.6183,-61.9084,-202.8168,-0.30273,-0.86487,-0.16089,-0.7023,-26.4733,-8.6947
108164770,-1.51685,-1.30273,-2.00000,143.0382,-40.3511,-185.4351,-0.29822,-0.86560,-0.16077,-1.5878,-26.5649,-9.7405
108165770,-1.39648,-1.41516,-2.00000,133.7023,-21.7328,-188.2748,-0.29407,-0.86548,-0.16028,-2.4733,-26.5802,-10.7099
108166770,-1.51746,-0.23486,-2.00000,117.5649,-14.9695,-199.3664,-0.28955,-0.86499,-0.15967,-3.3435,-26.5191,-11.6336
108167770,-1.73022,0.57581,-2.00000,113.0763,7.2672,-196.9313,-0.28320,-0.86523,-0.15833,-4.1985,-26.4046,-12.5115
108168771,-1.54016,0.37378,-2.00000,112.8702,42.9237,-184.3130,-0.27783,-0.86597,-0.15759,-5.0229,-26.2214,-13.3588
108169771,-1.25354,-0.09900,-2.00000,105.5802,64.8702,-176.3206,-0.27368,-0.86621,-0.15723,-5.8626,-25.9466,-14.1221
108170770,-1.16614,-0.55212,-2.00000,96.3588,70.1450,-174.2061,-0.26904,-0.86670,-0.15686,-6.6794,-25.5954,-14.8168
108171770,-0.87378,-1.23022,-2.00000,95.6107,77.9695,-172.3511,-0.26440,-0.86816,-0.15674,-7.4351,-25.2214,-15.4656
108172770,-0.45422,-1.73792,-1.75330,101.3359,83.6183,-172.9695,-0.25916,-0.86975,-0.15686,-8.1145,-24.8168,-16.0916
108173770,-0.48413,-1.19849,-1.23560,100.2443,72.3282,-179.6107,-0.25391,-0.87061,-0.15710,-8.7481,-24.3817,-16.6794
108174770,-0.85974,-0.08044,-1.61829,91.9160,57.4046,-181.2137,-0.25012,-0.87195,-0.15601,-9.3359,-23.8702,-17.2366
108175770,-0.95886,0.22534,-1.65637,85.0992,57.6489,-168.9237,-0.24695,-0.87366,-0.15588,-9.8931,-23.3130,-17.7863
108176770,-0.75208,-0.52661,-1.13708,85.6565,68.1908,-154.3435,-0.24402,-0.87500,-0.15649,-10.4046,-22.7099,-18.3282
108177770,-0.55737,-1.29602,-0.76514,85.2061,77.4656,-154.6107,-0.24219,-0.87683,-0.15649,-10.8855,-22.0916,-18.8931
108178770,-0.53833,-1.05835,-0.73181,72.3511,83.3435,-169.5878,-0.24036,-0.87891,-0.15710,-11.3588,-21.4504,-19.4427
108179770,-0.67700,-0.13550,-0.66614,57.8092,89.1679,-182.5115,-0.23804,-0.88086,-0.15857,-11.8244,-20.7786,-20.0076
108180770,-0.75879,0.49988,-0.56311,53.8092,94.1527,-184.1985,-0.23572,-0.88293,-0.15955,-12.2443,-20.0916,-20.5649
108181770,-0.69141,0.25305,-0.48706,59.8626,97.4427,-176.6260,-0.23315,-0.88538,-0.16077,-12.5573,-19.3817,-21.1298
108182770,-0.65747,-0.45105,-0.34644,64.1221,98.2366,-170.8473,-0.23218,-0.88672,-0.16321,-12.7863,-18.6336,-21.7328
108183770,-0.86389,-0.53906,-0.27710,62.4275,96.9313,-174.4962,-0.23267,-0.88745,-0.16516,-13.0076,-17.8855,-22.3588
108184770,-1.06738,0.24512,-0.32703,59.3588,97.6565,-180.1908,-0.23279,-0.88843,-0.16626,-13.2061,-17.1374,-22.9847
108185768,-0.98352,1.03931,-0.04480,58.0000,104.6260,-174.0611,-0.23169,-0.89038,-0.16687,-13.3740,-16.3664,-23.6336
108186772,-0.70325,1.01904,0.67651,57.9237,111.4809,-155.7023,-0.23047,-0.89197,-0.16760,-13.5115,-15.5954,-24.2672
108187771,-0.54199,0.43335,0.80835,53.3969,107.0687,-139.2672,-0.23083,-0.89282,-0.16882,-13.6565,-14.8092,-24.8931
108188770,-0.56421,-0.07715,0.19067,44.1603,98.3893,-132.4580,-0.23120,-0.89502,-0.17053,-13.8321,-13.9924,-25.5038
108189770,-0.60315,-0.14783,-0.14844,34.6107,95.2901,-133.4046,-0.23242,-0.89880,-0.17236,-13.9924,-13.1603,-26.1069
108190771,-0.64197,0.34741,0.26392,28.0076,95.5267,-137.7786,-0.23535,-0.90710,-0.17249,-14.1756,-11.4122,-27.2137
108191771,-0.76001,1.07874,0.54675,22.1756,89.3130,-138.5954,-0.23596,-0.91211,-0.17383,-14.2290,-10.5344,-27.6489
108192771,-1.02576,1.27197,0.23010,19.7405,82.3817,-130.4580,-0.23657,-0.91833,-0.17480,-14.2748,-9.6641,-28.0000
108193771,-1.11938,0.72400,0.25806,22.4733,89.2137,-118.9618,-0.23669,-0.92371,-0.17517,-14.3053,-8.8015,-28.2901
108194771,-0.89636,0.23145,0.84155,25.1145,104.2977,-114.5573,-0.23633,-0.92871,-0.17542,-14.2672,-7.9313,-28.4733
108195771,-0.84155,0.39075,0.93225,24.1908,110.9618,-116.6412,-0.23633,-0.93433,-0.17517,-14.1450,-7.0153,-28.5344
108196771,-0.94312,0.95715,0.05945,22.5878,111.0382,-116.0305,-0.23645,-0.94006,-0.17432,-13.9466,-6.0611,-28.4733
108197770,-0.79773,1.27234,-0.51709,25.8244,119.3053,-106.1603,-0.23657,-0.94617,-0.17334,-13.7023,-5.0916,-28.3359
108198770,-0.90210,0.47876,0.35059,36.9771,132.7023,-85.9008,-0.23657,-0.95251,-0.17273,-13.4351,-4.1374,-28.1069
108199770,-0.86536,-1.43738,1.60120,41.7023,140.3206,-67.5802,-0.23645,-0.95813,-0.17358,-13.0763,-3.1985,-27.7557
108200770,-0.23352,-2.00000,1.99994,23.6794,144.0153,-74.5344,-0.23743,-0.96240,-0.17407,-12.6183,-2.2748,-27.3282
108201770,0.10205,-1.24817,1.99994,8.8702,159.4351,-107.1603,-0.23840,-0.96582,-0.17395,-12.1069,-1.3511,-26.8397
108202770,-0.11353,1.99994,1.99994,-3.7328,154.6870,-146.0763,-0.23901,-0.96899,-0.17358,-11.5496,-0.4580,-26.3206
108203767,-0.24902,1.99994,1.99994,-18.8931,118.5191,-151.2519,-0.23999,-0.97229,-0.17236,-10.9160,0.4122,-25.7405
108204766,-0.02991,1.99994,1.94434,-7.0840,91.5649,-102.0382,-0.24048,-0.97485,-0.17175,-10.2290,1.2595,-25.0916
108205769,0.12805,0.39868,1.99994,33.5420,88.6031,-48.5802,-0.24084,-0.97693,-0.17139,-9.4656,2.0763,-24.4122
108206768,0.58850,-2.00000,1.99994,51.2214,76.3511,-46.7481,-0.24231,-0.97937,-0.17126,-8.6489,2.8626,-23.6947
108207771,0.64807,-1.95618,1.99994,21.4733,40.8397,-91.3435,-0.24365,-0.98315,-0.17273,-7.8168,3.6107,-22.9237
108208770,-0.38464,1.56470,1.99994,-1.9847,22.0229,-115.1374,-0.24512,-0.98755,-0.17529,-6.9847,4.3053,-22.0687
108209770,-0.64478,1.99994,1.99994,-4.9084,33.4427,-84.0458,-0.24817,-0.99158,-0.17810,-6.1527,4.9466,-21.2137
108210770,-0.05505,1.99994,1.99994,-2.5725,48.4885,-25.7557,-0.25171,-0.99573,-0.18127,-5.3130,5.5267,-20.3359
108211770,-0.27136,0.56567,1.99994,-11.2672,56.4275,8.4580,-0.25525,-1.00037,-0.18396,-4.4962,6.0611,-19.4275
108212770,-0.58020,0.32349,1.86108,-38.6489,56.1145,-6.7710,-0.25916,-1.00549,-0.18469,-3.7099,6.5496,-18.4580
108213770,-0.42773,1.69287,0.85278,-53.9695,52.9542,-29.8168,-0.26318,-1.01050,-0.18445,-2.9160,6.9771,-17.4351
108214770,-0.54736,1.82336,0.80627,-36.6794,53.2519,-23.2748,-0.26733,-1.01477,-0.18457,-2.1374,7.3511,-16.3435
108215768,-0.49866,0.67896,1.99994,-23.5954,59.5649,-6.9924,-0.27185,-1.01855,-0.18396,-1.3817,7.6565,-15.1298
108216771,0.15088,0.05090,1.99994,-30.9008,61.9084,-6.0916,-0.27625,-1.02173,-0.18372,-0.6107,7.9084,-13.7939
108217771,0.63025,-0.06299,1.99994,-29.5191,62.2901,-12.7557,-0.28003,-1.02454,-0.18408,0.1603,8.1374,-12.3664
108218770,0.58118,-0.08899,1.99994,-15.4351,62.9771,-17.8855,-0.28333,-1.02686,-0.18481,0.9237,8.2977,-10.8702
108219770,0.43396,0.25159,1.99994,-16.7634,52.5496,-20.6718,-0.28687,-1.02869,-0.18567,1.6947,8.3969,-9.2977
108220770,0.17200,0.72961,1.99994,-30.8626,37.6107,-16.9084,-0.29041,-1.03003,-0.18591,2.5420,8.4656,-7.6565
108221770,0.08508,0.85498,1.99994,-38.0458,34.6489,-7.6565,-0.29443,-1.03003,-0.18518,3.4351,8.4885,-5.9466
108222768,0.52197,0.86060,1.99994,-39.4580,30.7023,-1.1527,-0.29834,-1.02930,-0.18396,4.3435,8.4580,-4.1756
108223772,0.81372,0.82764,1.99994,-40.1221,9.5267,4.8244,-0.30164,-1.02869,-0.18274,5.2748,8.3969,-2.3664
108224771,0.65247,0.48572,1.99994,-44.1450,-15.5115,13.8015,-0.30457,-1.02783,-0.18152,6.2214,8.2672,-0.5496
108225770,0.40344,0.28369,1.99994,-59.3740,-31.2824,21.8168,-0.30676,-1.02600,-0.18066,7.1985,8.0916,1.2977
108226768,0.20581,0.55945,1.99994,-76.2901,-37.7099,27.2366,-0.30969,-1.02393,-0.17932,8.1832,7.8931,3.1298
108227771,0.03589,0.75342,1.99994,-76.7481,-37.9160,33.6870,-0.31384,-1.02124,-0.17786,9.1832,7.6641,4.9313
108228771,0.01660,0.61084,1.99994,-63.2672,-35.6565,38.1298,-0.31702,-1.01758,-0.17627,10.1832,7.4198,6.6870
108229770,0.10693,0.44653,1.99994,-49.3511,-36.6260,37.1145,-0.31860,-1.01343,-0.17456,11.1679,7.1603,8.3664
108230770,0.12427,0.31714,1.99994,-36.5496,-38.7099,33.7786,-0.31982,-1.00964,-0.17297,12.0992,6.8626,9.9466
108231770,0.08289,0.29639,1.99994,-33.0840,-41.0000,29.9466,-0.32117,-1.00525,-0.17065,12.9771,6.5191,11.4198
108232768,0.02783,0.63928,1.99994,-39.1832,-44.4962,25.7481,-0.32361,-0.99976,-0.16833,13.8244,6.1527,12.7863
108233768,-0.10632,0.85779,1.99994,-32.2672,-47.0916,26.2214,-0.32666,-0.99402,-0.16589,14.6336,5.7557,14.0687
108234771,-0.15710,0.42896,1.99994,-12.6107,-42.1985,31.9237,-0.32800,-0.98840,-0.16333,15.3740,5.2977,15.2824
108235771,0.03003,0.02734,1.99994,-5.6718,-34.2290,35.8550,-0.32886,-0.98218,-0.16150,16.0534,4.8015,16.3740
108236771,0.22070,0.24548,1.99994,-10.8626,-31.9771,35.6489,-0.32983,-0.97510,-0.16101,16.6718,4.2366,17.3435
108237771,0.29187,0.61230,1.99994,-10.0992,-35.6107,37.2672,-0.33179,-0.96790,-0.15991,17.2595,3.6412,18.1527
108238771,0.35645,0.39575,1.99994,-0.8244,-40.4504,45.0000,-0.33459,-0.96289,-0.15759,17.8015,3.0153,18.8092
108239770,0.44629,-0.57483,1.99994,8.3435,-45.5420,55.7176,-0.33704,-0.95837,-0.15515,18.2595,2.3511,19.3053
108240767,0.45972,-1.59766,1.99994,6.1756,-50.8244,59.8244,-0.33862,-0.95190,-0.15271,18.6183,1.6565,19.6794
108241766,0.47986,-1.76599,1.99994,-9.7481,-56.4962,52.6794,-0.33936,-0.94543,-0.15015,18.8779,0.9389,19.9466
108242771,0.48914,-1.04639,1.99994,-23.1756,-62.7252,41.1374,-0.34021,-0.94019,-0.14807,19.0458,0.2061,20.0687
108243771,0.41492,-0.34937,1.99994,-20.3740,-68.5573,36.0382,-0.34131,-0.93481,-0.14575,19.1450,-0.5420,20.0382
108244770,0.38342,-0.29407,1.99994,-15.8473,-74.3053,38.3130,-0.34143,-0.92932,-0.14404,19.1908,-1.2977,19.8779
108245771,0.44885,-0.59363,1.99994,-20.8015,-77.5191,40.2672,-0.34106,-0.92395,-0.14380,19.1832,-2.0534,19.6336
108246770,0.54224,-0.80078,1.99994,-24.8092,-79.1450,35.9389,-0.34082,-0.91919,-0.14294,19.0992,-2.7939,19.2824
108247770,0.57349,-0.70544,1.99994,-20.6794,-83.1908,26.6870,-0.34033,-0.91516,-0.14136,18.9389,-3.5573,18.8550
108248770,0.51587,-0.54871,1.99994,-11.9008,-89.4733,19.8931,-0.34033,-0.91101,-0.14014,18.7099,-4.3282,18.3359
108249771,0.44287,-0.50879,1.99994,-3.2519,-93.7176,17.9542,-0.34033,-0.90771,-0.14026,18.4427,-5.0611,17.7328
108250771,0.42737,-0.39246,1.99994,-0.2672,-98.3282,18.4046,-0.33972,-0.90454,-0.14209,18.1221,-5.7634,17.0687
108251770,0.40173,-0.14355,1.99994,-3.0611,-105.3588,19.9313,-0.33862,-0.90161,-0.14282,17.7863,-6.4733,16.3511
108252768,0.31714,-0.00916,1.99994,-2.1603,-111.7099,23.2137,-0.33655,-0.89868,-0.14246,17.4122,-7.1832,15.6031
108253768,0.20349,-0.08643,1.74817,2.6870,-115.5420,27.1450,-0.33398,-0.89697,-0.14331,16.9847,-7.8626,14.8168
108254771,0.12134,-0.14807,1.56702,-0.9542,-116.9313,31.0076,-0.33167,-0.89575,-0.14404,16.5191,-8.5267,14.0229
108255771,0.26672,-0.13611,1.69763,-13.0534,-115.6870,35.0153,-0.32983,-0.89355,-0.14429,16.0382,-9.1832,13.1985
108256771,0.47693,-0.11584,1.89172,-19.7634,-116.9924,36.8321,-0.32825,-0.89148,-0.14453,15.5725,-9.7863,12.3435
108257770,0.45618,-0.13147,1.75891,-13.9847,-121.9389,35.8931,-0.32666,-0.89001,-0.14526,15.1069,-10.3282,11.4504
108258770,0.35596,-0.44385,1.28735,-4.5802,-127.8473,36.9695,-0.32422,-0.89001,-0.14587,14.6031,-10.8550,10.5420
108259770,0.30005,-1.11084,0.98254,-3.0611,-130.3664,40.6183,-0.32117,-0.89001,-0.14575,14.1069,-11.3817,9.7099
108260770,0.28491,-1.45837,1.00708,-11.9847,-131.5878,38.4885,-0.31836,-0.89026,-0.14539,13.6565,-11.8779,8.9618
108261770,0.25134,-0.98755,1.03564,-18.9542,-133.7863,28.6718,-0.31604,-0.89233,-0.14514,13.2595,-12.3435,8.3435
108262770,0.13245,-0.38232,0.90088,-13.3282,-135.7863,22.6489,-0.31274,-0.89612,-0.14636,12.8550,-12.8397,7.7939
108263770,-0.04871,-0.32129,0.55505,-5.8015,-135.4809,24.8931,-0.30872,-0.90015,-0.14917,12.4198,-13.3511,7.1908
108264770,-0.13635,-0.63464,0.31433,-8.0305,-130.1221,29.3893,-0.30432,-0.90344,-0.15112,12.0153,-13.7481,6.4427
108265770,-0.04382,-0.92700,0.37427,-16.5115,-121.8244,29.9466,-0.30005,-0.90454,-0.15234,11.6183,-13.9389,5.5344
108266770,0.07910,-1.04712,0.54773,-19.5420,-114.5038,26.4427,-0.29688,-0.90271,-0.15356,11.1908,-13.9466,4.4580
108267770,0.14917,-1.03455,0.66797,-13.5954,-109.2366,21.3359,-0.29517,-0.89868,-0.15332,10.6794,-13.8626,3.2748
108268770,0.21838,-0.90747,0.83752,-5.0840,-105.2519,17.6031,-0.29541,-0.89111,-0.15002,10.0916,-13.7939,2.0534
108269770,0.25232,-0.76404,1.01514,-2.4046,-104.7328,17.4122,-0.29761,-0.88074,-0.14600,9.4504,-13.8168,0.9466
108270770,0.26147,-0.59338,1.10559,-4.7252,-107.0000,18.3359,-0.30054,-0.87146,-0.14343,8.7710,-13.9466,0.1450
108271770,0.30872,-0.42224,1.20166,-2.2366,-109.8702,18.1832,-0.30188,-0.86597,-0.14294,8.0763,-14.1298,-0.3588
108272768,0.31165,-0.37354,1.24524,7.0153,-113.8397,17.2595,-0.30273,-0.86536,-0.14429,7.3893,-14.3206,-0.6260
108273771,0.21167,-0.46484,1.07971,14.6031,-119.0000,16.6947,-0.30273,-0.86865,-0.14722,6.7863,-14.4809,-0.7481
108274771,0.11743,-0.58508,0.95251,15.3740,-121.2366,16.1908,-0.30151,-0.87439,-0.15222,6.2824,-14.6107,-0.7405
108275771,0.14978,-0.67212,1.15063,13.2901,-119.6031,15.1985,-0.29944,-0.88147,-0.15710,5.8321,-14.6718,-0.7023
108276771,0.25305,-0.68091,1.43701,14.1908,-118.7405,12.9008,-0.29626,-0.88892,-0.16113,5.4198,-14.6794,-0.6260
108277770,0.29175,-1.23303,0.78003,35.1145,-130.0763,13.3130,-0.29175,-0.89612,-0.16577,5.0611,-14.6412,-0.5573
108278770,0.29395,-2.00000,0.09094,45.6870,-134.5954,16.6489,-0.28589,-0.90295,-0.16980,4.7634,-14.5344,-0.5191
108279770,0.34985,-2.00000,0.05725,49.9313,-133.0382,13.5344,-0.28003,-0.90991,-0.17175,4.4885,-14.3588,-0.5573
108280770,0.22205,-2.00000,0.41907,46.8626,-133.7328,-0.1756,-0.27478,-0.91577,-0.17236,4.2061,-14.1069,-0.6412
108281771,-0.09363,-2.00000,0.30884,38.7939,-139.2595,-16.6412,-0.27051,-0.92029,-0.17273,3.9160,-13.8092,-0.7405
108282770,-0.38684,-0.91968,-0.40186,31.3282,-141.8397,-24.6183,-0.26697,-0.92407,-0.17297,3.6183,-13.5191,-0.8244
108283770,-0.54529,-0.65894,-0.86267,30.7481,-132.8321,-21.9008,-0.26294,-0.92639,-0.17261,3.3359,-13.2366,-0.8855
108284770,-0.31421,-1.33606,-0.71887,35.8321,-115.7023,-17.7481,-0.25903,-0.92798,-0.17163,3.0458,-12.9389,-0.9542
108285770,-0.07800,-1.95398,-0.52222,39.2137,-102.9847,-24.6183,-0.25671,-0.92883,-0.17126,2.7481,-12.6260,-1.0916
108286770,-0.14136,-1.93054,-0.44482,39.1679,-95.9466,-37.8168,-0.25635,-0.92725,-0.17114,2.5115,-12.2901,-1.2977
108287771,-0.09424,-1.48596,-0.46106,34.3206,-90.5725,-45.1756,-0.25659,-0.92456,-0.17053,2.2901,-11.9542,-1.5344
108288770,-0.12708,-1.05505,-0.40808,33.0305,-86.4656,-42.7786,-0.25684,-0.92151,-0.17029,1.8015,-11.1374,-2.2672
108289770,-0.16907,-0.78967,-0.13623,38.9466,-82.1298,-37.7481,-0.25757,-0.91846,-0.17004,1.5267,-10.6489,-2.7939
108290770,-0.01990,-0.71057,-0.11975,48.3588,-82.4733,-32.2443,-0.25891,-0.91479,-0.17004,1.2214,-10.1145,-3.4122
108291768,-0.09937,-1.08594,-0.46863,56.7252,-85.8626,-25.2519,-0.25989,-0.91089,-0.16907,0.8626,-9.5725,-4.1527
108292772,-0.25537,-1.43933,-0.71667,56.8473,-84.4733,-23.6412,-0.26086,-0.90723,-0.16602,0.4580,-9.0229,-4.9771
108293770,-0.14954,-1.31238,-0.32654,51.7557,-74.7481,-28.0229,-0.26184,-0.90417,-0.16357,0.0153,-8.4580,-5.8626
108294770,0.04028,-1.09558,0.43921,45.2748,-65.8473,-30.8702,-0.26184,-0.90100,-0.16248,-0.4656,-7.9008,-6.7939
108295770,0.12915,-1.03625,0.94385,39.2366,-62.2061,-31.5802,-0.26147,-0.89746,-0.16101,-0.9847,-7.3511,-7.7557
108296770,0.15393,-1.18921,0.93994,36.0153,-63.9924,-31.9237,-0.26184,-0.89526,-0.15991,-1.5496,-6.7939,-8.7939
108297770,0.14966,-1.47095,0.63074,33.9160,-67.0076,-33.6718,-0.26257,-0.89429,-0.15967,-2.1679,-6.2137,-9.8397
108298770,0.11426,-1.70129,0.43225,33.9771,-71.4122,-37.1756,-0.26208,-0.89258,-0.15723,-2.8092,-5.6412,-10.9160
108299771,0.08130,-1.76257,0.36475,37.4656,-78.4580,-42.7786,-0.26074,-0.89160,-0.15369,-3.4504,-5.0763,-12.0305
108300770,0.06604,-1.64966,0.33533,42.7710,-86.9313,-47.6718,-0.25952,-0.89270,-0.15320,-4.0916,-4.5191,-13.1756
108301770,0.03076,-1.49023,0.44141,47.2061,-92.1298,-50.4580,-0.25879,-0.89490,-0.15442,-4.7099,-3.9771,-14.2977
108302771,-0.00208,-1.24048,0.54529,49.1298,-93.4733,-52.5649,-0.25891,-0.89783,-0.15405,-5.3435,-3.4656,-15.3893
108303771,-0.10181,-1.01782,0.26697,49.6870,-92.3893,-52.8321,-0.26001,-0.90149,-0.15308,-5.9771,-2.9466,-16.4656
108304771,-0.30957,-1.02002,-0.30127,47.9084,-87.3435,-50.3511,-0.26147,-0.90503,-0.15295,-6.6031,-2.3893,-17.5420
108305770,-0.41125,-1.17859,-0.60352,42.9389,-75.9542,-47.5344,-0.26172,-0.90808,-0.15295,-7.2061,-1.8550,-18.6031
108306770,-0.30579,-1.27661,-0.37317,36.2672,-63.2443,-46.5496,-0.26160,-0.91187,-0.15344,-7.8092,-1.3435,-19.6107
108307770,-0.20178,-1.28784,-0.13391,29.9084,-58.3130,-46.2824,-0.26172,-0.91650,-0.15430,-8.3969,-0.8702,-20.5344
108308770,-0.21472,-1.21606,-0.20276,24.4504,-59.4351,-46.5267,-0.26147,-0.92139,-0.15588,-8.9466,-0.4427,-21.3740
108309770,-0.16504,-1.03943,-0.10803,21.5725,-57.7939,-46.8931,-0.26135,-0.92725,-0.15894,-9.4885,-0.0763,-22.1603
108310770,0.00171,-0.92126,0.44971,21.9389,-53.3130,-45.5954,-0.26184,-0.93469,-0.16235,-10.0458,0.2824,-22.8931
108311771,0.12854,-0.96130,0.91016,21.5115,-53.7939,-43.0534,-0.26282,-0.94385,-0.16541,-10.6336,0.6183,-23.5725
108312771,0.12268,-1.00903,0.85095,19.3282,-58.7252,-42.0534,-0.26575,-0.95435,-0.17065,-11.2519,0.8855,-24.1298
108313771,0.05469,-1.02148,0.60876,19.9313,-62.0153,-42.5344,-0.27026,-0.96436,-0.17798,-11.8855,1.0458,-24.4809
108314771,0.01660,-1.08606,0.60437,22.9466,-62.1298,-42.8244,-0.27515,-0.97449,-0.18579,-12.5115,1.1450,-24.6260
108315771,-0.00439,-1.12463,0.72437,23.1679,-64.3282,-43.0763,-0.28040,-0.98535,-0.19385,-13.1145,1.1908,-24.5496
108316771,-0.00378,-1.08740,0.73535,20.2366,-69.5344,-43.6260,-0.28601,-0.99548,-0.19946,-13.6565,1.1832,-24.2366
108317771,0.04199,-1.05664,0.76941,17.4656,-74.2290,-43.8779,-0.29211,-1.00500,-0.20325,-14.1527,1.1145,-23.6260
108318771,0.06958,-1.06702,0.84363,16.5725,-78.0153,-44.2443,-0.29688,-1.01587,-0.20605,-14.5878,0.9771,-22.7481
108319770,-0.00464,-1.03833,0.67688,15.9695,-82.5496,-45.4198,-0.29993,-1.02734,-0.20764,-14.9313,0.7634,-21.6183
108320770,-0.13989,-0.99133,0.32483,15.1145,-84.6947,-45.9389,-0.30249,-1.03772,-0.20789,-15.1450,0.4885,-20.2443
108321771,-0.22827,-1.02136,0.12817,15.0611,-82.4275,-45.2748,-0.30371,-1.04688,-0.20764,-15.1985,0.2061,-18.6183
108322771,-0.24426,-1.02234,0.11731,16.6718,-78.2137,-45.5878,-0.30310,-1.05432,-0.20605,-15.0916,-0.0458,-16.7481
108323770,-0.26233,-0.90466,0.02698,18.8702,-75.7939,-46.9771,-0.30225,-1.06006,-0.20276,-14.8397,-0.2672,-14.6718
108324771,-0.31677,-0.76648,-0.19568,19.4046,-74.2137,-47.4275,-0.30249,-1.06433,-0.19812,-14.4198,-0.4733,-12.3817
108325770,-0.35962,-0.68420,-0.35095,17.8168,-71.0534,-46.5191,-0.30310,-1.06738,-0.19336,-13.8321,-0.6031,-9.9389
108326770,-0.36475,-0.66870,-0.34460,16.6031,-66.4122,-45.2519,-0.30383,-1.06970,-0.18933,-13.1145,-0.6718,-7.3817
108327770,-0.34070,-0.75806,-0.28528,16.1832,-62.1603,-43.8397,-0.30444,-1.07056,-0.18530,-12.3206,-0.6870,-4.7405
108328770,-0.32153,-0.89661,-0.28308,14.6947,-58.7099,-43.0229,-0.30505,-1.07080,-0.18042,-11.4198,-0.6565,-2.0382
108329770,-0.30750,-0.92590,-0.30371,13.1145,-54.9084,-43.6641,-0.30664,-1.07117,-0.17676,-10.3969,-0.5878,0.6565
108330770,-0.28821,-0.80798,-0.29468,13.2290,-50.3511,-44.8092,-0.30969,-1.07080,-0.17517,-9.2748,-0.4351,3.3282
108331770,-0.28857,-0.65918,-0.22961,14.0534,-45.8092,-44.7405,-0.31213,-1.06836,-0.17310,-8.0763,-0.1985,5.9389
108332770,-0.29810,-0.55725,-0.17334,14.1450,-42.1908,-43.3893,-0.31311,-1.06299,-0.17041,-6.8244,0.0611,8.4962
108333768,-0.27844,-0.56482,-0.11560,15.1985,-38.8015,-41.1908,-0.31445,-1.05737,-0.16809,-5.5344,0.3282,10.9389
108334768,-0.21436,-0.73267,0.09778,17.2366,-34.6718,-38.7176,-0.31665,-1.05261,-0.16626,-4.2519,0.6336,13.2748
108335768,-0.11169,-0.96228,0.41724,17.5344,-32.0000,-37.2595,-0.31958,-1.04749,-0.16418,-2.9924,0.9466,15.4885
108336768,-0.04102,-1.07324,0.54480,14.5878,-33.3511,-37.7023,-0.32263,-1.04102,-0.16077,-1.7786,1.2595,17.5191
108337772,-0.05847,-0.97693,0.46460,10.0153,-36.5725,-39.3817,-0.32568,-1.03333,-0.15637,-0.6107,1.5420,19.3588
108338771,-0.06531,-0.80200,0.50610,6.8321,-38.0763,-40.3969,-0.32971,-1.02490,-0.15222,0.4733,1.8092,21.0153
108339770,-0.00732,-0.70679,0.72644,5.4198,-39.3969,-40.0992,-0.33325,-1.01636,-0.14893,1.4656,2.0458,22.4885
108340770,0.04358,-0.74280,0.91235,5.0687,-42.8244,-39.3740,-0.33533,-1.00745,-0.14612,2.3359,2.2672,23.7481
108341771,0.06226,-0.83533,0.93506,5.0153,-47.8626,-39.6794,-0.33704,-0.99780,-0.14355,3.0992,2.4198,24.8015
108342770,0.04358,-0.85364,0.82214,5.7252,-52.6489,-41.2901,-0.33960,-0.98840,-0.14099,3.7328,2.5115,25.6336
108343770,-0.03027,-0.73645,0.60852,6.9084,-56.7099,-43.1221,-0.34155,-0.97974,-0.13806,4.2748,2.5496,26.2595
108344770,-0.12402,-0.55408,0.35010,8.1985,-59.3664,-43.4885,-0.34241,-0.97241,-0.13538,4.7176,2.5420,26.6947
108345770,-0.18396,-0.47595,0.16772,9.9084,-60.0382,-41.5878,-0.34290,-0.96594,-0.13330,5.0534,2.4504,26.9313
108346770,-0.20483,-0.51917,0.08179,11.3893,-58.9847,-39.0153,-0.34351,-0.95959,-0.13171,5.3282,2.2824,26.9618
108347770,-0.21411,-0.56531,0.03674,11.3664,-56.7481,-37.4580,-0.34424,-0.95288,-0.13000,5.5649,2.0687,26.8397
108348770,-0.22461,-0.51379,-0.00696,8.8779,-53.3053,-37.0305,-0.34473,-0.94666,-0.12842,5.7710,1.8244,26.5802
108349770,-0.24280,-0.38452,-0.05139,5.4351,-48.9084,-36.3282,-0.34485,-0.94153,-0.12805,5.9847,1.5420,26.1527
108350770,-0.26855,-0.26404,-0.09241,2.5191,-44.4809,-34.4962,-0.34497,-0.93640,-0.12781,6.1756,1.2443,25.5878
108351770,-0.26770,-0.22888,-0.12378,-0.0763,-40.7023,-31.3817,-0.34521,-0.93140,-0.12646,6.2901,0.9084,24.8779
108352770,-0.23816,-0.32385,-0.14062,-2.3664,-38.0534,-27.6412,-0.34473,-0.92798,-0.12476,6.3435,0.5038,24.0687
108353768,-0.19629,-0.49194,-0.10718,-3.5878,-36.1221,-24.6183,-0.34338,-0.92627,-0.12305,6.3740,0.0534,23.1374
108354771,-0.13257,-0.60767,0.06921,-3.6870,-33.9771,-23.2290,-0.34204,-0.92505,-0.12207,6.3893,-0.4351,22.1069
108355771,-0.06543,-0.58850,0.32849,-3.8244,-32.5573,-23.0153,-0.34070,-0.92395,-0.12207,6.3588,-0.9542,20.9924
108356770,-0.04346,-0.46436,0.44006,-5.0992,-33.0916,-22.7176,-0.33936,-0.92383,-0.12146,6.2901,-1.4580,19.8244
108357771,-0.06250,-0.34167,0.41406,-6.6718,-33.6947,-21.5038,-0.33813,-0.92419,-0.12146,6.2061,-1.9771,18.6412
108358770,-0.06018,-0.32251,0.45068,-6.8855,-32.7328,-19.6718,-0.33643,-0.92468,-0.12207,6.1069,-2.4962,17.4504
108359768,-0.03003,-0.36462,0.55566,-6.1985,-31.7634,-18.6641,-0.33423,-0.92493,-0.12256,5.9695,-3.0153,16.2672
108360772,-0.02612,-0.35583,0.59302,-5.8015,-32.6107,-18.8626,-0.33313,-0.92444,-0.12305,5.8092,-3.5420,15.0611
108361771,-0.05103,-0.27271,0.56628,-5.9618,-34.3130,-18.9695,-0.33264,-0.92395,-0.12366,5.6489,-4.0687,13.8473
108362770,-0.06750,-0.18738,0.57605,-6.4351,-35.4504,-17.4733,-0.33118,-0.92371,-0.12585,5.5115,-4.6183,12.6336
108363768,-0.07605,-0.13074,0.59814,-7.2061,-36.3282,-14.5725,-0.32910,-0.92334,-0.12830,5.3588,-5.1527,11.4504
108364772,-0.10938,-0.10815,0.53088,-7.5802,-37.4962,-11.0458,-0.32690,-0.92419,-0.12756,5.1527,-5.6718,10.2977
108365771,-0.14307,-0.16199,0.41406,-7.2748,-37.6641,-7.2214,-0.32385,-0.92639,-0.12646,4.9313,-6.1679,9.1756
108366770,-0.12769,-0.27734,0.36108,-7.5496,-36.3053,-3.4351,-0.32141,-0.92761,-0.12683,4.7405,-6.6336,8.0992
108367770,-0.09827,-0.37134,0.38086,-9.2977,-34.6336,-0.4580,-0.32068,-0.92749,-0.12671,4.6031,-7.0840,7.0840
108368768,-0.09265,-0.35986,0.38733,-12.0534,-33.7176,1.3817,-0.31934,-0.92798,-0.12622,4.4962,-7.5038,6.1145
108369768,-0.08972,-0.29053,0.38721,-13.6336,-32.7481,3.0076,-0.31750,-0.92944,-0.12732,4.4046,-7.8855,5.1908
108370768,-0.06384,-0.26721,0.48108,-13.4580,-31.1527,5.1145,-0.31580,-0.93005,-0.12939,4.3359,-8.2290,4.3130
108371771,-0.01465,-0.29504,0.63672,-13.3435,-30.0611,7.2061,-0.31335,-0.93018,-0.13147,4.2672,-8.5267,3.4733
108372770,0.03906,-0.33301,0.75330,-14.0382,-30.4962,8.8168,-0.31128,-0.93054,-0.13354,4.1832,-8.7863,2.6870
108373770,0.08325,-0.37207,0.80786,-14.3435,-32.0076,9.9771,-0.31055,-0.93054,-0.13464,4.1069,-9.0229,1.9695
108374770,0.11694,-0.42700,0.88782,-13.2366,-33.4962,10.9084,-0.30933,-0.93164,-0.13501,4.0534,-9.2443,1.3282
108375770,0.13245,-0.49048,0.96301,-11.8092,-35.9618,11.8015,-0.30762,-0.93311,-0.13489,3.9924,-9.4351,0.7252
108376770,0.11719,-0.52661,0.93420,-11.6565,-39.8397,12.7023,-0.30640,-0.93347,-0.13550,3.9084,-9.5573,0.1527
108377770,0.09583,-0.54529,0.90051,-11.6336,-43.4885,13.6260,-0.30566,-0.93359,-0.13684,3.8168,-9.6336,-0.4351
108378770,0.09827,-0.57996,0.89111,-9.4275,-46.8321,14.0992,-0.30481,-0.93433,-0.13770,3.7176,-9.6794,-0.9847
108379768,0.07263,-0.61621,0.76978,-5.4275,-50.7939,13.8168,-0.30432,-0.93506,-0.13782,3.6107,-9.6947,-1.4885
108380768,-0.00134,-0.61780,0.57715,-3.0458,-54.0382,13.3817,-0.30444,-0.93433,-0.13867,3.4885,-9.6641,-1.9771
108381768,-0.05872,-0.57202,0.43958,-4.7176,-55.6641,13.7405,-0.30444,-0.93384,-0.13977,3.3511,-9.6031,-2.4733
108382772,-0.11194,-0.53906,0.30481,-7.9008,-56.5038,15.1145,-0.30371,-0.93433,-0.14099,3.2290,-9.5420,-2.9542
108383770,-0.17480,-0.57886,0.11389,-8.0382,-55.9313,16.4198,-0.30212,-0.93530,-0.14233,3.1069,-9.4733,-3.4122
108384770,-0.20947,-0.69006,-0.03638,-4.2214,-52.8397,16.8092,-0.29871,-0.93640,-0.14319,2.7710,-9.2824,-4.3282
108385770,-0.21960,-0.79199,-0.09839,-0.8931,-48.1679,16.3740,-0.29785,-0.93555,-0.14172,2.5878,-9.1069,-4.7481
108386770,-0.24048,-0.78918,-0.18115,-1.6336,-43.9389,15.8397,-0.29626,-0.93457,-0.13989,2.4198,-8.9389,-5.1603
108387770,-0.25903,-0.72595,-0.23083,-4.6412,-39.4656,16.1832,-0.29443,-0.93469,-0.13928,2.2366,-8.7786,-5.5954
108388770,-0.23486,-0.70911,-0.17627,-7.2214,-34.7786,17.5267,-0.29260,-0.93457,-0.14001,2.0458,-8.6412,-6.0687
108389768,-0.20386,-0.77686,-0.10132,-7.6489,-31.0000,18.8702,-0.29102,-0.93286,-0.14062,1.8779,-8.5496,-6.5420
108390771,-0.18628,-0.87256,-0.04712,-6.5344,-28.2672,19.1145,-0.28979,-0.93091,-0.14221,1.7023,-8.4733,-7.0458
108391771,-0.14929,-0.91882,0.04761,-5.8092,-25.8321,18.3359,-0.28918,-0.92969,-0.14441,1.4962,-8.3664,-7.5802
108392771,-0.11401,-0.90295,0.16968,-6.2519,-24.5573,17.3435,-0.28967,-0.92859,-0.14612,1.2977,-8.2366,-8.1374
108393770,-0.10791,-0.85876,0.22327,-6.8779,-24.6947,16.5649,-0.29041,-0.92725,-0.14783,1.1069,-8.1145,-8.7405
108394770,-0.09326,-0.84363,0.24829,-6.6870,-24.9084,16.1527,-0.29041,-0.92603,-0.14868,0.8779,-8.0000,-9.3664
108395770,-0.05847,-0.90442,0.31421,-5.4046,-24.4122,15.8779,-0.28967,-0.92505,-0.14941,0.6183,-7.8931,-10.0076
108396770,-0.03345,-1.03137,0.38110,-2.6031,-23.9618,15.1527,-0.28894,-0.92444,-0.15039,0.3206,-7.8321,-10.6565
108397770,-0.01892,-1.14404,0.33484,0.1450,-24.0076,13.5115,-0.28833,-0.92346,-0.15198,0.0153,-7.7939,-11.3206
108398770,-0.00940,-1.15027,0.28345,0.6031,-23.1221,11.4046,-0.28857,-0.92212,-0.15295,-0.3282,-7.7405,-11.9924
108399770,-0.00476,-0.99707,0.34216,-1.7252,-21.6718,9.5115,-0.28955,-0.92151,-0.15442,-0.7176,-7.7023,-12.6794
108400770,-0.02356,-0.78687,0.33325,-4.1679,-21.6947,8.8626,-0.28955,-0.92102,-0.15710,-1.1527,-7.6641,-13.3740
108401768,-0.05872,-0.71851,0.22046,-4.3359,-21.8855,9.8397,-0.28955,-0.92090,-0.15869,-1.6412,-7.6412,-14.0840
108402768,-0.05676,-0.82983,0.21667,-3.1374,-20.3053,11.2519,-0.28979,-0.92175,-0.16003,-2.1450,-7.6336,-14.7786
108403768,-0.01746,-0.98389,0.34839,-3.0840,-18.4351,11.5420,-0.28918,-0.92285,-0.16309,-2.6565,-7.6260,-15.4351
108404767,-0.00183,-1.01929,0.38538,-5.3435,-18.5496,10.4427,-0.28845,-0.92419,-0.16553,-3.1679,-7.6031,-16.0229
108405768,-0.02661,-0.93567,0.34656,-7.1069,-18.9160,9.0611,-0.28857,-0.92542,-0.16614,-3.6718,-7.5649,-16.5725
108406771,-0.03674,-0.83032,0.39099,-6.9466,-18.2290,8.4351,-0.28870,-0.92676,-0.16663,-4.1832,-7.5191,-17.0992
108407771,-0.02100,-0.82214,0.50525,-6.0687,-17.8931,10.1069,-0.28796,-0.92786,-0.16663,-4.7023,-7.4351,-17.5954
108408770,0.01562,-0.87500,0.61792,-6.7405,-17.7863,10.5038,-0.28723,-0.92834,-0.16614,-5.2061,-7.3282,-18.0076
108409770,0.06299,-0.87842,0.74890,-6.9542,-18.2748,9.9160,-0.28625,-0.92896,-0.16638,-5.6947,-7.2290,-18.3206
108410770,0.06030,-0.82043,0.75574,-6.5496,-20.2748,8.9771,-0.28564,-0.93005,-0.16602,-6.1832,-7.1145,-18.5802
108411770,0.02490,-0.73035,0.66333,-6.3053,-22.5038,8.5038,-0.28503,-0.93140,-0.16516,-6.6183,-6.9618,-18.7786
108412770,-0.00732,-0.66626,0.59802,-6.7405,-23.7405,8.9924,-0.28418,-0.93298,-0.16528,-7.0000,-6.7481,-18.9008
108413770,-0.01233,-0.69543,0.65002,-6.5573,-23.4046,10.3359,-0.28357,-0.93420,-0.16650,-7.3740,-6.4809,-18.9389
108414770,0.03467,-0.85059,0.82605,-5.2443,-22.1069,11.8015,-0.28320,-0.93408,-0.16724,-7.7405,-6.1908,-18.9771
108415770,0.10425,-1.06775,0.99548,-4.6870,-21.4275,12.6336,-0.28296,-0.93384,-0.16724,-8.0611,-5.8626,-18.9924
108416770,0.14417,-1.21838,1.03699,-5.9847,-21.8550,12.2824,-0.28235,-0.93494,-0.16760,-8.3359,-5.4962,-18.9542
108417768,0.14771,-1.21399,0.95239,-7.7405,-22.7786,10.6794,-0.28052,-0.93555,-0.16772,-8.5802,-5.1298,-18.8473
108418771,0.11829,-1.08167,0.82507,-8.7328,-23.6870,8.7634,-0.27832,-0.93445,-0.16809,-8.7710,-4.7405,-18.7252
108419771,0.08276,-0.94189,0.74036,-9.4504,-24.5649,7.9313,-0.27759,-0.93335,-0.16882,-8.8855,-4.2901,-18.6183
108420771,0.09802,-0.92700,0.75720,-10.3969,-24.9847,8.5115,-0.27722,-0.93274,-0.16956,-8.9695,-3.8397,-18.5191
108421770,0.17383,-1.05457,0.92078,-11.3282,-24.6107,9.1450,-0.27649,-0.93176,-0.17029,-9.0076,-3.3740,-18.4122
108422770,0.25635,-1.18921,1.12842,-12.2137,-24.4733,8.2214,-0.27527,-0.93079,-0.16968,-9.0229,-2.9160,-18.3053
108423770,0.27454,-1.19507,1.15515,-13.3817,-25.8244,5.8626,-0.27441,-0.93042,-0.16846,-9.0229,-2.4733,-18.2061
108424770,0.22937,-1.09473,0.99817,-14.4962,-27.2824,3.9466,-0.27441,-0.93079,-0.16858,-9.0000,-2.0534,-18.1450
108425770,0.18811,-0.97754,0.86426,-15.4504,-27.5115,3.5191,-0.27466,-0.93042,-0.16821,-8.9847,-1.6412,-18.1298
108426770,0.18823,-0.91809,0.86658,-15.6565,-27.3282,4.2519,-0.27490,-0.92859,-0.16699,-8.9618,-1.2443,-18.1679
108427770,0.21594,-0.94836,0.94470,-14.9084,-28.1450,5.0687,-0.27576,-0.92651,-0.16675,-8.9542,-0.8626,-18.2519
108428770,0.23779,-1.04871,1.03088,-13.2595,-29.9389,5.1985,-0.27783,-0.92566,-0.16650,-8.9695,-0.4885,-18.3511
108429770,0.23560,-1.13464,1.06104,-12.2824,-32.1679,4.2290,-0.27954,-0.92517,-0.16589,-8.9924,-0.1298,-18.4656
108430768,0.19653,-1.13062,0.96204,-12.8244,-34.3206,2.7023,-0.28088,-0.92456,-0.16479,-9.0458,0.2137,-18.5878
108431768,0.13171,-1.07324,0.80725,-13.9847,-35.2824,1.5344,-0.28284,-0.92432,-0.16309,-9.1145,0.5344,-18.7328
108432768,0.09082,-1.03052,0.71936,-14.6947,-34.6794,0.9389,-0.28479,-0.92395,-0.16138,-9.2137,0.8550,-18.9466
108433768,0.10376,-1.07080,0.74561,-14.1679,-33.2290,0.6718,-0.28662,-0.92444,-0.16101,-9.3511,1.1756,-19.2061
108434768,0.15430,-1.19336,0.85608,-13.0076,-32.0916,-0.0229,-0.28870,-0.92712,-0.16235,-9.5267,1.4733,-19.4809
108435772,0.19897,-1.29480,0.95667,-12.5267,-32.2824,-1.9466,-0.29053,-0.93042,-0.16333,-9.7252,1.7252,-19.7557
108436771,0.18958,-1.26501,0.90820,-13.1679,-34.2977,-4.9389,-0.29211,-0.93298,-0.16406,-9.9313,1.9618,-20.0382
108437771,0.13586,-1.13049,0.73389,-13.6718,-36.4962,-7.5649,-0.29395,-0.93579,-0.16467,-10.1374,2.1603,-20.2824
108438770,0.09363,-1.02197,0.61340,-13.3053,-37.5115,-8.7023,-0.29651,-0.93860,-0.16516,-10.3588,2.2824,-20.4809
108439770,0.07739,-1.00867,0.55835,-12.7634,-38.1679,-8.8321,-0.29846,-0.94189,-0.16602,-10.5954,2.3435,-20.6183
108440770,0.06824,-1.06567,0.49353,-12.2443,-38.7328,-9.1756,-0.29944,-0.94653,-0.16821,-10.8473,2.3664,-20.7023
108441770,0.05737,-1.10608,0.44751,-11.8473,-38.1756,-10.5267,-0.30115,-0.95154,-0.17017,-11.1450,2.3664,-20.6718
108442770,0.04138,-1.05994,0.42908,-11.9847,-36.4809,-12.4733,-0.30359,-0.95667,-0.17090,-11.4656,2.3435,-20.5496
108443768,0.00964,-0.95166,0.35352,-12.5954,-34.5496,-13.9389,-0.30627,-0.96204,-0.17188,-11.7863,2.2366,-20.3435
108444768,-0.02429,-0.87720,0.25085,-12.7176,-32.0763,-14.2672,-0.30896,-0.96704,-0.17334,-12.0992,2.0611,-20.0153
108445767,-0.02869,-0.89124,0.23743,-12.0992,-28.9160,-14.0305,-0.31055,-0.97205,-0.17444,-12.3817,1.8473,-19.5802
108446766,-0.00354,-0.94690,0.29724,-11.3359,-26.2824,-14.3282,-0.31152,-0.97791,-0.17480,-12.6031,1.6183,-19.0458
108447769,0.02649,-0.97156,0.36646,-10.8855,-24.8473,-15.4962,-0.31372,-0.98389,-0.17493,-12.7405,1.3588,-18.4275
108448768,0.05420,-0.93420,0.45056,-11.0611,-24.0840,-16.9313,-0.31580,-0.98926,-0.17505,-12.8015,1.0305,-17.7099
108449768,0.08008,-0.86731,0.54395,-11.6031,-23.7634,-17.7634,-0.31726,-0.99463,-0.17542,-12.8168,0.6565,-16.8550
108450772,0.09888,-0.82349,0.60974,-12.0382,-23.9466,-17.7710,-0.31836,-0.99927,-0.17493,-12.7863,0.2748,-15.8931
108451771,0.10706,-0.82104,0.64124,-12.4885,-24.5191,-17.4351,-0.31897,-1.00244,-0.17358,-12.6489,-0.0840,-14.8550
108452770,0.11536,-0.84448,0.66199,-13.0534,-25.2290,-17.2901,-0.31921,-1.00476,-0.17273,-12.4198,-0.4427,-13.7176
108453770,0.13977,-0.88330,0.71570,-12.9466,-25.8321,-17.4733,-0.31909,-1.00732,-0.17126,-12.1069,-0.8015,-12.4962
108454768,0.17566,-0.93677,0.83398,-11.8626,-26.5649,-17.9847,-0.31921,-1.00952,-0.16833,-11.7176,-1.1679,-11.2061
108455768,0.21436,-0.95984,0.97095,-11.3893,-28.0840,-18.9466,-0.31921,-1.01050,-0.16589,-11.2366,-1.5649,-9.8931
108456768,0.23462,-0.92786,1.06421,-11.9771,-30.6412,-20.0305,-0.31958,-1.01050,-0.16455,-10.6870,-1.9618,-8.5954
108457768,0.22339,-0.88586,1.08203,-12.3893,-33.9618,-20.8550,-0.32056,-1.01001,-0.16431,-10.0916,-2.3130,-7.2901
108458768,0.19800,-0.87793,0.99792,-11.9084,-37.5115,-21.5115,-0.32092,-1.00940,-0.16370,-9.4733,-2.6107,-5.9466
108459768,0.16101,-0.90820,0.85742,-10.6794,-40.4962,-22.2519,-0.32129,-1.00806,-0.16138,-8.8397,-2.8855,-4.5802
108460766,0.12732,-0.94312,0.71814,-9.8779,-42.5191,-23.1603,-0.32251,-1.00525,-0.15930,-8.2137,-3.1985,-3.2443
108461769,0.11206,-0.94360,0.63647,-10.4809,-43.3130,-24.0916,-0.32422,-1.00098,-0.15784,-7.5878,-3.4809,-1.9466
108462772,0.10437,-0.86951,0.62891,-12.4504,-43.1603,-25.0153,-0.32593,-0.99683,-0.15625,-6.9313,-3.7176,-0.7099
108463771,0.08252,-0.75415,0.61023,-14.1145,-42.8473,-25.4962,-0.32629,-0.99243,-0.15491,-6.2901,-3.9466,0.4351
108464771,0.04346,-0.68774,0.50439,-14.4275,-42.4122,-25.1985,-0.32629,-0.98755,-0.15356,-5.6641,-4.1450,1.4885
108465771,0.01086,-0.71106,0.35388,-13.8015,-41.1908,-24.4733,-0.32605,-0.98193,-0.15234,-5.0611,-4.2824,2.4351
108466771,0.01575,-0.78223,0.30066,-13.3817,-38.8626,-24.0458,-0.32532,-0.97681,-0.15051,-4.4885,-4.3740,3.2977
108467770,0.04089,-0.80823,0.32214,-14.2977,-37.1679,-24.3435,-0.32422,-0.97290,-0.14746,-3.9008,-4.4427,4.0763
108468768,0.04175,-0.76416,0.32532,-15.2214,-36.6336,-25.0992,-0.32324,-0.96936,-0.14343,-3.3130,-4.4962,4.7634
108469772,0.02832,-0.68384,0.30957,-14.5649,-36.1603,-25.9389,-0.32300,-0.96558,-0.14001,-2.7328,-4.5267,5.3053
108470770,0.01855,-0.63647,0.31348,-12.4046,-34.9237,-26.2672,-0.32410,-0.96265,-0.13782,-2.1603,-4.4962,5.7176
108471770,0.01367,-0.67224,0.31934,-10.8855,-33.5344,-25.8931,-0.32495,-0.96045,-0.13660,-1.6183,-4.3969,6.0000
108472770,0.02319,-0.74744,0.29956,-11.1145,-32.2519,-25.5573,-0.32373,-0.95874,-0.13513,-1.0916,-4.2748,6.2214
108473770,0.06848,-0.80798,0.31958,-11.5267,-30.7405,-25.9084,-0.32153,-0.95618,-0.13196,-0.5649,-4.1679,6.3359
108474770,0.12744,-0.83264,0.37830,-10.9008,-29.6489,-26.9466,-0.31970,-0.95276,-0.12781,-0.0611,-4.0382,6.3588
108475770,0.13110,-0.77979,0.44287,-10.2595,-29.6260,-28.3435,-0.31775,-0.95044,-0.12439,0.3893,-3.8702,6.2977
108476770,0.09009,-0.61145,0.47803,-11.8397,-30.6031,-29.3893,-0.31604,-0.94861,-0.12195,0.7634,-3.6870,6.1603
108477770,0.06323,-0.44556,0.48608,-14.8015,-31.8015,-28.5878,-0.31372,-0.94641,-0.11877,1.0763,-3.5115,5.9466
108478767,0.06238,-0.44910,0.48767,-16.7099,-32.8092,-25.9313,-0.31055,-0.94458,-0.11658,1.3588,-3.3435,5.6641
108479768,0.07397,-0.57996,0.45471,-16.8931,-33.5802,-23.5878,-0.30859,-0.94263,-0.11694,1.6260,-3.1679,5.3053
108480766,0.07532,-0.68701,0.38342,-16.7939,-33.9847,-22.6794,-0.30688,-0.94092,-0.11755,1.8702,-2.9542,4.8550
108481771,0.05383,-0.67969,0.30859,-18.2366,-33.6870,-22.3511,-0.30457,-0.93958,-0.11731,2.0992,-2.7634,4.3664
108482771,0.02466,-0.57373,0.28210,-20.2977,-32.3740,-21.5267,-0.30078,-0.93774,-0.11890,2.5038,-2.3511,3.3053
108483771,0.01819,-0.48010,0.29358,-20.1908,-30.4122,-20.0763,-0.29932,-0.93726,-0.11987,2.7099,-2.1374,2.7481
108484770,0.03467,-0.49756,0.30798,-16.8092,-28.1756,-18.5496,-0.29797,-0.93726,-0.12109,2.9084,-1.9466,2.1756
108485770,0.04114,-0.59644,0.32312,-12.7328,-26.1527,-17.9924,-0.29688,-0.93726,-0.12195,3.0840,-1.8015,1.5802
108486771,0.05212,-0.65210,0.34631,-11.0229,-24.5191,-18.8244,-0.29553,-0.93689,-0.12292,3.2290,-1.6794,0.9847
108487771,0.07605,-0.64880,0.37439,-11.1756,-23.5878,-19.9847,-0.29370,-0.93591,-0.12500,3.3588,-1.5954,0.3969
108488771,0.08691,-0.65076,0.40540,-10.5267,-23.0534,-20.9389,-0.29175,-0.93494,-0.12744,3.4885,-1.5344,-0.1908
108489771,0.09412,-0.65222,0.41907,-8.2061,-22.6641,-22.1298,-0.29053,-0.93420,-0.12976,3.6031,-1.4733,-0.7557
108490771,0.09827,-0.64429,0.41565,-5.9771,-22.1145,-23.0458,-0.28918,-0.93347,-0.13196,3.7099,-1.4046,-1.3130
108491770,0.09460,-0.64832,0.40601,-6.0763,-21.5649,-22.8855,-0.28760,-0.93127,-0.13391,3.7863,-1.3511,-1.8779
108492770,0.09375,-0.65320,0.39954,-7.9771,-20.8092,-22.0534,-0.28516,-0.92920,-0.13611,3.8473,-1.3511,-2.4427
108493770,0.10095,-0.66199,0.41174,-9.0840,-19.8702,-21.0153,-0.28259,-0.92834,-0.13855,3.9160,-1.3893,-3.0000
108494767,0.11047,-0.70654,0.43042,-8.6183,-19.0840,-19.8550,-0.28101,-0.92773,-0.13989,3.9847,-1.4351,-3.5267
108495771,0.10645,-0.73682,0.43604,-8.5191,-19.0000,-19.0000,-0.28064,-0.92725,-0.14026,4.0611,-1.4962,-4.0534
108496771,0.08984,-0.67957,0.42029,-9.8931,-19.5573,-18.6489,-0.28064,-0.92639,-0.14111,4.1450,-1.5573,-4.5725
108497770,0.07129,-0.57703,0.39893,-11.4809,-20.4198,-18.0229,-0.28052,-0.92627,-0.14233,4.1985,-1.6031,-5.0687
108498770,0.05151,-0.53064,0.38391,-11.7863,-21.0992,-16.7863,-0.28040,-0.92627,-0.14258,4.2366,-1.6565,-5.5344
108499771,0.03870,-0.56860,0.38770,-10.9084,-21.1985,-15.6412,-0.28003,-0.92615,-0.14307,4.2519,-1.7176,-5.9618
108500770,0.04065,-0.65955,0.41516,-10.0992,-20.6718,-15.0076,-0.27979,-0.92627,-0.14368,4.2672,-1.7710,-6.3588
108501770,0.04749,-0.75159,0.42517,-10.4962,-20.1069,-14.9160,-0.27942,-0.92566,-0.14368,4.3130,-1.8244,-6.7634
108502770,0.04126,-0.77832,0.37939,-11.6031,-19.6947,-15.5038,-0.27844,-0.92529,-0.14368,4.3282,-1.8626,-7.1221
108503770,0.02234,-0.72083,0.30908,-12.2290,-18.9771,-16.4275,-0.27795,-0.92590,-0.14392,4.2901,-1.8779,-7.4504
108504770,0.00793,-0.64038,0.28796,-11.9618,-17.6947,-16.7863,-0.27820,-0.92664,-0.14429,4.2061,-1.8397,-7.7328
108505770,0.01160,-0.59766,0.33740,-11.4656,-16.4275,-16.4046,-0.27844,-0.92725,-0.14514,4.0916,-1.8015,-8.0153
108506770,0.03052,-0.60962,0.42822,-10.8779,-15.6870,-15.7328,-0.27856,-0.92786,-0.14490,3.9695,-1.7710,-8.2519
108507770,0.05823,-0.67261,0.51733,-10.2214,-15.5649,-15.1908,-0.27881,-0.92834,-0.14404,3.8626,-1.7405,-8.4351
108508770,0.08032,-0.74463,0.55188,-9.8931,-16.0840,-15.0916,-0.27881,-0.92847,-0.14404,3.7176,-1.6870,-8.5954
108509770,0.07788,-0.75049,0.53076,-10.1908,-16.8779,-15.6260,-0.27979,-0.92908,-0.14502,3.5344,-1.6260,-8.7481
108510768,0.06360,-0.67004,0.49695,-10.9542,-17.5267,-16.1985,-0.28149,-0.92908,-0.14685,3.3435,-1.5649,-8.9389
108511771,0.05640,-0.58728,0.48901,-11.5649,-17.9618,-15.8779,-0.28223,-0.92871,-0.14734,3.1603,-1.4885,-9.1069
108512771,0.05115,-0.57983,0.50049,-11.6947,-18.4809,-14.7099,-0.28198,-0.92822,-0.14685,2.9542,-1.3893,-9.2137
108513771,0.05750,-0.65247,0.52954,-11.4504,-18.8092,-13.5115,-0.28149,-0.92725,-0.14673,2.7176,-1.2748,-9.2824
108514771,0.08398,-0.75610,0.57654,-11.5878,-19.1069,-12.9313,-0.28113,-0.92590,-0.14746,2.4656,-1.1756,-9.3664
108515770,0.09753,-0.79504,0.58911,-12.2519,-19.9924,-13.4580,-0.28064,-0.92542,-0.14807,2.2137,-1.0763,-9.4427
108516770,0.07971,-0.71423,0.51770,-12.0687,-21.4885,-14.9160,-0.27979,-0.92480,-0.14771,1.9389,-0.9695,-9.5344
108517770,0.05029,-0.57471,0.39612,-10.3206,-22.6641,-16.2137,-0.27869,-0.92371,-0.14758,1.6489,-0.8702,-9.6336
108518770,0.03113,-0.49451,0.35400,-8.0840,-22.8015,-16.3359,-0.27771,-0.92310,-0.14746,1.3969,-0.7481,-9.7252
108519770,0.03931,-0.50867,0.40198,-7.2137,-22.7252,-15.6870,-0.27612,-0.92261,-0.14673,1.1832,-0.6031,-9.8550
108520770,0.05371,-0.58679,0.41248,-7.3740,-23.3435,-15.1603,-0.27551,-0.92114,-0.14587,0.9695,-0.4427,-10.0229
108521768,0.04199,-0.68164,0.35596,-7.1679,-23.8321,-15.3893,-0.27637,-0.91907,-0.14648,0.7405,-0.2901,-10.1908
108522772,0.00684,-0.70007,0.26599,-6.5573,-23.5420,-16.5267,-0.27722,-0.91821,-0.14697,0.4885,-0.1221,-10.3359
108523771,-0.04407,-0.60254,0.14685,-6.5725,-22.7405,-17.5420,-0.27661,-0.91772,-0.14746,0.2443,0.0458,-10.5115
108524771,-0.09277,-0.47217,0.04138,-7.5191,-21.4504,-17.0458,-0.27612,-0.91711,-0.14905,0.0153,0.1985,-10.6794
108525770,-0.10181,-0.42334,0.02991,-8.4580,-19.4427,-14.9695,-0.27698,-0.91711,-0.15100,-0.2214,0.3740,-10.8626
108526770,-0.07007,-0.46521,0.08435,-8.9237,-17.4656,-12.6718,-0.27820,-0.91736,-0.15149,-0.4580,0.5573,-11.0458
108527770,-0.04700,-0.51782,0.11707,-9.2290,-16.0076,-11.2214,-0.27905,-0.91809,-0.15076,-0.7023,0.7328,-11.2519
108528767,-0.05432,-0.51526,0.12012,-9.9237,-14.5802,-10.5954,-0.27905,-0.91895,-0.15210,-0.9771,0.9084,-11.4580
108529768,-0.06348,-0.45874,0.12061,-10.9008,-12.6794,-10.0382,-0.27856,-0.92004,-0.15430,-1.2519,1.0687,-11.6641
108530768,-0.06140,-0.42334,0.14233,-11.0992,-10.4351,-8.8702,-0.27844,-0.92139,-0.15405,-1.5191,1.2519,-11.8397
108531767,-0.05042,-0.45300,0.19202,-10.5191,-8.1679,-7.5038,-0.27820,-0.92224,-0.15356,-1.8092,1.4275,-12.0076
108532767,-0.01770,-0.51599,0.27051,-9.8702,-6.0382,-6.7176,-0.27783,-0.92322,-0.15430,-2.1221,1.5954,-12.1908
108533772,0.02344,-0.56665,0.37476,-9.1679,-4.2977,-6.7863,-0.27893,-0.92419,-0.15564,-2.4198,1.7328,-12.3435
108534771,0.04688,-0.58459,0.48267,-7.9847,-3.2901,-7.3817,-0.28162,-0.92480,-0.15588,-2.7023,1.8626,-12.4504
108535771,0.06055,-0.58057,0.54993,-6.6641,-3.1832,-7.9618,-0.28418,-0.92542,-0.15613,-3.0000,1.9695,-12.5267
108536771,0.07581,-0.57983,0.55872,-5.5191,-3.8473,-8.0840,-0.28577,-0.92639,-0.15759,-3.3130,2.1145,-12.6183
108537770,0.09302,-0.59143,0.55774,-3.4351,-6.4122,-7.8550,-0.28760,-0.92761,-0.15784,-3.6412,2.2824,-12.7099
108538770,0.07642,-0.57568,0.53442,-2.6565,-8.1374,-7.6870,-0.28906,-0.92871,-0.15625,-3.9542,2.4427,-12.7863
108539771,0.05896,-0.57910,0.51794,-2.2214,-9.2366,-7.0763,-0.29028,-0.92944,-0.15491,-4.2443,2.5649,-12.8626
108540770,0.05493,-0.59644,0.53540,-2.6947,-9.4962,-6.2824,-0.29126,-0.92969,-0.15491,-4.5496,2.6489,-12.8931
108541770,0.05176,-0.60010,0.51965,-4.1832,-9.6412,-5.6336,-0.29187,-0.92969,-0.15442,-4.8702,2.7023,-12.8931
108542768,0.03809,-0.58704,0.43518,-5.7481,-9.6031,-5.1756,-0.29163,-0.93042,-0.15295,-5.1679,2.7710,-12.8931
108543766,0.01819,-0.56628,0.34729,-6.5878,-8.8702,-4.9237,-0.29150,-0.93213,-0.15210,-5.4580,2.8473,-12.9160
108544771,-0.00269,-0.53784,0.29114,-6.7710,-7.7634,-4.8168,-0.29150,-0.93445,-0.15100,-5.7176,2.9160,-12.9160
108545771,-0.02014,-0.51746,0.24744,-6.5725,-6.8397,-4.5954,-0.29175,-0.93652,-0.14990,-5.9313,2.9618,-12.9084
108546770,-0.03162,-0.51672,0.22473,-6.0687,-5.9771,-4.2901,-0.29236,-0.93799,-0.14978,-6.1145,3.0000,-12.8702
108547770,-0.03015,-0.51648,0.23535,-5.4046,-4.9618,-4.1145,-0.29272,-0.93896,-0.15088,-6.2595,3.0458,-12.8550
108548770,-0.03088,-0.49683,0.23242,-4.7634,-4.1069,-3.9924,-0.29236,-0.93982,-0.15173,-6.3969,3.0687,-12.8321
108549770,-0.05615,-0.45630,0.19568,-4.1679,-3.1145,-3.6718,-0.29163,-0.94116,-0.15259,-6.5191,3.0992,-12.7939
108550768,-0.08301,-0.41504,0.17334,-3.6336,-1.3282,-2.9313,-0.29199,-0.94250,-0.15405,-6.6412,3.1221,-12.7405
108551768,-0.08704,-0.42139,0.20142,-3.0840,1.1374,-1.4809,-0.29297,-0.94360,-0.15442,-6.7481,3.1527,-12.6565
108552768,-0.07495,-0.49805,0.26318,-2.8702,3.5038,0.3511,-0.29272,-0.94434,-0.15320,-6.8397,3.1679,-12.5802
108553768,-0.05774,-0.57520,0.31372,-3.7328,5.3435,1.6031,-0.29260,-0.94543,-0.15222,-6.9237,3.1756,-12.5344
108554766,-0.03894,-0.58215,0.35083,-5.3969,6.9313,2.0840,-0.29370,-0.94617,-0.15234,-6.9618,3.1985,-12.5267
108555769,-0.01929,-0.54724,0.40967,-6.6336,8.5878,2.5802,-0.29419,-0.94641,-0.15234,-6.9771,3.2366,-12.4962
108556772,-0.00232,-0.53625,0.48718,-7.0229,9.9389,3.5420,-0.29285,-0.94714,-0.15210,-6.9771,3.2748,-12.4580
108557771,0.01575,-0.57678,0.57068,-7.0611,10.9542,4.7176,-0.29089,-0.94800,-0.15173,-7.0000,3.3053,-12.4275
108558771,0.04761,-0.65710,0.66907,-7.0153,11.7481,5.6336,-0.29016,-0.94861,-0.15198,-7.0153,3.3282,-12.4122
108559770,0.09094,-0.73987,0.77295,-6.7023,12.0763,5.8779,-0.29041,-0.94934,-0.15259,-6.9695,3.3511,-12.3969
108560771,0.12952,-0.76892,0.84155,-6.1679,11.5496,5.2595,-0.29065,-0.95007,-0.15259,-6.9008,3.3817,-12.3511
108561771,0.14014,-0.72314,0.85449,-5.2672,10.2214,4.2137,-0.28992,-0.95142,-0.15393,-6.8626,3.4046,-12.2824
108562770,0.13782,-0.65503,0.85767,-3.9160,8.7634,3.5496,-0.28845,-0.95288,-0.15466,-6.8092,3.4122,-12.2290
108563770,0.15576,-0.63843,0.88184,-2.6489,7.3664,3.7252,-0.28760,-0.95422,-0.15283,-6.7176,3.4275,-12.1985
108564770,0.17957,-0.70081,0.90723,-1.8931,5.6031,4.3282,-0.28687,-0.95593,-0.15112,-6.6031,3.4504,-12.1450
108565770,0.18933,-0.79346,0.87952,-1.7557,3.4275,4.4504,-0.28577,-0.95813,-0.15088,-6.4733,3.4885,-12.0763
108566770,0.17676,-0.83728,0.79614,-1.9237,1.6183,3.7023,-0.28528,-0.96057,-0.15137,-6.3282,3.5649,-12.0000
108567770,0.15417,-0.79700,0.71814,-2.2672,0.8473,2.6336,-0.28442,-0.96326,-0.15161,-6.1832,3.6641,-11.9160
108568770,0.13049,-0.69226,0.65125,-3.0687,0.6412,2.0000,-0.28320,-0.96533,-0.15173,-6.0382,3.7481,-11.8321
108569768,0.10828,-0.60803,0.58276,-3.6947,0.6947,2.3435,-0.28137,-0.96692,-0.15283,-5.8626,3.7939,-11.7557
108570772,0.10693,-0.61389,0.52808,-3.6412,1.1756,3.3282,-0.27954,-0.96814,-0.15320,-5.6489,3.8244,-11.6870
108571771,0.11511,-0.67847,0.50317,-3.2977,1.8702,4.0534,-0.27832,-0.96899,-0.15295,-5.4504,3.8473,-11.6107
108572771,0.11365,-0.71057,0.47815,-3.8397,2.3664,4.0305,-0.27710,-0.96960,-0.15405,-5.2519,3.8702,-11.4656
108573771,0.11316,-0.68298,0.44299,-5.0076,2.8397,3.9313,-0.27563,-0.97009,-0.15515,-5.0458,3.9084,-11.3282
108574770,0.10767,-0.64124,0.43677,-5.8092,3.5344,4.3435,-0.27380,-0.97021,-0.15515,-4.8092,3.9466,-11.1832
108575770,0.09045,-0.61218,0.45911,-6.0000,4.3893,5.1145,-0.27209,-0.97021,-0.15576,-4.5420,3.9847,-11.0305
108576770,0.08667,-0.59778,0.49194,-6.1985,5.5573,5.9389,-0.27087,-0.97046,-0.15601,-4.2824,4.0305,-10.8931
108577770,0.10278,-0.58911,0.57117,-6.7863,7.2824,6.6412,-0.27014,-0.97156,-0.15527,-4.0229,4.0840,-10.7786
108578770,0.13000,-0.58105,0.72327,-7.2137,9.0992,7.1450,-0.26965,-0.97363,-0.15466,-3.7328,4.1221,-10.6794
108579771,0.15747,-0.58801,0.81665,-7.1298,9.4962,7.5344,-0.26868,-0.97571,-0.15393,-3.4275,4.1603,-10.5725
108580771,0.17395,-0.63770,0.80786,-6.4656,8.8244,7.9542,-0.26624,-0.97656,-0.15063,-2.8015,4.3206,-10.3817
